D,1,parada,0.47,0.94,6.8,0.0079,1.105,25,20,16,0,0.6000,0.0000,4.2924,0.0000,1.9180,0.0000,12.6043,0.00000,0.0000,0.000000,0.5640,0.00000,0.00000,0.07760,1,0.0295,banda<=ruido,1,56.0,1,56,0,350,1,0.017857,1.2418e-31,0.97858
D,1,parada,0.47,0.94,6.8,0.0079,1.105,25,20,16,0,0.6136,0.0000,4.3829,0.0000,1.9313,0.0000,12.4229,0.00000,0.0000,0.000000,0.5640,0.00000,0.00000,0.07593,1,0.0295,banda<=ruido,1,56.0,1,56,0,350,1,0.017857,1.2418e-31,0.97858
D,1,parada,0.47,0.94,6.8,0.0079,1.105,25,20,16,0,0.6271,0.0000,4.3218,0.0000,1.9849,0.0000,12.2125,0.00000,0.0000,0.000000,0.5640,0.00000,0.00000,0.07833,1,0.0295,banda<=ruido,1,56.0,1,56,0,350,1,0.017857,1.2418e-31,0.97858
D,1,parada,0.47,0.94,6.8,0.0079,1.105,25,20,16,0,0.6407,0.0000,4.2525,0.0000,1.9628,0.0000,12.0986,0.00000,0.0000,0.000000,0.5640,0.00000,0.00000,0.07662,1,0.0295,banda<=ruido,1,56.0,1,56,0,350,1,0.017857,1.2418e-31,0.97858
D,1,parada,0.47,0.94,6.8,0.0079,1.105,25,20,16,0,0.6542,0.0000,4.3978,0.0000,1.9819,0.0000,11.9788,0.00000,0.0000,0.000000,0.5640,0.00000,0.00000,0.07761,1,0.0295,banda<=ruido,1,56.0,1,56,0,350,1,0.017857,1.2418e-31,0.97858
D,1,parada,0.47,0.94,6.8,0.0079,1.105,25,20,16,0,0.6678,0.0000,4.3059,0.0000,1.9895,0.0000,11.8252,0.00000,0.0000,0.000000,0.5640,0.00000,0.00000,0.07792,1,0.0295,banda<=ruido,1,56.0,1,56,0,350,1,0.017857,1.2418e-31,0.97858
D,1,parada,0.47,0.94,6.8,0.0079,1.105,25,20,16,0,0.6814,0.0000,4.3665,0.0000,1.9664,0.0000,11.6489,0.00000,0.0000,0.000000,0.5640,0.00000,0.00000,0.07825,1,0.0295,banda<=ruido,1,59.0,1,59,0,350,1,0.016949,1.2418e-31,0.97858
D,1,parada,0.47,0.94,6.8,0.0079,1.105,25,20,16,0,0.6949,0.0000,4.2945,0.0000,1.9737,0.0000,11.4887,0.00000,0.0000,0.000000,0.5640,0.00000,0.00000,0.07787,1,0.0295,banda<=ruido,1,103.0,1,103,0,600,1,0.009709,1.2418e-31,0.97858
D,1,parada,0.47,0.94,6.8,0.0079,1.105,25,20,16,0,0.7085,0.9007,4.3645,0.0000,1.9819,4.1459,25.2601,16.34177,0.3173,0.001889,0.3160,0.00334,0.00334,0.07682,95,0.0710,banda<=ruido,0,31.0,1,31,0,400,1,0.032258,2.8222e-7,0.97329
D,1,parada,0.47,0.94,6.8,0.0079,1.105,25,20,16,0,0.7220,0.9007,4.3155,0.0000,1.9895,4.1477,24.8270,23.82922,0.3786,0.002074,0.3015,0.00297,0.00297,0.07797,98,0.0819,banda<=ruido,0,29.0,1,29,0,400,1,0.034483,7.7085e-7,0.98450
D,1,parada,0.47,0.94,6.8,0.0079,1.105,25,20,16,0,0.7356,0.9659,4.3692,0.0000,1.9972,4.2052,24.4598,38.77360,0.4173,0.001663,0.2869,0.00274,0.00274,0.07785,92,0.0944,banda<=ruido,0,28.0,1,28,0,400,1,0.035714,1.0426e-7,0.95927
D,1,parada,0.47,0.94,6.8,0.0079,1.105,25,20,16,0,0.7492,0.9992,4.3179,0.0000,1.9909,4.1363,24.0071,33.24454,0.4543,0.001802,0.2751,0.00223,0.00223,0.07726,81,0.1062,banda<=ruido,0,28.0,1,28,0,450,1,0.035714,7.0714e-8,0.98005
D,1,parada,0.47,0.94,6.8,0.0079,1.105,25,20,16,0,0.7627,0.7219,4.3592,0.0000,1.9821,4.0574,23.4367,46.38376,0.4942,0.001678,0.2650,0.00229,0.00229,0.07712,87,0.1136,banda<=ruido,0,28.0,1,28,0,450,1,0.035714,2.5935e-7,0.99233
D,1,parada,0.47,0.94,6.8,0.0079,1.105,25,20,16,0,0.7763,0.6303,4.3095,0.0000,1.9688,4.0150,22.9269,52.52410,0.5151,0.001562,0.2550,0.00274,0.00274,0.07863,90,0.1224,banda<=ruido,0,28.0,1,28,0,500,1,0.035714,3.0830e-7,0.98485
D,1,parada,0.47,0.94,6.8,0.0079,1.105,25,20,16,0,0.7898,0.9928,4.3559,0.0000,1.9371,4.0394,22.2334,51.19234,0.5461,0.001771,0.2484,0.00318,0.00318,0.07797,94,0.1303,banda<=ruido,0,30.0,1,30,0,550,1,0.033333,6.0033e-7,0.98683
D,1,parada,0.47,0.94,6.8,0.0079,1.105,25,20,16,0,0.8034,0.8113,4.3475,0.0000,1.9651,3.7640,21.4989,45.54214,0.5557,0.001931,0.2425,0.00357,0.00357,0.07734,83,0.1369,banda<=ruido,0,36.0,1,36,0,550,1,0.027778,3.6832e-7,0.99377
D,1,parada,0.47,0.94,6.8,0.0079,1.105,25,20,16,0,0.8169,0.9413,4.2680,0.0000,1.9547,4.4220,20.2819,53.07748,0.5682,0.001712,0.2426,0.00156,0.00156,0.07731,94,0.1364,banda<=ruido,0,41.0,1,41,0,500,1,0.024390,9.6784e-8,0.98440
D,1,parada,0.47,0.94,6.8,0.0079,1.105,25,20,16,0,0.8305,0.9341,4.3571,0.0000,1.9627,4.2562,18.9765,45.78249,0.5476,0.001780,0.2441,0.00219,0.00219,0.07761,91,0.1339,banda<=ruido,0,39.0,1,39,0,450,1,0.025641,1.1279e-7,0.97016
D,1,parada,0.47,0.94,6.8,0.0079,1.105,25,20,16,0,0.8441,0.9928,4.3639,0.0000,1.9835,4.2719,17.4420,49.18288,0.5452,0.001647,0.2492,0.00232,0.00232,0.07760,93,0.1301,banda<=ruido,0,38.0,1,38,0,350,1,0.026316,1.1644e-7,0.98657
D,1,parada,0.47,0.94,6.8,0.0079,1.105,25,20,16,0,0.8576,0.9992,4.3288,0.0000,1.9835,4.3594,16.0465,39.18464,0.5273,0.001756,0.2523,0.00179,0.00179,0.07691,89,0.1274,banda<=ruido,0,38.0,1,38,0,350,1,0.026316,2.1058e-7,0.97758
D,1,parada,0.47,0.94,6.8,0.0079,1.105,25,20,16,0,0.8712,0.8113,4.3433,0.0000,1.9836,4.1054,14.5710,42.28815,0.5226,0.001686,0.2568,0.00260,0.00260,0.07692,92,0.1223,banda<=ruido,0,39.0,1,39,0,300,1,0.025641,5.4102e-7,1.00004
D,1,parada,0.47,0.94,6.8,0.0079,1.105,25,20,16,0,0.8847,0.8709,4.3384,0.0000,1.9988,4.0320,13.1697,36.07569,0.5121,0.001892,0.2608,0.00273,0.00273,0.07843,91,0.1201,banda<=ruido,0,39.0,1,39,0,300,1,0.025641,2.7316e-7,0.95712
D,1,parada,0.47,0.94,6.8,0.0079,1.105,25,20,16,0,0.8983,0.9992,4.3369,0.0000,1.9980,4.3667,11.8591,27.62333,0.4938,0.001835,0.2635,0.00140,0.00140,0.07828,79,0.1162,banda<=ruido,0,40.0,1,40,0,300,1,0.025000,1.2345e-7,0.98892
D,1,parada,0.47,0.94,6.8,0.0079,1.105,25,20,16,0,0.9119,0.7049,4.2175,0.0000,1.8992,4.0804,10.5344,29.95331,0.4805,0.001636,0.2666,0.00172,0.00172,0.07770,75,0.1129,banda<=ruido,0,41.0,1,41,0,300,1,0.024390,1.5370e-7,0.99357
D,1,parada,0.47,0.94,6.8,0.0079,1.105,25,20,16,0,0.9254,0.9544,4.3671,0.0000,1.9517,4.0861,9.1206,23.02157,0.4814,0.001943,0.2716,0.00297,0.00297,0.07769,90,0.1101,banda<=ruido,0,42.0,1,42,0,300,1,0.023810,1.4774e-7,0.98976
D,1,parada,0.47,0.94,6.8,0.0079,1.105,25,20,16,0,0.9390,0.9928,4.3813,0.0000,1.9821,4.4331,7.9389,25.16824,0.4564,0.001797,0.2730,0.00287,0.00287,0.07825,95,0.1071,banda<=ruido,0,44.0,1,44,0,300,1,0.022727,6.0221e-7,0.98846
D,1,parada,0.47,0.94,6.8,0.0079,1.105,25,20,16,0,0.9525,0.9837,4.3465,0.0000,1.9900,4.1233,6.5720,27.94604,0.4574,0.001508,0.2771,0.00281,0.00281,0.07845,87,0.1024,banda<=ruido,0,45.0,1,45,0,300,1,0.022222,1.7777e-7,0.96871
D,1,parada,0.47,0.94,6.8,0.0079,1.105,25,20,16,0,0.9661,0.9950,4.2776,0.0000,1.9703,4.3589,5.3893,18.17320,0.4382,0.001824,0.2792,0.00250,0.00250,0.07649,90,0.1014,banda<=ruido,0,47.0,1,47,0,300,1,0.021277,4.5291e-7,0.98840
D,1,parada,0.47,0.94,6.8,0.0079,1.105,25,20,16,0,0.9797,0.8912,4.2353,0.0000,1.9733,4.3299,4.1227,16.67611,0.4321,0.001769,0.2829,0.00288,0.00288,0.07748,95,0.0989,banda<=ruido,0,49.0,1,49,0,300,1,0.020408,2.1664e-7,0.98711
D,1,parada,0.47,0.94,6.8,0.0079,1.105,25,20,16,0,0.9932,0.9183,4.2789,0.4138,1.9787,4.3119,2.8911,15.73573,0.4242,0.001923,0.2857,0.00324,0.00324,0.07849,99,0.0954,banda<=ruido,0,51.0,1,51,0,350,1,0.019608,2.2753e-7,0.96904
D,1,parada,0.47,0.94,6.8,0.0079,1.105,25,20,16,0,1.0068,0.9604,4.3702,0.0000,1.9924,4.3717,1.7184,15.78340,0.4114,0.001862,0.2883,0.00193,0.00193,0.07794,88,0.0937,banda<=ruido,0,54.0,1,54,0,350,1,0.018519,3.2020e-7,0.97292
D,1,parada,0.47,0.94,6.8,0.0079,1.105,25,20,16,0,1.0203,0.9871,4.3255,0.0000,1.9565,4.1938,0.5173,13.37898,0.4045,0.001858,0.2911,0.00106,0.00106,0.07558,65,0.0910,banda<=ruido,0,56.0,1,56,0,350,1,0.017857,5.1739e-8,0.95951
D,1,parada,0.47,0.94,6.8,0.0079,1.105,25,20,16,0,1.0339,0.9902,4.3684,0.0000,1.9821,4.2837,0.7145,12.55710,0.4037,0.001815,0.2947,0.00486,0.00486,0.07811,107,0.0890,banda<=ruido,0,60.0,1,60,0,350,1,0.016667,1.1846e-6,0.97966
D,1,parada,0.47,0.94,6.8,0.0079,1.105,25,20,16,0,1.0475,0.9992,4.3248,0.0000,1.9552,4.2241,1.8702,12.03365,0.3956,0.001741,0.2975,0.00205,0.00205,0.07789,83,0.0860,banda<=ruido,0,63.0,1,63,0,350,1,0.015873,2.1052e-7,0.99450
D,1,parada,0.47,0.94,6.8,0.0079,1.105,25,20,16,0,1.0610,0.9183,4.3265,0.0000,1.9747,4.1337,2.9532,11.43481,0.3806,0.001708,0.2994,0.00303,0.00303,0.07721,93,0.0855,banda<=ruido,0,67.0,1,67,0,350,1,0.014925,2.9991e-7,0.99419
D,1,parada,0.47,0.94,6.8,0.0079,1.105,25,20,16,0,1.0746,0.9264,4.2826,0.0000,1.9835,4.2609,4.1240,12.94079,0.3786,0.001750,0.3028,0.00496,0.00496,0.07870,101,0.0835,banda<=ruido,0,72.0,1,72,0,400,1,0.013889,9.6804e-7,0.99731
D,1,parada,0.47,0.94,6.8,0.0079,1.105,25,20,16,0,1.0881,0.9097,4.3316,0.0000,1.9765,4.1349,5.2374,8.87232,0.3714,0.001816,0.3049,0.00099,0.00099,0.07854,63,0.0800,banda<=ruido,0,77.0,1,77,0,400,1,0.012987,3.7707e-8,0.92054
D,1,parada,0.47,0.94,6.8,0.0079,1.105,25,20,16,0,1.1017,0.9183,4.3147,0.4420,1.9428,4.3168,6.3385,11.50779,0.3647,0.001764,0.3074,0.00363,0.00363,0.07579,97,0.0781,banda<=ruido,0,83.0,1,83,0,400,1,0.012048,6.0326e-7,0.99029
D,1,parada,0.47,0.94,6.8,0.0079,1.105,25,20,16,0,1.1153,0.9998,4.3411,0.0000,1.9832,4.2382,7.3554,9.06762,0.3492,0.001655,0.3087,0.00293,0.00293,0.07730,96,0.0762,banda<=ruido,0,90.0,1,90,0,400,1,0.011111,7.2060e-7,0.97915
D,1,parada,0.47,0.94,6.8,0.0079,1.105,25,20,16,0,1.1288,0.8366,4.3396,0.0000,1.9835,4.1575,8.4234,7.65657,0.3419,0.001817,0.3107,0.00268,0.00268,0.07761,87,0.0736,banda<=ruido,0,99.0,1,99,0,400,1,0.010101,4.4472e-7,0.95995
D,1,parada,0.47,0.94,6.8,0.0079,1.105,25,20,16,0,1.1424,0.9950,4.3751,0.0000,1.9926,4.1505,9.5102,7.40766,0.3388,0.001730,0.3133,0.00329,0.00329,0.07789,92,0.0724,banda<=ruido,0,108.0,1,108,0,450,1,0.009259,6.0739e-7,0.99923
D,1,parada,0.47,0.94,6.8,0.0079,1.105,25,20,16,0,1.1559,0.9481,4.3113,0.0000,1.9964,4.3312,10.5124,6.58823,0.3267,0.001720,0.3149,0.00342,0.00342,0.07829,100,0.0708,banda<=ruido,0,120.0,1,120,0,450,1,0.008333,2.3893e-7,0.97265
D,1,parada,0.47,0.94,6.8,0.0079,1.105,25,20,16,0,1.1695,0.9604,4.3843,0.0000,1.9922,4.3126,11.5329,5.16120,0.3186,0.001911,0.3170,0.00335,0.00335,0.07768,102,0.0694,banda<=ruido,0,137.0,1,137,0,400,1,0.007299,5.9313e-7,0.97503
D,1,parada,0.47,0.94,6.8,0.0079,1.105,25,20,16,0,1.1831,0.8600,4.3299,0.0000,1.9527,4.2401,12.6459,5.64067,0.3236,0.001795,0.3205,0.00287,0.00287,0.07838,93,0.0670,banda<=ruido,0,156.0,1,156,0,400,1,0.006410,4.1167e-7,0.98237
D,1,parada,0.47,0.94,6.8,0.0079,1.105,25,20,16,0,1.1966,0.9097,4.3483,0.0000,1.9783,4.3254,13.6014,5.39980,0.3104,0.001708,0.3215,0.00330,0.00330,0.07849,96,0.0654,banda<=ruido,0,185.0,1,185,0,250,1,0.005405,7.0715e-7,0.98019
D,1,parada,0.47,0.94,6.8,0.0079,1.105,25,20,16,0,1.2102,0.9982,4.3214,0.0000,1.9872,4.3218,14.6697,4.84724,0.3135,0.001762,0.3247,0.00317,0.00317,0.07713,98,0.0644,banda<=ruido,0,195.0,1,195,0,250,1,0.005128,6.6610e-7,0.99196
D,1,parada,0.47,0.94,6.8,0.0079,1.105,25,20,16,0,1.2237,0.9837,4.2826,0.0000,1.9960,4.1482,15.5773,4.76380,0.2985,0.001846,0.3254,0.00351,0.00351,0.07780,99,0.0639,banda<=ruido,0,218.0,1,218,0,350,1,0.004587,4.5766e-7,0.99149
D,1,parada,0.47,0.94,6.8,0.0079,1.105,25,20,16,0,1.2373,0.9604,4.3984,0.9710,1.9980,4.3571,16.5867,5.43819,0.2987,0.001661,0.3277,0.00454,0.00454,0.07786,99,0.0620,banda<=ruido,0,253.0,1,253,0,450,1,0.003953,1.1015e-6,0.99447
D,1,parada,0.47,0.94,6.8,0.0079,1.105,25,20,16,0,1.2508,0.8813,4.3395,0.0000,1.9690,4.2441,17.5270,4.07507,0.2947,0.001903,0.3293,0.00388,0.00388,0.07802,104,0.0617,banda<=ruido,0,296.0,1,296,0,550,1,0.003378,1.3922e-6,0.99509
D,1,parada,0.47,0.94,6.8,0.0079,1.105,25,20,16,0,1.2644,0.9659,4.3760,0.0000,1.9909,4.2045,18.3767,3.78741,0.2890,0.001859,0.3291,0.00249,0.00249,0.07875,89,0.0604,banda<=ruido,0,328.0,1,328,0,600,1,0.003049,4.3368e-7,0.98335
D,1,parada,0.47,0.94,6.8,0.0079,1.105,25,20,16,0,1.2780,0.9544,4.3169,0.8600,1.9853,4.1820,19.1840,5.19830,0.2945,0.001705,0.3282,0.00400,0.00400,0.07850,100,0.0600,banda<=ruido,0,318.0,1,318,0,550,1,0.003145,1.0381e-6,0.97536
D,1,parada,0.47,0.94,6.8,0.0079,1.105,25,20,16,0,1.2915,0.8366,4.3716,0.5886,1.9914,4.2064,19.9077,4.14097,0.3044,0.001792,0.3263,0.00339,0.00339,0.07710,97,0.0635,banda<=ruido,0,289.0,1,289,0,450,1,0.003460,6.2563e-7,0.97778
D,1,parada,0.47,0.94,6.8,0.0079,1.105,25,20,16,0,1.3051,0.6873,4.3443,0.0000,1.9798,3.9708,20.5098,4.72138,0.3079,0.001686,0.3224,0.00289,0.00289,0.07740,84,0.0671,banda<=ruido,0,266.0,1,266,0,350,1,0.003759,3.0648e-7,0.96852
D,1,parada,0.47,0.94,6.8,0.0079,1.105,25,20,16,0,1.3186,0.9928,4.3642,0.6690,1.9816,4.2458,0.6991,86.71123,0.9151,0.001767,0.1112,0.00125,0.00125,0.07721,74,0.2738,banda<=ruido,0,56.0,1,56,0,350,1,0.017857,7.7177e-8,0.97948
D,1,parada,0.47,0.94,6.8,0.0079,1.105,25,20,16,0,1.3322,1.0000,4.2538,0.0000,1.9828,4.2955,0.8301,77.91499,0.8962,0.001746,0.1073,0.00116,0.00116,0.07800,77,0.2774,banda<=ruido,0,56.0,1,56,0,350,1,0.017857,1.8232e-8,0.96410
D,1,parada,0.47,0.94,6.8,0.0079,1.105,25,20,16,0,1.3458,0.6500,4.3623,0.0000,1.9845,4.0982,0.9227,86.77130,0.8847,0.001668,0.1035,0.00094,0.00094,0.07773,58,0.2812,banda<=ruido,0,56.0,1,56,0,350,1,0.017857,4.4555e-8,0.93273
D,1,parada,0.47,0.94,6.8,0.0079,1.105,25,20,16,0,1.3593,0.9097,4.3577,0.0000,1.9657,4.2263,1.1128,76.80894,0.8609,0.001640,0.1004,0.00070,0.00070,0.07782,47,0.2854,banda<=ruido,0,56.0,1,56,0,350,1,0.017857,1.6604e-8,0.97447
D,1,parada,0.47,0.94,6.8,0.0079,1.105,25,20,16,0,1.3729,0.6098,4.3409,0.0000,1.9929,3.9676,1.2594,80.39951,0.8426,0.001619,0.0972,0.00067,0.00067,0.07768,44,0.2894,banda<=ruido,0,56.0,1,56,0,350,1,0.017857,1.7665e-8,0.94180
D,1,parada,0.47,0.94,6.8,0.0079,1.105,25,20,16,0,1.3864,0.7838,4.3320,0.0000,1.9874,4.0352,1.4554,74.76076,0.8181,0.001725,0.0943,0.00097,0.00097,0.07799,63,0.2923,banda<=ruido,0,56.0,1,56,0,350,1,0.017857,7.0195e-8,0.98449
D,1,parada,0.47,0.94,6.8,0.0079,1.105,25,20,16,0,1.4000,0.9756,4.3036,0.0000,1.9778,4.3545,1.4885,78.88067,0.8139,0.001602,0.0909,0.00090,0.00090,0.07806,66,0.2962,banda<=ruido,0,56.0,1,56,0,350,1,0.017857,4.6899e-8,1.00037
D,8,parada,0.47,0.94,6.8,0.0079,1.105,25,20,16,0,0.6000,0.0000,4.3879,0.0000,1.9865,0.0000,12.6452,0.00000,0.0000,0.000000,0.5640,0.00000,0.00000,0.07772,1,0.0295,banda<=ruido,1,56.0,1,56,0,350,1,0.017857,1.2418e-31,0.97858
D,8,parada,0.47,0.94,6.8,0.0079,1.105,25,20,16,0,0.6136,0.0000,4.3915,0.0000,1.9906,0.0000,12.4425,0.00000,0.0000,0.000000,0.5640,0.00000,0.00000,0.07772,1,0.0295,banda<=ruido,1,56.0,1,56,0,350,1,0.017857,1.2418e-31,0.97858
D,8,parada,0.47,0.94,6.8,0.0079,1.105,25,20,16,0,0.6271,0.0000,4.3460,0.0000,1.9776,0.0000,12.2608,0.00000,0.0000,0.000000,0.5640,0.00000,0.00000,0.07865,1,0.0295,banda<=ruido,1,56.0,1,56,0,350,1,0.017857,1.2418e-31,0.97858
D,8,parada,0.47,0.94,6.8,0.0079,1.105,25,20,16,0,0.6407,0.0000,4.3438,0.0000,1.9853,0.0000,12.0525,0.00000,0.0000,0.000000,0.5640,0.00000,0.00000,0.07733,1,0.0295,banda<=ruido,1,56.0,1,56,0,350,1,0.017857,1.2418e-31,0.97858
D,8,parada,0.47,0.94,6.8,0.0079,1.105,25,20,16,0,0.6542,0.0000,4.2579,0.0000,1.9807,0.0000,11.9562,0.00000,0.0000,0.000000,0.5640,0.00000,0.00000,0.07685,1,0.0295,banda<=ruido,1,56.0,1,56,0,350,1,0.017857,1.2418e-31,0.97858
D,8,parada,0.47,0.94,6.8,0.0079,1.105,25,20,16,0,0.6678,0.0000,4.3857,0.0000,1.9619,0.0000,11.8137,0.00000,0.0000,0.000000,0.5640,0.00000,0.00000,0.07568,1,0.0295,banda<=ruido,1,56.0,1,56,0,350,1,0.017857,1.2418e-31,0.97858
D,8,parada,0.47,0.94,6.8,0.0079,1.105,25,20,16,0,0.6814,0.0000,4.3553,0.0000,1.9674,0.0000,11.5959,0.00000,0.0000,0.000000,0.5640,0.00000,0.00000,0.07694,1,0.0295,banda<=ruido,1,59.0,1,59,0,350,1,0.016949,1.2418e-31,0.97858
D,8,parada,0.47,0.94,6.8,0.0079,1.105,25,20,16,0,0.6949,0.0000,4.2842,0.0000,1.9836,0.0000,11.4754,0.00000,0.0000,0.000000,0.5640,0.00000,0.00000,0.07891,1,0.0295,banda<=ruido,1,103.0,1,103,0,600,1,0.009709,1.2418e-31,0.97858
D,8,parada,0.47,0.94,6.8,0.0079,1.105,25,20,16,0,0.7085,0.8113,4.3589,0.0000,1.9930,4.0786,25.1619,18.57823,0.3296,0.001828,0.3174,0.00265,0.00265,0.07829,90,0.0705,banda<=ruido,0,31.0,1,31,0,400,1,0.032258,3.5437e-7,0.97311
D,8,parada,0.47,0.94,6.8,0.0079,1.105,25,20,16,0,0.7220,0.9968,4.2763,0.0000,1.9903,4.2696,24.8727,26.96316,0.3728,0.001571,0.3005,0.00292,0.00292,0.07752,99,0.0831,banda<=ruido,0,29.0,1,29,0,400,1,0.034483,3.6142e-7,0.99180
D,8,parada,0.47,0.94,6.8,0.0079,1.105,25,20,16,0,0.7356,0.9998,4.3005,0.0000,1.9810,4.1911,24.4342,33.71122,0.4205,0.001784,0.2876,0.00323,0.00323,0.07779,99,0.0956,banda<=ruido,0,28.0,1,28,0,400,1,0.035714,3.7566e-7,0.97919
D,8,parada,0.47,0.94,6.8,0.0079,1.105,25,20,16,0,0.7492,0.9183,4.2922,0.0000,1.9651,4.3161,23.9430,41.25083,0.4623,0.001602,0.2758,0.00380,0.00380,0.07785,101,0.1038,banda<=ruido,0,28.0,1,28,0,450,1,0.035714,1.1582e-6,0.99371
D,8,parada,0.47,0.94,6.8,0.0079,1.105,25,20,16,0,0.7627,0.8113,4.3468,0.0000,1.9547,4.2402,23.4419,43.58000,0.4935,0.001678,0.2650,0.00189,0.00189,0.07795,87,0.1144,banda<=ruido,0,28.0,1,28,0,450,1,0.035714,2.0621e-7,0.99756
D,8,parada,0.47,0.94,6.8,0.0079,1.105,25,20,16,0,0.7763,0.9481,4.3668,0.0000,1.9984,4.1675,22.8039,49.43315,0.5305,0.001707,0.2570,0.00211,0.00211,0.07633,91,0.1227,banda<=ruido,0,28.0,1,28,0,500,1,0.035714,2.6860e-7,1.00031
D,8,parada,0.47,0.94,6.8,0.0079,1.105,25,20,16,0,0.7898,0.9710,4.3594,0.0000,1.9890,4.3736,22.2938,48.63705,0.5385,0.001778,0.2476,0.00282,0.00282,0.07821,96,0.1310,banda<=ruido,0,30.0,1,30,0,550,1,0.033333,3.8980e-7,0.98947
D,8,parada,0.47,0.94,6.8,0.0079,1.105,25,20,16,0,0.8034,0.9902,4.3337,0.0000,1.9936,4.2253,21.4203,47.13752,0.5655,0.001918,0.2432,0.00144,0.00144,0.07851,77,0.1357,banda<=ruido,0,36.0,1,36,0,550,1,0.027778,2.0540e-7,0.99163
D,8,parada,0.47,0.94,6.8,0.0079,1.105,25,20,16,0,0.8169,0.9871,4.3026,0.0000,1.9692,4.1316,20.2300,82.79556,0.5747,0.001738,0.2431,0.00176,0.00176,0.07776,80,0.1358,banda<=ruido,0,41.0,1,41,0,500,1,0.024390,1.2542e-7,0.94252
D,8,parada,0.47,0.94,6.8,0.0079,1.105,25,20,16,0,0.8305,0.9902,4.2783,0.0000,1.9856,4.2717,18.8740,48.68002,0.5605,0.001750,0.2454,0.00161,0.00161,0.07606,83,0.1329,banda<=ruido,0,39.0,1,39,0,450,1,0.025641,1.3899e-7,0.98315
D,8,parada,0.47,0.94,6.8,0.0079,1.105,25,20,16,0,0.8441,0.9097,4.3909,0.0000,1.9947,4.2337,17.5200,44.79319,0.5354,0.001764,0.2480,0.00341,0.00341,0.07857,92,0.1301,banda<=ruido,0,38.0,1,38,0,350,1,0.026316,7.4659e-7,0.98621
D,8,parada,0.47,0.94,6.8,0.0079,1.105,25,20,16,0,0.8576,0.9992,4.2622,0.0000,1.9765,4.3486,16.0094,44.16141,0.5319,0.001709,0.2528,0.00245,0.00245,0.07846,93,0.1265,banda<=ruido,0,38.0,1,38,0,350,1,0.026316,4.5419e-7,0.99995
D,8,parada,0.47,0.94,6.8,0.0079,1.105,25,20,16,0,0.8712,0.9837,4.2430,0.0000,1.9996,4.3157,14.5387,39.40512,0.5266,0.001828,0.2572,0.00246,0.00246,0.07847,95,0.1227,banda<=ruido,0,39.0,1,39,0,300,1,0.025641,3.8979e-7,0.97434
D,8,parada,0.47,0.94,6.8,0.0079,1.105,25,20,16,0,0.8847,0.9871,4.2824,0.2499,1.9553,4.4248,13.1119,40.97452,0.5193,0.001701,0.2613,0.00220,0.00220,0.07738,92,0.1176,banda<=ruido,0,39.0,1,39,0,300,1,0.025641,3.7445e-7,0.99162
D,8,parada,0.47,0.94,6.8,0.0079,1.105,25,20,16,0,0.8983,0.9982,4.3003,0.0000,1.9807,3.9385,11.8183,33.15397,0.4989,0.001740,0.2642,0.00348,0.00348,0.07707,89,0.1163,banda<=ruido,0,40.0,1,40,0,300,1,0.025000,2.4942e-7,0.95135
D,8,parada,0.47,0.94,6.8,0.0079,1.105,25,20,16,0,0.9119,0.9604,4.3416,0.0000,1.9840,4.1524,10.4683,35.55044,0.4887,0.001567,0.2674,0.00314,0.00314,0.07641,96,0.1129,banda<=ruido,0,41.0,1,41,0,300,1,0.024390,4.0676e-7,0.97037
D,8,parada,0.47,0.94,6.8,0.0079,1.105,25,20,16,0,0.9254,0.8366,4.2585,0.0000,1.9805,4.0565,9.2084,25.23888,0.4705,0.001754,0.2702,0.00287,0.00287,0.07810,88,0.1104,banda<=ruido,0,42.0,1,42,0,300,1,0.023810,1.8956e-7,0.98734
D,8,parada,0.47,0.94,6.8,0.0079,1.105,25,20,16,0,0.9390,0.9982,4.3587,0.0000,1.9691,4.2007,7.8609,22.45701,0.4662,0.001834,0.2740,0.00274,0.00274,0.07845,91,0.1070,banda<=ruido,0,44.0,1,44,0,300,1,0.022727,3.2965e-7,0.94913
D,8,parada,0.47,0.94,6.8,0.0079,1.105,25,20,16,0,0.9525,0.9992,4.3186,0.0000,1.9839,4.3744,6.5790,21.94051,0.4566,0.001823,0.2773,0.00244,0.00244,0.07762,84,0.1038,banda<=ruido,0,45.0,1,45,0,300,1,0.022222,4.9803e-7,1.00025
D,8,parada,0.47,0.94,6.8,0.0079,1.105,25,20,16,0,0.9661,0.6873,4.3305,0.0000,1.9808,3.8626,5.3397,20.99157,0.4444,0.001805,0.2799,0.00241,0.00241,0.07686,77,0.1007,banda<=ruido,0,47.0,1,47,0,300,1,0.021277,1.3180e-7,0.98906
D,8,parada,0.47,0.94,6.8,0.0079,1.105,25,20,16,0,0.9797,0.9968,4.3704,0.0000,1.9698,4.4425,4.1539,19.10078,0.4282,0.001718,0.2824,0.00202,0.00202,0.07819,95,0.0999,banda<=ruido,0,49.0,1,49,0,300,1,0.020408,3.4309e-7,0.98084
D,8,parada,0.47,0.94,6.8,0.0079,1.105,25,20,16,0,0.9932,0.9341,4.3363,0.0000,1.9657,4.2647,2.8863,20.02522,0.4248,0.001784,0.2861,0.00246,0.00246,0.07642,91,0.0969,banda<=ruido,0,51.0,1,51,0,350,1,0.019608,2.8171e-7,0.98005
D,8,parada,0.47,0.94,6.8,0.0079,1.105,25,20,16,0,1.0068,0.7540,4.3129,0.0000,1.9869,4.0961,1.6752,15.44594,0.4168,0.001780,0.2889,0.00203,0.00203,0.07832,87,0.0940,banda<=ruido,0,54.0,1,54,0,350,1,0.018519,2.4945e-7,0.98644
D,8,parada,0.47,0.94,6.8,0.0079,1.105,25,20,16,0,1.0203,0.9950,4.3455,0.0000,1.9651,4.3422,0.5090,15.70082,0.4055,0.001683,0.2912,0.00271,0.00271,0.07771,96,0.0908,banda<=ruido,0,56.0,1,56,0,350,1,0.017857,6.2969e-7,0.99995
D,8,parada,0.47,0.94,6.8,0.0079,1.105,25,20,16,0,1.0339,0.7692,4.3738,0.0000,1.9913,4.0987,0.6739,12.38252,0.3986,0.001850,0.2947,0.00438,0.00438,0.07583,94,0.0908,banda<=ruido,0,60.0,1,60,0,350,1,0.016667,1.4959e-7,0.96643
D,8,parada,0.47,0.94,6.8,0.0079,1.105,25,20,16,0,1.0475,0.7978,4.3439,0.0000,1.9900,4.1003,1.8301,11.15594,0.3906,0.002024,0.2971,0.00328,0.00328,0.07830,88,0.0878,banda<=ruido,0,63.0,1,63,0,350,1,0.015873,5.5106e-7,0.99254
D,8,parada,0.47,0.94,6.8,0.0079,1.105,25,20,16,0,1.0610,0.9998,4.3729,0.0000,1.9926,4.4189,2.9778,20.67169,0.3837,0.001817,0.2997,0.00256,0.00256,0.07815,94,0.0846,banda<=ruido,0,67.0,1,67,0,350,1,0.014925,4.7011e-7,0.98737
D,8,parada,0.47,0.94,6.8,0.0079,1.105,25,20,16,0,1.0746,0.9544,4.3456,0.0000,1.9629,4.4204,4.0841,12.94560,0.3736,0.001618,0.3017,0.00323,0.00323,0.07745,98,0.0815,banda<=ruido,0,72.0,1,72,0,400,1,0.013889,5.3273e-7,0.99745
D,8,parada,0.47,0.94,6.8,0.0079,1.105,25,20,16,0,1.0881,0.9992,4.3351,0.0000,1.9922,4.1990,5.1540,9.02702,0.3610,0.001959,0.3035,0.00197,0.00197,0.07756,84,0.0808,banda<=ruido,0,77.0,1,77,0,400,1,0.012987,2.2826e-7,0.99009
D,8,parada,0.47,0.94,6.8,0.0079,1.105,25,20,16,0,1.1017,0.9097,4.3409,0.0000,1.9675,4.0715,6.3210,9.80412,0.3625,0.001702,0.3070,0.00269,0.00269,0.07712,84,0.0784,banda<=ruido,0,83.0,1,83,0,400,1,0.012048,3.6740e-7,0.96157
D,8,parada,0.47,0.94,6.8,0.0079,1.105,25,20,16,0,1.1153,0.9992,4.2815,0.0000,1.9307,4.3920,7.3725,7.41177,0.3513,0.001852,0.3090,0.00351,0.00351,0.07797,97,0.0771,banda<=ruido,0,90.0,1,90,0,400,1,0.011111,8.4727e-7,0.99036
D,8,parada,0.47,0.94,6.8,0.0079,1.105,25,20,16,0,1.1288,0.9871,4.3316,0.0000,1.9475,4.3458,8.3977,7.54033,0.3387,0.001656,0.3102,0.00214,0.00214,0.07770,87,0.0745,banda<=ruido,0,99.0,1,99,0,400,1,0.010101,6.9212e-8,0.97748
D,8,parada,0.47,0.94,6.8,0.0079,1.105,25,20,16,0,1.1424,0.9902,4.4047,0.0000,1.9926,4.2890,9.5052,6.38577,0.3382,0.001815,0.3136,0.00199,0.00199,0.07845,84,0.0729,banda<=ruido,0,108.0,1,108,0,450,1,0.009259,3.3707e-7,0.99642
D,8,parada,0.47,0.94,6.8,0.0079,1.105,25,20,16,0,1.1559,0.9481,4.2467,0.0000,1.9771,4.0391,10.5121,5.77772,0.3267,0.001995,0.3151,0.00383,0.00383,0.07810,105,0.0719,banda<=ruido,0,120.0,1,120,0,450,1,0.008333,2.3354e-7,0.94578
D,8,parada,0.47,0.94,6.8,0.0079,1.105,25,20,16,0,1.1695,0.9481,4.3818,0.0000,1.9988,4.4000,11.5393,6.29149,0.3194,0.001752,0.3170,0.00310,0.00310,0.07703,99,0.0694,banda<=ruido,0,137.0,1,137,0,400,1,0.007299,5.1053e-7,0.98548
D,8,parada,0.47,0.94,6.8,0.0079,1.105,25,20,16,0,1.1831,0.9481,4.1612,0.0000,1.9899,4.3173,12.5717,5.46199,0.3144,0.001729,0.3192,0.00309,0.00309,0.07364,101,0.0676,banda<=ruido,0,156.0,1,156,0,400,1,0.006410,5.8875e-7,0.98698
D,8,parada,0.47,0.94,6.8,0.0079,1.105,25,20,16,0,1.1966,1.0000,4.3493,0.0000,1.9826,4.3843,13.5345,4.88467,0.3020,0.001717,0.3204,0.00204,0.00204,0.07794,88,0.0668,banda<=ruido,0,185.0,1,185,0,250,1,0.005405,3.3442e-7,0.99135
D,8,parada,0.47,0.94,6.8,0.0079,1.105,25,20,16,0,1.2102,0.9710,4.3297,0.0000,1.9906,4.3377,14.5350,5.22723,0.2967,0.001750,0.3227,0.00480,0.00480,0.07828,107,0.0657,banda<=ruido,0,195.0,1,195,0,250,1,0.005128,1.2135e-6,0.99586
D,8,parada,0.47,0.94,6.8,0.0079,1.105,25,20,16,0,1.2237,0.9604,4.3282,0.0000,1.9447,4.2890,15.5706,4.57237,0.2977,0.001672,0.3252,0.00148,0.00148,0.07832,78,0.0638,banda<=ruido,0,218.0,1,218,0,350,1,0.004587,1.4940e-7,0.97850
D,8,parada,0.47,0.94,6.8,0.0079,1.105,25,20,16,0,1.2373,0.9756,4.3361,0.9756,1.9839,4.4904,16.5659,4.40420,0.2961,0.001726,0.3274,0.00177,0.00177,0.07709,91,0.0624,banda<=ruido,0,253.0,1,253,0,450,1,0.003953,2.4673e-7,0.98446
D,8,parada,0.47,0.94,6.8,0.0079,1.105,25,20,16,0,1.2508,0.9341,4.3284,0.8242,1.9826,4.1602,17.4754,4.35028,0.2882,0.001887,0.3281,0.00311,0.00311,0.07852,92,0.0612,banda<=ruido,0,296.0,1,296,0,550,1,0.003378,6.2081e-7,0.99940
D,8,parada,0.47,0.94,6.8,0.0079,1.105,25,20,16,0,1.2644,0.9928,4.2261,0.0000,1.9620,4.2850,18.3746,3.89730,0.2887,0.001765,0.3289,0.00267,0.00267,0.07707,84,0.0600,banda<=ruido,0,328.0,1,328,0,600,1,0.003049,6.6631e-7,0.99151
D,8,parada,0.47,0.94,6.8,0.0079,1.105,25,20,16,0,1.2780,0.9659,4.3479,0.9264,1.9536,4.1778,19.1680,4.76431,0.2925,0.001791,0.3279,0.00507,0.00507,0.07778,102,0.0607,banda<=ruido,0,318.0,1,318,0,550,1,0.003145,9.4418e-7,0.97732
D,8,parada,0.47,0.94,6.8,0.0079,1.105,25,20,16,0,1.2915,0.9544,4.3216,0.0000,1.9629,4.2201,19.8507,3.14970,0.2972,0.002030,0.3254,0.00180,0.00180,0.07841,77,0.0643,banda<=ruido,0,289.0,1,289,0,450,1,0.003460,2.6981e-7,0.95996
D,8,parada,0.47,0.94,6.8,0.0079,1.105,25,20,16,0,1.3051,0.9604,4.3710,0.0000,1.9654,3.9994,20.4778,3.67580,0.3039,0.001895,0.3218,0.00417,0.00417,0.07677,89,0.0661,banda<=ruido,0,266.0,1,266,0,350,1,0.003759,3.9833e-7,0.96432
D,8,parada,0.47,0.94,6.8,0.0079,1.105,25,20,16,0,1.3186,0.9837,4.2899,0.0000,1.9762,4.2541,0.7438,87.85914,0.9095,0.001578,0.1114,0.00078,0.00078,0.07804,57,0.2732,banda<=ruido,0,56.0,1,56,0,350,1,0.017857,3.1749e-8,0.94078
D,8,parada,0.47,0.94,6.8,0.0079,1.105,25,20,16,0,1.3322,0.9992,4.3205,0.0000,1.9856,4.4090,0.8069,66.29240,0.8991,0.001969,0.1072,0.00071,0.00071,0.07884,59,0.2775,banda<=ruido,0,56.0,1,56,0,350,1,0.017857,3.3245e-8,0.99171
D,8,parada,0.47,0.94,6.8,0.0079,1.105,25,20,16,0,1.3458,0.8485,4.3701,0.0000,1.9763,4.1454,0.9796,77.28530,0.8775,0.001691,0.1038,0.00078,0.00078,0.07883,58,0.2816,banda<=ruido,0,56.0,1,56,0,350,1,0.017857,4.5676e-8,1.00227
D,8,parada,0.47,0.94,6.8,0.0079,1.105,25,20,16,0,1.3593,0.6303,4.3646,0.0000,1.9883,3.6914,1.1150,79.48691,0.8606,0.001686,0.1004,0.00061,0.00061,0.07786,37,0.2856,banda<=ruido,0,56.0,1,56,0,350,1,0.017857,1.6519e-8,0.98702
D,8,parada,0.47,0.94,6.8,0.0079,1.105,25,20,16,0,1.3729,0.9871,4.3344,0.0000,1.9733,3.9846,1.2172,80.45768,0.8478,0.001583,0.0970,0.00090,0.00090,0.07787,57,0.2896,banda<=ruido,0,56.0,1,56,0,350,1,0.017857,1.6492e-8,0.96591
D,8,parada,0.47,0.94,6.8,0.0079,1.105,25,20,16,0,1.3864,0.4949,4.3424,0.0000,1.9873,3.7784,1.3496,78.97889,0.8313,0.001613,0.0939,0.00075,0.00075,0.07792,45,0.2931,banda<=ruido,0,56.0,1,56,0,350,1,0.017857,1.5872e-8,0.94943
D,8,parada,0.47,0.94,6.8,0.0079,1.105,25,20,16,0,1.4000,0.9837,4.3344,0.0000,1.9840,4.1477,1.4917,61.33690,0.8135,0.002019,0.0908,0.00126,0.00126,0.07733,70,0.2953,banda<=ruido,0,56.0,1,56,0,350,1,0.017857,6.3855e-8,0.99503
Aprima,9,parada,0.47,0.94,6.8,0.0079,1.105,25,20,16,0,0.6000,0.0000,4.3494,0.0000,1.9527,0.0000,12.5382,0.00000,0.0000,0.000000,0.5640,0.00000,0.00000,0.07783,1,0.0295,banda<=ruido,1,56.0,1,56,0,350,1,0.017857,1.2418e-31,0.97858
Aprima,9,parada,0.47,0.94,6.8,0.0079,1.105,25,20,16,0,0.6136,0.0000,4.2965,0.0000,1.9865,0.0000,12.3782,0.00000,0.0000,0.000000,0.5640,0.00000,0.00000,0.07841,1,0.0295,banda<=ruido,1,56.0,1,56,0,350,1,0.017857,1.2418e-31,0.97858
Aprima,9,parada,0.47,0.94,6.8,0.0079,1.105,25,20,16,0,0.6271,0.0000,4.3496,0.0000,1.9939,0.0000,12.2671,0.00000,0.0000,0.000000,0.5640,0.00000,0.00000,0.07825,1,0.0295,banda<=ruido,1,56.0,1,56,0,350,1,0.017857,1.2418e-31,0.97858
Aprima,9,parada,0.47,0.94,6.8,0.0079,1.105,25,20,16,0,0.6407,0.0000,4.3179,0.0000,1.9740,0.0000,12.0869,0.00000,0.0000,0.000000,0.5640,0.00000,0.00000,0.07647,1,0.0295,banda<=ruido,1,56.0,1,56,0,350,1,0.017857,1.2418e-31,0.97858
Aprima,9,parada,0.47,0.94,6.8,0.0079,1.105,25,20,16,0,0.6542,0.0000,4.3077,0.0000,1.9595,0.0000,11.9368,0.00000,0.0000,0.000000,0.5640,0.00000,0.00000,0.07862,1,0.0295,banda<=ruido,1,56.0,1,56,0,350,1,0.017857,1.2418e-31,0.97858
Aprima,9,parada,0.47,0.94,6.8,0.0079,1.105,25,20,16,0,0.6678,0.0000,4.3144,0.0000,1.9802,0.0000,11.9059,0.00000,0.0000,0.000000,0.5640,0.00000,0.00000,0.07846,1,0.0295,banda<=ruido,1,56.0,1,56,0,350,1,0.017857,1.2418e-31,0.97858
Aprima,9,parada,0.47,0.94,6.8,0.0079,1.105,25,20,16,0,0.6814,0.0000,4.2703,0.0000,1.9940,0.0000,11.7192,0.00000,0.0000,0.000000,0.5640,0.00000,0.00000,0.07759,1,0.0295,banda<=ruido,1,59.0,1,59,0,350,1,0.016949,1.2418e-31,0.97858
Aprima,9,parada,0.47,0.94,6.8,0.0079,1.105,25,20,16,0,0.6949,0.0000,4.3823,0.0000,1.9906,0.0000,11.6312,0.00000,0.0000,0.000000,0.5640,0.00000,0.00000,0.07729,1,0.0295,banda<=ruido,1,103.0,1,103,0,600,1,0.009709,1.2418e-31,0.97858
Aprima,9,parada,0.47,0.94,6.8,0.0079,1.105,25,20,16,0,0.7085,0.9544,4.3792,0.0000,1.9932,4.4269,25.2088,16.95845,0.3237,0.001936,0.3167,0.00118,0.00118,0.07811,74,0.0708,banda<=ruido,0,31.0,1,31,0,400,1,0.032258,1.1207e-7,0.96191
Aprima,9,parada,0.47,0.94,6.8,0.0079,1.105,25,20,16,0,0.7220,0.9950,4.3404,0.0000,1.9900,4.4431,24.7999,26.46200,0.3819,0.001826,0.3021,0.00329,0.00329,0.07697,104,0.0834,banda<=ruido,0,29.0,1,29,0,400,1,0.034483,1.0274e-6,0.97909
Aprima,9,parada,0.47,0.94,6.8,0.0079,1.105,25,20,16,0,0.7356,0.9799,4.3789,0.0000,1.9939,4.3401,24.4065,66.22071,0.4240,0.001609,0.2877,0.00306,0.00306,0.07835,104,0.0937,banda<=ruido,0,28.0,1,28,0,400,1,0.035714,7.6344e-7,0.99882
Aprima,9,parada,0.47,0.94,6.8,0.0079,1.105,25,20,16,0,0.7492,0.7692,4.3220,0.0000,1.9741,4.0670,23.9489,41.90502,0.4615,0.001621,0.2756,0.00237,0.00237,0.07792,84,0.1039,banda<=ruido,0,28.0,1,28,0,450,1,0.035714,1.3092e-7,0.97908
Aprima,9,parada,0.47,0.94,6.8,0.0079,1.105,25,20,16,0,0.7627,0.7540,4.2862,0.0000,1.9235,4.1578,23.4834,42.66082,0.4884,0.001823,0.2645,0.00198,0.00198,0.07837,81,0.1155,banda<=ruido,0,28.0,1,28,0,450,1,0.035714,2.6519e-7,0.99385
Aprima,9,parada,0.47,0.94,6.8,0.0079,1.105,25,20,16,0,0.7763,0.9756,4.3518,0.0000,1.9704,4.3408,22.8403,51.41605,0.5260,0.001633,0.2563,0.00242,0.00242,0.07714,92,0.1227,banda<=ruido,0,28.0,1,28,0,500,1,0.035714,4.4948e-7,0.98484
Aprima,9,parada,0.47,0.94,6.8,0.0079,1.105,25,20,16,0,0.7898,0.8366,4.4146,0.0000,1.9940,4.1141,22.2374,54.74502,0.5456,0.001660,0.2480,0.00229,0.00229,0.07727,85,0.1297,banda<=ruido,0,30.0,1,30,0,550,1,0.033333,1.1143e-7,0.98088
Aprima,9,parada,0.47,0.94,6.8,0.0079,1.105,25,20,16,0,0.8034,0.8600,4.3426,0.0000,1.9992,3.9759,21.4055,49.09866,0.5674,0.001796,0.2436,0.00241,0.00241,0.07769,78,0.1352,banda<=ruido,0,36.0,1,36,0,550,1,0.027778,1.4549e-7,0.97276
Aprima,9,parada,0.47,0.94,6.8,0.0079,1.105,25,20,16,0,0.8169,0.9481,4.2864,0.0000,1.9895,4.3189,20.2975,53.37027,0.5663,0.001897,0.2424,0.00280,0.00280,0.07865,91,0.1366,banda<=ruido,0,41.0,1,41,0,500,1,0.024390,4.9877e-7,0.97117
Aprima,9,parada,0.47,0.94,6.8,0.0079,1.105,25,20,16,0,0.8305,0.9481,4.3765,0.0000,1.9489,4.3040,18.9249,66.06912,0.5541,0.001710,0.2448,0.00202,0.00202,0.07786,88,0.1330,banda<=ruido,0,39.0,1,39,0,450,1,0.025641,3.3115e-7,0.99221
Aprima,9,parada,0.47,0.94,6.8,0.0079,1.105,25,20,16,0,0.8441,0.9413,4.3996,0.0000,1.9836,4.2788,17.4004,39.73233,0.5504,0.001908,0.2495,0.00170,0.00170,0.07614,79,0.1301,banda<=ruido,0,38.0,1,38,0,350,1,0.026316,1.7749e-7,0.95004
Aprima,9,parada,0.47,0.94,6.8,0.0079,1.105,25,20,16,0,0.8576,0.9992,4.3462,0.0000,1.9617,4.1429,16.0125,44.15923,0.5315,0.001753,0.2527,0.00300,0.00300,0.07856,97,0.1264,banda<=ruido,0,38.0,1,38,0,350,1,0.026316,6.6348e-7,0.98852
Aprima,9,parada,0.47,0.94,6.8,0.0079,1.105,25,20,16,0,0.8712,0.8366,4.3109,0.0000,1.9949,4.1956,14.5863,32.56161,0.5206,0.001914,0.2567,0.00188,0.00188,0.07778,83,0.1229,banda<=ruido,0,39.0,1,39,0,300,1,0.025641,1.3190e-7,0.95001
Aprima,9,parada,0.47,0.94,6.8,0.0079,1.105,25,20,16,0,0.8847,0.8242,4.3741,0.4690,1.9686,4.1639,13.1453,37.70563,0.5152,0.001648,0.2609,0.00225,0.00225,0.07846,85,0.1186,banda<=ruido,0,39.0,1,39,0,300,1,0.025641,3.1266e-7,0.99502
Aprima,9,parada,0.47,0.94,6.8,0.0079,1.105,25,20,16,0,0.8983,0.9992,4.2596,0.0000,1.9547,4.2237,11.7997,29.97047,0.5012,0.001746,0.2641,0.00336,0.00336,0.07692,95,0.1149,banda<=ruido,0,40.0,1,40,0,300,1,0.025000,9.5585e-8,0.94833
Aprima,9,parada,0.47,0.94,6.8,0.0079,1.105,25,20,16,0,0.9119,0.9837,4.3612,0.0000,1.9718,4.0323,10.4443,30.75277,0.4917,0.001657,0.2680,0.00313,0.00313,0.07738,91,0.1129,banda<=ruido,0,41.0,1,41,0,300,1,0.024390,5.8893e-7,0.99105
Aprima,9,parada,0.47,0.94,6.8,0.0079,1.105,25,20,16,0,0.9254,0.9799,4.3449,0.0000,1.9800,4.1626,9.1767,35.52032,0.4744,0.001703,0.2704,0.00186,0.00186,0.07627,83,0.1089,banda<=ruido,0,42.0,1,42,0,300,1,0.023810,1.9762e-7,0.98178
Aprima,9,parada,0.47,0.94,6.8,0.0079,1.105,25,20,16,0,0.9390,0.9837,4.3666,0.0000,1.9903,4.2885,7.9215,27.35692,0.4586,0.001592,0.2730,0.00300,0.00300,0.07812,98,0.1070,banda<=ruido,0,44.0,1,44,0,300,1,0.022727,6.5501e-7,0.98611
Aprima,9,parada,0.47,0.94,6.8,0.0079,1.105,25,20,16,0,0.9525,0.9799,4.4008,0.0000,1.9948,3.6967,6.6752,20.23470,0.4445,0.001831,0.2761,0.00369,0.00369,0.07875,83,0.1046,banda<=ruido,0,45.0,1,45,0,300,1,0.022222,6.5223e-7,0.97685
Aprima,9,parada,0.47,0.94,6.8,0.0079,1.105,25,20,16,0,0.9661,0.9007,4.3399,0.0000,1.9842,4.2044,5.3045,20.22029,0.4488,0.001771,0.2806,0.00124,0.00124,0.07662,70,0.1006,banda<=ruido,0,47.0,1,47,0,300,1,0.021277,7.2327e-8,0.98177
Aprima,9,parada,0.47,0.94,6.8,0.0079,1.105,25,20,16,0,0.9797,0.9659,4.3783,0.0000,1.9738,4.1285,4.1351,16.27249,0.4305,0.001911,0.2827,0.00159,0.00159,0.07757,75,0.0996,banda<=ruido,0,49.0,1,49,0,300,1,0.020408,1.6932e-7,0.98740
Aprima,9,parada,0.47,0.94,6.8,0.0079,1.105,25,20,16,0,0.9932,0.9871,4.3060,0.0000,1.9853,4.1551,2.8702,17.79401,0.4268,0.001658,0.2860,0.00305,0.00305,0.07721,98,0.0956,banda<=ruido,0,51.0,1,51,0,350,1,0.019608,2.7800e-7,0.97390
Aprima,9,parada,0.47,0.94,6.8,0.0079,1.105,25,20,16,0,1.0068,0.9659,4.3518,0.0000,1.9929,3.9877,1.7101,13.88455,0.4124,0.001818,0.2885,0.00182,0.00182,0.07610,80,0.0940,banda<=ruido,0,54.0,1,54,0,350,1,0.018519,7.5481e-8,0.97640
Aprima,9,parada,0.47,0.94,6.8,0.0079,1.105,25,20,16,0,1.0203,1.0000,4.3796,0.0000,1.9815,4.3038,0.5169,16.10630,0.4045,0.001706,0.2912,0.00169,0.00169,0.07793,87,0.0915,banda<=ruido,0,56.0,1,56,0,350,1,0.017857,1.6844e-7,0.98920
Aprima,9,parada,0.47,0.94,6.8,0.0079,1.105,25,20,16,0,1.0339,0.9659,4.3724,0.0000,1.9972,4.2327,0.6663,14.13838,0.3977,0.001738,0.2940,0.00280,0.00280,0.07885,96,0.0894,banda<=ruido,0,60.0,1,60,0,350,1,0.016667,5.0317e-7,0.98240
Aprima,9,parada,0.47,0.94,6.8,0.0079,1.105,25,20,16,0,1.0475,0.9604,4.4057,0.0000,1.9863,4.3167,1.8401,14.74713,0.3919,0.001652,0.2971,0.00247,0.00247,0.07586,97,0.0870,banda<=ruido,0,63.0,1,63,0,350,1,0.015873,1.9407e-7,0.98235
Aprima,9,parada,0.47,0.94,6.8,0.0079,1.105,25,20,16,0,1.0610,0.9756,4.3473,0.0000,1.9892,4.2734,2.9485,12.16368,0.3800,0.001555,0.2990,0.00378,0.00378,0.07881,101,0.0839,banda<=ruido,0,67.0,1,67,0,350,1,0.014925,5.4049e-7,0.97678
Aprima,9,parada,0.47,0.94,6.8,0.0079,1.105,25,20,16,0,1.0746,0.9928,4.3520,0.0000,1.9478,4.2103,4.0195,10.62369,0.3656,0.001872,0.3008,0.00268,0.00268,0.07816,93,0.0838,banda<=ruido,0,72.0,1,72,0,400,1,0.013889,3.1729e-7,0.97983
Aprima,9,parada,0.47,0.94,6.8,0.0079,1.105,25,20,16,0,1.0881,0.7540,4.3788,0.4690,1.9835,4.0944,5.1868,9.14608,0.3651,0.001830,0.3044,0.00293,0.00293,0.07847,95,0.0807,banda<=ruido,0,77.0,1,77,0,400,1,0.012987,2.5711e-7,0.97622
Aprima,9,parada,0.47,0.94,6.8,0.0079,1.105,25,20,16,0,1.1017,0.9928,4.3776,0.0000,1.9847,4.4336,6.3143,7.87849,0.3616,0.001909,0.3071,0.00259,0.00259,0.07681,96,0.0784,banda<=ruido,0,83.0,1,83,0,400,1,0.012048,4.8497e-7,1.00163
Aprima,9,parada,0.47,0.94,6.8,0.0079,1.105,25,20,16,0,1.1153,0.9659,4.3353,0.0000,1.9821,4.3510,7.3212,7.42870,0.3449,0.001831,0.3083,0.00258,0.00258,0.07775,98,0.0777,banda<=ruido,0,90.0,1,90,0,400,1,0.011111,4.6779e-7,0.99305
Aprima,9,parada,0.47,0.94,6.8,0.0079,1.105,25,20,16,0,1.1288,0.9659,4.2936,0.0000,1.9871,4.4024,8.4724,8.71425,0.3481,0.001681,0.3116,0.00225,0.00225,0.07872,96,0.0746,banda<=ruido,0,99.0,1,99,0,400,1,0.010101,3.7915e-7,0.98833
Aprima,9,parada,0.47,0.94,6.8,0.0079,1.105,25,20,16,0,1.1424,0.9992,4.3306,0.0000,1.9588,4.3152,9.5173,8.51864,0.3397,0.001534,0.3137,0.00205,0.00205,0.07743,88,0.0722,banda<=ruido,0,108.0,1,108,0,450,1,0.009259,2.8089e-7,0.98483
Aprima,9,parada,0.47,0.94,6.8,0.0079,1.105,25,20,16,0,1.1559,0.9928,4.3705,0.0000,1.9890,4.1915,10.6001,6.52988,0.3377,0.001754,0.3169,0.00441,0.00441,0.07697,97,0.0721,banda<=ruido,0,120.0,1,120,0,450,1,0.008333,1.9080e-7,0.96428
Aprima,9,parada,0.47,0.94,6.8,0.0079,1.105,25,20,16,0,1.1695,0.9928,4.3216,0.0000,1.9949,4.4088,11.5669,5.24430,0.3229,0.001956,0.3176,0.00328,0.00328,0.07775,99,0.0701,banda<=ruido,0,137.0,1,137,0,400,1,0.007299,6.9833e-7,0.97556
Aprima,9,parada,0.47,0.94,6.8,0.0079,1.105,25,20,16,0,1.1831,0.9902,4.3411,0.0000,1.9467,4.0693,12.6250,6.13241,0.3210,0.001623,0.3202,0.00329,0.00329,0.07655,96,0.0676,banda<=ruido,0,156.0,1,156,0,400,1,0.006410,5.6519e-7,0.99697
Aprima,9,parada,0.47,0.94,6.8,0.0079,1.105,25,20,16,0,1.1966,0.9902,4.2895,0.0000,1.9771,4.4358,13.6123,5.47437,0.3118,0.001855,0.3220,0.00396,0.00396,0.07837,105,0.0664,banda<=ruido,0,185.0,1,185,0,250,1,0.005405,1.2136e-6,0.99844
Aprima,9,parada,0.47,0.94,6.8,0.0079,1.105,25,20,16,0,1.2102,0.9998,4.2577,0.0000,1.9481,4.3129,14.6477,5.56477,0.3108,0.001647,0.3244,0.00343,0.00343,0.07873,99,0.0657,banda<=ruido,0,195.0,1,195,0,250,1,0.005128,7.5767e-7,0.97048
Aprima,9,parada,0.47,0.94,6.8,0.0079,1.105,25,20,16,0,1.2237,0.9604,4.3464,0.7383,1.9832,4.2426,15.6096,4.60650,0.3025,0.001724,0.3260,0.00399,0.00399,0.07846,99,0.0639,banda<=ruido,0,218.0,1,218,0,350,1,0.004587,9.1165e-7,0.99892
Aprima,9,parada,0.47,0.94,6.8,0.0079,1.105,25,20,16,0,1.2373,0.9837,4.2779,0.7838,1.9932,4.2938,16.5832,3.96475,0.2983,0.001869,0.3279,0.00288,0.00288,0.07882,97,0.0623,banda<=ruido,0,253.0,1,253,0,450,1,0.003953,5.0713e-7,1.00078
Aprima,9,parada,0.47,0.94,6.8,0.0079,1.105,25,20,16,0,1.2508,0.9950,4.2702,0.7383,1.9740,4.2545,17.4816,4.25153,0.2890,0.001765,0.3281,0.00442,0.00442,0.07463,99,0.0600,banda<=ruido,0,296.0,1,296,0,550,1,0.003378,1.4115e-6,0.98743
Aprima,9,parada,0.47,0.94,6.8,0.0079,1.105,25,20,16,0,1.2644,0.9604,4.2904,0.0000,1.9960,4.2487,18.3785,3.79752,0.2892,0.001880,0.3289,0.00395,0.00395,0.07845,97,0.0606,banda<=ruido,0,328.0,1,328,0,600,1,0.003049,3.7073e-7,0.96234
Aprima,9,parada,0.47,0.94,6.8,0.0079,1.105,25,20,16,0,1.2780,0.9264,4.3413,0.9604,1.9780,4.1204,19.1724,4.56749,0.2931,0.001638,0.3277,0.00399,0.00399,0.07812,90,0.0605,banda<=ruido,0,318.0,1,318,0,550,1,0.003145,2.5340e-7,0.99400
Aprima,9,parada,0.47,0.94,6.8,0.0079,1.105,25,20,16,0,1.2915,0.9968,4.3136,0.6500,1.9949,4.5050,19.9053,4.27746,0.3041,0.001696,0.3262,0.00257,0.00257,0.07711,98,0.0638,banda<=ruido,0,289.0,1,289,0,450,1,0.003460,5.8370e-7,0.98733
Aprima,9,parada,0.47,0.94,6.8,0.0079,1.105,25,20,16,0,1.3051,0.9998,4.3838,0.0000,1.9863,4.1647,20.5179,4.01763,0.3089,0.001765,0.3224,0.00180,0.00180,0.07662,84,0.0662,banda<=ruido,0,266.0,1,266,0,350,1,0.003759,3.7247e-7,0.99918
Aprima,9,parada,0.47,0.94,6.8,0.0079,1.105,25,20,16,0,1.3186,1.0000,4.2816,0.4138,1.9254,4.2423,0.6904,82.32049,0.9162,0.001637,0.1112,0.00187,0.00187,0.07740,88,0.2741,banda<=ruido,0,56.0,1,56,0,350,1,0.017857,4.7431e-8,0.95168
Aprima,9,parada,0.47,0.94,6.8,0.0079,1.105,25,20,16,0,1.3322,0.9982,4.3162,0.0000,1.9869,4.3461,0.8687,82.69639,0.8914,0.001733,0.1075,0.00132,0.00132,0.07820,75,0.2778,banda<=ruido,0,56.0,1,56,0,350,1,0.017857,1.4751e-7,0.98398
Aprima,9,parada,0.47,0.94,6.8,0.0079,1.105,25,20,16,0,1.3458,0.9799,4.2995,0.0000,1.9155,4.2572,0.9715,85.28078,0.8786,0.001800,0.1038,0.00085,0.00085,0.07647,60,0.2816,banda<=ruido,0,56.0,1,56,0,350,1,0.017857,5.4342e-8,0.99849
Aprima,9,parada,0.47,0.94,6.8,0.0079,1.105,25,20,16,0,1.3593,0.8813,4.2392,0.0000,1.9676,4.1686,1.0858,72.34522,0.8643,0.001836,0.1003,0.00079,0.00079,0.07672,58,0.2854,banda<=ruido,0,56.0,1,56,0,350,1,0.017857,2.6351e-8,0.95852
Aprima,9,parada,0.47,0.94,6.8,0.0079,1.105,25,20,16,0,1.3729,0.7692,4.3315,0.0000,1.9756,4.0456,1.2266,67.09153,0.8467,0.001979,0.0970,0.00103,0.00103,0.07814,64,0.2893,banda<=ruido,0,56.0,1,56,0,350,1,0.017857,4.7587e-8,0.97648
Aprima,9,parada,0.47,0.94,6.8,0.0079,1.105,25,20,16,0,1.3864,0.9756,4.2921,0.0000,1.9794,4.2682,1.3200,1003.78269,0.8350,0.001696,0.0937,0.00070,0.00070,0.07809,54,0.2930,banda<=ruido,0,56.0,1,56,0,350,1,0.017857,3.0092e-8,0.99356
Aprima,9,parada,0.47,0.94,6.8,0.0079,1.105,25,20,16,0,1.4000,0.9097,4.3849,0.0000,1.9939,4.0536,1.4782,61.36979,0.8152,0.001994,0.0908,0.00048,0.00048,0.07848,37,0.2957,banda<=ruido,0,56.0,1,56,0,350,1,0.017857,6.9140e-9,0.96798
Aprima,23,parada,0.47,0.94,6.8,0.0079,1.105,25,20,16,0,0.6000,0.0000,4.2754,0.0000,1.9757,0.0000,12.5929,0.00000,0.0000,0.000000,0.5640,0.00000,0.00000,0.07622,1,0.0295,banda<=ruido,1,56.0,1,56,0,350,1,0.017857,1.2418e-31,0.97858
Aprima,23,parada,0.47,0.94,6.8,0.0079,1.105,25,20,16,0,0.6136,0.0000,4.1875,0.0000,1.9635,0.0000,12.3989,0.00000,0.0000,0.000000,0.5640,0.00000,0.00000,0.07796,1,0.0295,banda<=ruido,1,56.0,1,56,0,350,1,0.017857,1.2418e-31,0.97858
Aprima,23,parada,0.47,0.94,6.8,0.0079,1.105,25,20,16,0,0.6271,0.0000,4.4094,0.0000,1.9814,0.0000,12.3485,0.00000,0.0000,0.000000,0.5640,0.00000,0.00000,0.07718,1,0.0295,banda<=ruido,1,56.0,1,56,0,350,1,0.017857,1.2418e-31,0.97858
Aprima,23,parada,0.47,0.94,6.8,0.0079,1.105,25,20,16,0,0.6407,0.0000,4.3641,0.0000,1.9587,0.0000,12.0354,0.00000,0.0000,0.000000,0.5640,0.00000,0.00000,0.07738,1,0.0295,banda<=ruido,1,56.0,1,56,0,350,1,0.017857,1.2418e-31,0.97858
Aprima,23,parada,0.47,0.94,6.8,0.0079,1.105,25,20,16,0,0.6542,0.0000,4.3952,0.0000,1.9523,0.0000,11.9460,0.00000,0.0000,0.000000,0.5640,0.00000,0.00000,0.07691,1,0.0295,banda<=ruido,1,56.0,1,56,0,350,1,0.017857,1.2418e-31,0.97858
Aprima,23,parada,0.47,0.94,6.8,0.0079,1.105,25,20,16,0,0.6678,0.0000,4.2869,0.0000,1.9757,0.0000,11.8366,0.00000,0.0000,0.000000,0.5640,0.00000,0.00000,0.07753,1,0.0295,banda<=ruido,1,56.0,1,56,0,350,1,0.017857,1.2418e-31,0.97858
Aprima,23,parada,0.47,0.94,6.8,0.0079,1.105,25,20,16,0,0.6814,0.0000,4.3670,0.0000,1.9988,0.0000,11.7075,0.00000,0.0000,0.000000,0.5640,0.00000,0.00000,0.07814,1,0.0295,banda<=ruido,1,59.0,1,59,0,350,1,0.016949,1.2418e-31,0.97858
Aprima,23,parada,0.47,0.94,6.8,0.0079,1.105,25,20,16,0,0.6949,0.0000,4.3005,0.0000,1.9892,0.0000,11.5171,0.00000,0.0000,0.000000,0.5640,0.00000,0.00000,0.07849,1,0.0295,banda<=ruido,1,103.0,1,103,0,600,1,0.009709,1.2418e-31,0.97858
Aprima,23,parada,0.47,0.94,6.8,0.0079,1.105,25,20,16,0,0.7085,0.9264,4.3039,0.0000,1.9763,4.3674,25.1619,18.39151,0.3296,0.001773,0.3176,0.00345,0.00345,0.07851,102,0.0701,banda<=ruido,0,31.0,1,31,0,400,1,0.032258,4.9214e-7,0.94786
Aprima,23,parada,0.47,0.94,6.8,0.0079,1.105,25,20,16,0,0.7220,0.9710,4.3182,0.0000,1.9895,4.3221,24.9045,22.35896,0.3689,0.001923,0.3003,0.00265,0.00265,0.07828,97,0.0834,banda<=ruido,0,29.0,1,29,0,400,1,0.034483,3.7565e-7,0.98928
Aprima,23,parada,0.47,0.94,6.8,0.0079,1.105,25,20,16,0,0.7356,0.9902,4.3608,0.0000,1.9823,4.3496,24.4547,27.58948,0.4180,0.001850,0.2871,0.00303,0.00303,0.07776,103,0.0939,banda<=ruido,0,28.0,1,28,0,400,1,0.035714,7.3779e-7,0.99403
Aprima,23,parada,0.47,0.94,6.8,0.0079,1.105,25,20,16,0,0.7492,0.9998,4.3837,0.0000,1.9932,4.1385,23.9518,41.29852,0.4612,0.001699,0.2758,0.00283,0.00283,0.07836,92,0.1048,banda<=ruido,0,28.0,1,28,0,450,1,0.035714,7.5395e-7,1.00275
Aprima,23,parada,0.47,0.94,6.8,0.0079,1.105,25,20,16,0,0.7627,0.8709,4.2166,0.0000,1.9960,4.2925,23.3964,41.10485,0.4992,0.001803,0.2655,0.00229,0.00229,0.07786,89,0.1129,banda<=ruido,0,28.0,1,28,0,450,1,0.035714,1.6021e-7,0.97941
Aprima,23,parada,0.47,0.94,6.8,0.0079,1.105,25,20,16,0,0.7763,0.8709,4.3530,0.0000,1.9939,4.2006,22.8405,47.16698,0.5259,0.001775,0.2563,0.00268,0.00268,0.07826,87,0.1233,banda<=ruido,0,28.0,1,28,0,500,1,0.035714,3.9062e-7,0.98098
Aprima,23,parada,0.47,0.94,6.8,0.0079,1.105,25,20,16,0,0.7898,0.8813,4.3221,0.0000,1.9657,4.1562,22.1846,52.97521,0.5522,0.001780,0.2488,0.00158,0.00158,0.07707,79,0.1301,banda<=ruido,0,30.0,1,30,0,550,1,0.033333,9.6357e-8,0.94611
Aprima,23,parada,0.47,0.94,6.8,0.0079,1.105,25,20,16,0,0.8034,0.8912,4.3540,0.0000,1.9685,4.1375,21.4181,58.53289,0.5658,0.001654,0.2434,0.00151,0.00151,0.07813,73,0.1360,banda<=ruido,0,36.0,1,36,0,550,1,0.027778,1.0268e-7,0.96783
Aprima,23,parada,0.47,0.94,6.8,0.0079,1.105,25,20,16,0,0.8169,0.9183,4.3234,0.0000,1.9972,4.2573,20.3056,44.04088,0.5652,0.001918,0.2423,0.00217,0.00217,0.07663,89,0.1364,banda<=ruido,0,41.0,1,41,0,500,1,0.024390,2.6312e-7,1.00089
Aprima,23,parada,0.47,0.94,6.8,0.0079,1.105,25,20,16,0,0.8305,0.7692,4.3177,0.0000,1.9932,4.1201,18.9670,44.61543,0.5488,0.001781,0.2444,0.00200,0.00200,0.07815,85,0.1337,banda<=ruido,0,39.0,1,39,0,450,1,0.025641,2.2291e-7,0.97338
Aprima,23,parada,0.47,0.94,6.8,0.0079,1.105,25,20,16,0,0.8441,0.9992,4.3200,0.0000,1.9791,4.2866,17.4362,37.89614,0.5459,0.001978,0.2492,0.00191,0.00191,0.07392,84,0.1304,banda<=ruido,0,38.0,1,38,0,350,1,0.026316,2.1103e-7,0.97115
Aprima,23,parada,0.47,0.94,6.8,0.0079,1.105,25,20,16,0,0.8576,0.9544,4.3002,0.0000,1.9872,4.0380,16.0368,40.08401,0.5285,0.001820,0.2521,0.00265,0.00265,0.07867,86,0.1255,banda<=ruido,0,38.0,1,38,0,350,1,0.026316,1.1252e-7,0.96438
Aprima,23,parada,0.47,0.94,6.8,0.0079,1.105,25,20,16,0,0.8712,0.9007,4.2795,0.0000,1.9650,4.3634,14.5187,40.67389,0.5291,0.001710,0.2575,0.00120,0.00120,0.07735,71,0.1217,banda<=ruido,0,39.0,1,39,0,300,1,0.025641,9.5456e-8,0.98540
Aprima,23,parada,0.47,0.94,6.8,0.0079,1.105,25,20,16,0,0.8847,0.9950,4.2982,0.0000,1.9890,4.2173,13.1763,32.53253,0.5113,0.001770,0.2604,0.00196,0.00196,0.07540,86,0.1186,banda<=ruido,0,39.0,1,39,0,300,1,0.025641,1.5746e-7,0.99211
Aprima,23,parada,0.47,0.94,6.8,0.0079,1.105,25,20,16,0,0.8983,0.9183,4.3140,0.0000,1.9776,4.3050,11.8587,28.75180,0.4938,0.001709,0.2636,0.00168,0.00168,0.07686,86,0.1168,banda<=ruido,0,40.0,1,40,0,300,1,0.025000,3.0795e-8,0.96986
Aprima,23,parada,0.47,0.94,6.8,0.0079,1.105,25,20,16,0,0.9119,0.8912,4.3396,0.0000,1.9839,4.1240,10.4189,28.70492,0.4949,0.001803,0.2683,0.00229,0.00229,0.07679,86,0.1118,banda<=ruido,0,41.0,1,41,0,300,1,0.024390,3.0434e-7,0.99416
Aprima,23,parada,0.47,0.94,6.8,0.0079,1.105,25,20,16,0,0.9254,0.9264,4.3173,0.0000,1.9700,4.2166,9.1489,25.73300,0.4779,0.001737,0.2708,0.00270,0.00270,0.07710,95,0.1084,banda<=ruido,0,42.0,1,42,0,300,1,0.023810,5.8399e-7,0.99206
Aprima,23,parada,0.47,0.94,6.8,0.0079,1.105,25,20,16,0,0.9390,0.9928,4.2435,0.0000,1.9748,4.2831,7.7948,24.88884,0.4744,0.001725,0.2751,0.00192,0.00192,0.07874,90,0.1056,banda<=ruido,0,44.0,1,44,0,300,1,0.022727,2.4707e-7,0.99416
Aprima,23,parada,0.47,0.94,6.8,0.0079,1.105,25,20,16,0,0.9525,0.9968,4.3818,0.0000,1.9845,4.1598,6.5810,22.95720,0.4563,0.001741,0.2771,0.00291,0.00291,0.07804,87,0.1025,banda<=ruido,0,45.0,1,45,0,300,1,0.022222,2.4329e-7,0.96541
Aprima,23,parada,0.47,0.94,6.8,0.0079,1.105,25,20,16,0,0.9661,0.8242,4.3251,0.0000,1.9686,4.2557,5.3520,20.12499,0.4429,0.001860,0.2799,0.00178,0.00178,0.07673,87,0.1012,banda<=ruido,0,47.0,1,47,0,300,1,0.021277,1.3792e-7,0.98209
Aprima,23,parada,0.47,0.94,6.8,0.0079,1.105,25,20,16,0,0.9797,0.9341,4.2855,0.6690,1.9736,4.2025,4.1100,18.36402,0.4337,0.001753,0.2830,0.00359,0.00359,0.07865,101,0.0979,banda<=ruido,0,49.0,1,49,0,300,1,0.020408,3.9461e-7,0.95583
Aprima,23,parada,0.47,0.94,6.8,0.0079,1.105,25,20,16,0,0.9932,0.8813,4.3304,0.0000,1.9793,4.3120,2.9338,18.43089,0.4189,0.001539,0.2853,0.00284,0.00284,0.07585,93,0.0975,banda<=ruido,0,51.0,1,51,0,350,1,0.019608,5.2416e-7,0.98521
Aprima,23,parada,0.47,0.94,6.8,0.0079,1.105,25,20,16,0,1.0068,0.9902,4.3360,0.0000,1.9740,4.1697,1.6319,17.35549,0.4222,0.001653,0.2894,0.00352,0.00352,0.07782,97,0.0932,banda<=ruido,0,54.0,1,54,0,350,1,0.018519,6.8260e-7,0.98072
Aprima,23,parada,0.47,0.94,6.8,0.0079,1.105,25,20,16,0,1.0203,0.9982,4.2676,0.0000,1.9208,4.3496,0.4273,14.33806,0.4157,0.001746,0.2924,0.00332,0.00332,0.07756,94,0.0893,banda<=ruido,0,56.0,1,56,0,350,1,0.017857,1.3670e-7,0.96942
Aprima,23,parada,0.47,0.94,6.8,0.0079,1.105,25,20,16,0,1.0339,0.9604,4.2784,0.0000,1.9373,4.1596,0.6447,14.86603,0.3950,0.001635,0.2936,0.00262,0.00262,0.07748,86,0.0887,banda<=ruido,0,60.0,1,60,0,350,1,0.016667,6.3152e-7,0.99705
Aprima,23,parada,0.47,0.94,6.8,0.0079,1.105,25,20,16,0,1.0475,0.9902,4.3371,0.0000,1.9947,4.3082,1.8273,15.40500,0.3903,0.001754,0.2969,0.00442,0.00442,0.07840,106,0.0868,banda<=ruido,0,63.0,1,63,0,350,1,0.015873,1.1567e-6,0.98585
Aprima,23,parada,0.47,0.94,6.8,0.0079,1.105,25,20,16,0,1.0610,0.9992,4.2192,0.0000,1.9839,4.2723,2.9417,10.65907,0.3792,0.001793,0.2992,0.00349,0.00349,0.07859,106,0.0858,banda<=ruido,0,67.0,1,67,0,350,1,0.014925,8.5137e-7,1.00063
Aprima,23,parada,0.47,0.94,6.8,0.0079,1.105,25,20,16,0,1.0746,0.9481,4.3497,0.0000,1.9771,4.0766,4.0985,13.65878,0.3754,0.001591,0.3020,0.00348,0.00348,0.07854,95,0.0820,banda<=ruido,0,72.0,1,72,0,400,1,0.013889,5.8366e-7,0.98395
Aprima,23,parada,0.47,0.94,6.8,0.0079,1.105,25,20,16,0,1.0881,0.8366,4.3790,0.0000,1.9826,4.2829,5.1408,10.53559,0.3594,0.001689,0.3033,0.00234,0.00234,0.07785,84,0.0808,banda<=ruido,0,77.0,1,77,0,400,1,0.012987,3.2088e-7,0.99957
Aprima,23,parada,0.47,0.94,6.8,0.0079,1.105,25,20,16,0,1.1017,0.9902,4.3659,0.9710,1.9782,4.3270,6.2354,9.96640,0.3518,0.001564,0.3057,0.00195,0.00195,0.07856,92,0.0783,banda<=ruido,0,83.0,1,83,0,400,1,0.012048,2.8212e-7,0.97003
Aprima,23,parada,0.47,0.94,6.8,0.0079,1.105,25,20,16,0,1.1153,0.9710,4.3561,0.0000,1.9849,4.3597,7.3960,7.43223,0.3543,0.001993,0.3093,0.00220,0.00220,0.07812,96,0.0763,banda<=ruido,0,90.0,1,90,0,400,1,0.011111,2.0999e-7,0.97727
Aprima,23,parada,0.47,0.94,6.8,0.0079,1.105,25,20,16,0,1.1288,0.8813,4.3693,0.0000,1.9796,4.2082,8.4199,7.15707,0.3415,0.001749,0.3108,0.00205,0.00205,0.07851,88,0.0742,banda<=ruido,0,99.0,1,99,0,400,1,0.010101,2.2992e-7,0.96904
Aprima,23,parada,0.47,0.94,6.8,0.0079,1.105,25,20,16,0,1.1424,0.9950,4.3351,0.0000,1.9748,4.2553,9.4948,7.02612,0.3369,0.001714,0.3135,0.00392,0.00392,0.07724,97,0.0745,banda<=ruido,0,108.0,1,108,0,450,1,0.009259,8.0673e-7,0.98658
Aprima,23,parada,0.47,0.94,6.8,0.0079,1.105,25,20,16,0,1.1559,0.7838,4.3563,0.0000,1.9724,4.2127,10.5896,6.89510,0.3364,0.001676,0.3163,0.00253,0.00253,0.07799,92,0.0710,banda<=ruido,0,120.0,1,120,0,450,1,0.008333,3.8524e-7,0.98723
Aprima,23,parada,0.47,0.94,6.8,0.0079,1.105,25,20,16,0,1.1695,0.9928,4.3821,0.0000,1.9932,4.3832,11.5698,5.09719,0.3232,0.001956,0.3177,0.00216,0.00216,0.07825,90,0.0698,banda<=ruido,0,137.0,1,137,0,400,1,0.007299,2.3943e-7,0.96138
Aprima,23,parada,0.47,0.94,6.8,0.0079,1.105,25,20,16,0,1.1831,0.9544,4.3168,0.0000,1.9504,4.3845,12.5976,5.94405,0.3176,0.001735,0.3198,0.00276,0.00276,0.07829,95,0.0678,banda<=ruido,0,156.0,1,156,0,400,1,0.006410,6.9410e-7,0.99941
Aprima,23,parada,0.47,0.94,6.8,0.0079,1.105,25,20,16,0,1.1966,0.9928,4.3579,0.0000,1.9947,4.2670,13.6597,4.98664,0.3177,0.001824,0.3226,0.00327,0.00327,0.07816,99,0.0651,banda<=ruido,0,185.0,1,185,0,250,1,0.005405,3.5949e-7,0.95530
Aprima,23,parada,0.47,0.94,6.8,0.0079,1.105,25,20,16,0,1.2102,0.9992,4.3378,0.0000,1.9756,4.0037,14.6024,5.80514,0.3051,0.001631,0.3236,0.00225,0.00225,0.07801,81,0.0652,banda<=ruido,0,195.0,1,195,0,250,1,0.005128,5.7790e-7,0.99748
Aprima,23,parada,0.47,0.94,6.8,0.0079,1.105,25,20,16,0,1.2237,0.9998,4.3754,0.0000,1.9909,4.2709,15.6064,4.32742,0.3021,0.001741,0.3259,0.00178,0.00178,0.07801,82,0.0634,banda<=ruido,0,218.0,1,218,0,350,1,0.004587,7.6248e-8,0.98213
Aprima,23,parada,0.47,0.94,6.8,0.0079,1.105,25,20,16,0,1.2373,0.9837,4.3160,0.9837,1.9739,4.3632,16.5422,4.28169,0.2932,0.001740,0.3272,0.00452,0.00452,0.07635,101,0.0635,banda<=ruido,0,253.0,1,253,0,450,1,0.003953,6.2496e-7,0.98069
Aprima,23,parada,0.47,0.94,6.8,0.0079,1.105,25,20,16,0,1.2508,0.9341,4.3670,0.6303,1.9766,4.3155,17.4647,3.86363,0.2869,0.001807,0.3279,0.00296,0.00296,0.07809,95,0.0611,banda<=ruido,0,296.0,1,296,0,550,1,0.003378,4.7645e-7,0.98542
Aprima,23,parada,0.47,0.94,6.8,0.0079,1.105,25,20,16,0,1.2644,0.9871,4.3560,0.0000,1.9791,3.9811,18.3622,3.49209,0.2872,0.001823,0.3288,0.00320,0.00320,0.07828,90,0.0600,banda<=ruido,0,328.0,1,328,0,600,1,0.003049,3.9563e-7,0.93906
Aprima,23,parada,0.47,0.94,6.8,0.0079,1.105,25,20,16,0,1.2780,0.8912,4.3761,0.8113,1.9923,4.0424,19.1826,3.89603,0.2944,0.001649,0.3280,0.00304,0.00304,0.07699,92,0.0610,banda<=ruido,0,318.0,1,318,0,550,1,0.003145,8.6860e-8,0.95443
Aprima,23,parada,0.47,0.94,6.8,0.0079,1.105,25,20,16,0,1.2915,0.9341,4.3530,0.0000,1.9670,4.1772,19.8323,5.21039,0.2949,0.001757,0.3246,0.00414,0.00414,0.07798,99,0.0624,banda<=ruido,0,289.0,1,289,0,450,1,0.003460,5.6537e-7,0.98049
Aprima,23,parada,0.47,0.94,6.8,0.0079,1.105,25,20,16,0,1.3051,0.7219,4.3120,0.0000,1.9553,3.8582,20.5305,3.68106,0.3105,0.001926,0.3227,0.00347,0.00347,0.07789,88,0.0672,banda<=ruido,0,266.0,1,266,0,350,1,0.003759,8.3939e-7,0.99274
Aprima,23,parada,0.47,0.94,6.8,0.0079,1.105,25,20,16,0,1.3186,0.6098,4.3378,0.0000,1.9906,3.9466,0.7853,72.73256,0.9044,0.001966,0.1114,0.00132,0.00132,0.07849,67,0.2726,banda<=ruido,0,56.0,1,56,0,350,1,0.017857,4.5749e-8,0.95856
Aprima,23,parada,0.47,0.94,6.8,0.0079,1.105,25,20,16,0,1.3322,0.9837,4.3600,0.0000,1.9495,4.1878,0.8152,102.02079,0.8981,0.001435,0.1074,0.00210,0.00210,0.07838,88,0.2787,banda<=ruido,0,56.0,1,56,0,350,1,0.017857,3.4947e-8,0.97214
Aprima,23,parada,0.47,0.94,6.8,0.0079,1.105,25,20,16,0,1.3458,0.9710,4.3692,0.0000,1.9839,4.2447,0.9199,87.89833,0.8850,0.001667,0.1036,0.00080,0.00080,0.07811,55,0.2820,banda<=ruido,0,56.0,1,56,0,350,1,0.017857,2.9484e-8,0.99538
Aprima,23,parada,0.47,0.94,6.8,0.0079,1.105,25,20,16,0,1.3593,0.9799,4.3972,0.0000,1.9890,4.3272,1.1337,88.54181,0.8583,0.001634,0.1005,0.00079,0.00079,0.07819,63,0.2854,banda<=ruido,0,56.0,1,56,0,350,1,0.017857,3.2224e-8,0.98558
Aprima,23,parada,0.47,0.94,6.8,0.0079,1.105,25,20,16,0,1.3729,0.7978,4.3252,0.0000,1.9752,4.2262,1.1868,75.77940,0.8517,0.001739,0.0968,0.00049,0.00049,0.07788,43,0.2892,banda<=ruido,0,56.0,1,56,0,350,1,0.017857,1.5560e-8,0.98590
Aprima,23,parada,0.47,0.94,6.8,0.0079,1.105,25,20,16,0,1.3864,0.9413,4.3605,0.0000,1.9199,4.3268,1.3848,91.23319,0.8269,0.001588,0.0940,0.00061,0.00061,0.07839,47,0.2924,banda<=ruido,0,56.0,1,56,0,350,1,0.017857,2.4753e-8,0.99832
Aprima,23,parada,0.47,0.94,6.8,0.0079,1.105,25,20,16,0,1.4000,0.9710,4.3059,0.0000,1.9988,4.0874,1.5232,69.09945,0.8096,0.001881,0.0910,0.00097,0.00097,0.07783,60,0.2952,banda<=ruido,0,56.0,1,56,0,350,1,0.017857,8.9948e-8,0.98416
Bprima,7,parada,0.3,0.8,6.8,0.0079,1.105,22,20,8,0,0.6000,0.0000,4.2704,0.0000,2.9304,0.0000,10.4626,0.00000,0.0000,0.000000,0.3600,0.00000,0.00000,0.07824,1,0.0128,banda<=ruido,1,56.0,1,56,0,350,1,0.017857,5.4794e-32,0.98192
Bprima,7,parada,0.3,0.8,6.8,0.0079,1.105,22,20,8,0,0.6136,0.0000,4.3086,0.0000,2.9408,0.0000,10.2879,0.00000,0.0000,0.000000,0.3600,0.00000,0.00000,0.07808,1,0.0128,banda<=ruido,1,56.0,1,56,0,350,1,0.017857,5.4794e-32,0.98192
Bprima,7,parada,0.3,0.8,6.8,0.0079,1.105,22,20,8,0,0.6271,0.0000,4.3277,0.0000,2.9321,0.0000,9.9973,0.00000,0.0000,0.000000,0.3600,0.00000,0.00000,0.07880,1,0.0128,banda<=ruido,1,56.0,1,56,0,350,1,0.017857,5.4794e-32,0.98192
Bprima,7,parada,0.3,0.8,6.8,0.0079,1.105,22,20,8,0,0.6407,0.0000,4.3106,0.0000,2.9509,0.0000,9.8595,0.00000,0.0000,0.000000,0.3600,0.00000,0.00000,0.07610,1,0.0128,banda<=ruido,1,56.0,1,56,0,350,1,0.017857,5.4794e-32,0.98192
Bprima,7,parada,0.3,0.8,6.8,0.0079,1.105,22,20,8,0,0.6542,0.0000,4.3776,0.0000,2.9676,0.0000,9.5005,0.00000,0.0000,0.000000,0.3600,0.00000,0.00000,0.07846,1,0.0128,banda<=ruido,1,64.0,1,64,0,400,1,0.015625,5.4794e-32,0.98192
Bprima,7,parada,0.3,0.8,6.8,0.0079,1.105,22,20,8,0,0.6678,0.9871,4.3576,0.0000,2.9481,4.2928,24.2949,0.65958,0.3907,0.001706,0.2813,0.00122,0.00122,0.07755,68,0.0013,banda<=ruido,0,33.0,1,33,0,650,1,0.030303,8.2289e-8,0.99038
Bprima,7,parada,0.3,0.8,6.8,0.0079,1.105,22,20,8,0,0.6814,0.9659,4.3654,0.0000,2.9896,4.3315,24.1273,0.88717,0.4351,0.001910,0.2723,0.00126,0.00126,0.07751,76,0.0030,banda<=ruido,0,30.0,1,30,0,400,1,0.033333,9.2146e-8,0.98823
Bprima,7,parada,0.3,0.8,6.8,0.0079,1.105,22,20,8,0,0.6949,0.9604,4.2996,0.0000,2.9708,4.2919,23.8436,2.02891,0.4762,0.001589,0.2645,0.00124,0.00124,0.07773,69,0.0045,banda<=ruido,0,29.0,1,29,0,400,1,0.034483,1.0059e-7,0.99145
Bprima,7,parada,0.3,0.8,6.8,0.0079,1.105,22,20,8,0,0.7085,0.9007,4.3662,0.0000,2.9730,3.8519,23.5126,2.33941,0.5085,0.001760,0.2578,0.00132,0.00132,0.07678,67,0.0067,banda<=ruido,0,28.0,1,28,0,400,1,0.035714,5.4439e-8,0.99699
Bprima,7,parada,0.3,0.8,6.8,0.0079,1.105,22,20,8,0,0.7220,0.8709,4.3762,0.0000,2.9562,4.1044,22.9737,3.23903,0.5537,0.001778,0.2525,0.00168,0.00168,0.07814,75,0.0086,banda<=ruido,0,28.0,1,28,0,450,1,0.035714,1.8900e-7,0.98922
Bprima,7,parada,0.3,0.8,6.8,0.0079,1.105,22,20,8,0,0.7356,0.9604,4.2657,0.0000,2.9160,4.2459,22.5068,4.68237,0.5776,0.001612,0.2469,0.00108,0.00108,0.07625,69,0.0101,banda<=ruido,0,28.0,1,28,0,500,1,0.035714,5.2142e-8,0.97390
Bprima,7,parada,0.3,0.8,6.8,0.0079,1.105,22,20,8,0,0.7492,0.9264,4.3268,0.0000,2.9416,4.2235,21.9676,6.11488,0.5982,0.001501,0.2422,0.00114,0.00114,0.07848,67,0.0120,banda<=ruido,0,29.0,1,29,0,500,1,0.034483,6.8901e-8,0.99266
Bprima,7,parada,0.3,0.8,6.8,0.0079,1.105,22,20,8,0,0.7627,0.9950,4.3341,0.0000,2.9671,4.3664,21.1960,5.71339,0.6324,0.001763,0.2391,0.00089,0.00089,0.07670,64,0.0133,banda<=ruido,0,31.0,1,31,0,550,1,0.032258,4.6243e-8,0.99234
Bprima,7,parada,0.3,0.8,6.8,0.0079,1.105,22,20,8,0,0.7763,0.9710,4.3139,0.0000,2.9891,4.3182,20.3655,6.23620,0.6365,0.001685,0.2366,0.00138,0.00138,0.07823,81,0.0142,banda<=ruido,0,41.0,1,41,0,550,1,0.024390,1.1730e-7,0.99147
Bprima,7,parada,0.3,0.8,6.8,0.0079,1.105,22,20,8,0,0.7898,0.9871,4.3441,0.0000,2.9874,4.3372,19.0017,6.53776,0.6424,0.001664,0.2375,0.00075,0.00075,0.07860,56,0.0140,banda<=ruido,0,40.0,1,40,0,500,1,0.025000,2.1044e-8,0.97710
Bprima,7,parada,0.3,0.8,6.8,0.0079,1.105,22,20,8,0,0.8034,0.8242,4.3367,0.3534,2.9845,4.1123,17.5173,225.52524,0.6304,0.001764,0.2392,0.00148,0.00148,0.07514,75,0.0130,banda<=ruido,0,39.0,1,39,0,400,1,0.025641,1.0149e-7,0.99168
Bprima,7,parada,0.3,0.8,6.8,0.0079,1.105,22,20,8,0,0.8169,0.9871,4.2537,0.0000,2.9696,4.2924,16.0014,4.49429,0.6196,0.001764,0.2412,0.00088,0.00088,0.07842,60,0.0122,banda<=ruido,0,39.0,1,39,0,350,1,0.025641,5.4369e-8,0.99857
Bprima,7,parada,0.3,0.8,6.8,0.0079,1.105,22,20,8,0,0.8305,0.9756,4.3609,0.0000,2.9874,4.0658,14.5062,4.24755,0.6091,0.001651,0.2432,0.00093,0.00093,0.07796,59,0.0113,banda<=ruido,0,39.0,1,39,0,350,1,0.025641,1.5459e-8,0.97766
Bprima,7,parada,0.3,0.8,6.8,0.0079,1.105,22,20,8,0,0.8441,0.6303,4.3423,0.0000,2.9386,3.8519,13.0459,5.48838,0.5980,0.001682,0.2452,0.00162,0.00162,0.07868,71,0.0109,banda<=ruido,0,39.0,1,39,0,300,1,0.025641,5.2749e-8,0.93984
Bprima,7,parada,0.3,0.8,6.8,0.0079,1.105,22,20,8,0,0.8576,0.7219,4.3535,0.0000,2.9686,4.0201,11.7222,2.92193,0.5737,0.001832,0.2465,0.00141,0.00141,0.07839,74,0.0106,banda<=ruido,0,40.0,1,40,0,300,1,0.025000,8.8396e-8,0.98873
Bprima,7,parada,0.3,0.8,6.8,0.0079,1.105,22,20,8,0,0.8712,0.9837,4.3642,0.1223,2.9935,4.0148,10.3646,2.41682,0.5571,0.001894,0.2480,0.00121,0.00121,0.07656,62,0.0099,banda<=ruido,0,41.0,1,41,0,300,1,0.024390,4.6297e-8,0.98129
Bprima,7,parada,0.3,0.8,6.8,0.0079,1.105,22,20,8,0,0.8847,0.8813,4.3897,0.0000,2.9657,4.0171,8.8558,2.29486,0.5629,0.001912,0.2505,0.00113,0.00113,0.07794,60,0.0090,banda<=ruido,0,42.0,1,42,0,300,1,0.023810,5.4753e-8,0.98081
Bprima,7,parada,0.3,0.8,6.8,0.0079,1.105,22,20,8,0,0.8983,0.9097,4.3511,0.0000,2.9781,4.0795,7.5631,2.43041,0.5451,0.001555,0.2517,0.00070,0.00070,0.07696,51,0.0084,banda<=ruido,0,44.0,1,44,0,300,1,0.022727,4.9209e-8,0.99148
Bprima,7,parada,0.3,0.8,6.8,0.0079,1.105,22,20,8,0,0.9119,0.9871,4.3171,0.0000,2.9735,4.2576,6.2371,1.65167,0.5345,0.001998,0.2533,0.00109,0.00109,0.07742,70,0.0080,banda<=ruido,0,45.0,1,45,0,300,1,0.022222,7.1690e-8,0.98809
Bprima,7,parada,0.3,0.8,6.8,0.0079,1.105,22,20,8,0,0.9254,0.9837,4.2994,0.0000,2.9215,4.3330,4.8918,1.72686,0.5294,0.001815,0.2551,0.00151,0.00151,0.07778,80,0.0075,banda<=ruido,0,47.0,1,47,0,300,1,0.021277,2.1224e-7,1.00307
Bprima,7,parada,0.3,0.8,6.8,0.0079,1.105,22,20,8,0,0.9390,1.0000,4.3422,0.0000,2.9562,4.3307,3.6155,1.41590,0.5185,0.001767,0.2564,0.00080,0.00080,0.07744,57,0.0069,banda<=ruido,0,49.0,1,49,0,300,1,0.020408,2.5093e-8,0.99193
Bprima,7,parada,0.3,0.8,6.8,0.0079,1.105,22,20,8,0,0.9525,0.7692,4.3309,0.0000,2.9791,4.1976,2.3074,1.22682,0.5145,0.001833,0.2581,0.00081,0.00081,0.07811,59,0.0065,banda<=ruido,0,52.0,1,52,0,350,1,0.019231,3.8484e-8,0.98701
Bprima,7,parada,0.3,0.8,6.8,0.0079,1.105,22,20,8,0,0.9661,0.8366,4.3005,0.0000,2.9790,4.1847,1.0326,1.14964,0.5089,0.001800,0.2597,0.00115,0.00115,0.07790,70,0.0059,banda<=ruido,0,54.0,1,54,0,350,1,0.018519,3.7939e-8,0.95515
Bprima,7,parada,0.3,0.8,6.8,0.0079,1.105,22,20,8,0,0.9797,0.9928,4.3441,0.0000,2.9351,3.9645,0.2042,1.01746,0.5011,0.001666,0.2612,0.00101,0.00101,0.07851,58,0.0056,banda<=ruido,0,57.0,1,57,0,350,1,0.017544,4.0122e-8,0.97889
Bprima,7,parada,0.3,0.8,6.8,0.0079,1.105,22,20,8,0,0.9932,0.9950,4.3252,0.0000,2.9291,4.2409,1.3936,1.13145,0.4899,0.001801,0.2623,0.00181,0.00181,0.07791,83,0.0054,banda<=ruido,0,60.0,1,60,0,350,1,0.016667,1.4243e-7,0.99757
Bprima,7,parada,0.3,0.8,6.8,0.0079,1.105,22,20,8,0,1.0068,0.9710,4.3578,0.0000,2.9515,4.1396,2.6467,0.79664,0.4890,0.001765,0.2640,0.00129,0.00129,0.07776,70,0.0049,banda<=ruido,0,64.0,1,64,0,350,1,0.015625,8.2523e-8,0.99556
Bprima,7,parada,0.3,0.8,6.8,0.0079,1.105,22,20,8,0,1.0203,0.8709,4.2417,0.0000,2.9611,4.0233,3.7965,0.71334,0.4775,0.001708,0.2649,0.00134,0.00134,0.07703,71,0.0044,banda<=ruido,0,68.0,1,68,0,350,1,0.014706,4.0625e-8,0.97025
Bprima,7,parada,0.3,0.8,6.8,0.0079,1.105,22,20,8,0,1.0339,0.8813,4.2908,0.0000,2.8665,4.0154,4.9859,0.64016,0.4732,0.001796,0.2663,0.00104,0.00104,0.07554,63,0.0042,banda<=ruido,0,73.0,1,73,0,400,1,0.013699,8.3854e-8,0.99945
Bprima,7,parada,0.3,0.8,6.8,0.0079,1.105,22,20,8,0,1.0475,0.9799,4.3319,0.0000,2.9521,4.3710,6.0182,0.58830,0.4514,0.001657,0.2666,0.00105,0.00105,0.07870,74,0.0041,banda<=ruido,0,79.0,1,79,0,400,1,0.012658,4.8007e-8,0.97246
Bprima,7,parada,0.3,0.8,6.8,0.0079,1.105,22,20,8,0,1.0610,0.9659,4.3016,0.0000,2.9215,4.2883,7.2243,0.46733,0.4534,0.001778,0.2683,0.00079,0.00079,0.07836,57,0.0038,banda<=ruido,0,85.0,1,85,0,400,1,0.011765,4.0623e-8,0.98471
Bprima,7,parada,0.3,0.8,6.8,0.0079,1.105,22,20,8,0,1.0746,0.9799,4.2702,0.9097,2.9052,4.1993,8.3419,0.39401,0.4463,0.001965,0.2694,0.00157,0.00157,0.07728,77,0.0036,banda<=ruido,0,93.0,1,93,0,400,1,0.010753,1.7644e-7,0.97456
Bprima,7,parada,0.3,0.8,6.8,0.0079,1.105,22,20,8,0,1.0881,0.9998,4.3994,0.0000,2.9752,4.3549,9.4340,0.35649,0.4379,0.001852,0.2703,0.00130,0.00130,0.07886,77,0.0033,banda<=ruido,0,103.0,1,103,0,400,1,0.009709,1.7505e-7,1.00078
Bprima,7,parada,0.3,0.8,6.8,0.0079,1.105,22,20,8,0,1.1017,0.8600,4.3816,0.0000,2.9557,4.1089,10.5774,0.30509,0.4379,0.001899,0.2717,0.00132,0.00132,0.07830,67,0.0029,banda<=ruido,0,113.0,1,113,0,450,1,0.008850,9.9235e-8,0.99906
Bprima,7,parada,0.3,0.8,6.8,0.0079,1.105,22,20,8,0,1.1153,0.9871,4.3392,0.0000,2.9432,4.3002,11.6292,0.26785,0.4282,0.001822,0.2727,0.00114,0.00114,0.07777,72,0.0029,banda<=ruido,0,129.0,1,129,0,400,1,0.007752,7.7816e-8,0.97769
Bprima,7,parada,0.3,0.8,6.8,0.0079,1.105,22,20,8,0,1.1288,0.8709,4.3564,0.0000,2.9320,4.2712,12.7147,0.23832,0.4244,0.001923,0.2738,0.00111,0.00111,0.07733,68,0.0027,banda<=ruido,0,146.0,1,146,0,400,1,0.006849,7.9150e-8,0.98848
Bprima,7,parada,0.3,0.8,6.8,0.0079,1.105,22,20,8,0,1.1424,0.9007,4.3362,0.0000,2.9718,4.3557,13.7676,0.24950,0.4182,0.001623,0.2747,0.00075,0.00075,0.07852,57,0.0024,banda<=ruido,0,171.0,1,171,0,300,1,0.005848,2.4966e-8,0.94764
Bprima,7,parada,0.3,0.8,6.8,0.0079,1.105,22,20,8,0,1.1559,0.9992,4.3594,0.0000,2.9603,4.3610,14.8177,0.22916,0.4137,0.001573,0.2757,0.00145,0.00145,0.07807,80,0.0022,banda<=ruido,0,187.0,1,187,0,250,1,0.005348,1.6045e-7,0.99710
Bprima,7,parada,0.3,0.8,6.8,0.0079,1.105,22,20,8,0,1.1695,0.8709,4.2892,0.0000,2.9213,4.1113,15.9046,0.20422,0.4159,0.001599,0.2769,0.00140,0.00140,0.07883,72,0.0019,banda<=ruido,0,208.0,1,208,0,350,1,0.004808,1.3655e-7,0.97149
Bprima,7,parada,0.3,0.8,6.8,0.0079,1.105,22,20,8,0,1.1831,0.9604,4.3363,0.0000,2.9704,4.1990,16.9036,0.16705,0.4096,0.001746,0.2777,0.00116,0.00116,0.07586,69,0.0019,banda<=ruido,0,242.0,1,242,0,450,1,0.004132,6.0075e-8,0.96986
Bprima,7,parada,0.3,0.8,6.8,0.0079,1.105,22,20,8,0,1.1966,0.9799,4.3212,0.0000,2.9842,4.0945,17.7989,0.14721,0.3941,0.001758,0.2777,0.00137,0.00137,0.07802,74,0.0018,banda<=ruido,0,285.0,1,285,0,550,1,0.003509,9.6196e-8,0.95839
Bprima,7,parada,0.3,0.8,6.8,0.0079,1.105,22,20,8,0,1.2102,0.9756,4.3165,0.0000,2.9448,4.2447,18.7467,0.12545,0.3940,0.001861,0.2783,0.00097,0.00097,0.07889,62,0.0018,banda<=ruido,0,318.0,1,318,0,600,1,0.003145,1.8130e-8,0.96551
Bprima,7,parada,0.3,0.8,6.8,0.0079,1.105,22,20,8,0,1.2237,0.9968,4.3590,0.0000,2.9680,4.3655,19.5899,0.12895,0.3963,0.001789,0.2780,0.00137,0.00137,0.07760,81,0.0018,banda<=ruido,0,324.0,1,324,0,600,1,0.003086,1.2455e-7,0.99659
Bprima,7,parada,0.3,0.8,6.8,0.0079,1.105,22,20,8,0,1.2373,0.7540,4.3852,0.0000,2.9906,3.9898,20.3511,0.15280,0.4063,0.001985,0.2773,0.00106,0.00106,0.07855,58,0.0020,banda<=ruido,0,291.0,1,291,0,500,1,0.003436,3.1886e-8,0.96723
Bprima,7,parada,0.3,0.8,6.8,0.0079,1.105,22,20,8,0,1.2508,0.9928,4.3531,0.0000,2.9566,4.0368,20.9838,0.16604,0.4112,0.001743,0.2755,0.00117,0.00117,0.07641,63,0.0023,banda<=ruido,0,254.0,1,254,0,350,1,0.003937,4.9346e-8,0.94893
Bprima,7,parada,0.3,0.8,6.8,0.0079,1.105,22,20,8,0,1.2644,0.9992,4.3552,0.0000,2.9781,4.4822,21.6455,0.18444,0.4253,0.001853,0.2741,0.00083,0.00083,0.07677,65,0.0026,banda<=ruido,0,241.0,1,241,0,350,1,0.004149,4.3361e-8,0.97686
Bprima,7,parada,0.3,0.8,6.8,0.0079,1.105,22,20,8,0,1.2780,0.8912,4.2704,0.0000,2.9397,3.9705,1.5435,17.72659,0.8071,0.001789,0.1586,0.00065,0.00065,0.07722,50,0.0610,banda<=ruido,0,56.0,1,56,0,350,1,0.017857,1.9485e-8,0.98803
Bprima,7,parada,0.3,0.8,6.8,0.0079,1.105,22,20,8,0,1.2915,0.9998,4.3191,0.0000,2.9291,4.4261,1.7494,16.19054,0.7813,0.001802,0.1561,0.00039,0.00039,0.07734,36,0.0629,banda<=ruido,0,56.0,1,56,0,350,1,0.017857,1.0867e-8,0.98885
Bprima,7,parada,0.3,0.8,6.8,0.0079,1.105,22,20,8,0,1.3051,0.9413,4.3566,0.0000,2.9481,4.2833,1.9278,20.16531,0.7590,0.001515,0.1536,0.00081,0.00081,0.07530,59,0.0650,banda<=ruido,0,56.0,1,56,0,350,1,0.017857,2.8744e-8,0.99020
Bprima,7,parada,0.3,0.8,6.8,0.0079,1.105,22,20,8,0,1.3186,0.9007,4.2991,0.0000,2.9518,4.3060,2.1132,16.54685,0.7358,0.001796,0.1511,0.00047,0.00047,0.07824,38,0.0667,banda<=ruido,0,56.0,1,56,0,350,1,0.017857,1.6303e-8,0.98437
Bprima,7,parada,0.3,0.8,6.8,0.0079,1.105,22,20,8,0,1.3322,0.9710,4.3386,0.0000,2.9475,4.2936,2.2734,17.62727,0.7158,0.001650,0.1486,0.00060,0.00060,0.07832,52,0.0688,banda<=ruido,0,56.0,1,56,0,350,1,0.017857,1.7454e-8,0.98650
Bprima,7,parada,0.3,0.8,6.8,0.0079,1.105,22,20,8,0,1.3458,0.9710,4.3237,0.0000,2.9389,4.3582,2.4053,30.70652,0.6993,0.001671,0.1461,0.00066,0.00066,0.07698,59,0.0707,banda<=ruido,0,56.0,1,56,0,350,1,0.017857,3.6779e-8,1.00152
Bprima,7,parada,0.3,0.8,6.8,0.0079,1.105,22,20,8,0,1.3593,0.9756,4.3186,0.0000,2.9462,4.2370,2.6088,14.46271,0.6739,0.001870,0.1439,0.00042,0.00042,0.07720,39,0.0725,banda<=ruido,0,56.0,1,56,0,350,1,0.017857,6.4262e-9,0.97916
Bprima,7,parada,0.3,0.8,6.8,0.0079,1.105,22,20,8,0,1.3729,0.9756,4.3041,0.0000,2.9284,4.3722,2.8662,16.28399,0.6417,0.001638,0.1420,0.00048,0.00048,0.07795,43,0.0742,banda<=ruido,0,56.0,1,56,0,350,1,0.017857,1.5878e-8,0.99517
Bprima,7,parada,0.3,0.8,6.8,0.0079,1.105,22,20,8,0,1.3864,0.9982,4.3867,0.0000,2.9895,4.3638,2.9555,27.14831,0.6306,0.001577,0.1395,0.00065,0.00065,0.07859,53,0.0762,banda<=ruido,0,56.0,1,56,0,350,1,0.017857,3.2476e-8,1.00288
Bprima,7,parada,0.3,0.8,6.8,0.0079,1.105,22,20,8,0,1.4000,0.9998,4.3392,0.0000,2.9330,4.4276,3.1589,14.35751,0.6051,0.001869,0.1374,0.00065,0.00065,0.07734,56,0.0776,banda<=ruido,0,56.0,1,56,0,350,1,0.017857,1.9605e-8,0.99774
Bprima,1,parada,0.65,0.8,6.8,0.0079,1.105,22,20,8,0,0.6000,0.0000,4.2924,0.0000,1.9180,0.0000,16.7923,0.00000,0.0000,0.000000,0.7800,0.00000,0.00000,0.07760,1,0.0527,banda<=ruido,1,56.0,1,56,0,350,1,0.017857,6.5725e-30,0.98319
Bprima,1,parada,0.65,0.8,6.8,0.0079,1.105,22,20,8,0,0.6136,0.0000,4.3829,0.0000,1.8689,0.0000,16.5234,0.00000,0.0000,0.000000,0.7800,0.00000,0.00000,0.07593,1,0.0527,banda<=ruido,1,56.0,1,56,0,350,1,0.017857,6.5725e-30,0.98319
Bprima,1,parada,0.65,0.8,6.8,0.0079,1.105,22,20,8,0,0.6271,0.0000,4.3218,0.0000,1.9626,0.0000,16.2253,0.00000,0.0000,0.000000,0.7800,0.00000,0.00000,0.07833,1,0.0527,banda<=ruido,1,56.0,1,56,0,350,1,0.017857,6.5725e-30,0.98319
Bprima,1,parada,0.65,0.8,6.8,0.0079,1.105,22,20,8,0,0.6407,0.0000,4.2525,0.0000,1.9647,0.0000,16.0226,0.00000,0.0000,0.000000,0.7800,0.00000,0.00000,0.07662,1,0.0527,banda<=ruido,1,56.0,1,56,0,350,1,0.017857,6.5725e-30,0.98319
Bprima,1,parada,0.65,0.8,6.8,0.0079,1.105,22,20,8,0,0.6542,0.0000,4.3978,0.0000,1.9738,0.0000,15.8141,0.00000,0.0000,0.000000,0.7800,0.00000,0.00000,0.07761,1,0.0527,banda<=ruido,1,64.0,1,64,0,400,1,0.015625,6.5725e-30,0.98319
Bprima,1,parada,0.65,0.8,6.8,0.0079,1.105,22,20,8,0,0.6678,0.9183,4.3059,0.0000,1.9636,4.2522,28.3110,0.00000,0.0000,0.000000,0.5471,0.00334,0.00334,0.07792,100,0.0351,banda<=ruido,0,33.0,1,33,0,650,1,0.030303,4.1725e-7,0.99253
Bprima,1,parada,0.65,0.8,6.8,0.0079,1.105,22,20,8,0,0.6814,0.9604,4.3665,0.2499,1.9456,4.3047,27.9794,0.00000,0.0000,0.000000,0.5320,0.00295,0.00295,0.07825,97,0.0448,banda<=ruido,0,30.0,1,30,0,400,1,0.033333,8.1673e-7,0.99511
Bprima,1,parada,0.65,0.8,6.8,0.0079,1.105,22,20,8,0,0.6949,0.8366,4.2945,0.0000,1.9446,4.2065,27.5777,4.03738,0.0115,0.001338,0.5188,0.00285,0.00285,0.07787,91,0.0527,banda<=ruido,0,29.0,1,29,0,400,1,0.034483,6.0633e-7,0.99838
Bprima,1,parada,0.65,0.8,6.8,0.0079,1.105,22,20,8,0,0.7085,0.9097,4.3645,0.0000,1.9595,4.1978,27.2368,2.33627,0.0429,0.001889,0.5057,0.00260,0.00260,0.07682,92,0.0634,banda<=ruido,0,28.0,1,28,0,400,1,0.035714,1.6946e-7,0.97298
Bprima,1,parada,0.65,0.8,6.8,0.0079,1.105,22,20,8,0,0.7220,0.9007,4.3155,0.0000,1.9752,4.1772,26.6254,6.21590,0.0972,0.002074,0.4964,0.00237,0.00237,0.07797,94,0.0700,banda<=ruido,0,28.0,1,28,0,450,1,0.035714,4.8592e-7,0.98413
Bprima,1,parada,0.65,0.8,6.8,0.0079,1.105,22,20,8,0,0.7356,0.9710,4.3692,0.1223,1.9838,4.1981,26.0826,11.68253,0.1306,0.001665,0.4866,0.00225,0.00225,0.07785,87,0.0780,banda<=ruido,0,28.0,1,28,0,500,1,0.035714,7.1988e-8,0.95946
Bprima,1,parada,0.65,0.8,6.8,0.0079,1.105,22,20,8,0,0.7492,0.9992,4.3179,0.0000,1.9906,4.1583,25.4522,11.07943,0.1627,0.001801,0.4787,0.00191,0.00191,0.07726,80,0.0855,banda<=ruido,0,29.0,1,29,0,500,1,0.034483,5.1245e-8,0.97916
Bprima,1,parada,0.65,0.8,6.8,0.0079,1.105,22,20,8,0,0.7627,0.7219,4.3592,0.0000,1.9730,4.1517,24.6820,16.80087,0.1966,0.001679,0.4724,0.00188,0.00188,0.07712,82,0.0895,banda<=ruido,0,31.0,1,31,0,550,1,0.032258,1.9430e-7,0.99258
Bprima,1,parada,0.65,0.8,6.8,0.0079,1.105,22,20,8,0,0.7763,0.6690,4.3095,0.0000,1.9651,4.1152,23.8203,18.34822,0.2047,0.001560,0.4677,0.00219,0.00219,0.07863,83,0.0932,banda<=ruido,0,41.0,1,41,0,550,1,0.024390,2.4656e-7,0.98535
Bprima,1,parada,0.65,0.8,6.8,0.0079,1.105,22,20,8,0,0.7898,0.9998,4.3559,0.0000,1.8775,4.0411,22.4909,15.78881,0.2063,0.001766,0.4694,0.00294,0.00294,0.07797,91,0.0930,banda<=ruido,0,40.0,1,40,0,500,1,0.025000,4.9605e-7,0.98653
Bprima,1,parada,0.65,0.8,6.8,0.0079,1.105,22,20,8,0,0.8034,0.8113,4.3475,0.0000,1.9063,3.6795,21.0849,11.41267,0.1844,0.001930,0.4720,0.00321,0.00321,0.07734,81,0.0914,banda<=ruido,0,39.0,1,39,0,400,1,0.025641,3.2348e-7,0.99339
Bprima,1,parada,0.65,0.8,6.8,0.0079,1.105,22,20,8,0,0.8169,0.8600,4.2680,0.0000,1.9547,4.2876,19.5273,12.10080,0.1789,0.001719,0.4763,0.00131,0.00131,0.07731,76,0.0873,banda<=ruido,0,39.0,1,39,0,350,1,0.025641,8.9651e-8,0.98333
Bprima,1,parada,0.65,0.8,6.8,0.0079,1.105,22,20,8,0,0.8305,0.9341,4.3571,0.0000,1.9529,4.3131,18.1507,9.17010,0.1536,0.001785,0.4787,0.00214,0.00214,0.07761,92,0.0846,banda<=ruido,0,39.0,1,39,0,350,1,0.025641,9.9482e-8,0.96923
Bprima,1,parada,0.65,0.8,6.8,0.0079,1.105,22,20,8,0,0.8441,0.9968,4.3639,0.0000,1.9701,4.2673,16.6404,9.68249,0.1487,0.001645,0.4833,0.00212,0.00212,0.07760,91,0.0815,banda<=ruido,0,39.0,1,39,0,300,1,0.025641,1.0657e-7,0.98638
Bprima,1,parada,0.65,0.8,6.8,0.0079,1.105,22,20,8,0,0.8576,0.9998,4.3288,0.0695,1.9868,4.3853,15.2713,6.95330,0.1300,0.001758,0.4860,0.00167,0.00167,0.07691,81,0.0795,banda<=ruido,0,40.0,1,40,0,300,1,0.025000,1.8426e-7,0.97805
Bprima,1,parada,0.65,0.8,6.8,0.0079,1.105,22,20,8,0,0.8712,0.8242,4.3433,0.0000,1.9791,4.0836,13.8292,7.22315,0.1240,0.001689,0.4899,0.00242,0.00242,0.07692,87,0.0757,banda<=ruido,0,41.0,1,41,0,300,1,0.024390,4.6897e-7,0.99977
Bprima,1,parada,0.65,0.8,6.8,0.0079,1.105,22,20,8,0,0.8847,0.8709,4.3384,0.0000,1.9863,4.0462,12.4583,5.84499,0.1126,0.001892,0.4933,0.00252,0.00252,0.07843,88,0.0742,banda<=ruido,0,42.0,1,42,0,300,1,0.023810,2.3115e-7,0.95658
Bprima,1,parada,0.65,0.8,6.8,0.0079,1.105,22,20,8,0,0.8983,0.9992,4.3369,0.0000,1.9835,4.3455,11.1724,3.83382,0.0939,0.001835,0.4956,0.00129,0.00129,0.07828,72,0.0713,banda<=ruido,0,44.0,1,44,0,300,1,0.022727,1.0558e-7,0.98845
Bprima,1,parada,0.65,0.8,6.8,0.0079,1.105,22,20,8,0,0.9119,0.7049,4.2175,0.0000,1.8738,4.0741,9.8724,3.66645,0.0801,0.001638,0.4981,0.00159,0.00159,0.07770,74,0.0688,banda<=ruido,0,45.0,1,45,0,300,1,0.022222,1.2950e-7,0.99322
Bprima,1,parada,0.65,0.8,6.8,0.0079,1.105,22,20,8,0,0.9254,0.9604,4.3671,0.0000,1.9461,4.0208,8.4883,2.80994,0.0798,0.001940,0.5024,0.00266,0.00266,0.07769,87,0.0669,banda<=ruido,0,47.0,1,47,0,300,1,0.021277,1.2191e-7,0.98982
Bprima,1,parada,0.65,0.8,6.8,0.0079,1.105,22,20,8,0,0.9390,0.9950,4.3813,0.0000,1.9627,4.4890,7.3240,2.32084,0.0550,0.001794,0.5035,0.00256,0.00256,0.07825,99,0.0647,banda<=ruido,0,49.0,1,49,0,300,1,0.020408,4.8968e-7,0.98860
Bprima,1,parada,0.65,0.8,6.8,0.0079,1.105,22,20,8,0,0.9525,0.9837,4.3465,0.1223,1.9821,4.1235,5.9821,2.55820,0.0551,0.001514,0.5069,0.00248,0.00248,0.07845,91,0.0613,banda<=ruido,0,52.0,1,52,0,350,1,0.019231,1.4239e-7,0.96820
Bprima,1,parada,0.65,0.8,6.8,0.0079,1.105,22,20,8,0,0.9661,0.9837,4.2776,0.6873,1.9703,4.2713,4.8172,1.13682,0.0358,0.001827,0.5087,0.00222,0.00222,0.07649,84,0.0607,banda<=ruido,0,54.0,1,54,0,350,1,0.018519,3.5551e-7,0.98822
Bprima,1,parada,0.65,0.8,6.8,0.0079,1.105,22,20,8,0,0.9797,0.9007,4.2353,0.0000,1.9343,4.2641,3.5718,0.85953,0.0291,0.001770,0.5117,0.00256,0.00256,0.07748,95,0.0590,banda<=ruido,0,57.0,1,57,0,350,1,0.017544,1.7156e-7,0.98681
Bprima,1,parada,0.65,0.8,6.8,0.0079,1.105,22,20,8,0,0.9932,0.9097,4.2789,0.0000,1.9888,4.3273,2.3588,0.76661,0.0210,0.001815,0.5140,0.00283,0.00283,0.07849,98,0.0566,banda<=ruido,0,60.0,1,60,0,350,1,0.016667,1.7763e-7,0.96976
Bprima,1,parada,0.65,0.8,6.8,0.0079,1.105,22,20,8,0,1.0068,0.9710,4.3702,0.0000,1.9826,4.3927,1.2030,0.39505,0.0084,0.001605,0.5161,0.00167,0.00167,0.07794,85,0.0554,banda<=ruido,0,64.0,1,64,0,350,1,0.015625,2.3986e-7,0.97231
Bprima,1,parada,0.65,0.8,6.8,0.0079,1.105,22,20,8,0,1.0203,0.9871,4.3255,0.0000,1.9373,4.2040,0.0429,14.47417,0.0029,0.001005,0.5184,0.00094,0.00094,0.07558,64,0.0536,banda<=ruido,0,68.0,1,68,0,350,1,0.014706,4.0553e-8,0.95928
Bprima,1,parada,0.65,0.8,6.8,0.0079,1.105,22,20,8,0,1.0339,0.9902,4.3684,0.0000,1.9780,4.2851,1.1949,2.69914,0.0052,0.000771,0.5213,0.00416,0.00416,0.07811,104,0.0523,banda<=ruido,0,73.0,1,73,0,400,1,0.013699,8.7648e-7,0.97990
Bprima,1,parada,0.65,0.8,6.8,0.0079,1.105,22,20,8,0,1.0475,0.9998,4.3248,0.0000,1.9204,4.2201,2.3354,1.85412,0.0004,0.000147,0.5236,0.00177,0.00177,0.07789,82,0.0502,banda<=ruido,0,79.0,1,79,0,400,1,0.012658,1.5557e-7,0.99432
Bprima,1,parada,0.65,0.8,6.8,0.0079,1.105,22,20,8,0,1.0610,0.9264,4.3265,0.0000,1.9536,4.1326,3.4059,0.00000,0.0000,0.000000,0.5250,0.00259,0.00259,0.07721,87,0.0499,banda<=ruido,0,85.0,1,85,0,400,1,0.011765,2.1857e-7,0.99416
Bprima,1,parada,0.65,0.8,6.8,0.0079,1.105,22,20,8,0,1.0746,0.9341,4.2826,0.0000,1.9926,4.2887,4.5615,0.00000,0.0000,0.000000,0.5278,0.00420,0.00420,0.07870,107,0.0486,banda<=ruido,0,93.0,1,93,0,400,1,0.010753,6.9206e-7,0.99734
Bprima,1,parada,0.65,0.8,6.8,0.0079,1.105,22,20,8,0,1.0881,0.9183,4.3316,0.0000,1.9684,4.1619,5.6619,0.00000,0.0000,0.000000,0.5295,0.00084,0.00084,0.07854,57,0.0462,banda<=ruido,0,103.0,1,103,0,400,1,0.009709,2.6917e-8,0.91916
Bprima,1,parada,0.65,0.8,6.8,0.0079,1.105,22,20,8,0,1.1017,0.9183,4.3147,0.8485,1.9249,4.2978,6.7504,0.00000,0.0000,0.000000,0.5315,0.00307,0.00307,0.07579,94,0.0450,banda<=ruido,0,113.0,1,113,0,450,1,0.008850,4.2794e-7,0.99020
Bprima,1,parada,0.65,0.8,6.8,0.0079,1.105,22,20,8,0,1.1153,0.9992,4.3411,0.0000,1.9461,4.2652,7.7574,0.00000,0.0000,0.000000,0.5325,0.00245,0.00245,0.07730,93,0.0438,banda<=ruido,0,129.0,1,129,0,400,1,0.007752,5.0009e-7,0.97861
Bprima,1,parada,0.65,0.8,6.8,0.0079,1.105,22,20,8,0,1.1288,0.8242,4.3396,0.0000,1.9542,4.1830,8.8144,0.00000,0.0000,0.000000,0.5340,0.00225,0.00225,0.07761,87,0.0420,banda<=ruido,0,146.0,1,146,0,400,1,0.006849,3.1652e-7,0.96039
Bprima,1,parada,0.65,0.8,6.8,0.0079,1.105,22,20,8,0,1.1424,0.9950,4.3751,0.0000,1.9849,4.1561,9.8901,0.00000,0.0000,0.000000,0.5361,0.00274,0.00274,0.07789,88,0.0413,banda<=ruido,0,171.0,1,171,0,300,1,0.005848,4.2127e-7,0.99905
Bprima,1,parada,0.65,0.8,6.8,0.0079,1.105,22,20,8,0,1.1559,0.9544,4.3113,0.0000,1.9957,4.3432,10.8814,0.00000,0.0000,0.000000,0.5373,0.00286,0.00286,0.07829,94,0.0403,banda<=ruido,0,187.0,1,187,0,250,1,0.005348,1.6741e-7,0.97314
Bprima,1,parada,0.65,0.8,6.8,0.0079,1.105,22,20,8,0,1.1695,0.9756,4.3843,0.0000,1.9826,4.3457,11.8873,0.00000,0.0000,0.000000,0.5388,0.00274,0.00274,0.07768,93,0.0394,banda<=ruido,0,208.0,1,208,0,350,1,0.004808,4.0489e-7,0.97464
Bprima,1,parada,0.65,0.8,6.8,0.0079,1.105,22,20,8,0,1.1831,0.8113,4.3299,0.0000,1.9553,4.1920,12.9792,0.00000,0.0000,0.000000,0.5415,0.00233,0.00233,0.07838,91,0.0379,banda<=ruido,0,242.0,1,242,0,450,1,0.004132,2.8268e-7,0.98243
Bprima,1,parada,0.65,0.8,6.8,0.0079,1.105,22,20,8,0,1.1966,0.9097,4.3483,0.0000,1.9739,4.2456,13.9038,0.00000,0.0000,0.000000,0.5419,0.00278,0.00278,0.07849,91,0.0372,banda<=ruido,0,285.0,1,285,0,550,1,0.003509,4.7471e-7,0.97990
Bprima,1,parada,0.65,0.8,6.8,0.0079,1.105,22,20,8,0,1.2102,0.9982,4.3214,0.0000,1.9900,4.3513,14.9020,0.00000,0.0000,0.000000,0.5436,0.00274,0.00274,0.07713,94,0.0371,banda<=ruido,0,318.0,1,318,0,600,1,0.003145,4.4560e-7,0.99210
Bprima,1,parada,0.65,0.8,6.8,0.0079,1.105,22,20,8,0,1.2237,0.9928,4.2826,0.0000,1.9871,4.1640,15.6705,0.00000,0.0000,0.000000,0.5421,0.00278,0.00278,0.07780,90,0.0380,banda<=ruido,0,324.0,1,324,0,600,1,0.003086,3.0440e-7,0.99117
Bprima,1,parada,0.65,0.8,6.8,0.0079,1.105,22,20,8,0,1.2373,0.9659,4.3984,0.0000,1.9984,4.3603,16.4534,0.00000,0.0000,0.000000,0.5408,0.00368,0.00368,0.07786,104,0.0388,banda<=ruido,0,291.0,1,291,0,500,1,0.003436,7.1162e-7,0.99451
Bprima,1,parada,0.65,0.8,6.8,0.0079,1.105,22,20,8,0,1.2508,0.8813,4.3395,0.0000,1.9436,4.2644,17.1327,0.00000,0.0000,0.000000,0.5384,0.00310,0.00310,0.07802,98,0.0410,banda<=ruido,0,254.0,1,254,0,350,1,0.003937,8.7897e-7,0.99497
Bprima,1,parada,0.65,0.8,6.8,0.0079,1.105,22,20,8,0,1.2644,0.9871,4.3760,0.0000,1.9819,4.1762,17.7450,0.00000,0.0000,0.000000,0.5348,0.00208,0.00208,0.07875,85,0.0424,banda<=ruido,0,241.0,1,241,0,350,1,0.004149,2.7283e-7,0.98287
Bprima,1,parada,0.65,0.8,6.8,0.0079,1.105,22,20,8,0,1.2780,0.9264,4.3169,0.0000,1.9762,4.2616,0.8388,127.25780,0.8951,0.001704,0.3237,0.00178,0.00178,0.07850,80,0.2370,banda<=ruido,0,56.0,1,56,0,350,1,0.017857,2.1210e-7,0.97512
Bprima,1,parada,0.65,0.8,6.8,0.0079,1.105,22,20,8,0,1.2915,0.8366,4.3716,0.0000,1.9860,4.2280,0.6028,104.99330,0.9246,0.001788,0.3189,0.00151,0.00151,0.07710,79,0.2434,banda<=ruido,0,56.0,1,56,0,350,1,0.017857,1.2574e-7,0.97805
Bprima,1,parada,0.65,0.8,6.8,0.0079,1.105,22,20,8,0,1.3051,0.7838,4.3443,0.0000,1.9704,3.9918,0.4418,120.34972,0.9448,0.001686,0.3137,0.00137,0.00137,0.07740,70,0.2496,banda<=ruido,0,56.0,1,56,0,350,1,0.017857,6.0161e-8,0.96822
Bprima,1,parada,0.65,0.8,6.8,0.0079,1.105,22,20,8,0,1.3186,0.9413,4.3642,0.0000,1.9757,4.1309,0.2088,102.52917,0.9739,0.001971,0.3091,0.00152,0.00152,0.07721,71,0.2542,banda<=ruido,0,56.0,1,56,0,350,1,0.017857,1.3210e-7,0.97799
Bprima,1,parada,0.65,0.8,6.8,0.0079,1.105,22,20,8,0,1.3322,0.9998,4.2538,0.0000,1.9939,4.2977,0.0678,126.82914,0.9915,0.001520,0.3042,0.00155,0.00155,0.07800,84,0.2587,banda<=ruido,0,56.0,1,56,0,350,1,0.017857,3.4503e-8,0.96426
Bprima,1,parada,0.65,0.8,6.8,0.0079,1.105,22,20,8,0,1.3458,0.6303,4.3623,0.0000,1.9851,4.0688,0.1636,127.65767,0.9796,0.001671,0.2994,0.00131,0.00131,0.07773,70,0.2634,banda<=ruido,0,56.0,1,56,0,350,1,0.017857,8.4453e-8,0.93288
Bprima,1,parada,0.65,0.8,6.8,0.0079,1.105,22,20,8,0,1.3593,0.9264,4.3577,0.0000,1.9411,4.2463,0.4106,113.26280,0.9487,0.001647,0.2952,0.00098,0.00098,0.07782,68,0.2690,banda<=ruido,0,56.0,1,56,0,350,1,0.017857,3.3982e-8,0.97316
Bprima,1,parada,0.65,0.8,6.8,0.0079,1.105,22,20,8,0,1.3729,0.6098,4.3409,0.0000,1.9869,3.9559,0.6185,118.62536,0.9227,0.001622,0.2910,0.00100,0.00100,0.07768,57,0.2744,banda<=ruido,0,56.0,1,56,0,350,1,0.017857,3.8646e-8,0.94248
Bprima,1,parada,0.65,0.8,6.8,0.0079,1.105,22,20,8,0,1.3864,0.8242,4.3320,0.0000,1.9782,4.0346,0.8736,110.14125,0.8908,0.001721,0.2870,0.00135,0.00135,0.07799,73,0.2784,banda<=ruido,0,56.0,1,56,0,350,1,0.017857,1.4351e-7,0.98435
Bprima,1,parada,0.65,0.8,6.8,0.0079,1.105,22,20,8,0,1.4000,0.9902,4.3036,0.0000,1.9655,4.3179,0.9761,115.89394,0.8780,0.001607,0.2823,0.00134,0.00134,0.07806,79,0.2836,banda<=ruido,0,56.0,1,56,0,350,1,0.017857,1.0668e-7,1.00005
Bprima,5,parada,0.3,0.8,6.8,0.0079,1.105,22,20,12,0,0.6000,0.0000,4.3401,0.0000,2.8150,0.0000,10.4496,0.00000,0.0000,0.000000,0.3600,0.00000,0.00000,0.07812,1,0.0128,banda<=ruido,1,56.0,1,56,0,350,1,0.017857,5.4794e-32,0.98192
Bprima,5,parada,0.3,0.8,6.8,0.0079,1.105,22,20,12,0,0.6136,0.0000,4.3624,0.0000,2.8531,0.0000,10.2328,0.00000,0.0000,0.000000,0.3600,0.00000,0.00000,0.07795,1,0.0128,banda<=ruido,1,56.0,1,56,0,350,1,0.017857,5.4794e-32,0.98192
Bprima,5,parada,0.3,0.8,6.8,0.0079,1.105,22,20,12,0,0.6271,0.0000,4.3735,0.0000,2.8742,0.0000,9.9889,0.00000,0.0000,0.000000,0.3600,0.00000,0.00000,0.07887,1,0.0128,banda<=ruido,1,56.0,1,56,0,350,1,0.017857,5.4794e-32,0.98192
Bprima,5,parada,0.3,0.8,6.8,0.0079,1.105,22,20,12,0,0.6407,0.0000,4.3171,0.0000,2.8846,0.0000,9.7714,0.00000,0.0000,0.000000,0.3600,0.00000,0.00000,0.07843,1,0.0128,banda<=ruido,1,56.0,1,56,0,350,1,0.017857,5.4794e-32,0.98192
Bprima,5,parada,0.3,0.8,6.8,0.0079,1.105,22,20,12,0,0.6542,0.0000,4.3266,0.0000,2.8025,0.0000,9.6301,0.00000,0.0000,0.000000,0.3600,0.00000,0.00000,0.07696,1,0.0128,banda<=ruido,1,64.0,1,64,0,400,1,0.015625,5.4794e-32,0.98192
Bprima,5,parada,0.3,0.8,6.8,0.0079,1.105,22,20,12,0,0.6678,0.9928,4.3772,0.0000,2.8718,4.1225,24.1986,1.03252,0.4027,0.001539,0.2733,0.00233,0.00233,0.07805,85,0.0028,banda<=ruido,0,33.0,1,33,0,650,1,0.030303,2.2706e-7,0.96699
Bprima,5,parada,0.3,0.8,6.8,0.0079,1.105,22,20,12,0,0.6814,0.9604,4.3382,0.0000,2.8044,4.2023,23.9186,2.54972,0.4612,0.001638,0.2614,0.00181,0.00181,0.07721,85,0.0053,banda<=ruido,0,30.0,1,30,0,400,1,0.033333,2.0218e-7,0.97259
Bprima,5,parada,0.3,0.8,6.8,0.0079,1.105,22,20,12,0,0.6949,0.8709,4.3141,0.0000,2.8588,4.2278,23.7205,3.69142,0.4916,0.001726,0.2498,0.00166,0.00166,0.07749,77,0.0089,banda<=ruido,0,29.0,1,29,0,400,1,0.034483,1.7180e-7,0.97029
Bprima,5,parada,0.3,0.8,6.8,0.0079,1.105,22,20,12,0,0.7085,0.9756,4.3790,0.0000,2.7871,4.4463,23.1811,5.24133,0.5499,0.001755,0.2419,0.00150,0.00150,0.07834,86,0.0118,banda<=ruido,0,28.0,1,28,0,400,1,0.035714,1.4995e-7,0.99650
Bprima,5,parada,0.3,0.8,6.8,0.0079,1.105,22,20,12,0,0.7220,0.8709,4.3215,0.0000,2.7985,4.2820,22.7497,6.77546,0.5817,0.001825,0.2336,0.00115,0.00115,0.07791,69,0.0155,banda<=ruido,0,28.0,1,28,0,450,1,0.035714,8.0330e-8,0.98538
Bprima,5,parada,0.3,0.8,6.8,0.0079,1.105,22,20,12,0,0.7356,0.9183,4.3194,0.7383,2.8016,4.2246,22.1513,8.81818,0.6221,0.001645,0.2272,0.00159,0.00159,0.07830,78,0.0184,banda<=ruido,0,28.0,1,28,0,500,1,0.035714,1.1636e-7,0.99036
Bprima,5,parada,0.3,0.8,6.8,0.0079,1.105,22,20,12,0,0.7492,0.8709,4.3531,0.0000,2.8587,4.1794,21.5779,11.47064,0.6470,0.001589,0.2209,0.00155,0.00155,0.07784,77,0.0212,banda<=ruido,0,29.0,1,29,0,500,1,0.034483,1.5423e-7,0.99270
Bprima,5,parada,0.3,0.8,6.8,0.0079,1.105,22,20,12,0,0.7627,0.9950,4.3333,0.0000,2.8799,4.3702,20.8441,10.89654,0.6763,0.001857,0.2165,0.00132,0.00132,0.07809,79,0.0236,banda<=ruido,0,31.0,1,31,0,550,1,0.032258,1.4750e-7,1.00055
Bprima,5,parada,0.3,0.8,6.8,0.0079,1.105,22,20,12,0,0.7763,0.8912,4.3760,0.0000,2.9058,4.2441,19.9084,13.07015,0.6937,0.001756,0.2139,0.00172,0.00172,0.07871,85,0.0253,banda<=ruido,0,41.0,1,41,0,550,1,0.024390,1.8213e-7,0.98501
Bprima,5,parada,0.3,0.8,6.8,0.0079,1.105,22,20,12,0,0.7898,0.8366,4.3503,0.0000,2.8262,4.1962,18.6728,11.33421,0.6835,0.001771,0.2140,0.00137,0.00137,0.07802,71,0.0250,banda<=ruido,0,40.0,1,40,0,500,1,0.025000,9.5793e-8,0.97063
Bprima,5,parada,0.3,0.8,6.8,0.0079,1.105,22,20,12,0,0.8034,0.9710,4.3731,0.7049,2.8959,4.3409,17.2400,9.84323,0.6650,0.001830,0.2160,0.00183,0.00183,0.07816,83,0.0241,banda<=ruido,0,39.0,1,39,0,400,1,0.025641,2.0224e-7,0.99706
Bprima,5,parada,0.3,0.8,6.8,0.0079,1.105,22,20,12,0,0.8169,0.9097,4.3309,0.0000,2.7541,4.2876,15.7514,8.87510,0.6509,0.001700,0.2185,0.00115,0.00115,0.07659,68,0.0225,banda<=ruido,0,39.0,1,39,0,350,1,0.025641,9.2321e-8,0.98469
Bprima,5,parada,0.3,0.8,6.8,0.0079,1.105,22,20,12,0,0.8305,0.7049,4.3863,0.0000,2.7756,4.0598,14.1989,7.69654,0.6475,0.001748,0.2218,0.00124,0.00124,0.07749,69,0.0213,banda<=ruido,0,39.0,1,39,0,350,1,0.025641,7.6651e-8,0.94451
Bprima,5,parada,0.3,0.8,6.8,0.0079,1.105,22,20,12,0,0.8441,0.7219,4.2801,0.0000,2.8983,3.9269,12.7339,5.99397,0.6370,0.001882,0.2247,0.00120,0.00120,0.07787,60,0.0200,banda<=ruido,0,39.0,1,39,0,300,1,0.025641,3.3018e-8,0.96319
Bprima,5,parada,0.3,0.8,6.8,0.0079,1.105,22,20,12,0,0.8576,0.9710,4.3274,0.0000,2.7604,4.3949,11.3873,5.38387,0.6155,0.001863,0.2264,0.00108,0.00108,0.07837,70,0.0189,banda<=ruido,0,40.0,1,40,0,300,1,0.025000,2.8321e-8,0.98119
Bprima,5,parada,0.3,0.8,6.8,0.0079,1.105,22,20,12,0,0.8712,0.9998,4.3187,0.0000,2.8697,4.3219,9.9898,5.77145,0.6040,0.001717,0.2287,0.00211,0.00211,0.07800,93,0.0175,banda<=ruido,0,41.0,1,41,0,300,1,0.024390,2.2436e-7,0.99153
Bprima,5,parada,0.3,0.8,6.8,0.0079,1.105,22,20,12,0,0.8847,0.8600,4.3406,0.0000,2.8223,4.2649,8.6876,4.08149,0.5840,0.001893,0.2305,0.00086,0.00086,0.07830,55,0.0170,banda<=ruido,0,42.0,1,42,0,300,1,0.023810,4.6662e-8,0.96456
Bprima,5,parada,0.3,0.8,6.8,0.0079,1.105,22,20,12,0,0.8983,0.7540,4.3700,0.0000,2.8823,4.1543,7.3373,4.33276,0.5733,0.001654,0.2327,0.00181,0.00181,0.07857,82,0.0157,banda<=ruido,0,44.0,1,44,0,300,1,0.022727,1.2622e-7,0.95719
Bprima,5,parada,0.3,0.8,6.8,0.0079,1.105,22,20,12,0,0.9119,0.9264,4.3212,0.0000,2.7886,4.3494,5.9539,3.29795,0.5699,0.001938,0.2353,0.00150,0.00150,0.07615,84,0.0146,banda<=ruido,0,45.0,1,45,0,300,1,0.022222,1.3956e-7,0.99931
Bprima,5,parada,0.3,0.8,6.8,0.0079,1.105,22,20,12,0,0.9254,0.9871,4.4021,0.0000,2.8378,4.2012,4.6451,3.39880,0.5602,0.001702,0.2375,0.00167,0.00167,0.07758,83,0.0135,banda<=ruido,0,47.0,1,47,0,300,1,0.021277,1.6025e-7,0.97817
Bprima,5,parada,0.3,0.8,6.8,0.0079,1.105,22,20,12,0,0.9390,1.0000,4.2738,0.9928,2.7928,4.3106,3.3574,3.24479,0.5508,0.001562,0.2395,0.00172,0.00172,0.07746,85,0.0131,banda<=ruido,0,49.0,1,49,0,300,1,0.020408,2.8342e-7,0.99627
Bprima,5,parada,0.3,0.8,6.8,0.0079,1.105,22,20,12,0,0.9525,0.9264,4.2878,0.0000,2.8217,4.1301,2.0699,2.65816,0.5441,0.001747,0.2417,0.00229,0.00229,0.07726,90,0.0121,banda<=ruido,0,52.0,1,52,0,350,1,0.019231,2.8976e-7,0.99306
Bprima,5,parada,0.3,0.8,6.8,0.0079,1.105,22,20,12,0,0.9661,0.9871,4.3292,0.0000,2.8874,4.0213,0.7805,1.93034,0.5404,0.001841,0.2442,0.00185,0.00185,0.07850,77,0.0115,banda<=ruido,0,54.0,1,54,0,350,1,0.018519,1.8088e-7,0.98494
Bprima,5,parada,0.3,0.8,6.8,0.0079,1.105,22,20,12,0,0.9797,0.8709,4.3196,0.0000,2.8161,4.2476,0.3582,1.80692,0.5204,0.001791,0.2452,0.00126,0.00126,0.07785,73,0.0108,banda<=ruido,0,57.0,1,57,0,350,1,0.017544,8.5930e-8,0.96167
Bprima,5,parada,0.3,0.8,6.8,0.0079,1.105,22,20,12,0,0.9932,0.8813,4.3395,0.0000,2.8847,4.0073,1.6075,1.83509,0.5166,0.001636,0.2472,0.00169,0.00169,0.07793,72,0.0099,banda<=ruido,0,60.0,1,60,0,350,1,0.016667,5.8647e-8,0.97466
Bprima,5,parada,0.3,0.8,6.8,0.0079,1.105,22,20,12,0,1.0068,0.9928,4.3865,0.0000,2.8222,4.3276,2.8570,1.65516,0.5153,0.001611,0.2495,0.00205,0.00205,0.07874,88,0.0089,banda<=ruido,0,64.0,1,64,0,350,1,0.015625,4.1333e-8,0.98398
Bprima,5,parada,0.3,0.8,6.8,0.0079,1.105,22,20,12,0,1.0203,0.6690,4.3658,0.9413,2.7985,3.9540,4.0702,1.35381,0.5118,0.001758,0.2516,0.00263,0.00263,0.07650,84,0.0085,banda<=ruido,0,68.0,1,68,0,350,1,0.014706,8.8156e-8,0.91993
Bprima,5,parada,0.3,0.8,6.8,0.0079,1.105,22,20,12,0,1.0339,0.8813,4.3590,0.2864,2.7892,3.9652,5.1077,1.22097,0.4885,0.001682,0.2522,0.00105,0.00105,0.07624,59,0.0082,banda<=ruido,0,73.0,1,73,0,400,1,0.013699,4.4915e-8,0.94741
Bprima,5,parada,0.3,0.8,6.8,0.0079,1.105,22,20,12,0,1.0475,0.9982,4.3163,0.0000,2.7308,4.3452,6.3037,1.26491,0.4871,0.001608,0.2542,0.00246,0.00246,0.07543,93,0.0076,banda<=ruido,0,79.0,1,79,0,400,1,0.012658,3.9180e-7,1.00196
Bprima,5,parada,0.3,0.8,6.8,0.0079,1.105,22,20,12,0,1.0610,0.9659,4.4040,0.0000,2.8857,4.3972,7.4849,0.97989,0.4860,0.001685,0.2563,0.00210,0.00210,0.07862,90,0.0068,banda<=ruido,0,85.0,1,85,0,400,1,0.011765,2.7145e-7,1.00273
Bprima,5,parada,0.3,0.8,6.8,0.0079,1.105,22,20,12,0,1.0746,0.9799,4.3433,0.0000,2.7917,4.3071,8.5101,0.93773,0.4673,0.001719,0.2570,0.00157,0.00157,0.07762,81,0.0066,banda<=ruido,0,93.0,1,93,0,400,1,0.010753,1.3272e-7,0.96887
Bprima,5,parada,0.3,0.8,6.8,0.0079,1.105,22,20,12,0,1.0881,0.9968,4.2939,0.0000,2.7923,4.0279,9.6535,0.68647,0.4654,0.001815,0.2591,0.00158,0.00158,0.07743,73,0.0064,banda<=ruido,0,103.0,1,103,0,400,1,0.009709,1.1014e-7,0.96411
Bprima,5,parada,0.3,0.8,6.8,0.0079,1.105,22,20,12,0,1.1017,0.9998,4.2978,0.0000,2.8040,4.1559,10.6805,0.56627,0.4508,0.001869,0.2599,0.00182,0.00182,0.07714,79,0.0060,banda<=ruido,0,113.0,1,113,0,450,1,0.008850,7.9197e-8,0.97577
Bprima,5,parada,0.3,0.8,6.8,0.0079,1.105,22,20,12,0,1.1153,0.8813,4.3555,0.0000,2.8222,4.3202,11.7808,0.57820,0.4471,0.001742,0.2615,0.00231,0.00231,0.07779,93,0.0056,banda<=ruido,0,129.0,1,129,0,400,1,0.007752,2.3704e-7,0.99340
Bprima,5,parada,0.3,0.8,6.8,0.0079,1.105,22,20,12,0,1.1288,0.8113,4.3125,0.7838,2.7453,3.8978,12.8989,0.54566,0.4474,0.001689,0.2635,0.00269,0.00269,0.07652,82,0.0050,banda<=ruido,0,146.0,1,146,0,400,1,0.006849,3.5690e-7,0.99532
Bprima,5,parada,0.3,0.8,6.8,0.0079,1.105,22,20,12,0,1.1424,0.9992,4.3433,0.9710,2.8406,4.2719,13.9071,0.47282,0.4357,0.001668,0.2644,0.00291,0.00291,0.07700,91,0.0047,banda<=ruido,0,171.0,1,171,0,300,1,0.005848,3.4835e-7,0.97354
Bprima,5,parada,0.3,0.8,6.8,0.0079,1.105,22,20,12,0,1.1559,0.8485,4.3331,0.0000,2.8248,4.2547,14.9032,0.42063,0.4244,0.001690,0.2652,0.00139,0.00139,0.07634,79,0.0045,banda<=ruido,0,187.0,1,187,0,250,1,0.005348,1.1839e-7,0.99596
Bprima,5,parada,0.3,0.8,6.8,0.0079,1.105,22,20,12,0,1.1695,0.9968,4.2964,0.0000,2.8565,4.2028,15.9930,0.33102,0.4270,0.001952,0.2672,0.00204,0.00204,0.07853,85,0.0043,banda<=ruido,0,208.0,1,208,0,350,1,0.004808,2.6996e-7,0.96148
Bprima,5,parada,0.3,0.8,6.8,0.0079,1.105,22,20,12,0,1.1831,0.9544,4.2320,0.0000,2.7957,4.1405,16.9775,0.35545,0.4188,0.001553,0.2678,0.00249,0.00249,0.07838,88,0.0037,banda<=ruido,0,242.0,1,242,0,450,1,0.004132,4.6565e-8,0.96974
Bprima,5,parada,0.3,0.8,6.8,0.0079,1.105,22,20,12,0,1.1966,0.9799,4.2682,0.0000,2.8688,4.3429,17.9915,0.27711,0.4182,0.001697,0.2695,0.00194,0.00194,0.07804,91,0.0035,banda<=ruido,0,285.0,1,285,0,550,1,0.003509,3.1251e-7,1.00119
Bprima,5,parada,0.3,0.8,6.8,0.0079,1.105,22,20,12,0,1.2102,0.9756,4.3230,0.0000,2.8388,4.2336,18.8948,0.26101,0.4126,0.001874,0.2696,0.00178,0.00178,0.07797,88,0.0033,banda<=ruido,0,318.0,1,318,0,600,1,0.003145,1.9248e-7,0.95751
Bprima,5,parada,0.3,0.8,6.8,0.0079,1.105,22,20,12,0,1.2237,0.9871,4.2973,0.0000,2.8669,4.3537,19.7485,0.31406,0.4161,0.001709,0.2692,0.00256,0.00256,0.07827,96,0.0033,banda<=ruido,0,324.0,1,324,0,600,1,0.003086,3.6995e-7,0.96133
Bprima,5,parada,0.3,0.8,6.8,0.0079,1.105,22,20,12,0,1.2373,0.9968,4.2558,0.0000,2.6947,4.1722,20.4484,0.32906,0.4184,0.001611,0.2674,0.00180,0.00180,0.07770,78,0.0039,banda<=ruido,0,291.0,1,291,0,500,1,0.003436,1.0223e-7,0.99414
Bprima,5,parada,0.3,0.8,6.8,0.0079,1.105,22,20,12,0,1.2508,0.9950,4.3196,0.0000,2.7629,4.2954,21.1161,0.31677,0.4277,0.001832,0.2654,0.00172,0.00172,0.07752,85,0.0045,banda<=ruido,0,254.0,1,254,0,350,1,0.003937,1.4477e-7,0.97527
Bprima,5,parada,0.3,0.8,6.8,0.0079,1.105,22,20,12,0,1.2644,0.9992,4.3115,0.9544,2.8510,4.4489,21.8394,0.45275,0.4495,0.001692,0.2638,0.00199,0.00199,0.07883,90,0.0047,banda<=ruido,0,241.0,1,241,0,350,1,0.004149,1.6443e-7,0.99382
Bprima,5,parada,0.3,0.8,6.8,0.0079,1.105,22,20,12,0,1.2780,0.8912,4.3620,0.3843,2.8911,4.2088,2.2013,21.56519,0.7249,0.001795,0.1183,0.00091,0.00091,0.07871,64,0.0934,banda<=ruido,0,56.0,1,56,0,350,1,0.017857,4.1898e-8,0.96619
Bprima,5,parada,0.3,0.8,6.8,0.0079,1.105,22,20,12,0,1.2915,0.9871,4.2654,0.0000,2.8580,4.2046,2.4485,20.78439,0.6939,0.001696,0.1157,0.00102,0.00102,0.07854,67,0.0964,banda<=ruido,0,56.0,1,56,0,350,1,0.017857,6.3739e-8,1.00086
Bprima,5,parada,0.3,0.8,6.8,0.0079,1.105,22,20,12,0,1.3051,0.9982,4.3737,0.0000,2.7918,4.3990,2.6003,291.59796,0.6750,0.001882,0.1126,0.00085,0.00085,0.07743,66,0.0986,banda<=ruido,0,56.0,1,56,0,350,1,0.017857,5.3955e-8,0.99257
Bprima,5,parada,0.3,0.8,6.8,0.0079,1.105,22,20,12,0,1.3186,0.9982,4.3898,0.0000,2.8472,4.1563,2.7707,266.25338,0.6537,0.001700,0.1099,0.00087,0.00087,0.07738,55,0.1011,banda<=ruido,0,56.0,1,56,0,350,1,0.017857,4.4021e-8,0.99670
Bprima,5,parada,0.3,0.8,6.8,0.0079,1.105,22,20,12,0,1.3322,0.9928,4.2660,0.0000,2.7858,4.4437,2.9770,20.18836,0.6279,0.001775,0.1074,0.00078,0.00078,0.07720,59,0.1034,banda<=ruido,0,56.0,1,56,0,350,1,0.017857,4.6346e-8,0.99394
Bprima,5,parada,0.3,0.8,6.8,0.0079,1.105,22,20,12,0,1.3458,0.7838,4.3880,0.0000,2.8306,4.0420,3.0830,21.31655,0.6146,0.001618,0.1045,0.00052,0.00052,0.07821,42,0.1060,banda<=ruido,0,56.0,1,56,0,350,1,0.017857,1.2660e-8,0.98864
Bprima,5,parada,0.3,0.8,6.8,0.0079,1.105,22,20,12,0,1.3593,0.7540,4.3176,0.0000,2.8753,4.1463,3.3608,17.03057,0.5799,0.001872,0.1024,0.00109,0.00109,0.07706,68,0.1080,banda<=ruido,0,56.0,1,56,0,350,1,0.017857,5.0920e-8,0.98132
Bprima,5,parada,0.3,0.8,6.8,0.0079,1.105,22,20,12,0,1.3729,0.7978,4.3816,0.0000,2.8238,4.0124,3.4434,17.62142,0.5696,0.001817,0.0998,0.00084,0.00084,0.07751,53,0.1107,banda<=ruido,0,56.0,1,56,0,350,1,0.017857,3.9418e-8,1.00027
Bprima,5,parada,0.3,0.8,6.8,0.0079,1.105,22,20,12,0,1.3864,0.9413,4.3222,0.0000,2.8250,4.3359,3.6252,16.99759,0.5469,0.001841,0.0975,0.00075,0.00075,0.07818,59,0.1126,banda<=ruido,0,56.0,1,56,0,350,1,0.017857,4.9134e-8,0.98863
Bprima,5,parada,0.3,0.8,6.8,0.0079,1.105,22,20,12,0,1.4000,0.8813,4.3155,0.0000,2.7813,4.3308,3.8431,21.65095,0.5196,0.001490,0.0954,0.00040,0.00040,0.07878,39,0.1145,banda<=ruido,0,56.0,1,56,0,350,1,0.017857,1.1038e-8,0.95651
Bprima,9,parada,0.47,0.8,6.8,0.0079,1.105,22,20,12,0,0.6000,0.0000,4.3494,0.0000,2.0923,0.0000,13.5194,0.00000,0.0000,0.000000,0.5640,0.00000,0.00000,0.07783,1,0.0295,banda<=ruido,1,56.0,1,56,0,350,1,0.017857,1.2418e-31,0.97858
Bprima,9,parada,0.47,0.8,6.8,0.0079,1.105,22,20,12,0,0.6136,0.0000,4.2965,0.0000,2.1337,0.0000,13.2697,0.00000,0.0000,0.000000,0.5640,0.00000,0.00000,0.07841,1,0.0295,banda<=ruido,1,56.0,1,56,0,350,1,0.017857,1.2418e-31,0.97858
Bprima,9,parada,0.47,0.8,6.8,0.0079,1.105,22,20,12,0,0.6271,0.0000,4.3496,0.0000,2.2530,0.0000,13.0665,0.00000,0.0000,0.000000,0.5640,0.00000,0.00000,0.07825,1,0.0295,banda<=ruido,1,56.0,1,56,0,350,1,0.017857,1.2418e-31,0.97858
Bprima,9,parada,0.47,0.8,6.8,0.0079,1.105,22,20,12,0,0.6407,0.0000,4.3179,0.0000,1.9800,0.0000,12.8005,0.00000,0.0000,0.000000,0.5640,0.00000,0.00000,0.07647,1,0.0295,banda<=ruido,1,56.0,1,56,0,350,1,0.017857,1.2418e-31,0.97858
Bprima,9,parada,0.47,0.8,6.8,0.0079,1.105,22,20,12,0,0.6542,0.0000,4.3077,0.0000,2.2176,0.0000,12.5632,0.00000,0.0000,0.000000,0.5640,0.00000,0.00000,0.07862,1,0.0295,banda<=ruido,1,64.0,1,64,0,400,1,0.015625,1.2418e-31,0.97858
Bprima,9,parada,0.47,0.8,6.8,0.0079,1.105,22,20,12,0,0.6678,0.9183,4.3144,0.0000,2.1324,4.1608,26.1402,2.74943,0.1600,0.001700,0.3960,0.00222,0.00222,0.07846,85,0.0188,banda<=ruido,0,33.0,1,33,0,650,1,0.030303,1.7119e-7,0.95712
Bprima,9,parada,0.47,0.8,6.8,0.0079,1.105,22,20,12,0,0.6814,0.7219,4.2703,0.0000,2.1340,4.0830,25.7856,4.77487,0.2279,0.001758,0.3800,0.00152,0.00152,0.07759,70,0.0270,banda<=ruido,0,30.0,1,30,0,400,1,0.033333,1.0727e-7,0.99036
Bprima,9,parada,0.47,0.8,6.8,0.0079,1.105,22,20,12,0,0.6949,0.7838,4.3823,0.0000,2.1398,3.9037,25.4279,9.50277,0.2782,0.001591,0.3652,0.00416,0.00416,0.07729,92,0.0347,banda<=ruido,0,29.0,1,29,0,400,1,0.034483,5.8100e-7,0.97824
Bprima,9,parada,0.47,0.8,6.8,0.0079,1.105,22,20,12,0,0.7085,0.9544,4.3792,0.0000,2.1663,4.4245,24.9177,10.96851,0.3328,0.001938,0.3536,0.00097,0.00097,0.07811,66,0.0437,banda<=ruido,0,28.0,1,28,0,400,1,0.035714,7.5928e-8,0.96179
Bprima,9,parada,0.47,0.8,6.8,0.0079,1.105,22,20,12,0,0.7220,0.9928,4.3404,0.0000,2.1005,4.4461,24.3242,16.54063,0.3849,0.001823,0.3439,0.00273,0.00273,0.07697,94,0.0509,banda<=ruido,0,28.0,1,28,0,450,1,0.035714,7.1021e-7,0.97898
Bprima,9,parada,0.47,0.8,6.8,0.0079,1.105,22,20,12,0,0.7356,0.9799,4.3789,0.5436,2.2270,4.3356,23.7513,38.40135,0.4221,0.001610,0.3339,0.00259,0.00259,0.07835,98,0.0567,banda<=ruido,0,28.0,1,28,0,500,1,0.035714,5.5107e-7,0.99888
Bprima,9,parada,0.47,0.8,6.8,0.0079,1.105,22,20,12,0,0.7492,0.7692,4.3220,0.0000,2.1635,4.0547,23.1133,25.27432,0.4550,0.001625,0.3255,0.00201,0.00201,0.07792,79,0.0625,banda<=ruido,0,29.0,1,29,0,500,1,0.034483,9.9577e-8,0.97935
Bprima,9,parada,0.47,0.8,6.8,0.0079,1.105,22,20,12,0,0.7627,0.7049,4.2862,0.0000,2.1775,4.1066,22.4423,25.39597,0.4766,0.001821,0.3183,0.00178,0.00178,0.07837,80,0.0693,banda<=ruido,0,31.0,1,31,0,550,1,0.032258,2.0653e-7,0.99345
Bprima,9,parada,0.47,0.8,6.8,0.0079,1.105,22,20,12,0,0.7763,0.9659,4.3518,0.9413,2.1346,4.2742,21.4524,28.81903,0.5007,0.001630,0.3151,0.00233,0.00233,0.07714,90,0.0716,banda<=ruido,0,41.0,1,41,0,550,1,0.024390,3.6024e-7,0.98465
Bprima,9,parada,0.47,0.8,6.8,0.0079,1.105,22,20,12,0,0.7898,0.8366,4.4146,0.8600,2.1034,4.0872,20.2085,26.84493,0.4916,0.001663,0.3153,0.00206,0.00206,0.07727,82,0.0708,banda<=ruido,0,40.0,1,40,0,500,1,0.025000,9.7376e-8,0.98109
Bprima,9,parada,0.47,0.8,6.8,0.0079,1.105,22,20,12,0,0.8034,0.8485,4.3426,0.0000,2.1266,4.0222,18.7114,20.72315,0.4811,0.001799,0.3192,0.00214,0.00214,0.07769,80,0.0684,banda<=ruido,0,39.0,1,39,0,400,1,0.025641,1.3405e-7,0.97256
Bprima,9,parada,0.47,0.8,6.8,0.0079,1.105,22,20,12,0,0.8169,0.9481,4.2864,0.0000,2.1473,4.3322,17.2588,20.47892,0.4624,0.001900,0.3225,0.00286,0.00286,0.07865,93,0.0661,banda<=ruido,0,39.0,1,39,0,350,1,0.025641,4.7712e-7,0.97169
Bprima,9,parada,0.47,0.8,6.8,0.0079,1.105,22,20,12,0,0.8305,0.9799,4.3765,0.0000,2.1471,4.4096,15.8196,24.05532,0.4450,0.001715,0.3258,0.00201,0.00201,0.07786,90,0.0626,banda<=ruido,0,39.0,1,39,0,350,1,0.025641,3.2209e-7,0.99259
Bprima,9,parada,0.47,0.8,6.8,0.0079,1.105,22,20,12,0,0.8441,0.9604,4.3996,0.0000,1.9810,4.2459,14.3196,14.33325,0.4388,0.001910,0.3302,0.00164,0.00164,0.07614,79,0.0605,banda<=ruido,0,39.0,1,39,0,300,1,0.025641,1.6709e-7,0.95118
Bprima,9,parada,0.47,0.8,6.8,0.0079,1.105,22,20,12,0,0.8576,0.9998,4.3462,0.0000,2.1852,4.0685,12.9592,15.57175,0.4190,0.001755,0.3331,0.00288,0.00288,0.07856,91,0.0580,banda<=ruido,0,40.0,1,40,0,300,1,0.025000,6.1895e-7,0.98831
Bprima,9,parada,0.47,0.8,6.8,0.0079,1.105,22,20,12,0,0.8712,0.8366,4.3109,0.0000,2.1386,4.1949,11.5660,11.24081,0.4069,0.001917,0.3366,0.00181,0.00181,0.07778,81,0.0555,banda<=ruido,0,41.0,1,41,0,300,1,0.024390,1.2626e-7,0.94924
Bprima,9,parada,0.47,0.8,6.8,0.0079,1.105,22,20,12,0,0.8847,0.8366,4.3741,0.0000,2.1675,4.2108,10.1582,12.73099,0.4001,0.001651,0.3403,0.00215,0.00215,0.07846,87,0.0526,banda<=ruido,0,42.0,1,42,0,300,1,0.023810,2.8874e-7,0.99529
Bprima,9,parada,0.47,0.8,6.8,0.0079,1.105,22,20,12,0,0.8983,0.9992,4.2596,0.0000,2.0865,4.1707,8.8401,9.90694,0.3854,0.001752,0.3431,0.00317,0.00317,0.07692,87,0.0501,banda<=ruido,0,44.0,1,44,0,300,1,0.022727,9.0902e-8,0.95000
Bprima,9,parada,0.47,0.8,6.8,0.0079,1.105,22,20,12,0,0.9119,0.9837,4.3612,0.0000,2.1302,4.0454,7.5137,9.95745,0.3749,0.001655,0.3465,0.00299,0.00299,0.07738,88,0.0488,banda<=ruido,0,45.0,1,45,0,300,1,0.022222,5.2049e-7,0.99069
Bprima,9,parada,0.47,0.8,6.8,0.0079,1.105,22,20,12,0,0.9254,0.9799,4.3449,0.0000,1.9925,4.1462,6.2691,11.18621,0.3572,0.001705,0.3486,0.00179,0.00179,0.07627,79,0.0461,banda<=ruido,0,47.0,1,47,0,300,1,0.021277,1.8065e-7,0.98126
Bprima,9,parada,0.47,0.8,6.8,0.0079,1.105,22,20,12,0,0.9390,0.9837,4.3666,0.0000,2.1348,4.2644,5.0361,8.42046,0.3410,0.001596,0.3507,0.00282,0.00282,0.07812,95,0.0449,banda<=ruido,0,49.0,1,49,0,300,1,0.020408,5.7798e-7,0.98579
Bprima,9,parada,0.47,0.8,6.8,0.0079,1.105,22,20,12,0,0.9525,0.9837,4.4008,0.4420,2.1366,3.6600,3.8132,6.14805,0.3262,0.001829,0.3534,0.00345,0.00345,0.07875,78,0.0434,banda<=ruido,0,52.0,1,52,0,350,1,0.019231,5.6074e-7,0.97586
Bprima,9,parada,0.47,0.8,6.8,0.0079,1.105,22,20,12,0,0.9661,0.9007,4.3399,0.0000,1.9910,4.1713,2.4699,6.00801,0.3292,0.001773,0.3574,0.00117,0.00117,0.07662,69,0.0408,banda<=ruido,0,54.0,1,54,0,350,1,0.018519,6.5613e-8,0.98118
Bprima,9,parada,0.47,0.8,6.8,0.0079,1.105,22,20,12,0,0.9797,0.9659,4.3783,0.0000,2.1301,4.1339,1.3190,4.72683,0.3107,0.001911,0.3592,0.00152,0.00152,0.07757,75,0.0403,banda<=ruido,0,57.0,1,57,0,350,1,0.017544,1.5021e-7,0.98616
Bprima,9,parada,0.47,0.8,6.8,0.0079,1.105,22,20,12,0,0.9932,0.9837,4.3060,0.0000,2.0810,4.1440,0.0878,5.04653,0.3062,0.001662,0.3620,0.00282,0.00282,0.07721,92,0.0377,banda<=ruido,0,60.0,1,60,0,350,1,0.016667,2.4017e-7,0.97420
Bprima,9,parada,0.47,0.8,6.8,0.0079,1.105,22,20,12,0,1.0068,0.9659,4.3518,0.0000,1.9926,3.9719,1.0665,3.86361,0.2915,0.001818,0.3641,0.00167,0.00167,0.07610,74,0.0367,banda<=ruido,0,64.0,1,64,0,350,1,0.015625,6.5084e-8,0.97537
Bprima,9,parada,0.47,0.8,6.8,0.0079,1.105,22,20,12,0,1.0203,1.0000,4.3796,0.0000,2.1020,4.3585,2.2410,4.37057,0.2831,0.001708,0.3665,0.00159,0.00159,0.07793,86,0.0353,banda<=ruido,0,68.0,1,68,0,350,1,0.014706,1.4864e-7,0.98868
Bprima,9,parada,0.47,0.8,6.8,0.0079,1.105,22,20,12,0,1.0339,0.9604,4.3724,0.0000,2.2279,4.2052,3.4062,3.75911,0.2758,0.001739,0.3688,0.00258,0.00258,0.07885,95,0.0340,banda<=ruido,0,73.0,1,73,0,400,1,0.013699,4.2584e-7,0.98148
Bprima,9,parada,0.47,0.8,6.8,0.0079,1.105,22,20,12,0,1.0475,0.9604,4.4057,0.0000,1.9984,4.3011,4.5615,3.81392,0.2693,0.001654,0.3715,0.00227,0.00227,0.07586,91,0.0325,banda<=ruido,0,79.0,1,79,0,400,1,0.012658,1.6524e-7,0.98280
Bprima,9,parada,0.47,0.8,6.8,0.0079,1.105,22,20,12,0,1.0610,0.9799,4.3473,0.9799,2.1267,4.2484,5.6555,3.08405,0.2573,0.001557,0.3731,0.00343,0.00343,0.07881,102,0.0307,banda<=ruido,0,85.0,1,85,0,400,1,0.011765,4.4339e-7,0.97605
Bprima,9,parada,0.47,0.8,6.8,0.0079,1.105,22,20,12,0,1.0746,0.9950,4.3520,0.0000,2.2380,4.1743,6.7131,2.63112,0.2427,0.001874,0.3746,0.00248,0.00248,0.07816,89,0.0307,banda<=ruido,0,93.0,1,93,0,400,1,0.010753,2.7201e-7,0.97975
Bprima,9,parada,0.47,0.8,6.8,0.0079,1.105,22,20,12,0,1.0881,0.7219,4.3788,0.0000,2.1590,4.1166,7.8626,2.22245,0.2415,0.001827,0.3777,0.00265,0.00265,0.07847,88,0.0288,banda<=ruido,0,103.0,1,103,0,400,1,0.009709,2.1152e-7,0.97561
Bprima,9,parada,0.47,0.8,6.8,0.0079,1.105,22,20,12,0,1.1017,0.9928,4.3776,0.0000,1.9884,4.4343,8.9745,1.85612,0.2375,0.001912,0.3800,0.00236,0.00236,0.07681,97,0.0275,banda<=ruido,0,113.0,1,113,0,450,1,0.008850,4.0064e-7,1.00155
Bprima,9,parada,0.47,0.8,6.8,0.0079,1.105,22,20,12,0,1.1153,0.9756,4.3353,0.0000,2.1326,4.3878,9.9713,1.71642,0.2209,0.001826,0.3809,0.00231,0.00231,0.07775,98,0.0271,banda<=ruido,0,129.0,1,129,0,400,1,0.007752,3.9057e-7,0.99353
Bprima,9,parada,0.47,0.8,6.8,0.0079,1.105,22,20,12,0,1.1288,0.9756,4.2936,0.0000,2.2226,4.3955,11.1063,1.96247,0.2234,0.001683,0.3838,0.00203,0.00203,0.07872,84,0.0253,banda<=ruido,0,146.0,1,146,0,400,1,0.006849,3.1409e-7,0.98847
Bprima,9,parada,0.47,0.8,6.8,0.0079,1.105,22,20,12,0,1.1424,0.9992,4.3306,0.0000,2.1411,4.3317,12.1395,1.87356,0.2147,0.001535,0.3855,0.00188,0.00188,0.07743,86,0.0240,banda<=ruido,0,171.0,1,171,0,300,1,0.005848,2.3282e-7,0.98516
Bprima,9,parada,0.47,0.8,6.8,0.0079,1.105,22,20,12,0,1.1559,0.9928,4.3705,0.0000,2.1038,4.1578,13.2062,1.40192,0.2123,0.001752,0.3882,0.00394,0.00394,0.07697,97,0.0240,banda<=ruido,0,187.0,1,187,0,250,1,0.005348,1.5127e-7,0.96441
Bprima,9,parada,0.47,0.8,6.8,0.0079,1.105,22,20,12,0,1.1695,0.9968,4.3216,0.0000,2.0893,4.3709,14.1598,1.09846,0.1978,0.001955,0.3887,0.00296,0.00296,0.07775,98,0.0229,banda<=ruido,0,208.0,1,208,0,350,1,0.004808,5.5963e-7,0.97545
Bprima,9,parada,0.47,0.8,6.8,0.0079,1.105,22,20,12,0,1.1831,0.9756,4.3411,0.0000,1.9840,4.0747,15.1963,1.26050,0.1961,0.001624,0.3907,0.00298,0.00298,0.07655,84,0.0216,banda<=ruido,0,242.0,1,242,0,450,1,0.004132,4.6124e-7,0.99690
Bprima,9,parada,0.47,0.8,6.8,0.0079,1.105,22,20,12,0,1.1966,0.9799,4.2895,0.8600,2.1369,4.3902,16.1506,1.11445,0.1881,0.001853,0.3918,0.00351,0.00351,0.07837,101,0.0211,banda<=ruido,0,285.0,1,285,0,550,1,0.003509,9.7111e-7,0.99858
Bprima,9,parada,0.47,0.8,6.8,0.0079,1.105,22,20,12,0,1.2102,0.9998,4.2577,0.9097,2.0856,4.3439,17.1157,1.14531,0.1902,0.001651,0.3930,0.00299,0.00299,0.07873,97,0.0212,banda<=ruido,0,318.0,1,318,0,600,1,0.003145,6.0086e-7,0.97061
Bprima,9,parada,0.47,0.8,6.8,0.0079,1.105,22,20,12,0,1.2237,0.9097,4.3464,0.8912,2.0781,4.1887,17.9379,1.01557,0.1898,0.001727,0.3922,0.00346,0.00346,0.07846,92,0.0212,banda<=ruido,0,324.0,1,324,0,600,1,0.003086,7.0298e-7,0.99899
Bprima,9,parada,0.47,0.8,6.8,0.0079,1.105,22,20,12,0,1.2373,0.9902,4.2779,0.0000,2.2277,4.3588,18.6879,0.99565,0.1983,0.001869,0.3904,0.00248,0.00248,0.07882,95,0.0220,banda<=ruido,0,291.0,1,291,0,500,1,0.003436,3.8842e-7,1.00057
Bprima,9,parada,0.47,0.8,6.8,0.0079,1.105,22,20,12,0,1.2508,0.9928,4.2702,0.0000,1.9524,4.3479,19.3299,1.24018,0.2044,0.001767,0.3866,0.00382,0.00382,0.07463,97,0.0228,banda<=ruido,0,254.0,1,254,0,350,1,0.003937,1.0585e-6,0.98733
Bprima,9,parada,0.47,0.8,6.8,0.0079,1.105,22,20,12,0,1.2644,0.9544,4.2904,0.0000,2.1888,4.2783,19.9909,1.27737,0.2185,0.001877,0.3837,0.00327,0.00327,0.07845,100,0.0251,banda<=ruido,0,241.0,1,241,0,350,1,0.004149,2.7663e-7,0.96182
Bprima,9,parada,0.47,0.8,6.8,0.0079,1.105,22,20,12,0,1.2780,0.9183,4.3413,0.0000,2.2031,4.0800,1.2941,55.82918,0.8383,0.001820,0.1789,0.00147,0.00147,0.07812,71,0.1996,banda<=ruido,0,56.0,1,56,0,350,1,0.017857,3.6713e-8,0.99457
Bprima,9,parada,0.47,0.8,6.8,0.0079,1.105,22,20,12,0,1.2915,0.9998,4.3136,0.0000,2.1329,4.4507,1.5332,72.78720,0.8084,0.001587,0.1751,0.00098,0.00098,0.07711,70,0.2048,banda<=ruido,0,56.0,1,56,0,350,1,0.017857,8.3545e-8,0.98651
Bprima,9,parada,0.47,0.8,6.8,0.0079,1.105,22,20,12,0,1.3051,0.9998,4.3838,0.0000,1.9964,4.2491,1.6910,62.09735,0.7886,0.001674,0.1706,0.00067,0.00067,0.07662,54,0.2092,banda<=ruido,0,56.0,1,56,0,350,1,0.017857,5.0534e-8,0.99913
Bprima,9,parada,0.47,0.8,6.8,0.0079,1.105,22,20,12,0,1.3186,1.0000,4.2816,0.0000,2.0537,4.2238,1.8979,59.58755,0.7628,0.001646,0.1667,0.00189,0.00189,0.07740,87,0.2137,banda<=ruido,0,56.0,1,56,0,350,1,0.017857,5.5330e-8,0.95038
Bprima,9,parada,0.47,0.8,6.8,0.0079,1.105,22,20,12,0,1.3322,0.9982,4.3162,0.0000,2.1910,4.2930,2.1428,59.13268,0.7321,0.001732,0.1631,0.00145,0.00145,0.07820,74,0.2174,banda<=ruido,0,56.0,1,56,0,350,1,0.017857,1.7074e-7,0.98312
Bprima,9,parada,0.47,0.8,6.8,0.0079,1.105,22,20,12,0,1.3458,0.9871,4.2995,0.0000,1.9798,4.2743,2.2977,60.75695,0.7128,0.001801,0.1591,0.00096,0.00096,0.07647,64,0.2213,banda<=ruido,0,56.0,1,56,0,350,1,0.017857,7.0100e-8,0.99850
Bprima,9,parada,0.47,0.8,6.8,0.0079,1.105,22,20,12,0,1.3593,0.8813,4.2392,0.0000,1.9686,4.1238,2.4636,50.99398,0.6920,0.001840,0.1553,0.00090,0.00090,0.07672,62,0.2253,banda<=ruido,0,56.0,1,56,0,350,1,0.017857,3.2775e-8,0.95803
Bprima,9,parada,0.47,0.8,6.8,0.0079,1.105,22,20,12,0,1.3729,0.8485,4.3315,0.0000,2.0880,4.0821,2.6555,46.98071,0.6681,0.001975,0.1517,0.00115,0.00115,0.07814,64,0.2293,banda<=ruido,0,56.0,1,56,0,350,1,0.017857,6.1176e-8,0.97563
Bprima,9,parada,0.47,0.8,6.8,0.0079,1.105,22,20,12,0,1.3864,0.9604,4.2921,0.0000,2.0952,4.2857,2.8004,377.75556,0.6499,0.001701,0.1482,0.00081,0.00081,0.07809,64,0.2333,banda<=ruido,0,56.0,1,56,0,350,1,0.017857,4.1310e-8,0.99333
Bprima,9,parada,0.47,0.8,6.8,0.0079,1.105,22,20,12,0,1.4000,0.9183,4.3849,0.0000,2.2997,4.0799,3.0081,41.95303,0.6240,0.001997,0.1449,0.00057,0.00057,0.07848,40,0.2362,banda<=ruido,0,56.0,1,56,0,350,1,0.017857,9.9465e-9,0.97015
Bprima,3,parada,0.3,0.8,6.8,0.0079,1.105,22,20,16,0,0.6000,0.0000,4.2807,0.0000,2.5503,0.0000,10.4725,0.00000,0.0000,0.000000,0.3600,0.00000,0.00000,0.07888,1,0.0128,banda<=ruido,1,56.0,1,56,0,350,1,0.017857,5.4794e-32,0.98192
Bprima,3,parada,0.3,0.8,6.8,0.0079,1.105,22,20,16,0,0.6136,0.0000,4.4002,0.0000,2.5699,0.0000,10.2929,0.00000,0.0000,0.000000,0.3600,0.00000,0.00000,0.07793,1,0.0128,banda<=ruido,1,56.0,1,56,0,350,1,0.017857,5.4794e-32,0.98192
Bprima,3,parada,0.3,0.8,6.8,0.0079,1.105,22,20,16,0,0.6271,0.0000,4.3401,0.0000,2.5795,0.0000,10.0890,0.00000,0.0000,0.000000,0.3600,0.00000,0.00000,0.07775,1,0.0128,banda<=ruido,1,56.0,1,56,0,350,1,0.017857,5.4794e-32,0.98192
Bprima,3,parada,0.3,0.8,6.8,0.0079,1.105,22,20,16,0,0.6407,0.0000,4.2801,0.0000,2.5653,0.0000,9.7853,0.00000,0.0000,0.000000,0.3600,0.00000,0.00000,0.07750,1,0.0128,banda<=ruido,1,56.0,1,56,0,350,1,0.017857,5.4794e-32,0.98192
Bprima,3,parada,0.3,0.8,6.8,0.0079,1.105,22,20,16,0,0.6542,0.0000,4.3662,0.0000,2.5298,0.0000,9.5255,0.00000,0.0000,0.000000,0.3600,0.00000,0.00000,0.07680,1,0.0128,banda<=ruido,1,64.0,1,64,0,400,1,0.015625,5.4794e-32,0.98192
Bprima,3,parada,0.3,0.8,6.8,0.0079,1.105,22,20,16,0,0.6678,0.9871,4.3760,0.9183,2.5546,4.2095,24.1410,1.27025,0.4099,0.001862,0.2661,0.00264,0.00264,0.07859,92,0.0046,banda<=ruido,0,33.0,1,33,0,650,1,0.030303,2.3734e-7,0.99782
Bprima,3,parada,0.3,0.8,6.8,0.0079,1.105,22,20,16,0,0.6814,0.9413,4.3498,0.0000,2.5795,4.3187,23.7339,3.19993,0.4843,0.001728,0.2524,0.00182,0.00182,0.07862,78,0.0083,banda<=ruido,0,30.0,1,30,0,400,1,0.033333,2.8797e-7,0.99346
Bprima,3,parada,0.3,0.8,6.8,0.0079,1.105,22,20,16,0,0.6949,0.9982,4.2923,0.0000,2.5749,4.3509,23.4725,9.99478,0.5226,0.001762,0.2380,0.00195,0.00195,0.07747,83,0.0133,banda<=ruido,0,29.0,1,29,0,400,1,0.034483,2.5242e-7,0.96189
Bprima,3,parada,0.3,0.8,6.8,0.0079,1.105,22,20,16,0,0.7085,0.9756,4.3493,0.0000,2.5500,4.2942,23.0044,6.61290,0.5720,0.001918,0.2274,0.00093,0.00093,0.07790,66,0.0184,banda<=ruido,0,28.0,1,28,0,400,1,0.035714,4.5212e-8,0.97433
Bprima,3,parada,0.3,0.8,6.8,0.0079,1.105,22,20,16,0,0.7220,0.9928,4.3601,0.0000,2.5617,4.4035,22.4833,12.05241,0.6150,0.001668,0.2179,0.00195,0.00195,0.07731,90,0.0225,banda<=ruido,0,28.0,1,28,0,450,1,0.035714,2.8735e-7,0.99135
Bprima,3,parada,0.3,0.8,6.8,0.0079,1.105,22,20,16,0,0.7356,0.8709,4.3302,0.0000,2.5754,4.0820,21.9021,14.41848,0.6532,0.001696,0.2099,0.00212,0.00212,0.07714,86,0.0273,banda<=ruido,0,28.0,1,28,0,500,1,0.035714,2.2736e-7,0.99452
Bprima,3,parada,0.3,0.8,6.8,0.0079,1.105,22,20,16,0,0.7492,0.9659,4.4083,0.0000,2.5660,4.2599,21.3014,16.32669,0.6815,0.001750,0.2024,0.00185,0.00185,0.07822,85,0.0314,banda<=ruido,0,29.0,1,29,0,500,1,0.034483,1.3711e-7,0.98878
Bprima,3,parada,0.3,0.8,6.8,0.0079,1.105,22,20,16,0,0.7627,0.9413,4.2700,0.0000,2.5468,4.3273,20.6299,19.22234,0.7031,0.001744,0.1964,0.00165,0.00165,0.07864,85,0.0352,banda<=ruido,0,31.0,1,31,0,550,1,0.032258,1.9753e-7,0.99848
Bprima,3,parada,0.3,0.8,6.8,0.0079,1.105,22,20,16,0,0.7763,0.9968,4.3195,0.0000,2.5218,4.3518,19.6868,23.84523,0.7214,0.001722,0.1933,0.00201,0.00201,0.07768,89,0.0368,banda<=ruido,0,41.0,1,41,0,550,1,0.024390,3.4356e-7,0.99853
Bprima,3,parada,0.3,0.8,6.8,0.0079,1.105,22,20,16,0,0.7898,0.9992,4.3441,0.0000,2.5429,4.4213,18.3694,21.21438,0.7215,0.001671,0.1943,0.00102,0.00102,0.07885,71,0.0364,banda<=ruido,0,40.0,1,40,0,500,1,0.025000,3.2771e-8,0.95591
Bprima,3,parada,0.3,0.8,6.8,0.0079,1.105,22,20,16,0,0.8034,0.8912,4.3457,0.0000,2.5777,4.0129,16.9045,14.90808,0.7069,0.001712,0.1971,0.00227,0.00227,0.07644,80,0.0351,banda<=ruido,0,39.0,1,39,0,400,1,0.025641,6.5803e-8,0.96302
Bprima,3,parada,0.3,0.8,6.8,0.0079,1.105,22,20,16,0,0.8169,0.9710,4.2693,0.8709,2.5120,4.1934,15.4045,16.12862,0.6942,0.001704,0.2002,0.00187,0.00187,0.07803,84,0.0327,banda<=ruido,0,39.0,1,39,0,350,1,0.025641,3.8615e-7,0.99523
Bprima,3,parada,0.3,0.8,6.8,0.0079,1.105,22,20,16,0,0.8305,0.9799,4.2964,0.0000,2.4883,4.1750,13.9671,10.13450,0.6765,0.001909,0.2032,0.00172,0.00172,0.07812,83,0.0315,banda<=ruido,0,39.0,1,39,0,350,1,0.025641,2.0326e-7,1.00032
Bprima,3,parada,0.3,0.8,6.8,0.0079,1.105,22,20,16,0,0.8441,0.9982,4.3298,0.0000,2.5742,4.2664,12.5061,16.00921,0.6655,0.001790,0.2065,0.00232,0.00232,0.07803,90,0.0293,banda<=ruido,0,39.0,1,39,0,300,1,0.025641,1.1942e-7,0.97503
Bprima,3,parada,0.3,0.8,6.8,0.0079,1.105,22,20,16,0,0.8576,0.9928,4.3363,0.0000,2.5517,4.4628,11.1481,8.74943,0.6454,0.001776,0.2087,0.00140,0.00140,0.07692,78,0.0280,banda<=ruido,0,40.0,1,40,0,300,1,0.025000,1.0102e-7,0.97892
Bprima,3,parada,0.3,0.8,6.8,0.0079,1.105,22,20,16,0,0.8712,0.9799,4.3315,0.7978,2.5715,4.2910,9.6624,9.08875,0.6449,0.001687,0.2127,0.00139,0.00139,0.07848,79,0.0259,banda<=ruido,0,41.0,1,41,0,300,1,0.024390,1.4830e-7,0.98703
Bprima,3,parada,0.3,0.8,6.8,0.0079,1.105,22,20,16,0,0.8847,0.9950,4.2936,0.0000,2.5581,4.4123,8.3176,7.05025,0.6302,0.001849,0.2153,0.00180,0.00180,0.07865,96,0.0245,banda<=ruido,0,42.0,1,42,0,300,1,0.023810,2.0094e-7,0.98880
Bprima,3,parada,0.3,0.8,6.8,0.0079,1.105,22,20,16,0,0.8983,0.9097,4.3368,0.0000,2.5447,4.2608,7.0464,6.51616,0.6097,0.001715,0.2171,0.00152,0.00152,0.07848,79,0.0232,banda<=ruido,0,44.0,1,44,0,300,1,0.022727,1.4751e-7,0.98523
Bprima,3,parada,0.3,0.8,6.8,0.0079,1.105,22,20,16,0,0.9119,0.8912,4.3972,0.0000,2.5735,4.3528,5.6975,5.75302,0.6020,0.001769,0.2200,0.00162,0.00162,0.07819,88,0.0217,banda<=ruido,0,45.0,1,45,0,300,1,0.022222,1.7082e-7,0.97318
Bprima,3,parada,0.3,0.8,6.8,0.0079,1.105,22,20,16,0,0.9254,0.8709,4.3814,0.0000,2.5681,4.0415,4.3534,5.44573,0.5967,0.001655,0.2233,0.00185,0.00185,0.07692,78,0.0204,banda<=ruido,0,47.0,1,47,0,300,1,0.021277,1.2313e-7,0.98765
Bprima,3,parada,0.3,0.8,6.8,0.0079,1.105,22,20,16,0,0.9390,0.9413,4.3093,0.0000,2.5468,4.2602,3.1198,5.44460,0.5805,0.001649,0.2252,0.00214,0.00214,0.07879,83,0.0196,banda<=ruido,0,49.0,1,49,0,300,1,0.020408,3.1026e-7,1.00185
Bprima,3,parada,0.3,0.8,6.8,0.0079,1.105,22,20,16,0,0.9525,0.9341,4.3295,0.2108,2.5557,4.2272,1.8880,3.55579,0.5669,0.001830,0.2273,0.00192,0.00192,0.07857,87,0.0187,banda<=ruido,0,52.0,1,52,0,350,1,0.019231,1.4666e-7,0.99451
Bprima,3,parada,0.3,0.8,6.8,0.0079,1.105,22,20,16,0,0.9661,0.9950,4.2527,0.0000,2.5621,4.3734,0.6020,3.76165,0.5627,0.001650,0.2301,0.00241,0.00241,0.07812,97,0.0171,banda<=ruido,0,54.0,1,54,0,350,1,0.018519,3.2218e-7,0.99661
Bprima,3,parada,0.3,0.8,6.8,0.0079,1.105,22,20,16,0,0.9797,0.9341,4.3622,0.0000,2.5481,4.2275,0.5959,4.03916,0.5501,0.001559,0.2320,0.00291,0.00291,0.07810,88,0.0159,banda<=ruido,0,57.0,1,57,0,350,1,0.017544,3.2500e-7,0.99112
Bprima,3,parada,0.3,0.8,6.8,0.0079,1.105,22,20,16,0,0.9932,0.9183,4.4258,0.0000,2.5726,4.3358,1.8063,79.20664,0.5415,0.001762,0.2345,0.00226,0.00226,0.07893,92,0.0152,banda<=ruido,0,60.0,1,60,0,350,1,0.016667,2.6820e-7,0.99118
Bprima,3,parada,0.3,0.8,6.8,0.0079,1.105,22,20,16,0,1.0068,0.9264,4.3366,0.0000,2.5689,4.2301,2.9788,2.28167,0.5305,0.001769,0.2363,0.00265,0.00265,0.07884,87,0.0142,banda<=ruido,0,64.0,1,64,0,350,1,0.015625,3.2596e-7,0.99776
Bprima,3,parada,0.3,0.8,6.8,0.0079,1.105,22,20,16,0,1.0203,0.9902,4.3295,0.0000,2.5713,4.3530,4.1465,1.83795,0.5213,0.001960,0.2385,0.00282,0.00282,0.07734,98,0.0139,banda<=ruido,0,68.0,1,68,0,350,1,0.014706,4.0955e-7,0.98011
Bprima,3,parada,0.3,0.8,6.8,0.0079,1.105,22,20,16,0,1.0339,0.9928,4.3405,0.9871,2.5436,4.3834,5.2457,1.93343,0.5057,0.001844,0.2399,0.00202,0.00202,0.07846,94,0.0130,banda<=ruido,0,73.0,1,73,0,400,1,0.013699,3.2291e-7,1.00076
Bprima,3,parada,0.3,0.8,6.8,0.0079,1.105,22,20,16,0,1.0475,0.8485,4.3089,0.0000,2.5275,4.2683,6.4614,1.47046,0.5068,0.001867,0.2428,0.00227,0.00227,0.07876,88,0.0118,banda<=ruido,0,79.0,1,79,0,400,1,0.012658,4.2100e-7,1.00254
Bprima,3,parada,0.3,0.8,6.8,0.0079,1.105,22,20,16,0,1.0610,0.9710,4.2517,0.0000,2.5600,4.2971,7.5752,1.48209,0.4973,0.001668,0.2445,0.00145,0.00145,0.07885,78,0.0111,banda<=ruido,0,85.0,1,85,0,400,1,0.011765,1.2284e-7,0.97409
Bprima,3,parada,0.3,0.8,6.8,0.0079,1.105,22,20,16,0,1.0746,0.7838,4.3080,0.0000,2.5402,4.1222,8.7316,1.12968,0.4950,0.001905,0.2472,0.00232,0.00232,0.07874,86,0.0106,banda<=ruido,0,93.0,1,93,0,400,1,0.010753,1.8960e-7,0.97751
Bprima,3,parada,0.3,0.8,6.8,0.0079,1.105,22,20,16,0,1.0881,0.9481,4.3722,0.0000,2.5641,4.2594,9.7871,1.07128,0.4821,0.001748,0.2485,0.00246,0.00246,0.07789,90,0.0097,banda<=ruido,0,103.0,1,103,0,400,1,0.009709,2.4567e-7,0.99538
Bprima,3,parada,0.3,0.8,6.8,0.0079,1.105,22,20,16,0,1.1017,0.9710,4.3222,0.0000,2.5745,3.9906,10.8663,1.09926,0.4740,0.001645,0.2498,0.00284,0.00284,0.07773,89,0.0087,banda<=ruido,0,113.0,1,113,0,450,1,0.008850,2.1359e-7,0.98590
Bprima,3,parada,0.3,0.8,6.8,0.0079,1.105,22,20,16,0,1.1153,0.9756,4.4054,0.0000,2.5826,4.2885,11.9335,1.06382,0.4662,0.001576,0.2516,0.00324,0.00324,0.07798,95,0.0081,banda<=ruido,0,129.0,1,129,0,400,1,0.007752,3.6843e-7,0.98979
Bprima,3,parada,0.3,0.8,6.8,0.0079,1.105,22,20,16,0,1.1288,0.9756,4.3031,0.8813,2.5715,4.0519,13.0172,0.90036,0.4622,0.001709,0.2538,0.00236,0.00236,0.07797,87,0.0079,banda<=ruido,0,146.0,1,146,0,400,1,0.006849,3.2651e-7,0.98686
Bprima,3,parada,0.3,0.8,6.8,0.0079,1.105,22,20,16,0,1.1424,0.8485,4.3019,0.0000,2.5399,4.3206,14.0856,2.98720,0.4580,0.001495,0.2558,0.00328,0.00328,0.07598,92,0.0073,banda<=ruido,0,171.0,1,171,0,300,1,0.005848,8.1364e-7,0.99898
Bprima,3,parada,0.3,0.8,6.8,0.0079,1.105,22,20,16,0,1.1559,0.9544,4.2496,0.0000,2.5541,4.3701,15.1078,0.61328,0.4500,0.001823,0.2573,0.00187,0.00187,0.07731,91,0.0069,banda<=ruido,0,187.0,1,187,0,250,1,0.005348,1.9720e-7,0.95898
Bprima,3,parada,0.3,0.8,6.8,0.0079,1.105,22,20,16,0,1.1695,0.9604,4.2816,0.0000,2.5428,4.2781,16.1093,0.59830,0.4415,0.001696,0.2585,0.00155,0.00155,0.07867,80,0.0062,banda<=ruido,0,208.0,1,208,0,350,1,0.004808,1.4090e-7,0.98760
Bprima,3,parada,0.3,0.8,6.8,0.0079,1.105,22,20,16,0,1.1831,0.9871,4.2911,0.0000,2.5630,4.2857,17.0990,0.53305,0.4340,0.001752,0.2598,0.00248,0.00248,0.07342,92,0.0056,banda<=ruido,0,242.0,1,242,0,450,1,0.004132,4.0841e-7,0.98829
Bprima,3,parada,0.3,0.8,6.8,0.0079,1.105,22,20,16,0,1.1966,1.0000,4.3544,0.0000,2.5783,4.2660,18.0350,0.39084,0.4236,0.001938,0.2606,0.00229,0.00229,0.07824,88,0.0059,banda<=ruido,0,285.0,1,285,0,550,1,0.003509,1.2722e-7,0.98787
Bprima,3,parada,0.3,0.8,6.8,0.0079,1.105,22,20,16,0,1.2102,0.9928,4.3675,0.0000,2.5634,4.2103,19.0111,0.42064,0.4271,0.001701,0.2618,0.00202,0.00202,0.07855,84,0.0055,banda<=ruido,0,318.0,1,318,0,600,1,0.003145,2.0557e-7,0.99385
Bprima,3,parada,0.3,0.8,6.8,0.0079,1.105,22,20,16,0,1.2237,0.9799,4.3083,0.0000,2.5769,4.3110,19.8877,0.41085,0.4335,0.001798,0.2618,0.00157,0.00157,0.07885,82,0.0056,banda<=ruido,0,324.0,1,324,0,600,1,0.003086,1.2682e-7,0.96965
Bprima,3,parada,0.3,0.8,6.8,0.0079,1.105,22,20,16,0,1.2373,0.8813,4.3532,0.0000,2.5530,4.0412,20.5803,0.40614,0.4349,0.001914,0.2595,0.00201,0.00201,0.07881,83,0.0063,banda<=ruido,0,291.0,1,291,0,500,1,0.003436,1.2226e-7,0.99520
Bprima,3,parada,0.3,0.8,6.8,0.0079,1.105,22,20,16,0,1.2508,0.9950,4.2580,0.0000,2.5604,4.4359,21.2792,0.52037,0.4481,0.001715,0.2570,0.00291,0.00291,0.07851,97,0.0070,banda<=ruido,0,254.0,1,254,0,350,1,0.003937,7.6877e-7,1.00278
Bprima,3,parada,0.3,0.8,6.8,0.0079,1.105,22,20,16,0,1.2644,0.9264,4.3608,0.8709,2.5227,4.2843,21.9036,0.62604,0.4576,0.001773,0.2538,0.00245,0.00245,0.07681,87,0.0077,banda<=ruido,0,241.0,1,241,0,350,1,0.004149,5.1125e-7,0.99906
Bprima,3,parada,0.3,0.8,6.8,0.0079,1.105,22,20,16,0,1.2780,0.9659,4.3974,0.0000,2.5774,4.1024,2.6664,26.01015,0.6667,0.001711,0.0888,0.00122,0.00122,0.07807,65,0.1206,banda<=ruido,0,56.0,1,56,0,350,1,0.017857,8.4648e-8,0.99187
Bprima,3,parada,0.3,0.8,6.8,0.0079,1.105,22,20,16,0,1.2915,0.8242,4.3406,0.0000,2.5680,4.2267,2.8565,23.27394,0.6429,0.001837,0.0859,0.00067,0.00067,0.07646,52,0.1234,banda<=ruido,0,56.0,1,56,0,350,1,0.017857,2.2289e-8,0.96082
Bprima,3,parada,0.3,0.8,6.8,0.0079,1.105,22,20,16,0,1.3051,0.9007,4.2292,0.0000,2.5782,4.3541,3.0423,25.14870,0.6197,0.001696,0.0832,0.00054,0.00054,0.07793,47,0.1261,banda<=ruido,0,56.0,1,56,0,350,1,0.017857,2.3608e-8,0.97928
Bprima,3,parada,0.3,0.8,6.8,0.0079,1.105,22,20,16,0,1.3186,0.9902,4.3238,0.0000,2.5688,4.3921,3.1918,22.63064,0.6010,0.001704,0.0804,0.00066,0.00066,0.07629,58,0.1287,banda<=ruido,0,56.0,1,56,0,350,1,0.017857,2.1511e-8,0.98869
Bprima,3,parada,0.3,0.8,6.8,0.0079,1.105,22,20,16,0,1.3322,0.9998,4.3045,0.0000,2.5187,4.1945,3.3460,20.52156,0.5818,0.001931,0.0777,0.00100,0.00100,0.07888,62,0.1308,banda<=ruido,0,56.0,1,56,0,350,1,0.017857,3.4864e-8,0.98054
Bprima,3,parada,0.3,0.8,6.8,0.0079,1.105,22,20,16,0,1.3458,0.9341,4.2601,0.0000,2.5653,3.9994,3.5830,20.74189,0.5521,0.001801,0.0754,0.00068,0.00068,0.07821,48,0.1330,banda<=ruido,0,56.0,1,56,0,350,1,0.017857,1.2281e-8,0.98740
Bprima,3,parada,0.3,0.8,6.8,0.0079,1.105,22,20,16,0,1.3593,0.8113,4.3625,0.0000,2.5644,4.1219,3.7446,21.92723,0.5319,0.001702,0.0731,0.00067,0.00067,0.07822,51,0.1358,banda<=ruido,0,56.0,1,56,0,350,1,0.017857,2.1498e-8,0.98180
Bprima,3,parada,0.3,0.8,6.8,0.0079,1.105,22,20,16,0,1.3729,0.9413,4.3202,0.0000,2.5609,4.3446,3.8944,22.62970,0.5132,0.001848,0.0707,0.00053,0.00053,0.07754,47,0.1378,banda<=ruido,0,56.0,1,56,0,350,1,0.017857,1.6299e-8,0.98529
Bprima,3,parada,0.3,0.8,6.8,0.0079,1.105,22,20,16,0,1.3864,0.8600,4.3060,0.0000,2.5627,4.2427,4.0419,25.13270,0.4948,0.001646,0.0685,0.00071,0.00071,0.07719,55,0.1398,banda<=ruido,0,56.0,1,56,0,350,1,0.017857,3.3675e-8,0.99933
Bprima,3,parada,0.3,0.8,6.8,0.0079,1.105,22,20,16,0,1.4000,0.8600,4.3605,0.0000,2.5282,4.2064,4.1758,20.46175,0.4780,0.001745,0.0662,0.00060,0.00060,0.07843,50,0.1420,banda<=ruido,0,56.0,1,56,0,350,1,0.017857,2.3468e-8,0.99519
