D,4,parada,0.47,0.94,6.8,0.0079,1.105,25,20,16,0,0.6000,0.0000,4.4051,0.0000,1.9932,0.0000,12.5163,0.00000,0.0000,0.000000,0.5640,0.00000,0.00000,0.07876,1,0.0295,banda<=ruido,1,56.0,1,56,0,350,1,0.017857,1.2418e-31,0.97858
D,4,parada,0.47,0.94,6.8,0.0079,1.105,25,20,16,0,0.6136,0.0000,4.3445,0.0000,1.9606,0.0000,12.4653,0.00000,0.0000,0.000000,0.5640,0.00000,0.00000,0.07852,1,0.0295,banda<=ruido,1,56.0,1,56,0,350,1,0.017857,1.2418e-31,0.97858
D,4,parada,0.47,0.94,6.8,0.0079,1.105,25,20,16,0,0.6271,0.0000,4.3053,0.0000,1.9338,0.0000,12.2281,0.00000,0.0000,0.000000,0.5640,0.00000,0.00000,0.07750,1,0.0295,banda<=ruido,1,56.0,1,56,0,350,1,0.017857,1.2418e-31,0.97858
D,4,parada,0.47,0.94,6.8,0.0079,1.105,25,20,16,0,0.6407,0.0000,4.3308,0.0000,1.9494,0.0000,12.0858,0.00000,0.0000,0.000000,0.5640,0.00000,0.00000,0.07798,1,0.0295,banda<=ruido,1,56.0,1,56,0,350,1,0.017857,1.2418e-31,0.97858
D,4,parada,0.47,0.94,6.8,0.0079,1.105,25,20,16,0,0.6542,0.0000,4.3690,0.0000,1.9948,0.0000,11.9750,0.00000,0.0000,0.000000,0.5640,0.00000,0.00000,0.07696,1,0.0295,banda<=ruido,1,56.0,1,56,0,350,1,0.017857,1.2418e-31,0.97858
D,4,parada,0.47,0.94,6.8,0.0079,1.105,25,20,16,0,0.6678,0.0000,4.3271,0.0000,1.9778,0.0000,11.7931,0.00000,0.0000,0.000000,0.5640,0.00000,0.00000,0.07790,1,0.0295,banda<=ruido,1,56.0,1,56,0,350,1,0.017857,1.2418e-31,0.97858
D,4,parada,0.47,0.94,6.8,0.0079,1.105,25,20,16,0,0.6814,0.0000,4.3094,0.0000,1.9878,0.0000,11.6743,0.00000,0.0000,0.000000,0.5640,0.00000,0.00000,0.07771,1,0.0295,banda<=ruido,1,59.0,1,59,0,350,1,0.016949,1.2418e-31,0.97858
D,4,parada,0.47,0.94,6.8,0.0079,1.105,25,20,16,0,0.6949,0.0000,4.3471,0.0000,1.9869,0.0000,11.5044,0.00000,0.0000,0.000000,0.5640,0.00000,0.00000,0.07529,1,0.0295,banda<=ruido,1,103.0,1,103,0,600,1,0.009709,1.2418e-31,0.97858
D,4,parada,0.47,0.94,6.8,0.0079,1.105,25,20,16,0,0.7085,0.9413,4.3010,0.0000,1.9472,4.1871,25.1734,23.42119,0.3282,0.001531,0.3170,0.00320,0.00320,0.07698,95,0.0699,banda<=ruido,0,31.0,1,31,0,400,1,0.032258,5.6529e-7,0.98614
D,4,parada,0.47,0.94,6.8,0.0079,1.105,25,20,16,0,0.7220,0.9837,4.2399,0.0000,1.9524,4.2674,24.8565,24.03346,0.3749,0.001749,0.3007,0.00213,0.00213,0.07831,85,0.0824,banda<=ruido,0,29.0,1,29,0,400,1,0.034483,2.8093e-7,0.98872
D,4,parada,0.47,0.94,6.8,0.0079,1.105,25,20,16,0,0.7356,0.9982,4.3039,0.0000,1.9739,4.3318,24.3977,38.75629,0.4251,0.001681,0.2881,0.00191,0.00191,0.07773,87,0.0943,banda<=ruido,0,28.0,1,28,0,400,1,0.035714,2.5603e-7,0.98350
D,4,parada,0.47,0.94,6.8,0.0079,1.105,25,20,16,0,0.7492,0.9007,4.3531,0.0000,1.9635,4.1809,23.9311,39.60285,0.4638,0.001692,0.2758,0.00239,0.00239,0.07594,84,0.1043,banda<=ruido,0,28.0,1,28,0,450,1,0.035714,3.1516e-7,0.98352
D,4,parada,0.47,0.94,6.8,0.0079,1.105,25,20,16,0,0.7627,0.9544,4.3785,0.0000,1.9830,4.2604,23.3551,47.57153,0.5044,0.001777,0.2663,0.00248,0.00248,0.07676,95,0.1136,banda<=ruido,0,28.0,1,28,0,450,1,0.035714,3.3913e-7,0.99610
D,4,parada,0.47,0.94,6.8,0.0079,1.105,25,20,16,0,0.7763,0.9659,4.3128,0.0000,1.9089,4.1140,22.9101,55.67329,0.5172,0.001695,0.2556,0.00270,0.00270,0.07646,95,0.1247,banda<=ruido,0,28.0,1,28,0,500,1,0.035714,2.8749e-7,0.98859
D,4,parada,0.47,0.94,6.8,0.0079,1.105,25,20,16,0,0.7898,0.9264,4.4023,0.0000,1.9895,4.3428,22.2372,61.06574,0.5456,0.001675,0.2481,0.00235,0.00235,0.07816,95,0.1302,banda<=ruido,0,30.0,1,30,0,550,1,0.033333,2.2638e-7,0.98563
D,4,parada,0.47,0.94,6.8,0.0079,1.105,25,20,16,0,0.8034,0.9659,4.3854,0.0000,1.9791,4.1169,21.4170,61.95100,0.5659,0.001700,0.2433,0.00297,0.00297,0.07790,89,0.1363,banda<=ruido,0,36.0,1,36,0,550,1,0.027778,4.0110e-7,0.98280
D,4,parada,0.47,0.94,6.8,0.0079,1.105,25,20,16,0,0.8169,1.0000,4.3153,0.0000,1.9766,4.2020,20.2872,56.48533,0.5675,0.001766,0.2424,0.00266,0.00266,0.07685,93,0.1363,banda<=ruido,0,41.0,1,41,0,500,1,0.024390,6.7490e-7,0.99812
D,4,parada,0.47,0.94,6.8,0.0079,1.105,25,20,16,0,0.8305,0.8600,4.3257,0.0000,1.9640,4.2637,18.8342,63.51156,0.5654,0.001741,0.2460,0.00195,0.00195,0.07650,86,0.1318,banda<=ruido,0,39.0,1,39,0,450,1,0.025641,2.4473e-7,0.97596
D,4,parada,0.47,0.94,6.8,0.0079,1.105,25,20,16,0,0.8441,0.9968,4.2971,0.0000,1.9702,4.3792,17.4715,49.57317,0.5415,0.001587,0.2486,0.00351,0.00351,0.07701,100,0.1304,banda<=ruido,0,38.0,1,38,0,350,1,0.026316,6.3851e-7,0.98601
D,4,parada,0.47,0.94,6.8,0.0079,1.105,25,20,16,0,0.8576,0.9097,4.3352,0.0000,1.9801,4.1975,16.1236,44.49783,0.5176,0.001730,0.2513,0.00312,0.00312,0.07877,94,0.1277,banda<=ruido,0,38.0,1,38,0,350,1,0.026316,1.8228e-7,0.94716
D,4,parada,0.47,0.94,6.8,0.0079,1.105,25,20,16,0,0.8712,0.8113,4.3681,0.0000,1.9786,4.1557,14.5173,40.52685,0.5293,0.001668,0.2574,0.00240,0.00240,0.07832,88,0.1210,banda<=ruido,0,39.0,1,39,0,300,1,0.025641,2.6966e-7,0.99955
D,4,parada,0.47,0.94,6.8,0.0079,1.105,25,20,16,0,0.8847,0.9871,4.3161,0.0000,1.9953,4.3129,13.2068,38.75129,0.5075,0.001711,0.2601,0.00287,0.00287,0.07574,94,0.1191,banda<=ruido,0,39.0,1,39,0,300,1,0.025641,7.0869e-7,1.00009
D,4,parada,0.47,0.94,6.8,0.0079,1.105,25,20,16,0,0.8983,0.9928,4.3839,0.3843,1.9652,4.2564,11.8374,32.87666,0.4965,0.001713,0.2635,0.00319,0.00319,0.07887,100,0.1152,banda<=ruido,0,40.0,1,40,0,300,1,0.025000,4.6650e-7,1.00166
D,4,parada,0.47,0.94,6.8,0.0079,1.105,25,20,16,0,0.9119,0.9902,4.3361,0.0000,1.9960,4.1597,10.5026,32.50841,0.4844,0.001573,0.2671,0.00266,0.00266,0.07795,90,0.1115,banda<=ruido,0,41.0,1,41,0,300,1,0.024390,4.7003e-7,0.96376
D,4,parada,0.47,0.94,6.8,0.0079,1.105,25,20,16,0,0.9254,0.9604,4.3636,0.0000,1.9779,4.1619,9.1826,28.72547,0.4737,0.001689,0.2704,0.00176,0.00176,0.07827,80,0.1097,banda<=ruido,0,42.0,1,42,0,300,1,0.023810,1.4354e-7,0.99161
D,4,parada,0.47,0.94,6.8,0.0079,1.105,25,20,16,0,0.9390,0.7838,4.3322,0.0000,1.9544,4.0925,7.8458,23.28664,0.4681,0.001712,0.2742,0.00208,0.00208,0.07840,77,0.1056,banda<=ruido,0,44.0,1,44,0,300,1,0.022727,2.2423e-7,0.99326
D,4,parada,0.47,0.94,6.8,0.0079,1.105,25,20,16,0,0.9525,0.9544,4.3210,0.0000,1.9808,4.2878,6.5544,25.33946,0.4596,0.001697,0.2777,0.00397,0.00397,0.07862,104,0.1041,banda<=ruido,0,45.0,1,45,0,300,1,0.022222,9.1221e-7,0.97512
D,4,parada,0.47,0.94,6.8,0.0079,1.105,25,20,16,0,0.9661,0.9837,4.3501,0.0000,1.9449,4.3786,5.3054,18.38659,0.4487,0.001807,0.2806,0.00327,0.00327,0.07607,106,0.1011,banda<=ruido,0,47.0,1,47,0,300,1,0.021277,5.0139e-7,0.98232
D,4,parada,0.47,0.94,6.8,0.0079,1.105,25,20,16,0,0.9797,0.9481,4.3471,0.7383,1.9892,4.4104,4.0819,22.21431,0.4372,0.001762,0.2833,0.00244,0.00244,0.07801,91,0.0984,banda<=ruido,0,49.0,1,49,0,300,1,0.020408,3.0194e-7,0.98913
D,4,parada,0.47,0.94,6.8,0.0079,1.105,25,20,16,0,0.9932,0.9998,4.3623,0.0000,1.9808,4.3287,2.8904,19.06461,0.4243,0.001666,0.2858,0.00226,0.00226,0.07751,93,0.0963,banda<=ruido,0,51.0,1,51,0,350,1,0.019608,3.2597e-7,0.99545
D,4,parada,0.47,0.94,6.8,0.0079,1.105,25,20,16,0,1.0068,0.7978,4.2484,0.0000,1.9352,4.0618,1.6406,16.68393,0.4211,0.001694,0.2890,0.00423,0.00423,0.07859,100,0.0921,banda<=ruido,0,54.0,1,54,0,350,1,0.018519,7.4768e-7,0.98377
D,4,parada,0.47,0.94,6.8,0.0079,1.105,25,20,16,0,1.0203,0.9998,4.3097,0.0000,1.9737,4.3820,0.4915,14.27874,0.4077,0.001721,0.2915,0.00248,0.00248,0.07843,94,0.0901,banda<=ruido,0,56.0,1,56,0,350,1,0.017857,5.0158e-7,0.98128
D,4,parada,0.47,0.94,6.8,0.0079,1.105,25,20,16,0,1.0339,0.9950,4.3775,0.0000,1.9721,4.3108,0.7199,14.37683,0.4044,0.001598,0.2948,0.00270,0.00270,0.07755,98,0.0872,banda<=ruido,0,60.0,1,60,0,350,1,0.016667,5.5904e-7,0.98174
D,4,parada,0.47,0.94,6.8,0.0079,1.105,25,20,16,0,1.0475,0.9902,4.3102,0.0000,1.9649,4.2796,1.7949,12.77597,0.3862,0.001792,0.2964,0.00219,0.00219,0.07519,87,0.0871,banda<=ruido,0,63.0,1,63,0,350,1,0.015873,2.1612e-7,0.99053
D,4,parada,0.47,0.94,6.8,0.0079,1.105,25,20,16,0,1.0610,0.8813,4.3376,0.0000,1.9815,4.0832,2.8955,10.82758,0.3734,0.001707,0.2983,0.00291,0.00291,0.07836,91,0.0847,banda<=ruido,0,67.0,1,67,0,350,1,0.014925,6.5826e-7,0.97893
D,4,parada,0.47,0.94,6.8,0.0079,1.105,25,20,16,0,1.0746,0.9871,4.3404,0.0000,1.9960,4.3513,4.1192,10.39015,0.3780,0.001676,0.3025,0.00252,0.00252,0.07854,95,0.0824,banda<=ruido,0,72.0,1,72,0,400,1,0.013889,2.2804e-7,0.99828
D,4,parada,0.47,0.94,6.8,0.0079,1.105,25,20,16,0,1.0881,0.8912,4.3637,0.5665,1.9542,4.0032,5.1689,8.95455,0.3629,0.001878,0.3040,0.00310,0.00310,0.07806,83,0.0812,banda<=ruido,0,77.0,1,77,0,400,1,0.012987,3.8979e-7,0.99625
D,4,parada,0.47,0.94,6.8,0.0079,1.105,25,20,16,0,1.1017,0.7838,4.2857,0.5665,1.9249,4.0642,6.2806,9.22634,0.3574,0.001650,0.3063,0.00275,0.00275,0.07759,91,0.0787,banda<=ruido,0,83.0,1,83,0,400,1,0.012048,1.8735e-7,0.96193
D,4,parada,0.47,0.94,6.8,0.0079,1.105,25,20,16,0,1.1153,0.9710,4.3237,0.0000,1.9514,4.1781,7.4200,7.18221,0.3573,0.001863,0.3098,0.00255,0.00255,0.07868,90,0.0771,banda<=ruido,0,90.0,1,90,0,400,1,0.011111,2.2771e-7,0.96210
D,4,parada,0.47,0.94,6.8,0.0079,1.105,25,20,16,0,1.1288,0.9341,4.2757,0.0000,1.9692,4.1983,8.4399,7.23016,0.3440,0.001803,0.3113,0.00360,0.00360,0.07762,100,0.0755,banda<=ruido,0,99.0,1,99,0,400,1,0.010101,3.7400e-7,0.95823
D,4,parada,0.47,0.94,6.8,0.0079,1.105,25,20,16,0,1.1424,0.9756,4.3338,0.0000,1.9890,4.3009,9.4958,7.17924,0.3370,0.001658,0.3132,0.00271,0.00271,0.07777,88,0.0720,banda<=ruido,0,108.0,1,108,0,450,1,0.009259,6.2163e-7,0.98654
D,4,parada,0.47,0.94,6.8,0.0079,1.105,25,20,16,0,1.1559,0.8912,4.2934,0.0000,1.9475,4.2668,10.6020,6.98899,0.3379,0.001612,0.3165,0.00107,0.00107,0.07811,72,0.0703,banda<=ruido,0,120.0,1,120,0,450,1,0.008333,7.0498e-8,0.96544
D,4,parada,0.47,0.94,6.8,0.0079,1.105,25,20,16,0,1.1695,0.9998,4.3383,0.0000,1.9623,4.2588,11.6027,6.45084,0.3273,0.001664,0.3182,0.00239,0.00239,0.07861,95,0.0687,banda<=ruido,0,137.0,1,137,0,400,1,0.007299,4.2114e-7,0.98012
D,4,parada,0.47,0.94,6.8,0.0079,1.105,25,20,16,0,1.1831,0.9992,4.3031,0.0000,1.9917,4.3330,12.6577,5.90854,0.3251,0.001688,0.3208,0.00309,0.00309,0.07881,92,0.0674,banda<=ruido,0,156.0,1,156,0,400,1,0.006410,7.8667e-7,1.00194
D,4,parada,0.47,0.94,6.8,0.0079,1.105,25,20,16,0,1.1966,0.8485,4.3681,0.0000,1.9649,4.1943,13.5861,6.22663,0.3085,0.001544,0.3215,0.00311,0.00311,0.07829,99,0.0671,banda<=ruido,0,185.0,1,185,0,250,1,0.005405,4.4739e-7,1.00054
D,4,parada,0.47,0.94,6.8,0.0079,1.105,25,20,16,0,1.2102,0.9659,4.3575,0.0000,1.9900,4.4121,14.6041,4.87423,0.3053,0.001832,0.3237,0.00254,0.00254,0.07863,103,0.0647,banda<=ruido,0,195.0,1,195,0,250,1,0.005128,4.9639e-7,0.99606
D,4,parada,0.47,0.94,6.8,0.0079,1.105,25,20,16,0,1.2237,0.6690,4.3979,0.0000,1.9972,3.8104,15.6138,5.66024,0.3031,0.001562,0.3255,0.00392,0.00392,0.07865,87,0.0624,banda<=ruido,0,218.0,1,218,0,350,1,0.004587,5.7163e-7,0.98266
D,4,parada,0.47,0.94,6.8,0.0079,1.105,25,20,16,0,1.2373,0.8113,4.3224,0.7540,1.9949,4.0134,16.5979,4.66083,0.3001,0.001625,0.3277,0.00411,0.00411,0.07707,97,0.0619,banda<=ruido,0,253.0,1,253,0,450,1,0.003953,4.6871e-7,0.97242
D,4,parada,0.47,0.94,6.8,0.0079,1.105,25,20,16,0,1.2508,0.9982,4.3400,0.1687,1.9851,4.2126,17.5782,4.45101,0.3011,0.001800,0.3298,0.00504,0.00504,0.07847,103,0.0592,banda<=ruido,0,296.0,1,296,0,550,1,0.003378,1.0253e-6,0.99534
D,4,parada,0.47,0.94,6.8,0.0079,1.105,25,20,16,0,1.2644,0.8912,4.3456,0.7838,1.9932,4.1315,18.3559,4.00606,0.2864,0.001809,0.3283,0.00411,0.00411,0.07876,101,0.0593,banda<=ruido,0,328.0,1,328,0,600,1,0.003049,2.1362e-7,0.93392
D,4,parada,0.47,0.94,6.8,0.0079,1.105,25,20,16,0,1.2780,0.9183,4.3248,0.9341,1.9783,4.3575,19.0870,3.59622,0.2824,0.001852,0.3268,0.00356,0.00356,0.07885,94,0.0635,banda<=ruido,0,318.0,1,318,0,550,1,0.003145,3.8255e-7,0.99353
D,4,parada,0.47,0.94,6.8,0.0079,1.105,25,20,16,0,1.2915,0.9659,4.3674,0.8366,1.9800,4.4094,19.9464,4.50821,0.3092,0.001713,0.3267,0.00294,0.00294,0.07844,98,0.0622,banda<=ruido,0,289.0,1,289,0,450,1,0.003460,5.8404e-7,0.99880
D,4,parada,0.47,0.94,6.8,0.0079,1.105,25,20,16,0,1.3051,0.9183,4.2465,0.0000,1.9752,4.2464,20.5373,4.16887,0.3114,0.001802,0.3226,0.00135,0.00135,0.07871,75,0.0658,banda<=ruido,0,266.0,1,266,0,350,1,0.003759,1.0092e-7,0.98660
D,4,parada,0.47,0.94,6.8,0.0079,1.105,25,20,16,0,1.3186,0.7838,4.3042,0.4420,1.9865,4.1497,0.6595,81.41075,0.9201,0.001743,0.1108,0.00084,0.00084,0.07567,56,0.2737,banda<=ruido,0,56.0,1,56,0,350,1,0.017857,4.3773e-8,0.98387
D,4,parada,0.47,0.94,6.8,0.0079,1.105,25,20,16,0,1.3322,0.9183,4.3089,0.0000,1.9940,4.2385,0.8140,76.05942,0.8983,0.001759,0.1073,0.00106,0.00106,0.07733,69,0.2782,banda<=ruido,0,56.0,1,56,0,350,1,0.017857,8.0041e-8,0.99205
D,4,parada,0.47,0.94,6.8,0.0079,1.105,25,20,16,0,1.3458,0.9871,4.3317,0.0000,1.9877,4.2918,0.9719,75.68456,0.8785,0.001745,0.1038,0.00096,0.00096,0.07635,66,0.2819,banda<=ruido,0,56.0,1,56,0,350,1,0.017857,4.7239e-8,0.99978
D,4,parada,0.47,0.94,6.8,0.0079,1.105,25,20,16,0,1.3593,0.9950,4.2669,0.0000,1.9744,4.3030,1.0818,69.23872,0.8648,0.001951,0.1002,0.00077,0.00077,0.07675,58,0.2851,banda<=ruido,0,56.0,1,56,0,350,1,0.017857,2.8547e-8,0.97439
D,4,parada,0.47,0.94,6.8,0.0079,1.105,25,20,16,0,1.3729,0.9710,4.2405,0.0000,1.9657,4.4784,1.2670,74.53983,0.8416,0.001760,0.0972,0.00067,0.00067,0.07844,56,0.2889,banda<=ruido,0,56.0,1,56,0,350,1,0.017857,4.0948e-8,0.98575
D,4,parada,0.47,0.94,6.8,0.0079,1.105,25,20,16,0,1.3864,0.9183,4.3681,0.0000,1.9909,4.2240,1.3813,68.10734,0.8273,0.001852,0.0940,0.00122,0.00122,0.07882,70,0.2924,banda<=ruido,0,56.0,1,56,0,350,1,0.017857,6.9279e-8,0.99498
D,4,parada,0.47,0.94,6.8,0.0079,1.105,25,20,16,0,1.4000,0.9544,4.3134,0.0000,1.9467,4.0839,1.5183,74.99291,0.8102,0.001668,0.0910,0.00071,0.00071,0.07639,57,0.2962,banda<=ruido,0,56.0,1,56,0,350,1,0.017857,3.5851e-8,0.99059
Aprima,1,parada,0.47,0.94,6.8,0.0079,1.105,25,20,16,0,0.6000,0.0000,4.2924,0.0000,1.9180,0.0000,12.6043,0.00000,0.0000,0.000000,0.5640,0.00000,0.00000,0.07760,1,0.0295,banda<=ruido,1,56.0,1,56,0,350,1,0.017857,1.2418e-31,0.97858
Aprima,1,parada,0.47,0.94,6.8,0.0079,1.105,25,20,16,0,0.6136,0.0000,4.3829,0.0000,1.9313,0.0000,12.4229,0.00000,0.0000,0.000000,0.5640,0.00000,0.00000,0.07593,1,0.0295,banda<=ruido,1,56.0,1,56,0,350,1,0.017857,1.2418e-31,0.97858
Aprima,1,parada,0.47,0.94,6.8,0.0079,1.105,25,20,16,0,0.6271,0.0000,4.3218,0.0000,1.9849,0.0000,12.2125,0.00000,0.0000,0.000000,0.5640,0.00000,0.00000,0.07833,1,0.0295,banda<=ruido,1,56.0,1,56,0,350,1,0.017857,1.2418e-31,0.97858
Aprima,1,parada,0.47,0.94,6.8,0.0079,1.105,25,20,16,0,0.6407,0.0000,4.2525,0.0000,1.9628,0.0000,12.0986,0.00000,0.0000,0.000000,0.5640,0.00000,0.00000,0.07662,1,0.0295,banda<=ruido,1,56.0,1,56,0,350,1,0.017857,1.2418e-31,0.97858
Aprima,1,parada,0.47,0.94,6.8,0.0079,1.105,25,20,16,0,0.6542,0.0000,4.3978,0.0000,1.9819,0.0000,11.9788,0.00000,0.0000,0.000000,0.5640,0.00000,0.00000,0.07761,1,0.0295,banda<=ruido,1,56.0,1,56,0,350,1,0.017857,1.2418e-31,0.97858
Aprima,1,parada,0.47,0.94,6.8,0.0079,1.105,25,20,16,0,0.6678,0.0000,4.3059,0.0000,1.9895,0.0000,11.8252,0.00000,0.0000,0.000000,0.5640,0.00000,0.00000,0.07792,1,0.0295,banda<=ruido,1,56.0,1,56,0,350,1,0.017857,1.2418e-31,0.97858
Aprima,1,parada,0.47,0.94,6.8,0.0079,1.105,25,20,16,0,0.6814,0.0000,4.3665,0.0000,1.9664,0.0000,11.6489,0.00000,0.0000,0.000000,0.5640,0.00000,0.00000,0.07825,1,0.0295,banda<=ruido,1,59.0,1,59,0,350,1,0.016949,1.2418e-31,0.97858
Aprima,1,parada,0.47,0.94,6.8,0.0079,1.105,25,20,16,0,0.6949,0.0000,4.2945,0.0000,1.9737,0.0000,11.4887,0.00000,0.0000,0.000000,0.5640,0.00000,0.00000,0.07787,1,0.0295,banda<=ruido,1,103.0,1,103,0,600,1,0.009709,1.2418e-31,0.97858
Aprima,1,parada,0.47,0.94,6.8,0.0079,1.105,25,20,16,0,0.7085,0.9007,4.3645,0.0000,1.9819,4.1459,25.2601,16.34177,0.3173,0.001889,0.3160,0.00334,0.00334,0.07682,95,0.0710,banda<=ruido,0,31.0,1,31,0,400,1,0.032258,2.8222e-7,0.97329
Aprima,1,parada,0.47,0.94,6.8,0.0079,1.105,25,20,16,0,0.7220,0.9007,4.3155,0.0000,1.9895,4.1477,24.8270,23.82922,0.3786,0.002074,0.3015,0.00297,0.00297,0.07797,98,0.0819,banda<=ruido,0,29.0,1,29,0,400,1,0.034483,7.7085e-7,0.98450
Aprima,1,parada,0.47,0.94,6.8,0.0079,1.105,25,20,16,0,0.7356,0.9659,4.3692,0.0000,1.9972,4.2052,24.4598,38.77360,0.4173,0.001663,0.2869,0.00274,0.00274,0.07785,92,0.0944,banda<=ruido,0,28.0,1,28,0,400,1,0.035714,1.0426e-7,0.95927
Aprima,1,parada,0.47,0.94,6.8,0.0079,1.105,25,20,16,0,0.7492,0.9992,4.3179,0.0000,1.9909,4.1363,24.0071,33.24454,0.4543,0.001802,0.2751,0.00223,0.00223,0.07726,81,0.1062,banda<=ruido,0,28.0,1,28,0,450,1,0.035714,7.0714e-8,0.98005
Aprima,1,parada,0.47,0.94,6.8,0.0079,1.105,25,20,16,0,0.7627,0.7219,4.3592,0.0000,1.9821,4.0574,23.4367,46.38376,0.4942,0.001678,0.2650,0.00229,0.00229,0.07712,87,0.1136,banda<=ruido,0,28.0,1,28,0,450,1,0.035714,2.5935e-7,0.99233
Aprima,1,parada,0.47,0.94,6.8,0.0079,1.105,25,20,16,0,0.7763,0.6303,4.3095,0.0000,1.9688,4.0150,22.9269,52.52410,0.5151,0.001562,0.2550,0.00274,0.00274,0.07863,90,0.1224,banda<=ruido,0,28.0,1,28,0,500,1,0.035714,3.0830e-7,0.98485
Aprima,1,parada,0.47,0.94,6.8,0.0079,1.105,25,20,16,0,0.7898,0.9928,4.3559,0.0000,1.9371,4.0394,22.2334,51.19234,0.5461,0.001771,0.2484,0.00318,0.00318,0.07797,94,0.1303,banda<=ruido,0,30.0,1,30,0,550,1,0.033333,6.0033e-7,0.98683
Aprima,1,parada,0.47,0.94,6.8,0.0079,1.105,25,20,16,0,0.8034,0.8113,4.3475,0.0000,1.9651,3.7640,21.4989,45.54214,0.5557,0.001931,0.2425,0.00357,0.00357,0.07734,83,0.1369,banda<=ruido,0,36.0,1,36,0,550,1,0.027778,3.6832e-7,0.99377
Aprima,1,parada,0.47,0.94,6.8,0.0079,1.105,25,20,16,0,0.8169,0.9413,4.2680,0.0000,1.9547,4.4220,20.2819,53.07748,0.5682,0.001712,0.2426,0.00156,0.00156,0.07731,94,0.1364,banda<=ruido,0,41.0,1,41,0,500,1,0.024390,9.6784e-8,0.98440
Aprima,1,parada,0.47,0.94,6.8,0.0079,1.105,25,20,16,0,0.8305,0.9341,4.3571,0.0000,1.9627,4.2562,18.9765,45.78249,0.5476,0.001780,0.2441,0.00219,0.00219,0.07761,91,0.1339,banda<=ruido,0,39.0,1,39,0,450,1,0.025641,1.1279e-7,0.97016
Aprima,1,parada,0.47,0.94,6.8,0.0079,1.105,25,20,16,0,0.8441,0.9928,4.3639,0.0000,1.9835,4.2719,17.4420,49.18288,0.5452,0.001647,0.2492,0.00232,0.00232,0.07760,93,0.1301,banda<=ruido,0,38.0,1,38,0,350,1,0.026316,1.1644e-7,0.98657
Aprima,1,parada,0.47,0.94,6.8,0.0079,1.105,25,20,16,0,0.8576,0.9992,4.3288,0.0000,1.9835,4.3594,16.0465,39.18464,0.5273,0.001756,0.2523,0.00179,0.00179,0.07691,89,0.1274,banda<=ruido,0,38.0,1,38,0,350,1,0.026316,2.1058e-7,0.97758
Aprima,1,parada,0.47,0.94,6.8,0.0079,1.105,25,20,16,0,0.8712,0.8113,4.3433,0.0000,1.9836,4.1054,14.5710,42.28815,0.5226,0.001686,0.2568,0.00260,0.00260,0.07692,92,0.1223,banda<=ruido,0,39.0,1,39,0,300,1,0.025641,5.4102e-7,1.00004
Aprima,1,parada,0.47,0.94,6.8,0.0079,1.105,25,20,16,0,0.8847,0.8709,4.3384,0.0000,1.9988,4.0320,13.1697,36.07569,0.5121,0.001892,0.2608,0.00273,0.00273,0.07843,91,0.1201,banda<=ruido,0,39.0,1,39,0,300,1,0.025641,2.7316e-7,0.95712
Aprima,1,parada,0.47,0.94,6.8,0.0079,1.105,25,20,16,0,0.8983,0.9992,4.3369,0.0000,1.9980,4.3667,11.8591,27.62333,0.4938,0.001835,0.2635,0.00140,0.00140,0.07828,79,0.1162,banda<=ruido,0,40.0,1,40,0,300,1,0.025000,1.2345e-7,0.98892
Aprima,1,parada,0.47,0.94,6.8,0.0079,1.105,25,20,16,0,0.9119,0.7049,4.2175,0.0000,1.8992,4.0804,10.5344,29.95331,0.4805,0.001636,0.2666,0.00172,0.00172,0.07770,75,0.1129,banda<=ruido,0,41.0,1,41,0,300,1,0.024390,1.5370e-7,0.99357
Aprima,1,parada,0.47,0.94,6.8,0.0079,1.105,25,20,16,0,0.9254,0.9544,4.3671,0.0000,1.9517,4.0861,9.1206,23.02157,0.4814,0.001943,0.2716,0.00297,0.00297,0.07769,90,0.1101,banda<=ruido,0,42.0,1,42,0,300,1,0.023810,1.4774e-7,0.98976
Aprima,1,parada,0.47,0.94,6.8,0.0079,1.105,25,20,16,0,0.9390,0.9928,4.3813,0.0000,1.9821,4.4331,7.9389,25.16824,0.4564,0.001797,0.2730,0.00287,0.00287,0.07825,95,0.1071,banda<=ruido,0,44.0,1,44,0,300,1,0.022727,6.0221e-7,0.98846
Aprima,1,parada,0.47,0.94,6.8,0.0079,1.105,25,20,16,0,0.9525,0.9837,4.3465,0.0000,1.9900,4.1233,6.5720,27.94604,0.4574,0.001508,0.2771,0.00281,0.00281,0.07845,87,0.1024,banda<=ruido,0,45.0,1,45,0,300,1,0.022222,1.7777e-7,0.96871
Aprima,1,parada,0.47,0.94,6.8,0.0079,1.105,25,20,16,0,0.9661,0.9950,4.2776,0.0000,1.9703,4.3589,5.3893,18.17320,0.4382,0.001824,0.2792,0.00250,0.00250,0.07649,90,0.1014,banda<=ruido,0,47.0,1,47,0,300,1,0.021277,4.5291e-7,0.98840
Aprima,1,parada,0.47,0.94,6.8,0.0079,1.105,25,20,16,0,0.9797,0.8912,4.2353,0.0000,1.9733,4.3299,4.1227,16.67611,0.4321,0.001769,0.2829,0.00288,0.00288,0.07748,95,0.0989,banda<=ruido,0,49.0,1,49,0,300,1,0.020408,2.1664e-7,0.98711
Aprima,1,parada,0.47,0.94,6.8,0.0079,1.105,25,20,16,0,0.9932,0.9183,4.2789,0.4138,1.9787,4.3119,2.8911,15.73573,0.4242,0.001923,0.2857,0.00324,0.00324,0.07849,99,0.0954,banda<=ruido,0,51.0,1,51,0,350,1,0.019608,2.2753e-7,0.96904
Aprima,1,parada,0.47,0.94,6.8,0.0079,1.105,25,20,16,0,1.0068,0.9604,4.3702,0.0000,1.9924,4.3717,1.7184,15.78340,0.4114,0.001862,0.2883,0.00193,0.00193,0.07794,88,0.0937,banda<=ruido,0,54.0,1,54,0,350,1,0.018519,3.2020e-7,0.97292
Aprima,1,parada,0.47,0.94,6.8,0.0079,1.105,25,20,16,0,1.0203,0.9871,4.3255,0.0000,1.9565,4.1938,0.5173,13.37898,0.4045,0.001858,0.2911,0.00106,0.00106,0.07558,65,0.0910,banda<=ruido,0,56.0,1,56,0,350,1,0.017857,5.1739e-8,0.95951
Aprima,1,parada,0.47,0.94,6.8,0.0079,1.105,25,20,16,0,1.0339,0.9902,4.3684,0.0000,1.9821,4.2837,0.7145,12.55710,0.4037,0.001815,0.2947,0.00486,0.00486,0.07811,107,0.0890,banda<=ruido,0,60.0,1,60,0,350,1,0.016667,1.1846e-6,0.97966
Aprima,1,parada,0.47,0.94,6.8,0.0079,1.105,25,20,16,0,1.0475,0.9992,4.3248,0.0000,1.9552,4.2241,1.8702,12.03365,0.3956,0.001741,0.2975,0.00205,0.00205,0.07789,83,0.0860,banda<=ruido,0,63.0,1,63,0,350,1,0.015873,2.1052e-7,0.99450
Aprima,1,parada,0.47,0.94,6.8,0.0079,1.105,25,20,16,0,1.0610,0.9183,4.3265,0.0000,1.9747,4.1337,2.9532,11.43481,0.3806,0.001708,0.2994,0.00303,0.00303,0.07721,93,0.0855,banda<=ruido,0,67.0,1,67,0,350,1,0.014925,2.9991e-7,0.99419
Aprima,1,parada,0.47,0.94,6.8,0.0079,1.105,25,20,16,0,1.0746,0.9264,4.2826,0.0000,1.9835,4.2609,4.1240,12.94079,0.3786,0.001750,0.3028,0.00496,0.00496,0.07870,101,0.0835,banda<=ruido,0,72.0,1,72,0,400,1,0.013889,9.6804e-7,0.99731
Aprima,1,parada,0.47,0.94,6.8,0.0079,1.105,25,20,16,0,1.0881,0.9097,4.3316,0.0000,1.9765,4.1349,5.2374,8.87232,0.3714,0.001816,0.3049,0.00099,0.00099,0.07854,63,0.0800,banda<=ruido,0,77.0,1,77,0,400,1,0.012987,3.7707e-8,0.92054
Aprima,1,parada,0.47,0.94,6.8,0.0079,1.105,25,20,16,0,1.1017,0.9183,4.3147,0.4420,1.9428,4.3168,6.3385,11.50779,0.3647,0.001764,0.3074,0.00363,0.00363,0.07579,97,0.0781,banda<=ruido,0,83.0,1,83,0,400,1,0.012048,6.0326e-7,0.99029
Aprima,1,parada,0.47,0.94,6.8,0.0079,1.105,25,20,16,0,1.1153,0.9998,4.3411,0.0000,1.9832,4.2382,7.3554,9.06762,0.3492,0.001655,0.3087,0.00293,0.00293,0.07730,96,0.0762,banda<=ruido,0,90.0,1,90,0,400,1,0.011111,7.2060e-7,0.97915
Aprima,1,parada,0.47,0.94,6.8,0.0079,1.105,25,20,16,0,1.1288,0.8366,4.3396,0.0000,1.9835,4.1575,8.4234,7.65657,0.3419,0.001817,0.3107,0.00268,0.00268,0.07761,87,0.0736,banda<=ruido,0,99.0,1,99,0,400,1,0.010101,4.4472e-7,0.95995
Aprima,1,parada,0.47,0.94,6.8,0.0079,1.105,25,20,16,0,1.1424,0.9950,4.3751,0.0000,1.9926,4.1505,9.5102,7.40766,0.3388,0.001730,0.3133,0.00329,0.00329,0.07789,92,0.0724,banda<=ruido,0,108.0,1,108,0,450,1,0.009259,6.0739e-7,0.99923
Aprima,1,parada,0.47,0.94,6.8,0.0079,1.105,25,20,16,0,1.1559,0.9481,4.3113,0.0000,1.9964,4.3312,10.5124,6.58823,0.3267,0.001720,0.3149,0.00342,0.00342,0.07829,100,0.0708,banda<=ruido,0,120.0,1,120,0,450,1,0.008333,2.3893e-7,0.97265
Aprima,1,parada,0.47,0.94,6.8,0.0079,1.105,25,20,16,0,1.1695,0.9604,4.3843,0.0000,1.9922,4.3126,11.5329,5.16120,0.3186,0.001911,0.3170,0.00335,0.00335,0.07768,102,0.0694,banda<=ruido,0,137.0,1,137,0,400,1,0.007299,5.9313e-7,0.97503
Aprima,1,parada,0.47,0.94,6.8,0.0079,1.105,25,20,16,0,1.1831,0.8600,4.3299,0.0000,1.9527,4.2401,12.6459,5.64067,0.3236,0.001795,0.3205,0.00287,0.00287,0.07838,93,0.0670,banda<=ruido,0,156.0,1,156,0,400,1,0.006410,4.1167e-7,0.98237
Aprima,1,parada,0.47,0.94,6.8,0.0079,1.105,25,20,16,0,1.1966,0.9097,4.3483,0.0000,1.9783,4.3254,13.6014,5.39980,0.3104,0.001708,0.3215,0.00330,0.00330,0.07849,96,0.0654,banda<=ruido,0,185.0,1,185,0,250,1,0.005405,7.0715e-7,0.98019
Aprima,1,parada,0.47,0.94,6.8,0.0079,1.105,25,20,16,0,1.2102,0.9982,4.3214,0.0000,1.9872,4.3218,14.6697,4.84724,0.3135,0.001762,0.3247,0.00317,0.00317,0.07713,98,0.0644,banda<=ruido,0,195.0,1,195,0,250,1,0.005128,6.6610e-7,0.99196
Aprima,1,parada,0.47,0.94,6.8,0.0079,1.105,25,20,16,0,1.2237,0.9837,4.2826,0.0000,1.9960,4.1482,15.5773,4.76380,0.2985,0.001846,0.3254,0.00351,0.00351,0.07780,99,0.0639,banda<=ruido,0,218.0,1,218,0,350,1,0.004587,4.5766e-7,0.99149
Aprima,1,parada,0.47,0.94,6.8,0.0079,1.105,25,20,16,0,1.2373,0.9604,4.3984,0.9710,1.9980,4.3571,16.5867,5.43819,0.2987,0.001661,0.3277,0.00454,0.00454,0.07786,99,0.0620,banda<=ruido,0,253.0,1,253,0,450,1,0.003953,1.1015e-6,0.99447
Aprima,1,parada,0.47,0.94,6.8,0.0079,1.105,25,20,16,0,1.2508,0.8813,4.3395,0.0000,1.9690,4.2441,17.5270,4.07507,0.2947,0.001903,0.3293,0.00388,0.00388,0.07802,104,0.0617,banda<=ruido,0,296.0,1,296,0,550,1,0.003378,1.3922e-6,0.99509
Aprima,1,parada,0.47,0.94,6.8,0.0079,1.105,25,20,16,0,1.2644,0.9659,4.3760,0.0000,1.9909,4.2045,18.3767,3.78741,0.2890,0.001859,0.3291,0.00249,0.00249,0.07875,89,0.0604,banda<=ruido,0,328.0,1,328,0,600,1,0.003049,4.3368e-7,0.98335
Aprima,1,parada,0.47,0.94,6.8,0.0079,1.105,25,20,16,0,1.2780,0.9544,4.3169,0.8600,1.9853,4.1820,19.1840,5.19830,0.2945,0.001705,0.3282,0.00400,0.00400,0.07850,100,0.0600,banda<=ruido,0,318.0,1,318,0,550,1,0.003145,1.0381e-6,0.97536
Aprima,1,parada,0.47,0.94,6.8,0.0079,1.105,25,20,16,0,1.2915,0.8366,4.3716,0.5886,1.9914,4.2064,19.9077,4.14097,0.3044,0.001792,0.3263,0.00339,0.00339,0.07710,97,0.0635,banda<=ruido,0,289.0,1,289,0,450,1,0.003460,6.2563e-7,0.97778
Aprima,1,parada,0.47,0.94,6.8,0.0079,1.105,25,20,16,0,1.3051,0.6873,4.3443,0.0000,1.9798,3.9708,20.5098,4.72138,0.3079,0.001686,0.3224,0.00289,0.00289,0.07740,84,0.0671,banda<=ruido,0,266.0,1,266,0,350,1,0.003759,3.0648e-7,0.96852
Aprima,1,parada,0.47,0.94,6.8,0.0079,1.105,25,20,16,0,1.3186,0.9928,4.3642,0.6690,1.9816,4.2458,0.6991,86.71123,0.9151,0.001767,0.1112,0.00125,0.00125,0.07721,74,0.2738,banda<=ruido,0,56.0,1,56,0,350,1,0.017857,7.7177e-8,0.97948
Aprima,1,parada,0.47,0.94,6.8,0.0079,1.105,25,20,16,0,1.3322,1.0000,4.2538,0.0000,1.9828,4.2955,0.8301,77.91499,0.8962,0.001746,0.1073,0.00116,0.00116,0.07800,77,0.2774,banda<=ruido,0,56.0,1,56,0,350,1,0.017857,1.8232e-8,0.96410
Aprima,1,parada,0.47,0.94,6.8,0.0079,1.105,25,20,16,0,1.3458,0.6500,4.3623,0.0000,1.9845,4.0982,0.9227,86.77130,0.8847,0.001668,0.1035,0.00094,0.00094,0.07773,58,0.2812,banda<=ruido,0,56.0,1,56,0,350,1,0.017857,4.4555e-8,0.93273
Aprima,1,parada,0.47,0.94,6.8,0.0079,1.105,25,20,16,0,1.3593,0.9097,4.3577,0.0000,1.9657,4.2263,1.1128,76.80894,0.8609,0.001640,0.1004,0.00070,0.00070,0.07782,47,0.2854,banda<=ruido,0,56.0,1,56,0,350,1,0.017857,1.6604e-8,0.97447
Aprima,1,parada,0.47,0.94,6.8,0.0079,1.105,25,20,16,0,1.3729,0.6098,4.3409,0.0000,1.9929,3.9676,1.2594,80.39951,0.8426,0.001619,0.0972,0.00067,0.00067,0.07768,44,0.2894,banda<=ruido,0,56.0,1,56,0,350,1,0.017857,1.7665e-8,0.94180
Aprima,1,parada,0.47,0.94,6.8,0.0079,1.105,25,20,16,0,1.3864,0.7838,4.3320,0.0000,1.9874,4.0352,1.4554,74.76076,0.8181,0.001725,0.0943,0.00097,0.00097,0.07799,63,0.2923,banda<=ruido,0,56.0,1,56,0,350,1,0.017857,7.0195e-8,0.98449
Aprima,1,parada,0.47,0.94,6.8,0.0079,1.105,25,20,16,0,1.4000,0.9756,4.3036,0.0000,1.9778,4.3545,1.4885,78.88067,0.8139,0.001602,0.0909,0.00090,0.00090,0.07806,66,0.2962,banda<=ruido,0,56.0,1,56,0,350,1,0.017857,4.6899e-8,1.00037
Aprima,15,parada,0.47,0.94,6.8,0.0079,1.105,25,20,16,0,0.6000,0.0000,4.3532,0.0000,1.9754,0.0000,12.5589,0.00000,0.0000,0.000000,0.5640,0.00000,0.00000,0.07884,1,0.0295,banda<=ruido,1,56.0,1,56,0,350,1,0.017857,1.2418e-31,0.97858
Aprima,15,parada,0.47,0.94,6.8,0.0079,1.105,25,20,16,0,0.6136,0.0000,4.3527,0.0000,1.9930,0.0000,12.4167,0.00000,0.0000,0.000000,0.5640,0.00000,0.00000,0.07725,1,0.0295,banda<=ruido,1,56.0,1,56,0,350,1,0.017857,1.2418e-31,0.97858
Aprima,15,parada,0.47,0.94,6.8,0.0079,1.105,25,20,16,0,0.6271,0.0000,4.3739,0.0000,1.9899,0.0000,12.2593,0.00000,0.0000,0.000000,0.5640,0.00000,0.00000,0.07756,1,0.0295,banda<=ruido,1,56.0,1,56,0,350,1,0.017857,1.2418e-31,0.97858
Aprima,15,parada,0.47,0.94,6.8,0.0079,1.105,25,20,16,0,0.6407,0.0000,4.3410,0.0000,1.9570,0.0000,12.0785,0.00000,0.0000,0.000000,0.5640,0.00000,0.00000,0.07843,1,0.0295,banda<=ruido,1,56.0,1,56,0,350,1,0.017857,1.2418e-31,0.97858
Aprima,15,parada,0.47,0.94,6.8,0.0079,1.105,25,20,16,0,0.6542,0.0000,4.3230,0.0000,1.9853,0.0000,11.9589,0.00000,0.0000,0.000000,0.5640,0.00000,0.00000,0.07777,1,0.0295,banda<=ruido,1,56.0,1,56,0,350,1,0.017857,1.2418e-31,0.97858
Aprima,15,parada,0.47,0.94,6.8,0.0079,1.105,25,20,16,0,0.6678,0.0000,4.3864,0.0000,1.9832,0.0000,11.7413,0.00000,0.0000,0.000000,0.5640,0.00000,0.00000,0.07804,1,0.0295,banda<=ruido,1,56.0,1,56,0,350,1,0.017857,1.2418e-31,0.97858
Aprima,15,parada,0.47,0.94,6.8,0.0079,1.105,25,20,16,0,0.6814,0.0000,4.3846,0.0000,1.9892,0.0000,11.6889,0.00000,0.0000,0.000000,0.5640,0.00000,0.00000,0.07792,1,0.0295,banda<=ruido,1,59.0,1,59,0,350,1,0.016949,1.2418e-31,0.97858
Aprima,15,parada,0.47,0.94,6.8,0.0079,1.105,25,20,16,0,0.6949,0.0000,4.2906,0.0000,1.8962,0.0000,11.5135,0.00000,0.0000,0.000000,0.5640,0.00000,0.00000,0.07759,1,0.0295,banda<=ruido,1,103.0,1,103,0,600,1,0.009709,1.2418e-31,0.97858
Aprima,15,parada,0.47,0.94,6.8,0.0079,1.105,25,20,16,0,0.7085,0.9183,4.3501,0.0000,1.9920,4.2334,25.1690,18.71024,0.3287,0.001908,0.3175,0.00282,0.00282,0.07850,101,0.0699,banda<=ruido,0,31.0,1,31,0,400,1,0.032258,4.5739e-7,0.98973
Aprima,15,parada,0.47,0.94,6.8,0.0079,1.105,25,20,16,0,0.7220,0.9264,4.3025,0.0000,1.9776,4.2379,24.9249,21.72773,0.3663,0.001897,0.3000,0.00417,0.00417,0.07696,106,0.0834,banda<=ruido,0,29.0,1,29,0,400,1,0.034483,6.7181e-7,0.97430
Aprima,15,parada,0.47,0.94,6.8,0.0079,1.105,25,20,16,0,0.7356,0.9097,4.2699,0.0000,1.9748,4.2709,24.4062,36.20212,0.4240,0.001709,0.2878,0.00348,0.00348,0.07865,100,0.0941,banda<=ruido,0,28.0,1,28,0,400,1,0.035714,9.4328e-7,1.00091
Aprima,15,parada,0.47,0.94,6.8,0.0079,1.105,25,20,16,0,0.7492,0.9756,4.3396,0.0000,1.9925,4.1634,23.9272,45.57757,0.4642,0.001698,0.2758,0.00286,0.00286,0.07738,90,0.1036,banda<=ruido,0,28.0,1,28,0,450,1,0.035714,1.9142e-7,0.98648
Aprima,15,parada,0.47,0.94,6.8,0.0079,1.105,25,20,16,0,0.7627,0.9799,4.3323,0.0000,1.9743,4.1650,23.3730,42.82162,0.5022,0.001773,0.2659,0.00469,0.00469,0.07740,105,0.1141,banda<=ruido,0,28.0,1,28,0,450,1,0.035714,9.0450e-7,0.98441
Aprima,15,parada,0.47,0.94,6.8,0.0079,1.105,25,20,16,0,0.7763,0.8600,4.2845,0.0000,1.9545,4.2589,22.8506,45.82820,0.5247,0.001838,0.2563,0.00242,0.00242,0.07758,92,0.1227,banda<=ruido,0,28.0,1,28,0,500,1,0.035714,4.2500e-7,0.97544
Aprima,15,parada,0.47,0.94,6.8,0.0079,1.105,25,20,16,0,0.7898,0.9871,4.3175,0.0000,1.9851,4.2212,22.2434,46.65979,0.5448,0.001822,0.2481,0.00164,0.00164,0.07636,79,0.1303,banda<=ruido,0,30.0,1,30,0,550,1,0.033333,1.3575e-7,0.99118
Aprima,15,parada,0.47,0.94,6.8,0.0079,1.105,25,20,16,0,0.8034,0.9710,4.2807,0.0000,1.9776,4.3679,21.4001,46.83537,0.5680,0.001960,0.2437,0.00253,0.00253,0.07854,95,0.1359,banda<=ruido,0,36.0,1,36,0,550,1,0.027778,4.9111e-7,0.98476
Aprima,15,parada,0.47,0.94,6.8,0.0079,1.105,25,20,16,0,0.8169,0.9183,4.3172,0.0000,1.9366,4.3436,20.2703,57.54502,0.5697,0.001784,0.2426,0.00252,0.00252,0.07723,89,0.1364,banda<=ruido,0,41.0,1,41,0,500,1,0.024390,4.4776e-7,0.98932
Aprima,15,parada,0.47,0.94,6.8,0.0079,1.105,25,20,16,0,0.8305,0.9341,4.3387,0.0000,1.9980,4.2301,18.8982,43.79502,0.5574,0.001907,0.2452,0.00096,0.00096,0.07684,61,0.1331,banda<=ruido,0,39.0,1,39,0,450,1,0.025641,5.6247e-8,0.95681
Aprima,15,parada,0.47,0.94,6.8,0.0079,1.105,25,20,16,0,0.8441,0.9982,4.3547,0.0000,1.9883,4.2364,17.4240,51.99368,0.5474,0.001526,0.2492,0.00068,0.00068,0.07844,54,0.1292,banda<=ruido,0,38.0,1,38,0,350,1,0.026316,2.4924e-8,0.93601
Aprima,15,parada,0.47,0.94,6.8,0.0079,1.105,25,20,16,0,0.8576,0.8366,4.3707,0.0000,1.9591,4.0401,15.9522,39.28602,0.5391,0.001867,0.2534,0.00307,0.00307,0.07729,88,0.1268,banda<=ruido,0,38.0,1,38,0,350,1,0.026316,7.4983e-7,0.96513
Aprima,15,parada,0.47,0.94,6.8,0.0079,1.105,25,20,16,0,0.8712,0.9544,4.3370,0.0000,1.9783,4.2641,14.5600,30.82585,0.5239,0.001907,0.2573,0.00313,0.00313,0.07830,93,0.1235,banda<=ruido,0,39.0,1,39,0,300,1,0.025641,5.4049e-8,0.96871
Aprima,15,parada,0.47,0.94,6.8,0.0079,1.105,25,20,16,0,0.8847,0.8366,4.3377,0.0000,1.9849,4.0353,13.1567,29.74637,0.5137,0.001974,0.2607,0.00261,0.00261,0.07690,83,0.1189,banda<=ruido,0,39.0,1,39,0,300,1,0.025641,5.4459e-7,0.99504
Aprima,15,parada,0.47,0.94,6.8,0.0079,1.105,25,20,16,0,0.8983,0.9982,4.3531,0.8113,1.9835,3.9392,11.8529,46.28210,0.4945,0.001539,0.2634,0.00245,0.00245,0.07835,78,0.1152,banda<=ruido,0,40.0,1,40,0,300,1,0.025000,8.2270e-8,0.96253
Aprima,15,parada,0.47,0.94,6.8,0.0079,1.105,25,20,16,0,0.9119,0.9481,4.3418,0.0000,1.9700,4.2753,10.5356,25.61806,0.4803,0.001856,0.2668,0.00236,0.00236,0.07769,85,0.1137,banda<=ruido,0,41.0,1,41,0,300,1,0.024390,4.2697e-7,1.00044
Aprima,15,parada,0.47,0.94,6.8,0.0079,1.105,25,20,16,0,0.9254,0.9341,4.3993,0.0000,1.9780,4.2774,9.1850,22.36449,0.4734,0.001859,0.2705,0.00193,0.00193,0.07861,81,0.1106,banda<=ruido,0,42.0,1,42,0,300,1,0.023810,1.0348e-7,0.96641
Aprima,15,parada,0.47,0.94,6.8,0.0079,1.105,25,20,16,0,0.9390,0.9799,4.3693,0.0000,1.9773,4.2206,7.8717,23.04695,0.4648,0.001875,0.2739,0.00348,0.00348,0.07855,99,0.1074,banda<=ruido,0,44.0,1,44,0,300,1,0.022727,7.9443e-7,0.99182
Aprima,15,parada,0.47,0.94,6.8,0.0079,1.105,25,20,16,0,0.9525,0.9264,4.3009,0.0000,1.9930,4.1115,6.5517,19.99796,0.4600,0.001799,0.2777,0.00223,0.00223,0.07845,88,0.1035,banda<=ruido,0,45.0,1,45,0,300,1,0.022222,3.0756e-7,0.99232
Aprima,15,parada,0.47,0.94,6.8,0.0079,1.105,25,20,16,0,0.9661,0.9871,4.2791,0.0000,1.9863,4.3522,5.3090,21.58094,0.4482,0.001672,0.2804,0.00197,0.00197,0.07755,93,0.1000,banda<=ruido,0,47.0,1,47,0,300,1,0.021277,1.8461e-7,0.99633
Aprima,15,parada,0.47,0.94,6.8,0.0079,1.105,25,20,16,0,0.9797,0.9756,4.3748,0.0000,1.9744,4.2744,4.1260,16.79728,0.4317,0.001785,0.2827,0.00183,0.00183,0.07817,81,0.0981,banda<=ruido,0,49.0,1,49,0,300,1,0.020408,1.8665e-7,0.98157
Aprima,15,parada,0.47,0.94,6.8,0.0079,1.105,25,20,16,0,0.9932,0.9756,4.3493,0.0000,1.9984,4.2544,2.8943,16.44516,0.4238,0.001707,0.2859,0.00196,0.00196,0.07777,88,0.0959,banda<=ruido,0,51.0,1,51,0,350,1,0.019608,1.9053e-7,0.98456
Aprima,15,parada,0.47,0.94,6.8,0.0079,1.105,25,20,16,0,1.0068,1.0000,4.3732,0.0000,1.9791,4.3201,1.6809,15.39782,0.4161,0.001682,0.2889,0.00211,0.00211,0.07801,95,0.0943,banda<=ruido,0,54.0,1,54,0,350,1,0.018519,3.0308e-7,0.98014
Aprima,15,parada,0.47,0.94,6.8,0.0079,1.105,25,20,16,0,1.0203,0.9928,4.3236,0.0000,1.9890,4.2498,0.5713,16.38603,0.3977,0.001639,0.2904,0.00319,0.00319,0.07591,89,0.0918,banda<=ruido,0,56.0,1,56,0,350,1,0.017857,5.6787e-7,0.98438
Aprima,15,parada,0.47,0.94,6.8,0.0079,1.105,25,20,16,0,1.0339,0.9756,4.2750,0.0000,1.9610,4.2892,0.6566,13.18092,0.3965,0.001760,0.2940,0.00316,0.00316,0.07761,93,0.0882,banda<=ruido,0,60.0,1,60,0,350,1,0.016667,7.0773e-7,0.98328
Aprima,15,parada,0.47,0.94,6.8,0.0079,1.105,25,20,16,0,1.0475,0.7838,4.2756,0.0000,1.9763,4.0993,1.8044,12.01743,0.3874,0.001834,0.2964,0.00262,0.00262,0.07769,88,0.0860,banda<=ruido,0,63.0,1,63,0,350,1,0.015873,4.0744e-7,0.98288
Aprima,15,parada,0.47,0.94,6.8,0.0079,1.105,25,20,16,0,1.0610,0.9183,4.3872,0.0000,1.9867,4.3447,2.9516,11.36107,0.3804,0.001798,0.2992,0.00196,0.00196,0.07738,91,0.0850,banda<=ruido,0,67.0,1,67,0,350,1,0.014925,2.0877e-7,0.97642
Aprima,15,parada,0.47,0.94,6.8,0.0079,1.105,25,20,16,0,1.0746,0.9902,4.3180,0.0000,1.9740,4.0651,4.0242,9.08095,0.3661,0.001879,0.3011,0.00317,0.00317,0.07875,92,0.0841,banda<=ruido,0,72.0,1,72,0,400,1,0.013889,1.6053e-7,0.98608
Aprima,15,parada,0.47,0.94,6.8,0.0079,1.105,25,20,16,0,1.0881,0.9007,4.3470,0.0000,1.9888,4.2334,5.2208,10.59355,0.3694,0.001591,0.3047,0.00155,0.00155,0.07600,82,0.0805,banda<=ruido,0,77.0,1,77,0,400,1,0.012987,1.4734e-7,0.96664
Aprima,15,parada,0.47,0.94,6.8,0.0079,1.105,25,20,16,0,1.1017,0.9837,4.3509,0.5665,1.9947,4.3465,6.3442,11.14488,0.3654,0.001782,0.3075,0.00410,0.00410,0.07793,104,0.0794,banda<=ruido,0,83.0,1,83,0,400,1,0.012048,1.3309e-6,0.97977
Aprima,15,parada,0.47,0.94,6.8,0.0079,1.105,25,20,16,0,1.1153,0.4949,4.3677,0.0000,1.9830,3.8606,7.4290,8.95064,0.3584,0.001659,0.3100,0.00292,0.00292,0.07721,93,0.0750,banda<=ruido,0,90.0,1,90,0,400,1,0.011111,2.0865e-7,0.91833
Aprima,15,parada,0.47,0.94,6.8,0.0079,1.105,25,20,16,0,1.1288,0.9710,4.2698,0.0000,1.9621,4.2500,8.4374,8.76702,0.3437,0.001674,0.3109,0.00265,0.00265,0.07660,91,0.0740,banda<=ruido,0,99.0,1,99,0,400,1,0.010101,4.3043e-7,0.98377
Aprima,15,parada,0.47,0.94,6.8,0.0079,1.105,25,20,16,0,1.1424,0.9799,4.3340,0.0000,1.9565,4.0003,9.5428,9.14276,0.3428,0.001617,0.3139,0.00420,0.00420,0.07769,94,0.0709,banda<=ruido,0,108.0,1,108,0,450,1,0.009259,6.2878e-7,0.98763
Aprima,15,parada,0.47,0.94,6.8,0.0079,1.105,25,20,16,0,1.1559,0.9982,4.3351,0.0000,1.9890,4.4159,10.5088,6.06024,0.3263,0.001716,0.3152,0.00236,0.00236,0.07751,87,0.0723,banda<=ruido,0,120.0,1,120,0,450,1,0.008333,4.5165e-7,0.97297
Aprima,15,parada,0.47,0.94,6.8,0.0079,1.105,25,20,16,0,1.1695,0.9902,4.3410,0.0000,1.9678,4.1493,11.5452,5.94882,0.3201,0.001795,0.3171,0.00227,0.00227,0.07871,86,0.0696,banda<=ruido,0,137.0,1,137,0,400,1,0.007299,2.5340e-7,0.97933
Aprima,15,parada,0.47,0.94,6.8,0.0079,1.105,25,20,16,0,1.1831,0.7219,4.3264,0.0000,1.9976,4.0525,12.5180,4.95406,0.3076,0.001845,0.3185,0.00320,0.00320,0.07778,97,0.0685,banda<=ruido,0,156.0,1,156,0,400,1,0.006410,5.6344e-7,0.97697
Aprima,15,parada,0.47,0.94,6.8,0.0079,1.105,25,20,16,0,1.1966,0.9992,4.3455,0.0000,1.9829,4.3374,13.5919,6.49569,0.3092,0.001884,0.3217,0.00510,0.00510,0.07722,107,0.0667,banda<=ruido,0,185.0,1,185,0,250,1,0.005405,1.0976e-6,0.99484
Aprima,15,parada,0.47,0.94,6.8,0.0079,1.105,25,20,16,0,1.2102,0.8709,4.2693,0.0000,1.9964,4.1386,14.5851,8.85418,0.3029,0.001589,0.3230,0.00453,0.00453,0.07793,96,0.0648,banda<=ruido,0,195.0,1,195,0,250,1,0.005128,9.5885e-7,0.99667
Aprima,15,parada,0.47,0.94,6.8,0.0079,1.105,25,20,16,0,1.2237,0.9928,4.3310,0.0000,1.9748,4.2887,15.5801,4.48607,0.2988,0.001640,0.3256,0.00220,0.00220,0.07756,91,0.0642,banda<=ruido,0,218.0,1,218,0,350,1,0.004587,2.9178e-7,0.96801
Aprima,15,parada,0.47,0.94,6.8,0.0079,1.105,25,20,16,0,1.2373,0.7219,4.2908,0.6500,1.9947,3.9136,16.5988,4.24562,0.3002,0.001854,0.3282,0.00325,0.00325,0.07611,91,0.0630,banda<=ruido,0,253.0,1,253,0,450,1,0.003953,6.1623e-7,0.97949
Aprima,15,parada,0.47,0.94,6.8,0.0079,1.105,25,20,16,0,1.2508,0.6098,4.3687,0.3843,1.9740,3.6363,17.3791,3.73006,0.2762,0.001720,0.3267,0.00361,0.00361,0.07762,80,0.0626,banda<=ruido,0,296.0,1,296,0,550,1,0.003378,4.2346e-7,0.95403
Aprima,15,parada,0.47,0.94,6.8,0.0079,1.105,25,20,16,0,1.2644,0.8600,4.3375,0.0000,1.9980,4.2701,18.4425,4.29492,0.2972,0.001588,0.3299,0.00290,0.00290,0.07845,95,0.0598,banda<=ruido,0,328.0,1,328,0,600,1,0.003049,3.8986e-7,0.98254
Aprima,15,parada,0.47,0.94,6.8,0.0079,1.105,25,20,16,0,1.2780,0.9928,4.3417,0.8242,1.9948,4.3528,19.1229,3.79416,0.2869,0.001735,0.3271,0.00187,0.00187,0.07674,81,0.0621,banda<=ruido,0,318.0,1,318,0,550,1,0.003145,2.5044e-7,0.97316
Aprima,15,parada,0.47,0.94,6.8,0.0079,1.105,25,20,16,0,1.2915,0.7383,4.2982,0.3534,1.9766,4.0663,19.9089,4.89593,0.3045,0.001730,0.3260,0.00514,0.00514,0.07753,102,0.0634,banda<=ruido,0,289.0,1,289,0,450,1,0.003460,1.5729e-6,0.98852
Aprima,15,parada,0.47,0.94,6.8,0.0079,1.105,25,20,16,0,1.3051,0.9659,4.3496,0.0000,1.9708,4.1376,20.4903,4.36704,0.3055,0.001644,0.3217,0.00217,0.00217,0.07796,82,0.0656,banda<=ruido,0,266.0,1,266,0,350,1,0.003759,2.5173e-7,0.98767
Aprima,15,parada,0.47,0.94,6.8,0.0079,1.105,25,20,16,0,1.3186,0.9992,4.3380,0.0000,1.9917,4.4071,0.7896,78.12030,0.9038,0.001696,0.1116,0.00047,0.00047,0.07883,44,0.2729,banda<=ruido,0,56.0,1,56,0,350,1,0.017857,1.3692e-8,0.98764
Aprima,15,parada,0.47,0.94,6.8,0.0079,1.105,25,20,16,0,1.3322,0.9928,4.3484,0.0000,1.9865,4.3858,0.8164,82.66189,0.8980,0.001726,0.1072,0.00070,0.00070,0.07799,56,0.2775,banda<=ruido,0,56.0,1,56,0,350,1,0.017857,2.7720e-8,0.94963
Aprima,15,parada,0.47,0.94,6.8,0.0079,1.105,25,20,16,0,1.3458,0.9183,4.2851,0.0000,1.9708,4.2620,1.0192,84.34634,0.8726,0.001798,0.1041,0.00077,0.00077,0.07703,58,0.2815,banda<=ruido,0,56.0,1,56,0,350,1,0.017857,3.7622e-8,0.99330
Aprima,15,parada,0.47,0.94,6.8,0.0079,1.105,25,20,16,0,1.3593,0.9902,4.3336,0.0000,1.9752,4.0283,0.9832,78.14599,0.8771,0.001721,0.0997,0.00076,0.00076,0.07746,53,0.2856,banda<=ruido,0,56.0,1,56,0,350,1,0.017857,5.7017e-8,0.98678
Aprima,15,parada,0.47,0.94,6.8,0.0079,1.105,25,20,16,0,1.3729,0.9544,4.3146,0.0000,1.9780,4.2997,1.2533,179.51907,0.8433,0.001730,0.0971,0.00074,0.00074,0.07740,60,0.2885,banda<=ruido,0,56.0,1,56,0,350,1,0.017857,3.6022e-8,0.95672
Aprima,15,parada,0.47,0.94,6.8,0.0079,1.105,25,20,16,0,1.3864,0.9799,4.3514,0.0000,1.9839,3.8629,1.3917,425.36458,0.8260,0.001465,0.0941,0.00129,0.00129,0.07785,61,0.2926,banda<=ruido,0,56.0,1,56,0,350,1,0.017857,7.9645e-8,0.99384
Aprima,15,parada,0.47,0.94,6.8,0.0079,1.105,25,20,16,0,1.4000,0.9871,4.3554,0.0000,1.9685,4.0829,1.4934,68.21382,0.8133,0.001858,0.0908,0.00093,0.00093,0.07788,58,0.2954,banda<=ruido,0,56.0,1,56,0,350,1,0.017857,2.2177e-8,0.98838
Aprima,29,parada,0.47,0.94,6.8,0.0079,1.105,25,20,16,0,0.6000,0.0000,4.2978,0.0000,1.9890,0.0000,12.5312,0.00000,0.0000,0.000000,0.5640,0.00000,0.00000,0.07702,1,0.0295,banda<=ruido,1,56.0,1,56,0,350,1,0.017857,1.2418e-31,0.97858
Aprima,29,parada,0.47,0.94,6.8,0.0079,1.105,25,20,16,0,0.6136,0.0000,4.3557,0.0000,1.9922,0.0000,12.3856,0.00000,0.0000,0.000000,0.5640,0.00000,0.00000,0.07878,1,0.0295,banda<=ruido,1,56.0,1,56,0,350,1,0.017857,1.2418e-31,0.97858
Aprima,29,parada,0.47,0.94,6.8,0.0079,1.105,25,20,16,0,0.6271,0.0000,4.3323,0.0000,1.9752,0.0000,12.2165,0.00000,0.0000,0.000000,0.5640,0.00000,0.00000,0.07821,1,0.0295,banda<=ruido,1,56.0,1,56,0,350,1,0.017857,1.2418e-31,0.97858
Aprima,29,parada,0.47,0.94,6.8,0.0079,1.105,25,20,16,0,0.6407,0.0000,4.3018,0.0000,1.9800,0.0000,12.0207,0.00000,0.0000,0.000000,0.5640,0.00000,0.00000,0.07813,1,0.0295,banda<=ruido,1,56.0,1,56,0,350,1,0.017857,1.2418e-31,0.97858
Aprima,29,parada,0.47,0.94,6.8,0.0079,1.105,25,20,16,0,0.6542,0.0000,4.1980,0.0000,1.9783,0.0000,11.9917,0.00000,0.0000,0.000000,0.5640,0.00000,0.00000,0.07742,1,0.0295,banda<=ruido,1,56.0,1,56,0,350,1,0.017857,1.2418e-31,0.97858
Aprima,29,parada,0.47,0.94,6.8,0.0079,1.105,25,20,16,0,0.6678,0.0000,4.3223,0.0000,1.9826,0.0000,11.8240,0.00000,0.0000,0.000000,0.5640,0.00000,0.00000,0.07889,1,0.0295,banda<=ruido,1,56.0,1,56,0,350,1,0.017857,1.2418e-31,0.97858
Aprima,29,parada,0.47,0.94,6.8,0.0079,1.105,25,20,16,0,0.6814,0.0000,4.3536,0.0000,1.9895,0.0000,11.7442,0.00000,0.0000,0.000000,0.5640,0.00000,0.00000,0.07871,1,0.0295,banda<=ruido,1,59.0,1,59,0,350,1,0.016949,1.2418e-31,0.97858
Aprima,29,parada,0.47,0.94,6.8,0.0079,1.105,25,20,16,0,0.6949,0.0000,4.4109,0.0000,1.9840,0.0000,11.5116,0.00000,0.0000,0.000000,0.5640,0.00000,0.00000,0.07664,1,0.0295,banda<=ruido,1,103.0,1,103,0,600,1,0.009709,1.2418e-31,0.97858
Aprima,29,parada,0.47,0.94,6.8,0.0079,1.105,25,20,16,0,0.7085,0.9413,4.3273,0.0000,1.9791,4.1477,25.2058,15.72241,0.3241,0.001905,0.3167,0.00300,0.00300,0.07646,90,0.0709,banda<=ruido,0,31.0,1,31,0,400,1,0.032258,7.3179e-7,0.99375
Aprima,29,parada,0.47,0.94,6.8,0.0079,1.105,25,20,16,0,0.7220,1.0000,4.3460,0.0000,1.9860,4.3329,24.7900,28.62744,0.3832,0.001478,0.3019,0.00206,0.00206,0.07870,85,0.0814,banda<=ruido,0,29.0,1,29,0,400,1,0.034483,1.0792e-7,0.96605
Aprima,29,parada,0.47,0.94,6.8,0.0079,1.105,25,20,16,0,0.7356,0.8709,4.3662,0.0000,1.9842,3.8667,24.4687,30.03863,0.4162,0.001780,0.2873,0.00438,0.00438,0.07856,88,0.0972,banda<=ruido,0,28.0,1,28,0,400,1,0.035714,7.7738e-7,0.99319
Aprima,29,parada,0.47,0.94,6.8,0.0079,1.105,25,20,16,0,0.7492,0.9950,4.3351,0.0000,1.9821,4.4659,23.9465,35.60958,0.4618,0.001815,0.2758,0.00150,0.00150,0.07571,85,0.1053,banda<=ruido,0,28.0,1,28,0,450,1,0.035714,1.8795e-7,0.98590
Aprima,29,parada,0.47,0.94,6.8,0.0079,1.105,25,20,16,0,0.7627,0.9544,4.2270,0.0000,1.9342,4.1526,23.4668,43.27259,0.4904,0.001776,0.2648,0.00173,0.00173,0.07878,78,0.1149,banda<=ruido,0,28.0,1,28,0,450,1,0.035714,1.4827e-7,0.97784
Aprima,29,parada,0.47,0.94,6.8,0.0079,1.105,25,20,16,0,0.7763,0.7978,4.3946,0.0000,1.9669,4.0260,22.8737,50.22906,0.5218,0.001757,0.2557,0.00253,0.00253,0.07853,85,0.1227,banda<=ruido,0,28.0,1,28,0,500,1,0.035714,2.5789e-7,0.98597
Aprima,29,parada,0.47,0.94,6.8,0.0079,1.105,25,20,16,0,0.7898,0.9756,4.3651,0.0000,1.9766,4.2174,22.1676,59.72055,0.5543,0.001684,0.2490,0.00217,0.00217,0.07853,88,0.1290,banda<=ruido,0,30.0,1,30,0,550,1,0.033333,1.2050e-7,0.98540
Aprima,29,parada,0.47,0.94,6.8,0.0079,1.105,25,20,16,0,0.8034,0.8113,4.3322,0.0000,1.9795,4.1817,21.4086,50.64978,0.5670,0.001718,0.2432,0.00144,0.00144,0.07807,74,0.1343,banda<=ruido,0,36.0,1,36,0,550,1,0.027778,1.1062e-7,0.98322
Aprima,29,parada,0.47,0.94,6.8,0.0079,1.105,25,20,16,0,0.8169,0.9968,4.3559,0.0000,1.9723,4.2656,20.3104,57.71622,0.5646,0.001571,0.2422,0.00145,0.00145,0.07848,78,0.1369,banda<=ruido,0,41.0,1,41,0,500,1,0.024390,1.4404e-7,0.98372
Aprima,29,parada,0.47,0.94,6.8,0.0079,1.105,25,20,16,0,0.8305,0.9659,4.3554,0.0000,1.9890,4.1292,18.8509,57.14039,0.5633,0.001667,0.2457,0.00236,0.00236,0.07794,85,0.1330,banda<=ruido,0,39.0,1,39,0,450,1,0.025641,2.9061e-7,0.97818
Aprima,29,parada,0.47,0.94,6.8,0.0079,1.105,25,20,16,0,0.8441,0.9871,4.2999,0.0000,1.9582,4.2187,17.5096,41.04386,0.5367,0.001810,0.2483,0.00227,0.00227,0.07772,86,0.1313,banda<=ruido,0,38.0,1,38,0,350,1,0.026316,3.3089e-8,0.98118
Aprima,29,parada,0.47,0.94,6.8,0.0079,1.105,25,20,16,0,0.8576,0.9341,4.3128,0.0000,1.9657,4.1363,16.0335,35.72889,0.5289,0.001954,0.2526,0.00213,0.00213,0.07723,81,0.1264,banda<=ruido,0,38.0,1,38,0,350,1,0.026316,2.1327e-7,0.98768
Aprima,29,parada,0.47,0.94,6.8,0.0079,1.105,25,20,16,0,0.8712,0.8709,4.4056,0.0000,1.9755,4.1185,14.6093,37.40590,0.5178,0.001796,0.2567,0.00432,0.00432,0.07839,95,0.1231,banda<=ruido,0,39.0,1,39,0,300,1,0.025641,5.0964e-7,0.98664
Aprima,29,parada,0.47,0.94,6.8,0.0079,1.105,25,20,16,0,0.8847,0.9659,4.3599,0.0000,1.9553,4.1422,13.2205,34.43443,0.5058,0.001703,0.2599,0.00171,0.00171,0.07704,76,0.1188,banda<=ruido,0,39.0,1,39,0,300,1,0.025641,1.3648e-7,0.98534
Aprima,29,parada,0.47,0.94,6.8,0.0079,1.105,25,20,16,0,0.8983,0.9264,4.3378,0.0000,1.9869,4.2875,11.7664,27.09703,0.5053,0.001906,0.2648,0.00193,0.00193,0.07584,83,0.1154,banda<=ruido,0,40.0,1,40,0,300,1,0.025000,1.3460e-7,0.98478
Aprima,29,parada,0.47,0.94,6.8,0.0079,1.105,25,20,16,0,0.9119,0.9481,4.3458,0.0000,1.9914,4.2577,10.5529,34.77609,0.4781,0.001634,0.2664,0.00162,0.00162,0.07748,79,0.1137,banda<=ruido,0,41.0,1,41,0,300,1,0.024390,1.7234e-7,0.99148
Aprima,29,parada,0.47,0.94,6.8,0.0079,1.105,25,20,16,0,0.9254,0.9007,4.2954,0.0000,1.9984,4.2548,9.1836,24.30559,0.4736,0.001827,0.2705,0.00124,0.00124,0.07491,72,0.1096,banda<=ruido,0,42.0,1,42,0,300,1,0.023810,8.0039e-8,0.97581
Aprima,29,parada,0.47,0.94,6.8,0.0079,1.105,25,20,16,0,0.9390,0.9968,4.3790,0.0000,1.9690,4.0665,7.9533,22.76532,0.4546,0.001733,0.2727,0.00288,0.00288,0.07702,85,0.1063,banda<=ruido,0,44.0,1,44,0,300,1,0.022727,5.9179e-7,0.97773
Aprima,29,parada,0.47,0.94,6.8,0.0079,1.105,25,20,16,0,0.9525,0.9902,4.3016,0.0000,1.9676,4.3773,6.5340,24.22838,0.4622,0.001784,0.2779,0.00357,0.00357,0.07730,101,0.1029,banda<=ruido,0,45.0,1,45,0,300,1,0.022222,1.0373e-6,0.99970
Aprima,29,parada,0.47,0.94,6.8,0.0079,1.105,25,20,16,0,0.9661,0.9799,4.3541,0.0000,1.9793,4.2874,5.3528,24.20663,0.4428,0.001643,0.2798,0.00223,0.00223,0.07710,89,0.1013,banda<=ruido,0,47.0,1,47,0,300,1,0.021277,2.6158e-7,0.96384
Aprima,29,parada,0.47,0.94,6.8,0.0079,1.105,25,20,16,0,0.9797,0.9950,4.2362,0.0000,1.9443,4.3305,4.1622,18.96785,0.4272,0.001661,0.2821,0.00200,0.00200,0.07749,90,0.0990,banda<=ruido,0,49.0,1,49,0,300,1,0.020408,2.9501e-7,0.99944
Aprima,29,parada,0.47,0.94,6.8,0.0079,1.105,25,20,16,0,0.9932,0.9544,4.3314,0.0000,1.9953,4.3750,2.8856,19.52899,0.4249,0.001735,0.2859,0.00453,0.00453,0.07813,106,0.0963,banda<=ruido,0,51.0,1,51,0,350,1,0.019608,1.4844e-6,0.99859
Aprima,29,parada,0.47,0.94,6.8,0.0079,1.105,25,20,16,0,1.0068,0.9659,4.3146,0.0000,1.9329,4.3731,1.6950,17.02788,0.4143,0.001586,0.2885,0.00152,0.00152,0.07790,74,0.0938,banda<=ruido,0,54.0,1,54,0,350,1,0.018519,6.6809e-8,0.93996
Aprima,29,parada,0.47,0.94,6.8,0.0079,1.105,25,20,16,0,1.0203,0.8600,4.3063,0.0000,1.9529,4.0655,0.5321,12.62993,0.4026,0.001934,0.2911,0.00320,0.00320,0.07893,92,0.0923,banda<=ruido,0,56.0,1,56,0,350,1,0.017857,6.6904e-7,0.99689
Aprima,29,parada,0.47,0.94,6.8,0.0079,1.105,25,20,16,0,1.0339,0.8485,4.3853,0.0000,1.9953,4.0007,0.6947,11.77279,0.4012,0.001911,0.2947,0.00215,0.00215,0.07771,82,0.0888,banda<=ruido,0,60.0,1,60,0,350,1,0.016667,1.8426e-7,0.99180
Aprima,29,parada,0.47,0.94,6.8,0.0079,1.105,25,20,16,0,1.0475,0.9799,4.3552,0.0000,1.9849,4.2477,1.7956,12.09330,0.3863,0.001766,0.2964,0.00249,0.00249,0.07804,88,0.0879,banda<=ruido,0,63.0,1,63,0,350,1,0.015873,3.5589e-7,0.97127
Aprima,29,parada,0.47,0.94,6.8,0.0079,1.105,25,20,16,0,1.0610,0.9799,4.3533,0.0000,1.9849,4.4001,3.0049,11.80034,0.3871,0.001753,0.3001,0.00206,0.00206,0.07829,91,0.0846,banda<=ruido,0,67.0,1,67,0,350,1,0.014925,3.6730e-7,0.98884
Aprima,29,parada,0.47,0.94,6.8,0.0079,1.105,25,20,16,0,1.0746,0.9659,4.3462,0.0000,1.8633,4.3793,4.1066,12.76028,0.3764,0.001723,0.3020,0.00188,0.00188,0.07631,84,0.0816,banda<=ruido,0,72.0,1,72,0,400,1,0.013889,2.7588e-7,0.99000
Aprima,29,parada,0.47,0.94,6.8,0.0079,1.105,25,20,16,0,1.0881,0.9659,4.2429,0.0000,1.9661,4.2395,5.1811,9.00905,0.3644,0.001850,0.3041,0.00212,0.00212,0.07704,88,0.0801,banda<=ruido,0,77.0,1,77,0,400,1,0.012987,3.7791e-7,0.98939
Aprima,29,parada,0.47,0.94,6.8,0.0079,1.105,25,20,16,0,1.1017,0.9264,4.3647,0.0000,1.9972,3.9030,6.3531,10.33039,0.3665,0.001704,0.3075,0.00394,0.00394,0.07772,94,0.0777,banda<=ruido,0,83.0,1,83,0,400,1,0.012048,1.0790e-6,0.99701
Aprima,29,parada,0.47,0.94,6.8,0.0079,1.105,25,20,16,0,1.1153,0.9097,4.4060,0.0000,1.9821,4.2586,7.4030,9.64368,0.3551,0.001546,0.3094,0.00259,0.00259,0.07837,89,0.0762,banda<=ruido,0,90.0,1,90,0,400,1,0.011111,2.6027e-7,0.97314
Aprima,29,parada,0.47,0.94,6.8,0.0079,1.105,25,20,16,0,1.1288,0.9097,4.3332,0.0000,1.9702,4.3017,8.3809,7.38789,0.3366,0.001641,0.3100,0.00245,0.00245,0.07745,89,0.0749,banda<=ruido,0,99.0,1,99,0,400,1,0.010101,3.5425e-7,0.99682
Aprima,29,parada,0.47,0.94,6.8,0.0079,1.105,25,20,16,0,1.1424,0.9998,4.3032,0.0000,1.9871,4.3376,9.5196,6.96237,0.3399,0.001785,0.3139,0.00301,0.00301,0.07843,102,0.0734,banda<=ruido,0,108.0,1,108,0,450,1,0.009259,3.0641e-7,0.99407
Aprima,29,parada,0.47,0.94,6.8,0.0079,1.105,25,20,16,0,1.1559,0.9756,4.3446,0.0000,1.9828,4.2714,10.5186,5.92582,0.3275,0.001860,0.3152,0.00291,0.00291,0.07752,97,0.0716,banda<=ruido,0,120.0,1,120,0,450,1,0.008333,5.6711e-7,0.99222
Aprima,29,parada,0.47,0.94,6.8,0.0079,1.105,25,20,16,0,1.1695,0.9264,4.2367,0.0000,1.9446,4.0727,11.6130,5.97262,0.3286,0.001788,0.3184,0.00355,0.00355,0.07867,95,0.0703,banda<=ruido,0,137.0,1,137,0,400,1,0.007299,6.8531e-7,0.98120
Aprima,29,parada,0.47,0.94,6.8,0.0079,1.105,25,20,16,0,1.1831,0.9604,4.3549,0.0000,1.9917,4.2803,12.6418,5.35309,0.3231,0.001791,0.3205,0.00265,0.00265,0.07845,89,0.0680,banda<=ruido,0,156.0,1,156,0,400,1,0.006410,2.7527e-7,0.95609
Aprima,29,parada,0.47,0.94,6.8,0.0079,1.105,25,20,16,0,1.1966,0.9871,4.3300,0.0000,1.9686,4.3522,13.5390,5.10765,0.3026,0.001725,0.3205,0.00198,0.00198,0.07722,86,0.0666,banda<=ruido,0,185.0,1,185,0,250,1,0.005405,2.9987e-7,0.98474
Aprima,29,parada,0.47,0.94,6.8,0.0079,1.105,25,20,16,0,1.2102,0.9183,4.3489,0.0000,1.9972,4.3174,14.6225,5.80658,0.3076,0.001775,0.3239,0.00263,0.00263,0.07453,88,0.0648,banda<=ruido,0,195.0,1,195,0,250,1,0.005128,3.1015e-7,0.97743
Aprima,29,parada,0.47,0.94,6.8,0.0079,1.105,25,20,16,0,1.2237,0.9902,4.3593,0.2499,1.9764,4.0738,15.5510,4.07373,0.2952,0.001905,0.3252,0.00462,0.00462,0.07831,97,0.0656,banda<=ruido,0,218.0,1,218,0,350,1,0.004587,2.7211e-7,0.95092
Aprima,29,parada,0.47,0.94,6.8,0.0079,1.105,25,20,16,0,1.2373,0.9871,4.3354,0.9007,1.9755,4.3745,16.5832,4.24891,0.2983,0.001867,0.3276,0.00391,0.00391,0.07721,104,0.0608,banda<=ruido,0,253.0,1,253,0,450,1,0.003953,1.0479e-6,0.99302
Aprima,29,parada,0.47,0.94,6.8,0.0079,1.105,25,20,16,0,1.2508,0.8600,4.3654,0.0000,1.9763,4.0782,17.4927,4.89257,0.2904,0.001656,0.3286,0.00207,0.00207,0.07842,84,0.0609,banda<=ruido,0,296.0,1,296,0,550,1,0.003378,1.7169e-7,0.95801
Aprima,29,parada,0.47,0.94,6.8,0.0079,1.105,25,20,16,0,1.2644,0.9183,4.2961,0.0000,1.9392,4.2722,18.4617,4.47916,0.2996,0.001619,0.3303,0.00324,0.00324,0.07654,92,0.0596,banda<=ruido,0,328.0,1,328,0,600,1,0.003049,2.1843e-7,0.97102
Aprima,29,parada,0.47,0.94,6.8,0.0079,1.105,25,20,16,0,1.2780,0.9992,4.3250,0.8709,1.9791,4.1782,19.1886,4.17415,0.2951,0.001573,0.3282,0.00392,0.00392,0.07703,105,0.0609,banda<=ruido,0,318.0,1,318,0,550,1,0.003145,5.9514e-7,0.97880
Aprima,29,parada,0.47,0.94,6.8,0.0079,1.105,25,20,16,0,1.2915,0.9837,4.3145,0.4420,1.9773,4.3483,19.8896,3.97524,0.3021,0.001795,0.3258,0.00279,0.00279,0.07806,91,0.0630,banda<=ruido,0,289.0,1,289,0,450,1,0.003460,5.3683e-7,0.99468
Aprima,29,parada,0.47,0.94,6.8,0.0079,1.105,25,20,16,0,1.3051,0.9710,4.2409,0.0000,1.9948,4.1781,20.5374,4.69994,0.3114,0.001590,0.3225,0.00201,0.00201,0.07716,80,0.0649,banda<=ruido,0,266.0,1,266,0,350,1,0.003759,2.4800e-7,0.98629
Aprima,29,parada,0.47,0.94,6.8,0.0079,1.105,25,20,16,0,1.3186,0.9871,4.3355,0.0000,1.9486,4.3439,0.6534,85.82022,0.9208,0.001836,0.1108,0.00137,0.00137,0.07685,80,0.2736,banda<=ruido,0,56.0,1,56,0,350,1,0.017857,1.3275e-7,0.99176
Aprima,29,parada,0.47,0.94,6.8,0.0079,1.105,25,20,16,0,1.3322,0.9413,4.3130,0.0000,1.9642,4.2153,0.8879,81.97889,0.8890,0.001629,0.1076,0.00117,0.00117,0.07675,77,0.2768,banda<=ruido,0,56.0,1,56,0,350,1,0.017857,1.2167e-7,0.99118
Aprima,29,parada,0.47,0.94,6.8,0.0079,1.105,25,20,16,0,1.3458,0.9799,4.3737,0.0000,1.9988,4.4365,0.9040,84.48838,0.8870,0.001700,0.1034,0.00081,0.00081,0.07781,64,0.2821,banda<=ruido,0,56.0,1,56,0,350,1,0.017857,4.8942e-8,0.99659
Aprima,29,parada,0.47,0.94,6.8,0.0079,1.105,25,20,16,0,1.3593,0.6500,4.3792,0.0000,1.9826,4.0087,1.1469,80.75616,0.8566,0.001637,0.1005,0.00081,0.00081,0.07819,53,0.2855,banda<=ruido,0,56.0,1,56,0,350,1,0.017857,2.6923e-8,0.93925
Aprima,29,parada,0.47,0.94,6.8,0.0079,1.105,25,20,16,0,1.3729,0.9604,4.3573,0.0000,1.9763,4.1200,1.2996,64.17220,0.8375,0.001992,0.0973,0.00098,0.00098,0.07707,60,0.2883,banda<=ruido,0,56.0,1,56,0,350,1,0.017857,2.7177e-8,0.97889
Aprima,29,parada,0.47,0.94,6.8,0.0079,1.105,25,20,16,0,1.3864,0.9950,4.3258,0.0000,1.9261,4.3538,1.3710,68.48346,0.8286,0.001904,0.0939,0.00067,0.00067,0.07654,57,0.2924,banda<=ruido,0,56.0,1,56,0,350,1,0.017857,3.2142e-8,0.99798
Aprima,29,parada,0.47,0.94,6.8,0.0079,1.105,25,20,16,0,1.4000,0.9982,4.3413,0.0000,1.9849,4.3146,1.4684,72.35993,0.8164,0.001839,0.0908,0.00082,0.00082,0.07872,66,0.2963,banda<=ruido,0,56.0,1,56,0,350,1,0.017857,4.2232e-8,0.99917
Bprima,3,parada,0.47,0.8,6.8,0.0079,1.105,22,20,8,0,0.6000,0.0000,4.2807,0.0000,2.4443,0.0000,13.5047,0.00000,0.0000,0.000000,0.5640,0.00000,0.00000,0.07888,1,0.0295,banda<=ruido,1,56.0,1,56,0,350,1,0.017857,1.2418e-31,0.97858
Bprima,3,parada,0.47,0.8,6.8,0.0079,1.105,22,20,8,0,0.6136,0.0000,4.4002,0.0000,2.4427,0.0000,13.3252,0.00000,0.0000,0.000000,0.5640,0.00000,0.00000,0.07793,1,0.0295,banda<=ruido,1,56.0,1,56,0,350,1,0.017857,1.2418e-31,0.97858
Bprima,3,parada,0.47,0.8,6.8,0.0079,1.105,22,20,8,0,0.6271,0.0000,4.3401,0.0000,2.5321,0.0000,13.1213,0.00000,0.0000,0.000000,0.5640,0.00000,0.00000,0.07775,1,0.0295,banda<=ruido,1,56.0,1,56,0,350,1,0.017857,1.2418e-31,0.97858
Bprima,3,parada,0.47,0.8,6.8,0.0079,1.105,22,20,8,0,0.6407,0.0000,4.2801,0.0000,2.4917,0.0000,12.8176,0.00000,0.0000,0.000000,0.5640,0.00000,0.00000,0.07750,1,0.0295,banda<=ruido,1,56.0,1,56,0,350,1,0.017857,1.2418e-31,0.97858
Bprima,3,parada,0.47,0.8,6.8,0.0079,1.105,22,20,8,0,0.6542,0.0000,4.3662,0.0000,2.4010,0.0000,12.5578,0.00000,0.0000,0.000000,0.5640,0.00000,0.00000,0.07680,1,0.0295,banda<=ruido,1,64.0,1,64,0,400,1,0.015625,1.2418e-31,0.97858
Bprima,3,parada,0.47,0.8,6.8,0.0079,1.105,22,20,8,0,0.6678,0.9837,4.3760,0.0000,2.4962,4.2095,26.3788,1.08303,0.1302,0.001864,0.4167,0.00209,0.00209,0.07859,84,0.0106,banda<=ruido,0,33.0,1,33,0,650,1,0.030303,1.4264e-7,0.99762
Bprima,3,parada,0.47,0.8,6.8,0.0079,1.105,22,20,8,0,0.6814,0.9481,4.3498,0.0000,2.5184,4.3173,26.0095,2.66944,0.1999,0.001728,0.4055,0.00145,0.00145,0.07862,74,0.0148,banda<=ruido,0,30.0,1,30,0,400,1,0.033333,1.8586e-7,0.99354
Bprima,3,parada,0.47,0.8,6.8,0.0079,1.105,22,20,8,0,0.6949,0.9992,4.2923,0.0000,2.5435,4.2981,25.7835,7.73722,0.2337,0.001761,0.3935,0.00161,0.00161,0.07747,78,0.0198,banda<=ruido,0,29.0,1,29,0,400,1,0.034483,1.6988e-7,0.96168
Bprima,3,parada,0.47,0.8,6.8,0.0079,1.105,22,20,8,0,0.7085,0.9799,4.3493,0.0000,2.4741,4.2879,25.3387,5.02256,0.2802,0.001917,0.3845,0.00078,0.00078,0.07790,58,0.0249,banda<=ruido,0,28.0,1,28,0,400,1,0.035714,3.1718e-8,0.97439
Bprima,3,parada,0.47,0.8,6.8,0.0079,1.105,22,20,8,0,0.7220,0.9928,4.3601,0.0000,2.4955,4.4162,24.8363,9.24025,0.3208,0.001667,0.3762,0.00168,0.00168,0.07731,85,0.0289,banda<=ruido,0,28.0,1,28,0,450,1,0.035714,2.1269e-7,0.99116
Bprima,3,parada,0.47,0.8,6.8,0.0079,1.105,22,20,8,0,0.7356,0.8709,4.3302,0.0000,2.4955,4.0814,24.2692,11.16497,0.3573,0.001695,0.3691,0.00185,0.00185,0.07714,82,0.0336,banda<=ruido,0,28.0,1,28,0,500,1,0.035714,1.7229e-7,0.99446
Bprima,3,parada,0.47,0.8,6.8,0.0079,1.105,22,20,8,0,0.7492,0.9756,4.4083,0.0000,2.4478,4.2829,23.6802,12.68120,0.3842,0.001749,0.3625,0.00166,0.00166,0.07822,83,0.0375,banda<=ruido,0,29.0,1,29,0,500,1,0.034483,1.0831e-7,0.98877
Bprima,3,parada,0.47,0.8,6.8,0.0079,1.105,22,20,8,0,0.7627,0.9413,4.2700,0.0000,2.4998,4.3309,23.0167,15.00566,0.4048,0.001744,0.3570,0.00149,0.00149,0.07864,83,0.0412,banda<=ruido,0,31.0,1,31,0,550,1,0.032258,1.6006e-7,0.99850
Bprima,3,parada,0.47,0.8,6.8,0.0079,1.105,22,20,8,0,0.7763,0.9968,4.3195,0.9982,2.4211,4.3541,22.0776,18.83177,0.4225,0.001722,0.3541,0.00183,0.00183,0.07768,89,0.0427,banda<=ruido,0,41.0,1,41,0,550,1,0.024390,2.8492e-7,0.99866
Bprima,3,parada,0.47,0.8,6.8,0.0079,1.105,22,20,8,0,0.7898,0.9998,4.3441,0.0000,2.4420,4.4252,20.7590,16.88173,0.4228,0.001670,0.3551,0.00093,0.00093,0.07885,68,0.0423,banda<=ruido,0,40.0,1,40,0,500,1,0.025000,2.6905e-8,0.95591
Bprima,3,parada,0.47,0.8,6.8,0.0079,1.105,22,20,8,0,0.8034,0.9007,4.3457,0.0000,2.4672,4.0016,19.2904,11.89653,0.4087,0.001713,0.3577,0.00205,0.00205,0.07644,78,0.0410,banda<=ruido,0,39.0,1,39,0,400,1,0.025641,5.2730e-8,0.96211
Bprima,3,parada,0.47,0.8,6.8,0.0079,1.105,22,20,8,0,0.8169,0.9756,4.2693,0.0000,2.5372,4.1979,17.7864,12.88405,0.3965,0.001704,0.3604,0.00168,0.00168,0.07803,79,0.0387,banda<=ruido,0,39.0,1,39,0,350,1,0.025641,3.1041e-7,0.99531
Bprima,3,parada,0.47,0.8,6.8,0.0079,1.105,22,20,8,0,0.8305,0.9756,4.2964,0.0000,2.4550,4.2062,16.3445,8.09954,0.3793,0.001910,0.3632,0.00154,0.00154,0.07812,79,0.0376,banda<=ruido,0,39.0,1,39,0,350,1,0.025641,1.6094e-7,1.00029
Bprima,3,parada,0.47,0.8,6.8,0.0079,1.105,22,20,8,0,0.8441,0.9992,4.3298,0.0000,2.4934,4.2745,14.8785,12.98206,0.3690,0.001790,0.3661,0.00205,0.00205,0.07803,86,0.0355,banda<=ruido,0,39.0,1,39,0,300,1,0.025641,9.1956e-8,0.97521
Bprima,3,parada,0.47,0.8,6.8,0.0079,1.105,22,20,8,0,0.8576,0.9928,4.3363,0.0000,2.4706,4.4392,13.5172,7.00425,0.3493,0.001776,0.3681,0.00123,0.00123,0.07692,72,0.0342,banda<=ruido,0,40.0,1,40,0,300,1,0.025000,7.7386e-8,0.97870
Bprima,3,parada,0.47,0.8,6.8,0.0079,1.105,22,20,8,0,0.8712,0.9710,4.3315,0.0000,2.5322,4.2649,12.0246,7.48985,0.3496,0.001686,0.3716,0.00120,0.00120,0.07848,74,0.0322,banda<=ruido,0,41.0,1,41,0,300,1,0.024390,1.1147e-7,0.98694
Bprima,3,parada,0.47,0.8,6.8,0.0079,1.105,22,20,8,0,0.8847,0.9950,4.2936,0.0000,2.4898,4.3789,10.6756,5.81414,0.3355,0.001847,0.3739,0.00156,0.00156,0.07865,85,0.0308,banda<=ruido,0,42.0,1,42,0,300,1,0.023810,1.4880e-7,0.98879
Bprima,3,parada,0.47,0.8,6.8,0.0079,1.105,22,20,8,0,0.8983,0.9097,4.3368,0.0000,2.4870,4.2794,9.4010,5.31796,0.3153,0.001714,0.3755,0.00131,0.00131,0.07848,75,0.0295,banda<=ruido,0,44.0,1,44,0,300,1,0.022727,1.0846e-7,0.98499
Bprima,3,parada,0.47,0.8,6.8,0.0079,1.105,22,20,8,0,0.9119,0.8813,4.3972,0.0000,2.4465,4.3523,8.0466,4.75680,0.3083,0.001769,0.3780,0.00138,0.00138,0.07819,82,0.0281,banda<=ruido,0,45.0,1,45,0,300,1,0.022222,1.2634e-7,0.97411
Bprima,3,parada,0.47,0.8,6.8,0.0079,1.105,22,20,8,0,0.9254,0.8709,4.3814,0.0000,2.4774,4.0523,6.6959,4.60490,0.3039,0.001656,0.3809,0.00158,0.00158,0.07692,72,0.0268,banda<=ruido,0,47.0,1,47,0,300,1,0.021277,8.9043e-8,0.98785
Bprima,3,parada,0.47,0.8,6.8,0.0079,1.105,22,20,8,0,0.9390,0.9413,4.3093,0.0000,2.4995,4.2534,5.4583,4.58368,0.2882,0.001651,0.3826,0.00181,0.00181,0.07879,79,0.0260,banda<=ruido,0,49.0,1,49,0,300,1,0.020408,2.2223e-7,1.00191
Bprima,3,parada,0.47,0.8,6.8,0.0079,1.105,22,20,8,0,0.9525,0.9341,4.3295,0.0000,2.5229,4.2422,4.2223,3.00345,0.2751,0.001831,0.3844,0.00162,0.00162,0.07857,85,0.0252,banda<=ruido,0,52.0,1,52,0,350,1,0.019231,1.0296e-7,0.99448
Bprima,3,parada,0.47,0.8,6.8,0.0079,1.105,22,20,8,0,0.9661,0.9968,4.2527,0.9544,2.5187,4.3600,2.9305,3.25679,0.2716,0.001650,0.3868,0.00203,0.00203,0.07812,89,0.0236,banda<=ruido,0,54.0,1,54,0,350,1,0.018519,2.2437e-7,0.99647
Bprima,3,parada,0.47,0.8,6.8,0.0079,1.105,22,20,8,0,0.9797,0.9341,4.3622,0.0000,2.4501,4.2059,1.7289,3.50259,0.2595,0.001557,0.3884,0.00243,0.00243,0.07810,86,0.0225,banda<=ruido,0,57.0,1,57,0,350,1,0.017544,2.2512e-7,0.99123
Bprima,3,parada,0.47,0.8,6.8,0.0079,1.105,22,20,8,0,0.9932,0.9183,4.4258,0.0000,2.4790,4.3476,0.5126,71.25635,0.2516,0.001762,0.3905,0.00188,0.00188,0.07893,88,0.0217,banda<=ruido,0,60.0,1,60,0,350,1,0.016667,1.8083e-7,0.99101
Bprima,3,parada,0.47,0.8,6.8,0.0079,1.105,22,20,8,0,1.0068,0.9264,4.3366,0.0000,2.5134,4.2129,0.6638,2.01692,0.2412,0.001769,0.3920,0.00218,0.00218,0.07884,88,0.0207,banda<=ruido,0,64.0,1,64,0,350,1,0.015625,2.2084e-7,0.99749
Bprima,3,parada,0.47,0.8,6.8,0.0079,1.105,22,20,8,0,1.0203,0.9902,4.3295,0.0000,2.5081,4.3254,1.8368,1.65137,0.2326,0.001960,0.3939,0.00234,0.00234,0.07734,91,0.0205,banda<=ruido,0,68.0,1,68,0,350,1,0.014706,2.8446e-7,0.98031
Bprima,3,parada,0.47,0.8,6.8,0.0079,1.105,22,20,8,0,1.0339,0.9928,4.3405,0.0000,2.4820,4.3815,2.9391,1.71244,0.2174,0.001845,0.3950,0.00164,0.00164,0.07846,83,0.0196,banda<=ruido,0,73.0,1,73,0,400,1,0.013699,2.1436e-7,1.00075
Bprima,3,parada,0.47,0.8,6.8,0.0079,1.105,22,20,8,0,1.0475,0.8600,4.3089,0.0000,2.3951,4.2584,4.1621,1.36236,0.2194,0.001869,0.3975,0.00185,0.00185,0.07876,83,0.0184,banda<=ruido,0,79.0,1,79,0,400,1,0.012658,2.7737e-7,1.00247
Bprima,3,parada,0.47,0.8,6.8,0.0079,1.105,22,20,8,0,1.0610,0.9756,4.2517,0.0000,2.4019,4.2829,5.2795,1.38128,0.2103,0.001667,0.3989,0.00116,0.00116,0.07885,72,0.0176,banda<=ruido,0,85.0,1,85,0,400,1,0.011765,7.9761e-8,0.97368
Bprima,3,parada,0.47,0.8,6.8,0.0079,1.105,22,20,8,0,1.0746,0.7838,4.3080,0.0000,2.5174,4.1216,6.4430,1.10458,0.2089,0.001906,0.4012,0.00189,0.00189,0.07874,80,0.0171,banda<=ruido,0,93.0,1,93,0,400,1,0.010753,1.2506e-7,0.97693
Bprima,3,parada,0.47,0.8,6.8,0.0079,1.105,22,20,8,0,1.0881,0.9481,4.3722,0.7978,2.4909,4.2910,7.5017,1.03263,0.1964,0.001748,0.4023,0.00199,0.00199,0.07789,90,0.0162,banda<=ruido,0,103.0,1,103,0,400,1,0.009709,1.5973e-7,0.99587
Bprima,3,parada,0.47,0.8,6.8,0.0079,1.105,22,20,8,0,1.1017,0.9659,4.3222,0.6098,2.4403,3.9935,8.5837,1.05666,0.1887,0.001644,0.4033,0.00229,0.00229,0.07773,85,0.0151,banda<=ruido,0,113.0,1,113,0,450,1,0.008850,1.3515e-7,0.98612
Bprima,3,parada,0.47,0.8,6.8,0.0079,1.105,22,20,8,0,1.1153,0.9710,4.4054,0.0000,2.4675,4.2735,9.6556,1.04230,0.1815,0.001575,0.4049,0.00261,0.00261,0.07798,94,0.0145,banda<=ruido,0,129.0,1,129,0,400,1,0.007752,2.4492e-7,0.98980
Bprima,3,parada,0.47,0.8,6.8,0.0079,1.105,22,20,8,0,1.1288,0.9756,4.3031,0.0000,2.4696,4.0532,10.7450,0.91033,0.1782,0.001708,0.4066,0.00187,0.00187,0.07797,77,0.0143,banda<=ruido,0,146.0,1,146,0,400,1,0.006849,2.0437e-7,0.98672
Bprima,3,parada,0.47,0.8,6.8,0.0079,1.105,22,20,8,0,1.1424,0.8485,4.3019,0.0000,2.4676,4.2611,11.8190,3.98372,0.1747,0.001496,0.4083,0.00261,0.00261,0.07598,91,0.0136,banda<=ruido,0,171.0,1,171,0,300,1,0.005848,5.1481e-7,0.99913
Bprima,3,parada,0.47,0.8,6.8,0.0079,1.105,22,20,8,0,1.1559,0.9659,4.2496,0.0000,2.4768,4.3551,12.8449,0.64486,0.1671,0.001822,0.4095,0.00151,0.00151,0.07731,81,0.0132,banda<=ruido,0,187.0,1,187,0,250,1,0.005348,1.2808e-7,0.95966
Bprima,3,parada,0.47,0.8,6.8,0.0079,1.105,22,20,8,0,1.1695,0.9604,4.2816,0.0000,2.4749,4.2666,13.8497,0.63054,0.1591,0.001695,0.4105,0.00124,0.00124,0.07867,72,0.0125,banda<=ruido,0,208.0,1,208,0,350,1,0.004808,8.7823e-8,0.98793
Bprima,3,parada,0.47,0.8,6.8,0.0079,1.105,22,20,8,0,1.1831,0.9871,4.2911,0.0000,2.3786,4.3055,14.8428,0.56133,0.1519,0.001750,0.4116,0.00197,0.00197,0.07342,87,0.0118,banda<=ruido,0,242.0,1,242,0,450,1,0.004132,2.5509e-7,0.98801
Bprima,3,parada,0.47,0.8,6.8,0.0079,1.105,22,20,8,0,1.1966,0.9998,4.3544,0.0000,2.4928,4.2710,15.7815,0.40139,0.1419,0.001938,0.4123,0.00181,0.00181,0.07824,78,0.0121,banda<=ruido,0,285.0,1,285,0,550,1,0.003509,7.7234e-8,0.98742
Bprima,3,parada,0.47,0.8,6.8,0.0079,1.105,22,20,8,0,1.2102,0.9837,4.3675,0.0000,2.5138,4.2152,16.7609,0.45235,0.1458,0.001700,0.4132,0.00160,0.00160,0.07855,79,0.0116,banda<=ruido,0,318.0,1,318,0,600,1,0.003145,1.2503e-7,0.99345
Bprima,3,parada,0.47,0.8,6.8,0.0079,1.105,22,20,8,0,1.2237,0.9799,4.3083,0.0000,2.4817,4.3079,17.6373,0.45809,0.1522,0.001797,0.4132,0.00124,0.00124,0.07885,68,0.0117,banda<=ruido,0,324.0,1,324,0,600,1,0.003086,7.8498e-8,0.96943
Bprima,3,parada,0.47,0.8,6.8,0.0079,1.105,22,20,8,0,1.2373,0.8813,4.3532,0.0000,2.4928,4.0438,18.3238,0.42892,0.1528,0.001915,0.4113,0.00160,0.00160,0.07881,66,0.0126,banda<=ruido,0,291.0,1,291,0,500,1,0.003436,7.6627e-8,0.99522
Bprima,3,parada,0.47,0.8,6.8,0.0079,1.105,22,20,8,0,1.2508,0.9950,4.2580,0.0000,2.5339,4.4160,19.0160,0.54887,0.1652,0.001716,0.4093,0.00230,0.00230,0.07851,93,0.0133,banda<=ruido,0,254.0,1,254,0,350,1,0.003937,4.8854e-7,1.00263
Bprima,3,parada,0.47,0.8,6.8,0.0079,1.105,22,20,8,0,1.2644,0.9007,4.3608,0.0000,2.4507,4.2607,19.6316,0.64240,0.1736,0.001772,0.4066,0.00195,0.00195,0.07681,86,0.0141,banda<=ruido,0,241.0,1,241,0,350,1,0.004149,3.2444e-7,0.99901
Bprima,3,parada,0.47,0.8,6.8,0.0079,1.105,22,20,8,0,1.2780,0.9659,4.3974,0.0000,2.5045,4.0616,0.3973,56.51018,0.9504,0.001710,0.2414,0.00163,0.00163,0.07807,69,0.1371,banda<=ruido,0,56.0,1,56,0,350,1,0.017857,1.5400e-7,0.99195
Bprima,3,parada,0.47,0.8,6.8,0.0079,1.105,22,20,8,0,1.2915,0.8366,4.3406,0.0000,2.4730,4.2459,0.6014,51.25462,0.9248,0.001837,0.2376,0.00091,0.00091,0.07646,57,0.1409,banda<=ruido,0,56.0,1,56,0,350,1,0.017857,4.1431e-8,0.96052
Bprima,3,parada,0.47,0.8,6.8,0.0079,1.105,22,20,8,0,1.3051,0.9007,4.2292,0.0000,2.5449,4.3611,0.8015,56.21138,0.8998,0.001696,0.2339,0.00075,0.00075,0.07793,63,0.1447,banda<=ruido,0,56.0,1,56,0,350,1,0.017857,4.5668e-8,0.97937
Bprima,3,parada,0.47,0.8,6.8,0.0079,1.105,22,20,8,0,1.3186,0.9902,4.3238,0.0000,2.4974,4.4229,0.9664,51.23621,0.8792,0.001704,0.2301,0.00094,0.00094,0.07629,68,0.1485,banda<=ruido,0,56.0,1,56,0,350,1,0.017857,4.2776e-8,0.98884
Bprima,3,parada,0.47,0.8,6.8,0.0079,1.105,22,20,8,0,1.3322,0.9998,4.3045,0.0000,2.4829,4.1483,1.1371,46.98288,0.8579,0.001930,0.2263,0.00143,0.00143,0.07888,74,0.1516,banda<=ruido,0,56.0,1,56,0,350,1,0.017857,7.2814e-8,0.98094
Bprima,3,parada,0.47,0.8,6.8,0.0079,1.105,22,20,8,0,1.3458,0.9341,4.2601,0.0000,2.4812,4.0108,1.3885,48.28220,0.8264,0.001799,0.2231,0.00099,0.00099,0.07821,62,0.1547,banda<=ruido,0,56.0,1,56,0,350,1,0.017857,2.6477e-8,0.98753
Bprima,3,parada,0.47,0.8,6.8,0.0079,1.105,22,20,8,0,1.3593,0.8113,4.3625,0.0000,2.4651,4.1235,1.5647,52.08982,0.8044,0.001703,0.2197,0.00099,0.00099,0.07822,62,0.1589,banda<=ruido,0,56.0,1,56,0,350,1,0.017857,4.8075e-8,0.98205
Bprima,3,parada,0.47,0.8,6.8,0.0079,1.105,22,20,8,0,1.3729,0.9413,4.3202,0.0000,2.4116,4.3372,1.7315,54.49746,0.7836,0.001849,0.2162,0.00079,0.00079,0.07754,63,0.1620,banda<=ruido,0,56.0,1,56,0,350,1,0.017857,3.7817e-8,0.98548
Bprima,3,parada,0.47,0.8,6.8,0.0079,1.105,22,20,8,0,1.3864,0.8709,4.3060,0.0000,2.4934,4.2713,1.8953,61.65256,0.7631,0.001646,0.2129,0.00111,0.00111,0.07719,72,0.1652,banda<=ruido,0,56.0,1,56,0,350,1,0.017857,8.0237e-8,0.99926
Bprima,3,parada,0.47,0.8,6.8,0.0079,1.105,22,20,8,0,1.4000,0.8600,4.3605,0.0000,2.4187,4.2313,2.0463,50.58602,0.7442,0.001745,0.2095,0.00094,0.00094,0.07843,65,0.1686,banda<=ruido,0,56.0,1,56,0,350,1,0.017857,5.7450e-8,0.99501
Bprima,7,parada,0.65,0.8,6.8,0.0079,1.105,22,20,8,0,0.6000,0.0000,4.2704,0.0000,1.9929,0.0000,16.7055,0.00000,0.0000,0.000000,0.7800,0.00000,0.00000,0.07824,1,0.0527,banda<=ruido,1,56.0,1,56,0,350,1,0.017857,6.5725e-30,0.98319
Bprima,7,parada,0.65,0.8,6.8,0.0079,1.105,22,20,8,0,0.6136,0.0000,4.3086,0.0000,1.9376,0.0000,16.5308,0.00000,0.0000,0.000000,0.7800,0.00000,0.00000,0.07808,1,0.0527,banda<=ruido,1,56.0,1,56,0,350,1,0.017857,6.5725e-30,0.98319
Bprima,7,parada,0.65,0.8,6.8,0.0079,1.105,22,20,8,0,0.6271,0.0000,4.3277,0.0000,1.9227,0.0000,16.2402,0.00000,0.0000,0.000000,0.7800,0.00000,0.00000,0.07880,1,0.0527,banda<=ruido,1,56.0,1,56,0,350,1,0.017857,6.5725e-30,0.98319
Bprima,7,parada,0.65,0.8,6.8,0.0079,1.105,22,20,8,0,0.6407,0.0000,4.3106,0.0000,1.9514,0.0000,16.1024,0.00000,0.0000,0.000000,0.7800,0.00000,0.00000,0.07610,1,0.0527,banda<=ruido,1,56.0,1,56,0,350,1,0.017857,6.5725e-30,0.98319
Bprima,7,parada,0.65,0.8,6.8,0.0079,1.105,22,20,8,0,0.6542,0.0000,4.3776,0.0000,1.9666,0.0000,15.7434,0.00000,0.0000,0.000000,0.7800,0.00000,0.00000,0.07846,1,0.0527,banda<=ruido,1,64.0,1,64,0,400,1,0.015625,6.5725e-30,0.98319
Bprima,7,parada,0.65,0.8,6.8,0.0079,1.105,22,20,8,0,0.6678,0.9871,4.3576,0.0000,1.9972,4.2882,28.2563,0.00000,0.0000,0.000000,0.5478,0.00237,0.00237,0.07755,89,0.0340,banda<=ruido,0,33.0,1,33,0,650,1,0.030303,3.0177e-7,0.99023
Bprima,7,parada,0.65,0.8,6.8,0.0079,1.105,22,20,8,0,0.6814,0.9659,4.3654,0.0000,1.9949,4.3714,27.9880,0.00000,0.0000,0.000000,0.5320,0.00239,0.00239,0.07751,95,0.0447,banda<=ruido,0,30.0,1,30,0,400,1,0.033333,3.4059e-7,0.98927
Bprima,7,parada,0.65,0.8,6.8,0.0079,1.105,22,20,8,0,0.6949,0.9604,4.2996,0.0000,1.9865,4.2713,27.6142,4.59997,0.0071,0.001011,0.5182,0.00235,0.00235,0.07773,87,0.0530,banda<=ruido,0,29.0,1,29,0,400,1,0.034483,3.6932e-7,0.99247
Bprima,7,parada,0.65,0.8,6.8,0.0079,1.105,22,20,8,0,0.7085,0.8912,4.3662,0.0695,1.9723,3.8641,27.2067,2.54406,0.0467,0.001752,0.5062,0.00237,0.00237,0.07678,87,0.0636,banda<=ruido,0,28.0,1,28,0,400,1,0.035714,1.9613e-7,0.99677
Bprima,7,parada,0.65,0.8,6.8,0.0079,1.105,22,20,8,0,0.7220,0.8485,4.3762,0.0000,1.9835,4.1219,26.6051,6.13325,0.0997,0.001778,0.4968,0.00320,0.00320,0.07814,94,0.0717,banda<=ruido,0,28.0,1,28,0,450,1,0.035714,6.4361e-7,0.98963
Bprima,7,parada,0.65,0.8,6.8,0.0079,1.105,22,20,8,0,0.7356,0.9481,4.2657,0.0000,1.9106,4.2718,26.0724,10.14128,0.1319,0.001610,0.4868,0.00208,0.00208,0.07625,89,0.0780,banda<=ruido,0,28.0,1,28,0,500,1,0.035714,1.9662e-7,0.97488
Bprima,7,parada,0.65,0.8,6.8,0.0079,1.105,22,20,8,0,0.7492,0.9264,4.3268,0.0000,1.9932,4.2160,25.4776,14.31274,0.1595,0.001496,0.4783,0.00221,0.00221,0.07848,87,0.0854,banda<=ruido,0,29.0,1,29,0,500,1,0.034483,2.5956e-7,0.99193
Bprima,7,parada,0.65,0.8,6.8,0.0079,1.105,22,20,8,0,0.7627,0.9950,4.3341,0.0000,1.9869,4.3788,24.6685,14.97589,0.1983,0.001763,0.4727,0.00172,0.00172,0.07670,83,0.0904,banda<=ruido,0,31.0,1,31,0,550,1,0.032258,1.6845e-7,0.99223
Bprima,7,parada,0.65,0.8,6.8,0.0079,1.105,22,20,8,0,0.7763,0.9871,4.3139,0.0000,1.9757,4.3185,23.8076,16.42098,0.2063,0.001682,0.4681,0.00260,0.00260,0.07823,97,0.0939,banda<=ruido,0,41.0,1,41,0,550,1,0.024390,4.4314e-7,0.99235
Bprima,7,parada,0.65,0.8,6.8,0.0079,1.105,22,20,8,0,0.7898,0.9928,4.3441,0.0000,1.9988,4.3276,22.4545,17.85107,0.2108,0.001662,0.4697,0.00144,0.00144,0.07860,80,0.0931,banda<=ruido,0,40.0,1,40,0,500,1,0.025000,7.8812e-8,0.97675
Bprima,7,parada,0.65,0.8,6.8,0.0079,1.105,22,20,8,0,0.8034,0.8113,4.3367,0.0000,1.9823,4.0923,20.9904,621.86917,0.1962,0.001765,0.4728,0.00287,0.00287,0.07514,87,0.0895,banda<=ruido,0,39.0,1,39,0,400,1,0.025641,3.7868e-7,0.99200
Bprima,7,parada,0.65,0.8,6.8,0.0079,1.105,22,20,8,0,0.8169,0.9871,4.2537,0.0000,1.9747,4.3037,19.4981,11.74471,0.1825,0.001769,0.4765,0.00168,0.00168,0.07842,82,0.0863,banda<=ruido,0,39.0,1,39,0,350,1,0.025641,2.0296e-7,0.99877
Bprima,7,parada,0.65,0.8,6.8,0.0079,1.105,22,20,8,0,0.8305,0.9756,4.3609,0.0000,1.9853,4.0978,18.0271,10.91110,0.1690,0.001654,0.4802,0.00178,0.00178,0.07796,81,0.0829,banda<=ruido,0,39.0,1,39,0,350,1,0.025641,5.6556e-8,0.97866
Bprima,7,parada,0.65,0.8,6.8,0.0079,1.105,22,20,8,0,0.8441,0.6098,4.3423,0.0000,1.9589,3.9169,16.5896,13.63426,0.1551,0.001688,0.4837,0.00309,0.00309,0.07868,88,0.0811,banda<=ruido,0,39.0,1,39,0,300,1,0.025641,2.0672e-7,0.93980
Bprima,7,parada,0.65,0.8,6.8,0.0079,1.105,22,20,8,0,0.8576,0.7219,4.3535,0.5197,1.9253,4.0456,15.2833,6.58096,0.1285,0.001829,0.4860,0.00267,0.00267,0.07839,89,0.0801,banda<=ruido,0,40.0,1,40,0,300,1,0.025000,3.1316e-7,0.98915
Bprima,7,parada,0.65,0.8,6.8,0.0079,1.105,22,20,8,0,0.8712,0.9837,4.3642,0.0000,1.9853,4.1301,13.9442,5.00335,0.1097,0.001888,0.4887,0.00218,0.00218,0.07656,85,0.0774,banda<=ruido,0,41.0,1,41,0,300,1,0.024390,1.7776e-7,0.98295
Bprima,7,parada,0.65,0.8,6.8,0.0079,1.105,22,20,8,0,0.8847,0.8813,4.3897,0.0000,1.9744,4.0573,12.4628,5.03754,0.1121,0.001912,0.4931,0.00220,0.00220,0.07794,81,0.0733,banda<=ruido,0,42.0,1,42,0,300,1,0.023810,2.1198e-7,0.98184
Bprima,7,parada,0.65,0.8,6.8,0.0079,1.105,22,20,8,0,0.8983,0.9183,4.3511,0.0000,1.9686,4.0142,11.1843,4.73657,0.0924,0.001555,0.4953,0.00140,0.00140,0.07696,73,0.0708,banda<=ruido,0,44.0,1,44,0,300,1,0.022727,1.8675e-7,0.99210
Bprima,7,parada,0.65,0.8,6.8,0.0079,1.105,22,20,8,0,0.9119,0.9756,4.3171,0.0000,1.9553,4.2810,9.8785,2.99491,0.0793,0.001997,0.4983,0.00204,0.00204,0.07742,90,0.0693,banda<=ruido,0,45.0,1,45,0,300,1,0.022222,2.6526e-7,0.98765
Bprima,7,parada,0.65,0.8,6.8,0.0079,1.105,22,20,8,0,0.9254,0.9756,4.2994,0.0000,1.9269,4.3135,8.5550,3.02994,0.0715,0.001808,0.5015,0.00290,0.00290,0.07778,98,0.0673,banda<=ruido,0,47.0,1,47,0,300,1,0.021277,7.8958e-7,1.00325
Bprima,7,parada,0.65,0.8,6.8,0.0079,1.105,22,20,8,0,0.9390,1.0000,4.3422,0.0000,1.9628,4.3365,7.2919,2.12682,0.0590,0.001769,0.5037,0.00154,0.00154,0.07744,85,0.0643,banda<=ruido,0,49.0,1,49,0,300,1,0.020408,9.4330e-8,0.99205
Bprima,7,parada,0.65,0.8,6.8,0.0079,1.105,22,20,8,0,0.9525,0.7692,4.3309,0.3208,1.9823,4.1960,6.0042,1.76358,0.0524,0.001836,0.5068,0.00159,0.00159,0.07811,74,0.0624,banda<=ruido,0,52.0,1,52,0,350,1,0.019231,1.4637e-7,0.98672
Bprima,7,parada,0.65,0.8,6.8,0.0079,1.105,22,20,8,0,0.9661,0.8242,4.3005,0.0000,1.9794,4.1415,4.7479,1.51055,0.0445,0.001801,0.5097,0.00218,0.00218,0.07790,80,0.0600,banda<=ruido,0,54.0,1,54,0,350,1,0.018519,1.4339e-7,0.95781
Bprima,7,parada,0.65,0.8,6.8,0.0079,1.105,22,20,8,0,0.9797,0.9902,4.3441,0.0000,1.9707,4.0764,3.5282,1.11596,0.0346,0.001665,0.5122,0.00186,0.00186,0.07851,73,0.0585,banda<=ruido,0,57.0,1,57,0,350,1,0.017544,1.4963e-7,0.97959
Bprima,7,parada,0.65,0.8,6.8,0.0079,1.105,22,20,8,0,0.9932,0.9982,4.3252,0.0000,1.9565,4.2793,2.3532,1.03598,0.0216,0.001772,0.5143,0.00340,0.00340,0.07791,101,0.0576,banda<=ruido,0,60.0,1,60,0,350,1,0.016667,5.0627e-7,0.99742
Bprima,7,parada,0.65,0.8,6.8,0.0079,1.105,22,20,8,0,1.0068,0.9799,4.3578,0.0000,1.9888,4.2163,1.1191,0.58656,0.0183,0.001757,0.5173,0.00238,0.00238,0.07776,92,0.0551,banda<=ruido,0,64.0,1,64,0,350,1,0.015625,2.8946e-7,0.99476
Bprima,7,parada,0.65,0.8,6.8,0.0079,1.105,22,20,8,0,1.0203,0.8912,4.2417,0.0000,1.9508,4.0406,0.0612,0.71864,0.0072,0.001167,0.5188,0.00252,0.00252,0.07703,88,0.0524,banda<=ruido,0,68.0,1,68,0,350,1,0.014706,1.3834e-7,0.96985
Bprima,7,parada,0.65,0.8,6.8,0.0079,1.105,22,20,8,0,1.0339,0.9097,4.2908,0.0000,1.8356,4.0445,1.1944,12.60547,0.0031,0.000960,0.5214,0.00198,0.00198,0.07554,83,0.0517,banda<=ruido,0,73.0,1,73,0,400,1,0.013699,3.0362e-7,0.99969
Bprima,7,parada,0.65,0.8,6.8,0.0079,1.105,22,20,8,0,1.0475,0.9756,4.3319,0.0000,1.9739,4.3765,2.2230,0.00000,0.0000,0.000000,0.5220,0.00202,0.00202,0.07870,88,0.0507,banda<=ruido,0,79.0,1,79,0,400,1,0.012658,1.7794e-7,0.97451
Bprima,7,parada,0.65,0.8,6.8,0.0079,1.105,22,20,8,0,1.0610,0.9544,4.3016,0.0000,1.9856,4.3756,3.4105,0.00000,0.0000,0.000000,0.5249,0.00153,0.00153,0.07836,84,0.0491,banda<=ruido,0,85.0,1,85,0,400,1,0.011765,1.4963e-7,0.98378
Bprima,7,parada,0.65,0.8,6.8,0.0079,1.105,22,20,8,0,1.0746,0.9799,4.2702,0.0000,1.9800,4.1639,4.5157,0.00000,0.0000,0.000000,0.5268,0.00305,0.00305,0.07728,91,0.0481,banda<=ruido,0,93.0,1,93,0,400,1,0.010753,6.4000e-7,0.97584
Bprima,7,parada,0.65,0.8,6.8,0.0079,1.105,22,20,8,0,1.0881,0.9992,4.3994,0.0000,1.9754,4.3986,5.5969,0.00000,0.0000,0.000000,0.5285,0.00251,0.00251,0.07886,92,0.0466,banda<=ruido,0,103.0,1,103,0,400,1,0.009709,6.5112e-7,1.00083
Bprima,7,parada,0.65,0.8,6.8,0.0079,1.105,22,20,8,0,1.1017,0.8813,4.3816,0.9799,1.9744,4.1441,6.7249,0.00000,0.0000,0.000000,0.5310,0.00251,0.00251,0.07830,87,0.0446,banda<=ruido,0,113.0,1,113,0,450,1,0.008850,3.5922e-7,0.99860
Bprima,7,parada,0.65,0.8,6.8,0.0079,1.105,22,20,8,0,1.1153,0.9902,4.3392,0.0000,1.9325,4.2914,7.7638,0.00000,0.0000,0.000000,0.5327,0.00207,0.00207,0.07777,86,0.0443,banda<=ruido,0,129.0,1,129,0,400,1,0.007752,2.6620e-7,0.97518
Bprima,7,parada,0.65,0.8,6.8,0.0079,1.105,22,20,8,0,1.1288,0.8709,4.3564,0.0000,1.9240,4.2651,8.8366,0.00000,0.0000,0.000000,0.5346,0.00207,0.00207,0.07733,83,0.0435,banda<=ruido,0,146.0,1,146,0,400,1,0.006849,2.8564e-7,0.98918
Bprima,7,parada,0.65,0.8,6.8,0.0079,1.105,22,20,8,0,1.1424,0.9007,4.3362,0.0000,1.9637,4.2968,9.8801,0.00000,0.0000,0.000000,0.5362,0.00142,0.00142,0.07852,84,0.0413,banda<=ruido,0,171.0,1,171,0,300,1,0.005848,8.0925e-8,0.94247
Bprima,7,parada,0.65,0.8,6.8,0.0079,1.105,22,20,8,0,1.1559,0.9998,4.3594,0.0000,1.9835,4.2944,10.9182,0.00000,0.0000,0.000000,0.5380,0.00275,0.00275,0.07807,99,0.0402,banda<=ruido,0,187.0,1,187,0,250,1,0.005348,5.9344e-7,0.99652
Bprima,7,parada,0.65,0.8,6.8,0.0079,1.105,22,20,8,0,1.1695,0.9007,4.2892,0.0000,1.9446,4.1556,11.9927,0.00000,0.0000,0.000000,0.5402,0.00272,0.00272,0.07883,92,0.0379,banda<=ruido,0,208.0,1,208,0,350,1,0.004808,5.0747e-7,0.97297
Bprima,7,parada,0.65,0.8,6.8,0.0079,1.105,22,20,8,0,1.1831,0.9604,4.3363,0.0000,1.9425,4.1950,12.9822,0.00000,0.0000,0.000000,0.5416,0.00213,0.00213,0.07586,90,0.0385,banda<=ruido,0,242.0,1,242,0,450,1,0.004132,2.1830e-7,0.97068
Bprima,7,parada,0.65,0.8,6.8,0.0079,1.105,22,20,8,0,1.1966,0.9871,4.3212,0.0000,1.9988,4.0971,13.8766,0.00000,0.0000,0.000000,0.5416,0.00263,0.00263,0.07802,86,0.0373,banda<=ruido,0,285.0,1,285,0,550,1,0.003509,3.4850e-7,0.95967
Bprima,7,parada,0.65,0.8,6.8,0.0079,1.105,22,20,8,0,1.2102,0.9604,4.3165,0.0000,1.9895,4.1948,14.8178,0.00000,0.0000,0.000000,0.5426,0.00179,0.00179,0.07889,75,0.0376,banda<=ruido,0,318.0,1,318,0,600,1,0.003145,6.7646e-8,0.96510
Bprima,7,parada,0.65,0.8,6.8,0.0079,1.105,22,20,8,0,1.2237,0.9982,4.3590,0.0000,1.9691,4.2575,15.6658,0.00000,0.0000,0.000000,0.5420,0.00259,0.00259,0.07760,97,0.0373,banda<=ruido,0,324.0,1,324,0,600,1,0.003086,4.3522e-7,0.99684
Bprima,7,parada,0.65,0.8,6.8,0.0079,1.105,22,20,8,0,1.2373,0.7692,4.3852,0.0000,1.9926,3.9096,16.4340,0.00000,0.0000,0.000000,0.5408,0.00205,0.00205,0.07855,82,0.0391,banda<=ruido,0,291.0,1,291,0,500,1,0.003436,1.2449e-7,0.96584
Bprima,7,parada,0.65,0.8,6.8,0.0079,1.105,22,20,8,0,1.2508,0.9871,4.3531,0.0000,1.9826,4.0174,17.0874,0.00000,0.0000,0.000000,0.5376,0.00224,0.00224,0.07641,86,0.0408,banda<=ruido,0,254.0,1,254,0,350,1,0.003937,1.7887e-7,0.95078
Bprima,7,parada,0.65,0.8,6.8,0.0079,1.105,22,20,8,0,1.2644,0.9982,4.3552,0.0000,1.9664,4.4303,17.7654,0.00000,0.0000,0.000000,0.5351,0.00160,0.00160,0.07677,83,0.0429,banda<=ruido,0,241.0,1,241,0,350,1,0.004149,1.6304e-7,0.97825
Bprima,7,parada,0.65,0.8,6.8,0.0079,1.105,22,20,8,0,1.2780,0.8912,4.2704,0.0000,1.9525,3.9731,0.9030,95.56702,0.8871,0.001744,0.3232,0.00130,0.00130,0.07722,63,0.2381,banda<=ruido,0,56.0,1,56,0,350,1,0.017857,7.4375e-8,0.98713
Bprima,7,parada,0.65,0.8,6.8,0.0079,1.105,22,20,8,0,1.2915,0.9998,4.3191,0.0000,1.9165,4.3929,0.6634,95.31045,0.9171,0.001740,0.3184,0.00079,0.00079,0.07734,61,0.2434,banda<=ruido,0,56.0,1,56,0,350,1,0.017857,4.4289e-8,0.98895
Bprima,7,parada,0.65,0.8,6.8,0.0079,1.105,22,20,8,0,1.3051,0.9413,4.3566,0.0000,1.9325,4.2818,0.4512,113.16287,0.9436,0.001654,0.3136,0.00161,0.00161,0.07530,83,0.2490,banda<=ruido,0,56.0,1,56,0,350,1,0.017857,1.1691e-7,0.98958
Bprima,7,parada,0.65,0.8,6.8,0.0079,1.105,22,20,8,0,1.3186,0.9097,4.2991,0.0000,1.9853,4.2894,0.2300,114.33738,0.9712,0.001643,0.3087,0.00095,0.00095,0.07824,64,0.2537,banda<=ruido,0,56.0,1,56,0,350,1,0.017857,6.7351e-8,0.98453
Bprima,7,parada,0.65,0.8,6.8,0.0079,1.105,22,20,8,0,1.3322,0.9756,4.3386,0.0000,1.9556,4.2981,0.0650,127.23916,0.9919,0.001521,0.3040,0.00120,0.00120,0.07832,78,0.2594,banda<=ruido,0,56.0,1,56,0,350,1,0.017857,6.9356e-8,0.98546
Bprima,7,parada,0.65,0.8,6.8,0.0079,1.105,22,20,8,0,1.3458,0.9604,4.3237,0.0000,1.9623,4.3523,0.1326,220.04745,0.9834,0.001598,0.2991,0.00134,0.00134,0.07698,75,0.2645,banda<=ruido,0,56.0,1,56,0,350,1,0.017857,1.4874e-7,1.00155
Bprima,7,parada,0.65,0.8,6.8,0.0079,1.105,22,20,8,0,1.3593,0.9710,4.3186,0.0000,1.9446,4.3429,0.3640,98.85156,0.9545,0.001874,0.2949,0.00084,0.00084,0.07720,66,0.2694,banda<=ruido,0,56.0,1,56,0,350,1,0.017857,2.6526e-8,0.97830
Bprima,7,parada,0.65,0.8,6.8,0.0079,1.105,22,20,8,0,1.3729,0.9756,4.3041,0.0000,1.9587,4.4020,0.6488,111.93796,0.9189,0.001636,0.2912,0.00099,0.00099,0.07795,72,0.2738,banda<=ruido,0,56.0,1,56,0,350,1,0.017857,6.6156e-8,0.99609
Bprima,7,parada,0.65,0.8,6.8,0.0079,1.105,22,20,8,0,1.3864,0.9982,4.3867,0.0000,1.9790,4.3688,0.7719,185.98138,0.9035,0.001579,0.2864,0.00132,0.00132,0.07859,84,0.2791,banda<=ruido,0,56.0,1,56,0,350,1,0.017857,1.3347e-7,1.00294
Bprima,7,parada,0.65,0.8,6.8,0.0079,1.105,22,20,8,0,1.4000,0.9982,4.3392,0.0000,1.9419,4.4047,1.0056,97.63681,0.8743,0.001867,0.2823,0.00130,0.00130,0.07734,82,0.2829,banda<=ruido,0,56.0,1,56,0,350,1,0.017857,8.2489e-8,0.99764
Bprima,1,parada,0.47,0.8,6.8,0.0079,1.105,22,20,12,0,0.6000,0.0000,4.2924,0.0000,2.1265,0.0000,13.5817,0.00000,0.0000,0.000000,0.5640,0.00000,0.00000,0.07760,1,0.0295,banda<=ruido,1,56.0,1,56,0,350,1,0.017857,1.2418e-31,0.97858
Bprima,1,parada,0.47,0.8,6.8,0.0079,1.105,22,20,12,0,0.6136,0.0000,4.3829,0.0000,1.9878,0.0000,13.3128,0.00000,0.0000,0.000000,0.5640,0.00000,0.00000,0.07593,1,0.0295,banda<=ruido,1,56.0,1,56,0,350,1,0.017857,1.2418e-31,0.97858
Bprima,1,parada,0.47,0.8,6.8,0.0079,1.105,22,20,12,0,0.6271,0.0000,4.3218,0.0000,2.1678,0.0000,13.0146,0.00000,0.0000,0.000000,0.5640,0.00000,0.00000,0.07833,1,0.0295,banda<=ruido,1,56.0,1,56,0,350,1,0.017857,1.2418e-31,0.97858
Bprima,1,parada,0.47,0.8,6.8,0.0079,1.105,22,20,12,0,0.6407,0.0000,4.2525,0.0000,1.9262,0.0000,12.8120,0.00000,0.0000,0.000000,0.5640,0.00000,0.00000,0.07662,1,0.0295,banda<=ruido,1,56.0,1,56,0,350,1,0.017857,1.2418e-31,0.97858
Bprima,1,parada,0.47,0.8,6.8,0.0079,1.105,22,20,12,0,0.6542,0.0000,4.3978,0.0000,2.1017,0.0000,12.6035,0.00000,0.0000,0.000000,0.5640,0.00000,0.00000,0.07761,1,0.0295,banda<=ruido,1,64.0,1,64,0,400,1,0.015625,1.2418e-31,0.97858
Bprima,1,parada,0.47,0.8,6.8,0.0079,1.105,22,20,12,0,0.6678,0.9183,4.3059,0.0000,2.1379,4.2526,26.0803,2.35772,0.1675,0.001975,0.3970,0.00365,0.00365,0.07792,98,0.0188,banda<=ruido,0,33.0,1,33,0,650,1,0.030303,4.9695e-7,0.99232
Bprima,1,parada,0.47,0.8,6.8,0.0079,1.105,22,20,12,0,0.6814,0.9604,4.3665,0.0000,2.1730,4.2669,25.7323,7.08476,0.2345,0.001614,0.3809,0.00316,0.00316,0.07825,94,0.0271,banda<=ruido,0,30.0,1,30,0,400,1,0.033333,9.4298e-7,0.99516
Bprima,1,parada,0.47,0.8,6.8,0.0079,1.105,22,20,12,0,0.6949,0.8242,4.2945,0.0000,2.1398,4.2084,25.3184,8.96503,0.2918,0.001766,0.3668,0.00304,0.00304,0.07787,94,0.0341,banda<=ruido,0,29.0,1,29,0,400,1,0.034483,6.8868e-7,0.99842
Bprima,1,parada,0.47,0.8,6.8,0.0079,1.105,22,20,12,0,0.7085,0.9007,4.3645,0.4690,2.1054,4.1725,24.9678,10.62211,0.3266,0.001889,0.3530,0.00274,0.00274,0.07682,90,0.0438,banda<=ruido,0,28.0,1,28,0,400,1,0.035714,1.8886e-7,0.97307
Bprima,1,parada,0.47,0.8,6.8,0.0079,1.105,22,20,12,0,0.7220,0.9007,4.3155,0.0000,2.1333,4.1857,24.3506,14.82624,0.3816,0.002074,0.3433,0.00247,0.00247,0.07797,92,0.0499,banda<=ruido,0,28.0,1,28,0,450,1,0.035714,5.2886e-7,0.98402
Bprima,1,parada,0.47,0.8,6.8,0.0079,1.105,22,20,12,0,0.7356,0.9659,4.3692,0.0000,2.3013,4.2140,23.8028,23.81984,0.4156,0.001666,0.3332,0.00233,0.00233,0.07785,91,0.0572,banda<=ruido,0,28.0,1,28,0,500,1,0.035714,7.7255e-8,0.95969
Bprima,1,parada,0.47,0.8,6.8,0.0079,1.105,22,20,12,0,0.7492,0.9992,4.3179,0.0000,2.1550,4.1798,23.1695,20.22484,0.4480,0.001801,0.3251,0.00195,0.00195,0.07726,81,0.0642,banda<=ruido,0,29.0,1,29,0,500,1,0.034483,5.3977e-8,0.97914
Bprima,1,parada,0.47,0.8,6.8,0.0079,1.105,22,20,12,0,0.7627,0.7219,4.3592,0.0000,2.0859,4.1517,22.3974,27.40936,0.4822,0.001679,0.3187,0.00192,0.00192,0.07712,88,0.0680,banda<=ruido,0,31.0,1,31,0,550,1,0.032258,2.0189e-7,0.99261
Bprima,1,parada,0.47,0.8,6.8,0.0079,1.105,22,20,12,0,0.7763,0.6690,4.3095,0.0000,2.1521,4.1209,21.5348,29.56024,0.4904,0.001560,0.3140,0.00222,0.00222,0.07863,83,0.0713,banda<=ruido,0,41.0,1,41,0,550,1,0.024390,2.5375e-7,0.98538
Bprima,1,parada,0.47,0.8,6.8,0.0079,1.105,22,20,12,0,0.7898,0.9998,4.3559,0.7838,2.1506,4.0458,20.2057,25.14954,0.4919,0.001766,0.3156,0.00299,0.00299,0.07797,88,0.0712,banda<=ruido,0,40.0,1,40,0,500,1,0.025000,5.1158e-7,0.98650
Bprima,1,parada,0.47,0.8,6.8,0.0079,1.105,22,20,12,0,0.8034,0.8113,4.3475,0.0000,2.0941,3.6800,18.8003,19.28545,0.4700,0.001930,0.3183,0.00327,0.00327,0.07734,80,0.0697,banda<=ruido,0,39.0,1,39,0,400,1,0.025641,3.3624e-7,0.99336
Bprima,1,parada,0.47,0.8,6.8,0.0079,1.105,22,20,12,0,0.8169,0.8600,4.2680,0.0000,2.1207,4.2876,17.2438,20.43776,0.4643,0.001719,0.3226,0.00134,0.00134,0.07731,83,0.0659,banda<=ruido,0,39.0,1,39,0,350,1,0.025641,9.4021e-8,0.98331
Bprima,1,parada,0.47,0.8,6.8,0.0079,1.105,22,20,12,0,0.8305,0.9341,4.3571,0.0000,2.0839,4.3161,15.8679,16.94924,0.4389,0.001786,0.3251,0.00220,0.00220,0.07761,91,0.0634,banda<=ruido,0,39.0,1,39,0,350,1,0.025641,1.0447e-7,0.96912
Bprima,1,parada,0.47,0.8,6.8,0.0079,1.105,22,20,12,0,0.8441,0.9968,4.3639,0.0000,2.1746,4.2540,14.3594,17.80024,0.4338,0.001645,0.3299,0.00218,0.00218,0.07760,92,0.0605,banda<=ruido,0,39.0,1,39,0,300,1,0.025641,1.1348e-7,0.98635
Bprima,1,parada,0.47,0.8,6.8,0.0079,1.105,22,20,12,0,0.8576,0.9998,4.3288,0.0000,2.1283,4.3632,12.9914,13.84714,0.4150,0.001758,0.3327,0.00172,0.00172,0.07691,81,0.0587,banda<=ruido,0,40.0,1,40,0,300,1,0.025000,1.9651e-7,0.97812
Bprima,1,parada,0.47,0.8,6.8,0.0079,1.105,22,20,12,0,0.8712,0.8242,4.3433,0.3534,2.0873,4.0949,11.5510,14.49066,0.4088,0.001689,0.3366,0.00251,0.00251,0.07692,86,0.0551,banda<=ruido,0,41.0,1,41,0,300,1,0.024390,5.0502e-7,0.99975
Bprima,1,parada,0.47,0.8,6.8,0.0079,1.105,22,20,12,0,0.8847,0.8813,4.3384,0.0000,2.2043,4.0620,10.1818,12.18932,0.3972,0.001892,0.3402,0.00263,0.00263,0.07843,88,0.0537,banda<=ruido,0,42.0,1,42,0,300,1,0.023810,2.4980e-7,0.95662
Bprima,1,parada,0.47,0.8,6.8,0.0079,1.105,22,20,12,0,0.8983,0.9992,4.3369,0.0000,2.2129,4.3633,8.8971,9.16314,0.3783,0.001835,0.3425,0.00135,0.00135,0.07828,74,0.0510,banda<=ruido,0,44.0,1,44,0,300,1,0.022727,1.1539e-7,0.98841
Bprima,1,parada,0.47,0.8,6.8,0.0079,1.105,22,20,12,0,0.9119,0.7049,4.2175,0.0000,2.0232,4.0685,7.5986,9.71967,0.3643,0.001638,0.3452,0.00167,0.00167,0.07770,74,0.0488,banda<=ruido,0,45.0,1,45,0,300,1,0.022222,1.4187e-7,0.99319
Bprima,1,parada,0.47,0.8,6.8,0.0079,1.105,22,20,12,0,0.9254,0.9604,4.3671,0.0000,2.1360,4.0069,6.2172,7.30179,0.3637,0.001940,0.3496,0.00279,0.00279,0.07769,89,0.0470,banda<=ruido,0,47.0,1,47,0,300,1,0.021277,1.3423e-7,0.98986
Bprima,1,parada,0.47,0.8,6.8,0.0079,1.105,22,20,12,0,0.9390,0.9950,4.3813,0.0000,2.1951,4.4948,5.0535,7.79410,0.3388,0.001793,0.3508,0.00269,0.00269,0.07825,96,0.0450,banda<=ruido,0,49.0,1,49,0,300,1,0.020408,5.4347e-7,0.98859
Bprima,1,parada,0.47,0.8,6.8,0.0079,1.105,22,20,12,0,0.9525,0.9837,4.3465,0.9837,2.1503,4.1548,3.7137,8.43967,0.3387,0.001515,0.3543,0.00260,0.00260,0.07845,94,0.0419,banda<=ruido,0,52.0,1,52,0,350,1,0.019231,1.5916e-7,0.96832
Bprima,1,parada,0.47,0.8,6.8,0.0079,1.105,22,20,12,0,0.9661,0.9799,4.2776,0.0000,1.9815,4.2493,2.5501,5.39745,0.3192,0.001827,0.3561,0.00235,0.00235,0.07649,91,0.0414,banda<=ruido,0,54.0,1,54,0,350,1,0.018519,3.9757e-7,0.98824
Bprima,1,parada,0.47,0.8,6.8,0.0079,1.105,22,20,12,0,0.9797,0.9007,4.2353,0.0000,2.1258,4.2731,1.3070,4.84394,0.3122,0.001770,0.3593,0.00271,0.00271,0.07748,98,0.0398,banda<=ruido,0,57.0,1,57,0,350,1,0.017544,1.9336e-7,0.98671
Bprima,1,parada,0.47,0.8,6.8,0.0079,1.105,22,20,12,0,0.9932,0.9097,4.2789,0.0000,2.1836,4.2768,0.1026,4.46975,0.3037,0.001927,0.3617,0.00300,0.00300,0.07849,101,0.0376,banda<=ruido,0,60.0,1,60,0,350,1,0.016667,2.0140e-7,0.97013
Bprima,1,parada,0.47,0.8,6.8,0.0079,1.105,22,20,12,0,1.0068,0.9710,4.3702,0.0000,2.1712,4.3947,1.0584,4.38263,0.2905,0.001862,0.3640,0.00177,0.00177,0.07794,89,0.0366,banda<=ruido,0,64.0,1,64,0,350,1,0.015625,2.7058e-7,0.97207
Bprima,1,parada,0.47,0.8,6.8,0.0079,1.105,22,20,12,0,1.0203,0.9871,4.3255,0.0000,1.9752,4.1994,2.2408,3.63764,0.2831,0.001861,0.3664,0.00100,0.00100,0.07558,64,0.0349,banda<=ruido,0,68.0,1,68,0,350,1,0.014706,4.6373e-8,0.95949
Bprima,1,parada,0.47,0.8,6.8,0.0079,1.105,22,20,12,0,1.0339,0.9902,4.3684,0.0000,2.0986,4.2907,3.4520,3.32984,0.2815,0.001818,0.3695,0.00443,0.00443,0.07811,105,0.0337,banda<=ruido,0,73.0,1,73,0,400,1,0.013699,1.0045e-6,0.98004
Bprima,1,parada,0.47,0.8,6.8,0.0079,1.105,22,20,12,0,1.0475,0.9998,4.3248,0.0000,2.1071,4.2013,4.5904,3.11804,0.2729,0.001744,0.3719,0.00190,0.00190,0.07789,85,0.0319,banda<=ruido,0,79.0,1,79,0,400,1,0.012658,1.7916e-7,0.99436
Bprima,1,parada,0.47,0.8,6.8,0.0079,1.105,22,20,12,0,1.0610,0.9341,4.3265,0.9928,2.1018,4.1408,5.6595,2.90415,0.2578,0.001707,0.3734,0.00277,0.00277,0.07721,90,0.0316,banda<=ruido,0,85.0,1,85,0,400,1,0.011765,2.4989e-7,0.99413
Bprima,1,parada,0.47,0.8,6.8,0.0079,1.105,22,20,12,0,1.0746,0.9341,4.2826,0.0000,2.1218,4.3160,6.8124,3.18951,0.2551,0.001744,0.3763,0.00450,0.00450,0.07870,111,0.0304,banda<=ruido,0,93.0,1,93,0,400,1,0.010753,7.9356e-7,0.99737
Bprima,1,parada,0.47,0.8,6.8,0.0079,1.105,22,20,12,0,1.0881,0.9097,4.3316,0.0000,2.1591,4.1748,7.9115,2.14870,0.2476,0.001819,0.3781,0.00090,0.00090,0.07854,58,0.0283,banda<=ruido,0,103.0,1,103,0,400,1,0.009709,3.1182e-8,0.91923
Bprima,1,parada,0.47,0.8,6.8,0.0079,1.105,22,20,12,0,1.1017,0.9183,4.3147,0.0000,1.9895,4.2975,8.9980,2.68637,0.2405,0.001764,0.3803,0.00330,0.00330,0.07579,93,0.0273,banda<=ruido,0,113.0,1,113,0,450,1,0.008850,4.9405e-7,0.99011
Bprima,1,parada,0.47,0.8,6.8,0.0079,1.105,22,20,12,0,1.1153,0.9992,4.3411,0.0000,2.1264,4.2549,10.0040,2.07103,0.2250,0.001657,0.3813,0.00263,0.00263,0.07730,90,0.0262,banda<=ruido,0,129.0,1,129,0,400,1,0.007752,5.7739e-7,0.97831
Bprima,1,parada,0.47,0.8,6.8,0.0079,1.105,22,20,12,0,1.1288,0.8242,4.3396,0.0000,2.1637,4.1488,11.0595,1.71521,0.2175,0.001821,0.3830,0.00244,0.00244,0.07761,86,0.0247,banda<=ruido,0,146.0,1,146,0,400,1,0.006849,3.7297e-7,0.96064
Bprima,1,parada,0.47,0.8,6.8,0.0079,1.105,22,20,12,0,1.1424,0.9928,4.3751,0.0000,2.1366,4.1430,12.1331,1.62327,0.2139,0.001733,0.3852,0.00296,0.00296,0.07789,89,0.0240,banda<=ruido,0,171.0,1,171,0,300,1,0.005848,4.9676e-7,0.99901
Bprima,1,parada,0.47,0.8,6.8,0.0079,1.105,22,20,12,0,1.1559,0.9544,4.3113,0.0000,2.2794,4.3601,13.1232,1.41079,0.2019,0.001722,0.3864,0.00310,0.00310,0.07829,99,0.0232,banda<=ruido,0,187.0,1,187,0,250,1,0.005348,1.9918e-7,0.97404
Bprima,1,parada,0.47,0.8,6.8,0.0079,1.105,22,20,12,0,1.1695,0.9756,4.3843,0.0000,2.0997,4.3185,14.1273,1.07700,0.1938,0.001913,0.3881,0.00297,0.00297,0.07768,98,0.0224,banda<=ruido,0,208.0,1,208,0,350,1,0.004808,4.7914e-7,0.97480
Bprima,1,parada,0.47,0.8,6.8,0.0079,1.105,22,20,12,0,1.1831,0.7838,4.3299,0.0000,2.1537,4.1833,15.2164,1.16104,0.1986,0.001798,0.3910,0.00255,0.00255,0.07838,89,0.0212,banda<=ruido,0,242.0,1,242,0,450,1,0.004132,3.3411e-7,0.98220
Bprima,1,parada,0.47,0.8,6.8,0.0079,1.105,22,20,12,0,1.1966,0.9097,4.3483,0.0000,2.1020,4.2120,16.1406,1.09967,0.1868,0.001712,0.3914,0.00303,0.00303,0.07849,91,0.0205,banda<=ruido,0,285.0,1,285,0,550,1,0.003509,5.6297e-7,0.98005
Bprima,1,parada,0.47,0.8,6.8,0.0079,1.105,22,20,12,0,1.2102,0.9982,4.3214,0.8912,2.0748,4.3521,17.1370,1.00196,0.1928,0.001767,0.3932,0.00296,0.00296,0.07713,94,0.0205,banda<=ruido,0,318.0,1,318,0,600,1,0.003145,5.2771e-7,0.99222
Bprima,1,parada,0.47,0.8,6.8,0.0079,1.105,22,20,12,0,1.2237,0.9928,4.2826,0.4420,2.1038,4.1827,17.9069,1.05356,0.1859,0.001848,0.3917,0.00303,0.00303,0.07780,96,0.0212,banda<=ruido,0,324.0,1,324,0,600,1,0.003086,3.6314e-7,0.99118
Bprima,1,parada,0.47,0.8,6.8,0.0079,1.105,22,20,12,0,1.2373,0.9710,4.3984,0.0000,2.1324,4.3627,18.6914,1.36124,0.1988,0.001662,0.3903,0.00400,0.00400,0.07786,105,0.0219,banda<=ruido,0,291.0,1,291,0,500,1,0.003436,8.4389e-7,0.99449
Bprima,1,parada,0.47,0.8,6.8,0.0079,1.105,22,20,12,0,1.2508,0.8709,4.3395,0.0000,2.1803,4.2353,19.3732,1.18859,0.2099,0.001899,0.3876,0.00337,0.00337,0.07802,97,0.0238,banda<=ruido,0,254.0,1,254,0,350,1,0.003937,1.0370e-6,0.99511
Bprima,1,parada,0.47,0.8,6.8,0.0079,1.105,22,20,12,0,1.2644,0.9871,4.3760,0.0000,2.1754,4.1525,19.9892,1.27531,0.2183,0.001856,0.3838,0.00225,0.00225,0.07875,80,0.0250,banda<=ruido,0,241.0,1,241,0,350,1,0.004149,3.1793e-7,0.98275
Bprima,1,parada,0.47,0.8,6.8,0.0079,1.105,22,20,12,0,1.2780,0.9341,4.3169,0.0000,2.1279,4.2933,1.3106,58.81555,0.8362,0.001766,0.1791,0.00149,0.00149,0.07850,82,0.1993,banda<=ruido,0,56.0,1,56,0,350,1,0.017857,1.4804e-7,0.97498
Bprima,1,parada,0.47,0.8,6.8,0.0079,1.105,22,20,12,0,1.2915,0.8366,4.3716,0.0000,2.1348,4.2283,1.5357,59.37118,0.8080,0.001699,0.1751,0.00126,0.00126,0.07710,75,0.2046,banda<=ruido,0,56.0,1,56,0,350,1,0.017857,8.6656e-8,0.97813
Bprima,1,parada,0.47,0.8,6.8,0.0079,1.105,22,20,12,0,1.3051,0.7978,4.3443,0.0000,2.1585,4.0042,1.6846,69.30279,0.7894,0.001470,0.1707,0.00114,0.00114,0.07740,63,0.2096,banda<=ruido,0,56.0,1,56,0,350,1,0.017857,4.0513e-8,0.96810
Bprima,1,parada,0.47,0.8,6.8,0.0079,1.105,22,20,12,0,1.3186,0.9481,4.3642,0.0000,2.0849,4.1472,1.9060,62.98022,0.7617,0.001771,0.1668,0.00125,0.00125,0.07721,71,0.2134,banda<=ruido,0,56.0,1,56,0,350,1,0.017857,8.8297e-8,0.97827
Bprima,1,parada,0.47,0.8,6.8,0.0079,1.105,22,20,12,0,1.3322,0.9998,4.2538,0.9544,2.1034,4.2739,2.1080,56.04335,0.7365,0.001745,0.1628,0.00126,0.00126,0.07800,79,0.2170,banda<=ruido,0,56.0,1,56,0,350,1,0.017857,2.2570e-8,0.96432
Bprima,1,parada,0.47,0.8,6.8,0.0079,1.105,22,20,12,0,1.3458,0.6303,4.3623,0.0000,2.0774,4.0862,2.2529,61.65188,0.7184,0.001671,0.1588,0.00105,0.00105,0.07773,64,0.2208,banda<=ruido,0,56.0,1,56,0,350,1,0.017857,5.4781e-8,0.93279
Bprima,1,parada,0.47,0.8,6.8,0.0079,1.105,22,20,12,0,1.3593,0.9264,4.3577,0.0000,2.1377,4.1981,2.4887,54.16600,0.6889,0.001646,0.1555,0.00078,0.00078,0.07782,54,0.2252,banda<=ruido,0,56.0,1,56,0,350,1,0.017857,2.1489e-8,0.97339
Bprima,1,parada,0.47,0.8,6.8,0.0079,1.105,22,20,12,0,1.3729,0.6098,4.3409,0.0000,2.1348,3.9538,2.6842,56.13315,0.6645,0.001621,0.1520,0.00079,0.00079,0.07768,49,0.2294,banda<=ruido,0,56.0,1,56,0,350,1,0.017857,2.3952e-8,0.94241
Bprima,1,parada,0.47,0.8,6.8,0.0079,1.105,22,20,12,0,1.3864,0.8113,4.3320,0.0000,2.1333,4.0779,2.9273,51.52451,0.6341,0.001722,0.1488,0.00107,0.00107,0.07799,63,0.2326,banda<=ruido,0,56.0,1,56,0,350,1,0.017857,8.9492e-8,0.98435
Bprima,1,parada,0.47,0.8,6.8,0.0079,1.105,22,20,12,0,1.4000,0.9799,4.3036,0.0000,2.1875,4.3099,3.0160,53.87745,0.6230,0.001606,0.1451,0.00105,0.00105,0.07806,74,0.2367,banda<=ruido,0,56.0,1,56,0,350,1,0.017857,6.4300e-8,1.00011
Bprima,5,parada,0.65,0.8,6.8,0.0079,1.105,22,20,12,0,0.6000,0.0000,4.3401,0.0000,1.8821,0.0000,16.6925,0.00000,0.0000,0.000000,0.7800,0.00000,0.00000,0.07812,1,0.0527,banda<=ruido,1,56.0,1,56,0,350,1,0.017857,6.5725e-30,0.98319
Bprima,5,parada,0.65,0.8,6.8,0.0079,1.105,22,20,12,0,0.6136,0.0000,4.3624,0.0000,1.9059,0.0000,16.4757,0.00000,0.0000,0.000000,0.7800,0.00000,0.00000,0.07795,1,0.0527,banda<=ruido,1,56.0,1,56,0,350,1,0.017857,6.5725e-30,0.98319
Bprima,5,parada,0.65,0.8,6.8,0.0079,1.105,22,20,12,0,0.6271,0.0000,4.3735,0.0000,1.8839,0.0000,16.2318,0.00000,0.0000,0.000000,0.7800,0.00000,0.00000,0.07887,1,0.0527,banda<=ruido,1,56.0,1,56,0,350,1,0.017857,6.5725e-30,0.98319
Bprima,5,parada,0.65,0.8,6.8,0.0079,1.105,22,20,12,0,0.6407,0.0000,4.3171,0.0000,1.9095,0.0000,16.0143,0.00000,0.0000,0.000000,0.7800,0.00000,0.00000,0.07843,1,0.0527,banda<=ruido,1,56.0,1,56,0,350,1,0.017857,6.5725e-30,0.98319
Bprima,5,parada,0.65,0.8,6.8,0.0079,1.105,22,20,12,0,0.6542,0.0000,4.3266,0.0000,1.8102,0.0000,15.8730,0.00000,0.0000,0.000000,0.7800,0.00000,0.00000,0.07696,1,0.0527,banda<=ruido,1,64.0,1,64,0,400,1,0.015625,6.5725e-30,0.98319
Bprima,5,parada,0.65,0.8,6.8,0.0079,1.105,22,20,12,0,0.6678,0.9950,4.3772,0.8366,1.8983,4.1445,27.7586,0.00000,0.0000,0.000000,0.5129,0.00415,0.00415,0.07805,101,0.0587,banda<=ruido,0,33.0,1,33,0,650,1,0.030303,7.7617e-7,0.96768
Bprima,5,parada,0.65,0.8,6.8,0.0079,1.105,22,20,12,0,0.6814,0.9871,4.3382,0.0000,1.9047,4.2041,27.3611,2.96480,0.0309,0.001650,0.4932,0.00310,0.00310,0.07721,95,0.0721,banda<=ruido,0,30.0,1,30,0,400,1,0.033333,7.0241e-7,0.97544
Bprima,5,parada,0.65,0.8,6.8,0.0079,1.105,22,20,12,0,0.6949,0.8813,4.3141,0.0000,1.9305,4.2538,27.0480,6.91051,0.0756,0.001721,0.4736,0.00284,0.00284,0.07749,96,0.0884,banda<=ruido,0,29.0,1,29,0,400,1,0.034483,5.6135e-7,0.97047
Bprima,5,parada,0.65,0.8,6.8,0.0079,1.105,22,20,12,0,0.7085,0.9799,4.3790,0.9968,1.8207,4.4609,26.4269,13.89710,0.1442,0.001762,0.4604,0.00276,0.00276,0.07834,105,0.1001,banda<=ruido,0,28.0,1,28,0,400,1,0.035714,5.1581e-7,0.99579
Bprima,5,parada,0.65,0.8,6.8,0.0079,1.105,22,20,12,0,0.7220,0.8600,4.3215,0.0000,1.8099,4.2221,25.9097,19.14120,0.1867,0.001829,0.4462,0.00211,0.00211,0.07791,83,0.1136,banda<=ruido,0,28.0,1,28,0,450,1,0.035714,2.8549e-7,0.98588
Bprima,5,parada,0.65,0.8,6.8,0.0079,1.105,22,20,12,0,0.7356,0.9097,4.3194,0.0000,1.8232,4.1943,25.2435,26.76004,0.2355,0.001647,0.4353,0.00298,0.00298,0.07830,92,0.1237,banda<=ruido,0,28.0,1,28,0,500,1,0.035714,4.1487e-7,0.99175
Bprima,5,parada,0.65,0.8,6.8,0.0079,1.105,22,20,12,0,0.7492,0.8709,4.3531,0.0000,1.9277,4.1934,24.6030,35.68658,0.2688,0.001590,0.4244,0.00292,0.00292,0.07784,93,0.1330,banda<=ruido,0,29.0,1,29,0,500,1,0.034483,5.5502e-7,0.99280
Bprima,5,parada,0.65,0.8,6.8,0.0079,1.105,22,20,12,0,0.7627,0.9950,4.3333,0.0000,1.9256,4.3750,23.8212,34.87141,0.3042,0.001860,0.4168,0.00250,0.00250,0.07809,92,0.1412,banda<=ruido,0,31.0,1,31,0,550,1,0.032258,5.1480e-7,1.00033
Bprima,5,parada,0.65,0.8,6.8,0.0079,1.105,22,20,12,0,0.7763,0.8912,4.3760,0.0000,1.9040,4.2459,22.8571,42.50785,0.3251,0.001761,0.4123,0.00320,0.00320,0.07871,92,0.1465,banda<=ruido,0,41.0,1,41,0,550,1,0.024390,6.5959e-7,0.98468
Bprima,5,parada,0.65,0.8,6.8,0.0079,1.105,22,20,12,0,0.7898,0.8485,4.3503,0.0000,1.8854,4.2273,21.6240,36.69800,0.3146,0.001769,0.4125,0.00258,0.00258,0.07802,88,0.1456,banda<=ruido,0,40.0,1,40,0,500,1,0.025000,3.3023e-7,0.97155
Bprima,5,parada,0.65,0.8,6.8,0.0079,1.105,22,20,12,0,0.8034,0.9756,4.3731,0.0000,1.9552,4.2333,20.2119,31.31824,0.2935,0.001834,0.4159,0.00345,0.00345,0.07816,92,0.1426,banda<=ruido,0,39.0,1,39,0,400,1,0.025641,7.1932e-7,0.99629
Bprima,5,parada,0.65,0.8,6.8,0.0079,1.105,22,20,12,0,0.8169,0.9264,4.3309,0.0000,1.9132,4.2981,18.7505,28.17706,0.2760,0.001702,0.4202,0.00218,0.00218,0.07659,87,0.1374,banda<=ruido,0,39.0,1,39,0,350,1,0.025641,3.3683e-7,0.98525
Bprima,5,parada,0.65,0.8,6.8,0.0079,1.105,22,20,12,0,0.8305,0.7219,4.3863,0.0000,1.9021,4.1118,17.2335,24.92309,0.2682,0.001754,0.4260,0.00218,0.00218,0.07749,87,0.1336,banda<=ruido,0,39.0,1,39,0,350,1,0.025641,2.5878e-7,0.94442
Bprima,5,parada,0.65,0.8,6.8,0.0079,1.105,22,20,12,0,0.8441,0.7219,4.2801,0.0000,1.8880,3.9631,15.8002,19.66777,0.2537,0.001879,0.4309,0.00216,0.00216,0.07787,82,0.1292,banda<=ruido,0,39.0,1,39,0,300,1,0.025641,1.1897e-7,0.96299
Bprima,5,parada,0.65,0.8,6.8,0.0079,1.105,22,20,12,0,0.8576,0.9659,4.3274,0.8113,1.9724,4.3829,14.4720,17.06974,0.2299,0.001863,0.4339,0.00197,0.00197,0.07837,87,0.1257,banda<=ruido,0,40.0,1,40,0,300,1,0.025000,1.0493e-7,0.98156
Bprima,5,parada,0.65,0.8,6.8,0.0079,1.105,22,20,12,0,0.8712,0.9968,4.3187,0.0000,1.9443,4.3431,13.0980,18.16231,0.2154,0.001722,0.4379,0.00386,0.00386,0.07800,100,0.1208,banda<=ruido,0,41.0,1,41,0,300,1,0.024390,7.8593e-7,0.99174
Bprima,5,parada,0.65,0.8,6.8,0.0079,1.105,22,20,12,0,0.8847,0.8709,4.3406,0.0000,1.9029,4.3346,11.8148,12.31868,0.1931,0.001894,0.4408,0.00160,0.00160,0.07830,80,0.1191,banda<=ruido,0,42.0,1,42,0,300,1,0.023810,1.6416e-7,0.96541
Bprima,5,parada,0.65,0.8,6.8,0.0079,1.105,22,20,12,0,0.8983,0.7978,4.3700,0.0000,1.9504,4.1600,10.4892,13.04223,0.1793,0.001647,0.4447,0.00318,0.00318,0.07857,94,0.1143,banda<=ruido,0,44.0,1,44,0,300,1,0.022727,4.4050e-7,0.95849
Bprima,5,parada,0.65,0.8,6.8,0.0079,1.105,22,20,12,0,0.9119,0.9264,4.3212,0.0000,1.9651,4.3648,9.1310,10.00030,0.1728,0.001943,0.4491,0.00280,0.00280,0.07615,97,0.1103,banda<=ruido,0,45.0,1,45,0,300,1,0.022222,4.8760e-7,0.99929
Bprima,5,parada,0.65,0.8,6.8,0.0079,1.105,22,20,12,0,0.9254,0.9928,4.4021,0.0000,1.9129,4.2465,7.8451,10.24188,0.1602,0.001702,0.4527,0.00306,0.00306,0.07758,95,0.1062,banda<=ruido,0,47.0,1,47,0,300,1,0.021277,5.1547e-7,0.97854
Bprima,5,parada,0.65,0.8,6.8,0.0079,1.105,22,20,12,0,0.9390,0.9998,4.2738,0.0000,1.7670,4.3075,6.5797,9.71151,0.1480,0.001555,0.4563,0.00322,0.00322,0.07746,95,0.1049,banda<=ruido,0,49.0,1,49,0,300,1,0.020408,1.0030e-6,0.99455
Bprima,5,parada,0.65,0.8,6.8,0.0079,1.105,22,20,12,0,0.9525,0.9710,4.2878,0.9544,1.8497,4.1559,5.3126,7.84599,0.1388,0.001755,0.4599,0.00429,0.00429,0.07726,101,0.1013,banda<=ruido,0,52.0,1,52,0,350,1,0.019231,1.0020e-6,0.99278
Bprima,5,parada,0.65,0.8,6.8,0.0079,1.105,22,20,12,0,0.9661,0.9799,4.3292,0.0000,1.9532,4.0198,4.0506,5.78832,0.1316,0.001840,0.4642,0.00335,0.00335,0.07850,90,0.0986,banda<=ruido,0,54.0,1,54,0,350,1,0.018519,5.6061e-7,0.98535
Bprima,5,parada,0.65,0.8,6.8,0.0079,1.105,22,20,12,0,0.9797,0.8485,4.3196,0.0000,1.8339,4.2045,2.9217,4.89872,0.1104,0.001792,0.4658,0.00233,0.00233,0.07785,95,0.0962,banda<=ruido,0,57.0,1,57,0,350,1,0.017544,2.8941e-7,0.96140
Bprima,5,parada,0.65,0.8,6.8,0.0079,1.105,22,20,12,0,0.9932,0.8813,4.3395,0.0000,1.9481,4.0108,1.6923,4.96072,0.1042,0.001643,0.4693,0.00297,0.00297,0.07793,89,0.0925,banda<=ruido,0,60.0,1,60,0,350,1,0.016667,2.1215e-7,0.97597
Bprima,5,parada,0.65,0.8,6.8,0.0079,1.105,22,20,12,0,1.0068,0.9982,4.3865,0.0000,1.8312,4.3454,0.4652,4.52873,0.1000,0.001623,0.4731,0.00359,0.00359,0.07874,100,0.0883,banda<=ruido,0,64.0,1,64,0,350,1,0.015625,1.4043e-7,0.98300
Bprima,5,parada,0.65,0.8,6.8,0.0079,1.105,22,20,12,0,1.0203,0.6500,4.3658,0.0000,1.7709,3.9712,0.7265,3.74388,0.0938,0.001769,0.4767,0.00473,0.00473,0.07650,95,0.0869,banda<=ruido,0,68.0,1,68,0,350,1,0.014706,3.2102e-7,0.91935
Bprima,5,parada,0.65,0.8,6.8,0.0079,1.105,22,20,12,0,1.0339,0.8912,4.3590,0.0000,1.8910,4.0251,1.7555,2.76625,0.0694,0.001678,0.4777,0.00187,0.00187,0.07624,77,0.0855,banda<=ruido,0,73.0,1,73,0,400,1,0.013699,1.6310e-7,0.95318
Bprima,5,parada,0.65,0.8,6.8,0.0079,1.105,22,20,12,0,1.0475,0.9982,4.3163,0.0000,1.9393,4.3043,2.9328,2.93430,0.0657,0.001609,0.4811,0.00449,0.00449,0.07543,105,0.0825,banda<=ruido,0,79.0,1,79,0,400,1,0.012658,1.3541e-6,1.00170
Bprima,5,parada,0.65,0.8,6.8,0.0079,1.105,22,20,12,0,1.0610,0.9544,4.4040,0.0000,1.8665,4.4406,4.0926,2.26605,0.0619,0.001690,0.4846,0.00395,0.00395,0.07862,100,0.0794,banda<=ruido,0,85.0,1,85,0,400,1,0.011765,9.1367e-7,1.00239
Bprima,5,parada,0.65,0.8,6.8,0.0079,1.105,22,20,12,0,1.0746,0.9992,4.3433,0.0000,1.8092,4.2753,5.1106,1.67344,0.0424,0.001718,0.4857,0.00293,0.00293,0.07762,97,0.0780,banda<=ruido,0,93.0,1,93,0,400,1,0.010753,4.5851e-7,0.97055
Bprima,5,parada,0.65,0.8,6.8,0.0079,1.105,22,20,12,0,1.0881,0.9982,4.2939,0.0000,1.9463,4.0853,6.2325,1.16742,0.0378,0.001816,0.4892,0.00290,0.00290,0.07743,89,0.0775,banda<=ruido,0,103.0,1,103,0,400,1,0.009709,3.7528e-7,0.96137
Bprima,5,parada,0.65,0.8,6.8,0.0079,1.105,22,20,12,0,1.1017,1.0000,4.2978,0.0000,1.8415,4.1733,7.2513,0.60710,0.0221,0.001864,0.4905,0.00317,0.00317,0.07714,89,0.0754,banda<=ruido,0,113.0,1,113,0,450,1,0.008850,2.7450e-7,0.97528
Bprima,5,parada,0.65,0.8,6.8,0.0079,1.105,22,20,12,0,1.1153,0.8813,4.3555,0.0000,1.8812,4.3467,8.3366,22.23417,0.0172,0.001594,0.4932,0.00428,0.00428,0.07779,106,0.0734,banda<=ruido,0,129.0,1,129,0,400,1,0.007752,7.8603e-7,0.99304
Bprima,5,parada,0.65,0.8,6.8,0.0079,1.105,22,20,12,0,1.1288,0.7978,4.3125,0.0000,1.7694,3.9702,9.4340,0.51209,0.0146,0.001592,0.4966,0.00490,0.00490,0.07652,96,0.0703,banda<=ruido,0,146.0,1,146,0,400,1,0.006849,1.2556e-6,0.99579
Bprima,5,parada,0.65,0.8,6.8,0.0079,1.105,22,20,12,0,1.1424,0.9950,4.3433,0.0000,1.8803,4.2627,10.4335,17.13040,0.0066,0.000941,0.4980,0.00516,0.00516,0.07700,100,0.0690,banda<=ruido,0,171.0,1,171,0,300,1,0.005848,1.1730e-6,0.97427
Bprima,5,parada,0.65,0.8,6.8,0.0079,1.105,22,20,12,0,1.1559,0.8600,4.3331,0.0000,1.8891,4.2497,11.4221,1.20843,0.0003,0.000185,0.4994,0.00257,0.00257,0.07634,82,0.0683,banda<=ruido,0,187.0,1,187,0,250,1,0.005348,4.1728e-7,0.99592
Bprima,5,parada,0.65,0.8,6.8,0.0079,1.105,22,20,12,0,1.1695,0.9998,4.2964,0.0000,1.9183,4.2416,12.4925,10.32531,0.0011,0.000458,0.5026,0.00367,0.00367,0.07853,99,0.0672,banda<=ruido,0,208.0,1,208,0,350,1,0.004808,9.0162e-7,0.96079
Bprima,5,parada,0.65,0.8,6.8,0.0079,1.105,22,20,12,0,1.1831,0.9413,4.2320,0.0000,1.7995,4.0696,13.4720,0.00000,0.0000,0.000000,0.5039,0.00430,0.00430,0.07838,98,0.0638,banda<=ruido,0,242.0,1,242,0,450,1,0.004132,1.6378e-7,0.97008
Bprima,5,parada,0.65,0.8,6.8,0.0079,1.105,22,20,12,0,1.1966,0.9799,4.2682,0.0000,1.9438,4.3707,14.4683,0.04316,0.0000,0.000001,0.5065,0.00349,0.00349,0.07804,99,0.0628,banda<=ruido,0,285.0,1,285,0,550,1,0.003509,1.0422e-6,1.00062
Bprima,5,parada,0.65,0.8,6.8,0.0079,1.105,22,20,12,0,1.2102,0.9604,4.3230,0.0000,1.7896,4.2474,15.3710,0.00000,0.0000,0.000000,0.5066,0.00317,0.00317,0.07797,95,0.0615,banda<=ruido,0,318.0,1,318,0,600,1,0.003145,6.6031e-7,0.95970
Bprima,5,parada,0.65,0.8,6.8,0.0079,1.105,22,20,12,0,1.2237,1.0000,4.2973,0.0000,1.9580,4.3357,16.2278,1.62535,0.0001,0.000034,0.5061,0.00475,0.00475,0.07827,107,0.0611,banda<=ruido,0,324.0,1,324,0,600,1,0.003086,1.2605e-6,0.96290
Bprima,5,parada,0.65,0.8,6.8,0.0079,1.105,22,20,12,0,1.2373,0.9950,4.2558,0.0000,1.9174,4.2074,16.9468,0.00000,0.0000,0.000000,0.5030,0.00325,0.00325,0.07770,94,0.0647,banda<=ruido,0,291.0,1,291,0,500,1,0.003436,3.4628e-7,0.99404
Bprima,5,parada,0.65,0.8,6.8,0.0079,1.105,22,20,12,0,1.2508,0.9950,4.3196,0.0000,1.8036,4.3006,17.6339,9.94250,0.0013,0.000460,0.4997,0.00309,0.00309,0.07752,93,0.0679,banda<=ruido,0,254.0,1,254,0,350,1,0.003937,4.9036e-7,0.97517
Bprima,5,parada,0.65,0.8,6.8,0.0079,1.105,22,20,12,0,1.2644,0.9982,4.3115,0.0000,1.9227,4.4380,18.3724,4.48251,0.0165,0.001483,0.4971,0.00376,0.00376,0.07883,104,0.0688,banda<=ruido,0,241.0,1,241,0,350,1,0.004149,5.9161e-7,0.99510
Bprima,5,parada,0.65,0.8,6.8,0.0079,1.105,22,20,12,0,1.2780,0.9007,4.3620,0.0000,1.9371,4.2145,0.4011,125.00844,0.9499,0.001795,0.2394,0.00183,0.00183,0.07871,80,0.3300,banda<=ruido,0,56.0,1,56,0,350,1,0.017857,1.6528e-7,0.96651
Bprima,5,parada,0.65,0.8,6.8,0.0079,1.105,22,20,12,0,1.2915,0.9871,4.2654,0.0000,1.8790,4.2505,0.6819,120.09773,0.9148,0.001700,0.2345,0.00205,0.00205,0.07854,84,0.3374,banda<=ruido,0,56.0,1,56,0,350,1,0.017857,2.5374e-7,1.00105
Bprima,5,parada,0.65,0.8,6.8,0.0079,1.105,22,20,12,0,1.3051,0.9902,4.3737,0.0000,1.8818,4.4122,0.8755,1683.17681,0.8906,0.001882,0.2287,0.00166,0.00166,0.07743,84,0.3427,banda<=ruido,0,56.0,1,56,0,350,1,0.017857,2.1582e-7,0.99187
Bprima,5,parada,0.65,0.8,6.8,0.0079,1.105,22,20,12,0,1.3186,0.9982,4.3898,0.0000,1.8995,4.1500,1.0820,1533.98258,0.8648,0.001703,0.2235,0.00175,0.00175,0.07738,79,0.3487,banda<=ruido,0,56.0,1,56,0,350,1,0.017857,1.8035e-7,0.99652
Bprima,5,parada,0.65,0.8,6.8,0.0079,1.105,22,20,12,0,1.3322,0.9968,4.2660,0.8242,1.8818,4.4240,1.3236,114.09683,0.8346,0.001772,0.2187,0.00159,0.00159,0.07720,88,0.3544,banda<=ruido,0,56.0,1,56,0,350,1,0.017857,1.8908e-7,0.99468
Bprima,5,parada,0.65,0.8,6.8,0.0079,1.105,22,20,12,0,1.3458,0.7978,4.3880,0.0000,1.9472,4.0527,1.4680,118.83258,0.8165,0.001617,0.2132,0.00106,0.00106,0.07821,65,0.3605,banda<=ruido,0,56.0,1,56,0,350,1,0.017857,5.2127e-8,0.98849
Bprima,5,parada,0.65,0.8,6.8,0.0079,1.105,22,20,12,0,1.3593,0.7383,4.3176,0.0000,1.9199,4.1080,1.7750,95.07140,0.7781,0.001869,0.2092,0.00218,0.00218,0.07706,89,0.3653,banda<=ruido,0,56.0,1,56,0,350,1,0.017857,2.0547e-7,0.98074
Bprima,5,parada,0.65,0.8,6.8,0.0079,1.105,22,20,12,0,1.3729,0.7978,4.3816,0.0000,1.8813,4.0109,1.8917,97.68372,0.7635,0.001822,0.2042,0.00169,0.00169,0.07751,71,0.3719,banda<=ruido,0,56.0,1,56,0,350,1,0.017857,1.5990e-7,1.00059
Bprima,5,parada,0.65,0.8,6.8,0.0079,1.105,22,20,12,0,1.3864,0.9341,4.3222,0.0000,1.9083,4.3235,2.1062,93.86300,0.7367,0.001841,0.1997,0.00151,0.00151,0.07818,79,0.3765,banda<=ruido,0,56.0,1,56,0,350,1,0.017857,2.0345e-7,0.98933
Bprima,5,parada,0.65,0.8,6.8,0.0079,1.105,22,20,12,0,1.4000,0.8709,4.3155,0.0000,1.9095,4.2975,2.3536,119.53199,0.7058,0.001488,0.1957,0.00081,0.00081,0.07878,59,0.3811,banda<=ruido,0,56.0,1,56,0,350,1,0.017857,4.3008e-8,0.95625
Bprima,9,parada,0.3,0.8,6.8,0.0079,1.105,22,20,16,0,0.6000,0.0000,4.3494,0.0000,2.5483,0.0000,10.4872,0.00000,0.0000,0.000000,0.3600,0.00000,0.00000,0.07783,1,0.0128,banda<=ruido,1,56.0,1,56,0,350,1,0.017857,5.4794e-32,0.98192
Bprima,9,parada,0.3,0.8,6.8,0.0079,1.105,22,20,16,0,0.6136,0.0000,4.2965,0.0000,2.5444,0.0000,10.2375,0.00000,0.0000,0.000000,0.3600,0.00000,0.00000,0.07841,1,0.0128,banda<=ruido,1,56.0,1,56,0,350,1,0.017857,5.4794e-32,0.98192
Bprima,9,parada,0.3,0.8,6.8,0.0079,1.105,22,20,16,0,0.6271,0.0000,4.3496,0.0000,2.5493,0.0000,10.0342,0.00000,0.0000,0.000000,0.3600,0.00000,0.00000,0.07825,1,0.0128,banda<=ruido,1,56.0,1,56,0,350,1,0.017857,5.4794e-32,0.98192
Bprima,9,parada,0.3,0.8,6.8,0.0079,1.105,22,20,16,0,0.6407,0.0000,4.3179,0.0000,2.5399,0.0000,9.7682,0.00000,0.0000,0.000000,0.3600,0.00000,0.00000,0.07647,1,0.0128,banda<=ruido,1,56.0,1,56,0,350,1,0.017857,5.4794e-32,0.98192
Bprima,9,parada,0.3,0.8,6.8,0.0079,1.105,22,20,16,0,0.6542,0.0000,4.3077,0.0000,2.5295,0.0000,9.5309,0.00000,0.0000,0.000000,0.3600,0.00000,0.00000,0.07862,1,0.0128,banda<=ruido,1,64.0,1,64,0,400,1,0.015625,5.4794e-32,0.98192
Bprima,9,parada,0.3,0.8,6.8,0.0079,1.105,22,20,16,0,0.6678,0.9007,4.3144,0.0000,2.5769,4.1530,24.1954,1.47559,0.4031,0.001700,0.2652,0.00202,0.00202,0.07846,86,0.0044,banda<=ruido,0,33.0,1,33,0,650,1,0.030303,1.3896e-7,0.95698
Bprima,9,parada,0.3,0.8,6.8,0.0079,1.105,22,20,16,0,0.6814,0.7383,4.2703,0.0000,2.5707,4.0774,23.8624,2.86958,0.4683,0.001757,0.2506,0.00135,0.00135,0.07759,69,0.0087,banda<=ruido,0,30.0,1,30,0,400,1,0.033333,8.4189e-8,0.99070
Bprima,9,parada,0.3,0.8,6.8,0.0079,1.105,22,20,16,0,0.6949,0.7838,4.3823,0.0000,2.5681,3.9048,23.5271,6.09712,0.5158,0.001591,0.2373,0.00365,0.00365,0.07729,78,0.0132,banda<=ruido,0,29.0,1,29,0,400,1,0.034483,4.5314e-7,0.97827
Bprima,9,parada,0.3,0.8,6.8,0.0079,1.105,22,20,16,0,0.7085,0.9544,4.3792,0.0000,2.5724,4.4502,23.0361,7.14770,0.5680,0.001937,0.2270,0.00084,0.00084,0.07811,63,0.0187,banda<=ruido,0,28.0,1,28,0,400,1,0.035714,5.6205e-8,0.96225
Bprima,9,parada,0.3,0.8,6.8,0.0079,1.105,22,20,16,0,0.7220,0.9950,4.3404,0.0000,2.5789,4.4448,22.4601,10.80105,0.6179,0.001823,0.2185,0.00235,0.00235,0.07697,98,0.0233,banda<=ruido,0,28.0,1,28,0,450,1,0.035714,5.1932e-7,0.97902
Bprima,9,parada,0.3,0.8,6.8,0.0079,1.105,22,20,16,0,0.7356,0.9799,4.3789,0.0000,2.5771,4.3463,21.9069,25.45226,0.6526,0.001609,0.2098,0.00220,0.00220,0.07835,95,0.0270,banda<=ruido,0,28.0,1,28,0,500,1,0.035714,3.9301e-7,0.99876
Bprima,9,parada,0.3,0.8,6.8,0.0079,1.105,22,20,16,0,0.7492,0.7692,4.3220,0.0000,2.5627,4.0447,21.2860,16.85600,0.6834,0.001624,0.2026,0.00169,0.00169,0.07792,81,0.0309,banda<=ruido,0,29.0,1,29,0,500,1,0.034483,6.9821e-8,0.97899
Bprima,9,parada,0.3,0.8,6.8,0.0079,1.105,22,20,16,0,0.7627,0.7049,4.2862,0.0000,2.5616,4.1104,20.6305,17.01889,0.7030,0.001821,0.1964,0.00148,0.00148,0.07837,79,0.0354,banda<=ruido,0,31.0,1,31,0,550,1,0.032258,1.4095e-7,0.99353
Bprima,9,parada,0.3,0.8,6.8,0.0079,1.105,22,20,16,0,0.7763,0.9928,4.3518,0.0000,2.5780,4.2964,19.6478,19.18511,0.7263,0.001630,0.1937,0.00192,0.00192,0.07714,87,0.0369,banda<=ruido,0,41.0,1,41,0,550,1,0.024390,2.4753e-7,0.98467
Bprima,9,parada,0.3,0.8,6.8,0.0079,1.105,22,20,16,0,0.7898,0.8242,4.4146,0.0000,2.5742,4.0339,18.4036,17.89982,0.7172,0.001662,0.1939,0.00171,0.00171,0.07727,78,0.0363,banda<=ruido,0,40.0,1,40,0,500,1,0.025000,6.7400e-8,0.98098
Bprima,9,parada,0.3,0.8,6.8,0.0079,1.105,22,20,16,0,0.8034,0.8600,4.3426,0.0000,2.5807,4.0298,16.8972,13.64142,0.7079,0.001800,0.1972,0.00179,0.00179,0.07769,74,0.0347,banda<=ruido,0,39.0,1,39,0,400,1,0.025641,9.2247e-8,0.97249
Bprima,9,parada,0.3,0.8,6.8,0.0079,1.105,22,20,16,0,0.8169,0.9481,4.2864,0.8813,2.5491,4.2695,15.4378,13.43256,0.6901,0.001900,0.2000,0.00240,0.00240,0.07865,93,0.0332,banda<=ruido,0,39.0,1,39,0,350,1,0.025641,3.3116e-7,0.97116
Bprima,9,parada,0.3,0.8,6.8,0.0079,1.105,22,20,16,0,0.8305,0.9799,4.3765,0.0000,2.5369,4.3720,13.9917,15.66924,0.6734,0.001714,0.2028,0.00168,0.00168,0.07786,84,0.0309,banda<=ruido,0,39.0,1,39,0,350,1,0.025641,2.2399e-7,0.99243
Bprima,9,parada,0.3,0.8,6.8,0.0079,1.105,22,20,16,0,0.8441,0.9544,4.3996,0.0000,2.5674,4.2318,12.4825,9.20099,0.6685,0.001908,0.2066,0.00141,0.00141,0.07614,75,0.0295,banda<=ruido,0,39.0,1,39,0,300,1,0.025641,1.1945e-7,0.95067
Bprima,9,parada,0.3,0.8,6.8,0.0079,1.105,22,20,16,0,0.8576,0.9992,4.3462,0.0000,2.5689,4.1333,11.1163,9.96388,0.6494,0.001754,0.2091,0.00244,0.00244,0.07856,88,0.0278,banda<=ruido,0,40.0,1,40,0,300,1,0.025000,4.4261e-7,0.98839
Bprima,9,parada,0.3,0.8,6.8,0.0079,1.105,22,20,16,0,0.8712,0.8366,4.3109,0.1687,2.5780,4.2020,9.7161,7.10669,0.6382,0.001915,0.2121,0.00154,0.00154,0.07778,73,0.0263,banda<=ruido,0,41.0,1,41,0,300,1,0.024390,9.0036e-8,0.94948
Bprima,9,parada,0.3,0.8,6.8,0.0079,1.105,22,20,16,0,0.8847,0.8242,4.3741,0.0000,2.5521,4.1632,8.3010,7.90397,0.6323,0.001650,0.2154,0.00184,0.00184,0.07846,81,0.0244,banda<=ruido,0,42.0,1,42,0,300,1,0.023810,2.0889e-7,0.99508
Bprima,9,parada,0.3,0.8,6.8,0.0079,1.105,22,20,16,0,0.8983,0.9992,4.2596,0.0000,2.5468,4.1475,6.9780,6.11311,0.6182,0.001749,0.2177,0.00274,0.00274,0.07692,89,0.0228,banda<=ruido,0,44.0,1,44,0,300,1,0.022727,6.4978e-8,0.94891
Bprima,9,parada,0.3,0.8,6.8,0.0079,1.105,22,20,16,0,0.9119,0.9837,4.3612,0.0000,2.5724,3.9685,5.6448,6.01741,0.6086,0.001656,0.2207,0.00256,0.00256,0.07738,85,0.0219,banda<=ruido,0,45.0,1,45,0,300,1,0.022222,3.8902e-7,0.99077
Bprima,9,parada,0.3,0.8,6.8,0.0079,1.105,22,20,16,0,0.9254,0.9799,4.3449,0.0000,2.5600,4.1455,4.3964,6.73921,0.5913,0.001705,0.2226,0.00153,0.00153,0.07627,75,0.0202,banda<=ruido,0,47.0,1,47,0,300,1,0.021277,1.3217e-7,0.98118
Bprima,9,parada,0.3,0.8,6.8,0.0079,1.105,22,20,16,0,0.9390,0.9837,4.3666,0.0000,2.5638,4.2651,3.1598,5.08473,0.5755,0.001595,0.2245,0.00243,0.00243,0.07812,90,0.0195,banda<=ruido,0,49.0,1,49,0,300,1,0.020408,4.2855e-7,0.98589
Bprima,9,parada,0.3,0.8,6.8,0.0079,1.105,22,20,16,0,0.9525,0.9799,4.4008,0.8600,2.5826,3.6319,1.9317,3.67198,0.5614,0.001830,0.2269,0.00300,0.00300,0.07875,79,0.0185,banda<=ruido,0,52.0,1,52,0,350,1,0.019231,4.2436e-7,0.97616
Bprima,9,parada,0.3,0.8,6.8,0.0079,1.105,22,20,16,0,0.9661,0.9007,4.3399,0.0000,2.5734,4.1886,0.5819,3.45131,0.5652,0.001772,0.2303,0.00102,0.00102,0.07662,64,0.0169,banda<=ruido,0,54.0,1,54,0,350,1,0.018519,4.8898e-8,0.98123
Bprima,9,parada,0.3,0.8,6.8,0.0079,1.105,22,20,16,0,0.9797,0.9659,4.3783,0.0000,2.5802,4.1059,0.5721,2.71597,0.5471,0.001911,0.2320,0.00131,0.00131,0.07757,67,0.0166,banda<=ruido,0,57.0,1,57,0,350,1,0.017544,1.1260e-7,0.98642
Bprima,9,parada,0.3,0.8,6.8,0.0079,1.105,22,20,16,0,0.9932,0.9871,4.3060,0.0000,2.5437,4.1519,1.8199,2.83850,0.5432,0.001661,0.2345,0.00247,0.00247,0.07721,91,0.0150,banda<=ruido,0,60.0,1,60,0,350,1,0.016667,1.8155e-7,0.97372
Bprima,9,parada,0.3,0.8,6.8,0.0079,1.105,22,20,16,0,1.0068,0.9659,4.3518,0.0000,2.5547,3.9910,2.9658,2.15090,0.5289,0.001819,0.2363,0.00148,0.00148,0.07610,74,0.0144,banda<=ruido,0,64.0,1,64,0,350,1,0.015625,4.9642e-8,0.97537
Bprima,9,parada,0.3,0.8,6.8,0.0079,1.105,22,20,16,0,1.0203,1.0000,4.3796,0.0000,2.5513,4.3518,4.1440,2.38883,0.5210,0.001707,0.2384,0.00139,0.00139,0.07793,79,0.0135,banda<=ruido,0,68.0,1,68,0,350,1,0.014706,1.1267e-7,0.98871
Bprima,9,parada,0.3,0.8,6.8,0.0079,1.105,22,20,16,0,1.0339,0.9659,4.3724,0.5197,2.5701,4.1998,5.3129,2.01613,0.5141,0.001739,0.2406,0.00227,0.00227,0.07885,89,0.0127,banda<=ruido,0,73.0,1,73,0,400,1,0.013699,3.2838e-7,0.98177
Bprima,9,parada,0.3,0.8,6.8,0.0079,1.105,22,20,16,0,1.0475,0.9544,4.4057,0.0000,2.5647,4.3045,6.4724,1.98713,0.5082,0.001653,0.2430,0.00200,0.00200,0.07586,88,0.0119,banda<=ruido,0,79.0,1,79,0,400,1,0.012658,1.2833e-7,0.98274
Bprima,9,parada,0.3,0.8,6.8,0.0079,1.105,22,20,16,0,1.0610,0.9756,4.3473,0.0000,2.5682,4.2720,7.5685,1.61350,0.4964,0.001556,0.2444,0.00305,0.00305,0.07881,95,0.0108,banda<=ruido,0,85.0,1,85,0,400,1,0.011765,3.5031e-7,0.97648
Bprima,9,parada,0.3,0.8,6.8,0.0079,1.105,22,20,16,0,1.0746,0.9928,4.3520,0.0000,2.5428,4.1745,8.6285,1.36878,0.4821,0.001873,0.2457,0.00218,0.00218,0.07816,87,0.0108,banda<=ruido,0,93.0,1,93,0,400,1,0.010753,2.1059e-7,0.97994
Bprima,9,parada,0.3,0.8,6.8,0.0079,1.105,22,20,16,0,1.0881,0.7692,4.3788,0.0000,2.5783,4.1029,9.7828,1.10131,0.4816,0.001829,0.2485,0.00237,0.00237,0.07847,87,0.0098,banda<=ruido,0,103.0,1,103,0,400,1,0.009709,1.6675e-7,0.97589
Bprima,9,parada,0.3,0.8,6.8,0.0079,1.105,22,20,16,0,1.1017,0.9928,4.3776,0.0000,2.5376,4.4395,10.8976,0.90105,0.4779,0.001910,0.2506,0.00209,0.00209,0.07681,90,0.0090,banda<=ruido,0,113.0,1,113,0,450,1,0.008850,3.1274e-7,1.00148
Bprima,9,parada,0.3,0.8,6.8,0.0079,1.105,22,20,16,0,1.1153,0.9659,4.3353,0.0000,2.5789,4.3230,11.8962,0.83711,0.4615,0.001828,0.2515,0.00209,0.00209,0.07775,92,0.0088,banda<=ruido,0,129.0,1,129,0,400,1,0.007752,3.0424e-7,0.99319
Bprima,9,parada,0.3,0.8,6.8,0.0079,1.105,22,20,16,0,1.1288,0.9710,4.2936,0.7219,2.5539,4.3963,13.0349,0.91118,0.4644,0.001682,0.2540,0.00182,0.00182,0.07872,84,0.0078,banda<=ruido,0,146.0,1,146,0,400,1,0.006849,2.4742e-7,0.98842
Bprima,9,parada,0.3,0.8,6.8,0.0079,1.105,22,20,16,0,1.1424,0.9992,4.3306,0.0000,2.5458,4.3133,14.0706,0.85556,0.4561,0.001535,0.2556,0.00167,0.00167,0.07743,88,0.0071,banda<=ruido,0,171.0,1,171,0,300,1,0.005848,1.8423e-7,0.98488
Bprima,9,parada,0.3,0.8,6.8,0.0079,1.105,22,20,16,0,1.1559,0.9928,4.3705,0.0000,2.5683,4.1706,15.1410,0.60375,0.4541,0.001752,0.2581,0.00355,0.00355,0.07697,97,0.0071,banda<=ruido,0,187.0,1,187,0,250,1,0.005348,1.2513e-7,0.96390
Bprima,9,parada,0.3,0.8,6.8,0.0079,1.105,22,20,16,0,1.1695,0.9928,4.3216,0.0000,2.5585,4.3895,16.0952,0.48896,0.4398,0.001955,0.2585,0.00266,0.00266,0.07775,92,0.0065,banda<=ruido,0,208.0,1,208,0,350,1,0.004808,4.5005e-7,0.97564
Bprima,9,parada,0.3,0.8,6.8,0.0079,1.105,22,20,16,0,1.1831,0.9710,4.3411,0.0000,2.5126,4.0599,17.1342,0.54145,0.4384,0.001623,0.2604,0.00267,0.00267,0.07655,91,0.0058,banda<=ruido,0,242.0,1,242,0,450,1,0.004132,3.6737e-7,0.99681
Bprima,9,parada,0.3,0.8,6.8,0.0079,1.105,22,20,16,0,1.1966,0.9799,4.2895,0.0000,2.5620,4.3949,18.0901,0.47539,0.4305,0.001854,0.2614,0.00314,0.00314,0.07837,90,0.0056,banda<=ruido,0,285.0,1,285,0,550,1,0.003509,7.7968e-7,0.99848
Bprima,9,parada,0.3,0.8,6.8,0.0079,1.105,22,20,16,0,1.2102,0.9998,4.2577,0.0000,2.5556,4.3357,19.0565,0.47586,0.4328,0.001651,0.2624,0.00269,0.00269,0.07873,96,0.0056,banda<=ruido,0,318.0,1,318,0,600,1,0.003145,4.8653e-7,0.97056
Bprima,9,parada,0.3,0.8,6.8,0.0079,1.105,22,20,16,0,1.2237,0.9097,4.3464,0.0000,2.5584,4.1842,19.8778,0.42749,0.4323,0.001727,0.2617,0.00311,0.00311,0.07846,90,0.0057,banda<=ruido,0,324.0,1,324,0,600,1,0.003086,5.7387e-7,0.99896
Bprima,9,parada,0.3,0.8,6.8,0.0079,1.105,22,20,16,0,1.2373,0.9902,4.2779,0.0000,2.5539,4.3667,20.6254,0.42617,0.4405,0.001868,0.2601,0.00223,0.00223,0.07882,86,0.0061,banda<=ruido,0,291.0,1,291,0,500,1,0.003436,3.1003e-7,1.00057
Bprima,9,parada,0.3,0.8,6.8,0.0079,1.105,22,20,16,0,1.2508,0.9928,4.2702,0.0000,2.5428,4.3186,21.2622,0.56478,0.4460,0.001767,0.2566,0.00340,0.00340,0.07463,97,0.0065,banda<=ruido,0,254.0,1,254,0,350,1,0.003937,8.4106e-7,0.98745
Bprima,9,parada,0.3,0.8,6.8,0.0079,1.105,22,20,16,0,1.2644,0.9604,4.2904,0.9659,2.5529,4.2634,21.9192,0.59070,0.4595,0.001875,0.2540,0.00293,0.00293,0.07845,92,0.0077,banda<=ruido,0,241.0,1,241,0,350,1,0.004149,2.1998e-7,0.96235
Bprima,9,parada,0.3,0.8,6.8,0.0079,1.105,22,20,16,0,1.2780,0.9183,4.3413,0.0000,2.5724,4.0539,2.6363,22.43914,0.6705,0.001823,0.0886,0.00099,0.00099,0.07812,61,0.1203,banda<=ruido,0,56.0,1,56,0,350,1,0.017857,1.6223e-8,0.99475
Bprima,9,parada,0.3,0.8,6.8,0.0079,1.105,22,20,16,0,1.2915,0.9998,4.3136,0.0000,2.5317,4.4642,2.8576,29.00985,0.6428,0.001588,0.0859,0.00064,0.00064,0.07711,56,0.1234,banda<=ruido,0,56.0,1,56,0,350,1,0.017857,3.6556e-8,0.98621
Bprima,9,parada,0.3,0.8,6.8,0.0079,1.105,22,20,16,0,1.3051,0.9998,4.3838,0.0000,2.5520,4.2489,2.9943,24.75534,0.6257,0.001673,0.0830,0.00044,0.00044,0.07662,40,0.1261,banda<=ruido,0,56.0,1,56,0,350,1,0.017857,2.1572e-8,0.99915
Bprima,9,parada,0.3,0.8,6.8,0.0079,1.105,22,20,16,0,1.3186,1.0000,4.2816,0.0000,2.5129,4.2169,3.1824,23.64823,0.6022,0.001643,0.0804,0.00124,0.00124,0.07740,73,0.1287,banda<=ruido,0,56.0,1,56,0,350,1,0.017857,2.3797e-8,0.95105
Bprima,9,parada,0.3,0.8,6.8,0.0079,1.105,22,20,16,0,1.3322,0.9982,4.3162,0.0000,2.5751,4.3300,3.4083,23.35928,0.5740,0.001733,0.0779,0.00093,0.00093,0.07820,70,0.1309,banda<=ruido,0,56.0,1,56,0,350,1,0.017857,7.2132e-8,0.98351
Bprima,9,parada,0.3,0.8,6.8,0.0079,1.105,22,20,16,0,1.3458,0.9837,4.2995,0.0000,2.5314,4.2941,3.5430,23.92037,0.5571,0.001801,0.0753,0.00061,0.00061,0.07647,50,0.1332,banda<=ruido,0,56.0,1,56,0,350,1,0.017857,2.7918e-8,0.99842
Bprima,9,parada,0.3,0.8,6.8,0.0079,1.105,22,20,16,0,1.3593,0.8813,4.2392,0.0000,2.5050,4.1707,3.6894,20.06478,0.5388,0.001839,0.0729,0.00057,0.00057,0.07672,46,0.1355,banda<=ruido,0,56.0,1,56,0,350,1,0.017857,1.3112e-8,0.95793
Bprima,9,parada,0.3,0.8,6.8,0.0079,1.105,22,20,16,0,1.3729,0.8242,4.3315,0.0000,2.5237,4.0845,3.8618,18.41203,0.5173,0.001976,0.0706,0.00073,0.00073,0.07814,54,0.1379,banda<=ruido,0,56.0,1,56,0,350,1,0.017857,2.3924e-8,0.97585
Bprima,9,parada,0.3,0.8,6.8,0.0079,1.105,22,20,16,0,1.3864,0.9710,4.2921,0.0000,2.5611,4.2988,3.9883,135.74515,0.5015,0.001699,0.0683,0.00050,0.00050,0.07809,46,0.1402,banda<=ruido,0,56.0,1,56,0,350,1,0.017857,1.5654e-8,0.99335
Bprima,9,parada,0.3,0.8,6.8,0.0079,1.105,22,20,16,0,1.4000,0.9183,4.3849,0.0000,2.5683,4.0406,4.1778,16.29871,0.4778,0.001996,0.0662,0.00035,0.00035,0.07848,28,0.1418,banda<=ruido,0,56.0,1,56,0,350,1,0.017857,3.6801e-9,0.96914
