D,2,parada,0.47,0.94,6.8,0.0079,1.105,25,20,16,0,0.6000,0.0000,4.3530,0.0000,1.9939,0.0000,12.5734,0.00000,0.0000,0.000000,0.5640,0.00000,0.00000,0.07730,1,0.0295,banda<=ruido,1,56.0,1,56,0,350,1,0.017857,1.2418e-31,0.97858
D,2,parada,0.47,0.94,6.8,0.0079,1.105,25,20,16,0,0.6136,0.0000,4.3577,0.0000,1.9900,0.0000,12.4074,0.00000,0.0000,0.000000,0.5640,0.00000,0.00000,0.07811,1,0.0295,banda<=ruido,1,56.0,1,56,0,350,1,0.017857,1.2418e-31,0.97858
D,2,parada,0.47,0.94,6.8,0.0079,1.105,25,20,16,0,0.6271,0.0000,4.3640,0.0000,1.9835,0.0000,12.3043,0.00000,0.0000,0.000000,0.5640,0.00000,0.00000,0.07824,1,0.0295,banda<=ruido,1,56.0,1,56,0,350,1,0.017857,1.2418e-31,0.97858
D,2,parada,0.47,0.94,6.8,0.0079,1.105,25,20,16,0,0.6407,0.0000,4.2532,0.0000,1.9807,0.0000,12.1688,0.00000,0.0000,0.000000,0.5640,0.00000,0.00000,0.07753,1,0.0295,banda<=ruido,1,56.0,1,56,0,350,1,0.017857,1.2418e-31,0.97858
D,2,parada,0.47,0.94,6.8,0.0079,1.105,25,20,16,0,0.6542,0.0000,4.3030,0.0000,1.9357,0.0000,11.9562,0.00000,0.0000,0.000000,0.5640,0.00000,0.00000,0.07524,1,0.0295,banda<=ruido,1,56.0,1,56,0,350,1,0.017857,1.2418e-31,0.97858
D,2,parada,0.47,0.94,6.8,0.0079,1.105,25,20,16,0,0.6678,0.0000,4.3407,0.0000,1.9816,0.0000,11.8408,0.00000,0.0000,0.000000,0.5640,0.00000,0.00000,0.07809,1,0.0295,banda<=ruido,1,56.0,1,56,0,350,1,0.017857,1.2418e-31,0.97858
D,2,parada,0.47,0.94,6.8,0.0079,1.105,25,20,16,0,0.6814,0.0000,4.3249,0.0000,1.9877,0.0000,11.7126,0.00000,0.0000,0.000000,0.5640,0.00000,0.00000,0.07788,1,0.0295,banda<=ruido,1,59.0,1,59,0,350,1,0.016949,1.2418e-31,0.97858
D,2,parada,0.47,0.94,6.8,0.0079,1.105,25,20,16,0,0.6949,0.0000,4.3529,0.0000,1.9925,0.0000,11.5325,0.00000,0.0000,0.000000,0.5640,0.00000,0.00000,0.07840,1,0.0295,banda<=ruido,1,103.0,1,103,0,600,1,0.009709,1.2418e-31,0.97858
D,2,parada,0.47,0.94,6.8,0.0079,1.105,25,20,16,0,0.7085,0.9950,4.2653,0.0000,1.9925,4.1785,25.1222,19.28400,0.3346,0.001722,0.3180,0.00345,0.00345,0.07842,95,0.0695,banda<=ruido,0,31.0,1,31,0,400,1,0.032258,4.8547e-7,0.98519
D,2,parada,0.47,0.94,6.8,0.0079,1.105,25,20,16,0,0.7220,0.9902,4.3853,0.0000,1.9972,4.2202,24.8295,24.74727,0.3782,0.001814,0.3014,0.00321,0.00321,0.07861,93,0.0840,banda<=ruido,0,29.0,1,29,0,400,1,0.034483,6.3033e-7,0.97510
D,2,parada,0.47,0.94,6.8,0.0079,1.105,25,20,16,0,0.7356,0.9413,4.3240,0.0000,1.9407,4.1816,24.3957,28.96297,0.4253,0.001944,0.2883,0.00365,0.00365,0.07494,94,0.0957,banda<=ruido,0,28.0,1,28,0,400,1,0.035714,3.0167e-7,0.98043
D,2,parada,0.47,0.94,6.8,0.0079,1.105,25,20,16,0,0.7492,0.8366,4.2956,0.0000,1.9878,4.1213,23.9314,35.27016,0.4637,0.001790,0.2759,0.00239,0.00239,0.07711,85,0.1052,banda<=ruido,0,28.0,1,28,0,450,1,0.035714,2.8210e-7,0.96678
D,2,parada,0.47,0.94,6.8,0.0079,1.105,25,20,16,0,0.7627,0.9998,4.3875,0.0000,1.9863,4.1581,23.4948,47.73588,0.4869,0.001565,0.2643,0.00274,0.00274,0.07435,88,0.1140,banda<=ruido,0,28.0,1,28,0,450,1,0.035714,4.6078e-7,0.98031
D,2,parada,0.47,0.94,6.8,0.0079,1.105,25,20,16,0,0.7763,0.9604,4.3734,0.0000,1.9964,4.1120,22.8998,53.81617,0.5185,0.001545,0.2554,0.00219,0.00219,0.07871,83,0.1229,banda<=ruido,0,28.0,1,28,0,500,1,0.035714,6.3928e-8,0.95694
D,2,parada,0.47,0.94,6.8,0.0079,1.105,25,20,16,0,0.7898,0.9659,4.3062,0.0000,1.9960,4.2472,22.2010,56.88328,0.5501,0.001770,0.2485,0.00287,0.00287,0.07856,93,0.1293,banda<=ruido,0,30.0,1,30,0,550,1,0.033333,3.5522e-7,0.98494
D,2,parada,0.47,0.94,6.8,0.0079,1.105,25,20,16,0,0.8034,0.9928,4.3526,0.0000,1.9895,4.0010,21.4076,58.74804,0.5671,0.001536,0.2432,0.00203,0.00203,0.07788,78,0.1345,banda<=ruido,0,36.0,1,36,0,550,1,0.027778,1.1595e-7,0.98759
D,2,parada,0.47,0.94,6.8,0.0079,1.105,25,20,16,0,0.8169,0.7049,4.3427,0.0000,1.9739,3.8924,20.2589,48.97082,0.5711,0.001791,0.2430,0.00216,0.00216,0.07866,77,0.1358,banda<=ruido,0,41.0,1,41,0,500,1,0.024390,1.3541e-7,0.98570
D,2,parada,0.47,0.94,6.8,0.0079,1.105,25,20,16,0,0.8305,0.9183,4.4033,0.0000,1.9883,4.2575,18.8817,49.53188,0.5595,0.001811,0.2453,0.00189,0.00189,0.07788,85,0.1331,banda<=ruido,0,39.0,1,39,0,450,1,0.025641,2.5560e-7,0.98911
D,2,parada,0.47,0.94,6.8,0.0079,1.105,25,20,16,0,0.8441,0.9264,4.3382,0.0000,1.9725,4.1704,17.3716,48.86943,0.5540,0.001668,0.2499,0.00251,0.00251,0.07799,85,0.1286,banda<=ruido,0,38.0,1,38,0,350,1,0.026316,4.2298e-7,1.00176
D,2,parada,0.47,0.94,6.8,0.0079,1.105,25,20,16,0,0.8576,0.7540,4.2882,0.0000,1.9396,4.0047,15.9646,44.38691,0.5375,0.001848,0.2536,0.00237,0.00237,0.07866,83,0.1267,banda<=ruido,0,38.0,1,38,0,350,1,0.026316,1.1887e-7,0.95951
D,2,parada,0.47,0.94,6.8,0.0079,1.105,25,20,16,0,0.8712,0.8485,4.3091,0.0000,1.9856,3.9165,14.5576,44.74439,0.5242,0.001511,0.2569,0.00304,0.00304,0.07741,88,0.1222,banda<=ruido,0,39.0,1,39,0,300,1,0.025641,3.3315e-7,0.97918
D,2,parada,0.47,0.94,6.8,0.0079,1.105,25,20,16,0,0.8847,0.9982,4.3062,0.0000,1.9744,4.3678,13.1974,37.19571,0.5086,0.001694,0.2603,0.00257,0.00257,0.07756,97,0.1200,banda<=ruido,0,39.0,1,39,0,300,1,0.025641,6.9942e-7,0.99442
D,2,parada,0.47,0.94,6.8,0.0079,1.105,25,20,16,0,0.8983,0.5436,4.3793,0.1687,1.9560,3.8304,11.8456,27.75593,0.4954,0.001908,0.2639,0.00338,0.00338,0.07694,84,0.1177,banda<=ruido,0,40.0,1,40,0,300,1,0.025000,1.8137e-7,0.95817
D,2,parada,0.47,0.94,6.8,0.0079,1.105,25,20,16,0,0.9119,0.8912,4.3159,0.0000,1.9835,4.3152,10.4922,25.56201,0.4857,0.001862,0.2673,0.00305,0.00305,0.07736,96,0.1136,banda<=ruido,0,41.0,1,41,0,300,1,0.024390,6.1551e-7,0.97755
D,2,parada,0.47,0.94,6.8,0.0079,1.105,25,20,16,0,0.9254,0.9799,4.3453,0.0000,1.9686,4.3395,9.1204,28.32406,0.4815,0.001795,0.2716,0.00401,0.00401,0.07578,101,0.1106,banda<=ruido,0,42.0,1,42,0,300,1,0.023810,7.1903e-7,0.99131
D,2,parada,0.47,0.94,6.8,0.0079,1.105,25,20,16,0,0.9390,0.8709,4.3099,0.0000,1.9474,4.3112,7.7960,29.58305,0.4743,0.001533,0.2750,0.00177,0.00177,0.07739,85,0.1056,banda<=ruido,0,44.0,1,44,0,300,1,0.022727,2.5173e-7,1.00071
D,2,parada,0.47,0.94,6.8,0.0079,1.105,25,20,16,0,0.9525,0.8709,4.3533,0.0000,1.9765,4.2519,6.6667,20.62454,0.4456,0.001782,0.2761,0.00220,0.00220,0.07870,86,0.1049,banda<=ruido,0,45.0,1,45,0,300,1,0.022222,9.1181e-8,0.96978
D,2,parada,0.47,0.94,6.8,0.0079,1.105,25,20,16,0,0.9661,0.9659,4.3861,0.0000,1.9851,4.3506,5.3136,18.13714,0.4477,0.001909,0.2805,0.00195,0.00195,0.07748,88,0.1010,banda<=ruido,0,47.0,1,47,0,300,1,0.021277,2.7561e-7,0.99430
D,2,parada,0.47,0.94,6.8,0.0079,1.105,25,20,16,0,0.9797,0.9544,4.3458,0.6303,1.9631,3.9612,4.1096,22.55621,0.4337,0.001628,0.2827,0.00348,0.00348,0.07820,89,0.0970,banda<=ruido,0,49.0,1,49,0,300,1,0.020408,2.4885e-7,0.98094
D,2,parada,0.47,0.94,6.8,0.0079,1.105,25,20,16,0,0.9932,0.9183,4.3712,0.3534,1.9888,4.1790,2.9539,16.45743,0.4163,0.001893,0.2850,0.00347,0.00347,0.07869,95,0.0978,banda<=ruido,0,51.0,1,51,0,350,1,0.019608,1.0786e-6,1.00184
D,2,parada,0.47,0.94,6.8,0.0079,1.105,25,20,16,0,1.0068,0.9264,4.2633,0.0000,1.9679,4.1295,1.7310,17.94046,0.4098,0.001632,0.2879,0.00339,0.00339,0.07490,97,0.0935,banda<=ruido,0,54.0,1,54,0,350,1,0.018519,5.9498e-7,0.99426
D,2,parada,0.47,0.94,6.8,0.0079,1.105,25,20,16,0,1.0203,0.9544,4.3737,0.0000,1.9865,4.0820,0.4128,18.38055,0.4176,0.001577,0.2926,0.00266,0.00266,0.07640,89,0.0897,banda<=ruido,0,56.0,1,56,0,350,1,0.017857,3.6962e-7,0.99781
D,2,parada,0.47,0.94,6.8,0.0079,1.105,25,20,16,0,1.0339,0.9998,4.3805,0.0000,1.9980,4.3591,0.6890,16.51339,0.4005,0.001670,0.2943,0.00331,0.00331,0.07817,101,0.0888,banda<=ruido,0,60.0,1,60,0,350,1,0.016667,6.0007e-7,0.96325
D,2,parada,0.47,0.94,6.8,0.0079,1.105,25,20,16,0,1.0475,0.7049,4.3037,0.0000,1.9396,3.9883,1.8309,14.99679,0.3907,0.001719,0.2970,0.00279,0.00279,0.07657,94,0.0862,banda<=ruido,0,63.0,1,63,0,350,1,0.015873,3.0884e-7,0.97278
D,2,parada,0.47,0.94,6.8,0.0079,1.105,25,20,16,0,1.0610,0.9604,4.3412,0.0000,1.9700,4.2021,2.9953,12.44571,0.3859,0.001804,0.2999,0.00293,0.00293,0.07774,90,0.0840,banda<=ruido,0,67.0,1,67,0,350,1,0.014925,4.6983e-7,0.99034
D,2,parada,0.47,0.94,6.8,0.0079,1.105,25,20,16,0,1.0746,0.9756,4.3820,0.0000,1.9739,4.2983,4.1160,9.22891,0.3776,0.001885,0.3022,0.00274,0.00274,0.07715,92,0.0809,banda<=ruido,0,72.0,1,72,0,400,1,0.013889,2.1143e-7,0.94400
D,2,parada,0.47,0.94,6.8,0.0079,1.105,25,20,16,0,1.0881,0.9007,4.2903,0.0000,1.9642,4.3345,5.1576,9.25815,0.3615,0.001791,0.3039,0.00243,0.00243,0.07887,94,0.0814,banda<=ruido,0,77.0,1,77,0,400,1,0.012987,1.5833e-7,0.98277
D,2,parada,0.47,0.94,6.8,0.0079,1.105,25,20,16,0,1.1017,0.9659,4.3739,0.9341,1.9913,4.2676,6.2536,8.28014,0.3540,0.001798,0.3059,0.00329,0.00329,0.07840,95,0.0780,banda<=ruido,0,83.0,1,83,0,400,1,0.012048,3.0439e-7,0.97841
D,2,parada,0.47,0.94,6.8,0.0079,1.105,25,20,16,0,1.1153,0.9982,4.3340,0.0000,1.9291,4.4103,7.3459,10.11654,0.3480,0.001796,0.3087,0.00428,0.00428,0.07805,103,0.0780,banda<=ruido,0,90.0,1,90,0,400,1,0.011111,5.7352e-7,0.98734
D,2,parada,0.47,0.94,6.8,0.0079,1.105,25,20,16,0,1.1288,0.9998,4.3732,0.0000,1.9960,4.3570,8.5170,8.61089,0.3536,0.001781,0.3123,0.00349,0.00349,0.07817,101,0.0729,banda<=ruido,0,99.0,1,99,0,400,1,0.010101,1.0454e-6,1.00195
D,2,parada,0.47,0.94,6.8,0.0079,1.105,25,20,16,0,1.1424,0.8366,4.3614,0.0000,1.9570,4.0930,9.4260,6.28353,0.3282,0.001851,0.3121,0.00256,0.00256,0.07727,92,0.0731,banda<=ruido,0,108.0,1,108,0,450,1,0.009259,2.9553e-7,0.97230
D,2,parada,0.47,0.94,6.8,0.0079,1.105,25,20,16,0,1.1559,0.9871,4.2952,0.0000,1.9065,4.3736,10.5920,6.31609,0.3367,0.001950,0.3162,0.00228,0.00228,0.07799,86,0.0701,banda<=ruido,0,120.0,1,120,0,450,1,0.008333,3.7032e-7,0.97848
D,2,parada,0.47,0.94,6.8,0.0079,1.105,25,20,16,0,1.1695,0.9413,4.2760,0.0000,1.9678,4.2649,11.5483,5.95189,0.3205,0.001751,0.3172,0.00160,0.00160,0.07791,84,0.0700,banda<=ruido,0,137.0,1,137,0,400,1,0.007299,1.1680e-7,0.98272
D,2,parada,0.47,0.94,6.8,0.0079,1.105,25,20,16,0,1.1831,0.8912,4.3378,0.0000,1.9558,4.3186,12.6554,5.59037,0.3248,0.001722,0.3206,0.00354,0.00354,0.07614,91,0.0669,banda<=ruido,0,156.0,1,156,0,400,1,0.006410,5.9037e-7,0.96950
D,2,parada,0.47,0.94,6.8,0.0079,1.105,25,20,16,0,1.1966,0.8813,4.2620,0.0000,1.9674,4.2628,13.5813,4.79288,0.3079,0.001880,0.3215,0.00192,0.00192,0.07805,82,0.0673,banda<=ruido,0,185.0,1,185,0,250,1,0.005405,3.0858e-7,0.97082
D,2,parada,0.47,0.94,6.8,0.0079,1.105,25,20,16,0,1.2102,0.9902,4.3072,0.0000,1.9791,4.1922,14.5875,4.32846,0.3032,0.001947,0.3237,0.00394,0.00394,0.07882,100,0.0657,banda<=ruido,0,195.0,1,195,0,250,1,0.005128,2.7144e-7,0.98931
D,2,parada,0.47,0.94,6.8,0.0079,1.105,25,20,16,0,1.2237,0.8485,4.3304,0.7978,1.9872,4.1810,15.6419,4.00579,0.3066,0.001883,0.3266,0.00292,0.00292,0.07674,100,0.0639,banda<=ruido,0,218.0,1,218,0,350,1,0.004587,4.0784e-7,0.97800
D,2,parada,0.47,0.94,6.8,0.0079,1.105,25,20,16,0,1.2373,0.9968,4.3806,0.9604,1.9742,4.0296,16.5789,5.85282,0.2977,0.001629,0.3273,0.00362,0.00362,0.07875,92,0.0606,banda<=ruido,0,253.0,1,253,0,450,1,0.003953,1.8780e-7,0.97572
D,2,parada,0.47,0.94,6.8,0.0079,1.105,25,20,16,0,1.2508,0.9710,4.3971,0.0000,1.9733,4.2615,17.5180,4.30023,0.2936,0.001788,0.3288,0.00316,0.00316,0.07781,97,0.0610,banda<=ruido,0,296.0,1,296,0,550,1,0.003378,6.4257e-7,0.99010
D,2,parada,0.47,0.94,6.8,0.0079,1.105,25,20,16,0,1.2644,0.9992,4.3452,0.0000,1.9980,4.0203,18.4169,6.86100,0.2940,0.001854,0.3300,0.00475,0.00475,0.07886,98,0.0621,banda<=ruido,0,328.0,1,328,0,600,1,0.003049,3.0964e-7,0.94050
D,2,parada,0.47,0.94,6.8,0.0079,1.105,25,20,16,0,1.2780,0.9902,4.3054,0.2499,1.9949,4.3268,19.2203,4.74714,0.2991,0.001753,0.3287,0.00307,0.00307,0.07867,99,0.0608,banda<=ruido,0,318.0,1,318,0,550,1,0.003145,4.6951e-7,0.99197
D,2,parada,0.47,0.94,6.8,0.0079,1.105,25,20,16,0,1.2915,0.9982,4.3882,0.5436,1.9972,4.1433,19.8847,5.04054,0.3015,0.001717,0.3259,0.00368,0.00368,0.07757,90,0.0646,banda<=ruido,0,289.0,1,289,0,450,1,0.003460,9.8253e-7,0.98416
D,2,parada,0.47,0.94,6.8,0.0079,1.105,25,20,16,0,1.3051,0.9413,4.3619,0.0000,1.9926,4.3265,20.4963,4.48747,0.3062,0.001679,0.3219,0.00171,0.00171,0.07778,81,0.0658,banda<=ruido,0,266.0,1,266,0,350,1,0.003759,2.0269e-7,0.97892
D,2,parada,0.47,0.94,6.8,0.0079,1.105,25,20,16,0,1.3186,0.8912,4.1817,0.0000,1.9446,4.2445,0.6785,72.41097,0.9177,0.001970,0.1109,0.00091,0.00091,0.07768,62,0.2735,banda<=ruido,0,56.0,1,56,0,350,1,0.017857,3.1541e-8,0.97860
D,2,parada,0.47,0.94,6.8,0.0079,1.105,25,20,16,0,1.3322,0.9264,4.3115,0.0000,1.9877,4.3581,0.6826,81.14016,0.9147,0.001811,0.1065,0.00056,0.00056,0.07735,49,0.2784,banda<=ruido,0,56.0,1,56,0,350,1,0.017857,9.6660e-9,0.98063
D,2,parada,0.47,0.94,6.8,0.0079,1.105,25,20,16,0,1.3458,0.9341,4.3436,0.0000,1.9869,4.3004,0.8864,79.50239,0.8892,0.001891,0.1034,0.00106,0.00106,0.07760,67,0.2823,banda<=ruido,0,56.0,1,56,0,350,1,0.017857,9.5400e-8,1.00159
D,2,parada,0.47,0.94,6.8,0.0079,1.105,25,20,16,0,1.3593,0.9659,4.3062,0.0000,1.9784,4.2413,1.0844,80.62762,0.8644,0.001670,0.1003,0.00115,0.00115,0.07825,69,0.2861,banda<=ruido,0,56.0,1,56,0,350,1,0.017857,1.0020e-7,0.98651
D,2,parada,0.47,0.94,6.8,0.0079,1.105,25,20,16,0,1.3729,0.9710,4.3598,0.0000,1.9507,4.2790,1.2274,77.35164,0.8466,0.001635,0.0970,0.00085,0.00085,0.07864,61,0.2890,banda<=ruido,0,56.0,1,56,0,350,1,0.017857,2.4107e-8,0.97647
D,2,parada,0.47,0.94,6.8,0.0079,1.105,25,20,16,0,1.3864,0.9902,4.3755,0.0000,1.9865,4.1906,1.3102,67.85325,0.8362,0.001914,0.0936,0.00118,0.00118,0.07846,72,0.2928,banda<=ruido,0,56.0,1,56,0,350,1,0.017857,6.1027e-8,0.99156
D,2,parada,0.47,0.94,6.8,0.0079,1.105,25,20,16,0,1.4000,0.9871,4.3434,0.0000,1.9790,4.2608,1.5692,74.61181,0.8039,0.001688,0.0912,0.00126,0.00126,0.07789,77,0.2959,banda<=ruido,0,56.0,1,56,0,350,1,0.017857,1.1395e-7,0.98864
D,9,parada,0.47,0.94,6.8,0.0079,1.105,25,20,16,0,0.6000,0.0000,4.3494,0.0000,1.9527,0.0000,12.5382,0.00000,0.0000,0.000000,0.5640,0.00000,0.00000,0.07783,1,0.0295,banda<=ruido,1,56.0,1,56,0,350,1,0.017857,1.2418e-31,0.97858
D,9,parada,0.47,0.94,6.8,0.0079,1.105,25,20,16,0,0.6136,0.0000,4.2965,0.0000,1.9865,0.0000,12.3782,0.00000,0.0000,0.000000,0.5640,0.00000,0.00000,0.07841,1,0.0295,banda<=ruido,1,56.0,1,56,0,350,1,0.017857,1.2418e-31,0.97858
D,9,parada,0.47,0.94,6.8,0.0079,1.105,25,20,16,0,0.6271,0.0000,4.3496,0.0000,1.9939,0.0000,12.2671,0.00000,0.0000,0.000000,0.5640,0.00000,0.00000,0.07825,1,0.0295,banda<=ruido,1,56.0,1,56,0,350,1,0.017857,1.2418e-31,0.97858
D,9,parada,0.47,0.94,6.8,0.0079,1.105,25,20,16,0,0.6407,0.0000,4.3179,0.0000,1.9740,0.0000,12.0869,0.00000,0.0000,0.000000,0.5640,0.00000,0.00000,0.07647,1,0.0295,banda<=ruido,1,56.0,1,56,0,350,1,0.017857,1.2418e-31,0.97858
D,9,parada,0.47,0.94,6.8,0.0079,1.105,25,20,16,0,0.6542,0.0000,4.3077,0.0000,1.9595,0.0000,11.9368,0.00000,0.0000,0.000000,0.5640,0.00000,0.00000,0.07862,1,0.0295,banda<=ruido,1,56.0,1,56,0,350,1,0.017857,1.2418e-31,0.97858
D,9,parada,0.47,0.94,6.8,0.0079,1.105,25,20,16,0,0.6678,0.0000,4.3144,0.0000,1.9802,0.0000,11.9059,0.00000,0.0000,0.000000,0.5640,0.00000,0.00000,0.07846,1,0.0295,banda<=ruido,1,56.0,1,56,0,350,1,0.017857,1.2418e-31,0.97858
D,9,parada,0.47,0.94,6.8,0.0079,1.105,25,20,16,0,0.6814,0.0000,4.2703,0.0000,1.9940,0.0000,11.7192,0.00000,0.0000,0.000000,0.5640,0.00000,0.00000,0.07759,1,0.0295,banda<=ruido,1,59.0,1,59,0,350,1,0.016949,1.2418e-31,0.97858
D,9,parada,0.47,0.94,6.8,0.0079,1.105,25,20,16,0,0.6949,0.0000,4.3823,0.0000,1.9906,0.0000,11.6312,0.00000,0.0000,0.000000,0.5640,0.00000,0.00000,0.07729,1,0.0295,banda<=ruido,1,103.0,1,103,0,600,1,0.009709,1.2418e-31,0.97858
D,9,parada,0.47,0.94,6.8,0.0079,1.105,25,20,16,0,0.7085,0.9544,4.3792,0.0000,1.9932,4.4269,25.2088,16.95845,0.3237,0.001936,0.3167,0.00118,0.00118,0.07811,74,0.0708,banda<=ruido,0,31.0,1,31,0,400,1,0.032258,1.1207e-7,0.96191
D,9,parada,0.47,0.94,6.8,0.0079,1.105,25,20,16,0,0.7220,0.9950,4.3404,0.0000,1.9900,4.4431,24.7999,26.46200,0.3819,0.001826,0.3021,0.00329,0.00329,0.07697,104,0.0834,banda<=ruido,0,29.0,1,29,0,400,1,0.034483,1.0274e-6,0.97909
D,9,parada,0.47,0.94,6.8,0.0079,1.105,25,20,16,0,0.7356,0.9799,4.3789,0.0000,1.9939,4.3401,24.4065,66.22071,0.4240,0.001609,0.2877,0.00306,0.00306,0.07835,104,0.0937,banda<=ruido,0,28.0,1,28,0,400,1,0.035714,7.6344e-7,0.99882
D,9,parada,0.47,0.94,6.8,0.0079,1.105,25,20,16,0,0.7492,0.7692,4.3220,0.0000,1.9741,4.0670,23.9489,41.90502,0.4615,0.001621,0.2756,0.00237,0.00237,0.07792,84,0.1039,banda<=ruido,0,28.0,1,28,0,450,1,0.035714,1.3092e-7,0.97908
D,9,parada,0.47,0.94,6.8,0.0079,1.105,25,20,16,0,0.7627,0.7540,4.2862,0.0000,1.9235,4.1578,23.4834,42.66082,0.4884,0.001823,0.2645,0.00198,0.00198,0.07837,81,0.1155,banda<=ruido,0,28.0,1,28,0,450,1,0.035714,2.6519e-7,0.99385
D,9,parada,0.47,0.94,6.8,0.0079,1.105,25,20,16,0,0.7763,0.9756,4.3518,0.0000,1.9704,4.3408,22.8403,51.41605,0.5260,0.001633,0.2563,0.00242,0.00242,0.07714,92,0.1227,banda<=ruido,0,28.0,1,28,0,500,1,0.035714,4.4948e-7,0.98484
D,9,parada,0.47,0.94,6.8,0.0079,1.105,25,20,16,0,0.7898,0.8366,4.4146,0.0000,1.9940,4.1141,22.2374,54.74502,0.5456,0.001660,0.2480,0.00229,0.00229,0.07727,85,0.1297,banda<=ruido,0,30.0,1,30,0,550,1,0.033333,1.1143e-7,0.98088
D,9,parada,0.47,0.94,6.8,0.0079,1.105,25,20,16,0,0.8034,0.8600,4.3426,0.0000,1.9992,3.9759,21.4055,49.09866,0.5674,0.001796,0.2436,0.00241,0.00241,0.07769,78,0.1352,banda<=ruido,0,36.0,1,36,0,550,1,0.027778,1.4549e-7,0.97276
D,9,parada,0.47,0.94,6.8,0.0079,1.105,25,20,16,0,0.8169,0.9481,4.2864,0.0000,1.9895,4.3189,20.2975,53.37027,0.5663,0.001897,0.2424,0.00280,0.00280,0.07865,91,0.1366,banda<=ruido,0,41.0,1,41,0,500,1,0.024390,4.9877e-7,0.97117
D,9,parada,0.47,0.94,6.8,0.0079,1.105,25,20,16,0,0.8305,0.9481,4.3765,0.0000,1.9489,4.3040,18.9249,66.06912,0.5541,0.001710,0.2448,0.00202,0.00202,0.07786,88,0.1330,banda<=ruido,0,39.0,1,39,0,450,1,0.025641,3.3115e-7,0.99221
D,9,parada,0.47,0.94,6.8,0.0079,1.105,25,20,16,0,0.8441,0.9413,4.3996,0.0000,1.9836,4.2788,17.4004,39.73233,0.5504,0.001908,0.2495,0.00170,0.00170,0.07614,79,0.1301,banda<=ruido,0,38.0,1,38,0,350,1,0.026316,1.7749e-7,0.95004
D,9,parada,0.47,0.94,6.8,0.0079,1.105,25,20,16,0,0.8576,0.9992,4.3462,0.0000,1.9617,4.1429,16.0125,44.15923,0.5315,0.001753,0.2527,0.00300,0.00300,0.07856,97,0.1264,banda<=ruido,0,38.0,1,38,0,350,1,0.026316,6.6348e-7,0.98852
D,9,parada,0.47,0.94,6.8,0.0079,1.105,25,20,16,0,0.8712,0.8366,4.3109,0.0000,1.9949,4.1956,14.5863,32.56161,0.5206,0.001914,0.2567,0.00188,0.00188,0.07778,83,0.1229,banda<=ruido,0,39.0,1,39,0,300,1,0.025641,1.3190e-7,0.95001
D,9,parada,0.47,0.94,6.8,0.0079,1.105,25,20,16,0,0.8847,0.8242,4.3741,0.4690,1.9686,4.1639,13.1453,37.70563,0.5152,0.001648,0.2609,0.00225,0.00225,0.07846,85,0.1186,banda<=ruido,0,39.0,1,39,0,300,1,0.025641,3.1266e-7,0.99502
D,9,parada,0.47,0.94,6.8,0.0079,1.105,25,20,16,0,0.8983,0.9992,4.2596,0.0000,1.9547,4.2237,11.7997,29.97047,0.5012,0.001746,0.2641,0.00336,0.00336,0.07692,95,0.1149,banda<=ruido,0,40.0,1,40,0,300,1,0.025000,9.5585e-8,0.94833
D,9,parada,0.47,0.94,6.8,0.0079,1.105,25,20,16,0,0.9119,0.9837,4.3612,0.0000,1.9718,4.0323,10.4443,30.75277,0.4917,0.001657,0.2680,0.00313,0.00313,0.07738,91,0.1129,banda<=ruido,0,41.0,1,41,0,300,1,0.024390,5.8893e-7,0.99105
D,9,parada,0.47,0.94,6.8,0.0079,1.105,25,20,16,0,0.9254,0.9799,4.3449,0.0000,1.9800,4.1626,9.1767,35.52032,0.4744,0.001703,0.2704,0.00186,0.00186,0.07627,83,0.1089,banda<=ruido,0,42.0,1,42,0,300,1,0.023810,1.9762e-7,0.98178
D,9,parada,0.47,0.94,6.8,0.0079,1.105,25,20,16,0,0.9390,0.9837,4.3666,0.0000,1.9903,4.2885,7.9215,27.35692,0.4586,0.001592,0.2730,0.00300,0.00300,0.07812,98,0.1070,banda<=ruido,0,44.0,1,44,0,300,1,0.022727,6.5501e-7,0.98611
D,9,parada,0.47,0.94,6.8,0.0079,1.105,25,20,16,0,0.9525,0.9799,4.4008,0.0000,1.9948,3.6967,6.6752,20.23470,0.4445,0.001831,0.2761,0.00369,0.00369,0.07875,83,0.1046,banda<=ruido,0,45.0,1,45,0,300,1,0.022222,6.5223e-7,0.97685
D,9,parada,0.47,0.94,6.8,0.0079,1.105,25,20,16,0,0.9661,0.9007,4.3399,0.0000,1.9842,4.2044,5.3045,20.22029,0.4488,0.001771,0.2806,0.00124,0.00124,0.07662,70,0.1006,banda<=ruido,0,47.0,1,47,0,300,1,0.021277,7.2327e-8,0.98177
D,9,parada,0.47,0.94,6.8,0.0079,1.105,25,20,16,0,0.9797,0.9659,4.3783,0.0000,1.9738,4.1285,4.1351,16.27249,0.4305,0.001911,0.2827,0.00159,0.00159,0.07757,75,0.0996,banda<=ruido,0,49.0,1,49,0,300,1,0.020408,1.6932e-7,0.98740
D,9,parada,0.47,0.94,6.8,0.0079,1.105,25,20,16,0,0.9932,0.9871,4.3060,0.0000,1.9853,4.1551,2.8702,17.79401,0.4268,0.001658,0.2860,0.00305,0.00305,0.07721,98,0.0956,banda<=ruido,0,51.0,1,51,0,350,1,0.019608,2.7800e-7,0.97390
D,9,parada,0.47,0.94,6.8,0.0079,1.105,25,20,16,0,1.0068,0.9659,4.3518,0.0000,1.9929,3.9877,1.7101,13.88455,0.4124,0.001818,0.2885,0.00182,0.00182,0.07610,80,0.0940,banda<=ruido,0,54.0,1,54,0,350,1,0.018519,7.5481e-8,0.97640
D,9,parada,0.47,0.94,6.8,0.0079,1.105,25,20,16,0,1.0203,1.0000,4.3796,0.0000,1.9815,4.3038,0.5169,16.10630,0.4045,0.001706,0.2912,0.00169,0.00169,0.07793,87,0.0915,banda<=ruido,0,56.0,1,56,0,350,1,0.017857,1.6844e-7,0.98920
D,9,parada,0.47,0.94,6.8,0.0079,1.105,25,20,16,0,1.0339,0.9659,4.3724,0.0000,1.9972,4.2327,0.6663,14.13838,0.3977,0.001738,0.2940,0.00280,0.00280,0.07885,96,0.0894,banda<=ruido,0,60.0,1,60,0,350,1,0.016667,5.0317e-7,0.98240
D,9,parada,0.47,0.94,6.8,0.0079,1.105,25,20,16,0,1.0475,0.9604,4.4057,0.0000,1.9863,4.3167,1.8401,14.74713,0.3919,0.001652,0.2971,0.00247,0.00247,0.07586,97,0.0870,banda<=ruido,0,63.0,1,63,0,350,1,0.015873,1.9407e-7,0.98235
D,9,parada,0.47,0.94,6.8,0.0079,1.105,25,20,16,0,1.0610,0.9756,4.3473,0.0000,1.9892,4.2734,2.9485,12.16368,0.3800,0.001555,0.2990,0.00378,0.00378,0.07881,101,0.0839,banda<=ruido,0,67.0,1,67,0,350,1,0.014925,5.4049e-7,0.97678
D,9,parada,0.47,0.94,6.8,0.0079,1.105,25,20,16,0,1.0746,0.9928,4.3520,0.0000,1.9478,4.2103,4.0195,10.62369,0.3656,0.001872,0.3008,0.00268,0.00268,0.07816,93,0.0838,banda<=ruido,0,72.0,1,72,0,400,1,0.013889,3.1729e-7,0.97983
D,9,parada,0.47,0.94,6.8,0.0079,1.105,25,20,16,0,1.0881,0.7540,4.3788,0.4690,1.9835,4.0944,5.1868,9.14608,0.3651,0.001830,0.3044,0.00293,0.00293,0.07847,95,0.0807,banda<=ruido,0,77.0,1,77,0,400,1,0.012987,2.5711e-7,0.97622
D,9,parada,0.47,0.94,6.8,0.0079,1.105,25,20,16,0,1.1017,0.9928,4.3776,0.0000,1.9847,4.4336,6.3143,7.87849,0.3616,0.001909,0.3071,0.00259,0.00259,0.07681,96,0.0784,banda<=ruido,0,83.0,1,83,0,400,1,0.012048,4.8497e-7,1.00163
D,9,parada,0.47,0.94,6.8,0.0079,1.105,25,20,16,0,1.1153,0.9659,4.3353,0.0000,1.9821,4.3510,7.3212,7.42870,0.3449,0.001831,0.3083,0.00258,0.00258,0.07775,98,0.0777,banda<=ruido,0,90.0,1,90,0,400,1,0.011111,4.6779e-7,0.99305
D,9,parada,0.47,0.94,6.8,0.0079,1.105,25,20,16,0,1.1288,0.9659,4.2936,0.0000,1.9871,4.4024,8.4724,8.71425,0.3481,0.001681,0.3116,0.00225,0.00225,0.07872,96,0.0746,banda<=ruido,0,99.0,1,99,0,400,1,0.010101,3.7915e-7,0.98833
D,9,parada,0.47,0.94,6.8,0.0079,1.105,25,20,16,0,1.1424,0.9992,4.3306,0.0000,1.9588,4.3152,9.5173,8.51864,0.3397,0.001534,0.3137,0.00205,0.00205,0.07743,88,0.0722,banda<=ruido,0,108.0,1,108,0,450,1,0.009259,2.8089e-7,0.98483
D,9,parada,0.47,0.94,6.8,0.0079,1.105,25,20,16,0,1.1559,0.9928,4.3705,0.0000,1.9890,4.1915,10.6001,6.52988,0.3377,0.001754,0.3169,0.00441,0.00441,0.07697,97,0.0721,banda<=ruido,0,120.0,1,120,0,450,1,0.008333,1.9080e-7,0.96428
D,9,parada,0.47,0.94,6.8,0.0079,1.105,25,20,16,0,1.1695,0.9928,4.3216,0.0000,1.9949,4.4088,11.5669,5.24430,0.3229,0.001956,0.3176,0.00328,0.00328,0.07775,99,0.0701,banda<=ruido,0,137.0,1,137,0,400,1,0.007299,6.9833e-7,0.97556
D,9,parada,0.47,0.94,6.8,0.0079,1.105,25,20,16,0,1.1831,0.9902,4.3411,0.0000,1.9467,4.0693,12.6250,6.13241,0.3210,0.001623,0.3202,0.00329,0.00329,0.07655,96,0.0676,banda<=ruido,0,156.0,1,156,0,400,1,0.006410,5.6519e-7,0.99697
D,9,parada,0.47,0.94,6.8,0.0079,1.105,25,20,16,0,1.1966,0.9902,4.2895,0.0000,1.9771,4.4358,13.6123,5.47437,0.3118,0.001855,0.3220,0.00396,0.00396,0.07837,105,0.0664,banda<=ruido,0,185.0,1,185,0,250,1,0.005405,1.2136e-6,0.99844
D,9,parada,0.47,0.94,6.8,0.0079,1.105,25,20,16,0,1.2102,0.9998,4.2577,0.0000,1.9481,4.3129,14.6477,5.56477,0.3108,0.001647,0.3244,0.00343,0.00343,0.07873,99,0.0657,banda<=ruido,0,195.0,1,195,0,250,1,0.005128,7.5767e-7,0.97048
D,9,parada,0.47,0.94,6.8,0.0079,1.105,25,20,16,0,1.2237,0.9604,4.3464,0.7383,1.9832,4.2426,15.6096,4.60650,0.3025,0.001724,0.3260,0.00399,0.00399,0.07846,99,0.0639,banda<=ruido,0,218.0,1,218,0,350,1,0.004587,9.1165e-7,0.99892
D,9,parada,0.47,0.94,6.8,0.0079,1.105,25,20,16,0,1.2373,0.9837,4.2779,0.7838,1.9932,4.2938,16.5832,3.96475,0.2983,0.001869,0.3279,0.00288,0.00288,0.07882,97,0.0623,banda<=ruido,0,253.0,1,253,0,450,1,0.003953,5.0713e-7,1.00078
D,9,parada,0.47,0.94,6.8,0.0079,1.105,25,20,16,0,1.2508,0.9950,4.2702,0.7383,1.9740,4.2545,17.4816,4.25153,0.2890,0.001765,0.3281,0.00442,0.00442,0.07463,99,0.0600,banda<=ruido,0,296.0,1,296,0,550,1,0.003378,1.4115e-6,0.98743
D,9,parada,0.47,0.94,6.8,0.0079,1.105,25,20,16,0,1.2644,0.9604,4.2904,0.0000,1.9960,4.2487,18.3785,3.79752,0.2892,0.001880,0.3289,0.00395,0.00395,0.07845,97,0.0606,banda<=ruido,0,328.0,1,328,0,600,1,0.003049,3.7073e-7,0.96234
D,9,parada,0.47,0.94,6.8,0.0079,1.105,25,20,16,0,1.2780,0.9264,4.3413,0.9604,1.9780,4.1204,19.1724,4.56749,0.2931,0.001638,0.3277,0.00399,0.00399,0.07812,90,0.0605,banda<=ruido,0,318.0,1,318,0,550,1,0.003145,2.5340e-7,0.99400
D,9,parada,0.47,0.94,6.8,0.0079,1.105,25,20,16,0,1.2915,0.9968,4.3136,0.6500,1.9949,4.5050,19.9053,4.27746,0.3041,0.001696,0.3262,0.00257,0.00257,0.07711,98,0.0638,banda<=ruido,0,289.0,1,289,0,450,1,0.003460,5.8370e-7,0.98733
D,9,parada,0.47,0.94,6.8,0.0079,1.105,25,20,16,0,1.3051,0.9998,4.3838,0.0000,1.9863,4.1647,20.5179,4.01763,0.3089,0.001765,0.3224,0.00180,0.00180,0.07662,84,0.0662,banda<=ruido,0,266.0,1,266,0,350,1,0.003759,3.7247e-7,0.99918
D,9,parada,0.47,0.94,6.8,0.0079,1.105,25,20,16,0,1.3186,1.0000,4.2816,0.4138,1.9254,4.2423,0.6904,82.32049,0.9162,0.001637,0.1112,0.00187,0.00187,0.07740,88,0.2741,banda<=ruido,0,56.0,1,56,0,350,1,0.017857,4.7431e-8,0.95168
D,9,parada,0.47,0.94,6.8,0.0079,1.105,25,20,16,0,1.3322,0.9982,4.3162,0.0000,1.9869,4.3461,0.8687,82.69639,0.8914,0.001733,0.1075,0.00132,0.00132,0.07820,75,0.2778,banda<=ruido,0,56.0,1,56,0,350,1,0.017857,1.4751e-7,0.98398
D,9,parada,0.47,0.94,6.8,0.0079,1.105,25,20,16,0,1.3458,0.9799,4.2995,0.0000,1.9155,4.2572,0.9715,85.28078,0.8786,0.001800,0.1038,0.00085,0.00085,0.07647,60,0.2816,banda<=ruido,0,56.0,1,56,0,350,1,0.017857,5.4342e-8,0.99849
D,9,parada,0.47,0.94,6.8,0.0079,1.105,25,20,16,0,1.3593,0.8813,4.2392,0.0000,1.9676,4.1686,1.0858,72.34522,0.8643,0.001836,0.1003,0.00079,0.00079,0.07672,58,0.2854,banda<=ruido,0,56.0,1,56,0,350,1,0.017857,2.6351e-8,0.95852
D,9,parada,0.47,0.94,6.8,0.0079,1.105,25,20,16,0,1.3729,0.7692,4.3315,0.0000,1.9756,4.0456,1.2266,67.09153,0.8467,0.001979,0.0970,0.00103,0.00103,0.07814,64,0.2893,banda<=ruido,0,56.0,1,56,0,350,1,0.017857,4.7587e-8,0.97648
D,9,parada,0.47,0.94,6.8,0.0079,1.105,25,20,16,0,1.3864,0.9756,4.2921,0.0000,1.9794,4.2682,1.3200,1003.78269,0.8350,0.001696,0.0937,0.00070,0.00070,0.07809,54,0.2930,banda<=ruido,0,56.0,1,56,0,350,1,0.017857,3.0092e-8,0.99356
D,9,parada,0.47,0.94,6.8,0.0079,1.105,25,20,16,0,1.4000,0.9097,4.3849,0.0000,1.9939,4.0536,1.4782,61.36979,0.8152,0.001994,0.0908,0.00048,0.00048,0.07848,37,0.2957,banda<=ruido,0,56.0,1,56,0,350,1,0.017857,6.9140e-9,0.96798
Aprima,11,parada,0.47,0.94,6.8,0.0079,1.105,25,20,16,0,0.6000,0.0000,4.3858,0.0000,1.9849,0.0000,12.6198,0.00000,0.0000,0.000000,0.5640,0.00000,0.00000,0.07841,1,0.0295,banda<=ruido,1,56.0,1,56,0,350,1,0.017857,1.2418e-31,0.97858
Aprima,11,parada,0.47,0.94,6.8,0.0079,1.105,25,20,16,0,0.6136,0.0000,4.3557,0.0000,1.9895,0.0000,12.3869,0.00000,0.0000,0.000000,0.5640,0.00000,0.00000,0.07817,1,0.0295,banda<=ruido,1,56.0,1,56,0,350,1,0.017857,1.2418e-31,0.97858
Aprima,11,parada,0.47,0.94,6.8,0.0079,1.105,25,20,16,0,0.6271,0.0000,4.3113,0.0000,1.9791,0.0000,12.2166,0.00000,0.0000,0.000000,0.5640,0.00000,0.00000,0.07587,1,0.0295,banda<=ruido,1,56.0,1,56,0,350,1,0.017857,1.2418e-31,0.97858
Aprima,11,parada,0.47,0.94,6.8,0.0079,1.105,25,20,16,0,0.6407,0.0000,4.2860,0.0000,1.9972,0.0000,12.1401,0.00000,0.0000,0.000000,0.5640,0.00000,0.00000,0.07837,1,0.0295,banda<=ruido,1,56.0,1,56,0,350,1,0.017857,1.2418e-31,0.97858
Aprima,11,parada,0.47,0.94,6.8,0.0079,1.105,25,20,16,0,0.6542,0.0000,4.3919,0.0000,1.9957,0.0000,11.9195,0.00000,0.0000,0.000000,0.5640,0.00000,0.00000,0.07801,1,0.0295,banda<=ruido,1,56.0,1,56,0,350,1,0.017857,1.2418e-31,0.97858
Aprima,11,parada,0.47,0.94,6.8,0.0079,1.105,25,20,16,0,0.6678,0.0000,4.3719,0.0000,1.9739,0.0000,11.9085,0.00000,0.0000,0.000000,0.5640,0.00000,0.00000,0.07803,1,0.0295,banda<=ruido,1,56.0,1,56,0,350,1,0.017857,1.2418e-31,0.97858
Aprima,11,parada,0.47,0.94,6.8,0.0079,1.105,25,20,16,0,0.6814,0.0000,4.3458,0.0000,1.9784,0.0000,11.6894,0.00000,0.0000,0.000000,0.5640,0.00000,0.00000,0.07794,1,0.0295,banda<=ruido,1,59.0,1,59,0,350,1,0.016949,1.2418e-31,0.97858
Aprima,11,parada,0.47,0.94,6.8,0.0079,1.105,25,20,16,0,0.6949,0.0000,4.3761,0.0000,1.9621,0.0000,11.5254,0.00000,0.0000,0.000000,0.5640,0.00000,0.00000,0.07751,1,0.0295,banda<=ruido,1,103.0,1,103,0,600,1,0.009709,1.2418e-31,0.97858
Aprima,11,parada,0.47,0.94,6.8,0.0079,1.105,25,20,16,0,0.7085,0.4690,4.3691,0.0000,1.9762,3.8406,25.1075,23.85386,0.3364,0.001476,0.3180,0.00442,0.00442,0.07801,91,0.0691,banda<=ruido,0,31.0,1,31,0,400,1,0.032258,7.7041e-7,0.96035
Aprima,11,parada,0.47,0.94,6.8,0.0079,1.105,25,20,16,0,0.7220,0.9604,4.3292,0.0000,1.9286,4.2496,24.8358,25.85479,0.3775,0.001691,0.3011,0.00330,0.00330,0.07852,103,0.0820,banda<=ruido,0,29.0,1,29,0,400,1,0.034483,2.8146e-7,0.97370
Aprima,11,parada,0.47,0.94,6.8,0.0079,1.105,25,20,16,0,0.7356,0.9183,4.3998,0.0000,1.9890,4.0347,24.3861,29.73723,0.4265,0.001810,0.2879,0.00284,0.00284,0.07793,91,0.0928,banda<=ruido,0,28.0,1,28,0,400,1,0.035714,1.7648e-7,0.96654
Aprima,11,parada,0.47,0.94,6.8,0.0079,1.105,25,20,16,0,0.7492,0.7838,4.3415,0.0000,1.9957,4.1133,23.9537,44.91440,0.4609,0.001632,0.2755,0.00282,0.00282,0.07775,89,0.1051,banda<=ruido,0,28.0,1,28,0,450,1,0.035714,2.6501e-7,0.97519
Aprima,11,parada,0.47,0.94,6.8,0.0079,1.105,25,20,16,0,0.7627,0.9097,4.3565,0.0000,1.9906,4.2044,23.5683,44.25931,0.4777,0.001737,0.2634,0.00272,0.00272,0.07805,92,0.1165,banda<=ruido,0,28.0,1,28,0,450,1,0.035714,4.0642e-7,0.98443
Aprima,11,parada,0.47,0.94,6.8,0.0079,1.105,25,20,16,0,0.7763,0.9413,4.3648,0.0000,1.9826,4.1152,22.8449,45.35862,0.5254,0.001764,0.2565,0.00256,0.00256,0.07797,86,0.1239,banda<=ruido,0,28.0,1,28,0,500,1,0.035714,3.7095e-7,0.99554
Aprima,11,parada,0.47,0.94,6.8,0.0079,1.105,25,20,16,0,0.7898,0.9902,4.3018,0.0000,1.9428,4.2646,22.1816,55.45583,0.5525,0.001718,0.2487,0.00235,0.00235,0.07658,98,0.1287,banda<=ruido,0,30.0,1,30,0,550,1,0.033333,1.7576e-7,0.98091
Aprima,11,parada,0.47,0.94,6.8,0.0079,1.105,25,20,16,0,0.8034,0.9799,4.3556,0.0000,1.9507,4.1235,21.4065,57.15443,0.5672,0.001744,0.2435,0.00226,0.00226,0.07582,81,0.1361,banda<=ruido,0,36.0,1,36,0,550,1,0.027778,1.5036e-7,0.97466
Aprima,11,parada,0.47,0.94,6.8,0.0079,1.105,25,20,16,0,0.8169,0.9928,4.2724,0.0000,1.9357,4.3536,20.2323,56.70706,0.5744,0.001591,0.2432,0.00114,0.00114,0.07836,70,0.1355,banda<=ruido,0,41.0,1,41,0,500,1,0.024390,8.5789e-8,0.98642
Aprima,11,parada,0.47,0.94,6.8,0.0079,1.105,25,20,16,0,0.8305,0.8912,4.3442,0.0000,1.9890,4.3210,18.8874,45.95150,0.5588,0.001787,0.2454,0.00185,0.00185,0.07695,86,0.1338,banda<=ruido,0,39.0,1,39,0,450,1,0.025641,2.1249e-7,0.97583
Aprima,11,parada,0.47,0.94,6.8,0.0079,1.105,25,20,16,0,0.8441,0.8366,4.3623,0.0000,1.9323,3.9481,17.5010,44.41701,0.5378,0.001691,0.2481,0.00211,0.00211,0.07666,80,0.1295,banda<=ruido,0,38.0,1,38,0,350,1,0.026316,2.1532e-7,0.98620
Aprima,11,parada,0.47,0.94,6.8,0.0079,1.105,25,20,16,0,0.8576,0.9481,4.3568,0.0000,1.9670,4.1227,15.9917,45.83529,0.5341,0.001701,0.2528,0.00239,0.00239,0.07672,88,0.1256,banda<=ruido,0,38.0,1,38,0,350,1,0.026316,1.8190e-7,0.99532
Aprima,11,parada,0.47,0.94,6.8,0.0079,1.105,25,20,16,0,0.8712,0.9756,4.3854,0.0000,1.9836,4.3106,14.5549,35.39013,0.5246,0.001778,0.2570,0.00111,0.00111,0.07825,68,0.1219,banda<=ruido,0,39.0,1,39,0,300,1,0.025641,7.4015e-8,0.98632
Aprima,11,parada,0.47,0.94,6.8,0.0079,1.105,25,20,16,0,0.8847,0.9837,4.3697,0.2108,1.9593,4.0435,13.1509,35.78511,0.5145,0.001832,0.2610,0.00230,0.00230,0.07841,83,0.1182,banda<=ruido,0,39.0,1,39,0,300,1,0.025641,2.5205e-7,0.98755
Aprima,11,parada,0.47,0.94,6.8,0.0079,1.105,25,20,16,0,0.8983,0.9264,4.2435,0.0000,1.9951,4.1378,11.8276,30.85794,0.4977,0.001714,0.2638,0.00181,0.00181,0.07780,87,0.1148,banda<=ruido,0,40.0,1,40,0,300,1,0.025000,1.7578e-7,0.97147
Aprima,11,parada,0.47,0.94,6.8,0.0079,1.105,25,20,16,0,0.9119,0.9183,4.3444,0.0000,1.9960,4.3074,10.5227,37.07677,0.4819,0.001596,0.2669,0.00223,0.00223,0.07809,85,0.1125,banda<=ruido,0,41.0,1,41,0,300,1,0.024390,2.8452e-7,0.97176
Aprima,11,parada,0.47,0.94,6.8,0.0079,1.105,25,20,16,0,0.9254,0.9837,4.3296,0.0000,1.9845,4.3773,9.1890,30.38510,0.4729,0.001606,0.2701,0.00312,0.00312,0.07850,101,0.1085,banda<=ruido,0,42.0,1,42,0,300,1,0.023810,8.2957e-7,0.99210
Aprima,11,parada,0.47,0.94,6.8,0.0079,1.105,25,20,16,0,0.9390,0.7383,4.3279,0.0000,1.9932,4.0897,7.8508,24.33627,0.4674,0.001784,0.2741,0.00239,0.00239,0.07863,83,0.1058,banda<=ruido,0,44.0,1,44,0,300,1,0.022727,3.4829e-7,0.99403
Aprima,11,parada,0.47,0.94,6.8,0.0079,1.105,25,20,16,0,0.9525,0.9659,4.3147,0.0000,1.9591,4.2431,6.6531,22.36234,0.4473,0.001799,0.2761,0.00293,0.00293,0.07776,94,0.1036,banda<=ruido,0,45.0,1,45,0,300,1,0.022222,6.1076e-7,0.97860
Aprima,11,parada,0.47,0.94,6.8,0.0079,1.105,25,20,16,0,0.9661,0.9799,4.3193,0.0000,1.9584,4.2528,5.3689,18.88642,0.4407,0.001798,0.2797,0.00212,0.00212,0.07827,86,0.1021,banda<=ruido,0,47.0,1,47,0,300,1,0.021277,3.5067e-7,0.98458
Aprima,11,parada,0.47,0.94,6.8,0.0079,1.105,25,20,16,0,0.9797,0.6303,4.3652,0.7383,1.9906,3.7264,4.0606,18.86697,0.4399,0.001791,0.2840,0.00364,0.00364,0.07838,87,0.1000,banda<=ruido,0,49.0,1,49,0,300,1,0.020408,3.8776e-7,0.97125
Aprima,11,parada,0.47,0.94,6.8,0.0079,1.105,25,20,16,0,0.9932,0.9928,4.3639,0.0000,1.9704,4.4039,2.8778,16.30524,0.4258,0.001797,0.2861,0.00117,0.00117,0.07875,75,0.0958,banda<=ruido,0,51.0,1,51,0,350,1,0.019608,9.6711e-8,0.98180
Aprima,11,parada,0.47,0.94,6.8,0.0079,1.105,25,20,16,0,1.0068,0.9950,4.3568,0.0000,1.9814,4.4191,1.6562,14.39068,0.4192,0.001852,0.2891,0.00251,0.00251,0.07626,95,0.0935,banda<=ruido,0,54.0,1,54,0,350,1,0.018519,4.3327e-7,0.98227
Aprima,11,parada,0.47,0.94,6.8,0.0079,1.105,25,20,16,0,1.0203,0.9982,4.3696,0.0000,1.9704,4.4236,0.5037,14.82365,0.4062,0.001751,0.2913,0.00236,0.00236,0.07831,88,0.0905,banda<=ruido,0,56.0,1,56,0,350,1,0.017857,2.5907e-7,0.99064
Aprima,11,parada,0.47,0.94,6.8,0.0079,1.105,25,20,16,0,1.0339,0.9902,4.3691,0.0000,1.9768,4.2078,0.6665,13.62033,0.3977,0.001799,0.2940,0.00232,0.00232,0.07585,90,0.0887,banda<=ruido,0,60.0,1,60,0,350,1,0.016667,3.8003e-7,0.99708
Aprima,11,parada,0.47,0.94,6.8,0.0079,1.105,25,20,16,0,1.0475,0.9902,4.2782,0.0000,1.9972,4.3341,1.8486,13.24538,0.3929,0.001714,0.2972,0.00302,0.00302,0.07860,96,0.0854,banda<=ruido,0,63.0,1,63,0,350,1,0.015873,7.4511e-7,0.98547
Aprima,11,parada,0.47,0.94,6.8,0.0079,1.105,25,20,16,0,1.0610,0.9982,4.3450,0.0000,1.9883,4.3315,2.9151,12.71149,0.3759,0.001794,0.2986,0.00373,0.00373,0.07745,99,0.0844,banda<=ruido,0,67.0,1,67,0,350,1,0.014925,5.8666e-7,0.96737
Aprima,11,parada,0.47,0.94,6.8,0.0079,1.105,25,20,16,0,1.0746,0.6303,4.3240,0.0000,1.9826,3.8632,4.0418,9.76914,0.3683,0.001761,0.3013,0.00279,0.00279,0.07839,90,0.0828,banda<=ruido,0,72.0,1,72,0,400,1,0.013889,2.8575e-7,0.98051
Aprima,11,parada,0.47,0.94,6.8,0.0079,1.105,25,20,16,0,1.0881,0.9950,4.3697,0.1687,1.9857,4.2137,5.2178,11.95916,0.3690,0.001578,0.3045,0.00256,0.00256,0.07641,91,0.0790,banda<=ruido,0,77.0,1,77,0,400,1,0.012987,1.7482e-7,0.96553
Aprima,11,parada,0.47,0.94,6.8,0.0079,1.105,25,20,16,0,1.1017,0.9968,4.3722,0.4949,1.9900,4.2994,6.2783,8.18516,0.3571,0.001836,0.3063,0.00237,0.00237,0.07745,95,0.0779,banda<=ruido,0,83.0,1,83,0,400,1,0.012048,1.3433e-7,0.96693
Aprima,11,parada,0.47,0.94,6.8,0.0079,1.105,25,20,16,0,1.1153,0.9341,4.3528,0.0000,1.9925,4.3462,7.4154,9.86034,0.3567,0.001676,0.3095,0.00323,0.00323,0.07842,99,0.0762,banda<=ruido,0,90.0,1,90,0,400,1,0.011111,6.8667e-7,0.98211
Aprima,11,parada,0.47,0.94,6.8,0.0079,1.105,25,20,16,0,1.1288,0.9097,4.3259,0.0000,1.9900,4.2630,8.4705,8.24941,0.3478,0.001755,0.3115,0.00289,0.00289,0.07747,89,0.0732,banda<=ruido,0,99.0,1,99,0,400,1,0.010101,2.3773e-7,0.97617
Aprima,11,parada,0.47,0.94,6.8,0.0079,1.105,25,20,16,0,1.1424,0.9992,4.3396,0.0000,1.9988,4.2051,9.4912,8.11361,0.3364,0.001696,0.3132,0.00371,0.00371,0.07774,99,0.0733,banda<=ruido,0,108.0,1,108,0,450,1,0.009259,8.2334e-7,0.98477
Aprima,11,parada,0.47,0.94,6.8,0.0079,1.105,25,20,16,0,1.1559,0.9992,4.3233,0.0000,1.9531,4.2287,10.5119,6.17705,0.3267,0.001749,0.3150,0.00220,0.00220,0.07845,83,0.0719,banda<=ruido,0,120.0,1,120,0,450,1,0.008333,1.5064e-7,0.96616
Aprima,11,parada,0.47,0.94,6.8,0.0079,1.105,25,20,16,0,1.1695,0.9341,4.3338,0.0000,1.9373,4.1951,11.5502,6.68387,0.3208,0.001796,0.3173,0.00372,0.00372,0.07791,93,0.0693,banda<=ruido,0,137.0,1,137,0,400,1,0.007299,8.0098e-7,0.98199
Aprima,11,parada,0.47,0.94,6.8,0.0079,1.105,25,20,16,0,1.1831,0.9902,4.3137,0.0000,1.9826,3.9262,12.5970,5.21513,0.3175,0.001876,0.3199,0.00379,0.00379,0.07711,94,0.0685,banda<=ruido,0,156.0,1,156,0,400,1,0.006410,5.2918e-7,0.98013
Aprima,11,parada,0.47,0.94,6.8,0.0079,1.105,25,20,16,0,1.1966,0.9264,4.3274,0.0000,1.9439,4.1176,13.5976,7.35310,0.3099,0.001635,0.3216,0.00414,0.00414,0.07768,99,0.0672,banda<=ruido,0,185.0,1,185,0,250,1,0.005405,1.2915e-6,0.99528
Aprima,11,parada,0.47,0.94,6.8,0.0079,1.105,25,20,16,0,1.2102,0.9982,4.3819,0.0000,1.9738,4.3994,14.6130,4.97647,0.3064,0.001796,0.3238,0.00384,0.00384,0.07603,102,0.0642,banda<=ruido,0,195.0,1,195,0,250,1,0.005128,9.7141e-7,0.99434
Aprima,11,parada,0.47,0.94,6.8,0.0079,1.105,25,20,16,0,1.2237,0.8912,4.3487,0.0000,1.9553,3.8894,15.5473,4.79065,0.2947,0.001655,0.3250,0.00321,0.00321,0.07803,90,0.0650,banda<=ruido,0,218.0,1,218,0,350,1,0.004587,5.4408e-7,0.99377
Aprima,11,parada,0.47,0.94,6.8,0.0079,1.105,25,20,16,0,1.2373,0.7540,4.2619,0.2499,1.9909,4.0294,16.4861,3.92105,0.2861,0.001857,0.3259,0.00273,0.00273,0.07856,91,0.0617,banda<=ruido,0,253.0,1,253,0,450,1,0.003953,3.3084e-7,0.92658
Aprima,11,parada,0.47,0.94,6.8,0.0079,1.105,25,20,16,0,1.2508,0.9871,4.3164,0.0000,1.9655,4.3593,17.5474,4.05844,0.2972,0.001783,0.3293,0.00268,0.00268,0.07836,96,0.0599,banda<=ruido,0,296.0,1,296,0,550,1,0.003378,2.8645e-7,0.99640
Aprima,11,parada,0.47,0.94,6.8,0.0079,1.105,25,20,16,0,1.2644,0.9968,4.2053,0.2864,1.9504,4.3732,18.3449,3.53262,0.2850,0.001860,0.3287,0.00338,0.00338,0.07763,102,0.0618,banda<=ruido,0,328.0,1,328,0,600,1,0.003049,8.9841e-7,0.99768
Aprima,11,parada,0.47,0.94,6.8,0.0079,1.105,25,20,16,0,1.2780,0.9871,4.3713,0.8485,1.9926,4.1794,19.1702,3.83863,0.2928,0.001824,0.3282,0.00461,0.00461,0.07828,100,0.0619,banda<=ruido,0,318.0,1,318,0,550,1,0.003145,1.0301e-6,0.99445
Aprima,11,parada,0.47,0.94,6.8,0.0079,1.105,25,20,16,0,1.2915,0.9544,4.2332,0.2108,1.9734,4.3310,19.8759,4.10321,0.3004,0.001749,0.3256,0.00328,0.00328,0.07641,94,0.0622,banda<=ruido,0,289.0,1,289,0,450,1,0.003460,8.3155e-7,0.97550
Aprima,11,parada,0.47,0.94,6.8,0.0079,1.105,25,20,16,0,1.3051,0.7838,4.2731,0.0000,1.9459,4.1620,20.4663,3.70419,0.3025,0.001793,0.3217,0.00362,0.00362,0.07825,98,0.0667,banda<=ruido,0,266.0,1,266,0,350,1,0.003759,8.2359e-7,0.98556
Aprima,11,parada,0.47,0.94,6.8,0.0079,1.105,25,20,16,0,1.3186,0.8813,4.3454,0.0000,1.9934,4.1797,0.6732,95.53721,0.9184,0.001613,0.1110,0.00089,0.00089,0.07868,61,0.2737,banda<=ruido,0,56.0,1,56,0,350,1,0.017857,4.1830e-8,0.98672
Aprima,11,parada,0.47,0.94,6.8,0.0079,1.105,25,20,16,0,1.3322,0.7219,4.3239,0.0000,1.9851,4.1426,0.8075,92.19401,0.8991,0.001529,0.1072,0.00071,0.00071,0.07584,51,0.2777,banda<=ruido,0,56.0,1,56,0,350,1,0.017857,3.3845e-8,0.98570
Aprima,11,parada,0.47,0.94,6.8,0.0079,1.105,25,20,16,0,1.3458,0.9982,4.3779,0.0000,1.9960,4.2226,0.9379,68.42140,0.8828,0.001834,0.1037,0.00113,0.00113,0.07835,65,0.2822,banda<=ruido,0,56.0,1,56,0,350,1,0.017857,1.0761e-8,0.98729
Aprima,11,parada,0.47,0.94,6.8,0.0079,1.105,25,20,16,0,1.3593,0.9992,4.3378,0.0000,1.9972,4.1653,1.0303,77.12795,0.8712,0.001744,0.1000,0.00077,0.00077,0.07651,52,0.2857,banda<=ruido,0,56.0,1,56,0,350,1,0.017857,2.5472e-8,0.99186
Aprima,11,parada,0.47,0.94,6.8,0.0079,1.105,25,20,16,0,1.3729,0.9950,4.3008,0.0000,1.9798,4.1996,1.1984,78.56617,0.8502,0.001720,0.0969,0.00102,0.00102,0.07762,72,0.2896,banda<=ruido,0,56.0,1,56,0,350,1,0.017857,9.2020e-8,0.99418
Aprima,11,parada,0.47,0.94,6.8,0.0079,1.105,25,20,16,0,1.3864,0.9097,4.3592,0.0000,1.9964,4.2945,1.3316,125.17629,0.8336,0.001558,0.0938,0.00082,0.00082,0.07871,61,0.2932,banda<=ruido,0,56.0,1,56,0,350,1,0.017857,3.9425e-8,0.98342
Aprima,11,parada,0.47,0.94,6.8,0.0079,1.105,25,20,16,0,1.4000,0.9968,4.3603,0.0000,1.9960,4.3125,1.4798,70.49092,0.8150,0.001933,0.0908,0.00071,0.00071,0.07881,55,0.2957,banda<=ruido,0,56.0,1,56,0,350,1,0.017857,1.2298e-8,0.98928
Aprima,25,parada,0.47,0.94,6.8,0.0079,1.105,25,20,16,0,0.6000,0.0000,4.3040,0.0000,1.9582,0.0000,12.5676,0.00000,0.0000,0.000000,0.5640,0.00000,0.00000,0.07640,1,0.0295,banda<=ruido,1,56.0,1,56,0,350,1,0.017857,1.2418e-31,0.97858
Aprima,25,parada,0.47,0.94,6.8,0.0079,1.105,25,20,16,0,0.6136,0.0000,4.3547,0.0000,1.9780,0.0000,12.4451,0.00000,0.0000,0.000000,0.5640,0.00000,0.00000,0.07799,1,0.0295,banda<=ruido,1,56.0,1,56,0,350,1,0.017857,1.2418e-31,0.97858
Aprima,25,parada,0.47,0.94,6.8,0.0079,1.105,25,20,16,0,0.6271,0.0000,4.2937,0.0000,1.9972,0.0000,12.2809,0.00000,0.0000,0.000000,0.5640,0.00000,0.00000,0.07760,1,0.0295,banda<=ruido,1,56.0,1,56,0,350,1,0.017857,1.2418e-31,0.97858
Aprima,25,parada,0.47,0.94,6.8,0.0079,1.105,25,20,16,0,0.6407,0.0000,4.3445,0.0000,1.9884,0.0000,12.0346,0.00000,0.0000,0.000000,0.5640,0.00000,0.00000,0.07746,1,0.0295,banda<=ruido,1,56.0,1,56,0,350,1,0.017857,1.2418e-31,0.97858
Aprima,25,parada,0.47,0.94,6.8,0.0079,1.105,25,20,16,0,0.6542,0.0000,4.2663,0.0000,1.9787,0.0000,11.9864,0.00000,0.0000,0.000000,0.5640,0.00000,0.00000,0.07818,1,0.0295,banda<=ruido,1,56.0,1,56,0,350,1,0.017857,1.2418e-31,0.97858
Aprima,25,parada,0.47,0.94,6.8,0.0079,1.105,25,20,16,0,0.6678,0.0000,4.2731,0.0000,1.9346,0.0000,11.7668,0.00000,0.0000,0.000000,0.5640,0.00000,0.00000,0.07828,1,0.0295,banda<=ruido,1,56.0,1,56,0,350,1,0.017857,1.2418e-31,0.97858
Aprima,25,parada,0.47,0.94,6.8,0.0079,1.105,25,20,16,0,0.6814,0.0000,4.3684,0.0000,1.9926,0.0000,11.6380,0.00000,0.0000,0.000000,0.5640,0.00000,0.00000,0.07711,1,0.0295,banda<=ruido,1,59.0,1,59,0,350,1,0.016949,1.2418e-31,0.97858
Aprima,25,parada,0.47,0.94,6.8,0.0079,1.105,25,20,16,0,0.6949,0.0000,4.3201,0.0000,1.9708,0.0000,11.5005,0.00000,0.0000,0.000000,0.5640,0.00000,0.00000,0.07866,1,0.0295,banda<=ruido,1,103.0,1,103,0,600,1,0.009709,1.2418e-31,0.97858
Aprima,25,parada,0.47,0.94,6.8,0.0079,1.105,25,20,16,0,0.7085,0.9604,4.3225,0.0000,1.9638,3.8542,25.2018,17.52206,0.3246,0.001846,0.3172,0.00470,0.00470,0.07787,103,0.0717,banda<=ruido,0,31.0,1,31,0,400,1,0.032258,2.4659e-7,0.98687
Aprima,25,parada,0.47,0.94,6.8,0.0079,1.105,25,20,16,0,0.7220,0.9968,4.3768,0.0000,1.9922,4.3535,24.9044,24.11213,0.3689,0.001809,0.3002,0.00186,0.00186,0.07766,84,0.0838,banda<=ruido,0,29.0,1,29,0,400,1,0.034483,2.7492e-7,0.98232
Aprima,25,parada,0.47,0.94,6.8,0.0079,1.105,25,20,16,0,0.7356,0.9604,4.2910,0.0000,1.9936,4.2331,24.5110,28.54713,0.4109,0.001891,0.2866,0.00434,0.00434,0.07748,100,0.0973,banda<=ruido,0,28.0,1,28,0,400,1,0.035714,8.0601e-7,0.99815
Aprima,25,parada,0.47,0.94,6.8,0.0079,1.105,25,20,16,0,0.7492,0.9756,4.2638,0.0000,1.9733,4.2287,23.9782,34.60107,0.4579,0.001781,0.2753,0.00193,0.00193,0.07782,83,0.1050,banda<=ruido,0,28.0,1,28,0,450,1,0.035714,2.8701e-7,0.99504
Aprima,25,parada,0.47,0.94,6.8,0.0079,1.105,25,20,16,0,0.7627,0.9902,4.3164,0.0000,1.9697,4.3310,23.4628,42.72086,0.4909,0.001747,0.2648,0.00167,0.00167,0.07849,79,0.1147,banda<=ruido,0,28.0,1,28,0,450,1,0.035714,2.4515e-7,0.99769
Aprima,25,parada,0.47,0.94,6.8,0.0079,1.105,25,20,16,0,0.7763,0.9544,4.3336,0.0000,1.9851,4.3545,22.8547,44.90306,0.5242,0.001852,0.2561,0.00201,0.00201,0.07776,83,0.1233,banda<=ruido,0,28.0,1,28,0,500,1,0.035714,3.3087e-7,0.98375
Aprima,25,parada,0.47,0.94,6.8,0.0079,1.105,25,20,16,0,0.7898,0.9968,4.3083,0.0000,1.9678,4.2250,22.1754,68.76837,0.5533,0.001703,0.2488,0.00305,0.00305,0.07755,90,0.1298,banda<=ruido,0,30.0,1,30,0,550,1,0.033333,4.1895e-7,0.98515
Aprima,25,parada,0.47,0.94,6.8,0.0079,1.105,25,20,16,0,0.8034,0.8813,4.3602,0.0000,1.9794,4.2116,21.4371,53.52456,0.5634,0.001935,0.2431,0.00171,0.00171,0.07768,80,0.1363,banda<=ruido,0,36.0,1,36,0,550,1,0.027778,9.4579e-8,0.98575
Aprima,25,parada,0.47,0.94,6.8,0.0079,1.105,25,20,16,0,0.8169,0.9413,4.3327,0.0000,1.9659,4.1761,20.2363,48.41091,0.5739,0.001808,0.2430,0.00265,0.00265,0.07835,91,0.1360,banda<=ruido,0,41.0,1,41,0,500,1,0.024390,5.2321e-7,0.98807
Aprima,25,parada,0.47,0.94,6.8,0.0079,1.105,25,20,16,0,0.8305,0.9799,4.2896,0.0000,1.9624,4.1759,18.9017,52.92705,0.5570,0.001709,0.2452,0.00191,0.00191,0.07839,77,0.1329,banda<=ruido,0,39.0,1,39,0,450,1,0.025641,3.2722e-7,0.98758
Aprima,25,parada,0.47,0.94,6.8,0.0079,1.105,25,20,16,0,0.8441,0.8912,4.2683,0.0000,1.9713,4.3138,17.3911,49.86637,0.5515,0.001605,0.2495,0.00171,0.00171,0.07843,87,0.1289,banda<=ruido,0,38.0,1,38,0,350,1,0.026316,1.8508e-7,0.97812
Aprima,25,parada,0.47,0.94,6.8,0.0079,1.105,25,20,16,0,0.8576,0.5886,4.3842,0.0000,1.9906,3.9479,15.9943,42.11176,0.5338,0.001683,0.2528,0.00243,0.00243,0.07657,84,0.1264,banda<=ruido,0,38.0,1,38,0,350,1,0.026316,1.7627e-7,0.94481
Aprima,25,parada,0.47,0.94,6.8,0.0079,1.105,25,20,16,0,0.8712,0.9183,4.3890,0.0000,1.9808,4.2649,14.6501,32.14433,0.5127,0.001889,0.2559,0.00145,0.00145,0.07766,78,0.1233,banda<=ruido,0,39.0,1,39,0,300,1,0.025641,1.1253e-7,0.96421
Aprima,25,parada,0.47,0.94,6.8,0.0079,1.105,25,20,16,0,0.8847,0.9968,4.2911,0.0000,1.9949,4.4330,13.2201,34.22853,0.5058,0.001637,0.2600,0.00137,0.00137,0.07710,78,0.1200,banda<=ruido,0,39.0,1,39,0,300,1,0.025641,1.1811e-7,0.97876
Aprima,25,parada,0.47,0.94,6.8,0.0079,1.105,25,20,16,0,0.8983,0.9799,4.3678,0.5197,1.9786,4.3734,11.8485,35.29719,0.4951,0.001793,0.2635,0.00251,0.00251,0.07819,99,0.1151,banda<=ruido,0,40.0,1,40,0,300,1,0.025000,3.7775e-7,0.98736
Aprima,25,parada,0.47,0.94,6.8,0.0079,1.105,25,20,16,0,0.9119,0.6690,4.2827,0.0000,1.9606,3.9859,10.5161,28.98751,0.4827,0.001705,0.2671,0.00197,0.00197,0.07773,80,0.1139,banda<=ruido,0,41.0,1,41,0,300,1,0.024390,1.7972e-7,0.98523
Aprima,25,parada,0.47,0.94,6.8,0.0079,1.105,25,20,16,0,0.9254,0.9264,4.3688,0.0000,1.9968,4.3395,9.2438,25.57770,0.4660,0.001701,0.2696,0.00230,0.00230,0.07782,91,0.1106,banda<=ruido,0,42.0,1,42,0,300,1,0.023810,4.6364e-7,0.99939
Aprima,25,parada,0.47,0.94,6.8,0.0079,1.105,25,20,16,0,0.9390,0.8485,4.3460,0.0000,1.9606,4.0644,7.8324,32.95058,0.4697,0.001587,0.2743,0.00247,0.00247,0.07726,89,0.1060,banda<=ruido,0,44.0,1,44,0,300,1,0.022727,9.0790e-8,0.95311
Aprima,25,parada,0.47,0.94,6.8,0.0079,1.105,25,20,16,0,0.9525,0.9756,4.2738,0.0000,1.9932,4.3304,6.5944,20.58903,0.4546,0.001836,0.2771,0.00332,0.00332,0.07823,102,0.1053,banda<=ruido,0,45.0,1,45,0,300,1,0.022222,8.9348e-7,0.98016
Aprima,25,parada,0.47,0.94,6.8,0.0079,1.105,25,20,16,0,0.9661,0.8709,4.3260,0.0000,1.9960,4.3513,5.3579,20.30731,0.4421,0.001796,0.2798,0.00339,0.00339,0.07701,92,0.1014,banda<=ruido,0,47.0,1,47,0,300,1,0.021277,1.0394e-6,1.00289
Aprima,25,parada,0.47,0.94,6.8,0.0079,1.105,25,20,16,0,0.9797,0.6873,4.3489,0.0000,1.9955,3.9524,4.1201,20.06672,0.4324,0.001713,0.2828,0.00152,0.00152,0.07803,70,0.0988,banda<=ruido,0,49.0,1,49,0,300,1,0.020408,1.8004e-7,0.99733
Aprima,25,parada,0.47,0.94,6.8,0.0079,1.105,25,20,16,0,0.9932,0.9902,4.3660,0.7049,1.9771,4.3721,2.9028,18.40362,0.4227,0.001751,0.2858,0.00430,0.00430,0.07828,102,0.0961,banda<=ruido,0,51.0,1,51,0,350,1,0.019608,2.1137e-6,0.99981
Aprima,25,parada,0.47,0.94,6.8,0.0079,1.105,25,20,16,0,1.0068,0.9341,4.2639,0.0000,1.9739,4.1860,1.6856,16.85858,0.4155,0.001578,0.2887,0.00142,0.00142,0.07741,75,0.0934,banda<=ruido,0,54.0,1,54,0,350,1,0.018519,9.8370e-8,0.98415
Aprima,25,parada,0.47,0.94,6.8,0.0079,1.105,25,20,16,0,1.0203,0.9264,4.3565,0.0000,1.9903,4.2914,0.5486,12.85911,0.4006,0.001818,0.2907,0.00232,0.00232,0.07767,91,0.0911,banda<=ruido,0,56.0,1,56,0,350,1,0.017857,4.0017e-7,0.99289
Aprima,25,parada,0.47,0.94,6.8,0.0079,1.105,25,20,16,0,1.0339,0.3843,4.3248,0.0000,1.9873,3.5982,0.7966,15.21867,0.4140,0.001593,0.2960,0.00215,0.00215,0.07789,74,0.0873,banda<=ruido,0,60.0,1,60,0,350,1,0.016667,1.0829e-7,0.93139
Aprima,25,parada,0.47,0.94,6.8,0.0079,1.105,25,20,16,0,1.0475,0.9799,4.2969,0.0000,1.9766,4.4035,1.8118,10.15091,0.3883,0.002014,0.2967,0.00212,0.00212,0.07782,90,0.0869,banda<=ruido,0,63.0,1,63,0,350,1,0.015873,2.4789e-7,0.99372
Aprima,25,parada,0.47,0.94,6.8,0.0079,1.105,25,20,16,0,1.0610,0.9902,4.3430,0.0000,1.9778,4.0760,2.9635,13.13595,0.3819,0.001671,0.2993,0.00264,0.00264,0.07629,92,0.0838,banda<=ruido,0,67.0,1,67,0,350,1,0.014925,3.3356e-7,0.97387
Aprima,25,parada,0.47,0.94,6.8,0.0079,1.105,25,20,16,0,1.0746,0.9413,4.3115,0.0000,1.9593,4.3138,4.1004,9.28070,0.3757,0.001941,0.3024,0.00352,0.00352,0.07777,100,0.0837,banda<=ruido,0,72.0,1,72,0,400,1,0.013889,1.0916e-6,0.98697
Aprima,25,parada,0.47,0.94,6.8,0.0079,1.105,25,20,16,0,1.0881,0.9992,4.4025,0.0000,1.9964,4.3968,5.2035,10.50210,0.3672,0.001725,0.3043,0.00123,0.00123,0.07706,82,0.0804,banda<=ruido,0,77.0,1,77,0,400,1,0.012987,1.1873e-7,0.96735
Aprima,25,parada,0.47,0.94,6.8,0.0079,1.105,25,20,16,0,1.1017,0.9799,4.2147,0.0000,1.9504,4.2105,6.3347,10.02671,0.3642,0.001614,0.3072,0.00251,0.00251,0.07872,94,0.0772,banda<=ruido,0,83.0,1,83,0,400,1,0.012048,4.1455e-7,0.97727
Aprima,25,parada,0.47,0.94,6.8,0.0079,1.105,25,20,16,0,1.1153,0.8912,4.2821,0.0000,1.9704,4.2611,7.3650,7.58076,0.3504,0.001815,0.3088,0.00235,0.00235,0.07781,95,0.0763,banda<=ruido,0,90.0,1,90,0,400,1,0.011111,3.4466e-7,0.99461
Aprima,25,parada,0.47,0.94,6.8,0.0079,1.105,25,20,16,0,1.1288,0.8366,4.3659,0.0000,1.9884,4.2203,8.4274,7.76081,0.3424,0.001641,0.3111,0.00139,0.00139,0.07870,71,0.0751,banda<=ruido,0,99.0,1,99,0,400,1,0.010101,8.7429e-8,0.95442
Aprima,25,parada,0.47,0.94,6.8,0.0079,1.105,25,20,16,0,1.1424,0.8600,4.3229,0.0000,1.9884,4.2377,9.4771,7.89005,0.3346,0.001884,0.3131,0.00338,0.00338,0.07797,100,0.0731,banda<=ruido,0,108.0,1,108,0,450,1,0.009259,3.5623e-7,0.97872
Aprima,25,parada,0.47,0.94,6.8,0.0079,1.105,25,20,16,0,1.1559,0.9710,4.3122,0.0000,1.9692,4.4150,10.5517,8.05743,0.3316,0.001599,0.3155,0.00280,0.00280,0.07761,96,0.0702,banda<=ruido,0,120.0,1,120,0,450,1,0.008333,4.3290e-7,0.99045
Aprima,25,parada,0.47,0.94,6.8,0.0079,1.105,25,20,16,0,1.1695,0.9982,4.3610,0.0000,1.9872,4.0769,11.6215,7.54895,0.3297,0.001638,0.3182,0.00355,0.00355,0.07793,99,0.0677,banda<=ruido,0,137.0,1,137,0,400,1,0.007299,6.1520e-7,0.98292
Aprima,25,parada,0.47,0.94,6.8,0.0079,1.105,25,20,16,0,1.1831,0.9950,4.2845,0.0000,1.9955,4.2592,12.6443,7.85489,0.3234,0.001619,0.3204,0.00374,0.00374,0.07715,100,0.0669,banda<=ruido,0,156.0,1,156,0,400,1,0.006410,9.7259e-7,1.00065
Aprima,25,parada,0.47,0.94,6.8,0.0079,1.105,25,20,16,0,1.1966,0.9264,4.3680,0.0000,1.9853,4.3737,13.5994,7.29530,0.3102,0.001773,0.3216,0.00391,0.00391,0.07609,103,0.0659,banda<=ruido,0,185.0,1,185,0,250,1,0.005405,1.0884e-6,0.99866
Aprima,25,parada,0.47,0.94,6.8,0.0079,1.105,25,20,16,0,1.2102,0.9341,4.3675,0.0000,1.9856,4.2940,14.6193,4.32987,0.3072,0.001974,0.3239,0.00115,0.00115,0.07792,69,0.0648,banda<=ruido,0,195.0,1,195,0,250,1,0.005128,7.1353e-8,0.96901
Aprima,25,parada,0.47,0.94,6.8,0.0079,1.105,25,20,16,0,1.2237,0.9799,4.3531,0.3534,1.9670,4.1370,15.5827,4.85187,0.2992,0.001910,0.3256,0.00414,0.00414,0.07701,98,0.0642,banda<=ruido,0,218.0,1,218,0,350,1,0.004587,7.4431e-7,0.99739
Aprima,25,parada,0.47,0.94,6.8,0.0079,1.105,25,20,16,0,1.2373,0.9837,4.3117,0.8813,1.9710,4.1576,16.6047,5.19710,0.3010,0.001574,0.3281,0.00318,0.00318,0.07816,98,0.0623,banda<=ruido,0,253.0,1,253,0,450,1,0.003953,9.6108e-7,0.99527
Aprima,25,parada,0.47,0.94,6.8,0.0079,1.105,25,20,16,0,1.2508,0.8366,4.3675,0.0000,1.9964,4.2404,17.5679,3.84730,0.2998,0.001896,0.3300,0.00186,0.00186,0.07793,82,0.0607,banda<=ruido,0,296.0,1,296,0,550,1,0.003378,2.3779e-7,0.97959
Aprima,25,parada,0.47,0.94,6.8,0.0079,1.105,25,20,16,0,1.2644,0.9968,4.2862,0.2499,1.9517,4.3576,18.3784,4.04242,0.2892,0.001745,0.3289,0.00344,0.00344,0.07749,104,0.0614,banda<=ruido,0,328.0,1,328,0,600,1,0.003049,5.9432e-7,0.98189
Aprima,25,parada,0.47,0.94,6.8,0.0079,1.105,25,20,16,0,1.2780,0.9710,4.3916,0.8242,1.9930,4.1753,19.1712,3.75357,0.2929,0.001759,0.3280,0.00179,0.00179,0.07442,84,0.0615,banda<=ruido,0,318.0,1,318,0,550,1,0.003145,1.7638e-7,0.96516
Aprima,25,parada,0.47,0.94,6.8,0.0079,1.105,25,20,16,0,1.2915,0.9998,4.3576,0.0000,1.9836,4.2366,19.8507,4.40572,0.2972,0.001619,0.3250,0.00335,0.00335,0.07816,100,0.0624,banda<=ruido,0,289.0,1,289,0,450,1,0.003460,1.0094e-6,0.99067
Aprima,25,parada,0.47,0.94,6.8,0.0079,1.105,25,20,16,0,1.3051,0.9902,4.3154,0.0000,1.9900,4.3065,20.5040,3.73597,0.3072,0.001833,0.3221,0.00216,0.00216,0.07850,90,0.0661,banda<=ruido,0,266.0,1,266,0,350,1,0.003759,1.8674e-7,0.97101
Aprima,25,parada,0.47,0.94,6.8,0.0079,1.105,25,20,16,0,1.3186,0.9183,4.3150,0.0000,1.9756,4.3269,0.7330,70.91944,0.9109,0.001817,0.1113,0.00097,0.00097,0.07516,64,0.2735,banda<=ruido,0,56.0,1,56,0,350,1,0.017857,5.0046e-8,1.00135
Aprima,25,parada,0.47,0.94,6.8,0.0079,1.105,25,20,16,0,1.3322,0.9928,4.3319,0.0000,1.9972,4.2897,0.8076,103.91080,0.8991,0.001645,0.1072,0.00102,0.00102,0.07862,65,0.2778,banda<=ruido,0,56.0,1,56,0,350,1,0.017857,7.6085e-8,0.99617
Aprima,25,parada,0.47,0.94,6.8,0.0079,1.105,25,20,16,0,1.3458,0.9097,4.3579,0.0000,1.9794,4.2758,0.9987,92.28855,0.8752,0.001657,0.1039,0.00073,0.00073,0.07845,54,0.2811,banda<=ruido,0,56.0,1,56,0,350,1,0.017857,4.8507e-8,0.98105
Aprima,25,parada,0.47,0.94,6.8,0.0079,1.105,25,20,16,0,1.3593,0.7978,4.2778,0.0000,1.9637,4.1503,1.1229,79.48545,0.8596,0.001669,0.1004,0.00082,0.00082,0.07554,57,0.2856,banda<=ruido,0,56.0,1,56,0,350,1,0.017857,4.0558e-8,0.98038
Aprima,25,parada,0.47,0.94,6.8,0.0079,1.105,25,20,16,0,1.3729,0.9264,4.3216,0.0000,1.9666,3.9111,1.2228,71.85405,0.8471,0.001749,0.0969,0.00059,0.00059,0.07637,43,0.2889,banda<=ruido,0,56.0,1,56,0,350,1,0.017857,8.5061e-9,0.93973
Aprima,25,parada,0.47,0.94,6.8,0.0079,1.105,25,20,16,0,1.3864,1.0000,4.3375,0.0000,1.9584,4.3718,1.3746,75.60956,0.8282,0.001842,0.0939,0.00101,0.00101,0.07595,71,0.2926,banda<=ruido,0,56.0,1,56,0,350,1,0.017857,8.4431e-8,0.99148
Aprima,25,parada,0.47,0.94,6.8,0.0079,1.105,25,20,16,0,1.4000,0.9968,4.3748,0.0000,1.9892,4.2744,1.5312,66.25459,0.8086,0.001777,0.0911,0.00102,0.00102,0.07878,68,0.2961,banda<=ruido,0,56.0,1,56,0,350,1,0.017857,9.2613e-8,0.99900
Bprima,9,parada,0.3,0.8,6.8,0.0079,1.105,22,20,8,0,0.6000,0.0000,4.3494,0.0000,2.9368,0.0000,10.4872,0.00000,0.0000,0.000000,0.3600,0.00000,0.00000,0.07783,1,0.0128,banda<=ruido,1,56.0,1,56,0,350,1,0.017857,5.4794e-32,0.98192
Bprima,9,parada,0.3,0.8,6.8,0.0079,1.105,22,20,8,0,0.6136,0.0000,4.2965,0.0000,2.9790,0.0000,10.2375,0.00000,0.0000,0.000000,0.3600,0.00000,0.00000,0.07841,1,0.0128,banda<=ruido,1,56.0,1,56,0,350,1,0.017857,5.4794e-32,0.98192
Bprima,9,parada,0.3,0.8,6.8,0.0079,1.105,22,20,8,0,0.6271,0.0000,4.3496,0.0000,2.9626,0.0000,10.0342,0.00000,0.0000,0.000000,0.3600,0.00000,0.00000,0.07825,1,0.0128,banda<=ruido,1,56.0,1,56,0,350,1,0.017857,5.4794e-32,0.98192
Bprima,9,parada,0.3,0.8,6.8,0.0079,1.105,22,20,8,0,0.6407,0.0000,4.3179,0.0000,2.9655,0.0000,9.7682,0.00000,0.0000,0.000000,0.3600,0.00000,0.00000,0.07647,1,0.0128,banda<=ruido,1,56.0,1,56,0,350,1,0.017857,5.4794e-32,0.98192
Bprima,9,parada,0.3,0.8,6.8,0.0079,1.105,22,20,8,0,0.6542,0.0000,4.3077,0.0000,2.9316,0.0000,9.5309,0.00000,0.0000,0.000000,0.3600,0.00000,0.00000,0.07862,1,0.0128,banda<=ruido,1,64.0,1,64,0,400,1,0.015625,5.4794e-32,0.98192
Bprima,9,parada,0.3,0.8,6.8,0.0079,1.105,22,20,8,0,0.6678,0.7838,4.3144,0.0000,2.9550,4.1337,24.4196,0.45458,0.3751,0.001703,0.2804,0.00113,0.00113,0.07846,66,0.0015,banda<=ruido,0,33.0,1,33,0,650,1,0.030303,3.9536e-8,0.95655
Bprima,9,parada,0.3,0.8,6.8,0.0079,1.105,22,20,8,0,0.6814,0.7219,4.2703,0.0000,2.9804,4.0942,24.1787,0.90567,0.4287,0.001755,0.2719,0.00074,0.00074,0.07759,52,0.0030,banda<=ruido,0,30.0,1,30,0,400,1,0.033333,2.4706e-8,0.99185
Bprima,9,parada,0.3,0.8,6.8,0.0079,1.105,22,20,8,0,0.6949,0.7978,4.3823,0.0000,2.9913,3.8771,23.9242,1.96596,0.4661,0.001589,0.2640,0.00206,0.00206,0.07729,78,0.0046,banda<=ruido,0,29.0,1,29,0,400,1,0.034483,1.5102e-7,0.97827
Bprima,9,parada,0.3,0.8,6.8,0.0079,1.105,22,20,8,0,0.7085,0.9481,4.3792,0.0000,2.9689,4.4497,23.4934,2.34221,0.5109,0.001937,0.2578,0.00049,0.00049,0.07811,44,0.0066,banda<=ruido,0,28.0,1,28,0,400,1,0.035714,1.7942e-8,0.96366
Bprima,9,parada,0.3,0.8,6.8,0.0079,1.105,22,20,8,0,0.7220,0.9928,4.3404,0.0000,2.9888,4.4450,22.9665,3.60643,0.5546,0.001825,0.2526,0.00138,0.00138,0.07697,89,0.0084,banda<=ruido,0,28.0,1,28,0,450,1,0.035714,1.7567e-7,0.97914
Bprima,9,parada,0.3,0.8,6.8,0.0079,1.105,22,20,8,0,0.7356,0.9837,4.3789,0.0000,2.9641,4.3577,22.4633,8.74785,0.5831,0.001605,0.2472,0.00131,0.00131,0.07835,77,0.0099,banda<=ruido,0,28.0,1,28,0,500,1,0.035714,1.3713e-7,0.99846
Bprima,9,parada,0.3,0.8,6.8,0.0079,1.105,22,20,8,0,0.7492,0.7540,4.3220,0.0000,2.9797,4.0392,21.8821,5.83696,0.6089,0.001621,0.2426,0.00103,0.00103,0.07792,64,0.0115,banda<=ruido,0,29.0,1,29,0,500,1,0.034483,2.5222e-8,0.97821
Bprima,9,parada,0.3,0.8,6.8,0.0079,1.105,22,20,8,0,0.7627,0.7049,4.2862,0.0000,2.9588,4.1336,21.2592,5.95344,0.6245,0.001822,0.2387,0.00090,0.00090,0.07837,59,0.0134,banda<=ruido,0,31.0,1,31,0,550,1,0.032258,5.1257e-8,0.99364
Bprima,9,parada,0.3,0.8,6.8,0.0079,1.105,22,20,8,0,0.7763,0.9998,4.3518,0.0000,2.9764,4.2561,20.2910,6.78981,0.6459,0.001629,0.2370,0.00118,0.00118,0.07714,69,0.0141,banda<=ruido,0,41.0,1,41,0,550,1,0.024390,9.4280e-8,0.98476
Bprima,9,parada,0.3,0.8,6.8,0.0079,1.105,22,20,8,0,0.7898,0.8242,4.4146,0.0000,2.9761,4.0628,19.0463,6.33884,0.6368,0.001659,0.2371,0.00106,0.00106,0.07727,65,0.0138,banda<=ruido,0,40.0,1,40,0,500,1,0.025000,2.5860e-8,0.98078
Bprima,9,parada,0.3,0.8,6.8,0.0079,1.105,22,20,8,0,0.8034,0.8813,4.3426,0.0000,2.9891,3.9967,17.5211,4.79272,0.6299,0.001803,0.2392,0.00111,0.00111,0.07769,60,0.0131,banda<=ruido,0,39.0,1,39,0,400,1,0.025641,3.3751e-8,0.97229
Bprima,9,parada,0.3,0.8,6.8,0.0079,1.105,22,20,8,0,0.8169,0.9413,4.2864,0.0000,2.9664,4.2762,16.0473,4.70622,0.6139,0.001900,0.2410,0.00148,0.00148,0.07865,82,0.0125,banda<=ruido,0,39.0,1,39,0,350,1,0.025641,1.2053e-7,0.97005
Bprima,9,parada,0.3,0.8,6.8,0.0079,1.105,22,20,8,0,0.8305,0.9756,4.3765,0.0000,2.9476,4.3734,14.5862,5.43310,0.5991,0.001712,0.2428,0.00101,0.00101,0.07786,66,0.0116,banda<=ruido,0,39.0,1,39,0,350,1,0.025641,7.9549e-8,0.99207
Bprima,9,parada,0.3,0.8,6.8,0.0079,1.105,22,20,8,0,0.8441,0.9413,4.3996,0.0000,2.9672,4.1982,13.0563,3.20099,0.5967,0.001904,0.2452,0.00088,0.00088,0.07614,56,0.0110,banda<=ruido,0,39.0,1,39,0,300,1,0.025641,4.3347e-8,0.94964
Bprima,9,parada,0.3,0.8,6.8,0.0079,1.105,22,20,8,0,0.8576,0.9928,4.3462,0.0000,2.9691,4.1673,11.6762,3.44024,0.5794,0.001753,0.2467,0.00146,0.00146,0.07856,74,0.0103,banda<=ruido,0,40.0,1,40,0,300,1,0.025000,1.5645e-7,0.98862
Bprima,9,parada,0.3,0.8,6.8,0.0079,1.105,22,20,8,0,0.8712,0.8485,4.3109,0.9950,2.9843,4.2675,10.2591,2.44845,0.5703,0.001911,0.2486,0.00092,0.00092,0.07778,64,0.0096,banda<=ruido,0,41.0,1,41,0,300,1,0.024390,3.0652e-8,0.95002
Bprima,9,parada,0.3,0.8,6.8,0.0079,1.105,22,20,8,0,0.8847,0.8366,4.3741,0.0000,2.9581,4.1730,8.8258,2.71452,0.5667,0.001646,0.2506,0.00109,0.00109,0.07846,64,0.0089,banda<=ruido,0,42.0,1,42,0,300,1,0.023810,7.0764e-8,0.99457
Bprima,9,parada,0.3,0.8,6.8,0.0079,1.105,22,20,8,0,0.8983,0.9992,4.2596,0.0000,2.9639,4.2742,7.4898,2.09519,0.5542,0.001743,0.2521,0.00164,0.00164,0.07692,75,0.0082,banda<=ruido,0,44.0,1,44,0,300,1,0.022727,2.0936e-8,0.94614
Bprima,9,parada,0.3,0.8,6.8,0.0079,1.105,22,20,8,0,0.9119,0.9837,4.3612,0.0000,2.9783,3.9531,6.1382,2.04422,0.5469,0.001658,0.2540,0.00147,0.00147,0.07738,74,0.0079,banda<=ruido,0,45.0,1,45,0,300,1,0.022222,1.3624e-7,0.99095
Bprima,9,parada,0.3,0.8,6.8,0.0079,1.105,22,20,8,0,0.9254,0.9710,4.3449,0.0000,2.9781,4.1527,4.8795,2.27715,0.5309,0.001706,0.2551,0.00087,0.00087,0.07627,60,0.0072,banda<=ruido,0,47.0,1,47,0,300,1,0.021277,4.2844e-8,0.98100
Bprima,9,parada,0.3,0.8,6.8,0.0079,1.105,22,20,8,0,0.9390,0.9871,4.3666,0.0000,2.9700,4.2828,3.6325,1.72277,0.5164,0.001594,0.2562,0.00139,0.00139,0.07812,76,0.0070,banda<=ruido,0,49.0,1,49,0,300,1,0.020408,1.4037e-7,0.98616
Bprima,9,parada,0.3,0.8,6.8,0.0079,1.105,22,20,8,0,0.9525,0.9183,4.4008,0.0000,2.9830,3.8026,2.3893,1.23311,0.5042,0.001832,0.2577,0.00174,0.00174,0.07875,68,0.0066,banda<=ruido,0,52.0,1,52,0,350,1,0.019231,1.4419e-7,0.97712
Bprima,9,parada,0.3,0.8,6.8,0.0079,1.105,22,20,8,0,0.9661,0.9007,4.3399,0.0000,2.9858,4.1928,1.0199,1.15998,0.5105,0.001770,0.2598,0.00057,0.00057,0.07662,45,0.0060,banda<=ruido,0,54.0,1,54,0,350,1,0.018519,1.5364e-8,0.98139
Bprima,9,parada,0.3,0.8,6.8,0.0079,1.105,22,20,8,0,0.9797,0.9659,4.3783,0.0000,2.9707,4.1601,0.1456,0.90939,0.4936,0.001910,0.2608,0.00075,0.00075,0.07757,49,0.0058,banda<=ruido,0,57.0,1,57,0,350,1,0.017544,3.5260e-8,0.98695
Bprima,9,parada,0.3,0.8,6.8,0.0079,1.105,22,20,8,0,0.9932,0.9871,4.3060,0.0000,2.9711,4.1724,1.4060,0.95236,0.4915,0.001657,0.2623,0.00141,0.00141,0.07721,76,0.0052,banda<=ruido,0,60.0,1,60,0,350,1,0.016667,5.6520e-8,0.97220
Bprima,9,parada,0.3,0.8,6.8,0.0079,1.105,22,20,8,0,1.0068,0.9544,4.3518,0.0000,2.9821,3.9732,2.5641,0.71433,0.4787,0.001823,0.2634,0.00087,0.00087,0.07610,53,0.0050,banda<=ruido,0,64.0,1,64,0,350,1,0.015625,1.5585e-8,0.97538
Bprima,9,parada,0.3,0.8,6.8,0.0079,1.105,22,20,8,0,1.0203,0.9998,4.3796,0.0000,2.9313,4.3463,3.7543,0.79194,0.4723,0.001707,0.2647,0.00076,0.00076,0.07793,60,0.0047,banda<=ruido,0,68.0,1,68,0,350,1,0.014706,3.4034e-8,0.98878
Bprima,9,parada,0.3,0.8,6.8,0.0079,1.105,22,20,8,0,1.0339,0.9604,4.3724,0.0000,2.9681,4.1630,4.9358,0.66737,0.4670,0.001738,0.2659,0.00127,0.00127,0.07885,72,0.0044,banda<=ruido,0,73.0,1,73,0,400,1,0.013699,1.0223e-7,0.98260
Bprima,9,parada,0.3,0.8,6.8,0.0079,1.105,22,20,8,0,1.0475,0.9604,4.4057,0.0000,2.9872,4.3060,6.1101,0.65621,0.4629,0.001653,0.2674,0.00112,0.00112,0.07586,69,0.0041,banda<=ruido,0,79.0,1,79,0,400,1,0.012658,3.9838e-8,0.98253
Bprima,9,parada,0.3,0.8,6.8,0.0079,1.105,22,20,8,0,1.0610,0.9756,4.3473,0.6690,2.9859,4.2516,7.2137,0.53496,0.4521,0.001551,0.2682,0.00173,0.00173,0.07881,83,0.0037,banda<=ruido,0,85.0,1,85,0,400,1,0.011765,1.1354e-7,0.97789
Bprima,9,parada,0.3,0.8,6.8,0.0079,1.105,22,20,8,0,1.0746,0.9950,4.3520,0.9950,2.9457,4.1748,8.2824,0.45028,0.4389,0.001871,0.2690,0.00120,0.00120,0.07816,73,0.0037,banda<=ruido,0,93.0,1,93,0,400,1,0.010753,6.2912e-8,0.98076
Bprima,9,parada,0.3,0.8,6.8,0.0079,1.105,22,20,8,0,1.0881,0.7692,4.3788,0.0000,2.9640,4.1012,9.4551,0.35974,0.4406,0.001834,0.2706,0.00136,0.00136,0.07847,68,0.0033,banda<=ruido,0,103.0,1,103,0,400,1,0.009709,5.0709e-8,0.97689
Bprima,9,parada,0.3,0.8,6.8,0.0079,1.105,22,20,8,0,1.1017,0.9968,4.3776,0.0000,2.9442,4.3795,10.5811,0.29618,0.4383,0.001906,0.2718,0.00112,0.00112,0.07681,69,0.0030,banda<=ruido,0,113.0,1,113,0,450,1,0.008850,9.0239e-8,1.00108
Bprima,9,parada,0.3,0.8,6.8,0.0079,1.105,22,20,8,0,1.1153,0.9659,4.3353,0.0000,2.9786,4.2669,11.5868,0.27138,0.4229,0.001836,0.2724,0.00122,0.00122,0.07775,73,0.0030,banda<=ruido,0,129.0,1,129,0,400,1,0.007752,8.6645e-8,0.99189
Bprima,9,parada,0.3,0.8,6.8,0.0079,1.105,22,20,8,0,1.1288,0.9604,4.2936,0.0000,2.9791,4.3767,12.7399,0.29754,0.4276,0.001679,0.2739,0.00101,0.00101,0.07872,67,0.0026,banda<=ruido,0,146.0,1,146,0,400,1,0.006849,7.1052e-8,0.98819
Bprima,9,parada,0.3,0.8,6.8,0.0079,1.105,22,20,8,0,1.1424,0.9992,4.3306,0.0000,2.9654,4.3463,13.7858,0.27753,0.4205,0.001534,0.2748,0.00089,0.00089,0.07743,64,0.0024,banda<=ruido,0,171.0,1,171,0,300,1,0.005848,5.3000e-8,0.98381
Bprima,9,parada,0.3,0.8,6.8,0.0079,1.105,22,20,8,0,1.1559,0.9902,4.3705,0.0000,2.9528,4.1083,14.8721,0.19673,0.4205,0.001754,0.2762,0.00197,0.00197,0.07697,81,0.0024,banda<=ruido,0,187.0,1,187,0,250,1,0.005348,4.2265e-8,0.96206
Bprima,9,parada,0.3,0.8,6.8,0.0079,1.105,22,20,8,0,1.1695,0.9982,4.3216,0.0000,2.9297,4.4254,15.8286,0.15849,0.4064,0.001955,0.2765,0.00146,0.00146,0.07775,81,0.0022,banda<=ruido,0,208.0,1,208,0,350,1,0.004808,1.3361e-7,0.97651
Bprima,9,parada,0.3,0.8,6.8,0.0079,1.105,22,20,8,0,1.1831,0.9481,4.3411,0.0000,2.9540,4.0658,16.8788,0.17481,0.4064,0.001622,0.2775,0.00142,0.00142,0.07655,70,0.0019,banda<=ruido,0,242.0,1,242,0,450,1,0.004132,1.0184e-7,0.99635
Bprima,9,parada,0.3,0.8,6.8,0.0079,1.105,22,20,8,0,1.1966,0.9544,4.2895,0.0000,2.9601,4.3709,17.8417,0.15224,0.3995,0.001856,0.2781,0.00166,0.00166,0.07837,86,0.0018,banda<=ruido,0,285.0,1,285,0,550,1,0.003509,2.2130e-7,0.99804
Bprima,9,parada,0.3,0.8,6.8,0.0079,1.105,22,20,8,0,1.2102,0.9982,4.2577,0.6500,2.9268,4.3132,18.8137,0.15359,0.4024,0.001649,0.2788,0.00146,0.00146,0.07873,80,0.0018,banda<=ruido,0,318.0,1,318,0,600,1,0.003145,1.4125e-7,0.97018
Bprima,9,parada,0.3,0.8,6.8,0.0079,1.105,22,20,8,0,1.2237,0.9007,4.3464,0.4138,2.9420,4.1722,19.6310,0.13788,0.4014,0.001727,0.2783,0.00167,0.00167,0.07846,78,0.0019,banda<=ruido,0,324.0,1,324,0,600,1,0.003086,1.7350e-7,0.99878
Bprima,9,parada,0.3,0.8,6.8,0.0079,1.105,22,20,8,0,1.2373,0.9799,4.2779,0.0000,2.9777,4.2686,20.3683,0.13746,0.4084,0.001868,0.2774,0.00121,0.00121,0.07882,79,0.0020,banda<=ruido,0,291.0,1,291,0,500,1,0.003436,8.7549e-8,1.00054
Bprima,9,parada,0.3,0.8,6.8,0.0079,1.105,22,20,8,0,1.2508,0.9871,4.2702,0.0000,2.9291,4.3490,20.9829,0.18252,0.4111,0.001767,0.2754,0.00180,0.00180,0.07463,80,0.0022,banda<=ruido,0,254.0,1,254,0,350,1,0.003937,2.4332e-7,0.98805
Bprima,9,parada,0.3,0.8,6.8,0.0079,1.105,22,20,8,0,1.2644,0.9604,4.2904,0.0000,2.9788,4.2579,21.6229,0.19341,0.4225,0.001868,0.2738,0.00164,0.00164,0.07845,84,0.0026,banda<=ruido,0,241.0,1,241,0,350,1,0.004149,6.5775e-8,0.96450
Bprima,9,parada,0.3,0.8,6.8,0.0079,1.105,22,20,8,0,1.2780,0.9183,4.3413,0.0000,2.9534,4.0539,1.5927,15.61202,0.8009,0.001824,0.1588,0.00089,0.00089,0.07812,56,0.0607,banda<=ruido,0,56.0,1,56,0,350,1,0.017857,1.2942e-8,0.99473
Bprima,9,parada,0.3,0.8,6.8,0.0079,1.105,22,20,8,0,1.2915,0.9998,4.3136,0.0000,2.9511,4.4642,1.8105,20.61614,0.7737,0.001588,0.1564,0.00058,0.00058,0.07711,55,0.0630,banda<=ruido,0,56.0,1,56,0,350,1,0.017857,3.0129e-8,0.98614
Bprima,9,parada,0.3,0.8,6.8,0.0079,1.105,22,20,8,0,1.3051,0.9998,4.3838,0.0000,2.9693,4.2307,1.9437,17.90323,0.7570,0.001673,0.1537,0.00041,0.00041,0.07662,34,0.0650,banda<=ruido,0,56.0,1,56,0,350,1,0.017857,1.8394e-8,0.99916
Bprima,9,parada,0.3,0.8,6.8,0.0079,1.105,22,20,8,0,1.3186,1.0000,4.2816,0.0000,2.9181,4.2395,2.1293,17.43847,0.7338,0.001643,0.1512,0.00116,0.00116,0.07740,72,0.0670,banda<=ruido,0,56.0,1,56,0,350,1,0.017857,2.0978e-8,0.95109
Bprima,9,parada,0.3,0.8,6.8,0.0079,1.105,22,20,8,0,1.3322,0.9982,4.3162,0.0000,2.9865,4.3300,2.3532,17.52680,0.7058,0.001733,0.1489,0.00089,0.00089,0.07820,70,0.0687,banda<=ruido,0,56.0,1,56,0,350,1,0.017857,6.5605e-8,0.98354
Bprima,9,parada,0.3,0.8,6.8,0.0079,1.105,22,20,8,0,1.3458,0.9837,4.2995,0.9481,2.9295,4.2825,2.4865,18.22278,0.6892,0.001801,0.1464,0.00059,0.00059,0.07647,48,0.0705,banda<=ruido,0,56.0,1,56,0,350,1,0.017857,2.6183e-8,0.99842
Bprima,9,parada,0.3,0.8,6.8,0.0079,1.105,22,20,8,0,1.3593,0.8813,4.2392,0.0000,2.9132,4.1644,2.6320,15.55367,0.6710,0.001839,0.1440,0.00056,0.00056,0.07672,48,0.0724,banda<=ruido,0,56.0,1,56,0,350,1,0.017857,1.2740e-8,0.95796
Bprima,9,parada,0.3,0.8,6.8,0.0079,1.105,22,20,8,0,1.3729,0.8242,4.3315,0.0000,2.9527,4.0712,2.8042,14.50327,0.6495,0.001976,0.1417,0.00073,0.00073,0.07814,53,0.0743,banda<=ruido,0,56.0,1,56,0,350,1,0.017857,2.3975e-8,0.97582
Bprima,9,parada,0.3,0.8,6.8,0.0079,1.105,22,20,8,0,1.3864,0.9710,4.2921,0.0000,2.9548,4.2919,2.9310,109.39149,0.6336,0.001699,0.1394,0.00051,0.00051,0.07809,48,0.0763,banda<=ruido,0,56.0,1,56,0,350,1,0.017857,1.6194e-8,0.99335
Bprima,9,parada,0.3,0.8,6.8,0.0079,1.105,22,20,8,0,1.4000,0.9183,4.3849,0.0000,2.9699,4.0591,3.1212,13.29269,0.6098,0.001996,0.1373,0.00036,0.00036,0.07848,30,0.0777,banda<=ruido,0,56.0,1,56,0,350,1,0.017857,3.9270e-9,0.96920
Bprima,3,parada,0.65,0.8,6.8,0.0079,1.105,22,20,8,0,0.6000,0.0000,4.2807,0.0000,1.9520,0.0000,16.7154,0.00000,0.0000,0.000000,0.7800,0.00000,0.00000,0.07888,1,0.0527,banda<=ruido,1,56.0,1,56,0,350,1,0.017857,6.5725e-30,0.98319
Bprima,3,parada,0.65,0.8,6.8,0.0079,1.105,22,20,8,0,0.6136,0.0000,4.4002,0.0000,1.9679,0.0000,16.5358,0.00000,0.0000,0.000000,0.7800,0.00000,0.00000,0.07793,1,0.0527,banda<=ruido,1,56.0,1,56,0,350,1,0.017857,6.5725e-30,0.98319
Bprima,3,parada,0.65,0.8,6.8,0.0079,1.105,22,20,8,0,0.6271,0.0000,4.3401,0.0000,1.9842,0.0000,16.3319,0.00000,0.0000,0.000000,0.7800,0.00000,0.00000,0.07775,1,0.0527,banda<=ruido,1,56.0,1,56,0,350,1,0.017857,6.5725e-30,0.98319
Bprima,3,parada,0.65,0.8,6.8,0.0079,1.105,22,20,8,0,0.6407,0.0000,4.2801,0.0000,1.9860,0.0000,16.0282,0.00000,0.0000,0.000000,0.7800,0.00000,0.00000,0.07750,1,0.0527,banda<=ruido,1,56.0,1,56,0,350,1,0.017857,6.5725e-30,0.98319
Bprima,3,parada,0.65,0.8,6.8,0.0079,1.105,22,20,8,0,0.6542,0.0000,4.3662,0.0000,1.9083,0.0000,15.7684,0.00000,0.0000,0.000000,0.7800,0.00000,0.00000,0.07680,1,0.0527,banda<=ruido,1,64.0,1,64,0,400,1,0.015625,6.5725e-30,0.98319
Bprima,3,parada,0.65,0.8,6.8,0.0079,1.105,22,20,8,0,0.6678,0.9871,4.3760,0.0000,1.9570,4.2136,28.3177,0.00000,0.0000,0.000000,0.5471,0.00268,0.00268,0.07859,94,0.0354,banda<=ruido,0,33.0,1,33,0,650,1,0.030303,2.4437e-7,0.99783
Bprima,3,parada,0.65,0.8,6.8,0.0079,1.105,22,20,8,0,0.6814,0.9413,4.3498,0.0000,1.9719,4.2998,27.9060,0.00000,0.0000,0.000000,0.5331,0.00190,0.00190,0.07862,87,0.0438,banda<=ruido,0,30.0,1,30,0,400,1,0.033333,3.1125e-7,0.99342
Bprima,3,parada,0.65,0.8,6.8,0.0079,1.105,22,20,8,0,0.6949,0.9982,4.2923,0.0000,1.9823,4.3595,27.6345,55.67199,0.0057,0.000938,0.5180,0.00208,0.00208,0.07747,94,0.0535,banda<=ruido,0,29.0,1,29,0,400,1,0.034483,2.9056e-7,0.96204
Bprima,3,parada,0.65,0.8,6.8,0.0079,1.105,22,20,8,0,0.7085,0.9710,4.3493,0.0000,1.9708,4.3153,27.1552,2.68910,0.0531,0.001918,0.5067,0.00102,0.00102,0.07790,65,0.0627,banda<=ruido,0,28.0,1,28,0,400,1,0.035714,5.4753e-8,0.97432
Bprima,3,parada,0.65,0.8,6.8,0.0079,1.105,22,20,8,0,0.7220,0.9950,4.3601,0.0000,1.9631,4.4127,26.6210,7.59143,0.0978,0.001668,0.4963,0.00218,0.00218,0.07731,93,0.0697,banda<=ruido,0,28.0,1,28,0,450,1,0.035714,3.5979e-7,0.99152
Bprima,3,parada,0.65,0.8,6.8,0.0079,1.105,22,20,8,0,0.7356,0.8709,4.3302,0.0000,1.9585,4.0684,26.0263,11.13744,0.1377,0.001697,0.4873,0.00243,0.00243,0.07714,87,0.0779,banda<=ruido,0,28.0,1,28,0,500,1,0.035714,2.9880e-7,0.99459
Bprima,3,parada,0.65,0.8,6.8,0.0079,1.105,22,20,8,0,0.7492,0.9659,4.4083,0.0000,1.9701,4.2380,25.4109,13.78060,0.1678,0.001752,0.4789,0.00213,0.00213,0.07822,80,0.0846,banda<=ruido,0,29.0,1,29,0,500,1,0.034483,1.8609e-7,0.98876
Bprima,3,parada,0.65,0.8,6.8,0.0079,1.105,22,20,8,0,0.7627,0.9341,4.2700,0.0000,1.9547,4.3304,24.7264,17.34631,0.1910,0.001745,0.4720,0.00196,0.00196,0.07864,93,0.0908,banda<=ruido,0,31.0,1,31,0,550,1,0.032258,2.7802e-7,0.99843
Bprima,3,parada,0.65,0.8,6.8,0.0079,1.105,22,20,8,0,0.7763,0.9950,4.3195,0.0000,1.9544,4.3526,23.7757,22.72565,0.2103,0.001722,0.4684,0.00241,0.00241,0.07768,94,0.0933,banda<=ruido,0,41.0,1,41,0,550,1,0.024390,4.8856e-7,0.99825
Bprima,3,parada,0.65,0.8,6.8,0.0079,1.105,22,20,8,0,0.7898,0.9998,4.3441,0.0000,1.9560,4.4421,22.4609,20.35237,0.2100,0.001671,0.4696,0.00120,0.00120,0.07885,75,0.0927,banda<=ruido,0,40.0,1,40,0,500,1,0.025000,4.6557e-8,0.95587
Bprima,3,parada,0.65,0.8,6.8,0.0079,1.105,22,20,8,0,0.8034,0.8912,4.3457,0.0000,1.9874,4.0020,21.0029,13.97046,0.1947,0.001711,0.4728,0.00266,0.00266,0.07644,84,0.0906,banda<=ruido,0,39.0,1,39,0,400,1,0.025641,9.3184e-8,0.96439
Bprima,3,parada,0.65,0.8,6.8,0.0079,1.105,22,20,8,0,0.8169,0.9710,4.2693,0.0000,1.9865,4.1807,19.5093,14.71006,0.1811,0.001705,0.4764,0.00218,0.00218,0.07803,84,0.0866,banda<=ruido,0,39.0,1,39,0,350,1,0.025641,5.2660e-7,0.99511
Bprima,3,parada,0.65,0.8,6.8,0.0079,1.105,22,20,8,0,0.8305,0.9799,4.2964,0.0000,1.9719,4.1574,18.0786,8.81624,0.1626,0.001908,0.4798,0.00199,0.00199,0.07812,87,0.0848,banda<=ruido,0,39.0,1,39,0,350,1,0.025641,2.7257e-7,1.00035
Bprima,3,parada,0.65,0.8,6.8,0.0079,1.105,22,20,8,0,0.8441,0.9982,4.3298,0.1223,1.9771,4.2470,16.6243,14.22830,0.1507,0.001789,0.4836,0.00266,0.00266,0.07803,93,0.0812,banda<=ruido,0,39.0,1,39,0,300,1,0.025641,1.6031e-7,0.97487
Bprima,3,parada,0.65,0.8,6.8,0.0079,1.105,22,20,8,0,0.8576,0.9928,4.3363,0.0000,1.9403,4.4232,15.2702,6.85442,0.1302,0.001777,0.4860,0.00159,0.00159,0.07692,81,0.0789,banda<=ruido,0,40.0,1,40,0,300,1,0.025000,1.3306e-7,0.97919
Bprima,3,parada,0.65,0.8,6.8,0.0079,1.105,22,20,8,0,0.8712,0.9799,4.3315,0.0000,1.9808,4.3496,13.7917,7.45627,0.1287,0.001687,0.4905,0.00158,0.00158,0.07848,81,0.0756,banda<=ruido,0,41.0,1,41,0,300,1,0.024390,1.9174e-7,0.98713
Bprima,3,parada,0.65,0.8,6.8,0.0079,1.105,22,20,8,0,0.8847,0.9950,4.2936,0.0000,1.9786,4.4249,12.4511,5.39529,0.1135,0.001850,0.4933,0.00203,0.00203,0.07865,93,0.0732,banda<=ruido,0,42.0,1,42,0,300,1,0.023810,2.5717e-7,0.98877
Bprima,3,parada,0.65,0.8,6.8,0.0079,1.105,22,20,8,0,0.8983,0.9097,4.3368,0.0000,1.9552,4.2570,11.1826,4.36731,0.0926,0.001716,0.4953,0.00170,0.00170,0.07848,89,0.0709,banda<=ruido,0,44.0,1,44,0,300,1,0.022727,1.8664e-7,0.98542
Bprima,3,parada,0.65,0.8,6.8,0.0079,1.105,22,20,8,0,0.9119,0.8813,4.3972,0.0000,1.9872,4.3231,9.8382,3.71352,0.0844,0.001770,0.4986,0.00182,0.00182,0.07819,85,0.0685,banda<=ruido,0,45.0,1,45,0,300,1,0.022222,2.1063e-7,0.97250
Bprima,3,parada,0.65,0.8,6.8,0.0079,1.105,22,20,8,0,0.9254,0.8709,4.3814,0.0000,1.9814,4.1201,8.4991,3.43440,0.0785,0.001655,0.5022,0.00204,0.00204,0.07692,78,0.0662,banda<=ruido,0,47.0,1,47,0,300,1,0.021277,1.5024e-7,0.98755
Bprima,3,parada,0.65,0.8,6.8,0.0079,1.105,22,20,8,0,0.9390,0.9413,4.3093,0.0000,1.9508,4.2806,7.2680,2.98228,0.0620,0.001649,0.5043,0.00236,0.00236,0.07879,91,0.0648,banda<=ruido,0,49.0,1,49,0,300,1,0.020408,3.7673e-7,1.00180
Bprima,3,parada,0.65,0.8,6.8,0.0079,1.105,22,20,8,0,0.9525,0.9341,4.3295,0.0000,1.9890,4.2087,6.0388,1.59170,0.0480,0.001830,0.5066,0.00210,0.00210,0.07857,89,0.0633,banda<=ruido,0,52.0,1,52,0,350,1,0.019231,1.7725e-7,0.99453
Bprima,3,parada,0.65,0.8,6.8,0.0079,1.105,22,20,8,0,0.9661,0.9902,4.2527,0.0000,1.9676,4.3862,4.7561,1.64448,0.0434,0.001650,0.5096,0.00261,0.00261,0.07812,95,0.0605,banda<=ruido,0,54.0,1,54,0,350,1,0.018519,3.8345e-7,0.99669
Bprima,3,parada,0.65,0.8,6.8,0.0079,1.105,22,20,8,0,0.9797,0.9341,4.3622,0.0000,1.9542,4.2669,3.5600,1.38384,0.0306,0.001559,0.5116,0.00316,0.00316,0.07810,97,0.0584,banda<=ruido,0,57.0,1,57,0,350,1,0.017544,3.8241e-7,0.99107
Bprima,3,parada,0.65,0.8,6.8,0.0079,1.105,22,20,8,0,0.9932,0.9183,4.4258,0.0000,1.9724,4.3249,2.3524,34.37170,0.0216,0.001762,0.5143,0.00244,0.00244,0.07893,94,0.0570,banda<=ruido,0,60.0,1,60,0,350,1,0.016667,3.1534e-7,0.99125
Bprima,3,parada,0.65,0.8,6.8,0.0079,1.105,22,20,8,0,1.0068,0.9264,4.3366,0.0000,1.9877,4.2196,1.1816,1.27936,0.0116,0.001431,0.5162,0.00285,0.00285,0.07884,93,0.0551,banda<=ruido,0,64.0,1,64,0,350,1,0.015625,3.7806e-7,0.99784
Bprima,3,parada,0.65,0.8,6.8,0.0079,1.105,22,20,8,0,1.0203,0.9871,4.3295,0.0000,1.9546,4.3707,0.0804,12.92730,0.0056,0.001109,0.5186,0.00301,0.00301,0.07734,98,0.0547,banda<=ruido,0,68.0,1,68,0,350,1,0.014706,4.6441e-7,0.98001
Bprima,3,parada,0.65,0.8,6.8,0.0079,1.105,22,20,8,0,1.0339,0.9928,4.3405,0.0000,1.9139,4.3905,1.0820,4.67747,0.0004,0.000194,0.5200,0.00216,0.00216,0.07846,94,0.0530,banda<=ruido,0,73.0,1,73,0,400,1,0.013699,3.6944e-7,1.00076
Bprima,3,parada,0.65,0.8,6.8,0.0079,1.105,22,20,8,0,1.0475,0.8485,4.3089,0.0000,1.9724,4.2521,2.2952,1.59255,0.0006,0.000298,0.5231,0.00241,0.00241,0.07876,88,0.0508,banda<=ruido,0,79.0,1,79,0,400,1,0.012658,4.7410e-7,1.00255
Bprima,3,parada,0.65,0.8,6.8,0.0079,1.105,22,20,8,0,1.0610,0.9710,4.2517,0.0000,1.9776,4.3052,3.4080,0.00000,0.0000,0.000000,0.5248,0.00154,0.00154,0.07885,80,0.0493,banda<=ruido,0,85.0,1,85,0,400,1,0.011765,1.3793e-7,0.97422
Bprima,3,parada,0.65,0.8,6.8,0.0079,1.105,22,20,8,0,1.0746,0.7838,4.3080,0.0000,1.9960,4.1222,4.5623,0.00000,0.0000,0.000000,0.5277,0.00244,0.00244,0.07874,92,0.0484,banda<=ruido,0,93.0,1,93,0,400,1,0.010753,2.0931e-7,0.97761
Bprima,3,parada,0.65,0.8,6.8,0.0079,1.105,22,20,8,0,1.0881,0.9481,4.3722,0.0000,1.9790,4.2772,5.6171,0.00000,0.0000,0.000000,0.5290,0.00258,0.00258,0.07789,88,0.0466,banda<=ruido,0,103.0,1,103,0,400,1,0.009709,2.7054e-7,0.99525
Bprima,3,parada,0.65,0.8,6.8,0.0079,1.105,22,20,8,0,1.1017,0.9710,4.3222,0.9604,1.9765,3.9977,6.6957,0.00000,0.0000,0.000000,0.5304,0.00297,0.00297,0.07773,88,0.0445,banda<=ruido,0,113.0,1,113,0,450,1,0.008850,2.3502e-7,0.98590
Bprima,3,parada,0.65,0.8,6.8,0.0079,1.105,22,20,8,0,1.1153,0.9756,4.4054,0.0000,1.9819,4.2730,7.7618,0.00000,0.0000,0.000000,0.5323,0.00337,0.00337,0.07798,99,0.0433,banda<=ruido,0,129.0,1,129,0,400,1,0.007752,3.9737e-7,0.98979
Bprima,3,parada,0.65,0.8,6.8,0.0079,1.105,22,20,8,0,1.1288,0.9710,4.3031,0.0000,1.9328,4.0560,8.8444,0.00000,0.0000,0.000000,0.5345,0.00245,0.00245,0.07797,84,0.0429,banda<=ruido,0,146.0,1,146,0,400,1,0.006849,3.5248e-7,0.98687
Bprima,3,parada,0.65,0.8,6.8,0.0079,1.105,22,20,8,0,1.1424,0.8485,4.3019,0.0000,1.9688,4.3301,9.9119,0.00000,0.0000,0.000000,0.5366,0.00339,0.00339,0.07598,95,0.0416,banda<=ruido,0,171.0,1,171,0,300,1,0.005848,8.6725e-7,0.99895
Bprima,3,parada,0.65,0.8,6.8,0.0079,1.105,22,20,8,0,1.1559,0.9481,4.2496,0.0000,1.9615,4.3439,10.9335,0.00000,0.0000,0.000000,0.5381,0.00192,0.00192,0.07731,87,0.0408,banda<=ruido,0,187.0,1,187,0,250,1,0.005348,2.0834e-7,0.95884
Bprima,3,parada,0.65,0.8,6.8,0.0079,1.105,22,20,8,0,1.1695,0.9604,4.2816,0.0000,1.9910,4.2473,11.9345,0.00000,0.0000,0.000000,0.5394,0.00159,0.00159,0.07867,80,0.0393,banda<=ruido,0,208.0,1,208,0,350,1,0.004808,1.4893e-7,0.98754
Bprima,3,parada,0.65,0.8,6.8,0.0079,1.105,22,20,8,0,1.1831,0.9871,4.2911,0.0000,1.9569,4.2473,12.9238,0.00000,0.0000,0.000000,0.5407,0.00254,0.00254,0.07342,91,0.0379,banda<=ruido,0,242.0,1,242,0,450,1,0.004132,4.2969e-7,0.98834
Bprima,3,parada,0.65,0.8,6.8,0.0079,1.105,22,20,8,0,1.1966,1.0000,4.3544,0.0000,1.9626,4.2628,13.8596,0.00000,0.0000,0.000000,0.5415,0.00234,0.00234,0.07824,87,0.0385,banda<=ruido,0,285.0,1,285,0,550,1,0.003509,1.3378e-7,0.98792
Bprima,3,parada,0.65,0.8,6.8,0.0079,1.105,22,20,8,0,1.2102,0.9950,4.3675,0.0000,1.9838,4.2140,14.8353,0.00000,0.0000,0.000000,0.5428,0.00207,0.00207,0.07855,85,0.0375,banda<=ruido,0,318.0,1,318,0,600,1,0.003145,2.1495e-7,0.99391
Bprima,3,parada,0.65,0.8,6.8,0.0079,1.105,22,20,8,0,1.2237,0.9799,4.3083,0.0000,1.9873,4.3123,15.7119,0.00000,0.0000,0.000000,0.5428,0.00160,0.00160,0.07885,83,0.0378,banda<=ruido,0,324.0,1,324,0,600,1,0.003086,1.3237e-7,0.96964
Bprima,3,parada,0.65,0.8,6.8,0.0079,1.105,22,20,8,0,1.2373,0.8813,4.3532,0.0000,1.9773,4.0388,16.4052,0.00000,0.0000,0.000000,0.5403,0.00206,0.00206,0.07881,80,0.0396,banda<=ruido,0,291.0,1,291,0,500,1,0.003436,1.2882e-7,0.99520
Bprima,3,parada,0.65,0.8,6.8,0.0079,1.105,22,20,8,0,1.2508,0.9950,4.2580,0.0000,1.9601,4.4359,17.1050,0.00000,0.0000,0.000000,0.5379,0.00300,0.00300,0.07851,102,0.0410,banda<=ruido,0,254.0,1,254,0,350,1,0.003937,8.1612e-7,1.00280
Bprima,3,parada,0.65,0.8,6.8,0.0079,1.105,22,20,8,0,1.2644,0.9264,4.3608,0.0000,1.9463,4.2918,17.7309,0.00000,0.0000,0.000000,0.5345,0.00254,0.00254,0.07681,92,0.0425,banda<=ruido,0,241.0,1,241,0,350,1,0.004149,5.5160e-7,0.99906
Bprima,3,parada,0.65,0.8,6.8,0.0079,1.105,22,20,8,0,1.2780,0.9799,4.3974,0.0000,1.9964,4.0664,0.8268,107.73798,0.8966,0.001602,0.3238,0.00217,0.00217,0.07807,80,0.2379,banda<=ruido,0,56.0,1,56,0,350,1,0.017857,2.7439e-7,0.99207
Bprima,3,parada,0.65,0.8,6.8,0.0079,1.105,22,20,8,0,1.2915,0.8485,4.3406,0.0000,1.9619,4.2461,0.6057,97.10035,0.9243,0.001817,0.3188,0.00121,0.00121,0.07646,72,0.2435,banda<=ruido,0,56.0,1,56,0,350,1,0.017857,7.2650e-8,0.96019
Bprima,3,parada,0.65,0.8,6.8,0.0079,1.105,22,20,8,0,1.3051,0.9183,4.2292,0.0000,1.9556,4.3307,0.3892,101.92568,0.9513,0.001800,0.3140,0.00099,0.00099,0.07793,68,0.2490,banda<=ruido,0,56.0,1,56,0,350,1,0.017857,8.0851e-8,0.97948
Bprima,3,parada,0.65,0.8,6.8,0.0079,1.105,22,20,8,0,1.3186,0.9902,4.3238,0.0000,1.9865,4.4330,0.2071,112.94943,0.9741,0.001852,0.3090,0.00124,0.00124,0.07629,73,0.2545,banda<=ruido,0,56.0,1,56,0,350,1,0.017857,7.5269e-8,0.98900
Bprima,3,parada,0.65,0.8,6.8,0.0079,1.105,22,20,8,0,1.3322,0.9998,4.3045,0.0000,1.9783,4.1974,0.0946,109.27637,0.9882,0.001756,0.3041,0.00191,0.00191,0.07888,85,0.2589,banda<=ruido,0,56.0,1,56,0,350,1,0.017857,1.3045e-7,0.98142
Bprima,3,parada,0.65,0.8,6.8,0.0079,1.105,22,20,8,0,1.3458,0.9341,4.2601,0.0000,1.9725,4.1134,0.2472,109.10470,0.9691,0.001796,0.2999,0.00130,0.00130,0.07821,66,0.2634,banda<=ruido,0,56.0,1,56,0,350,1,0.017857,4.7452e-8,0.98765
Bprima,3,parada,0.65,0.8,6.8,0.0079,1.105,22,20,8,0,1.3593,0.8113,4.3625,0.0000,1.9570,4.1134,0.4380,117.55444,0.9452,0.001704,0.2955,0.00133,0.00133,0.07822,68,0.2696,banda<=ruido,0,56.0,1,56,0,350,1,0.017857,8.6499e-8,0.98232
Bprima,3,parada,0.65,0.8,6.8,0.0079,1.105,22,20,8,0,1.3729,0.9413,4.3202,0.0000,1.9713,4.3512,0.6210,122.74620,0.9224,0.001850,0.2909,0.00106,0.00106,0.07754,73,0.2739,banda<=ruido,0,56.0,1,56,0,350,1,0.017857,6.8378e-8,0.98565
Bprima,3,parada,0.65,0.8,6.8,0.0079,1.105,22,20,8,0,1.3864,0.8709,4.3060,0.0000,1.9783,4.2933,0.8001,139.04488,0.9000,0.001646,0.2865,0.00149,0.00149,0.07719,75,0.2785,banda<=ruido,0,56.0,1,56,0,350,1,0.017857,1.4433e-7,0.99920
Bprima,3,parada,0.65,0.8,6.8,0.0079,1.105,22,20,8,0,1.4000,0.8485,4.3605,0.0000,1.9504,4.2699,0.9668,113.27969,0.8792,0.001745,0.2821,0.00126,0.00126,0.07843,74,0.2834,banda<=ruido,0,56.0,1,56,0,350,1,0.017857,1.0253e-7,0.99484
Bprima,7,parada,0.3,0.8,6.8,0.0079,1.105,22,20,12,0,0.6000,0.0000,4.2704,0.0000,2.7712,0.0000,10.4626,0.00000,0.0000,0.000000,0.3600,0.00000,0.00000,0.07824,1,0.0128,banda<=ruido,1,56.0,1,56,0,350,1,0.017857,5.4794e-32,0.98192
Bprima,7,parada,0.3,0.8,6.8,0.0079,1.105,22,20,12,0,0.6136,0.0000,4.3086,0.0000,2.8770,0.0000,10.2879,0.00000,0.0000,0.000000,0.3600,0.00000,0.00000,0.07808,1,0.0128,banda<=ruido,1,56.0,1,56,0,350,1,0.017857,5.4794e-32,0.98192
Bprima,7,parada,0.3,0.8,6.8,0.0079,1.105,22,20,12,0,0.6271,0.0000,4.3277,0.0000,2.8575,0.0000,9.9973,0.00000,0.0000,0.000000,0.3600,0.00000,0.00000,0.07880,1,0.0128,banda<=ruido,1,56.0,1,56,0,350,1,0.017857,5.4794e-32,0.98192
Bprima,7,parada,0.3,0.8,6.8,0.0079,1.105,22,20,12,0,0.6407,0.0000,4.3106,0.0000,2.6788,0.0000,9.8595,0.00000,0.0000,0.000000,0.3600,0.00000,0.00000,0.07610,1,0.0128,banda<=ruido,1,56.0,1,56,0,350,1,0.017857,5.4794e-32,0.98192
Bprima,7,parada,0.3,0.8,6.8,0.0079,1.105,22,20,12,0,0.6542,0.0000,4.3776,0.0000,2.8503,0.0000,9.5005,0.00000,0.0000,0.000000,0.3600,0.00000,0.00000,0.07846,1,0.0128,banda<=ruido,1,64.0,1,64,0,400,1,0.015625,5.4794e-32,0.98192
Bprima,7,parada,0.3,0.8,6.8,0.0079,1.105,22,20,12,0,0.6678,0.9871,4.3576,0.0000,2.9362,4.2826,24.1809,1.32287,0.4050,0.001709,0.2736,0.00179,0.00179,0.07755,82,0.0026,banda<=ruido,0,33.0,1,33,0,650,1,0.030303,1.7483e-7,0.99031
Bprima,7,parada,0.3,0.8,6.8,0.0079,1.105,22,20,12,0,0.6814,0.9659,4.3654,0.0000,2.8712,4.3225,23.9621,1.76947,0.4558,0.001911,0.2612,0.00181,0.00181,0.07751,90,0.0057,banda<=ruido,0,30.0,1,30,0,400,1,0.033333,1.9052e-7,0.98872
Bprima,7,parada,0.3,0.8,6.8,0.0079,1.105,22,20,12,0,0.6949,0.9604,4.2996,0.0000,2.9012,4.2044,23.6348,4.00582,0.5023,0.001590,0.2505,0.00175,0.00175,0.07773,78,0.0086,banda<=ruido,0,29.0,1,29,0,400,1,0.034483,2.0152e-7,0.99192
Bprima,7,parada,0.3,0.8,6.8,0.0079,1.105,22,20,12,0,0.7085,0.8912,4.3662,0.0000,2.8356,3.8345,23.2685,4.58987,0.5390,0.001757,0.2413,0.00180,0.00180,0.07678,76,0.0125,banda<=ruido,0,28.0,1,28,0,400,1,0.035714,1.0557e-7,0.99688
Bprima,7,parada,0.3,0.8,6.8,0.0079,1.105,22,20,12,0,0.7220,0.8600,4.3762,0.0000,2.8543,4.1515,22.7017,6.26805,0.5877,0.001778,0.2342,0.00232,0.00232,0.07814,86,0.0158,banda<=ruido,0,28.0,1,28,0,450,1,0.035714,3.5088e-7,0.98939
Bprima,7,parada,0.3,0.8,6.8,0.0079,1.105,22,20,12,0,0.7356,0.9544,4.2657,0.3843,2.6587,4.2784,22.2067,8.98039,0.6151,0.001611,0.2267,0.00149,0.00149,0.07625,82,0.0185,banda<=ruido,0,28.0,1,28,0,500,1,0.035714,9.8926e-8,0.97430
Bprima,7,parada,0.3,0.8,6.8,0.0079,1.105,22,20,12,0,0.7492,0.9183,4.3268,0.0000,2.8781,4.2376,21.6446,11.66010,0.6386,0.001499,0.2204,0.00156,0.00156,0.07848,79,0.0217,banda<=ruido,0,29.0,1,29,0,500,1,0.034483,1.2807e-7,0.99238
Bprima,7,parada,0.3,0.8,6.8,0.0079,1.105,22,20,12,0,0.7627,0.9928,4.3341,0.0000,2.7841,4.3843,20.8580,10.78176,0.6746,0.001763,0.2164,0.00120,0.00120,0.07670,79,0.0239,banda<=ruido,0,31.0,1,31,0,550,1,0.032258,8.3841e-8,0.99230
Bprima,7,parada,0.3,0.8,6.8,0.0079,1.105,22,20,12,0,0.7763,0.9756,4.3139,0.0000,2.8913,4.3359,20.0157,11.72607,0.6803,0.001684,0.2130,0.00184,0.00184,0.07823,91,0.0255,banda<=ruido,0,41.0,1,41,0,550,1,0.024390,2.1350e-7,0.99180
Bprima,7,parada,0.3,0.8,6.8,0.0079,1.105,22,20,12,0,0.7898,0.9902,4.3441,0.0000,2.9081,4.3308,18.6560,12.29601,0.6856,0.001664,0.2142,0.00101,0.00101,0.07860,71,0.0251,banda<=ruido,0,40.0,1,40,0,500,1,0.025000,3.8300e-8,0.97698
Bprima,7,parada,0.3,0.8,6.8,0.0079,1.105,22,20,12,0,0.8034,0.8242,4.3367,0.3208,2.7911,4.0794,17.1795,424.38456,0.6726,0.001764,0.2164,0.00200,0.00200,0.07514,83,0.0235,banda<=ruido,0,39.0,1,39,0,400,1,0.025641,1.8565e-7,0.99179
Bprima,7,parada,0.3,0.8,6.8,0.0079,1.105,22,20,12,0,0.8169,0.9871,4.2537,0.0000,2.8213,4.2890,15.6730,8.47662,0.6607,0.001766,0.2191,0.00119,0.00119,0.07842,71,0.0221,banda<=ruido,0,39.0,1,39,0,350,1,0.025641,1.0039e-7,0.99866
Bprima,7,parada,0.3,0.8,6.8,0.0079,1.105,22,20,12,0,0.8305,0.9756,4.3609,0.0000,2.8732,4.1077,14.1876,8.02948,0.6490,0.001652,0.2218,0.00127,0.00127,0.07796,71,0.0206,banda<=ruido,0,39.0,1,39,0,350,1,0.025641,2.8521e-8,0.97805
Bprima,7,parada,0.3,0.8,6.8,0.0079,1.105,22,20,12,0,0.8441,0.6303,4.3423,0.0000,2.7649,3.9132,12.7366,10.44414,0.6367,0.001685,0.2244,0.00221,0.00221,0.07868,76,0.0198,banda<=ruido,0,39.0,1,39,0,300,1,0.025641,1.0079e-7,0.93986
Bprima,7,parada,0.3,0.8,6.8,0.0079,1.105,22,20,12,0,0.8576,0.7219,4.3535,0.0000,2.7981,4.0337,11.4202,5.56606,0.6114,0.001831,0.2262,0.00192,0.00192,0.07839,76,0.0194,banda<=ruido,0,40.0,1,40,0,300,1,0.025000,1.6308e-7,0.98891
Bprima,7,parada,0.3,0.8,6.8,0.0079,1.105,22,20,12,0,0.8712,0.9837,4.3642,0.0000,2.8041,4.0441,10.0704,4.62060,0.5939,0.001891,0.2282,0.00162,0.00162,0.07656,74,0.0183,banda<=ruido,0,41.0,1,41,0,300,1,0.024390,8.8809e-8,0.98197
Bprima,7,parada,0.3,0.8,6.8,0.0079,1.105,22,20,12,0,0.8847,0.8813,4.3897,0.0000,2.8222,4.0271,8.5733,4.38972,0.5983,0.001912,0.2314,0.00157,0.00157,0.07794,70,0.0165,banda<=ruido,0,42.0,1,42,0,300,1,0.023810,1.0645e-7,0.98127
Bprima,7,parada,0.3,0.8,6.8,0.0079,1.105,22,20,12,0,0.8983,0.9097,4.3511,0.0000,2.8652,4.0505,7.2867,4.65491,0.5796,0.001555,0.2331,0.00099,0.00099,0.07696,60,0.0155,banda<=ruido,0,44.0,1,44,0,300,1,0.022727,9.5357e-8,0.99173
Bprima,7,parada,0.3,0.8,6.8,0.0079,1.105,22,20,12,0,0.9119,0.9837,4.3171,0.0000,2.7657,4.2781,5.9695,3.17254,0.5680,0.001997,0.2353,0.00149,0.00149,0.07742,76,0.0149,banda<=ruido,0,45.0,1,45,0,300,1,0.022222,1.3814e-7,0.98789
Bprima,7,parada,0.3,0.8,6.8,0.0079,1.105,22,20,12,0,0.9254,0.9756,4.2994,0.0000,2.7693,4.3022,4.6339,3.33929,0.5616,0.001812,0.2377,0.00209,0.00209,0.07778,87,0.0140,banda<=ruido,0,47.0,1,47,0,300,1,0.021277,4.1332e-7,1.00315
Bprima,7,parada,0.3,0.8,6.8,0.0079,1.105,22,20,12,0,0.9390,1.0000,4.3422,0.8709,2.7872,4.3087,3.3634,2.72587,0.5501,0.001768,0.2394,0.00112,0.00112,0.07744,74,0.0129,banda<=ruido,0,49.0,1,49,0,300,1,0.020408,4.9248e-8,0.99200
Bprima,7,parada,0.3,0.8,6.8,0.0079,1.105,22,20,12,0,0.9525,0.7692,4.3309,0.0000,2.9004,4.1805,2.0645,2.36527,0.5448,0.001834,0.2418,0.00115,0.00115,0.07811,69,0.0121,banda<=ruido,0,52.0,1,52,0,350,1,0.019231,7.6576e-8,0.98688
Bprima,7,parada,0.3,0.8,6.8,0.0079,1.105,22,20,12,0,0.9661,0.8366,4.3005,0.0000,2.9083,4.1676,0.7981,2.21927,0.5382,0.001800,0.2439,0.00161,0.00161,0.07790,80,0.0112,banda<=ruido,0,54.0,1,54,0,350,1,0.018519,7.5536e-8,0.95628
Bprima,7,parada,0.3,0.8,6.8,0.0079,1.105,22,20,12,0,0.9797,0.9902,4.3441,0.0000,2.8131,4.0201,0.4308,1.96855,0.5294,0.001665,0.2459,0.00140,0.00140,0.07851,68,0.0106,banda<=ruido,0,57.0,1,57,0,350,1,0.017544,7.9934e-8,0.97919
Bprima,7,parada,0.3,0.8,6.8,0.0079,1.105,22,20,12,0,0.9932,0.9968,4.3252,0.0000,2.7752,4.2995,1.6135,2.18318,0.5174,0.001799,0.2475,0.00253,0.00253,0.07791,90,0.0102,banda<=ruido,0,60.0,1,60,0,350,1,0.016667,2.7903e-7,0.99752
Bprima,7,parada,0.3,0.8,6.8,0.0079,1.105,22,20,12,0,1.0068,0.9756,4.3578,0.0000,2.7194,4.1731,2.8577,1.54726,0.5154,0.001763,0.2498,0.00179,0.00179,0.07776,85,0.0093,banda<=ruido,0,64.0,1,64,0,350,1,0.015625,1.6146e-7,0.99521
Bprima,7,parada,0.3,0.8,6.8,0.0079,1.105,22,20,12,0,1.0203,0.8709,4.2417,0.2864,2.8050,4.0055,4.0037,1.38258,0.5034,0.001710,0.2509,0.00188,0.00188,0.07703,81,0.0083,banda<=ruido,0,68.0,1,68,0,350,1,0.014706,7.8711e-8,0.97005
Bprima,7,parada,0.3,0.8,6.8,0.0079,1.105,22,20,12,0,1.0339,0.8912,4.2908,0.0000,2.5787,3.9365,5.1847,1.24492,0.4981,0.001797,0.2530,0.00147,0.00147,0.07554,71,0.0081,banda<=ruido,0,73.0,1,73,0,400,1,0.013699,1.6798e-7,0.99957
Bprima,7,parada,0.3,0.8,6.8,0.0079,1.105,22,20,12,0,1.0475,0.9756,4.3319,0.0000,2.8309,4.3785,6.2153,1.14596,0.4760,0.001658,0.2534,0.00150,0.00150,0.07870,77,0.0077,banda<=ruido,0,79.0,1,79,0,400,1,0.012658,9.7295e-8,0.97342
Bprima,7,parada,0.3,0.8,6.8,0.0079,1.105,22,20,12,0,1.0610,0.9544,4.3016,0.0000,2.7786,4.3136,7.4124,0.91020,0.4769,0.001779,0.2556,0.00113,0.00113,0.07836,72,0.0072,banda<=ruido,0,85.0,1,85,0,400,1,0.011765,8.2632e-8,0.98427
Bprima,7,parada,0.3,0.8,6.8,0.0079,1.105,22,20,12,0,1.0746,0.9799,4.2702,0.0000,2.7760,4.1567,8.5240,0.76823,0.4691,0.001965,0.2571,0.00226,0.00226,0.07728,86,0.0068,banda<=ruido,0,93.0,1,93,0,400,1,0.010753,3.5757e-7,0.97512
Bprima,7,parada,0.3,0.8,6.8,0.0079,1.105,22,20,12,0,1.0881,0.9992,4.3994,0.0000,2.7862,4.3769,9.6108,0.69611,0.4600,0.001854,0.2584,0.00187,0.00187,0.07886,89,0.0063,banda<=ruido,0,103.0,1,103,0,400,1,0.009709,3.6032e-7,1.00080
Bprima,7,parada,0.3,0.8,6.8,0.0079,1.105,22,20,12,0,1.1017,0.8813,4.3816,0.0000,2.8363,4.1033,10.7467,0.59523,0.4590,0.001902,0.2603,0.00189,0.00189,0.07830,81,0.0057,banda<=ruido,0,113.0,1,113,0,450,1,0.008850,2.0262e-7,0.99885
Bprima,7,parada,0.3,0.8,6.8,0.0079,1.105,22,20,12,0,1.1153,0.9871,4.3392,0.0000,2.8047,4.3408,11.7920,0.52545,0.4485,0.001821,0.2617,0.00159,0.00159,0.07777,78,0.0056,banda<=ruido,0,129.0,1,129,0,400,1,0.007752,1.5516e-7,0.97650
Bprima,7,parada,0.3,0.8,6.8,0.0079,1.105,22,20,12,0,1.1288,0.8709,4.3564,0.0000,2.7824,4.2781,12.8712,0.46772,0.4440,0.001922,0.2632,0.00158,0.00158,0.07733,76,0.0053,banda<=ruido,0,146.0,1,146,0,400,1,0.006849,1.6254e-7,0.98883
Bprima,7,parada,0.3,0.8,6.8,0.0079,1.105,22,20,12,0,1.1424,0.8912,4.3362,0.0000,2.8530,4.2726,13.9194,0.49005,0.4372,0.001623,0.2645,0.00107,0.00107,0.07852,66,0.0046,banda<=ruido,0,171.0,1,171,0,300,1,0.005848,4.8907e-8,0.94521
Bprima,7,parada,0.3,0.8,6.8,0.0079,1.105,22,20,12,0,1.1559,0.9998,4.3594,0.0000,2.8020,4.2901,14.9634,0.45350,0.4319,0.001570,0.2659,0.00208,0.00208,0.07807,90,0.0043,banda<=ruido,0,187.0,1,187,0,250,1,0.005348,3.3560e-7,0.99682
Bprima,7,parada,0.3,0.8,6.8,0.0079,1.105,22,20,12,0,1.1695,0.8912,4.2892,0.0000,2.8750,4.1306,16.0441,0.40118,0.4334,0.001601,0.2676,0.00204,0.00204,0.07883,79,0.0036,banda<=ruido,0,208.0,1,208,0,350,1,0.004808,2.8794e-7,0.97221
Bprima,7,parada,0.3,0.8,6.8,0.0079,1.105,22,20,12,0,1.1831,0.9604,4.3363,0.0000,2.7530,4.1602,17.0383,0.32838,0.4264,0.001749,0.2687,0.00165,0.00165,0.07586,72,0.0038,banda<=ruido,0,242.0,1,242,0,450,1,0.004132,1.2550e-7,0.97026
Bprima,7,parada,0.3,0.8,6.8,0.0079,1.105,22,20,12,0,1.1966,0.9871,4.3212,0.0000,2.8075,4.0599,17.9330,0.29091,0.4109,0.001756,0.2687,0.00199,0.00199,0.07802,78,0.0034,banda<=ruido,0,285.0,1,285,0,550,1,0.003509,2.0062e-7,0.95897
Bprima,7,parada,0.3,0.8,6.8,0.0079,1.105,22,20,12,0,1.2102,0.9659,4.3165,0.0000,2.8914,4.2332,18.8775,0.24828,0.4104,0.001860,0.2695,0.00138,0.00138,0.07889,72,0.0035,banda<=ruido,0,318.0,1,318,0,600,1,0.003145,3.8401e-8,0.96526
Bprima,7,parada,0.3,0.8,6.8,0.0079,1.105,22,20,12,0,1.2237,0.9968,4.3590,0.0000,2.8124,4.3024,19.7232,0.25443,0.4129,0.001791,0.2690,0.00197,0.00197,0.07760,91,0.0035,banda<=ruido,0,324.0,1,324,0,600,1,0.003086,2.5539e-7,0.99672
Bprima,7,parada,0.3,0.8,6.8,0.0079,1.105,22,20,12,0,1.2373,0.7540,4.3852,0.0000,2.8329,3.9859,20.4879,0.30156,0.4234,0.001986,0.2681,0.00155,0.00155,0.07855,73,0.0040,banda<=ruido,0,291.0,1,291,0,500,1,0.003436,6.8970e-8,0.96655
Bprima,7,parada,0.3,0.8,6.8,0.0079,1.105,22,20,12,0,1.2508,0.9902,4.3531,0.0000,2.8251,4.0152,21.1312,0.32672,0.4296,0.001743,0.2656,0.00168,0.00168,0.07641,72,0.0045,banda<=ruido,0,254.0,1,254,0,350,1,0.003937,1.0200e-7,0.94975
Bprima,7,parada,0.3,0.8,6.8,0.0079,1.105,22,20,12,0,1.2644,0.9982,4.3552,0.8242,2.8560,4.4620,21.8010,0.36142,0.4447,0.001854,0.2636,0.00119,0.00119,0.07677,76,0.0051,banda<=ruido,0,241.0,1,241,0,350,1,0.004149,9.0922e-8,0.97754
Bprima,7,parada,0.3,0.8,6.8,0.0079,1.105,22,20,12,0,1.2780,0.8912,4.2704,0.7838,2.8443,3.9484,2.1471,22.82374,0.7316,0.001789,0.1180,0.00073,0.00073,0.07722,50,0.0940,banda<=ruido,0,56.0,1,56,0,350,1,0.017857,2.4179e-8,0.98793
Bprima,7,parada,0.3,0.8,6.8,0.0079,1.105,22,20,12,0,1.2915,0.9998,4.3191,0.0000,2.7278,4.4004,2.3570,20.62232,0.7054,0.001802,0.1152,0.00043,0.00043,0.07734,41,0.0964,banda<=ruido,0,56.0,1,56,0,350,1,0.017857,1.3368e-8,0.98887
Bprima,7,parada,0.3,0.8,6.8,0.0079,1.105,22,20,12,0,1.3051,0.9413,4.3566,0.0000,2.7763,4.3056,2.5390,25.40965,0.6826,0.001515,0.1125,0.00089,0.00089,0.07530,62,0.0990,banda<=ruido,0,56.0,1,56,0,350,1,0.017857,3.4800e-8,0.99012
Bprima,7,parada,0.3,0.8,6.8,0.0079,1.105,22,20,12,0,1.3186,0.9007,4.2991,0.0000,2.7932,4.3101,2.7280,20.67125,0.6590,0.001796,0.1097,0.00051,0.00051,0.07824,43,0.1012,banda<=ruido,0,56.0,1,56,0,350,1,0.017857,1.9434e-8,0.98438
Bprima,7,parada,0.3,0.8,6.8,0.0079,1.105,22,20,12,0,1.3322,0.9710,4.3386,0.0000,2.7937,4.2896,2.8912,21.78700,0.6386,0.001650,0.1071,0.00065,0.00065,0.07832,57,0.1038,banda<=ruido,0,56.0,1,56,0,350,1,0.017857,2.0399e-8,0.98642
Bprima,7,parada,0.3,0.8,6.8,0.0079,1.105,22,20,12,0,1.3458,0.9710,4.3237,0.0000,2.8790,4.3625,3.0258,37.56230,0.6218,0.001671,0.1043,0.00071,0.00071,0.07698,60,0.1061,banda<=ruido,0,56.0,1,56,0,350,1,0.017857,4.2302e-8,1.00153
Bprima,7,parada,0.3,0.8,6.8,0.0079,1.105,22,20,12,0,1.3593,0.9710,4.3186,0.0000,2.8332,4.2122,3.2315,17.51843,0.5961,0.001870,0.1020,0.00045,0.00045,0.07720,41,0.1083,banda<=ruido,0,56.0,1,56,0,350,1,0.017857,7.2957e-9,0.97911
Bprima,7,parada,0.3,0.8,6.8,0.0079,1.105,22,20,12,0,1.3729,0.9756,4.3041,0.0000,2.8003,4.3746,3.4905,19.50036,0.5637,0.001638,0.1000,0.00051,0.00051,0.07795,46,0.1103,banda<=ruido,0,56.0,1,56,0,350,1,0.017857,1.7783e-8,0.99523
Bprima,7,parada,0.3,0.8,6.8,0.0079,1.105,22,20,12,0,1.3864,0.9982,4.3867,0.0000,2.8479,4.3638,3.5816,32.16225,0.5523,0.001577,0.0974,0.00068,0.00068,0.07859,53,0.1127,banda<=ruido,0,56.0,1,56,0,350,1,0.017857,3.5724e-8,1.00289
Bprima,7,parada,0.3,0.8,6.8,0.0079,1.105,22,20,12,0,1.4000,0.9998,4.3392,0.0000,2.8165,4.4276,3.7864,16.86300,0.5267,0.001869,0.0952,0.00068,0.00068,0.07734,56,0.1144,banda<=ruido,0,56.0,1,56,0,350,1,0.017857,2.1270e-8,0.99773
Bprima,1,parada,0.65,0.8,6.8,0.0079,1.105,22,20,12,0,0.6000,0.0000,4.2924,0.0000,1.7531,0.0000,16.7923,0.00000,0.0000,0.000000,0.7800,0.00000,0.00000,0.07760,1,0.0527,banda<=ruido,1,56.0,1,56,0,350,1,0.017857,6.5725e-30,0.98319
Bprima,1,parada,0.65,0.8,6.8,0.0079,1.105,22,20,12,0,0.6136,0.0000,4.3829,0.0000,1.7819,0.0000,16.5234,0.00000,0.0000,0.000000,0.7800,0.00000,0.00000,0.07593,1,0.0527,banda<=ruido,1,56.0,1,56,0,350,1,0.017857,6.5725e-30,0.98319
Bprima,1,parada,0.65,0.8,6.8,0.0079,1.105,22,20,12,0,0.6271,0.0000,4.3218,0.0000,1.8787,0.0000,16.2253,0.00000,0.0000,0.000000,0.7800,0.00000,0.00000,0.07833,1,0.0527,banda<=ruido,1,56.0,1,56,0,350,1,0.017857,6.5725e-30,0.98319
Bprima,1,parada,0.65,0.8,6.8,0.0079,1.105,22,20,12,0,0.6407,0.0000,4.2525,0.0000,1.9345,0.0000,16.0226,0.00000,0.0000,0.000000,0.7800,0.00000,0.00000,0.07662,1,0.0527,banda<=ruido,1,56.0,1,56,0,350,1,0.017857,6.5725e-30,0.98319
Bprima,1,parada,0.65,0.8,6.8,0.0079,1.105,22,20,12,0,0.6542,0.0000,4.3978,0.0000,1.8581,0.0000,15.8141,0.00000,0.0000,0.000000,0.7800,0.00000,0.00000,0.07761,1,0.0527,banda<=ruido,1,64.0,1,64,0,400,1,0.015625,6.5725e-30,0.98319
Bprima,1,parada,0.65,0.8,6.8,0.0079,1.105,22,20,12,0,0.6678,0.9264,4.3059,0.4690,1.8538,4.2748,27.7962,0.00000,0.0000,0.000000,0.5124,0.00462,0.00462,0.07792,109,0.0588,banda<=ruido,0,33.0,1,33,0,650,1,0.030303,7.9499e-7,0.99166
Bprima,1,parada,0.65,0.8,6.8,0.0079,1.105,22,20,12,0,0.6814,0.9413,4.3665,0.0000,1.8487,4.2662,27.3950,2.72657,0.0267,0.001615,0.4927,0.00391,0.00391,0.07825,103,0.0741,banda<=ruido,0,30.0,1,30,0,400,1,0.033333,1.4790e-6,0.99534
Bprima,1,parada,0.65,0.8,6.8,0.0079,1.105,22,20,12,0,0.6949,0.8242,4.2945,0.0000,1.8312,4.2136,26.9341,7.68464,0.0899,0.001768,0.4755,0.00384,0.00384,0.07787,98,0.0863,banda<=ruido,0,29.0,1,29,0,400,1,0.034483,1.1234e-6,0.99866
Bprima,1,parada,0.65,0.8,6.8,0.0079,1.105,22,20,12,0,0.7085,0.8912,4.3645,0.4690,1.8970,4.1762,26.5375,10.87238,0.1304,0.001887,0.4586,0.00343,0.00343,0.07682,96,0.1025,banda<=ruido,0,28.0,1,28,0,400,1,0.035714,3.1599e-7,0.97346
Bprima,1,parada,0.65,0.8,6.8,0.0079,1.105,22,20,12,0,0.7220,0.9007,4.3155,0.0000,1.8185,4.1814,25.8864,18.15847,0.1896,0.002077,0.4467,0.00319,0.00319,0.07797,89,0.1124,banda<=ruido,0,28.0,1,28,0,450,1,0.035714,8.5779e-7,0.98317
Bprima,1,parada,0.65,0.8,6.8,0.0079,1.105,22,20,12,0,0.7356,0.9659,4.3692,0.6873,1.8694,4.2965,25.3032,30.85548,0.2281,0.001668,0.4342,0.00299,0.00299,0.07785,92,0.1241,banda<=ruido,0,28.0,1,28,0,500,1,0.035714,1.3240e-7,0.96156
Bprima,1,parada,0.65,0.8,6.8,0.0079,1.105,22,20,12,0,0.7492,0.9992,4.3179,0.0000,1.9586,4.2119,24.6420,27.31991,0.2639,0.001798,0.4241,0.00247,0.00247,0.07726,86,0.1351,banda<=ruido,0,29.0,1,29,0,500,1,0.034483,9.1032e-8,0.97894
Bprima,1,parada,0.65,0.8,6.8,0.0079,1.105,22,20,12,0,0.7627,0.7219,4.3592,0.0000,1.9245,4.1605,23.8465,38.42152,0.3010,0.001680,0.4162,0.00249,0.00249,0.07712,92,0.1409,banda<=ruido,0,31.0,1,31,0,550,1,0.032258,3.3514e-7,0.99296
Bprima,1,parada,0.65,0.8,6.8,0.0079,1.105,22,20,12,0,0.7763,0.6873,4.3095,0.0000,1.8315,4.1135,22.9667,41.63762,0.3114,0.001562,0.4103,0.00289,0.00289,0.07863,91,0.1461,banda<=ruido,0,41.0,1,41,0,550,1,0.024390,4.2325e-7,0.98606
Bprima,1,parada,0.65,0.8,6.8,0.0079,1.105,22,20,12,0,0.7898,0.9998,4.3559,0.0000,1.7187,4.0675,21.6444,35.78151,0.3121,0.001763,0.4124,0.00383,0.00383,0.07797,95,0.1459,banda<=ruido,0,40.0,1,40,0,500,1,0.025000,8.4800e-7,0.98632
Bprima,1,parada,0.65,0.8,6.8,0.0079,1.105,22,20,12,0,0.8034,0.7978,4.3475,0.0000,1.7846,3.7703,20.2487,26.86019,0.2889,0.001926,0.4157,0.00416,0.00416,0.07734,85,0.1436,banda<=ruido,0,39.0,1,39,0,400,1,0.025641,5.6391e-7,0.99299
Bprima,1,parada,0.65,0.8,6.8,0.0079,1.105,22,20,12,0,0.8169,0.8485,4.2680,0.0000,1.9279,4.3136,18.7072,28.54894,0.2814,0.001719,0.4211,0.00172,0.00172,0.07731,89,0.1377,banda<=ruido,0,39.0,1,39,0,350,1,0.025641,1.5867e-7,0.98295
Bprima,1,parada,0.65,0.8,6.8,0.0079,1.105,22,20,12,0,0.8305,0.9413,4.3571,0.0000,1.8540,4.2983,17.3397,22.88092,0.2549,0.001787,0.4241,0.00279,0.00279,0.07761,94,0.1338,banda<=ruido,0,39.0,1,39,0,350,1,0.025641,1.6828e-7,0.96785
Bprima,1,parada,0.65,0.8,6.8,0.0079,1.105,22,20,12,0,0.8441,0.9968,4.3639,0.0000,1.9047,4.2205,15.8488,24.28428,0.2477,0.001643,0.4300,0.00276,0.00276,0.07760,93,0.1293,banda<=ruido,0,39.0,1,39,0,300,1,0.025641,1.9295e-7,0.98617
Bprima,1,parada,0.65,0.8,6.8,0.0079,1.105,22,20,12,0,0.8576,0.9998,4.3288,0.9998,1.9430,4.3666,14.4901,18.30252,0.2277,0.001760,0.4335,0.00221,0.00221,0.07691,89,0.1265,banda<=ruido,0,40.0,1,40,0,300,1,0.025000,3.2089e-7,0.97870
Bprima,1,parada,0.65,0.8,6.8,0.0079,1.105,22,20,12,0,0.8712,0.8113,4.3433,0.0000,1.8934,4.1274,13.0635,19.16379,0.2198,0.001690,0.4384,0.00323,0.00323,0.07692,91,0.1208,banda<=ruido,0,41.0,1,41,0,300,1,0.024390,8.4484e-7,0.99963
Bprima,1,parada,0.65,0.8,6.8,0.0079,1.105,22,20,12,0,0.8847,0.9007,4.3384,0.0000,1.9214,4.0253,11.7069,15.98727,0.2066,0.001893,0.4427,0.00336,0.00336,0.07843,92,0.1186,banda<=ruido,0,42.0,1,42,0,300,1,0.023810,4.0472e-7,0.95654
Bprima,1,parada,0.65,0.8,6.8,0.0079,1.105,22,20,12,0,0.8983,0.9992,4.3369,0.0000,1.9183,4.3684,10.4304,11.49551,0.1867,0.001835,0.4457,0.00174,0.00174,0.07828,84,0.1143,banda<=ruido,0,44.0,1,44,0,300,1,0.022727,1.9520e-7,0.98818
Bprima,1,parada,0.65,0.8,6.8,0.0079,1.105,22,20,12,0,0.9119,0.7049,4.2175,0.0000,1.6970,4.0669,9.1407,11.83008,0.1716,0.001639,0.4489,0.00217,0.00217,0.07770,82,0.1107,banda<=ruido,0,45.0,1,45,0,300,1,0.022222,2.3778e-7,0.99306
Bprima,1,parada,0.65,0.8,6.8,0.0079,1.105,22,20,12,0,0.9254,0.9659,4.3671,0.0000,1.8463,4.0617,7.7753,8.99635,0.1690,0.001940,0.4544,0.00355,0.00355,0.07769,99,0.1078,banda<=ruido,0,47.0,1,47,0,300,1,0.021277,2.2056e-7,0.98998
Bprima,1,parada,0.65,0.8,6.8,0.0079,1.105,22,20,12,0,0.9390,0.9968,4.3813,0.0000,1.9180,4.4965,6.6156,8.95101,0.1435,0.001791,0.4558,0.00343,0.00343,0.07825,105,0.1044,banda<=ruido,0,49.0,1,49,0,300,1,0.020408,9.1472e-7,0.98860
Bprima,1,parada,0.65,0.8,6.8,0.0079,1.105,22,20,12,0,0.9525,0.9837,4.3465,0.9837,1.8836,4.1670,5.2870,9.69816,0.1420,0.001520,0.4602,0.00324,0.00324,0.07845,95,0.0994,banda<=ruido,0,52.0,1,52,0,350,1,0.019231,2.6748e-7,0.96909
Bprima,1,parada,0.65,0.8,6.8,0.0079,1.105,22,20,12,0,0.9661,0.9756,4.2776,0.0000,1.8787,4.3116,4.1300,5.72026,0.1217,0.001827,0.4624,0.00302,0.00302,0.07649,91,0.0985,banda<=ruido,0,54.0,1,54,0,350,1,0.018519,6.5963e-7,0.98843
Bprima,1,parada,0.65,0.8,6.8,0.0079,1.105,22,20,12,0,0.9797,0.9007,4.2353,0.0000,1.7953,4.2931,2.8979,4.99171,0.1133,0.001770,0.4663,0.00350,0.00350,0.07748,101,0.0958,banda<=ruido,0,57.0,1,57,0,350,1,0.017544,3.2537e-7,0.98623
Bprima,1,parada,0.65,0.8,6.8,0.0079,1.105,22,20,12,0,0.9932,0.9097,4.2789,0.0000,1.9784,4.2233,1.6944,4.45047,0.1039,0.001930,0.4693,0.00379,0.00379,0.07849,104,0.0922,banda<=ruido,0,60.0,1,60,0,350,1,0.016667,3.3987e-7,0.97178
Bprima,1,parada,0.65,0.8,6.8,0.0079,1.105,22,20,12,0,1.0068,0.9659,4.3702,0.0000,1.9232,4.3835,0.5482,4.02682,0.0897,0.001862,0.4720,0.00227,0.00227,0.07794,93,0.0905,banda<=ruido,0,64.0,1,64,0,350,1,0.015625,4.3517e-7,0.97097
Bprima,1,parada,0.65,0.8,6.8,0.0079,1.105,22,20,12,0,1.0203,0.9928,4.3255,0.0000,1.8522,4.2077,0.6263,3.15892,0.0813,0.001861,0.4750,0.00129,0.00129,0.07558,67,0.0876,banda<=ruido,0,68.0,1,68,0,350,1,0.014706,7.8105e-8,0.96040
Bprima,1,parada,0.65,0.8,6.8,0.0079,1.105,22,20,12,0,1.0339,0.9871,4.3684,0.0000,1.8592,4.3562,1.8275,2.88967,0.0784,0.001822,0.4788,0.00557,0.00557,0.07811,103,0.0858,banda<=ruido,0,73.0,1,73,0,400,1,0.013699,1.6505e-6,0.98053
Bprima,1,parada,0.65,0.8,6.8,0.0079,1.105,22,20,12,0,1.0475,0.9998,4.3248,0.0000,1.8504,4.2045,2.9576,2.48567,0.0688,0.001746,0.4817,0.00246,0.00246,0.07789,87,0.0825,banda<=ruido,0,79.0,1,79,0,400,1,0.012658,2.9675e-7,0.99453
Bprima,1,parada,0.65,0.8,6.8,0.0079,1.105,22,20,12,0,1.0610,0.9413,4.3265,0.0000,1.9095,4.1266,4.0211,1.94755,0.0530,0.001706,0.4836,0.00350,0.00350,0.07721,93,0.0820,banda<=ruido,0,85.0,1,85,0,400,1,0.011765,3.9830e-7,0.99401
Bprima,1,parada,0.65,0.8,6.8,0.0079,1.105,22,20,12,0,1.0746,0.9341,4.2826,0.9604,1.9704,4.3203,5.1641,2.00364,0.0491,0.001740,0.4872,0.00566,0.00566,0.07870,104,0.0800,banda<=ruido,0,93.0,1,93,0,400,1,0.010753,1.2528e-6,0.99744
Bprima,1,parada,0.65,0.8,6.8,0.0079,1.105,22,20,12,0,1.0881,0.9413,4.3316,0.0000,1.8491,4.1545,6.2579,1.19200,0.0409,0.001820,0.4894,0.00112,0.00112,0.07854,66,0.0763,banda<=ruido,0,103.0,1,103,0,400,1,0.009709,5.0590e-8,0.91969
Bprima,1,parada,0.65,0.8,6.8,0.0079,1.105,22,20,12,0,1.1017,0.9183,4.3147,0.0000,1.8452,4.3049,7.3371,1.32409,0.0328,0.001765,0.4920,0.00420,0.00420,0.07579,103,0.0744,banda<=ruido,0,113.0,1,113,0,450,1,0.008850,7.8251e-7,0.98971
Bprima,1,parada,0.65,0.8,6.8,0.0079,1.105,22,20,12,0,1.1153,0.9998,4.3411,0.0000,1.8366,4.2898,8.3399,0.59780,0.0171,0.001619,0.4933,0.00332,0.00332,0.07730,95,0.0726,banda<=ruido,0,129.0,1,129,0,400,1,0.007752,9.0475e-7,0.97718
Bprima,1,parada,0.65,0.8,6.8,0.0079,1.105,22,20,12,0,1.1288,0.8113,4.3396,0.0000,1.8783,4.2035,9.3901,0.40520,0.0096,0.001462,0.4953,0.00312,0.00312,0.07761,92,0.0697,banda<=ruido,0,146.0,1,146,0,400,1,0.006849,6.2130e-7,0.96158
Bprima,1,parada,0.65,0.8,6.8,0.0079,1.105,22,20,12,0,1.1424,0.9837,4.3751,0.0000,1.9393,4.1803,10.4563,1.41329,0.0066,0.001023,0.4981,0.00377,0.00377,0.07789,95,0.0686,banda<=ruido,0,171.0,1,171,0,300,1,0.005848,8.1718e-7,0.99883
Bprima,1,parada,0.65,0.8,6.8,0.0079,1.105,22,20,12,0,1.1559,0.9341,4.3113,0.0000,1.9431,4.4104,11.4424,9.83065,0.0011,0.000363,0.4995,0.00397,0.00397,0.07829,101,0.0670,banda<=ruido,0,187.0,1,187,0,250,1,0.005348,3.3805e-7,0.97693
Bprima,1,parada,0.65,0.8,6.8,0.0079,1.105,22,20,12,0,1.1695,0.9756,4.3843,0.0000,1.8803,4.3027,12.4407,0.32204,0.0002,0.000097,0.5016,0.00378,0.00378,0.07768,99,0.0656,banda<=ruido,0,208.0,1,208,0,350,1,0.004808,7.8595e-7,0.97534
Bprima,1,parada,0.65,0.8,6.8,0.0079,1.105,22,20,12,0,1.1831,0.7838,4.3299,0.0000,1.8996,4.2588,13.5205,0.70473,0.0001,0.000040,0.5051,0.00329,0.00329,0.07838,97,0.0633,banda<=ruido,0,242.0,1,242,0,450,1,0.004132,5.4025e-7,0.98150
Bprima,1,parada,0.65,0.8,6.8,0.0079,1.105,22,20,12,0,1.1966,0.9183,4.3483,0.0000,1.9431,4.1447,14.4434,0.59223,0.0000,0.000002,0.5056,0.00386,0.00386,0.07849,98,0.0620,banda<=ruido,0,285.0,1,285,0,550,1,0.003509,9.1403e-7,0.98068
Bprima,1,parada,0.65,0.8,6.8,0.0079,1.105,22,20,12,0,1.2102,0.9992,4.3214,0.0000,1.9364,4.3159,15.4340,0.00000,0.0000,0.000000,0.5078,0.00366,0.00366,0.07713,98,0.0620,banda<=ruido,0,318.0,1,318,0,600,1,0.003145,8.4280e-7,0.99261
Bprima,1,parada,0.65,0.8,6.8,0.0079,1.105,22,20,12,0,1.2237,0.9871,4.2826,0.0000,1.8891,4.1407,16.2087,0.01496,0.0000,0.000000,0.5059,0.00385,0.00385,0.07780,99,0.0634,banda<=ruido,0,324.0,1,324,0,600,1,0.003086,5.9973e-7,0.99124
Bprima,1,parada,0.65,0.8,6.8,0.0079,1.105,22,20,12,0,1.2373,0.9481,4.3984,0.0000,1.9738,4.3624,16.9980,0.99952,0.0005,0.000240,0.5042,0.00508,0.00508,0.07786,104,0.0648,banda<=ruido,0,291.0,1,291,0,500,1,0.003436,1.3809e-6,0.99448
Bprima,1,parada,0.65,0.8,6.8,0.0079,1.105,22,20,12,0,1.2508,0.8709,4.3395,0.0000,1.8252,4.2474,17.6879,3.12476,0.0048,0.000778,0.5010,0.00427,0.00427,0.07802,101,0.0683,banda<=ruido,0,254.0,1,254,0,350,1,0.003937,1.6853e-6,0.99550
Bprima,1,parada,0.65,0.8,6.8,0.0079,1.105,22,20,12,0,1.2644,0.9837,4.3760,0.0000,1.9244,4.0783,18.3167,0.27273,0.0096,0.001692,0.4963,0.00281,0.00281,0.07875,94,0.0703,banda<=ruido,0,241.0,1,241,0,350,1,0.004149,5.0850e-7,0.98236
Bprima,1,parada,0.65,0.8,6.8,0.0079,1.105,22,20,12,0,1.2780,0.9341,4.3169,0.0000,1.9173,4.1982,0.4135,122.90882,0.9483,0.001766,0.2395,0.00198,0.00198,0.07850,85,0.3301,banda<=ruido,0,56.0,1,56,0,350,1,0.017857,2.6319e-7,0.97520
Bprima,1,parada,0.65,0.8,6.8,0.0079,1.105,22,20,12,0,1.2915,0.8366,4.3716,0.0000,1.9343,4.2287,0.6564,123.64466,0.9180,0.001699,0.2342,0.00167,0.00167,0.07710,84,0.3375,banda<=ruido,0,56.0,1,56,0,350,1,0.017857,1.5370e-7,0.97803
Bprima,1,parada,0.65,0.8,6.8,0.0079,1.105,22,20,12,0,1.3051,0.7838,4.3443,0.0000,1.9155,3.9888,0.8242,143.65275,0.8970,0.001472,0.2285,0.00150,0.00150,0.07740,70,0.3444,banda<=ruido,0,56.0,1,56,0,350,1,0.017857,7.2433e-8,0.96830
Bprima,1,parada,0.65,0.8,6.8,0.0079,1.105,22,20,12,0,1.3186,0.9413,4.3642,0.0000,1.8741,4.1150,1.0630,130.23989,0.8671,0.001772,0.2235,0.00165,0.00165,0.07721,77,0.3495,banda<=ruido,0,56.0,1,56,0,350,1,0.017857,1.5606e-7,0.97784
Bprima,1,parada,0.65,0.8,6.8,0.0079,1.105,22,20,12,0,1.3322,0.9998,4.2538,0.2864,1.9278,4.3066,1.2833,115.46127,0.8396,0.001744,0.2183,0.00166,0.00166,0.07800,84,0.3545,banda<=ruido,0,56.0,1,56,0,350,1,0.017857,4.0265e-8,0.96421
Bprima,1,parada,0.65,0.8,6.8,0.0079,1.105,22,20,12,0,1.3458,0.6303,4.3623,0.0000,1.9501,4.0669,1.4457,126.45814,0.8193,0.001672,0.2131,0.00140,0.00140,0.07773,71,0.3597,banda<=ruido,0,56.0,1,56,0,350,1,0.017857,9.6760e-8,0.93284
Bprima,1,parada,0.65,0.8,6.8,0.0079,1.105,22,20,12,0,1.3593,0.9264,4.3577,0.0000,1.8334,4.2320,1.6966,111.00149,0.7879,0.001647,0.2087,0.00104,0.00104,0.07782,62,0.3658,banda<=ruido,0,56.0,1,56,0,350,1,0.017857,3.8482e-8,0.97307
Bprima,1,parada,0.65,0.8,6.8,0.0079,1.105,22,20,12,0,1.3729,0.6098,4.3409,0.0000,1.9158,3.9480,1.9079,114.91067,0.7615,0.001622,0.2042,0.00106,0.00106,0.07768,59,0.3716,banda<=ruido,0,56.0,1,56,0,350,1,0.017857,4.3181e-8,0.94254
Bprima,1,parada,0.65,0.8,6.8,0.0079,1.105,22,20,12,0,1.3864,0.8242,4.3320,0.0000,1.8981,4.0476,2.1659,105.51840,0.7293,0.001720,0.2000,0.00141,0.00141,0.07799,74,0.3759,banda<=ruido,0,56.0,1,56,0,350,1,0.017857,1.5746e-7,0.98436
Bprima,1,parada,0.65,0.8,6.8,0.0079,1.105,22,20,12,0,1.4000,0.9902,4.3036,0.0000,1.9235,4.3147,2.2712,109.77215,0.7161,0.001607,0.1951,0.00139,0.00139,0.07806,76,0.3815,banda<=ruido,0,56.0,1,56,0,350,1,0.017857,1.1556e-7,1.00004
Bprima,5,parada,0.3,0.8,6.8,0.0079,1.105,22,20,16,0,0.6000,0.0000,4.3401,0.0000,2.5607,0.0000,10.4496,0.00000,0.0000,0.000000,0.3600,0.00000,0.00000,0.07812,1,0.0128,banda<=ruido,1,56.0,1,56,0,350,1,0.017857,5.4794e-32,0.98192
Bprima,5,parada,0.3,0.8,6.8,0.0079,1.105,22,20,16,0,0.6136,0.0000,4.3624,0.0000,2.5689,0.0000,10.2328,0.00000,0.0000,0.000000,0.3600,0.00000,0.00000,0.07795,1,0.0128,banda<=ruido,1,56.0,1,56,0,350,1,0.017857,5.4794e-32,0.98192
Bprima,5,parada,0.3,0.8,6.8,0.0079,1.105,22,20,16,0,0.6271,0.0000,4.3735,0.0000,2.5657,0.0000,9.9889,0.00000,0.0000,0.000000,0.3600,0.00000,0.00000,0.07887,1,0.0128,banda<=ruido,1,56.0,1,56,0,350,1,0.017857,5.4794e-32,0.98192
Bprima,5,parada,0.3,0.8,6.8,0.0079,1.105,22,20,16,0,0.6407,0.0000,4.3171,0.0000,2.5754,0.0000,9.7714,0.00000,0.0000,0.000000,0.3600,0.00000,0.00000,0.07843,1,0.0128,banda<=ruido,1,56.0,1,56,0,350,1,0.017857,5.4794e-32,0.98192
Bprima,5,parada,0.3,0.8,6.8,0.0079,1.105,22,20,16,0,0.6542,0.0000,4.3266,0.0000,2.5530,0.0000,9.6301,0.00000,0.0000,0.000000,0.3600,0.00000,0.00000,0.07696,1,0.0128,banda<=ruido,1,64.0,1,64,0,400,1,0.015625,5.4794e-32,0.98192
Bprima,5,parada,0.3,0.8,6.8,0.0079,1.105,22,20,16,0,0.6678,0.9928,4.3772,0.8709,2.5600,4.1252,24.0961,1.64916,0.4156,0.001542,0.2665,0.00298,0.00298,0.07805,89,0.0044,banda<=ruido,0,33.0,1,33,0,650,1,0.030303,3.8381e-7,0.96725
Bprima,5,parada,0.3,0.8,6.8,0.0079,1.105,22,20,16,0,0.6814,0.9659,4.3382,0.0000,2.5261,4.1794,23.7731,4.02321,0.4794,0.001642,0.2517,0.00226,0.00226,0.07721,87,0.0082,banda<=ruido,0,30.0,1,30,0,400,1,0.033333,3.3352e-7,0.97354
Bprima,5,parada,0.3,0.8,6.8,0.0079,1.105,22,20,16,0,0.6949,0.8709,4.3141,0.0000,2.5763,4.2435,23.5358,5.83503,0.5147,0.001724,0.2374,0.00205,0.00205,0.07749,86,0.0136,banda<=ruido,0,29.0,1,29,0,400,1,0.034483,2.7000e-7,0.97033
Bprima,5,parada,0.3,0.8,6.8,0.0079,1.105,22,20,16,0,0.7085,0.9756,4.3790,0.0000,2.5583,4.4311,22.9701,8.15498,0.5763,0.001757,0.2278,0.00187,0.00187,0.07834,88,0.0179,banda<=ruido,0,28.0,1,28,0,400,1,0.035714,2.3487e-7,0.99631
Bprima,5,parada,0.3,0.8,6.8,0.0079,1.105,22,20,16,0,0.7220,0.8709,4.3215,0.0000,2.5209,4.2685,22.5127,10.46200,0.6113,0.001826,0.2177,0.00142,0.00142,0.07791,78,0.0231,banda<=ruido,0,28.0,1,28,0,450,1,0.035714,1.2414e-7,0.98553
Bprima,5,parada,0.3,0.8,6.8,0.0079,1.105,22,20,16,0,0.7356,0.9183,4.3194,0.0000,2.5089,4.2737,21.8948,13.49847,0.6541,0.001646,0.2100,0.00195,0.00195,0.07830,84,0.0272,banda<=ruido,0,28.0,1,28,0,500,1,0.035714,1.7672e-7,0.99075
Bprima,5,parada,0.3,0.8,6.8,0.0079,1.105,22,20,16,0,0.7492,0.8709,4.3531,0.0000,2.5699,4.1871,21.3031,17.46961,0.6813,0.001589,0.2024,0.00189,0.00189,0.07784,84,0.0311,banda<=ruido,0,29.0,1,29,0,500,1,0.034483,2.3011e-7,0.99272
Bprima,5,parada,0.3,0.8,6.8,0.0079,1.105,22,20,16,0,0.7627,0.9950,4.3333,0.0000,2.5634,4.3393,20.5568,16.45763,0.7123,0.001858,0.1972,0.00160,0.00160,0.07809,85,0.0346,banda<=ruido,0,31.0,1,31,0,550,1,0.032258,2.1598e-7,1.00051
Bprima,5,parada,0.3,0.8,6.8,0.0079,1.105,22,20,16,0,0.7763,0.8813,4.3760,0.0000,2.5778,4.2436,19.6139,19.64340,0.7305,0.001757,0.1941,0.00207,0.00207,0.07871,90,0.0368,banda<=ruido,0,41.0,1,41,0,550,1,0.024390,2.6703e-7,0.98493
Bprima,5,parada,0.3,0.8,6.8,0.0079,1.105,22,20,16,0,0.7898,0.8485,4.3503,0.0000,2.5556,4.1954,18.3789,17.07838,0.7203,0.001771,0.1943,0.00166,0.00166,0.07802,76,0.0365,banda<=ruido,0,40.0,1,40,0,500,1,0.025000,1.3851e-7,0.97081
Bprima,5,parada,0.3,0.8,6.8,0.0079,1.105,22,20,16,0,0.8034,0.9710,4.3731,0.0000,2.5671,4.3280,16.9514,14.85204,0.7011,0.001831,0.1966,0.00222,0.00222,0.07816,87,0.0352,banda<=ruido,0,39.0,1,39,0,400,1,0.025641,2.9695e-7,0.99687
Bprima,5,parada,0.3,0.8,6.8,0.0079,1.105,22,20,16,0,0.8169,0.9097,4.3309,0.7692,2.5726,4.2428,15.4698,13.42570,0.6861,0.001700,0.1995,0.00140,0.00140,0.07659,72,0.0330,banda<=ruido,0,39.0,1,39,0,350,1,0.025641,1.3741e-7,0.98483
Bprima,5,parada,0.3,0.8,6.8,0.0079,1.105,22,20,16,0,0.8305,0.7219,4.3863,0.0000,2.5692,4.0488,13.9266,11.65726,0.6816,0.001750,0.2035,0.00149,0.00149,0.07749,72,0.0313,banda<=ruido,0,39.0,1,39,0,350,1,0.025641,1.1288e-7,0.94450
Bprima,5,parada,0.3,0.8,6.8,0.0079,1.105,22,20,16,0,0.8441,0.7383,4.2801,0.0000,2.5789,3.9118,12.4703,9.11362,0.6700,0.001881,0.2069,0.00145,0.00145,0.07787,65,0.0294,banda<=ruido,0,39.0,1,39,0,300,1,0.025641,4.9868e-8,0.96316
Bprima,5,parada,0.3,0.8,6.8,0.0079,1.105,22,20,16,0,0.8576,0.9710,4.3274,0.0000,2.5456,4.3842,11.1288,8.19994,0.6478,0.001863,0.2090,0.00132,0.00132,0.07837,73,0.0280,banda<=ruido,0,40.0,1,40,0,300,1,0.025000,4.3297e-8,0.98130
Bprima,5,parada,0.3,0.8,6.8,0.0079,1.105,22,20,16,0,0.8712,0.9998,4.3187,0.0000,2.5572,4.3511,9.7378,8.80430,0.6355,0.001718,0.2118,0.00258,0.00258,0.07800,95,0.0260,banda<=ruido,0,41.0,1,41,0,300,1,0.024390,3.4037e-7,0.99158
Bprima,5,parada,0.3,0.8,6.8,0.0079,1.105,22,20,16,0,0.8847,0.8709,4.3406,0.0000,2.5350,4.3068,8.4411,6.24138,0.6148,0.001893,0.2139,0.00106,0.00106,0.07830,64,0.0253,banda<=ruido,0,42.0,1,42,0,300,1,0.023810,7.1213e-8,0.96478
Bprima,5,parada,0.3,0.8,6.8,0.0079,1.105,22,20,16,0,0.8983,0.7838,4.3700,0.0000,2.5632,4.1745,7.0980,6.65058,0.6032,0.001652,0.2166,0.00221,0.00221,0.07857,85,0.0234,banda<=ruido,0,44.0,1,44,0,300,1,0.022727,1.9353e-7,0.95749
Bprima,5,parada,0.3,0.8,6.8,0.0079,1.105,22,20,16,0,0.9119,0.9264,4.3212,0.0000,2.5549,4.3413,5.7219,5.05583,0.5989,0.001939,0.2197,0.00186,0.00186,0.07615,86,0.0218,banda<=ruido,0,45.0,1,45,0,300,1,0.022222,2.1555e-7,0.99932
Bprima,5,parada,0.3,0.8,6.8,0.0079,1.105,22,20,16,0,0.9254,0.9871,4.4021,0.0000,2.5789,4.2281,4.4201,5.21596,0.5884,0.001702,0.2223,0.00207,0.00207,0.07758,90,0.0202,banda<=ruido,0,47.0,1,47,0,300,1,0.021277,2.4317e-7,0.97826
Bprima,5,parada,0.3,0.8,6.8,0.0079,1.105,22,20,16,0,0.9390,0.9998,4.2738,0.0000,2.5275,4.3195,3.1393,5.00578,0.5781,0.001559,0.2248,0.00215,0.00215,0.07746,93,0.0197,banda<=ruido,0,49.0,1,49,0,300,1,0.020408,4.4461e-7,0.99581
Bprima,5,parada,0.3,0.8,6.8,0.0079,1.105,22,20,16,0,0.9525,0.9341,4.2878,0.8242,2.5485,4.0891,1.8580,4.08913,0.5706,0.001749,0.2274,0.00287,0.00287,0.07726,95,0.0183,banda<=ruido,0,52.0,1,52,0,350,1,0.019231,4.5492e-7,0.99300
Bprima,5,parada,0.3,0.8,6.8,0.0079,1.105,22,20,16,0,0.9661,0.9837,4.3292,0.0000,2.5774,4.0787,0.5772,2.97682,0.5658,0.001841,0.2305,0.00231,0.00231,0.07850,84,0.0173,banda<=ruido,0,54.0,1,54,0,350,1,0.018519,2.7552e-7,0.98504
Bprima,5,parada,0.3,0.8,6.8,0.0079,1.105,22,20,16,0,0.9797,0.8709,4.3196,0.0000,2.5261,4.2235,0.5584,2.78983,0.5454,0.001792,0.2317,0.00158,0.00158,0.07785,85,0.0164,banda<=ruido,0,57.0,1,57,0,350,1,0.017544,1.3449e-7,0.96153
Bprima,5,parada,0.3,0.8,6.8,0.0079,1.105,22,20,16,0,0.9932,0.8813,4.3395,0.0000,2.5577,3.9610,1.8013,2.83246,0.5409,0.001638,0.2342,0.00208,0.00208,0.07793,78,0.0150,banda<=ruido,0,60.0,1,60,0,350,1,0.016667,9.4489e-8,0.97508
Bprima,5,parada,0.3,0.8,6.8,0.0079,1.105,22,20,16,0,1.0068,0.9950,4.3865,0.0000,2.5504,4.2898,3.0435,2.55361,0.5386,0.001615,0.2370,0.00254,0.00254,0.07874,85,0.0135,banda<=ruido,0,64.0,1,64,0,350,1,0.015625,6.5577e-8,0.98367
Bprima,5,parada,0.3,0.8,6.8,0.0079,1.105,22,20,16,0,1.0203,0.6690,4.3658,0.7219,2.5365,3.9885,4.2496,2.09341,0.5342,0.001762,0.2396,0.00330,0.00330,0.07650,96,0.0130,banda<=ruido,0,68.0,1,68,0,350,1,0.014706,1.4408e-7,0.91982
Bprima,5,parada,0.3,0.8,6.8,0.0079,1.105,22,20,16,0,1.0339,0.8709,4.3590,0.7692,2.5431,3.9981,5.2842,1.89638,0.5105,0.001681,0.2403,0.00132,0.00132,0.07624,67,0.0126,banda<=ruido,0,73.0,1,73,0,400,1,0.013699,7.3414e-8,0.94920
Bprima,5,parada,0.3,0.8,6.8,0.0079,1.105,22,20,16,0,1.0475,0.9968,4.3163,0.0000,2.5618,4.3208,6.4740,1.96069,0.5084,0.001608,0.2428,0.00311,0.00311,0.07543,103,0.0115,banda<=ruido,0,79.0,1,79,0,400,1,0.012658,6.3431e-7,1.00187
Bprima,5,parada,0.3,0.8,6.8,0.0079,1.105,22,20,16,0,1.0610,0.9604,4.4040,0.0000,2.5579,4.4279,7.6479,1.51926,0.5063,0.001687,0.2454,0.00269,0.00269,0.07862,98,0.0105,banda<=ruido,0,85.0,1,85,0,400,1,0.011765,4.3726e-7,1.00262
Bprima,5,parada,0.3,0.8,6.8,0.0079,1.105,22,20,16,0,1.0746,0.9968,4.3433,0.0000,2.5394,4.2697,8.6705,1.46111,0.4874,0.001719,0.2462,0.00201,0.00201,0.07762,86,0.0101,banda<=ruido,0,93.0,1,93,0,400,1,0.010753,2.1598e-7,0.96941
Bprima,5,parada,0.3,0.8,6.8,0.0079,1.105,22,20,16,0,1.0881,0.9998,4.2939,0.0000,2.5664,4.0270,9.8065,1.06949,0.4845,0.001815,0.2488,0.00201,0.00201,0.07743,79,0.0098,banda<=ruido,0,103.0,1,103,0,400,1,0.009709,1.7941e-7,0.96325
Bprima,5,parada,0.3,0.8,6.8,0.0079,1.105,22,20,16,0,1.1017,0.9998,4.2978,0.0000,2.5520,4.2527,10.8306,0.88486,0.4695,0.001867,0.2497,0.00228,0.00228,0.07714,88,0.0092,banda<=ruido,0,113.0,1,113,0,450,1,0.008850,1.3020e-7,0.97554
Bprima,5,parada,0.3,0.8,6.8,0.0079,1.105,22,20,16,0,1.1153,0.8813,4.3555,0.0000,2.5642,4.3095,11.9257,0.90241,0.4652,0.001742,0.2517,0.00296,0.00296,0.07779,99,0.0086,banda<=ruido,0,129.0,1,129,0,400,1,0.007752,3.8431e-7,0.99331
Bprima,5,parada,0.3,0.8,6.8,0.0079,1.105,22,20,16,0,1.1288,0.7978,4.3125,0.7383,2.5302,3.9314,13.0364,0.85263,0.4646,0.001688,0.2543,0.00344,0.00344,0.07652,89,0.0077,banda<=ruido,0,146.0,1,146,0,400,1,0.006849,5.9565e-7,0.99551
Bprima,5,parada,0.3,0.8,6.8,0.0079,1.105,22,20,16,0,1.1424,0.9968,4.3433,0.2864,2.5800,4.2402,14.0414,0.74174,0.4525,0.001665,0.2553,0.00369,0.00369,0.07700,99,0.0073,banda<=ruido,0,171.0,1,171,0,300,1,0.005848,5.7230e-7,0.97375
Bprima,5,parada,0.3,0.8,6.8,0.0079,1.105,22,20,16,0,1.1559,0.8600,4.3331,0.0000,2.5733,4.2702,15.0349,0.65956,0.4409,0.001692,0.2564,0.00179,0.00179,0.07634,76,0.0070,banda<=ruido,0,187.0,1,187,0,250,1,0.005348,1.9790e-7,0.99595
Bprima,5,parada,0.3,0.8,6.8,0.0079,1.105,22,20,16,0,1.1695,0.9992,4.2964,0.0000,2.5632,4.2507,16.1176,0.52006,0.4426,0.001953,0.2588,0.00260,0.00260,0.07853,90,0.0067,banda<=ruido,0,208.0,1,208,0,350,1,0.004808,4.4544e-7,0.96126
Bprima,5,parada,0.3,0.8,6.8,0.0079,1.105,22,20,16,0,1.1831,0.9481,4.2320,0.0000,2.5368,4.1345,17.1004,0.55581,0.4341,0.001558,0.2596,0.00314,0.00314,0.07838,91,0.0058,banda<=ruido,0,242.0,1,242,0,450,1,0.004132,7.8479e-8,0.96984
Bprima,5,parada,0.3,0.8,6.8,0.0079,1.105,22,20,16,0,1.1966,0.9756,4.2682,0.0000,2.5180,4.3513,18.1077,0.43554,0.4327,0.001698,0.2617,0.00249,0.00249,0.07804,95,0.0055,banda<=ruido,0,285.0,1,285,0,550,1,0.003509,5.1916e-7,1.00101
Bprima,5,parada,0.3,0.8,6.8,0.0079,1.105,22,20,16,0,1.2102,0.9756,4.3230,0.0000,2.5392,4.2685,19.0108,0.41124,0.4271,0.001873,0.2617,0.00227,0.00227,0.07797,88,0.0052,banda<=ruido,0,318.0,1,318,0,600,1,0.003145,3.2286e-7,0.95830
Bprima,5,parada,0.3,0.8,6.8,0.0079,1.105,22,20,16,0,1.2237,0.9928,4.2973,0.0000,2.5659,4.3376,19.8656,0.49353,0.4308,0.001708,0.2614,0.00332,0.00332,0.07827,99,0.0051,banda<=ruido,0,324.0,1,324,0,600,1,0.003086,6.1834e-7,0.96185
Bprima,5,parada,0.3,0.8,6.8,0.0079,1.105,22,20,16,0,1.2373,0.9968,4.2558,0.0000,2.5719,4.1272,20.5726,0.51620,0.4339,0.001614,0.2590,0.00230,0.00230,0.07770,88,0.0060,banda<=ruido,0,291.0,1,291,0,500,1,0.003436,1.6927e-7,0.99409
Bprima,5,parada,0.3,0.8,6.8,0.0079,1.105,22,20,16,0,1.2508,0.9950,4.3196,0.0000,2.5064,4.3137,21.2474,0.49591,0.4441,0.001834,0.2565,0.00219,0.00219,0.07752,89,0.0069,banda<=ruido,0,254.0,1,254,0,350,1,0.003937,2.3895e-7,0.97522
Bprima,5,parada,0.3,0.8,6.8,0.0079,1.105,22,20,16,0,1.2644,0.9982,4.3115,0.3208,2.5619,4.4307,21.9761,0.71041,0.4666,0.001693,0.2546,0.00258,0.00258,0.07883,99,0.0072,banda<=ruido,0,241.0,1,241,0,350,1,0.004149,2.7623e-7,0.99429
Bprima,5,parada,0.3,0.8,6.8,0.0079,1.105,22,20,16,0,1.2780,0.8912,4.3620,0.0000,2.5491,4.2070,2.6413,24.00618,0.6699,0.001795,0.0887,0.00092,0.00092,0.07871,68,0.1201,banda<=ruido,0,56.0,1,56,0,350,1,0.017857,4.1993e-8,0.96618
Bprima,5,parada,0.3,0.8,6.8,0.0079,1.105,22,20,16,0,1.2915,0.9871,4.2654,0.0000,2.5309,4.2104,2.8883,22.94204,0.6390,0.001696,0.0861,0.00101,0.00101,0.07854,67,0.1233,banda<=ruido,0,56.0,1,56,0,350,1,0.017857,6.2944e-8,1.00086
Bprima,5,parada,0.3,0.8,6.8,0.0079,1.105,22,20,16,0,1.3051,0.9982,4.3737,0.0000,2.5561,4.3950,3.0397,318.99246,0.6200,0.001882,0.0831,0.00083,0.00083,0.07743,64,0.1256,banda<=ruido,0,56.0,1,56,0,350,1,0.017857,5.2318e-8,0.99258
Bprima,5,parada,0.3,0.8,6.8,0.0079,1.105,22,20,16,0,1.3186,0.9982,4.3898,0.0000,2.5780,4.1747,3.2094,288.28042,0.5988,0.001700,0.0804,0.00085,0.00085,0.07738,58,0.1282,banda<=ruido,0,56.0,1,56,0,350,1,0.017857,4.1995e-8,0.99671
Bprima,5,parada,0.3,0.8,6.8,0.0079,1.105,22,20,16,0,1.3322,0.9902,4.2660,0.0000,2.5271,4.4410,3.4147,21.82011,0.5732,0.001775,0.0779,0.00075,0.00075,0.07720,62,0.1307,banda<=ruido,0,56.0,1,56,0,350,1,0.017857,4.3529e-8,0.99391
Bprima,5,parada,0.3,0.8,6.8,0.0079,1.105,22,20,16,0,1.3458,0.7838,4.3880,0.0000,2.5726,4.0420,3.5192,22.89656,0.5601,0.001618,0.0752,0.00050,0.00050,0.07821,41,0.1333,banda<=ruido,0,56.0,1,56,0,350,1,0.017857,1.1673e-8,0.98864
Bprima,5,parada,0.3,0.8,6.8,0.0079,1.105,22,20,16,0,1.3593,0.7540,4.3176,0.0000,2.5662,4.1296,3.7958,18.13608,0.5255,0.001872,0.0732,0.00104,0.00104,0.07706,70,0.1353,banda<=ruido,0,56.0,1,56,0,350,1,0.017857,4.6333e-8,0.98137
Bprima,5,parada,0.3,0.8,6.8,0.0079,1.105,22,20,16,0,1.3729,0.7978,4.3816,0.0000,2.5715,4.0080,3.8766,18.61865,0.5154,0.001817,0.0707,0.00080,0.00080,0.07751,55,0.1381,banda<=ruido,0,56.0,1,56,0,350,1,0.017857,3.5245e-8,1.00025
Bprima,5,parada,0.3,0.8,6.8,0.0079,1.105,22,20,16,0,1.3864,0.9413,4.3222,0.0000,2.5559,4.3359,4.0564,17.83844,0.4929,0.001841,0.0685,0.00070,0.00070,0.07818,62,0.1400,banda<=ruido,0,56.0,1,56,0,350,1,0.017857,4.3254e-8,0.98860
Bprima,5,parada,0.3,0.8,6.8,0.0079,1.105,22,20,16,0,1.4000,0.8813,4.3155,0.0000,2.5773,4.3243,4.2724,22.54109,0.4659,0.001490,0.0666,0.00037,0.00037,0.07878,36,0.1419,banda<=ruido,0,56.0,1,56,0,350,1,0.017857,9.6066e-9,0.95655
