N,seed,mode,n_surv,f_surv,tau,orden_color_init,orden_color,orden_amp_color,orden_charge_init,orden_charge,orden_amp_charge,frac_quark,frac_lepton,frac_Q0,mean_Q_surv,null_L2_K3,ratio_L2_K3,L2_K6,null_L2_K6,ratio_L2_K6,L2_K12_q,ratio_L2_K12_q,L2_K12_l,ratio_L2_K12_l,L2_K12,null_L2_K12,ratio_L2_K12,L2_K24,null_L2_K24,ratio_L2_K24,L2_K3
250,1,qcd,93,0.372,240,0.004,0.3850002965584549,96.2500500771012,0.0013333333333333,0.777777777777778,583.3328958336607,0.6666666666666666,0.3333333333333333,0.0,-0.777777777777778,0.0846667513334603,9.643650760992957,0.0,0.9128709291752768,0.0,0.2892752914476259,2.3790384710888604,0.5006932412341425,2.9117015412130822,0.5006932412341425,0.1719589848571986,2.9117015412130822,0.2639615219123705,0.101511868755372,2.600302064662773,0.816496580927726
250,1,shuffle_b,93,0.372,240,0.004,0.3850002965584549,96.2500500771012,0.0013333333333333,0.777777777777778,583.3328958336607,0.6666666666666666,0.3333333333333333,0.0,-0.777777777777778,0.0846667513334603,9.643650760992957,0.4090970404246624,0.1639564589459882,2.495156598615186,0.2892752914476259,2.3790384710888604,0.5006932412341425,2.9117015412130822,0.5006932412341425,0.1719589848571986,2.9117015412130822,0.2639615219123705,0.101511868755372,2.600302064662773,0.816496580927726
250,1,shuffle_l,94,0.376,240,0.004,0.3869475208398555,96.73685602574989,0.0026666666666666,0.7765957446808514,291.2232950465837,0.6702127659574468,0.3297872340425531,0.0,0.7765957446808514,0.0842151921066518,9.69535971483266,0.0194403947839934,0.115010926557059,0.1690308509457032,0.2893289862469553,2.398592660967417,0.5006932412341425,2.9117015412130822,0.5006932412341425,0.1719589848571986,2.9117015412130822,0.2639998879697601,0.1009704682617294,2.6146247760824077,0.816496580927726
250,1,shuffle_e,106,0.424,240,0.004,0.1230038189660877,30.75094705378516,0.0013333333333333,0.6823899371069183,511.79206898613614,0.6037735849056604,0.3962264150943396,0.1226415094339622,-0.6823899371069183,0.0793051585718144,8.472485991013766,0.1030468431971116,0.1480872194397731,0.6958523739384593,0.1133934430056106,0.9474847084398106,0.1237179148263483,0.8374357893586238,0.1237179148263483,0.1477342100713197,0.8374357893586238,0.0942609735051689,0.0950835448600053,0.9913489620517671,0.6719118450148229
250,2,qcd,96,0.384,240,0.0089442719099991,0.3910067578984054,43.715879628547945,0.012,0.7743055555555555,64.52545758584147,0.6770833333333334,0.3229166666666667,0.0,-0.7743055555555555,0.0833333333333333,9.797958971132712,0.0,0.9128709291752768,0.0,0.2890165600655272,2.433737233777904,0.5006932412341425,2.9117015412130822,0.5006932412341425,0.1719589848571986,2.9117015412130822,0.2639345720691651,0.0999131567356816,2.641639806931523,0.816496580927726
250,2,shuffle_b,96,0.384,240,0.0089442719099991,0.3910067578984054,43.715879628547945,0.012,0.7743055555555555,64.52545758584147,0.6770833333333334,0.3229166666666667,0.0,-0.7743055555555555,0.0833333333333333,9.797958971132712,0.408248290463863,0.158910431540932,2.5690465157330262,0.2890165600655272,2.433737233777904,0.5006932412341425,2.9117015412130822,0.5006932412341425,0.1719589848571986,2.9117015412130822,0.2639345720691651,0.0999131567356816,2.6416398069315234,0.816496580927726
250,2,shuffle_l,96,0.384,240,0.0089442719099991,0.3910067578984054,43.715879628547945,0.0119999999999999,0.7743055555555557,64.52545758584158,0.6770833333333334,0.3229166666666667,0.0,-0.7743055555555557,0.0833333333333333,9.797958971132712,0.0,0.9128709291752768,0.0,0.2890165600655272,2.433737233777904,0.5006932412341425,2.9117015412130822,0.5006932412341425,0.1719589848571986,2.9117015412130822,0.2639345720691651,0.0999131567356816,2.641639806931523,0.816496580927726
250,2,shuffle_e,107,0.428,240,0.0089442719099991,0.120412137632945,13.462484748014742,0.0119999999999999,0.6947040498442368,57.89199932935314,0.5794392523364486,0.4205607476635514,0.102803738317757,-0.6947040498442368,0.0789337037963858,8.797302050315539,0.135400640077266,0.2041241452319315,0.66332495807108,0.1181573170743866,0.971741490792014,0.130052221230218,0.91120965222227,0.130052221230218,0.1427248064296125,0.91120965222227,0.0934384714916593,0.094638186229634,0.9873231431648152,0.6944036342469445
250,3,qcd,97,0.388,240,0.0149666295470957,0.3931067209265488,26.265545854796965,0.016,0.7731958762886598,48.32473924774504,0.6804123711340206,0.3195876288659793,0.0,0.7731958762886598,0.0829026672289678,9.848857801796104,0.0303030303030303,0.1123666437438736,0.2696799449852968,0.2902612736464851,2.462948578935285,0.5006932412341425,2.9117015412130822,0.5006932412341425,0.1719589848571986,2.9117015412130822,0.2646410695022013,0.099396806215847,2.662470551895952,0.816496580927726
250,3,shuffle_b,97,0.388,240,0.0149666295470957,0.3931067209265488,26.265545854796965,0.016,0.7731958762886598,48.32473924774504,0.6804123711340206,0.3195876288659793,0.0,0.7731958762886598,0.0829026672289678,9.848857801796104,0.0303030303030303,0.1123666437438736,0.2696799449852968,0.2902612736464851,2.462948578935285,0.5006932412341425,2.9117015412130822,0.5006932412341425,0.1719589848571986,2.9117015412130822,0.2646410695022013,0.099396806215847,2.662470551895952,0.816496580927726
250,3,shuffle_l,96,0.384,240,0.0149666295470957,0.397201582602867,26.539145290784436,0.0159999999999999,0.7708333333333334,48.17708032226582,0.6875,0.3125,0.0,0.7708333333333334,0.0833333333333333,9.797958971132712,0.0303030303030303,0.1123666437438736,0.2696799449852968,0.2902612736464851,2.462948578935285,0.5,2.860387767736777,0.5,0.1748014746950252,2.860387767736777,0.2647555213987257,0.0999131567356816,2.6498564358158694,0.816496580927726
250,3,shuffle_e,112,0.448,240,0.0149666295470957,0.1227475632577457,8.20141600151709,0.0159999999999999,0.6696428571428571,41.85267595563634,0.5625,0.4375,0.1339285714285714,0.6696428571428571,0.0771516749810459,8.545571116916982,0.095414989341792,0.1392115115974261,0.6853958285986758,0.1291969888579341,1.07106776031498,0.1097433047952495,0.8023620047347266,0.1097433047952495,0.1367753011080483,0.8023620047347266,0.0907616112022434,0.0925016087376193,0.9811895429806916,0.6593051253397928
250,4,qcd,93,0.372,240,0.0056568542494923,0.3787938699743771,66.96191669538801,0.004,0.7813620071684589,195.34045295700147,0.6559139784946236,0.3440860215053763,0.0,0.7813620071684589,0.0846667513334603,9.643650760992957,0.0149650971995947,0.1168811455530461,0.1280368799328961,0.289062774268024,2.358041067308153,0.5006506183624132,2.9580398915498085,0.5006506183624132,0.1692508000965825,2.9580398915498085,0.2639615219123705,0.101511868755372,2.600302064662773,0.816496580927726
250,4,shuffle_b,93,0.372,240,0.0056568542494923,0.3787938699743771,66.96191669538801,0.004,0.7813620071684589,195.34045295700147,0.6559139784946236,0.3440860215053763,0.0,0.7813620071684589,0.0846667513334603,9.643650760992957,0.0149650971995947,0.1168811455530461,0.1280368799328961,0.289062774268024,2.358041067308153,0.5006506183624132,2.9580398915498085,0.5006506183624132,0.1692508000965825,2.9580398915498085,0.2639615219123705,0.101511868755372,2.600302064662773,0.816496580927726
250,4,shuffle_l,94,0.376,240,0.0056568542494923,0.3747641479533731,66.24955587947962,0.008,0.7836879432624114,97.96098066267884,0.648936170212766,0.351063829787234,0.0,0.7836879432624114,0.0842151921066518,9.69535971483266,0.0149650971995947,0.1168811455530461,0.1280368799328961,0.289062774268024,2.358041067308153,0.5018331867175514,3.0109991203053084,0.5018331867175514,0.1666666666666666,3.0109991203053084,0.2644282277127144,0.1009704682617294,2.6188670040360704,0.816496580927726
250,4,shuffle_e,103,0.412,240,0.0056568542494923,0.092105174568011,16.28204550156664,0.004,0.7055016181229774,176.37536043690423,0.5631067961165048,0.4368932038834951,0.0970873786407767,0.7055016181229774,0.0804517986709129,8.712784937046438,0.1909406539564933,0.1613743060919757,1.1832159566199234,0.1397154687487726,1.1113549018510418,0.1138550085106622,0.7977240352174657,0.1138550085106622,0.1427248064296125,0.7977240352174657,0.0965803914750268,0.0964583180432931,1.0012655562963362,0.7009592196182232
250,5,qcd,94,0.376,240,0.0056568542494923,0.3809045487227267,67.3350354433954,0.0079999999999999,0.7801418439716313,97.51771830673916,0.6595744680851063,0.3404255319148936,0.0,-0.7801418439716313,0.0842151921066518,9.69535971483266,0.0,0.9128709291752768,0.0,0.2892752914476259,2.3790384710888604,0.5006506183624132,2.9580398915498085,0.5006506183624132,0.1692508000965825,2.9580398915498085,0.2639998879697601,0.1009704682617294,2.6146247760824077,0.816496580927726
250,5,shuffle_b,94,0.376,240,0.0056568542494923,0.3809045487227266,67.33503544339538,0.0079999999999999,0.7801418439716313,97.51771830673916,0.6595744680851063,0.3404255319148936,0.0,-0.7801418439716313,0.0842151921066518,9.69535971483266,0.4090970404246624,0.1639564589459882,2.495156598615186,0.2892752914476259,2.3790384710888604,0.5006506183624132,2.9580398915498085,0.5006506183624132,0.1692508000965825,2.9580398915498085,0.2639998879697601,0.1009704682617294,2.6146247760824077,0.816496580927726
250,5,shuffle_l,94,0.376,240,0.0056568542494923,0.3812015503652961,67.38753840298519,0.004,0.7801418439716313,195.03541223405475,0.6595744680851063,0.3404255319148936,0.0,0.7801418439716313,0.0842151921066518,9.69535971483266,0.0186242022319234,0.115934723940042,0.1606438657804999,0.2892752914476259,2.3790384710888604,0.5025974200756175,2.969542358374741,0.5025974200756175,0.1692508000965825,2.969542358374741,0.2644282277127144,0.1009704682617294,2.6188670040360704,0.816496580927726
250,5,shuffle_e,110,0.44,240,0.0056568542494923,0.094475498594666,16.701063475708313,0.0079999999999999,0.6666666666666667,83.33332291666807,0.5636363636363636,0.4363636363636363,0.1454545454545454,-0.6666666666666667,0.0778498944161523,8.305529373966369,0.1537685013858639,0.1565560727712873,0.9821944218702026,0.1041124555432101,0.8562346815634271,0.1062295731998496,0.7687061147858073,0.1062295731998496,0.1381926995981416,0.7687061147858073,0.0791657604703826,0.0933387444318875,0.8481554037632527,0.6465845848335333
250,6,qcd,97,0.388,240,0.0144222051018559,0.3875246624579897,26.869998925346117,0.0213333333333333,0.7766323024054982,36.40463746879034,0.6701030927835051,0.3298969072164948,0.0,-0.7766323024054982,0.0829026672289678,9.848857801796104,0.0,0.9128709291752768,0.0,0.2922739521688015,2.461166930003461,0.5025974200756175,2.969542358374741,0.5025974200756175,0.1692508000965825,2.969542358374741,0.2658431548637643,0.099396806215847,2.6745643545776256,0.816496580927726
250,6,shuffle_b,97,0.388,240,0.0144222051018559,0.3875246624579897,26.869998925346117,0.0213333333333333,0.7766323024054982,36.40463746879034,0.6701030927835051,0.3298969072164948,0.0,-0.7766323024054982,0.0829026672289678,9.848857801796104,0.4128876245132451,0.1543033499620919,2.6758176320519307,0.2922739521688015,2.461166930003461,0.5025974200756175,2.969542358374741,0.5025974200756175,0.1692508000965825,2.969542358374741,0.2658431548637643,0.099396806215847,2.6745643545776256,0.816496580927726
250,6,shuffle_l,97,0.388,240,0.0144222051018559,0.3875246624579897,26.869998925346117,0.0213333333333333,0.7766323024054984,36.40463746879035,0.6701030927835051,0.3298969072164948,0.0,-0.7766323024054984,0.0829026672289678,9.848857801796104,0.0,0.9128709291752768,0.0,0.2922739521688015,2.461166930003461,0.5006506183624132,2.9580398915498085,0.5006506183624132,0.1692508000965825,2.9580398915498085,0.2654430646065226,0.099396806215847,2.670539172356249,0.816496580927726
250,6,shuffle_e,110,0.44,240,0.0144222051018559,0.0881396337712059,6.111383594765263,0.0213333333333333,0.6848484848484849,32.10227122247877,0.6,0.4,0.1181818181818181,-0.6848484848484849,0.0778498944161523,8.695348808937506,0.1540562667772179,0.1825741858350553,0.8438009243891594,0.0993551291560909,0.8430562268632458,0.117363131703255,0.8131156281817417,0.117363131703255,0.1443375672974064,0.8131156281817417,0.0861640436855329,0.0933387444318875,0.9231326627541016,0.6769319866874005
250,7,qcd,94,0.376,240,0.004,0.3809045487227267,95.22611337415331,0.0026666666666666,0.7801418439716313,292.55308178195617,0.6595744680851063,0.3404255319148936,0.0,0.7801418439716313,0.0842151921066518,9.69535971483266,0.0186242022319234,0.115934723940042,0.1606438657804999,0.2892752914476259,2.3790384710888604,0.5006506183624132,2.9580398915498085,0.5006506183624132,0.1692508000965825,2.9580398915498085,0.2639998879697601,0.1009704682617294,2.6146247760824077,0.816496580927726
250,7,shuffle_b,94,0.376,240,0.004,0.3809045487227266,95.22611337415331,0.0026666666666666,0.7801418439716313,292.55308178195617,0.6595744680851063,0.3404255319148936,0.0,0.7801418439716313,0.0842151921066518,9.69535971483266,0.0186242022319234,0.115934723940042,0.1606438657804999,0.2892752914476259,2.3790384710888604,0.5006506183624132,2.9580398915498085,0.5006506183624132,0.1692508000965825,2.9580398915498085,0.2639998879697601,0.1009704682617294,2.6146247760824077,0.816496580927726
250,7,shuffle_l,94,0.376,240,0.004,0.3809045487227267,95.22611337415331,0.0106666666666666,0.7801418439716313,73.13829101562565,0.6595744680851063,0.3404255319148936,0.0,0.7801418439716313,0.0842151921066518,9.69535971483266,0.0186242022319234,0.115934723940042,0.1606438657804999,0.2892752914476259,2.3790384710888604,0.5006506183624132,2.9580398915498085,0.5006506183624132,0.1692508000965825,2.9580398915498085,0.2639998879697601,0.1009704682617294,2.6146247760824077,0.816496580927726
250,7,shuffle_e,107,0.428,240,0.004,0.1260816594694583,31.52040698726284,0.0026666666666666,0.6853582554517136,257.0092494159246,0.5981308411214953,0.4018691588785046,0.1214953271028037,0.6853582554517136,0.0789337037963858,8.528676201909024,0.1595128937804124,0.150075056296916,1.0628874492295644,0.1350154312168304,1.1281521496355322,0.1011471965170534,0.6927592896553646,0.1011471965170534,0.1460062651305222,0.6927592896553646,0.0988881915530135,0.094638186229634,1.0449079329676407,0.6732000010967718
250,8,qcd,73,0.292,240,0.0113137084989847,0.4072895547210549,35.99964757426405,0.0,0.8082191780821919,808219178.0821918,0.5753424657534246,0.4246575342465753,0.0,-0.8082191780821919,0.0955636965134993,8.54400374531753,0.0,0.9128709291752768,0.0,0.4103259033241449,2.7774602993176547,0.5006932412341425,2.9117015412130822,0.5006932412341425,0.1719589848571986,2.9117015412130822,0.3191981689644296,0.1145768470559324,2.785887176740063,0.816496580927726
250,8,shuffle_b,73,0.292,240,0.0113137084989847,0.4072895547210549,35.99964757426405,0.0,0.8082191780821919,808219178.0821918,0.5753424657534246,0.4246575342465753,0.0,-0.8082191780821919,0.0955636965134993,8.54400374531753,0.408248290463863,0.1666666666666666,2.4494897427831783,0.4103259033241449,2.7774602993176547,0.5006932412341425,2.9117015412130822,0.5006932412341425,0.1719589848571986,2.9117015412130822,0.3191981689644296,0.1145768470559324,2.785887176740063,0.816496580927726
250,8,shuffle_l,95,0.38,240,0.0113137084989847,0.377188902466714,33.33910089352756,0.004,0.7824561403508774,195.61398618422243,0.6526315789473685,0.3473684210526316,0.0,0.7824561403508774,0.0837707816583391,9.746794344808963,0.0186242022319234,0.115934723940042,0.1606438657804999,0.2892752914476259,2.3790384710888604,0.5018331867175514,3.0109991203053084,0.5018331867175514,0.1666666666666666,3.0109991203053084,0.264409305248046,0.1004376388524024,2.6325718950502943,0.816496580927726
250,8,shuffle_e,96,0.384,240,0.0113137084989847,0.207811847325625,18.36814418332671,0.0,0.6840277777777777,684027777.7777777,0.5,0.5,0.1354166666666666,-0.6840277777777777,0.0833333333333333,7.891847058832298,0.2666666666666667,0.1666666666666666,1.6000000000000003,0.2204792759220492,1.5954480704349312,0.1350154312168304,0.9770084209183943,0.1350154312168304,0.1381926995981416,0.9770084209183943,0.1292674338124047,0.0999131567356816,1.2937979144666532,0.6576539215693582
250,9,qcd,94,0.376,240,0.0069282032302755,0.3809045487227267,54.97882799964451,0.0066666666666666,0.7801418439716313,117.02125904255588,0.6595744680851063,0.3404255319148936,0.0,-0.7801418439716313,0.0842151921066518,9.69535971483266,0.0,0.9128709291752768,0.0,0.2892752914476259,2.3790384710888604,0.5006506183624132,2.9580398915498085,0.5006506183624132,0.1692508000965825,2.9580398915498085,0.2639998879697601,0.1009704682617294,2.6146247760824077,0.816496580927726
250,9,shuffle_b,94,0.376,240,0.0069282032302755,0.3809045487227266,54.9788279996445,0.0066666666666666,0.7801418439716313,117.02125904255588,0.6595744680851063,0.3404255319148936,0.0,-0.7801418439716313,0.0842151921066518,9.69535971483266,0.4090970404246624,0.1639564589459882,2.495156598615186,0.2892752914476259,2.3790384710888604,0.5006506183624132,2.9580398915498085,0.5006506183624132,0.1692508000965825,2.9580398915498085,0.2639998879697601,0.1009704682617294,2.6146247760824077,0.816496580927726
250,9,shuffle_l,94,0.376,240,0.0069282032302755,0.3809045487227267,54.97882799964451,0.0026666666666666,0.7801418439716314,292.553081781956,0.6595744680851063,0.3404255319148936,0.0,-0.7801418439716314,0.0842151921066518,9.69535971483266,0.0,0.9128709291752768,0.0,0.2892752914476259,2.3790384710888604,0.5006506183624132,2.9580398915498085,0.5006506183624132,0.1692508000965825,2.9580398915498085,0.2639998879697601,0.1009704682617294,2.6146247760824077,0.816496580927726
250,9,shuffle_e,107,0.428,240,0.0069282032302755,0.1260816594694583,18.198317381940765,0.0066666666666666,0.6853582554517135,102.80372289719872,0.5981308411214953,0.4018691588785046,0.1214953271028037,-0.6853582554517135,0.0789337037963858,8.528676201909024,0.1870278692289273,0.1756820922315766,1.0645812948447542,0.1256493550189043,1.0498917693137362,0.1293087388962192,0.8856382894297293,0.1293087388962192,0.1460062651305222,0.8856382894297293,0.0997675406847344,0.094638186229634,1.0541996276498191,0.6732000010967719
250,10,qcd,93,0.372,240,0.0069282032302755,0.3787938699743771,54.67417780773386,0.0053333333333333,0.7813620071684589,146.50534887433312,0.6559139784946236,0.3440860215053763,0.0,-0.7813620071684589,0.0846667513334603,9.643650760992957,0.0,0.9128709291752768,0.0,0.289062774268024,2.358041067308153,0.5025974200756175,2.969542358374741,0.5025974200756175,0.1692508000965825,2.969542358374741,0.2643991786222968,0.101511868755372,2.6046134492850093,0.816496580927726
250,10,shuffle_b,93,0.372,240,0.0069282032302755,0.3787938699743771,54.67417780773386,0.0053333333333333,0.7813620071684589,146.50534887433312,0.6559139784946236,0.3440860215053763,0.0,-0.7813620071684589,0.0846667513334603,9.643650760992957,0.408248290463863,0.1666666666666666,2.4494897427831783,0.289062774268024,2.358041067308153,0.5025974200756175,2.969542358374741,0.5025974200756175,0.1692508000965825,2.969542358374741,0.2643991786222968,0.101511868755372,2.6046134492850093,0.816496580927726
250,10,shuffle_l,95,0.38,240,0.0069282032302755,0.3768950271572243,54.40010349438509,0.0106666666666666,0.7824561403508774,73.35525628083946,0.6526315789473685,0.3473684210526316,0.0,0.7824561403508774,0.0837707816583391,9.746794344808963,0.0186242022319234,0.115934723940042,0.1606438657804999,0.2892752914476259,2.3790384710888604,0.5054796156852205,3.032877694111323,0.5054796156852205,0.1666666666666666,3.032877694111323,0.2652461008161162,0.1004376388524024,2.6409033888770246,0.816496580927726
250,10,shuffle_e,112,0.448,240,0.0069282032302755,0.1354084900723491,19.54452922744808,0.0053333333333333,0.6488095238095237,121.6517629045801,0.5357142857142857,0.4642857142857143,0.1696428571428571,-0.6488095238095237,0.0771516749810459,8.04174376967725,0.2568505834570407,0.1863389981249824,1.3784048752090223,0.1615893285805442,1.307322037254367,0.0566138517072297,0.4264014327112208,0.0566138517072297,0.1327712511359486,0.4264014327112208,0.0916357399901229,0.0925016087376193,0.9906394195807722,0.6204340015989905
250,11,qcd,95,0.38,240,0.0149666295470957,0.389615905754142,26.03230597081492,0.0093333333333333,0.7754385964912283,83.08269786519973,0.6736842105263158,0.3263157894736842,0.0,0.7754385964912283,0.0837707816583391,9.746794344808963,0.0423127000241456,0.1141088661469096,0.3708099243547831,0.2917596577950191,2.437864191906887,0.5006932412341425,2.9117015412130822,0.5006932412341425,0.1719589848571986,2.9117015412130822,0.2652461008161162,0.1004376388524024,2.6409033888770246,0.816496580927726
250,11,shuffle_b,95,0.38,240,0.0149666295470957,0.389615905754142,26.03230597081492,0.0093333333333333,0.7754385964912283,83.08269786519973,0.6736842105263158,0.3263157894736842,0.0,0.7754385964912283,0.0837707816583391,9.746794344808963,0.0423127000241456,0.1141088661469096,0.3708099243547831,0.2917596577950191,2.437864191906887,0.5006932412341425,2.9117015412130822,0.5006932412341425,0.1719589848571986,2.9117015412130822,0.2652461008161162,0.1004376388524024,2.6409033888770246,0.816496580927726
250,11,shuffle_l,96,0.384,240,0.0149666295470957,0.3855574067358697,25.761136116952265,0.0133333333333333,0.7777777777777778,58.33332895833363,0.6666666666666666,0.3333333333333333,0.0,0.7777777777777778,0.0833333333333333,9.797958971132712,0.0423127000241456,0.1141088661469096,0.3708099243547831,0.2917596577950191,2.437864191906887,0.5025974200756175,2.969542358374741,0.5025974200756175,0.1692508000965825,2.969542358374741,0.2655739329996242,0.0999131567356816,2.658047665355975,0.816496580927726
250,11,shuffle_e,111,0.444,240,0.0149666295470957,0.1248324906355947,8.340721062284668,0.0093333333333333,0.6636636636636638,71.10681348823393,0.6126126126126126,0.3873873873873873,0.1441441441441441,0.6636636636636638,0.0774984258292128,8.361753339995083,0.0955862750599486,0.1345954755145413,0.7101745039685362,0.1253599201229845,1.0797107951065037,0.1250563240690052,0.8565134102787387,0.1250563240690052,0.1460062651305222,0.8565134102787387,0.1017758876368919,0.0929173483997129,1.0953378393781883,0.6480227210217817
250,12,qcd,95,0.38,240,0.0126491106406735,0.389615905754142,30.801839435215584,0.0093333333333333,0.7754385964912283,83.0826978651997,0.6736842105263158,0.3263157894736842,0.0,0.7754385964912283,0.0837707816583391,9.746794344808963,0.0423127000241456,0.1141088661469096,0.3708099243547831,0.2917596577950191,2.437864191906887,0.5006932412341425,2.9117015412130822,0.5006932412341425,0.1719589848571986,2.9117015412130822,0.2652461008161162,0.1004376388524024,2.6409033888770246,0.816496580927726
250,12,shuffle_b,95,0.38,240,0.0126491106406735,0.389615905754142,30.801839435215584,0.0093333333333333,0.7754385964912283,83.0826978651997,0.6736842105263158,0.3263157894736842,0.0,0.7754385964912283,0.0837707816583391,9.746794344808963,0.0423127000241456,0.1141088661469096,0.3708099243547831,0.2917596577950191,2.437864191906887,0.5006932412341425,2.9117015412130822,0.5006932412341425,0.1719589848571986,2.9117015412130822,0.2652461008161162,0.1004376388524024,2.6409033888770246,0.816496580927726
250,12,shuffle_l,94,0.376,240,0.0126491106406735,0.3937607558153563,31.129518578143408,0.0053333333333333,0.7730496453900711,144.9467813331169,0.6808510638297872,0.3191489361702128,0.0,0.7730496453900711,0.0842151921066518,9.69535971483266,0.0423127000241456,0.1141088661469096,0.3708099243547831,0.2917596577950191,2.437864191906887,0.5,2.860387767736777,0.5,0.1748014746950252,2.860387767736777,0.2652828323464783,0.1009704682617294,2.627330910844431,0.816496580927726
250,12,shuffle_e,115,0.46,240,0.0126491106406735,0.1457656922977409,11.5237888982676,0.0093333333333333,0.6405797101449274,68.63353301907794,0.5652173913043478,0.4347826086956521,0.1739130434782608,0.6405797101449274,0.0761386987626881,8.089176880789271,0.0700298498515301,0.1331559103228268,0.5259237061407777,0.1434293976507384,1.2077836142046552,0.1089342309224546,0.8045326141759123,0.1089342309224546,0.135400640077266,0.8045326141759123,0.0975923132696718,0.0912870929175276,1.069070228338201,0.6158994017645153
250,13,qcd,94,0.376,240,0.0056568542494923,0.3872398877276871,68.45497553829686,0.0013333333333333,0.7765957446808514,582.4463716758588,0.6702127659574468,0.3297872340425531,0.0,0.7765957446808514,0.0842151921066518,9.69535971483266,0.0296956935458249,0.115010926557059,0.2581988897471611,0.290198496806067,2.4058010698889443,0.5006932412341425,2.9117015412130822,0.5006932412341425,0.1719589848571986,2.9117015412130822,0.2644282277127144,0.1009704682617294,2.6188670040360704,0.816496580927726
250,13,shuffle_b,94,0.376,240,0.0056568542494923,0.3872398877276871,68.45497553829686,0.0013333333333333,0.7765957446808514,582.4463716758588,0.6702127659574468,0.3297872340425531,0.0,0.7765957446808514,0.0842151921066518,9.69535971483266,0.0296956935458249,0.115010926557059,0.2581988897471611,0.290198496806067,2.4058010698889443,0.5006932412341425,2.9117015412130822,0.5006932412341425,0.1719589848571986,2.9117015412130822,0.2644282277127144,0.1009704682617294,2.6188670040360704,0.816496580927726
250,13,shuffle_l,94,0.376,240,0.0056568542494923,0.3872398877276871,68.45497553829686,0.0013333333333333,0.7765957446808512,582.446371675854,0.6702127659574468,0.3297872340425531,0.0,0.7765957446808512,0.0842151921066518,9.69535971483266,0.0296956935458249,0.115010926557059,0.2581988897471611,0.290198496806067,2.4058010698889443,0.5006932412341425,2.9117015412130822,0.5006932412341425,0.1719589848571986,2.9117015412130822,0.2644282277127144,0.1009704682617294,2.6188670040360704,0.816496580927726
250,13,shuffle_e,107,0.428,240,0.0056568542494923,0.0851442390574233,15.051514543361137,0.0013333333333333,0.6822429906542056,511.68185922926295,0.6261682242990654,0.3738317757009345,0.1214953271028037,0.6822429906542056,0.0789337037963858,8.528676201909024,0.0803960648237866,0.1480872194397731,0.5428967140306369,0.090685204644568,0.7752970280366723,0.1020620726159657,0.6741998624632421,0.1020620726159657,0.1513825177048745,0.6741998624632421,0.0856343738779031,0.094638186229634,0.9048606835101042,0.6732000010967718
250,14,qcd,95,0.38,240,0.004,0.3837416028117512,95.93537671909364,0.0106666666666666,0.7789473684210528,73.02630894325726,0.6631578947368421,0.3368421052631579,0.0,-0.7789473684210528,0.0837707816583391,9.746794344808963,0.0,0.9128709291752768,0.0,0.2919297485357067,2.4201534780139164,0.5006506183624132,2.9580398915498085,0.5006506183624132,0.1692508000965825,2.9580398915498085,0.2652461008161162,0.1004376388524024,2.6409033888770246,0.816496580927726
250,14,shuffle_b,95,0.38,240,0.004,0.3837416028117512,95.93537671909364,0.0106666666666666,0.7789473684210528,73.02630894325726,0.6631578947368421,0.3368421052631579,0.0,-0.7789473684210528,0.0837707816583391,9.746794344808963,0.408248290463863,0.1666666666666666,2.4494897427831783,0.2919297485357067,2.4201534780139164,0.5006506183624132,2.9580398915498085,0.5006506183624132,0.1692508000965825,2.9580398915498085,0.2652461008161162,0.1004376388524024,2.6409033888770246,0.816496580927726
250,14,shuffle_l,96,0.384,240,0.004,0.3797442944491289,94.93604987826974,0.0146666666666666,0.78125,53.267041822701685,0.65625,0.34375,0.0,-0.78125,0.0833333333333333,9.797958971132712,0.0,0.9128709291752768,0.0,0.2919297485357067,2.4201534780139164,0.5018331867175514,3.0109991203053084,0.5018331867175514,0.1666666666666666,3.0109991203053084,0.2655739329996242,0.0999131567356816,2.658047665355974,0.816496580927726
250,14,shuffle_e,107,0.428,240,0.004,0.1163542018503619,29.08854319045469,0.0106666666666666,0.6915887850467292,64.83644251971435,0.6074766355140186,0.3925233644859813,0.1121495327102803,-0.6915887850467292,0.0789337037963858,8.662412087725341,0.165976532577323,0.1946247360403807,0.8528028654224417,0.1160663620282694,0.9773662339393332,0.1091089451179961,0.7385489458759964,0.1091089451179961,0.1477342100713197,0.7385489458759964,0.0934384714916593,0.094638186229634,0.9873231431648152,0.6837562698947444
250,15,qcd,94,0.376,240,0.0069282032302755,0.3809045487227266,54.9788279996445,0.0013333333333333,0.7801418439716314,585.1059441492677,0.6595744680851063,0.3404255319148936,0.0,-0.7801418439716314,0.0842151921066518,9.69535971483266,0.0,0.9128709291752768,0.0,0.2892752914476259,2.3790384710888604,0.5025974200756175,2.969542358374741,0.5025974200756175,0.1692508000965825,2.969542358374741,0.2644282277127144,0.1009704682617294,2.6188670040360704,0.816496580927726
250,15,shuffle_b,94,0.376,240,0.0069282032302755,0.3809045487227266,54.9788279996445,0.0013333333333333,0.7801418439716314,585.1059441492677,0.6595744680851063,0.3404255319148936,0.0,-0.7801418439716314,0.0842151921066518,9.69535971483266,0.4090448732514971,0.1613743060919757,2.534758371127315,0.2892752914476259,2.3790384710888604,0.5025974200756175,2.969542358374741,0.5025974200756175,0.1692508000965825,2.969542358374741,0.2644282277127144,0.1009704682617294,2.6188670040360704,0.816496580927726
250,15,shuffle_l,95,0.38,240,0.0069282032302755,0.3831636783831851,55.3049052319793,0.0106666666666666,0.7789473684210529,73.0263089432574,0.6631578947368421,0.3368421052631579,0.0,0.7789473684210529,0.0837707816583391,9.746794344808963,0.0194403947839934,0.115010926557059,0.1690308509457032,0.2893289862469553,2.398592660967417,0.5025974200756175,2.969542358374741,0.5025974200756175,0.1692508000965825,2.969542358374741,0.264409305248046,0.1004376388524024,2.6325718950502943,0.816496580927726
250,15,shuffle_e,100,0.4,240,0.0069282032302755,0.1122497216032182,16.20184940748412,0.0013333333333333,0.6800000000000002,509.99961750028746,0.6,0.4,0.14,-0.6800000000000002,0.0816496580927726,7.992496481075234,0.0942111439531991,0.1461763365511715,0.6445033866354896,0.1312334645668635,1.0617310051386497,0.1241638702145944,0.8201995322647244,0.1241638702145944,0.1513825177048745,0.8201995322647244,0.1016530045465127,0.097894501037256,1.0383934078976125,0.652584604987481
250,16,qcd,94,0.376,240,0.0056568542494923,0.3809045487227266,67.33503544339538,0.0039999999999999,0.7801418439716314,195.0354122340549,0.6595744680851063,0.3404255319148936,0.0,-0.7801418439716314,0.0842151921066518,9.69535971483266,0.0,0.9128709291752768,0.0,0.2892752914476259,2.3790384710888604,0.5025974200756175,2.969542358374741,0.5025974200756175,0.1692508000965825,2.969542358374741,0.2644282277127144,0.1009704682617294,2.6188670040360704,0.816496580927726
250,16,shuffle_b,94,0.376,240,0.0056568542494923,0.3809045487227266,67.33503544339538,0.0039999999999999,0.7801418439716314,195.0354122340549,0.6595744680851063,0.3404255319148936,0.0,-0.7801418439716314,0.0842151921066518,9.69535971483266,0.4090448732514971,0.1613743060919757,2.534758371127315,0.2892752914476259,2.3790384710888604,0.5025974200756175,2.969542358374741,0.5025974200756175,0.1692508000965825,2.969542358374741,0.2644282277127144,0.1009704682617294,2.6188670040360704,0.816496580927726
250,16,shuffle_l,94,0.376,240,0.0056568542494923,0.3809045487227266,67.33503544339538,0.004,0.7801418439716314,195.03541223405443,0.6595744680851063,0.3404255319148936,0.0,0.7801418439716314,0.0842151921066518,9.69535971483266,0.0186242022319234,0.115934723940042,0.1606438657804999,0.2892752914476259,2.3790384710888604,0.5025974200756175,2.969542358374741,0.5025974200756175,0.1692508000965825,2.969542358374741,0.2644282277127144,0.1009704682617294,2.6188670040360704,0.816496580927726
250,16,shuffle_e,110,0.44,240,0.0056568542494923,0.1157083823759805,20.454541838659143,0.004,0.6666666666666669,166.66662500001044,0.6,0.4,0.1454545454545454,-0.6666666666666669,0.0778498944161523,8.305529373966369,0.1291465872687518,0.150075056296916,0.8605466521581153,0.1163809961798273,0.9875254992000196,0.1128762456496313,0.7820295697311479,0.1128762456496313,0.1443375672974064,0.7820295697311479,0.0926351295008046,0.0933387444318875,0.9924617056361168,0.6465845848335333
250,17,qcd,96,0.384,240,0.0056568542494923,0.3849941377620068,68.05797935108104,0.0093333333333333,0.7777777777777777,83.3333244047628,0.6666666666666666,0.3333333333333333,0.0,0.7777777777777777,0.0833333333333333,9.797958971132712,0.0180421959121758,0.1141088661469096,0.1581138830084189,0.2892384036857254,2.4167972796469903,0.5006506183624132,2.9580398915498085,0.5006506183624132,0.1692508000965825,2.9580398915498085,0.2639345720691651,0.0999131567356816,2.641639806931523,0.816496580927726
250,17,shuffle_b,96,0.384,240,0.0056568542494923,0.3849941377620068,68.05797935108104,0.0093333333333333,0.7777777777777777,83.3333244047628,0.6666666666666666,0.3333333333333333,0.0,0.7777777777777777,0.0833333333333333,9.797958971132712,0.0180421959121758,0.1141088661469096,0.1581138830084189,0.2892384036857254,2.4167972796469903,0.5006506183624132,2.9580398915498085,0.5006506183624132,0.1692508000965825,2.9580398915498085,0.2639345720691651,0.0999131567356816,2.641639806931523,0.816496580927726
250,17,shuffle_l,95,0.38,240,0.0056568542494923,0.3890467076331859,68.77437913372401,0.0093333333333333,0.7754385964912284,83.08269786519975,0.6736842105263158,0.3263157894736842,0.0,0.7754385964912284,0.0837707816583391,9.746794344808963,0.0180421959121758,0.1141088661469096,0.1581138830084189,0.2892384036857254,2.4167972796469903,0.5006932412341425,2.9117015412130822,0.5006932412341425,0.1719589848571986,2.9117015412130822,0.2639899127875058,0.1004376388524024,2.628396244713108,0.816496580927726
250,17,shuffle_e,110,0.44,240,0.0056568542494923,0.1164204406805972,20.580417130356,0.0093333333333333,0.678787878787879,72.72726493506576,0.5636363636363636,0.4363636363636363,0.1272727272727272,0.678787878787879,0.0778498944161523,8.564196082847154,0.0476190476190476,0.1408590424547527,0.3380617018914066,0.1089953491006091,0.896392247614613,0.1381926995981416,1.0,0.1381926995981416,0.1381926995981416,1.0,0.0899188492421684,0.0933387444318875,0.9633603900445146,0.666721760808876
250,18,qcd,74,0.296,240,0.0089442719099991,0.401330875808581,44.87015097224028,0.0013333333333333,0.8108108108108109,608.1076520273738,0.5675675675675675,0.4324324324324324,0.0,0.8108108108108109,0.0949157995752499,8.602325267042627,0.2896553585856295,0.1408590424547527,2.056349053193895,0.4089420008885159,2.768092784271811,0.5006506183624132,2.9580398915498085,0.5006506183624132,0.1692508000965825,2.9580398915498085,0.3185961872929189,0.1138000459158538,2.79961387298996,0.816496580927726
250,18,shuffle_b,74,0.296,240,0.0089442719099991,0.401330875808581,44.87015097224028,0.0013333333333333,0.8108108108108109,608.1076520273738,0.5675675675675675,0.4324324324324324,0.0,0.8108108108108109,0.0949157995752499,8.602325267042627,0.2896553585856295,0.1408590424547527,2.056349053193895,0.4089420008885159,2.768092784271811,0.5006506183624132,2.9580398915498085,0.5006506183624132,0.1692508000965825,2.9580398915498085,0.3185961872929189,0.1138000459158538,2.79961387298996,0.816496580927726
250,18,shuffle_l,95,0.38,240,0.0089442719099991,0.3768950271572243,42.13814034407184,0.0093333333333333,0.7824561403508774,83.83457748388935,0.6526315789473685,0.3473684210526316,0.0,0.7824561403508774,0.0837707816583391,9.746794344808963,0.0186242022319234,0.115934723940042,0.1606438657804999,0.2892752914476259,2.3790384710888604,0.5018331867175514,3.0109991203053084,0.5018331867175514,0.1666666666666666,3.0109991203053084,0.264409305248046,0.1004376388524024,2.6325718950502943,0.816496580927726
250,18,shuffle_e,111,0.444,240,0.0089442719099991,0.1225357703489679,13.699914077082818,0.0013333333333333,0.6606606606606609,495.4951238741532,0.5495495495495496,0.4504504504504504,0.1531531531531531,0.6606606606606609,0.0774984258292128,8.234731981722954,0.240712916839403,0.1613743060919757,1.49164338901763,0.149276375733855,1.2177279667044638,0.1259629575179412,0.930298094942984,0.1259629575179412,0.135400640077266,0.930298094942984,0.1017758876368919,0.0929173483997129,1.0953378393781883,0.6381787657090032
250,19,qcd,96,0.384,240,0.0119999999999999,0.3969283100678676,33.07735641587594,0.0093333333333333,0.7708333333333334,82.58927686543461,0.6875,0.3125,0.0,-0.7708333333333334,0.0833333333333333,9.797958971132712,0.0,0.9128709291752768,0.0,0.2894692905233758,2.456228379292054,0.5,2.860387767736777,0.5,0.1748014746950252,2.860387767736777,0.2643453654260316,0.0999131567356816,2.6457513110645903,0.816496580927726
250,19,shuffle_b,96,0.384,240,0.012,0.3969283100678676,33.07735641587594,0.0093333333333333,0.7708333333333334,82.58927686543461,0.6875,0.3125,0.0,-0.7708333333333334,0.0833333333333333,9.797958971132712,0.4104914298225475,0.158910431540932,2.583162262175428,0.2894692905233758,2.456228379292054,0.5,2.860387767736777,0.5,0.1748014746950252,2.860387767736777,0.2643453654260316,0.0999131567356816,2.6457513110645903,0.816496580927726
250,19,shuffle_l,96,0.384,240,0.0119999999999999,0.3969283100678676,33.07735641587594,0.0093333333333333,0.7708333333333334,82.58927686543461,0.6875,0.3125,0.0,-0.7708333333333334,0.0833333333333333,9.797958971132712,0.0,0.9128709291752768,0.0,0.2894692905233758,2.456228379292054,0.5,2.860387767736777,0.5,0.1748014746950252,2.860387767736777,0.2643453654260316,0.0999131567356816,2.6457513110645903,0.816496580927726
250,19,shuffle_e,111,0.444,240,0.0119999999999999,0.1050621963035189,8.755182295694722,0.0093333333333333,0.6666666666666667,71.42856377551104,0.6486486486486487,0.3513513513513513,0.1351351351351351,-0.6666666666666667,0.0774984258292128,8.49005777843008,0.140441681411581,0.1790287185098582,0.7844645405527362,0.1075828707279838,0.9534625892455924,0.1209484760520077,0.7889091344239983,0.1209484760520077,0.1533110351679666,0.7889091344239983,0.1017758876368919,0.0929173483997129,1.0953378393781883,0.6579661130273952
250,20,qcd,75,0.3,240,0.0089442719099991,0.4055175020198813,45.33822996014994,0.0013333333333333,0.8088888888888889,606.6662116670085,0.5733333333333334,0.4266666666666667,0.0,0.8088888888888889,0.0942809041582063,8.660254037844387,0.2912398045607628,0.1392115115974261,2.092066965000526,0.4100657960546388,2.808549315935592,0.5025974200756175,2.969542358374741,0.5025974200756175,0.1692508000965825,2.969542358374741,0.3196178273431499,0.1130388330520878,2.8275046611271315,0.816496580927726
250,20,shuffle_b,75,0.3,240,0.0089442719099991,0.4055175020198813,45.33822996014994,0.0013333333333333,0.8088888888888889,606.6662116670085,0.5733333333333334,0.4266666666666667,0.0,0.8088888888888889,0.0942809041582063,8.660254037844387,0.2912398045607628,0.1392115115974261,2.092066965000526,0.4100657960546388,2.808549315935592,0.5025974200756175,2.969542358374741,0.5025974200756175,0.1692508000965825,2.969542358374741,0.3196178273431498,0.1130388330520878,2.8275046611271306,0.816496580927726
250,20,shuffle_l,94,0.376,240,0.0089442719099991,0.393185502395241,43.95947064134004,0.0026666666666666,0.7730496453900711,289.8935083112108,0.6808510638297872,0.3191489361702128,0.0,-0.7730496453900711,0.0842151921066518,9.69535971483266,0.0,0.9128709291752768,0.0,0.2900812565759234,2.4238399287081647,0.5,2.860387767736777,0.5,0.1748014746950252,2.860387767736777,0.2644282277127144,0.1009704682617294,2.6188670040360704,0.816496580927726
250,20,shuffle_e,103,0.412,240,0.0089442719099991,0.1076751117127127,12.038442117786737,0.0013333333333333,0.7184466019417477,538.8345473303993,0.5728155339805825,0.4271844660194174,0.0776699029126213,0.7184466019417477,0.0804517986709129,8.99244558893202,0.1458149606298483,0.1756820922315766,0.8299933065325821,0.1135930466829553,0.911322376865767,0.1128762456496313,0.7820295697311479,0.1128762456496313,0.1443375672974064,0.7820295697311479,0.0862703900489729,0.0964583180432931,0.8943799954116182,0.7234584220798982
250,21,qcd,95,0.38,240,0.0097979589711327,0.3951226185078623,40.32702926649979,0.0066666666666666,0.7719298245614036,115.78945631579212,0.6842105263157895,0.3157894736842105,0.0,-0.7719298245614036,0.0837707816583391,9.746794344808963,0.0,0.9128709291752768,0.0,0.2898343402241625,2.440623558979008,0.5,2.860387767736777,0.5,0.1748014746950252,2.860387767736777,0.264409305248046,0.1004376388524024,2.6325718950502943,0.816496580927726
250,21,shuffle_b,95,0.38,240,0.0097979589711327,0.3951226185078623,40.32702926649979,0.0066666666666666,0.7719298245614036,115.78945631579212,0.6842105263157895,0.3157894736842105,0.0,-0.7719298245614036,0.0837707816583391,9.746794344808963,0.4104914298225475,0.158910431540932,2.583162262175428,0.2898343402241625,2.440623558979008,0.5,2.860387767736777,0.5,0.1748014746950252,2.860387767736777,0.264409305248046,0.1004376388524024,2.6325718950502943,0.816496580927726
250,21,shuffle_l,96,0.384,240,0.0097979589711327,0.3910067578984054,39.90695604497376,0.0106666666666666,0.7743055555555555,72.59113902791405,0.6770833333333334,0.3229166666666667,0.0,-0.7743055555555555,0.0833333333333333,9.797958971132712,0.0,0.9128709291752768,0.0,0.2898343402241625,2.440623558979008,0.5006932412341425,2.9117015412130822,0.5006932412341425,0.1719589848571986,2.9117015412130822,0.2643453654260316,0.0999131567356816,2.6457513110645903,0.816496580927726
250,21,shuffle_e,113,0.452,240,0.0097979589711327,0.1486093418030678,15.167375886501768,0.0066666666666666,0.6489675516224189,97.34511814159504,0.5309734513274337,0.4690265486725664,0.1592920353982301,-0.6489675516224189,0.0768095372642568,8.222029549418101,0.2414250905646041,0.1903467469067202,1.2683436648534627,0.1509230856356236,1.2210278829367869,0.0862919668805801,0.6561491693346301,0.0862919668805801,0.1315127274611728,0.6561491693346301,0.0906629861864484,0.0920914000257465,0.9844891722908028,0.6315302850638507
250,22,qcd,93,0.372,240,0.0,0.3911082468703916,391108246.8703916,0.0,0.7741935483870971,774193548.387097,0.6774193548387096,0.3225806451612903,0.0,0.7741935483870971,0.0846667513334603,9.643650760992957,0.0194403947839934,0.115010926557059,0.1690308509457032,0.2893289862469553,2.398592660967417,0.5,2.860387767736777,0.5,0.1748014746950252,2.860387767736777,0.2639615219123705,0.101511868755372,2.600302064662773,0.816496580927726
250,22,shuffle_b,93,0.372,240,0.0,0.3911082468703916,391108246.8703916,0.0,0.7741935483870971,774193548.387097,0.6774193548387096,0.3225806451612903,0.0,0.7741935483870971,0.0846667513334603,9.643650760992957,0.0194403947839934,0.115010926557059,0.1690308509457032,0.2893289862469553,2.398592660967417,0.5,2.860387767736777,0.5,0.1748014746950252,2.860387767736777,0.2639615219123705,0.101511868755372,2.600302064662773,0.816496580927726
250,22,shuffle_l,96,0.384,240,0.0,0.3788861141556919,378886114.1556919,0.008,0.78125,97.6562377929702,0.65625,0.34375,0.0,0.78125,0.0833333333333333,9.797958971132712,0.0194403947839934,0.115010926557059,0.1690308509457032,0.2893289862469553,2.398592660967417,0.5018331867175514,3.0109991203053084,0.5018331867175514,0.1666666666666666,3.0109991203053084,0.2643453654260316,0.0999131567356816,2.6457513110645903,0.816496580927726
250,22,shuffle_e,107,0.428,240,0.0,0.1036498738916767,103649873.89167678,0.0,0.6728971962616824,672897196.2616824,0.5514018691588785,0.4485981308411215,0.1308411214953271,-0.6728971962616824,0.0789337037963858,8.396149540283554,0.1748289656875196,0.1565560727712873,1.116717880007933,0.1322866607228033,1.0612955422704569,0.0883883476483184,0.6396021490668312,0.0883883476483184,0.1381926995981416,0.6396021490668312,0.0856343738779031,0.094638186229634,0.9048606835101044,0.6627391808429032
250,23,qcd,94,0.376,240,0.0126491106406735,0.3937607558153563,31.129518578143408,0.0013333333333333,0.7730496453900711,579.7867992024537,0.6808510638297872,0.3191489361702128,0.0,0.7730496453900711,0.0842151921066518,9.69535971483266,0.0285272165367274,0.1141088661469096,0.25,0.2900812565759234,2.4238399287081647,0.5,2.860387767736777,0.5,0.1748014746950252,2.860387767736777,0.2644282277127144,0.1009704682617294,2.6188670040360704,0.816496580927726
250,23,shuffle_b,94,0.376,240,0.0126491106406735,0.3937607558153563,31.129518578143408,0.0013333333333333,0.7730496453900711,579.7867992024537,0.6808510638297872,0.3191489361702128,0.0,0.7730496453900711,0.0842151921066518,9.69535971483266,0.0285272165367274,0.1141088661469096,0.25,0.2900812565759234,2.4238399287081647,0.5,2.860387767736777,0.5,0.1748014746950252,2.860387767736777,0.2644282277127144,0.1009704682617294,2.6188670040360704,0.816496580927726
250,23,shuffle_l,95,0.38,240,0.0126491106406735,0.389615905754142,30.801839435215584,0.0053333333333333,0.7754385964912284,145.39470958059738,0.6736842105263158,0.3263157894736842,0.0,0.7754385964912284,0.0837707816583391,9.746794344808963,0.0285272165367274,0.1141088661469096,0.25,0.2900812565759234,2.4238399287081647,0.5006932412341425,2.9117015412130822,0.5006932412341425,0.1719589848571986,2.9117015412130822,0.264409305248046,0.1004376388524024,2.6325718950502943,0.816496580927726
250,23,shuffle_e,116,0.464,240,0.0126491106406735,0.1490656591878498,11.784674167039976,0.0013333333333333,0.6264367816091956,469.8272338364705,0.5431034482758621,0.4568965517241379,0.1896551724137931,0.6264367816091956,0.0758098043578903,7.906784515800994,0.0905072173680927,0.1345954755145413,0.6724387801454332,0.1573351396952302,1.3043384151740305,0.0496218045221997,0.3773156064826485,0.0496218045221997,0.1315127274611728,0.3773156064826485,0.0901401559848168,0.0908927623789351,0.9917198424338708,0.59941178724287
250,24,qcd,95,0.38,240,0.0089442719099991,0.389615905754142,43.56037764887238,0.0039999999999999,0.7754385964912284,193.8596006579074,0.6736842105263158,0.3263157894736842,0.0,-0.7754385964912284,0.0837707816583391,9.746794344808963,0.0,0.9128709291752768,0.0,0.2917596577950191,2.437864191906886,0.5006932412341425,2.9117015412130822,0.5006932412341425,0.1719589848571986,2.9117015412130822,0.2652461008161162,0.1004376388524024,2.6409033888770246,0.816496580927726
250,24,shuffle_b,95,0.38,240,0.0089442719099991,0.389615905754142,43.56037764887238,0.0039999999999999,0.7754385964912284,193.8596006579074,0.6736842105263158,0.3263157894736842,0.0,-0.7754385964912284,0.0837707816583391,9.746794344808963,0.408248290463863,0.1666666666666666,2.4494897427831783,0.2917596577950191,2.437864191906887,0.5006932412341425,2.9117015412130822,0.5006932412341425,0.1719589848571986,2.9117015412130822,0.2652461008161162,0.1004376388524024,2.6409033888770246,0.816496580927726
250,24,shuffle_l,96,0.384,240,0.0089442719099991,0.3855574067358697,43.10662371502996,0.0039999999999999,0.7777777777777777,194.44439583334596,0.6666666666666666,0.3333333333333333,0.0,-0.7777777777777777,0.0833333333333333,9.797958971132712,0.0,0.9128709291752768,0.0,0.2917596577950191,2.437864191906886,0.5025974200756175,2.969542358374741,0.5025974200756175,0.1692508000965825,2.969542358374741,0.2655739329996242,0.0999131567356816,2.658047665355975,0.816496580927726
250,24,shuffle_e,107,0.428,240,0.0089442719099991,0.0939240712254288,10.50102922512879,0.004,0.6884735202492213,172.1183370327209,0.6074766355140186,0.3925233644859813,0.1121495327102803,-0.6884735202492213,0.0789337037963858,8.662412087725341,0.1202322016471676,0.1725163898355885,0.6969320524371696,0.0909081943653119,0.7655155034445652,0.1733359497447742,1.1732959458821022,0.1733359497447742,0.1477342100713197,1.1732959458821022,0.0980009524595085,0.094638186229634,1.0355328685369665,0.6837562698947444
250,25,qcd,97,0.388,240,0.012,0.3928362656341783,32.73635274148547,0.0093333333333333,0.7731958762886598,82.84240644067005,0.6804123711340206,0.3195876288659793,0.0,0.7731958762886598,0.0829026672289678,9.848857801796104,0.0371134809512602,0.1123666437438736,0.3302891295379082,0.2910511017014931,2.469650492219296,0.5006932412341425,2.9117015412130822,0.5006932412341425,0.1719589848571986,2.9117015412130822,0.2650423704004432,0.099396806215847,2.6665079139956,0.816496580927726
250,25,shuffle_b,97,0.388,240,0.012,0.3928362656341783,32.73635274148547,0.0093333333333333,0.7731958762886598,82.84240644067005,0.6804123711340206,0.3195876288659793,0.0,0.7731958762886598,0.0829026672289678,9.848857801796104,0.0371134809512602,0.1123666437438736,0.3302891295379082,0.2910511017014931,2.469650492219296,0.5006932412341425,2.9117015412130822,0.5006932412341425,0.1719589848571986,2.9117015412130822,0.2650423704004432,0.099396806215847,2.6665079139956,0.816496580927726
250,25,shuffle_l,96,0.384,240,0.012,0.3969283100678676,33.07735641587594,0.0053333333333333,0.7708333333333334,144.53122290039582,0.6875,0.3125,0.0,0.7708333333333334,0.0833333333333333,9.797958971132712,0.0371134809512602,0.1123666437438736,0.3302891295379082,0.2910511017014931,2.469650492219296,0.5,2.860387767736777,0.5,0.1748014746950252,2.860387767736777,0.2651650429449553,0.0999131567356816,2.653955210788148,0.816496580927726
250,25,shuffle_e,110,0.44,240,0.012,0.1326774501756947,11.056453259936792,0.0093333333333333,0.681818181818182,73.05194022495454,0.5909090909090909,0.4090909090909091,0.1181818181818181,0.681818181818182,0.0778498944161523,8.695348808937506,0.1030402055055078,0.1360827634879543,0.7571877794400366,0.1349263806863884,1.136181803634036,0.1181127312526072,0.8275557291496959,0.1181127312526072,0.1427248064296125,0.8275557291496959,0.1003437617563542,0.0933387444318875,1.0750494059792983,0.6769319866874005
250,26,qcd,74,0.296,240,0.0089442719099991,0.401330875808581,44.87015097224028,0.0013333333333333,0.8108108108108109,608.1076520273652,0.5675675675675675,0.4324324324324324,0.0,0.8108108108108109,0.0949157995752499,8.602325267042627,0.2896553585856295,0.1408590424547527,2.056349053193895,0.4089420008885159,2.768092784271811,0.5006506183624132,2.9580398915498085,0.5006506183624132,0.1692508000965825,2.9580398915498085,0.3185961872929189,0.1138000459158538,2.79961387298996,0.816496580927726
250,26,shuffle_b,74,0.296,240,0.0089442719099991,0.401330875808581,44.87015097224028,0.0013333333333333,0.8108108108108109,608.1076520273652,0.5675675675675675,0.4324324324324324,0.0,0.8108108108108109,0.0949157995752499,8.602325267042627,0.2896553585856295,0.1408590424547527,2.056349053193895,0.4089420008885159,2.768092784271811,0.5006506183624132,2.9580398915498085,0.5006506183624132,0.1692508000965825,2.9580398915498085,0.3185961872929189,0.1138000459158538,2.79961387298996,0.816496580927726
250,26,shuffle_l,74,0.296,240,0.0089442719099991,0.401330875808581,44.87015097224028,0.0013333333333333,0.8108108108108109,608.1076520273705,0.5675675675675675,0.4324324324324324,0.0,0.8108108108108109,0.0949157995752499,8.602325267042627,0.2896553585856295,0.1408590424547527,2.056349053193895,0.4089420008885159,2.768092784271811,0.5006506183624132,2.9580398915498085,0.5006506183624132,0.1692508000965825,2.9580398915498085,0.3185961872929189,0.1138000459158538,2.79961387298996,0.816496580927726
250,26,shuffle_e,110,0.44,240,0.0089442719099991,0.0979120874024455,10.946902938637496,0.0013333333333333,0.6666666666666669,499.9996250002832,0.5272727272727272,0.4727272727272727,0.1454545454545454,0.6666666666666669,0.0778498944161523,8.305529373966369,0.1480359693190343,0.1565560727712873,0.945577943407535,0.1263060975622753,1.0046911907221707,0.0955106693958419,0.7193625772046509,0.0955106693958419,0.1327712511359486,0.7193625772046509,0.0812268191132133,0.0933387444318875,0.8702368947386837,0.6465845848335333
250,27,qcd,94,0.376,240,0.0056568542494923,0.3872398877276871,68.45497553829686,0.0039999999999999,0.7765957446808512,194.1488876329912,0.6702127659574468,0.3297872340425531,0.0,-0.7765957446808512,0.0842151921066518,9.69535971483266,0.0,0.9128709291752768,0.0,0.290198496806067,2.4058010698889443,0.5006932412341425,2.9117015412130822,0.5006932412341425,0.1719589848571986,2.9117015412130822,0.2644282277127144,0.1009704682617294,2.6188670040360704,0.816496580927726
250,27,shuffle_b,94,0.376,240,0.0056568542494923,0.3872398877276871,68.45497553829686,0.0039999999999999,0.7765957446808512,194.1488876329912,0.6702127659574468,0.3297872340425531,0.0,-0.7765957446808512,0.0842151921066518,9.69535971483266,0.408248290463863,0.1666666666666666,2.4494897427831783,0.290198496806067,2.4058010698889443,0.5006932412341425,2.9117015412130822,0.5006932412341425,0.1719589848571986,2.9117015412130822,0.2644282277127144,0.1009704682617294,2.6188670040360704,0.816496580927726
250,27,shuffle_l,74,0.296,240,0.0056568542494923,0.4109974682633932,72.65476137121844,5.329070518200752e-18,0.8063063063063064,806306302.0094432,0.581081081081081,0.4189189189189189,0.0,-0.8063063063063064,0.0949157995752499,8.602325267042627,0.0,0.9128709291752768,0.0,0.4100657960546388,2.808549315935592,0.5006932412341425,2.9117015412130822,0.5006932412341425,0.1719589848571986,2.9117015412130822,0.3191688591522432,0.1138000459158538,2.8046461368587083,0.816496580927726
250,27,shuffle_e,108,0.432,240,0.0056568542494923,0.1344985096882773,23.77619786193868,0.0039999999999999,0.675925925925926,168.98143923612184,0.6203703703703703,0.3796296296296296,0.1296296296296296,-0.675925925925926,0.0785674201318386,8.452481555403978,0.0588698435118547,0.1345954755145413,0.4373835248681493,0.1256896029518386,1.0745609055589946,0.1060812061032511,0.7094546795605287,0.1060812061032511,0.1495249931524351,0.7094546795605287,0.1005813008444464,0.0941990275434065,1.0677530699358762,0.664089669520041
250,28,qcd,95,0.38,240,0.0097979589711327,0.3890467076331859,39.70690927289117,0.0106666666666666,0.7754385964912283,72.69736160567497,0.6736842105263158,0.3263157894736842,0.0,0.7754385964912283,0.0837707816583391,9.746794344808963,0.0180421959121758,0.1141088661469096,0.1581138830084189,0.2892384036857254,2.4167972796469903,0.5006932412341425,2.9117015412130822,0.5006932412341425,0.1719589848571986,2.9117015412130822,0.2639899127875058,0.1004376388524024,2.628396244713108,0.816496580927726
250,28,shuffle_b,95,0.38,240,0.0097979589711327,0.3890467076331859,39.70690927289117,0.0106666666666666,0.7754385964912283,72.69736160567497,0.6736842105263158,0.3263157894736842,0.0,0.7754385964912283,0.0837707816583391,9.746794344808963,0.0180421959121758,0.1141088661469096,0.1581138830084189,0.2892384036857254,2.4167972796469903,0.5006932412341425,2.9117015412130822,0.5006932412341425,0.1719589848571986,2.9117015412130822,0.2639899127875058,0.1004376388524024,2.628396244713108,0.816496580927726
250,28,shuffle_l,95,0.38,240,0.0097979589711327,0.3890467076331859,39.70690927289117,0.0066666666666666,0.7754385964912283,116.3157720263184,0.6736842105263158,0.3263157894736842,0.0,0.7754385964912283,0.0837707816583391,9.746794344808963,0.0180421959121758,0.1141088661469096,0.1581138830084189,0.2892384036857254,2.4167972796469903,0.5006932412341425,2.9117015412130822,0.5006932412341425,0.1719589848571986,2.9117015412130822,0.2639899127875058,0.1004376388524024,2.628396244713108,0.816496580927726
250,28,shuffle_e,109,0.436,240,0.0097979589711327,0.0940087226234825,9.594724095674634,0.0106666666666666,0.6758409785932722,63.36008580311124,0.5229357798165137,0.4770642201834862,0.128440366972477,0.6758409785932722,0.0782061887005775,8.508495484681415,0.1468993896186766,0.158910431540932,0.9244162777371754,0.105628022620985,0.8329345138161943,0.0993072652873696,0.7479575920067657,0.0993072652873696,0.1327712511359486,0.7479575920067657,0.0733706000856885,0.0937659262720931,0.7824868052044753,0.6654170034330064
250,29,qcd,94,0.376,240,0.0056568542494923,0.3869475208398555,68.4032918951883,0.0013333333333333,0.7765957446808514,582.4463716758634,0.6702127659574468,0.3297872340425531,0.0,0.7765957446808514,0.0842151921066518,9.69535971483266,0.0194403947839934,0.115010926557059,0.1690308509457032,0.2893289862469553,2.398592660967417,0.5006932412341425,2.9117015412130822,0.5006932412341425,0.1719589848571986,2.9117015412130822,0.2639998879697601,0.1009704682617294,2.6146247760824077,0.816496580927726
250,29,shuffle_b,94,0.376,240,0.0056568542494923,0.3869475208398555,68.4032918951883,0.0013333333333333,0.7765957446808514,582.4463716758634,0.6702127659574468,0.3297872340425531,0.0,0.7765957446808514,0.0842151921066518,9.69535971483266,0.0194403947839934,0.115010926557059,0.1690308509457032,0.2893289862469553,2.398592660967417,0.5006932412341425,2.9117015412130822,0.5006932412341425,0.1719589848571986,2.9117015412130822,0.2639998879697601,0.1009704682617294,2.6146247760824077,0.816496580927726
250,29,shuffle_l,94,0.376,240,0.0056568542494923,0.3747641479533731,66.24955587947962,0.0066666666666666,0.7836879432624115,117.55317385638573,0.648936170212766,0.351063829787234,0.0,-0.7836879432624115,0.0842151921066518,9.69535971483266,0.0,0.9128709291752768,0.0,0.289062774268024,2.358041067308153,0.5018331867175514,3.0109991203053084,0.5018331867175514,0.1666666666666666,3.0109991203053084,0.2644282277127144,0.1009704682617294,2.6188670040360704,0.816496580927726
250,29,shuffle_e,112,0.448,240,0.0056568542494923,0.1290788597750085,22.818130229970357,0.0013333333333333,0.6517857142857143,488.8389190850939,0.5982142857142857,0.4017857142857143,0.1607142857142857,0.6517857142857143,0.0771516749810459,8.165694791539261,0.2073051080901594,0.150075056296916,1.3813428640667411,0.1469347206529588,1.2561922607345757,0.1181127312526072,0.8275557291496959,0.1181127312526072,0.1427248064296125,0.8275557291496959,0.1076377459525304,0.0925016087376193,1.1636310700048984,0.6299970305512569
250,30,qcd,94,0.376,240,0.0056568542494923,0.3934732342320624,69.55688573918712,0.0053333333333333,0.7730496453900713,144.94678133311683,0.6808510638297872,0.3191489361702128,0.0,0.7730496453900713,0.0842151921066518,9.69535971483266,0.0360843918243516,0.1141088661469096,0.3162277660168379,0.2909216675785196,2.4308621740219887,0.5,2.860387767736777,0.5,0.1748014746950252,2.860387767736777,0.2648558747215709,0.1009704682617294,2.623102371230248,0.816496580927726
250,30,shuffle_b,94,0.376,240,0.0056568542494923,0.3934732342320623,69.55688573918711,0.0053333333333333,0.7730496453900713,144.94678133311683,0.6808510638297872,0.3191489361702128,0.0,0.7730496453900713,0.0842151921066518,9.69535971483266,0.0360843918243516,0.1141088661469096,0.3162277660168379,0.2909216675785196,2.4308621740219887,0.5,2.860387767736777,0.5,0.1748014746950252,2.860387767736777,0.2648558747215709,0.1009704682617294,2.623102371230248,0.816496580927726
250,30,shuffle_l,97,0.388,240,0.0056568542494923,0.3813039589465346,67.40564185034627,0.0173333333333333,0.7800687285223368,45.00396251067544,0.6597938144329897,0.3402061855670103,0.0,0.7800687285223368,0.0829026672289678,9.848857801796104,0.0360843918243516,0.1141088661469096,0.3162277660168379,0.2909216675785196,2.4308621740219887,0.5018331867175514,3.0109991203053084,0.5018331867175514,0.1666666666666666,3.0109991203053084,0.2650423704004432,0.099396806215847,2.6665079139956003,0.816496580927726
250,30,shuffle_e,110,0.44,240,0.0056568542494923,0.1052348809344565,18.603071192938845,0.0053333333333333,0.6606060606060608,123.86361313920894,0.5818181818181818,0.4181818181818181,0.1454545454545454,0.6606060606060608,0.0778498944161523,8.305529373966369,0.0952380952380952,0.1408590424547527,0.6761234037828133,0.1196783884695422,1.0,0.0913733348762209,0.6472807211834832,0.0913733348762209,0.1411649256433199,0.6472807211834832,0.0861640436855329,0.0933387444318875,0.923132662754102,0.6465845848335333
250,31,qcd,75,0.3,240,0.012,0.3964284999284935,33.035705574399,0.0013333333333333,0.8133333333333334,609.9995425003438,0.56,0.44,0.0,0.8133333333333334,0.0942809041582063,8.660254037844387,0.2916059217599021,0.1408590424547527,2.070196678027062,0.4103259033241449,2.7774602993176547,0.5018331867175514,3.0109991203053084,0.5018331867175514,0.1666666666666666,3.0109991203053084,0.3196178273431499,0.1130388330520878,2.8275046611271315,0.816496580927726
250,31,shuffle_b,75,0.3,240,0.0119999999999999,0.3964284999284935,33.035705574399,0.0013333333333333,0.8133333333333334,609.9995425003438,0.56,0.44,0.0,0.8133333333333334,0.0942809041582063,8.660254037844387,0.2916059217599022,0.1408590424547527,2.070196678027063,0.4103259033241449,2.7774602993176547,0.5018331867175514,3.0109991203053084,0.5018331867175514,0.1666666666666666,3.0109991203053084,0.3196178273431498,0.1130388330520878,2.8275046611271306,0.816496580927726
250,31,shuffle_l,93,0.372,240,0.012,0.3914037574881999,32.616977072601905,0.0026666666666666,0.7741935483870971,290.3224717742332,0.6774193548387096,0.3225806451612903,0.0,-0.7741935483870971,0.0846667513334603,9.643650760992957,0.0,0.9128709291752768,0.0,0.290198496806067,2.4058010698889443,0.5,2.860387767736777,0.5,0.1748014746950252,2.860387767736777,0.2643991786222968,0.101511868755372,2.6046134492850093,0.816496580927726
250,31,shuffle_e,98,0.392,240,0.012,0.120304348189302,10.025361513661707,0.0013333333333333,0.6904761904761906,517.8567544645762,0.4591836734693877,0.5408163265306123,0.1326530612244898,0.6904761904761906,0.0824786098842322,8.010834500085188,0.2961981318869742,0.1825741858350553,1.6223439832538602,0.1808757844011078,1.2673044646258476,0.0728718882154494,0.5541052156869289,0.0728718882154494,0.1315127274611728,0.5541052156869289,0.0934291271756487,0.0988883793204532,0.9447937949603412,0.6607224935796749
250,32,qcd,96,0.384,240,0.0089442719099991,0.3849941377620068,43.04364833631213,0.008,0.7777777777777777,97.22221006944592,0.6666666666666666,0.3333333333333333,0.0,-0.7777777777777777,0.0833333333333333,9.797958971132712,0.0,0.9128709291752768,0.0,0.2892384036857254,2.4167972796469903,0.5006506183624132,2.9580398915498085,0.5006506183624132,0.1692508000965825,2.9580398915498085,0.2639345720691651,0.0999131567356816,2.641639806931523,0.816496580927726
250,32,shuffle_b,96,0.384,240,0.0089442719099991,0.3849941377620068,43.04364833631213,0.008,0.7777777777777777,97.22221006944592,0.6666666666666666,0.3333333333333333,0.0,-0.7777777777777777,0.0833333333333333,9.797958971132712,0.4090448732514971,0.1613743060919757,2.534758371127315,0.2892384036857254,2.4167972796469903,0.5006506183624132,2.9580398915498085,0.5006506183624132,0.1692508000965825,2.9580398915498085,0.2639345720691651,0.0999131567356816,2.6416398069315234,0.816496580927726
250,32,shuffle_l,96,0.384,240,0.0089442719099991,0.3849941377620068,43.04364833631213,0.0119999999999999,0.7777777777777777,64.8148094135807,0.6666666666666666,0.3333333333333333,0.0,-0.7777777777777777,0.0833333333333333,9.797958971132712,0.0,0.9128709291752768,0.0,0.2892384036857254,2.4167972796469903,0.5006506183624132,2.9580398915498085,0.5006506183624132,0.1692508000965825,2.9580398915498085,0.2639345720691651,0.0999131567356816,2.641639806931523,0.816496580927726
250,32,shuffle_e,112,0.448,240,0.0089442719099991,0.1290788597750085,14.431453632268555,0.008,0.6666666666666667,83.33332291666794,0.5982142857142857,0.4017857142857143,0.1428571428571428,-0.6666666666666667,0.0771516749810459,8.417668492946419,0.1490711984999859,0.1666666666666666,0.894427190999916,0.1256896029518386,1.0745609055589946,0.1222222222222222,0.8563488385776752,0.1222222222222222,0.1427248064296125,0.8563488385776752,0.0983494740586804,0.0925016087376193,1.06321906614239,0.649437223665993
250,33,qcd,95,0.38,240,0.0097979589711327,0.3890467076331859,39.70690927289117,0.0026666666666666,0.7754385964912283,290.7893646381993,0.6736842105263158,0.3263157894736842,0.0,-0.7754385964912283,0.0837707816583391,9.746794344808963,0.0,0.9128709291752768,0.0,0.2892384036857254,2.4167972796469903,0.5006932412341425,2.9117015412130822,0.5006932412341425,0.1719589848571986,2.9117015412130822,0.2639899127875058,0.1004376388524024,2.628396244713108,0.816496580927726
250,33,shuffle_b,95,0.38,240,0.0097979589711327,0.3890467076331859,39.70690927289117,0.0026666666666666,0.7754385964912283,290.7893646381993,0.6736842105263158,0.3263157894736842,0.0,-0.7754385964912283,0.0837707816583391,9.746794344808963,0.408248290463863,0.158910431540932,2.5690465157330262,0.2892384036857254,2.4167972796469903,0.5006932412341425,2.9117015412130822,0.5006932412341425,0.1719589848571986,2.9117015412130822,0.2639899127875058,0.1004376388524024,2.628396244713108,0.816496580927726
250,33,shuffle_l,95,0.38,240,0.0097979589711327,0.3890467076331859,39.70690927289117,0.0066666666666666,0.7754385964912283,116.3157720263185,0.6736842105263158,0.3263157894736842,0.0,-0.7754385964912283,0.0837707816583391,9.746794344808963,0.0,0.9128709291752768,0.0,0.2892384036857254,2.4167972796469903,0.5006932412341425,2.9117015412130822,0.5006932412341425,0.1719589848571986,2.9117015412130822,0.2639899127875058,0.1004376388524024,2.628396244713108,0.816496580927726
250,33,shuffle_e,113,0.452,240,0.0097979589711327,0.1330380210475478,13.578134779026634,0.0026666666666666,0.6519174041297934,244.46893487282247,0.584070796460177,0.415929203539823,0.1592920353982301,-0.6519174041297934,0.0768095372642568,8.222029549418101,0.0960916767552922,0.1480872194397731,0.6488856845230501,0.1312159702703695,1.1134044285378082,0.0471777826086882,0.3378164037322062,0.0471777826086882,0.139655096932732,0.3378164037322062,0.0862358996060824,0.0920914000257465,0.9364164252250812,0.6315302850638507
250,34,qcd,97,0.388,240,0.0169705627484771,0.3991435192289884,23.51975604020849,0.0119999999999999,0.7697594501718213,64.14661550210052,0.6907216494845361,0.3092783505154639,0.0,0.7697594501718213,0.0829026672289678,9.848857801796104,0.0390158884113386,0.1115249341863676,0.3498400487386951,0.291299798973256,2.4904158213770238,0.5,2.860387767736777,0.5,0.1748014746950252,2.860387767736777,0.2654430646065226,0.099396806215847,2.670539172356249,0.816496580927726
250,34,shuffle_b,97,0.388,240,0.0169705627484771,0.3991435192289884,23.51975604020849,0.0119999999999999,0.7697594501718213,64.14661550210052,0.6907216494845361,0.3092783505154639,0.0,0.7697594501718213,0.0829026672289678,9.848857801796104,0.0390158884113386,0.1115249341863676,0.3498400487386951,0.291299798973256,2.4904158213770238,0.5,2.860387767736777,0.5,0.1748014746950252,2.860387767736777,0.2654430646065226,0.099396806215847,2.6705391723562486,0.816496580927726
250,34,shuffle_l,97,0.388,240,0.0169705627484771,0.3991435192289884,23.51975604020849,0.016,0.7697594501718213,48.10996262886615,0.6907216494845361,0.3092783505154639,0.0,0.7697594501718213,0.0829026672289678,9.848857801796104,0.0390158884113386,0.1115249341863676,0.3498400487386951,0.291299798973256,2.4904158213770238,0.5,2.860387767736777,0.5,0.1748014746950252,2.860387767736777,0.2654430646065226,0.099396806215847,2.670539172356249,0.816496580927726
250,34,shuffle_e,111,0.444,240,0.0169705627484771,0.1378113382052103,8.120610502263187,0.0119999999999999,0.6726726726726728,56.05605138471847,0.5945945945945946,0.4054054054054054,0.1261261261261261,0.6726726726726728,0.0774984258292128,8.619588000438148,0.0502043712338805,0.1345954755145413,0.3730019232961255,0.1240204965435219,1.052348809344566,0.0838870492807861,0.5877538136452587,0.0838870492807861,0.1427248064296125,0.5877538136452587,0.0899210125120591,0.0929173483997129,0.9677526754770904,0.6680045013303288
250,35,qcd,94,0.376,240,0.0056568542494923,0.393185502395241,69.50602146493384,0.0053333333333333,0.7730496453900713,144.94678133311692,0.6808510638297872,0.3191489361702128,0.0,0.7730496453900713,0.0842151921066518,9.69535971483266,0.0285272165367274,0.1141088661469096,0.25,0.2900812565759234,2.4238399287081647,0.5,2.860387767736777,0.5,0.1748014746950252,2.860387767736777,0.2644282277127144,0.1009704682617294,2.6188670040360704,0.816496580927726
250,35,shuffle_b,94,0.376,240,0.0056568542494923,0.393185502395241,69.50602146493384,0.0053333333333333,0.7730496453900713,144.94678133311692,0.6808510638297872,0.3191489361702128,0.0,0.7730496453900713,0.0842151921066518,9.69535971483266,0.0285272165367274,0.1141088661469096,0.25,0.2900812565759234,2.4238399287081647,0.5,2.860387767736777,0.5,0.1748014746950252,2.860387767736777,0.2644282277127144,0.1009704682617294,2.6188670040360704,0.816496580927726
250,35,shuffle_l,94,0.376,240,0.0056568542494923,0.393185502395241,69.50602146493384,0.0013333333333333,0.7730496453900711,579.7867992024576,0.6808510638297872,0.3191489361702128,0.0,0.7730496453900711,0.0842151921066518,9.69535971483266,0.0285272165367274,0.1141088661469096,0.25,0.2900812565759234,2.4238399287081647,0.5,2.860387767736777,0.5,0.1748014746950252,2.860387767736777,0.2644282277127144,0.1009704682617294,2.6188670040360704,0.816496580927726
250,35,shuffle_e,112,0.448,240,0.0056568542494923,0.1262690680690263,22.32142462552089,0.0053333333333333,0.6488095238095237,121.65176290458012,0.5892857142857143,0.4107142857142857,0.1607142857142857,0.6488095238095237,0.0771516749810459,8.165694791539261,0.1400024348461266,0.150075056296916,0.932882774130957,0.1276689359572175,1.083306844346635,0.0601929265428845,0.4264014327112208,0.0601929265428845,0.1411649256433199,0.4264014327112208,0.0871774911659334,0.0925016087376193,0.9424429732158732,0.6299970305512569
250,36,qcd,96,0.384,240,0.0126491106406735,0.3915613776919271,30.95564248423994,0.0106666666666666,0.7743055555555557,72.59113902791408,0.6770833333333334,0.3229166666666667,0.0,-0.7743055555555557,0.0833333333333333,9.797958971132712,0.0,0.9128709291752768,0.0,0.2922739521688015,2.461166930003461,0.5006932412341425,2.9117015412130822,0.5006932412341425,0.1719589848571986,2.9117015412130822,0.2655739329996242,0.0999131567356816,2.658047665355975,0.816496580927726
250,36,shuffle_b,96,0.384,240,0.0126491106406735,0.3915613776919271,30.95564248423994,0.0106666666666666,0.7743055555555557,72.59113902791408,0.6770833333333334,0.3229166666666667,0.0,-0.7743055555555557,0.0833333333333333,9.797958971132712,0.4114253678777395,0.1613743060919757,2.549509756796392,0.2922739521688015,2.461166930003461,0.5006932412341425,2.9117015412130822,0.5006932412341425,0.1719589848571986,2.9117015412130822,0.2655739329996242,0.0999131567356816,2.658047665355975,0.816496580927726
250,36,shuffle_l,97,0.388,240,0.0126491106406735,0.3875246624579897,30.63651214935087,0.0106666666666666,0.7766323024054982,72.80927152464626,0.6701030927835051,0.3298969072164948,0.0,-0.7766323024054982,0.0829026672289678,9.848857801796104,0.0,0.9128709291752768,0.0,0.2922739521688015,2.461166930003461,0.5025974200756175,2.969542358374741,0.5025974200756175,0.1692508000965825,2.969542358374741,0.2658431548637643,0.099396806215847,2.6745643545776256,0.816496580927726
250,36,shuffle_e,113,0.452,240,0.0126491106406735,0.1094629812110883,8.653807818337814,0.0106666666666666,0.6578171091445427,61.67034820070575,0.5929203539823009,0.4070796460176991,0.1504424778761062,-0.6578171091445427,0.0768095372642568,8.347009426835545,0.2035164506853537,0.1695158759052026,1.2005745750867904,0.1291856932596894,1.104450107838993,0.1184067727417984,0.8387832331734847,0.1184067727417984,0.1411649256433199,0.8387832331734847,0.0981297156539086,0.0920914000257465,1.0655687244028649,0.6411299316156279
250,37,qcd,95,0.38,240,0.0089442719099991,0.3837416028117512,42.90361068732052,0.0066666666666666,0.7789473684210528,116.84208773684472,0.6631578947368421,0.3368421052631579,0.0,-0.7789473684210528,0.0837707816583391,9.746794344808963,0.0,0.9128709291752768,0.0,0.290198496806067,2.4058010698889443,0.5025974200756175,2.969542358374741,0.5025974200756175,0.1692508000965825,2.969542358374741,0.2648280335424364,0.1004376388524024,2.636740932665821,0.816496580927726
250,37,shuffle_b,95,0.38,240,0.0089442719099991,0.3837416028117512,42.90361068732052,0.0066666666666666,0.7789473684210528,116.84208773684472,0.6631578947368421,0.3368421052631579,0.0,-0.7789473684210528,0.0837707816583391,9.746794344808963,0.408248290463863,0.1666666666666666,2.4494897427831783,0.290198496806067,2.4058010698889443,0.5025974200756175,2.969542358374741,0.5025974200756175,0.1692508000965825,2.969542358374741,0.2648280335424364,0.1004376388524024,2.636740932665821,0.816496580927726
250,37,shuffle_l,96,0.384,240,0.0089442719099991,0.3797442944491289,42.45669807599427,0.0146666666666666,0.78125,53.26704182270171,0.65625,0.34375,0.0,-0.78125,0.0833333333333333,9.797958971132712,0.0,0.9128709291752768,0.0,0.290198496806067,2.4058010698889443,0.5018331867175514,3.0109991203053084,0.5018331867175514,0.1666666666666666,3.0109991203053084,0.2647555213987257,0.0999131567356816,2.6498564358158694,0.816496580927726
250,37,shuffle_e,109,0.436,240,0.0089442719099991,0.1182027406121571,13.21546667924383,0.0066666666666666,0.6788990825688075,101.83484711009405,0.5871559633027523,0.4128440366972477,0.128440366972477,-0.6788990825688075,0.0782061887005775,8.508495484681415,0.1632993161855452,0.1666666666666666,0.9797958971132712,0.1176207269857939,0.9828067413836206,0.10943175335329,0.7667325399895245,0.10943175335329,0.1427248064296125,0.7667325399895245,0.0898700224512436,0.0937659262720931,0.958450750973821,0.6654170034330064
250,38,qcd,94,0.376,240,0.004,0.3872398877276871,96.80994772943484,0.0013333333333333,0.7765957446808514,582.4463716758588,0.6702127659574468,0.3297872340425531,0.0,0.7765957446808514,0.0842151921066518,9.69535971483266,0.0296956935458249,0.115010926557059,0.2581988897471611,0.290198496806067,2.4058010698889443,0.5006932412341425,2.9117015412130822,0.5006932412341425,0.1719589848571986,2.9117015412130822,0.2644282277127144,0.1009704682617294,2.6188670040360704,0.816496580927726
250,38,shuffle_b,94,0.376,240,0.004,0.3872398877276871,96.80994772943484,0.0013333333333333,0.7765957446808514,582.4463716758588,0.6702127659574468,0.3297872340425531,0.0,0.7765957446808514,0.0842151921066518,9.69535971483266,0.0296956935458249,0.115010926557059,0.2581988897471611,0.290198496806067,2.4058010698889443,0.5006932412341425,2.9117015412130822,0.5006932412341425,0.1719589848571986,2.9117015412130822,0.2644282277127144,0.1009704682617294,2.6188670040360704,0.816496580927726
250,38,shuffle_l,95,0.38,240,0.004,0.3890467076331859,97.26165259288332,0.0026666666666666,0.7754385964912283,290.7893646381984,0.6736842105263158,0.3263157894736842,0.0,-0.7754385964912283,0.0837707816583391,9.746794344808963,0.0,0.9128709291752768,0.0,0.2900812565759233,2.423839928708164,0.5006932412341425,2.9117015412130822,0.5006932412341425,0.1719589848571986,2.9117015412130822,0.264409305248046,0.1004376388524024,2.6325718950502943,0.816496580927726
250,38,shuffle_e,101,0.404,240,0.004,0.0816456559528249,20.411408885354017,0.0013333333333333,0.7227722772277229,542.0788013616876,0.5742574257425742,0.4257425742574257,0.0693069306930693,0.7227722772277229,0.0812444463702387,9.025267062228933,0.1052031764412716,0.1613743060919757,0.6519202405202649,0.090688125506089,0.7213710387509256,0.148758457848027,1.0188498261704353,0.148758457848027,0.1460062651305222,1.0188498261704353,0.0874198182250538,0.0974086692491201,0.8974541886151826,0.7332528258143408
250,39,qcd,94,0.376,240,0.0097979589711327,0.3812015503652961,38.906216343852506,0.004,0.7801418439716313,195.0354122340544,0.6595744680851063,0.3404255319148936,0.0,-0.7801418439716313,0.0842151921066518,9.69535971483266,0.0,0.9128709291752768,0.0,0.2901731993228739,2.38642298487854,0.5025974200756175,2.969542358374741,0.5025974200756175,0.1692508000965825,2.969542358374741,0.2648558747215708,0.1009704682617294,2.623102371230247,0.816496580927726
250,39,shuffle_b,94,0.376,240,0.0097979589711327,0.3812015503652961,38.906216343852506,0.004,0.7801418439716313,195.0354122340544,0.6595744680851063,0.3404255319148936,0.0,-0.7801418439716313,0.0842151921066518,9.69535971483266,0.4114253678777396,0.1613743060919757,2.5495097567963927,0.2901731993228739,2.38642298487854,0.5025974200756175,2.969542358374741,0.5025974200756175,0.1692508000965825,2.969542358374741,0.2648558747215708,0.1009704682617294,2.623102371230247,0.816496580927726
250,39,shuffle_l,54,0.216,240,0.0097979589711327,0.4074074074074074,41.58084015527044,8.881784197001254e-19,0.8641975308641975,864197530.0966359,0.4074074074074074,0.5925925925925926,0.0,-0.8641975308641975,0.1111111111111111,7.3484692283495345,0.0,0.9128709291752768,0.0,0.6486901402608377,3.1779196896270063,0.5006506183624132,2.9580398915498085,0.5006506183624132,0.1692508000965825,2.9580398915498085,0.3991159641157835,0.1332175423142422,2.9959715303433745,0.816496580927726
250,39,shuffle_e,100,0.4,240,0.0097979589711327,0.1337908816025965,13.65497327982341,0.004,0.7333333333333334,183.3332875000112,0.57,0.43,0.06,-0.7333333333333334,0.0816496580927726,9.114823092084674,0.0601335353823516,0.1461763365511715,0.4113766756037211,0.1338976975655592,1.0558563045628735,0.1413002025857223,0.9677680780301252,0.1413002025857223,0.1460062651305222,0.9677680780301252,0.1016530045465127,0.097894501037256,1.0383934078976125,0.744222189044822
250,40,qcd,95,0.38,240,0.0144222051018559,0.3837416028117512,26.60769095252137,0.0026666666666666,0.7789473684210528,292.10515361846205,0.6631578947368421,0.3368421052631579,0.0,0.7789473684210528,0.0837707816583391,9.746794344808963,0.0296956935458249,0.115010926557059,0.2581988897471611,0.290198496806067,2.4058010698889443,0.5006506183624132,2.9580398915498085,0.5006506183624132,0.1692508000965825,2.9580398915498085,0.264409305248046,0.1004376388524024,2.6325718950502943,0.816496580927726
250,40,shuffle_b,95,0.38,240,0.0144222051018559,0.3837416028117512,26.60769095252137,0.0026666666666666,0.7789473684210528,292.10515361846205,0.6631578947368421,0.3368421052631579,0.0,0.7789473684210528,0.0837707816583391,9.746794344808963,0.0296956935458249,0.115010926557059,0.2581988897471611,0.290198496806067,2.4058010698889443,0.5006506183624132,2.9580398915498085,0.5006506183624132,0.1692508000965825,2.9580398915498085,0.264409305248046,0.1004376388524024,2.6325718950502943,0.816496580927726
250,40,shuffle_l,95,0.38,240,0.0144222051018559,0.3837416028117512,26.60769095252137,0.0066666666666666,0.7789473684210528,116.84208773684465,0.6631578947368421,0.3368421052631579,0.0,0.7789473684210528,0.0837707816583391,9.746794344808963,0.0296956935458249,0.115010926557059,0.2581988897471611,0.290198496806067,2.4058010698889443,0.5006506183624132,2.9580398915498085,0.5006506183624132,0.1692508000965825,2.9580398915498085,0.264409305248046,0.1004376388524024,2.6325718950502943,0.816496580927726
250,40,shuffle_e,107,0.428,240,0.0144222051018559,0.0939240712254288,6.5124621408192205,0.0026666666666666,0.6915887850467289,259.345697137887,0.5887850467289719,0.411214953271028,0.1121495327102803,0.6915887850467289,0.0789337037963858,8.66241208772534,0.1521451548625461,0.1521451548625461,1.0,0.1031746031746031,0.8553372034476996,0.1338145585807249,0.92709445701687,0.1338145585807249,0.1443375672974064,0.92709445701687,0.0896214091167901,0.094638186229634,0.9469899275048344,0.6837562698947443
500,1,qcd,188,0.376,240,0.0034641016151377,0.3870206332676861,111.72320114780888,0.0033333333333333,0.776595744680851,232.9786535106591,0.6702127659574468,0.3297872340425531,0.0,-0.776595744680851,0.0595491334175413,13.711309200802088,0.0,0.9128709291752768,0.0,0.2888932495746237,3.387013650970641,0.5001734003866937,4.113492568896837,0.5001734003866937,0.12159336427848,4.113492568896837,0.2636781765251248,0.0713969028074499,3.693131860862894,0.816496580927726
500,1,shuffle_b,188,0.376,240,0.0034641016151377,0.3870206332676861,111.72320114780888,0.0033333333333333,0.776595744680851,232.9786535106591,0.6702127659574468,0.3297872340425531,0.0,-0.776595744680851,0.0595491334175413,13.711309200802088,0.4088649800759129,0.115010926557059,3.555009878761976,0.2888932495746237,3.387013650970641,0.5001734003866937,4.113492568896837,0.5001734003866937,0.12159336427848,4.113492568896837,0.2636781765251249,0.0713969028074499,3.693131860862895,0.816496580927726
500,1,shuffle_l,189,0.378,240,0.0034641016151377,0.3849729050493385,111.13207309940776,0.0033333333333333,0.7777777777777778,233.3332633333537,0.6666666666666666,0.3333333333333333,0.0,-0.7777777777777778,0.0593913870916498,13.74772708486752,0.0,0.9128709291752768,0.0,0.2888932495746237,3.387013650970641,0.5,4.145095678246545,0.5,0.1206244774092909,4.145095678246545,0.2636293495011952,0.0712077716068506,3.702255295345212,0.816496580927726
500,1,shuffle_e,225,0.45,240,0.0034641016151377,0.120164496307518,34.68849213138552,0.0033333333333333,0.6488888888888888,194.66660826668456,0.5644444444444444,0.4355555555555555,0.1644444444444444,-0.6488888888888888,0.0544331053951817,11.500144926623028,0.2371527495345499,0.1242259987499883,1.9090428084368471,0.1296027273133833,1.5254932196997912,0.08013074142442,0.8285266445577445,0.08013074142442,0.0967147429123328,0.8285266445577445,0.08521577550584,0.065263000691504,1.3057287376143192,0.6259886008507358
500,2,qcd,188,0.376,240,0.0044721359549995,0.3839010760801304,85.8428710799995,0.0026666666666666,0.7783687943262412,291.88818841426945,0.6648936170212766,0.3351063829787234,0.0,0.7783687943262412,0.0595491334175413,13.711309200802088,0.0175878746110305,0.0816496580927726,0.2154065922853799,0.2892104193604834,3.377250091689714,0.5,4.145095678246545,0.5,0.1206244774092909,4.145095678246545,0.2637854572686395,0.0713969028074499,3.694634457464374,0.816496580927726
500,2,shuffle_b,188,0.376,240,0.0044721359549995,0.3839010760801304,85.84287107999951,0.0026666666666666,0.7783687943262412,291.88818841426945,0.6648936170212766,0.3351063829787234,0.0,0.7783687943262412,0.0595491334175413,13.711309200802088,0.0175878746110305,0.0816496580927726,0.2154065922853799,0.2892104193604834,3.377250091689714,0.5,4.145095678246545,0.5,0.1206244774092909,4.145095678246545,0.2637854572686395,0.0713969028074499,3.694634457464374,0.816496580927726
500,2,shuffle_l,190,0.38,240,0.0044721359549995,0.3829467318648684,85.62947327379074,0.0073333333333333,0.7789473684210526,106.22008120922348,0.6631578947368421,0.3368421052631579,0.0,-0.7789473684210526,0.0592348877759092,13.784048752090222,0.0,0.9128709291752768,0.0,0.2888932495746237,3.387013650970641,0.5001627339343333,4.179223503344741,0.5001627339343333,0.1196783884695422,4.179223503344741,0.2636749306767811,0.0710201355188992,3.712678506599224,0.816496580927726
500,2,shuffle_e,218,0.436,240,0.0044721359549995,0.0991292788301573,22.165975646013443,0.0026666666666666,0.6712538226299694,251.72008909120495,0.6009174311926605,0.3990825688073394,0.1376146788990825,0.6712538226299694,0.0553001263609331,11.848431166231142,0.1190701211967752,0.1098967455659645,1.0834726777719228,0.0906170427639891,1.0832777259345354,0.0798416321232747,0.7778275348566616,0.0798416321232747,0.1026469603419066,0.7778275348566616,0.0753513965005117,0.0663025223112349,1.136478581415047,0.6552197406714001
500,3,qcd,191,0.382,240,0.0082462112512353,0.3900084307112815,47.29546352058262,0.0066666666666666,0.7748691099476442,116.2303490575942,0.675392670157068,0.3246073298429319,0.0,0.7748691099476442,0.0590796191267391,13.820274961085254,0.0181799060458272,0.0803738036950686,0.2261919333169829,0.2892470264621029,3.431294851099175,0.5001734003866937,4.113492568896837,0.5001734003866937,0.12159336427848,4.113492568896837,0.2639158081223098,0.0708339749483311,3.7258364833375457,0.816496580927726
500,3,shuffle_b,191,0.382,240,0.0082462112512353,0.3900084307112815,47.29546352058262,0.0066666666666666,0.7748691099476442,116.2303490575942,0.675392670157068,0.3246073298429319,0.0,0.7748691099476442,0.0590796191267391,13.820274961085254,0.0181799060458272,0.0803738036950686,0.2261919333169829,0.2892470264621029,3.431294851099175,0.5001734003866937,4.113492568896837,0.5001734003866937,0.12159336427848,4.113492568896837,0.2639158081223098,0.0708339749483311,3.7258364833375457,0.816496580927726
500,3,shuffle_l,190,0.38,240,0.0082462112512353,0.3920611066623935,47.54438701279621,0.0026666666666666,0.7736842105263158,290.13147014806697,0.6789473684210526,0.3210526315789473,0.0,0.7736842105263158,0.0592348877759092,13.784048752090222,0.0181799060458272,0.0803738036950686,0.2261919333169829,0.2892470264621029,3.431294851099175,0.5001791312193609,4.080231138071643,0.5001791312193609,0.1225859796402981,4.080231138071643,0.2639899127875058,0.0710201355188992,3.717113616563789,0.816496580927726
500,3,shuffle_e,218,0.436,240,0.0082462112512353,0.1235129542920757,14.97814396828956,0.0066666666666666,0.6788990825688074,101.83484711009402,0.573394495412844,0.4266055045871559,0.1238532110091743,0.6788990825688074,0.0553001263609331,12.125679778542032,0.1256276757930754,0.1091089451179961,1.151396667406279,0.1236554352491901,1.4439843867199218,0.0913978494623656,0.9206016138256,0.0913978494623656,0.0992805661968784,0.9206016138256,0.0862865049728931,0.0663025223112349,1.301406069709537,0.6705516239655857
500,4,qcd,187,0.374,240,0.0028284271247461,0.3798297509535778,134.2900488191341,0.002,0.7807486631016043,390.374136363734,0.6577540106951871,0.3422459893048128,0.0,0.7807486631016043,0.0597081434026532,13.674794331177344,0.0099572753771674,0.0823107997207991,0.120971675781827,0.2888468117640735,3.3459112288313206,0.5001627339343333,4.179223503344741,0.5001627339343333,0.1196783884695422,4.179223503344741,0.2637159870070847,0.0715875490822301,3.6838247766264938,0.816496580927726
500,4,shuffle_b,187,0.374,240,0.0028284271247461,0.3798297509535778,134.2900488191341,0.002,0.7807486631016043,390.374136363734,0.6577540106951871,0.3422459893048128,0.0,0.7807486631016043,0.0597081434026532,13.674794331177344,0.0099572753771674,0.0823107997207991,0.120971675781827,0.2888468117640735,3.3459112288313206,0.5001627339343333,4.179223503344741,0.5001627339343333,0.1196783884695422,4.179223503344741,0.2637159870070847,0.0715875490822301,3.6838247766264938,0.816496580927726
500,4,shuffle_l,187,0.374,240,0.0028284271247461,0.3798297509535778,134.2900488191341,0.0019999999999999,0.7807486631016043,390.37413636373446,0.6577540106951871,0.3422459893048128,0.0,0.7807486631016043,0.0597081434026532,13.674794331177344,0.0099572753771674,0.0823107997207991,0.120971675781827,0.2888468117640735,3.3459112288313206,0.5001627339343333,4.179223503344741,0.5001627339343333,0.1196783884695422,4.179223503344741,0.2637159870070847,0.0715875490822301,3.6838247766264938,0.816496580927726
500,4,shuffle_e,214,0.428,240,0.0028284271247461,0.1164479980782907,41.17056999238412,0.0019999999999999,0.6822429906542058,341.121324766441,0.5373831775700935,0.4626168224299065,0.1261682242990654,0.6822429906542058,0.0558145572185947,11.967440251291183,0.1105216910026023,0.1115249341863676,0.991004314944595,0.1220234774480682,1.3667421811458518,0.0671925994729801,0.6982859770789644,0.0671925994729801,0.0962250448649376,0.6982859770789644,0.0741554088390507,0.0669193032421695,1.1081318131884148,0.6679573786658057
500,5,qcd,188,0.376,240,0.0063245553203367,0.3904777053666586,61.739936461798656,0.0006666666666666,0.7748226950354611,1162.232299204741,0.675531914893617,0.324468085106383,0.0,0.7748226950354611,0.0595491334175413,13.711309200802088,0.023402302493605,0.0810041961260418,0.2889023484313236,0.28962216955084,3.4090073957797498,0.5001791312193609,4.080231138071643,0.5001791312193609,0.1225859796402981,4.080231138071643,0.2641070380335522,0.0713969028074499,3.699138585126325,0.816496580927726
500,5,shuffle_b,188,0.376,240,0.0063245553203367,0.3904777053666586,61.739936461798656,0.0006666666666666,0.7748226950354611,1162.232299204741,0.675531914893617,0.324468085106383,0.0,0.7748226950354611,0.0595491334175413,13.711309200802088,0.023402302493605,0.0810041961260418,0.2889023484313236,0.28962216955084,3.4090073957797498,0.5001791312193609,4.080231138071643,0.5001791312193609,0.1225859796402981,4.080231138071643,0.2641070380335522,0.0713969028074499,3.699138585126325,0.816496580927726
500,5,shuffle_l,191,0.382,240,0.0063245553203367,0.3843445476907425,60.77019923988559,0.0086666666666666,0.7783595113438047,89.8107024845887,0.6649214659685864,0.3350785340314136,0.0,0.7783595113438047,0.0590796191267391,13.820274961085254,0.023402302493605,0.0810041961260418,0.2889023484313236,0.28962216955084,3.4090073957797498,0.5001627339343333,4.179223503344741,0.5001627339343333,0.1196783884695422,4.179223503344741,0.2640196523659371,0.0708339749483311,3.7273025064387912,0.816496580927726
500,5,shuffle_e,226,0.452,240,0.0063245553203367,0.1446029614014884,22.8637321066324,0.0006666666666666,0.644542772861357,966.812709072974,0.6017699115044248,0.3982300884955752,0.168141592920354,0.644542772861357,0.0543125446593568,11.452866086396032,0.2325837390349413,0.1115249341863676,2.0854864495707672,0.1324890367817605,1.6137775791187303,0.0881917103688196,0.8738628975053029,0.0881917103688196,0.1009216784699164,0.8738628975053029,0.0965203730875893,0.0651184534471683,1.4822276632521365,0.6220343007950179
500,6,qcd,193,0.386,240,0.0074833147735478,0.3830694381196792,51.18980004475526,0.018,0.7789291882556131,43.27384138787621,0.6632124352331606,0.3367875647668393,0.0,-0.7789291882556131,0.0587727099384233,13.892443989449806,0.0,0.9128709291752768,0.0,0.2902915874240359,3.430312734219062,0.501103319175948,4.219667570507707,0.501103319175948,0.1187542171990708,4.219667570507707,0.2645512000873791,0.0704660037583013,3.754309680946158,0.816496580927726
500,6,shuffle_b,193,0.386,240,0.0074833147735478,0.3830694381196792,51.18980004475526,0.018,0.7789291882556131,43.27384138787621,0.6632124352331606,0.3367875647668393,0.0,-0.7789291882556131,0.0587727099384233,13.892443989449806,0.4106060300917706,0.1115249341863676,3.681741962793837,0.2902915874240359,3.430312734219062,0.501103319175948,4.219667570507707,0.501103319175948,0.1187542171990708,4.219667570507707,0.2645512000873791,0.0704660037583013,3.7543096809461582,0.816496580927726
500,6,shuffle_l,189,0.378,240,0.0074833147735478,0.3911767278153338,52.27318205628448,0.0039999999999999,0.7742504409171078,193.56256183863653,0.6772486772486772,0.3227513227513227,0.0,-0.7742504409171078,0.0593913870916498,13.74772708486752,0.0,0.9128709291752768,0.0,0.2902915874240359,3.430312734219062,0.5001791312193609,4.080231138071643,0.5001791312193609,0.1225859796402981,4.080231138071643,0.2644775032214544,0.0712077716068506,3.7141662665934354,0.816496580927726
500,6,shuffle_e,220,0.44,240,0.0074833147735478,0.1116184468891697,14.91564037478146,0.018,0.6833333333333333,37.96296085390959,0.5681818181818182,0.4318181818181818,0.1227272727272727,-0.6833333333333333,0.055048188256318,12.204134917760827,0.1234852447551689,0.1253924656438798,0.9847899881470754,0.1070077878785776,1.2495817482079936,0.0848114523878724,0.8633970960424556,0.0848114523878724,0.0982299486257503,0.8633970960424556,0.0762408825782371,0.0660004591352257,1.1551568515914432,0.6718155164584024
500,7,qcd,188,0.376,240,0.0044721359549995,0.3839010760801304,85.8428710799995,0.0013333333333333,0.7783687943262412,583.7761579125661,0.6648936170212766,0.3351063829787234,0.0,0.7783687943262412,0.0595491334175413,13.711309200802088,0.0073029674334022,0.0816496580927726,0.0894427190999916,0.2887674958624441,3.3720778595561955,0.500503651600875,4.149271046394802,0.500503651600875,0.1206244774092909,4.149271046394802,0.2636781765251248,0.0713969028074499,3.693131860862894,0.816496580927726
500,7,shuffle_b,188,0.376,240,0.0044721359549995,0.3839010760801304,85.8428710799995,0.0013333333333333,0.7783687943262412,583.7761579125661,0.6648936170212766,0.3351063829787234,0.0,0.7783687943262412,0.0595491334175413,13.711309200802088,0.0073029674334022,0.0816496580927726,0.0894427190999916,0.2887674958624441,3.3720778595561955,0.500503651600875,4.149271046394802,0.500503651600875,0.1206244774092909,4.149271046394802,0.2636781765251248,0.0713969028074499,3.693131860862894,0.816496580927726
500,7,shuffle_l,189,0.378,240,0.0044721359549995,0.3788891807400668,84.72217746294454,0.0026666666666666,0.7813051146384481,292.9893081184268,0.656084656084656,0.3439153439153439,0.0,-0.7813051146384481,0.0593913870916498,13.74772708486752,0.0,0.9128709291752768,0.0,0.289050378656244,3.36185258241996,0.5001577660368993,4.211705300523951,0.5001577660368993,0.1187542171990708,4.211705300523951,0.2638416435409337,0.0712077716068506,3.70523662778896,0.816496580927726
500,7,shuffle_e,218,0.436,240,0.0044721359549995,0.1128291181307233,25.22935215671049,0.0013333333333333,0.6712538226299694,503.4399893924854,0.5458715596330275,0.4541284403669725,0.1376146788990825,0.6712538226299694,0.0553001263609331,11.848431166231142,0.1224509411450666,0.1107018606925119,1.1061326375099445,0.1226190276224694,1.3970940046231717,0.0716032670644334,0.7441229792611319,0.0716032670644334,0.0962250448649376,0.7441229792611319,0.076734952615441,0.0663025223112349,1.157345903904448,0.6552197406714001
500,8,qcd,188,0.376,240,0.004,0.3839010760801304,95.97524502622134,0.0013333333333333,0.7783687943262411,583.7761579125629,0.6648936170212766,0.3351063829787234,0.0,0.7783687943262411,0.0595491334175413,13.711309200802088,0.0073029674334022,0.0816496580927726,0.0894427190999916,0.2887674958624441,3.3720778595561955,0.500503651600875,4.149271046394802,0.500503651600875,0.1206244774092909,4.149271046394802,0.2636781765251248,0.0713969028074499,3.693131860862894,0.816496580927726
500,8,shuffle_b,188,0.376,240,0.004,0.3839010760801304,95.97524502622132,0.0013333333333333,0.7783687943262411,583.7761579125629,0.6648936170212766,0.3351063829787234,0.0,0.7783687943262411,0.0595491334175413,13.711309200802088,0.0073029674334022,0.0816496580927726,0.0894427190999916,0.2887674958624441,3.3720778595561955,0.500503651600875,4.149271046394802,0.500503651600875,0.1206244774092909,4.149271046394802,0.2636781765251248,0.0713969028074499,3.693131860862894,0.816496580927726
500,8,shuffle_l,189,0.378,240,0.004,0.3879789952977494,96.9947245757562,0.0066666666666666,0.7760141093474427,116.40209894180154,0.671957671957672,0.328042328042328,0.0,-0.7760141093474427,0.0593913870916498,13.74772708486752,0.0,0.9128709291752768,0.0,0.2889792386164342,3.401439755796374,0.5006932412341425,4.117767809166185,0.5006932412341425,0.12159336427848,4.117767809166185,0.2638416435409337,0.0712077716068506,3.70523662778896,0.816496580927726
500,8,shuffle_e,222,0.444,240,0.004,0.0942722952092628,23.56806791029873,0.0013333333333333,0.6591591591591592,494.3689985926209,0.6036036036036037,0.3963963963963964,0.1531531531531531,0.6591591591591592,0.0547996624351191,11.645669651060071,0.1333333333333333,0.1178511301977579,1.1313708498984762,0.1022324506867389,1.2360483275802674,0.094165173444364,0.9226265059174744,0.094165173444364,0.1020620726159657,0.9226265059174744,0.0836068071768945,0.06570248714331,1.2725059706572703,0.6381787657090032
500,9,qcd,187,0.374,240,0.0048989794855663,0.3798297509535778,77.53240742082009,0.002,0.7807486631016044,390.3741363637332,0.6577540106951871,0.3422459893048128,0.0,0.7807486631016044,0.0597081434026532,13.674794331177344,0.0152099893771298,0.0823107997207991,0.1847872870719592,0.2890755560579028,3.3485609312690263,0.5006506183624132,4.183300132670378,0.5006506183624132,0.1196783884695422,4.183300132670378,0.2639327733185703,0.0715875490822301,3.686853045009263,0.816496580927726
500,9,shuffle_b,187,0.374,240,0.0048989794855663,0.3798297509535778,77.53240742082009,0.002,0.7807486631016044,390.3741363637332,0.6577540106951871,0.3422459893048128,0.0,0.7807486631016044,0.0597081434026532,13.674794331177344,0.0152099893771298,0.0823107997207991,0.1847872870719592,0.2890755560579028,3.3485609312690263,0.5006506183624132,4.183300132670378,0.5006506183624132,0.1196783884695422,4.183300132670378,0.2639327733185703,0.0715875490822301,3.686853045009263,0.816496580927726
500,9,shuffle_l,188,0.376,240,0.0048989794855663,0.3778093799378673,77.12000099836894,0.0019999999999999,0.7819148936170214,390.95725132988537,0.6542553191489362,0.3457446808510638,0.0,0.7819148936170214,0.0595491334175413,13.711309200802088,0.0152099893771298,0.0823107997207991,0.1847872870719592,0.2890755560579028,3.3485609312690263,0.5001577660368993,4.211705300523951,0.5001577660368993,0.1187542171990708,4.211705300523951,0.2638926943991355,0.0713969028074499,3.696136443212765,0.816496580927726
500,9,shuffle_e,216,0.432,240,0.0048989794855663,0.0884489498821426,18.05456260598215,0.002,0.6759259259259259,337.9627939815657,0.5787037037037037,0.4212962962962963,0.1342592592592592,0.6759259259259259,0.0555555555555555,11.86088342222263,0.1170327096697384,0.1107018606925119,1.0571882797418486,0.0827204126359791,0.9659663084657296,0.0752700461100165,0.7499583738032148,0.0752700461100165,0.1003656319327491,0.7499583738032148,0.0657994000164439,0.0666087711571211,0.987848880460984,0.6589379679012571
500,10,qcd,189,0.378,240,0.002,0.3788152871887565,189.4075488906038,0.0086666666666666,0.7813051146384481,90.15057974860022,0.656084656084656,0.3439153439153439,0.0,-0.7813051146384481,0.0593913870916498,13.74772708486752,0.0,0.9128709291752768,0.0,0.289050378656244,3.36185258241996,0.5006307658425387,4.2156883153321445,0.5006307658425387,0.1187542171990708,4.2156883153321445,0.2639477265300082,0.0712077716068506,3.7067263948000697,0.816496580927726
500,10,shuffle_b,189,0.378,240,0.002,0.3788152871887565,189.4075488906038,0.0086666666666666,0.7813051146384481,90.15057974860022,0.656084656084656,0.3439153439153439,0.0,-0.7813051146384481,0.0593913870916498,13.74772708486752,0.4088649800759129,0.115010926557059,3.555009878761976,0.289050378656244,3.36185258241996,0.5006307658425387,4.2156883153321445,0.5006307658425387,0.1187542171990708,4.2156883153321445,0.2639477265300082,0.0712077716068506,3.7067263948000697,0.816496580927726
500,10,shuffle_l,189,0.378,240,0.002,0.3788152871887565,189.4075488906038,0.0046666666666666,0.7813051146384481,167.4224886891341,0.656084656084656,0.3439153439153439,0.0,-0.7813051146384481,0.0593913870916498,13.74772708486752,0.0,0.9128709291752768,0.0,0.289050378656244,3.36185258241996,0.501103319175948,4.219667570507707,0.501103319175948,0.1187542171990708,4.219667570507707,0.2640537669004911,0.0712077716068506,3.708215563300782,0.816496580927726
500,10,shuffle_e,220,0.44,240,0.002,0.1008230591491765,50.41150436883607,0.0086666666666666,0.6712121212121213,77.44754351129743,0.5454545454545454,0.4545454545454545,0.1409090909090909,-0.6712121212121213,0.055048188256318,11.836576593531827,0.0278289155237825,0.1027060037522201,0.2709570473691123,0.1080123449734643,1.2358287613066496,0.0588784057755189,0.6149648918286459,0.0588784057755189,0.0957427107756338,0.6149648918286459,0.0673177572470395,0.0660004591352257,1.0199589234540754,0.6515820966310676
500,11,qcd,189,0.378,240,0.0082462112512353,0.3851909994328316,46.71126423833297,0.0099999999999999,0.7777777777777778,77.7777700000008,0.6666666666666666,0.3333333333333333,0.0,0.7777777777777778,0.0593913870916498,13.74772708486752,0.0274928699614107,0.0813250060790444,0.3380617018914066,0.2899813635943668,3.399770809693141,0.500503651600875,4.149271046394802,0.500503651600875,0.1206244774092909,4.149271046394802,0.2642657199908771,0.0712077716068506,3.7111921076526575,0.816496580927726
500,11,shuffle_b,189,0.378,240,0.0082462112512353,0.3851909994328316,46.71126423833297,0.0099999999999999,0.7777777777777778,77.7777700000008,0.6666666666666666,0.3333333333333333,0.0,0.7777777777777778,0.0593913870916498,13.74772708486752,0.0274928699614107,0.0813250060790444,0.3380617018914066,0.2899813635943668,3.399770809693141,0.500503651600875,4.149271046394802,0.500503651600875,0.1206244774092909,4.149271046394802,0.2642657199908771,0.0712077716068506,3.7111921076526575,0.816496580927726
500,11,shuffle_l,146,0.292,240,0.0082462112512353,0.3972602739726027,48.1748785829629,0.002,0.812785388127854,406.39249086768086,0.5616438356164384,0.4383561643835616,0.0,-0.812785388127854,0.0675737378399485,12.083045973594572,0.0,0.9128709291752768,0.0,0.4087943610972173,3.866393955263083,0.5011380278093718,4.187372793183204,0.5011380278093718,0.1196783884695422,4.187372793183204,0.3187569487380622,0.0810180655202237,3.934393479914601,0.816496580927726
500,11,shuffle_e,224,0.448,240,0.0082462112512353,0.0984169985939669,11.934812686785216,0.0099999999999999,0.65625,65.62499343750066,0.625,0.375,0.15625,0.65625,0.054554472558998,11.63641912273703,0.0725237724293895,0.1033622788243403,0.7016464154456236,0.0841120082507413,1.039480389675284,0.0789672569132238,0.7559289460184545,0.0789672569132238,0.1044638617546681,0.7559289460184545,0.0790233217104271,0.0654085148090354,1.2081503752399974,0.634818707716358
500,12,qcd,189,0.378,240,0.0066332495807108,0.3881232790495937,58.51177704310449,0.0039999999999999,0.7760141093474427,194.00347883599105,0.671957671957672,0.328042328042328,0.0,0.7760141093474427,0.0593913870916498,13.74772708486752,0.0173109002077072,0.0810041961260418,0.2137037466648227,0.2891937077450589,3.4039641718201263,0.5001734003866937,4.113492568896837,0.5001734003866937,0.12159336427848,4.113492568896837,0.2638416435409337,0.0712077716068506,3.70523662778896,0.816496580927726
500,12,shuffle_b,189,0.378,240,0.0066332495807108,0.3881232790495937,58.51177704310449,0.0039999999999999,0.7760141093474427,194.00347883599105,0.671957671957672,0.328042328042328,0.0,0.7760141093474427,0.0593913870916498,13.74772708486752,0.0173109002077072,0.0810041961260418,0.2137037466648227,0.2891937077450589,3.4039641718201263,0.5001734003866937,4.113492568896837,0.5001734003866937,0.12159336427848,4.113492568896837,0.2638416435409337,0.0712077716068506,3.70523662778896,0.816496580927726
500,12,shuffle_l,190,0.38,240,0.0066332495807108,0.3860805249493327,58.20382032182499,0.004,0.7771929824561404,194.29819703948584,0.6684210526315789,0.331578947368421,0.0,0.7771929824561404,0.0592348877759092,13.784048752090222,0.0173109002077072,0.0810041961260418,0.2137037466648227,0.2891937077450589,3.4039641718201263,0.500503651600875,4.149271046394802,0.500503651600875,0.1206244774092909,4.149271046394802,0.2638849605254249,0.0710201355188992,3.7156358347866334,0.816496580927726
500,12,shuffle_e,216,0.432,240,0.0066332495807108,0.0930544038992675,14.028477104402718,0.0039999999999999,0.6790123456790125,169.75304398149234,0.6018518518518519,0.3981481481481481,0.125,0.6790123456790125,0.0555555555555555,12.04678380315676,0.1451261594016848,0.1061190899945022,1.3675782501452232,0.1059380936416082,1.2615896288446542,0.0819471880304882,0.7937387111947158,0.0819471880304882,0.1032420201695132,0.7937387111947158,0.0828173324999922,0.0666087711571211,1.2433397443204184,0.6692657668420422
500,13,qcd,187,0.374,240,0.0048989794855663,0.3860281095887475,78.79764182080018,0.0033333333333333,0.7771836007130125,233.15501026740037,0.6684491978609626,0.3315508021390374,0.0,0.7771836007130125,0.0597081434026532,13.674794331177344,0.0134660065844827,0.0816496580927726,0.1649242250247063,0.2889890424681646,3.374664966535735,0.5006932412341425,4.117767809166185,0.5006932412341425,0.12159336427848,4.117767809166185,0.2638244024296773,0.0715875490822301,3.68533922186149,0.816496580927726
500,13,shuffle_b,187,0.374,240,0.0048989794855663,0.3860281095887475,78.79764182080017,0.0033333333333333,0.7771836007130125,233.15501026740037,0.6684491978609626,0.3315508021390374,0.0,0.7771836007130125,0.0597081434026532,13.674794331177344,0.0134660065844827,0.0816496580927726,0.1649242250247063,0.2889890424681646,3.374664966535735,0.5006932412341425,4.117767809166185,0.5006932412341425,0.12159336427848,4.117767809166185,0.2638244024296773,0.0715875490822301,3.68533922186149,0.816496580927726
500,13,shuffle_l,189,0.378,240,0.0048989794855663,0.3819431560481258,77.963804341215,0.0013333333333333,0.7795414462081129,584.6556461643526,0.6613756613756614,0.3386243386243386,0.0,0.7795414462081129,0.0593913870916498,13.74772708486752,0.0134660065844827,0.0816496580927726,0.1649242250247063,0.2889890424681646,3.374664966535735,0.5006506183624132,4.183300132670378,0.5006506183624132,0.1196783884695422,4.183300132670378,0.2638416435409337,0.0712077716068506,3.70523662778896,0.816496580927726
500,13,shuffle_e,209,0.418,240,0.0048989794855663,0.1077352176956717,21.99135473453858,0.0033333333333333,0.6953748006379584,208.61237760767432,0.5215311004784688,0.4784688995215311,0.1052631578947368,0.6953748006379584,0.0564782494724905,12.245299850189566,0.1732050807568877,0.1178511301977579,1.469693845669907,0.1163788378170521,1.2690582166700426,0.0864098759787714,0.902521719708426,0.0864098759787714,0.0957427107756338,0.902521719708426,0.0739630487018854,0.0677150423004224,1.0922691057880938,0.6915930998044569
500,14,qcd,188,0.376,240,0.002,0.3839747685802968,191.98728829650423,0.0033333333333333,0.7783687943262411,233.5105682447017,0.6648936170212766,0.3351063829787234,0.0,0.7783687943262411,0.0595491334175413,13.711309200802088,0.0134660065844827,0.0816496580927726,0.1649242250247063,0.2889890424681646,3.374664966535735,0.500503651600875,4.149271046394802,0.500503651600875,0.1206244774092909,4.149271046394802,0.2637854572686395,0.0713969028074499,3.694634457464374,0.816496580927726
500,14,shuffle_b,188,0.376,240,0.002,0.3839747685802968,191.98728829650423,0.0033333333333333,0.7783687943262411,233.5105682447017,0.6648936170212766,0.3351063829787234,0.0,0.7783687943262411,0.0595491334175413,13.711309200802088,0.0134660065844827,0.0816496580927726,0.1649242250247063,0.2889890424681646,3.374664966535735,0.500503651600875,4.149271046394802,0.500503651600875,0.1206244774092909,4.149271046394802,0.2637854572686395,0.0713969028074499,3.694634457464374,0.816496580927726
500,14,shuffle_l,188,0.376,240,0.002,0.3809788208397868,190.48931517523584,0.0046666666666666,0.7801418439716313,167.17321645680337,0.6595744680851063,0.3404255319148936,0.0,-0.7801418439716313,0.0595491334175413,13.711309200802088,0.0,0.9128709291752768,0.0,0.2895000295041431,3.3670823277371063,0.5006506183624132,4.183300132670378,0.5006506183624132,0.1196783884695422,4.183300132670378,0.2641070380335522,0.0713969028074499,3.699138585126325,0.816496580927726
500,14,shuffle_e,224,0.448,240,0.002,0.111963716107004,55.98183006258699,0.0033333333333333,0.6532738095238094,195.98208406251788,0.5669642857142857,0.4330357142857143,0.1607142857142857,0.6532738095238094,0.054554472558998,11.548036320394168,0.1218398053742815,0.1083378475043598,1.1246282640919023,0.1059096585163264,1.246613164063349,0.0690926778793233,0.7107423155935332,0.0690926778793233,0.097211994225537,0.7107423155935332,0.0724444133609409,0.0654085148090354,1.107568541686771,0.6299970305512569
500,15,qcd,189,0.378,240,0.0028284271247461,0.3849729050493385,136.10842774513998,0.0046666666666666,0.7777777777777778,166.6666309523885,0.6666666666666666,0.3333333333333333,0.0,-0.7777777777777778,0.0593913870916498,13.74772708486752,0.0,0.9128709291752768,0.0,0.2891112000013807,3.3895689237980524,0.5015094373961771,4.1576092031015,0.5015094373961771,0.1206244774092909,4.1576092031015,0.2640537669004911,0.0712077716068506,3.708215563300782,0.816496580927726
500,15,shuffle_b,189,0.378,240,0.0028284271247461,0.3849729050493385,136.10842774513998,0.0046666666666666,0.7777777777777778,166.6666309523885,0.6666666666666666,0.3333333333333333,0.0,-0.7777777777777778,0.0593913870916498,13.74772708486752,0.4088649800759129,0.115010926557059,3.555009878761976,0.2891112000013807,3.3895689237980524,0.5015094373961771,4.1576092031015,0.5015094373961771,0.1206244774092909,4.1576092031015,0.2640537669004911,0.0712077716068506,3.708215563300782,0.816496580927726
500,15,shuffle_l,188,0.376,240,0.0028284271247461,0.3808302621206116,134.64378280950152,0.0013333333333333,0.7801418439716313,585.1059441492637,0.6595744680851063,0.3404255319148936,0.0,0.7801418439716313,0.0595491334175413,13.711309200802088,0.0093121011159616,0.0819782294729941,0.1135923668494128,0.2888252907217912,3.3592346565856133,0.5011380278093718,4.187372793183204,0.5011380278093718,0.1196783884695422,4.187372793183204,0.2638926943991355,0.0713969028074499,3.696136443212765,0.816496580927726
500,15,shuffle_e,216,0.432,240,0.0028284271247461,0.1164791261611955,41.18157542774677,0.0046666666666666,0.6805555555555556,145.83330208333996,0.5787037037037037,0.4212962962962963,0.125,-0.6805555555555556,0.0555555555555555,12.04678380315676,0.1309675097039594,0.1425664871280502,0.9186416270909948,0.1156315989107937,1.350286164956424,0.052605885041557,0.5241424183609591,0.052605885041557,0.1003656319327491,0.5241424183609591,0.0774685209753773,0.0666087711571211,1.163037834651529,0.6692657668420422
500,16,qcd,147,0.294,240,0.0074833147735478,0.3992797439681412,53.35599299170565,0.0013333333333333,0.8117913832199547,608.843080782656,0.564625850340136,0.4353741496598639,0.0,-0.8117913832199547,0.0673435029701473,12.124355652982144,0.0,0.9128709291752768,0.0,0.4083816057053177,3.885970496951352,0.5006506183624132,4.183300132670378,0.5006506183624132,0.1196783884695422,4.183300132670378,0.3183953269872289,0.0807420236086341,3.943365706692312,0.816496580927726
500,16,shuffle_b,147,0.294,240,0.0074833147735478,0.3992797439681412,53.355992991705655,0.0013333333333333,0.8117913832199547,608.843080782656,0.564625850340136,0.4353741496598639,0.0,-0.8117913832199547,0.0673435029701473,12.124355652982144,0.5773502691896258,0.1408590424547527,4.098780306383841,0.4083816057053177,3.885970496951352,0.5006506183624132,4.183300132670378,0.5006506183624132,0.1196783884695422,4.183300132670378,0.3183953269872289,0.0807420236086341,3.943365706692312,0.816496580927726
500,16,shuffle_l,148,0.296,240,0.0074833147735478,0.3965819078602483,52.99547952554547,0.0013333333333333,0.8130630630630631,609.7968399496679,0.5608108108108109,0.4391891891891892,0.0,-0.8130630630630631,0.0671156055214024,12.16552506059644,0.0,0.9128709291752768,0.0,0.4083816057053177,3.885970496951352,0.5001577660368993,4.211705300523951,0.5001577660368993,0.1187542171990708,4.211705300523951,0.3183094650023852,0.0804687841664407,3.9556887593081735,0.816496580927726
500,16,shuffle_e,220,0.44,240,0.0074833147735478,0.0930431340475396,12.433410117000497,0.0013333333333333,0.6666666666666667,499.99962500028175,0.5772727272727273,0.4227272727272727,0.1454545454545454,-0.6666666666666667,0.055048188256318,11.745792283351362,0.1178511301977579,0.1075828707279838,1.0954451150103324,0.0954403035988278,1.123383273208842,0.1054914885502612,1.0625592962581034,0.1054914885502612,0.0992805661968784,1.0625592962581034,0.0775840431181339,0.0660004591352257,1.1755076272905172,0.6465845848335333
500,17,qcd,191,0.382,240,0.0074833147735478,0.3839877811164168,51.31251877326112,0.0086666666666666,0.7783595113438047,89.8107024845887,0.6649214659685864,0.3350785340314136,0.0,0.7783595113438047,0.0590796191267391,13.820274961085254,0.0132539434886641,0.0810041961260418,0.1636204557606018,0.2889792386164342,3.4014397557963743,0.5001627339343333,4.179223503344741,0.5001627339343333,0.1196783884695422,4.179223503344741,0.2637079969581791,0.0708339749483311,3.722902705241902,0.816496580927726
500,17,shuffle_b,191,0.382,240,0.0074833147735478,0.3839877811164168,51.31251877326112,0.0086666666666666,0.7783595113438047,89.8107024845887,0.6649214659685864,0.3350785340314136,0.0,0.7783595113438047,0.0590796191267391,13.820274961085254,0.0132539434886641,0.0810041961260418,0.1636204557606018,0.2889792386164342,3.4014397557963743,0.5001627339343333,4.179223503344741,0.5001627339343333,0.1196783884695422,4.179223503344741,0.2637079969581791,0.0708339749483311,3.722902705241902,0.816496580927726
500,17,shuffle_l,188,0.376,240,0.0074833147735478,0.3901152457087001,52.13133556219614,0.0006666666666666,0.7748226950354611,1162.232299204744,0.675531914893617,0.324468085106383,0.0,0.7748226950354611,0.0595491334175413,13.711309200802088,0.0132539434886641,0.0810041961260418,0.1636204557606018,0.2889792386164342,3.4014397557963743,0.5001791312193609,4.080231138071643,0.5001791312193609,0.1225859796402981,4.080231138071643,0.2637854572686395,0.0713969028074499,3.694634457464374,0.816496580927726
500,17,shuffle_e,219,0.438,240,0.0074833147735478,0.1136059845171208,15.181236226686655,0.0086666666666666,0.6788432267884323,78.32805559158191,0.5251141552511416,0.4748858447488584,0.1278538812785388,0.6788432267884323,0.0551737259068245,12.072270955681756,0.1834145777830363,0.1278274981412284,1.4348601079588787,0.1207777776811632,1.352789534884011,0.0656855818330743,0.6996502622814411,0.0656855818330743,0.0938834520248513,0.6996502622814411,0.0714177731489363,0.0661509734906411,1.0796178707640676,0.6660721687817037
500,18,qcd,189,0.378,240,0.004,0.3757358894726136,93.93394888466617,0.0053333333333333,0.783068783068783,146.8253692956401,0.6507936507936508,0.3492063492063492,0.0,0.783068783068783,0.0593913870916498,13.74772708486752,0.0099572753771674,0.0823107997207991,0.120971675781827,0.2888468117640735,3.3459112288313206,0.5004589262095074,4.246534805136968,0.5004589262095074,0.1178511301977579,4.246534805136968,0.2639477265300082,0.0712077716068506,3.7067263948000697,0.816496580927726
500,18,shuffle_b,189,0.378,240,0.004,0.3757358894726136,93.93394888466617,0.0053333333333333,0.783068783068783,146.8253692956401,0.6507936507936508,0.3492063492063492,0.0,0.783068783068783,0.0593913870916498,13.74772708486752,0.0099572753771674,0.0823107997207991,0.120971675781827,0.2888468117640735,3.3459112288313206,0.5004589262095074,4.246534805136968,0.5004589262095074,0.1178511301977579,4.246534805136968,0.2639477265300082,0.0712077716068506,3.7067263948000697,0.816496580927726
500,18,shuffle_l,190,0.38,240,0.004,0.3799329289110305,94.98320848195549,0.0066666666666666,0.7807017543859651,117.10524559210778,0.6578947368421053,0.3421052631578947,0.0,-0.7807017543859651,0.0592348877759092,13.784048752090222,0.0,0.9128709291752768,0.0,0.2889890424681646,3.374664966535735,0.5006307658425387,4.2156883153321445,0.5006307658425387,0.1187542171990708,4.2156883153321445,0.2638849605254249,0.0710201355188992,3.7156358347866334,0.816496580927726
500,18,shuffle_e,219,0.438,240,0.004,0.1177515703947728,29.43788523922189,0.0053333333333333,0.6757990867579908,126.71230500856596,0.5799086757990868,0.4200913242009132,0.136986301369863,0.6757990867579908,0.0551737259068245,11.88817761994191,0.1677087735976188,0.1132277034144595,1.4811637835992864,0.1110534015645146,1.3071577629815136,0.1057573878212059,1.0594949949238908,0.1057573878212059,0.0998186761880863,1.0594949949238908,0.0847674804371551,0.0661509734906411,1.2814245348807716,0.6559150535343204
500,19,qcd,191,0.382,240,0.0082462112512353,0.3900084307112815,47.29546352058262,0.0073333333333333,0.7748691099476441,105.66395512959386,0.675392670157068,0.3246073298429319,0.0,-0.7748691099476441,0.0590796191267391,13.820274961085254,0.0,0.9128709291752768,0.0,0.2894547069961022,3.433758534669933,0.5001734003866937,4.113492568896837,0.5001734003866937,0.12159336427848,4.113492568896837,0.2640196523659371,0.0708339749483311,3.7273025064387912,0.816496580927726
500,19,shuffle_b,191,0.382,240,0.0082462112512353,0.3900084307112815,47.29546352058262,0.0073333333333333,0.7748691099476441,105.66395512959386,0.675392670157068,0.3246073298429319,0.0,-0.7748691099476441,0.0590796191267391,13.820274961085254,0.4096412937965767,0.1141088661469096,3.5899164335677787,0.2894547069961022,3.4337585346699333,0.5001734003866937,4.113492568896837,0.5001734003866937,0.12159336427848,4.113492568896837,0.2640196523659371,0.0708339749483311,3.7273025064387912,0.816496580927726
500,19,shuffle_l,191,0.382,240,0.0082462112512353,0.3900084307112815,47.29546352058262,0.0073333333333333,0.7748691099476441,105.663955129594,0.675392670157068,0.3246073298429319,0.0,-0.7748691099476441,0.0590796191267391,13.820274961085254,0.0,0.9128709291752768,0.0,0.2894547069961022,3.433758534669933,0.5001734003866937,4.113492568896837,0.5001734003866937,0.12159336427848,4.113492568896837,0.2640196523659371,0.0708339749483311,3.7273025064387912,0.816496580927726
500,19,shuffle_e,220,0.44,240,0.0082462112512353,0.1005152017613453,12.189257164255956,0.0073333333333333,0.6727272727272727,91.73552468069292,0.55,0.45,0.1318181818181818,-0.6727272727272727,0.055048188256318,12.019491745418431,0.0952380952380952,0.1408590424547527,0.6761234037828133,0.1021979162619809,1.1741646646251944,0.0624712973578433,0.6492207662311681,0.0624712973578433,0.0962250448649376,0.6492207662311681,0.0660786742041106,0.0660004591352257,1.0011850685572454,0.6616512443470545
500,20,qcd,188,0.376,240,0.0,0.3869475208398555,386947520.8398556,5.329070518200752e-18,0.776595744680851,776595740.5423175,0.6702127659574468,0.3297872340425531,0.0,0.776595744680851,0.0595491334175413,13.711309200802088,0.0158730158730158,0.0813250060790444,0.1951800145897066,0.2891112000013807,3.3895689237980524,0.5006932412341425,4.117767809166185,0.5006932412341425,0.12159336427848,4.117767809166185,0.2638926943991355,0.0713969028074499,3.696136443212765,0.816496580927726
500,20,shuffle_b,188,0.376,240,0.0,0.3869475208398555,386947520.8398556,5.329070518200752e-18,0.776595744680851,776595740.5423175,0.6702127659574468,0.3297872340425531,0.0,0.776595744680851,0.0595491334175413,13.711309200802088,0.0158730158730158,0.0813250060790444,0.1951800145897066,0.2891112000013807,3.3895689237980524,0.5006932412341425,4.117767809166185,0.5006932412341425,0.12159336427848,4.117767809166185,0.2638926943991355,0.0713969028074499,3.696136443212765,0.816496580927726
500,20,shuffle_l,188,0.376,240,0.0,0.3869475208398555,386947520.8398556,2.664535259100376e-18,0.776595744680851,776595742.6115842,0.6702127659574468,0.3297872340425531,0.0,0.776595744680851,0.0595491334175413,13.711309200802088,0.0158730158730158,0.0813250060790444,0.1951800145897066,0.2891112000013807,3.3895689237980524,0.5006932412341425,4.117767809166185,0.5006932412341425,0.12159336427848,4.117767809166185,0.2638926943991355,0.0713969028074499,3.696136443212765,0.816496580927726
500,20,shuffle_e,219,0.438,240,0.0,0.1034223895242568,103422389.52425684,8.881784197001254e-18,0.6666666666666666,666666660.7454772,0.5616438356164384,0.4383561643835616,0.1415525114155251,0.6666666666666666,0.0551737259068245,11.796795478503638,0.1423801560735814,0.1091089451179961,1.3049356853336271,0.1190022859211743,1.3784853026021069,0.0551198189805123,0.5640760748177662,0.0551198189805123,0.0977169949963214,0.5640760748177662,0.0753943366482117,0.0661509734906411,1.139731324723109,0.6508731603098266
500,21,qcd,188,0.376,240,0.0044721359549995,0.3869475208398555,86.52407668492164,0.0059999999999999,0.7765957446808512,129.43260254137488,0.6702127659574468,0.3297872340425531,0.0,-0.7765957446808512,0.0595491334175413,13.711309200802088,0.0,0.9128709291752768,0.0,0.2888932495746237,3.387013650970641,0.5006932412341425,4.117767809166185,0.5006932412341425,0.12159336427848,4.117767809166185,0.2637854572686395,0.0713969028074499,3.694634457464374,0.816496580927726
500,21,shuffle_b,188,0.376,240,0.0044721359549995,0.3869475208398555,86.52407668492164,0.0059999999999999,0.7765957446808512,129.43260254137488,0.6702127659574468,0.3297872340425531,0.0,-0.7765957446808512,0.0595491334175413,13.711309200802088,0.4088649800759129,0.115010926557059,3.555009878761976,0.2888932495746237,3.387013650970641,0.5006932412341425,4.117767809166185,0.5006932412341425,0.12159336427848,4.117767809166185,0.2637854572686395,0.0713969028074499,3.694634457464374,0.816496580927726
500,21,shuffle_l,186,0.372,240,0.0044721359549995,0.3911082468703916,87.45444310088854,3.552713678800501e-18,0.7741935483870968,774193545.6366087,0.6774193548387096,0.3225806451612903,0.0,-0.7741935483870968,0.0598684340089249,13.638181696985855,0.0,0.9128709291752768,0.0,0.2888932495746237,3.387013650970641,0.5,4.0451991747794525,0.5,0.123603308118261,4.0451991747794525,0.2637424212131405,0.0717797307678424,3.674330042643432,0.816496580927726
500,21,shuffle_e,223,0.446,240,0.0044721359549995,0.1121076233183856,25.06802104820517,0.006,0.6547085201793722,109.11806851021724,0.5515695067264574,0.4484304932735426,0.1569506726457399,-0.6547085201793722,0.0546766551813808,11.596543477597224,0.1228557585747041,0.1219875091185666,1.0071175275436894,0.1144725840677131,1.326014651455945,0.0804155872120987,0.8399134154509887,0.0804155872120987,0.0957427107756338,0.8399134154509887,0.0756982462370596,0.0655550066270414,1.154728679500035,0.6340602090204741
500,22,qcd,188,0.376,240,0.0028284271247461,0.3871668167037839,136.88409237499238,0.002,0.776595744680851,388.29767819158593,0.6702127659574468,0.3297872340425531,0.0,-0.776595744680851,0.0595491334175413,13.711309200802088,0.0,0.9128709291752768,0.0,0.2891112000013807,3.3895689237980524,0.5006932412341425,4.117767809166185,0.5006932412341425,0.12159336427848,4.117767809166185,0.2638926943991355,0.0713969028074499,3.696136443212765,0.816496580927726
500,22,shuffle_b,188,0.376,240,0.0028284271247461,0.3871668167037839,136.88409237499238,0.002,0.776595744680851,388.29767819158593,0.6702127659574468,0.3297872340425531,0.0,-0.776595744680851,0.0595491334175413,13.711309200802088,0.4084414983736207,0.1132277034144595,3.607257641520452,0.2891112000013807,3.3895689237980524,0.5006932412341425,4.117767809166185,0.5006932412341425,0.12159336427848,4.117767809166185,0.2638926943991355,0.0713969028074499,3.696136443212765,0.816496580927726
500,22,shuffle_l,188,0.376,240,0.0028284271247461,0.3870206332676861,136.83240874378433,0.002,0.7765957446808512,388.29767819158377,0.6702127659574468,0.3297872340425531,0.0,0.7765957446808512,0.0595491334175413,13.711309200802088,0.0112239171616912,0.0813250060790444,0.1380131118684708,0.2888932495746237,3.387013650970641,0.5001734003866937,4.113492568896837,0.5001734003866937,0.12159336427848,4.113492568896837,0.2636781765251248,0.0713969028074499,3.693131860862894,0.816496580927726
500,22,shuffle_e,218,0.436,240,0.0028284271247461,0.1031855218275412,36.48157820407779,0.002,0.6697247706422018,334.86221788999137,0.5779816513761468,0.4220183486238532,0.1376146788990825,-0.6697247706422018,0.0553001263609331,11.84843116623114,0.1136549792852037,0.1098967455659645,1.0341978618191512,0.109684721913375,1.285954763465517,0.0539842913976497,0.5408235558637171,0.0539842913976497,0.0998186761880863,0.5408235558637171,0.0745089320523878,0.0663025223112349,1.123772210393908,0.6552197406714
500,23,qcd,189,0.378,240,0.008,0.3911767278153338,48.89708486478112,0.0033333333333333,0.7742504409171076,232.2750625926136,0.6772486772486772,0.3227513227513227,0.0,0.7742504409171076,0.0593913870916498,13.74772708486752,0.0180421959121758,0.0806871530459878,0.223606797749979,0.2892384036857254,3.417867490383175,0.5001791312193609,4.080231138071643,0.5001791312193609,0.1225859796402981,4.080231138071643,0.2639477265300082,0.0712077716068506,3.7067263948000697,0.816496580927726
500,23,shuffle_b,189,0.378,240,0.008,0.3911767278153338,48.89708486478112,0.0033333333333333,0.7742504409171076,232.2750625926136,0.6772486772486772,0.3227513227513227,0.0,0.7742504409171076,0.0593913870916498,13.74772708486752,0.0180421959121758,0.0806871530459878,0.223606797749979,0.2892384036857254,3.417867490383175,0.5001791312193609,4.080231138071643,0.5001791312193609,0.1225859796402981,4.080231138071643,0.2639477265300082,0.0712077716068506,3.7067263948000697,0.816496580927726
500,23,shuffle_l,189,0.378,240,0.008,0.3911767278153338,48.89708486478112,0.0073333333333333,0.7742504409171078,105.5795911823887,0.6772486772486772,0.3227513227513227,0.0,0.7742504409171078,0.0593913870916498,13.74772708486752,0.0180421959121758,0.0806871530459878,0.223606797749979,0.2892384036857254,3.417867490383175,0.5001791312193609,4.080231138071643,0.5001791312193609,0.1225859796402981,4.080231138071643,0.2639477265300082,0.0712077716068506,3.7067263948000697,0.816496580927726
500,23,shuffle_e,218,0.436,240,0.008,0.0957826285221151,11.97282706866101,0.0033333333333333,0.6712538226299695,201.376086376165,0.5412844036697247,0.4587155963302752,0.1330275229357798,0.6712538226299695,0.0553001263609331,11.940410147704847,0.2083333333333333,0.1317615691736824,1.5811388300841895,0.1050528473547291,1.1919090357324709,0.076594168620507,0.7999999999999998,0.076594168620507,0.0957427107756338,0.7999999999999998,0.0689346426840969,0.0663025223112349,1.0396986461617015,0.6603061899694459
500,24,qcd,189,0.378,240,0.0048989794855663,0.3851183150281025,78.61193082167995,0.0006666666666666,0.7777777777777778,1166.664916669296,0.6666666666666666,0.3333333333333333,0.0,-0.7777777777777778,0.0593913870916498,13.74772708486752,0.0,0.9128709291752768,0.0,0.2893289862469553,3.392122271748692,0.5,4.145095678246545,0.5,0.1206244774092909,4.145095678246545,0.2638416435409337,0.0712077716068506,3.70523662778896,0.816496580927726
500,24,shuffle_b,189,0.378,240,0.0048989794855663,0.3851183150281025,78.61193082167996,0.0006666666666666,0.7777777777777778,1166.664916669296,0.6666666666666666,0.3333333333333333,0.0,-0.7777777777777778,0.0593913870916498,13.74772708486752,0.4096412937965767,0.1141088661469096,3.5899164335677787,0.2893289862469553,3.392122271748692,0.5,4.145095678246545,0.5,0.1206244774092909,4.145095678246545,0.2638416435409337,0.0712077716068506,3.70523662778896,0.816496580927726
500,24,shuffle_l,189,0.378,240,0.0048989794855663,0.3851183150281025,78.61193082167995,0.0073333333333333,0.7777777777777778,106.06059159779818,0.6666666666666666,0.3333333333333333,0.0,-0.7777777777777778,0.0593913870916498,13.74772708486752,0.0,0.9128709291752768,0.0,0.2893289862469553,3.392122271748692,0.500503651600875,4.149271046394802,0.500503651600875,0.1206244774092909,4.149271046394802,0.2639477265300082,0.0712077716068506,3.7067263948000697,0.816496580927726
500,24,shuffle_e,217,0.434,240,0.0048989794855663,0.1053879873366753,21.512228441647224,0.0006666666666666,0.6789554531490014,1018.431652076022,0.5852534562211982,0.4147465437788018,0.1336405529953917,0.6789554531490014,0.0554273995473693,11.900702841034184,0.146565621758588,0.1360827634879543,1.077032961426901,0.1041386336718673,1.225767257128,0.0867805519545183,0.8598801889763127,0.0867805519545183,0.1009216784699164,0.8598801889763127,0.0788756941429579,0.0664551175011307,1.1869017332128835,0.659625011264515
500,25,qcd,192,0.384,240,0.0109544511501033,0.3910761283873569,35.7001996109562,0.0086666666666666,0.7743055555555555,89.34293840914815,0.6770833333333334,0.3229166666666667,0.0,0.7743055555555555,0.0589255650988789,13.85640646055102,0.0177646236673731,0.0800640769025435,0.2218800784900916,0.2892212218827946,3.4442614684336994,0.5006932412341425,4.117767809166185,0.5006932412341425,0.12159336427848,4.117767809166185,0.264037330325762,0.0706492706575548,3.737297326190121,0.816496580927726
500,25,shuffle_b,192,0.384,240,0.0109544511501033,0.3910761283873569,35.7001996109562,0.0086666666666666,0.7743055555555555,89.34293840914815,0.6770833333333334,0.3229166666666667,0.0,0.7743055555555555,0.0589255650988789,13.85640646055102,0.0177646236673731,0.0800640769025435,0.2218800784900916,0.2892212218827946,3.4442614684336994,0.5006932412341425,4.117767809166185,0.5006932412341425,0.12159336427848,4.117767809166185,0.264037330325762,0.0706492706575548,3.737297326190121,0.816496580927726
500,25,shuffle_l,191,0.382,240,0.0109544511501033,0.3931236473841493,35.88711165080414,0.0086666666666666,0.7731239092495638,89.2065946203426,0.680628272251309,0.3193717277486911,0.0,0.7731239092495638,0.0590796191267391,13.820274961085254,0.0177646236673731,0.0800640769025435,0.2218800784900916,0.2892212218827946,3.4442614684336994,0.5001791312193609,4.080231138071643,0.5001791312193609,0.1225859796402981,4.080231138071643,0.2640196523659371,0.0708339749483311,3.7273025064387912,0.816496580927726
500,25,shuffle_e,221,0.442,240,0.0109544511501033,0.089359355919147,8.157355082180374,0.0086666666666666,0.6726998491704375,77.61920440975761,0.6063348416289592,0.3936651583710407,0.1312217194570135,0.6726998491704375,0.0549235036381089,12.058867674568797,0.0629940788348712,0.0996023841111994,0.6324555320336759,0.0888237366734185,1.073929368093007,0.0862068965517241,0.8398387664337814,0.0862068965517241,0.1026469603419066,0.8398387664337814,0.077050511070239,0.0658509675296059,1.1700740924664152,0.6623152625956539
500,26,qcd,189,0.378,240,0.0059999999999999,0.3820164445753374,63.669396817656775,0.0053333333333333,0.7795414462081129,146.1639937582722,0.6613756613756614,0.3386243386243386,0.0,0.7795414462081129,0.0593913870916498,13.74772708486752,0.0175878746110305,0.0816496580927726,0.2154065922853799,0.2892104193604834,3.377250091689714,0.5011380278093718,4.187372793183204,0.5011380278093718,0.1196783884695422,4.187372793183204,0.2640537669004911,0.0712077716068506,3.708215563300782,0.816496580927726
500,26,shuffle_b,189,0.378,240,0.006,0.3820164445753375,63.669396817656775,0.0053333333333333,0.7795414462081129,146.1639937582722,0.6613756613756614,0.3386243386243386,0.0,0.7795414462081129,0.0593913870916498,13.74772708486752,0.0175878746110305,0.0816496580927726,0.2154065922853799,0.2892104193604834,3.377250091689714,0.5011380278093718,4.187372793183204,0.5011380278093718,0.1196783884695422,4.187372793183204,0.2640537669004911,0.0712077716068506,3.708215563300782,0.816496580927726
500,26,shuffle_l,189,0.378,240,0.0059999999999999,0.3820164445753374,63.669396817656775,0.0073333333333333,0.7795414462081129,106.30109180550288,0.6613756613756614,0.3386243386243386,0.0,0.7795414462081129,0.0593913870916498,13.74772708486752,0.0175878746110305,0.0816496580927726,0.2154065922853799,0.2892104193604834,3.377250091689714,0.5011380278093718,4.187372793183204,0.5011380278093718,0.1196783884695422,4.187372793183204,0.2640537669004911,0.0712077716068506,3.708215563300782,0.816496580927726
500,26,shuffle_e,218,0.436,240,0.0059999999999999,0.0870351649587627,14.505858408817389,0.0053333333333333,0.6758409785932723,126.72015972620854,0.5688073394495413,0.4311926605504587,0.1330275229357798,0.6758409785932723,0.0553001263609331,11.940410147704847,0.125424449438723,0.1219875091185666,1.0281745265969475,0.0840671815651176,0.9777585234633746,0.0686699174859471,0.6953840623693441,0.0686699174859471,0.0987510660683994,0.6953840623693441,0.0628680281890635,0.0663025223112349,0.948199646070035,0.6603061899694459
500,27,qcd,188,0.376,240,0.006,0.3870206332676861,64.50342812737632,0.0033333333333333,0.776595744680851,232.9786535106596,0.6702127659574468,0.3297872340425531,0.0,0.776595744680851,0.0595491334175413,13.711309200802088,0.0158730158730158,0.0813250060790444,0.1951800145897066,0.2891112000013807,3.3895689237980524,0.5001734003866937,4.113492568896837,0.5001734003866937,0.12159336427848,4.113492568896837,0.2637854572686395,0.0713969028074499,3.694634457464374,0.816496580927726
500,27,shuffle_b,188,0.376,240,0.006,0.3870206332676861,64.50342812737632,0.0033333333333333,0.776595744680851,232.9786535106596,0.6702127659574468,0.3297872340425531,0.0,0.776595744680851,0.0595491334175413,13.711309200802088,0.0158730158730158,0.0813250060790444,0.1951800145897066,0.2891112000013807,3.3895689237980524,0.5001734003866937,4.113492568896837,0.5001734003866937,0.12159336427848,4.113492568896837,0.2637854572686395,0.0713969028074499,3.694634457464374,0.816496580927726
500,27,shuffle_l,188,0.376,240,0.006,0.3870206332676861,64.50342812737632,0.0013333333333333,0.776595744680851,582.4463716758569,0.6702127659574468,0.3297872340425531,0.0,0.776595744680851,0.0595491334175413,13.711309200802088,0.0158730158730158,0.0813250060790444,0.1951800145897066,0.2891112000013807,3.3895689237980524,0.5006932412341425,4.117767809166185,0.5006932412341425,0.12159336427848,4.117767809166185,0.2638926943991355,0.0713969028074499,3.696136443212765,0.816496580927726
500,27,shuffle_e,212,0.424,240,0.006,0.1098155351587058,18.302586142686607,0.0033333333333333,0.6886792452830188,206.60371160379245,0.5471698113207547,0.4528301886792453,0.1132075471698113,0.6886792452830188,0.0560772154092044,12.171727214994036,0.172019916613139,0.1115249341863676,1.542434594273592,0.1239302221428036,1.3941211094132384,0.0896075548650273,0.9170109546287278,0.0896075548650273,0.0977169949963214,0.9170109546287278,0.081336585889167,0.067234219349765,1.209749836850768,0.6825565689372964
500,28,qcd,187,0.374,240,0.0028284271247461,0.3830161407373258,135.4166073326314,0.002,0.7789661319073083,389.4828712122186,0.6631016042780749,0.3368983957219251,0.0,-0.7789661319073083,0.0597081434026532,13.674794331177344,0.0,0.9128709291752768,0.0,0.289050378656244,3.36185258241996,0.500503651600875,4.149271046394802,0.500503651600875,0.1206244774092909,4.149271046394802,0.2638244024296773,0.0715875490822301,3.68533922186149,0.816496580927726
500,28,shuffle_b,187,0.374,240,0.0028284271247461,0.3830161407373258,135.4166073326314,0.002,0.7789661319073083,389.4828712122186,0.6631016042780749,0.3368983957219251,0.0,-0.7789661319073083,0.0597081434026532,13.674794331177344,0.4084475818062011,0.1141088661469096,3.5794552658190883,0.289050378656244,3.36185258241996,0.500503651600875,4.149271046394802,0.500503651600875,0.1206244774092909,4.149271046394802,0.2638244024296773,0.0715875490822301,3.68533922186149,0.816496580927726
500,28,shuffle_l,189,0.378,240,0.0028284271247461,0.3789630598829626,133.98362736085753,0.004,0.7813051146384481,195.3262298280545,0.656084656084656,0.3439153439153439,0.0,-0.7813051146384481,0.0593913870916498,13.74772708486752,0.0,0.9128709291752768,0.0,0.289050378656244,3.36185258241996,0.501103319175948,4.219667570507707,0.501103319175948,0.1187542171990708,4.219667570507707,0.2640537669004911,0.0712077716068506,3.708215563300782,0.816496580927726
500,28,shuffle_e,217,0.434,240,0.0028284271247461,0.1051862876545007,37.18895549588684,0.002,0.6712749615975423,335.63731298011453,0.6036866359447005,0.3963133640552995,0.1382488479262673,-0.6712749615975423,0.0554273995473693,11.8085730007213,0.162959159525952,0.119865825371346,1.3595130974245762,0.0962306518949144,1.1503853863497202,0.0942267114817303,0.9126779128015844,0.0942267114817303,0.1032420201695132,0.9126779128015844,0.0810009706191992,0.0664551175011307,1.218882362488051,0.6545184937952575
500,29,qcd,189,0.378,240,0.0084852813742385,0.3913198325312295,46.11747909760573,0.0033333333333333,0.7742504409171078,232.27506259261364,0.6772486772486772,0.3227513227513227,0.0,0.7742504409171078,0.0593913870916498,13.74772708486752,0.0211563500120728,0.0806871530459878,0.2622022120425379,0.2894493470007605,3.4203601617905157,0.5001791312193609,4.080231138071643,0.5001791312193609,0.1225859796402981,4.080231138071643,0.2640537669004911,0.0712077716068506,3.708215563300782,0.816496580927726
500,29,shuffle_b,189,0.378,240,0.0084852813742385,0.3913198325312295,46.11747909760573,0.0033333333333333,0.7742504409171078,232.27506259261364,0.6772486772486772,0.3227513227513227,0.0,0.7742504409171078,0.0593913870916498,13.74772708486752,0.0211563500120728,0.0806871530459878,0.2622022120425379,0.2894493470007605,3.4203601617905157,0.5001791312193609,4.080231138071643,0.5001791312193609,0.1225859796402981,4.080231138071643,0.2640537669004911,0.0712077716068506,3.708215563300782,0.816496580927726
500,29,shuffle_l,189,0.378,240,0.0084852813742385,0.3913198325312295,46.11747909760573,0.0033333333333333,0.7742504409171076,232.2750625926132,0.6772486772486772,0.3227513227513227,0.0,0.7742504409171076,0.0593913870916498,13.74772708486752,0.0211563500120728,0.0806871530459878,0.2622022120425379,0.2894493470007605,3.4203601617905157,0.5001791312193609,4.080231138071643,0.5001791312193609,0.1225859796402981,4.080231138071643,0.2640537669004911,0.0712077716068506,3.708215563300782,0.816496580927726
500,29,shuffle_e,227,0.454,240,0.0084852813742385,0.1021798546673409,12.042009936824304,0.0033333333333333,0.6446402349486049,193.3920124669777,0.5814977973568282,0.4185022026431718,0.1674008810572687,0.6446402349486049,0.0541927814603404,11.492767309944488,0.0424591129848966,0.0984374038697697,0.4313310928137537,0.0952257961361858,1.1427095536342304,0.0525437864276208,0.5349059748347138,0.0525437864276208,0.0982299486257503,0.5349059748347138,0.0682404781523042,0.0649748624158745,1.0502596791283374,0.6228250272023668
500,30,qcd,189,0.378,240,0.0056568542494923,0.3911767278153338,69.15091699587614,0.0053333333333333,0.7742504409171078,145.17193045222083,0.6772486772486772,0.3227513227513227,0.0,0.7742504409171078,0.0593913870916498,13.74772708486752,0.0180421959121758,0.0806871530459878,0.223606797749979,0.2892384036857254,3.417867490383175,0.5001791312193609,4.080231138071643,0.5001791312193609,0.1225859796402981,4.080231138071643,0.2639477265300082,0.0712077716068506,3.7067263948000697,0.816496580927726
500,30,shuffle_b,189,0.378,240,0.0056568542494923,0.3911767278153338,69.15091699587614,0.0053333333333333,0.7742504409171078,145.17193045222083,0.6772486772486772,0.3227513227513227,0.0,0.7742504409171078,0.0593913870916498,13.74772708486752,0.0180421959121758,0.0806871530459878,0.2236067977499789,0.2892384036857254,3.417867490383175,0.5001791312193609,4.080231138071643,0.5001791312193609,0.1225859796402981,4.080231138071643,0.2639477265300082,0.0712077716068506,3.7067263948000697,0.816496580927726
500,30,shuffle_l,188,0.376,240,0.0056568542494923,0.3932574550909473,69.51874102244994,0.0006666666666666,0.7730496453900708,1159.5727287260172,0.6808510638297872,0.3191489361702128,0.0,0.7730496453900708,0.0595491334175413,13.711309200802088,0.0180421959121758,0.0806871530459878,0.223606797749979,0.2892384036857254,3.417867490383175,0.5,4.0451991747794525,0.5,0.123603308118261,4.0451991747794525,0.2639998879697601,0.0713969028074499,3.697637818852457,0.816496580927726
500,30,shuffle_e,219,0.438,240,0.0056568542494923,0.1060108380478895,18.740242302894774,0.0053333333333333,0.6681887366818875,125.28536463684792,0.5981735159817352,0.4018264840182648,0.136986301369863,0.6681887366818875,0.0551737259068245,11.88817761994191,0.0505076272276105,0.0996023841111994,0.50709255283711,0.0931537532213001,1.1136027271896218,0.1093903718044973,1.071802374777418,0.1093903718044973,0.1020620726159657,1.071802374777418,0.0815071690770495,0.0661509734906411,1.2321386183164915,0.6559150535343204
500,31,qcd,190,0.38,240,0.0063245553203367,0.3831636783831851,60.58348743786396,0.0046666666666666,0.7789473684210526,166.91725746509903,0.6631578947368421,0.3368421052631579,0.0,0.7789473684210526,0.0592348877759092,13.784048752090222,0.0224478343233824,0.0813250060790444,0.2760262237369416,0.2895466086818206,3.394673699166022,0.5006506183624132,4.183300132670378,0.5006506183624132,0.1196783884695422,4.183300132670378,0.2640948233411719,0.0710201355188992,3.718590811065033,0.816496580927726
500,31,shuffle_b,190,0.38,240,0.0063245553203367,0.3831636783831851,60.58348743786396,0.0046666666666666,0.7789473684210526,166.91725746509903,0.6631578947368421,0.3368421052631579,0.0,0.7789473684210526,0.0592348877759092,13.784048752090222,0.0224478343233824,0.0813250060790444,0.2760262237369417,0.2895466086818206,3.394673699166022,0.5006506183624132,4.183300132670378,0.5006506183624132,0.1196783884695422,4.183300132670378,0.2640948233411719,0.0710201355188992,3.7185908110650328,0.816496580927726
500,31,shuffle_l,187,0.374,240,0.0063245553203367,0.3828667875864973,60.536544888592445,0.0033333333333333,0.7789661319073085,233.68976946526132,0.6631016042780749,0.3368983957219251,0.0,-0.7789661319073085,0.0597081434026532,13.674794331177344,0.0,0.9128709291752768,0.0,0.289050378656244,3.36185258241996,0.500503651600875,4.149271046394802,0.500503651600875,0.1206244774092909,4.149271046394802,0.2638244024296773,0.0715875490822301,3.68533922186149,0.816496580927726
500,31,shuffle_e,223,0.446,240,0.0063245553203367,0.1036252915541824,16.384594634879427,0.0046666666666666,0.6636771300448431,142.2164973917884,0.6188340807174888,0.3811659192825112,0.147982062780269,0.6636771300448431,0.0546766551813808,11.77498298152684,0.1501657772097182,0.115010926557059,1.305665311158225,0.0902166637535415,1.1069310921135729,0.0887566297863237,0.854681977944112,0.0887566297863237,0.1038475504067871,0.854681977944112,0.0813327736861085,0.0655550066270414,1.2406798179249778,0.6438166842475703
500,32,qcd,190,0.38,240,0.006,0.3828743890415413,63.81238753819229,0.0086666666666666,0.7789473684210528,89.87853213952167,0.6631578947368421,0.3368421052631579,0.0,-0.7789473684210528,0.0592348877759092,13.784048752090222,0.0,0.9128709291752768,0.0,0.2886751345948129,3.384456448906598,0.5011380278093718,4.187372793183204,0.5011380278093718,0.1196783884695422,4.187372793183204,0.2637799665051446,0.0710201355188992,3.7141574650325753,0.816496580927726
500,32,shuffle_b,190,0.38,240,0.006,0.3828743890415413,63.81238753819229,0.0086666666666666,0.7789473684210528,89.87853213952167,0.6631578947368421,0.3368421052631579,0.0,-0.7789473684210528,0.0592348877759092,13.784048752090222,0.408248290463863,0.115010926557059,3.5496478698597698,0.2886751345948129,3.384456448906598,0.5011380278093718,4.187372793183204,0.5011380278093718,0.1196783884695422,4.187372793183204,0.2637799665051446,0.0710201355188992,3.7141574650325753,0.816496580927726
500,32,shuffle_l,188,0.376,240,0.006,0.3869475208398555,64.4912427247688,0.0046666666666666,0.7765957446808512,166.41333820018144,0.6702127659574468,0.3297872340425531,0.0,-0.7765957446808512,0.0595491334175413,13.711309200802088,0.0,0.9128709291752768,0.0,0.2886751345948129,3.384456448906598,0.5001734003866937,4.113492568896837,0.5001734003866937,0.12159336427848,4.113492568896837,0.2635708521153365,0.0713969028074499,3.691628652662424,0.816496580927726
500,32,shuffle_e,214,0.428,240,0.006,0.0991271188579272,16.521183722790582,0.0086666666666666,0.6915887850467289,79.79869675938832,0.5420560747663551,0.4579439252336448,0.1121495327102803,-0.6915887850467289,0.0558145572185947,12.250500657325816,0.1321573484082213,0.1230914909793327,1.0736513739232454,0.0985426908016221,1.108530615450854,0.1028876426003685,1.0638258398063585,0.1028876426003685,0.0967147429123328,1.0638258398063585,0.0732666967376432,0.0669193032421695,1.0948514582183189,0.6837562698947444
500,33,qcd,191,0.382,240,0.0084852813742385,0.3839877811164168,45.25338865353602,0.008,0.7783595113438047,97.2949267561097,0.6649214659685864,0.3350785340314136,0.0,-0.7783595113438047,0.0590796191267391,13.820274961085254,0.0,0.9128709291752768,0.0,0.2889792386164342,3.401439755796374,0.5001627339343333,4.179223503344741,0.5001627339343333,0.1196783884695422,4.179223503344741,0.2637079969581791,0.0708339749483311,3.722902705241902,0.816496580927726
500,33,shuffle_b,191,0.382,240,0.0084852813742385,0.3839877811164168,45.25338865353602,0.008,0.7783595113438047,97.2949267561097,0.6649214659685864,0.3350785340314136,0.0,-0.7783595113438047,0.0590796191267391,13.820274961085254,0.4084475818062011,0.1141088661469096,3.5794552658190883,0.2889792386164342,3.4014397557963743,0.5001627339343333,4.179223503344741,0.5001627339343333,0.1196783884695422,4.179223503344741,0.2637079969581791,0.0708339749483311,3.722902705241902,0.816496580927726
500,33,shuffle_l,188,0.376,240,0.0084852813742385,0.3901152457087001,45.97551719587968,0.0019999999999999,0.7748226950354611,387.4111538121538,0.675531914893617,0.324468085106383,0.0,-0.7748226950354611,0.0595491334175413,13.711309200802088,0.0,0.9128709291752768,0.0,0.2889792386164342,3.401439755796374,0.5001791312193609,4.080231138071643,0.5001791312193609,0.1225859796402981,4.080231138071643,0.2637854572686395,0.0713969028074499,3.694634457464374,0.816496580927726
500,33,shuffle_e,220,0.44,240,0.0084852813742385,0.124813911070418,14.709458750524874,0.008,0.6757575757575759,84.46968641098616,0.5727272727272728,0.4272727272727272,0.1318181818181818,-0.6757575757575759,0.055048188256318,12.019491745418431,0.1307032261779843,0.1443375672974064,0.9055385138137416,0.1267358684338992,1.485864128307904,0.0495185817154927,0.5014485786026239,0.0495185817154927,0.0987510660683994,0.5014485786026239,0.0812268191132133,0.0660004591352257,1.2307008190168938,0.6616512443470545
500,34,qcd,190,0.38,240,0.0074833147735478,0.3891179029320952,51.99806004546193,0.0053333333333333,0.7754385964912281,145.39470958059744,0.6736842105263158,0.3263157894736842,0.0,0.7754385964912281,0.0592348877759092,13.784048752090222,0.0263007941103179,0.0806871530459878,0.3259601202601325,0.2898707731113412,3.425340062746259,0.5006932412341425,4.117767809166185,0.5006932412341425,0.12159336427848,4.117767809166185,0.264304519521904,0.0710201355188992,3.7215434410368,0.816496580927726
500,34,shuffle_b,190,0.38,240,0.0074833147735478,0.3891179029320952,51.99806004546193,0.0053333333333333,0.7754385964912281,145.39470958059744,0.6736842105263158,0.3263157894736842,0.0,0.7754385964912281,0.0592348877759092,13.784048752090222,0.0263007941103179,0.0806871530459878,0.3259601202601325,0.2898707731113412,3.425340062746259,0.5006932412341425,4.117767809166185,0.5006932412341425,0.12159336427848,4.117767809166185,0.264304519521904,0.0710201355188992,3.7215434410368,0.816496580927726
500,34,shuffle_l,188,0.376,240,0.0074833147735478,0.3932574550909473,52.5512308970094,0.0006666666666666,0.7730496453900709,1159.5727287260113,0.6808510638297872,0.3191489361702128,0.0,0.7730496453900709,0.0595491334175413,13.711309200802088,0.0263007941103179,0.0806871530459878,0.3259601202601325,0.2898707731113412,3.425340062746259,0.5,4.0451991747794525,0.5,0.123603308118261,4.0451991747794525,0.2643212078522585,0.0713969028074499,3.70213829254058,0.816496580927726
500,34,shuffle_e,222,0.444,240,0.0074833147735478,0.0955549704306145,12.769068327756983,0.0053333333333333,0.6636636636636638,124.43691360501572,0.5855855855855856,0.4144144144144144,0.1441441441441441,0.6636636636636638,0.0547996624351191,11.82530497863957,0.0859006009486242,0.1002006020070253,0.8572862760106126,0.1042489812833647,1.2414744223135414,0.0693156756148876,0.6944158975248033,0.0693156756148876,0.0998186761880863,0.6944158975248033,0.075978053123572,0.06570248714331,1.15639538816619,0.6480227210217817
500,35,qcd,188,0.376,240,0.002,0.3839010760801304,191.95044206484417,0.0026666666666666,0.7783687943262411,291.88818841427,0.6648936170212766,0.3351063829787234,0.0,0.7783687943262411,0.0595491334175413,13.711309200802088,0.0175878746110305,0.0816496580927726,0.2154065922853799,0.2892104193604834,3.377250091689714,0.500503651600875,4.149271046394802,0.500503651600875,0.1206244774092909,4.149271046394802,0.2638926943991355,0.0713969028074499,3.696136443212765,0.816496580927726
500,35,shuffle_b,188,0.376,240,0.002,0.3839010760801304,191.95044206484417,0.0026666666666666,0.7783687943262411,291.88818841427,0.6648936170212766,0.3351063829787234,0.0,0.7783687943262411,0.0595491334175413,13.711309200802088,0.0175878746110305,0.0816496580927726,0.2154065922853799,0.2892104193604834,3.377250091689714,0.500503651600875,4.149271046394802,0.500503651600875,0.1206244774092909,4.149271046394802,0.2638926943991355,0.0713969028074499,3.696136443212765,0.816496580927726
500,35,shuffle_l,191,0.382,240,0.002,0.3808698110884442,190.43481032681697,0.0073333333333333,0.7801047120418848,106.37790077236151,0.6596858638743456,0.3403141361256545,0.0,-0.7801047120418848,0.0590796191267391,13.820274961085254,0.0,0.9128709291752768,0.0,0.2888932495746237,3.387013650970641,0.501103319175948,4.219667570507707,0.501103319175948,0.1187542171990708,4.219667570507707,0.2639158081223098,0.0708339749483311,3.7258364833375457,0.816496580927726
500,35,shuffle_e,224,0.448,240,0.002,0.1061148600357563,53.05740348917644,0.0026666666666666,0.6532738095238094,244.9775867048336,0.5848214285714286,0.4151785714285714,0.1607142857142857,0.6532738095238094,0.054554472558998,11.548036320394168,0.1544457619443772,0.1209127083516686,1.2773327473170102,0.1049213431044233,1.254277898432197,0.0888317830207435,0.8947550001335167,0.0888317830207435,0.0992805661968784,0.8947550001335167,0.0795261262850439,0.0654085148090354,1.2158375177486576,0.6299970305512569
500,36,qcd,190,0.38,240,0.0048989794855663,0.3862239959780491,78.83762695441699,0.0026666666666666,0.7771929824561404,291.4472591283302,0.6684210526315789,0.331578947368421,0.0,-0.7771929824561404,0.0592348877759092,13.784048752090222,0.0,0.9128709291752768,0.0,0.2904771971899644,3.419071527092252,0.500503651600875,4.149271046394802,0.500503651600875,0.1206244774092909,4.149271046394802,0.2645140494639259,0.0710201355188992,3.724493730282111,0.816496580927726
500,36,shuffle_b,190,0.38,240,0.0048989794855663,0.3862239959780491,78.837626954417,0.0026666666666666,0.7771929824561404,291.4472591283302,0.6684210526315789,0.331578947368421,0.0,-0.7771929824561404,0.0592348877759092,13.784048752090222,0.4114253678777396,0.1141088661469096,3.605551275463989,0.2904771971899645,3.419071527092252,0.500503651600875,4.149271046394802,0.500503651600875,0.1206244774092909,4.149271046394802,0.2645140494639259,0.0710201355188992,3.724493730282111,0.816496580927726
500,36,shuffle_l,188,0.376,240,0.0048989794855663,0.3903327618927092,79.67632511350655,0.0006666666666666,0.7748226950354611,1162.2322992047343,0.675531914893617,0.324468085106383,0.0,-0.7748226950354611,0.0595491334175413,13.711309200802088,0.0,0.9128709291752768,0.0,0.2904771971899644,3.419071527092252,0.5001791312193609,4.080231138071643,0.5001791312193609,0.1225859796402981,4.080231138071643,0.2645352042774221,0.0713969028074499,3.7051355713684977,0.816496580927726
500,36,shuffle_e,222,0.444,240,0.0048989794855663,0.0837886271970192,17.103278415556435,0.0026666666666666,0.6651651651651652,249.43684339812057,0.5855855855855856,0.4144144144144144,0.1441441441441441,-0.6651651651651652,0.0547996624351191,11.82530497863957,0.0878410461157883,0.1075828707279838,0.8164965809277261,0.0889340779283314,1.0590931600564333,0.0900710354685221,0.902346523798844,0.0900710354685221,0.0998186761880863,0.902346523798844,0.0729813141712596,0.06570248714331,1.1107846497815697,0.6480227210217817
500,37,qcd,189,0.378,240,0.0044721359549995,0.3879789952977494,86.75472133383846,0.0039999999999999,0.7760141093474427,194.00347883599116,0.671957671957672,0.328042328042328,0.0,0.7760141093474427,0.0593913870916498,13.74772708486752,0.0071879600722462,0.0810041961260418,0.0887356509416112,0.2887646101989188,3.398913464857427,0.5001734003866937,4.113492568896837,0.5001734003866937,0.12159336427848,4.113492568896837,0.2636293495011952,0.0712077716068506,3.702255295345212,0.816496580927726
500,37,shuffle_b,189,0.378,240,0.0044721359549995,0.3879789952977494,86.75472133383846,0.0039999999999999,0.7760141093474427,194.00347883599116,0.671957671957672,0.328042328042328,0.0,0.7760141093474427,0.0593913870916498,13.74772708486752,0.0071879600722462,0.0810041961260418,0.0887356509416112,0.2887646101989188,3.398913464857427,0.5001734003866937,4.113492568896837,0.5001734003866937,0.12159336427848,4.113492568896837,0.2636293495011952,0.0712077716068506,3.702255295345212,0.816496580927726
500,37,shuffle_l,188,0.376,240,0.0044721359549995,0.3900427133578438,87.2161826175291,8.881784197001254e-19,0.7748226950354611,774822694.3472803,0.675531914893617,0.324468085106383,0.0,0.7748226950354611,0.0595491334175413,13.711309200802088,0.0071879600722462,0.0810041961260418,0.0887356509416112,0.2887646101989188,3.398913464857427,0.5001791312193609,4.080231138071643,0.5001791312193609,0.1225859796402981,4.080231138071643,0.2636781765251248,0.0713969028074499,3.693131860862894,0.816496580927726
500,37,shuffle_e,220,0.44,240,0.0044721359549995,0.0868407871570127,19.41818598822873,0.0039999999999999,0.6666666666666667,166.66662500001078,0.55,0.45,0.1409090909090909,0.6666666666666667,0.055048188256318,11.836576593531827,0.053283695346715,0.1040312973220598,0.5121890884601726,0.0923686982330522,1.0612355471578705,0.0591146460137354,0.614337422203433,0.0591146460137354,0.0962250448649376,0.614337422203433,0.0608706346260626,0.0660004591352257,0.9222759269196468,0.6515820966310676
500,38,qcd,190,0.38,240,0.0063245553203367,0.3862957115103686,61.07870527901312,0.0026666666666666,0.7771929824561404,291.4472591283302,0.6684210526315789,0.331578947368421,0.0,-0.7771929824561404,0.0592348877759092,13.784048752090222,0.0,0.9128709291752768,0.0,0.2898361629323298,3.411526212006,0.500503651600875,4.149271046394802,0.500503651600875,0.1206244774092909,4.149271046394802,0.2641996922361089,0.0710201355188992,3.720067418989965,0.816496580927726
500,38,shuffle_b,190,0.38,240,0.0063245553203367,0.3862957115103686,61.07870527901312,0.0026666666666666,0.7771929824561404,291.4472591283302,0.6684210526315789,0.331578947368421,0.0,-0.7771929824561404,0.0592348877759092,13.784048752090222,0.4084606432951092,0.115934723940042,3.523195030906812,0.2898361629323298,3.4115262120060006,0.500503651600875,4.149271046394802,0.500503651600875,0.1206244774092909,4.149271046394802,0.2641996922361089,0.0710201355188992,3.720067418989965,0.816496580927726
500,38,shuffle_l,188,0.376,240,0.0063245553203367,0.3904052403562236,61.72847873942816,0.0026666666666666,0.7748226950354611,290.55840167889755,0.675531914893617,0.324468085106383,0.0,-0.7748226950354611,0.0595491334175413,13.711309200802088,0.0,0.9128709291752768,0.0,0.2898361629323298,3.411526212006,0.5001791312193609,4.080231138071643,0.5001791312193609,0.1225859796402981,4.080231138071643,0.2642141446434435,0.0713969028074499,3.700638742775744,0.816496580927726
500,38,shuffle_e,219,0.438,240,0.0063245553203367,0.0772216188369304,12.209808075962972,0.0026666666666666,0.6742770167427701,252.85378645836823,0.6027397260273972,0.3972602739726027,0.1324200913242009,-0.6742770167427701,0.0551737259068245,11.980006174673097,0.0780203066472467,0.1061190899945022,0.7352146220938078,0.0757575757575757,0.9090909090909092,0.0729228594278708,0.7104239539580339,0.0729228594278708,0.1026469603419066,0.7104239539580339,0.0684360492571774,0.0661509734906411,1.0345433429919144,0.6609815770434787
500,39,qcd,146,0.292,240,0.0056568542494923,0.4068285590388356,71.91779550578786,5.329070518200752e-18,0.8082191780821918,808219173.7751347,0.5753424657534246,0.4246575342465753,0.0,0.8082191780821918,0.0675737378399485,12.083045973594572,0.2896553585856295,0.0996023841111994,2.9081167199998794,0.4089420008885159,3.9146743574242966,0.5001734003866937,4.113492568896837,0.5001734003866937,0.12159336427848,4.113492568896837,0.3184624623109758,0.0810180655202237,3.930758655691194,0.816496580927726
500,39,shuffle_b,146,0.292,240,0.0056568542494923,0.4068285590388356,71.91779550578786,5.329070518200752e-18,0.8082191780821918,808219173.7751347,0.5753424657534246,0.4246575342465753,0.0,0.8082191780821918,0.0675737378399485,12.083045973594572,0.2896553585856295,0.0996023841111994,2.9081167199998794,0.4089420008885159,3.9146743574242966,0.5001734003866937,4.113492568896837,0.5001734003866937,0.12159336427848,4.113492568896837,0.3184624623109758,0.0810180655202237,3.930758655691194,0.816496580927726
500,39,shuffle_l,188,0.376,240,0.0056568542494923,0.3809045487227266,67.33503544339538,0.004,0.7801418439716313,195.03541223405455,0.6595744680851063,0.3404255319148936,0.0,0.7801418439716313,0.0595491334175413,13.711309200802088,0.0186242022319234,0.0819782294729941,0.2271847336988261,0.2892752914476259,3.364468471221218,0.5006506183624132,4.183300132670378,0.5006506183624132,0.1196783884695422,4.183300132670378,0.2639998879697601,0.0713969028074499,3.697637818852457,0.816496580927726
500,39,shuffle_e,190,0.38,240,0.0056568542494923,0.2035692590085654,35.9862945099811,3.552713678800501e-18,0.6701754385964913,670175436.2155498,0.4526315789473684,0.5473684210526316,0.1421052631578947,-0.6701754385964913,0.0592348877759092,10.977728650125648,0.3046449605560963,0.1304101327393252,2.336052836975837,0.2382065978730148,2.307264014031332,0.0457783873624541,0.4876086932800089,0.0457783873624541,0.0938834520248513,0.4876086932800089,0.1123697563501745,0.0710201355188992,1.5822239077574247,0.6502645246245764
500,40,qcd,189,0.378,240,0.0118321595661992,0.3824558808148402,32.323418759832975,0.0053333333333333,0.779541446208113,146.16399375827243,0.6613756613756614,0.3386243386243386,0.0,0.779541446208113,0.0593913870916498,13.74772708486752,0.0237767393335026,0.0816496580927726,0.2912043955712206,0.289652665561128,3.382414414693633,0.5011380278093718,4.187372793183204,0.5011380278093718,0.1196783884695422,4.187372793183204,0.2642657199908771,0.0712077716068506,3.7111921076526575,0.816496580927726
500,40,shuffle_b,189,0.378,240,0.0118321595661992,0.3824558808148402,32.323418759832975,0.0053333333333333,0.779541446208113,146.16399375827243,0.6613756613756614,0.3386243386243386,0.0,0.779541446208113,0.0593913870916498,13.74772708486752,0.0237767393335026,0.0816496580927726,0.2912043955712206,0.289652665561128,3.382414414693633,0.5011380278093718,4.187372793183204,0.5011380278093718,0.1196783884695422,4.187372793183204,0.2642657199908771,0.0712077716068506,3.7111921076526575,0.816496580927726
500,40,shuffle_l,189,0.378,240,0.0118321595661992,0.3824558808148402,32.323418759832975,0.0033333333333333,0.7795414462081129,233.8623637037248,0.6613756613756614,0.3386243386243386,0.0,0.7795414462081129,0.0593913870916498,13.74772708486752,0.0237767393335026,0.0816496580927726,0.2912043955712206,0.289652665561128,3.382414414693633,0.5011380278093718,4.187372793183204,0.5011380278093718,0.1196783884695422,4.187372793183204,0.2642657199908771,0.0712077716068506,3.7111921076526575,0.816496580927726
500,40,shuffle_e,221,0.442,240,0.0118321595661992,0.1506862063832281,12.73530776903851,0.0053333333333333,0.6666666666666667,124.9999765625044,0.5927601809954751,0.4072398190045249,0.1447963800904977,0.6666666666666667,0.0549235036381089,11.785603611554556,0.1684226945571164,0.1061190899945022,1.5871102415770997,0.1315364124028531,1.5724466541737014,0.069388866648871,0.6875516509523285,0.069388866648871,0.1009216784699164,0.6875516509523285,0.091169265665647,0.0658509675296059,1.384478756893864,0.6473066428365268
1000,1,qcd,377,0.377,240,0.0022360679774997,0.3859393657584468,172.59725421796975,0.004,0.7771883289124668,194.2970336538582,0.6684350132625995,0.3315649867374005,0.0,-0.7771883289124668,0.042051713353118,19.4164878389476,0.0,0.9128709291752768,0.0,0.2887296787870039,4.7872485748860925,0.5000426648463776,5.839240299279289,0.5000426648463776,0.0856348838577675,5.839240299279289,0.2635617010633111,0.0504182331270484,5.227507683562899,0.816496580927726
1000,1,shuffle_b,377,0.377,240,0.0022360679774997,0.3859393657584468,172.59725421796975,0.004,0.7771883289124668,194.2970336538582,0.6684350132625995,0.3315649867374005,0.0,-0.7771883289124668,0.042051713353118,19.4164878389476,0.4083005429011004,0.0816496580927726,5.000639959045242,0.2887296787870039,4.7872485748860925,0.5000426648463776,5.839240299279289,0.5000426648463776,0.0856348838577675,5.839240299279289,0.2635617010633111,0.0504182331270484,5.227507683562899,0.816496580927726
1000,1,shuffle_l,378,0.378,240,0.0022360679774997,0.3849183621453292,172.1406477253296,0.003,0.7777777777777778,259.2591728395348,0.6666666666666666,0.3333333333333333,0.0,-0.7777777777777778,0.0419960525565808,19.44222209522358,0.0,0.9128709291752768,0.0,0.2887296787870039,4.7872485748860925,0.5001259604504175,5.863527298559493,0.5001259604504175,0.0852943859531931,5.863527298559493,0.2635762492741595,0.0503514981763869,5.234725059238996,0.816496580927726
1000,1,shuffle_e,442,0.442,240,0.0022360679774997,0.0913141903647536,40.83692913035921,0.0039999999999999,0.6628959276018099,165.7239404694674,0.581447963800905,0.418552036199095,0.1470588235294117,-0.6628959276018099,0.0388367818690308,16.60350777963004,0.1432277860336738,0.0826474506134107,1.7329970249612636,0.0914948642760901,1.5319957459758196,0.0632494029494346,0.8985382614953062,0.0632494029494346,0.0703914409211443,0.8985382614953062,0.0680929076802908,0.0465636656878795,1.4623614072123057,0.6448268098982489
1000,2,qcd,375,0.375,240,0.001,0.3849063378133554,384.90595290740254,0.0003333333333333,0.777777777777778,2333.3263333543173,0.6666666666666666,0.3333333333333333,0.0,0.777777777777778,0.0421637021355783,19.364916731037084,0.0073029674334022,0.0577350269189625,0.1264911064067349,0.2887674958624441,4.768838242362408,0.5000426648463776,5.839240299279289,0.5000426648463776,0.0856348838577675,5.839240299279289,0.2635771023607492,0.0505525029603436,5.21392783592762,0.816496580927726
1000,2,shuffle_b,375,0.375,240,0.001,0.3849063378133554,384.90595290740254,0.0003333333333333,0.777777777777778,2333.3263333543173,0.6666666666666666,0.3333333333333333,0.0,0.777777777777778,0.0421637021355783,19.364916731037084,0.0073029674334022,0.0577350269189625,0.1264911064067349,0.2887674958624441,4.768838242362408,0.5000426648463776,5.839240299279289,0.5000426648463776,0.0856348838577675,5.839240299279289,0.2635771023607492,0.0505525029603436,5.21392783592762,0.816496580927726
1000,2,shuffle_l,377,0.377,240,0.001,0.3828643943766798,382.8640115126683,0.0013333333333333,0.7789566755083995,584.2170684684988,0.6631299734748011,0.3368700265251989,0.0,0.7789566755083995,0.042051713353118,19.4164878389476,0.0073029674334022,0.0577350269189625,0.1264911064067349,0.2887674958624441,4.768838242362408,0.5000413317076902,5.885753154293111,0.5000413317076902,0.0849579176359029,5.885753154293111,0.2635883950233038,0.0504182331270484,5.22803713408778,0.816496580927726
1000,2,shuffle_e,433,0.433,240,0.001,0.0921764528566979,92.17636068033728,0.0003333333333333,0.6735950731331795,2020.7791570620527,0.5889145496535797,0.4110854503464203,0.1339491916859122,0.6735950731331795,0.0392383215931475,16.80199867138873,0.143150954342598,0.0840365806816017,1.7034362081552208,0.0861183970823441,1.4363500980882324,0.0519979152693438,0.7245864587897646,0.0519979152693438,0.071762195716703,0.7245864587897646,0.0659295036445158,0.0470450949045747,1.4014107906094306,0.6592822272755885
1000,3,qcd,377,0.377,240,0.0033166247903554,0.387476779541852,116.82860956717434,0.0019999999999999,0.7763041556145005,388.15188373130906,0.6710875331564987,0.3289124668435013,0.0,0.7763041556145005,0.042051713353118,19.4164878389476,0.0066531653085388,0.0573917035958484,0.1159255587774565,0.2887517929675175,4.7971050678487215,0.5000433557338773,5.815844471856267,0.5000433557338773,0.0859794924285993,5.815844471856267,0.2635883950233038,0.0504182331270484,5.22803713408778,0.816496580927726
1000,3,shuffle_b,377,0.377,240,0.0033166247903554,0.387476779541852,116.82860956717433,0.0019999999999999,0.7763041556145005,388.15188373130906,0.6710875331564987,0.3289124668435013,0.0,0.7763041556145005,0.042051713353118,19.4164878389476,0.0066531653085388,0.0573917035958484,0.1159255587774565,0.2887517929675175,4.7971050678487215,0.5000433557338773,5.815844471856267,0.5000433557338773,0.0859794924285993,5.815844471856267,0.2635883950233038,0.0504182331270484,5.22803713408778,0.816496580927726
1000,3,shuffle_l,378,0.378,240,0.0033166247903554,0.3864517086965032,116.519539171494,0.0039999999999999,0.7768959435626102,194.22393733466825,0.6693121693121693,0.3306878306878307,0.0,0.7768959435626102,0.0419960525565808,19.44222209522358,0.0066531653085388,0.0573917035958484,0.1159255587774565,0.2887517929675175,4.7971050678487215,0.5000426648463776,5.839240299279289,0.5000426648463776,0.0856348838577675,5.839240299279289,0.2635762492741595,0.0503514981763869,5.234725059238996,0.816496580927726
1000,3,shuffle_e,453,0.453,240,0.0033166247903554,0.0652988938531966,19.6883513488567,0.0019999999999999,0.6460632818248714,323.03147939669657,0.5761589403973509,0.423841059602649,0.1677704194260485,0.6460632818248714,0.038362355843229,16.225031760497085,0.0782192087867567,0.0779918268847912,1.0029154580812851,0.0641404944167939,1.0822979539036528,0.05049666518142,0.7308152359460692,0.05049666518142,0.0690963497990708,0.7308152359460692,0.0528246891839199,0.0459948488653744,1.1484914177788952,0.6224304419638825
1000,4,qcd,374,0.374,240,0.001,0.3828481143459376,382.8477314982061,0.0013333333333333,0.7789661319073085,584.224160762361,0.6631016042780749,0.3368983957219251,0.0,0.7789661319073085,0.0422200330920749,19.33907960581372,0.0046560505579808,0.057967361970021,0.0803219328902498,0.2887126809479137,4.748822975021689,0.5,5.862050525510367,0.5,0.0852943859531931,5.862050525510367,0.2635532802522815,0.0506200414045697,5.206500685092073,0.816496580927726
1000,4,shuffle_b,374,0.374,240,0.001,0.3828481143459376,382.8477314982061,0.0013333333333333,0.7789661319073085,584.224160762361,0.6631016042780749,0.3368983957219251,0.0,0.7789661319073085,0.0422200330920749,19.33907960581372,0.0046560505579808,0.057967361970021,0.0803219328902498,0.2887126809479137,4.748822975021689,0.5,5.862050525510367,0.5,0.0852943859531931,5.862050525510367,0.2635532802522815,0.0506200414045697,5.206500685092073,0.816496580927726
1000,4,shuffle_l,375,0.375,240,0.001,0.3833605787419115,383.36019538171615,0.0006666666666666,0.7786666666666666,1167.9982480026258,0.664,0.336,0.0,-0.7786666666666666,0.0421637021355783,19.364916731037084,0.0,0.9128709291752768,0.0,0.2887170353330544,4.758459349188048,0.5,5.862050525510367,0.5,0.0852943859531931,5.862050525510367,0.263550121735253,0.0505525029603436,5.2133941209992525,0.816496580927726
1000,4,shuffle_e,442,0.442,240,0.001,0.1027109453648521,102.71084265400954,0.0013333333333333,0.6591251885369533,494.3435206450737,0.581447963800905,0.418552036199095,0.1538461538461538,0.6591251885369533,0.0388367818690308,16.412940485623388,0.1810835207759078,0.0862581949177942,2.0993196176720827,0.0991200108695516,1.6596716787841896,0.0492208590257576,0.6992449420220993,0.0492208590257576,0.0703914409211443,0.6992449420220993,0.0696536243820563,0.0465636656878795,1.4958793160519377,0.6374257894695411
1000,5,qcd,376,0.376,240,0.0017320508075688,0.3854181323101509,222.52113396719184,0.0016666666666666,0.7774822695035462,466.48908180867926,0.6675531914893617,0.3324468085106383,0.0,-0.7774822695035462,0.0421075960533259,19.39071942966532,0.0,0.9128709291752768,0.0,0.2888079841214594,4.779036377738349,0.5000426648463776,5.839240299279289,0.5000426648463776,0.0856348838577675,5.839240299279289,0.2635976873144132,0.0504852341308647,5.221282853341465,0.816496580927726
1000,5,shuffle_b,376,0.376,240,0.0017320508075688,0.3854181323101509,222.52113396719184,0.0016666666666666,0.7774822695035462,466.48908180867926,0.6675531914893617,0.3324468085106383,0.0,-0.7774822695035462,0.0421075960533259,19.39071942966532,0.4084025501672574,0.0813250060790444,5.021856989107478,0.2888079841214594,4.779036377738349,0.5000426648463776,5.839240299279289,0.5000426648463776,0.0856348838577675,5.839240299279289,0.2635976873144132,0.0504852341308647,5.2212828533414655,0.816496580927726
1000,5,shuffle_l,375,0.375,240,0.0017320508075688,0.3849432858660264,222.2469814031349,0.0003333333333333,0.7777777777777777,2333.3263333543164,0.6666666666666666,0.3333333333333333,0.0,0.7777777777777777,0.0421637021355783,19.364916731037084,0.0073029674334022,0.0577350269189625,0.1264911064067349,0.2887674958624441,4.768838242362408,0.5000426648463776,5.839240299279289,0.5000426648463776,0.0856348838577675,5.839240299279289,0.2635771023607492,0.0505525029603436,5.21392783592762,0.816496580927726
1000,5,shuffle_e,439,0.439,240,0.0017320508075688,0.0959157324438601,55.376941974090414,0.0016666666666666,0.665907365223994,399.544179407888,0.5671981776765376,0.4328018223234624,0.143507972665148,-0.665907365223994,0.038969255642692,16.647011949107053,0.1298052440630323,0.0851256530758748,1.524866351948376,0.0945482519437233,1.558287036620485,0.0736215272223062,1.0599268729853746,0.0736215272223062,0.0694590627888742,1.0599268729853746,0.0681454537896725,0.0467224961628135,1.458514835170761,0.6487216643317012
1000,6,qcd,379,0.379,240,0.0037416573867739,0.3854320471959847,103.0110200755939,0.0069999999999999,0.7774846086191733,111.0692139357085,0.6675461741424802,0.3324538258575198,0.0,-0.7774846086191733,0.0419406121990021,19.467922333931785,0.0,0.9128709291752768,0.0,0.28896813036441,4.800699134615658,0.5001259604504175,5.863527298559493,0.5001259604504175,0.0852943859531931,5.863527298559493,0.2636933338536373,0.0502850275227521,5.243973143582863,0.816496580927726
1000,6,shuffle_b,379,0.379,240,0.0037416573867739,0.3854320471959847,103.01102007559388,0.0069999999999999,0.7774846086191733,111.0692139357085,0.6675461741424802,0.3324538258575198,0.0,-0.7774846086191733,0.0419406121990021,19.467922333931785,0.4086896400959529,0.0803738036950686,5.084861252137404,0.28896813036441,4.80069913461566,0.5001259604504175,5.863527298559493,0.5001259604504175,0.0852943859531931,5.863527298559493,0.2636933338536373,0.0502850275227521,5.243973143582863,0.816496580927726
1000,6,shuffle_l,380,0.38,240,0.0037416573867739,0.3844177523349427,102.73993844381604,0.0069999999999999,0.7780701754385964,111.15286632653287,0.6657894736842105,0.3342105263157894,0.0,-0.7780701754385964,0.0418853908291695,19.493588689617926,0.0,0.9128709291752768,0.0,0.28896813036441,4.800699134615658,0.5000413317076902,5.885753154293111,0.5000413317076902,0.0849579176359029,5.885753154293111,0.2636749306767811,0.0502188194262012,5.250520296763711,0.816496580927726
1000,6,shuffle_e,443,0.443,240,0.0037416573867739,0.102975121697129,27.521251555493883,0.007,0.6651617757712567,95.023097249737,0.5665914221218962,0.4334085778781038,0.1444695259593679,-0.6651617757712567,0.0387929232645605,16.695452943367503,0.051127542473926,0.0984374038697697,0.5193914148890653,0.0995949532979046,1.6480427516493723,0.0410104576771448,0.5935256753272997,0.0410104576771448,0.0690963497990708,0.5935256753272997,0.065109905031125,0.0465110810684077,1.3998794165924138,0.647665424899137
1000,7,qcd,375,0.375,240,0.0,0.3833791276994035,383379127.6994035,1.7763568394002505e-18,0.7786666666666666,778666665.2834766,0.664,0.336,0.0,-0.7786666666666666,0.0421637021355783,19.364916731037084,0.0,0.9128709291752768,0.0,0.2887170353330544,4.758459349188048,0.5001259604504175,5.863527298559493,0.5001259604504175,0.0852943859531931,5.863527298559493,0.2635771023607492,0.0505525029603436,5.21392783592762,0.816496580927726
1000,7,shuffle_b,375,0.375,240,0.0,0.3833791276994035,383379127.6994035,1.7763568394002505e-18,0.7786666666666666,778666665.2834766,0.664,0.336,0.0,-0.7786666666666666,0.0421637021355783,19.364916731037084,0.4083005429011004,0.0816496580927726,5.000639959045242,0.2887170353330544,4.758459349188048,0.5001259604504175,5.863527298559493,0.5001259604504175,0.0852943859531931,5.863527298559493,0.2635771023607492,0.0505525029603436,5.21392783592762,0.816496580927726
1000,7,shuffle_l,376,0.376,240,0.0,0.3823595023597774,382359502.3597775,0.0009999999999999,0.7792553191489362,779.2545398943984,0.6622340425531915,0.3377659574468085,0.0,-0.7792553191489362,0.0421075960533259,19.39071942966532,0.0,0.9128709291752768,0.0,0.2887170353330544,4.758459349188048,0.5000413317076902,5.885753154293111,0.5000413317076902,0.0849579176359029,5.885753154293111,0.2635708521153365,0.0504852341308647,5.220751307840316,0.816496580927726
1000,7,shuffle_e,435,0.435,240,0.0,0.1179827808768399,117982780.8768399,0.0,0.671264367816092,671264367.816092,0.5609195402298851,0.4390804597701149,0.1379310344827586,0.671264367816092,0.0391480146343135,16.728047889903248,0.0337205936219812,0.0708525251581419,0.4759264902234223,0.1153866252119053,1.8825419603527629,0.0520716535701071,0.7516442392191012,0.0520716535701071,0.0692769941591057,0.7516442392191012,0.0730088667409893,0.0469368206645871,1.555471071692612,0.6548698635974306
1000,8,qcd,376,0.376,240,0.0033166247903554,0.386965800241847,116.67454355783109,0.0009999999999999,0.776595744680851,776.5949680858851,0.6702127659574468,0.3297872340425531,0.0,-0.776595744680851,0.0421075960533259,19.39071942966532,0.0,0.9128709291752768,0.0,0.2887842126771468,4.788152767655489,0.5000433557338773,5.815844471856267,0.5000433557338773,0.0859794924285993,5.815844471856267,0.2635976873144132,0.0504852341308647,5.221282853341465,0.816496580927726
1000,8,shuffle_b,376,0.376,240,0.0033166247903554,0.386965800241847,116.67454355783109,0.0009999999999999,0.776595744680851,776.5949680858851,0.6702127659574468,0.3297872340425531,0.0,-0.776595744680851,0.0421075960533259,19.39071942966532,0.4083005429011004,0.0816496580927726,5.000639959045242,0.2887842126771469,4.78815276765549,0.5000433557338773,5.815844471856267,0.5000433557338773,0.0859794924285993,5.815844471856267,0.2635976873144132,0.0504852341308647,5.2212828533414655,0.816496580927726
1000,8,shuffle_l,378,0.378,240,0.0033166247903554,0.3849183621453292,116.05721793054096,0.003,0.7777777777777778,259.2591728395349,0.6666666666666666,0.3333333333333333,0.0,-0.7777777777777778,0.0419960525565808,19.44222209522358,0.0,0.9128709291752768,0.0,0.2887842126771468,4.788152767655489,0.5001259604504175,5.863527298559493,0.5001259604504175,0.0852943859531931,5.863527298559493,0.263602800724743,0.0503514981763869,5.2352523811965375,0.816496580927726
1000,8,shuffle_e,444,0.444,240,0.0033166247903554,0.1018755214225102,30.71661618225359,0.0009999999999999,0.6576576576576577,657.6570000006594,0.5765765765765766,0.4234234234234234,0.1531531531531531,-0.6576576576576577,0.0387492129146064,16.469463963445907,0.1529194354602991,0.0862581949177942,1.772810520855837,0.0950966647734907,1.5892036313255082,0.0489438785171711,0.7009250588361416,0.0489438785171711,0.069827548466366,0.7009250588361416,0.066431897314201,0.0464586741998564,1.4299137557912978,0.6381787657090032
1000,9,qcd,374,0.374,240,0.0017320508075688,0.3813044222491011,220.14608372731252,0.0003333333333333,0.7798573975044564,2339.565173817793,0.660427807486631,0.339572192513369,0.0,0.7798573975044564,0.0422200330920749,19.33907960581372,0.0036958337213573,0.0580845862797769,0.0636284762975775,0.2886987920311224,4.739011076642655,0.5001653063378153,5.88721240180735,0.5001653063378153,0.0849579176359029,5.88721240180735,0.2636075269958454,0.0506200414045697,5.207572330670755,0.816496580927726
1000,9,shuffle_b,374,0.374,240,0.0017320508075688,0.3813044222491011,220.14608372731252,0.0003333333333333,0.7798573975044564,2339.565173817793,0.660427807486631,0.339572192513369,0.0,0.7798573975044564,0.0422200330920749,19.33907960581372,0.0036958337213573,0.0580845862797769,0.0636284762975775,0.2886987920311224,4.739011076642655,0.5001653063378153,5.88721240180735,0.5001653063378153,0.0849579176359029,5.88721240180735,0.2636075269958454,0.0506200414045697,5.207572330670755,0.816496580927726
1000,9,shuffle_l,374,0.374,240,0.0017320508075688,0.3828481143459376,221.03733426040327,0.0016666666666666,0.7789661319073085,467.3793987167461,0.6631016042780749,0.3368983957219251,0.0,-0.7789661319073085,0.0422200330920749,19.33907960581372,0.0,0.9128709291752768,0.0,0.2887126809479137,4.748822975021689,0.5001259604504175,5.863527298559493,0.5001259604504175,0.0852943859531931,5.863527298559493,0.2635804050196097,0.0506200414045697,5.20703653545046,0.816496580927726
1000,9,shuffle_e,443,0.443,240,0.0017320508075688,0.1038129326191144,59.93638998871928,0.0003333333333333,0.6583897667419113,1975.1633747356375,0.5756207674943566,0.4243792325056433,0.1557562076749435,0.6583897667419113,0.0387929232645605,16.378080931193168,0.150519504623282,0.0836827408755723,1.7986923354612538,0.0943012914228317,1.5728308209861128,0.0465742040303677,0.6669889614240319,0.0465742040303677,0.069827548466366,0.6669889614240319,0.0655000412734343,0.0465110810684077,1.408267444420353,0.6353536367845389
1000,10,qcd,376,0.376,240,0.0017320508075688,0.3823595023597774,220.755234161535,0.0033333333333333,0.7792553191489362,233.7765256117233,0.6622340425531915,0.3377659574468085,0.0,-0.7792553191489362,0.0421075960533259,19.39071942966532,0.0,0.9128709291752768,0.0,0.2887728935266282,4.759379970110652,0.5000413317076902,5.885753154293111,0.5000413317076902,0.0849579176359029,5.885753154293111,0.2635976873144132,0.0504852341308647,5.2212828533414655,0.816496580927726
1000,10,shuffle_b,376,0.376,240,0.0017320508075688,0.3823595023597774,220.755234161535,0.0033333333333333,0.7792553191489362,233.7765256117233,0.6622340425531915,0.3377659574468085,0.0,-0.7792553191489362,0.0421075960533259,19.39071942966532,0.408248290463863,0.0823107997207991,4.959838707054898,0.2887728935266282,4.759379970110653,0.5000413317076902,5.885753154293111,0.5000413317076902,0.0849579176359029,5.885753154293111,0.2635976873144132,0.0504852341308647,5.2212828533414655,0.816496580927726
1000,10,shuffle_l,376,0.376,240,0.0017320508075688,0.3823595023597774,220.755234161535,0.0023333333333333,0.7792553191489362,333.9664222210771,0.6622340425531915,0.3377659574468085,0.0,-0.7792553191489362,0.0421075960533259,19.39071942966532,0.0,0.9128709291752768,0.0,0.2887728935266282,4.759379970110652,0.5000413317076902,5.885753154293111,0.5000413317076902,0.0849579176359029,5.885753154293111,0.2635976873144132,0.0504852341308647,5.221282853341465,0.816496580927726
1000,10,shuffle_e,440,0.44,240,0.0017320508075688,0.0803208956685104,46.37326396214991,0.0033333333333333,0.6659090909090909,199.7726673409269,0.6022727272727273,0.3977272727272727,0.1454545454545454,-0.6659090909090909,0.0389249472080761,16.611058747932738,0.0837209131461362,0.0766064266294869,1.0928706223442457,0.0730670375625385,1.2423349896123408,0.0668636545465451,0.9238541516421808,0.0668636545465451,0.0723746864455745,0.9238541516421808,0.0662348272557405,0.0466693722159437,1.4192354452351654,0.6465845848335333
1000,11,qcd,378,0.378,240,0.0041231056256176,0.3849729050493385,93.36962150273467,0.005,0.7777777777777778,155.55552444445067,0.6666666666666666,0.3333333333333333,0.0,0.7777777777777778,0.0419960525565808,19.44222209522358,0.0137464349807053,0.0575054632785295,0.2390457218668787,0.2890022453338591,4.791767832547709,0.5001259604504175,5.863527298559493,0.5001259604504175,0.0852943859531931,5.863527298559493,0.2637089797938392,0.0503514981763869,5.23736113809438,0.816496580927726
1000,11,shuffle_b,378,0.378,240,0.0041231056256176,0.3849729050493385,93.36962150273467,0.005,0.7777777777777778,155.55552444445067,0.6666666666666666,0.3333333333333333,0.0,0.7777777777777778,0.0419960525565808,19.44222209522358,0.0137464349807053,0.0575054632785295,0.2390457218668787,0.2890022453338591,4.791767832547709,0.5001259604504175,5.863527298559493,0.5001259604504175,0.0852943859531931,5.863527298559493,0.2637089797938392,0.0503514981763869,5.23736113809438,0.816496580927726
1000,11,shuffle_l,376,0.376,240,0.0041231056256176,0.3870206332676861,93.86626842562156,0.002,0.776595744680851,388.2976781915864,0.6702127659574468,0.3297872340425531,0.0,0.776595744680851,0.0421075960533259,19.39071942966532,0.0137464349807053,0.0575054632785295,0.2390457218668787,0.2890022453338591,4.791767832547709,0.5000433557338773,5.815844471856267,0.5000433557338773,0.0859794924285993,5.815844471856267,0.2637050008026345,0.0504852341308647,5.223408494433732,0.816496580927726
1000,11,shuffle_e,446,0.446,240,0.0041231056256176,0.0901334136423398,21.86055851243901,0.005,0.6591928251121076,131.83853865471374,0.600896860986547,0.3991031390134529,0.1524663677130044,0.6591928251121076,0.0386622336513529,16.525832475656195,0.0694175078567737,0.0740436097198865,0.937521929568078,0.0853056129327475,1.4586103309977452,0.0629781712389522,0.8775953774822092,0.0629781712389522,0.071762195716703,0.8775953774822092,0.0703990649104868,0.04635438972671,1.518714092139624,0.6389255964569365
1000,12,qcd,376,0.376,240,0.003,0.3870023564556399,129.0007424849658,0.0019999999999999,0.776595744680851,388.2976781915871,0.6702127659574468,0.3297872340425531,0.0,0.776595744680851,0.0421075960533259,19.39071942966532,0.0097201973919967,0.0575054632785295,0.1690308509457031,0.2888387362710769,4.789056789709738,0.5000433557338773,5.815844471856267,0.5000433557338773,0.0859794924285993,5.815844471856267,0.2636245197818476,0.0504852341308647,5.221814344734866,0.816496580927726
1000,12,shuffle_b,376,0.376,240,0.003,0.3870023564556399,129.0007424849658,0.0019999999999999,0.776595744680851,388.2976781915871,0.6702127659574468,0.3297872340425531,0.0,0.776595744680851,0.0421075960533259,19.39071942966532,0.0097201973919967,0.0575054632785295,0.1690308509457031,0.2888387362710769,4.789056789709738,0.5000433557338773,5.815844471856267,0.5000433557338773,0.0859794924285993,5.815844471856267,0.2636245197818476,0.0504852341308647,5.221814344734866,0.816496580927726
1000,12,shuffle_l,376,0.376,240,0.003,0.3870023564556399,129.0007424849658,0.0019999999999999,0.776595744680851,388.2976781915868,0.6702127659574468,0.3297872340425531,0.0,0.776595744680851,0.0421075960533259,19.39071942966532,0.0097201973919967,0.0575054632785295,0.1690308509457031,0.2888387362710769,4.789056789709738,0.5000433557338773,5.815844471856267,0.5000433557338773,0.0859794924285993,5.815844471856267,0.2636245197818476,0.0504852341308647,5.221814344734866,0.816496580927726
1000,12,shuffle_e,447,0.447,240,0.003,0.084981744578177,28.32723875031278,0.002,0.6532438478747203,326.6217606264794,0.5570469798657718,0.4429530201342282,0.1588366890380313,0.6532438478747203,0.0386189630908994,16.365580184188424,0.0558309715172174,0.072855031578656,0.7663296591525186,0.087274352659039,1.4384030331832438,0.0507569475814186,0.7459717348540104,0.0507569475814186,0.0680413817439771,0.7459717348540104,0.0584070447004594,0.0463025101472465,1.2614228583875746,0.6320217370943286
1000,13,qcd,374,0.374,240,0.0022360679774997,0.3859725459886629,172.6120928613881,0.0009999999999999,0.7771836007130125,777.1828235301922,0.6684491978609626,0.3315508021390374,0.0,0.7771836007130125,0.0422200330920749,19.33907960581372,0.0073029674334022,0.0577350269189625,0.1264911064067349,0.2887674958624441,4.768838242362408,0.5000433557338773,5.815844471856267,0.5000433557338773,0.0859794924285993,5.815844471856267,0.2635804050196097,0.0506200414045697,5.20703653545046,0.816496580927726
1000,13,shuffle_b,374,0.374,240,0.0022360679774997,0.3859725459886629,172.6120928613881,0.0009999999999999,0.7771836007130125,777.1828235301922,0.6684491978609626,0.3315508021390374,0.0,0.7771836007130125,0.0422200330920749,19.33907960581372,0.0073029674334022,0.0577350269189625,0.1264911064067349,0.2887674958624441,4.768838242362408,0.5000433557338773,5.815844471856267,0.5000433557338773,0.0859794924285993,5.815844471856267,0.2635804050196097,0.0506200414045697,5.20703653545046,0.816496580927726
1000,13,shuffle_l,378,0.378,240,0.0022360679774997,0.3818881804226452,170.7855098681459,0.007,0.7795414462081127,111.36304783500924,0.6613756613756614,0.3386243386243386,0.0,0.7795414462081127,0.0419960525565808,19.44222209522358,0.0073029674334022,0.0577350269189625,0.1264911064067349,0.2887674958624441,4.768838242362408,0.5000406884486168,5.908872373581336,0.5000406884486168,0.0846254000482912,5.908872373581336,0.263602800724743,0.0503514981763869,5.2352523811965375,0.816496580927726
1000,13,shuffle_e,441,0.441,240,0.0022360679774997,0.0869105120033415,38.86754517766199,0.001,0.6591080876795161,659.1074285720845,0.6009070294784581,0.3990929705215419,0.1519274376417233,0.6591080876795161,0.0388807895679869,16.448021612521863,0.1084538372977954,0.0777087340200261,1.3956454015818351,0.0779696672832279,1.325692802468962,0.0659352090360955,0.9136250564655356,0.0659352090360955,0.0721687836487032,0.9136250564655356,0.0677099556050618,0.04661642906536,1.4524912560360848,0.639512067126164
1000,14,qcd,376,0.376,240,0.001414213562373,0.3854364842437047,272.54455900731966,0.0013333333333333,0.777482269503546,583.1112647942103,0.6675531914893617,0.3324468085106383,0.0,0.777482269503546,0.0421075960533259,19.39071942966532,0.0067061785779296,0.0576199021246125,0.1163864972110927,0.2887530193165994,4.778126850244776,0.5000426648463776,5.839240299279289,0.5000426648463776,0.0856348838577675,5.839240299279289,0.2635708521153365,0.0504852341308647,5.220751307840316,0.816496580927726
1000,14,shuffle_b,376,0.376,240,0.001414213562373,0.3854364842437046,272.5445590073196,0.0013333333333333,0.777482269503546,583.1112647942103,0.6675531914893617,0.3324468085106383,0.0,0.777482269503546,0.0421075960533259,19.39071942966532,0.0067061785779296,0.0576199021246125,0.1163864972110927,0.2887530193165994,4.778126850244776,0.5000426648463776,5.839240299279289,0.5000426648463776,0.0856348838577675,5.839240299279289,0.2635708521153365,0.0504852341308647,5.220751307840316,0.816496580927726
1000,14,shuffle_l,377,0.377,240,0.001414213562373,0.3844141063014136,271.8216291425787,0.0033333333333333,0.7780725022104333,233.4216806366256,0.6657824933687002,0.3342175066312997,0.0,0.7780725022104333,0.042051713353118,19.4164878389476,0.0067061785779296,0.0576199021246125,0.1163864972110927,0.2887530193165994,4.778126850244776,0.5,5.862050525510367,0.5,0.0852943859531931,5.862050525510367,0.2635617010633111,0.0504182331270484,5.227507683562899,0.816496580927726
1000,14,shuffle_e,443,0.443,240,0.001414213562373,0.105902520142121,74.88433718601607,0.0013333333333333,0.6598946576373214,494.9206220375243,0.5711060948081265,0.4288939051918736,0.1512415349887133,0.6598946576373214,0.0387929232645605,16.504531151557483,0.1125055805926917,0.0763381020690574,1.4737801640773875,0.0995950703210549,1.6545975755157576,0.0487138364102274,0.70133161108575,0.0487138364102274,0.0694590627888742,0.70133161108575,0.067189734118564,0.0465110810684077,1.4445962677096789,0.6402590104799186
1000,15,qcd,293,0.293,240,0.001414213562373,0.4054400656632764,286.68921707533235,1.332267629550188e-18,0.8088737201365188,808873719.0588825,0.5733788395904437,0.4266211604095563,0.0,-0.8088737201365188,0.0477002395750549,17.11724276862369,0.0,0.9128709291752768,0.0,0.4083350687176785,5.527969026545063,0.5001706375494934,5.840734698493146,0.5001706375494934,0.0856348838577675,5.840734698493146,0.3181934222069754,0.0571905781559043,5.56373851195497,0.816496580927726
1000,15,shuffle_b,293,0.293,240,0.001414213562373,0.4054400656632764,286.68921707533235,1.332267629550188e-18,0.8088737201365188,808873719.0588825,0.5733788395904437,0.4266211604095563,0.0,-0.8088737201365188,0.0477002395750549,17.11724276862369,0.9128709291752768,0.1408590424547527,6.480740698407861,0.4083350687176785,5.527969026545063,0.5001706375494934,5.840734698493146,0.5001706375494934,0.0856348838577675,5.840734698493146,0.3181934222069754,0.0571905781559043,5.56373851195497,0.816496580927726
1000,15,shuffle_l,375,0.375,240,0.001414213562373,0.3849063378133554,272.1696891364709,0.0019999999999999,0.777777777777778,388.8886944445421,0.6666666666666666,0.3333333333333333,0.0,0.777777777777778,0.0421637021355783,19.364916731037084,0.004618802153517,0.0577350269189625,0.08,0.288712082647517,4.76792312323625,0.5000426648463776,5.839240299279289,0.5000426648463776,0.0856348838577675,5.839240299279289,0.263550121735253,0.0505525029603436,5.2133941209992525,0.816496580927726
1000,15,shuffle_e,382,0.382,240,0.001414213562373,0.1920117363444214,135.7727048307436,3.552713678800501e-18,0.6518324607329843,651832458.4172102,0.4921465968586387,0.5078534031413613,0.1675392670157068,-0.6518324607329843,0.0417755993144356,14.905285615076814,0.290597604449661,0.0882505637022759,3.2928696685726275,0.2157153728327082,3.089258860872257,0.0424019336056806,0.6168517584041551,0.0424019336056806,0.0687392603295447,0.6168517584041551,0.1083729585892008,0.0500871840243629,2.163686394038184,0.622677239522671
1000,16,qcd,377,0.377,240,0.0028284271247461,0.3828643943766798,135.3629569112831,0.0029999999999999,0.7789566755083996,259.65213861875384,0.6631299734748011,0.3368700265251989,0.0,-0.7789566755083996,0.042051713353118,19.4164878389476,0.0,0.9128709291752768,0.0,0.288712082647517,4.76792312323625,0.5001653063378153,5.88721240180735,0.5001653063378153,0.0849579176359029,5.88721240180735,0.2635883950233038,0.0504182331270484,5.22803713408778,0.816496580927726
1000,16,shuffle_b,377,0.377,240,0.0028284271247461,0.3828643943766798,135.3629569112831,0.0029999999999999,0.7789566755083996,259.65213861875384,0.6631299734748011,0.3368700265251989,0.0,-0.7789566755083996,0.042051713353118,19.4164878389476,0.4083013890256358,0.0819782294729941,4.98060755459645,0.288712082647517,4.76792312323625,0.5001653063378153,5.88721240180735,0.5001653063378153,0.0849579176359029,5.88721240180735,0.2635883950233038,0.0504182331270484,5.22803713408778,0.816496580927726
1000,16,shuffle_l,377,0.377,240,0.0028284271247461,0.3828643943766798,135.3629569112831,0.002,0.7789566755083996,389.4781430151283,0.6631299734748011,0.3368700265251989,0.0,-0.7789566755083996,0.042051713353118,19.4164878389476,0.0,0.9128709291752768,0.0,0.288712082647517,4.76792312323625,0.5001653063378153,5.88721240180735,0.5001653063378153,0.0849579176359029,5.88721240180735,0.2635883950233038,0.0504182331270484,5.22803713408778,0.816496580927726
1000,16,shuffle_e,445,0.445,240,0.0028284271247461,0.0788760843810527,27.88689721013532,0.0029999999999999,0.6599250936329588,219.9749578860005,0.5797752808988764,0.4202247191011236,0.1528089887640449,-0.6599250936329588,0.0387056499858091,16.49766752325507,0.1220176555441148,0.0836827408755723,1.458098220343221,0.0750578167869654,1.2592155012732866,0.0531854857320345,0.7596406795852235,0.0531854857320345,0.0700140042014004,0.7596406795852235,0.0587698810487712,0.046406444083063,1.2664163826812254,0.6385529447373622
1000,17,qcd,376,0.376,240,0.0022360679774997,0.3838826507447029,171.6774637130974,0.0013333333333333,0.7783687943262412,583.7761579125626,0.6648936170212766,0.3351063829787234,0.0,0.7783687943262412,0.0421075960533259,19.39071942966532,0.004618802153517,0.0577350269189625,0.08,0.288712082647517,4.76792312323625,0.5,5.862050525510367,0.5,0.0852943859531931,5.862050525510367,0.263544014183783,0.0504852341308647,5.22021970821489,0.816496580927726
1000,17,shuffle_b,376,0.376,240,0.0022360679774997,0.3838826507447029,171.6774637130974,0.0013333333333333,0.7783687943262412,583.7761579125626,0.6648936170212766,0.3351063829787234,0.0,0.7783687943262412,0.0421075960533259,19.39071942966532,0.004618802153517,0.0577350269189625,0.08,0.288712082647517,4.76792312323625,0.5,5.862050525510367,0.5,0.0852943859531931,5.862050525510367,0.263544014183783,0.0504852341308647,5.22021970821489,0.816496580927726
1000,17,shuffle_l,376,0.376,240,0.0022360679774997,0.3854548353035024,172.38056570799085,0.0006666666666666,0.7774822695035462,1166.2216549228317,0.6675531914893617,0.3324468085106383,0.0,-0.7774822695035462,0.0421075960533259,19.39071942966532,0.0,0.9128709291752768,0.0,0.2888629384676233,4.779945732167143,0.5000426648463776,5.839240299279289,0.5000426648463776,0.0856348838577675,5.839240299279289,0.2636245197818476,0.0504852341308647,5.221814344734866,0.816496580927726
1000,17,shuffle_e,426,0.426,240,0.0022360679774997,0.0752639415111802,33.6590428419319,0.0013333333333333,0.6870109546165885,515.2578295190697,0.5492957746478874,0.4507042253521127,0.1173708920187793,0.6870109546165885,0.0395593886064617,17.134924388593515,0.0799448845955934,0.0870388279778489,0.9184967956592792,0.0845030766379709,1.350127335788674,0.0765465544619743,1.1078234188139946,0.0765465544619743,0.0690963497990708,1.1078234188139946,0.0612356688297914,0.0474300407304618,1.291073502925815,0.6778471326307103
1000,18,qcd,377,0.377,240,0.0022360679774997,0.3798015776270044,169.85235314684752,0.0033333333333333,0.7807250221043324,234.21743636606917,0.6578249336870027,0.3421750663129973,0.0,0.7807250221043324,0.042051713353118,19.4164878389476,0.0046560505579808,0.057967361970021,0.0803219328902498,0.2887126809479137,4.748822975021689,0.5001201706440472,5.932851885986796,0.5001201706440472,0.0842967564764788,5.932851885986796,0.2636417748349289,0.0504182331270484,5.229095874315558,0.816496580927726
1000,18,shuffle_b,377,0.377,240,0.0022360679774997,0.3798015776270044,169.85235314684752,0.0033333333333333,0.7807250221043324,234.21743636606917,0.6578249336870027,0.3421750663129973,0.0,0.7807250221043324,0.042051713353118,19.4164878389476,0.0046560505579808,0.057967361970021,0.0803219328902498,0.2887126809479137,4.748822975021689,0.5001201706440472,5.932851885986796,0.5001201706440472,0.0842967564764788,5.932851885986796,0.263641774834929,0.0504182331270484,5.229095874315559,0.816496580927726
1000,18,shuffle_l,374,0.374,240,0.0022360679774997,0.3844042055809527,171.91071002235617,0.0026666666666666,0.7780748663101604,291.77796544957283,0.6657754010695187,0.3342245989304813,0.0,-0.7780748663101604,0.0422200330920749,19.33907960581372,0.0,0.9128709291752768,0.0,0.2887170353330544,4.758459349188048,0.5000426648463776,5.839240299279289,0.5000426648463776,0.0856348838577675,5.839240299279289,0.2635532802522815,0.0506200414045697,5.206500685092073,0.816496580927726
1000,18,shuffle_e,430,0.43,240,0.0022360679774997,0.082353168416864,36.82944007789305,0.0033333333333333,0.6844961240310078,205.3487756046696,0.5767441860465117,0.4232558139534884,0.1232558139534883,0.6844961240310078,0.0393749615479078,17.04692565885722,0.0577350269189625,0.0771516749810459,0.7483314773547886,0.0859794924285993,1.414213562373095,0.0477948291234428,0.6734585759691931,0.0477948291234428,0.07096921893772,0.6734585759691931,0.0620469881320103,0.0472089204551707,1.31430643899027,0.6712220423275473
1000,19,qcd,377,0.377,240,0.0029999999999999,0.3874586209655812,129.15283060425023,0.0023333333333333,0.7763041556145004,332.7016383912263,0.6710875331564987,0.3289124668435013,0.0,-0.7763041556145004,0.042051713353118,19.4164878389476,0.0,0.9128709291752768,0.0,0.2887517929675175,4.7971050678487215,0.5000433557338773,5.815844471856267,0.5000433557338773,0.0859794924285993,5.815844471856267,0.2635883950233038,0.0504182331270484,5.22803713408778,0.816496580927726
1000,19,shuffle_b,377,0.377,240,0.003,0.3874586209655812,129.1528306042502,0.0023333333333333,0.7763041556145004,332.7016383912263,0.6710875331564987,0.3289124668435013,0.0,-0.7763041556145004,0.042051713353118,19.4164878389476,0.4084025501672574,0.0813250060790444,5.021856989107478,0.2887517929675175,4.7971050678487215,0.5000433557338773,5.815844471856267,0.5000433557338773,0.0859794924285993,5.815844471856267,0.2635883950233038,0.0504182331270484,5.22803713408778,0.816496580927726
1000,19,shuffle_l,379,0.379,240,0.0029999999999999,0.3854139844433353,128.4712853240167,0.0053333333333333,0.7774846086191733,145.77833678265694,0.6675461741424802,0.3324538258575198,0.0,-0.7774846086191733,0.0419406121990021,19.467922333931785,0.0,0.9128709291752768,0.0,0.2887517929675175,4.7971050678487215,0.5,5.862050525510367,0.5,0.0852943859531931,5.862050525510367,0.2635612951721947,0.0502850275227521,5.241347338488437,0.816496580927726
1000,19,shuffle_e,427,0.427,240,0.0029999999999999,0.0829978695394349,27.665947291162546,0.0023333333333333,0.6854020296643246,293.7436011088814,0.5526932084309133,0.4473067915690866,0.117096018735363,-0.6854020296643246,0.0395130389846799,17.162878628315948,0.063609301605101,0.0973123680201903,0.6536610186271837,0.0833213627330656,1.3369237738912738,0.0575717877947877,0.8310376120327174,0.0575717877947877,0.0692769941591057,0.8310376120327174,0.0569793767245914,0.0473744694861531,1.20274437566516,0.678157492329979
1000,20,qcd,377,0.377,240,0.001,0.3859211348429329,385.920748922184,0.0016666666666666,0.7771883289124668,466.31271755984926,0.6684350132625995,0.3315649867374005,0.0,0.7771883289124668,0.042051713353118,19.4164878389476,0.0079365079365079,0.0575054632785295,0.1380131118684708,0.2887842126771469,4.78815276765549,0.5001706375494934,5.840734698493146,0.5001706375494934,0.0856348838577675,5.840734698493146,0.2636150862802361,0.0504182331270484,5.228566530999904,0.816496580927726
1000,20,shuffle_b,377,0.377,240,0.001,0.3859211348429329,385.920748922184,0.0016666666666666,0.7771883289124668,466.31271755984926,0.6684350132625995,0.3315649867374005,0.0,0.7771883289124668,0.042051713353118,19.4164878389476,0.0079365079365079,0.0575054632785295,0.1380131118684708,0.2887842126771469,4.78815276765549,0.5001706375494934,5.840734698493146,0.5001706375494934,0.0856348838577675,5.840734698493146,0.2636150862802361,0.0504182331270484,5.228566530999904,0.816496580927726
1000,20,shuffle_l,377,0.377,240,0.001,0.3859211348429329,385.920748922184,0.0016666666666666,0.7771883289124668,466.3127175598497,0.6684350132625995,0.3315649867374005,0.0,0.7771883289124668,0.042051713353118,19.4164878389476,0.0079365079365079,0.0575054632785295,0.1380131118684708,0.2887842126771469,4.78815276765549,0.5001706375494934,5.840734698493146,0.5001706375494934,0.0856348838577675,5.840734698493146,0.2636150862802361,0.0504182331270484,5.228566530999904,0.816496580927726
1000,20,shuffle_e,434,0.434,240,0.001,0.1019568981098506,101.95679615305448,0.0016666666666666,0.6751152073732719,405.0688813826332,0.5714285714285714,0.4285714285714285,0.1313364055299539,0.6751152073732719,0.039193090083481,16.895517906995988,0.1692191378008987,0.0878410461157883,1.926424436906652,0.0991531082876773,1.6308967002605717,0.0660656221905618,0.9410794326377157,0.0660656221905618,0.0702019615978526,0.9410794326377157,0.0697298119003464,0.0469908642295983,1.4839014570927045,0.6621875553359606
1000,21,qcd,375,0.375,240,0.0022360679774997,0.3879793808954285,173.50957631425084,0.001,0.776,775.9992240007721,0.672,0.328,0.0,-0.776,0.0421637021355783,19.364916731037084,0.0,0.9128709291752768,0.0,0.2887296787870039,4.7872485748860925,0.5,5.7918437949805375,0.5,0.0863282950471353,5.7918437949805375,0.2635771023607492,0.0505525029603436,5.21392783592762,0.816496580927726
1000,21,shuffle_b,375,0.375,240,0.0022360679774997,0.3879793808954285,173.50957631425084,0.001,0.776,775.9992240007721,0.672,0.328,0.0,-0.776,0.0421637021355783,19.364916731037084,0.4084025501672574,0.0813250060790444,5.021856989107478,0.2887296787870039,4.7872485748860925,0.5,5.7918437949805375,0.5,0.0863282950471353,5.7918437949805375,0.2635771023607492,0.0505525029603436,5.21392783592762,0.816496580927726
1000,21,shuffle_l,378,0.378,240,0.0022360679774997,0.3849001794597505,172.13251618477264,0.0029999999999999,0.7777777777777778,259.2591728395352,0.6666666666666666,0.3333333333333333,0.0,-0.7777777777777778,0.0419960525565808,19.44222209522358,0.0,0.9128709291752768,0.0,0.2887296787870039,4.7872485748860925,0.5001259604504175,5.863527298559493,0.5001259604504175,0.0852943859531931,5.863527298559493,0.2635762492741595,0.0503514981763869,5.234725059238996,0.816496580927726
1000,21,shuffle_e,436,0.436,240,0.0022360679774997,0.0813816284367439,36.394954384519465,0.0009999999999999,0.6674311926605505,667.4305252300287,0.5573394495412844,0.4426605504587156,0.1399082568807339,-0.6674311926605505,0.0391030943502887,16.69141129471005,0.1316270499255713,0.0862581949177942,1.5259657363687524,0.0827406142505477,1.3471506281091268,0.0404399636406497,0.5867913340470109,0.0404399636406497,0.0689171112356779,0.5867913340470109,0.0547263919516002,0.0468829631360465,1.1672980607644905,0.6526858306965225
1000,22,qcd,376,0.376,240,0.0022360679774997,0.3854364842437046,172.37235886822768,0.0026666666666666,0.7774822695035462,291.5557417304268,0.6675531914893617,0.3324468085106383,0.0,-0.7774822695035462,0.0421075960533259,19.39071942966532,0.0,0.9128709291752768,0.0,0.2887530193165993,4.778126850244775,0.5001706375494934,5.840734698493146,0.5001706375494934,0.0856348838577675,5.840734698493146,0.2635976873144132,0.0504852341308647,5.221282853341465,0.816496580927726
1000,22,shuffle_b,376,0.376,240,0.0022360679774997,0.3854364842437046,172.37235886822768,0.0026666666666666,0.7774822695035462,291.5557417304268,0.6675531914893617,0.3324468085106383,0.0,-0.7774822695035462,0.0421075960533259,19.39071942966532,0.4083005429011004,0.0816496580927726,5.000639959045242,0.2887530193165993,4.778126850244775,0.5001706375494934,5.840734698493146,0.5001706375494934,0.0856348838577675,5.840734698493146,0.2635976873144132,0.0504852341308647,5.2212828533414655,0.816496580927726
1000,22,shuffle_l,376,0.376,240,0.0022360679774997,0.3838826507447029,171.6774637130974,0.0013333333333333,0.7783687943262411,583.7761579125637,0.6648936170212766,0.3351063829787234,0.0,0.7783687943262411,0.0421075960533259,19.39071942966532,0.004618802153517,0.0577350269189625,0.08,0.288712082647517,4.76792312323625,0.5001259604504175,5.863527298559493,0.5001259604504175,0.0852943859531931,5.863527298559493,0.2635708521153365,0.0504852341308647,5.220751307840316,0.816496580927726
1000,22,shuffle_e,430,0.43,240,0.0022360679774997,0.0790013383788978,35.3304567854751,0.0026666666666666,0.6798449612403101,254.94176486195525,0.5953488372093023,0.4046511627906977,0.1255813953488372,-0.6798449612403101,0.0393749615479078,16.980700399174108,0.0901623629941023,0.0771516749810459,1.1686377906410037,0.0716737445027233,1.19777255391376,0.0554232802355916,0.7635915795197584,0.0554232802355916,0.0725823617259487,0.7635915795197584,0.0619597617700475,0.0472089204551707,1.3124587720425451,0.6686144252740246
1000,23,qcd,376,0.376,240,0.0031622776601683,0.3885073028916974,122.85675762395046,0.0006666666666666,0.7757092198581559,1163.5620844441073,0.6728723404255319,0.3271276595744681,0.0,0.7757092198581559,0.0421075960533259,19.39071942966532,0.0066531653085388,0.0573917035958484,0.1159255587774565,0.2887517929675175,4.7971050678487215,0.5,5.7918437949805375,0.5,0.0863282950471353,5.7918437949805375,0.2635976873144132,0.0504852341308647,5.221282853341465,0.816496580927726
1000,23,shuffle_b,376,0.376,240,0.0031622776601683,0.3885073028916974,122.85675762395046,0.0006666666666666,0.7757092198581559,1163.5620844441073,0.6728723404255319,0.3271276595744681,0.0,0.7757092198581559,0.0421075960533259,19.39071942966532,0.0066531653085388,0.0573917035958484,0.1159255587774565,0.2887517929675175,4.7971050678487215,0.5,5.7918437949805375,0.5,0.0863282950471353,5.7918437949805375,0.2635976873144132,0.0504852341308647,5.221282853341465,0.816496580927726
1000,23,shuffle_l,377,0.377,240,0.0031622776601683,0.387476779541852,122.53087763025296,0.0026666666666666,0.7763041556145004,291.11394918770657,0.6710875331564987,0.3289124668435013,0.0,0.7763041556145004,0.042051713353118,19.4164878389476,0.0066531653085388,0.0573917035958484,0.1159255587774565,0.2887517929675175,4.7971050678487215,0.5000433557338773,5.815844471856267,0.5000433557338773,0.0859794924285993,5.815844471856267,0.2635883950233038,0.0504182331270484,5.22803713408778,0.816496580927726
1000,23,shuffle_e,441,0.441,240,0.0031622776601683,0.0956152772893787,30.23619597277604,0.0006666666666666,0.6613756613756614,992.0620039704868,0.5668934240362812,0.4331065759637188,0.1473922902494331,0.6613756613756614,0.0388807895679869,16.575327948449146,0.0387058366373497,0.0719443078836192,0.5379972061161841,0.0892337753693446,1.4736472996061043,0.0470961737120894,0.6798241506253226,0.0470961737120894,0.0692769941591057,0.6798241506253226,0.0609983646461769,0.04661642906536,1.308516458020675,0.6444618379840242
1000,24,qcd,376,0.376,240,0.0022360679774997,0.3808302621206116,170.31239463213186,0.001,0.7801418439716313,780.1410638305675,0.6595744680851063,0.3404255319148936,0.0,0.7801418439716313,0.0421075960533259,19.39071942966532,0.0046560505579808,0.057967361970021,0.0803219328902498,0.2887126809479137,4.748822975021689,0.501016219901279,5.920400017197856,0.501016219901279,0.0846254000482912,5.920400017197856,0.2638122706379061,0.0504852341308647,5.22553327085833,0.816496580927726
1000,24,shuffle_b,376,0.376,240,0.0022360679774997,0.3808302621206116,170.31239463213186,0.001,0.7801418439716313,780.1410638305675,0.6595744680851063,0.3404255319148936,0.0,0.7801418439716313,0.0421075960533259,19.39071942966532,0.0046560505579808,0.057967361970021,0.0803219328902498,0.2887126809479137,4.748822975021689,0.501016219901279,5.920400017197856,0.501016219901279,0.0846254000482912,5.920400017197856,0.2638122706379061,0.0504852341308647,5.22553327085833,0.816496580927726
1000,24,shuffle_l,380,0.38,240,0.0022360679774997,0.3814337291728309,170.58227318162722,0.0079999999999999,0.7798245614035089,97.4780579906814,0.6605263157894737,0.3394736842105263,0.0,-0.7798245614035089,0.0418853908291695,19.493588689617926,0.0,0.9128709291752768,0.0,0.2888629384676233,4.779945732167143,0.5008405890053408,5.941398102845028,0.5008405890053408,0.0842967564764788,5.941398102845028,0.2638324687381751,0.0502188194262012,5.25365732911919,0.816496580927726
1000,24,shuffle_e,432,0.432,240,0.0022360679774997,0.1179647435763046,52.755413524051626,0.0009999999999999,0.6790123456790123,679.011666667348,0.5532407407407407,0.4467592592592592,0.1296296296296296,0.6790123456790123,0.0392837100659193,16.904963110807955,0.1512923351003987,0.0899478453701443,1.6820006580237217,0.110615197103593,1.786109286313411,0.0354900217409922,0.5149667637638776,0.0354900217409922,0.0689171112356779,0.5149667637638776,0.0668496716583039,0.0470995137717032,1.4193282754962606,0.664089669520041
1000,25,qcd,378,0.378,240,0.0033166247903554,0.3864335981587939,116.51407864056463,0.0033333333333333,0.7768959435626103,233.0687131481689,0.6693121693121693,0.3306878306878307,0.0,0.7768959435626103,0.0419960525565808,19.44222209522358,0.0086896613690862,0.0573917035958484,0.1514097129835818,0.2888058925092123,4.798003836936752,0.5001706375494934,5.840734698493146,0.5001706375494934,0.0856348838577675,5.840734698493146,0.2636293495011952,0.0503514981763869,5.235779650044807,0.816496580927726
1000,25,shuffle_b,378,0.378,240,0.0033166247903554,0.3864335981587939,116.51407864056463,0.0033333333333333,0.7768959435626103,233.0687131481689,0.6693121693121693,0.3306878306878307,0.0,0.7768959435626103,0.0419960525565808,19.44222209522358,0.0086896613690862,0.0573917035958484,0.1514097129835818,0.2888058925092123,4.798003836936752,0.5001706375494934,5.840734698493146,0.5001706375494934,0.0856348838577675,5.840734698493146,0.2636293495011952,0.0503514981763869,5.235779650044807,0.816496580927726
1000,25,shuffle_l,379,0.379,240,0.0033166247903554,0.3854139844433353,116.20665363095893,0.0063333333333333,0.7774846086191733,122.76070829344194,0.6675461741424802,0.3324538258575198,0.0,0.7774846086191733,0.0419406121990021,19.467922333931785,0.0086896613690862,0.0573917035958484,0.1514097129835818,0.2888058925092123,4.798003836936752,0.5,5.862050525510367,0.5,0.0852943859531931,5.862050525510367,0.2635877081998418,0.0502850275227521,5.24187260473464,0.816496580927726
1000,25,shuffle_e,444,0.444,240,0.0033166247903554,0.0995587211950465,30.01807484117108,0.0033333333333333,0.6614114114114114,198.4233638964144,0.5585585585585585,0.4414414414414414,0.1486486486486486,0.6614114114114114,0.0387492129146064,16.596157158584408,0.057244558614171,0.0717219138186558,0.7981459998252431,0.101101718113395,1.6629479530124065,0.0569664429402864,0.8329931278350429,0.0569664429402864,0.0683876505540241,0.8329931278350429,0.0662790043673971,0.0464586741998564,1.4266228106785257,0.6430880273022568
1000,26,qcd,293,0.293,240,0.0022360679774997,0.4030339574243932,180.24218460158443,0.0003333333333333,0.8100113765642776,2430.0268396122965,0.5699658703071673,0.4300341296928328,0.0,0.8100113765642776,0.0477002395750549,17.11724276862369,0.2887217097075858,0.0706400733300853,4.087222678244591,0.4082812253702156,5.510765432856021,0.5001259604504175,5.863527298559493,0.5001259604504175,0.0852943859531931,5.863527298559493,0.3181568123066506,0.0571905781559043,5.563098373290433,0.816496580927726
1000,26,shuffle_b,293,0.293,240,0.0022360679774997,0.4030339574243932,180.24218460158443,0.0003333333333333,0.8100113765642776,2430.0268396122965,0.5699658703071673,0.4300341296928328,0.0,0.8100113765642776,0.0477002395750549,17.11724276862369,0.2887217097075858,0.0706400733300853,4.087222678244591,0.4082812253702156,5.510765432856021,0.5001259604504175,5.863527298559493,0.5001259604504175,0.0852943859531931,5.863527298559493,0.3181568123066506,0.0571905781559043,5.563098373290433,0.816496580927726
1000,26,shuffle_l,375,0.375,240,0.0022360679774997,0.3833791276994035,171.45228146229655,0.0013333333333333,0.7786666666666666,583.9995620003275,0.664,0.336,0.0,0.7786666666666666,0.0421637021355783,19.364916731037084,0.0049186541019742,0.0578508445417186,0.0850230301897702,0.2887170353330544,4.758459349188048,0.5,5.862050525510367,0.5,0.0852943859531931,5.862050525510367,0.263550121735253,0.0505525029603436,5.2133941209992525,0.816496580927726
1000,26,shuffle_e,420,0.42,240,0.0022360679774997,0.13343958351621,59.67596923839644,0.0003333333333333,0.6666666666666666,1999.994000018028,0.5547619047619048,0.4452380952380952,0.15,0.6666666666666666,0.0398409536444797,16.104347239177375,0.245248141302895,0.0847579379526013,2.8935123627009878,0.1399244754267715,2.2308271859719397,0.044393616418582,0.6340676686749773,0.044393616418582,0.0700140042014004,0.6340676686749773,0.0831630914122522,0.0477676253517592,1.7409927916625954,0.6416125518306719
1000,27,qcd,377,0.377,240,0.0022360679774997,0.3859393657584468,172.59725421796975,0.003,0.7771883289124668,259.0626899499253,0.6684350132625995,0.3315649867374005,0.0,0.7771883289124668,0.042051713353118,19.4164878389476,0.0079365079365079,0.0575054632785295,0.1380131118684708,0.2887842126771469,4.78815276765549,0.5000426648463776,5.839240299279289,0.5000426648463776,0.0856348838577675,5.839240299279289,0.2635883950233038,0.0504182331270484,5.22803713408778,0.816496580927726
1000,27,shuffle_b,377,0.377,240,0.0022360679774997,0.3859393657584468,172.59725421796975,0.003,0.7771883289124668,259.0626899499253,0.6684350132625995,0.3315649867374005,0.0,0.7771883289124668,0.042051713353118,19.4164878389476,0.0079365079365079,0.0575054632785295,0.1380131118684708,0.2887842126771469,4.78815276765549,0.5000426648463776,5.839240299279289,0.5000426648463776,0.0856348838577675,5.839240299279289,0.2635883950233038,0.0504182331270484,5.22803713408778,0.816496580927726
1000,27,shuffle_l,376,0.376,240,0.0022360679774997,0.386965800241847,173.0562894685495,0.0,0.776595744680851,776595744.680851,0.6702127659574468,0.3297872340425531,0.0,0.776595744680851,0.0421075960533259,19.39071942966532,0.0079365079365079,0.0575054632785295,0.1380131118684708,0.2887842126771469,4.78815276765549,0.5000433557338773,5.815844471856267,0.5000433557338773,0.0859794924285993,5.815844471856267,0.2635976873144132,0.0504852341308647,5.221282853341465,0.816496580927726
1000,27,shuffle_e,441,0.441,240,0.0022360679774997,0.0984764206376801,44.039974450067874,0.003,0.6643990929705216,221.4662905014104,0.5804988662131519,0.419501133786848,0.1451247165532879,0.6643990929705216,0.0388807895679869,16.639229116104847,0.0434930305891131,0.0710669054518701,0.6120011883529758,0.088445873425738,1.4780592311910548,0.0385707650965903,0.5479468042115953,0.0385707650965903,0.0703914409211443,0.5479468042115953,0.0630705558313896,0.04661642906536,1.3529684082613782,0.6469463658367941
1000,28,qcd,375,0.375,240,0.001,0.3849063378133554,384.90595290740254,0.0006666666666666,0.7777777777777778,1166.6649166692896,0.6666666666666666,0.3333333333333333,0.0,0.7777777777777778,0.0421637021355783,19.364916731037084,0.004618802153517,0.0577350269189625,0.08,0.288712082647517,4.76792312323625,0.5001706375494934,5.840734698493146,0.5001706375494934,0.0856348838577675,5.840734698493146,0.2635771023607492,0.0505525029603436,5.21392783592762,0.816496580927726
1000,28,shuffle_b,375,0.375,240,0.001,0.3849063378133554,384.90595290740254,0.0006666666666666,0.7777777777777778,1166.6649166692896,0.6666666666666666,0.3333333333333333,0.0,0.7777777777777778,0.0421637021355783,19.364916731037084,0.004618802153517,0.0577350269189625,0.08,0.288712082647517,4.76792312323625,0.5001706375494934,5.840734698493146,0.5001706375494934,0.0856348838577675,5.840734698493146,0.2635771023607492,0.0505525029603436,5.21392783592762,0.816496580927726
1000,28,shuffle_l,377,0.377,240,0.001,0.3828643943766798,382.8640115126683,0.0006666666666666,0.7789566755083996,1168.4332606127127,0.6631299734748011,0.3368700265251989,0.0,0.7789566755083996,0.042051713353118,19.4164878389476,0.004618802153517,0.0577350269189625,0.08,0.288712082647517,4.76792312323625,0.5000413317076902,5.885753154293111,0.5000413317076902,0.0849579176359029,5.885753154293111,0.2635617010633111,0.0504182331270484,5.227507683562899,0.816496580927726
1000,28,shuffle_e,448,0.448,240,0.001,0.0955920227918029,95.59192719987574,0.0006666666666666,0.6510416666666666,976.5610351584402,0.5758928571428571,0.4241071428571428,0.1629464285714285,0.6510416666666666,0.0385758374905229,16.2691508031963,0.0853764178365367,0.0774287016353138,1.1026456085839624,0.0871015699776908,1.4612688164438483,0.0594682500234326,0.8561625745540303,0.0594682500234326,0.0694590627888742,0.8561625745540303,0.0641263732929025,0.0462508043688096,1.386492065771458,0.6275961174929119
1000,29,qcd,292,0.292,240,0.0022360679774997,0.4044142107032439,180.85945235706933,0.0003333333333333,0.8093607305936074,2428.074907556108,0.571917808219178,0.4280821917808219,0.0,-0.8093607305936074,0.0477818482567496,17.08800749063506,0.0,0.9128709291752768,0.0,0.4083690388013109,5.511950692403975,0.5001706375494934,5.840734698493146,0.5001706375494934,0.0856348838577675,5.840734698493146,0.3182045631225195,0.0572884235279662,5.554430433352439,0.816496580927726
1000,29,shuffle_b,292,0.292,240,0.0022360679774997,0.4044142107032439,180.85945235706933,0.0003333333333333,0.8093607305936074,2428.074907556108,0.571917808219178,0.4280821917808219,0.0,-0.8093607305936074,0.0477818482567496,17.08800749063506,0.9128709291752768,0.1425664871280502,6.403124237432849,0.4083690388013109,5.511950692403975,0.5001706375494934,5.840734698493146,0.5001706375494934,0.0856348838577675,5.840734698493146,0.3182045631225195,0.0572884235279662,5.554430433352438,0.816496580927726
1000,29,shuffle_l,376,0.376,240,0.0022360679774997,0.3838826507447029,171.6774637130974,0.0013333333333333,0.7783687943262412,583.7761579125614,0.6648936170212766,0.3351063829787234,0.0,-0.7783687943262412,0.0421075960533259,19.39071942966532,0.0,0.9128709291752768,0.0,0.2887674958624441,4.768838242362408,0.5001259604504175,5.863527298559493,0.5001259604504175,0.0852943859531931,5.863527298559493,0.2635976873144132,0.0504852341308647,5.221282853341465,0.816496580927726
1000,29,shuffle_e,407,0.407,240,0.0022360679774997,0.1409300284982799,63.02579657263424,0.0003333333333333,0.6805896805896806,2041.7629164803,0.5552825552825553,0.4447174447174447,0.1326781326781326,-0.6805896805896806,0.0404722329258176,16.324639582357015,0.1559183241492667,0.0874371770978336,1.783204002283942,0.1318306874310257,2.06997460157523,0.0538260690448452,0.7563559575393544,0.0538260690448452,0.0711649964653641,0.7563559575393544,0.0802563345149591,0.0485245026211228,1.6539342018937744,0.6606946156071757
1000,30,qcd,376,0.376,240,0.0028284271247461,0.3885073028916974,137.35802564421192,0.0016666666666666,0.7757092198581561,465.4252526597418,0.6728723404255319,0.3271276595744681,0.0,0.7757092198581561,0.0421075960533259,19.39071942966532,0.0103322708441094,0.0573917035958484,0.1800307395798722,0.2888599819187998,4.798902437697573,0.5,5.7918437949805375,0.5,0.0863282950471353,5.7918437949805375,0.2636513495184736,0.0504852341308647,5.222345782037038,0.816496580927726
1000,30,shuffle_b,376,0.376,240,0.0028284271247461,0.3885073028916974,137.35802564421192,0.0016666666666666,0.7757092198581561,465.4252526597418,0.6728723404255319,0.3271276595744681,0.0,0.7757092198581561,0.0421075960533259,19.39071942966532,0.0103322708441094,0.0573917035958484,0.1800307395798722,0.2888599819187998,4.798902437697573,0.5,5.7918437949805375,0.5,0.0863282950471353,5.7918437949805375,0.2636513495184736,0.0504852341308647,5.222345782037038,0.816496580927726
1000,30,shuffle_l,376,0.376,240,0.0028284271247461,0.3885073028916974,137.35802564421192,0.0016666666666666,0.7757092198581559,465.4252526597421,0.6728723404255319,0.3271276595744681,0.0,0.7757092198581559,0.0421075960533259,19.39071942966532,0.0103322708441094,0.0573917035958484,0.1800307395798722,0.2888599819187998,4.798902437697573,0.5,5.7918437949805375,0.5,0.0863282950471353,5.7918437949805375,0.2636513495184736,0.0504852341308647,5.222345782037038,0.816496580927726
1000,30,shuffle_e,431,0.431,240,0.0028284271247461,0.1090980783805916,38.571981881413926,0.0016666666666666,0.6767208043310131,406.0322389792644,0.5545243619489559,0.445475638051044,0.1276102088167053,0.6767208043310131,0.0393292564117281,16.942717741105064,0.0574706505738901,0.0723953737938448,0.7938442411741004,0.1067492407810119,1.7236854904060774,0.0602908172020324,0.8725615372932938,0.0602908172020324,0.0690963497990708,0.8725615372932938,0.0687087756145824,0.0471541219219536,1.4571107002756734,0.6663444903514564
1000,31,qcd,378,0.378,240,0.0041231056256176,0.3849729050493385,93.36962150273467,0.002,0.7777777777777778,388.8886944445403,0.6666666666666666,0.3333333333333333,0.0,0.7777777777777778,0.0419960525565808,19.44222209522358,0.0112239171616912,0.0575054632785295,0.1951800145897064,0.2888932495746237,4.789960641145493,0.5001259604504175,5.863527298559493,0.5001259604504175,0.0852943859531931,5.863527298559493,0.2636558956043237,0.0503514981763869,5.236306865799849,0.816496580927726
1000,31,shuffle_b,378,0.378,240,0.0041231056256176,0.3849729050493385,93.36962150273467,0.002,0.7777777777777778,388.8886944445403,0.6666666666666666,0.3333333333333333,0.0,0.7777777777777778,0.0419960525565808,19.44222209522358,0.0112239171616912,0.0575054632785295,0.1951800145897064,0.2888932495746237,4.789960641145493,0.5001259604504175,5.863527298559493,0.5001259604504175,0.0852943859531931,5.863527298559493,0.2636558956043237,0.0503514981763869,5.236306865799849,0.816496580927726
1000,31,shuffle_l,375,0.375,240,0.0041231056256176,0.3880526882897332,94.11657847475657,0.001,0.776,775.9992240007747,0.672,0.328,0.0,0.776,0.0421637021355783,19.364916731037084,0.0112239171616912,0.0575054632785295,0.1951800145897064,0.2888932495746237,4.789960641145493,0.5,5.7918437949805375,0.5,0.0863282950471353,5.7918437949805375,0.2636580276713675,0.0505525029603436,5.215528653016373,0.816496580927726
1000,31,shuffle_e,452,0.452,240,0.0041231056256176,0.1059639824321066,25.700034477336057,0.002,0.6504424778761062,325.22107632751465,0.5929203539823009,0.4070796460176991,0.163716814159292,0.6504424778761062,0.0384047686321284,16.320083723540233,0.0900458998581044,0.0740436097198865,1.2161198001928315,0.092659604637757,1.5843536192319585,0.056653970185188,0.8026635501276717,0.056653970185188,0.0705824628216599,0.8026635501276717,0.0706349559023521,0.0460457000128732,1.5340185051504112,0.6267690394595276
1000,32,qcd,378,0.378,240,0.0024494897427831,0.3833788829328485,156.5137096608265,0.0046666666666666,0.7786596119929454,166.855595386575,0.6640211640211641,0.335978835978836,0.0,-0.7786596119929454,0.0419960525565808,19.44222209522358,0.0,0.9128709291752768,0.0,0.2886980440470694,4.777217149587577,0.5002892502462962,5.888671287711452,0.5002892502462962,0.0849579176359029,5.888671287711452,0.263602800724743,0.0503514981763869,5.2352523811965375,0.816496580927726
1000,32,shuffle_b,378,0.378,240,0.0024494897427831,0.3833788829328485,156.5137096608265,0.0046666666666666,0.7786596119929454,166.855595386575,0.6640211640211641,0.335978835978836,0.0,-0.7786596119929454,0.0419960525565808,19.44222209522358,0.4083005429011004,0.0816496580927726,5.000639959045242,0.2886980440470694,4.777217149587577,0.5002892502462962,5.888671287711452,0.5002892502462962,0.0849579176359029,5.888671287711452,0.263602800724743,0.0503514981763869,5.2352523811965375,0.816496580927726
1000,32,shuffle_l,378,0.378,240,0.0024494897427831,0.3833788829328485,156.5137096608265,0.0026666666666666,0.7786596119929453,291.9972449983879,0.6640211640211641,0.335978835978836,0.0,-0.7786596119929453,0.0419960525565808,19.44222209522358,0.0,0.9128709291752768,0.0,0.2886980440470694,4.777217149587577,0.5000413317076902,5.885753154293111,0.5000413317076902,0.0849579176359029,5.885753154293111,0.2635496951486363,0.0503514981763869,5.23419768415613,0.816496580927726
1000,32,shuffle_e,440,0.44,240,0.0024494897427831,0.1236497318975949,50.4797710552279,0.0046666666666666,0.668939393939394,143.34412512755767,0.5590909090909091,0.4409090909090909,0.1409090909090909,-0.668939393939394,0.0389249472080761,16.73944715064064,0.1376924005297024,0.0803738036950686,1.7131502330298514,0.1122864009506758,1.83945427171712,0.0498873922369689,0.7257481677545337,0.0498873922369689,0.0687392603295447,0.7257481677545337,0.0707593601747613,0.0466693722159437,1.5161841013706123,0.6515820966310676
1000,33,qcd,377,0.377,240,0.0037416573867739,0.3859393657584468,103.1466066284057,0.0019999999999999,0.7771883289124668,388.5939701592488,0.6684350132625995,0.3315649867374005,0.0,-0.7771883289124668,0.042051713353118,19.4164878389476,0.0,0.9128709291752768,0.0,0.2887296787870039,4.7872485748860925,0.5000426648463776,5.839240299279289,0.5000426648463776,0.0856348838577675,5.839240299279289,0.2635617010633111,0.0504182331270484,5.227507683562899,0.816496580927726
1000,33,shuffle_b,377,0.377,240,0.0037416573867739,0.3859393657584468,103.1466066284057,0.0019999999999999,0.7771883289124668,388.5939701592488,0.6684350132625995,0.3315649867374005,0.0,-0.7771883289124668,0.042051713353118,19.4164878389476,0.40829891021489,0.0810041961260418,5.040466170167044,0.2887296787870039,4.7872485748860925,0.5000426648463776,5.839240299279289,0.5000426648463776,0.0856348838577675,5.839240299279289,0.2635617010633111,0.0504182331270484,5.227507683562899,0.816496580927726
1000,33,shuffle_l,377,0.377,240,0.0037416573867739,0.3859393657584468,103.1466066284057,0.005,0.7771883289124668,155.43763469496642,0.6684350132625995,0.3315649867374005,0.0,-0.7771883289124668,0.042051713353118,19.4164878389476,0.0,0.9128709291752768,0.0,0.2887296787870039,4.7872485748860925,0.5000426648463776,5.839240299279289,0.5000426648463776,0.0856348838577675,5.839240299279289,0.2635617010633111,0.0504182331270484,5.227507683562899,0.816496580927726
1000,33,shuffle_e,438,0.438,240,0.0037416573867739,0.0975342893301088,26.06712832867751,0.0019999999999999,0.6689497716894978,334.47471860739,0.5639269406392694,0.4360730593607306,0.139269406392694,-0.6689497716894978,0.0390137157320435,16.74772525956475,0.0557204581312221,0.0978700365857839,0.5693311260018046,0.0907927270858696,1.490369032414053,0.0585162957392634,0.8446714013727478,0.0585162957392634,0.0692769941591057,0.8446714013727478,0.0628787185110521,0.0467758019373239,1.344257413166425,0.6533909924350239
1000,34,qcd,379,0.379,240,0.0036055512754639,0.386973294825762,107.32705151971857,0.0043333333333333,0.7766051011433598,179.21652044465512,0.6701846965699209,0.3298153034300791,0.0,0.7766051011433598,0.0419406121990021,19.467922333931785,0.0132539434886641,0.0572786163852892,0.2313942676183102,0.2889792386164342,4.810362234242262,0.5001706375494934,5.840734698493146,0.5001706375494934,0.0856348838577675,5.840734698493146,0.2637197336568616,0.0502850275227521,5.244498146839794,0.816496580927726
1000,34,shuffle_b,379,0.379,240,0.0036055512754639,0.386973294825762,107.32705151971857,0.0043333333333333,0.7766051011433598,179.21652044465512,0.6701846965699209,0.3298153034300791,0.0,0.7766051011433598,0.0419406121990021,19.467922333931785,0.0132539434886641,0.0572786163852892,0.2313942676183102,0.2889792386164342,4.810362234242262,0.5001706375494934,5.840734698493146,0.5001706375494934,0.0856348838577675,5.840734698493146,0.2637197336568616,0.0502850275227521,5.244498146839794,0.816496580927726
1000,34,shuffle_l,378,0.378,240,0.0036055512754639,0.3879970337009624,107.61098551844796,0.0033333333333333,0.7760141093474427,232.804162962984,0.671957671957672,0.328042328042328,0.0,0.7760141093474427,0.0419960525565808,19.44222209522358,0.0132539434886641,0.0572786163852892,0.2313942676183102,0.2889792386164342,4.810362234242262,0.5000433557338773,5.815844471856267,0.5000433557338773,0.0859794924285993,5.815844471856267,0.2637089797938392,0.0503514981763869,5.23736113809438,0.816496580927726
1000,34,shuffle_e,439,0.439,240,0.0036055512754639,0.0979763697840845,27.173748235691924,0.0043333333333333,0.6704631738800304,154.72223519026045,0.5785876993166287,0.4214123006833713,0.1366742596810934,0.6704631738800304,0.038969255642692,16.84046812718093,0.1247809183764767,0.0774287016353138,1.611558966391945,0.092134957052326,1.533682903934528,0.0407800731450676,0.5793328366548333,0.0407800731450676,0.0703914409211443,0.5793328366548333,0.0645478802476178,0.0467224961628135,1.3815160907218715,0.6562605075907202
1000,35,qcd,292,0.292,240,0.001414213562373,0.4068285590388356,287.67102946257666,3.552713678800501e-18,0.8082191780821918,808219175.2108204,0.5753424657534246,0.4246575342465753,0.0,0.8082191780821918,0.0477818482567496,17.08800749063506,0.2889205023693237,0.0704295212273763,4.102264183176338,0.4084218285335343,5.529143565818179,0.5000433557338773,5.815844471856267,0.5000433557338773,0.0859794924285993,5.815844471856267,0.3182045631225195,0.0572884235279662,5.554430433352438,0.816496580927726
1000,35,shuffle_b,292,0.292,240,0.001414213562373,0.4068285590388356,287.67102946257666,3.552713678800501e-18,0.8082191780821918,808219175.2108204,0.5753424657534246,0.4246575342465753,0.0,0.8082191780821918,0.0477818482567496,17.08800749063506,0.2889205023693237,0.0704295212273763,4.102264183176338,0.4084218285335343,5.529143565818179,0.5000433557338773,5.815844471856267,0.5000433557338773,0.0859794924285993,5.815844471856267,0.3182045631225195,0.0572884235279662,5.554430433352438,0.816496580927726
1000,35,shuffle_l,292,0.292,240,0.001414213562373,0.4068285590388356,287.67102946257666,5.329070518200752e-18,0.8082191780821918,808219173.7751347,0.5753424657534246,0.4246575342465753,0.0,0.8082191780821918,0.0477818482567496,17.08800749063506,0.2889205023693237,0.0704295212273763,4.102264183176338,0.4084218285335343,5.529143565818179,0.5000433557338773,5.815844471856267,0.5000433557338773,0.0859794924285993,5.815844471856267,0.3182045631225195,0.0572884235279662,5.554430433352438,0.816496580927726
1000,35,shuffle_e,367,0.367,240,0.001414213562373,0.2131619315052637,150.72814067730397,1.7763568394002505e-18,0.6566757493188011,656675748.1523106,0.5177111716621253,0.4822888283378747,0.1553133514986376,-0.6566757493188011,0.0426207745927341,14.91839747111824,0.3160831386294347,0.1014301032416974,3.1162655713387317,0.2187642621653241,3.149542383407529,0.0466743266719161,0.648573164308167,0.0466743266719161,0.0719646282647288,0.648573164308167,0.1156982475493415,0.05110051358496,2.264130816551988,0.6358336559013452
1000,36,qcd,379,0.379,240,0.0042426406871192,0.3854862303757275,90.85995443500887,0.0039999999999999,0.7774846086191733,194.3711035620176,0.6675461741424802,0.3324538258575198,0.0,-0.7774846086191733,0.0419406121990021,19.467922333931785,0.0,0.9128709291752768,0.0,0.289130277184114,4.803392919899357,0.5001259604504175,5.863527298559493,0.5001259604504175,0.0852943859531931,5.863527298559493,0.2637725253365984,0.0502850275227521,5.245547995718029,0.816496580927726
1000,36,shuffle_b,379,0.379,240,0.0042426406871192,0.3854862303757275,90.85995443500887,0.0039999999999999,0.7774846086191733,194.3711035620176,0.6675461741424802,0.3324538258575198,0.0,-0.7774846086191733,0.0419406121990021,19.467922333931785,0.408248290463863,0.0823107997207991,4.959838707054898,0.289130277184114,4.803392919899358,0.5001259604504175,5.863527298559493,0.5001259604504175,0.0852943859531931,5.863527298559493,0.2637725253365984,0.0502850275227521,5.245547995718029,0.816496580927726
1000,36,shuffle_l,379,0.379,240,0.0042426406871192,0.3854862303757275,90.85995443500887,0.007,0.7774846086191733,111.06921393570842,0.6675461741424802,0.3324538258575198,0.0,-0.7774846086191733,0.0419406121990021,19.467922333931785,0.0,0.9128709291752768,0.0,0.289130277184114,4.803392919899357,0.5003777862269243,5.866479729410511,0.5003777862269243,0.0852943859531931,5.866479729410511,0.2638253064526731,0.0502850275227521,5.24659763452057,0.816496580927726
1000,36,shuffle_e,440,0.44,240,0.0042426406871192,0.0910793859523358,21.46761208443645,0.004,0.6696969696969698,167.42420056819222,0.5318181818181819,0.4681818181818182,0.1386363636363636,-0.6696969696969698,0.0389249472080761,16.803882127218536,0.0669009287106734,0.1002006020070253,0.6676699278312005,0.0901496714090982,1.440344429152998,0.0438687434036438,0.6576322233726122,0.0438687434036438,0.0667071074751578,0.6576322233726122,0.0537505205305053,0.0466693722159437,1.1517300957423726,0.6540902246927158
1000,37,qcd,375,0.375,240,0.001414213562373,0.3849432858660264,272.19581533659215,0.001,0.7777777777777778,777.7770000007779,0.6666666666666666,0.3333333333333333,0.0,-0.7777777777777778,0.0421637021355783,19.364916731037084,0.0,0.9128709291752768,0.0,0.2887674958624441,4.768838242362408,0.5001706375494934,5.840734698493146,0.5001706375494934,0.0856348838577675,5.840734698493146,0.263604080224702,0.0505525029603436,5.214461496228751,0.816496580927726
1000,37,shuffle_b,375,0.375,240,0.001414213562373,0.3849432858660264,272.19581533659215,0.001,0.7777777777777778,777.7770000007779,0.6666666666666666,0.3333333333333333,0.0,-0.7777777777777778,0.0421637021355783,19.364916731037084,0.4084025501672574,0.0813250060790444,5.021856989107478,0.2887674958624441,4.768838242362408,0.5001706375494934,5.840734698493146,0.5001706375494934,0.0856348838577675,5.840734698493146,0.263604080224702,0.0505525029603436,5.214461496228751,0.816496580927726
1000,37,shuffle_l,375,0.375,240,0.001414213562373,0.3849063378133554,272.1696891364709,0.0009999999999999,0.7777777777777778,777.7770000007791,0.6666666666666666,0.3333333333333333,0.0,0.7777777777777778,0.0421637021355783,19.364916731037084,0.0073029674334022,0.0577350269189625,0.1264911064067349,0.2887674958624441,4.768838242362408,0.5000426648463776,5.839240299279289,0.5000426648463776,0.0856348838577675,5.839240299279289,0.2635771023607492,0.0505525029603436,5.21392783592762,0.816496580927726
1000,37,shuffle_e,437,0.437,240,0.001414213562373,0.0992987366304216,70.21476038529498,0.0009999999999999,0.6674294431731502,667.4287757443768,0.5560640732265446,0.4439359267734554,0.1418764302059496,-0.6674294431731502,0.0390583283432253,16.65499973036045,0.0965353627459316,0.0788600372345639,1.224135393935886,0.09277531125593,1.510531677381383,0.0430240000877969,0.6259014118210533,0.0430240000877969,0.0687392603295447,0.6259014118210533,0.0595826842584522,0.0468292905790847,1.2723379645871369,0.6505164480247482
1000,38,qcd,293,0.293,240,0.001414213562373,0.4054687948087979,286.7095316345837,2.664535259100376e-18,0.8088737201365188,808873717.9812462,0.5733788395904437,0.4266211604095563,0.0,-0.8088737201365188,0.0477002395750549,17.11724276862369,0.0,0.9128709291752768,0.0,0.4085085699231783,5.530317855640451,0.5000426648463776,5.839240299279289,0.5000426648463776,0.0856348838577675,5.839240299279289,0.3182300278956146,0.0571905781559043,5.56437857697651,0.816496580927726
1000,38,shuffle_b,293,0.293,240,0.001414213562373,0.4054687948087979,286.7095316345837,2.664535259100376e-18,0.8088737201365188,808873717.9812462,0.5733788395904437,0.4266211604095563,0.0,-0.8088737201365188,0.0477002395750549,17.11724276862369,0.5774131214372062,0.1002006020070253,5.762571380526461,0.4085085699231783,5.530317855640451,0.5000426648463776,5.839240299279289,0.5000426648463776,0.0856348838577675,5.839240299279289,0.3182300278956146,0.0571905781559043,5.56437857697651,0.816496580927726
1000,38,shuffle_l,376,0.376,240,0.001414213562373,0.3854364842437046,272.5445590073196,0.001,0.777482269503546,777.4814920220541,0.6675531914893617,0.3324468085106383,0.0,-0.777482269503546,0.0421075960533259,19.39071942966532,0.0,0.9128709291752768,0.0,0.2888629384676233,4.779945732167143,0.5000426648463776,5.839240299279289,0.5000426648463776,0.0856348838577675,5.839240299279289,0.2636245197818476,0.0504852341308647,5.221814344734866,0.816496580927726
1000,38,shuffle_e,440,0.44,240,0.001414213562373,0.1080681220724431,76.41564791349731,8.881784197001254e-19,0.6643939393939394,664393938.8038391,0.5340909090909091,0.4659090909090909,0.1454545454545454,0.6643939393939394,0.0389249472080761,16.611058747932738,0.199020233890784,0.0878410461157883,2.265686062395524,0.1150445554380074,1.8420197475824085,0.0531945944811563,0.7954973064211353,0.0531945944811563,0.0668696098048071,0.7954973064211353,0.067700320038633,0.0466693722159437,1.4506370414707317,0.6465845848335333
1000,39,qcd,375,0.375,240,0.003,0.3849248122830108,128.30822799159426,0.0006666666666666,0.777777777777778,1166.66491666929,0.6666666666666666,0.3333333333333333,0.0,0.777777777777778,0.0421637021355783,19.364916731037084,0.0092376043070339,0.0577350269189625,0.1599999999999996,0.2888228984458584,4.7697531859149125,0.5000426648463776,5.839240299279289,0.5000426648463776,0.0856348838577675,5.839240299279289,0.263604080224702,0.0505525029603436,5.214461496228751,0.816496580927726
1000,39,shuffle_b,375,0.375,240,0.003,0.3849248122830108,128.30822799159426,0.0006666666666666,0.777777777777778,1166.66491666929,0.6666666666666666,0.3333333333333333,0.0,0.777777777777778,0.0421637021355783,19.364916731037084,0.0092376043070339,0.0577350269189625,0.1599999999999996,0.2888228984458584,4.7697531859149125,0.5000426648463776,5.839240299279289,0.5000426648463776,0.0856348838577675,5.839240299279289,0.263604080224702,0.0505525029603436,5.214461496228751,0.816496580927726
1000,39,shuffle_l,378,0.378,240,0.003,0.3803364362097257,126.77876981031862,0.0043333333333333,0.7804232804232805,180.0976385366866,0.6587301587301587,0.3412698412698413,0.0,-0.7804232804232805,0.0419960525565808,19.44222209522358,0.0,0.9128709291752768,0.0,0.2887728935266282,4.759379970110652,0.5,5.931426319344968,0.5,0.0842967564764788,5.931426319344968,0.2636293495011952,0.0503514981763869,5.235779650044807,0.816496580927726
1000,39,shuffle_e,430,0.43,240,0.003,0.0776549202654139,25.884964793483054,0.0006666666666666,0.678294573643411,1017.440334304624,0.5883720930232558,0.4116279069767442,0.127906976744186,0.678294573643411,0.0393749615479078,16.914628318789354,0.1165698230450403,0.0782780363856436,1.489176637885355,0.077747815901876,1.2916437257205706,0.05600064294237,0.7781690018096994,0.05600064294237,0.0719646282647288,0.7781690018096994,0.0626541725651478,0.0472089204551707,1.3271680852063517,0.6660128396494847
1000,40,qcd,377,0.377,240,0.0059160797830996,0.3845422046909025,64.99948509652181,0.0016666666666666,0.7780725022104333,466.8432212203269,0.6657824933687002,0.3342175066312997,0.0,0.7780725022104333,0.042051713353118,19.4164878389476,0.0118410056441746,0.0576199021246125,0.2055020089858277,0.288917882361059,4.780854913629914,0.5001259604504175,5.863527298559493,0.5001259604504175,0.0852943859531931,5.863527298559493,0.263668460688203,0.0504182331270484,5.229625164051015,0.816496580927726
1000,40,shuffle_b,377,0.377,240,0.0059160797830996,0.3845422046909025,64.9994850965218,0.0016666666666666,0.7780725022104333,466.8432212203269,0.6657824933687002,0.3342175066312997,0.0,0.7780725022104333,0.042051713353118,19.4164878389476,0.0118410056441746,0.0576199021246125,0.2055020089858277,0.288917882361059,4.780854913629914,0.5001259604504175,5.863527298559493,0.5001259604504175,0.0852943859531931,5.863527298559493,0.263668460688203,0.0504182331270484,5.229625164051015,0.816496580927726
1000,40,shuffle_l,376,0.376,240,0.0059160797830996,0.3855649233203996,65.17235606752318,0.0016666666666666,0.7774822695035462,466.48908180867926,0.6675531914893617,0.3324468085106383,0.0,0.7774822695035462,0.0421075960533259,19.39071942966532,0.0118410056441746,0.0576199021246125,0.2055020089858277,0.288917882361059,4.780854913629914,0.5001706375494934,5.840734698493146,0.5001706375494934,0.0856348838577675,5.840734698493146,0.2636781765251249,0.0504852341308647,5.222877165264492,0.816496580927726
1000,40,shuffle_e,439,0.439,240,0.0059160797830996,0.1040132123629236,17.581438823495574,0.0016666666666666,0.6681852695520122,400.91092118465474,0.5626423690205011,0.4373576309794988,0.1412300683371298,0.6681852695520122,0.038969255642692,16.711337250821856,0.1562296818745483,0.0870388279778489,1.7949423895540997,0.10006772663252,1.642618805536392,0.0389755977788952,0.5640760748177661,0.0389755977788952,0.0690963497990708,0.5640760748177661,0.0641446830468806,0.0467224961628135,1.37288647471565,0.6512283734585186
2000,1,qcd,417,0.2085,240,0.0008660254037844,0.4004796163069544,462.4334945873512,0.0001666666666666,0.8665067945643486,5199.009573328671,0.4004796163069544,0.5995203836930456,0.0,-0.8665067945643486,0.0399840095936044,20.42057785666213,0.0,0.9128709291752768,0.0,0.645511111354477,8.712769772235111,0.5000106665528914,8.257404390771187,0.5000106665528914,0.0605530070819498,8.257404390771187,0.3979198842573593,0.0479391434093616,8.300521368507658,0.816496580927726
2000,1,shuffle_b,417,0.2085,240,0.0008660254037844,0.4004796163069544,462.4334945873512,0.0001666666666666,0.8665067945643486,5199.009573328671,0.4004796163069544,0.5995203836930456,0.0,-0.8665067945643486,0.0399840095936044,20.42057785666213,0.9128709291752768,0.1002006020070253,9.1104335791443,0.645511111354477,8.712769772235111,0.5000106665528914,8.257404390771187,0.5000106665528914,0.0605530070819498,8.257404390771187,0.3979198842573593,0.0479391434093616,8.300521368507658,0.816496580927726
2000,1,shuffle_l,749,0.3745,240,0.0008660254037844,0.3854156065327662,445.0390944762689,0.0003333333333333,0.7774810858923009,2332.436260368136,0.6675567423230975,0.3324432576769025,0.0,0.7774810858923009,0.0298341357580674,27.367864366808018,0.0023094010767585,0.0408248290463863,0.0565685424949238,0.288684372051323,6.742214365136617,0.5,8.240697234402615,0.5,0.0606744776294703,8.240697234402615,0.2635283993534739,0.0357698721848327,7.367328515789783,0.816496580927726
2000,1,shuffle_e,883,0.4415,240,0.0008660254037844,0.0637730836933231,73.63872904410523,0.0001666666666666,0.6598716496791242,3959.206142837944,0.580973952434881,0.4190260475651189,0.1517553793884484,-0.6598716496791242,0.0274772976747117,23.281015066232747,0.086005516506733,0.0551485496673632,1.5595245391853143,0.0590694739746657,1.397384965626304,0.0280439322815736,0.5634223260084015,0.0280439322815736,0.0497742652128334,0.5634223260084015,0.049077482011992,0.0329441225909574,1.4897188983100391,0.6396993811443259
2000,2,qcd,752,0.376,240,0.0012247448713915,0.3854135441902235,314.6885841324016,0.0011666666666666,0.7774822695035462,666.4128026492119,0.6675531914893617,0.3324468085106383,0.0,-0.7774822695035462,0.0297745667087706,27.422618401604176,0.0,0.9128709291752768,0.0,0.2886842985938817,6.7556836173158015,0.5000106665528914,8.257404390771187,0.5000106665528914,0.0605530070819498,8.257404390771187,0.2635305941930665,0.0356984514037249,7.3821295835137635,0.816496580927726
2000,2,shuffle_b,752,0.376,240,0.0012247448713915,0.3854135441902235,314.6885841324016,0.0011666666666666,0.7774822695035462,666.4128026492119,0.6675531914893617,0.3324468085106383,0.0,-0.7774822695035462,0.0297745667087706,27.422618401604176,0.4082613542001414,0.0577350269189625,7.071294082415183,0.2886842985938817,6.7556836173158015,0.5000106665528914,8.257404390771187,0.5000106665528914,0.0605530070819498,8.257404390771187,0.2635305941930665,0.0356984514037249,7.3821295835137635,0.816496580927726
2000,2,shuffle_l,751,0.3755,240,0.0012247448713915,0.3859267446485327,315.10761020980823,0.0006666666666666,0.7771859742565468,1165.777212719,0.6684420772303595,0.3315579227696404,0.0,-0.7771859742565468,0.0297943833942981,27.404379212089445,0.0,0.9128709291752768,0.0,0.2886842985938817,6.7556836173158015,0.5,8.240697234402615,0.5,0.0606744776294703,8.240697234402615,0.2635306140617851,0.0357222107750099,7.377220176029588,0.816496580927726
2000,2,shuffle_e,864,0.432,240,0.0012247448713915,0.0841969142568204,68.74643648412845,0.0011666666666666,0.6766975308641975,580.0259578613486,0.5648148148148148,0.4351851851851852,0.1296296296296296,-0.6766975308641975,0.0277777777777777,23.90722810272148,0.1306490781869786,0.0611303588839418,2.1372208600152454,0.078370543766467,1.8082440783245568,0.0287266874929426,0.5818000480733087,0.0287266874929426,0.0493755330341997,0.5818000480733087,0.0530643212330909,0.0333043855785605,1.5933133222926272,0.664089669520041
2000,3,qcd,752,0.376,240,0.0015811388300841,0.3854227203754608,243.76257750393813,0.0013333333333333,0.7774822695035462,583.1112647942108,0.6675531914893617,0.3324468085106383,0.0,0.7774822695035462,0.0297745667087706,27.422618401604176,0.0036369359728098,0.0407434235236187,0.0892643685354902,0.2886980440470694,6.756005283348091,0.5000106665528914,8.257404390771187,0.5000106665528914,0.0605530070819498,8.257404390771187,0.2635373042738473,0.0356984514037249,7.382317549112182,0.816496580927726
2000,3,shuffle_b,752,0.376,240,0.0015811388300841,0.3854227203754608,243.76257750393813,0.0013333333333333,0.7774822695035462,583.1112647942108,0.6675531914893617,0.3324468085106383,0.0,0.7774822695035462,0.0297745667087706,27.422618401604176,0.0036369359728098,0.0407434235236187,0.0892643685354902,0.2886980440470694,6.756005283348091,0.5000106665528914,8.257404390771187,0.5000106665528914,0.0605530070819498,8.257404390771187,0.2635373042738472,0.0356984514037249,7.382317549112181,0.816496580927726
2000,3,shuffle_l,751,0.3755,240,0.0015811388300841,0.3859359330523921,244.08716149528823,0.0003333333333333,0.7771859742565469,2331.550928116852,0.6684420772303595,0.3315579227696404,0.0,0.7771859742565469,0.0297943833942981,27.404379212089445,0.0036369359728098,0.0407434235236187,0.0892643685354902,0.2886980440470694,6.756005283348091,0.5,8.240697234402615,0.5,0.0606744776294703,8.240697234402615,0.2635373420234501,0.0357222107750099,7.377408517162989,0.816496580927726
2000,3,shuffle_e,868,0.434,240,0.0015811388300841,0.1012908047941625,64.06188931991497,0.0013333333333333,0.6735791090629801,505.1839529092702,0.5506912442396313,0.4493087557603686,0.1336405529953917,0.6735791090629801,0.0277136997736846,23.80140568206837,0.0349927106111882,0.0514344499873639,0.680336051416609,0.0957251097028712,2.1859191837358183,0.0321281130413888,0.662692114907699,0.0321281130413888,0.0484812061568949,0.662692114907699,0.0584424343463803,0.0332275587505653,1.7588542927604014,0.659625011264515
2000,4,qcd,750,0.375,240,0.0005,0.3841319217838232,768.2623070430324,0.0008333333333333,0.7782222222222224,933.865546028012,0.6653333333333333,0.3346666666666666,0.0,0.7782222222222224,0.0298142396999971,27.386127875258307,0.0018294006596698,0.0408657152149172,0.0447661481035845,0.2886809312027847,6.735388495781479,0.5000105817306433,8.273901314099108,0.5000105817306433,0.0604322631789917,8.273901314099108,0.2635298844533575,0.035746017649212,7.372286531033107,0.816496580927726
2000,4,shuffle_b,750,0.375,240,0.0005,0.3841319217838232,768.2623070430324,0.0008333333333333,0.7782222222222224,933.865546028012,0.6653333333333333,0.3346666666666666,0.0,0.7782222222222224,0.0298142396999971,27.386127875258307,0.0018294006596698,0.0408657152149172,0.0447661481035845,0.2886809312027847,6.735388495781479,0.5000105817306433,8.273901314099108,0.5000105817306433,0.0604322631789917,8.273901314099108,0.2635298844533575,0.035746017649212,7.372286531033107,0.816496580927726
2000,4,shuffle_l,583,0.2915,240,0.0005,0.4026748736774164,805.3481366585595,0.0001666666666666,0.8101772441395083,4861.034298631276,0.5694682675814752,0.4305317324185249,0.0,-0.8101772441395083,0.0338158332364122,24.14539293529927,0.0,0.9128709291752768,0.0,0.4082482904638631,7.76940386153509,0.5000105817306432,8.273901314099106,0.5000105817306432,0.0604322631789917,8.273901314099106,0.318111111474154,0.0405437597555679,7.846117710641461,0.816496580927726
2000,4,shuffle_e,888,0.444,240,0.0005,0.0925960588318545,185.1917472802146,0.0008333333333333,0.6572822822822822,788.7377922533891,0.5709459459459459,0.429054054054054,0.1554054054054054,0.6572822822822822,0.0273998312175595,23.202108478279246,0.1016674048125214,0.0614063438486343,1.655649863524361,0.0852985939493834,2.006042512677162,0.0387750307157326,0.7905128225072112,0.0387750307157326,0.0490504766168786,0.7905128225072112,0.0590545522618328,0.032851243571655,1.7976352138092824,0.6357338561963588
2000,5,qcd,751,0.3755,240,0.0005,0.3843892001238906,768.7768626940559,0.0013333333333333,0.7780736795383933,583.5548219876781,0.6657789613848203,0.3342210386151797,0.0,-0.7780736795383933,0.0297943833942981,27.404379212089445,0.0,0.9128709291752768,0.0,0.288684372051323,6.742214365136617,0.5000105817306432,8.273901314099106,0.5000105817306432,0.0604322631789917,8.273901314099106,0.2635306140617851,0.0357222107750099,7.377220176029588,0.816496580927726
2000,5,shuffle_b,751,0.3755,240,0.0005,0.3843892001238906,768.7768626940559,0.0013333333333333,0.7780736795383933,583.5548219876781,0.6657789613848203,0.3342210386151797,0.0,-0.7780736795383933,0.0297943833942981,27.404379212089445,0.4082613542001414,0.0577350269189625,7.071294082415183,0.288684372051323,6.742214365136617,0.5000105817306432,8.273901314099106,0.5000105817306432,0.0604322631789917,8.273901314099106,0.2635306140617851,0.0357222107750099,7.377220176029588,0.816496580927726
2000,5,shuffle_l,750,0.375,240,0.0005,0.3849017190573891,769.8018985109812,0.0003333333333333,0.7777777777777777,2333.3263333543478,0.6666666666666666,0.3333333333333333,0.0,-0.7777777777777777,0.0298142396999971,27.386127875258307,0.0,0.9128709291752768,0.0,0.288684372051323,6.742214365136617,0.5000106665528914,8.257404390771187,0.5000106665528914,0.0605530070819498,8.257404390771187,0.2635298844533575,0.035746017649212,7.372286531033107,0.816496580927726
2000,5,shuffle_e,871,0.4355,240,0.0005,0.1043576859302625,208.7149544306163,0.0013333333333333,0.6708763872942978,503.1569131030384,0.5671641791044776,0.4328358208955223,0.1377726750861079,-0.6708763872942978,0.0276659312237701,23.676954260018302,0.0378112219185025,0.0702208407057905,0.5384615384615382,0.0951129827161857,2.2079923082123205,0.0276825326338696,0.5613978901186394,0.0276825326338696,0.0493100047597605,0.5613978901186394,0.0616882006788906,0.0331702862711895,1.8597427883060111,0.655044988146017
2000,6,qcd,753,0.3765,240,0.0015811388300841,0.3849108708132092,243.43885562146275,0.0023333333333333,0.7777777777777777,333.3331904762516,0.6666666666666666,0.3333333333333333,0.0,-0.7777777777777777,0.0297547895118301,27.440845468024484,0.0,0.9128709291752768,0.0,0.2887255329902917,6.756648569471682,0.5000423255790104,8.274426593919808,0.5000423255790104,0.0604322631789917,8.274426593919808,0.2635565989475597,0.0356747393775923,7.387765223958493,0.816496580927726
2000,6,shuffle_b,753,0.3765,240,0.0015811388300841,0.3849108708132092,243.43885562146275,0.0023333333333333,0.7777777777777777,333.3331904762516,0.6666666666666666,0.3333333333333333,0.0,-0.7777777777777777,0.0297547895118301,27.440845468024484,0.4082613542001415,0.0577350269189625,7.071294082415185,0.2887255329902917,6.756648569471682,0.5000423255790104,8.274426593919808,0.5000423255790104,0.0604322631789917,8.274426593919808,0.2635565989475597,0.0356747393775923,7.387765223958493,0.816496580927726
2000,6,shuffle_l,751,0.3755,240,0.0015811388300841,0.3859359330523921,244.08716149528823,0.0008333333333333,0.7771859742565468,932.6220499613996,0.6684420772303595,0.3315579227696404,0.0,-0.7771859742565468,0.0297943833942981,27.404379212089445,0.0,0.9128709291752768,0.0,0.2887255329902917,6.756648569471682,0.5,8.240697234402615,0.5,0.0606744776294703,8.240697234402615,0.263550797431523,0.0357222107750099,7.377785185005797,0.816496580927726
2000,6,shuffle_e,884,0.442,240,0.0015811388300841,0.094333311037961,59.66158668771131,0.0023333333333333,0.6625188536953244,283.9365298966263,0.5588235294117647,0.4411764705882353,0.1481900452488687,-0.6625188536953244,0.0274617518190544,23.43584194738489,0.1272472692957255,0.0612678851744839,2.076899976771513,0.0911530766830699,2.116065403885775,0.027256784135217,0.5622134079545917,0.027256784135217,0.0484812061568949,0.5622134079545917,0.0575850006101506,0.0329254837648029,1.748949264390412,0.6435892752296706
2000,7,qcd,750,0.375,240,0.0005,0.3841319217838232,768.2623070430324,0.0003333333333333,0.7782222222222221,2334.6596626876617,0.6653333333333333,0.3346666666666666,0.0,0.7782222222222221,0.0298142396999971,27.386127875258307,0.0018294006596698,0.0408657152149172,0.0447661481035845,0.2886809312027847,6.735388495781479,0.5000105817306433,8.273901314099108,0.5000105817306433,0.0604322631789917,8.273901314099108,0.2635298844533575,0.035746017649212,7.372286531033107,0.816496580927726
2000,7,shuffle_b,750,0.375,240,0.0005,0.3841319217838232,768.2623070430324,0.0003333333333333,0.7782222222222221,2334.6596626876617,0.6653333333333333,0.3346666666666666,0.0,0.7782222222222221,0.0298142396999971,27.386127875258307,0.0018294006596698,0.0408657152149172,0.0447661481035845,0.2886809312027847,6.735388495781479,0.5000105817306433,8.273901314099108,0.5000105817306433,0.0604322631789917,8.273901314099108,0.2635298844533575,0.035746017649212,7.372286531033107,0.816496580927726
2000,7,shuffle_l,751,0.3755,240,0.0005,0.3836204278799833,767.239321281324,0.0013333333333333,0.7785175321793164,583.8877112187047,0.6644474034620506,0.3355525965379494,0.0,0.7785175321793164,0.0297943833942981,27.404379212089445,0.0018294006596698,0.0408657152149172,0.0447661481035845,0.2886809312027847,6.735388495781479,0.5,8.29019135649309,0.5,0.0603122387046454,8.29019135649309,0.2635306140617851,0.0357222107750099,7.377220176029588,0.816496580927726
2000,7,shuffle_e,877,0.4385,240,0.0005,0.0843631530813861,168.72596871083485,0.0003333333333333,0.6655264158114786,1996.5732577146537,0.5701254275940707,0.4298745724059293,0.1448118586088939,0.6655264158114786,0.0275711304953586,23.477080698630072,0.1010398473355501,0.0567230395650939,1.781284079806748,0.0752241096103281,1.7568566972139343,0.0444577421882915,0.9015967936910708,0.0444577421882915,0.0493100047597605,0.9015967936910708,0.0549922351595167,0.0330566241907523,1.6635768626035576,0.6472896555919949
2000,8,qcd,750,0.375,240,0.001414213562373,0.3849063378133554,272.1696891364709,0.0005,0.7777777777777778,1555.55244445065,0.6666666666666666,0.3333333333333333,0.0,0.7777777777777778,0.0298142396999971,27.386127875258307,0.0023094010767585,0.0408248290463863,0.0565685424949238,0.288684372051323,6.742214365136617,0.5000106665528914,8.257404390771187,0.5000106665528914,0.0605530070819498,8.257404390771187,0.2635298844533575,0.035746017649212,7.372286531033107,0.816496580927726
2000,8,shuffle_b,750,0.375,240,0.001414213562373,0.3849063378133554,272.1696891364709,0.0005,0.7777777777777778,1555.55244445065,0.6666666666666666,0.3333333333333333,0.0,0.7777777777777778,0.0298142396999971,27.386127875258307,0.0023094010767585,0.0408248290463863,0.0565685424949238,0.288684372051323,6.742214365136617,0.5000106665528914,8.257404390771187,0.5000106665528914,0.0605530070819498,8.257404390771187,0.2635298844533575,0.035746017649212,7.372286531033107,0.816496580927726
2000,8,shuffle_l,750,0.375,240,0.001414213562373,0.3849063378133554,272.1696891364709,0.0005,0.7777777777777778,1555.5524444506666,0.6666666666666666,0.3333333333333333,0.0,0.7777777777777778,0.0298142396999971,27.386127875258307,0.0023094010767585,0.0408248290463863,0.0565685424949238,0.288684372051323,6.742214365136617,0.5000106665528914,8.257404390771187,0.5000106665528914,0.0605530070819498,8.257404390771187,0.2635298844533575,0.035746017649212,7.372286531033107,0.816496580927726
2000,8,shuffle_e,869,0.4345,240,0.001414213562373,0.0925046789894655,65.41063955262906,0.0005,0.6712696586114308,1342.5366321495974,0.5684695051783659,0.4315304948216341,0.1369390103567318,0.6712696586114308,0.0276977494415584,23.68305779871665,0.1263714182206953,0.0554529597975392,2.2788940154336563,0.0874359588821887,2.02977468648124,0.0550555275255002,1.1135528725660042,0.0550555275255002,0.0494413232473044,1.1135528725660042,0.0617766099573683,0.0332084349741607,1.860268633720206,0.6559674009187997
2000,9,qcd,751,0.3755,240,0.0008660254037844,0.3843892001238906,443.8539038118847,0.0013333333333333,0.7780736795383933,583.5548219876775,0.6657789613848203,0.3342210386151797,0.0,-0.7780736795383933,0.0297943833942981,27.404379212089445,0.0,0.9128709291752768,0.0,0.288684372051323,6.742214365136617,0.5000105817306432,8.273901314099106,0.5000105817306432,0.0604322631789917,8.273901314099106,0.2635306140617851,0.0357222107750099,7.377220176029588,0.816496580927726
2000,9,shuffle_b,751,0.3755,240,0.0008660254037844,0.3843892001238906,443.8539038118847,0.0013333333333333,0.7780736795383933,583.5548219876775,0.6657789613848203,0.3342210386151797,0.0,-0.7780736795383933,0.0297943833942981,27.404379212089445,0.4082613542001415,0.0577350269189625,7.071294082415185,0.288684372051323,6.742214365136617,0.5000105817306432,8.273901314099106,0.5000105817306432,0.0604322631789917,8.273901314099106,0.2635306140617851,0.0357222107750099,7.377220176029588,0.816496580927726
2000,9,shuffle_l,751,0.3755,240,0.0008660254037844,0.3843892001238906,443.8539038118847,0.0013333333333333,0.7780736795383935,583.5548219876783,0.6657789613848203,0.3342210386151797,0.0,-0.7780736795383935,0.0297943833942981,27.404379212089445,0.0,0.9128709291752768,0.0,0.288684372051323,6.742214365136617,0.5000105817306432,8.273901314099106,0.5000105817306432,0.0604322631789917,8.273901314099106,0.2635306140617851,0.0357222107750099,7.377220176029588,0.816496580927726
2000,9,shuffle_e,873,0.4365,240,0.0008660254037844,0.088030359939706,101.64858664242016,0.0013333333333333,0.6693394425353187,502.0042053983361,0.584192439862543,0.415807560137457,0.1397479954180985,-0.6693394425353187,0.0276342224096559,23.625151138628176,0.1238842822828906,0.0591726335413938,2.0936077181055013,0.0792360680438304,1.868969804020987,0.0307072958810026,0.6110674725822707,0.0307072958810026,0.0502518907629606,0.6110674725822707,0.0590517274384437,0.0331322687386156,1.7823025614185892,0.6528626810265873
2000,10,qcd,417,0.2085,240,0.0008660254037844,0.4004796163069544,462.4334945873512,0.0001666666666666,0.8665067945643484,5199.009573328684,0.4004796163069544,0.5995203836930456,0.0,-0.8665067945643484,0.0399840095936044,20.42057785666213,0.0,0.9128709291752768,0.0,0.645511111354477,8.712769772235111,0.5000106665528914,8.257404390771187,0.5000106665528914,0.0605530070819498,8.257404390771187,0.3979198842573593,0.0479391434093616,8.300521368507658,0.816496580927726
2000,10,shuffle_b,417,0.2085,240,0.0008660254037844,0.4004796163069544,462.4334945873512,0.0001666666666666,0.8665067945643484,5199.009573328684,0.4004796163069544,0.5995203836930456,0.0,-0.8665067945643484,0.0399840095936044,20.42057785666213,0.5773657952708653,0.0706400733300853,8.173346488089884,0.645511111354477,8.712769772235111,0.5000106665528914,8.257404390771187,0.5000106665528914,0.0605530070819498,8.257404390771187,0.3979198842573593,0.0479391434093616,8.300521368507658,0.816496580927726
2000,10,shuffle_l,417,0.2085,240,0.0008660254037844,0.4004796163069544,462.4334945873512,0.0001666666666666,0.8665067945643484,5199.00957332867,0.4004796163069544,0.5995203836930456,0.0,-0.8665067945643484,0.0399840095936044,20.42057785666213,0.0,0.9128709291752768,0.0,0.645511111354477,8.712769772235111,0.5000106665528914,8.257404390771187,0.5000106665528914,0.0605530070819498,8.257404390771187,0.3979198842573593,0.0479391434093616,8.300521368507658,0.816496580927726
2000,10,shuffle_e,889,0.4445,240,0.0008660254037844,0.0745129141132922,86.040002692388,0.0001666666666666,0.6554180727409074,3932.484841536346,0.578177727784027,0.421822272215973,0.1574803149606299,-0.6554180727409074,0.0273844164027149,23.13313062003205,0.0855868148762321,0.0555555555555555,1.540562667772179,0.0672168899299426,1.5916744836279593,0.0460531094377881,0.9314700014688414,0.0460531094377881,0.0494413232473044,0.9314700014688414,0.0539106784867282,0.0328327618579156,1.641978177773399,0.6334872815973539
2000,11,qcd,751,0.3755,240,0.0012247448713915,0.3851610413190186,314.48241656972345,0.0011666666666666,0.7776298268974701,666.5392803070195,0.6671105193075899,0.3328894806924101,0.0,0.7776298268974701,0.0297943833942981,27.404379212089445,0.0037341890087564,0.0407840653526997,0.0915599996337598,0.2886992855912297,6.7493018651448775,0.5000106665528914,8.257404390771187,0.5000106665528914,0.0605530070819498,8.257404390771187,0.2635373420234501,0.0357222107750099,7.377408517162989,0.816496580927726
2000,11,shuffle_b,751,0.3755,240,0.0012247448713915,0.3851610413190186,314.48241656972345,0.0011666666666666,0.7776298268974701,666.5392803070195,0.6671105193075899,0.3328894806924101,0.0,0.7776298268974701,0.0297943833942981,27.404379212089445,0.0037341890087564,0.0407840653526997,0.0915599996337598,0.2886992855912297,6.7493018651448775,0.5000106665528914,8.257404390771187,0.5000106665528914,0.0605530070819498,8.257404390771187,0.2635373420234501,0.0357222107750099,7.377408517162989,0.816496580927726
2000,11,shuffle_l,751,0.3755,240,0.0012247448713915,0.3851610413190186,314.48241656972345,0.0001666666666666,0.7776298268974701,4665.750966878862,0.6671105193075899,0.3328894806924101,0.0,0.7776298268974701,0.0297943833942981,27.404379212089445,0.0037341890087564,0.0407840653526997,0.0915599996337598,0.2886992855912297,6.7493018651448775,0.5000106665528914,8.257404390771187,0.5000106665528914,0.0605530070819498,8.257404390771187,0.2635373420234501,0.0357222107750099,7.377408517162989,0.816496580927726
2000,11,shuffle_e,886,0.443,240,0.0012247448713915,0.0950295704731005,77.59125602532174,0.0011666666666666,0.6591422121896162,564.9785547523395,0.5677200902934537,0.4322799097065463,0.1523702031602709,0.6591422121896162,0.0274307391024201,23.29613556536598,0.09447479591039,0.0542645441686192,1.7410041373760214,0.086997536413363,2.037911065511543,0.0479250388574221,0.9796166119380574,0.0479250388574221,0.0489222398572927,0.9796166119380574,0.0602737688933939,0.0328883008237883,1.832681147509984,0.6390302167881651
2000,12,qcd,751,0.3755,240,0.0015,0.3859359330523921,257.2904505079611,0.0009999999999999,0.7771859742565468,777.1851970713511,0.6684420772303595,0.3315579227696404,0.0,0.7771859742565468,0.0297943833942981,27.404379212089445,0.0053944478118432,0.0407434235236187,0.1324004549768905,0.2887255329902917,6.756648569471682,0.5,8.240697234402615,0.5,0.0606744776294703,8.240697234402615,0.263550797431523,0.0357222107750099,7.377785185005795,0.816496580927726
2000,12,shuffle_b,751,0.3755,240,0.0015,0.3859359330523921,257.2904505079611,0.0009999999999999,0.7771859742565468,777.1851970713511,0.6684420772303595,0.3315579227696404,0.0,0.7771859742565468,0.0297943833942981,27.404379212089445,0.0053944478118432,0.0407434235236187,0.1324004549768905,0.2887255329902917,6.756648569471682,0.5,8.240697234402615,0.5,0.0606744776294703,8.240697234402615,0.263550797431523,0.0357222107750099,7.377785185005797,0.816496580927726
2000,12,shuffle_l,753,0.3765,240,0.0015,0.3849108708132092,256.60707613742204,0.0015,0.7777777777777779,518.5181728397367,0.6666666666666666,0.3333333333333333,0.0,0.7777777777777779,0.0297547895118301,27.440845468024484,0.0053944478118432,0.0407434235236187,0.1324004549768905,0.2887255329902917,6.756648569471682,0.5000105817306433,8.273901314099108,0.5000105817306433,0.0604322631789917,8.273901314099108,0.2635499071673765,0.0356747393775923,7.387577646409226,0.816496580927726
2000,12,shuffle_e,875,0.4375,240,0.0015,0.0867743966753289,57.84955921717985,0.001,0.6670476190476191,667.0469520006665,0.5634285714285714,0.4365714285714285,0.1417142857142857,0.6670476190476191,0.0276026223736941,23.573665694705063,0.092666637060717,0.0555555555555555,1.6679994670929073,0.0797786237408766,1.850138668420368,0.0304911085683353,0.6224424109697394,0.0304911085683353,0.0489862323501244,0.6224424109697394,0.0535554896923786,0.0330943816264648,1.6182653085003251,0.6506949921346526
2000,13,qcd,750,0.375,240,0.0,0.3841319217838232,384131921.78382325,0.0004999999999999,0.7782222222222221,1556.4413315617865,0.6653333333333333,0.3346666666666666,0.0,-0.7782222222222221,0.0298142396999971,27.386127875258307,0.0,0.9128709291752768,0.0,0.2886809312027847,6.735388495781479,0.5000423255790104,8.274426593919808,0.5000423255790104,0.0604322631789917,8.274426593919808,0.2635366303866609,0.035746017649212,7.37247524949035,0.816496580927726
2000,13,shuffle_b,750,0.375,240,0.0,0.3841319217838232,384131921.78382325,0.0004999999999999,0.7782222222222221,1556.4413315617865,0.6653333333333333,0.3346666666666666,0.0,-0.7782222222222221,0.0298142396999971,27.386127875258307,0.408248290463863,0.0578508445417186,7.05691150575094,0.2886809312027847,6.735388495781479,0.5000423255790104,8.274426593919808,0.5000423255790104,0.0604322631789917,8.274426593919808,0.2635366303866609,0.035746017649212,7.37247524949035,0.816496580927726
2000,13,shuffle_l,750,0.375,240,0.0,0.3841319217838232,384131921.78382325,0.0004999999999999,0.7782222222222224,1556.4413315617842,0.6653333333333333,0.3346666666666666,0.0,0.7782222222222224,0.0298142396999971,27.386127875258307,0.0018294006596698,0.0408657152149172,0.0447661481035845,0.2886809312027847,6.735388495781479,0.5000423255790104,8.274426593919808,0.5000423255790104,0.0604322631789917,8.274426593919808,0.2635366303866609,0.035746017649212,7.37247524949035,0.816496580927726
2000,13,shuffle_e,873,0.4365,240,0.0,0.0929601079737616,92960107.97376163,0.0004999999999999,0.6685757922871325,1337.1489102764515,0.584192439862543,0.415807560137457,0.140893470790378,-0.6685757922871325,0.0276342224096559,23.5794336386956,0.140853526682163,0.0607232709446575,2.319597157579593,0.0841768154261399,1.9855090000563616,0.0344352617079889,0.6852530558585537,0.0344352617079889,0.0502518907629606,0.6852530558585537,0.061681748191511,0.0331322687386156,1.8616819958248412,0.651599313465437
2000,14,qcd,751,0.3755,240,0.0,0.3843938127297158,384393812.72971576,0.0009999999999999,0.7780736795383933,778.0729014654933,0.6657789613848203,0.3342210386151797,0.0,-0.7780736795383933,0.0297943833942981,27.404379212089445,0.0,0.9128709291752768,0.0,0.2886982276818939,6.742537962949722,0.5000105817306432,8.273901314099106,0.5000105817306432,0.0604322631789917,8.273901314099106,0.2635373420234501,0.0357222107750099,7.377408517162989,0.816496580927726
2000,14,shuffle_b,751,0.3755,240,0.0,0.3843938127297158,384393812.72971576,0.0009999999999999,0.7780736795383933,778.0729014654933,0.6657789613848203,0.3342210386151797,0.0,-0.7780736795383933,0.0297943833942981,27.404379212089445,0.4083001274027865,0.0576199021246125,7.086095469578719,0.2886982276818939,6.742537962949722,0.5000105817306432,8.273901314099106,0.5000105817306432,0.0604322631789917,8.273901314099106,0.2635373420234501,0.0357222107750099,7.377408517162989,0.816496580927726
2000,14,shuffle_l,750,0.375,240,0.0,0.3849063378133554,384906337.8133554,0.0005,0.7777777777777778,1555.5524444506611,0.6666666666666666,0.3333333333333333,0.0,-0.7777777777777778,0.0298142396999971,27.386127875258307,0.0,0.9128709291752768,0.0,0.2886982276818939,6.742537962949722,0.5000106665528914,8.257404390771187,0.5000106665528914,0.0605530070819498,8.257404390771187,0.2635366303866609,0.035746017649212,7.37247524949035,0.816496580927726
2000,14,shuffle_e,878,0.439,240,0.0,0.0977244850529049,97724485.05290496,0.0009999999999999,0.6655277145026576,665.5270489756092,0.5831435079726651,0.4168564920273349,0.1446469248291571,-0.6655277145026576,0.0275554249227396,23.49703126694751,0.1102264136173955,0.055048188256318,2.0023622413176256,0.0874482501358541,2.0667140146091376,0.030302012312594,0.6054890499156936,0.030302012312594,0.0500455166229896,0.6054890499156936,0.0625473843274698,0.0330377938706879,1.8932070516658683,0.647470680983638
2000,15,qcd,584,0.292,240,0.0012247448713915,0.403197979203117,329.2095026578802,0.0003333333333333,0.809931506849315,2429.787231186273,0.5702054794520548,0.4297945205479452,0.0,-0.809931506849315,0.0337868689199742,24.166091947189145,0.0,0.9128709291752768,0.0,0.4082565739665973,7.781253854483323,0.5000423255790104,8.274426593919808,0.5000423255790104,0.0604322631789917,8.274426593919808,0.3181216225525586,0.0405090327601118,7.853103391444197,0.816496580927726
2000,15,shuffle_b,584,0.292,240,0.0012247448713915,0.403197979203117,329.2095026578802,0.0003333333333333,0.809931506849315,2429.787231186273,0.5702054794520548,0.4297945205479452,0.0,-0.809931506849315,0.0337868689199742,24.166091947189145,0.9128709291752768,0.0996023841111994,9.16515138991168,0.4082565739665973,7.781253854483323,0.5000423255790104,8.274426593919808,0.5000423255790104,0.0604322631789917,8.274426593919808,0.3181216225525586,0.0405090327601118,7.853103391444197,0.816496580927726
2000,15,shuffle_l,753,0.3765,240,0.0012247448713915,0.3841380372252098,313.64713790685573,0.0016666666666666,0.7782204515272244,466.9319907571404,0.6653386454183267,0.3346613545816733,0.0,0.7782204515272244,0.0297547895118301,27.440845468024484,0.0024446005416997,0.0407840653526997,0.0599400898502619,0.2886854852692491,6.748979236917055,0.5000314930872987,8.290713523933315,0.5000314930872987,0.0603122387046454,8.290713523933315,0.2635365230972523,0.0356747393775923,7.387202477021651,0.816496580927726
2000,15,shuffle_e,881,0.4405,240,0.0012247448713915,0.0816464495271484,66.66399245288295,0.0003333333333333,0.6625047294740825,1987.5082258975735,0.5902383654937571,0.4097616345062429,0.1486946651532349,-0.6625047294740825,0.0275084687541332,23.3759920303978,0.0818653062942761,0.055048188256318,1.4871571415409883,0.0730431770935595,1.7397049826259126,0.0490012485233495,0.9724225629305912,0.0490012485233495,0.0503909004082283,0.9724225629305912,0.0601584641507165,0.0329814954022837,1.8240065654073083,0.6430377463650654
2000,16,qcd,751,0.3755,240,0.0005,0.3843892001238906,768.7768626940559,0.0008333333333333,0.7780736795383931,933.687295021321,0.6657789613848203,0.3342210386151797,0.0,-0.7780736795383931,0.0297943833942981,27.404379212089445,0.0,0.9128709291752768,0.0,0.288684372051323,6.742214365136617,0.5000423255790104,8.274426593919808,0.5000423255790104,0.0604322631789917,8.274426593919808,0.2635373420234501,0.0357222107750099,7.377408517162989,0.816496580927726
2000,16,shuffle_b,751,0.3755,240,0.0005,0.3843892001238906,768.7768626940559,0.0008333333333333,0.7780736795383931,933.687295021321,0.6657789613848203,0.3342210386151797,0.0,-0.7780736795383931,0.0297943833942981,27.404379212089445,0.4082612503156317,0.0576199021246125,7.085420753278947,0.288684372051323,6.742214365136617,0.5000423255790104,8.274426593919808,0.5000423255790104,0.0604322631789917,8.274426593919808,0.2635373420234501,0.0357222107750099,7.377408517162989,0.816496580927726
2000,16,shuffle_l,750,0.375,240,0.0005,0.3849017190573891,769.8018985109812,0.0008333333333333,0.7777777777777778,933.3322133346742,0.6666666666666666,0.3333333333333333,0.0,-0.7777777777777778,0.0298142396999971,27.386127875258307,0.0,0.9128709291752768,0.0,0.288684372051323,6.742214365136617,0.5000106665528914,8.257404390771187,0.5000106665528914,0.0605530070819498,8.257404390771187,0.2635298844533575,0.035746017649212,7.372286531033107,0.816496580927726
2000,16,shuffle_e,890,0.445,240,0.0005,0.0981330587006653,196.265724869881,0.0008333333333333,0.6565543071161047,787.8642231022582,0.5752808988764045,0.4247191011235955,0.1561797752808988,-0.6565543071161047,0.0273690275751986,23.19756380079889,0.0239764577648094,0.0678531617935194,0.3533580032389793,0.0867474849164107,2.050152433357091,0.0325084807604352,0.6601412241228658,0.0325084807604352,0.0492447366904399,0.6601412241228658,0.0602129090102781,0.0328143113018882,1.83495879149575,0.6348947633414952
2000,17,qcd,751,0.3755,240,0.0007071067811865,0.3843938127297158,543.6141744681295,0.0004999999999999,0.7780736795383933,1556.144246788304,0.6657789613848203,0.3342210386151797,0.0,0.7780736795383933,0.0297943833942981,27.404379212089445,0.0023094010767585,0.0408248290463863,0.0565685424949238,0.288684372051323,6.742214365136617,0.5000105817306433,8.273901314099108,0.5000105817306433,0.0604322631789917,8.273901314099108,0.2635306140617851,0.0357222107750099,7.377220176029588,0.816496580927726
2000,17,shuffle_b,751,0.3755,240,0.0007071067811865,0.3843938127297158,543.6141744681295,0.0004999999999999,0.7780736795383933,1556.144246788304,0.6657789613848203,0.3342210386151797,0.0,0.7780736795383933,0.0297943833942981,27.404379212089445,0.0023094010767585,0.0408248290463863,0.0565685424949238,0.288684372051323,6.742214365136617,0.5000105817306433,8.273901314099108,0.5000105817306433,0.0604322631789917,8.273901314099108,0.2635306140617851,0.0357222107750099,7.377220176029588,0.816496580927726
2000,17,shuffle_l,751,0.3755,240,0.0007071067811865,0.3843892001238906,543.607651267639,0.0005,0.7780736795383931,1556.144246788287,0.6657789613848203,0.3342210386151797,0.0,-0.7780736795383931,0.0297943833942981,27.404379212089445,0.0,0.9128709291752768,0.0,0.288684372051323,6.742214365136617,0.5000105817306432,8.273901314099106,0.5000105817306432,0.0604322631789917,8.273901314099106,0.2635306140617851,0.0357222107750099,7.377220176029588,0.816496580927726
2000,17,shuffle_e,890,0.445,240,0.0007071067811865,0.098390019231414,139.14430281945528,0.0005,0.6565543071161047,1313.105988020233,0.5910112359550562,0.4089887640449438,0.1561797752808988,0.6565543071161047,0.0273690275751986,23.19756380079889,0.1376491087579796,0.057967361970021,2.374596739958041,0.089690060425016,2.148480761316947,0.0490418602161021,0.9772640150158785,0.0490418602161021,0.0501828159663745,0.9772640150158785,0.0677690491775385,0.0328143113018882,2.065228447248837,0.6348947633414952
2000,18,qcd,585,0.2925,240,0.0011180339887498,0.4037156665236014,361.09394659911936,0.0001666666666666,0.8096866096866098,4858.090509576516,0.5709401709401709,0.429059829059829,0.0,0.8096866096866098,0.0337579789027888,24.18677324489565,0.2886906604673002,0.0499500748752183,5.779584138532049,0.4082592690611927,7.792980105335551,0.5000105817306433,8.273901314099108,0.5000105817306433,0.0604322631789917,8.273901314099108,0.3181123786121104,0.0404743948463301,7.859595673261901,0.816496580927726
2000,18,shuffle_b,585,0.2925,240,0.0011180339887498,0.4037156665236014,361.09394659911936,0.0001666666666666,0.8096866096866098,4858.090509576516,0.5709401709401709,0.429059829059829,0.0,0.8096866096866098,0.0337579789027888,24.18677324489565,0.2886906604673002,0.0499500748752183,5.779584138532049,0.4082592690611927,7.792980105335551,0.5000105817306433,8.273901314099108,0.5000105817306433,0.0604322631789917,8.273901314099108,0.3181123786121104,0.0404743948463301,7.859595673261901,0.816496580927726
2000,18,shuffle_l,750,0.375,240,0.0011180339887498,0.3856745893741107,344.95753107453635,0.0003333333333333,0.7773333333333333,2331.993004021021,0.668,0.332,0.0,-0.7773333333333333,0.0298142396999971,27.386127875258307,0.0,0.9128709291752768,0.0,0.288685485269249,6.748979236917054,0.5,8.240697234402615,0.5,0.0606744776294703,8.240697234402615,0.2635298844533575,0.035746017649212,7.372286531033107,0.816496580927726
2000,18,shuffle_e,833,0.4165,240,0.0011180339887498,0.1380552220888355,123.48023405170784,0.0001666666666666,0.6694677871148459,4016.782621993315,0.5630252100840336,0.4369747899159664,0.1464585834333733,0.6694677871148459,0.0282899297993335,22.816744762051723,0.2031864223372768,0.0589255650988789,3.448187929913334,0.1258703257123191,2.847108761543568,0.0294182754655842,0.5862220941386835,0.0294182754655842,0.0501828159663745,0.5862220941386835,0.0764825387068776,0.0339184342809869,2.254895909206226,0.6454841075677548
2000,19,qcd,751,0.3755,240,0.0011180339887498,0.3859267446485327,345.18306540660944,0.0005,0.7771859742565469,1554.3688397754088,0.6684420772303595,0.3315579227696404,0.0,-0.7771859742565469,0.0297943833942981,27.404379212089445,0.0,0.9128709291752768,0.0,0.2886842985938817,6.7556836173158015,0.5,8.240697234402615,0.5,0.0606744776294703,8.240697234402615,0.2635306140617851,0.0357222107750099,7.377220176029588,0.816496580927726
2000,19,shuffle_b,751,0.3755,240,0.0011180339887498,0.3859267446485327,345.18306540660944,0.0005,0.7771859742565469,1554.3688397754088,0.6684420772303595,0.3315579227696404,0.0,-0.7771859742565469,0.0297943833942981,27.404379212089445,0.4082612503156317,0.0576199021246125,7.085420753278947,0.2886842985938817,6.7556836173158015,0.5,8.240697234402615,0.5,0.0606744776294703,8.240697234402615,0.2635306140617851,0.0357222107750099,7.377220176029588,0.816496580927726
2000,19,shuffle_l,751,0.3755,240,0.0011180339887498,0.3859267446485327,345.18306540660944,0.0005,0.7771859742565469,1554.3688397754142,0.6684420772303595,0.3315579227696404,0.0,-0.7771859742565469,0.0297943833942981,27.404379212089445,0.0,0.9128709291752768,0.0,0.2886842985938817,6.7556836173158015,0.5,8.240697234402615,0.5,0.0606744776294703,8.240697234402615,0.2635306140617851,0.0357222107750099,7.377220176029588,0.816496580927726
2000,19,shuffle_e,880,0.44,240,0.0011180339887498,0.0939958896586828,84.07240435630925,0.0004999999999999,0.6632575757575758,1326.5124984901593,0.5613636363636364,0.4386363636363636,0.146590909090909,-0.6632575757575758,0.027524094128159,23.44633621310975,0.0713578984391672,0.0684225689379966,1.0429000189079498,0.0877634063298062,2.037376187612169,0.029041747358895,0.5959511687817243,0.029041747358895,0.0487317566945355,0.5959511687817243,0.0567196114678941,0.0330002295676128,1.718764148342773,0.6453391648900961
2000,20,qcd,585,0.2925,240,0.0011180339887498,0.4037156665236014,361.09394659911936,0.0001666666666666,0.8096866096866098,4858.090509576619,0.5709401709401709,0.429059829059829,0.0,0.8096866096866098,0.0337579789027888,24.18677324489565,0.2886906604673002,0.0499500748752183,5.779584138532049,0.4082592690611927,7.792980105335551,0.5000423255790104,8.274426593919808,0.5000423255790104,0.0604322631789917,8.274426593919808,0.3181215640830764,0.0404743948463301,7.859822618494829,0.816496580927726
2000,20,shuffle_b,585,0.2925,240,0.0011180339887498,0.4037156665236014,361.09394659911936,0.0001666666666666,0.8096866096866098,4858.090509576619,0.5709401709401709,0.429059829059829,0.0,0.8096866096866098,0.0337579789027888,24.18677324489565,0.2886906604673002,0.0499500748752183,5.779584138532049,0.4082592690611927,7.792980105335551,0.5000423255790104,8.274426593919808,0.5000423255790104,0.0604322631789917,8.274426593919808,0.3181215640830764,0.0404743948463301,7.859822618494829,0.816496580927726
2000,20,shuffle_l,750,0.375,240,0.0011180339887498,0.3856745893741107,344.95753107453635,0.0003333333333333,0.7773333333333333,2331.9930040209806,0.668,0.332,0.0,-0.7773333333333333,0.0298142396999971,27.386127875258307,0.0,0.9128709291752768,0.0,0.2886992855912297,6.7493018651448775,0.5,8.240697234402615,0.5,0.0606744776294703,8.240697234402615,0.2635366303866609,0.035746017649212,7.37247524949035,0.816496580927726
2000,20,shuffle_e,843,0.4215,240,0.0011180339887498,0.1275966008021338,114.12576715940088,0.0001666666666666,0.6615262949782523,3969.133955065861,0.5432977461447213,0.4567022538552787,0.1565836298932384,0.6615262949782523,0.0281216360406398,22.56118608224581,0.213970366976324,0.0604563541758343,3.539253563885143,0.1241217246335763,2.774436700943576,0.0433786971015825,0.8889987469827807,0.0433786971015825,0.0487950036474266,0.8889987469827807,0.0724735617774625,0.0337166571527069,2.149488350794113,0.6344574636500662
2000,21,qcd,751,0.3755,240,0.0008660254037844,0.3859267446485327,445.629305252214,0.0005,0.7771859742565469,1554.368839775403,0.6684420772303595,0.3315579227696404,0.0,-0.7771859742565469,0.0297943833942981,27.404379212089445,0.0,0.9128709291752768,0.0,0.2886842985938817,6.7556836173158015,0.5,8.240697234402615,0.5,0.0606744776294703,8.240697234402615,0.2635306140617851,0.0357222107750099,7.377220176029588,0.816496580927726
2000,21,shuffle_b,751,0.3755,240,0.0008660254037844,0.3859267446485327,445.629305252214,0.0005,0.7771859742565469,1554.368839775403,0.6684420772303595,0.3315579227696404,0.0,-0.7771859742565469,0.0297943833942981,27.404379212089445,0.4082612503156317,0.0576199021246125,7.085420753278947,0.2886842985938817,6.7556836173158015,0.5,8.240697234402615,0.5,0.0606744776294703,8.240697234402615,0.2635306140617851,0.0357222107750099,7.377220176029588,0.816496580927726
2000,21,shuffle_l,751,0.3755,240,0.0008660254037844,0.3859267446485327,445.629305252214,8.881784197001254e-19,0.7771859742565469,777185973.5662671,0.6684420772303595,0.3315579227696404,0.0,-0.7771859742565469,0.0297943833942981,27.404379212089445,0.0,0.9128709291752768,0.0,0.2886842985938817,6.7556836173158015,0.5,8.240697234402615,0.5,0.0606744776294703,8.240697234402615,0.2635306140617851,0.0357222107750099,7.377220176029588,0.816496580927726
2000,21,shuffle_e,861,0.4305,240,0.0008660254037844,0.0827643286937043,95.56790454890697,0.0004999999999999,0.6778939217963608,1355.7851320224684,0.5644599303135889,0.4355400696864111,0.1277584204413472,-0.6778939217963608,0.027826129037656,23.940766043417337,0.0253780338105329,0.0676664952450958,0.3750457847507962,0.0756854903611091,1.7427096823731247,0.0339673045409519,0.6870225614927067,0.0339673045409519,0.0494413232473044,0.6870225614927067,0.0523115676751974,0.0333623567026396,1.5679817868219912,0.6661788451844657
2000,22,qcd,583,0.2915,240,0.0007071067811865,0.4051006259284851,572.8979891137875,1.332267629550188e-18,0.8090337335620353,809033732.4841858,0.5728987993138936,0.4271012006861063,0.0,-0.8090337335620353,0.0338158332364122,24.14539293529927,0.0,0.9128709291752768,0.0,0.4082592690611927,7.792980105335551,0.5,8.240697234402615,0.5,0.0606744776294703,8.240697234402615,0.318111111474154,0.0405437597555679,7.846117710641459,0.816496580927726
2000,22,shuffle_b,583,0.2915,240,0.0007071067811865,0.4051006259284851,572.8979891137875,1.332267629550188e-18,0.8090337335620353,809033732.4841858,0.5728987993138936,0.4271012006861063,0.0,-0.8090337335620353,0.0338158332364122,24.14539293529927,0.9128709291752768,0.0996023841111994,9.16515138991168,0.4082592690611927,7.792980105335551,0.5,8.240697234402615,0.5,0.0606744776294703,8.240697234402615,0.318111111474154,0.0405437597555679,7.846117710641459,0.816496580927726
2000,22,shuffle_l,584,0.292,240,0.0007071067811865,0.4044069604731282,571.9169994064009,0.0,0.8093607305936075,809360730.5936074,0.571917808219178,0.4280821917808219,0.0,0.8093607305936075,0.0337868689199742,24.166091947189145,0.2886906604673002,0.0499500748752183,5.779584138532049,0.4082592690611927,7.792980105335551,0.5000106665528914,8.257404390771187,0.5000106665528914,0.0605530070819498,8.257404390771187,0.3181124055988058,0.0405090327601118,7.852875863085092,0.816496580927726
2000,22,shuffle_e,750,0.375,240,0.0007071067811865,0.2182882905191613,308.7058243834726,6.661338147750939e-19,0.652888888888889,652888888.4539776,0.5213333333333333,0.4786666666666667,0.1613333333333333,-0.652888888888889,0.0298142396999971,21.10838695874225,0.2905318107494972,0.0612678851744839,4.741991826910553,0.2199624790082869,4.542879996299326,0.0515821984742527,1.020801625425087,0.0515821984742527,0.0505310700820766,1.020801625425087,0.1176246383865028,0.035746017649212,3.2905662258882624,0.6293305084682363
2000,23,qcd,584,0.292,240,0.0011180339887498,0.4044069604731282,361.71225815151513,0.0001666666666666,0.8093607305936074,4856.1352467500255,0.571917808219178,0.4280821917808219,0.0,-0.8093607305936074,0.0337868689199742,24.166091947189145,0.0,0.9128709291752768,0.0,0.4082592690611927,7.792980105335551,0.5000106665528914,8.257404390771187,0.5000106665528914,0.0605530070819498,8.257404390771187,0.3181124055988058,0.0405090327601118,7.852875863085092,0.816496580927726
2000,23,shuffle_b,584,0.292,240,0.0011180339887498,0.4044069604731282,361.71225815151513,0.0001666666666666,0.8093607305936074,4856.1352467500255,0.571917808219178,0.4280821917808219,0.0,-0.8093607305936074,0.0337868689199742,24.166091947189145,0.5773657952708653,0.0706400733300853,8.173346488089884,0.4082592690611927,7.792980105335551,0.5000106665528914,8.257404390771187,0.5000106665528914,0.0605530070819498,8.257404390771187,0.3181124055988058,0.0405090327601118,7.852875863085092,0.816496580927726
2000,23,shuffle_l,751,0.3755,240,0.0011180339887498,0.3851610413190186,344.498200141015,0.0008333333333333,0.7776298268974701,933.1546724913554,0.6671105193075899,0.3328894806924101,0.0,0.7776298268974701,0.0297943833942981,27.404379212089445,0.0024446005416997,0.0407840653526997,0.0599400898502619,0.2886854852692491,6.748979236917055,0.5000106665528914,8.257404390771187,0.5000106665528914,0.0605530070819498,8.257404390771187,0.2635306140617851,0.0357222107750099,7.377220176029588,0.816496580927726
2000,23,shuffle_e,836,0.418,240,0.0011180339887498,0.1352679898873414,120.9872600128447,0.0001666666666666,0.6650717703349283,3990.406679569485,0.5334928229665071,0.4665071770334928,0.1519138755980861,-0.6650717703349283,0.0282391247362452,22.646836127876025,0.1015722713887164,0.0547503599848003,1.8551891059148216,0.1360095427613348,3.0000679432447512,0.0409454344171059,0.8445630309732441,0.0409454344171059,0.0484812061568949,0.8445630309732441,0.0762679025612289,0.0338575211502112,2.252613303344361,0.6395268302963966
2000,24,qcd,751,0.3755,240,0.0007071067811865,0.3851610413190186,544.6991980101069,0.0006666666666666,0.7776298268974701,1166.4429906817215,0.6671105193075899,0.3328894806924101,0.0,-0.7776298268974701,0.0297943833942981,27.404379212089445,0.0,0.9128709291752768,0.0,0.2886992855912297,6.7493018651448775,0.5000106665528914,8.257404390771187,0.5000106665528914,0.0605530070819498,8.257404390771187,0.2635373420234501,0.0357222107750099,7.377408517162989,0.816496580927726
2000,24,shuffle_b,751,0.3755,240,0.0007071067811865,0.3851610413190186,544.6991980101069,0.0006666666666666,0.7776298268974701,1166.4429906817215,0.6671105193075899,0.3328894806924101,0.0,-0.7776298268974701,0.0297943833942981,27.404379212089445,0.408248290463863,0.0578508445417186,7.05691150575094,0.2886992855912297,6.7493018651448775,0.5000106665528914,8.257404390771187,0.5000106665528914,0.0605530070819498,8.257404390771187,0.2635373420234501,0.0357222107750099,7.377408517162989,0.816496580927726
2000,24,shuffle_l,751,0.3755,240,0.0007071067811865,0.3851610413190186,544.6991980101069,0.0011666666666666,0.7776298268974701,666.5392803070192,0.6671105193075899,0.3328894806924101,0.0,-0.7776298268974701,0.0297943833942981,27.404379212089445,0.0,0.9128709291752768,0.0,0.2886992855912297,6.7493018651448775,0.5000106665528914,8.257404390771187,0.5000106665528914,0.0605530070819498,8.257404390771187,0.2635373420234501,0.0357222107750099,7.377408517162989,0.816496580927726
2000,24,shuffle_e,877,0.4385,240,0.0007071067811865,0.106196478466363,150.18428773073643,0.0006666666666666,0.6659064994298746,998.8582508574352,0.5473204104903079,0.4526795895096921,0.1436716077537058,-0.6659064994298746,0.0275711304953586,23.52249705560404,0.1519353543246861,0.0595491334175413,2.551428469317248,0.0980716857994985,2.2441844033776808,0.0344376499325202,0.7166762966142333,0.0344376499325202,0.0480518891097874,0.7166762966142333,0.0591388919450072,0.0330566241907523,1.7890178865133897,0.648541835896748
2000,25,qcd,752,0.376,240,0.0011180339887498,0.3854135441902235,344.72404537282404,0.0004999999999999,0.777482269503546,1554.9614290842364,0.6675531914893617,0.3324468085106383,0.0,0.777482269503546,0.0297745667087706,27.422618401604176,0.0036369359728098,0.0407434235236187,0.0892643685354902,0.2886980440470694,6.756005283348091,0.5000106665528914,8.257404390771187,0.5000106665528914,0.0605530070819498,8.257404390771187,0.2635373042738472,0.0356984514037249,7.382317549112181,0.816496580927726
2000,25,shuffle_b,752,0.376,240,0.0011180339887498,0.3854135441902235,344.72404537282404,0.0004999999999999,0.777482269503546,1554.9614290842364,0.6675531914893617,0.3324468085106383,0.0,0.777482269503546,0.0297745667087706,27.422618401604176,0.0036369359728098,0.0407434235236187,0.0892643685354902,0.2886980440470694,6.756005283348091,0.5000106665528914,8.257404390771187,0.5000106665528914,0.0605530070819498,8.257404390771187,0.2635373042738472,0.0356984514037249,7.382317549112181,0.816496580927726
2000,25,shuffle_l,752,0.376,240,0.0011180339887498,0.3854135441902235,344.72404537282404,0.0009999999999999,0.777482269503546,777.4814920220555,0.6675531914893617,0.3324468085106383,0.0,0.777482269503546,0.0297745667087706,27.422618401604176,0.0036369359728098,0.0407434235236187,0.0892643685354902,0.2886980440470694,6.756005283348091,0.5000106665528914,8.257404390771187,0.5000106665528914,0.0605530070819498,8.257404390771187,0.2635373042738472,0.0356984514037249,7.382317549112181,0.816496580927726
2000,25,shuffle_e,877,0.4385,240,0.0011180339887498,0.0713727815485921,63.837699416183725,0.0004999999999999,0.6666666666666667,1333.3306666720084,0.5632839224629419,0.4367160775370581,0.1425313568985176,0.6666666666666667,0.0275711304953586,23.567971037765297,0.1227275433317709,0.0569433240428409,2.155257800535803,0.070695802458265,1.6411617383142312,0.0384545458835776,0.7860340408728306,0.0384545458835776,0.0489222398572927,0.7860340408728306,0.0503515764504235,0.0330566241907523,1.5231917258057297,0.6497956049930597
2000,26,qcd,585,0.2925,240,0.0011180339887498,0.4037156665236014,361.09394659911936,0.0001666666666666,0.8096866096866098,4858.09050957667,0.5709401709401709,0.429059829059829,0.0,0.8096866096866098,0.0337579789027888,24.18677324489565,0.2886906604673002,0.0499500748752183,5.779584138532049,0.4082592690611927,7.792980105335551,0.5000105817306433,8.273901314099108,0.5000105817306433,0.0604322631789917,8.273901314099108,0.3181123786121104,0.0404743948463301,7.859595673261901,0.816496580927726
2000,26,shuffle_b,585,0.2925,240,0.0011180339887498,0.4037156665236014,361.09394659911936,0.0001666666666666,0.8096866096866098,4858.09050957667,0.5709401709401709,0.429059829059829,0.0,0.8096866096866098,0.0337579789027888,24.18677324489565,0.2886906604673002,0.0499500748752183,5.779584138532049,0.4082592690611927,7.792980105335551,0.5000105817306433,8.273901314099108,0.5000105817306433,0.0604322631789917,8.273901314099108,0.3181123786121104,0.0404743948463301,7.859595673261901,0.816496580927726
2000,26,shuffle_l,751,0.3755,240,0.0011180339887498,0.3851610413190186,344.498200141015,0.0003333333333333,0.7776298268974701,2332.88248204496,0.6671105193075899,0.3328894806924101,0.0,-0.7776298268974701,0.0297943833942981,27.404379212089445,0.0,0.9128709291752768,0.0,0.288685485269249,6.748979236917054,0.5000106665528914,8.257404390771187,0.5000106665528914,0.0605530070819498,8.257404390771187,0.2635306140617851,0.0357222107750099,7.377220176029588,0.816496580927726
2000,26,shuffle_e,845,0.4225,240,0.0011180339887498,0.1247103713690459,111.54424738396426,0.0001666666666666,0.6575936883629192,3945.5384569468088,0.5479289940828402,0.4520710059171597,0.1621301775147929,0.6575936883629192,0.0280883362823162,22.374885540681092,0.2470815864072849,0.066755733729319,3.70127886556008,0.128956637375815,2.8982008271610917,0.0420209393641693,0.8578112124204325,0.0420209393641693,0.0489862323501244,0.8578112124204325,0.075739259737679,0.0336767321450351,2.2490085858536943,0.6284733093449851
2000,27,qcd,418,0.209,240,0.0008660254037844,0.4019138755980861,464.0896326506529,0.0001666666666666,0.8660287081339713,5196.141071957415,0.4019138755980861,0.5980861244019139,0.0,-0.8660287081339713,0.0399361531915435,20.445048300260872,0.0,0.9128709291752768,0.0,0.645552111254135,8.739372024157307,0.5000106665528914,8.257404390771187,0.5000106665528914,0.0605530070819498,8.257404390771187,0.3979342256357929,0.0478817655989626,8.310767588829558,0.816496580927726
2000,27,shuffle_b,418,0.209,240,0.0008660254037844,0.4019138755980861,464.0896326506529,0.0001666666666666,0.8660287081339713,5196.141071957415,0.4019138755980861,0.5980861244019139,0.0,-0.8660287081339713,0.0399361531915435,20.445048300260872,0.0,0.9128709291752768,0.0,0.645552111254135,8.739372024157307,0.5000106665528914,8.257404390771187,0.5000106665528914,0.0605530070819498,8.257404390771187,0.3979342256357929,0.0478817655989626,8.310767588829558,0.816496580927726
2000,27,shuffle_l,751,0.3755,240,0.0008660254037844,0.3843938127297158,443.8592299841641,0.0006666666666666,0.7780736795383933,1167.108768644438,0.6657789613848203,0.3342210386151797,0.0,-0.7780736795383933,0.0297943833942981,27.404379212089445,0.0,0.9128709291752768,0.0,0.2886982276818939,6.742537962949722,0.5000105817306432,8.273901314099106,0.5000105817306432,0.0604322631789917,8.273901314099106,0.2635373420234501,0.0357222107750099,7.377408517162989,0.816496580927726
2000,27,shuffle_e,879,0.4395,240,0.0008660254037844,0.0826270707982591,95.4094129661498,0.0001666666666666,0.6636329161926431,3981.77360651417,0.5699658703071673,0.4300341296928328,0.1467576791808873,-0.6636329161926431,0.0275397461590675,23.426378760768888,0.1100077982975503,0.0553509303462559,1.9874606914351791,0.0774144948438999,1.8098201849345168,0.0341874285273018,0.69423517770456,0.0341874285273018,0.0492447366904399,0.69423517770456,0.0545793561295667,0.0330189956934216,1.6529683893577805,0.6451565244977474
2000,28,qcd,750,0.375,240,0.0007071067811865,0.3849017190573891,544.332461469329,0.0006666666666666,0.7777777777777777,1166.6649166692887,0.6666666666666666,0.3333333333333333,0.0,0.7777777777777777,0.0298142396999971,27.386127875258307,0.0023094010767585,0.0408248290463863,0.0565685424949238,0.288684372051323,6.742214365136617,0.5000106665528914,8.257404390771187,0.5000106665528914,0.0605530070819498,8.257404390771187,0.2635298844533575,0.035746017649212,7.372286531033107,0.816496580927726
2000,28,shuffle_b,750,0.375,240,0.0007071067811865,0.3849017190573891,544.332461469329,0.0006666666666666,0.7777777777777777,1166.6649166692887,0.6666666666666666,0.3333333333333333,0.0,0.7777777777777777,0.0298142396999971,27.386127875258307,0.0023094010767585,0.0408248290463863,0.0565685424949238,0.288684372051323,6.742214365136617,0.5000106665528914,8.257404390771187,0.5000106665528914,0.0605530070819498,8.257404390771187,0.2635298844533575,0.035746017649212,7.372286531033107,0.816496580927726
2000,28,shuffle_l,750,0.375,240,0.0007071067811865,0.3849017190573891,544.332461469329,0.0001666666666666,0.7777777777777777,4666.638666834657,0.6666666666666666,0.3333333333333333,0.0,0.7777777777777777,0.0298142396999971,27.386127875258307,0.0023094010767585,0.0408248290463863,0.0565685424949238,0.288684372051323,6.742214365136617,0.5000106665528914,8.257404390771187,0.5000106665528914,0.0605530070819498,8.257404390771187,0.2635298844533575,0.035746017649212,7.372286531033107,0.816496580927726
2000,28,shuffle_e,880,0.44,240,0.0007071067811865,0.0833350550786322,117.8533984434362,0.0006666666666666,0.662878787878788,994.3166903431436,0.5659090909090909,0.4340909090909091,0.1477272727272727,0.662878787878788,0.027524094128159,23.40114604808141,0.0338512576577786,0.0517641613763912,0.6539516290361017,0.0781586363695926,1.8217380336666895,0.0447074640748673,0.912653656548333,0.0447074640748673,0.0489862323501244,0.912653656548333,0.0552900565936292,0.0330002295676128,1.6754446050245673,0.6440953465341892
2000,29,qcd,750,0.375,240,0.0005,0.3841319217838232,768.2623070430324,0.0006666666666666,0.7782222222222224,1167.3315823359594,0.6653333333333333,0.3346666666666666,0.0,-0.7782222222222224,0.0298142396999971,27.386127875258307,0.0,0.9128709291752768,0.0,0.2886809312027847,6.735388495781479,0.5000423255790104,8.274426593919808,0.5000423255790104,0.0604322631789917,8.274426593919808,0.2635366303866609,0.035746017649212,7.37247524949035,0.816496580927726
2000,29,shuffle_b,750,0.375,240,0.0005,0.3841319217838232,768.2623070430324,0.0006666666666666,0.7782222222222224,1167.3315823359594,0.6653333333333333,0.3346666666666666,0.0,-0.7782222222222224,0.0298142396999971,27.386127875258307,0.4082613542001415,0.0577350269189625,7.071294082415185,0.2886809312027847,6.735388495781479,0.5000423255790104,8.274426593919808,0.5000423255790104,0.0604322631789917,8.274426593919808,0.2635366303866609,0.035746017649212,7.37247524949035,0.816496580927726
2000,29,shuffle_l,751,0.3755,240,0.0005,0.3843892001238906,768.7768626940559,0.0003333333333333,0.7780736795383933,2334.2140359730925,0.6657789613848203,0.3342210386151797,0.0,0.7780736795383933,0.0297943833942981,27.404379212089445,0.0023094010767585,0.0408248290463863,0.0565685424949238,0.288684372051323,6.742214365136617,0.5000423255790104,8.274426593919808,0.5000423255790104,0.0604322631789917,8.274426593919808,0.2635373420234501,0.0357222107750099,7.377408517162989,0.816496580927726
2000,29,shuffle_e,874,0.437,240,0.0005,0.0880709629195689,176.1415735559908,0.0006666666666666,0.667810831426392,1001.7147445674748,0.5869565217391305,0.4130434782608695,0.1418764302059496,-0.667810831426392,0.0276184088333053,23.553726499995992,0.1197702115772833,0.055048188256318,2.175733940953761,0.0799992495281497,1.8925130194991924,0.0252239859273273,0.5005662872261057,0.0252239859273273,0.0503909004082283,0.5005662872261057,0.0597800995097495,0.033113308926626,1.805319415290478,0.6505164480247482
2000,30,qcd,750,0.375,240,0.0005,0.3856745893741107,771.3476360529493,0.0003333333333333,0.7773333333333333,2331.9930040209897,0.668,0.332,0.0,0.7773333333333333,0.0298142396999971,27.386127875258307,0.0037341890087564,0.0407840653526997,0.0915599996337598,0.2886992855912297,6.7493018651448775,0.5,8.240697234402615,0.5,0.0606744776294703,8.240697234402615,0.2635366303866609,0.035746017649212,7.37247524949035,0.816496580927726
2000,30,shuffle_b,750,0.375,240,0.0005,0.3856745893741107,771.3476360529493,0.0003333333333333,0.7773333333333333,2331.9930040209897,0.668,0.332,0.0,0.7773333333333333,0.0298142396999971,27.386127875258307,0.0037341890087564,0.0407840653526997,0.0915599996337598,0.2886992855912297,6.7493018651448775,0.5,8.240697234402615,0.5,0.0606744776294703,8.240697234402615,0.2635366303866609,0.035746017649212,7.37247524949035,0.816496580927726
2000,30,shuffle_l,752,0.376,240,0.0005,0.384648859083222,769.2961795740849,0.0008333333333333,0.7779255319148937,933.509518086447,0.6662234042553191,0.3337765957446808,0.0,0.7779255319148937,0.0297745667087706,27.422618401604176,0.0037341890087564,0.0407840653526997,0.0915599996337598,0.2886992855912297,6.7493018651448775,0.5000105817306433,8.273901314099108,0.5000105817306433,0.0604322631789917,8.273901314099108,0.2635373042738473,0.0356984514037249,7.382317549112182,0.816496580927726
2000,30,shuffle_e,869,0.4345,240,0.0005,0.0866735560766423,173.34676545975373,0.0003333333333333,0.6708860759493671,2012.652189891539,0.571921749136939,0.428078250863061,0.1369390103567318,0.6708860759493671,0.0276977494415584,23.68305779871665,0.1349382964703988,0.0618274208536872,2.18249919869254,0.080907248160749,1.8839089306471304,0.0407681475486642,0.8212714554391025,0.0407681475486642,0.0496402830984392,0.8212714554391025,0.057513900072759,0.0332084349741607,1.7319063700987454,0.6559674009187997
2000,31,qcd,752,0.376,240,0.001414213562373,0.3838826507447029,271.4458335802569,0.001,0.7783687943262411,778.3680159582242,0.6648936170212766,0.3351063829787234,0.0,0.7783687943262411,0.0297745667087706,27.422618401604176,0.0036514837167011,0.0408248290463863,0.0894427190999916,0.2886982276818939,6.742537962949722,0.5000314930872987,8.290713523933315,0.5000314930872987,0.0603122387046454,8.290713523933315,0.263544014183783,0.0356984514037249,7.382505509924818,0.816496580927726
2000,31,shuffle_b,752,0.376,240,0.001414213562373,0.3838826507447029,271.4458335802569,0.001,0.7783687943262411,778.3680159582242,0.6648936170212766,0.3351063829787234,0.0,0.7783687943262411,0.0297745667087706,27.422618401604176,0.0036514837167011,0.0408248290463863,0.0894427190999916,0.2886982276818939,6.742537962949722,0.5000314930872987,8.290713523933315,0.5000314930872987,0.0603122387046454,8.290713523933315,0.263544014183783,0.0356984514037249,7.382505509924818,0.816496580927726
2000,31,shuffle_l,751,0.3755,240,0.001414213562373,0.3843938127297158,271.8072794305634,0.0005,0.7780736795383931,1556.1442467882923,0.6657789613848203,0.3342210386151797,0.0,0.7780736795383931,0.0297943833942981,27.404379212089445,0.0036514837167011,0.0408248290463863,0.0894427190999916,0.2886982276818939,6.742537962949722,0.5000423255790104,8.274426593919808,0.5000423255790104,0.0604322631789917,8.274426593919808,0.2635440698133583,0.0357222107750099,7.377596853488268,0.816496580927726
2000,31,shuffle_e,878,0.439,240,0.001414213562373,0.0908095638509232,64.21201299083077,0.0009999999999999,0.6666666666666667,666.666000000667,0.5728929384965832,0.4271070615034169,0.143507972665148,0.6666666666666667,0.0275554249227396,23.542430071414167,0.1153062277154555,0.0601929265428846,1.9156109253685372,0.0811200604016093,1.9002316104897388,0.0304338992280355,0.615555920212852,0.0304338992280355,0.0494413232473044,0.615555920212852,0.0566945783390745,0.0330377938706879,1.7160521843855785,0.6487216643317012
2000,32,qcd,752,0.376,240,0.0011180339887498,0.3854135441902235,344.72404537282404,0.0005,0.777482269503546,1554.9614290842258,0.6675531914893617,0.3324468085106383,0.0,-0.777482269503546,0.0297745667087706,27.422618401604176,0.0,0.9128709291752768,0.0,0.2886842985938817,6.7556836173158015,0.5000106665528914,8.257404390771187,0.5000106665528914,0.0605530070819498,8.257404390771187,0.2635305941930665,0.0356984514037249,7.3821295835137635,0.816496580927726
2000,32,shuffle_b,752,0.376,240,0.0011180339887498,0.3854135441902235,344.72404537282404,0.0005,0.777482269503546,1554.9614290842258,0.6675531914893617,0.3324468085106383,0.0,-0.777482269503546,0.0297745667087706,27.422618401604176,0.4082612503156317,0.0576199021246125,7.085420753278947,0.2886842985938817,6.7556836173158015,0.5000106665528914,8.257404390771187,0.5000106665528914,0.0605530070819498,8.257404390771187,0.2635305941930665,0.0356984514037249,7.3821295835137635,0.816496580927726
2000,32,shuffle_l,752,0.376,240,0.0011180339887498,0.3854135441902235,344.72404537282404,0.0009999999999999,0.777482269503546,777.4814920220545,0.6675531914893617,0.3324468085106383,0.0,-0.777482269503546,0.0297745667087706,27.422618401604176,0.0,0.9128709291752768,0.0,0.2886842985938817,6.7556836173158015,0.5000106665528914,8.257404390771187,0.5000106665528914,0.0605530070819498,8.257404390771187,0.2635305941930665,0.0356984514037249,7.3821295835137635,0.816496580927726
2000,32,shuffle_e,880,0.44,240,0.0011180339887498,0.086617450000725,77.47293320182614,0.0004999999999999,0.6643939393939393,1328.7852212174446,0.5727272727272728,0.4272727272727272,0.1454545454545454,-0.6643939393939393,0.027524094128159,23.491584566702723,0.1167956044964475,0.0585606974105255,1.994436706886879,0.0765883296254713,1.795858631715822,0.023588891304344,0.4777445397501909,0.023588891304344,0.0493755330341997,0.4777445397501909,0.0539184288504122,0.0330002295676128,1.633880417102581,0.6465845848335333
2000,33,qcd,751,0.3755,240,0.0012247448713915,0.3859267446485327,315.10761020980823,0.0001666666666666,0.7771859742565469,4663.087867011972,0.6684420772303595,0.3315579227696404,0.0,-0.7771859742565469,0.0297943833942981,27.404379212089445,0.0,0.9128709291752768,0.0,0.2886842985938817,6.7556836173158015,0.5,8.240697234402615,0.5,0.0606744776294703,8.240697234402615,0.2635306140617851,0.0357222107750099,7.377220176029588,0.816496580927726
2000,33,shuffle_b,751,0.3755,240,0.0012247448713915,0.3859267446485327,315.1076102098082,0.0001666666666666,0.7771859742565469,4663.087867011972,0.6684420772303595,0.3315579227696404,0.0,-0.7771859742565469,0.0297943833942981,27.404379212089445,0.4082612503156317,0.0576199021246125,7.085420753278947,0.2886842985938817,6.7556836173158015,0.5,8.240697234402615,0.5,0.0606744776294703,8.240697234402615,0.2635306140617851,0.0357222107750099,7.377220176029588,0.816496580927726
2000,33,shuffle_l,752,0.376,240,0.0012247448713915,0.3854135441902235,314.6885841324016,0.0003333333333333,0.7774822695035462,2332.439811191232,0.6675531914893617,0.3324468085106383,0.0,-0.7774822695035462,0.0297745667087706,27.422618401604176,0.0,0.9128709291752768,0.0,0.2886842985938817,6.7556836173158015,0.5000106665528914,8.257404390771187,0.5000106665528914,0.0605530070819498,8.257404390771187,0.2635305941930665,0.0356984514037249,7.3821295835137635,0.816496580927726
2000,33,shuffle_e,834,0.417,240,0.0012247448713915,0.1136308610378765,92.77913377145428,0.0001666666666666,0.6714628297362111,4028.752805900424,0.5407673860911271,0.4592326139088729,0.1438848920863309,0.6714628297362111,0.0282729643226656,22.93029788622641,0.1682989897331462,0.0747853004494263,2.250428743640052,0.1132105844469814,2.511132239442388,0.0356964674235262,0.7296572586957103,0.0356964674235262,0.0489222398572927,0.7296572586957103,0.065526234076715,0.033898093389034,1.933035977118191,0.6483074940453759
2000,34,qcd,753,0.3765,240,0.0018708286933869,0.3864382101726735,206.55980153546815,0.0015,0.7768924302788844,517.927941567294,0.6693227091633466,0.3306772908366533,0.0,0.7768924302788844,0.0297547895118301,27.440845468024484,0.0039682539682539,0.0406625030395222,0.0975900072948536,0.2887024079790293,6.769552409638309,0.5,8.240697234402615,0.5,0.0606744776294703,8.240697234402615,0.2635432152172783,0.0356747393775923,7.387390064097064,0.816496580927726
2000,34,shuffle_b,753,0.3765,240,0.0018708286933869,0.3864382101726735,206.5598015354682,0.0015,0.7768924302788844,517.927941567294,0.6693227091633466,0.3306772908366533,0.0,0.7768924302788844,0.0297547895118301,27.440845468024484,0.0039682539682539,0.0406625030395222,0.0975900072948536,0.2887024079790293,6.769552409638309,0.5,8.240697234402615,0.5,0.0606744776294703,8.240697234402615,0.2635432152172783,0.0356747393775923,7.387390064097064,0.816496580927726
2000,34,shuffle_l,753,0.3765,240,0.0018708286933869,0.3864382101726735,206.55980153546815,0.0019999999999999,0.7768924302788844,388.4460209164331,0.6693227091633466,0.3306772908366533,0.0,0.7768924302788844,0.0297547895118301,27.440845468024484,0.0039682539682539,0.0406625030395222,0.0975900072948536,0.2887024079790293,6.769552409638309,0.5,8.240697234402615,0.5,0.0606744776294703,8.240697234402615,0.2635432152172783,0.0356747393775923,7.387390064097064,0.816496580927726
2000,34,shuffle_e,879,0.4395,240,0.0018708286933869,0.0802995268942948,42.92187962278902,0.0014999999999999,0.6655290102389079,443.6857110354648,0.5847554038680318,0.4152445961319681,0.1433447098976109,0.6655290102389079,0.0275397461590675,23.56234921100392,0.0250055140916805,0.0512719394705989,0.487703690359121,0.0709427912459738,1.6799026366922207,0.0428762017271594,0.8555728965553139,0.0428762017271594,0.0501140252336025,0.8555728965553139,0.0568785550163418,0.0330189956934216,1.7226010004802663,0.6489011161823542
2000,35,qcd,749,0.3745,240,0.0,0.3854156065327662,385415606.53276616,1.9984014443252816e-18,0.7774810858923007,777481084.3385814,0.6675567423230975,0.3324432576769025,0.0,0.7774810858923007,0.0298341357580674,27.367864366808018,0.0023094010767585,0.0408248290463863,0.0565685424949238,0.288684372051323,6.742214365136617,0.5,8.240697234402615,0.5,0.0606744776294703,8.240697234402615,0.2635283993534739,0.0357698721848327,7.367328515789783,0.816496580927726
2000,35,shuffle_b,749,0.3745,240,0.0,0.3854156065327662,385415606.53276616,1.9984014443252816e-18,0.7774810858923007,777481084.3385814,0.6675567423230975,0.3324432576769025,0.0,0.7774810858923007,0.0298341357580674,27.367864366808018,0.0023094010767585,0.0408248290463863,0.0565685424949238,0.288684372051323,6.742214365136617,0.5,8.240697234402615,0.5,0.0606744776294703,8.240697234402615,0.2635283993534739,0.0357698721848327,7.367328515789783,0.816496580927726
2000,35,shuffle_l,749,0.3745,240,0.0,0.3854156065327662,385415606.53276616,2.664535259100376e-18,0.7774810858923007,777481083.8206749,0.6675567423230975,0.3324432576769025,0.0,0.7774810858923007,0.0298341357580674,27.367864366808018,0.0023094010767585,0.0408248290463863,0.0565685424949238,0.288684372051323,6.742214365136617,0.5,8.240697234402615,0.5,0.0606744776294703,8.240697234402615,0.2635283993534739,0.0357698721848327,7.367328515789783,0.816496580927726
2000,35,shuffle_e,883,0.4415,240,0.0,0.0963493048931062,96349304.89310624,1.7763568394002505e-18,0.6594941487353717,659494147.5638747,0.5639864099660249,0.4360135900339751,0.1517553793884484,0.6594941487353717,0.0274772976747117,23.281015066232747,0.1077751581910807,0.0563973543493676,1.9109967024949484,0.0874128468260197,2.03743712903356,0.0465302522328923,0.9535864075162588,0.0465302522328923,0.0487950036474266,0.9535864075162588,0.0593668995087162,0.0329441225909574,1.8020482817475707,0.6396993811443259
2000,36,qcd,752,0.376,240,0.0015811388300841,0.3861904521101488,244.24813337956687,0.0008333333333333,0.7770390070921985,932.4456895758092,0.6688829787234043,0.3311170212765957,0.0,-0.7770390070921985,0.0297745667087706,27.422618401604176,0.0,0.9128709291752768,0.0,0.2887355995584299,6.763610759635856,0.5,8.240697234402615,0.5,0.0606744776294703,8.240697234402615,0.2635574334911715,0.0356984514037249,7.382881417194205,0.816496580927726
2000,36,shuffle_b,752,0.376,240,0.0015811388300841,0.3861904521101488,244.24813337956687,0.0008333333333333,0.7770390070921985,932.4456895758092,0.6688829787234043,0.3311170212765957,0.0,-0.7770390070921985,0.0297745667087706,27.422618401604176,0.4083639907043789,0.0575054632785295,7.101307726649468,0.2887355995584299,6.763610759635856,0.5,8.240697234402615,0.5,0.0606744776294703,8.240697234402615,0.2635574334911715,0.0356984514037249,7.382881417194205,0.816496580927726
2000,36,shuffle_l,752,0.376,240,0.0015811388300841,0.3861904521101488,244.24813337956687,0.0008333333333333,0.7770390070921985,932.445689575811,0.6688829787234043,0.3311170212765957,0.0,-0.7770390070921985,0.0297745667087706,27.422618401604176,0.0,0.9128709291752768,0.0,0.2887355995584299,6.763610759635856,0.5,8.240697234402615,0.5,0.0606744776294703,8.240697234402615,0.2635574334911715,0.0356984514037249,7.382881417194205,0.816496580927726
2000,36,shuffle_e,865,0.4325,240,0.0015811388300841,0.0887767938254242,56.14733886040756,0.0008333333333333,0.6755298651252409,810.6348653884518,0.5630057803468208,0.4369942196531792,0.130635838150289,-0.6755298651252409,0.0277617166155343,23.880652192370043,0.1058642978083913,0.059297338913735,1.7853127939248905,0.082107712608517,1.892529747323016,0.037506473224227,0.761634151076867,0.037506473224227,0.0492447366904399,0.761634151076867,0.0553823391769481,0.0332851289215134,1.663876360747769,0.662967898758715
2000,37,qcd,584,0.292,240,0.0005,0.403197979203117,806.3943456175429,0.0001666666666666,0.809931506849315,4859.559883736657,0.5702054794520548,0.4297945205479452,0.0,-0.809931506849315,0.0337868689199742,24.166091947189145,0.0,0.9128709291752768,0.0,0.4082565739665972,7.781253854483322,0.5000423255790104,8.274426593919808,0.5000423255790104,0.0604322631789917,8.274426593919808,0.3181216225525586,0.0405090327601118,7.853103391444197,0.816496580927726
2000,37,shuffle_b,584,0.292,240,0.0005,0.403197979203117,806.3943456175429,0.0001666666666666,0.809931506849315,4859.559883736657,0.5702054794520548,0.4297945205479452,0.0,-0.809931506849315,0.0337868689199742,24.166091947189145,0.5773502691896258,0.0708525251581419,8.148619514985345,0.4082565739665973,7.781253854483323,0.5000423255790104,8.274426593919808,0.5000423255790104,0.0604322631789917,8.274426593919808,0.3181216225525586,0.0405090327601118,7.853103391444197,0.816496580927726
2000,37,shuffle_l,751,0.3755,240,0.0005,0.3843892001238906,768.7768626940559,0.0013333333333333,0.7780736795383931,583.5548219876773,0.6657789613848203,0.3342210386151797,0.0,0.7780736795383931,0.0297943833942981,27.404379212089445,0.0023094010767585,0.0408248290463863,0.0565685424949238,0.288684372051323,6.742214365136617,0.5000423255790104,8.274426593919808,0.5000423255790104,0.0604322631789917,8.274426593919808,0.2635373420234501,0.0357222107750099,7.377408517162989,0.816496580927726
2000,37,shuffle_e,885,0.4425,240,0.0005,0.1093479436150048,218.69544983911004,0.0001666666666666,0.6595103578154425,3957.0384046622,0.584180790960452,0.415819209039548,0.1525423728813559,-0.6595103578154425,0.0274462323197539,23.27616078774481,0.1195432787862067,0.0533304891164242,2.2415560173325115,0.0959528570633537,2.2787540979978296,0.04743125891879,0.9503483862962931,0.04743125891879,0.0499093380940431,0.9503483862962931,0.0686446490408071,0.03290687653881,2.0860274891130506,0.638842916492391
2000,38,qcd,751,0.3755,240,0.0007071067811865,0.3859267446485327,545.7820645120555,0.0001666666666666,0.7771859742565469,4663.087867012121,0.6684420772303595,0.3315579227696404,0.0,-0.7771859742565469,0.0297943833942981,27.404379212089445,0.0,0.9128709291752768,0.0,0.2886980440470694,6.756005283348091,0.5,8.240697234402615,0.5,0.0606744776294703,8.240697234402615,0.2635373420234501,0.0357222107750099,7.377408517162989,0.816496580927726
2000,38,shuffle_b,751,0.3755,240,0.0007071067811865,0.3859267446485327,545.7820645120555,0.0001666666666666,0.7771859742565469,4663.087867012121,0.6684420772303595,0.3315579227696404,0.0,-0.7771859742565469,0.0297943833942981,27.404379212089445,0.4082613542001414,0.0577350269189625,7.071294082415183,0.2886980440470694,6.756005283348091,0.5,8.240697234402615,0.5,0.0606744776294703,8.240697234402615,0.2635373420234501,0.0357222107750099,7.377408517162989,0.816496580927726
2000,38,shuffle_l,751,0.3755,240,0.0007071067811865,0.3843938127297158,543.6141744681295,0.0003333333333333,0.7780736795383931,2334.2140359730734,0.6657789613848203,0.3342210386151797,0.0,0.7780736795383931,0.0297943833942981,27.404379212089445,0.0036514837167011,0.0408248290463863,0.0894427190999916,0.2886982276818939,6.742537962949722,0.5000105817306433,8.273901314099108,0.5000105817306433,0.0604322631789917,8.273901314099108,0.2635373420234501,0.0357222107750099,7.377408517162989,0.816496580927726
2000,38,shuffle_e,879,0.4395,240,0.0007071067811865,0.1082687963865995,153.11498369445374,0.0001666666666666,0.6640121350018962,3984.0489057179575,0.5699658703071673,0.4300341296928328,0.1456200227531285,-0.6640121350018962,0.0275397461590675,23.47164435520446,0.0317731828275877,0.0702208407057905,0.4524751129185457,0.0978298471903073,2.2870966540709645,0.0238095238095238,0.4834937784152281,0.0238095238095238,0.0492447366904399,0.4834937784152281,0.0634810757579476,0.0330189956934216,1.9225622834614216,0.6464031274782425
2000,39,qcd,751,0.3755,240,0.0012247448713915,0.3843938127297158,313.85597756125304,0.0009999999999999,0.7780736795383933,778.0729014654929,0.6657789613848203,0.3342210386151797,0.0,-0.7780736795383933,0.0297943833942981,27.404379212089445,0.0,0.9128709291752768,0.0,0.2886982276818939,6.742537962949722,0.5000423255790104,8.274426593919808,0.5000423255790104,0.0604322631789917,8.274426593919808,0.2635440698133583,0.0357222107750099,7.377596853488268,0.816496580927726
2000,39,shuffle_b,751,0.3755,240,0.0012247448713915,0.3843938127297158,313.85597756125304,0.0009999999999999,0.7780736795383933,778.0729014654929,0.6657789613848203,0.3342210386151797,0.0,-0.7780736795383933,0.0297943833942981,27.404379212089445,0.408248290463863,0.0578508445417186,7.05691150575094,0.2886982276818939,6.742537962949722,0.5000423255790104,8.274426593919808,0.5000423255790104,0.0604322631789917,8.274426593919808,0.2635440698133583,0.0357222107750099,7.377596853488268,0.816496580927726
2000,39,shuffle_l,752,0.376,240,0.0012247448713915,0.383878044272662,313.4348547233636,0.0014999999999999,0.7783687943262412,518.912183609373,0.6648936170212766,0.3351063829787234,0.0,0.7783687943262412,0.0297745667087706,27.422618401604176,0.0023094010767585,0.0408248290463863,0.0565685424949238,0.288684372051323,6.742214365136617,0.5000314930872987,8.290713523933315,0.5000314930872987,0.0603122387046454,8.290713523933315,0.2635373042738472,0.0356984514037249,7.382317549112181,0.816496580927726
2000,39,shuffle_e,872,0.436,240,0.0012247448713915,0.0776605640061331,63.40953321025945,0.001,0.6701070336391438,670.1063635327803,0.5688073394495413,0.4311926605504587,0.1387614678899082,-0.6701070336391438,0.0276500631804665,23.651012934841432,0.1026142666788693,0.0572786163852892,1.7914934604674495,0.0693345181533813,1.6128152468673709,0.0359452747033923,0.7279977044196172,0.0359452747033923,0.0493755330341997,0.7279977044196172,0.0508395414940253,0.0331512611556174,1.533562818481512,0.6539520019303973
2000,40,qcd,752,0.376,240,0.0015811388300841,0.3846580535103557,243.27896002080607,0.0011666666666666,0.7779255319148937,666.7927415332716,0.6662234042553191,0.3337765957446808,0.0,0.7779255319148937,0.0297745667087706,27.422618401604176,0.0037341890087564,0.0407840653526997,0.0915599996337598,0.2886992855912297,6.7493018651448775,0.5000105817306433,8.273901314099108,0.5000105817306433,0.0604322631789917,8.273901314099108,0.2635373042738473,0.0356984514037249,7.382317549112182,0.816496580927726
2000,40,shuffle_b,752,0.376,240,0.0015811388300841,0.3846580535103557,243.27896002080607,0.0011666666666666,0.7779255319148937,666.7927415332716,0.6662234042553191,0.3337765957446808,0.0,0.7779255319148937,0.0297745667087706,27.422618401604176,0.0037341890087564,0.0407840653526997,0.0915599996337598,0.2886992855912297,6.7493018651448775,0.5000105817306433,8.273901314099108,0.5000105817306433,0.0604322631789917,8.273901314099108,0.2635373042738473,0.0356984514037249,7.382317549112182,0.816496580927726
2000,40,shuffle_l,584,0.292,240,0.0015811388300841,0.403197979203117,255.0046311727207,0.0003333333333333,0.809931506849315,2429.7872311862407,0.5702054794520548,0.4297945205479452,0.0,-0.809931506849315,0.0337868689199742,24.166091947189145,0.0,0.9128709291752768,0.0,0.4082565739665972,7.781253854483322,0.5000105817306432,8.273901314099106,0.5000105817306432,0.0604322631789917,8.273901314099106,0.3181124055988058,0.0405090327601118,7.852875863085092,0.816496580927726
2000,40,shuffle_e,887,0.4435,240,0.0015811388300841,0.10603514819416,67.0624736513747,0.0011666666666666,0.6595264937993236,565.3079387069008,0.5682074408117249,0.4317925591882751,0.1521984216459977,0.6595264937993236,0.0274152720929567,23.3160966022752,0.0293465770055436,0.0500250187656386,0.5866380009376685,0.0950726075453249,2.229281716090851,0.0386314170930655,0.7896493947487747,0.0386314170930655,0.0489222398572927,0.7896493947487747,0.0630229163001761,0.0328697565308993,1.9173526959632683,0.6392171324970389
4000,1,qcd,1502,0.3755,240,0.0005590169943749,0.3851575887610138,688.9896079135495,0.001,0.7776298268974701,777.6290492684209,0.6671105193075899,0.3328894806924101,0.0,-0.7776298268974701,0.02106781053938,38.75564475015221,0.0,0.9128709291752768,0.0,0.2886785848608613,9.54426982823539,0.5000026666595556,11.677546442172298,0.5000026666595556,0.0428174419288837,11.677546442172298,0.2635255679778131,0.0252594174779847,10.432765055151943,0.816496580927726
4000,1,shuffle_b,1502,0.3755,240,0.0005590169943749,0.3851575887610138,688.9896079135495,0.001,0.7776298268974701,777.6290492684209,0.6671105193075899,0.3328894806924101,0.0,-0.7776298268974701,0.02106781053938,38.75564475015221,0.4082515304653746,0.0407434235236187,10.020059561973572,0.2886785848608613,9.54426982823539,0.5000026666595556,11.677546442172298,0.5000026666595556,0.0428174419288837,11.677546442172298,0.2635255679778131,0.0252594174779847,10.432765055151943,0.816496580927726
4000,1,shuffle_l,1502,0.3755,240,0.0005590169943749,0.3851575887610138,688.9896079135495,0.0007499999999999,0.7776298268974701,1036.838386745445,0.6671105193075899,0.3328894806924101,0.0,-0.7776298268974701,0.02106781053938,38.75564475015221,0.0,0.9128709291752768,0.0,0.2886785848608613,9.54426982823539,0.5000106665528914,11.677733279427756,0.5000106665528914,0.0428174419288837,11.677733279427756,0.2635272500165397,0.0252594174779847,10.432831645710817,0.816496580927726
4000,1,shuffle_e,1762,0.4405,240,0.0005590169943749,0.0812945831822816,145.42391121627344,0.0009999999999999,0.662883087400681,662.8824245182574,0.5686719636776391,0.4313280363223609,0.1475595913734392,-0.662883087400681,0.0194514247961058,33.122446788715386,0.1192184189796558,0.0424247099167345,2.810117481383877,0.0746504317563303,2.4680870034751443,0.0178805413251223,0.5148512118417596,0.0178805413251223,0.0347295313944371,0.5148512118417596,0.0514547653268964,0.0233214390526278,2.2063289152432746,0.6442787827737158
4000,2,qcd,1167,0.29175,240,0.00025,0.4041480318047837,1616.5856608764914,8.333333333333481e-05,0.8094830048557555,9713.679494114966,0.5715509854327335,0.4284490145672665,0.0,0.8094830048557555,0.0239011579794024,34.161381705077446,0.288685840751622,0.0353465035377451,8.167309687175873,0.4082558609301331,11.01259392803765,0.5000026666595556,11.677546442172298,0.5000026666595556,0.0428174419288837,11.677546442172298,0.3181084621668055,0.0286564817203239,11.100750792488054,0.816496580927726
4000,2,shuffle_b,1167,0.29175,240,0.00025,0.4041480318047837,1616.5856608764914,8.333333333333481e-05,0.8094830048557555,9713.679494114966,0.5715509854327335,0.4284490145672665,0.0,0.8094830048557555,0.0239011579794024,34.161381705077446,0.288685840751622,0.0353465035377451,8.167309687175873,0.4082558609301331,11.01259392803765,0.5000026666595556,11.677546442172298,0.5000026666595556,0.0428174419288837,11.677546442172298,0.3181084621668055,0.0286564817203239,11.100750792488054,0.816496580927726
4000,2,shuffle_l,1502,0.3755,240,0.00025,0.3847724342423591,1539.0835806351135,0.0006666666666666,0.7778517532179318,1166.7758796630806,0.666444740346205,0.3335552596537949,0.0,-0.7778517532179318,0.02106781053938,38.75564475015221,0.0,0.9128709291752768,0.0,0.2886765750844648,9.539439615759743,0.5000079680322551,11.689342092815757,0.5000079680322551,0.0427746886062611,11.689342092815757,0.2635255679778131,0.0252594174779847,10.432765055151943,0.816496580927726
4000,2,shuffle_e,1754,0.4385,240,0.00025,0.0872925147064012,349.16866215095627,8.333333333333215e-05,0.6651463321930824,7981.660206394625,0.5684150513112884,0.4315849486887115,0.1448118586088939,0.6651463321930824,0.0194957333382473,33.20160592893026,0.0997627303379132,0.0391390181928218,2.54893287936921,0.0777763278077314,2.5650113653664053,0.028848641742272,0.8290249300077028,0.028848641742272,0.0347982801216894,0.8290249300077028,0.0537547962931607,0.0233745631284162,2.299713410592536,0.6472896555919949
4000,3,qcd,1502,0.3755,240,0.0008291561975888,0.3855423585127916,464.9810188392872,0.0005,0.7774079005770086,1554.812691528625,0.6677762982689747,0.3322237017310253,0.0,0.7774079005770086,0.02106781053938,38.75564475015221,0.0016782161745367,0.0288243093742179,0.0582222509739586,0.2886800127179951,9.54907848150369,0.5000026773582507,11.665863300728514,0.5000026773582507,0.0428603237042068,11.665863300728514,0.2635272500165397,0.0252594174779847,10.432831645710817,0.816496580927726
4000,3,shuffle_b,1502,0.3755,240,0.0008291561975888,0.3855423585127916,464.9810188392872,0.0005,0.7774079005770086,1554.812691528625,0.6677762982689747,0.3322237017310253,0.0,0.7774079005770086,0.02106781053938,38.75564475015221,0.0016782161745367,0.0288243093742179,0.0582222509739586,0.2886800127179951,9.54907848150369,0.5000026773582507,11.665863300728514,0.5000026773582507,0.0428603237042068,11.665863300728514,0.2635272500165397,0.0252594174779847,10.432831645710817,0.816496580927726
4000,3,shuffle_l,1502,0.3755,240,0.0008291561975888,0.3855423585127916,464.9810188392872,0.0004999999999999,0.7774079005770084,1554.8126915286375,0.6677762982689747,0.3322237017310253,0.0,0.7774079005770084,0.02106781053938,38.75564475015221,0.0016782161745367,0.0288243093742179,0.0582222509739586,0.2886800127179951,9.54907848150369,0.5000026773582507,11.665863300728514,0.5000026773582507,0.0428603237042068,11.665863300728514,0.2635272500165397,0.0252594174779847,10.432831645710817,0.816496580927726
4000,3,shuffle_e,1719,0.42975,240,0.0008291561975888,0.0839431658745279,101.23914514476952,0.0005,0.6792708939305798,1358.539070783018,0.5747527632344386,0.4252472367655613,0.1262361838278068,0.6792708939305798,0.0196932063755797,33.91430016485528,0.091826781254618,0.0399936015355905,2.2960368091106003,0.0754212727471958,2.476091045957109,0.0325718357041847,0.919803810532126,0.0325718357041847,0.0354117207726517,0.919803810532126,0.0547930797345422,0.023611324982777,2.3206270624164578,0.6678813122298517
4000,4,qcd,1499,0.37475,240,0.00025,0.3843870227873515,1537.5419409816418,0.0003333333333333,0.7780742717367133,2334.215812562698,0.6657771847898599,0.3342228152101401,0.0,0.7780742717367133,0.0210888818670734,38.71692136521188,0.0011570145675142,0.0288964243465062,0.0400400601001753,0.2886774532519691,9.525163000581568,0.5,11.68915581367464,0.5,0.0427746886062611,11.68915581367464,0.263525014784092,0.0252846811123822,10.422319095614002,0.816496580927726
4000,4,shuffle_b,1499,0.37475,240,0.00025,0.3843870227873514,1537.5419409816416,0.0003333333333333,0.7780742717367133,2334.215812562698,0.6657771847898599,0.3342228152101401,0.0,0.7780742717367133,0.0210888818670734,38.71692136521188,0.0011570145675142,0.0288964243465062,0.0400400601001753,0.2886774532519691,9.525163000581568,0.5,11.68915581367464,0.5,0.0427746886062611,11.68915581367464,0.263525014784092,0.0252846811123822,10.422319095614002,0.816496580927726
4000,4,shuffle_l,1501,0.37525,240,0.00025,0.3842591065425957,1537.0302780492705,0.0009166666666666,0.7781479013990673,848.8876936487724,0.6655562958027982,0.3344437041972019,0.0,-0.7781479013990673,0.0210748272957908,38.74274125562104,0.0,0.9128709291752768,0.0,0.2886777378632432,9.529943327209237,0.5000026454536556,11.700877730304835,0.5000026454536556,0.0427320630963152,11.700877730304835,0.2635261326443114,0.0252678302733813,10.42931386641163,0.816496580927726
4000,4,shuffle_e,1762,0.4405,240,0.00025,0.0848273071125238,339.3078712186105,0.0003333333333333,0.6619371925841847,1985.8056203356812,0.58683314415437,0.4131668558456299,0.1492622020431328,0.6619371925841847,0.0194514247961058,33.026775159134615,0.0949830730487108,0.0417537444349308,2.2748396421483297,0.0758288757306322,2.5467667245110697,0.0279041190204992,0.786372442537007,0.0279041190204992,0.03548460946886,0.786372442537007,0.0580494346485251,0.0233214390526278,2.4891017452880653,0.6424178332658045
4000,5,qcd,1501,0.37525,240,0.0004330127018922,0.3850287783024805,889.183821712684,0.0004166666666666,0.77770375305352,1866.484527765596,0.6668887408394404,0.3331112591605596,0.0,-0.77770375305352,0.0210748272957908,38.74274125562104,0.0,0.9128709291752768,0.0,0.2886834893347396,9.53966810008676,0.5000026666595556,11.677546442172298,0.5000026666595556,0.0428174419288837,11.677546442172298,0.2635278169213927,0.0252678302733813,10.429380523384667,0.816496580927726
4000,5,shuffle_b,1501,0.37525,240,0.0004330127018922,0.3850287783024805,889.183821712684,0.0004166666666666,0.77770375305352,1866.484527765596,0.6668887408394404,0.3331112591605596,0.0,-0.77770375305352,0.0210748272957908,38.74274125562104,0.4082515695402597,0.0408657152149172,9.990075235272895,0.2886834893347396,9.53966810008676,0.5000026666595556,11.677546442172298,0.5000026666595556,0.0428174419288837,11.677546442172298,0.2635278169213927,0.0252678302733813,10.429380523384667,0.816496580927726
4000,5,shuffle_l,1501,0.37525,240,0.0004330127018922,0.3850287783024805,889.183821712684,0.0006666666666666,0.7777037530535198,1166.5538797494532,0.6668887408394404,0.3331112591605596,0.0,-0.7777037530535198,0.0210748272957908,38.74274125562104,0.0,0.9128709291752768,0.0,0.2886834893347396,9.53966810008676,0.5000026666595556,11.677546442172298,0.5000026666595556,0.0428174419288837,11.677546442172298,0.2635278169213927,0.0252678302733813,10.429380523384667,0.816496580927726
4000,5,shuffle_e,1749,0.43725,240,0.0004330127018922,0.0786324636539276,181.5934768583834,0.0004166666666666,0.6674290070516486,1601.8257725421047,0.5717552887364208,0.4282447112635792,0.1417953116066323,-0.6674290070516486,0.019523580421914,33.3241010656752,0.0899505908746854,0.0423333756667301,2.124814982457865,0.0697041366539078,2.3022518620610635,0.0261939829445423,0.7487498177617489,0.0261939829445423,0.0349836251350877,0.7487498177617489,0.0507177075005098,0.0234079506088366,2.166687222988396,0.6506057671437028
4000,6,qcd,1504,0.376,240,0.0009354143466934,0.3850296692062587,411.6135902273414,0.0017499999999999,0.7777039007092199,444.4019750327115,0.6668882978723404,0.3331117021276595,0.0,-0.7777039007092199,0.0210537980266629,38.78143885933064,0.0,0.9128709291752768,0.0,0.288693785797341,9.549534073196265,0.5000079680322551,11.689342092815757,0.5000079680322551,0.0427746886062611,11.689342092815757,0.2635339492548134,0.0252426170654323,10.440040688796133,0.816496580927726
4000,6,shuffle_b,1504,0.376,240,0.0009354143466934,0.3850296692062587,411.6135902273413,0.0017499999999999,0.7777039007092199,444.4019750327115,0.6668882978723404,0.3331117021276595,0.0,-0.7777039007092199,0.0210537980266629,38.78143885933064,0.408277218597856,0.0406625030395222,10.040631738804372,0.288693785797341,9.549534073196265,0.5000079680322551,11.689342092815757,0.5000079680322551,0.0427746886062611,11.689342092815757,0.2635339492548134,0.0252426170654323,10.440040688796133,0.816496580927726
4000,6,shuffle_l,1504,0.376,240,0.0009354143466934,0.3850296692062587,411.6135902273414,0.0012499999999999,0.7777039007092199,622.1626228372781,0.6668882978723404,0.3331117021276595,0.0,-0.7777039007092199,0.0210537980266629,38.78143885933064,0.0,0.9128709291752768,0.0,0.288693785797341,9.549534073196265,0.5000079680322551,11.689342092815757,0.5000079680322551,0.0427746886062611,11.689342092815757,0.2635339492548134,0.0252426170654323,10.440040688796133,0.816496580927726
4000,6,shuffle_e,1744,0.436,240,0.0009354143466934,0.0915242515428915,97.84343593080052,0.0017499999999999,0.6706804281345565,383.2457399364668,0.569954128440367,0.430045871559633,0.1376146788990825,-0.6706804281345565,0.0195515471751443,33.51242409625629,0.0432120810725112,0.0481125224324688,0.8981462390204988,0.0817534684972857,2.6921153224660976,0.0121472447721923,0.3474583035808362,0.0121472447721923,0.034960294939005,0.3474583035808362,0.0549003396017512,0.0234414815680232,2.342016627338149,0.6552197406714
4000,7,qcd,1500,0.375,240,0.0,0.3845164351349482,384516435.13494825,1.7763568394002505e-18,0.778,777999998.6179943,0.666,0.334,0.0,0.778,0.0210818510677891,38.72983346207417,0.0012259708422338,0.0288819580505575,0.0424476359978011,0.2886777378632432,9.529943327209237,0.5000079680322551,11.689342092815757,0.5000079680322551,0.0427746886062611,11.689342092815757,0.2635265114219483,0.0252762514801718,10.425854151224671,0.816496580927726
4000,7,shuffle_b,1500,0.375,240,0.0,0.3845164351349482,384516435.13494825,1.7763568394002505e-18,0.778,777999998.6179943,0.666,0.334,0.0,0.778,0.0210818510677891,38.72983346207417,0.0012259708422338,0.0288819580505575,0.0424476359978011,0.2886777378632432,9.529943327209237,0.5000079680322551,11.689342092815757,0.5000079680322551,0.0427746886062611,11.689342092815757,0.2635265114219483,0.0252762514801718,10.425854151224671,0.816496580927726
4000,7,shuffle_l,1499,0.37475,240,0.0,0.3847729504352384,384772950.4352384,0.00025,0.7778519012675117,3111.3951594894083,0.6664442961974649,0.333555703802535,0.0,0.7778519012675117,0.0210888818670734,38.71692136521188,0.0012259708422338,0.0288819580505575,0.0424476359978011,0.2886777378632432,9.529943327209237,0.5000026666595557,11.6775464421723,0.5000026666595557,0.0428174419288837,11.6775464421723,0.263525014784092,0.0252846811123822,10.422319095614002,0.816496580927726
4000,7,shuffle_e,1622,0.4055,240,0.0,0.1477713996447245,147771399.64472458,0.0,0.6520756267981914,652075626.7981914,0.5345252774352651,0.4654747225647349,0.1609124537607891,0.6520756267981914,0.0202735099961175,31.064359824317933,0.0958903903707274,0.0395037885949981,2.427372001045714,0.1531302054929718,4.709390403672828,0.033792143770413,0.9698029492558322,0.033792143770413,0.0348443400758299,0.9698029492558322,0.0845329742514648,0.024307084581894,3.477709305970491,0.6297836094213033
4000,8,qcd,1501,0.37525,240,0.0008291561975888,0.3854141894197487,464.826441283408,0.00025,0.7774816788807462,3109.914275865881,0.6675549633577615,0.3324450366422385,0.0,-0.7774816788807462,0.0210748272957908,38.74274125562104,0.0,0.9128709291752768,0.0,0.2886820350856728,9.544383899310615,0.5000026773582507,11.665863300728514,0.5000026773582507,0.0428603237042068,11.665863300728514,0.2635278169213927,0.0252678302733813,10.429380523384667,0.816496580927726
4000,8,shuffle_b,1501,0.37525,240,0.0008291561975888,0.3854141894197487,464.8264412834079,0.00025,0.7774816788807462,3109.914275865881,0.6675549633577615,0.3324450366422385,0.0,-0.7774816788807462,0.0210748272957908,38.74274125562104,0.4082515304653746,0.0407434235236187,10.020059561973572,0.2886820350856728,9.544383899310615,0.5000026773582507,11.665863300728514,0.5000026773582507,0.0428603237042068,11.665863300728514,0.2635278169213927,0.0252678302733813,10.429380523384667,0.816496580927726
4000,8,shuffle_l,1501,0.37525,240,0.0008291561975888,0.3854141894197487,464.826441283408,0.00025,0.7774816788807462,3109.914275865881,0.6675549633577615,0.3324450366422385,0.0,-0.7774816788807462,0.0210748272957908,38.74274125562104,0.0,0.9128709291752768,0.0,0.2886820350856728,9.544383899310615,0.5000026773582507,11.665863300728514,0.5000026773582507,0.0428603237042068,11.665863300728514,0.2635278169213927,0.0252678302733813,10.429380523384667,0.816496580927726
4000,8,shuffle_e,1656,0.414,240,0.0008291561975888,0.1315732433101584,158.68311062458022,0.00025,0.6664653784219001,2665.85085028419,0.5471014492753623,0.4528985507246377,0.1509661835748792,-0.6664653784219001,0.0200643088476282,31.925297769655327,0.2478239769517186,0.0483142529710373,5.12941754683199,0.126816340827527,3.986883974862908,0.0323041105055619,0.9240228253772642,0.0323041105055619,0.034960294939005,0.9240228253772642,0.0734682791531687,0.0240562612162344,3.054019013710599,0.6405590345028602
4000,9,qcd,835,0.20875,240,0.0004330127018922,0.3988023952095808,920.99255396968,8.333333333333303e-05,0.8670658682634729,10404.665563174956,0.3988023952095808,0.6011976047904192,0.0,0.8670658682634729,0.0282560293320341,28.89636655359978,0.577354174096673,0.0500250187656386,11.541308496084914,0.6455007170253063,12.30305955302478,0.5000105817306433,11.701063452135532,0.5000105817306433,0.0427320630963152,11.701063452135532,0.3979184217427857,0.0338777890485545,11.745702211336114,0.816496580927726
4000,9,shuffle_b,835,0.20875,240,0.0004330127018922,0.3988023952095808,920.99255396968,8.333333333333303e-05,0.8670658682634729,10404.665563174956,0.3988023952095808,0.6011976047904192,0.0,0.8670658682634729,0.0282560293320341,28.89636655359978,0.577354174096673,0.0500250187656386,11.541308496084914,0.6455007170253063,12.30305955302478,0.5000105817306433,11.701063452135532,0.5000105817306433,0.0427320630963152,11.701063452135532,0.3979184217427857,0.0338777890485545,11.745702211336114,0.816496580927726
4000,9,shuffle_l,1500,0.375,240,0.0004330127018922,0.3837458649795315,886.2210671454665,0.0003333333333333,0.7784444444444445,2335.326327354353,0.6646666666666666,0.3353333333333333,0.0,0.7784444444444445,0.0210818510677891,38.72983346207417,0.0009156177825228,0.0289109124017391,0.0316703177609771,0.2886765866662155,9.52036109938861,0.500002634945437,11.712525946697038,0.500002634945437,0.0426895647634777,11.712525946697038,0.2635281979430495,0.0252762514801718,10.4259208747696,0.816496580927726
4000,9,shuffle_e,1754,0.4385,240,0.0004330127018922,0.0846209038019611,195.4231550460821,8.333333333333393e-05,0.6651463321930825,7981.660206394456,0.5963511972633979,0.403648802736602,0.145381984036488,0.6651463321930825,0.0194957333382473,33.16952242327154,0.0902020601167923,0.0421075960533259,2.1421802375647028,0.0744573517830216,2.515172108478574,0.0185238376392711,0.5148039553856782,0.0185238376392711,0.0359823141323644,0.5148039553856782,0.059789370085679,0.0233745631284162,2.557881820387633,0.6466641641211163
4000,10,qcd,1501,0.37525,240,0.0004330127018922,0.3842602616271968,887.4090125740231,0.0008333333333333,0.7781479013990673,933.7763611472468,0.6655562958027982,0.3344437041972019,0.0,-0.7781479013990673,0.0210748272957908,38.74274125562104,0.0,0.9128709291752768,0.0,0.2886812088512991,9.53005791283578,0.5000026454536556,11.700877730304835,0.5000026454536556,0.0427320630963152,11.700877730304835,0.2635278169213927,0.0252678302733813,10.429380523384667,0.816496580927726
4000,10,shuffle_b,1501,0.37525,240,0.0004330127018922,0.3842602616271968,887.4090125740231,0.0008333333333333,0.7781479013990673,933.7763611472468,0.6655562958027982,0.3344437041972019,0.0,-0.7781479013990673,0.0210748272957908,38.74274125562104,0.4082613542001414,0.0408248290463863,10.000319994880163,0.2886812088512991,9.53005791283578,0.5000026454536556,11.700877730304835,0.5000026454536556,0.0427320630963152,11.700877730304835,0.2635278169213927,0.0252678302733813,10.429380523384667,0.816496580927726
4000,10,shuffle_l,1500,0.375,240,0.0004330127018922,0.3849028737515767,888.8930582787475,0.0006666666666666,0.7777777777777777,1166.6649166692926,0.6666666666666666,0.3333333333333333,0.0,0.7777777777777777,0.0210818510677891,38.72983346207417,0.0027080128015453,0.0288675134594812,0.0938083151964686,0.2886878360213099,9.53504540676608,0.5000026666595556,11.677546442172298,0.5000026666595556,0.0428174419288837,11.677546442172298,0.2635298844533576,0.0252762514801718,10.42598759788752,0.816496580927726
4000,10,shuffle_e,1755,0.43875,240,0.0004330127018922,0.0886053627104632,204.6248474892784,0.0008333333333333,0.6655270655270655,798.6315202746572,0.576068376068376,0.4239316239316239,0.1447293447293447,-0.6655270655270655,0.0194901782068228,33.21571556784169,0.0850578185467181,0.0392111639097049,2.169224528570188,0.0785603288269849,2.6089944234910494,0.0291390905761811,0.8301503238072623,0.0291390905761811,0.0351009807989263,0.8301503238072623,0.0562593307475873,0.0233679027598159,2.407547280808289,0.6473802156843753
4000,11,qcd,1503,0.37575,240,0.0010307764064044,0.3849047798144817,373.4121231441391,0.00125,0.7777777777777778,622.2217244448418,0.6666666666666666,0.3333333333333333,0.0,0.7777777777777778,0.0210608007868854,38.76854394996026,0.0034571872406564,0.0288386891752492,0.1198801797005238,0.2886958355725803,9.5448401699788,0.5000079680322551,11.689342092815757,0.5000079680322551,0.0427746886062611,11.689342092815757,0.2635348968395757,0.0252510130799886,10.43660688007906,0.816496580927726
4000,11,shuffle_b,1503,0.37575,240,0.0010307764064044,0.3849047798144817,373.4121231441391,0.00125,0.7777777777777778,622.2217244448418,0.6666666666666666,0.3333333333333333,0.0,0.7777777777777778,0.0210608007868854,38.76854394996026,0.0034571872406564,0.0288386891752492,0.1198801797005238,0.2886958355725803,9.5448401699788,0.5000079680322551,11.689342092815757,0.5000079680322551,0.0427746886062611,11.689342092815757,0.2635348968395757,0.0252510130799886,10.43660688007906,0.816496580927726
4000,11,shuffle_l,1501,0.37525,240,0.0010307764064044,0.3854176442779253,373.9096742742445,0.0002499999999999,0.7774816788807462,3109.914275865892,0.6675549633577615,0.3324450366422385,0.0,0.7774816788807462,0.0210748272957908,38.74274125562104,0.0034571872406564,0.0288386891752492,0.1198801797005238,0.2886958355725803,9.5448401699788,0.5000026773582507,11.665863300728514,0.5000026773582507,0.0428603237042068,11.665863300728514,0.2635345539220738,0.0252678302733813,10.4296471470167,0.816496580927726
4000,11,shuffle_e,1761,0.44025,240,0.0010307764064044,0.08141009380355,78.97931531845165,0.0012499999999999,0.6638273708120386,531.0614718004543,0.5638841567291312,0.4361158432708688,0.1465076660988075,0.6638273708120386,0.0194569468472593,33.17223136239823,0.081113705644647,0.0387841693609706,2.09141273311047,0.0735921592849785,2.422146741339871,0.0325260312416583,0.9414688716912716,0.0325260312416583,0.0345481748995354,0.9414688716912716,0.0510240503961871,0.0233280597593765,2.187239355629581,0.6454303424231703
4000,12,qcd,1501,0.37525,240,0.00075,0.3854164926619742,513.88797169867,0.0005,0.7774816788807462,1554.9602478409925,0.6675549633577615,0.3324450366422385,0.0,0.7774816788807462,0.0210748272957908,38.74274125562104,0.0024446005416997,0.0288386891752492,0.0847680879961023,0.2886854852692491,9.544497969022522,0.5000026773582507,11.665863300728514,0.5000026773582507,0.0428603237042068,11.665863300728514,0.2635295011877094,0.0252678302733813,10.429447179931689,0.816496580927726
4000,12,shuffle_b,1501,0.37525,240,0.00075,0.3854164926619742,513.88797169867,0.0005,0.7774816788807462,1554.9602478409925,0.6675549633577615,0.3324450366422385,0.0,0.7774816788807462,0.0210748272957908,38.74274125562104,0.0024446005416997,0.0288386891752492,0.0847680879961023,0.288685485269249,9.54449796902252,0.5000026773582507,11.665863300728514,0.5000026773582507,0.0428603237042068,11.665863300728514,0.2635295011877094,0.0252678302733813,10.429447179931689,0.816496580927726
4000,12,shuffle_l,1502,0.3755,240,0.00075,0.3851598904697891,513.5458358986042,0.0002499999999999,0.7776298268974701,3110.5068655624286,0.6671105193075899,0.3328894806924101,0.0,0.7776298268974701,0.02106781053938,38.75564475015221,0.0024446005416997,0.0288386891752492,0.0847680879961023,0.2886854852692491,9.544497969022522,0.5000026666595557,11.6775464421723,0.5000026666595557,0.0428174419288837,11.6775464421723,0.2635289320445304,0.0252594174779847,10.432898235844656,0.816496580927726
4000,12,shuffle_e,1763,0.44075,240,0.00075,0.0949843773590086,126.64566761778806,0.0004999999999999,0.6619398752127056,1323.8771026712086,0.5649461145774248,0.4350538854225751,0.1486103233125354,0.6619398752127056,0.019445907443904,33.072763932330375,0.0127140989823024,0.0360001152005529,0.3531682860311282,0.084921005838516,2.799233191824591,0.0295275927025081,0.8541221883170814,0.0295275927025081,0.0345706891899012,0.8541221883170814,0.0563000746777494,0.0233148239797241,2.4147758836485758,0.6431299063421856
4000,13,qcd,1499,0.37475,240,0.0005590169943749,0.3851596468494764,688.9932895275284,0.0002499999999999,0.7776295307983099,3110.5056811705367,0.66711140760507,0.3328885923949299,0.0,0.7776295307983099,0.0210888818670734,38.71692136521188,0.0018257418583505,0.0288675134594812,0.0632455532033676,0.2886809080397709,9.534816583066885,0.5000026773582507,11.665863300728514,0.5000026773582507,0.0428603237042068,11.665863300728514,0.2635267035657225,0.0252846811123822,10.422385886317157,0.816496580927726
4000,13,shuffle_b,1499,0.37475,240,0.0005590169943749,0.3851596468494764,688.9932895275284,0.0002499999999999,0.7776295307983099,3110.5056811705367,0.66711140760507,0.3328885923949299,0.0,0.7776295307983099,0.0210888818670734,38.71692136521188,0.0018257418583505,0.0288675134594812,0.0632455532033676,0.2886809080397709,9.534816583066885,0.5000026773582507,11.665863300728514,0.5000026773582507,0.0428603237042068,11.665863300728514,0.2635267035657225,0.0252846811123822,10.422385886317157,0.816496580927726
4000,13,shuffle_l,1500,0.375,240,0.0005590169943749,0.3849028737515767,688.5339606678434,0.0005,0.7777777777777777,1555.5524444506664,0.6666666666666666,0.3333333333333333,0.0,0.7777777777777777,0.0210818510677891,38.72983346207417,0.0018257418583505,0.0288675134594812,0.0632455532033676,0.2886809080397709,9.534816583066885,0.5000106665528914,11.677733279427756,0.5000106665528914,0.0428174419288837,11.677733279427756,0.2635281979430496,0.0252762514801718,10.425920874769602,0.816496580927726
4000,13,shuffle_e,1766,0.4415,240,0.0005590169943749,0.0734142285239963,131.32712947117696,0.0002499999999999,0.6600604001510004,2640.2310396798475,0.5645526613816535,0.4354473386183465,0.1511891279728199,0.6600604001510004,0.01942938351447,32.95606911490248,0.0232609799495002,0.0369610635477286,0.6293374085262149,0.0673355800598432,2.2206824751871155,0.0220268071026903,0.6379828419573598,0.0220268071026903,0.0345257045395,0.6379828419573598,0.0472398729165338,0.0232950124843069,2.027896441281486,0.6403161059628207
4000,14,qcd,1501,0.37525,240,0.0003535533905932,0.3850299310780767,1089.026020669652,0.0003333333333333,0.77770375305352,2333.104259847785,0.6668887408394404,0.3331112591605596,0.0,0.77770375305352,0.0210748272957908,38.74274125562104,0.0016815692538065,0.0288530905190558,0.0582803860368431,0.2886800322303028,9.539553858607311,0.5000026666595557,11.6775464421723,0.5000026666595557,0.0428174419288837,11.6775464421723,0.2635261326443115,0.0252678302733813,10.429313866411633,0.816496580927726
4000,14,shuffle_b,1501,0.37525,240,0.0003535533905932,0.3850299310780767,1089.026020669652,0.0003333333333333,0.77770375305352,2333.104259847785,0.6668887408394404,0.3331112591605596,0.0,0.77770375305352,0.0210748272957908,38.74274125562104,0.0016815692538065,0.0288530905190558,0.0582803860368431,0.2886800322303028,9.539553858607311,0.5000026666595557,11.6775464421723,0.5000026666595557,0.0428174419288837,11.6775464421723,0.2635261326443115,0.0252678302733813,10.429313866411633,0.816496580927726
4000,14,shuffle_l,1501,0.37525,240,0.0003535533905932,0.3850299310780767,1089.026020669652,0.0005833333333333,0.7777037530535198,1333.2041483132175,0.6668887408394404,0.3331112591605596,0.0,0.7777037530535198,0.0210748272957908,38.74274125562104,0.0016815692538065,0.0288530905190558,0.0582803860368431,0.2886800322303028,9.539553858607311,0.5000026666595556,11.677546442172298,0.5000026666595556,0.0428174419288837,11.677546442172298,0.2635261326443115,0.0252678302733813,10.429313866411633,0.816496580927726
4000,14,shuffle_e,1741,0.43525,240,0.0003535533905932,0.0841504724724293,238.0128056993511,0.0003333333333333,0.6704958835918056,2011.48161633058,0.5778288340034463,0.4221711659965537,0.1378518093049971,0.6704958835918056,0.0195683850256959,33.47018528032968,0.0285971628022984,0.0364565532716505,0.7844176214139307,0.0742649628022344,2.4602386598681543,0.041630207566787,1.17881736906545,0.041630207566787,0.0353152308909317,1.17881736906545,0.0562131212887236,0.0234616694416382,2.39595572806768,0.6549574724468719
4000,15,qcd,1168,0.292,240,0.0003535533905932,0.4044069604731282,1143.8323811918228,8.881784197001254e-19,0.8093607305936074,809360729.8747506,0.571917808219178,0.4280821917808219,0.0,-0.8093607305936074,0.0238909241283748,34.17601498127012,0.0,0.9128709291752768,0.0,0.4082537797994319,11.020789973927842,0.5000106665528914,11.677733279427756,0.5000106665528914,0.0428174419288837,11.677733279427756,0.3181101013186406,0.0286442117639831,11.10556310432771,0.816496580927726
4000,15,shuffle_b,1168,0.292,240,0.0003535533905932,0.4044069604731282,1143.8323811918228,8.881784197001254e-19,0.8093607305936074,809360729.8747506,0.571917808219178,0.4280821917808219,0.0,-0.8093607305936074,0.0238909241283748,34.17601498127012,0.9128709291752768,0.0706400733300853,12.922847983320086,0.4082537797994319,11.020789973927842,0.5000106665528914,11.677733279427756,0.5000106665528914,0.0428174419288837,11.677733279427756,0.3181101013186406,0.0286442117639831,11.10556310432771,0.816496580927726
4000,15,shuffle_l,1501,0.37525,240,0.0003535533905932,0.3846441349364465,1087.934827484403,0.0004999999999999,0.7779258272262934,1555.848542755506,0.6662225183211192,0.3337774816788807,0.0,0.7779258272262934,0.0210748272957908,38.74274125562104,0.0011547005383792,0.0288675134594812,0.04,0.2886774439866521,9.534702169157958,0.5000079680322551,11.689342092815757,0.5000079680322551,0.0427746886062611,11.689342092815757,0.2635261326443115,0.0252678302733813,10.429313866411633,0.816496580927726
4000,15,shuffle_e,1514,0.3785,240,0.0003535533905932,0.2022969959133823,572.1806921246898,1.7763568394002505e-18,0.650814619110524,650814617.9544449,0.5033025099075297,0.4966974900924703,0.1618229854689564,0.650814619110524,0.0209841524569684,29.965645234496165,0.3111660576621016,0.0499500748752183,6.229541365842473,0.2149708848050161,6.197997690851885,0.0241811732216061,0.6925969406831898,0.0241811732216061,0.034913774233183,0.6925969406831898,0.1088683465280561,0.0251591149607823,4.327193015245505,0.6288036680720985
4000,16,qcd,1502,0.3755,240,0.0007071067811865,0.3843880469637858,543.6060204552854,0.00075,0.7780736795383933,1037.4301894776024,0.6657789613848203,0.3342210386151797,0.0,-0.7780736795383933,0.02106781053938,38.75564475015221,0.0,0.9128709291752768,0.0,0.2886774439866521,9.534702169157958,0.5000105817306432,11.701063452135529,0.5000105817306432,0.0427320630963152,11.701063452135529,0.2635272500165397,0.0252594174779847,10.432831645710817,0.816496580927726
4000,16,shuffle_b,1502,0.3755,240,0.0007071067811865,0.3843880469637858,543.6060204552854,0.00075,0.7780736795383933,1037.4301894776024,0.6657789613848203,0.3342210386151797,0.0,-0.7780736795383933,0.02106781053938,38.75564475015221,0.4082515695402597,0.0408657152149172,9.990075235272895,0.2886774439866521,9.534702169157958,0.5000105817306432,11.701063452135529,0.5000105817306432,0.0427320630963152,11.701063452135529,0.2635272500165397,0.0252594174779847,10.432831645710817,0.816496580927726
4000,16,shuffle_l,1501,0.37525,240,0.0007071067811865,0.3846441349364465,543.9681830272076,0.0004999999999999,0.7779258272262937,1555.8485427555072,0.6662225183211192,0.3337774816788807,0.0,-0.7779258272262937,0.0210748272957908,38.74274125562104,0.0,0.9128709291752768,0.0,0.2886774439866521,9.534702169157958,0.5000079680322551,11.689342092815757,0.5000079680322551,0.0427746886062611,11.689342092815757,0.2635261326443115,0.0252678302733813,10.429313866411633,0.816496580927726
4000,16,shuffle_e,1736,0.434,240,0.0007071067811865,0.0875519189277527,123.8169360558274,0.00075,0.673195084485407,897.5922491908765,0.5743087557603687,0.4256912442396313,0.1347926267281106,-0.673195084485407,0.0195965450417405,33.595005937834465,0.1056199089530159,0.0391390181928218,2.698583506430081,0.0783819093633595,2.584983040767206,0.0330607281232526,0.9387045302457788,0.0330607281232526,0.0352195254822051,0.9387045302457788,0.0560781085599748,0.0234954321147991,2.3867664270219,0.6583460470383131
4000,17,qcd,1501,0.37525,240,0.0005590169943749,0.3846441349364465,688.0711154325671,0.0003333333333333,0.7779258272262934,2333.770480367444,0.6662225183211192,0.3337774816788807,0.0,0.7779258272262934,0.0210748272957908,38.74274125562104,0.0011547005383792,0.0288675134594812,0.04,0.2886774439866521,9.534702169157958,0.5,11.68915581367464,0.5,0.0427746886062611,11.68915581367464,0.2635244483564654,0.0252678302733813,10.429247209012566,0.816496580927726
4000,17,shuffle_b,1501,0.37525,240,0.0005590169943749,0.3846441349364465,688.0711154325671,0.0003333333333333,0.7779258272262934,2333.770480367444,0.6662225183211192,0.3337774816788807,0.0,0.7779258272262934,0.0210748272957908,38.74274125562104,0.0011547005383792,0.0288675134594812,0.04,0.2886774439866521,9.534702169157958,0.5,11.68915581367464,0.5,0.0427746886062611,11.68915581367464,0.2635244483564654,0.0252678302733813,10.429247209012566,0.816496580927726
4000,17,shuffle_l,1501,0.37525,240,0.0005590169943749,0.3846441349364465,688.0711154325671,0.0003333333333333,0.7779258272262937,2333.7704803674483,0.6662225183211192,0.3337774816788807,0.0,0.7779258272262937,0.0210748272957908,38.74274125562104,0.0011547005383792,0.0288675134594812,0.04,0.2886774439866521,9.534702169157958,0.5,11.68915581367464,0.5,0.0427746886062611,11.68915581367464,0.2635244483564654,0.0252678302733813,10.429247209012566,0.816496580927726
4000,17,shuffle_e,1767,0.44175,240,0.0005590169943749,0.0804776902681449,143.96261136124818,0.0003333333333333,0.6608187134502923,1982.450193000305,0.5817770232031693,0.4182229767968308,0.1505376344086021,0.6608187134502923,0.0194238848916021,33.00195497630504,0.1070290378965114,0.0417537444349308,2.5633398715486657,0.0706219428070063,2.364996479505236,0.0243164847235541,0.6904262448351315,0.0243164847235541,0.0352195254822051,0.6904262448351315,0.053908079945974,0.0232884198670858,2.3148019596711142,0.6410261746575863
4000,18,qcd,1502,0.3755,240,0.0005590169943749,0.383619272408948,686.2377888888581,0.0008333333333333,0.7785175321793165,934.219917551276,0.6644474034620506,0.3355525965379494,0.0,0.7785175321793165,0.02106781053938,38.75564475015221,0.0011570145675142,0.0288964243465062,0.0400400601001753,0.2886774532519691,9.525163000581568,0.500007873457787,11.724285669450165,0.500007873457787,0.0426471929765965,11.724285669450165,0.2635306140617851,0.0252594174779847,10.432964825553476,0.816496580927726
4000,18,shuffle_b,1502,0.3755,240,0.0005590169943749,0.383619272408948,686.2377888888581,0.0008333333333333,0.7785175321793165,934.219917551276,0.6644474034620506,0.3355525965379494,0.0,0.7785175321793165,0.02106781053938,38.75564475015221,0.0011570145675142,0.0288964243465062,0.0400400601001753,0.2886774532519691,9.525163000581568,0.500007873457787,11.724285669450165,0.500007873457787,0.0426471929765965,11.724285669450165,0.2635306140617851,0.0252594174779847,10.432964825553476,0.816496580927726
4000,18,shuffle_l,1499,0.37475,240,0.0005590169943749,0.3847729504352384,688.3015471898416,0.0001666666666666,0.7778519012675117,4667.083405104681,0.6664442961974649,0.333555703802535,0.0,-0.7778519012675117,0.0210888818670734,38.71692136521188,0.0,0.9128709291752768,0.0,0.2886777378632432,9.529943327209237,0.5000026666595556,11.677546442172298,0.5000026666595556,0.0428174419288837,11.677546442172298,0.263525014784092,0.0252846811123822,10.422319095614002,0.816496580927726
4000,18,shuffle_e,1767,0.44175,240,0.0005590169943749,0.0876188336095264,156.73705406834958,0.0008333333333333,0.6617619317109978,794.1133651171587,0.5715902659875495,0.4284097340124504,0.1499717034521788,0.6617619317109978,0.0194238848916021,33.03373282335017,0.0819479822743144,0.0385414408385733,2.1262303767403155,0.0791315638557813,2.6266651741312024,0.0198992779467165,0.5718465934847606,0.0198992779467165,0.0347982801216894,0.5718465934847606,0.0545224621209339,0.0232884198670858,2.341183404975964,0.641643423900694
4000,19,qcd,1502,0.3755,240,0.0007499999999999,0.3855412088018026,514.0542596633907,0.0005833333333333,0.7774079005770084,1332.6969735086298,0.6677762982689747,0.3322237017310253,0.0,-0.7774079005770084,0.02106781053938,38.75564475015221,0.0,0.9128709291752768,0.0,0.2886800127179951,9.549078481503688,0.5000026773582507,11.665863300728514,0.5000026773582507,0.0428603237042068,11.665863300728514,0.2635272500165397,0.0252594174779847,10.432831645710817,0.816496580927726
4000,19,shuffle_b,1502,0.3755,240,0.0007499999999999,0.3855412088018026,514.0542596633907,0.0005833333333333,0.7774079005770084,1332.6969735086298,0.6677762982689747,0.3322237017310253,0.0,-0.7774079005770084,0.02106781053938,38.75564475015221,0.4082515175955216,0.0407029029531529,10.030034419544952,0.2886800127179951,9.54907848150369,0.5000026773582507,11.665863300728514,0.5000026773582507,0.0428603237042068,11.665863300728514,0.2635272500165397,0.0252594174779847,10.432831645710817,0.816496580927726
4000,19,shuffle_l,1504,0.376,240,0.0007499999999999,0.3850285210241406,513.3706768712851,0.0013333333333333,0.7777039007092198,583.277488073799,0.6668882978723404,0.3331117021276595,0.0,-0.7777039007092198,0.0210537980266629,38.78143885933064,0.0,0.9128709291752768,0.0,0.2886800127179951,9.549078481503688,0.5,11.68915581367464,0.5,0.0427746886062611,11.68915581367464,0.2635255615203561,0.0252426170654323,10.439708404135017,0.816496580927726
4000,19,shuffle_e,1760,0.44,240,0.0007499999999999,0.0946973484840909,126.26296296150394,0.0005833333333333,0.6634469696969696,1137.3357126192998,0.5693181818181818,0.4306818181818181,0.146590909090909,-0.6634469696969696,0.019462473604038,33.15812666053924,0.05506825943253,0.0481794849178072,1.1429814894549992,0.0852402915711942,2.8182081583400382,0.0198182134375439,0.5698930814200324,0.0198182134375439,0.0347753185354731,0.5698930814200324,0.0568219695707154,0.0233346861079718,2.435086090628974,0.6453391648900961
4000,20,qcd,1502,0.3755,240,0.00025,0.385156437901468,1540.6195891275154,0.0004166666666666,0.7776298268974701,1866.3071054168656,0.6671105193075899,0.3328894806924101,0.0,0.7776298268974701,0.02106781053938,38.75564475015221,0.0019960079840319,0.0288386891752492,0.0692128540205981,0.2886820350856728,9.544383899310615,0.5000106665528914,11.677733279427756,0.5000106665528914,0.0428174419288837,11.677733279427756,0.2635289320445304,0.0252594174779847,10.432898235844656,0.816496580927726
4000,20,shuffle_b,1502,0.3755,240,0.00025,0.385156437901468,1540.6195891275154,0.0004166666666666,0.7776298268974701,1866.3071054168656,0.6671105193075899,0.3328894806924101,0.0,0.7776298268974701,0.02106781053938,38.75564475015221,0.0019960079840319,0.0288386891752492,0.0692128540205981,0.2886820350856728,9.544383899310615,0.5000106665528914,11.677733279427756,0.5000106665528914,0.0428174419288837,11.677733279427756,0.2635289320445304,0.0252594174779847,10.432898235844656,0.816496580927726
4000,20,shuffle_l,1168,0.292,240,0.00025,0.4044069604731282,1617.621371407027,8.333333333333437e-05,0.8093607305936074,9712.21222057652,0.571917808219178,0.4280821917808219,0.0,-0.8093607305936074,0.0238909241283748,34.17601498127012,0.0,0.9128709291752768,0.0,0.4082537797994319,11.020789973927842,0.5000106665528914,11.677733279427756,0.5000106665528914,0.0428174419288837,11.677733279427756,0.3181101013186406,0.0286442117639831,11.10556310432771,0.816496580927726
4000,20,shuffle_e,1742,0.4355,240,0.00025,0.0839609887429723,335.8426116014428,0.0004166666666666,0.6704936854190585,1609.1809829713784,0.5671641791044776,0.4328358208955223,0.1377726750861079,0.6704936854190585,0.0195627675761684,33.48426983020532,0.1079777221003498,0.0398789517014185,2.7076369235781343,0.0752036324538695,2.46894588436124,0.0248002335592497,0.7112720191447364,0.0248002335592497,0.0348674387459675,0.7112720191447364,0.0518297954934535,0.0234549343562571,2.209760842056106,0.655044988146017
4000,21,qcd,1500,0.375,240,0.0005590169943749,0.38566997981867,689.9061992626869,0.0002499999999999,0.7773333333333333,3109.320896049754,0.668,0.332,0.0,-0.7773333333333333,0.0210818510677891,38.72983346207417,0.0,0.9128709291752768,0.0,0.2886785848608613,9.54426982823539,0.5,11.654105792302635,0.5,0.0429033345767499,11.654105792302635,0.2635265114219483,0.0252762514801718,10.425854151224671,0.816496580927726
4000,21,shuffle_b,1500,0.375,240,0.0005590169943749,0.38566997981867,689.9061992626869,0.0002499999999999,0.7773333333333333,3109.320896049754,0.668,0.332,0.0,-0.7773333333333333,0.0210818510677891,38.72983346207417,0.408248290463863,0.0407840653526997,10.00999500499376,0.2886785848608613,9.54426982823539,0.5,11.654105792302635,0.5,0.0429033345767499,11.654105792302635,0.2635265114219483,0.0252762514801718,10.425854151224671,0.816496580927726
4000,21,shuffle_l,1501,0.37525,240,0.0005590169943749,0.3854130377934743,689.4465682172087,0.00025,0.7774816788807462,3109.9142758658586,0.6675549633577615,0.3324450366422385,0.0,-0.7774816788807462,0.0210748272957908,38.74274125562104,0.0,0.9128709291752768,0.0,0.2886785848608613,9.54426982823539,0.5000026773582507,11.665863300728514,0.5000026773582507,0.0428603237042068,11.665863300728514,0.2635261326443115,0.0252678302733813,10.429313866411633,0.816496580927726
4000,21,shuffle_e,1760,0.44,240,0.0005590169943749,0.0929615606377084,166.294397627846,0.0002499999999999,0.6625,2649.9894000424088,0.5596590909090909,0.4403409090909091,0.1477272727272727,-0.6625,0.019462473604038,33.09421811627029,0.1124471345964407,0.0435689523248132,2.580900586227778,0.0837481409097727,2.745285844879711,0.0223831610063335,0.650828481713862,0.0223831610063335,0.0343917969714397,0.650828481713862,0.0537324992330451,0.0233346861079718,2.3026878949397327,0.6440953465341892
4000,22,qcd,1501,0.37525,240,0.0005590169943749,0.3850299310780767,688.7612473165354,0.0006666666666666,0.77770375305352,1166.5538797494592,0.6668887408394404,0.3331112591605596,0.0,-0.77770375305352,0.0210748272957908,38.74274125562104,0.0,0.9128709291752768,0.0,0.2886800322303028,9.539553858607311,0.5000106665528914,11.677733279427756,0.5000106665528914,0.0428174419288837,11.677733279427756,0.2635278169213927,0.0252678302733813,10.429380523384667,0.816496580927726
4000,22,shuffle_b,1501,0.37525,240,0.0005590169943749,0.3850299310780767,688.7612473165354,0.0006666666666666,0.77770375305352,1166.5538797494592,0.6668887408394404,0.3331112591605596,0.0,-0.77770375305352,0.0210748272957908,38.74274125562104,0.4082515695402597,0.0408657152149172,9.990075235272895,0.2886800322303028,9.539553858607311,0.5000106665528914,11.677733279427756,0.5000106665528914,0.0428174419288837,11.677733279427756,0.2635278169213927,0.0252678302733813,10.429380523384667,0.816496580927726
4000,22,shuffle_l,1502,0.3755,240,0.0005590169943749,0.3843880469637858,687.6130121599755,0.0008333333333333,0.7780736795383933,933.6872950213178,0.6657789613848203,0.3342210386151797,0.0,0.7780736795383933,0.02106781053938,38.75564475015221,0.0011547005383792,0.0288675134594812,0.04,0.2886774439866521,9.534702169157958,0.5000105817306433,11.701063452135532,0.5000105817306433,0.0427320630963152,11.701063452135532,0.2635272500165397,0.0252594174779847,10.432831645710817,0.816496580927726
4000,22,shuffle_e,1750,0.4375,240,0.0005590169943749,0.0905331149246461,161.9502696435981,0.0006666666666666,0.6670476190476191,1000.5699277165368,0.58,0.42,0.1422857142857143,-0.6670476190476191,0.0195180014589706,33.30596686138129,0.1070163047778828,0.0430810427392847,2.4840695111656785,0.0801059544093146,2.665582329174061,0.0380526973359101,1.0775151790294932,0.0380526973359101,0.0353152308909317,1.0775151790294932,0.0589979822092408,0.0234012616672487,2.521145357380942,0.6500659097928686
4000,23,qcd,1501,0.37525,240,0.000790569415042,0.3857992155137996,488.0010789339457,0.0001666666666666,0.7772596047079724,4663.529647069919,0.6682211858760826,0.3317788141239174,0.0,0.7772596047079724,0.0210748272957908,38.74274125562104,0.0016782161745367,0.0288243093742179,0.0582222509739586,0.2886800127179951,9.54907848150369,0.5,11.654105792302635,0.5,0.0429033345767499,11.654105792302635,0.2635278169213927,0.0252678302733813,10.429380523384667,0.816496580927726
4000,23,shuffle_b,1501,0.37525,240,0.000790569415042,0.3857992155137996,488.0010789339457,0.0001666666666666,0.7772596047079724,4663.529647069919,0.6682211858760826,0.3317788141239174,0.0,0.7772596047079724,0.0210748272957908,38.74274125562104,0.0016782161745367,0.0288243093742179,0.0582222509739586,0.2886800127179951,9.54907848150369,0.5,11.654105792302635,0.5,0.0429033345767499,11.654105792302635,0.2635278169213927,0.0252678302733813,10.429380523384667,0.816496580927726
4000,23,shuffle_l,1501,0.37525,240,0.000790569415042,0.3857992155137996,488.0010789339457,0.0001666666666666,0.7772596047079724,4663.529647069944,0.6682211858760826,0.3317788141239174,0.0,0.7772596047079724,0.0210748272957908,38.74274125562104,0.0016782161745367,0.0288243093742179,0.0582222509739586,0.2886800127179951,9.54907848150369,0.5,11.654105792302635,0.5,0.0429033345767499,11.654105792302635,0.2635278169213927,0.0252678302733813,10.429380523384667,0.816496580927726
4000,23,shuffle_e,1617,0.40425,240,0.000790569415042,0.1483572829132356,187.6585312205696,0.0001666666666666,0.6534735106163677,3920.817538792967,0.53865182436611,0.4613481756338899,0.1576994434137291,0.6534735106163677,0.0203048301291057,31.18717804180915,0.0934064958862094,0.0393566603795718,2.3733338902579297,0.1502173111326994,4.630451522989194,0.032329445869365,0.9222782248625244,0.032329445869365,0.035053896967137,0.9222782248625244,0.0837774704348209,0.0243446361021688,3.44131126393618,0.633250352345112
4000,24,qcd,1501,0.37525,240,0.0005590169943749,0.3838760044475249,686.697044299525,0.0002499999999999,0.7783699755718411,3113.4674484175925,0.664890073284477,0.335109926715523,0.0,0.7783699755718411,0.0210748272957908,38.74274125562104,0.0011570145675142,0.0288964243465062,0.0400400601001753,0.2886774532519691,9.525163000581568,0.5000658694707084,11.714007210926876,0.5000658694707084,0.0426895647634777,11.714007210926876,0.2635412907505345,0.0252678302733813,10.42991376383294,0.816496580927726
4000,24,shuffle_b,1501,0.37525,240,0.0005590169943749,0.3838760044475249,686.697044299525,0.0002499999999999,0.7783699755718411,3113.4674484175925,0.664890073284477,0.335109926715523,0.0,0.7783699755718411,0.0210748272957908,38.74274125562104,0.0011570145675142,0.0288964243465062,0.0400400601001753,0.2886774532519691,9.525163000581568,0.5000658694707084,11.714007210926876,0.5000658694707084,0.0426895647634777,11.714007210926876,0.2635412907505345,0.0252678302733813,10.42991376383294,0.816496580927726
4000,24,shuffle_l,1499,0.37475,240,0.0005590169943749,0.3855471097168912,689.6864029358868,0.0002499999999999,0.7774071603291083,3109.6162028516324,0.6677785190126752,0.3322214809873249,0.0,-0.7774071603291083,0.0210888818670734,38.71692136521188,0.0,0.9128709291752768,0.0,0.2886869463977765,9.539782340198135,0.5,11.654105792302635,0.5,0.0429033345767499,11.654105792302635,0.263530081096517,0.0252846811123822,10.422519466439423,0.816496580927726
4000,24,shuffle_e,1740,0.435,240,0.0005590169943749,0.0810263303961495,144.94404690272475,0.0002499999999999,0.6714559386973181,2685.813011537231,0.5775862068965517,0.4224137931034483,0.1373563218390804,0.6714559386973181,0.0195740073171567,33.48857242043352,0.0865131953587342,0.0421075960533259,2.054574553464702,0.0743027788709603,2.4602677155183152,0.0368667317138482,1.0439329089397205,0.0368667317138482,0.0353152308909317,1.0439329089397205,0.0555661239782612,0.0234684103322935,2.367698672022952,0.6555055615987005
4000,25,qcd,1503,0.37575,240,0.0008291561975888,0.3852846943581554,464.6702645512154,0.0008333333333333,0.7775559991128854,933.0660792561688,0.667332002661344,0.332667997338656,0.0,0.7775559991128854,0.0210608007868854,38.76854394996026,0.0021919086005771,0.0288243093742179,0.0760437508534952,0.2886834560494359,9.549192381464607,0.5000106665528914,11.677733279427756,0.5000106665528914,0.0428174419288837,11.677733279427756,0.2635298575500145,0.0252510130799886,10.43640731226191,0.816496580927726
4000,25,shuffle_b,1503,0.37575,240,0.0008291561975888,0.3852846943581554,464.6702645512154,0.0008333333333333,0.7775559991128854,933.0660792561688,0.667332002661344,0.332667997338656,0.0,0.7775559991128854,0.0210608007868854,38.76854394996026,0.0021919086005771,0.0288243093742179,0.0760437508534952,0.2886834560494359,9.549192381464607,0.5000106665528914,11.677733279427756,0.5000106665528914,0.0428174419288837,11.677733279427756,0.2635298575500145,0.0252510130799886,10.43640731226191,0.816496580927726
4000,25,shuffle_l,1502,0.3755,240,0.0008291561975888,0.3855412088018026,464.9796322373348,0.0008333333333333,0.7774079005770085,932.8883612263766,0.6677762982689747,0.3322237017310253,0.0,0.7774079005770085,0.02106781053938,38.75564475015221,0.0021919086005771,0.0288243093742179,0.0760437508534952,0.2886834560494359,9.549192381464607,0.5000026773582507,11.665863300728514,0.5000026773582507,0.0428603237042068,11.665863300728514,0.2635289320445304,0.0252594174779847,10.432898235844656,0.816496580927726
4000,25,shuffle_e,1744,0.436,240,0.0008291561975888,0.0709203463208015,85.53305275167918,0.0008333333333333,0.6701070336391436,804.1274754140017,0.5802752293577982,0.4197247706422018,0.1381880733944954,0.6701070336391436,0.0195515471751443,33.47999368375418,0.0220580549396104,0.0368705095605999,0.5982573933065962,0.063646387478851,2.114746404081416,0.0334071564498291,0.9440376864840913,0.0334071564498291,0.0353875241721,0.9440376864840913,0.0513286832962129,0.0234414815680232,2.189651842067475,0.6545856759314557
4000,26,qcd,1168,0.292,240,0.0005590169943749,0.403802014654266,722.3417112105087,8.333333333333393e-05,0.8096461187214613,9715.63683701542,0.5710616438356164,0.4289383561643836,0.0,0.8096461187214613,0.0238909241283748,34.17601498127012,0.2886780544951384,0.0353465035377451,8.167089403535224,0.4082503551504046,11.0124454110849,0.5000079680322551,11.689342092815757,0.5000079680322551,0.0427746886062611,11.689342092815757,0.3181077970217838,0.0286442117639831,11.105482658865435,0.816496580927726
4000,26,shuffle_b,1168,0.292,240,0.0005590169943749,0.403802014654266,722.3417112105087,8.333333333333393e-05,0.8096461187214613,9715.63683701542,0.5710616438356164,0.4289383561643836,0.0,0.8096461187214613,0.0238909241283748,34.17601498127012,0.2886780544951384,0.0353465035377451,8.167089403535224,0.4082503551504046,11.0124454110849,0.5000079680322551,11.689342092815757,0.5000079680322551,0.0427746886062611,11.689342092815757,0.3181077970217838,0.0286442117639831,11.105482658865435,0.816496580927726
4000,26,shuffle_l,1501,0.37525,240,0.0005590169943749,0.3846452888648126,688.0731796386887,0.0006666666666666,0.7779258272262934,1166.8869905089475,0.6662225183211192,0.3337774816788807,0.0,-0.7779258272262934,0.0210748272957908,38.74274125562104,0.0,0.9128709291752768,0.0,0.2886809080397709,9.534816583066885,0.5000079680322551,11.689342092815757,0.5000079680322551,0.0427746886062611,11.689342092815757,0.2635278169213927,0.0252678302733813,10.429380523384667,0.816496580927726
4000,26,shuffle_e,1627,0.40675,240,0.0005590169943749,0.1405161473100217,251.3624762063992,8.333333333333393e-05,0.6543741036672813,7852.395015267137,0.535341118623233,0.464658881376767,0.1585740626920713,0.6543741036672813,0.0202423343510453,31.236778395405363,0.2913088526375912,0.04581567860876,6.35827868283266,0.1448567041271236,4.465210708292493,0.0215734212041006,0.6195469181897233,0.0215734212041006,0.034821287251556,0.6195469181897233,0.0795129268534594,0.0242697062965448,3.276221223360219,0.6323053123293066
4000,27,qcd,1502,0.3755,240,0.0005590169943749,0.3851575887610138,688.9896079135495,0.0007499999999999,0.7776298268974701,1036.8383867454447,0.6671105193075899,0.3328894806924101,0.0,0.7776298268974701,0.02106781053938,38.75564475015221,0.0019960079840319,0.0288386891752492,0.0692128540205981,0.2886820350856728,9.544383899310615,0.5000026666595556,11.677546442172298,0.5000026666595556,0.0428174419288837,11.677546442172298,0.2635272500165397,0.0252594174779847,10.432831645710817,0.816496580927726
4000,27,shuffle_b,1502,0.3755,240,0.0005590169943749,0.3851575887610138,688.9896079135495,0.0007499999999999,0.7776298268974701,1036.8383867454447,0.6671105193075899,0.3328894806924101,0.0,0.7776298268974701,0.02106781053938,38.75564475015221,0.0019960079840319,0.0288386891752492,0.0692128540205981,0.2886820350856728,9.544383899310615,0.5000026666595556,11.677546442172298,0.5000026666595556,0.0428174419288837,11.677546442172298,0.2635272500165397,0.0252594174779847,10.432831645710817,0.816496580927726
4000,27,shuffle_l,1501,0.37525,240,0.0005590169943749,0.3854141894197487,689.4486283052308,0.00025,0.7774816788807462,3109.914275865881,0.6675549633577615,0.3324450366422385,0.0,0.7774816788807462,0.0210748272957908,38.74274125562104,0.0019960079840319,0.0288386891752492,0.0692128540205981,0.2886820350856728,9.544383899310615,0.5000026773582507,11.665863300728514,0.5000026773582507,0.0428603237042068,11.665863300728514,0.2635278169213927,0.0252678302733813,10.429380523384667,0.816496580927726
4000,27,shuffle_e,1733,0.43325,240,0.0005590169943749,0.0752227565630858,134.56231699159233,0.00075,0.6739757645701097,898.6331545826067,0.5758799769186382,0.4241200230813618,0.1332948643969994,0.6739757645701097,0.0196134995179112,33.650755430259224,0.0257134703399551,0.0369308047923105,0.6962607634618638,0.0677496002939742,2.23545683514496,0.0253167266203107,0.7168784114281861,0.0253167266203107,0.0353152308909317,0.7168784114281861,0.0509621308551152,0.0235157598176193,2.167147957385219,0.6600090754087377
4000,28,qcd,1500,0.375,240,0.00025,0.3849005643597375,1539.5960990545536,0.0001666666666666,0.7777777777777777,4666.63866683472,0.6666666666666666,0.3333333333333333,0.0,0.7777777777777777,0.0210818510677891,38.72983346207417,0.0011547005383792,0.0288675134594812,0.04,0.2886774439866521,9.534702169157958,0.5000106665528914,11.677733279427756,0.5000106665528914,0.0428174419288837,11.677733279427756,0.2635265114219483,0.0252762514801718,10.425854151224671,0.816496580927726
4000,28,shuffle_b,1500,0.375,240,0.00025,0.3849005643597375,1539.5960990545536,0.0001666666666666,0.7777777777777777,4666.63866683472,0.6666666666666666,0.3333333333333333,0.0,0.7777777777777777,0.0210818510677891,38.72983346207417,0.0011547005383792,0.0288675134594812,0.04,0.2886774439866521,9.534702169157958,0.5000106665528914,11.677733279427756,0.5000106665528914,0.0428174419288837,11.677733279427756,0.2635265114219483,0.0252762514801718,10.425854151224671,0.816496580927726
4000,28,shuffle_l,1501,0.37525,240,0.00025,0.3842602616271968,1537.0348983691936,0.0005833333333333,0.7781479013990673,1333.965544171749,0.6655562958027982,0.3344437041972019,0.0,-0.7781479013990673,0.0210748272957908,38.74274125562104,0.0,0.9128709291752768,0.0,0.2886777378632432,9.529943327209237,0.5000105817306432,11.701063452135529,0.5000105817306432,0.0427320630963152,11.701063452135529,0.2635278169213927,0.0252678302733813,10.429380523384667,0.816496580927726
4000,28,shuffle_e,1735,0.43375,240,0.00025,0.0846301087860641,338.5190810679321,0.0001666666666666,0.6724303554274736,4034.557925217327,0.5717579250720461,0.4282420749279539,0.1354466858789625,0.6724303554274736,0.0196021916475461,33.54832206749942,0.091313220596268,0.039955275123782,2.285385854893464,0.0762583760887327,2.508636109914072,0.0325505390025495,0.9267164490678688,0.0325505390025495,0.0351245939740147,0.9267164490678688,0.0543469039804078,0.0235022021573297,2.3124175180094086,0.6576206386207251
4000,29,qcd,1167,0.29175,240,0.0005590169943749,0.4041480318047837,722.9606843992066,8.333333333333038e-05,0.8094830048557555,9713.679494115482,0.5715509854327335,0.4284490145672665,0.0,-0.8094830048557555,0.0239011579794024,34.161381705077446,0.0,0.9128709291752768,0.0,0.4082558609301331,11.01259392803765,0.5000106665528914,11.677733279427756,0.5000106665528914,0.0428174419288837,11.677733279427756,0.3181107704096084,0.0286564817203239,11.100831341203888,0.816496580927726
4000,29,shuffle_b,1167,0.29175,240,0.0005590169943749,0.4041480318047837,722.9606843992066,8.333333333333038e-05,0.8094830048557555,9713.679494115482,0.5715509854327335,0.4284490145672665,0.0,-0.8094830048557555,0.0239011579794024,34.161381705077446,0.5773657952708653,0.0499500748752183,11.55885745343122,0.4082558609301331,11.01259392803765,0.5000106665528914,11.677733279427756,0.5000106665528914,0.0428174419288837,11.677733279427756,0.3181107704096084,0.0286564817203239,11.100831341203888,0.816496580927726
4000,29,shuffle_l,1502,0.3755,240,0.0005590169943749,0.3847735862504615,688.302684568655,0.0006666666666666,0.7778517532179318,1166.775879663075,0.666444740346205,0.3335552596537949,0.0,0.7778517532179318,0.02106781053938,38.75564475015221,0.0016815692538065,0.0288530905190558,0.0582803860368431,0.2886800322303028,9.539553858607311,0.5000079680322551,11.689342092815757,0.5000079680322551,0.0427746886062611,11.689342092815757,0.2635272500165397,0.0252594174779847,10.432831645710817,0.816496580927726
4000,29,shuffle_e,1675,0.41875,240,0.0005590169943749,0.128126135222546,229.1985884386553,8.333333333333303e-05,0.6662686567164179,7995.127939061775,0.5540298507462686,0.4459701492537313,0.1498507462686567,-0.6662686567164179,0.0199501867221526,32.16889199118146,0.10344337909482,0.0390672692448746,2.647827224535055,0.1220609188691464,3.8836931006856714,0.0215960720279808,0.6164947018548617,0.0215960720279808,0.0350304259923146,0.6164947018548617,0.0717808559085808,0.0239194335945186,3.0009429623379567,0.6417754018688314
4000,30,qcd,1501,0.37525,240,0.0007071067811865,0.3857992155137996,545.6017113351761,0.0004166666666666,0.7772596047079725,1865.4185742945604,0.6682211858760826,0.3317788141239174,0.0,0.7772596047079725,0.0210748272957908,38.74274125562104,0.002606245786201,0.0288243093742179,0.0904183254615027,0.2886868993398063,9.549306280066975,0.5,11.654105792302635,0.5,0.0429033345767499,11.654105792302635,0.2635311854432616,0.0252678302733813,10.429513836052692,0.816496580927726
4000,30,shuffle_b,1501,0.37525,240,0.0007071067811865,0.3857992155137996,545.6017113351761,0.0004166666666666,0.7772596047079725,1865.4185742945604,0.6682211858760826,0.3317788141239174,0.0,0.7772596047079725,0.0210748272957908,38.74274125562104,0.002606245786201,0.0288243093742179,0.0904183254615027,0.2886868993398063,9.549306280066975,0.5,11.654105792302635,0.5,0.0429033345767499,11.654105792302635,0.2635311854432616,0.0252678302733813,10.429513836052692,0.816496580927726
4000,30,shuffle_l,1501,0.37525,240,0.0007071067811865,0.3857992155137996,545.6017113351761,8.333333333333348e-05,0.7772596047079724,9327.003332455664,0.6682211858760826,0.3317788141239174,0.0,0.7772596047079724,0.0210748272957908,38.74274125562104,0.002606245786201,0.0288243093742179,0.0904183254615027,0.2886868993398063,9.549306280066975,0.5,11.654105792302635,0.5,0.0429033345767499,11.654105792302635,0.2635311854432616,0.0252678302733813,10.429513836052692,0.816496580927726
4000,30,shuffle_e,1767,0.44175,240,0.0007071067811865,0.0892234620261068,126.1808516325295,0.0004166666666666,0.660252782493869,1584.602874938388,0.5704584040747029,0.4295415959252971,0.1505376344086021,0.660252782493869,0.0194238848916021,33.00195497630504,0.1064245782039301,0.0387143508176569,2.748969721982056,0.0809732893944915,2.685136255380108,0.0368023128418008,1.0589861523451498,0.0368023128418008,0.0347524023428457,1.0589861523451498,0.0566655591538872,0.0232884198670858,2.433207554539769,0.6410261746575863
4000,31,qcd,1503,0.37575,240,0.0010307764064044,0.3849047798144817,373.4121231441391,0.0005,0.7777777777777778,1555.5524444506666,0.6666666666666666,0.3333333333333333,0.0,0.7777777777777778,0.0210608007868854,38.76854394996026,0.0028227815616229,0.0288386891752492,0.0978817568464791,0.2886889354115913,9.544612037371154,0.5000079680322551,11.689342092815757,0.5000079680322551,0.0427746886062611,11.689342092815757,0.2635315373239085,0.0252510130799886,10.436473835291643,0.816496580927726
4000,31,shuffle_b,1503,0.37575,240,0.0010307764064044,0.3849047798144817,373.4121231441391,0.0005,0.7777777777777778,1555.5524444506666,0.6666666666666666,0.3333333333333333,0.0,0.7777777777777778,0.0210608007868854,38.76854394996026,0.0028227815616229,0.0288386891752492,0.0978817568464791,0.2886889354115913,9.544612037371154,0.5000079680322551,11.689342092815757,0.5000079680322551,0.0427746886062611,11.689342092815757,0.2635315373239085,0.0252510130799886,10.436473835291643,0.816496580927726
4000,31,shuffle_l,1502,0.3755,240,0.0010307764064044,0.3851610413190186,373.6607330796545,0.0002499999999999,0.7776298268974701,3110.506865562426,0.6671105193075899,0.3328894806924101,0.0,0.7776298268974701,0.02106781053938,38.75564475015221,0.0028227815616229,0.0288386891752492,0.0978817568464791,0.2886889354115913,9.544612037371154,0.5000106665528914,11.677733279427756,0.5000106665528914,0.0428174419288837,11.677733279427756,0.2635322960683042,0.0252594174779847,10.433031414837275,0.816496580927726
4000,31,shuffle_e,1740,0.435,240,0.0010307764064044,0.0849719980610401,82.4348666677141,0.0005,0.6718390804597701,1343.675473568586,0.5482758620689655,0.4517241379310345,0.1362068965517241,0.6718390804597701,0.0195740073171567,33.55358555278818,0.1143246604942064,0.0401869018475343,2.844823941092657,0.0793536357286798,2.5599724841288536,0.0212510090184352,0.6222789483191328,0.0212510090184352,0.0341502939732049,0.6222789483191328,0.0487185504655695,0.0234684103322935,2.075920344657116,0.656778129127122
4000,32,qcd,1503,0.37575,240,0.0006123724356957,0.384516431292098,627.9116775455822,0.0011666666666666,0.7779995564426702,666.8561910741248,0.6660013306719893,0.3339986693280106,0.0,-0.7779995564426702,0.0210608007868854,38.76854394996026,0.0,0.9128709291752768,0.0,0.2886765750844648,9.539439615759743,0.5000185178816665,11.701249171018455,0.5000185178816665,0.0427320630963152,11.701249171018455,0.2635281777654134,0.0252510130799886,10.436340788808144,0.816496580927726
4000,32,shuffle_b,1503,0.37575,240,0.0006123724356957,0.384516431292098,627.9116775455822,0.0011666666666666,0.7779995564426702,666.8561910741248,0.6660013306719893,0.3339986693280106,0.0,-0.7779995564426702,0.0210608007868854,38.76854394996026,0.408248290463863,0.0407840653526997,10.00999500499376,0.2886765750844648,9.539439615759743,0.5000185178816665,11.701249171018455,0.5000185178816665,0.0427320630963152,11.701249171018455,0.2635281777654134,0.0252510130799886,10.436340788808144,0.816496580927726
4000,32,shuffle_l,1499,0.37475,240,0.0006123724356957,0.3855424924830042,629.5872257178186,0.0001666666666666,0.7774071603291083,4664.414975484863,0.6677785190126752,0.3322214809873249,0.0,-0.7774071603291083,0.0210888818670734,38.71692136521188,0.0,0.9128709291752768,0.0,0.2886765750844648,9.539439615759743,0.5,11.654105792302635,0.5,0.0429033345767499,11.654105792302635,0.263525014784092,0.0252846811123822,10.422319095614002,0.816496580927726
4000,32,shuffle_e,1746,0.4365,240,0.0006123724356957,0.089378280450891,145.95388245301186,0.0011666666666666,0.669721267659412,574.0463088112316,0.5778923253150057,0.4221076746849942,0.1391752577319587,-0.669721267659412,0.0195403460586849,33.44336650049749,0.0261105887318728,0.0474578997876249,0.5501842443243015,0.0793540139705991,2.6327447970191096,0.0273706588278339,0.7760921231364382,0.0273706588278339,0.0352672807929299,0.7760921231364382,0.0569881192860688,0.0234280519011702,2.432473665606928,0.6534949547871532
4000,33,qcd,1502,0.3755,240,0.0009354143466934,0.3851575887610138,411.7503418374226,0.0004999999999999,0.7776298268974701,1555.256543281859,0.6671105193075899,0.3328894806924101,0.0,-0.7776298268974701,0.02106781053938,38.75564475015221,0.0,0.9128709291752768,0.0,0.2886785848608613,9.54426982823539,0.5000026666595556,11.677546442172298,0.5000026666595556,0.0428174419288837,11.677546442172298,0.2635255679778131,0.0252594174779847,10.432765055151943,0.816496580927726
4000,33,shuffle_b,1502,0.3755,240,0.0009354143466934,0.3851575887610138,411.7503418374226,0.0004999999999999,0.7776298268974701,1555.256543281859,0.6671105193075899,0.3328894806924101,0.0,-0.7776298268974701,0.02106781053938,38.75564475015221,0.408248290463863,0.0407840653526997,10.00999500499376,0.2886785848608613,9.54426982823539,0.5000026666595556,11.677546442172298,0.5000026666595556,0.0428174419288837,11.677546442172298,0.2635255679778131,0.0252594174779847,10.432765055151943,0.816496580927726
4000,33,shuffle_l,1504,0.376,240,0.0009354143466934,0.3846454111163848,411.20280148923456,0.0014999999999999,0.7779255319148937,518.616675532146,0.6662234042553191,0.3337765957446808,0.0,-0.7779255319148937,0.0210537980266629,38.78143885933064,0.0,0.9128709291752768,0.0,0.2886785848608613,9.54426982823539,0.5000026454536556,11.700877730304835,0.5000026454536556,0.0427320630963152,11.700877730304835,0.2635255615203561,0.0252426170654323,10.439708404135017,0.816496580927726
4000,33,shuffle_e,1754,0.4385,240,0.0009354143466934,0.0825580204091455,88.25814190559561,0.0004999999999999,0.6659064994298746,1331.8103352390858,0.5798175598631699,0.4201824401368301,0.1436716077537058,-0.6659064994298746,0.0194957333382473,33.26583435691643,0.048092880658867,0.0465242105199235,1.0337172865786028,0.0749121224837983,2.495208602387544,0.0240785502622833,0.6827447345220448,0.0240785502622833,0.0352672807929299,0.6827447345220448,0.0552340425290518,0.0233745631284162,2.362997854787894,0.648541835896748
4000,34,qcd,1504,0.376,240,0.0009013878188659,0.3854146912253258,427.5787353455319,0.0010833333333333,0.777482269503546,717.6752786107074,0.6675531914893617,0.3324468085106383,0.0,0.777482269503546,0.0210537980266629,38.78143885933064,0.0033530892889648,0.0288099510623062,0.1163864972110927,0.2886946077451276,9.554320575089342,0.5000106665528914,11.677733279427756,0.5000106665528914,0.0428174419288837,11.677733279427756,0.2635356267696693,0.0252426170654323,10.440107144459253,0.816496580927726
4000,34,shuffle_b,1504,0.376,240,0.0009013878188659,0.3854146912253258,427.5787353455319,0.0010833333333333,0.777482269503546,717.6752786107074,0.6675531914893617,0.3324468085106383,0.0,0.777482269503546,0.0210537980266629,38.78143885933064,0.0033530892889648,0.0288099510623062,0.1163864972110927,0.2886946077451276,9.554320575089342,0.5000106665528914,11.677733279427756,0.5000106665528914,0.0428174419288837,11.677733279427756,0.2635356267696693,0.0252426170654323,10.440107144459253,0.816496580927726
4000,34,shuffle_l,1504,0.376,240,0.0009013878188659,0.3854146912253258,427.5787353455319,0.0008333333333333,0.7774822695035462,932.9776038311288,0.6675531914893617,0.3324468085106383,0.0,0.7774822695035462,0.0210537980266629,38.78143885933064,0.0033530892889648,0.0288099510623062,0.1163864972110927,0.2886946077451276,9.554320575089342,0.5000026666595556,11.677546442172298,0.5000026666595556,0.0428174419288837,11.677546442172298,0.2635339492548134,0.0252426170654323,10.440040688796133,0.816496580927726
4000,34,shuffle_e,1765,0.44125,240,0.0009013878188659,0.090766570100092,100.69635677784636,0.0010833333333333,0.6625118035882908,611.5487926518451,0.5728045325779036,0.4271954674220963,0.1478753541076487,0.6625118035882908,0.0194348868097268,33.13285985643692,0.1047139869985246,0.0387492129146064,2.7023513285105447,0.0801507427567127,2.6618121896035185,0.0275551583417284,0.7902834086118575,0.0275551583417284,0.0348674387459675,0.7902834086118575,0.0559444064040022,0.0233016107035256,2.4008815148361258,0.643933380992393
4000,35,qcd,1167,0.29175,240,0.0003535533905932,0.4047534960005259,1144.8125289049265,8.881784197001254e-19,0.8091973721793773,809197371.4606656,0.572407883461868,0.4275921165381319,0.0,0.8091973721793773,0.0239011579794024,34.161381705077446,0.2886906604673002,0.0353200366650426,8.173566273588445,0.4082592690611927,11.020938156269247,0.5000026773582507,11.665863300728514,0.5000026773582507,0.0428603237042068,11.665863300728514,0.3181107704096084,0.0286564817203239,11.100831341203888,0.816496580927726
4000,35,shuffle_b,1167,0.29175,240,0.0003535533905932,0.4047534960005259,1144.8125289049265,8.881784197001254e-19,0.8091973721793773,809197371.4606656,0.572407883461868,0.4275921165381319,0.0,0.8091973721793773,0.0239011579794024,34.161381705077446,0.2886906604673002,0.0353200366650426,8.173566273588445,0.4082592690611927,11.020938156269247,0.5000026773582507,11.665863300728514,0.5000026773582507,0.0428603237042068,11.665863300728514,0.3181107704096084,0.0286564817203239,11.100831341203888,0.816496580927726
4000,35,shuffle_l,1500,0.375,240,0.0003535533905932,0.3852854641546822,1089.7487753105338,0.00025,0.7775555555555556,3110.2097813830856,0.6673333333333333,0.3326666666666666,0.0,0.7775555555555556,0.0210818510677891,38.72983346207417,0.0021962880383404,0.0288530905190558,0.076119680728481,0.2886834893347396,9.53966810008676,0.5000026773582507,11.665863300728514,0.5000026773582507,0.0428603237042068,11.665863300728514,0.2635281979430495,0.0252762514801718,10.4259208747696,0.816496580927726
4000,35,shuffle_e,1532,0.383,240,0.0003535533905932,0.2038174273069686,576.4811093562083,1.332267629550188e-18,0.6401218450826807,640121844.229867,0.5006527415143603,0.4993472584856397,0.1775456919060052,0.6401218450826807,0.0208605131665916,29.34071036282694,0.289371577427477,0.0448651585048471,6.44980619863884,0.2151472337925884,6.223400193463225,0.0202614379084967,0.5853225568382548,0.0202614379084967,0.0346158501355957,0.5853225568382548,0.108188501128512,0.025010876659205,4.325658096782233,0.6120622748409025
4000,36,qcd,1504,0.376,240,0.0010606601717798,0.3850331137320695,363.0123586837561,0.001,0.7777039007092198,777.7031230060956,0.6668882978723404,0.3331117021276595,0.0,-0.7777039007092198,0.0210537980266629,38.78143885933064,0.0,0.9128709291752768,0.0,0.2887041151756508,9.549875752702288,0.5000079680322551,11.689342092815757,0.5000079680322551,0.0427746886062611,11.689342092815757,0.2635389817673474,0.0252426170654323,10.440240054516453,0.816496580927726
4000,36,shuffle_b,1504,0.376,240,0.0010606601717798,0.3850331137320695,363.0123586837561,0.001,0.7777039007092198,777.7031230060956,0.6668882978723404,0.3331117021276595,0.0,-0.7777039007092198,0.0210537980266629,38.78143885933064,0.408277566067376,0.0407840653526997,10.01071282464366,0.2887041151756508,9.54987575270229,0.5000079680322551,11.689342092815757,0.5000079680322551,0.0427746886062611,11.689342092815757,0.2635389817673474,0.0252426170654323,10.440240054516453,0.816496580927726
4000,36,shuffle_l,1504,0.376,240,0.0010606601717798,0.3850331137320695,363.0123586837561,0.0015,0.7777039007092198,518.4689214935315,0.6668882978723404,0.3331117021276595,0.0,-0.7777039007092198,0.0210537980266629,38.78143885933064,0.0,0.9128709291752768,0.0,0.2887041151756508,9.549875752702288,0.5000239037158463,11.689714642192746,0.5000239037158463,0.0427746886062611,11.689714642192746,0.2635423367223151,0.0252426170654323,10.440372962881655,0.816496580927726
4000,36,shuffle_e,1799,0.44975,240,0.0010606601717798,0.0842184967402734,79.40188533436394,0.0009999999999999,0.6501760237168797,650.1753735415073,0.5886603668704836,0.4113396331295164,0.1639799888827126,-0.6501760237168797,0.0192503570372766,32.544159079029846,0.10919833595305,0.0414941331443307,2.631657241114569,0.0748209714366297,2.543112678651357,0.0223960412516325,0.6363285353604732,0.0223960412516325,0.0351957204605721,0.6363285353604732,0.0577482844332506,0.023080367278599,2.5020522306331263,0.6264866817492536
4000,37,qcd,1500,0.375,240,0.0003535533905932,0.3849028737515767,1088.6666492974373,0.0002499999999999,0.7777777777777777,3111.098666716449,0.6666666666666666,0.3333333333333333,0.0,-0.7777777777777777,0.0210818510677891,38.72983346207417,0.0,0.9128709291752768,0.0,0.2886809080397709,9.534816583066885,0.5000106665528914,11.677733279427756,0.5000106665528914,0.0428174419288837,11.677733279427756,0.2635281979430495,0.0252762514801718,10.4259208747696,0.816496580927726
4000,37,shuffle_b,1500,0.375,240,0.0003535533905932,0.3849028737515767,1088.6666492974373,0.0002499999999999,0.7777777777777777,3111.098666716449,0.6666666666666666,0.3333333333333333,0.0,-0.7777777777777777,0.0210818510677891,38.72983346207417,0.4082613542001415,0.0408248290463863,10.000319994880163,0.288680908039771,9.534816583066888,0.5000106665528914,11.677733279427756,0.5000106665528914,0.0428174419288837,11.677733279427756,0.2635281979430495,0.0252762514801718,10.4259208747696,0.816496580927726
4000,37,shuffle_l,1502,0.3755,240,0.0003535533905932,0.3843880469637858,1087.210503364906,0.00075,0.7780736795383931,1037.4301894776,0.6657789613848203,0.3342210386151797,0.0,0.7780736795383931,0.02106781053938,38.75564475015221,0.0018257418583505,0.0288675134594812,0.0632455532033676,0.2886809080397709,9.534816583066885,0.5000026454536556,11.700877730304835,0.5000026454536556,0.0427320630963152,11.700877730304835,0.2635272500165397,0.0252594174779847,10.432831645710817,0.816496580927726
4000,37,shuffle_e,1750,0.4375,240,0.0003535533905932,0.0969022229689625,274.0801006780258,0.0002499999999999,0.6666666666666667,2666.656000042669,0.5674285714285714,0.4325714285714285,0.1428571428571428,-0.6666666666666667,0.0195180014589706,33.27375628243461,0.1058637476144922,0.0392837100659193,2.694851057521032,0.0869582882133461,2.8620675962614683,0.0248867002834485,0.7151704106185678,0.0248867002834485,0.0347982801216894,0.7151704106185678,0.0575182904952554,0.0234012616672487,2.4579140780155093,0.649437223665993
4000,38,qcd,1168,0.292,240,0.0003535533905932,0.4044087730428429,1143.8375078986692,1.7763568394002505e-18,0.8093607305936072,809360729.1558937,0.571917808219178,0.4280821917808219,0.0,-0.8093607305936072,0.0238909241283748,34.17601498127012,0.0,0.9128709291752768,0.0,0.4082647582491486,11.021086336618293,0.5000026666595556,11.677546442172298,0.5000026666595556,0.0428174419288837,11.677546442172298,0.3181124055988058,0.0286442117639831,11.105643549207262,0.816496580927726
4000,38,shuffle_b,1168,0.292,240,0.0003535533905932,0.4044087730428429,1143.8375078986692,1.7763568394002505e-18,0.8093607305936072,809360729.1558937,0.571917808219178,0.4280821917808219,0.0,-0.8093607305936072,0.0238909241283748,34.17601498127012,0.5773849940470476,0.0498754668053816,11.57653313401664,0.4082647582491486,11.02108633661829,0.5000026666595556,11.677546442172298,0.5000026666595556,0.0428174419288837,11.677546442172298,0.3181124055988058,0.0286442117639831,11.105643549207262,0.816496580927726
4000,38,shuffle_l,1502,0.3755,240,0.0003535533905932,0.3847735862504615,1088.3009700566895,0.0005,0.7778517532179315,1555.7003950350702,0.666444740346205,0.3335552596537949,0.0,-0.7778517532179315,0.02106781053938,38.75564475015221,0.0,0.9128709291752768,0.0,0.2886869463977765,9.539782340198135,0.5,11.68915581367464,0.5,0.0427746886062611,11.68915581367464,0.2635289320445303,0.0252594174779847,10.432898235844654,0.816496580927726
4000,38,shuffle_e,1485,0.37125,240,0.0003535533905932,0.2105203877991465,595.4398910048541,2.664535259100376e-18,0.6556677890011224,655667787.2540724,0.5003367003367003,0.4996632996632996,0.1575757575757575,0.6556677890011224,0.0211880575387909,29.893447138431213,0.3275986105949094,0.0501003010035126,6.538855137256375,0.2199413061195388,6.261746577974744,0.0174509654982525,0.4964959302676707,0.0174509654982525,0.0351482548685632,0.4964959302676707,0.1103897099430419,0.0254035885655743,4.345437639965424,0.633384078001886
4000,39,qcd,1500,0.375,240,0.00075,0.3849017190573891,513.2016078077085,0.0001666666666666,0.7777777777777778,4666.63866683467,0.6666666666666666,0.3333333333333333,0.0,0.7777777777777778,0.0210818510677891,38.72983346207417,0.0023094010767585,0.0288675134594812,0.08,0.288684372051323,9.534930995602911,0.5000026666595556,11.677546442172298,0.5000026666595556,0.0428174419288837,11.677546442172298,0.2635281979430495,0.0252762514801718,10.4259208747696,0.816496580927726
4000,39,shuffle_b,1500,0.375,240,0.00075,0.3849017190573891,513.2016078077085,0.0001666666666666,0.7777777777777778,4666.63866683467,0.6666666666666666,0.3333333333333333,0.0,0.7777777777777778,0.0210818510677891,38.72983346207417,0.0023094010767585,0.0288675134594812,0.08,0.288684372051323,9.534930995602911,0.5000026666595556,11.677546442172298,0.5000026666595556,0.0428174419288837,11.677546442172298,0.2635281979430495,0.0252762514801718,10.4259208747696,0.816496580927726
4000,39,shuffle_l,1500,0.375,240,0.00075,0.3849017190573891,513.2016078077085,0.0004166666666666,0.7777777777777777,1866.662186677416,0.6666666666666666,0.3333333333333333,0.0,0.7777777777777777,0.0210818510677891,38.72983346207417,0.0023094010767585,0.0288675134594812,0.08,0.288684372051323,9.534930995602911,0.5000026666595556,11.677546442172298,0.5000026666595556,0.0428174419288837,11.677546442172298,0.2635281979430495,0.0252762514801718,10.4259208747696,0.816496580927726
4000,39,shuffle_e,1751,0.43775,240,0.00075,0.088234832059619,117.6462858844442,0.0001666666666666,0.6662859318484676,3997.691604941169,0.5745288406624786,0.4254711593375214,0.1433466590519703,0.6662859318484676,0.019512427275947,33.255676722420404,0.0974430618466832,0.0392111639097049,2.485084657804954,0.0778886929245525,2.5802850532609165,0.0224171790390728,0.6390772787005587,0.0224171790390728,0.0350774151831119,0.6390772787005587,0.0549475089436075,0.0233945784565835,2.3487283194942385,0.6488989735586348
4000,40,qcd,1502,0.3755,240,0.0014790199457749,0.3847816502106061,260.15970315349887,0.0004166666666666,0.7778517532179318,1866.8397273076891,0.666444740346205,0.3335552596537949,0.0,0.7778517532179318,0.02106781053938,38.75564475015221,0.0029691232933944,0.0288530905190558,0.1029048618356328,0.2886904034194152,9.539896578941487,0.5000079680322551,11.689342092815757,0.5000079680322551,0.0427746886062611,11.689342092815757,0.2635322960683042,0.0252594174779847,10.433031414837275,0.816496580927726
4000,40,shuffle_b,1502,0.3755,240,0.0014790199457749,0.3847816502106061,260.15970315349887,0.0004166666666666,0.7778517532179318,1866.8397273076891,0.666444740346205,0.3335552596537949,0.0,0.7778517532179318,0.02106781053938,38.75564475015221,0.0029691232933944,0.0288530905190558,0.1029048618356328,0.2886904034194152,9.539896578941487,0.5000079680322551,11.689342092815757,0.5000079680322551,0.0427746886062611,11.689342092815757,0.2635322960683042,0.0252594174779847,10.433031414837275,0.816496580927726
4000,40,shuffle_l,1501,0.37525,240,0.0014790199457749,0.3850380004106132,260.33302740609946,0.0001666666666666,0.77770375305352,4666.194521153998,0.6668887408394404,0.3331112591605596,0.0,0.77770375305352,0.0210748272957908,38.74274125562104,0.0029691232933944,0.0288530905190558,0.1029048618356328,0.2886904034194152,9.539896578941487,0.5000106665528914,11.677733279427756,0.5000106665528914,0.0428174419288837,11.677733279427756,0.2635328696880498,0.0252678302733813,10.429580491747696,0.816496580927726
4000,40,shuffle_e,1675,0.41875,240,0.0014790199457749,0.1303435493433578,88.12826465758194,0.0004166666666666,0.6628855721393035,1590.9215549225971,0.5552238805970149,0.444776119402985,0.1552238805970149,0.6628855721393035,0.0199501867221526,31.875925506025258,0.1102489167399645,0.0422426287763748,2.609897156817656,0.1252353547996831,3.98898777391089,0.0193081855636002,0.5504449362305393,0.0193081855636002,0.0350774151831119,0.5504449362305393,0.0735999998385748,0.0239194335945186,3.076995930850173,0.6359306657866324
