N,seed,mode,n_surv,f_surv,tau,phi_init,phi_final,phi_peak,phi_amp,frac_higgs_surv,orden_color_init,orden_color,orden_charge_init,orden_charge,orden_t3_init,orden_t3,frac_quark,frac_lepton,frac_boson,frac_gen0,frac_gen1,frac_gen2,mean_Q_surv,mass_gen0,mass_gen1,mass_gen2,mass_ratio_g2_g0,mass_spread,L2_gen,L2_K3,null_L2_K3,ratio_L2_K3,L2_K5,null_L2_K5,ratio_L2_K5,L2_K6,null_L2_K6,ratio_L2_K6,L2_K18,null_L2_K18,ratio_L2_K18,L2_K89,null_L2_K89,ratio_L2_K89
250,1,qcd,140,0.56,240,0.9386047439716074,0.0,0.9386047439716074,0.9999999989345888,0.0,0.03773592452822642,0.44618564819261186,0.026666666666666665,0.11666666666666668,0.02,0.04642857142857143,0.7714285714285715,0.17857142857142858,0.05,0.3609022556390977,0.3007518796992481,0.3383458646616541,0.11666666666666668,2.4202032088731453,2.42911884338906,2.4059253961491978,0.9941005727652946,0.273568611663196,0.042973504259354,0.23130802268953887,0.06900655593423542,3.3519717012102426,0.5569596768462265,0.3380617018914066,1.647508942095828,0.04140866624999612,0.08784104611578832,0.47140452079103184,0.17599732011977456,0.1161553420728616,1.5151892024851983,0.10874405470468786,0.08403927844185294,1.2939670201943516
250,1,shuffle_b,140,0.56,240,0.9386047439716074,0.0,0.9386047439716074,0.9999999989345888,0.0,0.03773592452822642,0.44618564819261186,0.026666666666666665,0.11666666666666668,0.02,0.04642857142857143,0.7714285714285715,0.17857142857142858,0.05,0.3609022556390977,0.3007518796992481,0.3383458646616541,0.11666666666666668,2.4202032088731453,2.42911884338906,2.4059253961491978,0.9941005727652946,0.273568611663196,0.042973504259354,0.23130802268953887,0.06900655593423542,3.3519717012102426,0.5569596768462265,0.3380617018914066,1.647508942095828,0.04140866624999612,0.08784104611578832,0.47140452079103184,0.17599732011977456,0.1161553420728616,1.5151892024851983,0.10874405470468784,0.08403927844185294,1.2939670201943514
250,1,shuffle_e,140,0.56,240,0.9386047439716074,0.0,0.9386047439716074,0.9999999989345888,0.0,0.03773592452822642,0.4424537333128165,0.026666666666666665,0.061904761904761886,0.02,0.025,0.7642857142857142,0.15714285714285714,0.07857142857142857,0.3643410852713178,0.3023255813953488,0.3333333333333333,0.061904761904761886,2.5459726216420817,2.46860660955964,2.5809511353611767,1.0137387627116488,0.1787134703083777,0.04385158332939829,0.2703613102780021,0.06900655593423542,3.917907604831947,0.2987577586391815,0.26967994498529685,1.1078234188139946,0.040558307060098255,0.08825056370227598,0.4595812803748953,0.1777948427012362,0.11699401969383898,1.5196917172903928,0.10345443660870376,0.08403927844185294,1.231024808004322
250,1,shuffle_w,139,0.556,240,0.9386047439716074,0.0,0.9386047439716074,0.9999999989345888,0.0,0.03773592452822642,0.4493956168846451,0.026666666666666665,0.11750599520383695,0.02,0.02158273381294964,0.7769784172661871,0.17266187050359713,0.050359712230215826,0.36363636363636365,0.29545454545454547,0.3409090909090909,0.11750599520383695,2.420207236536838,2.478852805958361,2.4059375000913543,0.9941039196023962,0.26401231042783746,0.04909652044248378,0.23867839395239782,0.06925433610644437,3.4464036098122084,0.5569596768462265,0.3380617018914066,1.647508942095828,0.04140866624999612,0.08784104611578832,0.47140452079103184,0.17599732011977456,0.1161553420728616,1.5151892024851983,0.10955823898924934,0.08434103624736468,1.2989909048298254
250,1,shuffle_h,140,0.56,240,0.9386047439716074,0.0,0.9386047439716074,0.9999999989345888,0.0,0.03773592452822642,0.44618564819261186,0.026666666666666665,0.11666666666666668,0.02,0.04642857142857143,0.7714285714285715,0.17857142857142858,0.05,0.3609022556390977,0.3007518796992481,0.3383458646616541,0.11666666666666668,2.4202032088731453,2.42911884338906,2.4059253961491978,0.9941005727652946,0.273568611663196,0.042973504259354,0.23130802268953887,0.06900655593423542,3.3519717012102426,0.5569596768462265,0.3380617018914066,1.647508942095828,0.04140866624999612,0.08784104611578832,0.47140452079103184,0.17599732011977456,0.1161553420728616,1.5151892024851983,0.10874405470468786,0.08403927844185294,1.2939670201943516
250,2,qcd,137,0.548,240,0.9386047439716074,0.0,0.9386047439716074,0.9999999989345888,0.0,0.028,0.36195843118883037,0.030666666666666665,0.30413625304136255,0.022,0.17518248175182483,0.7518248175182481,0.2116788321167883,0.0364963503649635,0.3409090909090909,0.3333333333333333,0.32575757575757575,-0.30413625304136255,2.334144398685668,2.2205803861540763,2.3193473626196077,0.9936606166806166,0.36223146390550154,0.010713739108887075,0.31738537925295046,0.06975801064151557,4.549805482326394,0.5656854249492381,0.4,1.4142135623730951,0.025379267219026103,0.0899478453701443,0.2821553658632722,0.3559026084010437,0.25092421756969363,1.4183669151113028,0.10730482123546042,0.08495443368364972,1.263086769962334
250,2,shuffle_b,137,0.548,240,0.9386047439716074,0.0,0.9386047439716074,0.9999999989345888,0.0,0.028,0.36195843118883037,0.030666666666666665,0.30413625304136255,0.022,0.17518248175182483,0.7518248175182481,0.2116788321167883,0.0364963503649635,0.3409090909090909,0.3333333333333333,0.32575757575757575,-0.30413625304136255,2.334144398685668,2.2205803861540763,2.3193473626196077,0.9936606166806166,0.36223146390550154,0.010713739108887075,0.31738537925295046,0.06975801064151557,4.549805482326394,0.5656854249492381,0.4,1.4142135623730951,0.025379267219026103,0.0899478453701443,0.2821553658632722,0.3559026084010437,0.25092421756969363,1.4183669151113028,0.10730482123546042,0.08495443368364972,1.263086769962334
250,2,shuffle_e,137,0.548,240,0.9386047439716074,2.811526444037592,2.811526444037592,2.995431739611161,0.004,0.028,0.08290377147153684,0.030666666666666672,0.43552311435523117,0.022,0.0072992700729927005,0.7372262773722628,0.18248175182481752,0.08029197080291971,0.3333333333333333,0.373015873015873,0.29365079365079366,-0.43552311435523117,7.2468430077916866,7.450161208323213,7.523896703664127,1.0382309504393232,0.24076646960512726,0.05611958580845615,0.5621227864990229,0.06975801064151557,8.058182584760852,0.15212000482437735,0.26967994498529685,0.5640760748177661,0.03813273930129155,0.09083405243909494,0.41980665045039034,0.09916584855179082,0.13883218797250715,0.7142857142857143,0.0602410309323974,0.08495443368364972,0.7090981402656488
250,2,shuffle_w,136,0.544,240,0.9386047439716074,0.0,0.9386047439716074,0.9999999989345888,0.0,0.028,0.3646198902416893,0.030666666666666665,0.3063725490196078,0.022,0.051470588235294115,0.7573529411764706,0.20588235294117646,0.03676470588235294,0.33587786259541985,0.33587786259541985,0.3282442748091603,-0.3063725490196078,2.3797353515537165,2.220548999147318,2.319323066630648,0.9746138641493788,0.3534720324966141,0.006232798327692576,0.32325077127569934,0.07001400420140048,4.616944495073364,0.5656854249492381,0.4,1.4142135623730951,0.025379267219026103,0.0899478453701443,0.2821553658632722,0.3559026084010437,0.25092421756969363,1.4183669151113028,0.1076094275073374,0.08526619412100572,1.2620409368175063
250,2,shuffle_h,137,0.548,240,0.9386047439716074,0.0,0.9386047439716074,0.9999999989345888,0.0,0.028,0.36195843118883037,0.030666666666666665,0.30413625304136255,0.022,0.17518248175182483,0.7518248175182481,0.2116788321167883,0.0364963503649635,0.3409090909090909,0.3333333333333333,0.32575757575757575,-0.30413625304136255,2.334144398685668,2.2205803861540763,2.3193473626196077,0.9936606166806166,0.36223146390550154,0.010713739108887075,0.31738537925295046,0.06975801064151557,4.549805482326394,0.5656854249492381,0.4,1.4142135623730951,0.025379267219026103,0.0899478453701443,0.2821553658632722,0.3559026084010437,0.25092421756969363,1.4183669151113028,0.10730482123546042,0.08495443368364972,1.263086769962334
250,3,qcd,136,0.544,240,0.9386047439716074,0.0,0.9386047439716074,0.9999999989345888,0.0,0.026229754097208003,0.28798758864067847,0.021333333333333333,0.36519607843137253,0.018,0.29044117647058826,0.7794117647058824,0.18382352941176472,0.03676470588235294,0.31297709923664124,0.366412213740458,0.32061068702290074,0.36519607843137253,2.417228158280728,2.353594337088566,2.2574195456671027,0.9338876588599356,0.3321994743867894,0.040871191868216306,0.46600866033900845,0.07001400420140048,6.6559349897843285,0.5656854249492381,0.4,1.4142135623730951,0.045570367126381885,0.08866586276648858,0.5139561687500467,0.1227057021592869,0.1161553420728616,1.0563931022846664,0.10860963062378699,0.08526619412100572,1.273771296390377
250,3,shuffle_b,136,0.544,240,0.9386047439716074,0.0,0.9386047439716074,0.9999999989345888,0.0,0.026229754097208003,0.2879875886406785,0.021333333333333333,0.36519607843137253,0.018,0.29044117647058826,0.7794117647058824,0.18382352941176472,0.03676470588235294,0.31297709923664124,0.366412213740458,0.32061068702290074,0.36519607843137253,2.417228158280728,2.353594337088566,2.2574195456671027,0.9338876588599356,0.3321994743867894,0.040871191868216306,0.46600866033900845,0.07001400420140048,6.6559349897843285,0.5656854249492381,0.4,1.4142135623730951,0.045570367126381885,0.08866586276648858,0.5139561687500467,0.12270570215928692,0.1161553420728616,1.0563931022846667,0.10860963062378699,0.08526619412100572,1.273771296390377
250,3,shuffle_e,130,0.52,240,0.9386047439716074,2.529386049685709,2.529386049685709,2.6948362058005815,0.004,0.026229754097208003,0.48075384590768444,0.02133333333333333,0.053846153846153835,0.018,0.03461538461538462,0.8307692307692308,0.11538461538461539,0.05384615384615385,0.34146341463414637,0.3333333333333333,0.3252032520325203,0.053846153846153835,7.042749199863852,6.910748977450124,6.847729074391664,0.9723090912457938,0.11986288326398017,0.011497671238805674,0.25146513476811205,0.07161148740394328,3.511519504540624,0.32576440717118227,0.3380617018914066,0.9636241116594315,0.032075014954979206,0.08784104611578832,0.3651483716701107,0.3406494937329852,0.15561659364130875,2.1890306538785405,0.10935863576329752,0.0872116808048017,1.25394482429556
250,3,shuffle_w,136,0.544,240,0.9386047439716074,0.0,0.9386047439716074,0.9999999989345888,0.0,0.026229754097208003,0.28798758864067847,0.021333333333333333,0.36519607843137253,0.018,0.0,0.7794117647058824,0.18382352941176472,0.03676470588235294,0.31297709923664124,0.366412213740458,0.32061068702290074,0.36519607843137253,2.417238049701869,2.353605747571747,2.2574381097123393,0.9338915172176614,0.33218372796457996,0.040871191868216306,0.46600866033900845,0.07001400420140048,6.6559349897843285,0.5656854249492381,0.4,1.4142135623730951,0.045570367126381885,0.08866586276648858,0.5139561687500467,0.1227057021592869,0.1161553420728616,1.0563931022846664,0.10860963062378699,0.08526619412100572,1.273771296390377
250,3,shuffle_h,136,0.544,240,0.9386047439716074,0.0,0.9386047439716074,0.9999999989345888,0.0,0.026229754097208003,0.28798758864067847,0.021333333333333333,0.3651960784313725,0.018,0.29044117647058826,0.7794117647058824,0.18382352941176472,0.03676470588235294,0.31297709923664124,0.366412213740458,0.32061068702290074,0.3651960784313725,2.417228158280728,2.353594337088566,2.2574195456671027,0.9338876588599356,0.3321994743867894,0.040871191868216306,0.46600866033900845,0.07001400420140048,6.6559349897843285,0.5656854249492381,0.4,1.4142135623730951,0.045570367126381885,0.08866586276648858,0.5139561687500467,0.1227057021592869,0.1161553420728616,1.0563931022846664,0.10860963062378699,0.08526619412100572,1.273771296390377
250,4,qcd,140,0.56,240,0.9386047439716074,0.0,0.9386047439716074,0.9999999989345888,0.0,0.030724582991474434,0.3547059719410039,0.02,0.2642857142857143,0.014,0.15357142857142858,0.7428571428571429,0.22142857142857142,0.03571428571428571,0.31851851851851853,0.3333333333333333,0.34814814814814815,-0.2642857142857143,2.4420382071437756,2.307824821343177,2.1387553853216974,0.8758075033654777,0.3470630830817894,0.020951312035156953,0.27707166488652935,0.06900655593423542,4.0151498815646445,0.5656854249492381,0.4,1.4142135623730951,0.01110288979210818,0.08951435925492911,0.12403473458920838,0.34490532019890346,0.22295201801997955,1.546993488832181,0.11152360436954738,0.08403927844185294,1.3270414315457377
250,4,shuffle_b,140,0.56,240,0.9386047439716074,0.0,0.9386047439716074,0.9999999989345888,0.0,0.030724582991474434,0.3547059719410039,0.02,0.2642857142857143,0.014,0.15357142857142858,0.7428571428571429,0.22142857142857142,0.03571428571428571,0.31851851851851853,0.3333333333333333,0.34814814814814815,-0.2642857142857143,2.4420382071437756,2.307824821343177,2.1387553853216974,0.8758075033654777,0.3470630830817894,0.020951312035156953,0.27707166488652935,0.06900655593423542,4.0151498815646445,0.5656854249492381,0.4,1.4142135623730951,0.01110288979210818,0.08951435925492911,0.12403473458920838,0.34490532019890346,0.22295201801997955,1.546993488832181,0.11152360436954738,0.08403927844185294,1.3270414315457377
250,4,shuffle_e,130,0.52,240,0.9386047439716074,2.8100820492761467,2.8100820492761467,2.9938928652668926,0.008,0.030724582991474434,0.32170036409733055,0.020000000000000007,0.3230769230769231,0.014,0.019230769230769232,0.7769230769230769,0.13846153846153847,0.08461538461538462,0.33613445378151263,0.35294117647058826,0.31092436974789917,-0.3230769230769231,7.880095313693383,7.578150716398147,7.557930953351024,0.9591166924361272,0.15117147848484078,0.029907782218575114,0.4114246188094784,0.07161148740394328,5.7452321369716906,0.08131156281817414,0.26967994498529685,0.3015113445777635,0.0473111260291467,0.09083405243909494,0.5208523098853179,0.2230222231600846,0.15177361546824772,1.4694400108478847,0.09040093454986439,0.0872116808048017,1.0365691122523017
250,4,shuffle_w,140,0.56,240,0.9386047439716074,0.0,0.9386047439716074,0.9999999989345888,0.0,0.030724582991474434,0.3547059719410039,0.02,0.2642857142857143,0.014,0.010714285714285714,0.7428571428571429,0.22142857142857142,0.03571428571428571,0.31851851851851853,0.3333333333333333,0.34814814814814815,-0.2642857142857143,2.4420241539638723,2.307798382126366,2.1387202983816938,0.8757981754235075,0.34709050869297475,0.020951312035156953,0.27707166488652935,0.06900655593423542,4.0151498815646445,0.5656854249492381,0.4,1.4142135623730951,0.01110288979210818,0.08951435925492911,0.12403473458920838,0.34490532019890346,0.22295201801997955,1.546993488832181,0.11152360436954738,0.08403927844185294,1.3270414315457377
250,4,shuffle_h,140,0.56,240,0.9386047439716074,0.0,0.9386047439716074,0.9999999989345888,0.0,0.030724582991474434,0.3547059719410039,0.02,0.2642857142857143,0.014,0.14642857142857144,0.7428571428571429,0.22142857142857142,0.03571428571428571,0.31851851851851853,0.3333333333333333,0.34814814814814815,-0.2642857142857143,2.4420382071437756,2.307824821343177,2.1387553853216974,0.8758075033654777,0.3470630830817894,0.020951312035156953,0.27707166488652935,0.06900655593423542,4.0151498815646445,0.5656854249492381,0.4,1.4142135623730951,0.01110288979210818,0.08951435925492911,0.12403473458920838,0.34490532019890346,0.22295201801997955,1.546993488832181,0.11152360436954738,0.08403927844185294,1.3270414315457377
250,5,qcd,137,0.548,240,0.9386047439716074,0.0,0.9386047439716074,0.9999999989345888,0.0,0.025612496949731396,0.37773281847987183,0.03866666666666666,0.29927007299270075,0.032,0.18248175182481752,0.7737226277372263,0.1897810218978102,0.0364963503649635,0.3484848484848485,0.32575757575757575,0.32575757575757575,0.29927007299270075,2.409547625853621,2.242581810952695,2.392842190629849,0.9930669827628522,0.31464386872252476,0.018556740475630166,0.32811551872982553,0.06975801064151557,4.703624941599924,0.5656854249492381,0.4,1.4142135623730951,0.047483235441954416,0.08866586276648858,0.535530067157941,0.09054844497180961,0.10301327744925144,0.8789978070197552,0.10780020105533704,0.08495443368364972,1.2689178937589012
250,5,shuffle_b,137,0.548,240,0.9386047439716074,0.0,0.9386047439716074,0.9999999989345888,0.0,0.025612496949731396,0.37773281847987183,0.03866666666666666,0.29927007299270075,0.032,0.18248175182481752,0.7737226277372263,0.1897810218978102,0.0364963503649635,0.3484848484848485,0.32575757575757575,0.32575757575757575,0.29927007299270075,2.409547625853621,2.242581810952695,2.392842190629849,0.9930669827628522,0.31464386872252476,0.018556740475630166,0.32811551872982553,0.06975801064151557,4.703624941599924,0.5656854249492381,0.4,1.4142135623730951,0.047483235441954416,0.08866586276648858,0.535530067157941,0.09054844497180961,0.10301327744925144,0.8789978070197552,0.10780020105533704,0.08495443368364972,1.2689178937589012
250,5,shuffle_e,133,0.532,240,0.9386047439716074,2.814905723428197,2.814905723428197,2.999032061694241,0.008,0.025612496949731396,0.20917936456005345,0.038666666666666655,0.418546365914787,0.032,0.05263157894736842,0.7819548872180451,0.15037593984962405,0.06766917293233082,0.29838709677419356,0.3629032258064516,0.3387096774193548,0.418546365914787,7.730737249148959,7.757459282543793,7.7630932760047475,1.0041853740222966,0.12787057386386214,0.04609254892333937,0.5684860261761281,0.07079923254047887,8.029550685469662,0.18592445034090568,0.29814239699997197,0.6236095644623235,0.06889161942373294,0.08951435925492911,0.7696152885095854,0.07862637149645006,0.11374354983635754,0.6912600460383869,0.07452610605298728,0.08622248040619769,0.8643465799393811
250,5,shuffle_w,137,0.548,240,0.9386047439716074,0.0,0.9386047439716074,0.9999999989345888,0.0,0.025612496949731396,0.37773281847987183,0.03866666666666666,0.29927007299270075,0.032,0.032846715328467155,0.7737226277372263,0.1897810218978102,0.0364963503649635,0.3484848484848485,0.32575757575757575,0.32575757575757575,0.29927007299270075,2.409549083892511,2.2425957617796284,2.3928506170594614,0.9930698789476105,0.31463184822391244,0.018556740475630166,0.32811551872982553,0.06975801064151557,4.703624941599924,0.5656854249492381,0.4,1.4142135623730951,0.047483235441954416,0.08866586276648858,0.535530067157941,0.09054844497180961,0.10301327744925144,0.8789978070197552,0.10780020105533704,0.08495443368364972,1.2689178937589012
250,5,shuffle_h,137,0.548,240,0.9386047439716074,0.0,0.9386047439716074,0.9999999989345888,0.0,0.025612496949731396,0.37773281847987183,0.03866666666666666,0.29927007299270075,0.032,0.18248175182481752,0.7737226277372263,0.1897810218978102,0.0364963503649635,0.3484848484848485,0.32575757575757575,0.32575757575757575,0.29927007299270075,2.409547625853621,2.242581810952695,2.392842190629849,0.9930669827628522,0.31464386872252476,0.018556740475630166,0.32811551872982553,0.06975801064151557,4.703624941599924,0.5656854249492381,0.4,1.4142135623730951,0.047483235441954416,0.08866586276648858,0.535530067157941,0.09054844497180961,0.10301327744925144,0.8789978070197552,0.10780020105533704,0.08495443368364972,1.2689178937589012
250,6,qcd,139,0.556,240,0.9386047439716074,0.0,0.9386047439716074,0.9999999989345888,0.0,0.03794733192202055,0.3612914972515027,0.008000000000000005,0.2733812949640288,0.006,0.1618705035971223,0.762589928057554,0.17985611510791366,0.05755395683453238,0.366412213740458,0.33587786259541985,0.29770992366412213,-0.2733812949640288,2.3513611397258285,2.3701609130694377,2.4377347009514416,1.0367334305931775,0.2810560223080135,0.048679711118852394,0.29229062801328715,0.06925433610644437,4.2205390224813435,0.5477225575051662,0.31622776601683794,1.7320508075688774,0.04148083634677019,0.08866586276648858,0.4678332229847533,0.3763990945186758,0.23570226039551584,1.5969261129997916,0.11281670047648,0.08434103624736468,1.337625259258124
250,6,shuffle_b,139,0.556,240,0.9386047439716074,0.0,0.9386047439716074,0.9999999989345888,0.0,0.03794733192202055,0.3612914972515027,0.008000000000000005,0.2733812949640288,0.006,0.1618705035971223,0.762589928057554,0.17985611510791366,0.05755395683453238,0.366412213740458,0.33587786259541985,0.29770992366412213,-0.2733812949640288,2.3513611397258285,2.3701609130694377,2.4377347009514416,1.0367334305931775,0.2810560223080135,0.048679711118852394,0.29229062801328715,0.06925433610644437,4.2205390224813435,0.5477225575051662,0.31622776601683794,1.7320508075688774,0.04148083634677019,0.08866586276648858,0.4678332229847533,0.3763990945186758,0.23570226039551584,1.5969261129997916,0.11281670047648,0.08434103624736468,1.337625259258124
250,6,shuffle_e,123,0.492,240,0.9386047439716074,0.0,0.9386047439716074,0.9999999989345888,0.0,0.03794733192202055,0.46739129599365237,0.008000000000000002,0.13279132791327913,0.006,0.0040650406504065045,0.8048780487804879,0.13008130081300814,0.06504065040650407,0.3739130434782609,0.3217391304347826,0.30434782608695654,-0.13279132791327913,2.5939276291636646,2.6415952923308414,2.6428247938421214,1.0188506279545748,0.07064218768532933,0.05119861371784259,0.2818688751765807,0.07362101738323103,3.8286468347662796,0.5477225575051662,0.31622776601683794,1.7320508075688774,0.05100760069879837,0.09174698042719671,0.5559594491425692,0.39195422936081736,0.18365772167311323,2.1341560038430876,0.12031730251886401,0.08965897653171145,1.341943742535462
250,6,shuffle_w,139,0.556,240,0.9386047439716074,0.0,0.9386047439716074,0.9999999989345888,0.0,0.03794733192202055,0.3612914972515027,0.008000000000000005,0.2733812949640288,0.006,0.03597122302158273,0.762589928057554,0.17985611510791366,0.05755395683453238,0.366412213740458,0.33587786259541985,0.29770992366412213,-0.2733812949640288,2.3513403099039163,2.3701529689243848,2.4377242402818387,1.0367381658937547,0.28107090037565574,0.048679711118852394,0.29229062801328715,0.06925433610644437,4.2205390224813435,0.5477225575051662,0.31622776601683794,1.7320508075688774,0.04148083634677019,0.08866586276648858,0.4678332229847533,0.3763990945186758,0.23570226039551584,1.5969261129997916,0.11281670047648,0.08434103624736468,1.337625259258124
250,6,shuffle_h,139,0.556,240,0.9386047439716074,0.0,0.9386047439716074,0.9999999989345888,0.0,0.03794733192202055,0.3612914972515027,0.008000000000000005,0.2733812949640288,0.006,0.17625899280575538,0.762589928057554,0.17985611510791366,0.05755395683453238,0.366412213740458,0.33587786259541985,0.29770992366412213,-0.2733812949640288,2.3513611397258285,2.3701609130694377,2.4377347009514416,1.0367334305931775,0.2810560223080135,0.048679711118852394,0.29229062801328715,0.06925433610644437,4.2205390224813435,0.5477225575051662,0.31622776601683794,1.7320508075688774,0.04148083634677019,0.08866586276648858,0.4678332229847533,0.3763990945186758,0.23570226039551584,1.5969261129997916,0.11281670047648,0.08434103624736468,1.337625259258124
250,7,qcd,135,0.54,240,0.9386047439716074,0.0,0.9386047439716074,0.9999999989345888,0.0,0.024657656011875907,0.4417821496666206,0.017333333333333346,0.11851851851851852,0.006,0.044444444444444446,0.762962962962963,0.2,0.037037037037037035,0.3769230769230769,0.33076923076923076,0.2923076923076923,0.11851851851851852,2.3608255028441443,2.3211007268644743,2.4002368172681785,1.0166938701638704,0.322646804430122,0.05991446895152779,0.22662308949301266,0.07027283689263066,3.2249030993194197,0.5656854249492381,0.4,1.4142135623730951,0.04431412277549888,0.0899478453701443,0.49266463908214664,0.17559890941809161,0.12054009511326316,1.456767636138776,0.10992570607473362,0.08558141217983589,1.2844577259807541
250,7,shuffle_b,135,0.54,240,0.9386047439716074,0.0,0.9386047439716074,0.9999999989345888,0.0,0.024657656011875907,0.4417821496666206,0.017333333333333346,0.11851851851851852,0.006,0.044444444444444446,0.762962962962963,0.2,0.037037037037037035,0.3769230769230769,0.33076923076923076,0.2923076923076923,0.11851851851851852,2.3608255028441443,2.3211007268644743,2.4002368172681785,1.0166938701638704,0.322646804430122,0.05991446895152779,0.22662308949301266,0.07027283689263066,3.2249030993194197,0.5656854249492381,0.4,1.4142135623730951,0.04431412277549888,0.0899478453701443,0.49266463908214664,0.17559890941809161,0.12054009511326316,1.456767636138776,0.10992570607473362,0.08558141217983589,1.2844577259807541
250,7,shuffle_e,142,0.568,240,0.9386047439716074,2.81046932283879,2.81046932283879,2.9943054708548336,0.016,0.024657656011875907,0.29652821509052535,0.017333333333333333,0.3004694835680751,0.006,0.02464788732394366,0.7394366197183099,0.16901408450704225,0.09154929577464789,0.3333333333333333,0.35658914728682173,0.31007751937984496,0.3004694835680751,7.569630342684707,7.574205521489644,7.698183251088439,1.0169827194438847,0.17531192093532155,0.03288868749704874,0.43745188001112323,0.06851887098275317,6.384400001588379,0.17541160386140583,0.2480694691784169,0.7071067811865475,0.0628138378965377,0.0890870806374748,0.7050835816716037,0.16666666666666669,0.14027090192169553,1.1881770515720094,0.08723251752089173,0.08344535383752145,1.0453849556530654
250,7,shuffle_w,133,0.532,240,0.9386047439716074,0.0,0.9386047439716074,0.9999999989345888,0.0,0.024657656011875907,0.44842549026311107,0.017333333333333346,0.12030075187969924,0.006,0.03383458646616541,0.7744360902255639,0.18796992481203006,0.03759398496240601,0.375,0.328125,0.296875,0.12030075187969924,2.403172326206055,2.36855730163141,2.4002263741773042,0.9987741403324989,0.3024714725420496,0.05560978256266308,0.2418513901115753,0.07079923254047887,3.416017115345124,0.5656854249492381,0.4,1.4142135623730951,0.04431412277549888,0.0899478453701443,0.49266463908214664,0.17559890941809161,0.12054009511326316,1.456767636138776,0.11056650872976927,0.08622248040619769,1.2823396892421308
250,7,shuffle_h,135,0.54,240,0.9386047439716074,0.0,0.9386047439716074,0.9999999989345888,0.0,0.024657656011875907,0.4417821496666206,0.017333333333333346,0.11851851851851852,0.006,0.05185185185185185,0.762962962962963,0.2,0.037037037037037035,0.3769230769230769,0.33076923076923076,0.2923076923076923,0.11851851851851852,2.3608255028441443,2.3211007268644743,2.4002368172681785,1.0166938701638704,0.322646804430122,0.05991446895152779,0.22662308949301266,0.07027283689263066,3.2249030993194197,0.5656854249492381,0.4,1.4142135623730951,0.04431412277549888,0.0899478453701443,0.49266463908214664,0.17559890941809161,0.12054009511326316,1.456767636138776,0.10992570607473362,0.08558141217983589,1.2844577259807541
250,8,qcd,141,0.564,240,0.9386047439716074,0.0,0.9386047439716074,0.9999999989345888,0.0,0.0413763217311544,0.4491663555622415,0.004,0.18203309692671393,0.014,0.0035460992907801418,0.7730496453900709,0.18439716312056736,0.0425531914893617,0.3037037037037037,0.35555555555555557,0.34074074074074073,0.18203309692671393,2.4023617255725997,2.354719145590007,2.472165667381806,1.0290563827529216,0.2678605672796638,0.037770514915502124,0.21859624124003463,0.06876141641725289,3.17905378669871,0.5962847939999438,0.3651483716701107,1.6329931618554518,0.04752376228721729,0.08743717709783362,0.5435189454257296,0.055763249323579414,0.0930839832123818,0.5990638496458532,0.11160199892060531,0.08374073654469712,1.3327085899350442
250,8,shuffle_b,141,0.564,240,0.9386047439716074,0.0,0.9386047439716074,0.9999999989345888,0.0,0.0413763217311544,0.4491663555622415,0.004,0.18203309692671393,0.014,0.0035460992907801418,0.7730496453900709,0.18439716312056736,0.0425531914893617,0.3037037037037037,0.35555555555555557,0.34074074074074073,0.18203309692671393,2.4023617255725997,2.354719145590007,2.472165667381806,1.0290563827529216,0.2678605672796638,0.037770514915502124,0.21859624124003463,0.06876141641725289,3.17905378669871,0.5962847939999438,0.3651483716701107,1.6329931618554518,0.04752376228721729,0.08743717709783362,0.5435189454257296,0.055763249323579414,0.0930839832123818,0.5990638496458532,0.11160199892060531,0.08374073654469712,1.3327085899350442
250,8,shuffle_e,124,0.496,240,0.9386047439716074,2.762448220270339,2.762448220270339,2.9431432507342614,0.008,0.0413763217311544,0.4856151360427289,0.004,0.11021505376344086,0.014,0.024193548387096774,0.8225806451612904,0.0967741935483871,0.08064516129032258,0.2982456140350877,0.3333333333333333,0.3684210526315789,0.11021505376344086,7.778256439400983,7.458976573830449,7.780847805144271,1.0003331550924655,0.10054344179617564,0.049621528504319126,0.2704520181807683,0.07332355751067665,3.68847376426584,0.28284271247461906,0.282842712474619,1.0000000000000002,0.08877828566801389,0.0903876907577734,0.9821944218702024,0.07466444221435205,0.09622504486493763,0.7759356446042894,0.1172093442335638,0.08929671655921406,1.3125829117786256
250,8,shuffle_w,141,0.564,240,0.9386047439716074,0.0,0.9386047439716074,0.9999999989345888,0.0,0.0413763217311544,0.4491663555622415,0.004,0.18203309692671393,0.014,0.024822695035460994,0.7730496453900709,0.18439716312056736,0.0425531914893617,0.3037037037037037,0.35555555555555557,0.34074074074074073,0.18203309692671393,2.402338875711886,2.354693264601179,2.472150521166161,1.0290598658499366,0.2678867241229654,0.037770514915502124,0.21859624124003463,0.06876141641725289,3.17905378669871,0.5962847939999438,0.3651483716701107,1.6329931618554518,0.04752376228721729,0.08743717709783362,0.5435189454257296,0.055763249323579414,0.0930839832123818,0.5990638496458532,0.11160199892060531,0.08374073654469712,1.3327085899350442
250,8,shuffle_h,141,0.564,240,0.9386047439716074,0.0,0.9386047439716074,0.9999999989345888,0.0,0.0413763217311544,0.4491663555622415,0.004,0.18203309692671393,0.014,0.010638297872340425,0.7730496453900709,0.18439716312056736,0.0425531914893617,0.3037037037037037,0.35555555555555557,0.34074074074074073,0.18203309692671393,2.4023617255725997,2.354719145590007,2.472165667381806,1.0290563827529216,0.2678605672796638,0.037770514915502124,0.21859624124003463,0.06876141641725289,3.17905378669871,0.5962847939999438,0.3651483716701107,1.6329931618554518,0.04752376228721729,0.08743717709783362,0.5435189454257296,0.055763249323579414,0.0930839832123818,0.5990638496458532,0.11160199892060531,0.08374073654469712,1.3327085899350442
250,9,qcd,137,0.548,240,0.9386047439716074,0.0,0.9386047439716074,0.9999999989345888,0.0,0.029393876913398138,0.2413178869316283,0.030666666666666665,0.3844282238442822,0.04,0.3102189781021898,0.708029197080292,0.23357664233576642,0.058394160583941604,0.31007751937984496,0.3178294573643411,0.37209302325581395,0.3844282238442822,2.4319993346294613,2.3959471089146662,2.4322875975877873,1.0001185292093717,0.23539282388268654,0.047786155061775006,0.4523584850321574,0.06975801064151557,6.484681556600213,0.6519202405202649,0.31622776601683794,2.0615528128088303,0.030640128007091066,0.09268799972000809,0.3305727613029601,0.10416666666666667,0.12147816447594376,0.8574929257125442,0.11543752571292695,0.08495443368364972,1.3588169646658947
250,9,shuffle_b,137,0.548,240,0.9386047439716074,0.0,0.9386047439716074,0.9999999989345888,0.0,0.029393876913398138,0.2413178869316283,0.030666666666666665,0.3844282238442822,0.04,0.3102189781021898,0.708029197080292,0.23357664233576642,0.058394160583941604,0.31007751937984496,0.3178294573643411,0.37209302325581395,0.3844282238442822,2.4319993346294613,2.3959471089146662,2.4322875975877873,1.0001185292093717,0.23539282388268654,0.047786155061775006,0.4523584850321574,0.06975801064151557,6.484681556600213,0.6519202405202649,0.31622776601683794,2.0615528128088303,0.030640128007091066,0.09268799972000809,0.3305727613029601,0.10416666666666667,0.12147816447594376,0.8574929257125442,0.11543752571292695,0.08495443368364972,1.3588169646658947
250,9,shuffle_e,130,0.52,240,0.9386047439716074,2.8110206680033745,2.8110206680033745,2.9948928801637447,0.004,0.029393876913398138,0.227541530119216,0.030666666666666675,0.4461538461538462,0.04,0.019230769230769232,0.7153846153846154,0.18461538461538463,0.1,0.4017094017094017,0.28205128205128205,0.3162393162393162,0.4461538461538462,7.697421196862481,7.461347722668567,7.775453198764444,1.0101374213397298,0.1453991138701596,0.08716272672808181,0.5752625676126099,0.07161148740394328,8.033104582337344,0.31902217466658034,0.2480694691784169,1.2860194997923453,0.07864913353939673,0.09466030570784413,0.8308565343337929,0.26352313834736496,0.19837301190396806,1.328422328310143,0.09234369796194909,0.0872116808048017,1.058845525161176
250,9,shuffle_w,137,0.548,240,0.9386047439716074,0.0,0.9386047439716074,0.9999999989345888,0.0,0.029393876913398138,0.2413178869316283,0.030666666666666665,0.3844282238442822,0.04,0.025547445255474453,0.708029197080292,0.23357664233576642,0.058394160583941604,0.31007751937984496,0.3178294573643411,0.37209302325581395,0.3844282238442822,2.4319467475720606,2.4146904133036386,2.432255050887245,1.0001267722311322,0.23014655346560006,0.047786155061775006,0.4523584850321574,0.06975801064151557,6.484681556600213,0.6519202405202649,0.31622776601683794,2.0615528128088303,0.030640128007091066,0.09268799972000809,0.3305727613029601,0.10416666666666667,0.12147816447594376,0.8574929257125442,0.11543752571292695,0.08495443368364972,1.3588169646658947
250,9,shuffle_h,137,0.548,240,0.9386047439716074,0.0,0.9386047439716074,0.9999999989345888,0.0,0.029393876913398138,0.2413178869316283,0.030666666666666665,0.3844282238442822,0.04,0.33211678832116787,0.708029197080292,0.23357664233576642,0.058394160583941604,0.31007751937984496,0.3178294573643411,0.37209302325581395,0.3844282238442822,2.4319993346294613,2.3959471089146662,2.4322875975877873,1.0001185292093717,0.23539282388268654,0.047786155061775006,0.4523584850321574,0.06975801064151557,6.484681556600213,0.6519202405202649,0.31622776601683794,2.0615528128088303,0.030640128007091066,0.09268799972000809,0.3305727613029601,0.10416666666666667,0.12147816447594376,0.8574929257125442,0.11543752571292695,0.08495443368364972,1.3588169646658947
250,10,qcd,140,0.56,240,0.9386047439716074,0.0,0.9386047439716074,0.9999999989345888,0.0,0.020784609690826527,0.2802149320847576,0.04133333333333333,0.37857142857142856,0.032,0.29642857142857143,0.75,0.21428571428571427,0.03571428571428571,0.34814814814814815,0.31851851851851853,0.3333333333333333,0.37857142857142856,2.2308294551181325,2.4446558110857217,2.356237225122746,1.0562157585452774,0.3201114784449318,0.020951312035156953,0.4683158420245428,0.06900655593423542,6.786541302986586,0.5656854249492381,0.4,1.4142135623730951,0.07707816217256498,0.0890870806374748,0.8652002245558127,0.1408856673566926,0.11699401969383898,1.204212554841483,0.11644725549005938,0.08403927844185294,1.3856289302939415
250,10,shuffle_b,140,0.56,240,0.9386047439716074,0.0,0.9386047439716074,0.9999999989345888,0.0,0.020784609690826527,0.28021493208475756,0.04133333333333333,0.37857142857142856,0.032,0.29642857142857143,0.75,0.21428571428571427,0.03571428571428571,0.34814814814814815,0.31851851851851853,0.3333333333333333,0.37857142857142856,2.2308294551181325,2.4446558110857217,2.356237225122746,1.0562157585452774,0.3201114784449318,0.020951312035156953,0.4683158420245428,0.06900655593423542,6.786541302986586,0.5656854249492381,0.4,1.4142135623730951,0.07707816217256498,0.0890870806374748,0.8652002245558127,0.1408856673566926,0.11699401969383898,1.204212554841483,0.11644725549005938,0.08403927844185294,1.3856289302939415
250,10,shuffle_e,135,0.54,240,0.9386047439716074,0.0,0.9386047439716074,0.9999999989345888,0.0,0.020784609690826527,0.06499973620290461,0.04133333333333333,0.4666666666666666,0.032,0.044444444444444446,0.7777777777777778,0.17037037037037037,0.05185185185185185,0.28125,0.4296875,0.2890625,0.4666666666666666,2.577574041471431,2.5494118980711664,2.5849968367402716,1.0028797602510782,0.14575334583615981,0.11813850231472663,0.6488990359429859,0.07027283689263066,9.233995162802861,0.32576440717118227,0.3380617018914066,0.9636241116594315,0.11487941030299827,0.0890870806374748,1.2895181824453437,0.16384274303259344,0.13743685418725535,1.1921310626723203,0.07266236975294556,0.08558141217983589,0.8490438274173018
250,10,shuffle_w,139,0.556,240,0.9386047439716074,0.0,0.9386047439716074,0.9999999989345888,0.0,0.020784609690826527,0.28223086684795723,0.04133333333333333,0.381294964028777,0.032,0.03237410071942446,0.7553956834532374,0.20863309352517986,0.03597122302158273,0.35074626865671643,0.31343283582089554,0.3358208955223881,0.381294964028777,2.2308030399567924,2.491195240152391,2.3562157683868916,1.0562186469104544,0.31208253650874734,0.02655989614933162,0.47420205392220016,0.06925433610644437,6.847254346548763,0.5656854249492381,0.4,1.4142135623730951,0.07707816217256498,0.0890870806374748,0.8652002245558127,0.1408856673566926,0.11699401969383898,1.204212554841483,0.11731475190671699,0.08434103624736468,1.3909569662227455
250,10,shuffle_h,140,0.56,240,0.9386047439716074,0.0,0.9386047439716074,0.9999999989345888,0.0,0.020784609690826527,0.2802149320847576,0.04133333333333333,0.37857142857142856,0.032,0.3107142857142857,0.75,0.21428571428571427,0.03571428571428571,0.34814814814814815,0.31851851851851853,0.3333333333333333,0.37857142857142856,2.2308294551181325,2.4446558110857217,2.356237225122746,1.0562157585452774,0.3201114784449318,0.020951312035156953,0.4683158420245428,0.06900655593423542,6.786541302986586,0.5656854249492381,0.4,1.4142135623730951,0.07707816217256498,0.0890870806374748,0.8652002245558127,0.1408856673566926,0.11699401969383898,1.204212554841483,0.11644725549005938,0.08403927844185294,1.3856289302939415
250,11,qcd,139,0.556,240,0.9386047439716074,0.0,0.9386047439716074,0.9999999989345888,0.0,0.029120439557122072,0.43321062495898116,0.007999999999999997,0.08633093525179857,0.012,0.014388489208633094,0.7482014388489209,0.18705035971223022,0.06474820143884892,0.3230769230769231,0.34615384615384615,0.33076923076923076,-0.08633093525179857,2.443547878661968,2.419520535611674,2.3701407327353197,0.9699587855152465,0.24156287153965175,0.01661728384207142,0.1730610892342323,0.06925433610644437,2.498920630301564,0.5962847939999438,0.29814239699997197,1.9999999999999996,0.050270471606917076,0.08951435925492911,0.5615911461059688,0.34073829998337735,0.15976709775647027,2.132718843668036,0.10908479921406099,0.08434103624736468,1.2933775071736737
250,11,shuffle_b,139,0.556,240,0.9386047439716074,0.0,0.9386047439716074,0.9999999989345888,0.0,0.029120439557122072,0.4332106249589812,0.007999999999999997,0.08633093525179857,0.012,0.014388489208633094,0.7482014388489209,0.18705035971223022,0.06474820143884892,0.3230769230769231,0.34615384615384615,0.33076923076923076,-0.08633093525179857,2.443547878661968,2.419520535611674,2.3701407327353197,0.9699587855152465,0.24156287153965175,0.01661728384207142,0.1730610892342323,0.06925433610644437,2.498920630301564,0.5962847939999438,0.29814239699997197,1.9999999999999996,0.05027047160691706,0.08951435925492911,0.5615911461059687,0.34073829998337735,0.15976709775647027,2.132718843668036,0.10908479921406099,0.08434103624736468,1.2933775071736737
250,11,shuffle_e,139,0.556,240,0.9386047439716074,2.7838396956568863,2.7838396956568863,2.965933968020902,0.008,0.029120439557122072,0.43321062495898116,0.008000000000000004,0.12470023980815347,0.012,0.017985611510791366,0.7482014388489209,0.1366906474820144,0.11510791366906475,0.3252032520325203,0.34146341463414637,0.3333333333333333,-0.12470023980815347,7.707828166915076,7.830940394113095,7.592267657251444,0.9850073837712598,0.09994329396249288,0.011497671238805674,0.2686707640126795,0.06925433610644437,3.87947930942159,0.2053959590644373,0.22360679774997896,0.9185586535436918,0.050270471606917076,0.08951435925492911,0.5615911461059688,0.34073829998337735,0.15976709775647027,2.132718843668036,0.10472757336007896,0.08434103624736468,1.24171551619217
250,11,shuffle_w,139,0.556,240,0.9386047439716074,0.0,0.9386047439716074,0.9999999989345888,0.0,0.029120439557122072,0.43321062495898116,0.007999999999999997,0.08633093525179857,0.012,0.06474820143884892,0.7482014388489209,0.18705035971223022,0.06474820143884892,0.3230769230769231,0.34615384615384615,0.33076923076923076,-0.08633093525179857,2.4435133600934487,2.4194784931522233,2.3879985875424685,0.9772807575118571,0.23646795773620838,0.01661728384207142,0.1730610892342323,0.06925433610644437,2.498920630301564,0.5962847939999438,0.29814239699997197,1.9999999999999996,0.050270471606917076,0.08951435925492911,0.5615911461059688,0.34073829998337735,0.15976709775647027,2.132718843668036,0.10908479921406099,0.08434103624736468,1.2933775071736737
250,11,shuffle_h,139,0.556,240,0.9386047439716074,0.0,0.9386047439716074,0.9999999989345888,0.0,0.029120439557122072,0.43321062495898116,0.007999999999999997,0.08633093525179857,0.012,0.02877697841726619,0.7482014388489209,0.18705035971223022,0.06474820143884892,0.3230769230769231,0.34615384615384615,0.33076923076923076,-0.08633093525179857,2.443547878661968,2.419520535611674,2.3701407327353197,0.9699587855152465,0.24156287153965175,0.01661728384207142,0.1730610892342323,0.06925433610644437,2.498920630301564,0.5962847939999438,0.29814239699997197,1.9999999999999996,0.050270471606917076,0.08951435925492911,0.5615911461059688,0.34073829998337735,0.15976709775647027,2.132718843668036,0.10908479921406099,0.08434103624736468,1.2933775071736737
250,12,qcd,138,0.552,240,0.9386047439716074,0.0,0.9386047439716074,0.9999999989345888,0.0,0.031496031496047246,0.3797267393209826,0.007999999999999997,0.16908212560386476,0.012,0.13405797101449277,0.7391304347826086,0.21014492753623187,0.050724637681159424,0.33587786259541985,0.35877862595419846,0.3053435114503817,-0.16908212560386476,2.3231980628918834,2.3432891193465246,2.233869961902088,0.9615495112463202,0.3533882009478953,0.03791263212659372,0.26347331829996873,0.06950480468569159,3.790720936364388,0.6259686371487613,0.3380617018914066,1.851640199545103,0.05716619504750295,0.0903876907577734,0.6324555320336759,0.22079861234643972,0.13349047343893788,1.6540402221843862,0.10748662668683504,0.08464606811553026,1.26983602522601
250,12,shuffle_b,138,0.552,240,0.9386047439716074,0.0,0.9386047439716074,0.9999999989345888,0.0,0.031496031496047246,0.3797267393209826,0.007999999999999997,0.16908212560386476,0.012,0.13405797101449277,0.7391304347826086,0.21014492753623187,0.050724637681159424,0.33587786259541985,0.35877862595419846,0.3053435114503817,-0.16908212560386476,2.3231980628918834,2.3432891193465246,2.233869961902088,0.9615495112463202,0.3533882009478953,0.03791263212659372,0.26347331829996873,0.06950480468569159,3.790720936364388,0.6259686371487613,0.3380617018914066,1.851640199545103,0.05716619504750295,0.0903876907577734,0.6324555320336759,0.22079861234643972,0.13349047343893788,1.6540402221843862,0.10748662668683504,0.08464606811553026,1.26983602522601
250,12,shuffle_e,136,0.544,240,0.9386047439716074,2.795255679059697,2.795255679059697,2.9780966845040324,0.004,0.031496031496047246,0.389497724651442,0.008000000000000007,0.23774509803921565,0.012,0.003676470588235294,0.7647058823529411,0.16911764705882354,0.0661764705882353,0.33858267716535434,0.3700787401574803,0.29133858267716534,-0.23774509803921565,7.508978678884105,7.4177409506391285,7.651850927637188,1.019026855030878,0.19433969976025353,0.05604765486630611,0.3402010227362918,0.07001400420140048,4.859042510376614,0.4274529791482521,0.29814239699997197,1.4337208778404378,0.04003203845127179,0.08951435925492911,0.44721359549995804,0.17959703597782012,0.12054009511326316,1.489936073213359,0.09592130188280855,0.08526619412100572,1.1249628633205042
250,12,shuffle_w,138,0.552,240,0.9386047439716074,0.0,0.9386047439716074,0.9999999989345888,0.0,0.031496031496047246,0.3797267393209826,0.007999999999999997,0.16908212560386476,0.012,0.06884057971014493,0.7391304347826086,0.21014492753623187,0.050724637681159424,0.33587786259541985,0.35877862595419846,0.3053435114503817,-0.16908212560386476,2.323197911133451,2.3432891360887145,2.233835923447549,0.9615349225058903,0.35338798557391077,0.03791263212659372,0.26347331829996873,0.06950480468569159,3.790720936364388,0.6259686371487613,0.3380617018914066,1.851640199545103,0.05716619504750295,0.0903876907577734,0.6324555320336759,0.22079861234643972,0.13349047343893788,1.6540402221843862,0.10748662668683504,0.08464606811553026,1.26983602522601
250,12,shuffle_h,138,0.552,240,0.9386047439716074,0.0,0.9386047439716074,0.9999999989345888,0.0,0.031496031496047246,0.3797267393209826,0.007999999999999997,0.16908212560386474,0.012,0.13405797101449277,0.7391304347826086,0.21014492753623187,0.050724637681159424,0.33587786259541985,0.35877862595419846,0.3053435114503817,-0.16908212560386474,2.3231980628918834,2.3432891193465246,2.233869961902088,0.9615495112463202,0.3533882009478953,0.03791263212659372,0.26347331829996873,0.06950480468569159,3.790720936364388,0.6259686371487613,0.3380617018914066,1.851640199545103,0.05716619504750295,0.0903876907577734,0.6324555320336759,0.22079861234643972,0.13349047343893788,1.6540402221843862,0.10748662668683504,0.08464606811553026,1.26983602522601
250,13,qcd,142,0.568,240,0.9386047439716074,0.0,0.9386047439716074,0.9999999989345888,0.0,0.004,0.02634969990685874,0.04933333333333333,0.46244131455399057,0.04,0.4154929577464789,0.704225352112676,0.23943661971830985,0.056338028169014086,0.34328358208955223,0.3283582089552239,0.3283582089552239,-0.46244131455399057,2.3411017968446153,2.3728153148884954,2.418078886404131,1.0328807101268587,0.2863502058924763,0.012186516133249631,0.6062340076428795,0.06851887098275317,8.847694057823489,0.5477225575051662,0.31622776601683794,1.7320508075688774,0.06110100926607787,0.09128709291752768,0.6693280212272605,0.04999038738816456,0.13608276348795434,0.3673528234351999,0.11211086289300833,0.08344535383752145,1.3435243274455064
250,13,shuffle_b,142,0.568,240,0.9386047439716074,0.0,0.9386047439716074,0.9999999989345888,0.0,0.004,0.02634969990685874,0.04933333333333333,0.46244131455399057,0.04,0.4154929577464789,0.704225352112676,0.23943661971830985,0.056338028169014086,0.34328358208955223,0.3283582089552239,0.3283582089552239,-0.46244131455399057,2.3411017968446153,2.3728153148884954,2.418078886404131,1.0328807101268587,0.2863502058924763,0.012186516133249631,0.6062340076428795,0.06851887098275317,8.847694057823489,0.5477225575051662,0.31622776601683794,1.7320508075688774,0.06110100926607787,0.09128709291752768,0.6693280212272605,0.04999038738816455,0.13608276348795434,0.36735282343519987,0.11211086289300833,0.08344535383752145,1.3435243274455064
250,13,shuffle_e,140,0.56,240,0.9386047439716074,2.820892336792272,2.820892336792272,3.0054102665735014,0.004,0.004,0.09202927661946518,0.04933333333333334,0.46666666666666673,0.04,0.04642857142857143,0.7571428571428571,0.16428571428571428,0.07857142857142857,0.34108527131782945,0.3333333333333333,0.32558139534883723,-0.46666666666666673,7.530003805171497,7.511554380767529,7.776344685335401,1.0327145757874279,0.17810139630590846,0.010962895832349554,0.61663449079507,0.06900655593423542,8.935882720806044,0.2987577586391815,0.26967994498529685,1.1078234188139946,0.07017582894472138,0.08866586276648858,0.7914638932633773,0.09432692852226475,0.12147816447594376,0.7764928695555344,0.0768563731038446,0.08403927844185294,0.9145291883606758
250,13,shuffle_w,142,0.568,240,0.9386047439716074,0.0,0.9386047439716074,0.9999999989345888,0.0,0.004,0.02634969990685874,0.04933333333333333,0.46244131455399057,0.04,0.10211267605633803,0.704225352112676,0.23943661971830985,0.056338028169014086,0.34328358208955223,0.3283582089552239,0.3283582089552239,-0.46244131455399057,2.3540984977763717,2.3727916079716493,2.418064742639467,1.0271722890624655,0.28186027058313656,0.012186516133249631,0.6062340076428795,0.06851887098275317,8.847694057823489,0.5477225575051662,0.31622776601683794,1.7320508075688774,0.06110100926607787,0.09128709291752768,0.6693280212272605,0.04999038738816456,0.13608276348795434,0.3673528234351999,0.11211086289300833,0.08344535383752145,1.3435243274455064
250,13,shuffle_h,142,0.568,240,0.9386047439716074,0.0,0.9386047439716074,0.9999999989345888,0.0,0.004,0.02634969990685874,0.04933333333333333,0.46244131455399057,0.04,0.4154929577464789,0.704225352112676,0.23943661971830985,0.056338028169014086,0.34328358208955223,0.3283582089552239,0.3283582089552239,-0.46244131455399057,2.3411017968446153,2.3728153148884954,2.418078886404131,1.0328807101268587,0.2863502058924763,0.012186516133249631,0.6062340076428795,0.06851887098275317,8.847694057823489,0.5477225575051662,0.31622776601683794,1.7320508075688774,0.06110100926607787,0.09128709291752768,0.6693280212272605,0.04999038738816456,0.13608276348795434,0.3673528234351999,0.11211086289300833,0.08344535383752145,1.3435243274455064
250,14,qcd,135,0.54,240,0.9386047439716074,0.0,0.9386047439716074,0.9999999989345888,0.0,0.00565685424949238,0.25239592648001213,0.016000000000000004,0.37777777777777777,0.01,0.3037037037037037,0.7481481481481481,0.21481481481481482,0.037037037037037035,0.3153846153846154,0.34615384615384615,0.3384615384615385,0.37777777777777777,2.3801308735848106,2.4029923111832048,2.2500659759142683,0.9453538882613433,0.3172671059356486,0.022645540682891922,0.46413185771320126,0.07027283689263066,6.604712122585073,0.5656854249492381,0.4,1.4142135623730951,0.025881826965937493,0.09083405243909494,0.28493528881463803,0.10512709755778826,0.11872735884359924,0.8854496434665347,0.11141310050000679,0.08558141217983589,1.3018376030754162
250,14,shuffle_b,135,0.54,240,0.9386047439716074,0.0,0.9386047439716074,0.9999999989345888,0.0,0.00565685424949238,0.25239592648001213,0.016000000000000004,0.37777777777777777,0.01,0.3037037037037037,0.7481481481481481,0.21481481481481482,0.037037037037037035,0.3153846153846154,0.34615384615384615,0.3384615384615385,0.37777777777777777,2.3801308735848106,2.4029923111832048,2.2500659759142683,0.9453538882613433,0.3172671059356486,0.022645540682891922,0.46413185771320126,0.07027283689263066,6.604712122585073,0.5656854249492381,0.4,1.4142135623730951,0.025881826965937493,0.09083405243909494,0.28493528881463803,0.10512709755778825,0.11872735884359924,0.8854496434665345,0.11141310050000679,0.08558141217983589,1.3018376030754162
250,14,shuffle_e,129,0.516,240,0.9386047439716074,2.8119874670637692,2.8119874670637692,2.995922918702943,0.008,0.00565685424949238,0.09302325581395349,0.016,0.4754521963824289,0.01,0.015503875968992248,0.7906976744186046,0.13953488372093023,0.06976744186046512,0.36666666666666664,0.31666666666666665,0.31666666666666665,0.4754521963824289,7.604456995015351,7.741057996032009,7.740568978053548,1.0178989746575484,0.15053229672957721,0.04082482904638629,0.6690061708648503,0.07188851546895894,9.306161999599551,0.24343224778007383,0.29814239699997197,0.816496580927726,0.1143323900950059,0.0903876907577734,1.2649110640673518,0.12927550183078282,0.13349047343893788,0.9684249257675822,0.06486777605481013,0.08754905800580629,0.7409305997388125
250,14,shuffle_w,134,0.536,240,0.9386047439716074,0.0,0.9386047439716074,0.9999999989345888,0.0,0.00565685424949238,0.2542794781701615,0.016000000000000004,0.3805970149253731,0.01,0.014925373134328358,0.753731343283582,0.208955223880597,0.03731343283582089,0.3178294573643411,0.34108527131782945,0.34108527131782945,0.3805970149253731,2.3801332069067778,2.446495228363244,2.2500628643280693,0.945351654184201,0.3088271035966568,0.018988292579714548,0.4702479561559042,0.07053456158585983,6.666915418244771,0.5656854249492381,0.4,1.4142135623730951,0.025881826965937493,0.09083405243909494,0.28493528881463803,0.10512709755778826,0.11872735884359924,0.8854496434665347,0.11225011628548903,0.0859001522483934,1.3067510749096312
250,14,shuffle_h,135,0.54,240,0.9386047439716074,0.0,0.9386047439716074,0.9999999989345888,0.0,0.00565685424949238,0.25239592648001213,0.016000000000000004,0.3777777777777777,0.01,0.2962962962962963,0.7481481481481481,0.21481481481481482,0.037037037037037035,0.3153846153846154,0.34615384615384615,0.3384615384615385,0.3777777777777777,2.3801308735848106,2.4029923111832048,2.2500659759142683,0.9453538882613433,0.3172671059356486,0.022645540682891922,0.46413185771320126,0.07027283689263066,6.604712122585073,0.5656854249492381,0.4,1.4142135623730951,0.025881826965937493,0.09083405243909494,0.28493528881463803,0.10512709755778826,0.11872735884359924,0.8854496434665347,0.11141310050000679,0.08558141217983589,1.3018376030754162
250,15,qcd,146,0.584,240,0.9386047439716074,0.0,0.9386047439716074,0.9999999989345888,0.0,0.04039801975344831,0.26332031214713814,0.03866666666666667,0.33561643835616434,0.06,0.2910958904109589,0.7671232876712328,0.18493150684931506,0.04794520547945205,0.3381294964028777,0.3237410071942446,0.3381294964028777,-0.33561643835616434,2.4141417208321396,2.3555206238102904,2.2761472800661635,0.9428391301243034,0.3149615401205957,0.01174815224356442,0.43159743921158333,0.06757373783994859,6.387058833919194,0.5569596768462265,0.3380617018914066,1.647508942095828,0.030058050411791912,0.08625819491779428,0.34846602621858497,0.17522164278253907,0.15177361546824772,1.1544934357790064,0.10753520242627093,0.08229432831136023,1.3067146258173705
250,15,shuffle_b,146,0.584,240,0.9386047439716074,0.0,0.9386047439716074,0.9999999989345888,0.0,0.04039801975344831,0.2633203121471382,0.03866666666666667,0.33561643835616434,0.06,0.2910958904109589,0.7671232876712328,0.18493150684931506,0.04794520547945205,0.3381294964028777,0.3237410071942446,0.3381294964028777,-0.33561643835616434,2.4141417208321396,2.3555206238102904,2.2761472800661635,0.9428391301243034,0.3149615401205957,0.01174815224356442,0.43159743921158333,0.06757373783994859,6.387058833919194,0.5569596768462265,0.3380617018914066,1.647508942095828,0.030058050411791912,0.08625819491779428,0.34846602621858497,0.17522164278253907,0.15177361546824772,1.1544934357790064,0.10753520242627095,0.08229432831136023,1.3067146258173707
250,15,shuffle_e,138,0.552,240,0.9386047439716074,0.0,0.9386047439716074,0.9999999989345888,0.0,0.04039801975344831,0.36260857980280586,0.03866666666666666,0.24637681159420285,0.06,0.057971014492753624,0.782608695652174,0.14492753623188406,0.07246376811594203,0.3359375,0.34375,0.3203125,-0.24637681159420285,2.551283756776843,2.536916643558955,2.584093047561204,1.0128599144243409,0.1550361188030833,0.0168769289021038,0.3573573335054479,0.06950480468569159,5.141476695337211,0.37416573867739417,0.282842712474619,1.3228756555322954,0.05856069741052554,0.08784104611578832,0.6666666666666666,0.18702786922892736,0.13224867460264536,1.4142135623730951,0.09336935345257613,0.08464606811553026,1.1030560016696793
250,15,shuffle_w,146,0.584,240,0.9386047439716074,0.0,0.9386047439716074,0.9999999989345888,0.0,0.04039801975344831,0.26332031214713814,0.03866666666666667,0.33561643835616434,0.06,0.07191780821917808,0.7671232876712328,0.18493150684931506,0.04794520547945205,0.3381294964028777,0.3237410071942446,0.3381294964028777,-0.33561643835616434,2.4141208253403748,2.3659259491242373,2.2761153395294396,0.9428340601835961,0.3113653434497414,0.01174815224356442,0.43159743921158333,0.06757373783994859,6.387058833919194,0.5569596768462265,0.3380617018914066,1.647508942095828,0.030058050411791912,0.08625819491779428,0.34846602621858497,0.17522164278253907,0.15177361546824772,1.1544934357790064,0.10753520242627093,0.08229432831136023,1.3067146258173705
250,15,shuffle_h,146,0.584,240,0.9386047439716074,0.0,0.9386047439716074,0.9999999989345888,0.0,0.04039801975344831,0.26332031214713814,0.03866666666666667,0.33561643835616434,0.06,0.2842465753424658,0.7671232876712328,0.18493150684931506,0.04794520547945205,0.3381294964028777,0.3237410071942446,0.3381294964028777,-0.33561643835616434,2.4141417208321396,2.3555206238102904,2.2761472800661635,0.9428391301243034,0.3149615401205957,0.01174815224356442,0.43159743921158333,0.06757373783994859,6.387058833919194,0.5569596768462265,0.3380617018914066,1.647508942095828,0.030058050411791912,0.08625819491779428,0.34846602621858497,0.17522164278253907,0.15177361546824772,1.1544934357790064,0.10753520242627093,0.08229432831136023,1.3067146258173705
250,16,qcd,135,0.54,240,0.9386047439716074,0.0,0.9386047439716074,0.9999999989345888,0.0,0.020396078054371138,0.27666443551086073,0.018666666666666665,0.37777777777777777,0.022,0.3074074074074074,0.7777777777777778,0.17777777777777778,0.044444444444444446,0.3333333333333333,0.3488372093023256,0.3178294573643411,0.37777777777777777,2.4425345845388473,2.3085907662227085,2.4324535142158945,0.995872701092232,0.28858960803304057,0.021925791664699146,0.48153845816725954,0.07027283689263066,6.852412389484127,0.5477225575051662,0.3651483716701107,1.5000000000000002,0.051727526148572456,0.0890870806374748,0.5806400409400451,0.11818482920507312,0.11699401969383898,1.0101783793252883,0.11091951854396946,0.08558141217983589,1.2960702063537994
250,16,shuffle_b,135,0.54,240,0.9386047439716074,0.0,0.9386047439716074,0.9999999989345888,0.0,0.02039607805437114,0.27666443551086073,0.018666666666666665,0.37777777777777777,0.022,0.3074074074074074,0.7777777777777778,0.17777777777777778,0.044444444444444446,0.3333333333333333,0.3488372093023256,0.3178294573643411,0.37777777777777777,2.4425345845388473,2.3085907662227085,2.4324535142158945,0.995872701092232,0.28858960803304057,0.021925791664699146,0.48153845816725954,0.07027283689263066,6.852412389484127,0.5477225575051662,0.3651483716701107,1.5000000000000002,0.051727526148572456,0.0890870806374748,0.5806400409400451,0.11818482920507312,0.11699401969383898,1.0101783793252883,0.11091951854396948,0.08558141217983589,1.2960702063537994
250,16,shuffle_e,126,0.504,240,0.9386047439716074,2.819803902510379,2.819803902510379,3.0042506365079986,0.004,0.020396078054371138,0.1549144547297074,0.01866666666666667,0.4576719576719577,0.022,0.023809523809523808,0.7698412698412699,0.15079365079365079,0.07936507936507936,0.3448275862068966,0.31896551724137934,0.33620689655172414,0.4576719576719577,7.616596962557502,7.57791934390084,7.77676166059904,1.0210283803684104,0.1716562294845336,0.018622818098873156,0.6110595731720685,0.07273929674533079,8.400680244565232,0.19999999999999998,0.282842712474619,0.7071067811865475,0.06902855473058647,0.09268799972000809,0.7447410122033913,0.11178190442148411,0.13608276348795434,0.8214258849275847,0.07596609549600836,0.08858517759778053,0.8575486052636379
250,16,shuffle_w,134,0.536,240,0.9386047439716074,0.0,0.9386047439716074,0.9999999989345888,0.0,0.020396078054371138,0.27872909547735975,0.018666666666666665,0.3805970149253731,0.022,0.033582089552238806,0.7835820895522388,0.17164179104477612,0.04477611940298507,0.328125,0.3515625,0.3203125,0.3805970149253731,2.4890654944057644,2.319059967685684,2.4324808957315662,0.9772667297018205,0.2749520116139514,0.0229993772560621,0.4879174256694712,0.07053456158585983,6.917423383649198,0.5477225575051662,0.3651483716701107,1.5000000000000002,0.051727526148572456,0.0890870806374748,0.5806400409400451,0.11818482920507312,0.11699401969383898,1.0101783793252883,0.11175287568786024,0.0859001522483934,1.3009624868266794
250,16,shuffle_h,135,0.54,240,0.9386047439716074,0.0,0.9386047439716074,0.9999999989345888,0.0,0.020396078054371138,0.27666443551086073,0.018666666666666665,0.37777777777777777,0.022,0.3074074074074074,0.7777777777777778,0.17777777777777778,0.044444444444444446,0.3333333333333333,0.3488372093023256,0.3178294573643411,0.37777777777777777,2.4425345845388473,2.3085907662227085,2.4324535142158945,0.995872701092232,0.28858960803304057,0.021925791664699146,0.48153845816725954,0.07027283689263066,6.852412389484127,0.5477225575051662,0.3651483716701107,1.5000000000000002,0.051727526148572456,0.0890870806374748,0.5806400409400451,0.11818482920507312,0.11699401969383898,1.0101783793252883,0.11091951854396946,0.08558141217983589,1.2960702063537994
250,17,qcd,136,0.544,240,0.9386047439716074,0.0,0.9386047439716074,0.9999999989345888,0.0,0.0332264954516723,0.2730506562886344,0.029333333333333336,0.392156862745098,0.024,0.3161764705882353,0.8014705882352942,0.16911764705882354,0.029411764705882353,0.32575757575757575,0.3484848484848485,0.32575757575757575,-0.392156862745098,2.320366680066797,2.441654068507418,2.4273480937158323,1.0461053912590899,0.29739151441908157,0.018556740475630166,0.5104162988723576,0.07001400420140048,7.2902029343173576,0.5477225575051662,0.4472135954999579,1.2247448713915892,0.03533400614156374,0.08743717709783362,0.40410735243692114,0.1811908591091781,0.15976709775647027,1.1340937004774514,0.1096007063846488,0.08526619412100572,1.2853946105429392
250,17,shuffle_b,136,0.544,240,0.9386047439716074,0.0,0.9386047439716074,0.9999999989345888,0.0,0.0332264954516723,0.2730506562886344,0.029333333333333336,0.392156862745098,0.024,0.3161764705882353,0.8014705882352942,0.16911764705882354,0.029411764705882353,0.32575757575757575,0.3484848484848485,0.32575757575757575,-0.392156862745098,2.320366680066797,2.441654068507418,2.4273480937158323,1.0461053912590899,0.29739151441908157,0.018556740475630166,0.5104162988723576,0.07001400420140048,7.2902029343173576,0.5477225575051662,0.4472135954999579,1.2247448713915892,0.03533400614156374,0.08743717709783362,0.40410735243692114,0.1811908591091781,0.15976709775647027,1.1340937004774514,0.1096007063846488,0.08526619412100572,1.2853946105429392
250,17,shuffle_e,130,0.52,240,0.9386047439716074,2.819561347238479,2.819561347238479,3.003992215406678,0.004,0.0332264954516723,0.19246147697225854,0.029333333333333336,0.4307692307692308,0.024,0.015384615384615385,0.8,0.15384615384615385,0.046153846153846156,0.31451612903225806,0.3870967741935484,0.29838709677419356,-0.4307692307692308,7.374898079898355,7.770708027283014,7.3351705532909675,0.9946131422865798,0.21302921633778613,0.06682689728309704,0.5653017556585954,0.07161148740394328,7.894009413180644,0.27888667551135854,0.3651483716701107,0.7637626158259735,0.08985798569792428,0.08951435925492911,1.0038387857082969,0.12514734962403046,0.1244294812758,1.0057692786377472,0.07619360250154485,0.0872116808048017,0.8736628144122385
250,17,shuffle_w,136,0.544,240,0.9386047439716074,0.0,0.9386047439716074,0.9999999989345888,0.0,0.0332264954516723,0.2730506562886344,0.029333333333333336,0.392156862745098,0.024,0.04044117647058824,0.8014705882352942,0.16911764705882354,0.029411764705882353,0.32575757575757575,0.3484848484848485,0.32575757575757575,-0.392156862745098,2.3203718421277673,2.441655523971603,2.4348190461876564,1.0493227861078256,0.2943560943547121,0.018556740475630166,0.5104162988723576,0.07001400420140048,7.2902029343173576,0.5477225575051662,0.4472135954999579,1.2247448713915892,0.03533400614156374,0.08743717709783362,0.40410735243692114,0.1811908591091781,0.15976709775647027,1.1340937004774514,0.1096007063846488,0.08526619412100572,1.2853946105429392
250,17,shuffle_h,136,0.544,240,0.9386047439716074,0.0,0.9386047439716074,0.9999999989345888,0.0,0.0332264954516723,0.2730506562886344,0.029333333333333336,0.392156862745098,0.024,0.3161764705882353,0.8014705882352942,0.16911764705882354,0.029411764705882353,0.32575757575757575,0.3484848484848485,0.32575757575757575,-0.392156862745098,2.320366680066797,2.441654068507418,2.4273480937158323,1.0461053912590899,0.29739151441908157,0.018556740475630166,0.5104162988723576,0.07001400420140048,7.2902029343173576,0.5477225575051662,0.4472135954999579,1.2247448713915892,0.03533400614156374,0.08743717709783362,0.40410735243692114,0.1811908591091781,0.15976709775647027,1.1340937004774514,0.1096007063846488,0.08526619412100572,1.2853946105429392
250,18,qcd,139,0.556,240,0.9386047439716074,0.0,0.9386047439716074,0.9999999989345888,0.0,0.0425205832509386,0.37368543635167056,0.005333333333333327,0.27098321342925663,0.006,0.15827338129496402,0.7769784172661871,0.18705035971223022,0.03597122302158273,0.27611940298507465,0.373134328358209,0.35074626865671643,-0.27098321342925663,2.329154070030924,2.2731367218010474,2.3966954894560875,1.0289982617698907,0.3386022939236005,0.07183845312534154,0.30392313181392533,0.06925433610644437,4.388506899362857,0.5656854249492381,0.4,1.4142135623730951,0.04721314364437762,0.08784104611578832,0.5374838498865697,0.34490532019890346,0.22295201801997955,1.546993488832181,0.11143188490660731,0.08434103624736468,1.3212060209906316
250,18,shuffle_b,139,0.556,240,0.9386047439716074,0.0,0.9386047439716074,0.9999999989345888,0.0,0.0425205832509386,0.37368543635167056,0.005333333333333327,0.27098321342925663,0.006,0.15827338129496402,0.7769784172661871,0.18705035971223022,0.03597122302158273,0.27611940298507465,0.373134328358209,0.35074626865671643,-0.27098321342925663,2.329154070030924,2.2731367218010474,2.3966954894560875,1.0289982617698907,0.3386022939236005,0.07183845312534154,0.30392313181392533,0.06925433610644437,4.388506899362857,0.5656854249492381,0.4,1.4142135623730951,0.04721314364437762,0.08784104611578832,0.5374838498865697,0.34490532019890346,0.22295201801997955,1.546993488832181,0.11143188490660731,0.08434103624736468,1.3212060209906316
250,18,shuffle_e,140,0.56,240,0.9386047439716074,0.0,0.9386047439716074,0.9999999989345888,0.0,0.0425205832509386,0.4429147427979284,0.0053333333333333306,0.08333333333333331,0.006,0.025,0.7642857142857142,0.18571428571428572,0.05,0.2932330827067669,0.37593984962406013,0.3308270676691729,-0.08333333333333331,2.4557288578114154,2.5894203957360586,2.5330068976537397,1.0314684740526263,0.18946671432492165,0.05856301476465124,0.29037859406498356,0.06900655593423542,4.2079856056244855,0.32576440717118227,0.3380617018914066,0.9636241116594315,0.04465816569106372,0.08825056370227598,0.5060383052251483,0.34772838923467053,0.16666666666666666,2.086370335408023,0.10540865106494073,0.08403927844185294,1.2542783924290037
250,18,shuffle_w,137,0.548,240,0.9386047439716074,0.0,0.9386047439716074,0.9999999989345888,0.0,0.0425205832509386,0.3791406981962205,0.005333333333333327,0.2749391727493917,0.006,0.0036496350364963502,0.7883211678832117,0.17518248175182483,0.0364963503649635,0.2727272727272727,0.3712121212121212,0.3560606060606061,-0.2749391727493917,2.3847530393058327,2.3128413301190314,2.3966916529967315,1.0050062264285335,0.3199107715716952,0.07499617376220961,0.3165449186569803,0.06975801064151557,4.537757251761316,0.5656854249492381,0.4,1.4142135623730951,0.04721314364437762,0.08784104611578832,0.5374838498865697,0.34490532019890346,0.22295201801997955,1.546993488832181,0.1116841655972183,0.08495443368364972,1.3146361026088857
250,18,shuffle_h,139,0.556,240,0.9386047439716074,0.0,0.9386047439716074,0.9999999989345888,0.0,0.0425205832509386,0.37368543635167056,0.005333333333333327,0.2709832134292566,0.006,0.15827338129496402,0.7769784172661871,0.18705035971223022,0.03597122302158273,0.27611940298507465,0.373134328358209,0.35074626865671643,-0.2709832134292566,2.329154070030924,2.2731367218010474,2.3966954894560875,1.0289982617698907,0.3386022939236005,0.07183845312534154,0.30392313181392533,0.06925433610644437,4.388506899362857,0.5656854249492381,0.4,1.4142135623730951,0.04721314364437762,0.08784104611578832,0.5374838498865697,0.34490532019890346,0.22295201801997955,1.546993488832181,0.11143188490660731,0.08434103624736468,1.3212060209906316
250,19,qcd,141,0.564,240,0.9386047439716074,0.0,0.9386047439716074,0.9999999989345888,0.0,0.03857460304397182,0.44725858228163295,0.008000000000000009,0.1962174940898345,0.008,0.028368794326241134,0.7730496453900709,0.19148936170212766,0.03546099290780142,0.34558823529411764,0.33088235294117646,0.3235294117647059,-0.1962174940898345,2.300928530577475,2.3370877694311787,2.27700708449273,0.9896035683999531,0.3562290596568438,0.015884168378450622,0.2003467644230572,0.06876141641725289,2.913650923176567,0.5656854249492381,0.4,1.4142135623730951,0.06411087245638113,0.08743717709783362,0.7332221211195709,0.0,0.97182531580755,0.0,0.1088642034574789,0.08374073654469712,1.300014878653139
250,19,shuffle_b,141,0.564,240,0.9386047439716074,0.0,0.9386047439716074,0.9999999989345888,0.0,0.03857460304397182,0.44725858228163295,0.008000000000000009,0.1962174940898345,0.008,0.028368794326241134,0.7730496453900709,0.19148936170212766,0.03546099290780142,0.34558823529411764,0.33088235294117646,0.3235294117647059,-0.1962174940898345,2.300928530577475,2.3370877694311787,2.27700708449273,0.9896035683999531,0.3562290596568438,0.015884168378450622,0.2003467644230572,0.06876141641725289,2.913650923176567,0.5656854249492381,0.4,1.4142135623730951,0.06411087245638113,0.08743717709783362,0.7332221211195709,0.0,0.97182531580755,0.0,0.10886420345747891,0.08374073654469712,1.3000148786531391
250,19,shuffle_e,135,0.54,240,0.9386047439716074,2.6150782766027505,2.6150782766027505,2.7861336634110625,0.004,0.03857460304397182,0.46713674149415,0.008000000000000005,0.056790123456790124,0.008,0.037037037037037035,0.8074074074074075,0.14074074074074075,0.05185185185185185,0.3359375,0.3359375,0.328125,0.056790123456790124,7.052795831974752,7.055862574138665,7.187385542042748,1.0190831711670734,0.1759170340146567,0.00637887953849786,0.24365754375405224,0.07027283689263066,3.467307633052225,0.32576440717118227,0.3380617018914066,0.9636241116594315,0.06411087245638113,0.08743717709783362,0.7332221211195709,0.0,0.97182531580755,0.0,0.10585719580661346,0.08558141217983589,1.2369180773059831
250,19,shuffle_w,141,0.564,240,0.9386047439716074,0.0,0.9386047439716074,0.9999999989345888,0.0,0.03857460304397182,0.44725858228163295,0.008000000000000009,0.1962174940898345,0.008,0.02127659574468085,0.7730496453900709,0.19148936170212766,0.03546099290780142,0.34558823529411764,0.33088235294117646,0.3235294117647059,-0.1962174940898345,2.300936670164283,2.337094925752285,2.277014417709393,0.9896032547244416,0.3562209533265702,0.015884168378450622,0.2003467644230572,0.06876141641725289,2.913650923176567,0.5656854249492381,0.4,1.4142135623730951,0.06411087245638113,0.08743717709783362,0.7332221211195709,0.0,0.97182531580755,0.0,0.1088642034574789,0.08374073654469712,1.300014878653139
250,19,shuffle_h,141,0.564,240,0.9386047439716074,0.0,0.9386047439716074,0.9999999989345888,0.0,0.03857460304397182,0.44725858228163295,0.008000000000000009,0.1962174940898345,0.008,0.02127659574468085,0.7730496453900709,0.19148936170212766,0.03546099290780142,0.34558823529411764,0.33088235294117646,0.3235294117647059,-0.1962174940898345,2.300928530577475,2.3370877694311787,2.27700708449273,0.9896035683999531,0.3562290596568438,0.015884168378450622,0.2003467644230572,0.06876141641725289,2.913650923176567,0.5656854249492381,0.4,1.4142135623730951,0.06411087245638113,0.08743717709783362,0.7332221211195709,0.0,0.97182531580755,0.0,0.1088642034574789,0.08374073654469712,1.300014878653139
250,20,qcd,142,0.568,240,0.9386047439716074,0.0,0.9386047439716074,0.9999999989345888,0.0,0.012649110640673518,0.03659262269511713,0.029333333333333336,0.43661971830985913,0.026,0.40492957746478875,0.7676056338028169,0.19718309859154928,0.035211267605633804,0.35036496350364965,0.3284671532846715,0.32116788321167883,-0.43661971830985913,2.41929602128333,2.308277595346046,2.2524615051535517,0.9310400568338554,0.3265806789437586,0.02148846926113833,0.6136331631602928,0.06851887098275317,8.95568117744891,0.5656854249492381,0.4,1.4142135623730951,0.05094290901821921,0.08743717709783362,0.5826229838277955,0.06628290908130978,0.12986562041232994,0.5103961223213517,0.11343017934637079,0.08344535383752145,1.3593348716242912
250,20,shuffle_b,142,0.568,240,0.9386047439716074,0.0,0.9386047439716074,0.9999999989345888,0.0,0.012649110640673518,0.03659262269511713,0.029333333333333336,0.43661971830985913,0.026,0.40492957746478875,0.7676056338028169,0.19718309859154928,0.035211267605633804,0.35036496350364965,0.3284671532846715,0.32116788321167883,-0.43661971830985913,2.41929602128333,2.308277595346046,2.2524615051535517,0.9310400568338554,0.3265806789437586,0.02148846926113833,0.6136331631602928,0.06851887098275317,8.95568117744891,0.5656854249492381,0.4,1.4142135623730951,0.05094290901821921,0.08743717709783362,0.5826229838277955,0.06628290908130978,0.12986562041232994,0.5103961223213517,0.11343017934637079,0.08344535383752145,1.3593348716242912
250,20,shuffle_e,137,0.548,240,0.9386047439716074,0.0,0.9386047439716074,0.9999999989345888,0.0,0.012649110640673518,0.09765757781211425,0.029333333333333336,0.4355231143552311,0.026,0.010948905109489052,0.7956204379562044,0.16058394160583941,0.043795620437956206,0.3435114503816794,0.3511450381679389,0.3053435114503817,-0.4355231143552311,2.5449231169143403,2.45299029629728,2.584320956174301,1.0154809546104204,0.19157895899443383,0.034702752409633206,0.6417825531897097,0.06975801064151557,9.200126942951568,0.4346134936801766,0.3651483716701107,1.1902380714238086,0.06793535135022344,0.08743717709783362,0.7769618554154653,0.08298826628866154,0.11962342709421224,0.6937459350943205,0.07728695184914128,0.08495443368364972,0.9097459484803309
250,20,shuffle_w,141,0.564,240,0.9386047439716074,0.0,0.9386047439716074,0.9999999989345888,0.0,0.012649110640673518,0.03685214484189101,0.029333333333333336,0.4397163120567376,0.026,0.03546099290780142,0.7730496453900709,0.19148936170212766,0.03546099290780142,0.35294117647058826,0.3235294117647059,0.3235294117647059,-0.4397163120567376,2.419294756972724,2.3602715312171476,2.263121873779786,0.935446938516761,0.3114235178890741,0.02401460532140371,0.6198273196153443,0.06876141641725289,9.014173237126974,0.5656854249492381,0.4,1.4142135623730951,0.05094290901821921,0.08743717709783362,0.5826229838277955,0.06628290908130978,0.12986562041232994,0.5103961223213517,0.11339047759330179,0.08374073654469712,1.3540659214619988
250,20,shuffle_h,142,0.568,240,0.9386047439716074,0.0,0.9386047439716074,0.9999999989345888,0.0,0.012649110640673518,0.03659262269511713,0.029333333333333336,0.43661971830985913,0.026,0.4119718309859155,0.7676056338028169,0.19718309859154928,0.035211267605633804,0.35036496350364965,0.3284671532846715,0.32116788321167883,-0.43661971830985913,2.41929602128333,2.308277595346046,2.2524615051535517,0.9310400568338554,0.3265806789437586,0.02148846926113833,0.6136331631602928,0.06851887098275317,8.95568117744891,0.5656854249492381,0.4,1.4142135623730951,0.05094290901821921,0.08743717709783362,0.5826229838277955,0.06628290908130978,0.12986562041232994,0.5103961223213517,0.11343017934637079,0.08344535383752145,1.3593348716242912
250,21,qcd,141,0.564,240,0.9386047439716074,0.0,0.9386047439716074,0.9999999989345888,0.0,0.03959797974644666,0.4473710294442598,0.0040000000000000036,0.07328605200945626,0.006,0.02127659574468085,0.7730496453900709,0.16312056737588654,0.06382978723404255,0.3333333333333333,0.32575757575757575,0.3409090909090909,-0.07328605200945626,2.3728284558674537,2.3662983792263446,2.423403213296278,1.0213141229420797,0.28000154883250605,0.010713739108887075,0.18302819717111973,0.06876141641725289,2.6617863142969846,0.5533288710217215,0.29814239699997197,1.855921454276674,0.03981411793972947,0.08743717709783362,0.455345417832753,0.34499917367327226,0.15976709775647027,2.1593881250765876,0.11024160049070893,0.08374073654469712,1.316463229719347
250,21,shuffle_b,141,0.564,240,0.9386047439716074,0.0,0.9386047439716074,0.9999999989345888,0.0,0.03959797974644666,0.4473710294442598,0.0040000000000000036,0.07328605200945626,0.006,0.02127659574468085,0.7730496453900709,0.16312056737588654,0.06382978723404255,0.3333333333333333,0.32575757575757575,0.3409090909090909,-0.07328605200945626,2.3728284558674537,2.3662983792263446,2.423403213296278,1.0213141229420797,0.28000154883250605,0.010713739108887075,0.18302819717111973,0.06876141641725289,2.6617863142969846,0.5533288710217215,0.29814239699997197,1.855921454276674,0.03981411793972947,0.08743717709783362,0.455345417832753,0.34499917367327226,0.15976709775647027,2.1593881250765876,0.11024160049070893,0.08374073654469712,1.316463229719347
250,21,shuffle_e,139,0.556,240,0.9386047439716074,2.7909751893574004,2.7909751893574004,2.973536202868681,0.004,0.03959797974644666,0.45380802267367365,0.003999999999999995,0.07673860911270984,0.006,0.017985611510791366,0.7841726618705036,0.12949640287769784,0.08633093525179857,0.3464566929133858,0.31496062992125984,0.33858267716535434,0.07673860911270984,7.5753493531340945,7.854115995691909,7.57839010943205,1.000401401461003,0.13514414003986067,0.023180474714771252,0.24425140290669034,0.06925433610644437,3.5268752346607486,0.32489314482696546,0.2581988897471611,1.2583057392117918,0.03981411793972947,0.08743717709783362,0.455345417832753,0.34499917367327226,0.15976709775647027,2.1593881250765876,0.10668609030845877,0.08434103624736468,1.2649369163020248
250,21,shuffle_w,141,0.564,240,0.9386047439716074,0.0,0.9386047439716074,0.9999999989345888,0.0,0.03959797974644666,0.4473710294442598,0.0040000000000000036,0.07328605200945626,0.006,0.0070921985815602835,0.7730496453900709,0.16312056737588654,0.06382978723404255,0.3333333333333333,0.32575757575757575,0.3409090909090909,-0.07328605200945626,2.372772604033649,2.3662420774308366,2.4233609238870732,1.0213203405026783,0.28006136645584984,0.010713739108887075,0.18302819717111973,0.06876141641725289,2.6617863142969846,0.5533288710217215,0.29814239699997197,1.855921454276674,0.03981411793972947,0.08743717709783362,0.455345417832753,0.34499917367327226,0.15976709775647027,2.1593881250765876,0.11024160049070893,0.08374073654469712,1.316463229719347
250,21,shuffle_h,141,0.564,240,0.9386047439716074,0.0,0.9386047439716074,0.9999999989345888,0.0,0.03959797974644666,0.4473710294442598,0.0040000000000000036,0.07328605200945625,0.006,0.014184397163120567,0.7730496453900709,0.16312056737588654,0.06382978723404255,0.3333333333333333,0.32575757575757575,0.3409090909090909,-0.07328605200945625,2.3728284558674537,2.3662983792263446,2.423403213296278,1.0213141229420797,0.28000154883250605,0.010713739108887075,0.18302819717111973,0.06876141641725289,2.6617863142969846,0.5533288710217215,0.29814239699997197,1.855921454276674,0.03981411793972947,0.08743717709783362,0.455345417832753,0.34499917367327226,0.15976709775647027,2.1593881250765876,0.11024160049070893,0.08374073654469712,1.316463229719347
250,22,qcd,136,0.544,240,0.9386047439716074,0.0,0.9386047439716074,0.9999999989345888,0.0,0.01876166303929372,0.3812909459548286,0.01066666666666667,0.27696078431372545,0.004,0.15441176470588236,0.7573529411764706,0.18382352941176472,0.058823529411764705,0.328125,0.3203125,0.3515625,0.27696078431372545,2.336596715863785,2.418064338727816,2.4803075068151017,1.061504319498365,0.25184851227104843,0.0229993772560621,0.2908519681190213,0.07001400420140048,4.154197027245635,0.575543221661067,0.31622776601683794,1.8200274723201297,0.052132698037498426,0.0899478453701443,0.5795880693191394,0.0949239703495581,0.10359692675134351,0.9162817211498706,0.1100928986261297,0.08526619412100572,1.2911670300411333
250,22,shuffle_b,136,0.544,240,0.9386047439716074,0.0,0.9386047439716074,0.9999999989345888,0.0,0.01876166303929372,0.3812909459548286,0.01066666666666667,0.27696078431372545,0.004,0.15441176470588236,0.7573529411764706,0.18382352941176472,0.058823529411764705,0.328125,0.3203125,0.3515625,0.27696078431372545,2.336596715863785,2.418064338727816,2.4803075068151017,1.061504319498365,0.25184851227104843,0.0229993772560621,0.2908519681190213,0.07001400420140048,4.154197027245635,0.575543221661067,0.31622776601683794,1.8200274723201297,0.052132698037498426,0.0899478453701443,0.5795880693191394,0.09492397034955807,0.10359692675134351,0.9162817211498703,0.11009289862612971,0.08526619412100572,1.2911670300411335
250,22,shuffle_e,128,0.512,240,0.9386047439716074,0.0,0.9386047439716074,0.9999999989345888,0.0,0.01876166303929372,0.4801987300196659,0.010666666666666665,0.13541666666666669,0.004,0.0078125,0.828125,0.09375,0.078125,0.3559322033898305,0.3135593220338983,0.3305084745762712,-0.13541666666666669,2.642798624045978,2.643464850614875,2.643265619768698,1.0001767049969192,0.0035969239382976454,0.03016123800008845,0.31040967553648624,0.07216878364870322,4.301162633521313,0.4,0.282842712474619,1.4142135623730951,0.04557036712638189,0.08866586276648858,0.5139561687500468,0.17593246437724644,0.11374354983635754,1.5467467353565092,0.11426301733859572,0.08789038116383155,1.3000628262790714
250,22,shuffle_w,136,0.544,240,0.9386047439716074,0.0,0.9386047439716074,0.9999999989345888,0.0,0.01876166303929372,0.3812909459548286,0.01066666666666667,0.27696078431372545,0.004,0.007352941176470588,0.7573529411764706,0.18382352941176472,0.058823529411764705,0.328125,0.3203125,0.3515625,0.27696078431372545,2.336498563178412,2.417967121998284,2.4802427506714566,1.0615211966137506,0.25192139922243123,0.0229993772560621,0.2908519681190213,0.07001400420140048,4.154197027245635,0.575543221661067,0.31622776601683794,1.8200274723201297,0.052132698037498426,0.0899478453701443,0.5795880693191394,0.0949239703495581,0.10359692675134351,0.9162817211498706,0.1100928986261297,0.08526619412100572,1.2911670300411333
250,22,shuffle_h,136,0.544,240,0.9386047439716074,0.0,0.9386047439716074,0.9999999989345888,0.0,0.01876166303929372,0.3812909459548286,0.01066666666666667,0.2769607843137254,0.004,0.14705882352941177,0.7573529411764706,0.18382352941176472,0.058823529411764705,0.328125,0.3203125,0.3515625,0.2769607843137254,2.336596715863785,2.418064338727816,2.4803075068151017,1.061504319498365,0.25184851227104843,0.0229993772560621,0.2908519681190213,0.07001400420140048,4.154197027245635,0.575543221661067,0.31622776601683794,1.8200274723201297,0.052132698037498426,0.0899478453701443,0.5795880693191394,0.0949239703495581,0.10359692675134351,0.9162817211498706,0.1100928986261297,0.08526619412100572,1.2911670300411333
250,23,qcd,136,0.544,240,0.9386047439716074,0.0,0.9386047439716074,0.9999999989345888,0.0,0.013266499161421601,0.4505139318247174,0.00933333333333334,0.20343137254901958,0.006,0.025735294117647058,0.7794117647058824,0.18382352941176472,0.03676470588235294,0.3816793893129771,0.32061068702290074,0.29770992366412213,0.20343137254901958,2.2747738698160433,2.425096639840011,2.289314850201607,1.0063922751085317,0.34297374434120936,0.06138594443671666,0.21217620693950145,0.07001400420140048,3.030482392196293,0.5656854249492381,0.4,1.4142135623730951,0.05109458116123247,0.08866586276648858,0.5762598994361081,0.046002323390967895,0.09439201899247568,0.4873539509164954,0.10960070638464882,0.08526619412100572,1.2853946105429395
250,23,shuffle_b,136,0.544,240,0.9386047439716074,0.0,0.9386047439716074,0.9999999989345888,0.0,0.0132664991614216,0.4505139318247174,0.00933333333333334,0.20343137254901958,0.006,0.025735294117647058,0.7794117647058824,0.18382352941176472,0.03676470588235294,0.3816793893129771,0.32061068702290074,0.29770992366412213,0.20343137254901958,2.2747738698160433,2.425096639840011,2.289314850201607,1.0063922751085317,0.34297374434120936,0.06138594443671666,0.21217620693950145,0.07001400420140048,3.030482392196293,0.5656854249492381,0.4,1.4142135623730951,0.05109458116123247,0.08866586276648858,0.5762598994361081,0.046002323390967895,0.09439201899247568,0.4873539509164954,0.1096007063846488,0.08526619412100572,1.2853946105429392
250,23,shuffle_e,134,0.536,240,0.9386047439716074,2.739595974208629,2.739595974208629,2.9187962120216016,0.004,0.013266499161421601,0.4572380203594147,0.009333333333333336,0.05970149253731343,0.006,0.011194029850746268,0.7910447761194029,0.15671641791044777,0.05223880597014925,0.3937007874015748,0.30708661417322836,0.2992125984251969,0.05970149253731343,7.26267969082215,7.5298712156614505,7.1577633028330965,0.9855540389421777,0.21055558156645374,0.07414407817231253,0.265389195267495,0.07053456158585983,3.7625412181011977,0.32576440717118227,0.3380617018914066,0.9636241116594315,0.05109458116123247,0.08866586276648858,0.5762598994361081,0.046002323390967895,0.09439201899247568,0.4873539509164954,0.10612958129999489,0.0859001522483934,1.2354993387334752
250,23,shuffle_w,136,0.544,240,0.9386047439716074,0.0,0.9386047439716074,0.9999999989345888,0.0,0.013266499161421601,0.4505139318247174,0.00933333333333334,0.20343137254901958,0.006,0.025735294117647058,0.7794117647058824,0.18382352941176472,0.03676470588235294,0.3816793893129771,0.32061068702290074,0.29770992366412213,0.20343137254901958,2.274748879785483,2.425081026719467,2.2892892072479687,1.0063920583022143,0.34299997117365755,0.06138594443671666,0.21217620693950145,0.07001400420140048,3.030482392196293,0.5656854249492381,0.4,1.4142135623730951,0.05109458116123247,0.08866586276648858,0.5762598994361081,0.046002323390967895,0.09439201899247568,0.4873539509164954,0.10960070638464882,0.08526619412100572,1.2853946105429395
250,23,shuffle_h,136,0.544,240,0.9386047439716074,0.0,0.9386047439716074,0.9999999989345888,0.0,0.013266499161421601,0.4505139318247174,0.00933333333333334,0.20343137254901958,0.006,0.025735294117647058,0.7794117647058824,0.18382352941176472,0.03676470588235294,0.3816793893129771,0.32061068702290074,0.29770992366412213,0.20343137254901958,2.2747738698160433,2.425096639840011,2.289314850201607,1.0063922751085317,0.34297374434120936,0.06138594443671666,0.21217620693950145,0.07001400420140048,3.030482392196293,0.5656854249492381,0.4,1.4142135623730951,0.05109458116123247,0.08866586276648858,0.5762598994361081,0.046002323390967895,0.09439201899247568,0.4873539509164954,0.10960070638464882,0.08526619412100572,1.2853946105429395
250,24,qcd,138,0.552,240,0.9386047439716074,0.0,0.9386047439716074,0.9999999989345888,0.0,0.03687817782917155,0.46070090797832847,0.014666666666666661,0.21256038647342995,0.01,0.05434782608695652,0.7971014492753623,0.16666666666666666,0.036231884057971016,0.3233082706766917,0.3383458646616541,0.3383458646616541,-0.21256038647342995,2.345509064037903,2.358696917956563,2.4065623692006595,1.0260298738976734,0.3038045096017014,0.012278144074101143,0.22823211229019744,0.06950480468569159,3.283688276260732,0.5656854249492381,0.4,1.4142135623730951,0.04923659639173309,0.08703882797784893,0.5656854249492379,0.0,0.97182531580755,0.0,0.11273240176727567,0.08464606811553026,1.3318090760389654
250,24,shuffle_b,138,0.552,240,0.9386047439716074,0.0,0.9386047439716074,0.9999999989345888,0.0,0.03687817782917155,0.46070090797832847,0.014666666666666661,0.21256038647342995,0.01,0.05434782608695652,0.7971014492753623,0.16666666666666666,0.036231884057971016,0.3233082706766917,0.3383458646616541,0.3383458646616541,-0.21256038647342995,2.345509064037903,2.358696917956563,2.4065623692006595,1.0260298738976734,0.3038045096017014,0.012278144074101143,0.22823211229019744,0.06950480468569159,3.283688276260732,0.5656854249492381,0.4,1.4142135623730951,0.04923659639173309,0.08703882797784893,0.5656854249492379,0.0,0.97182531580755,0.0,0.11273240176727568,0.08464606811553026,1.3318090760389654
250,24,shuffle_e,132,0.528,240,0.9386047439716074,2.808149288404826,2.808149288404826,2.9918336802034515,0.008,0.03687817782917155,0.39174798405599687,0.01466666666666667,0.2828282828282828,0.01,0.007575757575757576,0.8181818181818182,0.12121212121212122,0.06060606060606061,0.3064516129032258,0.31451612903225806,0.3790322580645161,-0.2828282828282828,7.547743878636894,7.561361086066651,7.745672335817745,1.0262235259123016,0.16714518595788083,0.0562592729474633,0.4216642439416892,0.07106690545187015,5.93334184541439,0.2850438562747845,0.31622776601683794,0.9013878188659974,0.0848625128695526,0.08784104611578832,0.966091783079296,0.41101610718171594,0.25973124082465987,1.582466960373034,0.10666083379291413,0.0865484644815831,1.2323827399111258
250,24,shuffle_w,138,0.552,240,0.9386047439716074,0.0,0.9386047439716074,0.9999999989345888,0.0,0.03687817782917155,0.46070090797832847,0.014666666666666661,0.21256038647342995,0.01,0.05434782608695652,0.7971014492753623,0.16666666666666666,0.036231884057971016,0.3233082706766917,0.3383458646616541,0.3383458646616541,-0.21256038647342995,2.345473104439118,2.3586682056488306,2.406538424640182,1.0260353956246566,0.30383811606467537,0.012278144074101143,0.22823211229019744,0.06950480468569159,3.283688276260732,0.5656854249492381,0.4,1.4142135623730951,0.04923659639173309,0.08703882797784893,0.5656854249492379,0.0,0.97182531580755,0.0,0.11273240176727567,0.08464606811553026,1.3318090760389654
250,24,shuffle_h,138,0.552,240,0.9386047439716074,0.0,0.9386047439716074,0.9999999989345888,0.0,0.03687817782917155,0.46070090797832847,0.014666666666666661,0.21256038647342992,0.01,0.05434782608695652,0.7971014492753623,0.16666666666666666,0.036231884057971016,0.3233082706766917,0.3383458646616541,0.3383458646616541,-0.21256038647342992,2.345509064037903,2.358696917956563,2.4065623692006595,1.0260298738976734,0.3038045096017014,0.012278144074101143,0.22823211229019744,0.06950480468569159,3.283688276260732,0.5656854249492381,0.4,1.4142135623730951,0.04923659639173309,0.08703882797784893,0.5656854249492379,0.0,0.97182531580755,0.0,0.11273240176727567,0.08464606811553026,1.3318090760389654
250,25,qcd,134,0.536,240,0.9386047439716074,0.0,0.9386047439716074,0.9999999989345888,0.0,0.021540659228538015,0.4707411578480645,0.012,0.15174129353233828,0.014,0.08208955223880597,0.8134328358208955,0.15671641791044777,0.029850746268656716,0.2923076923076923,0.3769230769230769,0.33076923076923076,-0.15174129353233828,2.4015468277310466,2.4089696408300045,2.4295507715512787,1.0116607944083646,0.28810171387277494,0.05991446895152779,0.27608578523332344,0.07053456158585983,3.9141915541255847,0.5477225575051662,0.4472135954999579,1.2247448713915892,0.08349799964205534,0.08743717709783362,0.9549484831678552,0.35747720502750446,0.15976709775647027,2.237489508461872,0.11758106056546662,0.0859001522483934,1.3688108517603443
250,25,shuffle_b,134,0.536,240,0.9386047439716074,0.0,0.9386047439716074,0.9999999989345888,0.0,0.021540659228538015,0.4707411578480645,0.012,0.15174129353233828,0.014,0.08208955223880597,0.8134328358208955,0.15671641791044777,0.029850746268656716,0.2923076923076923,0.3769230769230769,0.33076923076923076,-0.15174129353233828,2.4015468277310466,2.4089696408300045,2.4295507715512787,1.0116607944083646,0.28810171387277494,0.05991446895152779,0.27608578523332344,0.07053456158585983,3.9141915541255847,0.5477225575051662,0.4472135954999579,1.2247448713915892,0.08349799964205534,0.08743717709783362,0.9549484831678552,0.3574772050275044,0.15976709775647027,2.2374895084618713,0.11758106056546662,0.0859001522483934,1.3688108517603443
250,25,shuffle_e,118,0.472,240,0.9386047439716074,2.782401424735437,2.782401424735437,2.9644016180843025,0.004,0.021540659228538015,0.47054889192887256,0.012,0.2033898305084745,0.014,0.012711864406779662,0.8050847457627118,0.13559322033898305,0.059322033898305086,0.3153153153153153,0.36036036036036034,0.32432432432432434,-0.2033898305084745,7.828911115310448,7.658074379210848,7.642668871852035,0.976210964626461,0.11840024388810118,0.033708625106071526,0.39501586943589434,0.07516460280028288,5.2553443338944605,0.25555062599997597,0.3380617018914066,0.7559289460184545,0.10464732134741571,0.0936585811581694,1.1173276388918243,0.19518424581367042,0.1234219385295591,1.581438827967562,0.11728965469947727,0.09153882407526995,1.2813104809281044
250,25,shuffle_w,133,0.532,240,0.9386047439716074,0.0,0.9386047439716074,0.9999999989345888,0.0,0.021540659228538015,0.4742805650499296,0.012,0.15288220551378442,0.014,0.015037593984962405,0.8195488721804511,0.15037593984962405,0.03007518796992481,0.29457364341085274,0.37209302325581395,0.3333333333333333,-0.15288220551378442,2.4015390644987233,2.4523302767537607,2.429542315139614,1.0116605434635042,0.2770956541625878,0.05481447916174785,0.28379516398701676,0.07079923254047887,4.0084497218915365,0.5477225575051662,0.4472135954999579,1.2247448713915892,0.08349799964205534,0.08743717709783362,0.9549484831678552,0.35747720502750446,0.15976709775647027,2.237489508461872,0.11798695732628448,0.08622248040619769,1.3684013353645477
250,25,shuffle_h,134,0.536,240,0.9386047439716074,0.0,0.9386047439716074,0.9999999989345888,0.0,0.021540659228538015,0.4707411578480645,0.012,0.15174129353233828,0.014,0.06716417910447761,0.8134328358208955,0.15671641791044777,0.029850746268656716,0.2923076923076923,0.3769230769230769,0.33076923076923076,-0.15174129353233828,2.4015468277310466,2.4089696408300045,2.4295507715512787,1.0116607944083646,0.28810171387277494,0.05991446895152779,0.27608578523332344,0.07053456158585983,3.9141915541255847,0.5477225575051662,0.4472135954999579,1.2247448713915892,0.08349799964205534,0.08743717709783362,0.9549484831678552,0.35747720502750446,0.15976709775647027,2.237489508461872,0.11758106056546662,0.0859001522483934,1.3688108517603443
250,26,qcd,137,0.548,240,0.9386047439716074,0.0,0.9386047439716074,0.9999999989345888,0.0,0.026832815729997475,0.3625467427208071,0.015999999999999997,0.267639902676399,0.002,0.14233576642335766,0.7518248175182481,0.20437956204379562,0.043795620437956206,0.31297709923664124,0.3282442748091603,0.35877862595419846,-0.267639902676399,2.359693581410549,2.3730831108243517,2.2490969645846928,0.9531309413658086,0.3429115312253903,0.03298086869418756,0.286877719731705,0.06975801064151557,4.11246990981382,0.5962847939999439,0.3651483716701107,1.6329931618554523,0.03195536837885357,0.0899478453701443,0.3552655235637281,0.36004114991154784,0.2290614236454256,1.5718104959867516,0.10878419334611548,0.08495443368364972,1.280500482778829
250,26,shuffle_b,137,0.548,240,0.9386047439716074,0.0,0.9386047439716074,0.9999999989345888,0.0,0.026832815729997475,0.3625467427208071,0.015999999999999997,0.267639902676399,0.002,0.14233576642335766,0.7518248175182481,0.20437956204379562,0.043795620437956206,0.31297709923664124,0.3282442748091603,0.35877862595419846,-0.267639902676399,2.359693581410549,2.3730831108243517,2.2490969645846928,0.9531309413658086,0.3429115312253903,0.03298086869418756,0.286877719731705,0.06975801064151557,4.11246990981382,0.5962847939999439,0.3651483716701107,1.6329931618554523,0.03195536837885357,0.0899478453701443,0.3552655235637281,0.36004114991154784,0.2290614236454256,1.5718104959867516,0.10878419334611548,0.08495443368364972,1.280500482778829
250,26,shuffle_e,127,0.508,240,0.9386047439716074,2.771909787483644,2.771909787483644,2.953223710335594,0.008,0.026832815729997475,0.4419280378079459,0.015999999999999997,0.15748031496062992,0.002,0.01968503937007874,0.7559055118110236,0.14960629921259844,0.09448818897637795,0.3130434782608696,0.3565217391304348,0.33043478260869563,-0.15748031496062992,7.800016751158462,7.469909012448619,7.618981434910806,0.9767903939154017,0.14301231317014493,0.030948052904438566,0.27215708969691804,0.07245235560022184,3.756359437071011,0.19002923751652298,0.2581988897471611,0.7359800721939873,0.08462540004829125,0.09316949906249124,0.9082951062292475,0.3502072764606226,0.16666666666666666,2.1012436587637358,0.10674310377682833,0.08823572780328251,1.2097492300942672
250,26,shuffle_w,137,0.548,240,0.9386047439716074,0.0,0.9386047439716074,0.9999999989345888,0.0,0.026832815729997475,0.3625467427208071,0.015999999999999997,0.267639902676399,0.002,0.010948905109489052,0.7518248175182481,0.20437956204379562,0.043795620437956206,0.31297709923664124,0.3282442748091603,0.35877862595419846,-0.267639902676399,2.359661286342509,2.380516140971283,2.249055990986756,0.9531266220300662,0.34015505061952045,0.03298086869418756,0.286877719731705,0.06975801064151557,4.11246990981382,0.5962847939999439,0.3651483716701107,1.6329931618554523,0.03195536837885357,0.0899478453701443,0.3552655235637281,0.36004114991154784,0.2290614236454256,1.5718104959867516,0.10878419334611548,0.08495443368364972,1.280500482778829
250,26,shuffle_h,137,0.548,240,0.9386047439716074,0.0,0.9386047439716074,0.9999999989345888,0.0,0.026832815729997475,0.3625467427208071,0.015999999999999997,0.26763990267639903,0.002,0.14963503649635038,0.7518248175182481,0.20437956204379562,0.043795620437956206,0.31297709923664124,0.3282442748091603,0.35877862595419846,-0.26763990267639903,2.359693581410549,2.3730831108243517,2.2490969645846928,0.9531309413658086,0.3429115312253903,0.03298086869418756,0.286877719731705,0.06975801064151557,4.11246990981382,0.5962847939999439,0.3651483716701107,1.6329931618554523,0.03195536837885357,0.0899478453701443,0.3552655235637281,0.36004114991154784,0.2290614236454256,1.5718104959867516,0.10878419334611548,0.08495443368364972,1.280500482778829
250,27,qcd,137,0.548,240,0.9386047439716074,0.0,0.9386047439716074,0.9999999989345888,0.0,0.03072458299147443,0.44698717933999604,0.006666666666666673,0.194647201946472,0.006,0.032846715328467155,0.7737226277372263,0.1678832116788321,0.058394160583941604,0.31007751937984496,0.3333333333333333,0.35658914728682173,0.194647201946472,2.462103040656624,2.3889703433586615,2.4057999436181174,0.9771321118130413,0.25092535415437806,0.03288868749704874,0.2018438457611303,0.06975801064151557,2.893486266378783,0.575543221661067,0.31622776601683794,1.8200274723201297,0.025547290580616222,0.08866586276648858,0.2881299497180539,0.037472878263562846,0.09439201899247568,0.3969920197018981,0.11072594759473921,0.08495443368364972,1.3033569031494758
250,27,shuffle_b,137,0.548,240,0.9386047439716074,0.0,0.9386047439716074,0.9999999989345888,0.0,0.030724582991474434,0.44698717933999604,0.006666666666666673,0.194647201946472,0.006,0.032846715328467155,0.7737226277372263,0.1678832116788321,0.058394160583941604,0.31007751937984496,0.3333333333333333,0.35658914728682173,0.194647201946472,2.462103040656624,2.3889703433586615,2.4057999436181174,0.9771321118130413,0.25092535415437806,0.03288868749704874,0.2018438457611303,0.06975801064151557,2.893486266378783,0.575543221661067,0.31622776601683794,1.8200274723201297,0.025547290580616222,0.08866586276648858,0.2881299497180539,0.03747287826356284,0.09439201899247568,0.39699201970189807,0.1107259475947392,0.08495443368364972,1.3033569031494756
250,27,shuffle_e,137,0.548,240,0.9386047439716074,0.0,0.9386047439716074,0.9999999989345888,0.0,0.03072458299147443,0.44698717933999604,0.006666666666666661,0.1386861313868613,0.006,0.0036496350364963502,0.7737226277372263,0.1386861313868613,0.08759124087591241,0.296,0.328,0.376,-0.1386861313868613,2.643415362483618,2.5523706031559943,2.523732946187138,0.9547243244497026,0.14022799869571098,0.056944417344167,0.2797312924307499,0.06975801064151557,4.010023936437652,0.3027650354097492,0.2581988897471611,1.1726039399558577,0.025547290580616222,0.08866586276648858,0.2881299497180539,0.037472878263562846,0.09439201899247568,0.3969920197018981,0.10878419334611548,0.08495443368364972,1.280500482778829
250,27,shuffle_w,136,0.544,240,0.9386047439716074,0.0,0.9386047439716074,0.9999999989345888,0.0,0.03072458299147443,0.45027384977631946,0.006666666666666673,0.196078431372549,0.006,0.029411764705882353,0.7794117647058824,0.16176470588235295,0.058823529411764705,0.3125,0.328125,0.359375,0.196078431372549,2.462112412787323,2.4266744353135676,2.40581131552321,0.977133011079549,0.24357467111958225,0.0337538578042076,0.20909606628667804,0.07001400420140048,2.9864891841523256,0.575543221661067,0.31622776601683794,1.8200274723201297,0.025547290580616222,0.08866586276648858,0.2881299497180539,0.037472878263562846,0.09439201899247568,0.3969920197018981,0.11058290019615394,0.08526619412100572,1.2969137573939322
250,27,shuffle_h,137,0.548,240,0.9386047439716074,0.0,0.9386047439716074,0.9999999989345888,0.0,0.03072458299147443,0.44698717933999604,0.006666666666666673,0.194647201946472,0.006,0.04744525547445255,0.7737226277372263,0.1678832116788321,0.058394160583941604,0.31007751937984496,0.3333333333333333,0.35658914728682173,0.194647201946472,2.462103040656624,2.3889703433586615,2.4057999436181174,0.9771321118130413,0.25092535415437806,0.03288868749704874,0.2018438457611303,0.06975801064151557,2.893486266378783,0.575543221661067,0.31622776601683794,1.8200274723201297,0.025547290580616222,0.08866586276648858,0.2881299497180539,0.037472878263562846,0.09439201899247568,0.3969920197018981,0.11072594759473921,0.08495443368364972,1.3033569031494758
250,28,qcd,142,0.568,240,0.9386047439716074,0.0,0.9386047439716074,0.9999999989345888,0.0,0.0425205832509386,0.3608081255619577,0.024,0.2769953051643192,0.03,0.16901408450704225,0.7394366197183099,0.20422535211267606,0.056338028169014086,0.35074626865671643,0.3283582089552239,0.3208955223880597,0.2769953051643192,2.3027540370322153,2.326357662532485,2.458174521847989,1.067493306847517,0.29472117959347194,0.021969554393850385,0.2845511981725008,0.06851887098275317,4.152888015976284,0.5477225575051662,0.31622776601683794,1.7320508075688774,0.04994327848429292,0.0890870806374748,0.5606119105813879,0.09760680853579641,0.10359692675134351,0.942178610858556,0.11166762695295027,0.08344535383752145,1.3382126363845386
250,28,shuffle_b,142,0.568,240,0.9386047439716074,0.0,0.9386047439716074,0.9999999989345888,0.0,0.0425205832509386,0.3608081255619577,0.024,0.2769953051643192,0.03,0.16901408450704225,0.7394366197183099,0.20422535211267606,0.056338028169014086,0.35074626865671643,0.3283582089552239,0.3208955223880597,0.2769953051643192,2.3027540370322153,2.326357662532485,2.458174521847989,1.067493306847517,0.29472117959347194,0.021969554393850385,0.2845511981725008,0.06851887098275317,4.152888015976284,0.5477225575051662,0.31622776601683794,1.7320508075688774,0.04994327848429292,0.0890870806374748,0.5606119105813879,0.09760680853579641,0.10359692675134351,0.942178610858556,0.11166762695295027,0.08344535383752145,1.3382126363845386
250,28,shuffle_e,136,0.544,240,0.9386047439716074,2.8048497168619035,2.8048497168619035,2.988318279753369,0.004,0.0425205832509386,0.29576743178115833,0.023999999999999994,0.32107843137254904,0.03,0.003676470588235294,0.7352941176470589,0.15441176470588236,0.11029411764705882,0.32231404958677684,0.33884297520661155,0.33884297520661155,0.32107843137254904,7.585875387350622,7.302807954843961,7.307252363990449,0.9632708146215038,0.2218079694485627,0.013495811255003737,0.45734269580605647,0.07001400420140048,6.532160258831594,0.16329931618554522,0.23094010767585033,0.7071067811865475,0.05228129047119374,0.09128709291752768,0.5727128425310541,0.16835875742536843,0.12243848111540882,1.375047745542317,0.09070674045455183,0.08526619412100572,1.0638066045943735
250,28,shuffle_w,140,0.56,240,0.9386047439716074,0.0,0.9386047439716074,0.9999999989345888,0.0,0.0425205832509386,0.36596252735569995,0.024,0.2809523809523809,0.03,0.010714285714285714,0.75,0.19285714285714287,0.05714285714285714,0.3484848484848485,0.32575757575757575,0.32575757575757575,0.2809523809523809,2.338667442470172,2.3792575910908518,2.47206310698084,1.0570391762797071,0.27059828954937043,0.018556740475630166,0.29594768796800125,0.06900655593423542,4.288689443508021,0.5477225575051662,0.31622776601683794,1.7320508075688774,0.04994327848429292,0.0890870806374748,0.5606119105813879,0.09760680853579641,0.10359692675134351,0.942178610858556,0.11106517687938373,0.08403927844185294,1.3215865121477703
250,28,shuffle_h,142,0.568,240,0.9386047439716074,0.0,0.9386047439716074,0.9999999989345888,0.0,0.0425205832509386,0.3608081255619577,0.024,0.27699530516431925,0.03,0.18309859154929578,0.7394366197183099,0.20422535211267606,0.056338028169014086,0.35074626865671643,0.3283582089552239,0.3208955223880597,0.27699530516431925,2.3027540370322153,2.326357662532485,2.458174521847989,1.067493306847517,0.29472117959347194,0.021969554393850385,0.2845511981725008,0.06851887098275317,4.152888015976284,0.5477225575051662,0.31622776601683794,1.7320508075688774,0.04994327848429292,0.0890870806374748,0.5606119105813879,0.09760680853579641,0.10359692675134351,0.942178610858556,0.11166762695295027,0.08344535383752145,1.3382126363845386
250,29,qcd,140,0.56,240,0.9386047439716074,0.0,0.9386047439716074,0.9999999989345888,0.0,0.031240998703626618,0.44538449337485414,0.009333333333333329,0.02857142857142857,0.004,0.039285714285714285,0.7714285714285715,0.16428571428571428,0.06428571428571428,0.366412213740458,0.3282442748091603,0.3053435114503817,-0.02857142857142857,2.4480910611324584,2.467871080053349,2.3650382705160102,0.966074468415391,0.24053375738281407,0.04362958829384795,0.20734801006740228,0.06900655593423542,3.0047581314594067,0.5533288710217215,0.29814239699997197,1.855921454276674,0.041408666249996104,0.08784104611578832,0.4714045207910317,0.1767766952966369,0.1145307118227128,1.5434872662825796,0.11288771758058942,0.08403927844185294,1.343273284511799
250,29,shuffle_b,140,0.56,240,0.9386047439716074,0.0,0.9386047439716074,0.9999999989345888,0.0,0.031240998703626618,0.44538449337485414,0.009333333333333329,0.02857142857142857,0.004,0.039285714285714285,0.7714285714285715,0.16428571428571428,0.06428571428571428,0.366412213740458,0.3282442748091603,0.3053435114503817,-0.02857142857142857,2.4480910611324584,2.467871080053349,2.3650382705160102,0.966074468415391,0.24053375738281407,0.04362958829384795,0.20734801006740228,0.06900655593423542,3.0047581314594067,0.5533288710217215,0.29814239699997197,1.855921454276674,0.041408666249996104,0.08784104611578832,0.4714045207910317,0.1767766952966369,0.1145307118227128,1.5434872662825796,0.11288771758058942,0.08403927844185294,1.343273284511799
250,29,shuffle_e,133,0.532,240,0.9386047439716074,2.733537940339632,2.733537940339632,2.9123419149370706,0.004,0.031240998703626618,0.46882578249984647,0.009333333333333332,0.055137844611528826,0.004,0.011278195488721804,0.8120300751879699,0.11278195488721804,0.07518796992481203,0.36585365853658536,0.3333333333333333,0.3008130081300813,0.055137844611528826,7.453167207318341,7.423885988462365,7.251973831811096,0.9730056538501255,0.16794333152203675,0.04599068495522258,0.28018660211849616,0.07079923254047887,3.9574807814237505,0.469041575982343,0.282842712474619,1.6583123951777,0.041408666249996104,0.08784104611578832,0.4714045207910317,0.1767766952966369,0.1145307118227128,1.5434872662825796,0.11556642685907109,0.08622248040619769,1.3403282567914174
250,29,shuffle_w,140,0.56,240,0.9386047439716074,0.0,0.9386047439716074,0.9999999989345888,0.0,0.031240998703626618,0.44538449337485414,0.009333333333333329,0.02857142857142857,0.004,0.0035714285714285713,0.7714285714285715,0.16428571428571428,0.06428571428571428,0.366412213740458,0.3282442748091603,0.3053435114503817,-0.02857142857142857,2.4480504822146743,2.467434928417653,2.3649972076796346,0.9660737083902355,0.2405526273202974,0.04362958829384795,0.20734801006740228,0.06900655593423542,3.0047581314594067,0.5533288710217215,0.29814239699997197,1.855921454276674,0.041408666249996104,0.08784104611578832,0.4714045207910317,0.1767766952966369,0.1145307118227128,1.5434872662825796,0.11288771758058942,0.08403927844185294,1.343273284511799
250,29,shuffle_h,140,0.56,240,0.9386047439716074,0.0,0.9386047439716074,0.9999999989345888,0.0,0.031240998703626618,0.44538449337485414,0.009333333333333329,0.028571428571428564,0.004,0.05357142857142857,0.7714285714285715,0.16428571428571428,0.06428571428571428,0.366412213740458,0.3282442748091603,0.3053435114503817,-0.028571428571428564,2.4480910611324584,2.467871080053349,2.3650382705160102,0.966074468415391,0.24053375738281407,0.04362958829384795,0.20734801006740228,0.06900655593423542,3.0047581314594067,0.5533288710217215,0.29814239699997197,1.855921454276674,0.041408666249996104,0.08784104611578832,0.4714045207910317,0.1767766952966369,0.1145307118227128,1.5434872662825796,0.11288771758058942,0.08403927844185294,1.343273284511799
250,30,qcd,136,0.544,240,0.9386047439716074,0.0,0.9386047439716074,0.9999999989345888,0.0,0.031496031496047246,0.4715637866124695,0.003999999999999995,0.07598039215686274,0.002,0.007352941176470588,0.8161764705882353,0.15441176470588236,0.029411764705882353,0.29545454545454547,0.36363636363636365,0.3409090909090909,0.07598039215686274,2.4070209888883234,2.403126852883043,2.3875963613436983,0.9919300132261846,0.29742185740693494,0.04909652044248378,0.246149704544388,0.07001400420140048,3.5157209954214315,0.5477225575051662,0.4472135954999579,1.2247448713915892,0.027767630644004393,0.08664587415167273,0.32047262395203535,0.17902045291191712,0.11147600900998977,1.6059101370939324,0.11204004765913107,0.08526619412100572,1.314003149948609
250,30,shuffle_b,136,0.544,240,0.9386047439716074,0.0,0.9386047439716074,0.9999999989345888,0.0,0.031496031496047246,0.4715637866124695,0.003999999999999995,0.07598039215686274,0.002,0.007352941176470588,0.8161764705882353,0.15441176470588236,0.029411764705882353,0.29545454545454547,0.36363636363636365,0.3409090909090909,0.07598039215686274,2.4070209888883234,2.403126852883043,2.3875963613436983,0.9919300132261846,0.29742185740693494,0.04909652044248378,0.246149704544388,0.07001400420140048,3.5157209954214315,0.5477225575051662,0.4472135954999579,1.2247448713915892,0.027767630644004393,0.08664587415167273,0.32047262395203535,0.17902045291191715,0.11147600900998977,1.6059101370939326,0.11204004765913109,0.08526619412100572,1.3140031499486091
250,30,shuffle_e,132,0.528,240,0.9386047439716074,2.7930293276167353,2.7930293276167353,2.9757247047597484,0.008,0.031496031496047246,0.4858535983279989,0.004000000000000007,0.1186868686868687,0.002,0.011363636363636364,0.8409090909090909,0.10606060606060606,0.05303030303030303,0.288,0.368,0.344,-0.1186868686868687,7.861847860171135,7.863720763131278,7.696828588605505,0.9790101163873148,0.0787707867010361,0.05805744281887265,0.3106984341577254,0.07106690545187015,4.371914496377572,0.25555062599997597,0.3380617018914066,0.7559289460184545,0.027767630644004393,0.08664587415167273,0.32047262395203535,0.17902045291191712,0.11147600900998977,1.6059101370939324,0.11242401757643211,0.0865484644815831,1.2989718332941094
250,30,shuffle_w,136,0.544,240,0.9386047439716074,0.0,0.9386047439716074,0.9999999989345888,0.0,0.031496031496047246,0.4715637866124695,0.003999999999999995,0.07598039215686274,0.002,0.029411764705882353,0.8161764705882353,0.15441176470588236,0.029411764705882353,0.29545454545454547,0.36363636363636365,0.3409090909090909,0.07598039215686274,2.4070250803520117,2.4031324622972448,2.38760179798423,0.9919305857980751,0.2974153875837631,0.04909652044248378,0.246149704544388,0.07001400420140048,3.5157209954214315,0.5477225575051662,0.4472135954999579,1.2247448713915892,0.027767630644004393,0.08664587415167273,0.32047262395203535,0.17902045291191712,0.11147600900998977,1.6059101370939324,0.11204004765913107,0.08526619412100572,1.314003149948609
250,30,shuffle_h,136,0.544,240,0.9386047439716074,0.0,0.9386047439716074,0.9999999989345888,0.0,0.031496031496047246,0.4715637866124695,0.003999999999999995,0.07598039215686277,0.002,0.007352941176470588,0.8161764705882353,0.15441176470588236,0.029411764705882353,0.29545454545454547,0.36363636363636365,0.3409090909090909,0.07598039215686277,2.4070209888883234,2.403126852883043,2.3875963613436983,0.9919300132261846,0.29742185740693494,0.04909652044248378,0.246149704544388,0.07001400420140048,3.5157209954214315,0.5477225575051662,0.4472135954999579,1.2247448713915892,0.027767630644004393,0.08664587415167273,0.32047262395203535,0.17902045291191712,0.11147600900998977,1.6059101370939324,0.11204004765913107,0.08526619412100572,1.314003149948609
250,31,qcd,138,0.552,240,0.9386047439716074,0.0,0.9386047439716074,0.9999999989345888,0.0,0.021540659228538015,0.3652777727863351,0.008000000000000004,0.2826086956521739,0.004,0.16304347826086957,0.7608695652173914,0.18840579710144928,0.050724637681159424,0.31297709923664124,0.366412213740458,0.32061068702290074,-0.2826086956521739,2.349023759676654,2.3929887557366594,2.4508223105781815,1.0433365352232709,0.27209407289800597,0.040871191868216306,0.30035335907337257,0.06950480468569159,4.321332322730834,0.5569596768462265,0.3380617018914066,1.647508942095828,0.034992710611188256,0.0890870806374748,0.39279220242478624,0.34318767136623335,0.25092421756969363,1.3676944963310038,0.10797404720721669,0.08464606811553026,1.2755943614515792
250,31,shuffle_b,138,0.552,240,0.9386047439716074,0.0,0.9386047439716074,0.9999999989345888,0.0,0.021540659228538015,0.3652777727863351,0.008000000000000004,0.2826086956521739,0.004,0.16304347826086957,0.7608695652173914,0.18840579710144928,0.050724637681159424,0.31297709923664124,0.366412213740458,0.32061068702290074,-0.2826086956521739,2.349023759676654,2.3929887557366594,2.4508223105781815,1.0433365352232709,0.27209407289800597,0.040871191868216306,0.30035335907337257,0.06950480468569159,4.321332322730834,0.5569596768462265,0.3380617018914066,1.647508942095828,0.034992710611188256,0.0890870806374748,0.39279220242478624,0.34318767136623335,0.25092421756969363,1.3676944963310038,0.10797404720721668,0.08464606811553026,1.275594361451579
250,31,shuffle_e,134,0.536,240,0.9386047439716074,2.7267251635730334,2.7267251635730334,2.905083506322479,0.004,0.021540659228538015,0.4569943549968616,0.007999999999999995,0.0945273631840796,0.004,0.026119402985074626,0.7910447761194029,0.1417910447761194,0.06716417910447761,0.32,0.352,0.328,-0.0945273631840796,7.380121623953914,7.667114515237287,7.66527185959709,1.038637606556192,0.09602864340501598,0.023551362310207567,0.27202149395941394,0.07053456158585983,3.8565702804899336,0.3651483716701107,0.29814239699997197,1.224744871391589,0.03694132114613436,0.08866586276648858,0.41663521893903455,0.35334488493503136,0.16426846010152704,2.151020863753423,0.10820823237309668,0.0859001522483934,1.2596977949491412
250,31,shuffle_w,137,0.548,240,0.9386047439716074,0.0,0.9386047439716074,0.9999999989345888,0.0,0.021540659228538015,0.3679440339015638,0.008000000000000004,0.2846715328467153,0.004,0.0072992700729927005,0.7664233576642335,0.18248175182481752,0.051094890510948905,0.3076923076923077,0.36923076923076925,0.3230769230769231,-0.2846715328467153,2.391513374969631,2.3929780736679516,2.450807916083581,1.0247937317577005,0.2640188183390989,0.04529108136578384,0.3066272683081689,0.06975801064151557,4.39558504447493,0.5569596768462265,0.3380617018914066,1.647508942095828,0.034992710611188256,0.0890870806374748,0.39279220242478624,0.34318767136623335,0.25092421756969363,1.3676944963310038,0.10829331482029748,0.08495443368364972,1.274722343786744
250,31,shuffle_h,138,0.552,240,0.9386047439716074,0.0,0.9386047439716074,0.9999999989345888,0.0,0.021540659228538015,0.3652777727863351,0.008000000000000004,0.2826086956521739,0.004,0.16304347826086957,0.7608695652173914,0.18840579710144928,0.050724637681159424,0.31297709923664124,0.366412213740458,0.32061068702290074,-0.2826086956521739,2.349023759676654,2.3929887557366594,2.4508223105781815,1.0433365352232709,0.27209407289800597,0.040871191868216306,0.30035335907337257,0.06950480468569159,4.321332322730834,0.5569596768462265,0.3380617018914066,1.647508942095828,0.034992710611188256,0.0890870806374748,0.39279220242478624,0.34318767136623335,0.25092421756969363,1.3676944963310038,0.10797404720721669,0.08464606811553026,1.2755943614515792
250,32,qcd,138,0.552,240,0.9386047439716074,0.0,0.9386047439716074,0.9999999989345888,0.0,0.04345112196480086,0.45334760346716096,0.013333333333333343,0.1618357487922705,0.006,0.06521739130434782,0.782608695652174,0.18840579710144928,0.028985507246376812,0.3358208955223881,0.3656716417910448,0.29850746268656714,-0.1618357487922705,2.4394012129128027,2.408662562555745,2.239363208423792,0.9179970873876248,0.3173001536321379,0.04758986684007214,0.2568122485024544,0.06950480468569159,3.694884830822671,0.5477225575051662,0.4472135954999579,1.2247448713915892,0.03703703703703704,0.08784104611578832,0.42163702135578396,0.34634469611367963,0.16426846010152704,2.108406543164886,0.11132625272973486,0.08464606811553026,1.3151969749828167
250,32,shuffle_b,138,0.552,240,0.9386047439716074,0.0,0.9386047439716074,0.9999999989345888,0.0,0.04345112196480086,0.45334760346716096,0.013333333333333343,0.1618357487922705,0.006,0.06521739130434782,0.782608695652174,0.18840579710144928,0.028985507246376812,0.3358208955223881,0.3656716417910448,0.29850746268656714,-0.1618357487922705,2.4394012129128027,2.408662562555745,2.239363208423792,0.9179970873876248,0.3173001536321379,0.04758986684007214,0.2568122485024544,0.06950480468569159,3.694884830822671,0.5477225575051662,0.4472135954999579,1.2247448713915892,0.03703703703703704,0.08784104611578832,0.42163702135578396,0.34634469611367963,0.16426846010152704,2.108406543164886,0.11132625272973487,0.08464606811553026,1.315196974982817
250,32,shuffle_e,135,0.54,240,0.9386047439716074,2.777384303412343,2.777384303412343,2.9590563208758955,0.004,0.04345112196480086,0.467371601610292,0.013333333333333334,0.08641975308641976,0.006,0.02962962962962963,0.8074074074074075,0.14074074074074075,0.05185185185185185,0.3125,0.3828125,0.3046875,-0.08641975308641976,7.802520075317302,7.387746628924522,7.292034280795221,0.9345742414509172,0.19324834859711496,0.06085063252889543,0.27477388134802083,0.07027283689263066,3.9101008796307144,0.25555062599997597,0.3380617018914066,0.7559289460184545,0.03533400614156374,0.08743717709783362,0.40410735243692114,0.18014207093704426,0.11699401969383898,1.5397545225683935,0.10791062681698321,0.08558141217983589,1.2609119675453122
250,32,shuffle_w,138,0.552,240,0.9386047439716074,0.0,0.9386047439716074,0.9999999989345888,0.0,0.04345112196480086,0.45334760346716096,0.013333333333333343,0.1618357487922705,0.006,0.021739130434782608,0.782608695652174,0.18840579710144928,0.028985507246376812,0.3358208955223881,0.3656716417910448,0.29850746268656714,-0.1618357487922705,2.439407738618432,2.4086711146687287,2.2474107598346107,0.9212936092050936,0.31442616371025955,0.04758986684007214,0.2568122485024544,0.06950480468569159,3.694884830822671,0.5477225575051662,0.4472135954999579,1.2247448713915892,0.03703703703703704,0.08784104611578832,0.42163702135578396,0.34634469611367963,0.16426846010152704,2.108406543164886,0.11132625272973486,0.08464606811553026,1.3151969749828167
250,32,shuffle_h,138,0.552,240,0.9386047439716074,0.0,0.9386047439716074,0.9999999989345888,0.0,0.04345112196480086,0.45334760346716096,0.013333333333333343,0.1618357487922705,0.006,0.057971014492753624,0.782608695652174,0.18840579710144928,0.028985507246376812,0.3358208955223881,0.3656716417910448,0.29850746268656714,-0.1618357487922705,2.4394012129128027,2.408662562555745,2.239363208423792,0.9179970873876248,0.3173001536321379,0.04758986684007214,0.2568122485024544,0.06950480468569159,3.694884830822671,0.5477225575051662,0.4472135954999579,1.2247448713915892,0.03703703703703704,0.08784104611578832,0.42163702135578396,0.34634469611367963,0.16426846010152704,2.108406543164886,0.11132625272973486,0.08464606811553026,1.3151969749828167
250,33,qcd,139,0.556,240,0.9386047439716074,0.0,0.9386047439716074,0.9999999989345888,0.0,0.024657656011875907,0.4454045091270247,0.008000000000000007,0.05755395683453238,0.004,0.06115107913669065,0.7697841726618705,0.18705035971223022,0.04316546762589928,0.3157894736842105,0.3684210526315789,0.3157894736842105,-0.05755395683453238,2.4233328153616185,2.4057453596795164,2.2569514547035774,0.931341927281576,0.31859389452155445,0.042973504259354006,0.2351832195672991,0.06925433610644437,3.3959349376452175,0.5962847939999439,0.3651483716701107,1.6329931618554523,0.03348003934611321,0.08825056370227598,0.3793747931068429,0.1769958670622311,0.11374354983635754,1.5560958605290098,0.11096643935436472,0.08434103624736468,1.3156874078344274
250,33,shuffle_b,139,0.556,240,0.9386047439716074,0.0,0.9386047439716074,0.9999999989345888,0.0,0.024657656011875907,0.4454045091270247,0.008000000000000007,0.05755395683453238,0.004,0.06115107913669065,0.7697841726618705,0.18705035971223022,0.04316546762589928,0.3157894736842105,0.3684210526315789,0.3157894736842105,-0.05755395683453238,2.4233328153616185,2.4057453596795164,2.2569514547035774,0.931341927281576,0.31859389452155445,0.042973504259354006,0.2351832195672991,0.06925433610644437,3.3959349376452175,0.5962847939999439,0.3651483716701107,1.6329931618554523,0.03348003934611321,0.08825056370227598,0.3793747931068429,0.1769958670622311,0.11374354983635754,1.5560958605290098,0.1109664393543647,0.08434103624736468,1.3156874078344272
250,33,shuffle_e,130,0.52,240,0.9386047439716074,0.0,0.9386047439716074,0.9999999989345888,0.0,0.024657656011875907,0.47624020591274174,0.008000000000000004,0.12564102564102567,0.004,0.038461538461538464,0.823076923076923,0.11538461538461539,0.06153846153846154,0.32786885245901637,0.36065573770491804,0.3114754098360656,0.12564102564102567,2.6432491601637755,2.641479516355639,2.642171475218799,0.9995922877944242,0.00409613221757541,0.03541388359785716,0.3209330578382542,0.07161148740394328,4.481586257634164,0.37914377220257756,0.31622776601683794,1.19895788082818,0.03348003934611321,0.08825056370227598,0.3793747931068429,0.1769958670622311,0.11374354983635754,1.5560958605290098,0.11096999955757589,0.0872116808048017,1.2724212918903646
250,33,shuffle_w,139,0.556,240,0.9386047439716074,0.0,0.9386047439716074,0.9999999989345888,0.0,0.024657656011875907,0.4454045091270247,0.008000000000000007,0.05755395683453238,0.004,0.04316546762589928,0.7697841726618705,0.18705035971223022,0.04316546762589928,0.3157894736842105,0.3684210526315789,0.3157894736842105,-0.05755395683453238,2.42333866662425,2.405749045637699,2.2569599184137887,0.9313431710961682,0.3185868041897385,0.042973504259354006,0.2351832195672991,0.06925433610644437,3.3959349376452175,0.5962847939999439,0.3651483716701107,1.6329931618554523,0.03348003934611321,0.08825056370227598,0.3793747931068429,0.1769958670622311,0.11374354983635754,1.5560958605290098,0.11096643935436472,0.08434103624736468,1.3156874078344274
250,33,shuffle_h,139,0.556,240,0.9386047439716074,0.0,0.9386047439716074,0.9999999989345888,0.0,0.024657656011875907,0.4454045091270247,0.008000000000000007,0.05755395683453238,0.004,0.06115107913669065,0.7697841726618705,0.18705035971223022,0.04316546762589928,0.3157894736842105,0.3684210526315789,0.3157894736842105,-0.05755395683453238,2.4233328153616185,2.4057453596795164,2.2569514547035774,0.931341927281576,0.31859389452155445,0.042973504259354006,0.2351832195672991,0.06925433610644437,3.3959349376452175,0.5962847939999439,0.3651483716701107,1.6329931618554523,0.03348003934611321,0.08825056370227598,0.3793747931068429,0.1769958670622311,0.11374354983635754,1.5560958605290098,0.11096643935436472,0.08434103624736468,1.3156874078344274
250,34,qcd,134,0.536,240,0.9386047439716074,0.0,0.9386047439716074,0.9999999989345888,0.0,0.023664319132398467,0.36445120737536657,0.024000000000000004,0.3034825870646767,0.03,0.19776119402985073,0.7388059701492538,0.22388059701492538,0.03731343283582089,0.3178294573643411,0.3488372093023256,0.3333333333333333,0.3034825870646767,2.417098707653468,2.2831382999753274,2.2123407906784633,0.915287730564473,0.35653921348697437,0.021925791664699146,0.3159693619751565,0.07053456158585983,4.479638844717784,0.5656854249492381,0.4,1.4142135623730951,0.03113340405539887,0.09174698042719671,0.33933982252531925,0.09197576297669707,0.10667168662886285,0.8622321994092347,0.11225011628548905,0.0859001522483934,1.3067510749096312
250,34,shuffle_b,134,0.536,240,0.9386047439716074,0.0,0.9386047439716074,0.9999999989345888,0.0,0.023664319132398467,0.36445120737536657,0.024000000000000004,0.3034825870646767,0.03,0.19776119402985073,0.7388059701492538,0.22388059701492538,0.03731343283582089,0.3178294573643411,0.3488372093023256,0.3333333333333333,0.3034825870646767,2.417098707653468,2.2831382999753274,2.2123407906784633,0.915287730564473,0.35653921348697437,0.021925791664699146,0.3159693619751565,0.07053456158585983,4.479638844717784,0.5656854249492381,0.4,1.4142135623730951,0.03113340405539887,0.09174698042719671,0.33933982252531925,0.09197576297669707,0.10667168662886285,0.8622321994092347,0.11225011628548905,0.0859001522483934,1.3067510749096312
250,34,shuffle_e,125,0.5,240,0.9386047439716074,2.8147825946439147,2.8147825946439147,2.99890087890943,0.008,0.023664319132398467,0.19823218709382187,0.023999999999999997,0.44266666666666665,0.03,0.008,0.768,0.16,0.072,0.2672413793103448,0.4051724137931034,0.3275862068965517,0.44266666666666665,7.665982101155328,7.7633411050389265,7.339241121605045,0.9573778055780954,0.18520295755114136,0.09778562946651469,0.5673047388015252,0.07302967433402215,7.768140060529291,0.18592445034090568,0.29814239699997197,0.6236095644623235,0.04885849749816073,0.09316949906249124,0.5244044240850758,0.08652998572600043,0.11872735884359924,0.7288125211307637,0.08743022900473398,0.08893881244738183,0.9830379628293286
250,34,shuffle_w,133,0.532,240,0.9386047439716074,0.0,0.9386047439716074,0.9999999989345888,0.0,0.023664319132398467,0.3671914420172866,0.024000000000000004,0.30576441102756896,0.03,0.011278195488721804,0.7443609022556391,0.21804511278195488,0.03759398496240601,0.3203125,0.3515625,0.328125,0.30576441102756896,2.417088364021749,2.2831280017630773,2.264844695454684,0.9370136107420792,0.3445872549364294,0.0229993772560621,0.3220526998337646,0.07079923254047887,4.5488162551710385,0.5656854249492381,0.4,1.4142135623730951,0.03113340405539887,0.09174698042719671,0.33933982252531925,0.09197576297669707,0.10667168662886285,0.8622321994092347,0.11158441685803049,0.08622248040619769,1.294145289399605
250,34,shuffle_h,134,0.536,240,0.9386047439716074,0.0,0.9386047439716074,0.9999999989345888,0.0,0.023664319132398467,0.36445120737536657,0.024000000000000004,0.3034825870646766,0.03,0.19776119402985073,0.7388059701492538,0.22388059701492538,0.03731343283582089,0.3178294573643411,0.3488372093023256,0.3333333333333333,0.3034825870646766,2.417098707653468,2.2831382999753274,2.2123407906784633,0.915287730564473,0.35653921348697437,0.021925791664699146,0.3159693619751565,0.07053456158585983,4.479638844717784,0.5656854249492381,0.4,1.4142135623730951,0.03113340405539887,0.09174698042719671,0.33933982252531925,0.09197576297669707,0.10667168662886285,0.8622321994092347,0.11225011628548905,0.0859001522483934,1.3067510749096312
250,35,qcd,135,0.54,240,0.9386047439716074,0.0,0.9386047439716074,0.9999999989345888,0.0,0.025612496949731396,0.44941663147014854,0.00666666666666667,0.11851851851851852,0.004,0.025925925925925925,0.7777777777777778,0.17777777777777778,0.044444444444444446,0.3798449612403101,0.3023255813953488,0.3178294573643411,0.11851851851851852,2.4686249095605692,2.4237033030548174,2.276728235016622,0.922265762692111,0.288630199219826,0.05801019204300686,0.22394394752342184,0.07027283689263066,3.186778240724565,0.5477225575051662,0.3651483716701107,1.5000000000000002,0.04809288065886703,0.0890870806374748,0.5398412465054623,0.1767766952966369,0.1145307118227128,1.5434872662825796,0.1114131005000068,0.08558141217983589,1.3018376030754164
250,35,shuffle_b,135,0.54,240,0.9386047439716074,0.0,0.9386047439716074,0.9999999989345888,0.0,0.025612496949731396,0.44941663147014854,0.00666666666666667,0.11851851851851852,0.004,0.025925925925925925,0.7777777777777778,0.17777777777777778,0.044444444444444446,0.3798449612403101,0.3023255813953488,0.3178294573643411,0.11851851851851852,2.4686249095605692,2.4237033030548174,2.276728235016622,0.922265762692111,0.288630199219826,0.05801019204300686,0.22394394752342184,0.07027283689263066,3.186778240724565,0.5477225575051662,0.3651483716701107,1.5000000000000002,0.04809288065886703,0.0890870806374748,0.5398412465054623,0.1767766952966369,0.1145307118227128,1.5434872662825796,0.11141310050000679,0.08558141217983589,1.3018376030754162
250,35,shuffle_e,121,0.484,240,0.9386047439716074,2.820713495075792,2.820713495075792,3.005219726607197,0.004,0.025612496949731396,0.3487759974546974,0.006666666666666675,0.3581267217630854,0.004,0.024793388429752067,0.768595041322314,0.15702479338842976,0.0743801652892562,0.35714285714285715,0.29464285714285715,0.3482142857142857,-0.3581267217630854,7.768462647130105,7.739041753225671,7.760612871544293,0.9989895329433409,0.13472016359403727,0.047804697631574425,0.5457466452205899,0.07422696190252055,7.352404452943908,0.24343224778007383,0.29814239699997197,0.816496580927726,0.04748258530283791,0.09466030570784413,0.5016103101271012,0.21245914639969937,0.14027090192169553,1.514634492892204,0.09725920337624543,0.09039692294111373,1.0759127657431649
250,35,shuffle_w,134,0.536,240,0.9386047439716074,0.0,0.9386047439716074,0.9999999989345888,0.0,0.025612496949731396,0.45277048692888094,0.00666666666666667,0.11940298507462684,0.004,0.018656716417910446,0.7835820895522388,0.17164179104477612,0.04477611940298507,0.3828125,0.296875,0.3203125,0.11940298507462684,2.4686156544731768,2.4746042499243153,2.2767167964417236,0.9222645867598996,0.27929841611886996,0.06282467750945218,0.23154380653174322,0.07053456158585983,3.2827000172091685,0.5477225575051662,0.3651483716701107,1.5000000000000002,0.04809288065886703,0.0890870806374748,0.5398412465054623,0.1767766952966369,0.1145307118227128,1.5434872662825796,0.11225011628548903,0.0859001522483934,1.3067510749096312
250,35,shuffle_h,135,0.54,240,0.9386047439716074,0.0,0.9386047439716074,0.9999999989345888,0.0,0.025612496949731396,0.44941663147014854,0.00666666666666667,0.11851851851851852,0.004,0.025925925925925925,0.7777777777777778,0.17777777777777778,0.044444444444444446,0.3798449612403101,0.3023255813953488,0.3178294573643411,0.11851851851851852,2.4686249095605692,2.4237033030548174,2.276728235016622,0.922265762692111,0.288630199219826,0.05801019204300686,0.22394394752342184,0.07027283689263066,3.186778240724565,0.5477225575051662,0.3651483716701107,1.5000000000000002,0.04809288065886703,0.0890870806374748,0.5398412465054623,0.1767766952966369,0.1145307118227128,1.5434872662825796,0.1114131005000068,0.08558141217983589,1.3018376030754164
250,36,qcd,138,0.552,240,0.9386047439716074,0.0,0.9386047439716074,0.9999999989345888,0.0,0.012,0.37499562414306115,0.008,0.26811594202898553,0.0,0.14855072463768115,0.7536231884057971,0.21014492753623187,0.036231884057971016,0.3082706766917293,0.3383458646616541,0.3533834586466165,0.26811594202898553,2.4165521545458124,2.2311985156744254,2.2488706148412128,0.9306112473553814,0.3606898473066356,0.03248491578149303,0.28083800543588555,0.06950480468569159,4.040555278241066,0.5656854249492381,0.4,1.4142135623730951,0.048396374585068916,0.08951435925492911,0.5406548735632487,0.09892094588788329,0.10359692675134351,0.954863710632231,0.10942328240223795,0.08464606811553026,1.2927154779698709
250,36,shuffle_b,138,0.552,240,0.9386047439716074,0.0,0.9386047439716074,0.9999999989345888,0.0,0.012,0.37499562414306115,0.008,0.26811594202898553,0.0,0.14855072463768115,0.7536231884057971,0.21014492753623187,0.036231884057971016,0.3082706766917293,0.3383458646616541,0.3533834586466165,0.26811594202898553,2.4165521545458124,2.2311985156744254,2.2488706148412128,0.9306112473553814,0.3606898473066356,0.03248491578149303,0.28083800543588555,0.06950480468569159,4.040555278241066,0.5656854249492381,0.4,1.4142135623730951,0.048396374585068916,0.08951435925492911,0.5406548735632487,0.0989209458878833,0.10359692675134351,0.9548637106322311,0.10942328240223795,0.08464606811553026,1.2927154779698709
250,36,shuffle_e,127,0.508,240,0.9386047439716074,0.0,0.9386047439716074,0.9999999989345888,0.0,0.012,0.41821328267368507,0.007999999999999991,0.20472440944881892,0.0,0.0,0.8110236220472441,0.13385826771653545,0.05511811023622047,0.3,0.3416666666666667,0.35833333333333334,0.20472440944881892,2.636256830005148,2.5151690373983433,2.522561935976195,0.9568726033310149,0.16245293272084133,0.042491829279939886,0.35237136896248633,0.07245235560022184,4.86349085607104,0.32576440717118227,0.3380617018914066,0.9636241116594315,0.05391045711636791,0.0899478453701443,0.5993524013223556,0.1293168595169664,0.10732015270279745,1.2049634319388698,0.10138090536144506,0.08823572780328251,1.1489779467504266
250,36,shuffle_w,137,0.548,240,0.9386047439716074,0.0,0.9386047439716074,0.9999999989345888,0.0,0.012,0.37773281847987183,0.008,0.27007299270072993,0.0,0.032846715328467155,0.7591240875912408,0.20437956204379562,0.0364963503649635,0.3106060606060606,0.3333333333333333,0.3560606060606061,0.27007299270072993,2.416539942262036,2.274460674934297,2.2557040865722158,0.9334437420722839,0.34920343208260707,0.03214121732666126,0.286877719731705,0.06975801064151557,4.11246990981382,0.5656854249492381,0.4,1.4142135623730951,0.048396374585068916,0.08951435925492911,0.5406548735632487,0.09892094588788329,0.10359692675134351,0.954863710632231,0.10927286675640029,0.08495443368364972,1.2862526653206434
250,36,shuffle_h,138,0.552,240,0.9386047439716074,0.0,0.9386047439716074,0.9999999989345888,0.0,0.012,0.37499562414306115,0.008,0.26811594202898553,0.0,0.14855072463768115,0.7536231884057971,0.21014492753623187,0.036231884057971016,0.3082706766917293,0.3383458646616541,0.3533834586466165,0.26811594202898553,2.4165521545458124,2.2311985156744254,2.2488706148412128,0.9306112473553814,0.3606898473066356,0.03248491578149303,0.28083800543588555,0.06950480468569159,4.040555278241066,0.5656854249492381,0.4,1.4142135623730951,0.048396374585068916,0.08951435925492911,0.5406548735632487,0.09892094588788329,0.10359692675134351,0.954863710632231,0.10942328240223795,0.08464606811553026,1.2927154779698709
250,37,qcd,139,0.556,240,0.9386047439716074,0.0,0.9386047439716074,0.9999999989345888,0.0,0.0322490309931942,0.4490499722108557,0.017333333333333333,0.21582733812949637,0.002,0.046762589928057555,0.7769784172661871,0.17985611510791366,0.04316546762589928,0.3383458646616541,0.3308270676691729,0.3308270676691729,0.21582733812949637,2.3105009260948925,2.4496115698087206,2.4502255331842906,1.0604737290997561,0.2839148869421903,0.006139072037050572,0.2343012793875153,0.06925433610644437,3.3832001367740023,0.5477225575051662,0.3651483716701107,1.5000000000000002,0.03703703703703704,0.08784104611578832,0.42163702135578396,0.034644975803462416,0.09351393461446368,0.37047928681747416,0.10619984724306879,0.08434103624736468,1.2591717148410908
250,37,shuffle_b,139,0.556,240,0.9386047439716074,0.0,0.9386047439716074,0.9999999989345888,0.0,0.0322490309931942,0.44904997221085574,0.017333333333333333,0.21582733812949637,0.002,0.046762589928057555,0.7769784172661871,0.17985611510791366,0.04316546762589928,0.3383458646616541,0.3308270676691729,0.3308270676691729,0.21582733812949637,2.3105009260948925,2.4496115698087206,2.4502255331842906,1.0604737290997561,0.2839148869421903,0.006139072037050572,0.2343012793875153,0.06925433610644437,3.3832001367740023,0.5477225575051662,0.3651483716701107,1.5000000000000002,0.03703703703703704,0.08784104611578832,0.42163702135578396,0.034644975803462416,0.09351393461446368,0.37047928681747416,0.10619984724306879,0.08434103624736468,1.2591717148410908
250,37,shuffle_e,126,0.504,240,0.9386047439716074,2.817788097680538,2.817788097680538,3.0021029754817357,0.004,0.0322490309931942,0.2892201136236285,0.017333333333333333,0.3703703703703703,0.002,0.007936507936507936,0.7619047619047619,0.15873015873015872,0.07936507936507936,0.3706896551724138,0.3448275862068966,0.28448275862068967,0.3703703703703703,7.463883227970522,7.896255314572846,7.6692205313635124,1.0275107872298297,0.15360406139119,0.06256189958930243,0.5248906591678238,0.07273929674533079,7.216053531635458,0.19999999999999998,0.282842712474619,0.7071067811865475,0.07933096985274904,0.09316949906249124,0.85146931829632,0.12494259471568668,0.11962342709421224,1.044465935734187,0.08895192546876812,0.08858517759778053,1.0041400591039373
250,37,shuffle_w,139,0.556,240,0.9386047439716074,0.0,0.9386047439716074,0.9999999989345888,0.0,0.0322490309931942,0.4490499722108557,0.017333333333333333,0.21582733812949637,0.002,0.007194244604316547,0.7769784172661871,0.17985611510791366,0.04316546762589928,0.3383458646616541,0.3308270676691729,0.3308270676691729,0.21582733812949637,2.3104639756142498,2.4495925965559726,2.450206559307317,1.060482476752712,0.2839453200405539,0.006139072037050572,0.2343012793875153,0.06925433610644437,3.3832001367740023,0.5477225575051662,0.3651483716701107,1.5000000000000002,0.03703703703703704,0.08784104611578832,0.42163702135578396,0.034644975803462416,0.09351393461446368,0.37047928681747416,0.10619984724306879,0.08434103624736468,1.2591717148410908
250,37,shuffle_h,139,0.556,240,0.9386047439716074,0.0,0.9386047439716074,0.9999999989345888,0.0,0.0322490309931942,0.4490499722108557,0.017333333333333333,0.2158273381294964,0.002,0.0539568345323741,0.7769784172661871,0.17985611510791366,0.04316546762589928,0.3383458646616541,0.3308270676691729,0.3308270676691729,0.2158273381294964,2.3105009260948925,2.4496115698087206,2.4502255331842906,1.0604737290997561,0.2839148869421903,0.006139072037050572,0.2343012793875153,0.06925433610644437,3.3832001367740023,0.5477225575051662,0.3651483716701107,1.5000000000000002,0.03703703703703704,0.08784104611578832,0.42163702135578396,0.034644975803462416,0.09351393461446368,0.37047928681747416,0.10619984724306879,0.08434103624736468,1.2591717148410908
250,38,qcd,142,0.568,240,0.9386047439716074,0.0,0.9386047439716074,0.9999999989345888,0.0,0.04578209256903838,0.39398875297744695,0.024,0.1924882629107981,0.02,0.1619718309859155,0.8028169014084507,0.16901408450704225,0.028169014084507043,0.32608695652173914,0.3115942028985507,0.36231884057971014,-0.1924882629107981,2.28010236595262,2.4263186621182,2.4095922711984956,1.0567912683129799,0.31213158397207413,0.03694941676516511,0.3357217874388435,0.06851887098275317,4.899698179839358,0.5477225575051662,0.4472135954999579,1.2247448713915892,0.04472824134730513,0.08549819600709617,0.5231483637805969,0.21413100178810426,0.12652087952858018,1.6924558427507104,0.11032723553759666,0.08344535383752145,1.3221495321646977
250,38,shuffle_b,142,0.568,240,0.9386047439716074,0.0,0.9386047439716074,0.9999999989345888,0.0,0.04578209256903838,0.39398875297744695,0.024,0.1924882629107981,0.02,0.1619718309859155,0.8028169014084507,0.16901408450704225,0.028169014084507043,0.32608695652173914,0.3115942028985507,0.36231884057971014,-0.1924882629107981,2.28010236595262,2.4263186621182,2.4095922711984956,1.0567912683129799,0.31213158397207413,0.03694941676516511,0.3357217874388435,0.06851887098275317,4.899698179839358,0.5477225575051662,0.4472135954999579,1.2247448713915892,0.04472824134730513,0.08549819600709617,0.5231483637805969,0.21413100178810426,0.12652087952858018,1.6924558427507104,0.11032723553759666,0.08344535383752145,1.3221495321646977
250,38,shuffle_e,138,0.552,240,0.9386047439716074,2.809941795462784,2.809941795462784,2.9937434372844387,0.004,0.04578209256903838,0.4050847785325706,0.023999999999999994,0.2028985507246377,0.02,0.028985507246376812,0.8188405797101449,0.13768115942028986,0.043478260869565216,0.32575757575757575,0.30303030303030304,0.3712121212121212,-0.2028985507246377,7.576655258747281,7.7293371419547885,7.473909143066415,0.986439119615183,0.19004518818780924,0.04909652044248379,0.3839896028838194,0.06950480468569159,5.524648326403661,0.27888667551135854,0.3651483716701107,0.7637626158259735,0.047519184936834845,0.08587567332159078,0.553348615490711,0.21884405476620428,0.12760691558146273,1.7149858514250886,0.09883337342246439,0.08464606811553026,1.1676073753073848
250,38,shuffle_w,142,0.568,240,0.9386047439716074,0.0,0.9386047439716074,0.9999999989345888,0.0,0.04578209256903838,0.39398875297744695,0.024,0.1924882629107981,0.02,0.0035211267605633804,0.8028169014084507,0.16901408450704225,0.028169014084507043,0.32608695652173914,0.3115942028985507,0.36231884057971014,-0.1924882629107981,2.2800812815670763,2.4263062211277693,2.4095754225913306,1.0567936512049492,0.31215150935114827,0.03694941676516511,0.3357217874388435,0.06851887098275317,4.899698179839358,0.5477225575051662,0.4472135954999579,1.2247448713915892,0.04472824134730513,0.08549819600709617,0.5231483637805969,0.21413100178810426,0.12652087952858018,1.6924558427507104,0.11032723553759666,0.08344535383752145,1.3221495321646977
250,38,shuffle_h,142,0.568,240,0.9386047439716074,0.0,0.9386047439716074,0.9999999989345888,0.0,0.04578209256903838,0.39398875297744695,0.024,0.1924882629107981,0.02,0.1619718309859155,0.8028169014084507,0.16901408450704225,0.028169014084507043,0.32608695652173914,0.3115942028985507,0.36231884057971014,-0.1924882629107981,2.28010236595262,2.4263186621182,2.4095922711984956,1.0567912683129799,0.31213158397207413,0.03694941676516511,0.3357217874388435,0.06851887098275317,4.899698179839358,0.5477225575051662,0.4472135954999579,1.2247448713915892,0.04472824134730513,0.08549819600709617,0.5231483637805969,0.21413100178810426,0.12652087952858018,1.6924558427507104,0.11032723553759666,0.08344535383752145,1.3221495321646977
250,39,qcd,131,0.524,240,0.9386047439716074,0.0,0.9386047439716074,0.9999999989345888,0.0,0.00565685424949238,0.45890498825005,0.009333333333333336,0.16284987277353688,0.004,0.003816793893129771,0.7938931297709924,0.17557251908396945,0.030534351145038167,0.2755905511811024,0.36220472440944884,0.36220472440944884,0.16284987277353688,2.2480988524704957,2.3934524235071506,2.3430369996625418,1.0422304148626365,0.338039211372176,0.07072017630082668,0.2121899413678309,0.07133763750064218,2.974445871801134,0.5477225575051662,0.4472135954999579,1.2247448713915892,0.04441155916843275,0.08951435925492911,0.4961389383568338,0.06738396167188666,0.09529531248281094,0.7071067811865475,0.1122370478159834,0.08687817411165895,1.2918900398589446
250,39,shuffle_b,131,0.524,240,0.9386047439716074,0.0,0.9386047439716074,0.9999999989345888,0.0,0.00565685424949238,0.45890498825005,0.009333333333333336,0.16284987277353688,0.004,0.003816793893129771,0.7938931297709924,0.17557251908396945,0.030534351145038167,0.2755905511811024,0.36220472440944884,0.36220472440944884,0.16284987277353688,2.2480988524704957,2.3934524235071506,2.3430369996625418,1.0422304148626365,0.338039211372176,0.07072017630082668,0.2121899413678309,0.07133763750064218,2.974445871801134,0.5477225575051662,0.4472135954999579,1.2247448713915892,0.04441155916843276,0.08951435925492911,0.4961389383568339,0.06738396167188665,0.09529531248281094,0.7071067811865474,0.1122370478159834,0.08687817411165895,1.2918900398589446
250,39,shuffle_e,129,0.516,240,0.9386047439716074,2.7847333680982116,2.7847333680982116,2.9668860966417223,0.004,0.00565685424949238,0.39022365732258046,0.009333333333333325,0.19638242894056848,0.004,0.03488372093023256,0.8217054263565892,0.11627906976744186,0.06201550387596899,0.30578512396694213,0.34710743801652894,0.34710743801652894,0.19638242894056848,7.791755325882497,7.79530380167054,7.480889710915831,0.960103262748249,0.1139705313353624,0.03373952813750936,0.3770662482795445,0.07188851546895894,5.245152801108539,0.13693063937629152,0.31622776601683794,0.4330127018922193,0.049321972142635624,0.08866586276648858,0.5562678871408552,0.10813153863348723,0.1041906102749973,1.0378242180181916,0.09744727862623305,0.08754905800580629,1.1130591333120947
250,39,shuffle_w,130,0.52,240,0.9386047439716074,0.0,0.9386047439716074,0.9999999989345888,0.0,0.00565685424949238,0.4624350266212042,0.009333333333333336,0.1641025641025641,0.004,0.007692307692307693,0.8,0.16923076923076924,0.03076923076923077,0.2777777777777778,0.36507936507936506,0.35714285714285715,0.1641025641025641,2.2481145534933304,2.3934634323322106,2.3878481252718418,1.0621558948414707,0.3282930465012672,0.06827242275430653,0.22009501265512754,0.07161148740394328,3.0734595891525642,0.5477225575051662,0.4472135954999579,1.2247448713915892,0.04441155916843275,0.08951435925492911,0.4961389383568338,0.06738396167188666,0.09529531248281094,0.7071067811865475,0.11255829772880899,0.0872116808048017,1.2906332808874355
250,39,shuffle_h,131,0.524,240,0.9386047439716074,0.0,0.9386047439716074,0.9999999989345888,0.0,0.00565685424949238,0.45890498825005,0.009333333333333336,0.1628498727735369,0.004,0.003816793893129771,0.7938931297709924,0.17557251908396945,0.030534351145038167,0.2755905511811024,0.36220472440944884,0.36220472440944884,0.1628498727735369,2.2480988524704957,2.3934524235071506,2.3430369996625418,1.0422304148626365,0.338039211372176,0.07072017630082668,0.2121899413678309,0.07133763750064218,2.974445871801134,0.5477225575051662,0.4472135954999579,1.2247448713915892,0.04441155916843275,0.08951435925492911,0.4961389383568338,0.06738396167188666,0.09529531248281094,0.7071067811865475,0.1122370478159834,0.08687817411165895,1.2918900398589446
250,40,qcd,130,0.52,240,0.9386047439716074,0.0,0.9386047439716074,0.9999999989345888,0.0,0.022978250586152115,0.47976818860039,0.00533333333333333,0.05384615384615385,0.012,0.0,0.8307692307692308,0.12307692307692308,0.046153846153846156,0.33064516129032256,0.29838709677419356,0.3709677419354839,-0.05384615384615385,2.4024553886496123,2.3761412423348713,2.3856475917869258,0.9930039088583726,0.28043185196780135,0.0514277593271747,0.20127796827477296,0.07161148740394328,2.8106938645110393,0.5962847939999438,0.3651483716701107,1.6329931618554518,0.043429775553920635,0.08784104611578832,0.4944132324730441,0.3424674446093876,0.161970885967925,2.1143765594836976,0.11464180375706018,0.0872116808048017,1.3145234984480225
250,40,shuffle_b,130,0.52,240,0.9386047439716074,0.0,0.9386047439716074,0.9999999989345888,0.0,0.022978250586152115,0.47976818860039,0.00533333333333333,0.05384615384615385,0.012,0.0,0.8307692307692308,0.12307692307692308,0.046153846153846156,0.33064516129032256,0.29838709677419356,0.3709677419354839,-0.05384615384615385,2.4024553886496123,2.3761412423348713,2.3856475917869258,0.9930039088583726,0.28043185196780135,0.0514277593271747,0.20127796827477296,0.07161148740394328,2.8106938645110393,0.5962847939999438,0.3651483716701107,1.6329931618554518,0.043429775553920635,0.08784104611578832,0.4944132324730441,0.3424674446093876,0.161970885967925,2.1143765594836976,0.11464180375706017,0.0872116808048017,1.3145234984480223
250,40,shuffle_e,132,0.528,240,0.9386047439716074,2.7167202172796006,2.7167202172796006,2.8944241245677707,0.004,0.022978250586152115,0.46804450276192383,0.0053333333333333306,0.08838383838383838,0.012,0.0,0.8106060606060606,0.12878787878787878,0.06060606060606061,0.3387096774193548,0.29838709677419356,0.3629032258064516,0.08838383838383838,7.101602597319364,7.486897263501491,7.647098373431533,1.0768130529182351,0.15310969770915564,0.04609254892333937,0.2519437749744832,0.07106690545187015,3.545163158189171,0.3791437722025775,0.31622776601683794,1.1989578808281798,0.04265752005491948,0.08825056370227598,0.48336824452283184,0.3424674446093876,0.161970885967925,2.1143765594836976,0.10773161967030036,0.0865484644815831,1.2447548355202176
250,40,shuffle_w,128,0.512,240,0.9386047439716074,0.0,0.9386047439716074,0.9999999989345888,0.0,0.022978250586152115,0.4872645665472711,0.00533333333333333,0.054687499999999986,0.012,0.03125,0.84375,0.109375,0.046875,0.32786885245901637,0.29508196721311475,0.3770491803278688,-0.054687499999999986,2.446283326496777,2.4241061348110886,2.3856096893256717,0.975197624692969,0.26351264463840507,0.05834468990181043,0.21716314311863943,0.07216878364870322,3.009100779302681,0.5962847939999438,0.3651483716701107,1.6329931618554518,0.043429775553920635,0.08784104611578832,0.4944132324730441,0.3424674446093876,0.161970885967925,2.1143765594836976,0.11532639661552001,0.08789038116383155,1.3121617529516287
250,40,shuffle_h,130,0.52,240,0.9386047439716074,0.0,0.9386047439716074,0.9999999989345888,0.0,0.022978250586152115,0.47976818860039,0.00533333333333333,0.05384615384615385,0.012,0.007692307692307693,0.8307692307692308,0.12307692307692308,0.046153846153846156,0.33064516129032256,0.29838709677419356,0.3709677419354839,-0.05384615384615385,2.4024553886496123,2.3761412423348713,2.3856475917869258,0.9930039088583726,0.28043185196780135,0.0514277593271747,0.20127796827477296,0.07161148740394328,2.8106938645110393,0.5962847939999438,0.3651483716701107,1.6329931618554518,0.043429775553920635,0.08784104611578832,0.4944132324730441,0.3424674446093876,0.161970885967925,2.1143765594836976,0.11464180375706018,0.0872116808048017,1.3145234984480225
500,1,qcd,271,0.542,240,0.9386047439716074,0.0,0.9386047439716074,0.9999999989345888,0.0,0.014966629547095767,0.3577813805070409,0.00933333333333333,0.2767527675276753,0.008,0.16236162361623616,0.7638376383763837,0.1881918819188192,0.04797047970479705,0.3449612403100775,0.313953488372093,0.34108527131782945,0.2767527675276753,2.44082118108045,2.4410879085562462,2.43835229851924,0.998988503303582,0.2273257819999958,0.023893077530887503,0.3038553635406264,0.04959863506434429,6.126284788813946,0.5504167329230252,0.2480694691784169,2.2188007849009166,0.01901934269084978,0.06344891563557341,0.29975835678720963,0.07126349477750842,0.07431733933999318,0.9589080477099189,0.10224933280600634,0.06040344205093624,1.6927732813600727
500,1,shuffle_b,271,0.542,240,0.9386047439716074,0.0,0.9386047439716074,0.9999999989345888,0.0,0.014966629547095767,0.3577813805070409,0.00933333333333333,0.2767527675276753,0.008,0.16236162361623616,0.7638376383763837,0.1881918819188192,0.04797047970479705,0.3449612403100775,0.313953488372093,0.34108527131782945,0.2767527675276753,2.44082118108045,2.4410879085562462,2.43835229851924,0.998988503303582,0.2273257819999958,0.023893077530887503,0.3038553635406264,0.04959863506434429,6.126284788813946,0.5504167329230252,0.2480694691784169,2.2188007849009166,0.01901934269084978,0.06344891563557341,0.29975835678720963,0.07126349477750843,0.07431733933999318,0.9589080477099191,0.10224933280600634,0.06040344205093624,1.6927732813600727
500,1,shuffle_e,254,0.508,240,0.9386047439716074,2.7937783016263174,2.7937783016263174,2.9765226700519487,0.002,0.014966629547095767,0.4421209008198797,0.009333333333333341,0.12073490813648294,0.008,0.007874015748031496,0.7598425196850394,0.16929133858267717,0.07086614173228346,0.3559322033898305,0.3093220338983051,0.3347457627118644,0.12073490813648294,7.70436997059794,7.74432839709836,7.751392016935898,1.0061032954696372,0.10986981204649895,0.03300373289702802,0.2728396639352456,0.051231551957855996,5.3256177786628145,0.30020569080236215,0.21081851067789195,1.4240006242195886,0.05254236872254319,0.06570988732209603,0.7996113045361282,0.1759058940750848,0.08727248968144047,2.0155938568633878,0.09874759196002791,0.06239208147263145,1.582694303977404
500,1,shuffle_w,270,0.54,240,0.9386047439716074,0.0,0.9386047439716074,0.9999999989345888,0.0,0.014966629547095767,0.35910649673114103,0.00933333333333333,0.2777777777777778,0.008,0.012962962962962963,0.7666666666666667,0.18518518518518517,0.04814814814814815,0.3424124513618677,0.3151750972762646,0.3424124513618677,0.2777777777777778,2.4575804487950137,2.4410907451014867,2.4471517785758716,0.9957565294661034,0.2213418195038574,0.02223920648441278,0.3070278781638919,0.049690399499995326,6.17881685905787,0.5504167329230252,0.2480694691784169,2.2188007849009166,0.01901934269084978,0.06344891563557341,0.29975835678720963,0.07126349477750842,0.07431733933999318,0.9589080477099189,0.1024326120215072,0.06051519689588296,1.6926758446765628
500,1,shuffle_h,271,0.542,240,0.9386047439716074,0.0,0.9386047439716074,0.9999999989345888,0.0,0.014966629547095767,0.3577813805070409,0.00933333333333333,0.2767527675276753,0.008,0.16236162361623616,0.7638376383763837,0.1881918819188192,0.04797047970479705,0.3449612403100775,0.313953488372093,0.34108527131782945,0.2767527675276753,2.44082118108045,2.4410879085562462,2.43835229851924,0.998988503303582,0.2273257819999958,0.023893077530887503,0.3038553635406264,0.04959863506434429,6.126284788813946,0.5504167329230252,0.2480694691784169,2.2188007849009166,0.01901934269084978,0.06344891563557341,0.29975835678720963,0.07126349477750842,0.07431733933999318,0.9589080477099189,0.10224933280600634,0.06040344205093624,1.6927732813600727
500,2,qcd,266,0.532,240,0.9386047439716074,0.0,0.9386047439716074,0.9999999989345888,0.0,0.00916515138991168,0.35623152424189053,0.008666666666666668,0.2894736842105263,0.009,0.16729323308270677,0.7556390977443609,0.20300751879699247,0.041353383458646614,0.32941176470588235,0.33725490196078434,0.3333333333333333,-0.2894736842105263,2.408259803280159,2.3709672158646757,2.389356195345546,0.9921505113738703,0.2676842350427803,0.005545935538718039,0.3087440585669892,0.05006261743217589,6.167157739710098,0.5514818504764765,0.26967994498529685,2.0449494325821806,0.006093258066624827,0.06438895077385465,0.09463204468147686,0.3381199030972939,0.1691730729741841,1.9986626544810189,0.10164211984957962,0.06096850058594661,1.667125136303719
500,2,shuffle_b,266,0.532,240,0.9386047439716074,0.0,0.9386047439716074,0.9999999989345888,0.0,0.00916515138991168,0.35623152424189053,0.008666666666666668,0.2894736842105263,0.009,0.16729323308270677,0.7556390977443609,0.20300751879699247,0.041353383458646614,0.32941176470588235,0.33725490196078434,0.3333333333333333,-0.2894736842105263,2.408259803280159,2.3709672158646757,2.389356195345546,0.9921505113738703,0.2676842350427803,0.005545935538718039,0.3087440585669892,0.05006261743217589,6.167157739710098,0.5514818504764765,0.26967994498529685,2.0449494325821806,0.006093258066624827,0.06438895077385465,0.09463204468147686,0.33811990309729395,0.1691730729741841,1.998662654481019,0.10164211984957962,0.06096850058594661,1.667125136303719
500,2,shuffle_e,251,0.502,240,0.9386047439716074,2.8167063144499034,2.8167063144499034,3.0009504315206805,0.004,0.00916515138991168,0.3140594768926909,0.008666666666666663,0.33598937583001326,0.009,0.00398406374501992,0.7888446215139442,0.13545816733067728,0.07569721115537849,0.31896551724137934,0.3275862068965517,0.35344827586206895,-0.33598937583001326,7.789428818357694,7.717003426674559,7.603193614386394,0.9760912888076735,0.14515588795835221,0.025378623179102954,0.4652094637769556,0.051536807203007316,9.026742032048297,0.18830046126314018,0.20519567041703082,0.917662935482247,0.05975838164747086,0.06487491201346025,0.9211323729436763,0.17193270497267957,0.09575679369264395,1.7955144313263223,0.07798224403876278,0.06276383499946384,1.242470987303898
500,2,shuffle_w,265,0.53,240,0.9386047439716074,0.0,0.9386047439716074,0.9999999989345888,0.0,0.00916515138991168,0.3575757941446901,0.008666666666666668,0.29056603773584905,0.009,0.01509433962264151,0.7584905660377359,0.2,0.04150943396226415,0.33070866141732286,0.33858267716535434,0.33070866141732286,-0.29056603773584905,2.40826849207129,2.387400760876683,2.408145394793859,0.9999488855674373,0.25912013256646194,0.006429106936438776,0.3118330071914066,0.05015698625755191,6.217140032899311,0.5514818504764765,0.26967994498529685,2.0449494325821806,0.006093258066624827,0.06438895077385465,0.09463204468147686,0.3381199030972939,0.1691730729741841,1.9986626544810189,0.10167378545999652,0.061083427173495256,1.6645068910624885
500,2,shuffle_h,266,0.532,240,0.9386047439716074,0.0,0.9386047439716074,0.9999999989345888,0.0,0.00916515138991168,0.35623152424189053,0.008666666666666668,0.2894736842105263,0.009,0.16353383458646617,0.7556390977443609,0.20300751879699247,0.041353383458646614,0.32941176470588235,0.33725490196078434,0.3333333333333333,-0.2894736842105263,2.408259803280159,2.3709672158646757,2.389356195345546,0.9921505113738703,0.2676842350427803,0.005545935538718039,0.3087440585669892,0.05006261743217589,6.167157739710098,0.5514818504764765,0.26967994498529685,2.0449494325821806,0.006093258066624827,0.06438895077385465,0.09463204468147686,0.3381199030972939,0.1691730729741841,1.9986626544810189,0.10164211984957962,0.06096850058594661,1.667125136303719
500,3,qcd,266,0.532,240,0.9386047439716074,0.0,0.9386047439716074,0.9999999989345888,0.0,0.010954451150103323,0.27070279740443143,0.008666666666666661,0.37092731829573933,0.004,0.287593984962406,0.7706766917293233,0.18796992481203006,0.041353383458646614,0.3176470588235294,0.35294117647058826,0.32941176470588235,0.37092731829573933,2.4220341977495377,2.4038881441024107,2.4082783815395663,0.9943205524419297,0.25572036705039036,0.02541466940552105,0.4628896954815221,0.05006261743217589,9.246214425536946,0.5514818504764765,0.26967994498529685,2.0449494325821806,0.017474947366020056,0.06375767130633384,0.2740838397635149,0.09533693708337755,0.08242914744507056,1.156592540847381,0.1019198353399889,0.06096850058594661,1.6716802014232521
500,3,shuffle_b,266,0.532,240,0.9386047439716074,0.0,0.9386047439716074,0.9999999989345888,0.0,0.010954451150103323,0.27070279740443143,0.008666666666666661,0.37092731829573933,0.004,0.287593984962406,0.7706766917293233,0.18796992481203006,0.041353383458646614,0.3176470588235294,0.35294117647058826,0.32941176470588235,0.37092731829573933,2.4220341977495377,2.4038881441024107,2.4082783815395663,0.9943205524419297,0.25572036705039036,0.02541466940552105,0.4628896954815221,0.05006261743217589,9.246214425536946,0.5514818504764765,0.26967994498529685,2.0449494325821806,0.017474947366020056,0.06375767130633384,0.2740838397635149,0.09533693708337755,0.08242914744507056,1.156592540847381,0.10191983533998891,0.06096850058594661,1.6716802014232524
500,3,shuffle_e,246,0.492,240,0.9386047439716074,2.821141387841554,2.821141387841554,3.005675608348744,0.006,0.010954451150103323,0.09965569652139239,0.008666666666666665,0.4539295392953929,0.004,0.0040650406504065045,0.7601626016260162,0.16666666666666666,0.07317073170731707,0.31140350877192985,0.34649122807017546,0.34210526315789475,0.4539295392953929,7.716572007033382,7.730503912983111,7.879001335744956,1.0210494152796767,0.12250897180795912,0.027036903521793748,0.6271502768556061,0.052057920629535355,12.047163414740558,0.2018433569398328,0.21081851067789195,0.9574271077563382,0.06069773919422966,0.06675573372931909,0.9092513227454984,0.047213143644377634,0.09351393461446368,0.5048781642974013,0.05393574364737824,0.0633984702998187,0.8507420351360194
500,3,shuffle_w,266,0.532,240,0.9386047439716074,0.0,0.9386047439716074,0.9999999989345888,0.0,0.010954451150103323,0.27070279740443143,0.008666666666666661,0.37092731829573933,0.004,0.020676691729323307,0.7706766917293233,0.18796992481203006,0.041353383458646614,0.3176470588235294,0.35294117647058826,0.32941176470588235,0.37092731829573933,2.422022015420934,2.4117217337732337,2.4082641082377427,0.9943196605581638,0.2531083134295205,0.02541466940552105,0.4628896954815221,0.05006261743217589,9.246214425536946,0.5514818504764765,0.26967994498529685,2.0449494325821806,0.017474947366020056,0.06375767130633384,0.2740838397635149,0.09533693708337755,0.08242914744507056,1.156592540847381,0.1019198353399889,0.06096850058594661,1.6716802014232521
500,3,shuffle_h,266,0.532,240,0.9386047439716074,0.0,0.9386047439716074,0.9999999989345888,0.0,0.010954451150103323,0.27070279740443143,0.008666666666666661,0.37092731829573933,0.004,0.287593984962406,0.7706766917293233,0.18796992481203006,0.041353383458646614,0.3176470588235294,0.35294117647058826,0.32941176470588235,0.37092731829573933,2.4220341977495377,2.4038881441024107,2.4082783815395663,0.9943205524419297,0.25572036705039036,0.02541466940552105,0.4628896954815221,0.05006261743217589,9.246214425536946,0.5514818504764765,0.26967994498529685,2.0449494325821806,0.017474947366020056,0.06375767130633384,0.2740838397635149,0.09533693708337755,0.08242914744507056,1.156592540847381,0.1019198353399889,0.06096850058594661,1.6716802014232521
500,4,qcd,270,0.54,240,0.9386047439716074,0.0,0.9386047439716074,0.9999999989345888,0.0,0.014696938456699069,0.43836896849312096,0.007333333333333334,0.1876543209876543,0.008,0.03148148148148148,0.7592592592592593,0.2,0.040740740740740744,0.33204633204633205,0.33204633204633205,0.3359073359073359,-0.1876543209876543,2.454372514292175,2.4152346033347407,2.3598891664380206,0.9615040718945622,0.24460070977381143,0.0031524964514583953,0.1950695419594621,0.049690399499995326,3.9256988054499433,0.5514818504764765,0.26967994498529685,2.0449494325821806,0.016055624112302033,0.06375767130633384,0.2518226243734694,0.0,0.97182531580755,0.0,0.1020300714436663,0.06051519689588296,1.6860239522844176
500,4,shuffle_b,270,0.54,240,0.9386047439716074,0.0,0.9386047439716074,0.9999999989345888,0.0,0.014696938456699069,0.43836896849312096,0.007333333333333334,0.1876543209876543,0.008,0.03148148148148148,0.7592592592592593,0.2,0.040740740740740744,0.33204633204633205,0.33204633204633205,0.3359073359073359,-0.1876543209876543,2.454372514292175,2.4152346033347407,2.3598891664380206,0.9615040718945622,0.24460070977381143,0.0031524964514583953,0.1950695419594621,0.049690399499995326,3.9256988054499433,0.5514818504764765,0.26967994498529685,2.0449494325821806,0.016055624112302033,0.06375767130633384,0.2518226243734694,0.0,0.97182531580755,0.0,0.1020300714436663,0.06051519689588296,1.6860239522844176
500,4,shuffle_e,262,0.524,240,0.9386047439716074,2.7858297527569604,2.7858297527569604,2.968054197127707,0.004,0.014696938456699069,0.4517542805081781,0.007333333333333336,0.07633587786259542,0.008,0.0,0.7824427480916031,0.14122137404580154,0.07633587786259542,0.34297520661157027,0.3181818181818182,0.33884297520661155,-0.07633587786259542,7.672756662258687,7.72771636597795,7.608166052366246,0.9915818247944506,0.12314368624164473,0.01878537423827254,0.23493185463508592,0.05044332723053183,4.657342557151716,0.15811388300841897,0.2,0.7905694150420948,0.016055624112302033,0.06375767130633384,0.2518226243734694,0.0,0.97182531580755,0.0,0.09600728346326935,0.0614321460514596,1.5628183228833865
500,4,shuffle_w,268,0.536,240,0.9386047439716074,0.0,0.9386047439716074,0.9999999989345888,0.0,0.014696938456699069,0.4416403787057563,0.007333333333333334,0.1890547263681592,0.008,0.0037313432835820895,0.7649253731343284,0.19402985074626866,0.041044776119402986,0.3346303501945525,0.33073929961089493,0.3346303501945525,-0.1890547263681592,2.4633832378280345,2.432293950909948,2.376108877139463,0.9645713426362675,0.23601816982495147,0.0031770294977732415,0.20248053332868787,0.049875466805381644,4.05972206974592,0.5514818504764765,0.26967994498529685,2.0449494325821806,0.016055624112302033,0.06375767130633384,0.2518226243734694,0.0,0.97182531580755,0.0,0.1019816984537734,0.06074058015979583,1.6789714254536385
500,4,shuffle_h,270,0.54,240,0.9386047439716074,0.0,0.9386047439716074,0.9999999989345888,0.0,0.014696938456699069,0.43836896849312096,0.007333333333333334,0.1876543209876543,0.008,0.03518518518518519,0.7592592592592593,0.2,0.040740740740740744,0.33204633204633205,0.33204633204633205,0.3359073359073359,-0.1876543209876543,2.454372514292175,2.4152346033347407,2.3598891664380206,0.9615040718945622,0.24460070977381143,0.0031524964514583953,0.1950695419594621,0.049690399499995326,3.9256988054499433,0.5514818504764765,0.26967994498529685,2.0449494325821806,0.016055624112302033,0.06375767130633384,0.2518226243734694,0.0,0.97182531580755,0.0,0.1020300714436663,0.06051519689588296,1.6860239522844176
500,5,qcd,268,0.536,240,0.9386047439716074,0.0,0.9386047439716074,0.9999999989345888,0.0,0.010954451150103323,0.3673810183626151,0.01,0.2748756218905472,0.007,0.15485074626865672,0.7761194029850746,0.1828358208955224,0.041044776119402986,0.33852140077821014,0.3346303501945525,0.32684824902723736,0.2748756218905472,2.4358968830272367,2.413726286817672,2.448053894942273,1.0049907744452335,0.23141348039888335,0.008405629959024467,0.3033806206649081,0.049875466805381644,6.08276253029822,0.5514818504764765,0.26967994498529685,2.0449494325821806,0.025135235803458528,0.06329621044272916,0.39710490766585554,0.06989464050250961,0.0734630886692453,0.9514252908313997,0.10225438137466825,0.06074058015979583,1.683460729312401
500,5,shuffle_b,268,0.536,240,0.9386047439716074,0.0,0.9386047439716074,0.9999999989345888,0.0,0.010954451150103323,0.36738101836261516,0.01,0.2748756218905472,0.007,0.15485074626865672,0.7761194029850746,0.1828358208955224,0.041044776119402986,0.33852140077821014,0.3346303501945525,0.32684824902723736,0.2748756218905472,2.4358968830272367,2.413726286817672,2.448053894942273,1.0049907744452335,0.23141348039888335,0.008405629959024467,0.3033806206649081,0.049875466805381644,6.08276253029822,0.5514818504764765,0.26967994498529685,2.0449494325821806,0.025135235803458528,0.06329621044272916,0.39710490766585554,0.06989464050250961,0.0734630886692453,0.9514252908313997,0.10225438137466825,0.06074058015979583,1.683460729312401
500,5,shuffle_e,267,0.534,240,0.9386047439716074,2.822304247295313,2.822304247295313,3.0069145318253074,0.01,0.010954451150103323,0.2925666644110458,0.01,0.299625468164794,0.007,0.009363295880149813,0.7865168539325843,0.12359550561797752,0.0898876404494382,0.345679012345679,0.35390946502057613,0.3004115226337449,0.299625468164794,7.834068057221446,7.537208399905337,7.742865206642182,0.9883581748443974,0.14202563187933553,0.04073866229058296,0.43326065446663986,0.04996877926639076,8.67062715614614,0.06972166887783963,0.18257418583505536,0.38188130791298674,0.027766437594501432,0.06299407883487121,0.4407785320154718,0.0946528325585799,0.07908602259458215,1.1968338962220635,0.06966694845594859,0.060854220259445396,1.1448170424159752
500,5,shuffle_w,266,0.532,240,0.9386047439716074,0.0,0.9386047439716074,0.9999999989345888,0.0,0.010954451150103323,0.37014328165857463,0.01,0.27694235588972427,0.007,0.009398496240601503,0.7819548872180451,0.17669172932330826,0.041353383458646614,0.3411764705882353,0.32941176470588235,0.32941176470588235,0.27694235588972427,2.4358848728926104,2.448187130309558,2.4480438982462984,1.0049916256260705,0.22499902263804678,0.009605842128561495,0.30988634618694205,0.05006261743217589,6.189974917048067,0.5514818504764765,0.26967994498529685,2.0449494325821806,0.025135235803458528,0.06329621044272916,0.39710490766585554,0.06989464050250961,0.0734630886692453,0.9514252908313997,0.10233499547101015,0.06096850058594661,1.6784896214849445
500,5,shuffle_h,268,0.536,240,0.9386047439716074,0.0,0.9386047439716074,0.9999999989345888,0.0,0.010954451150103323,0.3673810183626151,0.01,0.2748756218905472,0.007,0.15111940298507462,0.7761194029850746,0.1828358208955224,0.041044776119402986,0.33852140077821014,0.3346303501945525,0.32684824902723736,0.2748756218905472,2.4358968830272367,2.413726286817672,2.448053894942273,1.0049907744452335,0.23141348039888335,0.008405629959024467,0.3033806206649081,0.049875466805381644,6.08276253029822,0.5514818504764765,0.26967994498529685,2.0449494325821806,0.025135235803458528,0.06329621044272916,0.39710490766585554,0.06989464050250961,0.0734630886692453,0.9514252908313997,0.10225438137466825,0.06074058015979583,1.683460729312401
500,6,qcd,270,0.54,240,0.9386047439716074,0.0,0.9386047439716074,0.9999999989345888,0.0,0.017088007490635063,0.36666666666666664,0.000666666666666667,0.26666666666666666,0.001,0.1537037037037037,0.7666666666666667,0.18518518518518517,0.04814814814814815,0.33852140077821014,0.3346303501945525,0.32684824902723736,-0.26666666666666666,2.4193810201622554,2.452529134971255,2.4660785220727006,1.0193014252493862,0.2124953058072483,0.008405629959024467,0.2881757579841024,0.049690399499995326,5.799425258879826,0.5504167329230252,0.2480694691784169,2.2188007849009166,0.02020917938488105,0.06344891563557341,0.31851102863530306,0.3381199030972939,0.1691730729741841,1.9986626544810189,0.10270009586192183,0.06051519689588296,1.6970959548990387
500,6,shuffle_b,270,0.54,240,0.9386047439716074,0.0,0.9386047439716074,0.9999999989345888,0.0,0.017088007490635063,0.36666666666666664,0.000666666666666667,0.26666666666666666,0.001,0.1537037037037037,0.7666666666666667,0.18518518518518517,0.04814814814814815,0.33852140077821014,0.3346303501945525,0.32684824902723736,-0.26666666666666666,2.4193810201622554,2.452529134971255,2.4660785220727006,1.0193014252493862,0.2124953058072483,0.008405629959024467,0.2881757579841024,0.049690399499995326,5.799425258879826,0.5504167329230252,0.2480694691784169,2.2188007849009166,0.02020917938488105,0.06344891563557341,0.31851102863530306,0.33811990309729395,0.1691730729741841,1.998662654481019,0.10270009586192184,0.06051519689588296,1.697095954899039
500,6,shuffle_e,265,0.53,240,0.9386047439716074,2.803752395159939,2.803752395159939,2.987149180931055,0.002,0.017088007490635063,0.45535459875657075,0.0006666666666666625,0.08176100628930817,0.001,0.005660377358490566,0.7886792452830189,0.14339622641509434,0.06792452830188679,0.3360323886639676,0.3360323886639676,0.32793522267206476,-0.08176100628930817,7.794289847027939,7.634593938553032,7.73817527907628,0.9928005541167992,0.11688919790454805,0.00661130834759294,0.29236557838228433,0.05015698625755191,5.829010078097828,0.30020569080236215,0.21081851067789195,1.4240006242195886,0.02286327143035321,0.0631446025353402,0.36207800053151495,0.3388020210887235,0.11699401969383898,2.8958917898139807,0.0995507928575085,0.061083427173495256,1.629751267471525
500,6,shuffle_w,269,0.538,240,0.9386047439716074,0.0,0.9386047439716074,0.9999999989345888,0.0,0.017088007490635063,0.3680297397769517,0.000666666666666667,0.26765799256505574,0.001,0.0018587360594795538,0.7695167286245354,0.1821561338289963,0.048327137546468404,0.33984375,0.33203125,0.328125,-0.26765799256505574,2.4286085734421134,2.4682530670816836,2.4660683679846356,1.0154243853670621,0.20712041957611388,0.008438464451051902,0.2913100593030276,0.04978267515886163,5.8516353003013055,0.5504167329230252,0.2480694691784169,2.2188007849009166,0.02020917938488105,0.06344891563557341,0.31851102863530306,0.3381199030972939,0.1691730729741841,1.9986626544810189,0.10274995131984763,0.06062757433138721,1.6947725923887647
500,6,shuffle_h,270,0.54,240,0.9386047439716074,0.0,0.9386047439716074,0.9999999989345888,0.0,0.017088007490635063,0.36666666666666664,0.000666666666666667,0.26666666666666666,0.001,0.1574074074074074,0.7666666666666667,0.18518518518518517,0.04814814814814815,0.33852140077821014,0.3346303501945525,0.32684824902723736,-0.26666666666666666,2.4193810201622554,2.452529134971255,2.4660785220727006,1.0193014252493862,0.2124953058072483,0.008405629959024467,0.2881757579841024,0.049690399499995326,5.799425258879826,0.5504167329230252,0.2480694691784169,2.2188007849009166,0.02020917938488105,0.06344891563557341,0.31851102863530306,0.3381199030972939,0.1691730729741841,1.9986626544810189,0.10270009586192183,0.06051519689588296,1.6970959548990387
500,7,qcd,266,0.532,240,0.9386047439716074,0.0,0.9386047439716074,0.9999999989345888,0.0,0.01019803902718557,0.44502450354019985,0.004,0.10651629072681704,0.002,0.03195488721804511,0.7706766917293233,0.18796992481203006,0.041353383458646614,0.34509803921568627,0.3176470588235294,0.33725490196078434,-0.10651629072681704,2.399176371268656,2.400162918645055,2.436102402496135,1.0153911282512145,0.2557646195386658,0.019996154955265837,0.21001100556495045,0.05006261743217589,4.194966550629726,0.5514818504764765,0.26967994498529685,2.0449494325821806,0.020013875813156376,0.06375767130633384,0.3139053764526082,0.334944498586317,0.11872735884359924,2.8211231332749747,0.10233499547101016,0.06096850058594661,1.6784896214849447
500,7,shuffle_b,266,0.532,240,0.9386047439716074,0.0,0.9386047439716074,0.9999999989345888,0.0,0.010198039027185569,0.4450245035401998,0.004,0.10651629072681704,0.002,0.03195488721804511,0.7706766917293233,0.18796992481203006,0.041353383458646614,0.34509803921568627,0.3176470588235294,0.33725490196078434,-0.10651629072681704,2.399176371268656,2.400162918645055,2.436102402496135,1.0153911282512145,0.2557646195386658,0.019996154955265837,0.21001100556495045,0.05006261743217589,4.194966550629726,0.5514818504764765,0.26967994498529685,2.0449494325821806,0.020013875813156373,0.06375767130633384,0.31390537645260813,0.334944498586317,0.11872735884359924,2.8211231332749747,0.10233499547101016,0.06096850058594661,1.6784896214849447
500,7,shuffle_e,255,0.51,240,0.9386047439716074,2.7740439427754495,2.7740439427754495,2.955497463268592,0.01,0.01019803902718557,0.45552695402567145,0.004000000000000002,0.05751633986928105,0.002,0.00980392156862745,0.788235294117647,0.1411764705882353,0.07058823529411765,0.34177215189873417,0.31645569620253167,0.34177215189873417,0.05751633986928105,7.487832698184229,7.52901776425347,7.74828558898987,1.0347834815899133,0.143679572899181,0.020670799517157595,0.24696543519739275,0.05113099925649136,4.830052977422286,0.2788866755113585,0.21081851067789195,1.3228756555322951,0.02608977234254109,0.06438895077385465,0.4051902077760666,0.33615585054837094,0.12243848111540882,2.7455081726431665,0.0986164982396871,0.06226962388358562,1.583701523941316
500,7,shuffle_w,265,0.53,240,0.9386047439716074,0.0,0.9386047439716074,0.9999999989345888,0.0,0.01019803902718557,0.4467038412894081,0.004,0.10691823899371068,0.002,0.024528301886792454,0.7735849056603774,0.18490566037735848,0.04150943396226415,0.3464566929133858,0.31496062992125984,0.33858267716535434,-0.10691823899371068,2.399152434598629,2.419992516289432,2.436080792371091,1.015392251546801,0.25221868015348764,0.023180474714771252,0.2138216791031525,0.05015698625755191,4.26304878058654,0.5514818504764765,0.26967994498529685,2.0449494325821806,0.020013875813156376,0.06375767130633384,0.3139053764526082,0.334944498586317,0.11872735884359924,2.8211231332749747,0.10251067245047286,0.061083427173495256,1.678207612014169
500,7,shuffle_h,266,0.532,240,0.9386047439716074,0.0,0.9386047439716074,0.9999999989345888,0.0,0.01019803902718557,0.44502450354019985,0.004,0.10651629072681705,0.002,0.03195488721804511,0.7706766917293233,0.18796992481203006,0.041353383458646614,0.34509803921568627,0.3176470588235294,0.33725490196078434,-0.10651629072681705,2.399176371268656,2.400162918645055,2.436102402496135,1.0153911282512145,0.2557646195386658,0.019996154955265837,0.21001100556495045,0.05006261743217589,4.194966550629726,0.5514818504764765,0.26967994498529685,2.0449494325821806,0.020013875813156376,0.06375767130633384,0.3139053764526082,0.334944498586317,0.11872735884359924,2.8211231332749747,0.10233499547101016,0.06096850058594661,1.6784896214849447
500,8,qcd,269,0.538,240,0.9386047439716074,0.0,0.9386047439716074,0.9999999989345888,0.0,0.010954451150103323,0.44267585566109136,0.0026666666666666696,0.19826517967781906,0.002,0.031598513011152414,0.7657992565055762,0.1895910780669145,0.04460966542750929,0.31906614785992216,0.3463035019455253,0.3346303501945525,0.19826517967781906,2.444384802113609,2.4432821817312287,2.4716857732004196,1.0111688515912896,0.2093991456853569,0.019325115986707324,0.21005088176699205,0.04978267515886163,4.219357057383881,0.5602578771323872,0.2581988897471611,2.169869427715257,0.02885526618143529,0.06360273141434804,0.4536796697213208,0.0240006423530604,0.06771027816474975,0.3544608441079368,0.10234566381874527,0.06062757433138721,1.688104215737366
500,8,shuffle_b,269,0.538,240,0.9386047439716074,0.0,0.9386047439716074,0.9999999989345888,0.0,0.010954451150103323,0.44267585566109136,0.0026666666666666696,0.19826517967781906,0.002,0.031598513011152414,0.7657992565055762,0.1895910780669145,0.04460966542750929,0.31906614785992216,0.3463035019455253,0.3346303501945525,0.19826517967781906,2.444384802113609,2.4432821817312287,2.4716857732004196,1.0111688515912896,0.2093991456853569,0.019325115986707324,0.21005088176699205,0.04978267515886163,4.219357057383881,0.5602578771323872,0.2581988897471611,2.169869427715257,0.02885526618143529,0.06360273141434804,0.4536796697213208,0.024000642353060403,0.06771027816474975,0.3544608441079368,0.10234566381874527,0.06062757433138721,1.688104215737366
500,8,shuffle_e,256,0.512,240,0.9386047439716074,2.8188992326640587,2.8188992326640587,3.003286791128815,0.006,0.010954451150103323,0.23000482968774263,0.002666666666666667,0.40234375,0.002,0.01953125,0.76953125,0.14453125,0.0859375,0.2905982905982906,0.3803418803418803,0.32905982905982906,0.40234375,7.746490373209808,7.687191970423865,7.708359254816972,0.995077626569484,0.13168809039869767,0.06367377959722792,0.5350659519317844,0.05103103630798288,10.485108487755383,0.15212000482437738,0.19069251784911845,0.7977240352174657,0.05625898500354077,0.06503936072346048,0.8649990463889581,0.09534488091918387,0.08727248968144047,1.0924964014113614,0.06647979032717556,0.062147884522015695,1.0697031900357816
500,8,shuffle_w,268,0.536,240,0.9386047439716074,0.0,0.9386047439716074,0.9999999989345888,0.0,0.010954451150103323,0.44432763124191627,0.0026666666666666696,0.1990049751243781,0.002,0.013059701492537313,0.7686567164179104,0.1865671641791045,0.04477611940298507,0.3203125,0.34765625,0.33203125,0.1990049751243781,2.4541676729609896,2.443260451736173,2.487632746713067,1.0136360176693637,0.20394272697369065,0.01940060472103039,0.21378567363050147,0.049875466805381644,4.286389427986941,0.5602578771323872,0.2581988897471611,2.169869427715257,0.02885526618143529,0.06360273141434804,0.4536796697213208,0.0240006423530604,0.06771027816474975,0.3544608441079368,0.10252633906034017,0.06074058015979583,1.6879380932914156
500,8,shuffle_h,269,0.538,240,0.9386047439716074,0.0,0.9386047439716074,0.9999999989345888,0.0,0.010954451150103323,0.44267585566109136,0.0026666666666666696,0.1982651796778191,0.002,0.027881040892193308,0.7657992565055762,0.1895910780669145,0.04460966542750929,0.31906614785992216,0.3463035019455253,0.3346303501945525,0.1982651796778191,2.444384802113609,2.4432821817312287,2.4716857732004196,1.0111688515912896,0.2093991456853569,0.019325115986707324,0.21005088176699205,0.04978267515886163,4.219357057383881,0.5602578771323872,0.2581988897471611,2.169869427715257,0.02885526618143529,0.06360273141434804,0.4536796697213208,0.0240006423530604,0.06771027816474975,0.3544608441079368,0.10234566381874527,0.06062757433138721,1.688104215737366
500,9,qcd,270,0.54,240,0.9386047439716074,0.0,0.9386047439716074,0.9999999989345888,0.0,0.015748015748023623,0.24828630758658324,0.01799999999999999,0.3765432098765432,0.021,0.3,0.7407407407407407,0.2074074074074074,0.05185185185185185,0.3203125,0.328125,0.3515625,0.3765432098765432,2.4803578366401324,2.4842573563531936,2.4953267582548757,1.0060349847081016,0.16931123437738757,0.0229993772560621,0.4598264120492721,0.049690399499995326,9.253828036728008,0.5837947640486444,0.23904572186687872,2.442188713896966,0.011547005383792506,0.06454972243679027,0.17888543819998304,0.08899500094296008,0.08458653648709205,1.0521178031274605,0.10349839971490321,0.06051519689588296,1.7102877462825299
500,9,shuffle_b,270,0.54,240,0.9386047439716074,0.0,0.9386047439716074,0.9999999989345888,0.0,0.015748015748023623,0.24828630758658324,0.01799999999999999,0.3765432098765432,0.021,0.3,0.7407407407407407,0.2074074074074074,0.05185185185185185,0.3203125,0.328125,0.3515625,0.3765432098765432,2.4803578366401324,2.4842573563531936,2.4953267582548757,1.0060349847081016,0.16931123437738757,0.0229993772560621,0.4598264120492721,0.049690399499995326,9.253828036728008,0.5837947640486444,0.23904572186687872,2.442188713896966,0.011547005383792506,0.06454972243679027,0.17888543819998304,0.08899500094296008,0.08458653648709205,1.0521178031274605,0.10349839971490321,0.06051519689588296,1.7102877462825299
500,9,shuffle_e,260,0.52,240,0.9386047439716074,2.8218751189035864,2.8218751189035864,3.006457333634029,0.004,0.015748015748023623,0.19479165018616307,0.018,0.4282051282051282,0.021,0.019230769230769232,0.7423076923076923,0.18076923076923077,0.07692307692307693,0.31666666666666665,0.3458333333333333,0.3375,0.4282051282051282,7.936759110874306,7.732625154824756,7.858008979547174,0.990077797470351,0.08115828248025572,0.02124591463996995,0.5825960401140807,0.05063696835418333,11.505349926146398,0.31622776601683794,0.2,1.5811388300841895,0.02364950593718334,0.06570988732209603,0.35990787537434726,0.14055939827860833,0.10865337342004415,1.2936496479977513,0.06776759779337121,0.06166797089575194,1.0989107766806618
500,9,shuffle_w,269,0.538,240,0.9386047439716074,0.0,0.9386047439716074,0.9999999989345888,0.0,0.015748015748023623,0.24920930501255567,0.01799999999999999,0.3779429987608426,0.021,0.040892193308550186,0.7434944237918215,0.20446096654275092,0.05204460966542751,0.3215686274509804,0.3254901960784314,0.35294117647058826,0.3779429987608426,2.48035374100181,2.4974129552096818,2.495325274451649,1.0060360476823729,0.1670947485996007,0.02417417256066266,0.46283149943814766,0.04978267515886163,9.297039541591625,0.5837947640486444,0.23904572186687872,2.442188713896966,0.011547005383792506,0.06454972243679027,0.17888543819998304,0.08899500094296008,0.08458653648709205,1.0521178031274605,0.10368715871121356,0.06062757433138721,1.7102310269657972
500,9,shuffle_h,270,0.54,240,0.9386047439716074,0.0,0.9386047439716074,0.9999999989345888,0.0,0.015748015748023623,0.24828630758658324,0.01799999999999999,0.37654320987654316,0.021,0.3,0.7407407407407407,0.2074074074074074,0.05185185185185185,0.3203125,0.328125,0.3515625,0.37654320987654316,2.4803578366401324,2.4842573563531936,2.4953267582548757,1.0060349847081016,0.16931123437738757,0.0229993772560621,0.4598264120492721,0.049690399499995326,9.253828036728008,0.5837947640486444,0.23904572186687872,2.442188713896966,0.011547005383792506,0.06454972243679027,0.17888543819998304,0.08899500094296008,0.08458653648709205,1.0521178031274605,0.10349839971490321,0.06051519689588296,1.7102877462825299
500,10,qcd,271,0.542,240,0.9386047439716074,0.0,0.9386047439716074,0.9999999989345888,0.0,0.00824621125123532,0.3555097297272184,0.016000000000000004,0.28044280442804426,0.013,0.16236162361623616,0.7527675276752768,0.2066420664206642,0.04059040590405904,0.3423076923076923,0.3230769230769231,0.3346153846153846,0.28044280442804426,2.3651576439904765,2.4486895041106003,2.4166793330402982,1.0217836173333863,0.2440326567452148,0.013688561861578593,0.30088323450362436,0.04959863506434429,6.066361183393226,0.5514818504764765,0.26967994498529685,2.0449494325821806,0.03602190798210556,0.0639137490706142,0.5636018619766346,0.07715167498104596,0.07497795090353644,1.0289915108550531,0.10344090468060967,0.06040344205093624,1.7125001683410912
500,10,shuffle_b,271,0.542,240,0.9386047439716074,0.0,0.9386047439716074,0.9999999989345888,0.0,0.00824621125123532,0.35550972972721845,0.016000000000000004,0.28044280442804426,0.013,0.16236162361623616,0.7527675276752768,0.2066420664206642,0.04059040590405904,0.3423076923076923,0.3230769230769231,0.3346153846153846,0.28044280442804426,2.3651576439904765,2.4486895041106003,2.4166793330402982,1.0217836173333863,0.2440326567452148,0.013688561861578593,0.30088323450362436,0.04959863506434429,6.066361183393226,0.5514818504764765,0.26967994498529685,2.0449494325821806,0.03602190798210556,0.0639137490706142,0.5636018619766346,0.07715167498104596,0.07497795090353644,1.0289915108550531,0.10344090468060965,0.06040344205093624,1.712500168341091
500,10,shuffle_e,241,0.482,240,0.9386047439716074,2.824168506620914,2.824168506620914,3.008900734575281,0.006,0.00824621125123532,0.1340704931236806,0.016000000000000007,0.4716459197786999,0.013,0.012448132780082987,0.7551867219917012,0.16597510373443983,0.07883817427385892,0.36486486486486486,0.2972972972972973,0.33783783783783783,0.4716459197786999,7.650704946947988,7.967864916434607,7.7621640137712635,1.014568470173162,0.12122751236030108,0.04809494708122214,0.6435237412149231,0.0525951683038217,12.23541557082845,0.17296501815952614,0.20519567041703082,0.8429272304235246,0.08570958942708856,0.06766649524509585,1.2666473875533015,0.07856742013183861,0.09351393461446368,0.8401680504168059,0.06047345872734472,0.06405275461064007,0.9441195635526848
500,10,shuffle_w,270,0.54,240,0.9386047439716074,0.0,0.9386047439716074,0.9999999989345888,0.0,0.00824621125123532,0.3568264324299118,0.016000000000000004,0.2814814814814815,0.013,0.005555555555555556,0.7555555555555555,0.2037037037037037,0.040740740740740744,0.33976833976833976,0.32432432432432434,0.3359073359073359,0.2814814814814815,2.389823034215171,2.448667491913843,2.4166558744715645,1.0112279611804835,0.2385438371072006,0.011366487601451517,0.30392945539153543,0.049690399499995326,6.116462303579668,0.5514818504764765,0.26967994498529685,2.0449494325821806,0.03602190798210556,0.0639137490706142,0.5636018619766346,0.07715167498104596,0.07497795090353644,1.0289915108550531,0.10336577722484468,0.06051519689588296,1.7080961895023923
500,10,shuffle_h,271,0.542,240,0.9386047439716074,0.0,0.9386047439716074,0.9999999989345888,0.0,0.00824621125123532,0.3555097297272184,0.016000000000000004,0.28044280442804426,0.013,0.16974169741697417,0.7527675276752768,0.2066420664206642,0.04059040590405904,0.3423076923076923,0.3230769230769231,0.3346153846153846,0.28044280442804426,2.3651576439904765,2.4486895041106003,2.4166793330402982,1.0217836173333863,0.2440326567452148,0.013688561861578593,0.30088323450362436,0.04959863506434429,6.066361183393226,0.5514818504764765,0.26967994498529685,2.0449494325821806,0.03602190798210556,0.0639137490706142,0.5636018619766346,0.07715167498104596,0.07497795090353644,1.0289915108550531,0.10344090468060967,0.06040344205093624,1.7125001683410912
500,11,qcd,269,0.538,240,0.9386047439716074,0.0,0.9386047439716074,0.9999999989345888,0.0,0.010392304845413263,0.35511102554912266,0.006666666666666666,0.275092936802974,0.003,0.15613382899628253,0.7546468401486989,0.1895910780669145,0.055762081784386616,0.32677165354330706,0.3425196850393701,0.33070866141732286,-0.275092936802974,2.4821190104661106,2.504340222095227,2.4541225650974794,0.9887207481790432,0.17247331379262718,0.011590237357385636,0.292210019354971,0.04978267515886163,5.8697130763362715,0.5656854249492381,0.23094010767585033,2.4494897427831783,0.029896784000054383,0.06407097870320747,0.4666197489903134,0.3350589704046091,0.16666666666666666,2.0103538224276547,0.10288436078501693,0.06062757433138721,1.6969895615921609
500,11,shuffle_b,269,0.538,240,0.9386047439716074,0.0,0.9386047439716074,0.9999999989345888,0.0,0.010392304845413263,0.35511102554912266,0.006666666666666666,0.275092936802974,0.003,0.15613382899628253,0.7546468401486989,0.1895910780669145,0.055762081784386616,0.32677165354330706,0.3425196850393701,0.33070866141732286,-0.275092936802974,2.4821190104661106,2.504340222095227,2.4541225650974794,0.9887207481790432,0.17247331379262718,0.011590237357385636,0.292210019354971,0.04978267515886163,5.8697130763362715,0.5656854249492381,0.23094010767585033,2.4494897427831783,0.029896784000054383,0.06407097870320747,0.4666197489903134,0.3350589704046091,0.16666666666666666,2.0103538224276547,0.10288436078501693,0.06062757433138721,1.6969895615921609
500,11,shuffle_e,253,0.506,240,0.9386047439716074,2.8201512807103226,2.8201512807103226,3.004620737130017,0.008,0.010392304845413263,0.3107483638102918,0.006666666666666665,0.29380764163372863,0.003,0.02766798418972332,0.7154150197628458,0.1857707509881423,0.09881422924901186,0.34210526315789475,0.3508771929824561,0.30701754385964913,-0.29380764163372863,7.754981473475731,7.854957627771517,7.73196960415691,0.9970326338757186,0.09915191355367267,0.0328215560243328,0.43608620001708914,0.05133270023393454,8.495290487929667,0.2039607805437114,0.17888543819998318,1.140175425099138,0.056025840682048814,0.06785316179351948,0.8256924099209734,0.1962138738158046,0.10933889046286868,1.7945478775682155,0.08232336759857754,0.06251526437927266,1.3168522666581315
500,11,shuffle_w,269,0.538,240,0.9386047439716074,0.0,0.9386047439716074,0.9999999989345888,0.0,0.010392304845413263,0.35511102554912266,0.006666666666666666,0.275092936802974,0.003,0.0018587360594795538,0.7546468401486989,0.1895910780669145,0.055762081784386616,0.32677165354330706,0.3425196850393701,0.33070866141732286,-0.275092936802974,2.482084890390735,2.5043168031933707,2.454103715483923,0.9887267454005544,0.1724980300084082,0.011590237357385636,0.292210019354971,0.04978267515886163,5.8697130763362715,0.5656854249492381,0.23094010767585033,2.4494897427831783,0.029896784000054383,0.06407097870320747,0.4666197489903134,0.3350589704046091,0.16666666666666666,2.0103538224276547,0.10288436078501693,0.06062757433138721,1.6969895615921609
500,11,shuffle_h,269,0.538,240,0.9386047439716074,0.0,0.9386047439716074,0.9999999989345888,0.0,0.010392304845413263,0.35511102554912266,0.006666666666666666,0.275092936802974,0.003,0.1449814126394052,0.7546468401486989,0.1895910780669145,0.055762081784386616,0.32677165354330706,0.3425196850393701,0.33070866141732286,-0.275092936802974,2.4821190104661106,2.504340222095227,2.4541225650974794,0.9887207481790432,0.17247331379262718,0.011590237357385636,0.292210019354971,0.04978267515886163,5.8697130763362715,0.5656854249492381,0.23094010767585033,2.4494897427831783,0.029896784000054383,0.06407097870320747,0.4666197489903134,0.3350589704046091,0.16666666666666666,2.0103538224276547,0.10288436078501693,0.06062757433138721,1.6969895615921609
500,12,qcd,256,0.512,240,0.9386047439716074,0.0,0.9386047439716074,0.9999999989345888,0.0,0.01414213562373095,0.466972541475607,0.0033333333333333357,0.05078124999999999,0.004,0.009765625,0.80859375,0.140625,0.05078125,0.32510288065843623,0.3497942386831276,0.32510288065843623,0.05078124999999999,2.394387580798981,2.390841546427303,2.3478441158521104,0.9805614323595265,0.2747102420114764,0.020160409405622866,0.1740218665169457,0.05103103630798288,3.410118216425935,0.5715130960309758,0.2480694691784169,2.3038429433649137,0.011329506666240172,0.06344891563557341,0.17856107630448054,0.16870212647569297,0.08272726468378604,2.0392566721568084,0.10921028678973067,0.062147884522015695,1.7572647505168622
500,12,shuffle_b,256,0.512,240,0.9386047439716074,0.0,0.9386047439716074,0.9999999989345888,0.0,0.01414213562373095,0.466972541475607,0.0033333333333333357,0.05078124999999999,0.004,0.009765625,0.80859375,0.140625,0.05078125,0.32510288065843623,0.3497942386831276,0.32510288065843623,0.05078124999999999,2.394387580798981,2.390841546427303,2.3478441158521104,0.9805614323595265,0.2747102420114764,0.020160409405622866,0.1740218665169457,0.05103103630798288,3.410118216425935,0.5715130960309758,0.2480694691784169,2.3038429433649137,0.011329506666240172,0.06344891563557341,0.17856107630448054,0.16870212647569297,0.08272726468378604,2.0392566721568084,0.10921028678973067,0.062147884522015695,1.7572647505168622
500,12,shuffle_e,261,0.522,240,0.9386047439716074,2.7965038562973232,2.7965038562973232,2.9794265065023904,0.002,0.01414213562373095,0.45802670734772183,0.0033333333333333327,0.06641123882503193,0.004,0.0,0.7931034482758621,0.13409961685823754,0.07279693486590039,0.3140495867768595,0.3512396694214876,0.3347107438016529,-0.06641123882503193,7.742512743537744,7.629703598861474,7.678410324537346,0.9917207215378624,0.13470380963838327,0.02635141387012257,0.2702168227203901,0.050539869571926896,5.3466070452719565,0.29209340895813907,0.20519567041703082,1.423487193294581,0.011329506666240172,0.06344891563557341,0.17856107630448054,0.16870212647569297,0.08272726468378604,2.0392566721568084,0.0991438449838384,0.06154971964428838,1.6107927957562782
500,12,shuffle_w,253,0.506,240,0.9386047439716074,0.0,0.9386047439716074,0.9999999989345888,0.0,0.01414213562373095,0.4725097652875707,0.0033333333333333357,0.05138339920948616,0.004,0.011857707509881422,0.8181818181818182,0.13043478260869565,0.05138339920948617,0.325,0.35,0.325,0.05138339920948616,2.42373231253875,2.4096416517192223,2.367539047950436,0.9768153998287648,0.26140522533129873,0.020412414523193124,0.18575673425661834,0.05133270023393454,3.6186823099132437,0.5715130960309758,0.2480694691784169,2.3038429433649137,0.011329506666240172,0.06344891563557341,0.17856107630448054,0.16870212647569297,0.08272726468378604,2.0392566721568084,0.10937964830421353,0.06251526437927266,1.74964705644721
500,12,shuffle_h,256,0.512,240,0.9386047439716074,0.0,0.9386047439716074,0.9999999989345888,0.0,0.01414213562373095,0.466972541475607,0.0033333333333333357,0.05078125,0.004,0.009765625,0.80859375,0.140625,0.05078125,0.32510288065843623,0.3497942386831276,0.32510288065843623,0.05078125,2.394387580798981,2.390841546427303,2.3478441158521104,0.9805614323595265,0.2747102420114764,0.020160409405622866,0.1740218665169457,0.05103103630798288,3.410118216425935,0.5715130960309758,0.2480694691784169,2.3038429433649137,0.011329506666240172,0.06344891563557341,0.17856107630448054,0.16870212647569297,0.08272726468378604,2.0392566721568084,0.10921028678973067,0.062147884522015695,1.7572647505168622
500,13,qcd,271,0.542,240,0.9386047439716074,0.0,0.9386047439716074,0.9999999989345888,0.0,0.00848528137423857,0.01845018450184502,0.015333333333333336,0.4477244772447724,0.01,0.4114391143911439,0.7269372693726938,0.22140221402214022,0.05166051660516605,0.35019455252918286,0.31906614785992216,0.33073929961089493,-0.4477244772447724,2.427956706297077,2.424996935802011,2.4509273798396576,1.0094609073889187,0.21880572796739017,0.022239206484412768,0.6047684170491964,0.04959863506434429,12.193247178367521,0.5477225575051662,0.23904572186687872,2.2912878474779204,0.019550287662083485,0.06503936072346048,0.30059163319899396,0.02401460532140371,0.09622504486493763,0.2495670992423109,0.10291302047133927,0.06040344205093624,1.703760861583949
500,13,shuffle_b,271,0.542,240,0.9386047439716074,0.0,0.9386047439716074,0.9999999989345888,0.0,0.00848528137423857,0.01845018450184502,0.015333333333333336,0.4477244772447724,0.01,0.4114391143911439,0.7269372693726938,0.22140221402214022,0.05166051660516605,0.35019455252918286,0.31906614785992216,0.33073929961089493,-0.4477244772447724,2.427956706297077,2.424996935802011,2.4509273798396576,1.0094609073889187,0.21880572796739017,0.022239206484412768,0.6047684170491964,0.04959863506434429,12.193247178367521,0.5477225575051662,0.23904572186687872,2.2912878474779204,0.019550287662083485,0.06503936072346048,0.30059163319899396,0.024014605321403714,0.09622504486493763,0.24956709924231096,0.10291302047133927,0.06040344205093624,1.703760861583949
500,13,shuffle_e,244,0.488,240,0.9386047439716074,2.824452801292066,2.824452801292066,3.0092036252997048,0.01,0.00848528137423857,0.12986048785044968,0.015333333333333336,0.4658469945355191,0.01,0.018442622950819672,0.7459016393442623,0.1598360655737705,0.0942622950819672,0.34841628959276016,0.33031674208144796,0.3212669683257919,-0.4658469945355191,7.786640540935808,7.8414123724408125,7.639183800761671,0.981062855104338,0.12365998913933708,0.019549745696554603,0.6317681995473735,0.05227083734893167,12.08643732508115,0.21825913735671537,0.18650096164806276,1.170284246408241,0.087107120517173,0.06766649524509585,1.287300608693578,0.039774595019201456,0.09529531248281094,0.41738249220155366,0.06363108204733064,0.06365776982903046,0.9995807615979716
500,13,shuffle_w,271,0.542,240,0.9386047439716074,0.0,0.9386047439716074,0.9999999989345888,0.0,0.00848528137423857,0.01845018450184502,0.015333333333333336,0.4477244772447724,0.01,0.007380073800738007,0.7269372693726938,0.22140221402214022,0.05166051660516605,0.35019455252918286,0.31906614785992216,0.33073929961089493,-0.4477244772447724,2.445774229287166,2.424946802209957,2.4508810985658016,1.0020880378971546,0.2138178763408499,0.022239206484412768,0.6047684170491964,0.04959863506434429,12.193247178367521,0.5477225575051662,0.23904572186687872,2.2912878474779204,0.019550287662083485,0.06503936072346048,0.30059163319899396,0.02401460532140371,0.09622504486493763,0.2495670992423109,0.10291302047133927,0.06040344205093624,1.703760861583949
500,13,shuffle_h,271,0.542,240,0.9386047439716074,0.0,0.9386047439716074,0.9999999989345888,0.0,0.00848528137423857,0.01845018450184502,0.015333333333333336,0.4477244772447725,0.01,0.4188191881918819,0.7269372693726938,0.22140221402214022,0.05166051660516605,0.35019455252918286,0.31906614785992216,0.33073929961089493,-0.4477244772447725,2.427956706297077,2.424996935802011,2.4509273798396576,1.0094609073889187,0.21880572796739017,0.022239206484412768,0.6047684170491964,0.04959863506434429,12.193247178367521,0.5477225575051662,0.23904572186687872,2.2912878474779204,0.019550287662083485,0.06503936072346048,0.30059163319899396,0.02401460532140371,0.09622504486493763,0.2495670992423109,0.10291302047133927,0.06040344205093624,1.703760861583949
500,14,qcd,268,0.536,240,0.9386047439716074,0.0,0.9386047439716074,0.9999999989345888,0.0,0.00565685424949238,0.3614783942905479,0.003333333333333334,0.28109452736318413,0.001,0.15858208955223882,0.7649253731343284,0.19402985074626866,0.041044776119402986,0.32684824902723736,0.33852140077821014,0.3346303501945525,-0.28109452736318413,2.428321530578643,2.4359714695679955,2.4334638478080715,1.0021176426452072,0.23142478428684377,0.008405629959024465,0.3072567295504095,0.049875466805381644,6.160478271799473,0.5514818504764765,0.26967994498529685,2.0449494325821806,0.010724313787213743,0.06375767130633384,0.16820428926406483,0.3376308893671091,0.16666666666666666,2.025785336202655,0.1019816984537734,0.06074058015979583,1.6789714254536385
500,14,shuffle_b,268,0.536,240,0.9386047439716074,0.0,0.9386047439716074,0.9999999989345888,0.0,0.00565685424949238,0.3614783942905479,0.003333333333333334,0.28109452736318413,0.001,0.15858208955223882,0.7649253731343284,0.19402985074626866,0.041044776119402986,0.32684824902723736,0.33852140077821014,0.3346303501945525,-0.28109452736318413,2.428321530578643,2.4359714695679955,2.4334638478080715,1.0021176426452072,0.23142478428684377,0.008405629959024465,0.3072567295504095,0.049875466805381644,6.160478271799473,0.5514818504764765,0.26967994498529685,2.0449494325821806,0.010724313787213741,0.06375767130633384,0.1682042892640648,0.3376308893671091,0.16666666666666666,2.025785336202655,0.1019816984537734,0.06074058015979583,1.6789714254536385
500,14,shuffle_e,247,0.494,240,0.9386047439716074,2.82409258660624,2.82409258660624,3.0088198485419633,0.002,0.00565685424949238,0.11278047188003336,0.0033333333333333383,0.4520917678812415,0.001,0.012145748987854251,0.7611336032388664,0.1700404858299595,0.06882591093117409,0.3173913043478261,0.3695652173913043,0.3130434782608696,-0.4520917678812415,7.892551343973498,7.548284542146531,7.896946421857318,1.0005568640218192,0.12636441937686715,0.0444811862412255,0.627212491865463,0.05195243334661311,12.072822223376228,0.24395813356856144,0.21693045781865616,1.1245914290767742,0.050834294988764,0.06657795516141343,0.7635304338428529,0.11283386673105501,0.1145307118227128,0.985184366143778,0.05602654043477093,0.06327000315605882,0.8855150567414781
500,14,shuffle_w,268,0.536,240,0.9386047439716074,0.0,0.9386047439716074,0.9999999989345888,0.0,0.00565685424949238,0.3614783942905479,0.003333333333333334,0.28109452736318413,0.001,0.020522388059701493,0.7649253731343284,0.19402985074626866,0.041044776119402986,0.32684824902723736,0.33852140077821014,0.3346303501945525,-0.28109452736318413,2.428306568000957,2.435950218062519,2.4334448843963523,1.002116008111622,0.23144823787970176,0.008405629959024465,0.3072567295504095,0.049875466805381644,6.160478271799473,0.5514818504764765,0.26967994498529685,2.0449494325821806,0.010724313787213743,0.06375767130633384,0.16820428926406483,0.3376308893671091,0.16666666666666666,2.025785336202655,0.1019816984537734,0.06074058015979583,1.6789714254536385
500,14,shuffle_h,268,0.536,240,0.9386047439716074,0.0,0.9386047439716074,0.9999999989345888,0.0,0.00565685424949238,0.3614783942905479,0.003333333333333334,0.2810945273631841,0.001,0.1623134328358209,0.7649253731343284,0.19402985074626866,0.041044776119402986,0.32684824902723736,0.33852140077821014,0.3346303501945525,-0.2810945273631841,2.428321530578643,2.4359714695679955,2.4334638478080715,1.0021176426452072,0.23142478428684377,0.008405629959024465,0.3072567295504095,0.049875466805381644,6.160478271799473,0.5514818504764765,0.26967994498529685,2.0449494325821806,0.010724313787213743,0.06375767130633384,0.16820428926406483,0.3376308893671091,0.16666666666666666,2.025785336202655,0.1019816984537734,0.06074058015979583,1.6789714254536385
500,15,qcd,272,0.544,240,0.9386047439716074,0.0,0.9386047439716074,0.9999999989345888,0.0,0.011489125293076056,0.35357250520365147,0.015333333333333336,0.275735294117647,0.025,0.17095588235294118,0.7536764705882353,0.19852941176470587,0.04779411764705882,0.3281853281853282,0.32432432432432434,0.3474903474903475,-0.275735294117647,2.431174703752058,2.4082019458998127,2.386894775995274,0.9817866121721133,0.24451607529753813,0.017552357396378202,0.2930280060700805,0.049507377148833714,5.918875588766342,0.5504167329230252,0.2480694691784169,2.2188007849009166,0.012751534261266758,0.06375767130633384,0.19999999999999987,0.3392000727334881,0.16426846010152704,2.0649129633518424,0.10206554459584888,0.06029230406893168,1.6928453170268334
500,15,shuffle_b,272,0.544,240,0.9386047439716074,0.0,0.9386047439716074,0.9999999989345888,0.0,0.011489125293076056,0.35357250520365147,0.015333333333333336,0.275735294117647,0.025,0.17095588235294118,0.7536764705882353,0.19852941176470587,0.04779411764705882,0.3281853281853282,0.32432432432432434,0.3474903474903475,-0.275735294117647,2.431174703752058,2.4082019458998127,2.386894775995274,0.9817866121721133,0.24451607529753813,0.017552357396378202,0.2930280060700805,0.049507377148833714,5.918875588766342,0.5504167329230252,0.2480694691784169,2.2188007849009166,0.012751534261266758,0.06375767130633384,0.19999999999999987,0.3392000727334881,0.16426846010152704,2.0649129633518424,0.10206554459584888,0.06029230406893168,1.6928453170268334
500,15,shuffle_e,265,0.53,240,0.9386047439716074,2.8201001827540444,2.8201001827540444,3.0045662967955185,0.004,0.011489125293076056,0.054161132431725746,0.015333333333333329,0.4427672955974843,0.025,0.04339622641509434,0.8,0.1320754716981132,0.06792452830188679,0.31983805668016196,0.3441295546558704,0.3360323886639676,-0.4427672955974843,7.825581867852662,7.767094654671589,7.635694200836711,0.9757350098404814,0.12852215182772428,0.017491877728496218,0.6275128669945664,0.05015698625755191,12.51097631289768,0.3002056908023621,0.21081851067789195,1.4240006242195884,0.033130986644191014,0.0626962328219399,0.5284366404961602,0.05265035027572217,0.096700233161608,0.5444697345013791,0.046517000598433056,0.061083427173495256,0.7615322641657093
500,15,shuffle_w,270,0.54,240,0.9386047439716074,0.0,0.9386047439716074,0.9999999989345888,0.0,0.011489125293076056,0.35619156079775255,0.015333333333333336,0.2777777777777778,0.025,0.03518518518518519,0.7592592592592593,0.1925925925925926,0.04814814814814815,0.33073929961089493,0.31906614785992216,0.35019455252918286,-0.2777777777777778,2.4311547852721476,2.443361072349754,2.3868709808346567,0.9817848683655354,0.23857766340607212,0.02223920648441277,0.2990153021028061,0.049690399499995326,6.017566876330592,0.5504167329230252,0.2480694691784169,2.2188007849009166,0.012751534261266758,0.06375767130633384,0.19999999999999987,0.3392000727334881,0.16426846010152704,2.0649129633518424,0.10256644113840685,0.06051519689588296,1.6948873406935039
500,15,shuffle_h,272,0.544,240,0.9386047439716074,0.0,0.9386047439716074,0.9999999989345888,0.0,0.011489125293076056,0.35357250520365147,0.015333333333333336,0.2757352941176471,0.025,0.18198529411764705,0.7536764705882353,0.19852941176470587,0.04779411764705882,0.3281853281853282,0.32432432432432434,0.3474903474903475,-0.2757352941176471,2.431174703752058,2.4082019458998127,2.386894775995274,0.9817866121721133,0.24451607529753813,0.017552357396378202,0.2930280060700805,0.049507377148833714,5.918875588766342,0.5504167329230252,0.2480694691784169,2.2188007849009166,0.012751534261266758,0.06375767130633384,0.19999999999999987,0.3392000727334881,0.16426846010152704,2.0649129633518424,0.10206554459584888,0.06029230406893168,1.6928453170268334
500,16,qcd,266,0.532,240,0.9386047439716074,0.0,0.9386047439716074,0.9999999989345888,0.0,0.0034641016151377548,0.4406842540784042,0.012000000000000002,0.20426065162907267,0.016,0.045112781954887216,0.7631578947368421,0.19172932330827067,0.045112781954887216,0.33070866141732286,0.3464566929133858,0.3228346456692913,0.20426065162907267,2.4497263905713598,2.401406957780804,2.444828164869633,0.9980005009046808,0.23292298488611232,0.017009818106057378,0.21014555614291677,0.05006261743217589,4.1976541963196174,0.5477225575051662,0.2581988897471611,2.1213203435596433,0.010829972051127193,0.06407097870320747,0.16903085094570333,0.013590267124176384,0.06820876546983126,0.19924517077189088,0.10164211984957962,0.06096850058594661,1.667125136303719
500,16,shuffle_b,266,0.532,240,0.9386047439716074,0.0,0.9386047439716074,0.9999999989345888,0.0,0.0034641016151377548,0.44068425407840417,0.012000000000000002,0.20426065162907267,0.016,0.045112781954887216,0.7631578947368421,0.19172932330827067,0.045112781954887216,0.33070866141732286,0.3464566929133858,0.3228346456692913,0.20426065162907267,2.4497263905713598,2.401406957780804,2.444828164869633,0.9980005009046808,0.23292298488611232,0.017009818106057378,0.21014555614291677,0.05006261743217589,4.1976541963196174,0.5477225575051662,0.2581988897471611,2.1213203435596433,0.010829972051127195,0.06407097870320747,0.16903085094570336,0.013590267124176386,0.06820876546983126,0.1992451707718909,0.10164211984957962,0.06096850058594661,1.667125136303719
500,16,shuffle_e,260,0.52,240,0.9386047439716074,2.820080501469488,2.820080501469488,3.0045453281346823,0.002,0.0034641016151377548,0.08213137116947163,0.012000000000000004,0.45,0.016,0.03461538461538462,0.8076923076923077,0.13846153846153847,0.05384615384615385,0.34959349593495936,0.32926829268292684,0.32113821138211385,0.45,7.833772251204846,7.8222612638124085,7.827934986126667,0.9992548589758553,0.09955117384597856,0.020727721599970664,0.6447405178098549,0.05063696835418333,12.732605026828983,0.42136803439293213,0.23904572186687872,1.7627089541790093,0.03626558621839956,0.06299407883487121,0.5756983337031394,0.07162103014452825,0.0930839832123818,0.7694237791813942,0.04991848950747407,0.06166797089575194,0.8094718989839952
500,16,shuffle_w,264,0.528,240,0.9386047439716074,0.0,0.9386047439716074,0.9999999989345888,0.0,0.0034641016151377548,0.4440227711547557,0.012000000000000002,0.20580808080808083,0.016,0.02462121212121212,0.7689393939393939,0.1856060606060606,0.045454545454545456,0.3333333333333333,0.3412698412698413,0.3253968253968254,0.20580808080808083,2.4497191465071713,2.4347862706349606,2.4448208805068696,0.9980004785416787,0.22647070669842598,0.01122391716169123,0.2176629984630097,0.050251890762960605,4.3314389798730435,0.5477225575051662,0.2581988897471611,2.1213203435596433,0.010829972051127193,0.06407097870320747,0.16903085094570333,0.013590267124176384,0.06820876546983126,0.19924517077189088,0.10156170322880895,0.06119900613621046,1.6595319048607315
500,16,shuffle_h,266,0.532,240,0.9386047439716074,0.0,0.9386047439716074,0.9999999989345888,0.0,0.0034641016151377548,0.4406842540784042,0.012000000000000002,0.2042606516290727,0.016,0.03383458646616541,0.7631578947368421,0.19172932330827067,0.045112781954887216,0.33070866141732286,0.3464566929133858,0.3228346456692913,0.2042606516290727,2.4497263905713598,2.401406957780804,2.444828164869633,0.9980005009046808,0.23292298488611232,0.017009818106057378,0.21014555614291677,0.05006261743217589,4.1976541963196174,0.5477225575051662,0.2581988897471611,2.1213203435596433,0.010829972051127193,0.06407097870320747,0.16903085094570333,0.013590267124176384,0.06820876546983126,0.19924517077189088,0.10164211984957962,0.06096850058594661,1.667125136303719
500,17,qcd,268,0.536,240,0.9386047439716074,0.0,0.9386047439716074,0.9999999989345888,0.0,0.012806248474865698,0.3694595162533302,0.011333333333333332,0.2898009950248756,0.01,0.17164179104477612,0.7835820895522388,0.1791044776119403,0.03731343283582089,0.3449612403100775,0.32170542635658916,0.3333333333333333,-0.2898009950248756,2.4011671134401085,2.4275551822184576,2.435131056350305,1.014144764319022,0.25008103052825564,0.01644434374852435,0.3251339894356775,0.049875466805381644,6.518916217954977,0.5477225575051662,0.282842712474619,1.9364916731037087,0.02428104530282278,0.06299407883487121,0.38544964466377246,0.3376308893671091,0.16666666666666666,2.025785336202655,0.10211813093136907,0.06074058015979583,1.6812175758400316
500,17,shuffle_b,268,0.536,240,0.9386047439716074,0.0,0.9386047439716074,0.9999999989345888,0.0,0.012806248474865698,0.36945951625333023,0.011333333333333332,0.2898009950248756,0.01,0.17164179104477612,0.7835820895522388,0.1791044776119403,0.03731343283582089,0.3449612403100775,0.32170542635658916,0.3333333333333333,-0.2898009950248756,2.4011671134401085,2.4275551822184576,2.435131056350305,1.014144764319022,0.25008103052825564,0.01644434374852435,0.3251339894356775,0.049875466805381644,6.518916217954977,0.5477225575051662,0.282842712474619,1.9364916731037087,0.024281045302822782,0.06299407883487121,0.3854496446637725,0.3376308893671091,0.16666666666666666,2.025785336202655,0.10211813093136907,0.06074058015979583,1.6812175758400316
500,17,shuffle_e,250,0.5,240,0.9386047439716074,2.822703832474424,2.822703832474424,3.0073402543472225,0.008,0.012806248474865698,0.30635926622186577,0.011333333333333334,0.34,0.01,0.032,0.808,0.136,0.056,0.3177966101694915,0.3432203389830508,0.3389830508474576,-0.34,7.876989362696519,7.81464441739055,7.680753844002493,0.9750874973091433,0.12009750164054628,0.01926296849856759,0.5158707848547606,0.051639777949432225,9.989794792687185,0.36977654587270814,0.23904572186687872,1.546886273407694,0.05497799092065242,0.06422937444233849,0.8559633562990491,0.18392161508052055,0.14487116456005886,1.2695529551311961,0.07628921905367904,0.06288923739222221,1.2130727325867376
500,17,shuffle_w,266,0.532,240,0.9386047439716074,0.0,0.9386047439716074,0.9999999989345888,0.0,0.012806248474865698,0.37223740735297933,0.011333333333333332,0.2919799498746867,0.01,0.05263157894736842,0.7894736842105263,0.17293233082706766,0.03759398496240601,0.34375,0.32421875,0.33203125,-0.2919799498746867,2.4192089950882307,2.42753779066113,2.4542114678842233,1.0144685609499051,0.24278875429437743,0.01390244564066577,0.33169457914788725,0.05006261743217589,6.6255940292626985,0.5477225575051662,0.282842712474619,1.9364916731037087,0.02428104530282278,0.06299407883487121,0.38544964466377246,0.3376308893671091,0.16666666666666666,2.025785336202655,0.10233499547101016,0.06096850058594661,1.6784896214849447
500,17,shuffle_h,268,0.536,240,0.9386047439716074,0.0,0.9386047439716074,0.9999999989345888,0.0,0.012806248474865698,0.3694595162533302,0.011333333333333332,0.2898009950248756,0.01,0.17164179104477612,0.7835820895522388,0.1791044776119403,0.03731343283582089,0.3449612403100775,0.32170542635658916,0.3333333333333333,-0.2898009950248756,2.4011671134401085,2.4275551822184576,2.435131056350305,1.014144764319022,0.25008103052825564,0.01644434374852435,0.3251339894356775,0.049875466805381644,6.518916217954977,0.5477225575051662,0.282842712474619,1.9364916731037087,0.02428104530282278,0.06299407883487121,0.38544964466377246,0.3376308893671091,0.16666666666666666,2.025785336202655,0.10211813093136907,0.06074058015979583,1.6812175758400316
500,18,qcd,267,0.534,240,0.9386047439716074,0.0,0.9386047439716074,0.9999999989345888,0.0,0.011489125293076058,0.4455827138566429,0.003999999999999996,0.1885143570536829,0.006,0.033707865168539325,0.7715355805243446,0.18726591760299627,0.04119850187265917,0.3046875,0.34765625,0.34765625,-0.1885143570536829,2.3910064414331944,2.4023725339222395,2.4437841342123723,1.0220734214114213,0.25525776344209167,0.035083837461738224,0.2102054711670754,0.04996877926639076,4.206736171128771,0.5514818504764765,0.26967994498529685,2.0449494325821806,0.020210349509379943,0.06360273141434804,0.31775914430021984,0.0,0.97182531580755,0.0,0.10270643596106434,0.060854220259445396,1.6877454928053723
500,18,shuffle_b,267,0.534,240,0.9386047439716074,0.0,0.9386047439716074,0.9999999989345888,0.0,0.011489125293076058,0.4455827138566429,0.003999999999999996,0.1885143570536829,0.006,0.033707865168539325,0.7715355805243446,0.18726591760299627,0.04119850187265917,0.3046875,0.34765625,0.34765625,-0.1885143570536829,2.3910064414331944,2.4023725339222395,2.4437841342123723,1.0220734214114213,0.25525776344209167,0.035083837461738224,0.2102054711670754,0.04996877926639076,4.206736171128771,0.5514818504764765,0.26967994498529685,2.0449494325821806,0.020210349509379943,0.06360273141434804,0.31775914430021984,0.0,0.97182531580755,0.0,0.10270643596106434,0.060854220259445396,1.6877454928053723
500,18,shuffle_e,260,0.52,240,0.9386047439716074,2.795773576061484,2.795773576061484,2.978648457765953,0.004,0.011489125293076058,0.4511818799080881,0.003999999999999995,0.12435897435897435,0.006,0.0057692307692307696,0.7807692307692308,0.14615384615384616,0.07307692307692308,0.2987551867219917,0.36099585062240663,0.34024896265560167,-0.12435897435897435,7.584494120920662,7.69848443583525,7.689939672688282,1.013902779814512,0.14238752450106348,0.044818400403927115,0.28291243827685525,0.05063696835418333,5.587072991771686,0.17296501815952614,0.20519567041703082,0.8429272304235246,0.022484505644711245,0.06407097870320747,0.35093120317179805,0.0,0.97182531580755,0.0,0.09718291164912324,0.06166797089575194,1.575905777950897
500,18,shuffle_w,265,0.53,240,0.9386047439716074,0.0,0.9386047439716074,0.9999999989345888,0.0,0.011489125293076058,0.4489456022631081,0.003999999999999996,0.18993710691823903,0.006,0.020754716981132074,0.7773584905660378,0.1811320754716981,0.04150943396226415,0.2992125984251969,0.35039370078740156,0.35039370078740156,-0.18993710691823903,2.4325509830827357,2.4102964296918024,2.4437756217470095,1.0046143487813148,0.24536796108304595,0.041789195086852096,0.21784623821723276,0.05015698625755191,4.343288033667147,0.5514818504764765,0.26967994498529685,2.0449494325821806,0.020210349509379943,0.06360273141434804,0.31775914430021984,0.0,0.97182531580755,0.0,0.10292656423144368,0.061083427173495256,1.6850161982414864
500,18,shuffle_h,267,0.534,240,0.9386047439716074,0.0,0.9386047439716074,0.9999999989345888,0.0,0.011489125293076058,0.4455827138566429,0.003999999999999996,0.18851435705368288,0.006,0.02247191011235955,0.7715355805243446,0.18726591760299627,0.04119850187265917,0.3046875,0.34765625,0.34765625,-0.18851435705368288,2.3910064414331944,2.4023725339222395,2.4437841342123723,1.0220734214114213,0.25525776344209167,0.035083837461738224,0.2102054711670754,0.04996877926639076,4.206736171128771,0.5514818504764765,0.26967994498529685,2.0449494325821806,0.020210349509379943,0.06360273141434804,0.31775914430021984,0.0,0.97182531580755,0.0,0.10270643596106434,0.060854220259445396,1.6877454928053723
500,19,qcd,271,0.542,240,0.9386047439716074,0.0,0.9386047439716074,0.9999999989345888,0.0,0.018110770276274835,0.4476061912060791,0.0026666666666666713,0.19557195571955718,0.004,0.03136531365313653,0.7749077490774908,0.1881918819188192,0.03690036900369004,0.3371647509578544,0.32950191570881227,0.3333333333333333,-0.19557195571955718,2.3998144050198618,2.4152807587210625,2.3756412731760324,0.9899270827805414,0.26448336075740286,0.0054184427677130146,0.20771553892424044,0.04959863506434429,4.187928531798731,0.5477225575051662,0.282842712474619,1.9364916731037087,0.022335313142016335,0.06299407883487121,0.35456210417116735,0.0,0.97182531580755,0.0,0.10211607765000218,0.06040344205093624,1.6905671958874635
500,19,shuffle_b,271,0.542,240,0.9386047439716074,0.0,0.9386047439716074,0.9999999989345888,0.0,0.018110770276274835,0.44760619120607903,0.0026666666666666713,0.19557195571955718,0.004,0.03136531365313653,0.7749077490774908,0.1881918819188192,0.03690036900369004,0.3371647509578544,0.32950191570881227,0.3333333333333333,-0.19557195571955718,2.3998144050198618,2.4152807587210625,2.3756412731760324,0.9899270827805414,0.26448336075740286,0.0054184427677130146,0.20771553892424044,0.04959863506434429,4.187928531798731,0.5477225575051662,0.282842712474619,1.9364916731037087,0.022335313142016335,0.06299407883487121,0.35456210417116735,0.0,0.97182531580755,0.0,0.10211607765000218,0.06040344205093624,1.6905671958874635
500,19,shuffle_e,264,0.528,240,0.9386047439716074,2.702459799263268,2.702459799263268,2.879230915612958,0.012,0.018110770276274835,0.4594745371850281,0.002666666666666668,0.042929292929292935,0.004,0.007575757575757576,0.7954545454545454,0.12878787878787878,0.07575757575757576,0.3237704918032787,0.3319672131147541,0.3442622950819672,0.042929292929292935,7.553566333746849,7.355703771662182,7.362767252029882,0.9747405300639859,0.13419692195743982,0.014586172475452592,0.25426797646724864,0.050251890762960605,5.0598688448686815,0.18708286933869706,0.2,0.9354143466934852,0.022335313142016335,0.06299407883487121,0.35456210417116735,0.0,0.97182531580755,0.0,0.09898611335493897,0.06119900613621046,1.6174464195484783
500,19,shuffle_w,269,0.538,240,0.9386047439716074,0.0,0.9386047439716074,0.9999999989345888,0.0,0.018110770276274835,0.45093411827824315,0.0026666666666666713,0.1970260223048327,0.004,0.011152416356877323,0.7806691449814126,0.1821561338289963,0.03717472118959108,0.33976833976833976,0.32432432432432434,0.3359073359073359,-0.1970260223048327,2.399808348712553,2.453448256792354,2.375635566394178,0.9899272030071304,0.257707261128407,0.011366487601451517,0.21512143168012815,0.04978267515886163,4.321210762452069,0.5477225575051662,0.282842712474619,1.9364916731037087,0.022335313142016335,0.06299407883487121,0.35456210417116735,0.0,0.97182531580755,0.0,0.10234566381874527,0.06062757433138721,1.688104215737366
500,19,shuffle_h,271,0.542,240,0.9386047439716074,0.0,0.9386047439716074,0.9999999989345888,0.0,0.018110770276274835,0.4476061912060791,0.0026666666666666713,0.19557195571955716,0.004,0.023985239852398525,0.7749077490774908,0.1881918819188192,0.03690036900369004,0.3371647509578544,0.32950191570881227,0.3333333333333333,-0.19557195571955716,2.3998144050198618,2.4152807587210625,2.3756412731760324,0.9899270827805414,0.26448336075740286,0.0054184427677130146,0.20771553892424044,0.04959863506434429,4.187928531798731,0.5477225575051662,0.282842712474619,1.9364916731037087,0.022335313142016335,0.06299407883487121,0.35456210417116735,0.0,0.97182531580755,0.0,0.10211607765000218,0.06040344205093624,1.6905671958874635
500,20,qcd,273,0.546,240,0.9386047439716074,0.0,0.9386047439716074,0.9999999989345888,0.0,0.006,0.2455578866240933,0.014000000000000004,0.36263736263736257,0.01,0.2893772893772894,0.7619047619047619,0.1978021978021978,0.040293040293040296,0.33969465648854963,0.33587786259541985,0.3244274809160305,-0.36263736263736257,2.4595758671344417,2.3998347645425993,2.3715159028811037,0.9641970937225314,0.2430413690725151,0.011236336980060891,0.45477337455422523,0.04941662111074008,9.202842370284722,0.5514818504764765,0.26967994498529685,2.0449494325821806,0.02113927236902711,0.06329621044272916,0.33397374378603706,0.1695674301254291,0.11533444597688494,1.4702236499181989,0.10292945821121981,0.060181777295752345,1.7103093799538653
500,20,shuffle_b,273,0.546,240,0.9386047439716074,0.0,0.9386047439716074,0.9999999989345888,0.0,0.006,0.2455578866240933,0.014000000000000004,0.36263736263736257,0.01,0.2893772893772894,0.7619047619047619,0.1978021978021978,0.040293040293040296,0.33969465648854963,0.33587786259541985,0.3244274809160305,-0.36263736263736257,2.4595758671344417,2.3998347645425993,2.3715159028811037,0.9641970937225314,0.2430413690725151,0.011236336980060891,0.45477337455422523,0.04941662111074008,9.202842370284722,0.5514818504764765,0.26967994498529685,2.0449494325821806,0.02113927236902711,0.06329621044272916,0.33397374378603706,0.1695674301254291,0.11533444597688494,1.4702236499181989,0.10292945821121981,0.060181777295752345,1.7103093799538653
500,20,shuffle_e,251,0.502,240,0.9386047439716074,2.8246571459785526,2.8246571459785526,3.0094213364156794,0.006,0.006,0.13966970631839126,0.014000000000000002,0.4541832669322709,0.01,0.013944223107569721,0.7848605577689243,0.13545816733067728,0.0796812749003984,0.3333333333333333,0.35064935064935066,0.31601731601731603,-0.4541832669322709,7.8353109274304,7.84348422701956,7.826721567423331,0.9989037627113176,0.10276110818290281,0.024488546534599046,0.6278240642193271,0.051536807203007316,12.1820519797876,0.1414213562373095,0.2,0.7071067811865475,0.08626952960543184,0.06503936072346048,1.3264203191086008,0.12354645414967856,0.11533444597688494,1.0712016961042103,0.057613969334516936,0.06276383499946384,0.9179485182033429
500,20,shuffle_w,272,0.544,240,0.9386047439716074,0.0,0.9386047439716074,0.9999999989345888,0.0,0.006,0.24646067297197602,0.014000000000000004,0.3639705882352941,0.01,0.014705882352941176,0.7647058823529411,0.1948529411764706,0.04044117647058824,0.3371647509578544,0.3371647509578544,0.32567049808429116,-0.3639705882352941,2.476532903865065,2.4086120431047267,2.3714887189801117,0.9575841755540524,0.23756764757600693,0.009385018171583092,0.4577267402531682,0.049507377148833714,9.245626947214497,0.5514818504764765,0.26967994498529685,2.0449494325821806,0.02113927236902711,0.06329621044272916,0.33397374378603706,0.1695674301254291,0.11533444597688494,1.4702236499181989,0.1031195343735888,0.06029230406893168,1.7103266489151436
500,20,shuffle_h,273,0.546,240,0.9386047439716074,0.0,0.9386047439716074,0.9999999989345888,0.0,0.006,0.2455578866240933,0.014000000000000004,0.3626373626373626,0.01,0.2967032967032967,0.7619047619047619,0.1978021978021978,0.040293040293040296,0.33969465648854963,0.33587786259541985,0.3244274809160305,-0.3626373626373626,2.4595758671344417,2.3998347645425993,2.3715159028811037,0.9641970937225314,0.2430413690725151,0.011236336980060891,0.45477337455422523,0.04941662111074008,9.202842370284722,0.5514818504764765,0.26967994498529685,2.0449494325821806,0.02113927236902711,0.06329621044272916,0.33397374378603706,0.1695674301254291,0.11533444597688494,1.4702236499181989,0.10292945821121981,0.060181777295752345,1.7103093799538653
500,21,qcd,270,0.54,240,0.9386047439716074,0.0,0.9386047439716074,0.9999999989345888,0.0,0.014560219778561038,0.4385566800212041,0.0006666666666666625,0.0962962962962963,0.002,0.03148148148148148,0.7592592592592593,0.18518518518518517,0.05555555555555555,0.32941176470588235,0.32941176470588235,0.3411764705882353,-0.0962962962962963,2.4305324390869774,2.4304809298958383,2.4557813092511425,1.0103882053817186,0.21658217518988193,0.009605842128561495,0.18511109629036743,0.049690399499995326,3.7252889522529364,0.5497474167490215,0.23094010767585033,2.3804761428476167,0.017474947366020056,0.06375767130633384,0.2740838397635149,0.3350589704046091,0.11785113019775792,2.8430696408457816,0.10243261202150719,0.06051519689588296,1.6926758446765626
500,21,shuffle_b,270,0.54,240,0.9386047439716074,0.0,0.9386047439716074,0.9999999989345888,0.0,0.014560219778561038,0.4385566800212041,0.0006666666666666625,0.0962962962962963,0.002,0.03148148148148148,0.7592592592592593,0.18518518518518517,0.05555555555555555,0.32941176470588235,0.32941176470588235,0.3411764705882353,-0.0962962962962963,2.4305324390869774,2.4304809298958383,2.4557813092511425,1.0103882053817186,0.21658217518988193,0.009605842128561495,0.18511109629036743,0.049690399499995326,3.7252889522529364,0.5497474167490215,0.23094010767585033,2.3804761428476167,0.017474947366020056,0.06375767130633384,0.2740838397635149,0.3350589704046091,0.11785113019775792,2.8430696408457816,0.10243261202150719,0.06051519689588296,1.6926758446765626
500,21,shuffle_e,245,0.49,240,0.9386047439716074,2.8125331011179555,2.8125331011179555,2.996504243330918,0.002,0.014560219778561038,0.45018391354903575,0.0006666666666666652,0.13061224489795917,0.002,0.006122448979591836,0.7714285714285715,0.13877551020408163,0.08979591836734693,0.34977578475336324,0.3094170403587444,0.34080717488789236,0.13061224489795917,7.582786025193569,7.6702502913711355,7.815792897177258,1.0307283986663387,0.13502720458924644,0.029970011443592553,0.2500367875196514,0.052164053095730106,4.793277605572374,0.27723546694503465,0.19069251784911845,1.4538350537926796,0.06113343919730869,0.06640158940746631,0.9206622874969126,0.3350589704046091,0.11785113019775792,2.8430696408457816,0.10134964265692158,0.0635277231767013,1.5953608533241344
500,21,shuffle_w,269,0.538,240,0.9386047439716074,0.0,0.9386047439716074,0.9999999989345888,0.0,0.014560219778561038,0.44018700225176627,0.0006666666666666625,0.09665427509293681,0.002,0.00929368029739777,0.7620817843866171,0.1821561338289963,0.055762081784386616,0.33070866141732286,0.32677165354330706,0.3425196850393701,-0.09665427509293681,2.430513299598765,2.446314164700666,2.455760635381552,1.0103876558860858,0.21387347163742795,0.011590237357385636,0.18877536696448122,0.04978267515886163,3.7919892083356235,0.5497474167490215,0.23094010767585033,2.3804761428476167,0.017474947366020056,0.06375767130633384,0.2740838397635149,0.3350589704046091,0.11785113019775792,2.8430696408457816,0.10261536580025712,0.06062757433138721,1.692552719318223
500,21,shuffle_h,270,0.54,240,0.9386047439716074,0.0,0.9386047439716074,0.9999999989345888,0.0,0.014560219778561038,0.4385566800212041,0.0006666666666666625,0.0962962962962963,0.002,0.03148148148148148,0.7592592592592593,0.18518518518518517,0.05555555555555555,0.32941176470588235,0.32941176470588235,0.3411764705882353,-0.0962962962962963,2.4305324390869774,2.4304809298958383,2.4557813092511425,1.0103882053817186,0.21658217518988193,0.009605842128561495,0.18511109629036743,0.049690399499995326,3.7252889522529364,0.5497474167490215,0.23094010767585033,2.3804761428476167,0.017474947366020056,0.06375767130633384,0.2740838397635149,0.3350589704046091,0.11785113019775792,2.8430696408457816,0.10243261202150719,0.06051519689588296,1.6926758446765626
500,22,qcd,272,0.544,240,0.9386047439716074,0.0,0.9386047439716074,0.9999999989345888,0.0,0.013266499161421601,0.4422474745204581,0.013333333333333332,0.19730392156862744,0.006,0.034926470588235295,0.7647058823529411,0.1875,0.04779411764705882,0.3281853281853282,0.3204633204633205,0.35135135135135137,0.19730392156862744,2.415550545265295,2.4653351234247802,2.4815681060611783,1.0273302336501648,0.2085701007448167,0.02273297520290308,0.20773414410044433,0.049507377148833714,4.196024028417714,0.5504167329230252,0.2480694691784169,2.2188007849009166,0.026911627602158105,0.06329621044272916,0.42516964939801455,0.024723154840611394,0.06738396167188666,0.3668996928526713,0.10259389300312416,0.06029230406893168,1.701608432244179
500,22,shuffle_b,272,0.544,240,0.9386047439716074,0.0,0.9386047439716074,0.9999999989345888,0.0,0.0132664991614216,0.4422474745204581,0.013333333333333332,0.19730392156862744,0.006,0.034926470588235295,0.7647058823529411,0.1875,0.04779411764705882,0.3281853281853282,0.3204633204633205,0.35135135135135137,0.19730392156862744,2.415550545265295,2.4653351234247802,2.4815681060611783,1.0273302336501648,0.2085701007448167,0.02273297520290308,0.20773414410044433,0.049507377148833714,4.196024028417714,0.5504167329230252,0.2480694691784169,2.2188007849009166,0.02691162760215811,0.06329621044272916,0.4251696493980146,0.024723154840611394,0.06738396167188666,0.3668996928526713,0.10259389300312416,0.06029230406893168,1.701608432244179
500,22,shuffle_e,253,0.506,240,0.9386047439716074,2.8046469723786807,2.8046469723786807,2.988102273511861,0.006,0.013266499161421601,0.44516879563210626,0.013333333333333334,0.1436100131752306,0.006,0.0,0.7628458498023716,0.1541501976284585,0.08300395256916997,0.3103448275862069,0.3448275862068966,0.3448275862068966,0.1436100131752306,7.65921798845083,7.740059640166798,7.85472083582965,1.02552517080381,0.10777527332754203,0.028155054514749183,0.26510711663569386,0.05133270023393454,5.16448804422019,0.20647127036836949,0.19518001458970666,1.0578504710249075,0.06105054798664469,0.06570988732209603,0.9290922641122145,0.045054222662333616,0.06995351692945988,0.6440594360361559,0.09887727260138378,0.06251526437927266,1.5816500751161693
500,22,shuffle_w,271,0.542,240,0.9386047439716074,0.0,0.9386047439716074,0.9999999989345888,0.0,0.013266499161421601,0.44387938402053356,0.013333333333333332,0.19803198031980315,0.006,0.012915129151291513,0.7675276752767528,0.18450184501845018,0.04797047970479705,0.32945736434108525,0.3178294573643411,0.35271317829457366,0.19803198031980315,2.4249850519437177,2.4817865281375373,2.4815508505756414,1.0233262463150377,0.203132967661949,0.025119149993828926,0.2114190425571011,0.04959863506434429,4.262597998570469,0.5504167329230252,0.2480694691784169,2.2188007849009166,0.026911627602158105,0.06329621044272916,0.42516964939801455,0.024723154840611394,0.06738396167188666,0.3668996928526713,0.10278062579047728,0.06040344205093624,1.7015690215767132
500,22,shuffle_h,272,0.544,240,0.9386047439716074,0.0,0.9386047439716074,0.9999999989345888,0.0,0.013266499161421601,0.4422474745204581,0.013333333333333332,0.19730392156862747,0.006,0.034926470588235295,0.7647058823529411,0.1875,0.04779411764705882,0.3281853281853282,0.3204633204633205,0.35135135135135137,0.19730392156862747,2.415550545265295,2.4653351234247802,2.4815681060611783,1.0273302336501648,0.2085701007448167,0.02273297520290308,0.20773414410044433,0.049507377148833714,4.196024028417714,0.5504167329230252,0.2480694691784169,2.2188007849009166,0.026911627602158105,0.06329621044272916,0.42516964939801455,0.024723154840611394,0.06738396167188666,0.3668996928526713,0.10259389300312416,0.06029230406893168,1.701608432244179
500,23,qcd,267,0.534,240,0.9386047439716074,0.0,0.9386047439716074,0.9999999989345888,0.0,0.006324555320336759,0.3787218804523723,0.0033333333333333314,0.2784019975031211,0.002,0.15355805243445692,0.7752808988764045,0.18352059925093633,0.04119850187265917,0.34375,0.328125,0.328125,0.2784019975031211,2.3985390069657346,2.4302625344933677,2.408357708657446,1.0040936176827628,0.2552010387855351,0.01275775907699572,0.30542146873221143,0.04996877926639076,6.112245950695845,0.5514818504764765,0.26967994498529685,2.0449494325821806,0.03533511796697535,0.06344891563557341,0.5569065698447381,0.07909923730608046,0.0734630886692453,1.0767208231906902,0.10202126196161974,0.060854220259445396,1.6764862244009227
500,23,shuffle_b,267,0.534,240,0.9386047439716074,0.0,0.9386047439716074,0.9999999989345888,0.0,0.006324555320336759,0.3787218804523723,0.0033333333333333314,0.2784019975031211,0.002,0.15355805243445692,0.7752808988764045,0.18352059925093633,0.04119850187265917,0.34375,0.328125,0.328125,0.2784019975031211,2.3985390069657346,2.4302625344933677,2.408357708657446,1.0040936176827628,0.2552010387855351,0.01275775907699572,0.30542146873221143,0.04996877926639076,6.112245950695845,0.5514818504764765,0.26967994498529685,2.0449494325821806,0.03533511796697535,0.06344891563557341,0.5569065698447381,0.07909923730608046,0.0734630886692453,1.0767208231906902,0.10202126196161974,0.060854220259445396,1.6764862244009227
500,23,shuffle_e,254,0.508,240,0.9386047439716074,2.820655788387084,2.820655788387084,3.005158245255204,0.006,0.006324555320336759,0.2659448090361662,0.0033333333333333375,0.33070866141732286,0.002,0.00984251968503937,0.7834645669291339,0.14173228346456693,0.07480314960629922,0.33191489361702126,0.31063829787234043,0.3574468085106383,0.33070866141732286,7.806122032053169,7.939219308628227,7.813806331793158,1.0009843940061962,0.09079960660565346,0.033144174313611136,0.5093926307820303,0.051231551957855996,9.942947486757106,0.1729650181595261,0.20519567041703082,0.8429272304235245,0.05095817670075798,0.06471170442908494,0.7874646039744028,0.1097831571681018,0.08458653648709205,1.2978798012950297,0.06921760612650753,0.06239208147263145,1.109397290373621
500,23,shuffle_w,266,0.532,240,0.9386047439716074,0.0,0.9386047439716074,0.9999999989345888,0.0,0.006324555320336759,0.38014564692023844,0.0033333333333333314,0.27944862155388467,0.002,0.011278195488721804,0.7781954887218046,0.18045112781954886,0.041353383458646614,0.34509803921568627,0.32941176470588235,0.3254901960784314,0.27944862155388467,2.398544554279009,2.4302680266588674,2.4275971565933014,1.0121125964754176,0.25162892002895526,0.014673166222642899,0.30865249293048375,0.05006261743217589,6.165328717553406,0.5514818504764765,0.26967994498529685,2.0449494325821806,0.03533511796697535,0.06344891563557341,0.5569065698447381,0.07909923730608046,0.0734630886692453,1.0767208231906902,0.10205840969678845,0.06096850058594661,1.6739530858712501
500,23,shuffle_h,267,0.534,240,0.9386047439716074,0.0,0.9386047439716074,0.9999999989345888,0.0,0.006324555320336759,0.3787218804523723,0.0033333333333333314,0.278401997503121,0.002,0.16853932584269662,0.7752808988764045,0.18352059925093633,0.04119850187265917,0.34375,0.328125,0.328125,0.278401997503121,2.3985390069657346,2.4302625344933677,2.408357708657446,1.0040936176827628,0.2552010387855351,0.01275775907699572,0.30542146873221143,0.04996877926639076,6.112245950695845,0.5514818504764765,0.26967994498529685,2.0449494325821806,0.03533511796697535,0.06344891563557341,0.5569065698447381,0.07909923730608046,0.0734630886692453,1.0767208231906902,0.10202126196161974,0.060854220259445396,1.6764862244009227
500,24,qcd,272,0.544,240,0.9386047439716074,0.0,0.9386047439716074,0.9999999989345888,0.0,0.021354156504062624,0.37199633281296945,0.007333333333333331,0.28186274509803916,0.006,0.16727941176470587,0.7794117647058824,0.1801470588235294,0.04044117647058824,0.32567049808429116,0.3333333333333333,0.34099616858237547,-0.28186274509803916,2.41139123265734,2.436318749687387,2.4409853104915205,1.0122726156723925,0.23314884134787114,0.010836885535426029,0.31344292575320465,0.049507377148833714,6.331236753078297,0.5514818504764765,0.26967994498529685,2.0449494325821806,0.031759449491704665,0.0626962328219399,0.5065607304015047,0.3367848516207033,0.16426846010152704,2.050210073270009,0.10298837554526939,0.06029230406893168,1.708151266329508
500,24,shuffle_b,272,0.544,240,0.9386047439716074,0.0,0.9386047439716074,0.9999999989345888,0.0,0.021354156504062624,0.3719963328129695,0.007333333333333331,0.28186274509803916,0.006,0.16727941176470587,0.7794117647058824,0.1801470588235294,0.04044117647058824,0.32567049808429116,0.3333333333333333,0.34099616858237547,-0.28186274509803916,2.41139123265734,2.436318749687387,2.4409853104915205,1.0122726156723925,0.23314884134787114,0.010836885535426029,0.31344292575320465,0.049507377148833714,6.331236753078297,0.5514818504764765,0.26967994498529685,2.0449494325821806,0.031759449491704665,0.0626962328219399,0.5065607304015047,0.3367848516207033,0.16426846010152704,2.050210073270009,0.10298837554526939,0.06029230406893168,1.708151266329508
500,24,shuffle_e,274,0.548,240,0.9386047439716074,2.8024015440857717,2.8024015440857717,2.985709969078138,0.004,0.021354156504062624,0.4490237811214167,0.007333333333333331,0.0754257907542579,0.006,0.0036496350364963502,0.7773722627737226,0.16423357664233576,0.058394160583941604,0.3333333333333333,0.32945736434108525,0.3372093023255814,-0.0754257907542579,7.610076474748893,7.551040731503695,7.7841103009106645,1.0228688669212769,0.14349414634635724,0.005481447916174797,0.252291608697143,0.04932636236669901,5.114741825508482,0.29843340965783305,0.22360679774997896,1.334634781503914,0.035600354197425126,0.0625488854200668,0.5691604887655424,0.3367848516207033,0.1161553420728616,2.8994348913323837,0.09741514052564733,0.060071856149571556,1.6216435910203202
500,24,shuffle_w,270,0.54,240,0.9386047439716074,0.0,0.9386047439716074,0.9999999989345888,0.0,0.021354156504062624,0.3747518612041767,0.007333333333333331,0.28395061728395066,0.006,0.016666666666666666,0.7851851851851852,0.17407407407407408,0.040740740740740744,0.3204633204633205,0.3359073359073359,0.3436293436293436,-0.28395061728395066,2.4462130010074223,2.436310381809101,2.4409802632297684,0.9978608821981164,0.2268864981919114,0.016681443239145038,0.3197650028762871,0.049690399499995326,6.435146549311144,0.5514818504764765,0.26967994498529685,2.0449494325821806,0.031759449491704665,0.0626962328219399,0.5065607304015047,0.3367848516207033,0.16426846010152704,2.050210073270009,0.10323298435600205,0.06051519689588296,1.7059018172512186
500,24,shuffle_h,272,0.544,240,0.9386047439716074,0.0,0.9386047439716074,0.9999999989345888,0.0,0.021354156504062624,0.37199633281296945,0.007333333333333331,0.28186274509803916,0.006,0.1636029411764706,0.7794117647058824,0.1801470588235294,0.04044117647058824,0.32567049808429116,0.3333333333333333,0.34099616858237547,-0.28186274509803916,2.41139123265734,2.436318749687387,2.4409853104915205,1.0122726156723925,0.23314884134787114,0.010836885535426029,0.31344292575320465,0.049507377148833714,6.331236753078297,0.5514818504764765,0.26967994498529685,2.0449494325821806,0.031759449491704665,0.0626962328219399,0.5065607304015047,0.3367848516207033,0.16426846010152704,2.050210073270009,0.10298837554526939,0.06029230406893168,1.708151266329508
500,25,qcd,268,0.536,240,0.9386047439716074,0.0,0.9386047439716074,0.9999999989345888,0.0,0.013416407864998738,0.45484141016216517,0.0033333333333333322,0.12313432835820895,0.004,0.05223880597014925,0.7873134328358209,0.17537313432835822,0.03731343283582089,0.313953488372093,0.35658914728682173,0.32945736434108525,-0.12313432835820895,2.423153842094339,2.430325181450597,2.433777717737907,1.0043843174374707,0.24601327917836172,0.030519410364386886,0.23208435309561073,0.049875466805381644,4.653276810445179,0.5477225575051662,0.282842712474619,1.9364916731037087,0.03509456538945191,0.06284462647998763,0.5584338288752101,0.3383051812263642,0.11533444597688494,2.933253620467961,0.1037413264312474,0.06074058015979583,1.7079409870357765
500,25,shuffle_b,268,0.536,240,0.9386047439716074,0.0,0.9386047439716074,0.9999999989345888,0.0,0.013416407864998738,0.45484141016216517,0.0033333333333333322,0.12313432835820895,0.004,0.05223880597014925,0.7873134328358209,0.17537313432835822,0.03731343283582089,0.313953488372093,0.35658914728682173,0.32945736434108525,-0.12313432835820895,2.423153842094339,2.430325181450597,2.433777717737907,1.0043843174374707,0.24601327917836172,0.030519410364386886,0.23208435309561073,0.049875466805381644,4.653276810445179,0.5477225575051662,0.282842712474619,1.9364916731037087,0.03509456538945191,0.06284462647998763,0.5584338288752101,0.3383051812263642,0.11533444597688494,2.933253620467961,0.10374132643124741,0.06074058015979583,1.7079409870357767
500,25,shuffle_e,265,0.53,240,0.9386047439716074,2.800460322931026,2.800460322931026,2.98364177033405,0.002,0.013416407864998738,0.4599905582017369,0.0033333333333333322,0.07295597484276731,0.004,0.018867924528301886,0.7962264150943397,0.13962264150943396,0.06415094339622641,0.31048387096774194,0.3588709677419355,0.33064516129032256,0.07295597484276731,7.757224436073935,7.530331177642844,7.898915218628779,1.0182656546452271,0.12533458348934873,0.034372881324044154,0.3064435962826153,0.05015698625755191,6.1096891808661145,0.21371649558335234,0.21693045781865616,0.985184366143778,0.03509456538945191,0.06284462647998763,0.5584338288752101,0.3383051812263642,0.11533444597688494,2.933253620467961,0.0992642966347803,0.061083427173495256,1.625061022736002
500,25,shuffle_w,267,0.534,240,0.9386047439716074,0.0,0.9386047439716074,0.9999999989345888,0.0,0.013416407864998738,0.45654493604292234,0.0033333333333333322,0.12359550561797752,0.004,0.011235955056179775,0.7902621722846442,0.17228464419475656,0.03745318352059925,0.3151750972762646,0.3540856031128405,0.33073929961089493,-0.12359550561797752,2.423141911153713,2.44809925557144,2.4337673567339793,1.0043849869177521,0.24233919132565646,0.0276967010428828,0.2358658650761616,0.04996877926639076,4.7202647040610435,0.5477225575051662,0.282842712474619,1.9364916731037087,0.03509456538945191,0.06284462647998763,0.5584338288752101,0.3383051812263642,0.11533444597688494,2.933253620467961,0.10379330682060689,0.060854220259445396,1.7056057308448835
500,25,shuffle_h,268,0.536,240,0.9386047439716074,0.0,0.9386047439716074,0.9999999989345888,0.0,0.013416407864998738,0.45484141016216517,0.0033333333333333322,0.12313432835820895,0.004,0.04477611940298507,0.7873134328358209,0.17537313432835822,0.03731343283582089,0.313953488372093,0.35658914728682173,0.32945736434108525,-0.12313432835820895,2.423153842094339,2.430325181450597,2.433777717737907,1.0043843174374707,0.24601327917836172,0.030519410364386886,0.23208435309561073,0.049875466805381644,4.653276810445179,0.5477225575051662,0.282842712474619,1.9364916731037087,0.03509456538945191,0.06284462647998763,0.5584338288752101,0.3383051812263642,0.11533444597688494,2.933253620467961,0.1037413264312474,0.06074058015979583,1.7079409870357765
500,26,qcd,267,0.534,240,0.9386047439716074,0.0,0.9386047439716074,0.9999999989345888,0.0,0.00565685424949238,0.2621990355533653,0.006,0.3595505617977528,0.001,0.27902621722846443,0.7528089887640449,0.20224719101123595,0.0449438202247191,0.3176470588235294,0.32941176470588235,0.35294117647058826,-0.3595505617977528,2.3990945797530854,2.430009812121447,2.362996840009623,0.984953598725075,0.2637407614159814,0.02541466940552105,0.4415029821210899,0.04996877926639076,8.835576706154335,0.5602578771323871,0.2581988897471611,2.1698694277152564,0.016871467619714614,0.06438895077385465,0.2620242668492951,0.1700753357624519,0.11962342709421224,1.421756088199221,0.1022958822752634,0.060854220259445396,1.6809989814861805
500,26,shuffle_b,267,0.534,240,0.9386047439716074,0.0,0.9386047439716074,0.9999999989345888,0.0,0.00565685424949238,0.2621990355533653,0.006,0.3595505617977528,0.001,0.27902621722846443,0.7528089887640449,0.20224719101123595,0.0449438202247191,0.3176470588235294,0.32941176470588235,0.35294117647058826,-0.3595505617977528,2.3990945797530854,2.430009812121447,2.362996840009623,0.984953598725075,0.2637407614159814,0.02541466940552105,0.4415029821210899,0.04996877926639076,8.835576706154335,0.5602578771323871,0.2581988897471611,2.1698694277152564,0.016871467619714614,0.06438895077385465,0.2620242668492951,0.1700753357624519,0.11962342709421224,1.421756088199221,0.10229588227526339,0.060854220259445396,1.6809989814861803
500,26,shuffle_e,265,0.53,240,0.9386047439716074,2.823619196062687,2.823619196062687,3.0083154929587543,0.006,0.00565685424949238,0.2338709499222063,0.006,0.37987421383647796,0.001,0.005660377358490566,0.7811320754716982,0.14339622641509434,0.07547169811320754,0.30612244897959184,0.3224489795918367,0.37142857142857144,-0.37987421383647796,7.7890388776735975,7.733237936022165,7.748059436512344,0.9947388321197476,0.12650227643502107,0.04806400471470938,0.49439243080556033,0.05015698625755191,9.85690065720649,0.19999999999999998,0.2,0.9999999999999999,0.04720971083500498,0.06344891563557341,0.7440585920515917,0.12390938363794468,0.09265990819042821,1.337249151847795,0.06313908499355834,0.061083427173495256,1.0336532823252436
500,26,shuffle_w,266,0.532,240,0.9386047439716074,0.0,0.9386047439716074,0.9999999989345888,0.0,0.00565685424949238,0.26318474621334037,0.006,0.3609022556390977,0.001,0.005639097744360902,0.7556390977443609,0.19924812030075187,0.045112781954887216,0.3188976377952756,0.33070866141732286,0.35039370078740156,-0.3609022556390977,2.407795333039335,2.4299968345389797,2.3804097874752275,0.9886262984281396,0.2577056915600917,0.022501874277535753,0.44451078643808367,0.05006261743217589,8.879096004924243,0.5602578771323871,0.2581988897471611,2.1698694277152564,0.016871467619714614,0.06438895077385465,0.2620242668492951,0.1700753357624519,0.11962342709421224,1.421756088199221,0.10233499547101016,0.06096850058594661,1.6784896214849447
500,26,shuffle_h,267,0.534,240,0.9386047439716074,0.0,0.9386047439716074,0.9999999989345888,0.0,0.00565685424949238,0.2621990355533653,0.006,0.3595505617977528,0.001,0.28277153558052437,0.7528089887640449,0.20224719101123595,0.0449438202247191,0.3176470588235294,0.32941176470588235,0.35294117647058826,-0.3595505617977528,2.3990945797530854,2.430009812121447,2.362996840009623,0.984953598725075,0.2637407614159814,0.02541466940552105,0.4415029821210899,0.04996877926639076,8.835576706154335,0.5602578771323871,0.2581988897471611,2.1698694277152564,0.016871467619714614,0.06438895077385465,0.2620242668492951,0.1700753357624519,0.11962342709421224,1.421756088199221,0.1022958822752634,0.060854220259445396,1.6809989814861805
500,27,qcd,269,0.538,240,0.9386047439716074,0.0,0.9386047439716074,0.9999999989345888,0.0,0.01131370849898476,0.36812360336586264,0.006666666666666674,0.2788104089219331,0.01,0.16356877323420074,0.7732342007434945,0.17843866171003717,0.048327137546468404,0.32421875,0.31640625,0.359375,0.2788104089219331,2.4641129247300806,2.440730785410498,2.448735048441134,0.9937592647907436,0.2097379484484679,0.03236927837150014,0.3070160874297884,0.04978267515886163,6.167127147146443,0.5504167329230252,0.2480694691784169,2.2188007849009166,0.018825865584087702,0.06329621044272916,0.2974248450643261,0.07542805060140033,0.07388651055419657,1.0208636195652119,0.10301859488486537,0.06062757433138721,1.6992036382945326
500,27,shuffle_b,269,0.538,240,0.9386047439716074,0.0,0.9386047439716074,0.9999999989345888,0.0,0.01131370849898476,0.36812360336586264,0.006666666666666674,0.2788104089219331,0.01,0.16356877323420074,0.7732342007434945,0.17843866171003717,0.048327137546468404,0.32421875,0.31640625,0.359375,0.2788104089219331,2.4641129247300806,2.440730785410498,2.448735048441134,0.9937592647907436,0.2097379484484679,0.03236927837150014,0.3070160874297884,0.04978267515886163,6.167127147146443,0.5504167329230252,0.2480694691784169,2.2188007849009166,0.018825865584087702,0.06329621044272916,0.2974248450643261,0.07542805060140033,0.07388651055419657,1.0208636195652119,0.10301859488486535,0.06062757433138721,1.6992036382945324
500,27,shuffle_e,257,0.514,240,0.9386047439716074,2.814544690474121,2.814544690474121,2.998647413144348,0.008,0.01131370849898476,0.3982961181406752,0.006666666666666666,0.2114137483787289,0.01,0.007782101167315175,0.7704280155642024,0.14785992217898833,0.08171206225680934,0.3008474576271186,0.3135593220338983,0.3855932203389831,0.2114137483787289,7.804987987572699,7.807064221920311,7.683134856159647,0.9843877874498885,0.1134105789828758,0.06463311406015569,0.35150353428695325,0.050931657369836215,6.901474494233283,0.25555062599997597,0.19518001458970666,1.3093073414159542,0.037794519058322644,0.06487491201346025,0.5825752650035353,0.11819928791401137,0.07780829682065438,1.5191090506254998,0.09264267080335137,0.062026856394454565,1.4935896511375348
500,27,shuffle_w,266,0.532,240,0.9386047439716074,0.0,0.9386047439716074,0.9999999989345888,0.0,0.01131370849898476,0.3722753733286356,0.006666666666666674,0.2819548872180451,0.01,0.03759398496240601,0.7819548872180451,0.16917293233082706,0.04887218045112782,0.3241106719367589,0.3201581027667984,0.3557312252964427,0.2819548872180451,2.4805698150878084,2.4407271224000646,2.4783818416464,0.999117955306841,0.20105039094597046,0.027573714804290318,0.3165196237310301,0.05006261743217589,6.322474532216505,0.5504167329230252,0.2480694691784169,2.2188007849009166,0.018825865584087702,0.06329621044272916,0.2974248450643261,0.07542805060140033,0.07388651055419657,1.0208636195652119,0.10329721379011716,0.06096850058594661,1.694271841973549
500,27,shuffle_h,269,0.538,240,0.9386047439716074,0.0,0.9386047439716074,0.9999999989345888,0.0,0.01131370849898476,0.36812360336586264,0.006666666666666674,0.2788104089219331,0.01,0.17100371747211895,0.7732342007434945,0.17843866171003717,0.048327137546468404,0.32421875,0.31640625,0.359375,0.2788104089219331,2.4641129247300806,2.440730785410498,2.448735048441134,0.9937592647907436,0.2097379484484679,0.03236927837150014,0.3070160874297884,0.04978267515886163,6.167127147146443,0.5504167329230252,0.2480694691784169,2.2188007849009166,0.018825865584087702,0.06329621044272916,0.2974248450643261,0.07542805060140033,0.07388651055419657,1.0208636195652119,0.10301859488486537,0.06062757433138721,1.6992036382945326
500,28,qcd,274,0.548,240,0.9386047439716074,0.0,0.9386047439716074,0.9999999989345888,0.0,0.017549928774784243,0.35675065805249123,0.011333333333333329,0.2749391727493918,0.014,0.1624087591240876,0.7554744525547445,0.19708029197080293,0.04744525547445255,0.3448275862068966,0.32950191570881227,0.32567049808429116,0.2749391727493918,2.3868383262464907,2.4140931324142474,2.450952180094582,1.026861414593135,0.24011712624815487,0.014335852056605172,0.2936236670177516,0.04932636236669901,5.952672220888956,0.5504167329230252,0.2480694691784169,2.2188007849009166,0.022400044675110385,0.06344891563557341,0.35304062253432,0.07318297514922173,0.07410098563684171,0.9876113592858398,0.10234929144944592,0.060071856149571556,1.7037810716986792
500,28,shuffle_b,274,0.548,240,0.9386047439716074,0.0,0.9386047439716074,0.9999999989345888,0.0,0.017549928774784243,0.3567506580524912,0.011333333333333329,0.2749391727493918,0.014,0.1624087591240876,0.7554744525547445,0.19708029197080293,0.04744525547445255,0.3448275862068966,0.32950191570881227,0.32567049808429116,0.2749391727493918,2.3868383262464907,2.4140931324142474,2.450952180094582,1.026861414593135,0.24011712624815487,0.014335852056605172,0.2936236670177516,0.04932636236669901,5.952672220888956,0.5504167329230252,0.2480694691784169,2.2188007849009166,0.022400044675110385,0.06344891563557341,0.35304062253432,0.07318297514922174,0.07410098563684171,0.9876113592858399,0.10234929144944592,0.060071856149571556,1.7037810716986792
500,28,shuffle_e,248,0.496,240,0.9386047439716074,2.8049396354305407,2.8049396354305407,2.9884140800027486,0.006,0.017549928774784243,0.44997181666860625,0.011333333333333329,0.17473118279569894,0.014,0.016129032258064516,0.7701612903225806,0.14112903225806453,0.08870967741935484,0.34513274336283184,0.3407079646017699,0.3141592920353982,0.17473118279569894,7.722576587587473,7.850982190851255,7.702480679931331,0.9973977716597279,0.11231427054136202,0.02369082360502803,0.3086368044684463,0.05184758473652126,5.952771108565132,0.18851310321207018,0.19069251784911845,0.9885710532241612,0.06430064023364936,0.06605302222609272,0.9734700709613993,0.1796913504495963,0.08762653774647557,2.0506498952347765,0.09868277722755697,0.06314231381671333,1.5628628610919915
500,28,shuffle_w,273,0.546,240,0.9386047439716074,0.0,0.9386047439716074,0.9999999989345888,0.0,0.017549928774784243,0.35805743701971643,0.011333333333333329,0.2759462759462759,0.014,0.018315018315018316,0.7582417582417582,0.19413919413919414,0.047619047619047616,0.3423076923076923,0.33076923076923076,0.3269230769230769,0.2759462759462759,2.4027821938874534,2.414064824501607,2.4509300544007018,1.0200383791072425,0.23714722166728427,0.011322770341445961,0.2966354555461956,0.04941662111074008,6.002746624085264,0.5504167329230252,0.2480694691784169,2.2188007849009166,0.022400044675110385,0.06344891563557341,0.35304062253432,0.07318297514922173,0.07410098563684171,0.9876113592858398,0.1022755953749645,0.060181777295752345,1.6994445822420594
500,28,shuffle_h,274,0.548,240,0.9386047439716074,0.0,0.9386047439716074,0.9999999989345888,0.0,0.017549928774784243,0.35675065805249123,0.011333333333333329,0.2749391727493918,0.014,0.16605839416058393,0.7554744525547445,0.19708029197080293,0.04744525547445255,0.3448275862068966,0.32950191570881227,0.32567049808429116,0.2749391727493918,2.3868383262464907,2.4140931324142474,2.450952180094582,1.026861414593135,0.24011712624815487,0.014335852056605172,0.2936236670177516,0.04932636236669901,5.952672220888956,0.5504167329230252,0.2480694691784169,2.2188007849009166,0.022400044675110385,0.06344891563557341,0.35304062253432,0.07318297514922173,0.07410098563684171,0.9876113592858398,0.10234929144944592,0.060071856149571556,1.7037810716986792
500,29,qcd,269,0.538,240,0.9386047439716074,0.0,0.9386047439716074,0.9999999989345888,0.0,0.010392304845413263,0.44431179488685574,0.0,0.0929368029739777,0.0,0.024163568773234202,0.7695167286245354,0.17843866171003717,0.05204460966542751,0.34901960784313724,0.3215686274509804,0.32941176470588235,0.0929368029739777,2.4601351284540742,2.462646470425958,2.4305257301925693,0.987964320366373,0.21021277022363138,0.019996154955265796,0.19680378385221134,0.04978267515886163,3.9532585025652045,0.5477225575051662,0.23904572186687872,2.2912878474779204,0.01901934269084978,0.06344891563557341,0.29975835678720963,0.16870212647569297,0.08272726468378604,2.0392566721568084,0.10274995131984761,0.06062757433138721,1.6947725923887644
500,29,shuffle_b,269,0.538,240,0.9386047439716074,0.0,0.9386047439716074,0.9999999989345888,0.0,0.010392304845413263,0.44431179488685574,0.0,0.0929368029739777,0.0,0.024163568773234202,0.7695167286245354,0.17843866171003717,0.05204460966542751,0.34901960784313724,0.3215686274509804,0.32941176470588235,0.0929368029739777,2.4601351284540742,2.462646470425958,2.4305257301925693,0.987964320366373,0.21021277022363138,0.019996154955265796,0.19680378385221134,0.04978267515886163,3.9532585025652045,0.5477225575051662,0.23904572186687872,2.2912878474779204,0.01901934269084978,0.06344891563557341,0.29975835678720963,0.16870212647569297,0.08272726468378604,2.0392566721568084,0.10274995131984761,0.06062757433138721,1.6947725923887644
500,29,shuffle_e,260,0.52,240,0.9386047439716074,2.7880602322017785,2.7880602322017785,2.970430574891369,0.006,0.010392304845413263,0.45969181855601615,2.6645352591003758e-18,0.07179487179487179,0.0,0.019230769230769232,0.7961538461538461,0.12692307692307692,0.07692307692307693,0.37083333333333335,0.32916666666666666,0.3,0.07179487179487179,7.602651040295578,7.463097350444537,7.802976029574314,1.0263493600083673,0.13537184398624158,0.0503460248899774,0.24927903932687914,0.05063696835418333,4.922866582044996,0.3,0.2,1.4999999999999998,0.01901934269084978,0.06344891563557341,0.29975835678720963,0.16870212647569297,0.08272726468378604,2.0392566721568084,0.10179232819773257,0.06166797089575194,1.650651492487239
500,29,shuffle_w,268,0.536,240,0.9386047439716074,0.0,0.9386047439716074,0.9999999989345888,0.0,0.010392304845413263,0.44596967471852317,0.0,0.09328358208955226,0.0,0.018656716417910446,0.7723880597014925,0.17537313432835822,0.05223880597014925,0.3464566929133858,0.3228346456692913,0.33070866141732286,0.09328358208955226,2.4754200480543704,2.4724457539973446,2.430517240776583,0.9818605301701907,0.20472185428938802,0.01700981810605738,0.20054596157956814,0.049875466805381644,4.020934026785468,0.5477225575051662,0.23904572186687872,2.2912878474779204,0.01901934269084978,0.06344891563557341,0.29975835678720963,0.16870212647569297,0.08272726468378604,2.0392566721568084,0.10279757726676036,0.06074058015979583,1.6924036121538735
500,29,shuffle_h,269,0.538,240,0.9386047439716074,0.0,0.9386047439716074,0.9999999989345888,0.0,0.010392304845413263,0.44431179488685574,0.0,0.09293680297397769,0.0,0.031598513011152414,0.7695167286245354,0.17843866171003717,0.05204460966542751,0.34901960784313724,0.3215686274509804,0.32941176470588235,0.09293680297397769,2.4601351284540742,2.462646470425958,2.4305257301925693,0.987964320366373,0.21021277022363138,0.019996154955265796,0.19680378385221134,0.04978267515886163,3.9532585025652045,0.5477225575051662,0.23904572186687872,2.2912878474779204,0.01901934269084978,0.06344891563557341,0.29975835678720963,0.16870212647569297,0.08272726468378604,2.0392566721568084,0.10274995131984761,0.06062757433138721,1.6947725923887644
500,30,qcd,266,0.532,240,0.9386047439716074,0.0,0.9386047439716074,0.9999999989345888,0.0,0.007483314773547883,0.45147229955568435,0.003333333333333335,0.03132832080200502,0.0,0.041353383458646614,0.7819548872180451,0.18045112781954886,0.03759398496240601,0.32421875,0.33984375,0.3359375,-0.03132832080200502,2.426740070167077,2.4158774957366993,2.4336781295140244,1.0028590039090877,0.2469455460099288,0.01149968862803105,0.22782906090302346,0.05006261743217589,4.550881927252066,0.5477225575051662,0.282842712474619,1.9364916731037087,0.005551444896054106,0.06329621044272916,0.08770580193070311,0.1689669257958293,0.08242914744507056,2.049844394040665,0.10261083571565828,0.06096850058594661,1.6830139289879522
500,30,shuffle_b,266,0.532,240,0.9386047439716074,0.0,0.9386047439716074,0.9999999989345888,0.0,0.007483314773547883,0.4514722995556843,0.003333333333333335,0.03132832080200502,0.0,0.041353383458646614,0.7819548872180451,0.18045112781954886,0.03759398496240601,0.32421875,0.33984375,0.3359375,-0.03132832080200502,2.426740070167077,2.4158774957366993,2.4336781295140244,1.0028590039090877,0.2469455460099288,0.01149968862803105,0.22782906090302346,0.05006261743217589,4.550881927252066,0.5477225575051662,0.282842712474619,1.9364916731037087,0.005551444896054106,0.06329621044272916,0.08770580193070311,0.1689669257958293,0.08242914744507056,2.049844394040665,0.10261083571565828,0.06096850058594661,1.6830139289879522
500,30,shuffle_e,254,0.508,240,0.9386047439716074,0.0,0.9386047439716074,0.9999999989345888,0.0,0.007483314773547883,0.4637320671409949,0.0033333333333333322,0.08136482939632544,0.0,0.015748031496062992,0.8031496062992126,0.13385826771653545,0.06299212598425197,0.31932773109243695,0.3403361344537815,0.3403361344537815,-0.08136482939632544,2.600121143638711,2.6019896563417744,2.578763657220934,0.9917859648693567,0.11963410353933501,0.017153289515288394,0.24411565398031806,0.051231551957855996,4.76494747184571,0.270993542358485,0.22360679774997896,1.2119199643540823,0.01386483884679505,0.0639137490706142,0.2169304578186562,0.16903410302792513,0.083028640052319,2.0358529649698145,0.0995293284811306,0.06239208147263145,1.5952237228179278
500,30,shuffle_w,265,0.53,240,0.9386047439716074,0.0,0.9386047439716074,0.9999999989345888,0.0,0.007483314773547883,0.45317596861061143,0.003333333333333335,0.031446540880503145,0.0,0.016981132075471698,0.7849056603773585,0.17735849056603772,0.03773584905660377,0.3254901960784314,0.3411764705882353,0.3333333333333333,-0.031446540880503145,2.4267270659604856,2.415863491092988,2.452720450981327,1.010711293159189,0.24326506922759533,0.011091871077436038,0.2316583662873816,0.05015698625755191,4.618665983993443,0.5477225575051662,0.282842712474619,1.9364916731037087,0.005551444896054106,0.06329621044272916,0.08770580193070311,0.1689669257958293,0.08242914744507056,2.049844394040665,0.1027881206093829,0.061083427173495256,1.682749730420885
500,30,shuffle_h,266,0.532,240,0.9386047439716074,0.0,0.9386047439716074,0.9999999989345888,0.0,0.007483314773547883,0.45147229955568435,0.003333333333333335,0.03132832080200502,0.0,0.03383458646616541,0.7819548872180451,0.18045112781954886,0.03759398496240601,0.32421875,0.33984375,0.3359375,-0.03132832080200502,2.426740070167077,2.4158774957366993,2.4336781295140244,1.0028590039090877,0.2469455460099288,0.01149968862803105,0.22782906090302346,0.05006261743217589,4.550881927252066,0.5477225575051662,0.282842712474619,1.9364916731037087,0.005551444896054106,0.06329621044272916,0.08770580193070311,0.1689669257958293,0.08242914744507056,2.049844394040665,0.10261083571565828,0.06096850058594661,1.6830139289879522
500,31,qcd,270,0.54,240,0.9386047439716074,0.0,0.9386047439716074,0.9999999989345888,0.0,0.00824621125123532,0.4405072521898185,0.0013333333333333357,0.09382716049382715,0.001,0.024074074074074074,0.762962962962963,0.18888888888888888,0.04814814814814815,0.3346303501945525,0.3424124513618677,0.3229571984435798,-0.09382716049382715,2.43551729193846,2.4405437873247084,2.4647412774408877,1.0119990876678062,0.21256061400504558,0.013848350521441377,0.19716787635860986,0.049690399499995326,3.967926970654128,0.5504167329230252,0.2480694691784169,2.2188007849009166,0.020210349509379937,0.06360273141434804,0.31775914430021973,0.33631308364847223,0.11699401969383898,2.8746177328428253,0.1024326120215072,0.06051519689588296,1.6926758446765628
500,31,shuffle_b,270,0.54,240,0.9386047439716074,0.0,0.9386047439716074,0.9999999989345888,0.0,0.00824621125123532,0.4405072521898185,0.0013333333333333357,0.09382716049382715,0.001,0.024074074074074074,0.762962962962963,0.18888888888888888,0.04814814814814815,0.3346303501945525,0.3424124513618677,0.3229571984435798,-0.09382716049382715,2.43551729193846,2.4405437873247084,2.4647412774408877,1.0119990876678062,0.21256061400504558,0.013848350521441377,0.19716787635860986,0.049690399499995326,3.967926970654128,0.5504167329230252,0.2480694691784169,2.2188007849009166,0.020210349509379937,0.06360273141434804,0.31775914430021973,0.3363130836484723,0.11699401969383898,2.8746177328428257,0.1024326120215072,0.06051519689588296,1.6926758446765628
500,31,shuffle_e,266,0.532,240,0.9386047439716074,2.7723468223872927,2.7723468223872927,2.9536893322131625,0.002,0.00824621125123532,0.4471314213956805,0.0013333333333333305,0.07644110275689223,0.001,0.005639097744360902,0.7744360902255639,0.15413533834586465,0.07142857142857142,0.32793522267206476,0.3360323886639676,0.3360323886639676,0.07644110275689223,7.761836479179429,7.763456318102448,7.438510604578488,0.9583441527699997,0.11085018556469578,0.00661130834759294,0.28174595433480093,0.05006261743217589,5.627871030045648,0.2724669285377849,0.20519567041703082,1.3278395591097751,0.020210349509379937,0.06360273141434804,0.31775914430021973,0.33631308364847223,0.11699401969383898,2.8746177328428253,0.09752641723354352,0.06096850058594661,1.5996197429205532
500,31,shuffle_w,268,0.536,240,0.9386047439716074,0.0,0.9386047439716074,0.9999999989345888,0.0,0.00824621125123532,0.44379461974347395,0.0013333333333333357,0.09452736318407959,0.001,0.007462686567164179,0.7686567164179104,0.1828358208955224,0.048507462686567165,0.33725490196078434,0.34509803921568627,0.3176470588235294,-0.09452736318407959,2.435491922003962,2.4496562807712716,2.507979782586252,1.0297631291351794,0.20163747771320692,0.019996154955265837,0.20466908274056828,0.049875466805381644,4.103602349010679,0.5504167329230252,0.2480694691784169,2.2188007849009166,0.020210349509379937,0.06360273141434804,0.31775914430021973,0.33631308364847223,0.11699401969383898,2.8746177328428253,0.10293292834324415,0.06074058015979583,1.6946319589383083
500,31,shuffle_h,270,0.54,240,0.9386047439716074,0.0,0.9386047439716074,0.9999999989345888,0.0,0.00824621125123532,0.4405072521898185,0.0013333333333333357,0.09382716049382714,0.001,0.005555555555555556,0.762962962962963,0.18888888888888888,0.04814814814814815,0.3346303501945525,0.3424124513618677,0.3229571984435798,-0.09382716049382714,2.43551729193846,2.4405437873247084,2.4647412774408877,1.0119990876678062,0.21256061400504558,0.013848350521441377,0.19716787635860986,0.049690399499995326,3.967926970654128,0.5504167329230252,0.2480694691784169,2.2188007849009166,0.020210349509379937,0.06360273141434804,0.31775914430021973,0.33631308364847223,0.11699401969383898,2.8746177328428253,0.1024326120215072,0.06051519689588296,1.6926758446765628
500,32,qcd,268,0.536,240,0.9386047439716074,0.0,0.9386047439716074,0.9999999989345888,0.0,0.0150996688705415,0.3694218297620553,0.013333333333333336,0.2997512437810945,0.008,0.17164179104477612,0.7686567164179104,0.19402985074626866,0.03731343283582089,0.32170542635658916,0.35271317829457366,0.32558139534883723,-0.2997512437810945,2.4278719362737387,2.4270301689689666,2.3865400178853218,0.982976071443104,0.25415857339047804,0.023893077530887503,0.32811784508671554,0.049875466805381644,6.578742337732087,0.5477225575051662,0.282842712474619,1.9364916731037087,0.014830342054873283,0.06360273141434804,0.23317146488975676,0.3381199030972939,0.1691730729741841,1.9986626544810189,0.10225438137466825,0.06074058015979583,1.683460729312401
500,32,shuffle_b,268,0.536,240,0.9386047439716074,0.0,0.9386047439716074,0.9999999989345888,0.0,0.0150996688705415,0.3694218297620553,0.013333333333333336,0.2997512437810945,0.008,0.17164179104477612,0.7686567164179104,0.19402985074626866,0.03731343283582089,0.32170542635658916,0.35271317829457366,0.32558139534883723,-0.2997512437810945,2.4278719362737387,2.4270301689689666,2.3865400178853218,0.982976071443104,0.25415857339047804,0.023893077530887503,0.32811784508671554,0.049875466805381644,6.578742337732087,0.5477225575051662,0.282842712474619,1.9364916731037087,0.014830342054873285,0.06360273141434804,0.2331714648897568,0.3381199030972939,0.1691730729741841,1.9986626544810189,0.10225438137466825,0.06074058015979583,1.683460729312401
500,32,shuffle_e,255,0.51,240,0.9386047439716074,2.8232089081575253,2.8232089081575253,3.0078783676327214,0.008,0.0150996688705415,0.09629826790438176,0.013333333333333327,0.4562091503267974,0.008,0.01764705882352941,0.7411764705882353,0.17254901960784313,0.08627450980392157,0.3648068669527897,0.3218884120171674,0.3133047210300429,-0.4562091503267974,7.953425636820479,7.50659020744282,7.732961506943004,0.972280607131494,0.1374101997787645,0.03902197910439442,0.6211447803364182,0.05113099925649136,12.148105637844745,0.0497929597731969,0.19069251784911845,0.2611164839335467,0.05927342990055047,0.06640158940746631,0.8926507698004841,0.08831528854634321,0.10732015270279745,0.8229143019477008,0.05551229691826177,0.06226962388358562,0.8914827721144291
500,32,shuffle_w,268,0.536,240,0.9386047439716074,0.0,0.9386047439716074,0.9999999989345888,0.0,0.0150996688705415,0.3694218297620553,0.013333333333333336,0.2997512437810945,0.008,0.007462686567164179,0.7686567164179104,0.19402985074626866,0.03731343283582089,0.32170542635658916,0.35271317829457366,0.32558139534883723,-0.2997512437810945,2.427877549039637,2.4347979785732736,2.3865463987925146,0.9829764271828819,0.2515448748323564,0.023893077530887503,0.32811784508671554,0.049875466805381644,6.578742337732087,0.5477225575051662,0.282842712474619,1.9364916731037087,0.014830342054873283,0.06360273141434804,0.23317146488975676,0.3381199030972939,0.1691730729741841,1.9986626544810189,0.10225438137466825,0.06074058015979583,1.683460729312401
500,32,shuffle_h,268,0.536,240,0.9386047439716074,0.0,0.9386047439716074,0.9999999989345888,0.0,0.0150996688705415,0.3694218297620553,0.013333333333333336,0.2997512437810946,0.008,0.17164179104477612,0.7686567164179104,0.19402985074626866,0.03731343283582089,0.32170542635658916,0.35271317829457366,0.32558139534883723,-0.2997512437810946,2.4278719362737387,2.4270301689689666,2.3865400178853218,0.982976071443104,0.25415857339047804,0.023893077530887503,0.32811784508671554,0.049875466805381644,6.578742337732087,0.5477225575051662,0.282842712474619,1.9364916731037087,0.014830342054873283,0.06360273141434804,0.23317146488975676,0.3381199030972939,0.1691730729741841,1.9986626544810189,0.10225438137466825,0.06074058015979583,1.683460729312401
500,33,qcd,268,0.536,240,0.9386047439716074,0.0,0.9386047439716074,0.9999999989345888,0.0,0.010770329614269008,0.25824561899997434,0.009333333333333332,0.36318407960199006,0.006,0.28544776119402987,0.7611940298507462,0.19776119402985073,0.041044776119402986,0.33073929961089493,0.33852140077821014,0.33073929961089493,-0.36318407960199006,2.432629858253852,2.4166399975238186,2.3677847764306392,0.9733436298978264,0.25868645183570904,0.006354058995546529,0.4563947913150048,0.049875466805381644,9.150687112281004,0.5514818504764765,0.26967994498529685,2.0449494325821806,0.019607843137254916,0.0639137490706142,0.3067859955389484,0.17073330090110966,0.11533444597688494,1.4803322585459648,0.1019816984537734,0.06074058015979583,1.6789714254536385
500,33,shuffle_b,268,0.536,240,0.9386047439716074,0.0,0.9386047439716074,0.9999999989345888,0.0,0.010770329614269008,0.25824561899997434,0.009333333333333332,0.36318407960199006,0.006,0.28544776119402987,0.7611940298507462,0.19776119402985073,0.041044776119402986,0.33073929961089493,0.33852140077821014,0.33073929961089493,-0.36318407960199006,2.432629858253852,2.4166399975238186,2.3677847764306392,0.9733436298978264,0.25868645183570904,0.006354058995546529,0.4563947913150048,0.049875466805381644,9.150687112281004,0.5514818504764765,0.26967994498529685,2.0449494325821806,0.019607843137254916,0.0639137490706142,0.3067859955389484,0.1707333009011097,0.11533444597688494,1.480332258545965,0.1019816984537734,0.06074058015979583,1.6789714254536385
500,33,shuffle_e,243,0.486,240,0.9386047439716074,2.8149500366812954,2.8149500366812954,2.9990792735300387,0.004,0.010770329614269008,0.4488050070949185,0.009333333333333334,0.15089163237311384,0.006,0.00823045267489712,0.7736625514403292,0.1646090534979424,0.06172839506172839,0.36403508771929827,0.3157894736842105,0.3201754385964912,-0.15089163237311384,7.742400502856785,7.790433179058567,7.563789075596399,0.9769307429660243,0.14652029264790997,0.03772949678527471,0.2891806763911253,0.05237828008789241,5.521003666135487,0.31269438398822863,0.23094010767585033,1.35400640077266,0.04027594571489555,0.06657795516141343,0.6049441683399474,0.16827397537599764,0.08395292055067764,2.0043850085527417,0.09906744717463488,0.06378861841484718,1.5530583611382363
500,33,shuffle_w,267,0.534,240,0.9386047439716074,0.0,0.9386047439716074,0.9999999989345888,0.0,0.010770329614269008,0.259212831056154,0.009333333333333332,0.36454431960049943,0.006,0.018726591760299626,0.7640449438202247,0.1947565543071161,0.04119850187265917,0.328125,0.33984375,0.33203125,-0.36454431960049943,2.4519194146790744,2.4166353296033107,2.3760874788884467,0.9690724192089514,0.25257617903299623,0.008438464451051902,0.45946981821667776,0.04996877926639076,9.195137943378164,0.5514818504764765,0.26967994498529685,2.0449494325821806,0.019607843137254916,0.0639137490706142,0.3067859955389484,0.17073330090110966,0.11533444597688494,1.4803322585459648,0.1021586643968978,0.060854220259445396,1.6787441193290353
500,33,shuffle_h,268,0.536,240,0.9386047439716074,0.0,0.9386047439716074,0.9999999989345888,0.0,0.010770329614269008,0.25824561899997434,0.009333333333333332,0.36318407960199,0.006,0.2891791044776119,0.7611940298507462,0.19776119402985073,0.041044776119402986,0.33073929961089493,0.33852140077821014,0.33073929961089493,-0.36318407960199,2.432629858253852,2.4166399975238186,2.3677847764306392,0.9733436298978264,0.25868645183570904,0.006354058995546529,0.4563947913150048,0.049875466805381644,9.150687112281004,0.5514818504764765,0.26967994498529685,2.0449494325821806,0.019607843137254916,0.0639137490706142,0.3067859955389484,0.17073330090110966,0.11533444597688494,1.4803322585459648,0.1019816984537734,0.06074058015979583,1.6789714254536385
500,34,qcd,269,0.538,240,0.9386047439716074,0.0,0.9386047439716074,0.9999999989345888,0.0,0.00916515138991168,0.43787340168703603,0.015333333333333329,0.2007434944237918,0.017,0.046468401486988845,0.758364312267658,0.20446096654275092,0.03717472118959108,0.3359073359073359,0.33204633204633205,0.33204633204633205,0.2007434944237918,2.438914219715701,2.3937723599409924,2.372311517916087,0.9726916587466624,0.26164887151299815,0.0031524964514583953,0.21005088176699205,0.04978267515886163,4.219357057383881,0.5477225575051662,0.282842712474619,1.9364916731037087,0.015501361079256768,0.0639137490706142,0.24253562503633308,0.0196078431372549,0.06804138174397717,0.2881752638568445,0.10328653972262292,0.06062757433138721,1.703623159291579
500,34,shuffle_b,269,0.538,240,0.9386047439716074,0.0,0.9386047439716074,0.9999999989345888,0.0,0.00916515138991168,0.43787340168703603,0.015333333333333329,0.2007434944237918,0.017,0.046468401486988845,0.758364312267658,0.20446096654275092,0.03717472118959108,0.3359073359073359,0.33204633204633205,0.33204633204633205,0.2007434944237918,2.438914219715701,2.3937723599409924,2.372311517916087,0.9726916587466624,0.26164887151299815,0.0031524964514583953,0.21005088176699205,0.04978267515886163,4.219357057383881,0.5477225575051662,0.282842712474619,1.9364916731037087,0.01550136107925677,0.0639137490706142,0.2425356250363331,0.0196078431372549,0.06804138174397717,0.2881752638568445,0.10328653972262292,0.06062757433138721,1.703623159291579
500,34,shuffle_e,260,0.52,240,0.9386047439716074,2.8234676578947697,2.8234676578947697,3.0081540424986652,0.006,0.00916515138991168,0.0713355268884285,0.01533333333333333,0.46025641025641023,0.017,0.019230769230769232,0.7769230769230769,0.16153846153846155,0.06153846153846154,0.319672131147541,0.3442622950819672,0.3360655737704918,0.46025641025641023,7.752243946043304,7.762023013189499,7.82813419102827,1.009789455222665,0.12637569655979064,0.017706941798928556,0.6513829923795534,0.05063696835418333,12.863783388914909,0.25617376914899,0.22360679774997896,1.1456439237389602,0.0512880206862048,0.06422937444233849,0.7985134703787017,0.07646690161142415,0.09394989937694842,0.8139114796134215,0.04810759609259634,0.06166797089575194,0.7801066808882191
500,34,shuffle_w,268,0.536,240,0.9386047439716074,0.0,0.9386047439716074,0.9999999989345888,0.0,0.00916515138991168,0.43950725766348026,0.015333333333333329,0.2014925373134328,0.017,0.022388059701492536,0.7611940298507462,0.20149253731343283,0.03731343283582089,0.3333333333333333,0.3333333333333333,0.3333333333333333,0.2014925373134328,2.4660394066067326,2.4019768642726227,2.372305337906535,0.9619900361490267,0.25305737080563295,0.0,0.21378567363050147,0.049875466805381644,4.286389427986941,0.5477225575051662,0.282842712474619,1.9364916731037087,0.015501361079256768,0.0639137490706142,0.24253562503633308,0.0196078431372549,0.06804138174397717,0.2881752638568445,0.10347256215497372,0.06074058015979583,1.7035161976187736
500,34,shuffle_h,269,0.538,240,0.9386047439716074,0.0,0.9386047439716074,0.9999999989345888,0.0,0.00916515138991168,0.43787340168703603,0.015333333333333329,0.20074349442379186,0.017,0.05018587360594796,0.758364312267658,0.20446096654275092,0.03717472118959108,0.3359073359073359,0.33204633204633205,0.33204633204633205,0.20074349442379186,2.438914219715701,2.3937723599409924,2.372311517916087,0.9726916587466624,0.26164887151299815,0.0031524964514583953,0.21005088176699205,0.04978267515886163,4.219357057383881,0.5477225575051662,0.282842712474619,1.9364916731037087,0.015501361079256768,0.0639137490706142,0.24253562503633308,0.0196078431372549,0.06804138174397717,0.2881752638568445,0.10328653972262292,0.06062757433138721,1.703623159291579
500,35,qcd,268,0.536,240,0.9386047439716074,0.0,0.9386047439716074,0.9999999989345888,0.0,0.012328828005937953,0.4438259910805748,0.002000000000000007,0.11069651741293532,0.002,0.029850746268656716,0.7686567164179104,0.1865671641791045,0.04477611940298507,0.35546875,0.3203125,0.32421875,0.11069651741293532,2.464841617271716,2.4444980923557087,2.3860793168763763,0.9680456951702561,0.23195274361657636,0.02725058533392754,0.20871076674157849,0.049875466805381644,4.18463786125523,0.5477225575051662,0.2581988897471611,2.1213203435596433,0.0163422410005859,0.06360273141434804,0.2569424400050102,0.16901309840131307,0.08272726468378604,2.043015673820997,0.1026620477416835,0.06074058015979583,1.690172327488493
500,35,shuffle_b,268,0.536,240,0.9386047439716074,0.0,0.9386047439716074,0.9999999989345888,0.0,0.012328828005937953,0.4438259910805748,0.002000000000000007,0.11069651741293532,0.002,0.029850746268656716,0.7686567164179104,0.1865671641791045,0.04477611940298507,0.35546875,0.3203125,0.32421875,0.11069651741293532,2.464841617271716,2.4444980923557087,2.3860793168763763,0.9680456951702561,0.23195274361657636,0.02725058533392754,0.20871076674157849,0.049875466805381644,4.18463786125523,0.5477225575051662,0.2581988897471611,2.1213203435596433,0.016342241000585896,0.06360273141434804,0.25694244000501015,0.16901309840131304,0.08272726468378604,2.0430156738209964,0.1026620477416835,0.06074058015979583,1.690172327488493
500,35,shuffle_e,263,0.526,240,0.9386047439716074,2.8042592773052686,2.8042592773052686,2.9876892188416293,0.004,0.012328828005937953,0.45226374756499643,0.0019999999999999983,0.08365019011406843,0.002,0.0019011406844106464,0.7832699619771863,0.1482889733840304,0.06844106463878327,0.37142857142857144,0.30612244897959184,0.3224489795918367,-0.08365019011406843,7.739960160091712,7.579432376310607,7.651801388119925,0.9886099191535448,0.14150578942860528,0.04806400471470938,0.24772283806724232,0.050347336035592404,4.920276971399596,0.25579698740491863,0.21081851067789195,1.2133516482134197,0.0163422410005859,0.06360273141434804,0.2569424400050102,0.16901309840131307,0.08272726468378604,2.043015673820997,0.09752093632061247,0.06131524366950087,1.5904843638274713
500,35,shuffle_w,264,0.528,240,0.9386047439716074,0.0,0.9386047439716074,0.9999999989345888,0.0,0.012328828005937953,0.45055062730906836,0.002000000000000007,0.11237373737373736,0.002,0.01893939393939394,0.7803030303030303,0.17424242424242425,0.045454545454545456,0.35714285714285715,0.32142857142857145,0.32142857142857145,0.11237373737373736,2.4900938377586894,2.472302676212473,2.421138151987162,0.9723079971019912,0.21306111707661068,0.0291605921759902,0.22390176827472194,0.050251890762960605,4.455588931586118,0.5477225575051662,0.2581988897471611,2.1213203435596433,0.0163422410005859,0.06360273141434804,0.2569424400050102,0.16901309840131307,0.08272726468378604,2.043015673820997,0.10296475162389264,0.06119900613621046,1.6824579045405454
500,35,shuffle_h,268,0.536,240,0.9386047439716074,0.0,0.9386047439716074,0.9999999989345888,0.0,0.012328828005937953,0.4438259910805748,0.002000000000000007,0.11069651741293532,0.002,0.022388059701492536,0.7686567164179104,0.1865671641791045,0.04477611940298507,0.35546875,0.3203125,0.32421875,0.11069651741293532,2.464841617271716,2.4444980923557087,2.3860793168763763,0.9680456951702561,0.23195274361657636,0.02725058533392754,0.20871076674157849,0.049875466805381644,4.18463786125523,0.5477225575051662,0.2581988897471611,2.1213203435596433,0.0163422410005859,0.06360273141434804,0.2569424400050102,0.16901309840131307,0.08272726468378604,2.043015673820997,0.1026620477416835,0.06074058015979583,1.690172327488493
500,36,qcd,273,0.546,240,0.9386047439716074,0.0,0.9386047439716074,0.9999999989345888,0.0,0.013114877048604002,0.4400180767896044,0.0033333333333333366,0.11843711843711842,0.002,0.03663003663003663,0.7619047619047619,0.1978021978021978,0.040293040293040296,0.31679389312977096,0.33587786259541985,0.3473282442748092,0.11843711843711842,2.4284771325507433,2.378405872826298,2.3873693015710282,0.9830725888134934,0.2639241164424329,0.021814794146924013,0.2054549987161928,0.04941662111074008,4.1576092031015,0.5514818504764765,0.26967994498529685,2.0449494325821806,0.017555210176447643,0.06329621044272916,0.27735009811261474,0.16969483849653047,0.08184245566484048,2.0734328792804217,0.1021443205353734,0.060181777295752345,1.6972632767790123
500,36,shuffle_b,273,0.546,240,0.9386047439716074,0.0,0.9386047439716074,0.9999999989345888,0.0,0.013114877048604002,0.4400180767896044,0.0033333333333333366,0.11843711843711842,0.002,0.03663003663003663,0.7619047619047619,0.1978021978021978,0.040293040293040296,0.31679389312977096,0.33587786259541985,0.3473282442748092,0.11843711843711842,2.4284771325507433,2.378405872826298,2.3873693015710282,0.9830725888134934,0.2639241164424329,0.021814794146924013,0.2054549987161928,0.04941662111074008,4.1576092031015,0.5514818504764765,0.26967994498529685,2.0449494325821806,0.017555210176447643,0.06329621044272916,0.27735009811261474,0.1696948384965305,0.08184245566484048,2.073432879280422,0.1021443205353734,0.060181777295752345,1.6972632767790123
500,36,shuffle_e,268,0.536,240,0.9386047439716074,2.675447751810422,2.675447751810422,2.8504519779423805,0.002,0.013114877048604002,0.44822736926702234,0.003333333333333334,0.03731343283582089,0.002,0.016791044776119403,0.7761194029850746,0.16044776119402984,0.06343283582089553,0.32270916334661354,0.32270916334661354,0.3545816733067729,0.03731343283582089,7.4646303029144265,7.220345735544237,7.4084663242660564,0.9924759865700995,0.1246863206020194,0.026023795408055037,0.22845655216652497,0.049875466805381644,4.58053962798949,0.2708438690169727,0.21693045781865616,1.2485285456935957,0.017555210176447643,0.06329621044272916,0.27735009811261474,0.16969483849653047,0.08184245566484048,2.0734328792804217,0.09651051159807196,0.06074058015979583,1.5888967695760048
500,36,shuffle_w,271,0.542,240,0.9386047439716074,0.0,0.9386047439716074,0.9999999989345888,0.0,0.013114877048604002,0.4432654426699705,0.0033333333333333366,0.11931119311193113,0.002,0.042435424354243544,0.7675276752767528,0.1918819188191882,0.04059040590405904,0.3192307692307692,0.3346153846153846,0.34615384615384615,0.11931119311193113,2.4284490750903354,2.396377882215807,2.404840394020755,0.9902782885950769,0.25718829625959055,0.019102133879168395,0.21276724182415133,0.04959863506434429,4.289780183429009,0.5514818504764765,0.26967994498529685,2.0449494325821806,0.017555210176447643,0.06329621044272916,0.27735009811261474,0.16969483849653047,0.08184245566484048,2.0734328792804217,0.10211607765000218,0.06040344205093624,1.6905671958874635
500,36,shuffle_h,273,0.546,240,0.9386047439716074,0.0,0.9386047439716074,0.9999999989345888,0.0,0.013114877048604002,0.4400180767896044,0.0033333333333333366,0.11843711843711845,0.002,0.040293040293040296,0.7619047619047619,0.1978021978021978,0.040293040293040296,0.31679389312977096,0.33587786259541985,0.3473282442748092,0.11843711843711845,2.4284771325507433,2.378405872826298,2.3873693015710282,0.9830725888134934,0.2639241164424329,0.021814794146924013,0.2054549987161928,0.04941662111074008,4.1576092031015,0.5514818504764765,0.26967994498529685,2.0449494325821806,0.017555210176447643,0.06329621044272916,0.27735009811261474,0.16969483849653047,0.08184245566484048,2.0734328792804217,0.1021443205353734,0.060181777295752345,1.6972632767790123
500,37,qcd,274,0.548,240,0.9386047439716074,0.0,0.9386047439716074,0.9999999989345888,0.0,0.02009975124224178,0.4467785366283066,0.006666666666666662,0.10705596107055962,0.0,0.029197080291970802,0.7737226277372263,0.18248175182481752,0.043795620437956206,0.3244274809160305,0.3320610687022901,0.3435114503816794,0.10705596107055962,2.4122726826553604,2.4564270791250804,2.4628423585355264,1.020963498962522,0.22557538985471073,0.013584069022940622,0.21661334660880766,0.04932636236669901,4.391431604026951,0.5477225575051662,0.2581988897471611,2.1213203435596433,0.023741617720977198,0.0626962328219399,0.37867694201666713,0.1679879598320251,0.08213423005076352,2.0452856224280573,0.10325625967852181,0.060071856149571556,1.7188791273808217
500,37,shuffle_b,274,0.548,240,0.9386047439716074,0.0,0.9386047439716074,0.9999999989345888,0.0,0.02009975124224178,0.4467785366283066,0.006666666666666662,0.10705596107055962,0.0,0.029197080291970802,0.7737226277372263,0.18248175182481752,0.043795620437956206,0.3244274809160305,0.3320610687022901,0.3435114503816794,0.10705596107055962,2.4122726826553604,2.4564270791250804,2.4628423585355264,1.020963498962522,0.22557538985471073,0.013584069022940622,0.21661334660880766,0.04932636236669901,4.391431604026951,0.5477225575051662,0.2581988897471611,2.1213203435596433,0.023741617720977198,0.0626962328219399,0.37867694201666713,0.1679879598320251,0.08213423005076352,2.0452856224280573,0.1032562596785218,0.060071856149571556,1.7188791273808215
500,37,shuffle_e,264,0.528,240,0.9386047439716074,2.77393749731947,2.77393749731947,2.955384055088472,0.006,0.02009975124224178,0.4594745371850281,0.006666666666666675,0.0669191919191919,0.0,0.00946969696969697,0.7954545454545454,0.13257575757575757,0.07196969696969698,0.3183673469387755,0.34285714285714286,0.33877551020408164,0.0669191919191919,7.6319483095554865,7.5296001016316465,7.645578923748518,1.0017859940398135,0.1354579613179899,0.018555349247599818,0.2510880821087356,0.050251890762960605,4.996589746107748,0.21572527928335997,0.20519567041703082,1.0513149660756935,0.027766437594501432,0.06299407883487121,0.4407785320154718,0.16839058026988768,0.08272726468378604,2.035490728643553,0.09956422471354921,0.06119900613621046,1.6268928369841398
500,37,shuffle_w,273,0.546,240,0.9386047439716074,0.0,0.9386047439716074,0.9999999989345888,0.0,0.02009975124224178,0.44841508804452745,0.006666666666666662,0.10744810744810745,0.0,0.023809523809523808,0.7765567765567766,0.1794871794871795,0.04395604395604396,0.32567049808429116,0.32950191570881227,0.3448275862068966,0.10744810744810745,2.4122543422543505,2.4827435420443904,2.462825062292922,1.020964091204127,0.2196566339127343,0.014335852056605172,0.2203289852281695,0.04941662111074008,4.458600775929695,0.5477225575051662,0.2581988897471611,2.1213203435596433,0.023741617720977198,0.0626962328219399,0.37867694201666713,0.1679879598320251,0.08213423005076352,2.0452856224280573,0.1034495729055305,0.060181777295752345,1.718951775005688
500,37,shuffle_h,274,0.548,240,0.9386047439716074,0.0,0.9386047439716074,0.9999999989345888,0.0,0.02009975124224178,0.4467785366283066,0.006666666666666662,0.10705596107055962,0.0,0.025547445255474453,0.7737226277372263,0.18248175182481752,0.043795620437956206,0.3244274809160305,0.3320610687022901,0.3435114503816794,0.10705596107055962,2.4122726826553604,2.4564270791250804,2.4628423585355264,1.020963498962522,0.22557538985471073,0.013584069022940622,0.21661334660880766,0.04932636236669901,4.391431604026951,0.5477225575051662,0.2581988897471611,2.1213203435596433,0.023741617720977198,0.0626962328219399,0.37867694201666713,0.1679879598320251,0.08213423005076352,2.0452856224280573,0.10325625967852181,0.060071856149571556,1.7188791273808217
500,38,qcd,272,0.544,240,0.9386047439716074,0.0,0.9386047439716074,0.9999999989345888,0.0,0.018439088914585774,0.4481525658950745,0.014666666666666666,0.11151960784313726,0.011,0.03676470588235294,0.7757352941176471,0.1875,0.03676470588235294,0.3282442748091603,0.33587786259541985,0.33587786259541985,-0.11151960784313726,2.3721989386750537,2.4411424271871254,2.420243512103168,1.0202531805595312,0.2561209937624625,0.006232798327692576,0.21777205605120797,0.049507377148833714,4.398779911052876,0.5477225575051662,0.282842712474619,1.9364916731037087,0.02056748272715882,0.06284462647998763,0.32727512086826344,0.3358105238203666,0.11374354983635754,2.9523478412929443,0.10193302959136895,0.06029230406893168,1.6906474410868388
500,38,shuffle_b,272,0.544,240,0.9386047439716074,0.0,0.9386047439716074,0.9999999989345888,0.0,0.018439088914585774,0.4481525658950745,0.014666666666666666,0.11151960784313726,0.011,0.03676470588235294,0.7757352941176471,0.1875,0.03676470588235294,0.3282442748091603,0.33587786259541985,0.33587786259541985,-0.11151960784313726,2.3721989386750537,2.4411424271871254,2.420243512103168,1.0202531805595312,0.2561209937624625,0.006232798327692576,0.21777205605120797,0.049507377148833714,4.398779911052876,0.5477225575051662,0.282842712474619,1.9364916731037087,0.02056748272715882,0.06284462647998763,0.32727512086826344,0.3358105238203666,0.11374354983635754,2.9523478412929443,0.10193302959136895,0.06029230406893168,1.6906474410868388
500,38,shuffle_e,262,0.524,240,0.9386047439716074,2.817591495986489,2.817591495986489,3.001893513836562,0.004,0.018439088914585774,0.38428499927349213,0.014666666666666666,0.2340966921119593,0.011,0.03435114503816794,0.8053435114503816,0.14122137404580154,0.05343511450381679,0.35080645161290325,0.3346774193548387,0.31451612903225806,-0.2340966921119593,7.552148163123235,7.8754485473755995,7.728441778782139,1.0233435059602958,0.1403595233355377,0.025713879663587368,0.41144731312616517,0.05044332723053183,8.156625181479473,0.30970690555255426,0.23904572186687872,1.2955969390869324,0.02953383743418629,0.06284462647998763,0.4699500830606592,0.21391735943987245,0.0976721192212814,2.1901578582034373,0.08472243086000292,0.0614321460514596,1.3791221096042103
500,38,shuffle_w,272,0.544,240,0.9386047439716074,0.0,0.9386047439716074,0.9999999989345888,0.0,0.018439088914585774,0.4481525658950745,0.014666666666666666,0.11151960784313726,0.011,0.03125,0.7757352941176471,0.1875,0.03676470588235294,0.3282442748091603,0.33587786259541985,0.33587786259541985,-0.11151960784313726,2.380415790926998,2.4411442916993904,2.4202459100961886,1.016732421000148,0.2535662888967407,0.006232798327692576,0.21777205605120797,0.049507377148833714,4.398779911052876,0.5477225575051662,0.282842712474619,1.9364916731037087,0.02056748272715882,0.06284462647998763,0.32727512086826344,0.3358105238203666,0.11374354983635754,2.9523478412929443,0.10193302959136895,0.06029230406893168,1.6906474410868388
500,38,shuffle_h,272,0.544,240,0.9386047439716074,0.0,0.9386047439716074,0.9999999989345888,0.0,0.018439088914585774,0.4481525658950745,0.014666666666666666,0.11151960784313723,0.011,0.03676470588235294,0.7757352941176471,0.1875,0.03676470588235294,0.3282442748091603,0.33587786259541985,0.33587786259541985,-0.11151960784313723,2.3721989386750537,2.4411424271871254,2.420243512103168,1.0202531805595312,0.2561209937624625,0.006232798327692576,0.21777205605120797,0.049507377148833714,4.398779911052876,0.5477225575051662,0.282842712474619,1.9364916731037087,0.02056748272715882,0.06284462647998763,0.32727512086826344,0.3358105238203666,0.11374354983635754,2.9523478412929443,0.10193302959136895,0.06029230406893168,1.6906474410868388
500,39,qcd,266,0.532,240,0.9386047439716074,0.0,0.9386047439716074,0.9999999989345888,0.0,0.0034641016151377548,0.25333436975686385,0.0066666666666666576,0.35714285714285715,0.001,0.2857142857142857,0.7781954887218046,0.18421052631578946,0.03759398496240601,0.3046875,0.34375,0.3515625,0.35714285714285715,2.366068862619666,2.419012477172956,2.4240398199042126,1.0245009594608172,0.25921167596220973,0.035516098169234,0.4628896954815221,0.05006261743217589,9.246214425536946,0.5477225575051662,0.282842712474619,1.9364916731037087,0.022400044675110396,0.06344891563557341,0.35304062253432017,0.09216306864088211,0.08458653648709205,1.0895713723299953,0.10288593642709365,0.06096850058594661,1.6875261067320575
500,39,shuffle_b,266,0.532,240,0.9386047439716074,0.0,0.9386047439716074,0.9999999989345888,0.0,0.0034641016151377548,0.25333436975686385,0.0066666666666666576,0.35714285714285715,0.001,0.2857142857142857,0.7781954887218046,0.18421052631578946,0.03759398496240601,0.3046875,0.34375,0.3515625,0.35714285714285715,2.366068862619666,2.419012477172956,2.4240398199042126,1.0245009594608172,0.25921167596220973,0.035516098169234,0.4628896954815221,0.05006261743217589,9.246214425536946,0.5477225575051662,0.282842712474619,1.9364916731037087,0.022400044675110396,0.06344891563557341,0.35304062253432017,0.09216306864088211,0.08458653648709205,1.0895713723299953,0.10288593642709365,0.06096850058594661,1.6875261067320575
500,39,shuffle_e,242,0.484,240,0.9386047439716074,2.819895525667343,2.819895525667343,3.0043482528448586,0.002,0.0034641016151377548,0.06507444523976703,0.006666666666666665,0.47382920110192833,0.001,0.010330578512396695,0.7851239669421488,0.16115702479338842,0.05371900826446281,0.34497816593886466,0.3231441048034934,0.3318777292576419,0.47382920110192833,7.747525975577255,7.731275907372894,7.811841666364313,1.0083014488741053,0.1305281092023258,0.015541598620132949,0.7158745554341222,0.0524863881081478,13.639242120434504,0.33706003538779455,0.2480694691784169,1.358732440973515,0.05652281997749828,0.06622661785325219,0.8534758652894519,0.07667623025359961,0.1041906102749973,0.7359226522545829,0.05193764947769264,0.06392027721005931,0.812537926063923
500,39,shuffle_w,264,0.528,240,0.9386047439716074,0.0,0.9386047439716074,0.9999999989345888,0.0,0.0034641016151377548,0.2552535695277492,0.0066666666666666576,0.35984848484848486,0.001,0.011363636363636364,0.7840909090909091,0.17803030303030304,0.03787878787878788,0.30708661417322836,0.3425196850393701,0.35039370078740156,0.35984848484848486,2.3660846978845167,2.4374935834121176,2.4421645047374154,1.0321543040791907,0.252124126768017,0.03262415457914973,0.4691773763389701,0.050251890762960605,9.3365119046384,0.5477225575051662,0.282842712474619,1.9364916731037087,0.022400044675110396,0.06344891563557341,0.35304062253432017,0.09216306864088211,0.08458653648709205,1.0895713723299953,0.10296475162389264,0.06119900613621046,1.6824579045405454
500,39,shuffle_h,266,0.532,240,0.9386047439716074,0.0,0.9386047439716074,0.9999999989345888,0.0,0.0034641016151377548,0.25333436975686385,0.0066666666666666576,0.35714285714285715,0.001,0.2706766917293233,0.7781954887218046,0.18421052631578946,0.03759398496240601,0.3046875,0.34375,0.3515625,0.35714285714285715,2.366068862619666,2.419012477172956,2.4240398199042126,1.0245009594608172,0.25921167596220973,0.035516098169234,0.4628896954815221,0.05006261743217589,9.246214425536946,0.5477225575051662,0.282842712474619,1.9364916731037087,0.022400044675110396,0.06344891563557341,0.35304062253432017,0.09216306864088211,0.08458653648709205,1.0895713723299953,0.10288593642709365,0.06096850058594661,1.6875261067320575
500,40,qcd,272,0.544,240,0.9386047439716074,0.0,0.9386047439716074,0.9999999989345888,0.0,0.013856406460551019,0.4457786915819464,0.0033333333333333357,0.10906862745098038,0.002,0.03125,0.7720588235294118,0.1875,0.04044117647058824,0.3371647509578544,0.31800766283524906,0.3448275862068966,-0.10906862745098038,2.439404696311992,2.4267224592762693,2.425536035124079,0.9943147353906137,0.23319693070321207,0.019536473232156265,0.21147430387529034,0.049507377148833714,4.2715715526503555,0.5514818504764765,0.26967994498529685,2.0449494325821806,0.013468700594029479,0.06299407883487121,0.2138089935299395,0.3355707224275784,0.1161553420728616,2.888982258061644,0.10219788777474578,0.06029230406893168,1.695040343090949
500,40,shuffle_b,272,0.544,240,0.9386047439716074,0.0,0.9386047439716074,0.9999999989345888,0.0,0.013856406460551019,0.4457786915819464,0.0033333333333333357,0.10906862745098038,0.002,0.03125,0.7720588235294118,0.1875,0.04044117647058824,0.3371647509578544,0.31800766283524906,0.3448275862068966,-0.10906862745098038,2.439404696311992,2.4267224592762693,2.425536035124079,0.9943147353906137,0.23319693070321207,0.019536473232156265,0.21147430387529034,0.049507377148833714,4.2715715526503555,0.5514818504764765,0.26967994498529685,2.0449494325821806,0.013468700594029479,0.06299407883487121,0.2138089935299395,0.3355707224275784,0.1161553420728616,2.888982258061644,0.10219788777474578,0.06029230406893168,1.695040343090949
500,40,shuffle_e,263,0.526,240,0.9386047439716074,2.7940626600799536,2.7940626600799536,2.9768256287309454,0.004,0.013856406460551019,0.4610334757045225,0.0033333333333333288,0.0899873257287706,0.002,0.0019011406844106464,0.7984790874524715,0.13307984790874525,0.06844106463878327,0.32653061224489793,0.3142857142857143,0.35918367346938773,-0.0899873257287706,7.695518890847154,7.815949981668714,7.430097560852928,0.9655096253080593,0.1415384964912006,0.0328226886579995,0.2663949711529711,0.050347336035592404,5.291143328112665,0.2018433569398328,0.21081851067789195,0.9574271077563382,0.013468700594029479,0.06299407883487121,0.2138089935299395,0.3355707224275784,0.1161553420728616,2.888982258061644,0.09913825992127374,0.06131524366950087,1.6168615500518122
500,40,shuffle_w,270,0.54,240,0.9386047439716074,0.0,0.9386047439716074,0.9999999989345888,0.0,0.013856406460551019,0.44908075596403485,0.0033333333333333357,0.10987654320987654,0.002,0.016666666666666666,0.7777777777777778,0.1814814814814815,0.040740740740740744,0.33976833976833976,0.3166023166023166,0.3436293436293436,-0.10987654320987654,2.439385460477161,2.4445176084234013,2.4419172418905615,1.0010378767334727,0.22694632087243347,0.02067230167851868,0.21892617342417256,0.049690399499995326,4.40580425247322,0.5514818504764765,0.26967994498529685,2.0449494325821806,0.013468700594029479,0.06299407883487121,0.2138089935299395,0.3355707224275784,0.1161553420728616,2.888982258061644,0.10229860782678796,0.06051519689588296,1.6904614555380826
500,40,shuffle_h,272,0.544,240,0.9386047439716074,0.0,0.9386047439716074,0.9999999989345888,0.0,0.013856406460551019,0.4457786915819464,0.0033333333333333357,0.10906862745098038,0.002,0.03860294117647059,0.7720588235294118,0.1875,0.04044117647058824,0.3371647509578544,0.31800766283524906,0.3448275862068966,-0.10906862745098038,2.439404696311992,2.4267224592762693,2.425536035124079,0.9943147353906137,0.23319693070321207,0.019536473232156265,0.21147430387529034,0.049507377148833714,4.2715715526503555,0.5514818504764765,0.26967994498529685,2.0449494325821806,0.013468700594029479,0.06299407883487121,0.2138089935299395,0.3355707224275784,0.1161553420728616,2.888982258061644,0.10219788777474578,0.06029230406893168,1.695040343090949
1000,1,qcd,532,0.532,240,0.9386047439716074,0.0,0.9386047439716074,0.9999999989345888,0.0,0.003,0.3575433053750236,0.005666666666666666,0.28258145363408516,0.0035,0.16353383458646617,0.7612781954887218,0.19360902255639098,0.045112781954887216,0.3346456692913386,0.3346456692913386,0.33070866141732286,0.28258145363408516,2.520868609927903,2.5208595010933856,2.519287547665388,0.9993728105240042,0.13498538268172608,0.0032145534682193884,0.3064467098780192,0.03539961627023944,8.656780557693498,0.5508831293679469,0.18257418583505536,3.017311165038612,0.0057906367405227395,0.045360921162651446,0.1276569477008448,0.06619346777093521,0.052938698226012514,1.2503795897725662,0.10052358576304235,0.043111240203098845,2.331725677328501
1000,1,shuffle_b,532,0.532,240,0.9386047439716074,0.0,0.9386047439716074,0.9999999989345888,0.0,0.0029999999999999996,0.3575433053750236,0.005666666666666666,0.28258145363408516,0.0035,0.16353383458646617,0.7612781954887218,0.19360902255639098,0.045112781954887216,0.3346456692913386,0.3346456692913386,0.33070866141732286,0.28258145363408516,2.520868609927903,2.5208595010933856,2.519287547665388,0.9993728105240042,0.13498538268172608,0.0032145534682193884,0.3064467098780192,0.03539961627023944,8.656780557693498,0.5508831293679469,0.18257418583505536,3.017311165038612,0.0057906367405227395,0.045360921162651446,0.1276569477008448,0.06619346777093521,0.052938698226012514,1.2503795897725662,0.10052358576304234,0.043111240203098845,2.3317256773285004
1000,1,shuffle_e,523,0.523,240,0.9386047439716074,2.8250089111430294,2.8250089111430294,3.00979611095881,0.003,0.003,0.08277193430942012,0.005666666666666668,0.4474187380497132,0.0035,0.0076481835564053535,0.7724665391969407,0.15678776290630975,0.07074569789674952,0.345679012345679,0.3271604938271605,0.3271604938271605,0.4474187380497132,7.942856368950756,7.804206133681196,7.90201109844262,0.9948576093270673,0.0667556634470076,0.015120307054217125,0.6322157878532908,0.0357029026747251,17.707685944001714,0.23746900147555455,0.14704292441876154,1.6149638101543045,0.020311111592559675,0.04541702621954747,0.4472135954999577,0.05899773189114385,0.0678752242755831,0.8692086474971286,0.03898138038372358,0.043480595987475175,0.8965235985944714
1000,1,shuffle_w,530,0.53,240,0.9386047439716074,0.0,0.9386047439716074,0.9999999989345888,0.0,0.003,0.3588925253953067,0.005666666666666666,0.2836477987421383,0.0035,0.0018867924528301887,0.7641509433962265,0.19056603773584907,0.045283018867924525,0.3359683794466403,0.3339920948616601,0.3300395256916996,0.2836477987421383,2.5208635663860743,2.5299981976208668,2.524548199166041,1.001461654977722,0.13234451119751708,0.0042692626471725215,0.3096333151361041,0.03546634510659543,8.730341798837449,0.5508831293679469,0.18257418583505536,3.017311165038612,0.0057906367405227395,0.045360921162651446,0.1276569477008448,0.06619346777093521,0.052938698226012514,1.2503795897725662,0.10058250112540386,0.04319250557249312,2.3287026254262777
1000,1,shuffle_h,532,0.532,240,0.9386047439716074,0.0,0.9386047439716074,0.9999999989345888,0.0,0.003,0.3575433053750236,0.005666666666666666,0.2825814536340852,0.0035,0.16541353383458646,0.7612781954887218,0.19360902255639098,0.045112781954887216,0.3346456692913386,0.3346456692913386,0.33070866141732286,0.2825814536340852,2.520868609927903,2.5208595010933856,2.519287547665388,0.9993728105240042,0.13498538268172608,0.0032145534682193884,0.3064467098780192,0.03539961627023944,8.656780557693498,0.5508831293679469,0.18257418583505536,3.017311165038612,0.0057906367405227395,0.045360921162651446,0.1276569477008448,0.06619346777093521,0.052938698226012514,1.2503795897725662,0.10052358576304235,0.043111240203098845,2.331725677328501
1000,2,qcd,530,0.53,240,0.9386047439716074,0.0,0.9386047439716074,0.9999999989345888,0.0,0.004242640687119285,0.443380168316204,0.0013333333333333305,0.10691823899371068,0.0,0.033962264150943396,0.7679245283018868,0.19056603773584907,0.04150943396226415,0.3346456692913386,0.3346456692913386,0.33070866141732286,0.10691823899371068,2.515350441155223,2.515355444877846,2.519759400275805,1.0017528210178765,0.13696823548092443,0.0032145534682193884,0.20534567116439215,0.03546634510659543,5.789874049531127,0.5477225575051662,0.19069251784911845,2.8722813232690148,0.004135751408010667,0.04524933201166673,0.0913991704218824,0.1668376533042745,0.05881754380712832,2.836528737945273,0.10036991433453146,0.04319250557249312,2.323780781044835
1000,2,shuffle_b,530,0.53,240,0.9386047439716074,0.0,0.9386047439716074,0.9999999989345888,0.0,0.004242640687119285,0.443380168316204,0.0013333333333333305,0.10691823899371068,0.0,0.033962264150943396,0.7679245283018868,0.19056603773584907,0.04150943396226415,0.3346456692913386,0.3346456692913386,0.33070866141732286,0.10691823899371068,2.515350441155223,2.515355444877846,2.519759400275805,1.0017528210178765,0.13696823548092443,0.0032145534682193884,0.20534567116439215,0.03546634510659543,5.789874049531127,0.5477225575051662,0.19069251784911845,2.8722813232690148,0.004135751408010667,0.04524933201166673,0.0913991704218824,0.1668376533042745,0.05881754380712832,2.836528737945273,0.10036991433453146,0.04319250557249312,2.323780781044835
1000,2,shuffle_e,485,0.485,240,0.9386047439716074,2.813555674449454,2.813555674449454,2.997593704402766,0.004,0.004242640687119285,0.4442377975207582,0.001333333333333335,0.13814432989690723,0.0,0.010309278350515464,0.7649484536082474,0.1670103092783505,0.06804123711340206,0.3230088495575221,0.3407079646017699,0.336283185840708,0.13814432989690723,7.8230147966241335,7.868953656306341,7.868168654259469,1.005771925377774,0.06691956612261693,0.013026195968035162,0.2945833069947813,0.03707519988800324,7.945562205589142,0.25208041627982325,0.1556997888323046,1.6190157878205267,0.04902648088322841,0.04739389719641666,1.0344471289213832,0.1737929433321228,0.06260077168815135,2.7762108780045143,0.09502498615675375,0.04515184107499366,2.1045650386420505
1000,2,shuffle_w,528,0.528,240,0.9386047439716074,0.0,0.9386047439716074,0.9999999989345888,0.0,0.004242640687119285,0.44505963865073506,0.0013333333333333305,0.10732323232323232,0.0,0.00946969696969697,0.7708333333333334,0.1875,0.041666666666666664,0.3339920948616601,0.3339920948616601,0.33201581027667987,0.10732323232323232,2.5205278841713583,2.5205319217920197,2.519756482803128,0.9996939524561205,0.1352892246950654,0.0016136296065765244,0.2091409964162977,0.035533452725935076,5.885749353697068,0.5477225575051662,0.19069251784911845,2.8722813232690148,0.004135751408010667,0.04524933201166673,0.0913991704218824,0.1668376533042745,0.05881754380712832,2.836528737945273,0.10042515198569564,0.04327423224079155,2.320668600817647
1000,2,shuffle_h,530,0.53,240,0.9386047439716074,0.0,0.9386047439716074,0.9999999989345888,0.0,0.004242640687119285,0.443380168316204,0.0013333333333333305,0.1069182389937107,0.0,0.03018867924528302,0.7679245283018868,0.19056603773584907,0.04150943396226415,0.3346456692913386,0.3346456692913386,0.33070866141732286,0.1069182389937107,2.515350441155223,2.515355444877846,2.519759400275805,1.0017528210178765,0.13696823548092443,0.0032145534682193884,0.20534567116439215,0.03546634510659543,5.789874049531127,0.5477225575051662,0.19069251784911845,2.8722813232690148,0.004135751408010667,0.04524933201166673,0.0913991704218824,0.1668376533042745,0.05881754380712832,2.836528737945273,0.10036991433453146,0.04319250557249312,2.323780781044835
1000,3,qcd,531,0.531,240,0.9386047439716074,0.0,0.9386047439716074,0.9999999989345888,0.0,0.00458257569495584,0.44471966326228063,1.7763568394002505e-18,0.11048336472065286,0.0005,0.03483992467043315,0.7702448210922788,0.18832391713747645,0.04143126177024482,0.33398821218074654,0.3379174852652259,0.3280943025540275,0.11048336472065286,2.521337560279262,2.5228505859154073,2.5189733649517323,0.9990623249481645,0.13490301683220066,0.006992192699431107,0.211107667157684,0.035432933563515595,5.957950582309569,0.5477225575051662,0.19069251784911845,2.8722813232690148,0.004115527684744123,0.04513856236690461,0.09117542670702355,0.16689295026416076,0.05871011441369175,2.842660961076917,0.10037680464834238,0.043151815496977185,2.326131670065512
1000,3,shuffle_b,531,0.531,240,0.9386047439716074,0.0,0.9386047439716074,0.9999999989345888,0.0,0.00458257569495584,0.44471966326228063,1.7763568394002505e-18,0.11048336472065286,0.0005,0.03483992467043315,0.7702448210922788,0.18832391713747645,0.04143126177024482,0.33398821218074654,0.3379174852652259,0.3280943025540275,0.11048336472065286,2.521337560279262,2.5228505859154073,2.5189733649517323,0.9990623249481645,0.13490301683220066,0.006992192699431107,0.211107667157684,0.035432933563515595,5.957950582309569,0.5477225575051662,0.19069251784911845,2.8722813232690148,0.004115527684744123,0.04513856236690461,0.09117542670702355,0.16689295026416076,0.05871011441369175,2.842660961076917,0.10037680464834238,0.043151815496977185,2.326131670065512
1000,3,shuffle_e,516,0.516,240,0.9386047439716074,2.803917835108041,2.803917835108041,2.9873254425033395,0.003,0.00458257569495584,0.4576475604501376,1.7763568394002505e-18,0.06912144702842375,0.0005,0.007751937984496124,0.7926356589147286,0.13372093023255813,0.07364341085271318,0.34309623430962344,0.3305439330543933,0.3263598326359833,-0.06912144702842375,7.771320213786012,7.7866924552191055,7.803467215180706,1.0041366203566886,0.07954792289946092,0.01231765811203326,0.2462231992122161,0.03594425773447947,6.8501400427035914,0.1883004612631402,0.14509525002200233,1.2977713690461006,0.004115527684744123,0.04513856236690461,0.09117542670702355,0.16689295026416076,0.05871011441369175,2.842660961076917,0.09604975622217407,0.04377452900290314,2.1941927968157926
1000,3,shuffle_w,528,0.528,240,0.9386047439716074,0.0,0.9386047439716074,0.9999999989345888,0.0,0.00458257569495584,0.4472464795308163,1.7763568394002505e-18,0.1111111111111111,0.0005,0.004734848484848485,0.7746212121212122,0.18371212121212122,0.041666666666666664,0.3359683794466403,0.3339920948616601,0.3300395256916996,0.1111111111111111,2.5213261332223222,2.538513186385912,2.526917188223649,1.002217505671978,0.1304465475918537,0.0042692626471725215,0.21682090822672245,0.035533452725935076,6.10188123003509,0.5477225575051662,0.19069251784911845,2.8722813232690148,0.004115527684744123,0.04513856236690461,0.09117542670702355,0.16689295026416076,0.05871011441369175,2.842660961076917,0.100567923329327,0.04327423224079155,2.3239678238480392
1000,3,shuffle_h,531,0.531,240,0.9386047439716074,0.0,0.9386047439716074,0.9999999989345888,0.0,0.00458257569495584,0.44471966326228063,1.7763568394002505e-18,0.11048336472065287,0.0005,0.038606403013182675,0.7702448210922788,0.18832391713747645,0.04143126177024482,0.33398821218074654,0.3379174852652259,0.3280943025540275,0.11048336472065287,2.521337560279262,2.5228505859154073,2.5189733649517323,0.9990623249481645,0.13490301683220066,0.006992192699431107,0.211107667157684,0.035432933563515595,5.957950582309569,0.5477225575051662,0.19069251784911845,2.8722813232690148,0.004115527684744123,0.04513856236690461,0.09117542670702355,0.16689295026416076,0.05871011441369175,2.842660961076917,0.10037680464834238,0.043151815496977185,2.326131670065512
1000,4,qcd,530,0.53,240,0.9386047439716074,0.0,0.9386047439716074,0.9999999989345888,0.0,0.003,0.25472396915641476,0.0009999999999999992,0.3610062893081761,0.0035,0.28867924528301886,0.7660377358490567,0.19245283018867926,0.04150943396226415,0.328740157480315,0.33267716535433073,0.33858267716535434,-0.3610062893081761,2.5184228799144157,2.514010689870868,2.510521178920147,0.9968624407531839,0.13787054259529632,0.007005956858288249,0.4525182363643661,0.03546634510659543,12.759088510651594,0.5477225575051662,0.19069251784911845,2.8722813232690148,0.00568817999201601,0.045305023518296864,0.12555296411486874,0.16709863283391482,0.08333333333333333,2.005183594006978,0.10040537672376564,0.04319250557249312,2.324601812118725
1000,4,shuffle_b,530,0.53,240,0.9386047439716074,0.0,0.9386047439716074,0.9999999989345888,0.0,0.003,0.25472396915641476,0.0009999999999999992,0.3610062893081761,0.0035,0.28867924528301886,0.7660377358490567,0.19245283018867926,0.04150943396226415,0.328740157480315,0.33267716535433073,0.33858267716535434,-0.3610062893081761,2.5184228799144157,2.514010689870868,2.510521178920147,0.9968624407531839,0.13787054259529632,0.007005956858288249,0.4525182363643661,0.03546634510659543,12.759088510651594,0.5477225575051662,0.19069251784911845,2.8722813232690148,0.00568817999201601,0.045305023518296864,0.12555296411486874,0.16709863283391482,0.08333333333333333,2.005183594006978,0.10040537672376564,0.04319250557249312,2.324601812118725
1000,4,shuffle_e,517,0.517,240,0.9386047439716074,2.824537280591836,2.824537280591836,3.009293630491158,0.005,0.003,0.26280708432900035,0.0010000000000000018,0.3197936814958091,0.0035,0.015473887814313346,0.7833655705996132,0.14119922630560927,0.07543520309477757,0.3158995815899582,0.34309623430962344,0.3410041841004184,-0.3197936814958091,7.853213027440875,7.862612496330343,7.841447178273804,0.9985017789373651,0.07558871724458593,0.02140308124577795,0.47301726641425745,0.035909478570327065,13.172490530261387,0.15126032003848847,0.14322297480788657,1.0561177090573832,0.03271022543084388,0.045360921162651446,0.7211102550927978,0.18586684820260707,0.08213423005076352,2.2629645165935206,0.06048170047194615,0.04373217337711355,1.3830023939216833
1000,4,shuffle_w,528,0.528,240,0.9386047439716074,0.0,0.9386047439716074,0.9999999989345888,0.0,0.003,0.25568883267594666,0.0009999999999999992,0.3623737373737374,0.0035,0.03409090909090909,0.7689393939393939,0.1893939393939394,0.041666666666666664,0.3300395256916996,0.3300395256916996,0.33992094861660077,-0.3623737373737374,2.5223959800125986,2.5244759445434726,2.5105163423328722,0.9952903359449269,0.1353085201137991,0.008068148032882668,0.4555938036867484,0.035533452725935076,12.821546141341358,0.5477225575051662,0.19069251784911845,2.8722813232690148,0.00568817999201601,0.045305023518296864,0.12555296411486874,0.16709863283391482,0.08333333333333333,2.005183594006978,0.10049656301118826,0.04327423224079155,2.322318798216766
1000,4,shuffle_h,530,0.53,240,0.9386047439716074,0.0,0.9386047439716074,0.9999999989345888,0.0,0.003,0.25472396915641476,0.0009999999999999992,0.3610062893081761,0.0035,0.28679245283018867,0.7660377358490567,0.19245283018867926,0.04150943396226415,0.328740157480315,0.33267716535433073,0.33858267716535434,-0.3610062893081761,2.5184228799144157,2.514010689870868,2.510521178920147,0.9968624407531839,0.13787054259529632,0.007005956858288249,0.4525182363643661,0.03546634510659543,12.759088510651594,0.5477225575051662,0.19069251784911845,2.8722813232690148,0.00568817999201601,0.045305023518296864,0.12555296411486874,0.16709863283391482,0.08333333333333333,2.005183594006978,0.10040537672376564,0.04319250557249312,2.324601812118725
1000,5,qcd,531,0.531,240,0.9386047439716074,0.0,0.9386047439716074,0.9999999989345888,0.0,0.00412310562561766,0.36488700552822134,0.004999999999999998,0.2806026365348399,0.0045,0.1638418079096045,0.7702448210922788,0.1864406779661017,0.04331450094161959,0.33858267716535434,0.33070866141732286,0.33070866141732286,0.2806026365348399,2.5359487795294466,2.5331720041298067,2.533186971212566,0.998910936869398,0.1202345543486438,0.006429106936438776,0.30803484037226153,0.035432933563515595,8.693461404207223,0.5485847059334784,0.18650096164806276,2.941457787057886,0.008047439958488787,0.04513856236690461,0.17828303642184964,0.06895827205769942,0.05262729141700023,1.3103139112993334,0.10048274702689558,0.043151815496977185,2.3285867783230225
1000,5,shuffle_b,531,0.531,240,0.9386047439716074,0.0,0.9386047439716074,0.9999999989345888,0.0,0.00412310562561766,0.36488700552822134,0.004999999999999998,0.2806026365348399,0.0045,0.1638418079096045,0.7702448210922788,0.1864406779661017,0.04331450094161959,0.33858267716535434,0.33070866141732286,0.33070866141732286,0.2806026365348399,2.5359487795294466,2.5331720041298067,2.533186971212566,0.998910936869398,0.1202345543486438,0.006429106936438776,0.30803484037226153,0.035432933563515595,8.693461404207223,0.5485847059334784,0.18650096164806276,2.941457787057886,0.008047439958488787,0.04513856236690461,0.17828303642184964,0.06895827205769942,0.05262729141700023,1.3103139112993334,0.10048274702689558,0.043151815496977185,2.3285867783230225
1000,5,shuffle_e,521,0.521,240,0.9386047439716074,2.8243540546883383,2.8243540546883383,3.009098419562938,0.004,0.00412310562561766,0.25560281281561276,0.005000000000000004,0.34037108125399873,0.0045,0.009596928982725527,0.783109404990403,0.14587332053742802,0.0710172744721689,0.34297520661157027,0.3305785123966942,0.32644628099173556,0.34037108125399873,7.905015520908139,7.9015011145439304,7.850535748274916,0.9931082016867482,0.059766379645119806,0.012164959870975,0.421709050809054,0.035771364679448144,11.78901209355706,0.20440724758042203,0.14704292441876154,1.3901195748684474,0.049507377148833714,0.0451938453788867,1.0954451150103321,0.12028027061497985,0.06260077168815135,1.9213863882407327,0.059689538438056515,0.043563972087031444,1.370158311524249
1000,5,shuffle_w,530,0.53,240,0.9386047439716074,0.0,0.9386047439716074,0.9999999989345888,0.0,0.00412310562561766,0.36557547157638776,0.004999999999999998,0.2811320754716981,0.0045,0.012264150943396227,0.7716981132075472,0.18490566037735848,0.04339622641509434,0.33727810650887574,0.33136094674556216,0.33136094674556216,0.2811320754716981,2.5405614240127856,2.5367630998523816,2.5331763002844303,0.9970931134911548,0.11867511069775495,0.004831340715548654,0.3096333151361041,0.03546634510659543,8.730341798837449,0.5485847059334784,0.18650096164806276,2.941457787057886,0.008047439958488787,0.04513856236690461,0.17828303642184964,0.06895827205769942,0.05262729141700023,1.3103139112993334,0.10051168882076174,0.04319250557249312,2.32706316729104
1000,5,shuffle_h,531,0.531,240,0.9386047439716074,0.0,0.9386047439716074,0.9999999989345888,0.0,0.00412310562561766,0.36488700552822134,0.004999999999999998,0.2806026365348399,0.0045,0.1638418079096045,0.7702448210922788,0.1864406779661017,0.04331450094161959,0.33858267716535434,0.33070866141732286,0.33070866141732286,0.2806026365348399,2.5359487795294466,2.5331720041298067,2.533186971212566,0.998910936869398,0.1202345543486438,0.006429106936438776,0.30803484037226153,0.035432933563515595,8.693461404207223,0.5485847059334784,0.18650096164806276,2.941457787057886,0.008047439958488787,0.04513856236690461,0.17828303642184964,0.06895827205769942,0.05262729141700023,1.3103139112993334,0.10048274702689558,0.043151815496977185,2.3285867783230225
1000,6,qcd,532,0.532,240,0.9386047439716074,0.0,0.9386047439716074,0.9999999989345888,0.0,0.0043588989435406735,0.44388372404562226,0.0016666666666666607,0.1892230576441103,0.0005,0.03007518796992481,0.768796992481203,0.18609022556390978,0.045112781954887216,0.33661417322834647,0.33267716535433073,0.33070866141732286,-0.1892230576441103,2.53589363881165,2.534486613864301,2.533804346780927,0.9991761121212868,0.12029766886520916,0.004252454526514337,0.20550423292187464,0.03539961627023944,5.8052672479007255,0.5477225575051662,0.18257418583505536,3.0000000000000004,0.006391355803324423,0.04513856236690461,0.14159413743337418,0.0,0.97182531580755,0.0,0.10045326384745393,0.043111240203098845,2.3300945037585192
1000,6,shuffle_b,532,0.532,240,0.9386047439716074,0.0,0.9386047439716074,0.9999999989345888,0.0,0.0043588989435406735,0.44388372404562226,0.0016666666666666607,0.1892230576441103,0.0005,0.03007518796992481,0.768796992481203,0.18609022556390978,0.045112781954887216,0.33661417322834647,0.33267716535433073,0.33070866141732286,-0.1892230576441103,2.53589363881165,2.534486613864301,2.533804346780927,0.9991761121212868,0.12029766886520916,0.004252454526514337,0.20550423292187464,0.03539961627023944,5.8052672479007255,0.5477225575051662,0.18257418583505536,3.0000000000000004,0.006391355803324423,0.04513856236690461,0.14159413743337418,0.0,0.97182531580755,0.0,0.10045326384745391,0.043111240203098845,2.330094503758519
1000,6,shuffle_e,517,0.517,240,0.9386047439716074,2.8195101332038086,2.8195101332038086,3.0039376514009613,0.001,0.0043588989435406735,0.4567623620740252,0.0016666666666666644,0.072856221792392,0.0005,0.01160541586073501,0.7911025145067698,0.1450676982591876,0.06382978723404255,0.33884297520661155,0.3305785123966942,0.3305785123966942,-0.072856221792392,7.879778268373224,7.861666238239271,7.810940991451227,0.9912640591425921,0.06898434559745782,0.006747905627501846,0.26629777182315106,0.035909478570327065,7.415807258287505,0.3108092461808021,0.1556997888323046,1.9962085273959946,0.006391355803324423,0.04513856236690461,0.14159413743337418,0.0,0.97182531580755,0.0,0.09612496638400084,0.04373217337711355,2.1980377136780063
1000,6,shuffle_w,525,0.525,240,0.9386047439716074,0.0,0.9386047439716074,0.9999999989345888,0.0,0.0043588989435406735,0.4498021736995638,0.0016666666666666607,0.19174603174603172,0.0005,0.0019047619047619048,0.7790476190476191,0.17523809523809525,0.045714285714285714,0.33532934131736525,0.33532934131736525,0.32934131736526945,-0.19174603174603172,2.5499931467358836,2.5427699743399113,2.551789026307358,1.0007042683913772,0.1131052887842167,0.00488920108339955,0.2189067870256555,0.035634832254989916,6.143056475171204,0.5477225575051662,0.18257418583505536,3.0000000000000004,0.006391355803324423,0.04513856236690461,0.14159413743337418,0.0,0.97182531580755,0.0,0.10079214394826963,0.04339769677767792,2.3225228855950064
1000,6,shuffle_h,532,0.532,240,0.9386047439716074,0.0,0.9386047439716074,0.9999999989345888,0.0,0.0043588989435406735,0.44388372404562226,0.0016666666666666607,0.18922305764411027,0.0005,0.03383458646616541,0.768796992481203,0.18609022556390978,0.045112781954887216,0.33661417322834647,0.33267716535433073,0.33070866141732286,-0.18922305764411027,2.53589363881165,2.534486613864301,2.533804346780927,0.9991761121212868,0.12029766886520916,0.004252454526514337,0.20550423292187464,0.03539961627023944,5.8052672479007255,0.5477225575051662,0.18257418583505536,3.0000000000000004,0.006391355803324423,0.04513856236690461,0.14159413743337418,0.0,0.97182531580755,0.0,0.10045326384745393,0.043111240203098845,2.3300945037585192
1000,7,qcd,532,0.532,240,0.9386047439716074,0.0,0.9386047439716074,0.9999999989345888,0.0,0.001414213562373095,0.25377332181240136,0.002999999999999999,0.36278195488721804,0.002,0.2866541353383459,0.7612781954887218,0.19548872180451127,0.043233082706766915,0.3379174852652259,0.3300589390962672,0.3320235756385069,0.36278195488721804,2.5164261081299815,2.513201197634691,2.520017743218224,1.001427276198033,0.13678588613373943,0.00578373337677001,0.45149056009621436,0.03539961627023944,12.754108876479089,0.5485847059334784,0.18650096164806276,2.941457787057886,0.003024061410843423,0.045360921162651446,0.06666666666666651,0.08380524814062786,0.05914340526915301,1.4169838168641524,0.10038289266878424,0.043111240203098845,2.3284621874916205
1000,7,shuffle_b,532,0.532,240,0.9386047439716074,0.0,0.9386047439716074,0.9999999989345888,0.0,0.001414213562373095,0.25377332181240136,0.002999999999999999,0.36278195488721804,0.002,0.2866541353383459,0.7612781954887218,0.19548872180451127,0.043233082706766915,0.3379174852652259,0.3300589390962672,0.3320235756385069,0.36278195488721804,2.5164261081299815,2.513201197634691,2.520017743218224,1.001427276198033,0.13678588613373943,0.00578373337677001,0.45149056009621436,0.03539961627023944,12.754108876479089,0.5485847059334784,0.18650096164806276,2.941457787057886,0.003024061410843423,0.045360921162651446,0.06666666666666651,0.08380524814062786,0.05914340526915301,1.4169838168641524,0.10038289266878424,0.043111240203098845,2.3284621874916205
1000,7,shuffle_e,496,0.496,240,0.9386047439716074,2.820908374571485,2.820908374571485,3.0054273534029674,0.003,0.001414213562373095,0.3978982733062611,0.0029999999999999927,0.17540322580645162,0.002,0.007056451612903226,0.7741935483870968,0.1592741935483871,0.06653225806451613,0.326133909287257,0.3326133909287257,0.3412526997840173,0.17540322580645162,7.803126413203186,7.840058232525782,7.8611981687162125,1.0074421138961387,0.07687613723747785,0.010726900234522226,0.3255200420559235,0.036661778755338326,8.879002959138322,0.27970862446580186,0.1556997888323046,1.7964611677608642,0.03168105484530323,0.04658474953124562,0.6800735254367722,0.1824177377923441,0.06597180114129773,2.7650865163078335,0.08624167872818574,0.04464835827960703,1.9315755842152946
1000,7,shuffle_w,530,0.53,240,0.9386047439716074,0.0,0.9386047439716074,0.9999999989345888,0.0,0.001414213562373095,0.2547309569890519,0.002999999999999999,0.3641509433962264,0.002,0.029245283018867925,0.7641509433962265,0.19245283018867926,0.04339622641509434,0.33727810650887574,0.33136094674556216,0.33136094674556216,0.3641509433962264,2.5254271158022727,2.513190328694345,2.5252465125064107,0.9999284860391607,0.13420545159020653,0.004831340715548654,0.45455906859015144,0.03546634510659543,12.816631294370962,0.5485847059334784,0.18650096164806276,2.941457787057886,0.003024061410843423,0.045360921162651446,0.06666666666666651,0.08380524814062786,0.05914340526915301,1.4169838168641524,0.10040537672376565,0.04319250557249312,2.324601812118725
1000,7,shuffle_h,532,0.532,240,0.9386047439716074,0.0,0.9386047439716074,0.9999999989345888,0.0,0.001414213562373095,0.25377332181240136,0.002999999999999999,0.36278195488721804,0.002,0.28477443609022557,0.7612781954887218,0.19548872180451127,0.043233082706766915,0.3379174852652259,0.3300589390962672,0.3320235756385069,0.36278195488721804,2.516426108129982,2.513201197634691,2.520017743218224,1.0014272761980327,0.13678588613373943,0.00578373337677001,0.45149056009621436,0.03539961627023944,12.754108876479089,0.5485847059334784,0.18650096164806276,2.941457787057886,0.003024061410843423,0.045360921162651446,0.06666666666666651,0.08380524814062786,0.05914340526915301,1.4169838168641524,0.10038289266878424,0.043111240203098845,2.3284621874916205
1000,8,qcd,530,0.53,240,0.9386047439716074,0.0,0.9386047439716074,0.9999999989345888,0.0,0.0037416573867739417,0.36556573341435905,0.001333333333333334,0.27547169811320754,0.0015,0.15754716981132075,0.7679245283018868,0.18867924528301888,0.04339622641509434,0.3333333333333333,0.33136094674556216,0.33530571992110453,0.27547169811320754,2.533850843772676,2.533162158194034,2.5345579958286293,1.000279081958471,0.12034614957433568,0.0027893758626688016,0.3011350703654606,0.03546634510659543,8.490727461777858,0.5485847059334784,0.18650096164806276,2.941457787057886,0.009462915649706263,0.04524933201166673,0.20912829491640714,0.07020593643124766,0.05270462766947299,1.332063986326415,0.10040537672376564,0.04319250557249312,2.324601812118725
1000,8,shuffle_b,530,0.53,240,0.9386047439716074,0.0,0.9386047439716074,0.9999999989345888,0.0,0.0037416573867739417,0.36556573341435905,0.001333333333333334,0.27547169811320754,0.0015,0.15754716981132075,0.7679245283018868,0.18867924528301888,0.04339622641509434,0.3333333333333333,0.33136094674556216,0.33530571992110453,0.27547169811320754,2.533850843772676,2.533162158194034,2.5345579958286293,1.000279081958471,0.12034614957433568,0.0027893758626688016,0.3011350703654606,0.03546634510659543,8.490727461777858,0.5485847059334784,0.18650096164806276,2.941457787057886,0.009462915649706262,0.04524933201166673,0.2091282949164071,0.07020593643124766,0.05270462766947299,1.332063986326415,0.10040537672376565,0.04319250557249312,2.324601812118725
1000,8,shuffle_e,486,0.486,240,0.9386047439716074,2.8186868002673955,2.8186868002673955,3.003060463275902,0.01,0.0037416573867739417,0.44264037140734713,0.00133333333333333,0.1419753086419753,0.0015,0.006172839506172839,0.7613168724279835,0.1522633744855967,0.08641975308641975,0.31756756756756754,0.3355855855855856,0.34684684684684686,0.1419753086419753,7.827411151892067,7.871486817102332,7.855341900457095,1.0035683252128997,0.06838277597894171,0.020886528143008367,0.2904224592380676,0.037037037037037035,7.841406399427825,0.1736626907505759,0.13801311186847084,1.2583057392117916,0.04993299625423791,0.04745789978762495,1.0521535187542868,0.1729041160103869,0.06273105439242341,2.7562762603791033,0.09505443204033823,0.045105364643659523,2.1073864005154443
1000,8,shuffle_w,529,0.529,240,0.9386047439716074,0.0,0.9386047439716074,0.9999999989345888,0.0,0.0037416573867739417,0.4453150191924517,0.001333333333333334,0.10838059231253937,0.0015,0.010396975425330813,0.7712665406427222,0.18525519848771266,0.043478260869565216,0.33201581027667987,0.33201581027667987,0.3359683794466403,0.10838059231253937,2.542604572414306,2.542578602519562,2.5349994137946137,0.9970089101930345,0.1171098432322462,0.0032272592131530487,0.21175960566364777,0.03549985134468374,5.965084293102532,0.5485847059334784,0.18650096164806276,2.941457787057886,0.009170728889151814,0.0451938453788867,0.2029198624783569,0.1670524953165146,0.05871011441369175,2.8453784664666975,0.1004689726344672,0.043233310971837004,2.3238787494188125
1000,8,shuffle_h,530,0.53,240,0.9386047439716074,0.0,0.9386047439716074,0.9999999989345888,0.0,0.0037416573867739417,0.36556573341435905,0.001333333333333334,0.27547169811320754,0.0015,0.16132075471698112,0.7679245283018868,0.18867924528301888,0.04339622641509434,0.3333333333333333,0.33136094674556216,0.33530571992110453,0.27547169811320754,2.533850843772676,2.533162158194034,2.5345579958286293,1.000279081958471,0.12034614957433568,0.0027893758626688016,0.3011350703654606,0.03546634510659543,8.490727461777858,0.5485847059334784,0.18650096164806276,2.941457787057886,0.009462915649706263,0.04524933201166673,0.20912829491640714,0.07020593643124766,0.05270462766947299,1.332063986326415,0.10040537672376564,0.04319250557249312,2.324601812118725
1000,9,qcd,532,0.532,240,0.9386047439716074,0.0,0.9386047439716074,0.9999999989345888,0.0,0.004242640687119285,0.4406201078984314,0.0029999999999999983,0.028195488721804513,0.004,0.03759398496240601,0.7631578947368421,0.19548872180451127,0.041353383458646614,0.32745098039215687,0.33137254901960783,0.3411764705882353,0.028195488721804513,2.5180551516452963,2.5195465868932723,2.517353679910515,0.9997214232046018,0.1356546517012289,0.00999807747763292,0.20985953304927735,0.03539961627023944,5.9282996585956464,0.5477225575051662,0.19069251784911845,2.8722813232690148,0.00568817999201601,0.045305023518296864,0.12555296411486874,0.33344469811176203,0.08395292055067764,3.971805815980878,0.10048843095666764,0.043111240203098845,2.3309102332306484
1000,9,shuffle_b,532,0.532,240,0.9386047439716074,0.0,0.9386047439716074,0.9999999989345888,0.0,0.004242640687119285,0.4406201078984314,0.0029999999999999983,0.028195488721804513,0.004,0.03759398496240601,0.7631578947368421,0.19548872180451127,0.041353383458646614,0.32745098039215687,0.33137254901960783,0.3411764705882353,0.028195488721804513,2.5180551516452963,2.5195465868932723,2.517353679910515,0.9997214232046018,0.1356546517012289,0.00999807747763292,0.20985953304927735,0.03539961627023944,5.9282996585956464,0.5477225575051662,0.19069251784911845,2.8722813232690148,0.00568817999201601,0.045305023518296864,0.12555296411486874,0.33344469811176203,0.08395292055067764,3.971805815980878,0.10048843095666764,0.043111240203098845,2.3309102332306484
1000,9,shuffle_e,511,0.511,240,0.9386047439716074,2.823494726615075,2.823494726615075,3.0081828818162273,0.006,0.004242640687119285,0.3589811414450908,0.0030000000000000053,0.2563600782778865,0.004,0.010763209393346379,0.7671232876712328,0.15459882583170254,0.07827788649706457,0.3184713375796178,0.33121019108280253,0.3503184713375796,0.2563600782778865,7.908157662164197,7.890626344316656,7.894679627365531,0.9982956795533869,0.05825354703902156,0.02266895594911106,0.3916078972807215,0.036119682191538494,10.841953016199593,0.13693063937629157,0.1414213562373095,0.9682458365518546,0.036909072133011395,0.046106944597707346,0.8005100414926798,0.3073181485764296,0.10865337342004415,2.82842712474619,0.07835261061046352,0.043988168773685846,1.7812201051964414
1000,9,shuffle_w,532,0.532,240,0.9386047439716074,0.0,0.9386047439716074,0.9999999989345888,0.0,0.004242640687119285,0.4406201078984314,0.0029999999999999983,0.028195488721804513,0.004,0.019736842105263157,0.7631578947368421,0.19548872180451127,0.041353383458646614,0.32745098039215687,0.33137254901960783,0.3411764705882353,0.028195488721804513,2.518044083599767,2.5195478821527777,2.521167503994112,1.0012404152948267,0.1347589368408917,0.00999807747763292,0.20985953304927735,0.03539961627023944,5.9282996585956464,0.5477225575051662,0.19069251784911845,2.8722813232690148,0.00568817999201601,0.045305023518296864,0.12555296411486874,0.33344469811176203,0.08395292055067764,3.971805815980878,0.10048843095666764,0.043111240203098845,2.3309102332306484
1000,9,shuffle_h,532,0.532,240,0.9386047439716074,0.0,0.9386047439716074,0.9999999989345888,0.0,0.004242640687119285,0.4406201078984314,0.0029999999999999983,0.02819548872180451,0.004,0.03195488721804511,0.7631578947368421,0.19548872180451127,0.041353383458646614,0.32745098039215687,0.33137254901960783,0.3411764705882353,0.02819548872180451,2.5180551516452963,2.5195465868932723,2.517353679910515,0.9997214232046018,0.1356546517012289,0.00999807747763292,0.20985953304927735,0.03539961627023944,5.9282996585956464,0.5477225575051662,0.19069251784911845,2.8722813232690148,0.00568817999201601,0.045305023518296864,0.12555296411486874,0.33344469811176203,0.08395292055067764,3.971805815980878,0.10048843095666764,0.043111240203098845,2.3309102332306484
1000,10,qcd,530,0.53,240,0.9386047439716074,0.0,0.9386047439716074,0.9999999989345888,0.0,0.00282842712474619,0.2585800698920739,0.002000000000000001,0.3622641509433962,0.0045,0.29056603773584905,0.7660377358490567,0.19245283018867926,0.04150943396226415,0.33858267716535434,0.33267716535433073,0.328740157480315,0.3622641509433962,2.5105755919807544,2.520076796671624,2.518454359814463,1.0031382316704085,0.13691961100983469,0.007005956858288249,0.45473133409848554,0.03546634510659543,12.821488448605953,0.5477225575051662,0.19069251784911845,2.8722813232690148,0.007524754835723866,0.045305023518296864,0.16609095970747972,0.08835895910552667,0.059253235271401396,1.4912090234534952,0.10047626395363994,0.04319250557249312,2.3262430049352734
1000,10,shuffle_b,530,0.53,240,0.9386047439716074,0.0,0.9386047439716074,0.9999999989345888,0.0,0.00282842712474619,0.2585800698920739,0.002000000000000001,0.3622641509433962,0.0045,0.29056603773584905,0.7660377358490567,0.19245283018867926,0.04150943396226415,0.33858267716535434,0.33267716535433073,0.328740157480315,0.3622641509433962,2.5105755919807544,2.520076796671624,2.518454359814463,1.0031382316704085,0.13691961100983469,0.007005956858288249,0.45473133409848554,0.03546634510659543,12.821488448605953,0.5477225575051662,0.19069251784911845,2.8722813232690148,0.007524754835723866,0.045305023518296864,0.16609095970747972,0.08835895910552669,0.059253235271401396,1.4912090234534954,0.10047626395363994,0.04319250557249312,2.3262430049352734
1000,10,shuffle_e,520,0.52,240,0.9386047439716074,2.821898338634374,2.821898338634374,3.006482072195081,0.003,0.00282842712474619,0.37251643067690365,0.0020000000000000035,0.19166666666666665,0.0045,0.0019230769230769232,0.7673076923076924,0.1596153846153846,0.07307692307692308,0.3381742738589212,0.33195020746887965,0.32987551867219916,0.19166666666666665,7.760380729458374,7.85220872963383,7.849528643858597,1.0114875696835102,0.08276963314710109,0.0061077184414438995,0.35831555847846147,0.03580574370197164,10.007208940020728,0.18079541091913337,0.14509525002200233,1.2460463791317598,0.02423443559625779,0.04570070809225681,0.5302857791029257,0.19073824130969497,0.06674523671946894,2.8577056683665707,0.08067296811235417,0.04360584040240085,1.8500496118843859
1000,10,shuffle_w,526,0.526,240,0.9386047439716074,0.0,0.9386047439716074,0.9999999989345888,0.0,0.00282842712474619,0.26054645825627215,0.002000000000000001,0.36501901140684406,0.0045,0.0038022813688212928,0.7718631178707225,0.18631178707224336,0.04182509505703422,0.3353174603174603,0.3353174603174603,0.32936507936507936,0.36501901140684406,2.529954402213835,2.5200696095208346,2.5237385019809655,0.9975430781568907,0.13259651863772662,0.004860098695998352,0.46095768630040446,0.03560094272544522,12.947906740990376,0.5477225575051662,0.19069251784911845,2.8722813232690148,0.007524754835723866,0.045305023518296864,0.16609095970747972,0.08835895910552667,0.059253235271401396,1.4912090234534952,0.10047813412360031,0.043356424588809596,2.317491238646417
1000,10,shuffle_h,530,0.53,240,0.9386047439716074,0.0,0.9386047439716074,0.9999999989345888,0.0,0.00282842712474619,0.2585800698920739,0.002000000000000001,0.3622641509433962,0.0045,0.28867924528301886,0.7660377358490567,0.19245283018867926,0.04150943396226415,0.33858267716535434,0.33267716535433073,0.328740157480315,0.3622641509433962,2.5105755919807544,2.520076796671624,2.518454359814463,1.0031382316704085,0.13691961100983469,0.007005956858288249,0.45473133409848554,0.03546634510659543,12.821488448605953,0.5477225575051662,0.19069251784911845,2.8722813232690148,0.007524754835723866,0.045305023518296864,0.16609095970747972,0.08835895910552667,0.059253235271401396,1.4912090234534952,0.10047626395363994,0.04319250557249312,2.3262430049352734
1000,11,qcd,533,0.533,240,0.9386047439716074,0.0,0.9386047439716074,0.9999999989345888,0.0,0.0033166247903554003,0.35956494379777343,0.0009999999999999983,0.2745465916197623,0.0005,0.15853658536585366,0.7673545966228893,0.18761726078799248,0.0450281425891182,0.33398821218074654,0.33398821218074654,0.3320235756385069,-0.2745465916197623,2.534486487884161,2.5345593086590505,2.52847751458283,0.9976291160635277,0.1209723840494156,0.0016041190195043536,0.3008708609737316,0.035366392784487034,8.507253278759725,0.5477225575051662,0.18257418583505536,3.0000000000000004,0.0087588366993499,0.04513856236690461,0.1940433243787099,0.3355707224275784,0.1161553420728616,2.888982258061644,0.10052834605926425,0.04307077915222977,2.334026642609736
1000,11,shuffle_b,533,0.533,240,0.9386047439716074,0.0,0.9386047439716074,0.9999999989345888,0.0,0.0033166247903554003,0.35956494379777343,0.0009999999999999983,0.2745465916197623,0.0005,0.15853658536585366,0.7673545966228893,0.18761726078799248,0.0450281425891182,0.33398821218074654,0.33398821218074654,0.3320235756385069,-0.2745465916197623,2.534486487884161,2.5345593086590505,2.52847751458283,0.9976291160635277,0.1209723840494156,0.0016041190195043536,0.3008708609737316,0.035366392784487034,8.507253278759725,0.5477225575051662,0.18257418583505536,3.0000000000000004,0.0087588366993499,0.04513856236690461,0.1940433243787099,0.3355707224275784,0.1161553420728616,2.888982258061644,0.10052834605926425,0.04307077915222977,2.334026642609736
1000,11,shuffle_e,493,0.493,240,0.9386047439716074,2.825369348907493,2.825369348907493,3.0101801253870284,0.005,0.0033166247903554003,0.09905976021967366,0.0009999999999999983,0.4455713319810683,0.0005,0.02028397565922921,0.7606490872210954,0.16024340770791076,0.07910750507099391,0.3436123348017621,0.3436123348017621,0.31277533039647576,-0.4455713319810683,7.927121104610242,7.909723398657575,7.84639536318077,0.9898165121531292,0.05971339585859563,0.02517830866296954,0.6225914026603784,0.036773156567646105,16.930594508934515,0.19993424297044032,0.14322297480788657,1.395964880904226,0.044100894422776614,0.04714045207910317,0.9355212450821201,0.0890870806374748,0.07497795090353644,1.1881770515720091,0.044445165100093664,0.04478399917421563,0.9924340371478693
1000,11,shuffle_w,530,0.53,240,0.9386047439716074,0.0,0.9386047439716074,0.9999999989345888,0.0,0.0033166247903554003,0.3616002170645533,0.0009999999999999983,0.27610062893081755,0.0005,0.0047169811320754715,0.7716981132075472,0.1830188679245283,0.045283018867924525,0.3359683794466403,0.33201581027667987,0.33201581027667987,-0.27610062893081755,2.538036178086583,2.5439432001150766,2.5367310398993803,0.999485768485701,0.11706923375057302,0.0032272592131530487,0.3056526126818725,0.03546634510659543,8.618102930065731,0.5477225575051662,0.18257418583505536,3.0000000000000004,0.0087588366993499,0.04513856236690461,0.1940433243787099,0.3355707224275784,0.1161553420728616,2.888982258061644,0.10058250112540386,0.04319250557249312,2.3287026254262777
1000,11,shuffle_h,533,0.533,240,0.9386047439716074,0.0,0.9386047439716074,0.9999999989345888,0.0,0.0033166247903554003,0.35956494379777343,0.0009999999999999983,0.27454659161976236,0.0005,0.16791744840525327,0.7673545966228893,0.18761726078799248,0.0450281425891182,0.33398821218074654,0.33398821218074654,0.3320235756385069,-0.27454659161976236,2.534486487884161,2.5345593086590505,2.52847751458283,0.9976291160635277,0.1209723840494156,0.0016041190195043536,0.3008708609737316,0.035366392784487034,8.507253278759725,0.5477225575051662,0.18257418583505536,3.0000000000000004,0.0087588366993499,0.04513856236690461,0.1940433243787099,0.3355707224275784,0.1161553420728616,2.888982258061644,0.10052834605926425,0.04307077915222977,2.334026642609736
1000,12,qcd,531,0.531,240,0.9386047439716074,0.0,0.9386047439716074,0.9999999989345888,0.0,0.004242640687119285,0.3635822338113117,0.002666666666666668,0.27620841180163214,0.001,0.1591337099811676,0.7664783427495292,0.18832391713747645,0.04519774011299435,0.33136094674556216,0.34122287968441817,0.32741617357001973,0.27620841180163214,2.5193083732075103,2.517315822700865,2.5177314083026996,0.9993740484802967,0.13608995864720672,0.01005723769939406,0.3009885201356994,0.035432933563515595,8.494597818048566,0.5508831293679469,0.18257418583505536,3.017311165038612,0.007302438370240378,0.04524933201166673,0.16138223583847766,0.069712697923873,0.05278230586589113,1.3207588562159158,0.1004121311942172,0.043151815496977185,2.3269503272985386
1000,12,shuffle_b,531,0.531,240,0.9386047439716074,0.0,0.9386047439716074,0.9999999989345888,0.0,0.004242640687119285,0.3635822338113117,0.002666666666666668,0.27620841180163214,0.001,0.1591337099811676,0.7664783427495292,0.18832391713747645,0.04519774011299435,0.33136094674556216,0.34122287968441817,0.32741617357001973,0.27620841180163214,2.5193083732075103,2.517315822700865,2.5177314083026996,0.9993740484802967,0.13608995864720672,0.01005723769939406,0.3009885201356994,0.035432933563515595,8.494597818048566,0.5508831293679469,0.18257418583505536,3.017311165038612,0.007302438370240378,0.04524933201166673,0.16138223583847766,0.069712697923873,0.05278230586589113,1.3207588562159158,0.1004121311942172,0.043151815496977185,2.3269503272985386
1000,12,shuffle_e,536,0.536,240,0.9386047439716074,2.825917114078604,2.825917114078604,3.010763720530826,0.007,0.004242640687119285,0.16867570227307024,0.0026666666666666644,0.38992537313432835,0.001,0.002798507462686567,0.7723880597014925,0.14365671641791045,0.08395522388059702,0.32790224032586557,0.34623217922606925,0.3258655804480652,0.38992537313432835,7.847180341169736,7.850874802299581,7.878583132772706,1.0040017930310863,0.07465430254578777,0.01586330135172834,0.5344381331968142,0.035267280792929914,15.153936486760665,0.12957670877434,0.13333333333333333,0.9718253158075499,0.024394939464642686,0.044865158504847125,0.5437390678561208,0.07443116300885011,0.06247129735784334,1.1914457704071548,0.044852044466296474,0.0429500761241967,1.0442832356478238
1000,12,shuffle_w,528,0.528,240,0.9386047439716074,0.0,0.9386047439716074,0.9999999989345888,0.0,0.004242640687119285,0.3656480419579669,0.002666666666666668,0.27777777777777773,0.001,0.013257575757575758,0.7708333333333334,0.18371212121212122,0.045454545454545456,0.32936507936507936,0.3412698412698413,0.32936507936507936,0.27777777777777773,2.533898675838521,2.530134402059385,2.525726951286408,0.9967750389429408,0.12882411461411972,0.00972019739199675,0.3057759139468737,0.035533452725935076,8.605296994504975,0.5508831293679469,0.18257418583505536,3.017311165038612,0.007302438370240378,0.04524933201166673,0.16138223583847766,0.069712697923873,0.05278230586589113,1.3207588562159158,0.10053224950192631,0.04327423224079155,2.3231434573473884
1000,12,shuffle_h,531,0.531,240,0.9386047439716074,0.0,0.9386047439716074,0.9999999989345888,0.0,0.004242640687119285,0.3635822338113117,0.002666666666666668,0.2762084118016322,0.001,0.15160075329566855,0.7664783427495292,0.18832391713747645,0.04519774011299435,0.33136094674556216,0.34122287968441817,0.32741617357001973,0.2762084118016322,2.5193083732075103,2.517315822700865,2.5177314083026996,0.9993740484802967,0.13608995864720672,0.01005723769939406,0.3009885201356994,0.035432933563515595,8.494597818048566,0.5508831293679469,0.18257418583505536,3.017311165038612,0.007302438370240378,0.04524933201166673,0.16138223583847766,0.069712697923873,0.05278230586589113,1.3207588562159158,0.1004121311942172,0.043151815496977185,2.3269503272985386
1000,13,qcd,532,0.532,240,0.9386047439716074,0.0,0.9386047439716074,0.9999999989345888,0.0,0.002449489742783178,0.25378724436469885,0.0026666666666666687,0.36027568922305764,0.0025,0.2857142857142857,0.7537593984962406,0.20112781954887218,0.045112781954887216,0.33661417322834647,0.33267716535433073,0.33070866141732286,-0.36027568922305764,2.5245547837169755,2.528439926479857,2.5276631822933786,1.0012312660420173,0.12360256298497471,0.004252454526514337,0.4448921589656178,0.03539961627023944,12.567711343798942,0.5477225575051662,0.18257418583505536,3.0000000000000004,0.005482504554560673,0.045586598780369955,0.12026570749387633,0.1672781535169595,0.08395292055067764,1.9925233383153491,0.10048843095666765,0.043111240203098845,2.330910233230649
1000,13,shuffle_b,532,0.532,240,0.9386047439716074,0.0,0.9386047439716074,0.9999999989345888,0.0,0.0024494897427831783,0.25378724436469885,0.0026666666666666687,0.36027568922305764,0.0025,0.2857142857142857,0.7537593984962406,0.20112781954887218,0.045112781954887216,0.33661417322834647,0.33267716535433073,0.33070866141732286,-0.36027568922305764,2.5245547837169755,2.528439926479857,2.5276631822933786,1.0012312660420173,0.12360256298497471,0.004252454526514337,0.4448921589656178,0.03539961627023944,12.567711343798942,0.5477225575051662,0.18257418583505536,3.0000000000000004,0.005482504554560673,0.045586598780369955,0.12026570749387633,0.1672781535169595,0.08395292055067764,1.9925233383153491,0.10048843095666765,0.043111240203098845,2.330910233230649
1000,13,shuffle_e,513,0.513,240,0.9386047439716074,2.8250885901479608,2.8250885901479608,3.009881001862418,0.005,0.002449489742783178,0.03551825956781403,0.0026666666666666713,0.44834307992202727,0.0025,0.01364522417153996,0.7485380116959064,0.1793372319688109,0.07212475633528265,0.31092436974789917,0.35084033613445376,0.3382352941176471,-0.44834307992202727,7.860414314958289,7.8716484358100915,7.920573589548318,1.0076534483017703,0.060422321315234596,0.028856299409014713,0.6413047983043393,0.03604920469572501,17.78970725477309,0.228054303888962,0.14704292441876154,1.5509369443679537,0.026557393299962425,0.04658474953124562,0.570087712549569,0.053467090725295985,0.0692396868548566,0.7722029540280295,0.04116915425130819,0.043902338118694186,0.9377440021532208
1000,13,shuffle_w,531,0.531,240,0.9386047439716074,0.0,0.9386047439716074,0.9999999989345888,0.0,0.002449489742783178,0.2542651864444817,0.0026666666666666687,0.36095417451349654,0.0025,0.0018832391713747645,0.7551789077212806,0.19962335216572505,0.04519774011299435,0.33530571992110453,0.3333333333333333,0.33136094674556216,-0.36095417451349654,2.529134693018393,2.532016341972399,2.5276611178329267,0.9994173599415113,0.1220960402944851,0.0027893758626688016,0.44639522083918537,0.035432933563515595,12.59831393974185,0.5477225575051662,0.18257418583505536,3.0000000000000004,0.005482504554560673,0.045586598780369955,0.12026570749387633,0.1672781535169595,0.08395292055067764,1.9925233383153491,0.10048274702689557,0.043151815496977185,2.328586778323022
1000,13,shuffle_h,532,0.532,240,0.9386047439716074,0.0,0.9386047439716074,0.9999999989345888,0.0,0.002449489742783178,0.25378724436469885,0.0026666666666666687,0.3602756892230577,0.0025,0.287593984962406,0.7537593984962406,0.20112781954887218,0.045112781954887216,0.33661417322834647,0.33267716535433073,0.33070866141732286,-0.3602756892230577,2.5245547837169755,2.528439926479857,2.5276631822933786,1.0012312660420173,0.12360256298497471,0.004252454526514337,0.4448921589656178,0.03539961627023944,12.567711343798942,0.5477225575051662,0.18257418583505536,3.0000000000000004,0.005482504554560673,0.045586598780369955,0.12026570749387633,0.1672781535169595,0.08395292055067764,1.9925233383153491,0.10048843095666765,0.043111240203098845,2.330910233230649
1000,14,qcd,530,0.53,240,0.9386047439716074,0.0,0.9386047439716074,0.9999999989345888,0.0,0.0034641016151377548,0.36160513957477447,0.001333333333333329,0.2786163522012579,0.0015,0.16226415094339622,0.769811320754717,0.18867924528301888,0.04150943396226415,0.33070866141732286,0.3346456692913386,0.3346456692913386,-0.2786163522012579,2.5192988661666362,2.5208895954473705,2.5208650926688123,1.000621691425027,0.13498652696304775,0.003214553468219388,0.30763783052348137,0.03546634510659543,8.674077624826136,0.5477225575051662,0.19069251784911845,2.8722813232690148,0.006003651330350928,0.0451938453788867,0.13284223283101432,0.33435218441032305,0.1161553420728616,2.8784916685156983,0.10040537672376564,0.04319250557249312,2.324601812118725
1000,14,shuffle_b,530,0.53,240,0.9386047439716074,0.0,0.9386047439716074,0.9999999989345888,0.0,0.0034641016151377548,0.36160513957477447,0.001333333333333329,0.2786163522012579,0.0015,0.16226415094339622,0.769811320754717,0.18867924528301888,0.04150943396226415,0.33070866141732286,0.3346456692913386,0.3346456692913386,-0.2786163522012579,2.5192988661666362,2.5208895954473705,2.5208650926688123,1.000621691425027,0.13498652696304775,0.003214553468219388,0.30763783052348137,0.03546634510659543,8.674077624826136,0.5477225575051662,0.19069251784911845,2.8722813232690148,0.006003651330350928,0.0451938453788867,0.13284223283101432,0.33435218441032305,0.1161553420728616,2.8784916685156983,0.10040537672376564,0.04319250557249312,2.324601812118725
1000,14,shuffle_e,523,0.523,240,0.9386047439716074,2.826348522329737,2.826348522329737,3.0112233477098322,0.004,0.0034641016151377548,0.05222371045410196,0.0013333333333333322,0.4397705544933078,0.0015,0.015296367112810707,0.7877629063097514,0.14531548757170173,0.06692160611854685,0.3319672131147541,0.3401639344262295,0.32786885245901637,-0.4397705544933078,7.829188608298929,7.849956028174435,7.901371815069186,1.0092197557603533,0.07490432541968217,0.0088534708994643,0.6290446935612897,0.0357029026747251,17.618866994996594,0.20995626366712955,0.15118578920369088,1.3887301496588274,0.029660684109746552,0.04497392268507215,0.6595084960109916,0.04974587369542486,0.0703188119298631,0.7074333642758647,0.03407738116965086,0.043480595987475175,0.7837376741447389
1000,14,shuffle_w,528,0.528,240,0.9386047439716074,0.0,0.9386047439716074,0.9999999989345888,0.0,0.0034641016151377548,0.3629748560125577,0.001333333333333329,0.2796717171717172,0.0015,0.019886363636363636,0.7727272727272727,0.1856060606060606,0.041666666666666664,0.3300395256916996,0.3339920948616601,0.3359683794466403,-0.2796717171717172,2.524558725607932,2.530027720473656,2.528675445323024,1.001630669024782,0.13047480816417406,0.0042692626471725215,0.3108715605855574,0.035533452725935076,8.748701202308416,0.5477225575051662,0.19069251784911845,2.8722813232690148,0.006003651330350928,0.0451938453788867,0.13284223283101432,0.33435218441032305,0.1161553420728616,2.8784916685156983,0.10046086384361773,0.04327423224079155,2.3214938461443206
1000,14,shuffle_h,530,0.53,240,0.9386047439716074,0.0,0.9386047439716074,0.9999999989345888,0.0,0.0034641016151377548,0.36160513957477447,0.001333333333333329,0.2786163522012579,0.0015,0.16981132075471697,0.769811320754717,0.18867924528301888,0.04150943396226415,0.33070866141732286,0.3346456692913386,0.3346456692913386,-0.2786163522012579,2.5192988661666362,2.5208895954473705,2.5208650926688123,1.000621691425027,0.13498652696304775,0.003214553468219388,0.30763783052348137,0.03546634510659543,8.674077624826136,0.5477225575051662,0.19069251784911845,2.8722813232690148,0.006003651330350928,0.0451938453788867,0.13284223283101432,0.33435218441032305,0.1161553420728616,2.8784916685156983,0.10040537672376564,0.04319250557249312,2.324601812118725
1000,15,qcd,532,0.532,240,0.9386047439716074,0.0,0.9386047439716074,0.9999999989345888,0.0,0.0037416573867739417,0.35889951834173306,0.006999999999999997,0.2832080200501253,0.008,0.16635338345864661,0.7669172932330827,0.18984962406015038,0.043233082706766915,0.3320235756385069,0.3300589390962672,0.3379174852652259,-0.2832080200501253,2.533904020683735,2.53314325199783,2.530644314184057,0.9987135635473682,0.12097573063294415,0.00578373337677001,0.31047867488200415,0.03539961627023944,8.770679108830468,0.5485847059334784,0.18650096164806276,2.941457787057886,0.004901960784313736,0.0451938453788867,0.10846522890932832,0.33435218441032305,0.1161553420728616,2.8784916685156983,0.10045326384745393,0.043111240203098845,2.3300945037585192
1000,15,shuffle_b,532,0.532,240,0.9386047439716074,0.0,0.9386047439716074,0.9999999989345888,0.0,0.0037416573867739412,0.35889951834173306,0.006999999999999997,0.2832080200501253,0.008,0.16635338345864661,0.7669172932330827,0.18984962406015038,0.043233082706766915,0.3320235756385069,0.3300589390962672,0.3379174852652259,-0.2832080200501253,2.533904020683735,2.53314325199783,2.530644314184057,0.9987135635473682,0.12097573063294415,0.00578373337677001,0.31047867488200415,0.03539961627023944,8.770679108830468,0.5485847059334784,0.18650096164806276,2.941457787057886,0.004901960784313736,0.0451938453788867,0.10846522890932832,0.33435218441032305,0.1161553420728616,2.8784916685156983,0.10045326384745393,0.043111240203098845,2.3300945037585192
1000,15,shuffle_e,534,0.534,240,0.9386047439716074,2.826373349347003,2.826373349347003,3.0112497986918876,0.005,0.0037416573867739417,0.07842843292648662,0.0070000000000000045,0.43570536828963796,0.008,0.012172284644194757,0.7865168539325843,0.13670411985018727,0.07677902621722846,0.3286004056795132,0.31643002028397565,0.35496957403651114,-0.43570536828963796,7.880347586437637,7.807441528739255,7.936093439679719,1.0070740348227816,0.06663859437314419,0.027861254601807304,0.6163069008367675,0.03533326266687867,17.442683022151034,0.1738393139629801,0.13968605915391563,1.244500095542334,0.022335313142016335,0.0445435403187374,0.5014265364224071,0.06458087057585656,0.06854727258852532,0.9421362533783331,0.03553120966481325,0.04303043180927362,0.8257228238447704
1000,15,shuffle_w,530,0.53,240,0.9386047439716074,0.0,0.9386047439716074,0.9999999989345888,0.0,0.0037416573867739417,0.3602538561467962,0.006999999999999997,0.2842767295597484,0.008,0.013207547169811321,0.769811320754717,0.18679245283018867,0.04339622641509434,0.32938856015779094,0.33136094674556216,0.33925049309664695,-0.2842767295597484,2.5433329140850276,2.536733180483486,2.530631911378023,0.9950061580076024,0.11867529554869634,0.0073799948457079646,0.3136542998545597,0.03546634510659543,8.843716456033459,0.5485847059334784,0.18650096164806276,2.941457787057886,0.004901960784313736,0.0451938453788867,0.10846522890932832,0.33435218441032305,0.1161553420728616,2.8784916685156983,0.10051168882076174,0.04319250557249312,2.32706316729104
1000,15,shuffle_h,532,0.532,240,0.9386047439716074,0.0,0.9386047439716074,0.9999999989345888,0.0,0.0037416573867739417,0.35889951834173306,0.006999999999999997,0.28320802005012535,0.008,0.16071428571428573,0.7669172932330827,0.18984962406015038,0.043233082706766915,0.3320235756385069,0.3300589390962672,0.3379174852652259,-0.28320802005012535,2.533904020683735,2.53314325199783,2.530644314184057,0.9987135635473682,0.12097573063294415,0.00578373337677001,0.31047867488200415,0.03539961627023944,8.770679108830468,0.5485847059334784,0.18650096164806276,2.941457787057886,0.004901960784313736,0.0451938453788867,0.10846522890932832,0.33435218441032305,0.1161553420728616,2.8784916685156983,0.10045326384745393,0.043111240203098845,2.3300945037585192
1000,16,qcd,531,0.531,240,0.9386047439716074,0.0,0.9386047439716074,0.9999999989345888,0.0,0.0036055512754639895,0.2561551433348203,0.002666666666666667,0.3634651600753296,0.0025,0.2890772128060264,0.7664783427495292,0.192090395480226,0.04143126177024482,0.33988212180746563,0.3280943025540275,0.3320235756385069,0.3634651600753296,2.5230849903139787,2.5123958474344876,2.5200025658373013,0.9987783112782523,0.135823352859539,0.008488199997914699,0.45523776974880115,0.035432933563515595,12.847871287110928,0.5477225575051662,0.19069251784911845,2.8722813232690148,0.004135751408010667,0.04524933201166673,0.0913991704218824,0.08470579526052222,0.05903418374423842,1.4348601079588787,0.10044744531603524,0.043151815496977185,2.3277686966165225
1000,16,shuffle_b,531,0.531,240,0.9386047439716074,0.0,0.9386047439716074,0.9999999989345888,0.0,0.0036055512754639895,0.2561551433348203,0.002666666666666667,0.3634651600753296,0.0025,0.2890772128060264,0.7664783427495292,0.192090395480226,0.04143126177024482,0.33988212180746563,0.3280943025540275,0.3320235756385069,0.3634651600753296,2.5230849903139787,2.5123958474344876,2.5200025658373013,0.9987783112782523,0.135823352859539,0.008488199997914699,0.45523776974880115,0.035432933563515595,12.847871287110928,0.5477225575051662,0.19069251784911845,2.8722813232690148,0.004135751408010667,0.04524933201166673,0.0913991704218824,0.08470579526052222,0.05903418374423842,1.4348601079588787,0.10044744531603524,0.043151815496977185,2.3277686966165225
1000,16,shuffle_e,511,0.511,240,0.9386047439716074,2.824924878926294,2.824924878926294,3.0097065820946254,0.008,0.0036055512754639895,0.2214205938930967,0.002666666666666666,0.3913894324853229,0.0025,0.0019569471624266144,0.7749510763209393,0.14481409001956946,0.08023483365949119,0.35319148936170214,0.3170212765957447,0.32978723404255317,0.3913894324853229,7.858354117247306,7.8249711542744755,7.766430475979832,0.9883024307767294,0.08393744919782246,0.025942327883931752,0.5292399494223561,0.036119682191538494,14.652397731958379,0.13536036024889375,0.13968605915391563,0.9690327085521432,0.019883858267706594,0.04587349021359836,0.4334498677803327,0.1209161274580544,0.06771027816474975,1.7857868958069623,0.05283960928799597,0.043988168773685846,1.2012232098101148
1000,16,shuffle_w,528,0.528,240,0.9386047439716074,0.0,0.9386047439716074,0.9999999989345888,0.0,0.0036055512754639895,0.2576105702855863,0.002666666666666667,0.36553030303030304,0.0025,0.003787878787878788,0.7708333333333334,0.1875,0.041666666666666664,0.34189723320158105,0.32608695652173914,0.33201581027667987,0.36553030303030304,2.523079888062545,2.5269917596586917,2.525235671280863,1.0008544252714777,0.13233845326210947,0.011295407246035748,0.459911507837456,0.035533452725935076,12.94305710690976,0.5477225575051662,0.19069251784911845,2.8722813232690148,0.004135751408010667,0.04524933201166673,0.0913991704218824,0.08470579526052222,0.05903418374423842,1.4348601079588787,0.10056792332932699,0.04327423224079155,2.3239678238480392
1000,16,shuffle_h,531,0.531,240,0.9386047439716074,0.0,0.9386047439716074,0.9999999989345888,0.0,0.0036055512754639895,0.2561551433348203,0.002666666666666667,0.3634651600753296,0.0025,0.2815442561205273,0.7664783427495292,0.192090395480226,0.04143126177024482,0.33988212180746563,0.3280943025540275,0.3320235756385069,0.3634651600753296,2.5230849903139787,2.5123958474344876,2.5200025658373013,0.9987783112782523,0.135823352859539,0.008488199997914699,0.45523776974880115,0.035432933563515595,12.847871287110928,0.5477225575051662,0.19069251784911845,2.8722813232690148,0.004135751408010667,0.04524933201166673,0.0913991704218824,0.08470579526052222,0.05903418374423842,1.4348601079588787,0.10044744531603524,0.043151815496977185,2.3277686966165225
1000,17,qcd,531,0.531,240,0.9386047439716074,0.0,0.9386047439716074,0.9999999989345888,0.0,0.0043588989435406735,0.44471168830216623,0.0016666666666666679,0.10922787193973635,0.0025,0.03672316384180791,0.7702448210922788,0.18832391713747645,0.04143126177024482,0.33595284872298625,0.3320235756385069,0.3320235756385069,-0.10922787193973635,2.516185129200414,2.520556973060295,2.5205636894654013,1.0017401582316714,0.13587593328177375,0.003208238039008753,0.20918371032108266,0.035432933563515595,5.9036520345149714,0.5477225575051662,0.19069251784911845,2.8722813232690148,0.004115527684744123,0.04513856236690461,0.09117542670702355,0.3335596936851136,0.083028640052319,4.017405240829273,0.10044744531603524,0.043151815496977185,2.3277686966165225
1000,17,shuffle_b,531,0.531,240,0.9386047439716074,0.0,0.9386047439716074,0.9999999989345888,0.0,0.0043588989435406735,0.44471168830216623,0.0016666666666666679,0.10922787193973635,0.0025,0.03672316384180791,0.7702448210922788,0.18832391713747645,0.04143126177024482,0.33595284872298625,0.3320235756385069,0.3320235756385069,-0.10922787193973635,2.516185129200414,2.520556973060295,2.5205636894654013,1.0017401582316714,0.13587593328177375,0.003208238039008753,0.20918371032108266,0.035432933563515595,5.9036520345149714,0.5477225575051662,0.19069251784911845,2.8722813232690148,0.004115527684744123,0.04513856236690461,0.09117542670702355,0.3335596936851136,0.083028640052319,4.017405240829273,0.10044744531603524,0.043151815496977185,2.3277686966165225
1000,17,shuffle_e,520,0.52,240,0.9386047439716074,2.807235275668332,2.807235275668332,2.9908598808045133,0.003,0.0043588989435406735,0.45411905093932753,0.0016666666666666694,0.07820512820512819,0.0025,0.004807692307692308,0.7865384615384615,0.1576923076923077,0.05576923076923077,0.3360488798370672,0.3319755600814664,0.3319755600814664,0.07820512820512819,7.764443226969836,7.853853966633864,7.798769166385317,1.0044209144702416,0.07659600063653961,0.0033258516534734332,0.2617128001141513,0.03580574370197164,7.309240726641858,0.34275237627004623,0.16609095970747995,2.063642577980783,0.004115527684744123,0.04513856236690461,0.09117542670702355,0.3335596936851136,0.083028640052319,4.017405240829273,0.09557126884700928,0.04360584040240085,2.1917079906054813
1000,17,shuffle_w,526,0.526,240,0.9386047439716074,0.0,0.9386047439716074,0.9999999989345888,0.0,0.0043588989435406735,0.4489389857194872,0.0016666666666666679,0.11026615969581749,0.0025,0.009505703422053232,0.7775665399239544,0.1806083650190114,0.04182509505703422,0.3373015873015873,0.3333333333333333,0.32936507936507936,-0.11026615969581749,2.5252314189480893,2.5297369772819627,2.540465972314398,1.0060329335568994,0.12871391397275905,0.005611958580845635,0.21871106712577557,0.03560094272544522,6.143406617416769,0.5477225575051662,0.19069251784911845,2.8722813232690148,0.004115527684744123,0.04513856236690461,0.09117542670702355,0.3335596936851136,0.083028640052319,4.017405240829273,0.10069373102523946,0.043356424588809596,2.322463901952579
1000,17,shuffle_h,531,0.531,240,0.9386047439716074,0.0,0.9386047439716074,0.9999999989345888,0.0,0.0043588989435406735,0.44471168830216623,0.0016666666666666679,0.10922787193973635,0.0025,0.038606403013182675,0.7702448210922788,0.18832391713747645,0.04143126177024482,0.33595284872298625,0.3320235756385069,0.3320235756385069,-0.10922787193973635,2.516185129200414,2.520556973060295,2.5205636894654013,1.0017401582316714,0.13587593328177372,0.003208238039008753,0.20918371032108266,0.035432933563515595,5.9036520345149714,0.5477225575051662,0.19069251784911845,2.8722813232690148,0.004115527684744123,0.04513856236690461,0.09117542670702355,0.3335596936851136,0.083028640052319,4.017405240829273,0.10044744531603524,0.043151815496977185,2.3277686966165225
1000,18,qcd,530,0.53,240,0.9386047439716074,0.0,0.9386047439716074,0.9999999989345888,0.0,0.00412310562561766,0.2603910305406944,0.0029999999999999927,0.3616352201257862,0.0035,0.28867924528301886,0.769811320754717,0.18867924528301888,0.04150943396226415,0.328740157480315,0.33661417322834647,0.3346456692913386,-0.3616352201257862,2.518439046193903,2.5156775204365394,2.520814634672054,1.0009432781316434,0.13595354023117265,0.005795118678692803,0.4545590685901514,0.03546634510659543,12.81663129437096,0.5477225575051662,0.19069251784911845,2.8722813232690148,0.006003651330350928,0.0451938453788867,0.13284223283101432,0.16709863283391482,0.08333333333333333,2.005183594006978,0.10040537672376564,0.04319250557249312,2.324601812118725
1000,18,shuffle_b,530,0.53,240,0.9386047439716074,0.0,0.9386047439716074,0.9999999989345888,0.0,0.00412310562561766,0.2603910305406944,0.0029999999999999927,0.3616352201257862,0.0035,0.28867924528301886,0.769811320754717,0.18867924528301888,0.04150943396226415,0.328740157480315,0.33661417322834647,0.3346456692913386,-0.3616352201257862,2.518439046193903,2.5156775204365394,2.520814634672054,1.0009432781316434,0.13595354023117265,0.005795118678692803,0.4545590685901514,0.03546634510659543,12.81663129437096,0.5477225575051662,0.19069251784911845,2.8722813232690148,0.006003651330350928,0.0451938453788867,0.13284223283101432,0.16709863283391482,0.08333333333333333,2.005183594006978,0.10040537672376564,0.04319250557249312,2.324601812118725
1000,18,shuffle_e,508,0.508,240,0.9386047439716074,2.8246627839182463,2.8246627839182463,3.009427343139728,0.004,0.00412310562561766,0.09031550981853907,0.0030000000000000035,0.4396325459317585,0.0035,0.031496062992125984,0.7578740157480315,0.17125984251968504,0.07086614173228346,0.3241525423728814,0.3283898305084746,0.3474576271186441,-0.4396325459317585,7.839191110895457,7.879451815098424,7.791696668975023,0.9939414103765856,0.08188008892105907,0.017556218777762783,0.617434891940053,0.03622617780011092,17.043887305664427,0.19798366312450516,0.14907119849998599,1.3281147875424357,0.062274499024581334,0.046524210519923545,1.3385396190207866,0.09427756373356772,0.0692396868548566,1.361611642340276,0.04186968977520828,0.044117863901641255,0.9490416369331667
1000,18,shuffle_w,526,0.526,240,0.9386047439716074,0.0,0.9386047439716074,0.9999999989345888,0.0,0.00412310562561766,0.26237119046876056,0.0029999999999999927,0.3643852978453739,0.0035,0.012357414448669201,0.7756653992395437,0.18250950570342206,0.04182509505703422,0.32936507936507936,0.3373015873015873,0.3333333333333333,-0.3643852978453739,2.5317330438190284,2.5208277645806207,2.535254078145027,1.0013907605047834,0.12968739981637448,0.005611958580845635,0.46081652798804096,0.03560094272544522,12.943941724854367,0.5477225575051662,0.19069251784911845,2.8722813232690148,0.006003651330350928,0.0451938453788867,0.13284223283101432,0.16709863283391482,0.08333333333333333,2.005183594006978,0.10051409905463042,0.043356424588809596,2.3183207565638004
1000,18,shuffle_h,530,0.53,240,0.9386047439716074,0.0,0.9386047439716074,0.9999999989345888,0.0,0.00412310562561766,0.2603910305406944,0.0029999999999999927,0.36163522012578614,0.0035,0.29245283018867924,0.769811320754717,0.18867924528301888,0.04150943396226415,0.328740157480315,0.33661417322834647,0.3346456692913386,-0.36163522012578614,2.518439046193903,2.5156775204365394,2.520814634672054,1.0009432781316434,0.13595354023117265,0.005795118678692803,0.4545590685901514,0.03546634510659543,12.81663129437096,0.5477225575051662,0.19069251784911845,2.8722813232690148,0.006003651330350928,0.0451938453788867,0.13284223283101432,0.16709863283391482,0.08333333333333333,2.005183594006978,0.10040537672376564,0.04319250557249312,2.324601812118725
1000,19,qcd,529,0.529,240,0.9386047439716074,0.0,0.9386047439716074,0.9999999989345888,0.0,0.001414213562373095,0.36224924676135767,0.0023333333333333322,0.28040327662255826,0.002,0.16351606805293006,0.7637051039697542,0.1947069943289225,0.04158790170132325,0.33136094674556216,0.32938856015779094,0.33925049309664695,0.28040327662255826,2.5132701528354198,2.5124303045601764,2.516505269772259,1.0012872141632645,0.13801009915236803,0.0073799948457079646,0.30313408879167697,0.03549985134468374,8.539024173606085,0.5477225575051662,0.19069251784911845,2.8722813232690148,0.0057163392989071915,0.04541702621954747,0.12586335510551067,0.06818298231733178,0.05286032853355975,1.2898705741876735,0.1003978118839524,0.043233310971837004,2.322232779010459
1000,19,shuffle_b,529,0.529,240,0.9386047439716074,0.0,0.9386047439716074,0.9999999989345888,0.0,0.001414213562373095,0.36224924676135767,0.0023333333333333322,0.28040327662255826,0.002,0.16351606805293006,0.7637051039697542,0.1947069943289225,0.04158790170132325,0.33136094674556216,0.32938856015779094,0.33925049309664695,0.28040327662255826,2.5132701528354198,2.5124303045601764,2.516505269772259,1.0012872141632645,0.13801009915236803,0.0073799948457079646,0.30313408879167697,0.03549985134468374,8.539024173606085,0.5477225575051662,0.19069251784911845,2.8722813232690148,0.005716339298907191,0.04541702621954747,0.12586335510551064,0.06818298231733178,0.05286032853355975,1.2898705741876735,0.1003978118839524,0.043233310971837004,2.322232779010459
1000,19,shuffle_e,486,0.486,240,0.9386047439716074,2.826127402103118,2.826127402103118,3.0109877637456517,0.005,0.001414213562373095,0.1274059718552487,0.0023333333333333344,0.4574759945130315,0.002,0.00205761316872428,0.7613168724279835,0.16049382716049382,0.07818930041152264,0.32589285714285715,0.34598214285714285,0.328125,0.4574759945130315,7.856749274995792,7.884863102581215,7.79540478672719,0.9921921285608754,0.08020316779162934,0.015571763047958584,0.627953065185126,0.037037037037037035,16.9547327599984,0.17296501815952614,0.14509525002200233,1.1920791213585396,0.06015158191936432,0.04745789978762495,1.2674724795775594,0.04099001301976684,0.06353020832187396,0.6452050780644717,0.04499131802716096,0.045105364643659523,0.9974715509474417
1000,19,shuffle_w,525,0.525,240,0.9386047439716074,0.0,0.9386047439716074,0.9999999989345888,0.0,0.001414213562373095,0.36500924102239657,0.0023333333333333322,0.28253968253968254,0.002,0.012380952380952381,0.7695238095238095,0.18857142857142858,0.0419047619047619,0.3320079522862823,0.32803180914512925,0.3399602385685885,0.28253968253968254,2.522473163708269,2.5230005112019014,2.525512272593909,1.0012048131688238,0.13279928160918775,0.008589450892522004,0.30953406576414294,0.035634832254989916,8.686278177184324,0.5477225575051662,0.19069251784911845,2.8722813232690148,0.0057163392989071915,0.04541702621954747,0.12586335510551067,0.06818298231733178,0.05286032853355975,1.2898705741876735,0.10046765727954309,0.04339769677767792,2.3150458374376153
1000,19,shuffle_h,529,0.529,240,0.9386047439716074,0.0,0.9386047439716074,0.9999999989345888,0.0,0.001414213562373095,0.36224924676135767,0.0023333333333333322,0.28040327662255826,0.002,0.16540642722117202,0.7637051039697542,0.1947069943289225,0.04158790170132325,0.33136094674556216,0.32938856015779094,0.33925049309664695,0.28040327662255826,2.5132701528354198,2.5124303045601764,2.516505269772259,1.0012872141632645,0.13801009915236803,0.0073799948457079646,0.30313408879167697,0.03549985134468374,8.539024173606085,0.5477225575051662,0.19069251784911845,2.8722813232690148,0.0057163392989071915,0.04541702621954747,0.12586335510551067,0.06818298231733178,0.05286032853355975,1.2898705741876735,0.1003978118839524,0.043233310971837004,2.322232779010459
1000,20,qcd,534,0.534,240,0.9386047439716074,0.0,0.9386047439716074,0.9999999989345888,0.0,0.002,0.004587059443414191,0.003666666666666666,0.4431960049937578,0.004,0.41292134831460675,0.7640449438202247,0.19288389513108614,0.04307116104868914,0.33463796477495106,0.33463796477495106,0.33072407045009783,-0.4431960049937578,2.5354743568959694,2.5248640657879577,2.523369388010294,0.9952257577156115,0.12329023076647026,0.003195681334355092,0.615640798323066,0.03533326266687867,17.423831026512207,0.5485847059334784,0.18650096164806276,2.941457787057886,0.00346620971169877,0.0451938453788867,0.0766964988847372,0.010089165565846235,0.0678752242755831,0.14864283210148643,0.10046253618727834,0.04303043180927362,2.3346857552479254
1000,20,shuffle_b,534,0.534,240,0.9386047439716074,0.0,0.9386047439716074,0.9999999989345888,0.0,0.002,0.004587059443414191,0.003666666666666666,0.4431960049937578,0.004,0.41292134831460675,0.7640449438202247,0.19288389513108614,0.04307116104868914,0.33463796477495106,0.33463796477495106,0.33072407045009783,-0.4431960049937578,2.5354743568959694,2.5248640657879577,2.523369388010294,0.9952257577156115,0.12329023076647026,0.003195681334355092,0.615640798323066,0.03533326266687867,17.423831026512207,0.5485847059334784,0.18650096164806276,2.941457787057886,0.00346620971169877,0.0451938453788867,0.0766964988847372,0.010089165565846235,0.0678752242755831,0.14864283210148643,0.10046253618727834,0.04303043180927362,2.3346857552479254
1000,20,shuffle_e,517,0.517,240,0.9386047439716074,2.825517454437987,2.825517454437987,3.0103379186767887,0.005,0.002,0.075509560139045,0.0036666666666666657,0.4461637653127015,0.004,0.019342359767891684,0.769825918762089,0.15860735009671179,0.07156673114119923,0.3375,0.3416666666666667,0.32083333333333336,-0.4461637653127015,7.880047574390987,7.863583239787356,7.890597249936379,1.0013387832301517,0.06575181314829216,0.01559023911155808,0.640727649730418,0.035909478570327065,17.84285584864682,0.20440724758042203,0.14704292441876154,1.3901195748684474,0.01104765993155186,0.04575808502394551,0.2414362385526087,0.0639137490706142,0.06804138174397717,0.9393364366277241,0.0370926153768621,0.04373217337711355,0.8481768115433718
1000,20,shuffle_w,532,0.532,240,0.9386047439716074,0.0,0.9386047439716074,0.9999999989345888,0.0,0.002,0.004604304027787928,0.003666666666666666,0.4448621553884711,0.004,0.040413533834586464,0.7669172932330827,0.18984962406015038,0.043233082706766915,0.33398821218074654,0.33398821218074654,0.3320235756385069,-0.4448621553884711,2.540113776318498,2.532998402478088,2.523361016106684,0.9934047205412606,0.12105785210593163,0.0016041190195043536,0.6189340910379215,0.03539961627023944,17.484203396810866,0.5485847059334784,0.18650096164806276,2.941457787057886,0.00346620971169877,0.0451938453788867,0.0766964988847372,0.010089165565846235,0.0678752242755831,0.14864283210148643,0.10045326384745393,0.043111240203098845,2.3300945037585192
1000,20,shuffle_h,534,0.534,240,0.9386047439716074,0.0,0.9386047439716074,0.9999999989345888,0.0,0.002,0.004587059443414191,0.003666666666666666,0.4431960049937578,0.004,0.4147940074906367,0.7640449438202247,0.19288389513108614,0.04307116104868914,0.33463796477495106,0.33463796477495106,0.33072407045009783,-0.4431960049937578,2.5354743568959694,2.5248640657879577,2.523369388010294,0.9952257577156115,0.12329023076647026,0.003195681334355092,0.615640798323066,0.03533326266687867,17.423831026512207,0.5485847059334784,0.18650096164806276,2.941457787057886,0.00346620971169877,0.0451938453788867,0.0766964988847372,0.010089165565846235,0.0678752242755831,0.14864283210148643,0.10046253618727834,0.04303043180927362,2.3346857552479254
1000,21,qcd,531,0.531,240,0.9386047439716074,0.0,0.9386047439716074,0.9999999989345888,0.0,0.001414213562373095,0.3608799290436363,0.002333333333333334,0.27620841180163214,0.002,0.16101694915254236,0.7664783427495292,0.18832391713747645,0.04519774011299435,0.33136094674556216,0.3333333333333333,0.33530571992110453,-0.27620841180163214,2.53311251637958,2.5284559313415333,2.534526781035669,1.000558311029196,0.12119955750432948,0.0027893758626688016,0.3009885201356994,0.035432933563515595,8.494597818048566,0.5477225575051662,0.18257418583505536,3.0000000000000004,0.002242926115909764,0.04524933201166673,0.04956815970966081,0.3337655790303765,0.11785113019775792,2.832094851108405,0.10037680464834238,0.043151815496977185,2.326131670065512
1000,21,shuffle_b,531,0.531,240,0.9386047439716074,0.0,0.9386047439716074,0.9999999989345888,0.0,0.001414213562373095,0.3608799290436363,0.002333333333333334,0.27620841180163214,0.002,0.16101694915254236,0.7664783427495292,0.18832391713747645,0.04519774011299435,0.33136094674556216,0.3333333333333333,0.33530571992110453,-0.27620841180163214,2.53311251637958,2.5284559313415333,2.534526781035669,1.000558311029196,0.12119955750432948,0.0027893758626688016,0.3009885201356994,0.035432933563515595,8.494597818048566,0.5477225575051662,0.18257418583505536,3.0000000000000004,0.002242926115909764,0.04524933201166673,0.04956815970966081,0.3337655790303765,0.11785113019775792,2.832094851108405,0.10037680464834238,0.043151815496977185,2.326131670065512
1000,21,shuffle_e,518,0.518,240,0.9386047439716074,2.8260744956084025,2.8260744956084025,3.0109313965740614,0.005,0.001414213562373095,0.08574993171626567,0.0023333333333333314,0.4453024453024453,0.002,0.005791505791505791,0.7818532818532818,0.13320463320463322,0.08494208494208494,0.33122362869198313,0.31856540084388185,0.350210970464135,-0.4453024453024453,7.946393026988664,7.891822440635093,7.932027642258054,0.9981922131611385,0.049475846964345975,0.022525481544369855,0.6366813707903117,0.03587480016670876,17.74731476779463,0.14868570212541932,0.13483997249264842,1.102682679155291,0.03289608048018326,0.045360921162651446,0.7252075054258095,0.07414226880391384,0.07050361858740394,1.0516094108276022,0.038664228164579796,0.04368994046202103,0.884968662252813
1000,21,shuffle_w,530,0.53,240,0.9386047439716074,0.0,0.9386047439716074,0.9999999989345888,0.0,0.001414213562373095,0.36156083457013377,0.002333333333333334,0.27672955974842767,0.002,0.010377358490566037,0.7679245283018868,0.18679245283018867,0.045283018867924525,0.33201581027667987,0.33201581027667987,0.3359683794466403,-0.27672955974842767,2.5366980103586494,2.533098379621249,2.534513397179753,0.9991387965102762,0.11966042915778269,0.0032272592131530487,0.3025739035830169,0.03546634510659543,8.531296435356383,0.5477225575051662,0.18257418583505536,3.0000000000000004,0.002242926115909764,0.04524933201166673,0.04956815970966081,0.3337655790303765,0.11785113019775792,2.832094851108405,0.10040537672376564,0.04319250557249312,2.324601812118725
1000,21,shuffle_h,531,0.531,240,0.9386047439716074,0.0,0.9386047439716074,0.9999999989345888,0.0,0.001414213562373095,0.3608799290436363,0.002333333333333334,0.27620841180163214,0.002,0.1497175141242938,0.7664783427495292,0.18832391713747645,0.04519774011299435,0.33136094674556216,0.3333333333333333,0.33530571992110453,-0.27620841180163214,2.53311251637958,2.5284559313415333,2.534526781035669,1.000558311029196,0.12119955750432944,0.0027893758626688016,0.3009885201356994,0.035432933563515595,8.494597818048566,0.5477225575051662,0.18257418583505536,3.0000000000000004,0.002242926115909764,0.04524933201166673,0.04956815970966081,0.3337655790303765,0.11785113019775792,2.832094851108405,0.10037680464834238,0.043151815496977185,2.326131670065512
1000,22,qcd,533,0.533,240,0.9386047439716074,0.0,0.9386047439716074,0.9999999989345888,0.0,0.0043588989435406735,0.44198103209685813,0.004666666666666667,0.1951219512195122,0.0035,0.036585365853658534,0.7654784240150094,0.1894934333958724,0.0450281425891182,0.33595284872298625,0.3320235756385069,0.3320235756385069,0.1951219512195122,2.5252804997501865,2.5345071296967108,2.5345065955699146,1.003653493471573,0.12188932437914791,0.003208238039008753,0.20353374425211707,0.035366392784487034,5.755004348122103,0.5477225575051662,0.18257418583505536,3.0000000000000004,0.00693241942339753,0.0451938453788867,0.1533929977694742,0.007750680539628374,0.048112522432468816,0.16109486985446048,0.10042324541401676,0.04307077915222977,2.33158645816645
1000,22,shuffle_b,533,0.533,240,0.9386047439716074,0.0,0.9386047439716074,0.9999999989345888,0.0,0.0043588989435406735,0.44198103209685813,0.004666666666666667,0.1951219512195122,0.0035,0.036585365853658534,0.7654784240150094,0.1894934333958724,0.0450281425891182,0.33595284872298625,0.3320235756385069,0.3320235756385069,0.1951219512195122,2.5252804997501865,2.5345071296967108,2.5345065955699146,1.003653493471573,0.12188932437914791,0.003208238039008753,0.20353374425211707,0.035366392784487034,5.755004348122103,0.5477225575051662,0.18257418583505536,3.0000000000000004,0.00693241942339753,0.0451938453788867,0.1533929977694742,0.007750680539628375,0.048112522432468816,0.1610948698544605,0.10042324541401675,0.04307077915222977,2.3315864581664494
1000,22,shuffle_e,485,0.485,240,0.9386047439716074,2.815639975962382,2.815639975962382,2.9998143425617934,0.003,0.0043588989435406735,0.4534020149740017,0.004666666666666668,0.12508591065292093,0.0035,0.009278350515463918,0.7793814432989691,0.15051546391752577,0.07010309278350516,0.3436807095343681,0.3237250554323725,0.3325942350332594,0.12508591065292093,7.8654214784552225,7.804768075016925,7.845106215068836,0.997417142432604,0.06966464625076851,0.014139783052260898,0.2638101155999412,0.03707519988800324,7.115541288971032,0.2863685045797197,0.1533929977694741,1.8668942438303942,0.05074953992923512,0.04695301415158425,1.0808579778370366,0.03240065797332246,0.04998530060235763,0.6482037235521643,0.09688577240057226,0.04515184107499366,2.145776785483733
1000,22,shuffle_w,529,0.529,240,0.9386047439716074,0.0,0.9386047439716074,0.9999999989345888,0.0,0.0043588989435406735,0.44532304368171155,0.004666666666666667,0.19659735349716445,0.0035,0.001890359168241966,0.7712665406427222,0.1833648393194707,0.045368620037807186,0.33663366336633666,0.3326732673267327,0.3306930693069307,0.19659735349716445,2.5298470357518554,2.546388168912172,2.5439367395447348,1.0055693896088433,0.11725686971788635,0.004277716632612453,0.21104966272630538,0.03549985134468374,5.945085816758244,0.5477225575051662,0.18257418583505536,3.0000000000000004,0.00693241942339753,0.0451938453788867,0.1533929977694742,0.007750680539628374,0.048112522432468816,0.16109486985446048,0.10054008301849142,0.043233310971837004,2.3255235548344917
1000,22,shuffle_h,533,0.533,240,0.9386047439716074,0.0,0.9386047439716074,0.9999999989345888,0.0,0.0043588989435406735,0.44198103209685813,0.004666666666666667,0.1951219512195122,0.0035,0.03095684803001876,0.7654784240150094,0.1894934333958724,0.0450281425891182,0.33595284872298625,0.3320235756385069,0.3320235756385069,0.1951219512195122,2.5252804997501865,2.5345071296967108,2.5345065955699146,1.003653493471573,0.12188932437914791,0.003208238039008753,0.20353374425211707,0.035366392784487034,5.755004348122103,0.5477225575051662,0.18257418583505536,3.0000000000000004,0.00693241942339753,0.0451938453788867,0.1533929977694742,0.007750680539628374,0.048112522432468816,0.16109486985446048,0.10042324541401676,0.04307077915222977,2.33158645816645
1000,23,qcd,531,0.531,240,0.9386047439716074,0.0,0.9386047439716074,0.9999999989345888,0.0,0.0037416573867739417,0.36089958374268927,0.0033333333333333322,0.27934714375392344,0.0035,0.1647834274952919,0.7702448210922788,0.18832391713747645,0.04143126177024482,0.3379174852652259,0.3300589390962672,0.3320235756385069,-0.27934714375392344,2.5164837367527793,2.519294964069176,2.5201268729330715,1.001447709010428,0.13582984957822583,0.00578373337677001,0.3080348403722616,0.035432933563515595,8.693461404207225,0.5477225575051662,0.19069251784911845,2.8722813232690148,0.006391355803324423,0.04513856236690461,0.14159413743337418,0.334352184410323,0.1161553420728616,2.8784916685156974,0.1004121311942172,0.043151815496977185,2.3269503272985386
1000,23,shuffle_b,531,0.531,240,0.9386047439716074,0.0,0.9386047439716074,0.9999999989345888,0.0,0.0037416573867739412,0.36089958374268927,0.0033333333333333322,0.27934714375392344,0.0035,0.1647834274952919,0.7702448210922788,0.18832391713747645,0.04143126177024482,0.3379174852652259,0.3300589390962672,0.3320235756385069,-0.27934714375392344,2.5164837367527793,2.519294964069176,2.5201268729330715,1.001447709010428,0.13582984957822583,0.00578373337677001,0.3080348403722616,0.035432933563515595,8.693461404207225,0.5477225575051662,0.19069251784911845,2.8722813232690148,0.006391355803324423,0.04513856236690461,0.14159413743337418,0.334352184410323,0.1161553420728616,2.8784916685156974,0.1004121311942172,0.043151815496977185,2.3269503272985386
1000,23,shuffle_e,521,0.521,240,0.9386047439716074,2.8253775679416524,2.8253775679416524,3.010188882038008,0.006,0.0037416573867739417,0.16620152131124197,0.0033333333333333357,0.4024312220089571,0.0035,0.019193857965451054,0.7907869481765835,0.1420345489443378,0.0671785028790787,0.31893004115226337,0.345679012345679,0.33539094650205764,-0.4024312220089571,7.856158886543646,7.886941932214517,7.9157420648031716,1.0075842633938554,0.0644963149083775,0.019081519538057,0.5547080297350455,0.035771364679448144,15.50704130820438,0.2175935173103974,0.15118578920369088,1.439245834257849,0.02966068410974654,0.04497392268507215,0.6595084960109914,0.11655544757941075,0.07611923341691104,1.5312220361052162,0.04562736219511964,0.043563972087031444,1.0473645999030112
1000,23,shuffle_w,528,0.528,240,0.9386047439716074,0.0,0.9386047439716074,0.9999999989345888,0.0,0.0037416573867739417,0.36295014955940913,0.0033333333333333322,0.2809343434343434,0.0035,0.016098484848484848,0.7746212121212122,0.18371212121212122,0.041666666666666664,0.33794466403162055,0.32806324110671936,0.3339920948616601,-0.2809343434343434,2.525483241039763,2.5298786784594847,2.520114722321351,0.9978742608023794,0.1323521033159003,0.007033648387372406,0.312861361316732,0.035533452725935076,8.80469915855887,0.5477225575051662,0.19069251784911845,2.8722813232690148,0.006391355803324423,0.04513856236690461,0.14159413743337418,0.334352184410323,0.1161553420728616,2.8784916685156974,0.10049656301118826,0.04327423224079155,2.322318798216766
1000,23,shuffle_h,531,0.531,240,0.9386047439716074,0.0,0.9386047439716074,0.9999999989345888,0.0,0.0037416573867739417,0.36089958374268927,0.0033333333333333322,0.27934714375392344,0.0035,0.1647834274952919,0.7702448210922788,0.18832391713747645,0.04143126177024482,0.3379174852652259,0.3300589390962672,0.3320235756385069,-0.27934714375392344,2.5164837367527793,2.519294964069176,2.5201268729330715,1.001447709010428,0.13582984957822583,0.00578373337677001,0.3080348403722616,0.035432933563515595,8.693461404207225,0.5477225575051662,0.19069251784911845,2.8722813232690148,0.006391355803324423,0.04513856236690461,0.14159413743337418,0.334352184410323,0.1161553420728616,2.8784916685156974,0.1004121311942172,0.043151815496977185,2.3269503272985386
1000,24,qcd,533,0.533,240,0.9386047439716074,0.0,0.9386047439716074,0.9999999989345888,0.0,0.00818535277187245,0.44630041285761013,0.0016666666666666661,0.10944340212632894,0.0015,0.03470919324577861,0.7729831144465291,0.18574108818011256,0.04127579737335835,0.33072407045009783,0.33268101761252444,0.33659491193737767,-0.10944340212632894,2.5205798358397042,2.5213659630284817,2.522865663480515,1.000906865796635,0.13464906614300964,0.004227489040057313,0.21180540157450128,0.035366392784487034,5.988889024254878,0.5477225575051662,0.19069251784911845,2.8722813232690148,0.007415171027436631,0.04497392268507215,0.16487712400274776,0.3336035525254389,0.08333333333333333,4.003242630305267,0.10063333693830562,0.04307077915222977,2.336464278545466
1000,24,shuffle_b,533,0.533,240,0.9386047439716074,0.0,0.9386047439716074,0.9999999989345888,0.0,0.00818535277187245,0.44630041285761013,0.0016666666666666661,0.10944340212632894,0.0015,0.03470919324577861,0.7729831144465291,0.18574108818011256,0.04127579737335835,0.33072407045009783,0.33268101761252444,0.33659491193737767,-0.10944340212632894,2.5205798358397042,2.5213659630284817,2.522865663480515,1.000906865796635,0.13464906614300964,0.004227489040057313,0.21180540157450128,0.035366392784487034,5.988889024254878,0.5477225575051662,0.19069251784911845,2.8722813232690148,0.007415171027436631,0.04497392268507215,0.16487712400274776,0.3336035525254389,0.08333333333333333,4.003242630305267,0.1006333369383056,0.04307077915222977,2.3364642785454657
1000,24,shuffle_e,521,0.521,240,0.9386047439716074,2.8174748579769138,2.8174748579769138,3.0017692463957677,0.005,0.00818535277187245,0.4565798849387835,0.0016666666666666644,0.09916826615483045,0.0015,0.0009596928982725527,0.7907869481765835,0.14779270633397312,0.061420345489443376,0.3231083844580777,0.3374233128834356,0.3394683026584867,0.09916826615483045,7.920497895783231,7.81172016867872,7.867516336098887,0.9933108296496675,0.06657695211151758,0.012606163605253526,0.27756645853179984,0.035771364679448144,7.759459585037055,0.270993542358485,0.15811388300841897,1.713913650100261,0.007415171027436631,0.04497392268507215,0.16487712400274776,0.3336035525254389,0.08333333333333333,4.003242630305267,0.09572139044976542,0.043563972087031444,2.1972603934860366
1000,24,shuffle_w,531,0.531,240,0.9386047439716074,0.0,0.9386047439716074,0.9999999989345888,0.0,0.00818535277187245,0.44798139369699846,0.0016666666666666661,0.1098556183301946,0.0015,0.004708097928436911,0.775894538606403,0.18267419962335216,0.04143126177024482,0.3320235756385069,0.3320235756385069,0.33595284872298625,-0.1098556183301946,2.5205794552777205,2.5305116132459937,2.5319136060557925,1.0044966449100978,0.1310784395538338,0.003208238039008753,0.2155959313440856,0.035432933563515595,6.0846198624118255,0.5477225575051662,0.19069251784911845,2.8722813232690148,0.007415171027436631,0.04497392268507215,0.16487712400274776,0.3336035525254389,0.08333333333333333,4.003242630305267,0.10069429739260458,0.043151815496977185,2.3334892456531358
1000,24,shuffle_h,533,0.533,240,0.9386047439716074,0.0,0.9386047439716074,0.9999999989345888,0.0,0.00818535277187245,0.44630041285761013,0.0016666666666666661,0.10944340212632894,0.0015,0.027204502814258912,0.7729831144465291,0.18574108818011256,0.04127579737335835,0.33072407045009783,0.33268101761252444,0.33659491193737767,-0.10944340212632894,2.5205798358397042,2.5213659630284817,2.522865663480515,1.000906865796635,0.13464906614300964,0.004227489040057313,0.21180540157450128,0.035366392784487034,5.988889024254878,0.5477225575051662,0.19069251784911845,2.8722813232690148,0.007415171027436631,0.04497392268507215,0.16487712400274776,0.3336035525254389,0.08333333333333333,4.003242630305267,0.10063333693830562,0.04307077915222977,2.336464278545466
1000,25,qcd,497,0.497,240,0.9386047439716074,0.0,0.9386047439716074,0.9999999989345888,0.0,0.00458257569495584,0.4751346207011072,0.002333333333333334,0.13413816230717637,0.003,0.0030181086519114686,0.8229376257545271,0.13279678068410464,0.04426559356136821,0.33263157894736844,0.3410526315789474,0.3263157894736842,0.13413816230717637,2.5116074837027154,2.515084783569777,2.5088743005795804,0.99891177935212,0.1395015031089359,0.01045590486017638,0.19143964307590303,0.036624877106575575,5.227038510431814,0.5477225575051662,0.19069251784911845,2.8722813232690148,0.009416642223546327,0.04513856236690461,0.20861635217807836,0.009020351923870686,0.04805366917199,0.18771411380857797,0.10744576027764706,0.04460341779687534,2.408913163716662
1000,25,shuffle_b,497,0.497,240,0.9386047439716074,0.0,0.9386047439716074,0.9999999989345888,0.0,0.00458257569495584,0.4751346207011072,0.002333333333333334,0.13413816230717637,0.003,0.0030181086519114686,0.8229376257545271,0.13279678068410464,0.04426559356136821,0.33263157894736844,0.3410526315789474,0.3263157894736842,0.13413816230717637,2.5116074837027154,2.515084783569777,2.5088743005795804,0.99891177935212,0.1395015031089359,0.01045590486017638,0.19143964307590303,0.036624877106575575,5.227038510431814,0.5477225575051662,0.19069251784911845,2.8722813232690148,0.009416642223546327,0.04513856236690461,0.20861635217807836,0.009020351923870686,0.04805366917199,0.18771411380857797,0.10744576027764706,0.04460341779687534,2.408913163716662
1000,25,shuffle_e,527,0.527,240,0.9386047439716074,2.824794774696069,2.824794774696069,3.009567967591639,0.006,0.00458257569495584,0.16713379418485613,0.0023333333333333322,0.40417457305502846,0.003,0.014231499051233396,0.7855787476280834,0.13092979127134724,0.08349146110056926,0.32919254658385094,0.3416149068322981,0.32919254658385094,-0.40417457305502846,7.895081283347467,7.8773816769362766,7.9323995362548185,1.0047267724761826,0.057491282846300125,0.010142814669909614,0.5585412980682962,0.03556714970147894,15.703853211635657,0.09854310631217637,0.13483997249264842,0.7308152359460695,0.015653963039632523,0.044865158504847125,0.348911350395459,0.07119820318125683,0.06208764195431094,1.1467371112861746,0.044357225811309166,0.043315269928762494,1.0240551630928378
1000,25,shuffle_w,495,0.495,240,0.9386047439716074,0.0,0.9386047439716074,0.9999999989345888,0.0,0.00458257569495584,0.4770543565423238,0.002333333333333334,0.13468013468013465,0.003,0.01818181818181818,0.8262626262626263,0.1292929292929293,0.044444444444444446,0.3298097251585624,0.34249471458773784,0.3276955602536998,0.13468013468013465,2.5227898928536243,2.5232910093342844,2.5088770448112037,0.9944851340645402,0.13582715007583618,0.011319505570267091,0.19551130645551854,0.03669879217087869,5.3274588859810255,0.5477225575051662,0.19069251784911845,2.8722813232690148,0.009416642223546327,0.04513856236690461,0.20861635217807836,0.009020351923870686,0.04805366917199,0.18771411380857797,0.10754440881230073,0.044693434876932725,2.406268596460166
1000,25,shuffle_h,497,0.497,240,0.9386047439716074,0.0,0.9386047439716074,0.9999999989345888,0.0,0.00458257569495584,0.4751346207011072,0.002333333333333334,0.1341381623071764,0.003,0.001006036217303823,0.8229376257545271,0.13279678068410464,0.04426559356136821,0.33263157894736844,0.3410526315789474,0.3263157894736842,0.1341381623071764,2.5116074837027154,2.515084783569777,2.5088743005795804,0.99891177935212,0.13950150310893586,0.01045590486017638,0.19143964307590303,0.036624877106575575,5.227038510431814,0.5477225575051662,0.19069251784911845,2.8722813232690148,0.009416642223546327,0.04513856236690461,0.20861635217807836,0.009020351923870686,0.04805366917199,0.18771411380857797,0.10744576027764706,0.04460341779687534,2.408913163716662
1000,26,qcd,532,0.532,240,0.9386047439716074,0.0,0.9386047439716074,0.9999999989345888,0.0,0.005477225575051661,0.26128495690932174,0.004333333333333331,0.36278195488721804,0.0025,0.2857142857142857,0.7631578947368421,0.19548872180451127,0.041353383458646614,0.32941176470588235,0.3333333333333333,0.33725490196078434,-0.36278195488721804,2.5192637683482384,2.5208581347366814,2.5105919292816212,0.9965577883604054,0.136660662199538,0.005545935538718039,0.4513183599283376,0.03539961627023944,12.74924441222721,0.5477225575051662,0.19069251784911845,2.8722813232690148,0.009644778427315882,0.045305023518296864,0.2128854082466318,0.16694489289116932,0.08395292055067764,1.9885537250653966,0.10045326384745393,0.043111240203098845,2.3300945037585192
1000,26,shuffle_b,532,0.532,240,0.9386047439716074,0.0,0.9386047439716074,0.9999999989345888,0.0,0.005477225575051661,0.26128495690932174,0.004333333333333331,0.36278195488721804,0.0025,0.2857142857142857,0.7631578947368421,0.19548872180451127,0.041353383458646614,0.32941176470588235,0.3333333333333333,0.33725490196078434,-0.36278195488721804,2.5192637683482384,2.5208581347366814,2.5105919292816212,0.9965577883604054,0.136660662199538,0.005545935538718039,0.4513183599283376,0.03539961627023944,12.74924441222721,0.5477225575051662,0.19069251784911845,2.8722813232690148,0.009644778427315882,0.045305023518296864,0.2128854082466318,0.16694489289116934,0.08395292055067764,1.988553725065397,0.10045326384745393,0.043111240203098845,2.3300945037585192
1000,26,shuffle_e,508,0.508,240,0.9386047439716074,2.8253373378203652,2.8253373378203652,3.01014602041654,0.006,0.005477225575051661,0.09743597378554789,0.004333333333333332,0.44160104986876636,0.0025,0.011811023622047244,0.7637795275590551,0.16535433070866143,0.07086614173228346,0.3474576271186441,0.3305084745762712,0.3220338983050847,-0.44160104986876636,7.922485095678919,7.862924117637138,7.857785258422185,0.9918333911045131,0.06774032934621048,0.018307177114146526,0.6148563567452257,0.03622617780011092,16.972708524147503,0.2018433569398328,0.14907119849998599,1.3540064007726602,0.06567530877531405,0.046343999860004044,1.417126466720741,0.09849423125750181,0.06977299142352905,1.411638361033311,0.04368147469892472,0.044117863901641255,0.9901085600225468
1000,26,shuffle_w,531,0.531,240,0.9386047439716074,0.0,0.9386047439716074,0.9999999989345888,0.0,0.005477225575051661,0.26177701897506434,0.004333333333333331,0.3634651600753296,0.0025,0.004708097928436911,0.7645951035781544,0.19397363465160075,0.04143126177024482,0.3300589390962672,0.3320235756385069,0.3379174852652259,-0.3634651600753296,2.51925954960837,2.526065868611836,2.51058857411489,0.9965581253845688,0.13582947703135684,0.00578373337677001,0.4528553933013676,0.035432933563515595,12.78063506905512,0.5477225575051662,0.19069251784911845,2.8722813232690148,0.009644778427315882,0.045305023518296864,0.2128854082466318,0.16694489289116932,0.08395292055067764,1.9885537250653966,0.10048274702689557,0.043151815496977185,2.328586778323022
1000,26,shuffle_h,532,0.532,240,0.9386047439716074,0.0,0.9386047439716074,0.9999999989345888,0.0,0.005477225575051661,0.26128495690932174,0.004333333333333331,0.36278195488721804,0.0025,0.2894736842105263,0.7631578947368421,0.19548872180451127,0.041353383458646614,0.32941176470588235,0.3333333333333333,0.33725490196078434,-0.36278195488721804,2.5192637683482384,2.5208581347366814,2.5105919292816212,0.9965577883604054,0.136660662199538,0.005545935538718039,0.4513183599283376,0.03539961627023944,12.74924441222721,0.5477225575051662,0.19069251784911845,2.8722813232690148,0.009644778427315882,0.045305023518296864,0.2128854082466318,0.16694489289116932,0.08395292055067764,1.9885537250653966,0.10045326384745393,0.043111240203098845,2.3300945037585192
1000,27,qcd,532,0.532,240,0.9386047439716074,0.0,0.9386047439716074,0.9999999989345888,0.0,0.0037416573867739417,0.4417053264958466,0.003000000000000002,0.19611528822055138,0.0025,0.03759398496240601,0.7650375939849624,0.18984962406015038,0.045112781954887216,0.33070866141732286,0.33070866141732286,0.33858267716535434,0.19611528822055138,2.5461907209541685,2.5461905385666563,2.5392372370547585,0.9972690640012998,0.1087240443649954,0.006429106936438777,0.2035174140417222,0.03539961627023944,5.749141812387946,0.550883129367947,0.18257418583505536,3.0173111650386124,0.006422762957149089,0.04524933201166673,0.1419416082317656,0.008609253088300014,0.04817159246384035,0.1787205414635708,0.10055872827948102,0.043111240203098845,2.3325408363513707
1000,27,shuffle_b,532,0.532,240,0.9386047439716074,0.0,0.9386047439716074,0.9999999989345888,0.0,0.0037416573867739412,0.4417053264958466,0.003000000000000002,0.19611528822055138,0.0025,0.03759398496240601,0.7650375939849624,0.18984962406015038,0.045112781954887216,0.33070866141732286,0.33070866141732286,0.33858267716535434,0.19611528822055138,2.5461907209541685,2.5461905385666563,2.5392372370547585,0.9972690640012998,0.1087240443649954,0.006429106936438777,0.2035174140417222,0.03539961627023944,5.749141812387946,0.550883129367947,0.18257418583505536,3.0173111650386124,0.006422762957149089,0.04524933201166673,0.1419416082317656,0.008609253088300014,0.04817159246384035,0.1787205414635708,0.10055872827948104,0.043111240203098845,2.332540836351371
1000,27,shuffle_e,495,0.495,240,0.9386047439716074,2.825339802396897,2.825339802396897,3.0101486462039597,0.004,0.0037416573867739417,0.10968785422624831,0.0029999999999999966,0.4451178451178451,0.0025,0.005050505050505051,0.7555555555555555,0.16767676767676767,0.07676767676767676,0.33260393873085337,0.32603938730853393,0.3413566739606127,0.4451178451178451,7.83379679976489,7.929939134563555,7.948419712276873,1.0146318465288025,0.05322907771346608,0.010867734810905423,0.6079364908109268,0.03669879217087869,16.565572185052403,0.21891194045353077,0.14509525002200233,1.50874642981307,0.04436676814493276,0.047203432003085063,0.9399055590286972,0.0428456391278101,0.06408026367951926,0.6686245759238976,0.04351226800607091,0.044693434876932725,0.9735718036862849
1000,27,shuffle_w,531,0.531,240,0.9386047439716074,0.0,0.9386047439716074,0.9999999989345888,0.0,0.0037416573867739417,0.4425371632689084,0.003000000000000002,0.19648462021343377,0.0025,0.006591337099811676,0.7664783427495292,0.18832391713747645,0.04519774011299435,0.32938856015779094,0.33136094674556216,0.33925049309664695,0.19648462021343377,2.5569570925767096,2.5461795386300388,2.5392258850351612,0.9930655044650436,0.10665473915620403,0.0073799948457079646,0.20538534222987795,0.035432933563515595,5.796453230769413,0.550883129367947,0.18257418583505536,3.0173111650386124,0.006422762957149089,0.04524933201166673,0.1419416082317656,0.008609253088300014,0.04817159246384035,0.1787205414635708,0.10058857782437672,0.043151815496977185,2.3310393008012147
1000,27,shuffle_h,532,0.532,240,0.9386047439716074,0.0,0.9386047439716074,0.9999999989345888,0.0,0.0037416573867739417,0.4417053264958466,0.003000000000000002,0.19611528822055138,0.0025,0.03383458646616541,0.7650375939849624,0.18984962406015038,0.045112781954887216,0.33070866141732286,0.33070866141732286,0.33858267716535434,0.19611528822055138,2.5461907209541685,2.5461905385666563,2.5392372370547585,0.9972690640012998,0.1087240443649954,0.006429106936438777,0.2035174140417222,0.03539961627023944,5.749141812387946,0.550883129367947,0.18257418583505536,3.0173111650386124,0.006422762957149089,0.04524933201166673,0.1419416082317656,0.008609253088300014,0.04817159246384035,0.1787205414635708,0.10055872827948102,0.043111240203098845,2.3325408363513707
1000,28,qcd,537,0.537,240,0.9386047439716074,0.0,0.9386047439716074,0.9999999989345888,0.0,0.004472135954999579,0.2532930746942078,0.006333333333333333,0.3612662942271881,0.006,0.2886405959031657,0.7616387337057728,0.19553072625698323,0.04283054003724395,0.3346303501945525,0.33073929961089493,0.3346303501945525,0.3612662942271881,2.504696654524727,2.514865657957133,2.522324589986829,1.0070379522527237,0.13803902619101602,0.0031770294977732415,0.4505055397825496,0.03523442817211266,12.78594724404001,0.5485847059334784,0.18650096164806276,2.941457787057886,0.004115527684744123,0.04513856236690461,0.09117542670702355,0.08365709885233341,0.05892556509887896,1.4197080454290791,0.10047066424460432,0.042910066729277226,2.3414240970185656
1000,28,shuffle_b,537,0.537,240,0.9386047439716074,0.0,0.9386047439716074,0.9999999989345888,0.0,0.004472135954999579,0.2532930746942078,0.006333333333333333,0.3612662942271881,0.006,0.2886405959031657,0.7616387337057728,0.19553072625698323,0.04283054003724395,0.3346303501945525,0.33073929961089493,0.3346303501945525,0.3612662942271881,2.504696654524727,2.514865657957133,2.522324589986829,1.0070379522527237,0.13803902619101602,0.0031770294977732415,0.4505055397825496,0.03523442817211266,12.78594724404001,0.5485847059334784,0.18650096164806276,2.941457787057886,0.004115527684744123,0.04513856236690461,0.09117542670702355,0.08365709885233341,0.05892556509887896,1.4197080454290791,0.10047066424460432,0.042910066729277226,2.3414240970185656
1000,28,shuffle_e,492,0.492,240,0.9386047439716074,2.8257249834528664,2.8257249834528664,3.0105590224118717,0.004,0.004472135954999579,0.11645827114452674,0.006333333333333332,0.45054200542005424,0.006,0.0040650406504065045,0.782520325203252,0.1443089430894309,0.07317073170731707,0.3574561403508772,0.3267543859649123,0.3157894736842105,0.45054200542005424,7.812552994257881,7.77637325225636,7.855765013209988,1.0055311009069465,0.08874863446382097,0.030544711134175707,0.6202951009755512,0.036810508691615514,16.851033115900364,0.22012903062398834,0.14907119849998599,1.4766704288891126,0.03314445842865971,0.046524210519923545,0.7124131298147641,0.051510852955782546,0.06597180114129773,0.7808010705279537,0.04215604810425041,0.04482948826585573,0.9403642498493221
1000,28,shuffle_w,534,0.534,240,0.9386047439716074,0.0,0.9386047439716074,0.9999999989345888,0.0,0.004472135954999579,0.2547160694958607,0.006333333333333333,0.36329588014981273,0.006,0.020599250936329586,0.7659176029962547,0.19101123595505617,0.04307116104868914,0.33268101761252444,0.33268101761252444,0.33463796477495106,0.36329588014981273,2.5226811793445183,2.5148631653886997,2.5313670474339167,1.0034431097201333,0.13285001447556521,0.001597840667177546,0.45505232655078603,0.03533326266687867,12.878865188335727,0.5485847059334784,0.18650096164806276,2.941457787057886,0.004115527684744123,0.04513856236690461,0.09117542670702355,0.08365709885233341,0.05892556509887896,1.4197080454290791,0.10046253618727834,0.04303043180927362,2.3346857552479254
1000,28,shuffle_h,537,0.537,240,0.9386047439716074,0.0,0.9386047439716074,0.9999999989345888,0.0,0.004472135954999579,0.2532930746942078,0.006333333333333333,0.3612662942271881,0.006,0.2756052141527002,0.7616387337057728,0.19553072625698323,0.04283054003724395,0.3346303501945525,0.33073929961089493,0.3346303501945525,0.3612662942271881,2.504696654524727,2.514865657957133,2.522324589986829,1.0070379522527237,0.13803902619101602,0.0031770294977732415,0.4505055397825496,0.03523442817211266,12.78594724404001,0.5485847059334784,0.18650096164806276,2.941457787057886,0.004115527684744123,0.04513856236690461,0.09117542670702355,0.08365709885233341,0.05892556509887896,1.4197080454290791,0.10047066424460432,0.042910066729277226,2.3414240970185656
1000,29,qcd,532,0.532,240,0.9386047439716074,0.0,0.9386047439716074,0.9999999989345888,0.0,0.0036055512754639895,0.3642011276982811,0.0003333333333333339,0.2713032581453634,0.0005,0.15413533834586465,0.768796992481203,0.18984962406015038,0.041353383458646614,0.33725490196078434,0.33137254901960783,0.33137254901960783,0.2713032581453634,2.5223753737974315,2.520025294760843,2.5080729806402386,0.9943297919470009,0.13666055100111485,0.00480292106428077,0.2965440286701856,0.03539961627023944,8.37704076808005,0.5477225575051662,0.19069251784911845,2.8722813232690148,0.008047439958488787,0.04513856236690461,0.17828303642184964,0.06782113160668539,0.052550294607050956,1.2905946981615106,0.10041808442247555,0.043111240203098845,2.3292784886122915
1000,29,shuffle_b,532,0.532,240,0.9386047439716074,0.0,0.9386047439716074,0.9999999989345888,0.0,0.0036055512754639895,0.3642011276982811,0.0003333333333333339,0.2713032581453634,0.0005,0.15413533834586465,0.768796992481203,0.18984962406015038,0.041353383458646614,0.33725490196078434,0.33137254901960783,0.33137254901960783,0.2713032581453634,2.5223753737974315,2.520025294760843,2.5080729806402386,0.9943297919470009,0.13666055100111485,0.00480292106428077,0.2965440286701856,0.03539961627023944,8.37704076808005,0.5477225575051662,0.19069251784911845,2.8722813232690148,0.008047439958488787,0.04513856236690461,0.17828303642184964,0.06782113160668539,0.052550294607050956,1.2905946981615106,0.10041808442247555,0.043111240203098845,2.3292784886122915
1000,29,shuffle_e,522,0.522,240,0.9386047439716074,2.8204535295935296,2.8204535295935296,3.0049427564729045,0.004,0.0036055512754639895,0.3745002492961656,0.0003333333333333339,0.17688378033205615,0.0005,0.01053639846743295,0.7701149425287356,0.16283524904214558,0.06704980842911877,0.34496919917864477,0.3162217659137577,0.33880903490759756,0.17688378033205615,7.75920286022955,7.839475221307959,7.830531027777976,1.009192718483238,0.08414290806944472,0.021405196127463222,0.3418882815627346,0.03573708449459316,9.566764787834344,0.23211538298959886,0.15118578920369088,1.535298947157477,0.025851504590580256,0.04552986372567942,0.5677922680888605,0.059386505942096386,0.051872197880436254,1.144861956283024,0.08060518747647072,0.04352222414060717,1.8520466053402898
1000,29,shuffle_w,530,0.53,240,0.9386047439716074,0.0,0.9386047439716074,0.9999999989345888,0.0,0.0036055512754639895,0.3655754715763878,0.0003333333333333339,0.27232704402515717,0.0005,0.005660377358490566,0.7716981132075472,0.18679245283018867,0.04150943396226415,0.33661417322834647,0.33070866141732286,0.33267716535433073,0.27232704402515717,2.5352969883362664,2.529210049154607,2.5080628421930777,0.9892580055636557,0.13224229497847922,0.004252454526514337,0.2997605943209976,0.03546634510659543,8.451973086599589,0.5477225575051662,0.19069251784911845,2.8722813232690148,0.008047439958488787,0.04513856236690461,0.17828303642184964,0.06782113160668539,0.052550294607050956,1.2905946981615106,0.10047626395363994,0.04319250557249312,2.3262430049352734
1000,29,shuffle_h,532,0.532,240,0.9386047439716074,0.0,0.9386047439716074,0.9999999989345888,0.0,0.0036055512754639895,0.3642011276982811,0.0003333333333333339,0.27130325814536344,0.0005,0.15225563909774437,0.768796992481203,0.18984962406015038,0.041353383458646614,0.33725490196078434,0.33137254901960783,0.33137254901960783,0.27130325814536344,2.5223753737974315,2.520025294760843,2.5080729806402386,0.9943297919470009,0.13666055100111485,0.00480292106428077,0.2965440286701856,0.03539961627023944,8.37704076808005,0.5477225575051662,0.19069251784911845,2.8722813232690148,0.008047439958488787,0.04513856236690461,0.17828303642184964,0.06782113160668539,0.052550294607050956,1.2905946981615106,0.10041808442247555,0.043111240203098845,2.3292784886122915
1000,30,qcd,530,0.53,240,0.9386047439716074,0.0,0.9386047439716074,0.9999999989345888,0.0,0.002449489742783178,0.4444828115238215,0.0006666666666666678,0.19056603773584907,0.0005,0.03018867924528302,0.769811320754717,0.18867924528301888,0.04150943396226415,0.33267716535433073,0.33661417322834647,0.33070866141732286,0.19056603773584907,2.5207281924901515,2.5222788629578137,2.519946587371705,0.9996899288385098,0.13504862378489224,0.004252454526514337,0.20929509816424482,0.03546634510659543,5.901231083586441,0.5477225575051662,0.19069251784911845,2.8722813232690148,0.009170728889151814,0.0451938453788867,0.2029198624783569,0.00917072888915181,0.048112522432468816,0.19061002054140752,0.10044082659238429,0.04319250557249312,2.325422553313263
1000,30,shuffle_b,530,0.53,240,0.9386047439716074,0.0,0.9386047439716074,0.9999999989345888,0.0,0.0024494897427831783,0.4444828115238215,0.0006666666666666678,0.19056603773584907,0.0005,0.03018867924528302,0.769811320754717,0.18867924528301888,0.04150943396226415,0.33267716535433073,0.33661417322834647,0.33070866141732286,0.19056603773584907,2.5207281924901515,2.5222788629578137,2.519946587371705,0.9996899288385098,0.13504862378489224,0.004252454526514337,0.20929509816424482,0.03546634510659543,5.901231083586441,0.5477225575051662,0.19069251784911845,2.8722813232690148,0.009170728889151814,0.0451938453788867,0.2029198624783569,0.009170728889151809,0.048112522432468816,0.19061002054140747,0.10044082659238429,0.04319250557249312,2.325422553313263
1000,30,shuffle_e,513,0.513,240,0.9386047439716074,2.8258855664589255,2.8258855664589255,3.0107301093437453,0.004,0.002449489742783178,0.21695302188377477,0.0006666666666666643,0.3671215074723847,0.0005,0.007797270955165692,0.7855750487329435,0.14230019493177387,0.07212475633528265,0.35294117647058826,0.33613445378151263,0.31092436974789917,-0.3671215074723847,7.864026279514961,7.913034781793378,7.887106793836852,1.0029349487783394,0.06280635610696683,0.029907782218575114,0.4918774135787722,0.03604920469572501,13.644612072041157,0.18170525744834173,0.14704292441876154,1.2357293502329008,0.030474993262101797,0.0454733399748667,0.6701727491084984,0.044196935258411514,0.057465235597300934,0.7691073533245444,0.053456993870574884,0.043902338118694186,1.2176343256718758
1000,30,shuffle_w,527,0.527,240,0.9386047439716074,0.0,0.9386047439716074,0.9999999989345888,0.0,0.002449489742783178,0.44701307420801784,0.0006666666666666678,0.19165085388994307,0.0005,0.019924098671726755,0.7741935483870968,0.1840607210626186,0.04174573055028463,0.3306930693069307,0.33663366336633666,0.3326732673267327,0.19165085388994307,2.5312705654100913,2.527462809076967,2.5199397056961215,0.9955236473458008,0.1324593263654057,0.004277716632612453,0.21503888031246834,0.03556714970147894,6.045996997716314,0.5477225575051662,0.19069251784911845,2.8722813232690148,0.009170728889151814,0.0451938453788867,0.2029198624783569,0.00917072888915181,0.048112522432468816,0.19061002054140752,0.10055940373101899,0.043315269928762494,2.3215693656394567
1000,30,shuffle_h,530,0.53,240,0.9386047439716074,0.0,0.9386047439716074,0.9999999989345888,0.0,0.002449489742783178,0.4444828115238215,0.0006666666666666678,0.19056603773584904,0.0005,0.03773584905660377,0.769811320754717,0.18867924528301888,0.04150943396226415,0.33267716535433073,0.33661417322834647,0.33070866141732286,0.19056603773584904,2.5207281924901515,2.5222788629578137,2.519946587371705,0.9996899288385098,0.13504862378489224,0.004252454526514337,0.20929509816424482,0.03546634510659543,5.901231083586441,0.5477225575051662,0.19069251784911845,2.8722813232690148,0.009170728889151814,0.0451938453788867,0.2029198624783569,0.00917072888915181,0.048112522432468816,0.19061002054140752,0.10044082659238429,0.04319250557249312,2.325422553313263
1000,31,qcd,530,0.53,240,0.9386047439716074,0.0,0.9386047439716074,0.9999999989345888,0.0,0.00282842712474619,0.443380168316204,8.881784197001253e-19,0.11069182389937106,0.0,0.03679245283018868,0.7679245283018868,0.18867924528301888,0.04339622641509434,0.3333333333333333,0.3333333333333333,0.3333333333333333,0.11069182389937106,2.534315809917654,2.52894062595886,2.534309281677419,0.9999974240620646,0.12125031692202891,0.0,0.20726109500986267,0.03546634510659543,5.843880850618571,0.5485847059334784,0.18650096164806276,2.941457787057886,0.005401681391594136,0.04524933201166673,0.11937593664811247,0.16687230112694534,0.05914340526915301,2.8214861888241614,0.10040537672376564,0.04319250557249312,2.324601812118725
1000,31,shuffle_b,530,0.53,240,0.9386047439716074,0.0,0.9386047439716074,0.9999999989345888,0.0,0.00282842712474619,0.443380168316204,8.881784197001253e-19,0.11069182389937106,0.0,0.03679245283018868,0.7679245283018868,0.18867924528301888,0.04339622641509434,0.3333333333333333,0.3333333333333333,0.3333333333333333,0.11069182389937106,2.534315809917654,2.52894062595886,2.534309281677419,0.9999974240620646,0.12125031692202891,0.0,0.20726109500986267,0.03546634510659543,5.843880850618571,0.5485847059334784,0.18650096164806276,2.941457787057886,0.005401681391594136,0.04524933201166673,0.11937593664811247,0.16687230112694534,0.05914340526915301,2.8214861888241614,0.10040537672376564,0.04319250557249312,2.324601812118725
1000,31,shuffle_e,494,0.494,240,0.9386047439716074,2.817049861510941,2.817049861510941,3.001316450404431,0.004,0.00282842712474619,0.44678640213684884,5.3290705182007515e-18,0.13225371120107965,0.0,0.0010121457489878543,0.7692307692307693,0.14777327935222673,0.08299595141700405,0.33112582781456956,0.34216335540838855,0.32671081677704195,-0.13225371120107965,7.867436238322019,7.85202202549937,7.903231269911952,1.00454977079008,0.059789061679915954,0.011256113716540377,0.30104601816739834,0.03673591791853225,8.194868543506,0.16325073688469766,0.13968605915391563,1.1686974195815552,0.04673059860304283,0.0468292905790847,0.9978925160979067,0.17217686025902906,0.062342623076309125,2.7617840213152363,0.09533580148586807,0.04473864827734345,2.130949529249591
1000,31,shuffle_w,530,0.53,240,0.9386047439716074,0.0,0.9386047439716074,0.9999999989345888,0.0,0.00282842712474619,0.443380168316204,8.881784197001253e-19,0.11069182389937106,0.0,0.006603773584905661,0.7679245283018868,0.18867924528301888,0.04339622641509434,0.3333333333333333,0.3333333333333333,0.3333333333333333,0.11069182389937106,2.5343118543988497,2.53251582001335,2.534305163803021,0.9999973599950547,0.12045173159928964,0.0,0.20726109500986267,0.03546634510659543,5.843880850618571,0.5485847059334784,0.18650096164806276,2.941457787057886,0.005401681391594136,0.04524933201166673,0.11937593664811247,0.16687230112694534,0.05914340526915301,2.8214861888241614,0.10040537672376564,0.04319250557249312,2.324601812118725
1000,31,shuffle_h,530,0.53,240,0.9386047439716074,0.0,0.9386047439716074,0.9999999989345888,0.0,0.00282842712474619,0.443380168316204,8.881784197001253e-19,0.11069182389937107,0.0,0.038679245283018866,0.7679245283018868,0.18867924528301888,0.04339622641509434,0.3333333333333333,0.3333333333333333,0.3333333333333333,0.11069182389937107,2.534315809917654,2.52894062595886,2.534309281677419,0.9999974240620646,0.12125031692202887,0.0,0.20726109500986267,0.03546634510659543,5.843880850618571,0.5485847059334784,0.18650096164806276,2.941457787057886,0.005401681391594136,0.04524933201166673,0.11937593664811247,0.16687230112694534,0.05914340526915301,2.8214861888241614,0.10040537672376564,0.04319250557249312,2.324601812118725
1000,32,qcd,531,0.531,240,0.9386047439716074,0.0,0.9386047439716074,0.9999999989345888,0.0,0.00412310562561766,0.3622238103511811,0.0023333333333333322,0.2787193973634652,0.0025,0.1591337099811676,0.7664783427495292,0.192090395480226,0.04143126177024482,0.3280943025540275,0.3379174852652259,0.33398821218074654,-0.2787193973634652,2.518507518339257,2.5165007604178373,2.514876398180118,0.9985582254042531,0.13679253720333204,0.006992192699431106,0.30351132245340773,0.035432933563515595,8.56579718157815,0.5477225575051662,0.19069251784911845,2.8722813232690148,0.006422762957149089,0.04524933201166673,0.1419416082317656,0.3336116755757262,0.11872735884359924,2.8098972201950208,0.10037680464834238,0.043151815496977185,2.326131670065512
1000,32,shuffle_b,531,0.531,240,0.9386047439716074,0.0,0.9386047439716074,0.9999999989345888,0.0,0.00412310562561766,0.3622238103511811,0.0023333333333333322,0.2787193973634652,0.0025,0.1591337099811676,0.7664783427495292,0.192090395480226,0.04143126177024482,0.3280943025540275,0.3379174852652259,0.33398821218074654,-0.2787193973634652,2.518507518339257,2.5165007604178373,2.514876398180118,0.9985582254042531,0.13679253720333204,0.006992192699431106,0.30351132245340773,0.035432933563515595,8.56579718157815,0.5477225575051662,0.19069251784911845,2.8722813232690148,0.006422762957149089,0.04524933201166673,0.1419416082317656,0.3336116755757262,0.11872735884359924,2.8098972201950208,0.10037680464834238,0.043151815496977185,2.326131670065512
1000,32,shuffle_e,491,0.491,240,0.9386047439716074,2.824378529249709,2.824378529249709,3.0091244950345373,0.004,0.00412310562561766,0.21410129656919785,0.002333333333333333,0.4039375424304141,0.0025,0.021384928716904276,0.7596741344195519,0.1629327902240326,0.07739307535641547,0.3333333333333333,0.32671081677704195,0.33995584988962474,-0.4039375424304141,7.8126114654666905,7.91427499987941,7.853405837562442,1.0052216051285887,0.07357853156618191,0.009365652730947659,0.5540114198298298,0.036847974867921005,15.035057471018288,0.17296501815952614,0.14509525002200233,1.1920791213585396,0.03780382680668003,0.047266665028088975,0.7997989023387729,0.16274292848223867,0.08213423005076352,1.9814263600164572,0.05593309984550264,0.04487511625554543,1.2464168232342066
1000,32,shuffle_w,527,0.527,240,0.9386047439716074,0.0,0.9386047439716074,0.9999999989345888,0.0,0.00412310562561766,0.3649731371849662,0.0023333333333333322,0.2808349146110057,0.0025,0.0009487666034155598,0.7722960151802657,0.1859582542694497,0.04174573055028463,0.32673267326732675,0.3405940594059406,0.3326732673267327,-0.2808349146110057,2.5291552873880345,2.5164995064712206,2.525293409321626,0.9984730561679362,0.13339183166092006,0.009834761997195613,0.30994720423405797,0.03556714970147894,8.714423473218881,0.5477225575051662,0.19069251784911845,2.8722813232690148,0.006422762957149089,0.04524933201166673,0.1419416082317656,0.3336116755757262,0.11872735884359924,2.8098972201950208,0.1004877661690913,0.043315269928762494,2.3199155017239024
1000,32,shuffle_h,531,0.531,240,0.9386047439716074,0.0,0.9386047439716074,0.9999999989345888,0.0,0.00412310562561766,0.3622238103511811,0.0023333333333333322,0.2787193973634652,0.0025,0.1591337099811676,0.7664783427495292,0.192090395480226,0.04143126177024482,0.3280943025540275,0.3379174852652259,0.33398821218074654,-0.2787193973634652,2.518507518339257,2.5165007604178373,2.514876398180118,0.9985582254042531,0.13679253720333204,0.006992192699431106,0.30351132245340773,0.035432933563515595,8.56579718157815,0.5477225575051662,0.19069251784911845,2.8722813232690148,0.006422762957149089,0.04524933201166673,0.1419416082317656,0.3336116755757262,0.11872735884359924,2.8098972201950208,0.10037680464834238,0.043151815496977185,2.326131670065512
1000,33,qcd,531,0.531,240,0.9386047439716074,0.0,0.9386047439716074,0.9999999989345888,0.0,0.002,0.25424426299981134,0.003333333333333334,0.36409290646578785,0.0015,0.2871939736346516,0.7645951035781544,0.19397363465160075,0.04143126177024482,0.3280943025540275,0.3379174852652259,0.33398821218074654,-0.36409290646578785,2.518455094546298,2.516442715587814,2.5148231921047524,0.9985578847725297,0.13678690649750372,0.006992192699431106,0.455409131392897,0.035432933563515595,12.85270751225127,0.5477225575051662,0.19069251784911845,2.8722813232690148,0.006669982269816051,0.045305023518296864,0.14722390039423147,0.16774449639479092,0.08333333333333333,2.0129339567374913,0.10044744531603524,0.043151815496977185,2.3277686966165225
1000,33,shuffle_b,531,0.531,240,0.9386047439716074,0.0,0.9386047439716074,0.9999999989345888,0.0,0.002,0.25424426299981134,0.003333333333333334,0.36409290646578785,0.0015,0.2871939736346516,0.7645951035781544,0.19397363465160075,0.04143126177024482,0.3280943025540275,0.3379174852652259,0.33398821218074654,-0.36409290646578785,2.518455094546298,2.516442715587814,2.5148231921047524,0.9985578847725297,0.13678690649750372,0.006992192699431106,0.455409131392897,0.035432933563515595,12.85270751225127,0.5477225575051662,0.19069251784911845,2.8722813232690148,0.006669982269816051,0.045305023518296864,0.14722390039423147,0.16774449639479092,0.08333333333333333,2.0129339567374913,0.10044744531603524,0.043151815496977185,2.3277686966165225
1000,33,shuffle_e,480,0.48,240,0.9386047439716074,2.824976055552103,2.824976055552103,3.009761106244522,0.005,0.002,0.10594318445909268,0.003333333333333334,0.46388888888888885,0.0015,0.025,0.7875,0.14166666666666666,0.07083333333333333,0.3609865470852018,0.3004484304932735,0.33856502242152464,-0.46388888888888885,7.885185523703679,7.843137107855331,7.878019459713563,0.9990911990632847,0.0719731914844921,0.043283803394828874,0.6465520194763054,0.037267799624996496,17.34881119846544,0.2293363375249168,0.1533929977694741,1.495090003192804,0.05549253164921436,0.04695301415158425,1.1818736805705576,0.10202126196161974,0.07284138703661694,1.400594718361613,0.042041850173873734,0.045386397671912215,0.926309474432947
1000,33,shuffle_w,528,0.528,240,0.9386047439716074,0.0,0.9386047439716074,0.9999999989345888,0.0,0.002,0.25568883267594666,0.003333333333333334,0.36616161616161613,0.0015,0.023674242424242424,0.7689393939393939,0.1893939393939394,0.041666666666666664,0.32806324110671936,0.33794466403162055,0.3339920948616601,-0.36616161616161613,2.523735343259715,2.5215561394061052,2.5199883402189625,0.9985152947789236,0.13426391251584616,0.007033648387372406,0.4600596714401113,0.035533452725935076,12.94722680029132,0.5477225575051662,0.19069251784911845,2.8722813232690148,0.006669982269816051,0.045305023518296864,0.14722390039423147,0.16774449639479092,0.08333333333333333,2.0129339567374913,0.10049656301118826,0.04327423224079155,2.322318798216766
1000,33,shuffle_h,531,0.531,240,0.9386047439716074,0.0,0.9386047439716074,0.9999999989345888,0.0,0.002,0.25424426299981134,0.003333333333333334,0.3640929064657878,0.0015,0.2853107344632768,0.7645951035781544,0.19397363465160075,0.04143126177024482,0.3280943025540275,0.3379174852652259,0.33398821218074654,-0.3640929064657878,2.518455094546298,2.516442715587814,2.5148231921047524,0.9985578847725297,0.13678690649750366,0.006992192699431106,0.455409131392897,0.035432933563515595,12.85270751225127,0.5477225575051662,0.19069251784911845,2.8722813232690148,0.006669982269816051,0.045305023518296864,0.14722390039423147,0.16774449639479092,0.08333333333333333,2.0129339567374913,0.10044744531603524,0.043151815496977185,2.3277686966165225
1000,34,qcd,530,0.53,240,0.9386047439716074,0.0,0.9386047439716074,0.9999999989345888,0.0,0.0029999999999999996,0.443380168316204,0.0023333333333333357,0.1893081761006289,0.003,0.03018867924528302,0.7679245283018868,0.19056603773584907,0.04150943396226415,0.33858267716535434,0.3346456692913386,0.32677165354330706,0.1893081761006289,2.5230274428057826,2.5155417267111275,2.518343688818648,0.998143597684405,0.13602140952043243,0.008504909053028717,0.20676238132359576,0.03546634510659543,5.8298192470118835,0.5477225575051662,0.19069251784911845,2.8722813232690148,0.0064227629571490885,0.04524933201166673,0.14194160823176558,0.007069073096491428,0.04817159246384035,0.1467477559891294,0.1004408265923843,0.04319250557249312,2.3254225533132633
1000,34,shuffle_b,530,0.53,240,0.9386047439716074,0.0,0.9386047439716074,0.9999999989345888,0.0,0.0029999999999999996,0.443380168316204,0.0023333333333333357,0.1893081761006289,0.003,0.03018867924528302,0.7679245283018868,0.19056603773584907,0.04150943396226415,0.33858267716535434,0.3346456692913386,0.32677165354330706,0.1893081761006289,2.5230274428057826,2.5155417267111275,2.518343688818648,0.998143597684405,0.13602140952043243,0.008504909053028717,0.20676238132359576,0.03546634510659543,5.8298192470118835,0.5477225575051662,0.19069251784911845,2.8722813232690148,0.006422762957149089,0.04524933201166673,0.1419416082317656,0.007069073096491428,0.04817159246384035,0.1467477559891294,0.10044082659238429,0.04319250557249312,2.325422553313263
1000,34,shuffle_e,527,0.527,240,0.9386047439716074,2.8251219638950156,2.8251219638950156,3.0099165586260432,0.003,0.0029999999999999996,0.20765637981486834,0.0023333333333333288,0.36748893105629354,0.003,0.007590132827324478,0.7741935483870968,0.16318785578747627,0.06261859582542695,0.3299595141700405,0.3340080971659919,0.3360323886639676,0.36748893105629354,7.8768611168624325,7.856059532979231,7.806452004953549,0.9910612729024567,0.07626933212993052,0.0043729694321240605,0.4911447432139358,0.03556714970147894,13.808943008821235,0.2484109276596266,0.1556997888323046,1.5954480704349312,0.0227294570968032,0.0451938453788867,0.5029325764658602,0.04991285106145422,0.057465235597300934,0.8685747224848854,0.05128430383211224,0.043315269928762494,1.1839774729894523
1000,34,shuffle_w,527,0.527,240,0.9386047439716074,0.0,0.9386047439716074,0.9999999989345888,0.0,0.0029999999999999996,0.4459041540940951,0.0023333333333333357,0.19038583175205562,0.003,0.006641366223908918,0.7722960151802657,0.1859582542694497,0.04174573055028463,0.33861386138613864,0.3346534653465347,0.32673267326732675,0.19038583175205562,2.5320779224932415,2.520724340737451,2.527695100305801,0.9982690808412701,0.13159224274825598,0.008555433265224906,0.21249548018767364,0.03556714970147894,5.974487187508246,0.5477225575051662,0.19069251784911845,2.8722813232690148,0.0064227629571490885,0.04524933201166673,0.14194160823176558,0.007069073096491428,0.04817159246384035,0.1467477559891294,0.10052359133156766,0.043315269928762494,2.320742581008766
1000,34,shuffle_h,530,0.53,240,0.9386047439716074,0.0,0.9386047439716074,0.9999999989345888,0.0,0.0029999999999999996,0.443380168316204,0.0023333333333333357,0.18930817610062892,0.003,0.045283018867924525,0.7679245283018868,0.19056603773584907,0.04150943396226415,0.33858267716535434,0.3346456692913386,0.32677165354330706,0.18930817610062892,2.5230274428057826,2.5155417267111275,2.518343688818648,0.998143597684405,0.13602140952043243,0.008504909053028717,0.20676238132359576,0.03546634510659543,5.8298192470118835,0.5477225575051662,0.19069251784911845,2.8722813232690148,0.0064227629571490885,0.04524933201166673,0.14194160823176558,0.007069073096491428,0.04817159246384035,0.1467477559891294,0.1004408265923843,0.04319250557249312,2.3254225533132633
1000,35,qcd,534,0.534,240,0.9386047439716074,0.0,0.9386047439716074,0.9999999989345888,0.0,0.00469041575982343,0.4400430301627825,0.003333333333333334,0.028089887640449444,0.004,0.03838951310861423,0.7621722846441947,0.1947565543071161,0.04307116104868914,0.3385518590998043,0.3268101761252446,0.33463796477495106,-0.028089887640449444,2.5226505448229717,2.51808167235056,2.5091891753643694,0.9946637993572959,0.13649320505374074,0.008454978080114625,0.20611164413308022,0.03533326266687867,5.833360085545932,0.5485847059334784,0.18650096164806276,2.941457787057886,0.0064227629571490885,0.04524933201166673,0.14194160823176558,0.16694896731147074,0.05903418374423842,2.8280050086703286,0.10053232607842358,0.04303043180927362,2.336307628146031
1000,35,shuffle_b,534,0.534,240,0.9386047439716074,0.0,0.9386047439716074,0.9999999989345888,0.0,0.00469041575982343,0.4400430301627825,0.003333333333333334,0.028089887640449444,0.004,0.03838951310861423,0.7621722846441947,0.1947565543071161,0.04307116104868914,0.3385518590998043,0.3268101761252446,0.33463796477495106,-0.028089887640449444,2.5226505448229717,2.51808167235056,2.5091891753643694,0.9946637993572959,0.13649320505374074,0.008454978080114625,0.20611164413308022,0.03533326266687867,5.833360085545932,0.5485847059334784,0.18650096164806276,2.941457787057886,0.006422762957149089,0.04524933201166673,0.1419416082317656,0.16694896731147077,0.05903418374423842,2.828005008670329,0.10053232607842358,0.04303043180927362,2.336307628146031
1000,35,shuffle_e,522,0.522,240,0.9386047439716074,2.8245692831339446,2.8245692831339446,3.0093277263576876,0.007,0.00469041575982343,0.3027426099638589,0.0033333333333333288,0.2848020434227331,0.004,0.019157088122605363,0.7854406130268199,0.13793103448275862,0.07662835249042145,0.34647302904564314,0.33402489626556015,0.31950207468879666,-0.2848020434227331,7.86128487051814,7.858381987753393,7.912444107064521,1.0065077449029027,0.06696886434726841,0.01909014348802527,0.3974068555820844,0.03573708449459316,11.120293140930677,0.1695582495781317,0.1414213562373095,1.19895788082818,0.011265371106139028,0.045083481733371615,0.24987801902176945,0.10591875052758096,0.05936367942179962,1.784234932187935,0.06779503814343603,0.04352222414060717,1.557710789880837
1000,35,shuffle_w,533,0.533,240,0.9386047439716074,0.0,0.9386047439716074,0.9999999989345888,0.0,0.00469041575982343,0.44086862684226236,0.003333333333333334,0.02814258911819888,0.004,0.006566604127579738,0.7636022514071295,0.19324577861163228,0.043151969981238276,0.3392156862745098,0.32745098039215687,0.3333333333333333,-0.02814258911819888,2.5264781469755686,2.5180620546366375,2.5142888256141367,0.995175370356548,0.13477259292221164,0.008318903308077039,0.20798172359526415,0.035366392784487034,5.88077288126745,0.5485847059334784,0.18650096164806276,2.941457787057886,0.0064227629571490885,0.04524933201166673,0.14194160823176558,0.16694896731147074,0.05903418374423842,2.8280050086703286,0.10056335519820482,0.04307077915222977,2.334839470694801
1000,35,shuffle_h,534,0.534,240,0.9386047439716074,0.0,0.9386047439716074,0.9999999989345888,0.0,0.00469041575982343,0.4400430301627825,0.003333333333333334,0.028089887640449444,0.004,0.03838951310861423,0.7621722846441947,0.1947565543071161,0.04307116104868914,0.3385518590998043,0.3268101761252446,0.33463796477495106,-0.028089887640449444,2.5226505448229717,2.51808167235056,2.5091891753643694,0.9946637993572959,0.13649320505374074,0.008454978080114625,0.20611164413308022,0.03533326266687867,5.833360085545932,0.5485847059334784,0.18650096164806276,2.941457787057886,0.0064227629571490885,0.04524933201166673,0.14194160823176558,0.16694896731147074,0.05903418374423842,2.8280050086703286,0.10053232607842358,0.04303043180927362,2.336307628146031
1000,36,qcd,532,0.532,240,0.9386047439716074,0.0,0.9386047439716074,0.9999999989345888,0.0,0.001414213562373095,0.25377332181240136,0.0019999999999999966,0.3602756892230577,0.0035,0.2894736842105263,0.7650375939849624,0.19360902255639098,0.041353383458646614,0.33137254901960783,0.33137254901960783,0.33725490196078434,-0.3602756892230577,2.5200341352357736,2.5080177438433298,2.510520207186029,0.9962246828657126,0.13855697902331535,0.00480292106428077,0.4516783399507173,0.03539961627023944,12.759413449643652,0.5477225575051662,0.19069251784911845,2.8722813232690148,0.004135751408010667,0.04524933201166673,0.0913991704218824,0.1674506928933719,0.083028640052319,2.0167823149681348,0.10048843095666765,0.043111240203098845,2.330910233230649
1000,36,shuffle_b,532,0.532,240,0.9386047439716074,0.0,0.9386047439716074,0.9999999989345888,0.0,0.001414213562373095,0.25377332181240136,0.0019999999999999966,0.3602756892230577,0.0035,0.2894736842105263,0.7650375939849624,0.19360902255639098,0.041353383458646614,0.33137254901960783,0.33137254901960783,0.33725490196078434,-0.3602756892230577,2.5200341352357736,2.5080177438433298,2.510520207186029,0.9962246828657126,0.13855697902331535,0.00480292106428077,0.4516783399507173,0.03539961627023944,12.759413449643652,0.5477225575051662,0.19069251784911845,2.8722813232690148,0.004135751408010667,0.04524933201166673,0.0913991704218824,0.1674506928933719,0.083028640052319,2.0167823149681348,0.10048843095666765,0.043111240203098845,2.330910233230649
1000,36,shuffle_e,504,0.504,240,0.9386047439716074,2.825087956232373,2.825087956232373,3.0098803264816563,0.005,0.001414213562373095,0.04908459078116262,0.002,0.45634920634920634,0.0035,0.001984126984126984,0.7857142857142857,0.1388888888888889,0.07539682539682539,0.34549356223175964,0.3197424892703863,0.33476394849785407,-0.45634920634920634,7.770801927214952,7.835842497723771,7.9001152573840905,1.0166409247565886,0.08240635889072204,0.01829286388060716,0.6633515458402179,0.036369648372665396,18.239152027072606,0.16476290360524767,0.14509525002200233,1.135549947915338,0.029879190823735437,0.04587349021359836,0.6513389472789297,0.05629358564128243,0.06959385636178558,0.8088872866685052,0.03447403593936632,0.04429258879889027,0.7783251526772365
1000,36,shuffle_w,531,0.531,240,0.9386047439716074,0.0,0.9386047439716074,0.9999999989345888,0.0,0.001414213562373095,0.2542512376726883,0.0019999999999999966,0.3609541745134966,0.0035,0.004708097928436911,0.7664783427495292,0.192090395480226,0.04143126177024482,0.3320235756385069,0.3300589390962672,0.3379174852652259,-0.3609541745134966,2.527884717569962,2.517128309610923,2.5105080702333016,0.9931260127426363,0.1350709716493994,0.00578373337677001,0.4531998534228328,0.035432933563515595,12.79035653682035,0.5477225575051662,0.19069251784911845,2.8722813232690148,0.004135751408010667,0.04524933201166673,0.0913991704218824,0.1674506928933719,0.083028640052319,2.0167823149681348,0.10044744531603524,0.043151815496977185,2.3277686966165225
1000,36,shuffle_h,532,0.532,240,0.9386047439716074,0.0,0.9386047439716074,0.9999999989345888,0.0,0.001414213562373095,0.25377332181240136,0.0019999999999999966,0.36027568922305764,0.0035,0.29135338345864664,0.7650375939849624,0.19360902255639098,0.041353383458646614,0.33137254901960783,0.33137254901960783,0.33725490196078434,-0.36027568922305764,2.5200341352357736,2.5080177438433298,2.510520207186029,0.9962246828657126,0.13855697902331535,0.00480292106428077,0.4516783399507173,0.03539961627023944,12.759413449643652,0.5477225575051662,0.19069251784911845,2.8722813232690148,0.004135751408010667,0.04524933201166673,0.0913991704218824,0.1674506928933719,0.083028640052319,2.0167823149681348,0.10048843095666765,0.043111240203098845,2.330910233230649
1000,37,qcd,531,0.531,240,0.9386047439716074,0.0,0.9386047439716074,0.9999999989345888,0.0,0.0033166247903554003,0.36220912331966276,0.002,0.2774639045825486,0.0005,0.1591337099811676,0.7645951035781544,0.1902071563088512,0.04519774011299435,0.3333333333333333,0.33530571992110453,0.33136094674556216,0.2774639045825486,2.52849148532555,2.5345164405341594,2.5331598679773726,1.0018463113990759,0.12120110773741508,0.0027893758626688016,0.3009885201356994,0.035432933563515595,8.494597818048566,0.5477225575051662,0.18257418583505536,3.0000000000000004,0.004496901128942244,0.045305023518296864,0.09925833339709289,0.06807068294521726,0.05278230586589113,1.2896496624867189,0.10037680464834238,0.043151815496977185,2.326131670065512
1000,37,shuffle_b,531,0.531,240,0.9386047439716074,0.0,0.9386047439716074,0.9999999989345888,0.0,0.0033166247903554003,0.36220912331966276,0.002,0.2774639045825486,0.0005,0.1591337099811676,0.7645951035781544,0.1902071563088512,0.04519774011299435,0.3333333333333333,0.33530571992110453,0.33136094674556216,0.2774639045825486,2.52849148532555,2.5345164405341594,2.5331598679773726,1.0018463113990759,0.12120110773741508,0.0027893758626688016,0.3009885201356994,0.035432933563515595,8.494597818048566,0.5477225575051662,0.18257418583505536,3.0000000000000004,0.004496901128942245,0.045305023518296864,0.0992583333970929,0.06807068294521726,0.05278230586589113,1.2896496624867189,0.10037680464834238,0.043151815496977185,2.326131670065512
1000,37,shuffle_e,512,0.512,240,0.9386047439716074,2.8030144656069846,2.8030144656069846,2.9863629825265536,0.005,0.0033166247903554003,0.4500374672444819,0.0019999999999999983,0.064453125,0.0005,0.0048828125,0.779296875,0.14453125,0.076171875,0.32558139534883723,0.3403805496828753,0.33403805496828753,-0.064453125,7.777229600842873,7.831296612932918,7.8297475781315615,1.0067527873014057,0.0662422107318102,0.010500115874384312,0.25107090781031943,0.03608439182435161,6.957881098078639,0.19661835397621352,0.14322297480788657,1.3728129459672886,0.01314296802218235,0.04570070809225681,0.28758784208880117,0.16687230112694534,0.05914340526915301,2.8214861888241614,0.09445054417727154,0.043945190581915775,2.1492805680569655
1000,37,shuffle_w,530,0.53,240,0.9386047439716074,0.0,0.9386047439716074,0.9999999989345888,0.0,0.0033166247903554003,0.36289253675988853,0.002,0.27798742138364774,0.0005,0.017924528301886792,0.7660377358490567,0.18867924528301888,0.045283018867924525,0.3339920948616601,0.3359683794466403,0.3300395256916996,0.27798742138364774,2.532059997708255,2.5380644120247755,2.537861782430946,1.0022913298768363,0.11884270036180652,0.0042692626471725215,0.3025739035830169,0.03546634510659543,8.531296435356383,0.5477225575051662,0.18257418583505536,3.0000000000000004,0.004496901128942244,0.045305023518296864,0.09925833339709289,0.06807068294521726,0.05278230586589113,1.2896496624867189,0.10040537672376564,0.04319250557249312,2.324601812118725
1000,37,shuffle_h,531,0.531,240,0.9386047439716074,0.0,0.9386047439716074,0.9999999989345888,0.0,0.0033166247903554003,0.36220912331966276,0.002,0.2774639045825486,0.0005,0.15725047080979285,0.7645951035781544,0.1902071563088512,0.04519774011299435,0.3333333333333333,0.33530571992110453,0.33136094674556216,0.2774639045825486,2.52849148532555,2.5345164405341594,2.5331598679773726,1.0018463113990759,0.12120110773741508,0.0027893758626688016,0.3009885201356994,0.035432933563515595,8.494597818048566,0.5477225575051662,0.18257418583505536,3.0000000000000004,0.004496901128942244,0.045305023518296864,0.09925833339709289,0.06807068294521726,0.05278230586589113,1.2896496624867189,0.10037680464834238,0.043151815496977185,2.326131670065512
1000,38,qcd,534,0.534,240,0.9386047439716074,0.0,0.9386047439716074,0.9999999989345888,0.0,0.006164414002968977,0.36284191104282265,0.0026666666666666653,0.27590511860174777,0.0005,0.15730337078651685,0.7677902621722846,0.19101123595505617,0.04119850187265917,0.333984375,0.33203125,0.333984375,-0.27590511860174777,2.515738972631058,2.5208697720593527,2.5157510767773945,1.000004811368138,0.13640830100892404,0.001594719884624465,0.3023402295205043,0.03533326266687867,8.556816062274303,0.5477225575051662,0.19069251784911845,2.8722813232690148,0.010154468290078704,0.045083481733371615,0.22523700254858936,0.33443422490476304,0.11699401969383898,2.8585582902437423,0.10046253618727834,0.04303043180927362,2.3346857552479254
1000,38,shuffle_b,534,0.534,240,0.9386047439716074,0.0,0.9386047439716074,0.9999999989345888,0.0,0.006164414002968977,0.36284191104282265,0.0026666666666666653,0.27590511860174777,0.0005,0.15730337078651685,0.7677902621722846,0.19101123595505617,0.04119850187265917,0.333984375,0.33203125,0.333984375,-0.27590511860174777,2.515738972631058,2.5208697720593527,2.5157510767773945,1.000004811368138,0.13640830100892404,0.001594719884624465,0.3023402295205043,0.03533326266687867,8.556816062274303,0.5477225575051662,0.19069251784911845,2.8722813232690148,0.010154468290078706,0.045083481733371615,0.2252370025485894,0.33443422490476304,0.11699401969383898,2.8585582902437423,0.10046253618727834,0.04303043180927362,2.3346857552479254
1000,38,shuffle_e,537,0.537,240,0.9386047439716074,2.8020118721863634,2.8020118721863634,2.985294808275366,0.007,0.006164414002968977,0.4408100903816506,0.0026666666666666696,0.04903786468032278,0.0005,0.004655493482309125,0.7635009310986964,0.16201117318435754,0.074487895716946,0.3319919517102616,0.32193158953722334,0.3460764587525151,0.04903786468032278,7.7659413395500865,7.872360309512166,7.83862836971974,1.0093597191881267,0.06379970740257178,0.01715186029851699,0.2670030025278571,0.03523442817211266,7.5779008310736415,0.14142135623730953,0.1414213562373095,1.0000000000000002,0.010154468290078704,0.045083481733371615,0.22523700254858936,0.3337655790303765,0.08333333333333333,4.005186948364519,0.09252889277516764,0.042910066729277226,2.156344648889484
1000,38,shuffle_w,533,0.533,240,0.9386047439716074,0.0,0.9386047439716074,0.9999999989345888,0.0,0.006164414002968977,0.3635226650973119,0.0026666666666666653,0.2764227642276422,0.0005,0.0300187617260788,0.7692307692307693,0.1894934333958724,0.04127579737335835,0.33463796477495106,0.33268101761252444,0.33268101761252444,-0.2764227642276422,2.5235027815761026,2.5208641585964173,2.5208969206359524,0.9989673635554613,0.1337738553846518,0.001597840667177546,0.3039322415035506,0.035366392784487034,8.593815132790873,0.5477225575051662,0.19069251784911845,2.8722813232690148,0.010154468290078704,0.045083481733371615,0.22523700254858936,0.33443422490476304,0.11699401969383898,2.8585582902437423,0.10049332472409335,0.04307077915222977,2.333213531357508
1000,38,shuffle_h,534,0.534,240,0.9386047439716074,0.0,0.9386047439716074,0.9999999989345888,0.0,0.006164414002968977,0.36284191104282265,0.0026666666666666653,0.2759051186017478,0.0005,0.15543071161048688,0.7677902621722846,0.19101123595505617,0.04119850187265917,0.333984375,0.33203125,0.333984375,-0.2759051186017478,2.515738972631058,2.5208697720593527,2.5157510767773945,1.000004811368138,0.13640830100892404,0.001594719884624465,0.3023402295205043,0.03533326266687867,8.556816062274303,0.5477225575051662,0.19069251784911845,2.8722813232690148,0.010154468290078704,0.045083481733371615,0.22523700254858936,0.33443422490476304,0.11699401969383898,2.8585582902437423,0.10046253618727834,0.04303043180927362,2.3346857552479254
1000,39,qcd,529,0.529,240,0.9386047439716074,0.0,0.9386047439716074,0.9999999989345888,0.0,0.0017320508075688774,0.36230842975645833,0.0016666666666666679,0.27536231884057977,0.0015,0.15784499054820417,0.7674858223062382,0.19092627599243855,0.04158790170132325,0.3254437869822485,0.33727810650887574,0.33727810650887574,0.27536231884057977,2.516895064895944,2.515710346250896,2.515696292933768,0.9995237099953448,0.13705334267254277,0.009662681431097353,0.3016332500076565,0.03549985134468374,8.49674684772525,0.5477225575051662,0.19069251784911845,2.8722813232690148,0.004496901128942244,0.045305023518296864,0.09925833339709289,0.06918536899748189,0.052938698226012514,1.306895925209703,0.1004689726344672,0.043233310971837004,2.3238787494188125
1000,39,shuffle_b,529,0.529,240,0.9386047439716074,0.0,0.9386047439716074,0.9999999989345888,0.0,0.0017320508075688774,0.36230842975645833,0.0016666666666666679,0.27536231884057977,0.0015,0.15784499054820417,0.7674858223062382,0.19092627599243855,0.04158790170132325,0.3254437869822485,0.33727810650887574,0.33727810650887574,0.27536231884057977,2.516895064895944,2.515710346250896,2.515696292933768,0.9995237099953448,0.13705334267254277,0.009662681431097353,0.3016332500076565,0.03549985134468374,8.49674684772525,0.5477225575051662,0.19069251784911845,2.8722813232690148,0.004496901128942245,0.045305023518296864,0.0992583333970929,0.06918536899748189,0.052938698226012514,1.306895925209703,0.1004689726344672,0.043233310971837004,2.3238787494188125
1000,39,shuffle_e,516,0.516,240,0.9386047439716074,2.817137114965912,2.817137114965912,3.0014094112118834,0.005,0.0017320508075688774,0.4542910143306606,0.0016666666666666713,0.0859173126614987,0.0015,0.0029069767441860465,0.7868217054263565,0.14147286821705427,0.07170542635658915,0.3298538622129436,0.3444676409185804,0.325678496868476,-0.0859173126614987,7.841211379328538,7.809898249745796,7.8613508897849576,1.0025684182560761,0.07562165346531226,0.013952635807768581,0.2719952782758604,0.03594425773447947,7.56714132991956,0.18170525744834176,0.14704292441876154,1.235729350232901,0.004496901128942244,0.045305023518296864,0.09925833339709289,0.16694896731147074,0.05903418374423842,2.8280050086703286,0.09486942940645336,0.04377452900290314,2.1672290157630614
1000,39,shuffle_w,526,0.526,240,0.9386047439716074,0.0,0.9386047439716074,0.9999999989345888,0.0,0.0017320508075688774,0.36437482764480317,0.0016666666666666679,0.2769328263624841,0.0015,0.027566539923954372,0.7718631178707225,0.18631178707224336,0.04182509505703422,0.3253968253968254,0.3392857142857143,0.3353174603174603,0.2769328263624841,2.5222447649086646,2.523483131037685,2.52606169114932,1.0015133052484673,0.13266659689843044,0.01011710220950949,0.30645931807140914,0.03560094272544522,8.608179857337657,0.5477225575051662,0.19069251784911845,2.8722813232690148,0.004496901128942244,0.045305023518296864,0.09925833339709289,0.06918536899748189,0.052938698226012514,1.306895925209703,0.10051409905463042,0.043356424588809596,2.3183207565638004
1000,39,shuffle_h,529,0.529,240,0.9386047439716074,0.0,0.9386047439716074,0.9999999989345888,0.0,0.0017320508075688774,0.36230842975645833,0.0016666666666666679,0.2753623188405797,0.0015,0.16162570888468808,0.7674858223062382,0.19092627599243855,0.04158790170132325,0.3254437869822485,0.33727810650887574,0.33727810650887574,0.2753623188405797,2.516895064895944,2.515710346250896,2.515696292933768,0.9995237099953448,0.13705334267254277,0.009662681431097353,0.3016332500076565,0.03549985134468374,8.49674684772525,0.5477225575051662,0.19069251784911845,2.8722813232690148,0.004496901128942244,0.045305023518296864,0.09925833339709289,0.06918536899748189,0.052938698226012514,1.306895925209703,0.1004689726344672,0.043233310971837004,2.3238787494188125
1000,40,qcd,532,0.532,240,0.9386047439716074,0.0,0.9386047439716074,0.9999999989345888,0.0,0.00458257569495584,0.4438996435565855,0.0026666666666666635,0.19486215538847118,0.0015,0.03571428571428571,0.768796992481203,0.18984962406015038,0.041353383458646614,0.32941176470588235,0.32941176470588235,0.3411764705882353,-0.19486215538847118,2.519962027757765,2.519962330760719,2.5129052454675658,0.9971996473706874,0.13672921554091988,0.009605842128561495,0.20730165530964473,0.03539961627023944,5.856042442017199,0.5477225575051662,0.19069251784911845,2.8722813232690148,0.007266729625153631,0.04513856236690461,0.16098717469304172,0.0,0.97182531580755,0.0,0.10041808442247555,0.043111240203098845,2.3292784886122915
1000,40,shuffle_b,532,0.532,240,0.9386047439716074,0.0,0.9386047439716074,0.9999999989345888,0.0,0.00458257569495584,0.4438996435565855,0.0026666666666666635,0.19486215538847118,0.0015,0.03571428571428571,0.768796992481203,0.18984962406015038,0.041353383458646614,0.32941176470588235,0.32941176470588235,0.3411764705882353,-0.19486215538847118,2.519962027757765,2.519962330760719,2.5129052454675658,0.9971996473706874,0.13672921554091988,0.009605842128561495,0.20730165530964473,0.03539961627023944,5.856042442017199,0.5477225575051662,0.19069251784911845,2.8722813232690148,0.007266729625153631,0.04513856236690461,0.16098717469304172,0.0,0.97182531580755,0.0,0.10041808442247555,0.043111240203098845,2.3292784886122915
1000,40,shuffle_e,529,0.529,240,0.9386047439716074,2.8247183966293075,2.8247183966293075,3.0094865935445005,0.007,0.00458257569495584,0.2754610727594108,0.0026666666666666687,0.315059861373661,0.0015,0.006616257088846881,0.7939508506616257,0.1342155009451796,0.07183364839319471,0.32790224032586557,0.3380855397148676,0.3340122199592668,-0.315059861373661,7.9106254538073415,7.857337963774741,7.841497854279638,0.9912614242791089,0.06854438565903502,0.007248525629349155,0.45849946224462296,0.03549985134468374,12.91553189315778,0.17296501815952614,0.14509525002200233,1.1920791213585396,0.028171808490950547,0.0445435403187374,0.6324555320336758,0.17607447974172669,0.09394989937694842,1.874131647925196,0.06350929112294647,0.043233310971837004,1.4689897603335913
1000,40,shuffle_w,527,0.527,240,0.9386047439716074,0.0,0.9386047439716074,0.9999999989345888,0.0,0.00458257569495584,0.4481112151273311,0.0026666666666666635,0.19671094244149273,0.0015,0.009487666034155597,0.7760910815939279,0.18216318785578747,0.04174573055028463,0.3326732673267327,0.3287128712871287,0.33861386138613864,-0.19671094244149273,2.519956672961708,2.5305600088800992,2.528215280087405,1.003277281397061,0.13245793641383982,0.00704757640398107,0.21678988173564676,0.03556714970147894,6.095227859280281,0.5477225575051662,0.19069251784911845,2.8722813232690148,0.007266729625153631,0.04513856236690461,0.16098717469304172,0.0,0.97182531580755,0.0,0.1004877661690913,0.043315269928762494,2.3199155017239024
1000,40,shuffle_h,532,0.532,240,0.9386047439716074,0.0,0.9386047439716074,0.9999999989345888,0.0,0.00458257569495584,0.4438996435565855,0.0026666666666666635,0.19486215538847115,0.0015,0.03007518796992481,0.768796992481203,0.18984962406015038,0.041353383458646614,0.32941176470588235,0.32941176470588235,0.3411764705882353,-0.19486215538847115,2.519962027757765,2.519962330760719,2.5129052454675658,0.9971996473706874,0.13672921554091988,0.009605842128561495,0.20730165530964473,0.03539961627023944,5.856042442017199,0.5477225575051662,0.19069251784911845,2.8722813232690148,0.007266729625153631,0.04513856236690461,0.16098717469304172,0.0,0.97182531580755,0.0,0.10041808442247555,0.043111240203098845,2.3292784886122915
2000,1,qcd,1061,0.5305,240,0.9386047439716074,0.0,0.9386047439716074,0.9999999989345888,0.0,0.0027386127875258306,0.3605677787074611,0.0018333333333333305,0.2770970782280867,0.00075,0.15975494816211122,0.765315739868049,0.19132893496701225,0.043355325164938736,0.33497536945812806,0.3310344827586207,0.33399014778325126,0.2770970782280867,2.607311008208202,2.6077971327243694,2.6081920578746676,1.0003379150640994,0.04497028966980277,0.0029004140776117703,0.3023151721977841,0.025066672014223933,12.060443126484328,0.5485847059334784,0.1318760946791574,4.159849495605214,0.00414593798783336,0.03203548935160373,0.12941703316374686,0.06698496078775375,0.03737789676182885,1.7921008561444873,0.1003247727463077,0.030527317303323816,3.286393355481136
2000,1,shuffle_b,1061,0.5305,240,0.9386047439716074,0.0,0.9386047439716074,0.9999999989345888,0.0,0.0027386127875258306,0.36056777870746104,0.0018333333333333305,0.2770970782280867,0.00075,0.15975494816211122,0.765315739868049,0.19132893496701225,0.043355325164938736,0.33497536945812806,0.3310344827586207,0.33399014778325126,0.2770970782280867,2.607311008208202,2.6077971327243694,2.6081920578746676,1.0003379150640994,0.04497028966980277,0.0029004140776117703,0.3023151721977841,0.025066672014223933,12.060443126484328,0.5485847059334784,0.1318760946791574,4.159849495605214,0.00414593798783336,0.03203548935160373,0.12941703316374686,0.06698496078775375,0.03737789676182885,1.7921008561444873,0.1003247727463077,0.030527317303323816,3.286393355481136
2000,1,shuffle_e,967,0.4835,240,0.9386047439716074,2.8228278603581036,2.8228278603581036,3.0074723950425946,0.005,0.0027386127875258306,0.4444036116365162,0.0018333333333333322,0.1399517407790417,0.00075,0.002068252326783868,0.7642192347466391,0.1623578076525336,0.0734229576008273,0.3359375,0.3247767857142857,0.3392857142857143,0.1399517407790417,7.944352645790215,7.946704538949146,7.944704642070552,1.0000443077360774,0.023283295185454817,0.01074369723079887,0.28195951289519894,0.026256759934563313,10.738549371586366,0.22919262655558298,0.10614897848685506,2.1591599827215013,0.04973434996284538,0.033580499958264474,1.4810485259200343,0.17216498495215604,0.04445025531515561,3.8732057607204617,0.09434032099061945,0.03197665974265671,2.9502869202054245
2000,1,shuffle_w,1057,0.5285,240,0.9386047439716074,0.0,0.9386047439716074,0.9999999989345888,0.0,0.0027386127875258306,0.3619322736126927,0.0018333333333333305,0.2781456953642384,0.00075,0.01750236518448439,0.7682119205298014,0.18826868495742669,0.043519394512771994,0.3363006923837784,0.3293768545994065,0.334322453016815,0.2781456953642384,2.607971200732083,2.611869836313815,2.6090838135411674,1.0004266200519285,0.04401136843647605,0.005043540567351899,0.30552862020084126,0.025114057069775524,12.165641710217399,0.5485847059334784,0.1318760946791574,4.159849495605214,0.00414593798783336,0.03203548935160373,0.12941703316374686,0.06698496078775375,0.03737789676182885,1.7921008561444873,0.10037143157962782,0.030585024948975307,3.2817181528240202
2000,1,shuffle_h,1061,0.5305,240,0.9386047439716074,0.0,0.9386047439716074,0.9999999989345888,0.0,0.0027386127875258306,0.3605677787074611,0.0018333333333333305,0.2770970782280867,0.00075,0.1540999057492931,0.765315739868049,0.19132893496701225,0.043355325164938736,0.33497536945812806,0.3310344827586207,0.33399014778325126,0.2770970782280867,2.607311008208202,2.6077971327243694,2.6081920578746676,1.0003379150640994,0.04497028966980277,0.0029004140776117703,0.3023151721977841,0.025066672014223933,12.060443126484328,0.5485847059334784,0.1318760946791574,4.159849495605214,0.00414593798783336,0.03203548935160373,0.12941703316374686,0.06698496078775375,0.03737789676182885,1.7921008561444873,0.1003247727463077,0.030527317303323816,3.286393355481136
2000,2,qcd,1061,0.5305,240,0.9386047439716074,0.0,0.9386047439716074,0.9999999989345888,0.0,0.002692582403567252,0.4424054289717683,0.0008333333333333326,0.02167766258246937,0.00125,0.03204524033930255,0.7662582469368521,0.19132893496701225,0.04241281809613572,0.33366141732283466,0.3316929133858268,0.3346456692913386,-0.02167766258246937,2.606775997347894,2.606558763977841,2.6069744971267985,1.0000761476164837,0.0452109723605615,0.0021262272632571683,0.20567540047935387,0.025066672014223933,8.205133906991906,0.5479479113750201,0.13333333333333333,4.10960933531265,0.0033685274139309265,0.032015781266470776,0.10521459357478463,0.16677092472825442,0.04170501611488267,3.998821730912634,0.1002982059119196,0.030527317303323816,3.285523091182307
2000,2,shuffle_b,1061,0.5305,240,0.9386047439716074,0.0,0.9386047439716074,0.9999999989345888,0.0,0.002692582403567252,0.4424054289717683,0.0008333333333333326,0.02167766258246937,0.00125,0.03204524033930255,0.7662582469368521,0.19132893496701225,0.04241281809613572,0.33366141732283466,0.3316929133858268,0.3346456692913386,-0.02167766258246937,2.606775997347894,2.606558763977841,2.6069744971267985,1.0000761476164837,0.0452109723605615,0.0021262272632571683,0.20567540047935387,0.025066672014223933,8.205133906991906,0.5479479113750201,0.13333333333333333,4.10960933531265,0.0033685274139309265,0.032015781266470776,0.10521459357478463,0.1667709247282544,0.04170501611488267,3.9988217309126335,0.10029820591191961,0.030527317303323816,3.2855230911823075
2000,2,shuffle_e,957,0.4785,240,0.9386047439716074,2.82693088445344,2.82693088445344,3.0118438028341252,0.0035,0.002692582403567252,0.1806433415599347,0.0008333333333333354,0.4117032392894462,0.00125,0.0036572622779519333,0.7836990595611285,0.1619644723092999,0.054336468129571575,0.3469613259668508,0.3237569060773481,0.3292817679558011,-0.4117032392894462,7.941346990649838,7.952641080341665,7.949674390102902,1.001048612969924,0.02535087082192026,0.017141917168648366,0.5402794008461618,0.026393586082163197,20.470102060563985,0.4390347130808005,0.12403473458920845,3.5396110173077147,0.05289822513300632,0.03333333333333333,1.5869467539901896,0.062243120159691245,0.04473188593817264,1.3914709575563664,0.05126094065820696,0.03214329276122427,1.5947632073352818
2000,2,shuffle_w,1053,0.5265,240,0.9386047439716074,0.0,0.9386047439716074,0.9999999989345888,0.0,0.002692582403567252,0.445766533845248,0.0008333333333333326,0.021842355175688513,0.00125,0.007597340930674264,0.7720797720797721,0.18518518518518517,0.042735042735042736,0.3343253968253968,0.33035714285714285,0.3353174603174603,-0.021842355175688513,2.6099014530144977,2.6108477663252865,2.6087554166644487,0.9995608890332908,0.04372082933926142,0.0037119616932281036,0.21328866587029688,0.025161711869879904,8.476715216090538,0.5479479113750201,0.13333333333333333,4.10960933531265,0.0033685274139309265,0.032015781266470776,0.10521459357478463,0.16677092472825442,0.04170501611488267,3.998821730912634,0.10035282847079795,0.030643061101639987,3.2748956815357837
2000,2,shuffle_h,1061,0.5305,240,0.9386047439716074,0.0,0.9386047439716074,0.9999999989345888,0.0,0.002692582403567252,0.4424054289717683,0.0008333333333333326,0.021677662582469375,0.00125,0.03581526861451461,0.7662582469368521,0.19132893496701225,0.04241281809613572,0.33366141732283466,0.3316929133858268,0.3346456692913386,-0.021677662582469375,2.606775997347894,2.606558763977841,2.6069744971267985,1.0000761476164837,0.0452109723605615,0.0021262272632571683,0.20567540047935387,0.025066672014223933,8.205133906991906,0.5479479113750201,0.13333333333333333,4.10960933531265,0.0033685274139309265,0.032015781266470776,0.10521459357478463,0.16677092472825442,0.04170501611488267,3.998821730912634,0.1002982059119196,0.030527317303323816,3.285523091182307
2000,3,qcd,1058,0.529,240,0.9386047439716074,0.0,0.9386047439716074,0.9999999989345888,0.0,0.0015811388300841897,0.4431108342753735,0.0013333333333333357,0.10901071203528671,0.00125,0.0330812854442344,0.7674858223062382,0.19092627599243855,0.04158790170132325,0.33136094674556216,0.33530571992110453,0.3333333333333333,0.10901071203528671,2.6080206280234264,2.607529163233976,2.607261462404817,0.9997089111909422,0.045168738354681326,0.0027893758626688016,0.2078421035539807,0.02510218561694025,8.279840916072189,0.5477225575051662,0.13483997249264842,4.06201920231798,0.00414593798783336,0.03203548935160373,0.12941703316374686,0.16674494242625804,0.04174347164736364,3.9945154498617037,0.10028206796572993,0.030570567361332714,3.28034696839065
2000,3,shuffle_b,1058,0.529,240,0.9386047439716074,0.0,0.9386047439716074,0.9999999989345888,0.0,0.0015811388300841897,0.4431108342753735,0.0013333333333333357,0.10901071203528671,0.00125,0.0330812854442344,0.7674858223062382,0.19092627599243855,0.04158790170132325,0.33136094674556216,0.33530571992110453,0.3333333333333333,0.10901071203528671,2.6080206280234264,2.607529163233976,2.607261462404817,0.9997089111909422,0.045168738354681326,0.0027893758626688016,0.2078421035539807,0.02510218561694025,8.279840916072189,0.5477225575051662,0.13483997249264842,4.06201920231798,0.00414593798783336,0.03203548935160373,0.12941703316374686,0.16674494242625804,0.04174347164736364,3.9945154498617037,0.10028206796572993,0.030570567361332714,3.28034696839065
2000,3,shuffle_e,1049,0.5245,240,0.9386047439716074,2.8270332657296957,2.8270332657296957,3.011952880991682,0.002,0.0015811388300841897,0.15623179818845853,0.0013333333333333357,0.40673657451541145,0.00125,0.009532888465204958,0.7902764537654909,0.1534795042897998,0.05624404194470925,0.32525252525252524,0.34040404040404043,0.33434343434343433,0.40673657451541145,7.949242621823206,7.947566529657839,7.953771707518167,1.0005697505926574,0.0236569580449372,0.010784927527304382,0.5651713977871967,0.025209638983538233,22.418861220355073,0.3426915784705115,0.11644450194791639,2.9429605755348716,0.020852589267694833,0.03170531787165969,0.6577000537292911,0.0907356843238768,0.049593252975992014,1.8295973520390314,0.041672396010706055,0.030701428889962662,1.3573438604458625
2000,3,shuffle_w,1051,0.5255,240,0.9386047439716074,0.0,0.9386047439716074,0.9999999989345888,0.0,0.0015811388300841897,0.4460620957786348,0.0013333333333333357,0.10973675864256265,0.00125,0.039961941008563276,0.7725975261655567,0.18553758325404376,0.04186489058039962,0.3316782522343595,0.3356504468718967,0.3326713008937438,0.10973675864256265,2.6105044313400234,2.611315178582319,2.611306923046354,1.0003074086742378,0.043358002434340605,0.002923456096103216,0.21452046545552372,0.02518564122561601,8.517570131878857,0.5477225575051662,0.13483997249264842,4.06201920231798,0.00414593798783336,0.03203548935160373,0.12941703316374686,0.16674494242625804,0.04174347164736364,3.9945154498617037,0.10034226571224046,0.03067220334417644,3.2714397653891365
2000,3,shuffle_h,1058,0.529,240,0.9386047439716074,0.0,0.9386047439716074,0.9999999989345888,0.0,0.0015811388300841897,0.4431108342753735,0.0013333333333333357,0.10901071203528671,0.00125,0.027410207939508508,0.7674858223062382,0.19092627599243855,0.04158790170132325,0.33136094674556216,0.33530571992110453,0.3333333333333333,0.10901071203528671,2.6080206280234264,2.607529163233976,2.607261462404817,0.9997089111909422,0.045168738354681326,0.0027893758626688016,0.2078421035539807,0.02510218561694025,8.279840916072189,0.5477225575051662,0.13483997249264842,4.06201920231798,0.00414593798783336,0.03203548935160373,0.12941703316374686,0.16674494242625804,0.04174347164736364,3.9945154498617037,0.10028206796572993,0.030570567361332714,3.28034696839065
2000,4,qcd,1061,0.5305,240,0.9386047439716074,0.0,0.9386047439716074,0.9999999989345888,0.0,0.00304138126514911,0.36055669202756435,0.0013333333333333322,0.2761545711592837,0.00175,0.15928369462770972,0.764373232799246,0.19321394910461828,0.04241281809613572,0.328740157480315,0.33366141732283466,0.3375984251968504,-0.2761545711592837,2.6107444357580727,2.6094651068086847,2.6080882214820447,0.9989825835728511,0.04241115055337313,0.006276616295836272,0.29925551821496454,0.025066672014223933,11.938382488315712,0.5479479113750201,0.13333333333333333,4.10960933531265,0.0036647255446212545,0.03205523387696149,0.11432534102504677,0.33344469811176203,0.08395292055067764,3.971805815980878,0.10028934873654498,0.030527317303323816,3.285232951852781
2000,4,shuffle_b,1061,0.5305,240,0.9386047439716074,0.0,0.9386047439716074,0.9999999989345888,0.0,0.00304138126514911,0.36055669202756435,0.0013333333333333322,0.2761545711592837,0.00175,0.15928369462770972,0.764373232799246,0.19321394910461828,0.04241281809613572,0.328740157480315,0.33366141732283466,0.3375984251968504,-0.2761545711592837,2.6107444357580727,2.6094651068086847,2.6080882214820447,0.9989825835728511,0.04241115055337313,0.006276616295836272,0.29925551821496454,0.025066672014223933,11.938382488315712,0.5479479113750201,0.13333333333333333,4.10960933531265,0.003664725544621255,0.03205523387696149,0.11432534102504678,0.33344469811176203,0.08395292055067764,3.971805815980878,0.10028934873654498,0.030527317303323816,3.285232951852781
2000,4,shuffle_e,1003,0.5015,240,0.9386047439716074,2.825880875068544,2.825880875068544,3.0107251110839273,0.005,0.00304138126514911,0.3012716308339833,0.0013333333333333348,0.29943502824858753,0.00175,0.01296111665004985,0.7716849451645065,0.16151545363908276,0.06679960119641076,0.3215811965811966,0.3247863247863248,0.35363247863247865,-0.29943502824858753,7.936869429437085,7.959409945594313,7.958856673867829,1.0027702666178677,0.022168116224510967,0.02496436206313659,0.4341864378684894,0.025781246066094343,16.841173493142385,0.28287421469808083,0.10927167294163061,2.588724113789153,0.019679000273550143,0.03281246795658991,0.5997415464019645,0.20870650274933628,0.06771027816474975,3.082345965874199,0.06748453252153837,0.03139755762903564,2.149356116130843
2000,4,shuffle_w,1059,0.5295,240,0.9386047439716074,0.0,0.9386047439716074,0.9999999989345888,0.0,0.00304138126514911,0.3612376300672765,0.0013333333333333322,0.2766761095372993,0.00175,0.008026440037771483,0.7658168083097262,0.19169027384324835,0.042492917847025496,0.32840236686390534,0.3343195266272189,0.33727810650887574,-0.2766761095372993,2.6128363786453392,2.611306454207764,2.6095080073518986,0.9987261462980831,0.04139568275138901,0.006391263016181311,0.30083806194703927,0.02509033098316605,11.99019901925095,0.5479479113750201,0.13333333333333333,4.10960933531265,0.0036647255446212545,0.03205523387696149,0.11432534102504677,0.33344469811176203,0.08395292055067764,3.971805815980878,0.10029062091456087,0.030556130256696946,3.282176770161539
2000,4,shuffle_h,1061,0.5305,240,0.9386047439716074,0.0,0.9386047439716074,0.9999999989345888,0.0,0.00304138126514911,0.36055669202756435,0.0013333333333333322,0.2761545711592837,0.00175,0.16116870876531575,0.764373232799246,0.19321394910461828,0.04241281809613572,0.328740157480315,0.33366141732283466,0.3375984251968504,-0.2761545711592837,2.6107444357580727,2.6094651068086847,2.6080882214820447,0.9989825835728511,0.04241115055337313,0.006276616295836272,0.29925551821496454,0.025066672014223933,11.938382488315712,0.5479479113750201,0.13333333333333333,4.10960933531265,0.0036647255446212545,0.03205523387696149,0.11432534102504677,0.33344469811176203,0.08395292055067764,3.971805815980878,0.10028934873654498,0.030527317303323816,3.285232951852781
2000,5,qcd,1059,0.5295,240,0.9386047439716074,0.0,0.9386047439716074,0.9999999989345888,0.0,0.001224744871391589,0.25874154784971715,0.0029999999999999966,0.3607176581680831,0.0025,0.28517469310670446,0.7686496694995278,0.18885741265344666,0.042492917847025496,0.33629191321499013,0.3323471400394477,0.33136094674556216,0.3607176581680831,2.6106494015907007,2.6101364675258814,2.6109685644565803,1.000122254204523,0.04189975106480052,0.0036899974228539745,0.4519101779628163,0.02509033098316605,18.011327880290544,0.5479479113750201,0.13333333333333333,4.10960933531265,0.005401681391594146,0.03199610950961107,0.16882306862875238,0.08499218659506665,0.04162842281586699,2.041686445124489,0.10029951146213956,0.030556130256696946,3.282467728064389
2000,5,shuffle_b,1059,0.5295,240,0.9386047439716074,0.0,0.9386047439716074,0.9999999989345888,0.0,0.001224744871391589,0.25874154784971715,0.0029999999999999966,0.3607176581680831,0.0025,0.28517469310670446,0.7686496694995278,0.18885741265344666,0.042492917847025496,0.33629191321499013,0.3323471400394477,0.33136094674556216,0.3607176581680831,2.6106494015907007,2.6101364675258814,2.6109685644565803,1.000122254204523,0.04189975106480052,0.0036899974228539745,0.4519101779628163,0.02509033098316605,18.011327880290544,0.5479479113750201,0.13333333333333333,4.10960933531265,0.005401681391594146,0.03199610950961107,0.16882306862875238,0.08499218659506665,0.04162842281586699,2.041686445124489,0.10029951146213954,0.030556130256696946,3.2824677280643884
2000,5,shuffle_e,1054,0.527,240,0.9386047439716074,2.826799868186293,2.826799868186293,3.011704216636794,0.0065,0.001224744871391589,0.14901979577075572,0.003000000000000002,0.40575585072738773,0.0025,0.004269449715370019,0.7874762808349146,0.13946869070208728,0.0730550284629981,0.3510747185261003,0.34390992835209827,0.30501535312180145,0.40575585072738773,7.953156044650388,7.961073958415803,7.960778050407376,1.000958362405339,0.01967108941692809,0.03505037965571565,0.5550087304644141,0.025149772741392844,22.06814097969764,0.1728785588809739,0.10192943828752511,1.696061135874346,0.020064250597263914,0.031686212526223896,0.6332170681699019,0.07130796033001462,0.04497071244039944,1.585653338815133,0.03900109075485133,0.030628521095553703,1.2733586004096378
2000,5,shuffle_w,1057,0.5285,240,0.9386047439716074,0.0,0.9386047439716074,0.9999999989345888,0.0,0.001224744871391589,0.2592311250452701,0.0029999999999999966,0.36140018921475875,0.0025,0.00804162724692526,0.7701040681173131,0.18732261116367077,0.04257332071901608,0.33695652173913043,0.3310276679841897,0.33201581027667987,0.36140018921475875,2.611257845515296,2.6124268653770537,2.6115859405142166,1.0001256463430006,0.041264767079783035,0.004492154709152129,0.45345531756587504,0.025114057069775524,18.055836868810943,0.5479479113750201,0.13333333333333333,4.10960933531265,0.005401681391594146,0.03199610950961107,0.16882306862875238,0.08499218659506665,0.04162842281586699,2.041686445124489,0.10030899011862628,0.030585024948975307,3.279676583098126
2000,5,shuffle_h,1059,0.5295,240,0.9386047439716074,0.0,0.9386047439716074,0.9999999989345888,0.0,0.001224744871391589,0.25874154784971715,0.0029999999999999966,0.3607176581680831,0.0025,0.28328611898017,0.7686496694995278,0.18885741265344666,0.042492917847025496,0.33629191321499013,0.3323471400394477,0.33136094674556216,0.3607176581680831,2.6106494015907007,2.6101364675258814,2.6109685644565803,1.000122254204523,0.04189975106480052,0.0036899974228539745,0.4519101779628163,0.02509033098316605,18.011327880290544,0.5479479113750201,0.13333333333333333,4.10960933531265,0.005401681391594146,0.03199610950961107,0.16882306862875238,0.08499218659506665,0.04162842281586699,2.041686445124489,0.10029951146213956,0.030556130256696946,3.282467728064389
2000,6,qcd,1062,0.531,240,0.9386047439716074,0.0,0.9386047439716074,0.9999999989345888,0.0,0.0028722813232690144,0.4419848392562417,3.552713678800501e-18,0.18926553672316385,0.0005,0.03154425612052731,0.7655367231638418,0.1902071563088512,0.044256120527306965,0.33497536945812806,0.33399014778325126,0.3310344827586207,-0.18926553672316385,2.6119673703948316,2.613619346479165,2.6141595441818954,1.000839280693898,0.03933103575173948,0.0029004140776117703,0.20189781969440793,0.025054867600094295,8.058227363917425,0.5479291439257828,0.13046561461068845,4.199797360866405,0.004842563268149961,0.032015781266470776,0.1512555082708989,0.0,0.97182531580755,0.0,0.10032379150571258,0.030512941358423317,3.2879095570384096
2000,6,shuffle_b,1062,0.531,240,0.9386047439716074,0.0,0.9386047439716074,0.9999999989345888,0.0,0.002872281323269014,0.4419848392562417,3.552713678800501e-18,0.18926553672316385,0.0005,0.03154425612052731,0.7655367231638418,0.1902071563088512,0.044256120527306965,0.33497536945812806,0.33399014778325126,0.3310344827586207,-0.18926553672316385,2.6119673703948316,2.613619346479165,2.6141595441818954,1.000839280693898,0.03933103575173948,0.0029004140776117703,0.20189781969440793,0.025054867600094295,8.058227363917425,0.5479291439257828,0.13046561461068845,4.199797360866405,0.004842563268149961,0.032015781266470776,0.1512555082708989,0.0,0.97182531580755,0.0,0.10032379150571256,0.030512941358423317,3.287909557038409
2000,6,shuffle_e,948,0.474,240,0.9386047439716074,2.826526250660796,2.826526250660796,3.0114127014628482,0.003,0.0028722813232690144,0.11998452486756214,3.552713678800501e-18,0.4409282700421941,0.0005,0.025843881856540084,0.7573839662447257,0.17405063291139242,0.06856540084388185,0.32276330690826727,0.3465458663646659,0.33069082672706684,0.4409282700421941,7.95053701539727,7.962049265504034,7.9483659293206985,0.9997269258576664,0.02193973094265823,0.017125400109043058,0.5880004581652486,0.026518576139191,22.17315345586223,0.32271041482158513,0.11094003924504582,2.9088723694136984,0.05920994872922339,0.03406804049945651,1.7379910279890611,0.08528312761599775,0.05947474346543092,1.4339385535234412,0.044029215506010404,0.03229551125789919,1.3633230684725965
2000,6,shuffle_w,1060,0.53,240,0.9386047439716074,0.0,0.9386047439716074,0.9999999989345888,0.0,0.0028722813232690144,0.44281877291521576,3.552713678800501e-18,0.18962264150943398,0.0005,0.007075471698113208,0.7669811320754717,0.18867924528301888,0.04433962264150943,0.33464955577492594,0.33464955577492594,0.33070088845014806,-0.18962264150943398,2.6133012613925466,2.614755680553364,2.6166680949673293,1.0012883449851429,0.03837887465103308,0.0032240733699021766,0.20378377565945838,0.025078493128775955,8.12583812803448,0.5479291439257828,0.13046561461068845,4.199797360866405,0.004842563268149961,0.032015781266470776,0.1512555082708989,0.0,0.97182531580755,0.0,0.10031669724547859,0.030541713586747628,3.2845798570060283
2000,6,shuffle_h,1062,0.531,240,0.9386047439716074,0.0,0.9386047439716074,0.9999999989345888,0.0,0.0028722813232690144,0.4419848392562417,3.552713678800501e-18,0.18926553672316385,0.0005,0.033427495291902073,0.7655367231638418,0.1902071563088512,0.044256120527306965,0.33497536945812806,0.33399014778325126,0.3310344827586207,-0.18926553672316385,2.6119673703948316,2.613619346479165,2.6141595441818954,1.000839280693898,0.03933103575173948,0.0029004140776117703,0.20189781969440793,0.025054867600094295,8.058227363917425,0.5479291439257828,0.13046561461068845,4.199797360866405,0.004842563268149961,0.032015781266470776,0.1512555082708989,0.0,0.97182531580755,0.0,0.10032379150571258,0.030512941358423317,3.2879095570384096
2000,7,qcd,1058,0.529,240,0.9386047439716074,0.0,0.9386047439716074,0.9999999989345888,0.0,0.0027386127875258306,0.4431108342753735,0.0004999999999999983,0.10617517328292375,0.0005,0.03166351606805293,0.7674858223062382,0.1899810964083176,0.04253308128544423,0.33464955577492594,0.3297137216189536,0.33563672260612043,-0.10617517328292375,2.607392588544495,2.606706198185759,2.608554644397606,1.0004456773629782,0.04518794152181423,0.004487720203022631,0.20596386319331747,0.02510218561694025,8.2050171382018,0.5479479113750201,0.13333333333333333,4.10960933531265,0.002844089996008005,0.03203548935160373,0.08877935232369492,0.33345676726955187,0.05914340526915301,5.638105647654862,0.10029988341602512,0.030570567361332714,3.280929733181523
2000,7,shuffle_b,1058,0.529,240,0.9386047439716074,0.0,0.9386047439716074,0.9999999989345888,0.0,0.0027386127875258306,0.4431108342753735,0.0004999999999999983,0.10617517328292375,0.0005,0.03166351606805293,0.7674858223062382,0.1899810964083176,0.04253308128544423,0.33464955577492594,0.3297137216189536,0.33563672260612043,-0.10617517328292375,2.607392588544495,2.606706198185759,2.608554644397606,1.0004456773629782,0.04518794152181423,0.004487720203022631,0.20596386319331747,0.02510218561694025,8.2050171382018,0.5479479113750201,0.13333333333333333,4.10960933531265,0.002844089996008005,0.03203548935160373,0.08877935232369492,0.33345676726955187,0.05914340526915301,5.638105647654862,0.10029988341602512,0.030570567361332714,3.280929733181523
2000,7,shuffle_e,1013,0.5065,240,0.9386047439716074,2.818517249483314,2.818517249483314,3.0028798219729578,0.0045,0.0027386127875258306,0.46279492859165366,0.0004999999999999983,0.06416584402764067,0.0005,0.008884501480750246,0.8015794669299111,0.140177690029615,0.05824284304047384,0.3333333333333333,0.3249475890985325,0.3417190775681342,-0.06416584402764067,7.936458848887543,7.939059727972206,7.939528396696853,1.0003867654161327,0.020994214982731338,0.01185923322744735,0.2475421299046262,0.025653678504189502,9.649381466451297,0.3485101874569458,0.11644450194791639,2.9929295211621785,0.002844089996008005,0.03203548935160373,0.08877935232369492,0.33345676726955187,0.05914340526915301,5.638105647654862,0.0971194136325846,0.03124220013133229,3.1085971290218173
2000,7,shuffle_w,1056,0.528,240,0.9386047439716074,0.0,0.9386047439716074,0.9999999989345888,0.0,0.0027386127875258306,0.44395005934028897,0.0004999999999999983,0.10637626262626261,0.0005,0.016098484848484848,0.7689393939393939,0.1884469696969697,0.04261363636363636,0.3353115727002967,0.3293768545994065,0.3353115727002967,-0.10637626262626261,2.608054080710995,2.6096379173590654,2.6094443012036344,1.0005330489512934,0.044357922054631495,0.0048456770381467285,0.20786362338672051,0.025125945381480302,8.272867756049948,0.5479479113750201,0.13333333333333333,4.10960933531265,0.002844089996008005,0.03203548935160373,0.08877935232369492,0.33345676726955187,0.05914340526915301,5.638105647654862,0.100317940134268,0.03059950306810523,3.2784172968753977
2000,7,shuffle_h,1058,0.529,240,0.9386047439716074,0.0,0.9386047439716074,0.9999999989345888,0.0,0.0027386127875258306,0.4431108342753735,0.0004999999999999983,0.10617517328292375,0.0005,0.03260869565217391,0.7674858223062382,0.1899810964083176,0.04253308128544423,0.33464955577492594,0.3297137216189536,0.33563672260612043,-0.10617517328292375,2.607392588544495,2.606706198185759,2.608554644397606,1.0004456773629782,0.04518794152181423,0.004487720203022631,0.20596386319331747,0.02510218561694025,8.2050171382018,0.5479479113750201,0.13333333333333333,4.10960933531265,0.002844089996008005,0.03203548935160373,0.08877935232369492,0.33345676726955187,0.05914340526915301,5.638105647654862,0.10029988341602512,0.030570567361332714,3.280929733181523
2000,8,qcd,1061,0.5305,240,0.9386047439716074,0.0,0.9386047439716074,0.9999999989345888,0.0,0.002692582403567252,0.44297230629399903,0.00016666666666666606,0.10713163682060949,0.0005,0.030160226201696512,0.767200754005655,0.19038642789820923,0.04241281809613572,0.33267716535433073,0.3346456692913386,0.33267716535433073,0.10713163682060949,2.610527276914432,2.610774544503536,2.611477532259398,1.0003640089699002,0.04189671275546102,0.001607276734109694,0.206365289296094,0.025066672014223933,8.232656061362803,0.5479479113750201,0.13333333333333333,4.10960933531265,0.0064227629571491016,0.03199610950961107,0.20073574742641184,0.16677608601259886,0.04155224997470767,4.0136475428915,0.10028934873654498,0.030527317303323816,3.285232951852781
2000,8,shuffle_b,1061,0.5305,240,0.9386047439716074,0.0,0.9386047439716074,0.9999999989345888,0.0,0.002692582403567252,0.44297230629399903,0.00016666666666666606,0.10713163682060949,0.0005,0.030160226201696512,0.767200754005655,0.19038642789820923,0.04241281809613572,0.33267716535433073,0.3346456692913386,0.33267716535433073,0.10713163682060949,2.610527276914432,2.610774544503536,2.611477532259398,1.0003640089699002,0.04189671275546102,0.001607276734109694,0.206365289296094,0.025066672014223933,8.232656061362803,0.5479479113750201,0.13333333333333333,4.10960933531265,0.0064227629571491016,0.03199610950961107,0.20073574742641184,0.16677608601259886,0.04155224997470767,4.0136475428915,0.10028934873654498,0.030527317303323816,3.285232951852781
2000,8,shuffle_e,973,0.4865,240,0.9386047439716074,2.826646654802767,2.826646654802767,3.011540981383247,0.005,0.002692582403567252,0.18070274965224253,0.00016666666666666785,0.4124700239808154,0.0005,0.020041109969167522,0.7769784172661871,0.1593011305241521,0.06372045220966084,0.3512623490669594,0.3216245883644347,0.32711306256860595,-0.4124700239808154,7.954084868613381,7.973696185091794,7.95363501421221,0.9999434436005397,0.01958290792281614,0.02229879105040995,0.5487301901837913,0.026175678650076143,20.963360588253366,0.3198269563340758,0.11359236684941296,2.815567323797943,0.025580793129383217,0.033200794703733154,0.7704873741021286,0.06360743740506235,0.044173877991252275,1.439933288575173,0.047849376232593915,0.03187791531828732,1.5010196167107668
2000,8,shuffle_w,1058,0.529,240,0.9386047439716074,0.0,0.9386047439716074,0.9999999989345888,0.0,0.002692582403567252,0.4442283714347193,0.00016666666666666606,0.10743541272841839,0.0005,0.0014177693761814746,0.7693761814744802,0.1880907372400756,0.04253308128544423,0.33168805528134254,0.33563672260612043,0.33267522211253703,0.10743541272841839,2.612813034515275,2.610772474824125,2.6123097261675294,0.9998073691683649,0.041404224588919986,0.0029061404627600653,0.20921303318707624,0.02510218561694025,8.334454870969024,0.5479479113750201,0.13333333333333333,4.10960933531265,0.0064227629571491016,0.03199610950961107,0.20073574742641184,0.16677608601259886,0.04155224997470767,4.0136475428915,0.10030878995462317,0.030570567361332714,3.2812210767634977
2000,8,shuffle_h,1061,0.5305,240,0.9386047439716074,0.0,0.9386047439716074,0.9999999989345888,0.0,0.002692582403567252,0.44297230629399903,0.00016666666666666606,0.10713163682060949,0.0005,0.034872761545711596,0.767200754005655,0.19038642789820923,0.04241281809613572,0.33267716535433073,0.3346456692913386,0.33267716535433073,0.10713163682060949,2.610527276914432,2.610774544503536,2.611477532259398,1.0003640089699002,0.04189671275546102,0.001607276734109694,0.206365289296094,0.025066672014223933,8.232656061362803,0.5479479113750201,0.13333333333333333,4.10960933531265,0.0064227629571491016,0.03199610950961107,0.20073574742641184,0.16677608601259886,0.04155224997470767,4.0136475428915,0.10028934873654498,0.030527317303323816,3.285232951852781
2000,9,qcd,1060,0.53,240,0.9386047439716074,0.0,0.9386047439716074,0.9999999989345888,0.0,0.00291547594742265,0.2547204751682089,0.0036666666666666683,0.36572327044025155,0.0045,0.29056603773584905,0.7641509433962265,0.19245283018867926,0.04339622641509434,0.33136094674556216,0.33037475345167655,0.33826429980276135,0.36572327044025155,2.613826456251112,2.613699268577641,2.6137525335386136,0.99997171858433,0.03892009560305978,0.006079303750462488,0.4570369326458225,0.025078493128775955,18.22425814417861,0.5485847059334784,0.1318760946791574,4.159849495605214,0.00246913580246913,0.03207501495497921,0.07698003589194992,0.08393909117144449,0.04185947966626345,2.0052588288405078,0.1003166972454786,0.030541713586747628,3.2845798570060287
2000,9,shuffle_b,1060,0.53,240,0.9386047439716074,0.0,0.9386047439716074,0.9999999989345888,0.0,0.00291547594742265,0.2547204751682089,0.0036666666666666683,0.36572327044025155,0.0045,0.29056603773584905,0.7641509433962265,0.19245283018867926,0.04339622641509434,0.33136094674556216,0.33037475345167655,0.33826429980276135,0.36572327044025155,2.613826456251112,2.613699268577641,2.6137525335386136,0.99997171858433,0.03892009560305978,0.006079303750462488,0.4570369326458225,0.025078493128775955,18.22425814417861,0.5485847059334784,0.1318760946791574,4.159849495605214,0.00246913580246913,0.03207501495497921,0.07698003589194992,0.08393909117144449,0.04185947966626345,2.0052588288405078,0.1003166972454786,0.030541713586747628,3.2845798570060287
2000,9,shuffle_e,1025,0.5125,240,0.9386047439716074,2.817729704709764,2.817729704709764,3.002040762957148,0.0055,0.00291547594742265,0.4568114928892366,0.0036666666666666636,0.0738211382113821,0.0045,0.015609756097560976,0.791219512195122,0.1375609756097561,0.07121951219512195,0.3392857142857143,0.33088235294117646,0.32983193277310924,0.0738211382113821,7.930067569684025,7.943486438755856,7.938315186612641,1.0010400437141478,0.019251621931073826,0.007327888493157004,0.26143550391012166,0.02550306852253353,10.251139139555983,0.263925360631064,0.10468478451804274,2.521143467469006,0.003664725544621267,0.03205523387696149,0.11432534102504716,0.3333744830567582,0.05914340526915301,5.636714381588607,0.09568053487234143,0.03105878054150997,3.080627545710131
2000,9,shuffle_w,1055,0.5275,240,0.9386047439716074,0.0,0.9386047439716074,0.9999999989345888,0.0,0.00291547594742265,0.2559276812116601,0.0036666666666666683,0.3674565560821485,0.0045,0.0033175355450236967,0.7677725118483413,0.18862559241706162,0.043601895734597156,0.33102081268582756,0.33002973240832506,0.3389494549058474,0.3674565560821485,2.6153936156165645,2.616428500139181,2.615080645787145,0.9998803354770193,0.037977679493595484,0.006913924524762596,0.460921530401861,0.025137850591995053,18.335757415498275,0.5485847059334784,0.1318760946791574,4.159849495605214,0.00246913580246913,0.03207501495497921,0.07698003589194992,0.08393909117144449,0.04185947966626345,2.0052588288405078,0.1003714989035184,0.030614001767363768,3.2786141343507733
2000,9,shuffle_h,1060,0.53,240,0.9386047439716074,0.0,0.9386047439716074,0.9999999989345888,0.0,0.00291547594742265,0.2547204751682089,0.0036666666666666683,0.36572327044025155,0.0045,0.28679245283018867,0.7641509433962265,0.19245283018867926,0.04339622641509434,0.33136094674556216,0.33037475345167655,0.33826429980276135,0.36572327044025155,2.6138264562511124,2.613699268577641,2.6137525335386136,0.9999717185843299,0.038920095603059715,0.006079303750462488,0.4570369326458225,0.025078493128775955,18.22425814417861,0.5485847059334784,0.1318760946791574,4.159849495605214,0.00246913580246913,0.03207501495497921,0.07698003589194992,0.08393909117144449,0.04185947966626345,2.0052588288405078,0.1003166972454786,0.030541713586747628,3.2845798570060287
2000,10,qcd,1062,0.531,240,0.9386047439716074,0.0,0.9386047439716074,0.9999999989345888,0.0,0.00229128784747792,0.36025287367351205,0.0030000000000000022,0.2774639045825486,0.00275,0.1596045197740113,0.7627118644067796,0.19491525423728814,0.0423728813559322,0.3343166175024582,0.33235004916420846,0.3333333333333333,0.2774639045825486,2.6086567444361397,2.6112753937723094,2.60947089678932,1.0003120963901888,0.04225967990971746,0.0013905738076431678,0.3009885201356994,0.025054867600094295,12.013175441189183,0.5479479113750201,0.13333333333333333,4.10960933531265,0.008189197013223199,0.03207501495497921,0.2553138954016898,0.06838530570699745,0.0374333125028017,1.8268569125930052,0.10037680464834238,0.030512941358423317,3.2896469556722248
2000,10,shuffle_b,1062,0.531,240,0.9386047439716074,0.0,0.9386047439716074,0.9999999989345888,0.0,0.00229128784747792,0.36025287367351205,0.0030000000000000022,0.2774639045825486,0.00275,0.1596045197740113,0.7627118644067796,0.19491525423728814,0.0423728813559322,0.3343166175024582,0.33235004916420846,0.3333333333333333,0.2774639045825486,2.6086567444361397,2.6112753937723094,2.60947089678932,1.0003120963901888,0.04225967990971746,0.0013905738076431678,0.3009885201356994,0.025054867600094295,12.013175441189183,0.5479479113750201,0.13333333333333333,4.10960933531265,0.008189197013223199,0.03207501495497921,0.2553138954016898,0.06838530570699745,0.0374333125028017,1.8268569125930052,0.10037680464834238,0.030512941358423317,3.2896469556722248
2000,10,shuffle_e,983,0.4915,240,0.9386047439716074,2.827455407006084,2.827455407006084,3.0124026350320805,0.0035,0.00229128784747792,0.10814462017052998,0.0029999999999999953,0.4503221430993557,0.00275,0.023397761953204477,0.768056968463886,0.16378433367243134,0.0681586978636826,0.3384279475982533,0.32096069868995636,0.3406113537117904,0.4503221430993557,7.95072734119436,7.938787522629344,7.9509343497464835,1.000026036429529,0.025592478143330502,0.015231768221583944,0.6120988469427928,0.02604219650190068,23.504117515514444,0.2836606332705576,0.10927167294163061,2.5959210254068315,0.049820225618054846,0.03322277470925477,1.4995805152956285,0.03663224852198816,0.047762608534505285,0.7669649888473703,0.03778833313251464,0.03171535477218174,1.1914838539236408
2000,10,shuffle_w,1058,0.529,240,0.9386047439716074,0.0,0.9386047439716074,0.9999999989345888,0.0,0.00229128784747792,0.3616148883187806,0.0030000000000000022,0.2785129174543163,0.00275,0.00992438563327032,0.7655954631379962,0.19187145557655955,0.04253308128544423,0.3336623889437315,0.33267522211253703,0.3336623889437315,0.2785129174543163,2.610917835101716,2.612725224701006,2.6102945299691007,0.9997612697250616,0.04152456454624108,0.0008060183424755554,0.3041696966459884,0.02510218561694025,12.117259480414287,0.5479479113750201,0.13333333333333333,4.10960933531265,0.008189197013223199,0.03207501495497921,0.2553138954016898,0.06838530570699745,0.0374333125028017,1.8268569125930052,0.10038891324341058,0.030570567361332714,3.28384200583689
2000,10,shuffle_h,1062,0.531,240,0.9386047439716074,0.0,0.9386047439716074,0.9999999989345888,0.0,0.00229128784747792,0.36025287367351205,0.0030000000000000022,0.2774639045825486,0.00275,0.15772128060263654,0.7627118644067796,0.19491525423728814,0.0423728813559322,0.3343166175024582,0.33235004916420846,0.3333333333333333,0.2774639045825486,2.6086567444361397,2.6112753937723094,2.60947089678932,1.0003120963901888,0.04225967990971746,0.0013905738076431678,0.3009885201356994,0.025054867600094295,12.013175441189183,0.5479479113750201,0.13333333333333333,4.10960933531265,0.008189197013223199,0.03207501495497921,0.2553138954016898,0.06838530570699745,0.0374333125028017,1.8268569125930052,0.10037680464834238,0.030512941358423317,3.2896469556722248
2000,11,qcd,1060,0.53,240,0.9386047439716074,0.0,0.9386047439716074,0.9999999989345888,0.0,0.0018027756377319948,0.3602279152750328,0.001166666666666668,0.2751572327044025,0.00025,0.15754716981132075,0.7632075471698113,0.19150943396226416,0.045283018867924525,0.3339920948616601,0.3339920948616601,0.33201581027667987,-0.2751572327044025,2.6157333110587433,2.616573295130555,2.614666837997428,0.9995922852468153,0.03667373179821421,0.0016136296065765244,0.29777964779759336,0.025078493128775955,11.87390511337822,0.5485144077921341,0.12909944487358055,4.2487743330675185,0.0059065806291023655,0.032094832698578324,0.18403525217204214,0.33344469811176203,0.08395292055067764,3.971805815980878,0.1003255687206459,0.030541713586747628,3.2848703277794544
2000,11,shuffle_b,1060,0.53,240,0.9386047439716074,0.0,0.9386047439716074,0.9999999989345888,0.0,0.0018027756377319948,0.3602279152750328,0.001166666666666668,0.2751572327044025,0.00025,0.15754716981132075,0.7632075471698113,0.19150943396226416,0.045283018867924525,0.3339920948616601,0.3339920948616601,0.33201581027667987,-0.2751572327044025,2.6157333110587433,2.616573295130555,2.614666837997428,0.9995922852468153,0.03667373179821421,0.0016136296065765244,0.29777964779759336,0.025078493128775955,11.87390511337822,0.5485144077921341,0.12909944487358055,4.2487743330675185,0.0059065806291023655,0.032094832698578324,0.18403525217204214,0.33344469811176203,0.08395292055067764,3.971805815980878,0.10032556872064591,0.030541713586747628,3.284870327779455
2000,11,shuffle_e,1042,0.521,240,0.9386047439716074,2.8269701973523946,2.8269701973523946,3.0118856872366546,0.0025,0.0018027756377319948,0.060643175731207595,0.0011666666666666678,0.4388995521433141,0.00025,0.016794625719769675,0.789827255278311,0.14395393474088292,0.06621880998080615,0.3432682425488181,0.3329907502569373,0.3237410071942446,-0.4388995521433141,7.956381546475975,7.9554047129070335,7.960330677038459,1.0004963475594295,0.020396234511260332,0.01381421387711955,0.6261808019372818,0.025294174537134735,24.755929513255193,0.2737558018114225,0.1076763804116331,2.542394170057434,0.016519249501444393,0.031820680234133605,0.5191356495177756,0.046992830903917385,0.04914731871829904,0.9561626580947238,0.0309849228146368,0.03080438007816141,1.0058609436715586
2000,11,shuffle_w,1055,0.5275,240,0.9386047439716074,0.0,0.9386047439716074,0.9999999989345888,0.0,0.0018027756377319948,0.36193515657965386,0.001166666666666668,0.27646129541864134,0.00025,0.006161137440758294,0.7668246445497631,0.1876777251184834,0.04549763033175355,0.3316782522343595,0.3356504468718967,0.3326713008937438,-0.27646129541864134,2.618658698048722,2.6171004918096883,2.6153906013515433,0.9987519959360822,0.03603774878338377,0.002923456096103216,0.3017624035656458,0.025137850591995053,12.004304125418727,0.5485144077921341,0.12909944487358055,4.2487743330675185,0.0059065806291023655,0.032094832698578324,0.18403525217204214,0.33344469811176203,0.08395292055067764,3.971805815980878,0.10038044977469679,0.030614001767363768,3.2789065126960284
2000,11,shuffle_h,1060,0.53,240,0.9386047439716074,0.0,0.9386047439716074,0.9999999989345888,0.0,0.0018027756377319948,0.3602279152750328,0.001166666666666668,0.27515723270440245,0.00025,0.15660377358490565,0.7632075471698113,0.19150943396226416,0.045283018867924525,0.3339920948616601,0.3339920948616601,0.33201581027667987,-0.27515723270440245,2.6157333110587433,2.616573295130555,2.614666837997428,0.9995922852468153,0.03667373179821421,0.0016136296065765244,0.29777964779759336,0.025078493128775955,11.87390511337822,0.5485144077921341,0.12909944487358055,4.2487743330675185,0.0059065806291023655,0.032094832698578324,0.18403525217204214,0.33344469811176203,0.08395292055067764,3.971805815980878,0.1003255687206459,0.030541713586747628,3.2848703277794544
2000,12,qcd,1061,0.5305,240,0.9386047439716074,0.0,0.9386047439716074,0.9999999989345888,0.0,0.0021794494717703367,0.35988839791850596,0.0011666666666666704,0.19227144203581528,0.00125,0.15975494816211122,0.7662582469368521,0.19038642789820923,0.043355325164938736,0.33399014778325126,0.3359605911330049,0.33004926108374383,-0.19227144203581528,2.6068001682884487,2.6070598961753197,2.606251238367891,0.999789423858708,0.04521923310376094,0.004256644136885302,0.3017799115510659,0.025066672014223933,12.039089647793002,0.5485847059334784,0.1318760946791574,4.159849495605214,0.0028846345386368036,0.032015781266470776,0.09010039500918879,0.19183929920642484,0.04829038818668629,3.9726187013612604,0.10028934873654498,0.030527317303323816,3.285232951852781
2000,12,shuffle_b,1061,0.5305,240,0.9386047439716074,0.0,0.9386047439716074,0.9999999989345888,0.0,0.0021794494717703367,0.35988839791850596,0.0011666666666666704,0.19227144203581528,0.00125,0.15975494816211122,0.7662582469368521,0.19038642789820923,0.043355325164938736,0.33399014778325126,0.3359605911330049,0.33004926108374383,-0.19227144203581528,2.6068001682884487,2.6070598961753197,2.606251238367891,0.999789423858708,0.04521923310376094,0.004256644136885302,0.3017799115510659,0.025066672014223933,12.039089647793002,0.5485847059334784,0.1318760946791574,4.159849495605214,0.0028846345386368036,0.032015781266470776,0.09010039500918879,0.19183929920642484,0.04829038818668629,3.9726187013612604,0.10028934873654498,0.030527317303323816,3.285232951852781
2000,12,shuffle_e,1037,0.5185,240,0.9386047439716074,2.8208254435833413,2.8208254435833413,3.0053389978000493,0.0065,0.0021794494717703367,0.44930593277825304,0.0011666666666666676,0.07650273224043717,0.00125,0.0028929604628736743,0.7782063645130183,0.15718418514946964,0.06460945033751206,0.33298969072164947,0.34123711340206186,0.32577319587628867,-0.07650273224043717,7.943350822023745,7.937833509040308,7.932980501510092,0.9986944652520068,0.023484684545206188,0.010942737682536537,0.2641228130636169,0.02535508041519128,10.416958208713469,0.2967110122934729,0.10927167294163061,2.7153516030816727,0.0029060816355783287,0.03213457863665412,0.09043472044358856,0.1668197485142098,0.04197646027533882,3.974126151180414,0.09450437017164041,0.030878553987805844,3.060517996048677
2000,12,shuffle_w,1059,0.5295,240,0.9386047439716074,0.0,0.9386047439716074,0.9999999989345888,0.0,0.0021794494717703367,0.36056807383525474,0.0011666666666666704,0.19263456090651557,0.00125,0.00424929178470255,0.7677053824362606,0.18885741265344666,0.04343720491029273,0.33464955577492594,0.33563672260612043,0.3297137216189536,-0.19263456090651557,2.607461980313288,2.607943091270875,2.607822317000911,1.0001381944167713,0.044680395585361014,0.004487720203022631,0.3033704980108117,0.02509033098316605,12.09113176762607,0.5485847059334784,0.1318760946791574,4.159849495605214,0.0028846345386368036,0.032015781266470776,0.09010039500918879,0.19183929920642484,0.04829038818668629,3.9726187013612604,0.10029062091456087,0.030556130256696946,3.282176770161539
2000,12,shuffle_h,1061,0.5305,240,0.9386047439716074,0.0,0.9386047439716074,0.9999999989345888,0.0,0.0021794494717703367,0.35988839791850596,0.0011666666666666704,0.19227144203581528,0.00125,0.1588124410933082,0.7662582469368521,0.19038642789820923,0.043355325164938736,0.33399014778325126,0.3359605911330049,0.33004926108374383,-0.19227144203581528,2.6068001682884487,2.6070598961753197,2.606251238367891,0.999789423858708,0.045219233103760886,0.004256644136885302,0.3017799115510659,0.025066672014223933,12.039089647793002,0.5485847059334784,0.1318760946791574,4.159849495605214,0.0028846345386368036,0.032015781266470776,0.09010039500918879,0.19183929920642484,0.04829038818668629,3.9726187013612604,0.10028934873654498,0.030527317303323816,3.285232951852781
2000,13,qcd,1063,0.5315,240,0.9386047439716074,0.0,0.9386047439716074,0.9999999989345888,0.0,0.001224744871391589,0.003519903468272758,0.004000000000000002,0.44810285355910945,0.0025,0.41439322671683915,0.7563499529633114,0.20037629350893696,0.043273753527751646,0.3392330383480826,0.33136676499508355,0.32940019665683384,-0.44810285355910945,2.6094406652631075,2.609351631811581,2.6100544375815677,1.0002352122148745,0.0424119574001384,0.0073582249494079524,0.6167660871552785,0.02504307984710117,24.6282043151602,0.5477225575051662,0.1318760946791574,4.153311931459038,0.003933181169363665,0.032194475386927324,0.1221694443563055,0.0062836411764553715,0.048350116580804,0.1299612414781665,0.10037554013054885,0.030498585704202042,3.2911539277285007
2000,13,shuffle_b,1063,0.5315,240,0.9386047439716074,0.0,0.9386047439716074,0.9999999989345888,0.0,0.001224744871391589,0.003519903468272758,0.004000000000000002,0.44810285355910945,0.0025,0.41439322671683915,0.7563499529633114,0.20037629350893696,0.043273753527751646,0.3392330383480826,0.33136676499508355,0.32940019665683384,-0.44810285355910945,2.6094406652631075,2.609351631811581,2.6100544375815677,1.0002352122148745,0.0424119574001384,0.0073582249494079524,0.6167660871552785,0.02504307984710117,24.6282043151602,0.5477225575051662,0.1318760946791574,4.153311931459038,0.003933181169363664,0.032194475386927324,0.12216944435630547,0.0062836411764553715,0.048350116580804,0.1299612414781665,0.10037554013054885,0.030498585704202042,3.2911539277285007
2000,13,shuffle_e,1061,0.5305,240,0.9386047439716074,2.8270618054893433,2.8270618054893433,3.0119832875710224,0.005,0.001224744871391589,0.06776881437228105,0.003999999999999999,0.43795161797046805,0.0025,0.00471253534401508,0.7860508953817154,0.14326107445805844,0.0706880301602262,0.32454361054766734,0.33772819472616633,0.33772819472616633,-0.43795161797046805,7.950164809539447,7.966257773285659,7.963218971300833,1.0016419988860763,0.020962837461902948,0.010765167902698219,0.6129489971891059,0.025066672014223933,24.45274733084997,0.1950498511777039,0.10327955589886445,1.888562063228706,0.029223159728906326,0.0316101350754534,0.924487024783369,0.055740604148562724,0.04853064035717453,1.1485651897095215,0.028718631759100294,0.030527317303323816,0.9407519001341598
2000,13,shuffle_w,1061,0.5305,240,0.9386047439716074,0.0,0.9386047439716074,0.9999999989345888,0.0,0.001224744871391589,0.0035265385360734604,0.004000000000000002,0.44894753377316987,0.0025,0.001885014137606032,0.7577756833176249,0.1988689915174364,0.043355325164938736,0.3389162561576355,0.33201970443349754,0.32906403940886697,-0.44894753377316987,2.6102490631180353,2.6112011267549695,2.6108886384428542,1.0002450246353332,0.04179192588950081,0.00714993138163459,0.6184201555657661,0.025066672014223933,24.671011581228147,0.5477225575051662,0.1318760946791574,4.153311931459038,0.003933181169363665,0.032194475386927324,0.1221694443563055,0.0062836411764553715,0.048350116580804,0.1299612414781665,0.10037788532089731,0.030527317303323816,3.2881331930850064
2000,13,shuffle_h,1063,0.5315,240,0.9386047439716074,0.0,0.9386047439716074,0.9999999989345888,0.0,0.001224744871391589,0.003519903468272758,0.004000000000000002,0.44810285355910945,0.0025,0.42003762935089367,0.7563499529633114,0.20037629350893696,0.043273753527751646,0.3392330383480826,0.33136676499508355,0.32940019665683384,-0.44810285355910945,2.6094406652631075,2.609351631811581,2.6100544375815677,1.0002352122148745,0.0424119574001384,0.0073582249494079524,0.6167660871552785,0.02504307984710117,24.6282043151602,0.5477225575051662,0.1318760946791574,4.153311931459038,0.003933181169363665,0.032194475386927324,0.1221694443563055,0.0062836411764553715,0.048350116580804,0.1299612414781665,0.10037554013054885,0.030498585704202042,3.2911539277285007
2000,14,qcd,1060,0.53,240,0.9386047439716074,0.0,0.9386047439716074,0.9999999989345888,0.0,0.0025495097567963926,0.3622309831514408,0.0014999999999999996,0.27798742138364774,0.00075,0.15943396226415094,0.7669811320754717,0.19150943396226416,0.04150943396226415,0.3316929133858268,0.33366141732283466,0.3346456692913386,-0.27798742138364774,2.6069030684186303,2.608207393310931,2.608338345977533,1.000550568057666,0.044951552973164284,0.0021262272632571683,0.30438334832319985,0.025078493128775955,12.137226378005128,0.5477225575051662,0.13483997249264842,4.06201920231798,0.004171174651368571,0.032015781266470776,0.13028495593005954,0.3336035525254389,0.08333333333333333,4.003242630305267,0.1003166972454786,0.030541713586747628,3.2845798570060287
2000,14,shuffle_b,1060,0.53,240,0.9386047439716074,0.0,0.9386047439716074,0.9999999989345888,0.0,0.0025495097567963926,0.3622309831514408,0.0014999999999999996,0.27798742138364774,0.00075,0.15943396226415094,0.7669811320754717,0.19150943396226416,0.04150943396226415,0.3316929133858268,0.33366141732283466,0.3346456692913386,-0.27798742138364774,2.6069030684186303,2.608207393310931,2.608338345977533,1.000550568057666,0.044951552973164284,0.0021262272632571683,0.30438334832319985,0.025078493128775955,12.137226378005128,0.5477225575051662,0.13483997249264842,4.06201920231798,0.004171174651368571,0.032015781266470776,0.13028495593005954,0.3336035525254389,0.08333333333333333,4.003242630305267,0.1003166972454786,0.030541713586747628,3.2845798570060287
2000,14,shuffle_e,1022,0.511,240,0.9386047439716074,2.8200942415245227,2.8200942415245227,3.0045599669430927,0.004,0.0025495097567963926,0.4548260545972354,0.0015,0.07925636007827788,0.00075,0.010763209393346379,0.7876712328767124,0.15166340508806261,0.060665362035225046,0.33229166666666665,0.32916666666666666,0.3385416666666667,-0.07925636007827788,7.934545970996669,7.931342599119429,7.925525284704984,0.9988631124799506,0.025331434321288523,0.00675077156084154,0.27162233926877544,0.025540472211939846,10.634977185026182,0.3073839806341057,0.11359236684941296,2.7060267266162197,0.007938008079785024,0.03217447260438935,0.2467175818975847,0.33340616495477887,0.06003956851906828,5.55310727872554,0.09516994768954357,0.0311043324318516,3.0597006991890043
2000,14,shuffle_w,1052,0.526,240,0.9386047439716074,0.0,0.9386047439716074,0.9999999989345888,0.0,0.0025495097567963926,0.36498559138833386,0.0014999999999999996,0.2801013941698352,0.00075,0.008555133079847909,0.7728136882129277,0.18536121673003803,0.04182509505703422,0.3323412698412698,0.3353174603174603,0.3323412698412698,-0.2801013941698352,2.6093719367662995,2.6097674362916163,2.6135256528442086,1.0015918451560633,0.04344185839839396,0.002430049347999176,0.31088833806142785,0.025173668017796202,12.349743304855268,0.5477225575051662,0.13483997249264842,4.06201920231798,0.004171174651368571,0.032015781266470776,0.13028495593005954,0.3336035525254389,0.08333333333333333,4.003242630305267,0.10046914087922347,0.030657621834750435,3.277134195886702
2000,14,shuffle_h,1060,0.53,240,0.9386047439716074,0.0,0.9386047439716074,0.9999999989345888,0.0,0.0025495097567963926,0.3622309831514408,0.0014999999999999996,0.27798742138364774,0.00075,0.15188679245283018,0.7669811320754717,0.19150943396226416,0.04150943396226415,0.3316929133858268,0.33366141732283466,0.3346456692913386,-0.27798742138364774,2.6069030684186303,2.608207393310931,2.608338345977533,1.000550568057666,0.044951552973164284,0.0021262272632571683,0.30438334832319985,0.025078493128775955,12.137226378005128,0.5477225575051662,0.13483997249264842,4.06201920231798,0.004171174651368571,0.032015781266470776,0.13028495593005954,0.3336035525254389,0.08333333333333333,4.003242630305267,0.1003166972454786,0.030541713586747628,3.2845798570060287
2000,15,qcd,1063,0.5315,240,0.9386047439716074,0.0,0.9386047439716074,0.9999999989345888,0.0,0.0027386127875258306,0.35854793838450216,0.0028333333333333322,0.27657572906867356,0.005,0.1632173095014111,0.7629350893697083,0.19379115710253997,0.043273753527751646,0.33235004916420846,0.33235004916420846,0.3352999016715831,-0.27657572906867356,2.610310548229724,2.609333841486535,2.6078327671428108,0.999050771530386,0.04252769962886314,0.0024085444865124548,0.29969815353892876,0.02504307984710117,11.967304156226612,0.5477225575051662,0.1318760946791574,4.153311931459038,0.00271083147518968,0.03205523387696149,0.08456751510828905,0.33371938502056453,0.083028640052319,4.019328569157309,0.10031380431462791,0.030498585704202042,3.289129708752588
2000,15,shuffle_b,1063,0.5315,240,0.9386047439716074,0.0,0.9386047439716074,0.9999999989345888,0.0,0.0027386127875258306,0.35854793838450216,0.0028333333333333322,0.27657572906867356,0.005,0.1632173095014111,0.7629350893697083,0.19379115710253997,0.043273753527751646,0.33235004916420846,0.33235004916420846,0.3352999016715831,-0.27657572906867356,2.610310548229724,2.609333841486535,2.6078327671428108,0.999050771530386,0.04252769962886314,0.0024085444865124548,0.29969815353892876,0.02504307984710117,11.967304156226612,0.5477225575051662,0.1318760946791574,4.153311931459038,0.00271083147518968,0.03205523387696149,0.08456751510828905,0.33371938502056453,0.083028640052319,4.019328569157309,0.10031380431462791,0.030498585704202042,3.289129708752588
2000,15,shuffle_e,1039,0.5195,240,0.9386047439716074,2.818114578695678,2.818114578695678,3.0024508120091866,0.0025,0.0027386127875258306,0.4506602998852973,0.002833333333333333,0.07378889958293229,0.005,0.018768046198267566,0.78055822906641,0.15784408084696824,0.061597690086621755,0.3384615384615385,0.3271794871794872,0.3343589743589744,-0.07378889958293229,7.9146071418113495,7.940403782947592,7.922758912360848,1.0010299652785588,0.02395260906572814,0.008075905511806989,0.24732263823110667,0.025330665310429108,9.763764006991137,0.3250600905986461,0.11180339887498948,2.907425837403252,0.0020755250592606,0.03205523387696149,0.0647483985681448,0.3334819809849946,0.05892556509887896,5.659376883792311,0.09483835584278005,0.030848820178321846,3.0742944234031055
2000,15,shuffle_w,1057,0.5285,240,0.9386047439716074,0.0,0.9386047439716074,0.9999999989345888,0.0,0.0027386127875258306,0.36058321523436687,0.0028333333333333322,0.2781456953642384,0.005,0.007568590350047304,0.7672658467360454,0.1892147587511826,0.043519394512771994,0.3303659742828882,0.3333333333333333,0.3363006923837784,-0.2781456953642384,2.6142864334537674,2.610160781437709,2.611097019001104,0.9987800057362306,0.041160582476337915,0.004196479413570002,0.30443688406325786,0.025114057069775524,12.122170592247484,0.5477225575051662,0.1318760946791574,4.153311931459038,0.00271083147518968,0.03205523387696149,0.08456751510828905,0.33371938502056453,0.083028640052319,4.019328569157309,0.10034467571129281,0.030585024948975307,3.280843349930132
2000,15,shuffle_h,1063,0.5315,240,0.9386047439716074,0.0,0.9386047439716074,0.9999999989345888,0.0,0.0027386127875258306,0.35854793838450216,0.0028333333333333322,0.27657572906867356,0.005,0.15851364063969897,0.7629350893697083,0.19379115710253997,0.043273753527751646,0.33235004916420846,0.33235004916420846,0.3352999016715831,-0.27657572906867356,2.610310548229724,2.609333841486535,2.6078327671428108,0.999050771530386,0.04252769962886314,0.0024085444865124548,0.29969815353892876,0.02504307984710117,11.967304156226612,0.5477225575051662,0.1318760946791574,4.153311931459038,0.00271083147518968,0.03205523387696149,0.08456751510828905,0.33371938502056453,0.083028640052319,4.019328569157309,0.10031380431462791,0.030498585704202042,3.289129708752588
2000,16,qcd,1061,0.5305,240,0.9386047439716074,0.0,0.9386047439716074,0.9999999989345888,0.0,0.002,0.25637578273782485,0.002833333333333334,0.36317939051209547,0.00325,0.2884071630537229,0.767200754005655,0.19038642789820923,0.04241281809613572,0.3346456692913386,0.33366141732283466,0.3316929133858268,0.36317939051209547,2.611479301581386,2.6094502565824373,2.6110991801952093,0.9998544421217711,0.04186383266896248,0.0021262272632571683,0.4549826985654095,0.025066672014223933,18.15090165568179,0.5479479113750201,0.13333333333333333,4.10960933531265,0.004485852231819536,0.03199610950961107,0.1401999274465561,0.08400091765598884,0.04170501611488267,2.01416820999651,0.10028934873654498,0.030527317303323816,3.285232951852781
2000,16,shuffle_b,1061,0.5305,240,0.9386047439716074,0.0,0.9386047439716074,0.9999999989345888,0.0,0.002,0.25637578273782485,0.002833333333333334,0.36317939051209547,0.00325,0.2884071630537229,0.767200754005655,0.19038642789820923,0.04241281809613572,0.3346456692913386,0.33366141732283466,0.3316929133858268,0.36317939051209547,2.611479301581386,2.6094502565824373,2.6110991801952093,0.9998544421217711,0.04186383266896248,0.0021262272632571683,0.4549826985654095,0.025066672014223933,18.15090165568179,0.5479479113750201,0.13333333333333333,4.10960933531265,0.004485852231819536,0.03199610950961107,0.1401999274465561,0.08400091765598884,0.04170501611488267,2.01416820999651,0.10028934873654498,0.030527317303323816,3.285232951852781
2000,16,shuffle_e,1037,0.5185,240,0.9386047439716074,2.8268137887394027,2.8268137887394027,3.011719047749874,0.004,0.002,0.06688656946522598,0.0028333333333333296,0.43876567020250723,0.00325,0.0028929604628736743,0.7878495660559306,0.14754098360655737,0.06460945033751206,0.3319587628865979,0.3247422680412371,0.34329896907216495,0.43876567020250723,7.934819888179553,7.96801520503521,7.945105944294777,1.001296318789863,0.02430454777337093,0.013229124780013849,0.6220370806630533,0.02535508041519128,24.533035213343876,0.28910567194754033,0.10927167294163061,2.6457513110645907,0.022926004238410933,0.031937311096353733,0.7178439089391087,0.04787410126091322,0.0468655782951685,1.0215194819403026,0.030679967285785308,0.030878553987805844,0.9935687823303203
2000,16,shuffle_w,1056,0.528,240,0.9386047439716074,0.0,0.9386047439716074,0.9999999989345888,0.0,0.002,0.2575896832242729,0.002833333333333334,0.36489898989898983,0.00325,0.015151515151515152,0.7708333333333334,0.1865530303030303,0.04261363636363636,0.334322453016815,0.3333333333333333,0.3323442136498516,0.36489898989898983,2.6149885218046918,2.611104884607348,2.6125523161696087,0.9990683685168141,0.04072147489649425,0.001398826471190001,0.45886325175963594,0.025125945381480302,18.262526834029195,0.5479479113750201,0.13333333333333333,4.10960933531265,0.004485852231819536,0.03199610950961107,0.1401999274465561,0.08400091765598884,0.04170501611488267,2.01416820999651,0.10032687883113146,0.03059950306810523,3.278709415895879
2000,16,shuffle_h,1061,0.5305,240,0.9386047439716074,0.0,0.9386047439716074,0.9999999989345888,0.0,0.002,0.25637578273782485,0.002833333333333334,0.36317939051209547,0.00325,0.294062205466541,0.767200754005655,0.19038642789820923,0.04241281809613572,0.3346456692913386,0.33366141732283466,0.3316929133858268,0.36317939051209547,2.611479301581386,2.6094502565824373,2.6110991801952093,0.9998544421217711,0.04186383266896248,0.0021262272632571683,0.4549826985654095,0.025066672014223933,18.15090165568179,0.5479479113750201,0.13333333333333333,4.10960933531265,0.004485852231819536,0.03199610950961107,0.1401999274465561,0.08400091765598884,0.04170501611488267,2.01416820999651,0.10028934873654498,0.030527317303323816,3.285232951852781
2000,17,qcd,1060,0.53,240,0.9386047439716074,0.0,0.9386047439716074,0.9999999989345888,0.0,0.00291547594742265,0.4444567806127843,0.0008333333333333312,0.10566037735849056,0.00075,0.03207547169811321,0.769811320754717,0.18867924528301888,0.04150943396226415,0.33562992125984253,0.33267716535433073,0.3316929133858268,-0.10566037735849056,2.6066533391882003,2.6082925420113097,2.608162078857752,1.0005788033440695,0.045129513001893204,0.0028975593393464013,0.2076000504388416,0.025078493128775955,8.27801133715781,0.5477225575051662,0.13483997249264842,4.06201920231798,0.00346620971169877,0.0319568745353071,0.10846522890932832,0.33344401012494523,0.05881754380712832,5.669125035522716,0.10030782498569585,0.030541713586747628,3.284289360542641
2000,17,shuffle_b,1060,0.53,240,0.9386047439716074,0.0,0.9386047439716074,0.9999999989345888,0.0,0.00291547594742265,0.4444567806127843,0.0008333333333333312,0.10566037735849056,0.00075,0.03207547169811321,0.769811320754717,0.18867924528301888,0.04150943396226415,0.33562992125984253,0.33267716535433073,0.3316929133858268,-0.10566037735849056,2.6066533391882003,2.6082925420113097,2.608162078857752,1.0005788033440695,0.045129513001893204,0.0028975593393464013,0.2076000504388416,0.025078493128775955,8.27801133715781,0.5477225575051662,0.13483997249264842,4.06201920231798,0.00346620971169877,0.0319568745353071,0.10846522890932832,0.33344401012494523,0.05881754380712832,5.669125035522716,0.10030782498569583,0.030541713586747628,3.2842893605426404
2000,17,shuffle_e,1013,0.5065,240,0.9386047439716074,2.8158963343659247,2.8158963343659247,3.000087469674048,0.0055,0.00291547594742265,0.465078171223644,0.0008333333333333304,0.059559065482066464,0.00075,0.0019743336623889436,0.805528134254689,0.140177690029615,0.054294175715695954,0.33194154488517746,0.3288100208768267,0.33924843423799583,0.059559065482066464,7.916037987657324,7.9095495064216825,7.919520564977636,1.0004399394401267,0.026332384344092147,0.007575344835447908,0.24083768727702778,0.025653678504189502,9.388037167367502,0.4,0.12060453783110545,3.3166247903554003,0.00346620971169877,0.0319568745353071,0.10846522890932832,0.33344401012494523,0.05881754380712832,5.669125035522716,0.09778938226406214,0.03124220013133229,3.130041477648393
2000,17,shuffle_w,1058,0.529,240,0.9386047439716074,0.0,0.9386047439716074,0.9999999989345888,0.0,0.00291547594742265,0.445296963562903,0.0008333333333333312,0.10586011342155008,0.00075,0.0,0.7712665406427222,0.18714555765595464,0.04158790170132325,0.33629191321499013,0.33136094674556216,0.3323471400394477,-0.10586011342155008,2.6079719299308657,2.610760384859466,2.6094963054935154,1.0005845061233807,0.04415582188176664,0.0036899974228539745,0.20949893577565665,0.02510218561694025,8.345844420586069,0.5477225575051662,0.13483997249264842,4.06201920231798,0.00346620971169877,0.0319568745353071,0.10846522890932832,0.33344401012494523,0.05881754380712832,5.669125035522716,0.10032660065977352,0.030570567361332714,3.28180368633498
2000,17,shuffle_h,1060,0.53,240,0.9386047439716074,0.0,0.9386047439716074,0.9999999989345888,0.0,0.00291547594742265,0.4444567806127843,0.0008333333333333312,0.10566037735849058,0.00075,0.02358490566037736,0.769811320754717,0.18867924528301888,0.04150943396226415,0.33562992125984253,0.33267716535433073,0.3316929133858268,-0.10566037735849058,2.6066533391882003,2.6082925420113097,2.608162078857752,1.0005788033440695,0.04512951300189314,0.0028975593393464013,0.2076000504388416,0.025078493128775955,8.27801133715781,0.5477225575051662,0.13483997249264842,4.06201920231798,0.00346620971169877,0.0319568745353071,0.10846522890932832,0.33344401012494523,0.05881754380712832,5.669125035522716,0.10030782498569585,0.030541713586747628,3.284289360542641
2000,18,qcd,1061,0.5305,240,0.9386047439716074,0.0,0.9386047439716074,0.9999999989345888,0.0,0.0032787192621510004,0.44349239227152076,0.0016666666666666661,0.19070059692114355,0.00125,0.03204524033930255,0.7681432610744581,0.18944392082940623,0.04241281809613572,0.32677165354330706,0.33661417322834647,0.33661417322834647,-0.19070059692114355,2.607566509312914,2.6068808148658915,2.6089196537897963,1.0005189299954764,0.045141134093423456,0.008036383670548515,0.206365289296094,0.025066672014223933,8.232656061362803,0.5479479113750201,0.13333333333333333,4.10960933531265,0.005600435148314572,0.03197647396955397,0.17514236102601438,0.0,0.97182531580755,0.0,0.10036018425250243,0.030527317303323816,3.2875533495232876
2000,18,shuffle_b,1061,0.5305,240,0.9386047439716074,0.0,0.9386047439716074,0.9999999989345888,0.0,0.0032787192621510004,0.44349239227152076,0.0016666666666666661,0.19070059692114355,0.00125,0.03204524033930255,0.7681432610744581,0.18944392082940623,0.04241281809613572,0.32677165354330706,0.33661417322834647,0.33661417322834647,-0.19070059692114355,2.607566509312914,2.6068808148658915,2.6089196537897963,1.0005189299954764,0.045141134093423456,0.008036383670548515,0.206365289296094,0.025066672014223933,8.232656061362803,0.5479479113750201,0.13333333333333333,4.10960933531265,0.005600435148314572,0.03197647396955397,0.17514236102601438,0.0,0.97182531580755,0.0,0.10036018425250243,0.030527317303323816,3.2875533495232876
2000,18,shuffle_e,1009,0.5045,240,0.9386047439716074,2.8266695932393375,2.8266695932393375,3.0115654202502924,0.0055,0.0032787192621510004,0.1573447238874976,0.0016666666666666661,0.41493227618103734,0.00125,0.01684836471754212,0.7918731417244796,0.14172447968285432,0.06640237859266601,0.346072186836518,0.3354564755838641,0.3184713375796178,-0.41493227618103734,7.953402692981333,7.944342562822533,7.948139432629218,0.9993382379146023,0.024175384147721843,0.019689211243090664,0.5696019243059367,0.025704477917313392,22.159637948618993,0.25730581420310383,0.10927167294163061,2.3547348299549533,0.02067292529296179,0.032295051937428716,0.6401267083581516,0.0749698962932128,0.05648619911704708,1.3272250118628974,0.04098195011317757,0.03130406593475349,1.3091574173973286
2000,18,shuffle_w,1060,0.53,240,0.9386047439716074,0.0,0.9386047439716074,0.9999999989345888,0.0,0.0032787192621510004,0.44391078132083356,0.0016666666666666661,0.19088050314465407,0.00125,0.0037735849056603774,0.7688679245283019,0.18867924528301888,0.04245283018867924,0.3270935960591133,0.3369458128078818,0.3359605911330049,-0.19088050314465407,2.6082432043357318,2.6088565913853548,2.609806207505734,1.0005992551489846,0.04444389761747561,0.007673774348471529,0.20731261760743766,0.025078493128775955,8.266550009320927,0.5479479113750201,0.13333333333333333,4.10960933531265,0.005600435148314572,0.03197647396955397,0.17514236102601438,0.0,0.97182531580755,0.0,0.10036991433453146,0.030541713586747628,3.2863222965355496
2000,18,shuffle_h,1061,0.5305,240,0.9386047439716074,0.0,0.9386047439716074,0.9999999989345888,0.0,0.0032787192621510004,0.44349239227152076,0.0016666666666666661,0.19070059692114355,0.00125,0.03770028275212064,0.7681432610744581,0.18944392082940623,0.04241281809613572,0.32677165354330706,0.33661417322834647,0.33661417322834647,-0.19070059692114355,2.607566509312914,2.6068808148658915,2.6089196537897963,1.0005189299954764,0.045141134093423456,0.008036383670548515,0.206365289296094,0.025066672014223933,8.232656061362803,0.5479479113750201,0.13333333333333333,4.10960933531265,0.005600435148314572,0.03197647396955397,0.17514236102601438,0.0,0.97182531580755,0.0,0.10036018425250243,0.030527317303323816,3.2875533495232876
2000,19,qcd,1060,0.53,240,0.9386047439716074,0.0,0.9386047439716074,0.9999999989345888,0.0,0.00229128784747792,0.44227678840853696,0.00016666666666666785,0.19182389937106917,0.00125,0.031132075471698113,0.7660377358490567,0.19245283018867926,0.04150943396226415,0.3346456692913386,0.3316929133858268,0.33366141732283466,-0.19182389937106917,2.6066092970052797,2.6072139687173466,2.6054377179999024,0.9995505352464126,0.04573014397628669,0.0021262272632571683,0.20339470950765146,0.025078493128775955,8.11032419145906,0.5477225575051662,0.13483997249264842,4.06201920231798,0.004145937987833361,0.03203548935160373,0.1294170331637469,0.0,0.97182531580755,0.0,0.1003166972454786,0.030541713586747628,3.2845798570060287
2000,19,shuffle_b,1060,0.53,240,0.9386047439716074,0.0,0.9386047439716074,0.9999999989345888,0.0,0.00229128784747792,0.44227678840853696,0.00016666666666666785,0.19182389937106917,0.00125,0.031132075471698113,0.7660377358490567,0.19245283018867926,0.04150943396226415,0.3346456692913386,0.3316929133858268,0.33366141732283466,-0.19182389937106917,2.6066092970052797,2.6072139687173466,2.6054377179999024,0.9995505352464126,0.04573014397628669,0.0021262272632571683,0.20339470950765146,0.025078493128775955,8.11032419145906,0.5477225575051662,0.13483997249264842,4.06201920231798,0.00414593798783336,0.03203548935160373,0.12941703316374686,0.0,0.97182531580755,0.0,0.1003166972454786,0.030541713586747628,3.2845798570060287
2000,19,shuffle_e,1003,0.5015,240,0.9386047439716074,2.820084256662128,2.820084256662128,3.0045493289589484,0.0045,0.00229128784747792,0.4617626366239643,0.00016666666666666875,0.09737454303755401,0.00125,0.004985044865403789,0.7996011964107677,0.14755732801595214,0.05284147557328016,0.3368421052631579,0.31894736842105265,0.34421052631578947,-0.09737454303755401,7.941489725562344,7.9476668261804555,7.926240751738403,0.9980798345964161,0.022998475249773477,0.018373371875910222,0.2622506345391971,0.025781246066094343,10.172147376696833,0.41646429166253274,0.12285902336679023,3.3897737443280564,0.01067766631642988,0.032234593128829994,0.33124867665477004,0.0,0.97182531580755,0.0,0.09760268769584736,0.03139755762903564,3.1086076455063796
2000,19,shuffle_w,1058,0.529,240,0.9386047439716074,0.0,0.9386047439716074,0.9999999989345888,0.0,0.00229128784747792,0.4431128503904056,0.00016666666666666785,0.1921865154379332,0.00125,0.007088846880907372,0.7674858223062382,0.19092627599243855,0.04158790170132325,0.3343195266272189,0.3323471400394477,0.3333333333333333,-0.1921865154379332,2.609491358572768,2.6078819050895463,2.60832497126893,0.9995530212046856,0.0444877331053583,0.0013946879313344203,0.20528174908012775,0.02510218561694025,8.177843643287899,0.5477225575051662,0.13483997249264842,4.06201920231798,0.004145937987833361,0.03203548935160373,0.1294170331637469,0.0,0.97182531580755,0.0,0.1003266006597735,0.030570567361332714,3.2818036863349795
2000,19,shuffle_h,1060,0.53,240,0.9386047439716074,0.0,0.9386047439716074,0.9999999989345888,0.0,0.00229128784747792,0.44227678840853696,0.00016666666666666785,0.19182389937106917,0.00125,0.03207547169811321,0.7660377358490567,0.19245283018867926,0.04150943396226415,0.3346456692913386,0.3316929133858268,0.33366141732283466,-0.19182389937106917,2.6066092970052797,2.6072139687173466,2.6054377179999024,0.9995505352464126,0.04573014397628669,0.0021262272632571683,0.20339470950765146,0.025078493128775955,8.11032419145906,0.5477225575051662,0.13483997249264842,4.06201920231798,0.004145937987833361,0.03203548935160373,0.1294170331637469,0.0,0.97182531580755,0.0,0.1003166972454786,0.030541713586747628,3.2845798570060287
2000,20,qcd,1063,0.5315,240,0.9386047439716074,0.0,0.9386047439716074,0.9999999989345888,0.0,0.0015811388300841897,0.3578784220140774,0.0018333333333333361,0.2756349952963311,0.00125,0.1589840075258702,0.7648165569143932,0.19285042333019756,0.04233301975540922,0.33398821218074654,0.33398821218074654,0.3320235756385069,-0.2756349952963311,2.611491672795798,2.6086356023707755,2.608378900462777,0.9988080481490914,0.04237387423821324,0.0016041190195043536,0.3001997275897965,0.02504307984710117,11.987332605360269,0.5479479113750201,0.13333333333333333,4.10960933531265,0.004519353768972664,0.032015781266470776,0.1411601900749383,0.3334908260580826,0.08272726468378604,4.031208179465463,0.10032262604285394,0.030498585704202042,3.289418959156249
2000,20,shuffle_b,1063,0.5315,240,0.9386047439716074,0.0,0.9386047439716074,0.9999999989345888,0.0,0.0015811388300841897,0.3578784220140774,0.0018333333333333361,0.2756349952963311,0.00125,0.1589840075258702,0.7648165569143932,0.19285042333019756,0.04233301975540922,0.33398821218074654,0.33398821218074654,0.3320235756385069,-0.2756349952963311,2.611491672795798,2.6086356023707755,2.608378900462777,0.9988080481490914,0.04237387423821324,0.0016041190195043536,0.3001997275897965,0.02504307984710117,11.987332605360269,0.5479479113750201,0.13333333333333333,4.10960933531265,0.0045193537689726644,0.032015781266470776,0.14116019007493832,0.3334908260580826,0.08272726468378604,4.031208179465463,0.10032262604285394,0.030498585704202042,3.289418959156249
2000,20,shuffle_e,1016,0.508,240,0.9386047439716074,2.8267353437097746,2.8267353437097746,3.0116354715373643,0.005,0.0015811388300841897,0.1592725281882487,0.0018333333333333326,0.3973097112860892,0.00125,0.0014763779527559055,0.797244094488189,0.1486220472440945,0.054133858267716536,0.34755463059313213,0.3225806451612903,0.3298647242455775,0.3973097112860892,7.928996089962829,7.9543182991208745,7.956383695252306,1.003454107553937,0.024388190836955863,0.018163062728527284,0.5482863618303873,0.025615775978927998,21.40424566022976,0.409797369803078,0.12060453783110545,3.3978602892783196,0.011581273481045496,0.03207501495497921,0.3610683735393757,0.07161646003314938,0.04566033643411883,1.5684610676594868,0.0437036467099464,0.031196040736315725,1.400935685375946
2000,20,shuffle_w,1057,0.5285,240,0.9386047439716074,0.0,0.9386047439716074,0.9999999989345888,0.0,0.0015811388300841897,0.3599098983925868,0.0018333333333333361,0.2771996215704825,0.00125,0.01892147587511826,0.7691579943235572,0.18826868495742669,0.04257332071901608,0.33300395256917,0.3339920948616601,0.33300395256917,-0.2771996215704825,2.6152276072215743,2.6102798935887463,2.6098187227111187,0.9979317729380343,0.041268093836837966,0.0008068148032882621,0.3049715013325046,0.025114057069775524,12.143458163099194,0.5479479113750201,0.13333333333333333,4.10960933531265,0.004519353768972664,0.032015781266470776,0.1411601900749383,0.3334908260580826,0.08272726468378604,4.031208179465463,0.1003981803175899,0.030585024948975307,3.2825927225850946
2000,20,shuffle_h,1063,0.5315,240,0.9386047439716074,0.0,0.9386047439716074,0.9999999989345888,0.0,0.0015811388300841897,0.3578784220140774,0.0018333333333333361,0.2756349952963311,0.00125,0.15804327375352775,0.7648165569143932,0.19285042333019756,0.04233301975540922,0.33398821218074654,0.33398821218074654,0.3320235756385069,-0.2756349952963311,2.611491672795798,2.6086356023707755,2.608378900462777,0.9988080481490914,0.04237387423821324,0.0016041190195043536,0.3001997275897965,0.02504307984710117,11.987332605360269,0.5479479113750201,0.13333333333333333,4.10960933531265,0.004519353768972664,0.032015781266470776,0.1411601900749383,0.3334908260580826,0.08272726468378604,4.031208179465463,0.10032262604285394,0.030498585704202042,3.289418959156249
2000,21,qcd,1064,0.532,240,0.9386047439716074,0.0,0.9386047439716074,0.9999999989345888,0.0,0.00229128784747792,0.2556563738081047,0.0018333333333333322,0.35870927318295737,0.002,0.2866541353383459,0.7650375939849624,0.18984962406015038,0.045112781954887216,0.33366141732283466,0.33070866141732286,0.33562992125984253,-0.35870927318295737,2.6123868053693986,2.6129114679796213,2.613507860902418,1.0004291307591644,0.03926747426933195,0.0035029784291441247,0.4492861321362719,0.025031308716087945,17.94896692107472,0.5477225575051662,0.12909944487358055,4.2426406871192865,0.0022429261159097593,0.03199610950961107,0.07009996372327779,0.1669180569972813,0.05881754380712832,2.837895739826046,0.1003212773948319,0.030484250292973306,3.2909215883835006
2000,21,shuffle_b,1064,0.532,240,0.9386047439716074,0.0,0.9386047439716074,0.9999999989345888,0.0,0.00229128784747792,0.2556563738081047,0.0018333333333333322,0.35870927318295737,0.002,0.2866541353383459,0.7650375939849624,0.18984962406015038,0.045112781954887216,0.33366141732283466,0.33070866141732286,0.33562992125984253,-0.35870927318295737,2.6123868053693986,2.6129114679796213,2.613507860902418,1.0004291307591644,0.03926747426933195,0.0035029784291441247,0.4492861321362719,0.025031308716087945,17.94896692107472,0.5477225575051662,0.12909944487358055,4.2426406871192865,0.0022429261159097593,0.03199610950961107,0.07009996372327779,0.1669180569972813,0.05881754380712832,2.837895739826046,0.10032127739483192,0.030484250292973306,3.290921588383501
2000,21,shuffle_e,1051,0.5255,240,0.9386047439716074,2.825744589365528,2.825744589365528,3.0105799107706477,0.006,0.00229128784747792,0.3121199881469089,0.001833333333333337,0.24579765302886145,0.002,0.017126546146527116,0.7735490009514748,0.15509039010466222,0.071360608943863,0.33299180327868855,0.32479508196721313,0.3422131147540984,-0.24579765302886145,7.947683710893336,7.950795156442194,7.946337690021409,0.9998306398542154,0.021444070727853697,0.012323509940347487,0.34600818080653717,0.02518564122561601,13.738311353955778,0.22627416997969524,0.10327955589886445,2.1908902300206647,0.012392030553265605,0.032015781266470776,0.3870600704735395,0.15314703054418807,0.04692016838740246,3.2639914946534234,0.06823973455941122,0.03067220334417644,2.224807060441177
2000,21,shuffle_w,1062,0.531,240,0.9386047439716074,0.0,0.9386047439716074,0.9999999989345888,0.0,0.00229128784747792,0.25613783590567174,0.0018333333333333322,0.3593848085373509,0.002,0.008945386064030132,0.7664783427495292,0.18832391713747645,0.04519774011299435,0.3333333333333333,0.33136094674556216,0.33530571992110453,-0.3593848085373509,2.6137278914133173,2.6129113594826783,2.6154117124153764,1.0006442219970912,0.03868313519928432,0.0027893758626688016,0.45080670733558403,0.025054867600094295,17.99277946828533,0.5477225575051662,0.12909944487358055,4.2426406871192865,0.0022429261159097593,0.03199610950961107,0.07009996372327779,0.1669180569972813,0.05881754380712832,2.837895739826046,0.10034146566528858,0.030512941358423317,3.288488791906933
2000,21,shuffle_h,1064,0.532,240,0.9386047439716074,0.0,0.9386047439716074,0.9999999989345888,0.0,0.00229128784747792,0.2556563738081047,0.0018333333333333322,0.35870927318295737,0.002,0.28853383458646614,0.7650375939849624,0.18984962406015038,0.045112781954887216,0.33366141732283466,0.33070866141732286,0.33562992125984253,-0.35870927318295737,2.6123868053693986,2.6129114679796213,2.613507860902418,1.0004291307591644,0.03926747426933195,0.0035029784291441247,0.4492861321362719,0.025031308716087945,17.94896692107472,0.5477225575051662,0.12909944487358055,4.2426406871192865,0.0022429261159097593,0.03199610950961107,0.07009996372327779,0.1669180569972813,0.05881754380712832,2.837895739826046,0.1003212773948319,0.030484250292973306,3.2909215883835006
2000,22,qcd,1062,0.531,240,0.9386047439716074,0.0,0.9386047439716074,0.9999999989345888,0.0,0.002345207879911715,0.44253916681914246,0.002666666666666666,0.1927181418706842,0.0015,0.03295668549905838,0.7664783427495292,0.1902071563088512,0.04331450094161959,0.33267716535433073,0.33070866141732286,0.33661417322834647,0.1927181418706842,2.609665447255426,2.6113262758100695,2.612067727077041,1.0009205317195509,0.041908928530871824,0.004252454526514337,0.20600605152955898,0.025054867600094295,8.222196773004846,0.5477225575051662,0.1318760946791574,4.153311931459038,0.0048105405915113645,0.03199610950961107,0.1503476724276857,0.0056445736085545505,0.034062459691736297,0.16571244882600034,0.10032379150571258,0.030512941358423317,3.2879095570384096
2000,22,shuffle_b,1062,0.531,240,0.9386047439716074,0.0,0.9386047439716074,0.9999999989345888,0.0,0.002345207879911715,0.44253916681914246,0.002666666666666666,0.1927181418706842,0.0015,0.03295668549905838,0.7664783427495292,0.1902071563088512,0.04331450094161959,0.33267716535433073,0.33070866141732286,0.33661417322834647,0.1927181418706842,2.609665447255426,2.6113262758100695,2.612067727077041,1.0009205317195509,0.041908928530871824,0.004252454526514337,0.20600605152955898,0.025054867600094295,8.222196773004846,0.5477225575051662,0.1318760946791574,4.153311931459038,0.0048105405915113645,0.03199610950961107,0.1503476724276857,0.005644573608554551,0.034062459691736297,0.16571244882600036,0.10032379150571258,0.030512941358423317,3.2879095570384096
2000,22,shuffle_e,1029,0.5145,240,0.9386047439716074,2.8124624172139114,2.8124624172139114,2.996428935908467,0.006,0.002345207879911715,0.4567313849970158,0.0026666666666666666,0.05053449951409135,0.0015,0.003401360544217687,0.7910592808551993,0.15257531584062195,0.056365403304178816,0.33264675592173015,0.3274974253347065,0.33985581874356335,-0.05053449951409135,7.914978058465011,7.9117329305858615,7.924559824345081,1.0012105865372327,0.021475840942451994,0.008779067526635384,0.25043488540085934,0.025453451610707084,9.838936158093114,0.39662667957270653,0.11744404390294069,3.377154484739054,0.0048105405915113645,0.03199610950961107,0.1503476724276857,0.0056445736085545505,0.034062459691736297,0.16571244882600034,0.09652797653414814,0.030998354841198516,3.1139709519634624
2000,22,shuffle_w,1060,0.53,240,0.9386047439716074,0.0,0.9386047439716074,0.9999999989345888,0.0,0.002345207879911715,0.4433741463791786,0.002666666666666666,0.1930817610062893,0.0015,0.010849056603773584,0.7679245283018868,0.18867924528301888,0.04339622641509434,0.3323471400394477,0.33136094674556216,0.33629191321499013,0.1930817610062893,2.6111100339377895,2.611324372795459,2.613502680367917,1.000916333053387,0.04140641805467725,0.003689997422853975,0.20789564798458754,0.025078493128775955,8.289798231379407,0.5477225575051662,0.1318760946791574,4.153311931459038,0.0048105405915113645,0.03199610950961107,0.1503476724276857,0.0056445736085545505,0.034062459691736297,0.16571244882600034,0.10033443941140585,0.030541713586747628,3.2851607728697325
2000,22,shuffle_h,1062,0.531,240,0.9386047439716074,0.0,0.9386047439716074,0.9999999989345888,0.0,0.002345207879911715,0.44253916681914246,0.002666666666666666,0.19271814187068423,0.0015,0.03295668549905838,0.7664783427495292,0.1902071563088512,0.04331450094161959,0.33267716535433073,0.33070866141732286,0.33661417322834647,0.19271814187068423,2.609665447255426,2.6113262758100695,2.612067727077041,1.0009205317195509,0.041908928530871824,0.004252454526514337,0.20600605152955898,0.025054867600094295,8.222196773004846,0.5477225575051662,0.1318760946791574,4.153311931459038,0.0048105405915113645,0.03199610950961107,0.1503476724276857,0.0056445736085545505,0.034062459691736297,0.16571244882600034,0.10032379150571258,0.030512941358423317,3.2879095570384096
2000,23,qcd,1059,0.5295,240,0.9386047439716074,0.0,0.9386047439716074,0.9999999989345888,0.0,0.002692582403567252,0.444908543481666,1.7763568394002505e-18,0.10450110166824048,0.0005,0.030689329556185082,0.7705382436260623,0.18791312559017942,0.04154863078375826,0.3359605911330049,0.3310344827586207,0.3330049261083744,0.10450110166824048,2.607670298013919,2.6080235029586514,2.6082911732485123,1.0002380957573762,0.045000136757037304,0.003506429639419143,0.2082618642241715,0.02509033098316605,8.30048293758665,0.5477225575051662,0.13483997249264842,4.06201920231798,0.005748058529195382,0.0319568745353071,0.17986923354612547,0.1668061760943678,0.04174347164736364,3.9959823539234223,0.10028172957878442,0.030556130256696946,3.281885786463612
2000,23,shuffle_b,1059,0.5295,240,0.9386047439716074,0.0,0.9386047439716074,0.9999999989345888,0.0,0.002692582403567252,0.444908543481666,1.7763568394002505e-18,0.10450110166824048,0.0005,0.030689329556185082,0.7705382436260623,0.18791312559017942,0.04154863078375826,0.3359605911330049,0.3310344827586207,0.3330049261083744,0.10450110166824048,2.607670298013919,2.6080235029586514,2.6082911732485123,1.0002380957573762,0.045000136757037304,0.003506429639419143,0.2082618642241715,0.02509033098316605,8.30048293758665,0.5477225575051662,0.13483997249264842,4.06201920231798,0.005748058529195382,0.0319568745353071,0.17986923354612547,0.1668061760943678,0.04174347164736364,3.9959823539234223,0.10028172957878442,0.030556130256696946,3.281885786463612
2000,23,shuffle_e,1030,0.515,240,0.9386047439716074,2.8250930176301803,2.8250930176301803,3.009885718951526,0.0055,0.002692582403567252,0.3741506232108806,8.881784197001253e-19,0.18640776699029127,0.0005,0.0048543689320388345,0.7941747572815534,0.14757281553398058,0.05825242718446602,0.33298969072164947,0.32989690721649484,0.3371134020618557,-0.18640776699029127,7.9444133614895875,7.9530420546166365,7.944930051758284,1.0000650381903844,0.023807684452146965,0.005120159596478146,0.3435228968283832,0.025441092565739218,13.502678626742451,0.33082388735465346,0.11547005383792516,2.8650189062785136,0.006391355803324417,0.031917783542650145,0.20024434951079753,0.20341120343496255,0.04902210241619518,4.149377391202272,0.07951554275211734,0.030983303441990594,2.5663997675713524
2000,23,shuffle_w,1055,0.5275,240,0.9386047439716074,0.0,0.9386047439716074,0.9999999989345888,0.0,0.002692582403567252,0.44659540051856333,1.7763568394002505e-18,0.10489731437598736,0.0005,0.005213270142180095,0.7734597156398104,0.1848341232227488,0.04170616113744076,0.3363006923837784,0.3303659742828882,0.3333333333333333,0.10489731437598736,2.60855765922966,2.6098331226366467,2.6105271130650363,1.000754997240873,0.04418393134420606,0.004196479413570002,0.2120781150871457,0.025137850591995053,8.43660496393754,0.5477225575051662,0.13483997249264842,4.06201920231798,0.005748058529195382,0.0319568745353071,0.17986923354612547,0.1668061760943678,0.04174347164736364,3.9959823539234223,0.10030882044127026,0.030614001767363768,3.276566755418596
2000,23,shuffle_h,1059,0.5295,240,0.9386047439716074,0.0,0.9386047439716074,0.9999999989345888,0.0,0.002692582403567252,0.444908543481666,1.7763568394002505e-18,0.10450110166824048,0.0005,0.02785646836638338,0.7705382436260623,0.18791312559017942,0.04154863078375826,0.3359605911330049,0.3310344827586207,0.3330049261083744,0.10450110166824048,2.607670298013919,2.6080235029586514,2.6082911732485123,1.0002380957573762,0.045000136757037304,0.003506429639419143,0.2082618642241715,0.02509033098316605,8.30048293758665,0.5477225575051662,0.13483997249264842,4.06201920231798,0.005748058529195382,0.0319568745353071,0.17986923354612547,0.1668061760943678,0.04174347164736364,3.9959823539234223,0.10028172957878442,0.030556130256696946,3.281885786463612
2000,24,qcd,1062,0.531,240,0.9386047439716074,0.0,0.9386047439716074,0.9999999989345888,0.0,0.00455521678957215,0.4452526645341233,0.0004999999999999956,0.10797237915881983,0.0005,0.03389830508474576,0.7711864406779662,0.1873822975517891,0.04143126177024482,0.3300589390962672,0.33398821218074654,0.33595284872298625,-0.10797237915881983,2.6080324904081054,2.608570581674127,2.607810890647119,0.9999150318250246,0.04494133839386407,0.004244099998957323,0.2095267561664785,0.025054867600094295,8.362716559144378,0.5477225575051662,0.13483997249264842,4.06201920231798,0.0066317341216118545,0.03189829176462303,0.2079024848900158,0.3334728719431403,0.05903418374423842,5.648809736878701,0.10038563745028363,0.030512941358423317,3.2899364329087026
2000,24,shuffle_b,1062,0.531,240,0.9386047439716074,0.0,0.9386047439716074,0.9999999989345888,0.0,0.00455521678957215,0.4452526645341233,0.0004999999999999956,0.10797237915881983,0.0005,0.03389830508474576,0.7711864406779662,0.1873822975517891,0.04143126177024482,0.3300589390962672,0.33398821218074654,0.33595284872298625,-0.10797237915881983,2.6080324904081054,2.608570581674127,2.607810890647119,0.9999150318250246,0.04494133839386407,0.004244099998957323,0.2095267561664785,0.025054867600094295,8.362716559144378,0.5477225575051662,0.13483997249264842,4.06201920231798,0.0066317341216118545,0.03189829176462303,0.2079024848900158,0.33347287194314024,0.05903418374423842,5.6488097368787,0.10038563745028363,0.030512941358423317,3.2899364329087026
2000,24,shuffle_e,1006,0.503,240,0.9386047439716074,2.819783289572345,2.819783289572345,3.0042286752531204,0.004,0.00455521678957215,0.4626123361424104,0.0005,0.08217362491716369,0.0005,0.005964214711729622,0.8011928429423459,0.147117296222664,0.05168986083499006,0.33962264150943394,0.3333333333333333,0.3270440251572327,-0.08217362491716369,7.940813435428561,7.914784773955403,7.940301076962647,0.9999354778361083,0.024737749011390114,0.008894424920585502,0.2601501357632968,0.0257427761425514,10.105752942989039,0.4262121592983098,0.12403473458920845,3.436232283721854,0.008167252960352143,0.03215450705942955,0.2540002540003808,0.3335484842841108,0.05981171354710612,5.576641505537488,0.09767285047867978,0.03135070723094675,3.1154911357873756
2000,24,shuffle_w,1058,0.529,240,0.9386047439716074,0.0,0.9386047439716074,0.9999999989345888,0.0,0.00455521678957215,0.4469360394472958,0.0004999999999999956,0.10838059231253937,0.0005,0.008506616257088847,0.774102079395085,0.1843100189035917,0.04158790170132325,0.32938856015779094,0.33530571992110453,0.33530571992110453,-0.10838059231253937,2.6105168036927435,2.6092332534153475,2.609586841165114,0.9996437630562983,0.04412600350935165,0.004831340715548654,0.21332740205542738,0.02510218561694025,8.498359677153491,0.5477225575051662,0.13483997249264842,4.06201920231798,0.0066317341216118545,0.03189829176462303,0.2079024848900158,0.3334728719431403,0.05903418374423842,5.648809736878701,0.10042450307451328,0.030570567361332714,3.285006191986334
2000,24,shuffle_h,1062,0.531,240,0.9386047439716074,0.0,0.9386047439716074,0.9999999989345888,0.0,0.00455521678957215,0.4452526645341233,0.0004999999999999956,0.10797237915881983,0.0005,0.03389830508474576,0.7711864406779662,0.1873822975517891,0.04143126177024482,0.3300589390962672,0.33398821218074654,0.33595284872298625,-0.10797237915881983,2.6080324904081054,2.608570581674127,2.607810890647119,0.9999150318250246,0.04494133839386407,0.004244099998957323,0.2095267561664785,0.025054867600094295,8.362716559144378,0.5477225575051662,0.13483997249264842,4.06201920231798,0.0066317341216118545,0.03189829176462303,0.2079024848900158,0.3334728719431403,0.05903418374423842,5.648809736878701,0.10038563745028363,0.030512941358423317,3.2899364329087026
2000,25,qcd,1060,0.53,240,0.9386047439716074,0.0,0.9386047439716074,0.9999999989345888,0.0,0.00229128784747792,0.36159898642652755,0.0009999999999999946,0.19402515723270441,0.00125,0.16226415094339622,0.7707547169811321,0.1877358490566038,0.04150943396226415,0.33070866141732286,0.33562992125984253,0.33366141732283466,-0.19402515723270441,2.607409291041191,2.6080682351741755,2.607805698917816,1.0001520313201258,0.044751338959642874,0.0035029784291441247,0.30763783052348137,0.025078493128775955,12.266998218106126,0.5477225575051662,0.13483997249264842,4.06201920231798,0.007223962141830178,0.031937311096353733,0.22619193331698279,0.19333248816583354,0.048112522432468816,4.0183403070831885,0.1003255687206459,0.030541713586747628,3.2848703277794544
2000,25,shuffle_b,1060,0.53,240,0.9386047439716074,0.0,0.9386047439716074,0.9999999989345888,0.0,0.00229128784747792,0.36159898642652755,0.0009999999999999946,0.19402515723270441,0.00125,0.16226415094339622,0.7707547169811321,0.1877358490566038,0.04150943396226415,0.33070866141732286,0.33562992125984253,0.33366141732283466,-0.19402515723270441,2.607409291041191,2.6080682351741755,2.607805698917816,1.0001520313201258,0.044751338959642874,0.0035029784291441247,0.30763783052348137,0.025078493128775955,12.266998218106126,0.5477225575051662,0.13483997249264842,4.06201920231798,0.007223962141830178,0.031937311096353733,0.22619193331698279,0.19333248816583354,0.048112522432468816,4.0183403070831885,0.1003255687206459,0.030541713586747628,3.2848703277794544
2000,25,shuffle_e,1035,0.5175,240,0.9386047439716074,2.817453111416742,2.817453111416742,3.001746077367177,0.0055,0.00229128784747792,0.45463942390033507,0.001,0.06763285024154589,0.00125,0.012560386473429951,0.7874396135265701,0.14782608695652175,0.0647342995169082,0.3305785123966942,0.3378099173553719,0.33161157024793386,-0.06763285024154589,7.917471910214564,7.9214106017748,7.914453413182746,0.9996187549427331,0.026821660279825046,0.005531122040016889,0.2539096610779206,0.025379566254229366,10.004491744834606,0.2732607162112432,0.10927167294163061,2.5007461573065717,0.006813223414706627,0.03197647396955397,0.21306987822340132,0.1668577578597857,0.04159028407875726,4.011940806747466,0.09514217253606973,0.03090837394066315,3.078200513515219
2000,25,shuffle_w,1056,0.528,240,0.9386047439716074,0.0,0.9386047439716074,0.9999999989345888,0.0,0.00229128784747792,0.36296867955693113,0.0009999999999999946,0.19476010101010102,0.00125,0.004261363636363636,0.7736742424242424,0.1846590909090909,0.041666666666666664,0.3300395256916996,0.3359683794466403,0.3339920948616601,-0.19476010101010102,2.610563544367374,2.610280466438966,2.610031143895793,0.9997960591793562,0.04334496374708138,0.0042692626471725215,0.3108715605855574,0.025125945381480302,12.372531893454365,0.5477225575051662,0.13483997249264842,4.06201920231798,0.007223962141830178,0.031937311096353733,0.22619193331698279,0.19333248816583354,0.048112522432468816,4.0183403070831885,0.10036262565742472,0.03059950306810523,3.279877631804932
2000,25,shuffle_h,1060,0.53,240,0.9386047439716074,0.0,0.9386047439716074,0.9999999989345888,0.0,0.00229128784747792,0.36159898642652755,0.0009999999999999946,0.19402515723270436,0.00125,0.16226415094339622,0.7707547169811321,0.1877358490566038,0.04150943396226415,0.33070866141732286,0.33562992125984253,0.33366141732283466,-0.19402515723270436,2.607409291041191,2.6080682351741755,2.607805698917816,1.0001520313201258,0.044751338959642874,0.0035029784291441247,0.30763783052348137,0.025078493128775955,12.266998218106126,0.5477225575051662,0.13483997249264842,4.06201920231798,0.007223962141830178,0.031937311096353733,0.22619193331698279,0.19333248816583354,0.048112522432468816,4.0183403070831885,0.1003255687206459,0.030541713586747628,3.2848703277794544
2000,26,qcd,1060,0.53,240,0.9386047439716074,0.0,0.9386047439716074,0.9999999989345888,0.0,0.002549509756796392,0.2584991735242284,0.002500000000000002,0.36100628930817613,0.001,0.28537735849056606,0.7632075471698113,0.19433962264150945,0.04245283018867924,0.3310344827586207,0.3330049261083744,0.3359605911330049,-0.36100628930817613,2.6067329040689637,2.6080475004206436,2.6053857380654724,0.9994831975299853,0.04541236704796055,0.003506429639419143,0.45003131360006543,0.025078493128775955,17.944910457306683,0.5479479113750201,0.13333333333333333,4.10960933531265,0.005364324914005573,0.032094832698578324,0.1671398310246743,0.16678754432330137,0.059253235271401396,2.8148259510110067,0.10030782498569583,0.030541713586747628,3.2842893605426404
2000,26,shuffle_b,1060,0.53,240,0.9386047439716074,0.0,0.9386047439716074,0.9999999989345888,0.0,0.002549509756796392,0.2584991735242284,0.002500000000000002,0.36100628930817613,0.001,0.28537735849056606,0.7632075471698113,0.19433962264150945,0.04245283018867924,0.3310344827586207,0.3330049261083744,0.3359605911330049,-0.36100628930817613,2.6067329040689637,2.6080475004206436,2.6053857380654724,0.9994831975299853,0.04541236704796055,0.003506429639419143,0.45003131360006543,0.025078493128775955,17.944910457306683,0.5479479113750201,0.13333333333333333,4.10960933531265,0.005364324914005573,0.032094832698578324,0.1671398310246743,0.16678754432330137,0.059253235271401396,2.8148259510110067,0.10030782498569583,0.030541713586747628,3.2842893605426404
2000,26,shuffle_e,1048,0.524,240,0.9386047439716074,2.825891939863441,2.825891939863441,3.010736899640246,0.0055,0.002549509756796392,0.28247014773226176,0.002500000000000001,0.29421119592875317,0.001,0.019083969465648856,0.7719465648854962,0.16125954198473283,0.06679389312977099,0.3261758691206544,0.3323108384458078,0.34151329243353784,-0.29421119592875317,7.928966719281104,7.949335138551628,7.934830394999,1.0007395258329987,0.027242259985077268,0.010917257926412398,0.41150705728330705,0.025221663615265916,16.31561912649704,0.2672612419124244,0.10690449676496976,2.5,0.0059065806291023655,0.032094832698578324,0.18403525217204214,0.1658833963169619,0.05072886855384471,3.269999924025305,0.0631179434912589,0.0307160730257298,2.0548832345328507
2000,26,shuffle_w,1053,0.5265,240,0.9386047439716074,0.0,0.9386047439716074,0.9999999989345888,0.0,0.002549509756796392,0.2602175915818443,0.002500000000000002,0.36340614118391895,0.001,0.003798670465337132,0.768281101614435,0.1889838556505223,0.042735042735042736,0.33035714285714285,0.3323412698412698,0.3373015873015873,-0.36340614118391895,2.6107971331010322,2.6107529909666902,2.6075919149850617,0.9987723220332468,0.043918951329559794,0.005058551104754772,0.45545052965137506,0.025161711869879904,18.100935739454872,0.5479479113750201,0.13333333333333333,4.10960933531265,0.005364324914005573,0.032094832698578324,0.1671398310246743,0.16678754432330137,0.059253235271401396,2.8148259510110067,0.10038876994336322,0.030643061101639987,3.2760685889175254
2000,26,shuffle_h,1060,0.53,240,0.9386047439716074,0.0,0.9386047439716074,0.9999999989345888,0.0,0.002549509756796392,0.2584991735242284,0.002500000000000002,0.3610062893081761,0.001,0.2825471698113208,0.7632075471698113,0.19433962264150945,0.04245283018867924,0.3310344827586207,0.3330049261083744,0.3359605911330049,-0.3610062893081761,2.6067329040689637,2.6080475004206436,2.6053857380654724,0.9994831975299853,0.04541236704796055,0.003506429639419143,0.45003131360006543,0.025078493128775955,17.944910457306683,0.5479479113750201,0.13333333333333333,4.10960933531265,0.005364324914005573,0.032094832698578324,0.1671398310246743,0.16678754432330137,0.059253235271401396,2.8148259510110067,0.10030782498569583,0.030541713586747628,3.2842893605426404
2000,27,qcd,1059,0.5295,240,0.9386047439716074,0.0,0.9386047439716074,0.9999999989345888,0.0,0.0021213203435596424,0.4427065097332112,0.0010000000000000018,0.19294932326093797,0.00125,0.0339943342776204,0.7667610953729934,0.18885741265344666,0.044381491973559964,0.3310276679841897,0.3310276679841897,0.33794466403162055,0.19294932326093797,2.614042811494699,2.6140427838711813,2.613092948711175,0.9996366307470761,0.039127822477689284,0.005647703623017881,0.2046468544133525,0.02509033098316605,8.156403139944905,0.5479291439257828,0.13046561461068845,4.199797360866405,0.00482238921365793,0.03203548935160373,0.15053271578685953,0.005747126436781602,0.03410438273491563,0.16851577351370056,0.10035283820718828,0.030556130256696946,3.28421293416872
2000,27,shuffle_b,1059,0.5295,240,0.9386047439716074,0.0,0.9386047439716074,0.9999999989345888,0.0,0.0021213203435596424,0.4427065097332112,0.0010000000000000018,0.19294932326093797,0.00125,0.0339943342776204,0.7667610953729934,0.18885741265344666,0.044381491973559964,0.3310276679841897,0.3310276679841897,0.33794466403162055,0.19294932326093797,2.614042811494699,2.6140427838711813,2.613092948711175,0.9996366307470761,0.039127822477689284,0.005647703623017881,0.2046468544133525,0.02509033098316605,8.156403139944905,0.5479291439257828,0.13046561461068845,4.199797360866405,0.00482238921365793,0.03203548935160373,0.15053271578685953,0.005747126436781602,0.03410438273491563,0.16851577351370056,0.10035283820718828,0.030556130256696946,3.28421293416872
2000,27,shuffle_e,1035,0.5175,240,0.9386047439716074,2.8268914256936863,2.8268914256936863,3.0118017630298675,0.005,0.0021213203435596424,0.15815336134783037,0.0010000000000000009,0.4093397745571658,0.00125,0.005797101449275362,0.7864734299516908,0.1391304347826087,0.07439613526570048,0.3288100208768267,0.3173277661795407,0.35386221294363257,0.4093397745571658,7.962816435648589,7.957540106502552,7.948785970343009,0.9982380021668253,0.020473565303039558,0.026421079341085073,0.5667455291051454,0.025379566254229366,22.33078073234212,0.1922779794630831,0.10192943828752511,1.8863831950167385,0.02467218727500748,0.03199610950961107,0.7710996009560596,0.04871794871794872,0.042617359329729904,1.143147991432755,0.041543242752675555,0.03090837394066315,1.3440772663236462
2000,27,shuffle_w,1056,0.528,240,0.9386047439716074,0.0,0.9386047439716074,0.9999999989345888,0.0,0.0021213203435596424,0.4439641986813169,0.0010000000000000018,0.19349747474747472,0.00125,0.004261363636363636,0.7689393939393939,0.1865530303030303,0.04450757575757576,0.33102081268582756,0.33102081268582756,0.3379583746283449,0.19349747474747472,2.6148259889734535,2.614826218598534,2.6138571075596526,0.9996294661985591,0.03879221814690271,0.005664495606039707,0.20748363223307065,0.025125945381480302,8.257744299086218,0.5479291439257828,0.13046561461068845,4.199797360866405,0.00482238921365793,0.03203548935160373,0.15053271578685953,0.005747126436781602,0.03410438273491563,0.16851577351370056,0.10037156037477112,0.03059950306810523,3.2801696207737234
2000,27,shuffle_h,1059,0.5295,240,0.9386047439716074,0.0,0.9386047439716074,0.9999999989345888,0.0,0.0021213203435596424,0.4427065097332112,0.0010000000000000018,0.19294932326093797,0.00125,0.03588290840415486,0.7667610953729934,0.18885741265344666,0.044381491973559964,0.3310276679841897,0.3310276679841897,0.33794466403162055,0.19294932326093797,2.614042811494699,2.6140427838711813,2.613092948711175,0.9996366307470761,0.039127822477689284,0.005647703623017881,0.2046468544133525,0.02509033098316605,8.156403139944905,0.5479291439257828,0.13046561461068845,4.199797360866405,0.00482238921365793,0.03203548935160373,0.15053271578685953,0.005747126436781602,0.03410438273491563,0.16851577351370056,0.10035283820718828,0.030556130256696946,3.28421293416872
2000,28,qcd,1068,0.534,240,0.9386047439716074,0.0,0.9386047439716074,0.9999999989345888,0.0,0.00304138126514911,0.2556179775280899,0.003666666666666666,0.3604868913857678,0.00425,0.2860486891385768,0.7631086142322098,0.19288389513108614,0.04400749063670412,0.33496571988246815,0.33202742409402547,0.3330068560235064,0.3604868913857678,2.6079439160193556,2.6104068529407254,2.6114766524548143,1.0013546059843383,0.042181545486993106,0.0021158147889023178,0.44946356045815233,0.02498438963319538,17.989775498096414,0.5479291439257828,0.13046561461068845,4.199797360866405,0.0026975267808329153,0.03197647396955397,0.08435973220190988,0.08442106567828668,0.041666666666666664,2.0261055762788804,0.10030533139207551,0.030427110129722698,3.296577656058514
2000,28,shuffle_b,1068,0.534,240,0.9386047439716074,0.0,0.9386047439716074,0.9999999989345888,0.0,0.00304138126514911,0.2556179775280899,0.003666666666666666,0.3604868913857678,0.00425,0.2860486891385768,0.7631086142322098,0.19288389513108614,0.04400749063670412,0.33496571988246815,0.33202742409402547,0.3330068560235064,0.3604868913857678,2.6079439160193556,2.6104068529407254,2.6114766524548143,1.0013546059843383,0.042181545486993106,0.0021158147889023178,0.44946356045815233,0.02498438963319538,17.989775498096414,0.5479291439257828,0.13046561461068845,4.199797360866405,0.0026975267808329157,0.03197647396955397,0.0843597322019099,0.08442106567828668,0.041666666666666664,2.0261055762788804,0.10030533139207551,0.030427110129722698,3.296577656058514
2000,28,shuffle_e,984,0.492,240,0.9386047439716074,2.8268229626725416,2.8268229626725416,3.0117288217609133,0.004,0.00304138126514911,0.10392719846987385,0.0036666666666666666,0.4525745257452574,0.00425,0.012195121951219513,0.7682926829268293,0.1565040650406504,0.07520325203252033,0.34395604395604396,0.3252747252747253,0.33076923076923076,0.4525745257452574,7.96495715181469,7.973237489222015,7.964032224857199,0.9998838754635008,0.01832487538093798,0.013577841020403394,0.6288392557490528,0.026028960314767677,24.15921527961596,0.21739543299665087,0.10397504898200727,2.0908423234719593,0.030336891378782323,0.033200794703733154,0.913739916453602,0.05264606769097938,0.050319207458596214,1.0462419888925667,0.036255273244909764,0.03169923514990935,1.1437270670239956
2000,28,shuffle_w,1065,0.5325,240,0.9386047439716074,0.0,0.9386047439716074,0.9999999989345888,0.0,0.00304138126514911,0.2563380281690141,0.003666666666666666,0.3615023474178404,0.00425,0.002347417840375587,0.7652582159624414,0.19061032863849764,0.044131455399061034,0.33595284872298625,0.33104125736738704,0.3330058939096267,0.3615023474178404,2.6091597141547482,2.6120681429682433,2.613532964590448,1.0016761145022954,0.041304582260577656,0.003496096349715556,0.4517437152048885,0.025019554168026717,18.055626098333363,0.5479291439257828,0.13046561461068845,4.199797360866405,0.0026975267808329153,0.03197647396955397,0.08435973220190988,0.08442106567828668,0.041666666666666664,2.0261055762788804,0.10032853469891,0.030469935077207185,3.2927058900745747
2000,28,shuffle_h,1068,0.534,240,0.9386047439716074,0.0,0.9386047439716074,0.9999999989345888,0.0,0.00304138126514911,0.2556179775280899,0.003666666666666666,0.3604868913857678,0.00425,0.2851123595505618,0.7631086142322098,0.19288389513108614,0.04400749063670412,0.33496571988246815,0.33202742409402547,0.3330068560235064,0.3604868913857678,2.6079439160193556,2.6104068529407254,2.6114766524548143,1.0013546059843383,0.04218154548699316,0.0021158147889023178,0.44946356045815233,0.02498438963319538,17.989775498096414,0.5479291439257828,0.13046561461068845,4.199797360866405,0.0026975267808329153,0.03197647396955397,0.08435973220190988,0.08442106567828668,0.041666666666666664,2.0261055762788804,0.10030533139207551,0.030427110129722698,3.296577656058514
2000,29,qcd,1064,0.532,240,0.9386047439716074,0.0,0.9386047439716074,0.9999999989345888,0.0,0.002692582403567252,0.4411580452434645,0.001000000000000003,0.023496240601503758,0.0005,0.03383458646616541,0.7640977443609023,0.19078947368421054,0.045112781954887216,0.33858267716535434,0.3316929133858268,0.3297244094488189,-0.023496240601503758,2.613595077898178,2.613657226091409,2.611644962612886,0.9992538571480398,0.03911509904687986,0.006578063535355442,0.20346966564400004,0.025031308716087945,8.128606776090276,0.5477225575051662,0.12909944487358055,4.2426406871192865,0.005145510618290751,0.032015781266470776,0.1607179464234877,0.16679126016604834,0.04170501611488267,3.9993093326375178,0.10033008189353035,0.030484250292973306,3.2912104096145898
2000,29,shuffle_b,1064,0.532,240,0.9386047439716074,0.0,0.9386047439716074,0.9999999989345888,0.0,0.002692582403567252,0.44115804524346447,0.001000000000000003,0.023496240601503758,0.0005,0.03383458646616541,0.7640977443609023,0.19078947368421054,0.045112781954887216,0.33858267716535434,0.3316929133858268,0.3297244094488189,-0.023496240601503758,2.613595077898178,2.613657226091409,2.611644962612886,0.9992538571480398,0.03911509904687986,0.006578063535355442,0.20346966564400004,0.025031308716087945,8.128606776090276,0.5477225575051662,0.12909944487358055,4.2426406871192865,0.005145510618290751,0.032015781266470776,0.1607179464234877,0.16679126016604834,0.04170501611488267,3.9993093326375178,0.10033008189353033,0.030484250292973306,3.2912104096145893
2000,29,shuffle_e,1020,0.51,240,0.9386047439716074,2.818826515895311,2.818826515895311,3.0032093178695574,0.0055,0.002692582403567252,0.4568301343237961,0.0009999999999999992,0.07026143790849672,0.0005,0.00196078431372549,0.7911764705882353,0.14411764705882352,0.06470588235294118,0.3448637316561845,0.3280922431865828,0.3270440251572327,-0.07026143790849672,7.931204522633775,7.941258284278217,7.963571615235469,1.0040809807021527,0.017470004541321443,0.014141234343010546,0.26095748341580716,0.02556549962824568,10.207407921239763,0.32169774611127794,0.11009637651263605,2.921964884778527,0.007383132148583002,0.03213457863665412,0.22975661925006463,0.16689798040547102,0.04193735783529608,3.979697077268023,0.0964783212644215,0.03113481194179281,3.0987282481355525
2000,29,shuffle_w,1063,0.5315,240,0.9386047439716074,0.0,0.9386047439716074,0.9999999989345888,0.0,0.002692582403567252,0.4415730575155656,0.001000000000000003,0.02351834430856068,0.0005,0.0023518344308560675,0.7648165569143932,0.19002822201317027,0.045155221072436504,0.33793103448275863,0.33201970443349754,0.33004926108374383,-0.02351834430856068,2.614914347606916,2.6142297470586384,2.6116431690414403,0.9987490303196855,0.03876433283236923,0.005800828155223559,0.20440711138104029,0.02504307984710117,8.162219368745141,0.5477225575051662,0.12909944487358055,4.2426406871192865,0.005145510618290751,0.032015781266470776,0.1607179464234877,0.16679126016604834,0.04170501611488267,3.9993093326375178,0.10034026717253655,0.030498585704202042,3.2899973836725107
2000,29,shuffle_h,1064,0.532,240,0.9386047439716074,0.0,0.9386047439716074,0.9999999989345888,0.0,0.002692582403567252,0.4411580452434645,0.001000000000000003,0.023496240601503758,0.0005,0.03383458646616541,0.7640977443609023,0.19078947368421054,0.045112781954887216,0.33858267716535434,0.3316929133858268,0.3297244094488189,-0.023496240601503758,2.613595077898178,2.613657226091409,2.611644962612886,0.9992538571480398,0.03911509904687992,0.006578063535355442,0.20346966564400004,0.025031308716087945,8.128606776090276,0.5477225575051662,0.12909944487358055,4.2426406871192865,0.005145510618290751,0.032015781266470776,0.1607179464234877,0.16679126016604834,0.04170501611488267,3.9993093326375178,0.10033008189353035,0.030484250292973306,3.2912104096145898
2000,30,qcd,1059,0.5295,240,0.9386047439716074,0.0,0.9386047439716074,0.9999999989345888,0.0,0.0021794494717703367,0.44432594692563737,0.0006666666666666697,0.023607176581680833,0.001,0.03541076487252125,0.7695939565627951,0.18885741265344666,0.04154863078375826,0.32906403940886697,0.33497536945812806,0.3359605911330049,0.023607176581680833,2.6072362665839526,2.6070056950002747,2.6081905035783652,1.0003659955971933,0.04494092312129542,0.0052750011179668425,0.20945726008550145,0.02509033098316605,8.34812662399844,0.5477225575051662,0.13483997249264842,4.06201920231798,0.0026975267808329235,0.03197647396955397,0.08435973220191015,0.3334728719431403,0.05903418374423842,5.648809736878701,0.10029951146213956,0.030556130256696946,3.282467728064389
2000,30,shuffle_b,1059,0.5295,240,0.9386047439716074,0.0,0.9386047439716074,0.9999999989345888,0.0,0.0021794494717703367,0.44432594692563737,0.0006666666666666697,0.023607176581680833,0.001,0.03541076487252125,0.7695939565627951,0.18885741265344666,0.04154863078375826,0.32906403940886697,0.33497536945812806,0.3359605911330049,0.023607176581680833,2.6072362665839526,2.6070056950002747,2.6081905035783652,1.0003659955971933,0.04494092312129542,0.0052750011179668425,0.20945726008550145,0.02509033098316605,8.34812662399844,0.5477225575051662,0.13483997249264842,4.06201920231798,0.0026975267808329235,0.03197647396955397,0.08435973220191015,0.3334728719431403,0.05903418374423842,5.648809736878701,0.10029951146213956,0.030556130256696946,3.282467728064389
2000,30,shuffle_e,956,0.478,240,0.9386047439716074,2.822420656693547,2.822420656693547,3.0070385557010204,0.007,0.0021794494717703367,0.44984187702539385,0.0006666666666666697,0.1324965132496513,0.001,0.01202928870292887,0.7761506276150628,0.14958158995815898,0.07426778242677824,0.3288135593220339,0.33559322033898303,0.33559322033898303,0.1324965132496513,7.952586598413138,7.925607791429496,7.932505454886731,0.9974748915616444,0.025665956118143995,0.005535570040187976,0.28907536666720485,0.026407386650992314,10.946761619682734,0.25383392284098727,0.10614897848685506,2.391298780820776,0.036744124073097094,0.03351254609444432,1.096428900673366,0.3336036401759692,0.060503201415855794,5.513817985977569,0.09528052096882299,0.03216009971283611,2.9626935805423993
2000,30,shuffle_w,1052,0.526,240,0.9386047439716074,0.0,0.9386047439716074,0.9999999989345888,0.0,0.0021794494717703367,0.44728248839757606,0.0006666666666666697,0.02376425855513308,0.001,0.0014258555133079848,0.7747148288973384,0.18346007604562736,0.04182509505703422,0.33035714285714285,0.3353174603174603,0.3343253968253968,0.02376425855513308,2.6094947578654275,2.6094519645298666,2.612448048870238,1.0011317482037123,0.04342268390573275,0.0037119616932281036,0.21613441825331725,0.025173668017796202,8.585734033694406,0.5477225575051662,0.13483997249264842,4.06201920231798,0.0026975267808329235,0.03197647396955397,0.08435973220191015,0.3334728719431403,0.05903418374423842,5.648809736878701,0.10037916412034743,0.030657621834750435,3.274199305523678
2000,30,shuffle_h,1059,0.5295,240,0.9386047439716074,0.0,0.9386047439716074,0.9999999989345888,0.0,0.0021794494717703367,0.44432594692563737,0.0006666666666666697,0.023607176581680833,0.001,0.03352219074598678,0.7695939565627951,0.18885741265344666,0.04154863078375826,0.32906403940886697,0.33497536945812806,0.3359605911330049,0.023607176581680833,2.6072362665839526,2.6070056950002747,2.6081905035783652,1.0003659955971933,0.04494092312129542,0.0052750011179668425,0.20945726008550145,0.02509033098316605,8.34812662399844,0.5477225575051662,0.13483997249264842,4.06201920231798,0.0026975267808329235,0.03197647396955397,0.08435973220191015,0.3334728719431403,0.05903418374423842,5.648809736878701,0.10029951146213956,0.030556130256696946,3.282467728064389
2000,31,qcd,1060,0.53,240,0.9386047439716074,0.0,0.9386047439716074,0.9999999989345888,0.0,0.0012247448713915891,0.36156083457013377,0.0008333333333333299,0.1889937106918239,0.00075,0.1570754716981132,0.7641509433962265,0.19150943396226416,0.04433962264150943,0.33464955577492594,0.3336623889437315,0.33168805528134254,-0.1889937106918239,2.6129321130524117,2.6119168590234874,2.6134711381496136,1.000206291275043,0.03914725423149679,0.0021325240863467746,0.2970494914651965,0.025078493128775955,11.844790272679953,0.5479291439257828,0.13046561461068845,4.199797360866405,0.003024061410843434,0.03207501495497921,0.09428090415820646,0.19307635878915846,0.048350116580804,3.9932966545485806,0.1003166972454786,0.030541713586747628,3.2845798570060287
2000,31,shuffle_b,1060,0.53,240,0.9386047439716074,0.0,0.9386047439716074,0.9999999989345888,0.0,0.0012247448713915891,0.36156083457013377,0.0008333333333333299,0.1889937106918239,0.00075,0.1570754716981132,0.7641509433962265,0.19150943396226416,0.04433962264150943,0.33464955577492594,0.3336623889437315,0.33168805528134254,-0.1889937106918239,2.6129321130524117,2.6119168590234874,2.6134711381496136,1.000206291275043,0.03914725423149679,0.0021325240863467746,0.2970494914651965,0.025078493128775955,11.844790272679953,0.5479291439257828,0.13046561461068845,4.199797360866405,0.003024061410843434,0.03207501495497921,0.09428090415820646,0.19307635878915846,0.048350116580804,3.9932966545485806,0.1003166972454786,0.030541713586747628,3.2845798570060287
2000,31,shuffle_e,1045,0.5225,240,0.9386047439716074,2.826867643258311,2.826867643258311,3.01177642495705,0.0055,0.0012247448713915891,0.048313514110485505,0.0008333333333333304,0.43381180223285487,0.00075,0.0023923444976076554,0.7799043062200957,0.15502392344497606,0.06507177033492823,0.33879222108495394,0.330603889457523,0.330603889457523,0.43381180223285487,7.949574079071843,7.963944504779281,7.957449809729434,1.0009907110216538,0.020871915039843977,0.00668574477729972,0.6193573685520966,0.02525784101413608,24.521389940076833,0.2945584931424537,0.10846522890932808,2.715695122800054,0.02011796043754335,0.03197647396955397,0.6291488066100857,0.03755868544600939,0.04708509040166004,0.7976768256281231,0.03149264966135687,0.030760131484463046,1.0238138831514365
2000,31,shuffle_w,1055,0.5275,240,0.9386047439716074,0.0,0.9386047439716074,0.9999999989345888,0.0,0.0012247448713915891,0.3632743930278121,0.0008333333333333299,0.18988941548183255,0.00075,0.007582938388625593,0.7677725118483413,0.1876777251184834,0.04454976303317536,0.3343253968253968,0.3343253968253968,0.33134920634920634,-0.18988941548183255,2.614478703207713,2.6132571686220403,2.61561196854623,1.000433457475529,0.03834240998767355,0.002430049347999176,0.3010499758362462,0.025137850591995053,11.975963288289778,0.5479291439257828,0.13046561461068845,4.199797360866405,0.003024061410843434,0.03207501495497921,0.09428090415820646,0.19307635878915846,0.048350116580804,3.9932966545485806,0.100344641499408,0.030614001767363768,3.2777368428318634
2000,31,shuffle_h,1060,0.53,240,0.9386047439716074,0.0,0.9386047439716074,0.9999999989345888,0.0,0.0012247448713915891,0.36156083457013377,0.0008333333333333299,0.18899371069182389,0.00075,0.15235849056603773,0.7641509433962265,0.19150943396226416,0.04433962264150943,0.33464955577492594,0.3336623889437315,0.33168805528134254,-0.18899371069182389,2.6129321130524117,2.6119168590234874,2.6134711381496136,1.000206291275043,0.03914725423149679,0.0021325240863467746,0.2970494914651965,0.025078493128775955,11.844790272679953,0.5479291439257828,0.13046561461068845,4.199797360866405,0.003024061410843434,0.03207501495497921,0.09428090415820646,0.19307635878915846,0.048350116580804,3.9932966545485806,0.1003166972454786,0.030541713586747628,3.2845798570060287
2000,32,qcd,1061,0.5305,240,0.9386047439716074,0.0,0.9386047439716074,0.9999999989345888,0.0,0.002958039891549808,0.3625505079787765,0.002333333333333333,0.27961043041156136,0.002,0.16069745523091422,0.767200754005655,0.19132893496701225,0.04147031102733271,0.32940019665683384,0.3392330383480826,0.33136676499508355,-0.27961043041156136,2.6076746202224363,2.6079879080497563,2.605871017888067,0.9993083483957766,0.04522952960093945,0.0073582249494079524,0.30530634646351745,0.025066672014223933,12.179771861628588,0.5477225575051662,0.13483997249264842,4.06201920231798,0.002837102059899876,0.03199610950961107,0.08867021970429437,0.3336212748115125,0.08364140585656456,3.9887095559301673,0.1003247727463077,0.030527317303323816,3.286393355481136
2000,32,shuffle_b,1061,0.5305,240,0.9386047439716074,0.0,0.9386047439716074,0.9999999989345888,0.0,0.0029580398915498084,0.3625505079787765,0.002333333333333333,0.27961043041156136,0.002,0.16069745523091422,0.767200754005655,0.19132893496701225,0.04147031102733271,0.32940019665683384,0.3392330383480826,0.33136676499508355,-0.27961043041156136,2.6076746202224363,2.6079879080497563,2.605871017888067,0.9993083483957766,0.04522952960093945,0.0073582249494079524,0.30530634646351745,0.025066672014223933,12.179771861628588,0.5477225575051662,0.13483997249264842,4.06201920231798,0.002837102059899876,0.03199610950961107,0.08867021970429437,0.3336212748115125,0.08364140585656456,3.9887095559301673,0.1003247727463077,0.030527317303323816,3.286393355481136
2000,32,shuffle_e,1007,0.5035,240,0.9386047439716074,2.817693419105749,2.817693419105749,3.0020021038685285,0.0065,0.002958039891549808,0.46051018850392983,0.002333333333333334,0.0681893412777226,0.002,0.0019860973187686196,0.7974180734856008,0.14597815292949354,0.05660377358490566,0.33157894736842103,0.33789473684210525,0.33052631578947367,0.0681893412777226,7.911199893631763,7.9410221387102,7.930122718566184,1.0023919032749575,0.024085481710244428,0.005635922247090884,0.26651595746127876,0.025729991053040416,10.358183060067002,0.38723872733533743,0.11846977555181848,3.2686710642577346,0.009552041095063385,0.03221451552294012,0.2965135728414518,0.33348609867331025,0.06038628690773797,5.522546852116137,0.09692882892242229,0.031335136975588096,3.0932952039729558
2000,32,shuffle_w,1057,0.5285,240,0.9386047439716074,0.0,0.9386047439716074,0.9999999989345888,0.0,0.002958039891549808,0.363922506116823,0.002333333333333333,0.2806685588142541,0.002,0.002838221381267739,0.7701040681173131,0.18826868495742669,0.041627246925260174,0.32872655478775914,0.33859822309970383,0.33267522211253703,-0.2806685588142541,2.6101627687972586,2.6097479826005228,2.6065380713174364,0.9986113136226012,0.04442532966315006,0.007026705002982087,0.30851097479175993,0.025114057069775524,12.28439411181594,0.5477225575051662,0.13483997249264842,4.06201920231798,0.002837102059899876,0.03199610950961107,0.08867021970429437,0.3336212748115125,0.08364140585656456,3.9887095559301673,0.10035359512668682,0.030585024948975307,3.2811349768099167
2000,32,shuffle_h,1061,0.5305,240,0.9386047439716074,0.0,0.9386047439716074,0.9999999989345888,0.0,0.002958039891549808,0.3625505079787765,0.002333333333333333,0.27961043041156136,0.002,0.1644674835061263,0.767200754005655,0.19132893496701225,0.04147031102733271,0.32940019665683384,0.3392330383480826,0.33136676499508355,-0.27961043041156136,2.6076746202224363,2.6079879080497563,2.605871017888067,0.9993083483957766,0.04522952960093945,0.0073582249494079524,0.30530634646351745,0.025066672014223933,12.179771861628588,0.5477225575051662,0.13483997249264842,4.06201920231798,0.002837102059899876,0.03199610950961107,0.08867021970429437,0.3336212748115125,0.08364140585656456,3.9887095559301673,0.1003247727463077,0.030527317303323816,3.286393355481136
2000,33,qcd,1063,0.5315,240,0.9386047439716074,0.0,0.9386047439716074,0.9999999989345888,0.0,0.003201562118716424,0.4426579757291473,0.0015,0.023831922232674822,0.00075,0.03292568203198495,0.7666980244590781,0.1909689557855127,0.04233301975540922,0.3349705304518664,0.33398821218074654,0.33104125736738704,-0.023831922232674822,2.6082013610731627,2.6069897490369622,2.606601917584105,0.9993867638009362,0.04502964528536825,0.002891866688385015,0.20761179491670514,0.02504307984710117,8.290186198513318,0.5479479113750201,0.13333333333333333,4.10960933531265,0.0040385312184318,0.03197647396955397,0.12629695263702437,0.1667709247282544,0.04170501611488267,3.9988217309126335,0.10030498181053926,0.030498585704202042,3.288840432909629
2000,33,shuffle_b,1063,0.5315,240,0.9386047439716074,0.0,0.9386047439716074,0.9999999989345888,0.0,0.003201562118716424,0.44265797572914733,0.0015,0.023831922232674822,0.00075,0.03292568203198495,0.7666980244590781,0.1909689557855127,0.04233301975540922,0.3349705304518664,0.33398821218074654,0.33104125736738704,-0.023831922232674822,2.6082013610731627,2.6069897490369622,2.606601917584105,0.9993867638009362,0.04502964528536825,0.002891866688385015,0.20761179491670514,0.02504307984710117,8.290186198513318,0.5479479113750201,0.13333333333333333,4.10960933531265,0.0040385312184318,0.03197647396955397,0.12629695263702437,0.1667709247282544,0.04170501611488267,3.9988217309126335,0.10030498181053926,0.030498585704202042,3.288840432909629
2000,33,shuffle_e,1034,0.517,240,0.9386047439716074,2.8202775083245877,2.8202775083245877,3.004755221442973,0.004,0.003201562118716424,0.45507294796913306,0.0015000000000000035,0.072856221792392,0.00075,0.02127659574468085,0.7882011605415861,0.14796905222437137,0.06382978723404255,0.3357438016528926,0.3367768595041322,0.3274793388429752,-0.072856221792392,7.948516330443731,7.928882861107582,7.937983083031899,0.9986748159060216,0.02278243723320891,0.007206766369303158,0.25906249084544636,0.02539183580595128,10.20259003032494,0.2933295767352742,0.11009637651263605,2.664298190609461,0.0040385312184318,0.03197647396955397,0.12629695263702437,0.1667709247282544,0.04170501611488267,3.9988217309126335,0.0952844929845741,0.03092331635098279,3.0813154676906382
2000,33,shuffle_w,1054,0.527,240,0.9386047439716074,0.0,0.9386047439716074,0.9999999989345888,0.0,0.003201562118716424,0.4464377876661134,0.0015,0.02403542061986085,0.00075,0.0014231499051233396,0.7732447817836812,0.1840607210626186,0.04269449715370019,0.333994053518335,0.33498513379583744,0.33102081268582756,-0.02403542061986085,2.6117902658536365,2.6094366801205404,2.6106538377365034,0.9995648853845615,0.04339298067658655,0.002917661336745228,0.21617448053574623,0.025149772741392844,8.59548445063898,0.5479479113750201,0.13333333333333333,4.10960933531265,0.0040385312184318,0.03197647396955397,0.12629695263702437,0.1667709247282544,0.04170501611488267,3.9988217309126335,0.10039814733499236,0.030628521095553703,3.2779299732355347
2000,33,shuffle_h,1063,0.5315,240,0.9386047439716074,0.0,0.9386047439716074,0.9999999989345888,0.0,0.003201562118716424,0.4426579757291473,0.0015,0.023831922232674826,0.00075,0.03292568203198495,0.7666980244590781,0.1909689557855127,0.04233301975540922,0.3349705304518664,0.33398821218074654,0.33104125736738704,-0.023831922232674826,2.6082013610731627,2.6069897490369622,2.606601917584105,0.9993867638009362,0.04502964528536819,0.002891866688385015,0.20761179491670514,0.02504307984710117,8.290186198513318,0.5479479113750201,0.13333333333333333,4.10960933531265,0.0040385312184318,0.03197647396955397,0.12629695263702437,0.1667709247282544,0.04170501611488267,3.9988217309126335,0.10030498181053926,0.030498585704202042,3.288840432909629
2000,34,qcd,1063,0.5315,240,0.9386047439716074,0.0,0.9386047439716074,0.9999999989345888,0.0,0.0029999999999999996,0.3618696037553411,0.0015000000000000022,0.2737535277516463,0.002,0.15757290686735653,0.7648165569143932,0.19379115710253997,0.041392285983066796,0.33464180569185475,0.3326790971540726,0.3326790971540726,0.2737535277516463,2.6084564909749495,2.607177626227468,2.605119272478142,0.9987206156175678,0.045335809637024944,0.0016025448104567673,0.2980340008798408,0.02504307984710117,11.90085255884928,0.5477225575051662,0.13483997249264842,4.06201920231798,0.004171174651368571,0.032015781266470776,0.13028495593005954,0.06807068294521727,0.037322726404434105,1.8238400433986026,0.1003667230532041,0.030498585704202042,3.2908648298198218
2000,34,shuffle_b,1063,0.5315,240,0.9386047439716074,0.0,0.9386047439716074,0.9999999989345888,0.0,0.003,0.3618696037553411,0.0015000000000000022,0.2737535277516463,0.002,0.15757290686735653,0.7648165569143932,0.19379115710253997,0.041392285983066796,0.33464180569185475,0.3326790971540726,0.3326790971540726,0.2737535277516463,2.6084564909749495,2.607177626227468,2.605119272478142,0.9987206156175678,0.045335809637024944,0.0016025448104567673,0.2980340008798408,0.02504307984710117,11.90085255884928,0.5477225575051662,0.13483997249264842,4.06201920231798,0.004171174651368571,0.032015781266470776,0.13028495593005954,0.06807068294521727,0.037322726404434105,1.8238400433986026,0.1003667230532041,0.030498585704202042,3.2908648298198218
2000,34,shuffle_e,1024,0.512,240,0.9386047439716074,2.819507057991447,2.819507057991447,3.003934375035294,0.0035,0.0029999999999999996,0.4578318308632139,0.0015,0.072265625,0.002,0.00634765625,0.79296875,0.1572265625,0.0498046875,0.3340184994861254,0.33607399794450155,0.32990750256937307,-0.072265625,7.933294443252058,7.927143115016878,7.929930673382428,0.9995759933160565,0.024830092153048978,0.0044403841715709965,0.2696456297915657,0.02551551815399144,10.567907269772006,0.4370394263766285,0.1252448582170299,3.489479988226798,0.00482238921365793,0.03203548935160373,0.15053271578685953,0.16677476310003922,0.041666666666666664,4.002594314400942,0.09649824747169913,0.031073942261007848,3.1054394920720085
2000,34,shuffle_w,1058,0.529,240,0.9386047439716074,0.0,0.9386047439716074,0.9999999989345888,0.0,0.0029999999999999996,0.3635797625632587,0.0015000000000000022,0.27504725897920607,0.002,0.006616257088846881,0.7684310018903592,0.1899810964083176,0.04158790170132325,0.3343195266272189,0.3333333333333333,0.3323471400394477,0.27504725897920607,2.6109058189968386,2.6080676102273412,2.6068935050370134,0.9984632482984902,0.04454746157653186,0.0013946879313344203,0.30205648435649546,0.02510218561694025,12.03307508620493,0.5477225575051662,0.13483997249264842,4.06201920231798,0.004171174651368571,0.032015781266470776,0.13028495593005954,0.06807068294521727,0.037322726404434105,1.8238400433986026,0.10043339856171056,0.030570567361332714,3.285297174063707
2000,34,shuffle_h,1063,0.5315,240,0.9386047439716074,0.0,0.9386047439716074,0.9999999989345888,0.0,0.0029999999999999996,0.3618696037553411,0.0015000000000000022,0.2737535277516463,0.002,0.16039510818438382,0.7648165569143932,0.19379115710253997,0.041392285983066796,0.33464180569185475,0.3326790971540726,0.3326790971540726,0.2737535277516463,2.6084564909749495,2.607177626227468,2.605119272478142,0.9987206156175678,0.045335809637024944,0.0016025448104567673,0.2980340008798408,0.02504307984710117,11.90085255884928,0.5477225575051662,0.13483997249264842,4.06201920231798,0.004171174651368571,0.032015781266470776,0.13028495593005954,0.06807068294521727,0.037322726404434105,1.8238400433986026,0.1003667230532041,0.030498585704202042,3.2908648298198218
2000,35,qcd,1062,0.531,240,0.9386047439716074,0.0,0.9386047439716074,0.9999999989345888,0.0,0.0032787192621510004,0.4419888513550341,0.0008333333333333357,0.10734463276836158,0.0015,0.031073446327683617,0.7655367231638418,0.1911487758945386,0.04331450094161959,0.33858267716535434,0.3297244094488189,0.3316929133858268,0.10734463276836158,2.6122167606268754,2.6111022672604935,2.608477152567869,0.9985684158698573,0.042034100774265684,0.006578063535355442,0.20473243825723067,0.025054867600094295,8.171363805429175,0.5477225575051662,0.1318760946791574,4.153311931459038,0.004519353768972652,0.032015781266470776,0.14116019007493794,0.16679126016604834,0.04170501611488267,3.9993093326375178,0.10033262897467597,0.030512941358423317,3.2881991872271086
2000,35,shuffle_b,1062,0.531,240,0.9386047439716074,0.0,0.9386047439716074,0.9999999989345888,0.0,0.0032787192621510004,0.4419888513550341,0.0008333333333333357,0.10734463276836158,0.0015,0.031073446327683617,0.7655367231638418,0.1911487758945386,0.04331450094161959,0.33858267716535434,0.3297244094488189,0.3316929133858268,0.10734463276836158,2.6122167606268754,2.6111022672604935,2.608477152567869,0.9985684158698573,0.042034100774265684,0.006578063535355442,0.20473243825723067,0.025054867600094295,8.171363805429175,0.5477225575051662,0.1318760946791574,4.153311931459038,0.004519353768972652,0.032015781266470776,0.14116019007493794,0.16679126016604834,0.04170501611488267,3.9993093326375178,0.10033262897467596,0.030512941358423317,3.288199187227108
2000,35,shuffle_e,1041,0.5205,240,0.9386047439716074,2.820372845499596,2.820372845499596,3.004856794736225,0.0045,0.0032787192621510004,0.4509050529673835,0.0008333333333333357,0.0845341018251681,0.0015,0.010566762728146013,0.7809798270893372,0.15658021133525457,0.06243996157540826,0.33811475409836067,0.3350409836065574,0.32684426229508196,0.0845341018251681,7.933632559354802,7.926723246879645,7.947515978548199,1.0017499448190383,0.02304123764936228,0.008239301968452762,0.2718149481649455,0.025306320600037444,10.740990460878905,0.3053758960196801,0.11094003924504582,2.7526211284742907,0.004519353768972652,0.032015781266470776,0.14116019007493794,0.16679126016604834,0.04170501611488267,3.9993093326375178,0.09471101158142005,0.030819172098259122,3.0731199163773115
2000,35,shuffle_w,1057,0.5285,240,0.9386047439716074,0.0,0.9386047439716074,0.9999999989345888,0.0,0.0032787192621510004,0.44407962170203047,0.0008333333333333357,0.10785241248817408,0.0015,0.00804162724692526,0.7691579943235572,0.18732261116367077,0.043519394512771994,0.33926805143422356,0.3303659742828882,0.3303659742828882,0.10785241248817408,2.6142500059175,2.6125636484206693,2.6109731237660103,0.9987465306898452,0.04103247575199145,0.007268515557220138,0.20946652084418416,0.025114057069775524,8.340608618600086,0.5477225575051662,0.1318760946791574,4.153311931459038,0.004519353768972652,0.032015781266470776,0.14116019007493794,0.16679126016604834,0.04170501611488267,3.9993093326375178,0.10036251374939471,0.030585024948975307,3.281426577772243
2000,35,shuffle_h,1062,0.531,240,0.9386047439716074,0.0,0.9386047439716074,0.9999999989345888,0.0,0.0032787192621510004,0.4419888513550341,0.0008333333333333357,0.10734463276836158,0.0015,0.030131826741996232,0.7655367231638418,0.1911487758945386,0.04331450094161959,0.33858267716535434,0.3297244094488189,0.3316929133858268,0.10734463276836158,2.6122167606268754,2.6111022672604935,2.608477152567869,0.9985684158698573,0.042034100774265684,0.006578063535355442,0.20473243825723067,0.025054867600094295,8.171363805429175,0.5477225575051662,0.1318760946791574,4.153311931459038,0.004519353768972652,0.032015781266470776,0.14116019007493794,0.16679126016604834,0.04170501611488267,3.9993093326375178,0.10033262897467597,0.030512941358423317,3.2881991872271086
2000,36,qcd,1062,0.531,240,0.9386047439716074,0.0,0.9386047439716074,0.9999999989345888,0.0,0.00229128784747792,0.36288044651487783,0.002166666666666664,0.2768361581920904,0.0005,0.15819209039548024,0.763653483992467,0.19491525423728814,0.04143126177024482,0.3300589390962672,0.3349705304518664,0.3349705304518664,0.2768361581920904,2.6078011432160966,2.6054231305411015,2.6054231085345303,0.9990881073552128,0.04565023001570246,0.004010297548760929,0.2999882369132906,0.025054867600094295,11.973251733015006,0.5477225575051662,0.13483997249264842,4.06201920231798,0.00505899450270908,0.03205523387696149,0.1578211696138971,0.06938113923426212,0.03735028102347309,1.8575801127348672,0.1002972744266602,0.030512941358423317,3.287040513351638
2000,36,shuffle_b,1062,0.531,240,0.9386047439716074,0.0,0.9386047439716074,0.9999999989345888,0.0,0.00229128784747792,0.3628804465148778,0.002166666666666664,0.2768361581920904,0.0005,0.15819209039548024,0.763653483992467,0.19491525423728814,0.04143126177024482,0.3300589390962672,0.3349705304518664,0.3349705304518664,0.2768361581920904,2.6078011432160966,2.6054231305411015,2.6054231085345303,0.9990881073552128,0.04565023001570246,0.004010297548760929,0.2999882369132906,0.025054867600094295,11.973251733015006,0.5477225575051662,0.13483997249264842,4.06201920231798,0.00505899450270908,0.03205523387696149,0.1578211696138971,0.06938113923426213,0.03735028102347309,1.8575801127348677,0.10029727442666021,0.030512941358423317,3.2870405133516383
2000,36,shuffle_e,1031,0.5155,240,0.9386047439716074,2.8261256025255683,2.8261256025255683,3.01098584645559,0.0045,0.00229128784747792,0.29275886680758073,0.002166666666666666,0.3129647591335273,0.0005,0.0024248302618816685,0.7856450048496605,0.14451988360814744,0.06983511154219205,0.32742440041710114,0.33368091762252344,0.33889468196037537,0.3129647591335273,7.935642554875062,7.939448906908892,7.94360395103665,1.001003245308308,0.02690032226427886,0.008121877960061112,0.4366231722679101,0.025428751506286047,17.17045259418166,0.19305055948771174,0.10540925533894598,1.831438414652993,0.011448911722834196,0.03207501495497921,0.35694174231575554,0.07291343456988919,0.03964158148253775,1.8393169960186329,0.06389503090659808,0.030968273946349035,2.063241594197112
2000,36,shuffle_w,1055,0.5275,240,0.9386047439716074,0.0,0.9386047439716074,0.9999999989345888,0.0,0.00229128784747792,0.36528818407469216,0.002166666666666664,0.2786729857819905,0.0005,0.01943127962085308,0.7687203791469195,0.1895734597156398,0.04170616113744076,0.3283877349159248,0.3353115727002967,0.3363006923837784,0.2786729857819905,2.612116135200022,2.608518474381731,2.6082912283300033,0.9985357056608335,0.04388469266118626,0.006097343227466824,0.3055878697735757,0.025137850591995053,12.156483652221551,0.5477225575051662,0.13483997249264842,4.06201920231798,0.00505899450270908,0.03205523387696149,0.1578211696138971,0.06938113923426212,0.03735028102347309,1.8575801127348672,0.10035359476608767,0.030614001767363768,3.2780292994256697
2000,36,shuffle_h,1062,0.531,240,0.9386047439716074,0.0,0.9386047439716074,0.9999999989345888,0.0,0.00229128784747792,0.36288044651487783,0.002166666666666664,0.2768361581920904,0.0005,0.16290018832391714,0.763653483992467,0.19491525423728814,0.04143126177024482,0.3300589390962672,0.3349705304518664,0.3349705304518664,0.2768361581920904,2.6078011432160966,2.6054231305411015,2.6054231085345303,0.9990881073552128,0.04565023001570246,0.004010297548760929,0.2999882369132906,0.025054867600094295,11.973251733015006,0.5477225575051662,0.13483997249264842,4.06201920231798,0.00505899450270908,0.03205523387696149,0.1578211696138971,0.06938113923426212,0.03735028102347309,1.8575801127348672,0.1002972744266602,0.030512941358423317,3.287040513351638
2000,37,qcd,1065,0.5325,240,0.9386047439716074,0.0,0.9386047439716074,0.9999999989345888,0.0,0.003774917217635375,0.44237212209142174,0.0005,0.10485133020344287,0.001,0.029577464788732393,0.7661971830985915,0.19061032863849764,0.0431924882629108,0.3326790971540726,0.3326790971540726,0.33464180569185475,0.10485133020344287,2.609700562445574,2.6116057773584096,2.6118482603227906,1.0008229671664721,0.04184178277390698,0.0016025448104567673,0.2058245090777744,0.025019554168026717,8.226545832731267,0.5477225575051662,0.1318760946791574,4.153311931459038,0.004585364444575915,0.0319568745353071,0.14348601079588807,0.16674494242625804,0.04174347164736364,3.9945154498617037,0.10039881186226612,0.030469935077207185,3.295012332906765
2000,37,shuffle_b,1065,0.5325,240,0.9386047439716074,0.0,0.9386047439716074,0.9999999989345888,0.0,0.003774917217635375,0.44237212209142174,0.0005,0.10485133020344287,0.001,0.029577464788732393,0.7661971830985915,0.19061032863849764,0.0431924882629108,0.3326790971540726,0.3326790971540726,0.33464180569185475,0.10485133020344287,2.609700562445574,2.6116057773584096,2.6118482603227906,1.0008229671664721,0.04184178277390698,0.0016025448104567673,0.2058245090777744,0.025019554168026717,8.226545832731267,0.5477225575051662,0.1318760946791574,4.153311931459038,0.004585364444575915,0.0319568745353071,0.14348601079588807,0.16674494242625804,0.04174347164736364,3.9945154498617037,0.10039881186226612,0.030469935077207185,3.295012332906765
2000,37,shuffle_e,949,0.4745,240,0.9386047439716074,2.823132154100714,2.823132154100714,3.007796593001576,0.0055,0.003774917217635375,0.44697120248181454,0.0005000000000000013,0.13663505444327362,0.001,0.007903055848261328,0.768177028451001,0.15806111696522657,0.0737618545837724,0.33447098976109213,0.32764505119453924,0.3378839590443686,0.13663505444327362,7.953117691127304,7.946202976148399,7.94072404421854,0.9984416618249482,0.022197662742365933,0.0073728563121818564,0.2813560235286507,0.026504600604023158,10.615365525860572,0.27404751561786966,0.10690449676496976,2.5634797778466227,0.05347155622375303,0.03381003441389915,1.5815291865473857,0.17264588136755898,0.045164552616570396,3.8225969563621236,0.09587238937432396,0.03227849122443362,2.970163280176867
2000,37,shuffle_w,1060,0.53,240,0.9386047439716074,0.0,0.9386047439716074,0.9999999989345888,0.0,0.003774917217635375,0.4444587830446831,0.0005,0.10534591194968553,0.001,0.002830188679245283,0.769811320754717,0.18679245283018867,0.04339622641509434,0.3323471400394477,0.3323471400394477,0.33530571992110453,0.10534591194968553,2.6132089187047987,2.613272442549429,2.6132857101168696,1.0000293858678966,0.04070023510054545,0.0024156703577743496,0.2105627127169229,0.025078493128775955,8.396146915035965,0.5477225575051662,0.1318760946791574,4.153311931459038,0.004585364444575915,0.0319568745353071,0.14348601079588807,0.16674494242625804,0.04174347164736364,3.9945154498617037,0.10043196529831219,0.030541713586747628,3.2883539757209523
2000,37,shuffle_h,1065,0.5325,240,0.9386047439716074,0.0,0.9386047439716074,0.9999999989345888,0.0,0.003774917217635375,0.44237212209142174,0.0005,0.10485133020344288,0.001,0.03333333333333333,0.7661971830985915,0.19061032863849764,0.0431924882629108,0.3326790971540726,0.3326790971540726,0.33464180569185475,0.10485133020344288,2.609700562445574,2.6116057773584096,2.6118482603227906,1.0008229671664721,0.04184178277390698,0.0016025448104567673,0.2058245090777744,0.025019554168026717,8.226545832731267,0.5477225575051662,0.1318760946791574,4.153311931459038,0.004585364444575915,0.0319568745353071,0.14348601079588807,0.16674494242625804,0.04174347164736364,3.9945154498617037,0.10039881186226612,0.030469935077207185,3.295012332906765
2000,38,qcd,1063,0.5315,240,0.9386047439716074,0.0,0.9386047439716074,0.9999999989345888,0.0,0.002549509756796392,0.25590898231896003,0.0029999999999999983,0.36124176857949203,0.002,0.28645343367826903,0.7666980244590781,0.19190968955785512,0.041392285983066796,0.3356231599607458,0.32875368007850836,0.3356231599607458,-0.36124176857949203,2.6055142512222558,2.607641541076628,2.6075550142165436,1.000783247680695,0.045332702828932016,0.005608906836598686,0.45336015715209776,0.02504307984710117,18.10321094370411,0.5477225575051662,0.13483997249264842,4.06201920231798,0.0020653384332028945,0.03197647396955397,0.06458931135338382,0.1669727418463112,0.05871011441369175,2.8440200383491603,0.10029615853038322,0.030498585704202042,3.288551131620657
2000,38,shuffle_b,1063,0.5315,240,0.9386047439716074,0.0,0.9386047439716074,0.9999999989345888,0.0,0.0025495097567963926,0.25590898231896003,0.0029999999999999983,0.36124176857949203,0.002,0.28645343367826903,0.7666980244590781,0.19190968955785512,0.041392285983066796,0.3356231599607458,0.32875368007850836,0.3356231599607458,-0.36124176857949203,2.6055142512222558,2.607641541076628,2.6075550142165436,1.000783247680695,0.045332702828932016,0.005608906836598686,0.45336015715209776,0.02504307984710117,18.10321094370411,0.5477225575051662,0.13483997249264842,4.06201920231798,0.0020653384332028945,0.03197647396955397,0.06458931135338382,0.1669727418463112,0.05871011441369175,2.8440200383491603,0.10029615853038322,0.030498585704202042,3.288551131620657
2000,38,shuffle_e,1034,0.517,240,0.9386047439716074,2.8259535950768915,2.8259535950768915,3.010802587794691,0.005,0.002549509756796392,0.2928866970636202,0.0029999999999999983,0.2988394584139265,0.002,0.0019342359767891683,0.7823984526112185,0.14603481624758222,0.07156673114119923,0.31875,0.35,0.33125,-0.2988394584139265,7.9374832337555485,7.94759803202967,7.942766383198995,1.0006655950365952,0.02593849798113041,0.02224391302506523,0.4281184213953367,0.02539183580595128,16.860475338100418,0.18170525744834176,0.10397504898200727,1.747585206521861,0.010403280735848865,0.032094832698578324,0.3241419213351964,0.16391744027362562,0.05059120515608257,3.2400382589802343,0.06411497187444429,0.03092331635098279,2.073353683891237
2000,38,shuffle_w,1055,0.5275,240,0.9386047439716074,0.0,0.9386047439716074,0.9999999989345888,0.0,0.002549509756796392,0.25784952436498065,0.0029999999999999983,0.3639810426540284,0.002,0.013744075829383886,0.7725118483412322,0.18578199052132702,0.04170616113744076,0.334322453016815,0.3293768545994065,0.3363006923837784,-0.3639810426540284,2.6090588463583018,2.6101290712931573,2.6093274572583383,1.0001029531780823,0.044144243656188346,0.005043540567351899,0.45957457812014413,0.025137850591995053,18.282174780149738,0.5477225575051662,0.13483997249264842,4.06201920231798,0.0020653384332028945,0.03197647396955397,0.06458931135338382,0.1669727418463112,0.05871011441369175,2.8440200383491603,0.10032673256905089,0.030614001767363768,3.2771518513468165
2000,38,shuffle_h,1063,0.5315,240,0.9386047439716074,0.0,0.9386047439716074,0.9999999989345888,0.0,0.002549509756796392,0.25590898231896003,0.0029999999999999983,0.36124176857949203,0.002,0.28645343367826903,0.7666980244590781,0.19190968955785512,0.041392285983066796,0.3356231599607458,0.32875368007850836,0.3356231599607458,-0.36124176857949203,2.6055142512222553,2.607641541076628,2.6075550142165436,1.0007832476806953,0.04533270282893208,0.005608906836598686,0.45336015715209776,0.02504307984710117,18.10321094370411,0.5477225575051662,0.13483997249264842,4.06201920231798,0.0020653384332028945,0.03197647396955397,0.06458931135338382,0.1669727418463112,0.05871011441369175,2.8440200383491603,0.10029615853038322,0.030498585704202042,3.288551131620657
2000,39,qcd,1057,0.5285,240,0.9386047439716074,0.0,0.9386047439716074,0.9999999989345888,0.0,0.0011180339887498947,0.3612515606743805,0.0010000000000000005,0.27404604225796275,0.001,0.15657521286660359,0.7682119205298014,0.1901608325449385,0.041627246925260174,0.32872655478775914,0.33464955577492594,0.3366238894373149,0.27404604225796275,2.6063296388179373,2.6071633403167955,2.6074270259973424,1.000421046963155,0.04530618028627546,0.0058122809255201306,0.30043566028840013,0.025114057069775524,11.962848513630677,0.5477225575051662,0.13483997249264842,4.06201920231798,0.0033349911349080255,0.03203548935160373,0.10410301832149388,0.06701964169640012,0.037405573845785474,1.7917020060354267,0.10032683450160076,0.030585024948975307,3.280260018390537
2000,39,shuffle_b,1057,0.5285,240,0.9386047439716074,0.0,0.9386047439716074,0.9999999989345888,0.0,0.0011180339887498947,0.3612515606743805,0.0010000000000000005,0.27404604225796275,0.001,0.15657521286660359,0.7682119205298014,0.1901608325449385,0.041627246925260174,0.32872655478775914,0.33464955577492594,0.3366238894373149,0.27404604225796275,2.6063296388179373,2.6071633403167955,2.6074270259973424,1.000421046963155,0.04530618028627546,0.0058122809255201306,0.30043566028840013,0.025114057069775524,11.962848513630677,0.5477225575051662,0.13483997249264842,4.06201920231798,0.0033349911349080255,0.03203548935160373,0.10410301832149388,0.06701964169640012,0.037405573845785474,1.7917020060354267,0.10032683450160076,0.030585024948975307,3.280260018390537
2000,39,shuffle_e,995,0.4975,240,0.9386047439716074,2.824048059148577,2.824048059148577,3.0087724084902256,0.004,0.0011180339887498947,0.3760943141796398,0.001,0.207035175879397,0.001,0.001507537688442211,0.8040201005025126,0.13768844221105528,0.05829145728643216,0.3265741728922092,0.33724653148345785,0.33617929562433296,0.207035175879397,7.9491116481512245,7.963258869712536,7.923827568228193,0.9968192571645522,0.02348683145105401,0.008312573066914195,0.3656698900509214,0.025884681771633982,14.126883740623954,0.34275237627004623,0.11744404390294069,2.9184313216710005,0.0188469714631644,0.03227486121839514,0.5839520528262573,0.054211225406427255,0.037185862260295195,1.4578450548479203,0.0806473868487742,0.03152352626985521,2.5583237788309976
2000,39,shuffle_w,1054,0.527,240,0.9386047439716074,0.0,0.9386047439716074,0.9999999989345888,0.0,0.0011180339887498947,0.36227979092297935,0.0010000000000000005,0.27482605945604044,0.001,0.012333965844402278,0.7703984819734345,0.18785578747628084,0.04174573055028463,0.3297029702970297,0.3346534653465347,0.33564356435643566,0.27482605945604044,2.6063286339528036,2.608054552718335,2.6105366247884074,1.001614528107003,0.04463259193942408,0.004501050065011837,0.30284931175274027,0.025149772741392844,12.041830948805936,0.5477225575051662,0.13483997249264842,4.06201920231798,0.0033349911349080255,0.03203548935160373,0.10410301832149388,0.06701964169640012,0.037405573845785474,1.7917020060354267,0.10033536652322671,0.030628521095553703,3.2758802232143114
2000,39,shuffle_h,1057,0.5285,240,0.9386047439716074,0.0,0.9386047439716074,0.9999999989345888,0.0,0.0011180339887498947,0.3612515606743805,0.0010000000000000005,0.27404604225796275,0.001,0.15562913907284767,0.7682119205298014,0.1901608325449385,0.041627246925260174,0.32872655478775914,0.33464955577492594,0.3366238894373149,0.27404604225796275,2.6063296388179373,2.6071633403167955,2.6074270259973424,1.000421046963155,0.04530618028627546,0.0058122809255201306,0.30043566028840013,0.025114057069775524,11.962848513630677,0.5477225575051662,0.13483997249264842,4.06201920231798,0.0033349911349080255,0.03203548935160373,0.10410301832149388,0.06701964169640012,0.037405573845785474,1.7917020060354267,0.10032683450160076,0.030585024948975307,3.280260018390537
2000,40,qcd,1059,0.5295,240,0.9386047439716074,0.0,0.9386047439716074,0.9999999989345888,0.0,0.0011180339887498947,0.2559087629587475,0.0008333333333333328,0.3616619452313503,0.00125,0.28800755429650615,0.7677053824362606,0.18980169971671387,0.042492917847025496,0.33629191321499013,0.33136094674556216,0.3323471400394477,0.3616619452313503,2.610641782632726,2.6109730543929266,2.6091675913277084,0.9994353145978032,0.04203616350490452,0.0036899974228539745,0.45319286598280645,0.02509033098316605,18.062450682171903,0.5479479113750201,0.13333333333333333,4.10960933531265,0.005703332408053939,0.032015781266470776,0.17814128478029295,0.08314871239388072,0.04170501611488267,1.9937340909984358,0.10029951146213954,0.030556130256696946,3.2824677280643884
2000,40,shuffle_b,1059,0.5295,240,0.9386047439716074,0.0,0.9386047439716074,0.9999999989345888,0.0,0.0011180339887498947,0.2559087629587475,0.0008333333333333328,0.3616619452313503,0.00125,0.28800755429650615,0.7677053824362606,0.18980169971671387,0.042492917847025496,0.33629191321499013,0.33136094674556216,0.3323471400394477,0.3616619452313503,2.610641782632726,2.6109730543929266,2.6091675913277084,0.9994353145978032,0.04203616350490452,0.0036899974228539745,0.45319286598280645,0.02509033098316605,18.062450682171903,0.5479479113750201,0.13333333333333333,4.10960933531265,0.005703332408053939,0.032015781266470776,0.17814128478029295,0.08314871239388072,0.04170501611488267,1.9937340909984358,0.10029951146213954,0.030556130256696946,3.2824677280643884
2000,40,shuffle_e,1029,0.5145,240,0.9386047439716074,2.8266795360858326,2.8266795360858326,3.011576013470227,0.005,0.0011180339887498947,0.1616988343402002,0.0008333333333333348,0.39747327502429536,0.00125,0.0029154518950437317,0.7842565597667639,0.16229348882410108,0.05344995140913508,0.3316221765913758,0.35626283367556466,0.31211498973305957,0.39747327502429536,7.941188824774447,7.948952447384491,7.953882932600605,1.0015985147949833,0.023635267530965263,0.03128750786622693,0.5453427909004881,0.025453451610707084,21.425101759915645,0.409797369803078,0.12060453783110545,3.3978602892783196,0.019884518631823063,0.03213457863665412,0.6187888397933403,0.062003584125794244,0.04346134936801766,1.4266373462261033,0.045560616159194475,0.030998354841198516,1.4697752959018946
2000,40,shuffle_w,1056,0.528,240,0.9386047439716074,0.0,0.9386047439716074,0.9999999989345888,0.0,0.0011180339887498947,0.2566357764898804,0.0008333333333333328,0.36268939393939387,0.00125,0.010416666666666666,0.7698863636363636,0.1875,0.04261363636363636,0.33728981206726016,0.3293768545994065,0.3333333333333333,0.36268939393939387,2.611251947912054,2.6141262458506223,2.6104025095363994,0.9996747007211105,0.041147363945198856,0.005595305884760043,0.45550915832676653,0.025125945381480302,18.129035600885718,0.5479479113750201,0.13333333333333333,4.10960933531265,0.005703332408053939,0.032015781266470776,0.17814128478029295,0.08314871239388072,0.04170501611488267,1.9937340909984358,0.10033581673166612,0.03059950306810523,3.2790015088921205
2000,40,shuffle_h,1059,0.5295,240,0.9386047439716074,0.0,0.9386047439716074,0.9999999989345888,0.0,0.0011180339887498947,0.2559087629587475,0.0008333333333333328,0.36166194523135026,0.00125,0.2898961284230406,0.7677053824362606,0.18980169971671387,0.042492917847025496,0.33629191321499013,0.33136094674556216,0.3323471400394477,0.36166194523135026,2.610641782632726,2.6109730543929266,2.6091675913277084,0.9994353145978032,0.04203616350490447,0.0036899974228539745,0.45319286598280645,0.02509033098316605,18.062450682171903,0.5479479113750201,0.13333333333333333,4.10960933531265,0.005703332408053939,0.032015781266470776,0.17814128478029295,0.08314871239388072,0.04170501611488267,1.9937340909984358,0.10029951146213954,0.030556130256696946,3.2824677280643884
4000,1,qcd,2125,0.53125,240,0.9386047439716074,0.0,0.9386047439716074,0.9999999989345888,0.0,0.0020155644370746374,0.3607079544086912,0.00175,0.19215686274509802,0.00125,0.16,0.7665882352941177,0.19058823529411764,0.042823529411764705,0.336283185840708,0.3308751229105211,0.3328416912487709,0.19215686274509802,2.63822972494914,2.638329281997868,2.638246015553893,1.0000061748242008,0.015187497918762073,0.00387119364504025,0.3030166820048709,0.017712297710801905,17.107700364593306,0.5477776731314067,0.09376144618769909,5.842248551017675,0.0014396610680857634,0.022617720597839827,0.06365190788603439,0.1922716715763256,0.034062459691736297,5.64467960671001,0.10024483848449336,0.021570830466914943,4.647240570466102
4000,1,shuffle_b,2125,0.53125,240,0.9386047439716074,0.0,0.9386047439716074,0.9999999989345888,0.0,0.0020155644370746374,0.3607079544086912,0.00175,0.19215686274509802,0.00125,0.16,0.7665882352941177,0.19058823529411764,0.042823529411764705,0.336283185840708,0.3308751229105211,0.3328416912487709,0.19215686274509802,2.63822972494914,2.638329281997868,2.638246015553893,1.0000061748242008,0.015187497918762073,0.00387119364504025,0.3030166820048709,0.017712297710801905,17.107700364593306,0.5477776731314067,0.09376144618769909,5.842248551017675,0.0014396610680857634,0.022617720597839827,0.06365190788603439,0.1922716715763256,0.034062459691736297,5.64467960671001,0.10024483848449336,0.021570830466914943,4.647240570466102
4000,1,shuffle_e,2050,0.5125,240,0.9386047439716074,2.8275981357336453,2.8275981357336453,3.01255469981582,0.00475,0.0020155644370746374,0.15774360781365376,0.0017500000000000005,0.4063414634146341,0.00125,0.010731707317073172,0.8043902439024391,0.1419512195121951,0.05365853658536585,0.3479381443298969,0.3288659793814433,0.3231958762886598,0.4063414634146341,7.985471344657352,7.980226543561516,7.982400911127067,0.9996154975207144,0.007504474334291259,0.018331006271053756,0.5569169544468074,0.018033392693348645,30.882539071653344,0.4148085289654485,0.08528028654224418,4.864061153921783,0.0067210552126728594,0.02248014194545962,0.2989774365739862,0.0814928746832629,0.0380888371478527,2.1395474576166507,0.04132516083024153,0.02196187433628649,1.8816773194062977
4000,1,shuffle_w,2115,0.52875,240,0.9386047439716074,0.0,0.9386047439716074,0.9999999989345888,0.0,0.0020155644370746374,0.36241342937043436,0.00175,0.1930654058313633,0.00125,0.014657210401891253,0.7702127659574468,0.1867612293144208,0.04302600472813239,0.33547430830039526,0.3310276679841897,0.33349802371541504,0.1930654058313633,2.639190996401214,2.638996419099737,2.6386532730952266,0.999796254493623,0.014857038149247177,0.003150712527949461,0.3070353210521563,0.017754121376376917,17.29374912693162,0.5477776731314067,0.09376144618769909,5.842248551017675,0.0014396610680857634,0.022617720597839827,0.06365190788603439,0.1922716715763256,0.034062459691736297,5.64467960671001,0.10028328105088888,0.021621765202450318,4.638070948967854
4000,1,shuffle_h,2125,0.53125,240,0.9386047439716074,0.0,0.9386047439716074,0.9999999989345888,0.0,0.0020155644370746374,0.3607079544086912,0.00175,0.19215686274509802,0.00125,0.16,0.7665882352941177,0.19058823529411764,0.042823529411764705,0.336283185840708,0.3308751229105211,0.3328416912487709,0.19215686274509802,2.63822972494914,2.638329281997868,2.638246015553893,1.0000061748242008,0.015187497918762073,0.00387119364504025,0.3030166820048709,0.017712297710801905,17.107700364593306,0.5477776731314067,0.09376144618769909,5.842248551017675,0.0014396610680857634,0.022617720597839827,0.06365190788603439,0.1922716715763256,0.034062459691736297,5.64467960671001,0.10024483848449336,0.021570830466914943,4.647240570466102
4000,2,qcd,2122,0.5305,240,0.9386047439716074,0.0,0.9386047439716074,0.9999999989345888,0.0,0.00248746859276655,0.3612292828847868,0.00275,0.27835375431982406,0.001875,0.16046182846371349,0.765315739868049,0.19274269557021678,0.041941564561734215,0.33448106246925724,0.3339891785538613,0.3315297589768815,-0.27835375431982406,2.6378305802074027,2.6372612180200576,2.6376843868118964,0.9999445781709397,0.015837893363426583,0.002236134070664982,0.30228064415534345,0.017724813763036796,17.054094231766623,0.5477801779391184,0.09480909262799544,5.777717756338579,0.0018811887089309545,0.022652511759148432,0.08304547985373933,0.33340696910017503,0.05947474346543092,5.605858044498576,0.10024062028278834,0.0215860730766137,4.643763593638011
4000,2,shuffle_b,2122,0.5305,240,0.9386047439716074,0.0,0.9386047439716074,0.9999999989345888,0.0,0.00248746859276655,0.3612292828847868,0.00275,0.27835375431982406,0.001875,0.16046182846371349,0.765315739868049,0.19274269557021678,0.041941564561734215,0.33448106246925724,0.3339891785538613,0.3315297589768815,-0.27835375431982406,2.6378305802074027,2.6372612180200576,2.6376843868118964,0.9999445781709397,0.015837893363426583,0.002236134070664982,0.30228064415534345,0.017724813763036796,17.054094231766623,0.5477801779391184,0.09480909262799544,5.777717756338579,0.0018811887089309545,0.022652511759148432,0.08304547985373933,0.33340696910017503,0.05947474346543092,5.605858044498576,0.10024062028278834,0.0215860730766137,4.643763593638011
4000,2,shuffle_e,2029,0.50725,240,0.9386047439716074,2.8275513769161384,2.8275513769161384,3.0125048824483316,0.006,0.00248746859276655,0.20452297082422186,0.00275,0.3706259241005421,0.001875,0.006899950714637753,0.7934943321833415,0.1508132084770823,0.055692459339576145,0.34498956158663885,0.32411273486430064,0.33089770354906056,-0.3706259241005421,7.983823398286178,7.976528629217613,7.980653354819342,0.9996029416848679,0.008164323224057489,0.015060524083388403,0.48280054226511004,0.01812647460620561,26.635104329653984,0.3940985286025453,0.08414063238233425,4.683807542731142,0.010117425857449791,0.022750787759664503,0.44470661694568897,0.0875549964689269,0.044173877991252275,1.9820536581883381,0.04978641205979289,0.02207523366405734,2.255306232198783
4000,2,shuffle_w,2117,0.52925,240,0.9386047439716074,0.0,0.9386047439716074,0.9999999989345888,0.0,0.00248746859276655,0.3620824460470088,0.00275,0.2790111793418359,0.001875,0.007557864903164856,0.7671232876712328,0.19083608880491262,0.042040623523854515,0.3348126232741617,0.3343195266272189,0.33086785009861935,-0.2790111793418359,2.63809168196044,2.6379421249807278,2.6382646290778444,1.0000655576599506,0.0155682687412713,0.0030396518752312213,0.30426958026438694,0.017745732941523408,17.14607005904071,0.5477801779391184,0.09480909262799544,5.777717756338579,0.0018811887089309545,0.022652511759148432,0.08304547985373933,0.33340696910017503,0.05947474346543092,5.605858044498576,0.10024520260301052,0.021611549390303176,4.63850142313208
4000,2,shuffle_h,2122,0.5305,240,0.9386047439716074,0.0,0.9386047439716074,0.9999999989345888,0.0,0.00248746859276655,0.3612292828847868,0.00275,0.27835375431982406,0.001875,0.1623468426013195,0.765315739868049,0.19274269557021678,0.041941564561734215,0.33448106246925724,0.3339891785538613,0.3315297589768815,-0.27835375431982406,2.6378305802074027,2.6372612180200576,2.6376843868118964,0.9999445781709397,0.015837893363426583,0.002236134070664982,0.30228064415534345,0.017724813763036796,17.054094231766623,0.5477801779391184,0.09480909262799544,5.777717756338579,0.0018811887089309545,0.022652511759148432,0.08304547985373933,0.33340696910017503,0.05947474346543092,5.605858044498576,0.10024062028278834,0.0215860730766137,4.643763593638011
4000,3,qcd,2118,0.5295,240,0.9386047439716074,0.0,0.9386047439716074,0.9999999989345888,0.0,0.0022500000000000003,0.2573359836548387,0.001833333333333333,0.3622914699401951,0.001625,0.28824362606232296,0.7667610953729934,0.19121813031161472,0.042020774315391876,0.33218334154756035,0.3351404632824051,0.3326761951700345,0.3622914699401951,2.637856713505373,2.6378180184534727,2.6375198308032446,0.9998722892337542,0.015774942447022735,0.0022405424177732555,0.4543468385018865,0.01774154318041165,25.60920625008137,0.5477801779391184,0.09480909262799544,5.777717756338579,0.00355511249501001,0.022652511759148432,0.1569412051435861,0.08571693934098605,0.029571702634576504,2.8986135969310785,0.10025282729148538,0.021606446911329853,4.639949719771622
4000,3,shuffle_b,2118,0.5295,240,0.9386047439716074,0.0,0.9386047439716074,0.9999999989345888,0.0,0.0022500000000000003,0.2573359836548387,0.001833333333333333,0.3622914699401951,0.001625,0.28824362606232296,0.7667610953729934,0.19121813031161472,0.042020774315391876,0.33218334154756035,0.3351404632824051,0.3326761951700345,0.3622914699401951,2.637856713505373,2.6378180184534727,2.6375198308032446,0.9998722892337542,0.015774942447022735,0.0022405424177732555,0.4543468385018865,0.01774154318041165,25.60920625008137,0.5477801779391184,0.09480909262799544,5.777717756338579,0.0035551124950100096,0.022652511759148432,0.15694120514358606,0.08571693934098605,0.029571702634576504,2.8986135969310785,0.10025282729148538,0.021606446911329853,4.639949719771622
4000,3,shuffle_e,2060,0.515,240,0.9386047439716074,2.827441324552328,2.827441324552328,3.0123876314282403,0.00475,0.0022500000000000003,0.2843786107797435,0.0018333333333333353,0.29530744336569575,0.001625,0.005339805825242718,0.8033980582524272,0.1441747572815534,0.05242718446601942,0.32633196721311475,0.3386270491803279,0.3350409836065574,0.29530744336569575,7.9841381993799025,7.982547344662023,7.976679914108224,0.9990658622026034,0.008141499512863972,0.008941958648624357,0.42964885656088125,0.017989569074028863,23.88322114847963,0.41296711507628636,0.08606629658238704,4.7982442776653365,0.005945856765005238,0.022439355443260013,0.264974490022224,0.12767800352478229,0.03191893123088132,4.000071387141396,0.06326921057501532,0.021908503967392048,2.8878836578336564
4000,3,shuffle_w,2107,0.52675,240,0.9386047439716074,0.0,0.9386047439716074,0.9999999989345888,0.0,0.0022500000000000003,0.25867945580491136,0.001833333333333333,0.36418288245530767,0.001625,0.009254864736592311,0.770764119601329,0.18699572852396773,0.04224015187470337,0.33250743310208125,0.3354806739345887,0.33201189296333,0.36418288245530767,2.638544115053263,2.6383938308492594,2.638629490264517,1.000032356939104,0.015389901028542983,0.0026531844076988892,0.4586173301341052,0.01778779446756258,25.78269784769716,0.5477801779391184,0.09480909262799544,5.777717756338579,0.00355511249501001,0.022652511759148432,0.1569412051435861,0.08571693934098605,0.029571702634576504,2.8986135969310785,0.10027786982647813,0.02166277380297875,4.629041079341805
4000,3,shuffle_h,2118,0.5295,240,0.9386047439716074,0.0,0.9386047439716074,0.9999999989345888,0.0,0.0022500000000000003,0.2573359836548387,0.001833333333333333,0.3622914699401951,0.001625,0.29390934844192634,0.7667610953729934,0.19121813031161472,0.042020774315391876,0.33218334154756035,0.3351404632824051,0.3326761951700345,0.3622914699401951,2.637856713505373,2.6378180184534727,2.6375198308032446,0.9998722892337542,0.015774942447022735,0.0022405424177732555,0.4543468385018865,0.01774154318041165,25.60920625008137,0.5477801779391184,0.09480909262799544,5.777717756338579,0.00355511249501001,0.022652511759148432,0.1569412051435861,0.08571693934098605,0.029571702634576504,2.8986135969310785,0.10025282729148538,0.021606446911329853,4.639949719771622
4000,4,qcd,2119,0.52975,240,0.9386047439716074,0.0,0.9386047439716074,0.9999999989345888,0.0,0.0016583123951777001,0.4413914607143689,0.0014166666666666661,0.19065596979707408,0.000875,0.03114676734308636,0.7645115620575743,0.19348749410099103,0.042000943841434636,0.3334975369458128,0.33251231527093594,0.33399014778325126,-0.19065596979707408,2.6387508426306803,2.638178269108958,2.6375473010747665,0.9995438972348318,0.015416442752103625,0.0010641610342213513,0.2032705934133312,0.017737356385502515,11.460027582209081,0.5477801779391184,0.09480909262799544,5.777717756338579,0.001952023247017518,0.022680460581325723,0.08606629658238704,0.0,0.97182531580755,0.0,0.10026038973151007,0.021601348044731107,4.641395042748968
4000,4,shuffle_b,2119,0.52975,240,0.9386047439716074,0.0,0.9386047439716074,0.9999999989345888,0.0,0.0016583123951777001,0.4413914607143689,0.0014166666666666661,0.19065596979707408,0.000875,0.03114676734308636,0.7645115620575743,0.19348749410099103,0.042000943841434636,0.3334975369458128,0.33251231527093594,0.33399014778325126,-0.19065596979707408,2.6387508426306803,2.638178269108958,2.6375473010747665,0.9995438972348318,0.015416442752103625,0.0010641610342213513,0.2032705934133312,0.017737356385502515,11.460027582209081,0.5477801779391184,0.09480909262799544,5.777717756338579,0.001952023247017518,0.022680460581325723,0.08606629658238704,0.0,0.97182531580755,0.0,0.10026038973151007,0.021601348044731107,4.641395042748968
4000,4,shuffle_e,1907,0.47675,240,0.9386047439716074,2.827743492743729,2.827743492743729,3.012709564801175,0.00475,0.0016583123951777001,0.10294497728386942,0.001416666666666667,0.4539416185981472,0.000875,0.00865233350812795,0.7687467226009439,0.17461982170949134,0.05663345568956476,0.33351862145636463,0.3424124513618677,0.32406892718176766,-0.4539416185981472,7.9790847099756546,7.983580821651984,7.984168730312392,1.0006371683622286,0.008361833619726729,0.012972815315333917,0.6221983230831406,0.01869730549174491,33.27743258823304,0.41296711507628636,0.08606629658238704,4.7982442776653365,0.04964719089128548,0.023841983979756183,2.082343102547173,0.06378390812359964,0.04063405777333407,1.5697154460772944,0.03773296266381158,0.0227704171155944,1.65710458759976
4000,4,shuffle_w,2114,0.5285,240,0.9386047439716074,0.0,0.9386047439716074,0.9999999989345888,0.0,0.0016583123951777001,0.44243543294879273,0.0014166666666666661,0.19110690633869443,0.000875,0.004966887417218543,0.7663197729422895,0.19157994323557237,0.042100283822138124,0.3328395061728395,0.3323456790123457,0.3348148148148148,-0.19110690633869443,2.639518335510367,2.638688863838796,2.637648618597334,0.9992916446580882,0.015177957996796651,0.0018477320428512982,0.20563707002315398,0.017758320057144228,11.579759198023101,0.5477801779391184,0.09480909262799544,5.777717756338579,0.001952023247017518,0.022680460581325723,0.08606629658238704,0.0,0.97182531580755,0.0,0.10027329182605312,0.02162687854418018,4.636512459308964
4000,4,shuffle_h,2119,0.52975,240,0.9386047439716074,0.0,0.9386047439716074,0.9999999989345888,0.0,0.0016583123951777001,0.4413914607143689,0.0014166666666666661,0.19065596979707408,0.000875,0.03209060877772534,0.7645115620575743,0.19348749410099103,0.042000943841434636,0.3334975369458128,0.33251231527093594,0.33399014778325126,-0.19065596979707408,2.6387508426306803,2.638178269108958,2.6375473010747665,0.9995438972348318,0.015416442752103625,0.0010641610342213513,0.2032705934133312,0.017737356385502515,11.460027582209081,0.5477801779391184,0.09480909262799544,5.777717756338579,0.001952023247017518,0.022680460581325723,0.08606629658238704,0.0,0.97182531580755,0.0,0.10026038973151007,0.021601348044731107,4.641395042748968
4000,5,qcd,2118,0.5295,240,0.9386047439716074,0.0,0.9386047439716074,0.9999999989345888,0.0,0.0020155644370746374,0.3625702664528711,0.003,0.2788794460182562,0.0025,0.16170915958451368,0.767233238904627,0.1907459867799811,0.042020774315391876,0.3336619024149827,0.33316904879250864,0.33316904879250864,0.2788794460182562,2.638424461533731,2.6378741559265695,2.6384014867578247,0.9999912922366203,0.015301648708096352,0.0004024132976479368,0.3042400011711252,0.01774154318041165,17.14845197384155,0.5477801779391184,0.09480909262799544,5.777717756338579,0.003631985889153994,0.022645540682891915,0.16038415421442595,0.06721845938115541,0.026391152932945566,2.54700730778771,0.10024838004615608,0.021606446911329853,4.639743890217714
4000,5,shuffle_b,2118,0.5295,240,0.9386047439716074,0.0,0.9386047439716074,0.9999999989345888,0.0,0.0020155644370746374,0.3625702664528711,0.003,0.2788794460182562,0.0025,0.16170915958451368,0.767233238904627,0.1907459867799811,0.042020774315391876,0.3336619024149827,0.33316904879250864,0.33316904879250864,0.2788794460182562,2.638424461533731,2.6378741559265695,2.6384014867578247,0.9999912922366203,0.015301648708096352,0.0004024132976479368,0.3042400011711252,0.01774154318041165,17.14845197384155,0.5477801779391184,0.09480909262799544,5.777717756338579,0.0036319858891539934,0.022645540682891915,0.16038415421442595,0.06721845938115541,0.026391152932945566,2.54700730778771,0.10024838004615608,0.021606446911329853,4.639743890217714
4000,5,shuffle_e,2020,0.505,240,0.9386047439716074,2.827427859845443,2.827427859845443,3.01237328597883,0.00675,0.0020155644370746374,0.29311864048247477,0.003,0.2991749174917491,0.0025,0.004455445544554455,0.800990099009901,0.14158415841584157,0.05742574257425743,0.33403361344537813,0.33560924369747897,0.33035714285714285,0.2991749174917491,7.9840339675756065,7.975442684592052,7.980843503648463,0.9996003944948004,0.008411584367495001,0.0038115443027095875,0.4286210162345658,0.01816681048781899,23.593630622280124,0.38541328559539356,0.08304547985373997,4.640990530420018,0.010476458290145142,0.022694473842212473,0.4616303670657736,0.06936539307955665,0.02824309955852354,2.4560120583019627,0.06474901016549248,0.022124356509564007,2.9265940520124287
4000,5,shuffle_w,2109,0.52725,240,0.9386047439716074,0.0,0.9386047439716074,0.9999999989345888,0.0,0.0020155644370746374,0.3641175079882318,0.003,0.280069543227438,0.0025,0.006164058795637743,0.7705073494547179,0.18729255571360834,0.04220009483167378,0.3336633663366337,0.3326732673267327,0.3336633663366337,0.280069543227438,2.6390882781432774,2.638792948530843,2.6391167863605345,1.0000108022977077,0.014903962285359658,0.0008084124563640858,0.3078474807620371,0.017779358235422166,17.314881487044143,0.5477801779391184,0.09480909262799544,5.777717756338579,0.003631985889153994,0.022645540682891915,0.16038415421442595,0.06721845938115541,0.026391152932945566,2.54700730778771,0.10027166949380917,0.021652499781152128,4.63095118380247
4000,5,shuffle_h,2118,0.5295,240,0.9386047439716074,0.0,0.9386047439716074,0.9999999989345888,0.0,0.0020155644370746374,0.3625702664528711,0.003,0.2788794460182562,0.0025,0.15982058545797923,0.767233238904627,0.1907459867799811,0.042020774315391876,0.3336619024149827,0.33316904879250864,0.33316904879250864,0.2788794460182562,2.638424461533731,2.6378741559265695,2.6384014867578247,0.9999912922366203,0.015301648708096352,0.0004024132976479368,0.3042400011711252,0.01774154318041165,17.14845197384155,0.5477801779391184,0.09480909262799544,5.777717756338579,0.003631985889153994,0.022645540682891915,0.16038415421442595,0.06721845938115541,0.026391152932945566,2.54700730778771,0.10024838004615608,0.021606446911329853,4.639743890217714
4000,6,qcd,2120,0.53,240,0.9386047439716074,0.0,0.9386047439716074,0.9999999989345888,0.0,0.00248746859276655,0.36155868071625885,0.0004166666666666661,0.27562893081761003,0.0005,0.1589622641509434,0.7655660377358491,0.19103773584905662,0.04339622641509434,0.33530571992110453,0.3338264299802761,0.33086785009861935,-0.27562893081761003,2.638603187177606,2.638364072037431,2.638910811453132,1.000116586031966,0.014879404808074233,0.0031956315080906347,0.2996767076514571,0.017733172553297715,16.89921567902007,0.5477225575051662,0.09325048082403138,5.873670062235366,0.0031113693587067354,0.022659489277182122,0.13730977431339783,0.3335163927533633,0.059253235271401396,5.628661308124979,0.10026567103042222,0.02159625278624656,4.642734645812064
4000,6,shuffle_b,2120,0.53,240,0.9386047439716074,0.0,0.9386047439716074,0.9999999989345888,0.0,0.00248746859276655,0.36155868071625885,0.0004166666666666661,0.27562893081761003,0.0005,0.1589622641509434,0.7655660377358491,0.19103773584905662,0.04339622641509434,0.33530571992110453,0.3338264299802761,0.33086785009861935,-0.27562893081761003,2.638603187177606,2.638364072037431,2.638910811453132,1.000116586031966,0.014879404808074233,0.0031956315080906347,0.2996767076514571,0.017733172553297715,16.89921567902007,0.5477225575051662,0.09325048082403138,5.873670062235366,0.0031113693587067354,0.022659489277182122,0.13730977431339783,0.3335163927533633,0.059253235271401396,5.628661308124979,0.10026567103042222,0.02159625278624656,4.642734645812064
4000,6,shuffle_e,2034,0.5085,240,0.9386047439716074,2.8267286992026883,2.8267286992026883,3.0116283924051506,0.00625,0.00248746859276655,0.3774658747425246,0.0004166666666666643,0.19485414618157984,0.0005,0.0022123893805309734,0.80039331366765,0.14208456243854473,0.05752212389380531,0.33854981742305684,0.33437663015127805,0.3270735524256651,-0.19485414618157984,7.97867615631837,7.97806681141288,7.980969586988296,1.0002874450128059,0.008034500470680515,0.008214927359428066,0.3428709218873159,0.018104181553118947,18.938769525775488,0.39345956810517224,0.0826898230594723,4.758258677397189,0.0033267970534954826,0.022624666005833367,0.14704292441876168,0.33478788569698725,0.056678003401133735,5.9068397898132465,0.08110619502344413,0.022048084184267996,3.678605104443313
4000,6,shuffle_w,2108,0.527,240,0.9386047439716074,0.0,0.9386047439716074,0.9999999989345888,0.0,0.00248746859276655,0.3636168895248903,0.0004166666666666661,0.27719797596457935,0.0005,0.0056925996204933585,0.7699240986717267,0.1864326375711575,0.04364326375711575,0.33630952380952384,0.33283730158730157,0.3308531746031746,-0.27719797596457935,2.6392912529757404,2.639454135178429,2.639511503549576,1.000083450651226,0.014497007255593953,0.0039057578740138237,0.30448190379847284,0.01778357485073947,17.121524010444503,0.5477225575051662,0.09325048082403138,5.873670062235366,0.0031113693587067354,0.022659489277182122,0.13730977431339783,0.3335163927533633,0.059253235271401396,5.628661308124979,0.10030171778111313,0.021657634964381247,4.631240573870238
4000,6,shuffle_h,2120,0.53,240,0.9386047439716074,0.0,0.9386047439716074,0.9999999989345888,0.0,0.00248746859276655,0.36155868071625885,0.0004166666666666661,0.27562893081761003,0.0005,0.15566037735849056,0.7655660377358491,0.19103773584905662,0.04339622641509434,0.33530571992110453,0.3338264299802761,0.33086785009861935,-0.27562893081761003,2.638603187177606,2.638364072037431,2.638910811453132,1.000116586031966,0.014879404808074233,0.0031956315080906347,0.2996767076514571,0.017733172553297715,16.89921567902007,0.5477225575051662,0.09325048082403138,5.873670062235366,0.0031113693587067354,0.022659489277182122,0.13730977431339783,0.3335163927533633,0.059253235271401396,5.628661308124979,0.10026567103042222,0.02159625278624656,4.642734645812064
4000,7,qcd,2112,0.528,240,0.9386047439716074,0.0,0.9386047439716074,0.9999999989345888,0.0,0.001299038105676658,0.25474276911196153,0.0016666666666666661,0.36347853535353536,0.00125,0.2890625,0.7651515151515151,0.19270833333333334,0.04214015151515151,0.3351458230350964,0.33217993079584773,0.33267424616905583,0.36347853535353536,2.637767254947899,2.637440296918098,2.6380092355683225,1.0000917369111961,0.015769283398074815,0.002247187625141852,0.4550812616954547,0.017766726362967538,25.61424386228029,0.5477801779391184,0.09480909262799544,5.777717756338579,0.0020832312166588463,0.022708513109773735,0.09173789611800803,0.0838609329549177,0.029654190110384646,2.827962343357012,0.10024640186595683,0.021637116120395775,4.633075928795412
4000,7,shuffle_b,2112,0.528,240,0.9386047439716074,0.0,0.9386047439716074,0.9999999989345888,0.0,0.001299038105676658,0.25474276911196153,0.0016666666666666661,0.36347853535353536,0.00125,0.2890625,0.7651515151515151,0.19270833333333334,0.04214015151515151,0.3351458230350964,0.33217993079584773,0.33267424616905583,0.36347853535353536,2.637767254947899,2.637440296918098,2.6380092355683225,1.0000917369111961,0.015769283398074815,0.002247187625141852,0.4550812616954547,0.017766726362967538,25.61424386228029,0.5477801779391184,0.09480909262799544,5.777717756338579,0.0020832312166588463,0.022708513109773735,0.09173789611800803,0.0838609329549177,0.029654190110384646,2.827962343357012,0.10024640186595683,0.021637116120395775,4.633075928795412
4000,7,shuffle_e,2034,0.5085,240,0.9386047439716074,2.827723028493822,2.827723028493822,3.0126877619602914,0.00425,0.001299038105676658,0.05492986563284977,0.0016666666666666644,0.4413307112422156,0.00125,0.0019665683382497543,0.795968534906588,0.15191740412979352,0.05211406096361849,0.3355809128630705,0.33454356846473027,0.32987551867219916,0.4413307112422156,7.981505353368846,7.980405996943656,7.976939066327885,0.9994278915018163,0.009154140879685836,0.004297995468414941,0.6309593615676031,0.018104181553118947,34.85158164793718,0.4221948448359501,0.08687444855261388,4.859827623311539,0.017014780514806642,0.022687463965954988,0.7499639686630103,0.038728582258329,0.034685932911880074,1.1165501114448706,0.029511227695993243,0.022048084184267996,1.3384939684260837
4000,7,shuffle_w,2105,0.52625,240,0.9386047439716074,0.0,0.9386047439716074,0.9999999989345888,0.0,0.001299038105676658,0.25558989470995847,0.0016666666666666661,0.3646872525732383,0.00125,0.006888361045130641,0.7676959619952494,0.19002375296912113,0.04228028503562945,0.33482142857142855,0.3323412698412698,0.33283730158730157,0.3646872525732383,2.6385557571586666,2.6381813666152554,2.6384322990327504,0.9999532099613279,0.015427234639818816,0.0018559808466140518,0.45779820684613826,0.017796242719982643,25.724430378334645,0.5477801779391184,0.09480909262799544,5.777717756338579,0.0020832312166588463,0.022708513109773735,0.09173789611800803,0.0838609329549177,0.029654190110384646,2.827962343357012,0.10025689296060984,0.021673062463640983,4.625875698406819
4000,7,shuffle_h,2112,0.528,240,0.9386047439716074,0.0,0.9386047439716074,0.9999999989345888,0.0,0.001299038105676658,0.25474276911196153,0.0016666666666666661,0.3634785353535354,0.00125,0.28858901515151514,0.7651515151515151,0.19270833333333334,0.04214015151515151,0.3351458230350964,0.33217993079584773,0.33267424616905583,0.3634785353535354,2.637767254947899,2.637440296918098,2.6380092355683225,1.0000917369111961,0.015769283398074815,0.002247187625141852,0.4550812616954547,0.017766726362967538,25.61424386228029,0.5477801779391184,0.09480909262799544,5.777717756338579,0.0020832312166588463,0.022708513109773735,0.09173789611800803,0.0838609329549177,0.029654190110384646,2.827962343357012,0.10024640186595683,0.021637116120395775,4.633075928795412
4000,8,qcd,2120,0.53,240,0.9386047439716074,0.0,0.9386047439716074,0.9999999989345888,0.0,0.0024748737341529162,0.4425596785335552,0.00033333333333333435,0.19166666666666665,0.000375,0.030660377358490566,0.7665094339622641,0.19103773584905662,0.04245283018867924,0.3315270935960591,0.33497536945812806,0.3334975369458128,0.19166666666666665,2.6389436659382315,2.638760995910654,2.639203052596613,1.0000982918512924,0.014824183150904084,0.0024465787234402916,0.2063271747727893,0.017733172553297715,11.635096548723318,0.5479479113750201,0.09428090415820634,5.811865258054231,0.0036319858891539934,0.022645540682891915,0.16038415421442595,0.004156061454226623,0.02410801902265263,0.17239332067564161,0.10026789010147195,0.02159625278624656,4.642837398408623
4000,8,shuffle_b,2120,0.53,240,0.9386047439716074,0.0,0.9386047439716074,0.9999999989345888,0.0,0.0024748737341529162,0.4425596785335552,0.00033333333333333435,0.19166666666666665,0.000375,0.030660377358490566,0.7665094339622641,0.19103773584905662,0.04245283018867924,0.3315270935960591,0.33497536945812806,0.3334975369458128,0.19166666666666665,2.6389436659382315,2.638760995910654,2.639203052596613,1.0000982918512924,0.014824183150904084,0.0024465787234402916,0.2063271747727893,0.017733172553297715,11.635096548723318,0.5479479113750201,0.09428090415820634,5.811865258054231,0.003631985889153994,0.022645540682891915,0.16038415421442595,0.004156061454226624,0.02410801902265263,0.17239332067564164,0.10026789010147195,0.02159625278624656,4.642837398408623
4000,8,shuffle_e,2032,0.508,240,0.9386047439716074,2.8231204621972794,2.8231204621972794,3.007784136316803,0.00575,0.0024748737341529162,0.46172564886374856,0.000333333333333337,0.06955380577427821,0.000375,0.0012303149606299212,0.7997047244094488,0.14468503937007873,0.05561023622047244,0.3324648254299114,0.3397602918186555,0.327774882751433,0.06955380577427821,7.9727443287951,7.967582191727493,7.970118514278334,0.9996706511072627,0.007932570557543947,0.008541456212016147,0.24413549524314038,0.01811308890005546,13.478402087586113,0.39844635229041303,0.08414063238233425,4.7354808373661434,0.0036319858891539934,0.022645540682891915,0.16038415421442595,0.004156061454226623,0.02410801902265263,0.17239332067564161,0.09716026732139753,0.022058931950820627,4.404577136282566
4000,8,shuffle_w,2112,0.528,240,0.9386047439716074,0.0,0.9386047439716074,0.9999999989345888,0.0,0.0024748737341529162,0.44423604095224295,0.00033333333333333435,0.19239267676767677,0.000375,0.007339015151515152,0.7694128787878788,0.18797348484848486,0.04261363636363636,0.33283877349159247,0.33481701285855586,0.3323442136498516,0.19239267676767677,2.639042529918081,2.6395987160514287,2.6399507633626174,1.000344152636511,0.014546789034614555,0.0018504734850513997,0.2101291403504666,0.017766726362967538,11.827116377975733,0.5479479113750201,0.09428090415820634,5.811865258054231,0.0036319858891539934,0.022645540682891915,0.16038415421442595,0.004156061454226623,0.02410801902265263,0.17239332067564161,0.10029782515364515,0.021637116120395775,4.635452552713414
4000,8,shuffle_h,2120,0.53,240,0.9386047439716074,0.0,0.9386047439716074,0.9999999989345888,0.0,0.0024748737341529162,0.4425596785335552,0.00033333333333333435,0.19166666666666665,0.000375,0.03443396226415094,0.7665094339622641,0.19103773584905662,0.04245283018867924,0.3315270935960591,0.33497536945812806,0.3334975369458128,0.19166666666666665,2.6389436659382315,2.638760995910654,2.639203052596613,1.0000982918512924,0.014824183150904084,0.0024465787234402916,0.2063271747727893,0.017733172553297715,11.635096548723318,0.5479479113750201,0.09428090415820634,5.811865258054231,0.0036319858891539934,0.022645540682891915,0.16038415421442595,0.004156061454226623,0.02410801902265263,0.17239332067564161,0.10026789010147195,0.02159625278624656,4.642837398408623
4000,9,qcd,2114,0.5285,240,0.9386047439716074,0.0,0.9386047439716074,0.9999999989345888,0.0,0.001346291201783626,0.25496732622657836,0.0016666666666666679,0.36360769473352256,0.002375,0.2890255439924314,0.7625354777672658,0.19394512771996217,0.043519394512771994,0.33184965380811077,0.33283877349159247,0.3353115727002967,0.36360769473352256,2.639571663730103,2.639452078218976,2.6395598285058006,0.9999955162330066,0.014025014172937987,0.0025217702836759495,0.453154698300144,0.017758320057144228,25.517881018133718,0.5485847059334784,0.09325048082403138,5.882915574115772,0.0018951925951016585,0.02273666998743335,0.08335400901491463,0.08407990796630535,0.029640394254736684,2.8366663156941296,0.1002710602607811,0.02162687854418018,4.636409274502731
4000,9,shuffle_b,2114,0.5285,240,0.9386047439716074,0.0,0.9386047439716074,0.9999999989345888,0.0,0.001346291201783626,0.25496732622657836,0.0016666666666666679,0.36360769473352256,0.002375,0.2890255439924314,0.7625354777672658,0.19394512771996217,0.043519394512771994,0.33184965380811077,0.33283877349159247,0.3353115727002967,0.36360769473352256,2.639571663730103,2.639452078218976,2.6395598285058006,0.9999955162330066,0.014025014172937987,0.0025217702836759495,0.453154698300144,0.017758320057144228,25.517881018133718,0.5485847059334784,0.09325048082403138,5.882915574115772,0.0018951925951016585,0.02273666998743335,0.08335400901491463,0.08407990796630535,0.029640394254736684,2.8366663156941296,0.1002710602607811,0.02162687854418018,4.636409274502731
4000,9,shuffle_e,2022,0.5055,240,0.9386047439716074,2.8277267986648167,2.8277267986648167,3.0126917787426644,0.00475,0.001346291201783626,0.058494116243179566,0.0016666666666666653,0.4464226838114078,0.002375,0.0002472799208704253,0.7888229475766568,0.1562809099901088,0.05489614243323442,0.3286237571951858,0.3322867608581894,0.3390894819466248,0.4464226838114078,7.9805654962976265,7.98432535454456,7.985131316821737,1.000572117417773,0.00750337921101918,0.007510570431401004,0.6365306023390825,0.018157823690094776,35.05544569673923,0.4164462528773547,0.08489527199560178,4.905411609953141,0.016454943296327757,0.022857516044124723,0.7198920155874646,0.034869633216762265,0.03520551668109326,0.990459351374571,0.030518700495647776,0.022113411984279113,1.3800991234344189
4000,9,shuffle_w,2106,0.5265,240,0.9386047439716074,0.0,0.9386047439716074,0.9999999989345888,0.0,0.001346291201783626,0.2559358630783412,0.0016666666666666679,0.3649889205444761,0.002375,0.007122507122507123,0.7654320987654321,0.1908831908831909,0.04368471035137702,0.33316782522343596,0.3311817279046673,0.3356504468718967,0.3649889205444761,2.6398519424891775,2.6403010381328524,2.6399319138975788,1.0000302938991064,0.013785253692866876,0.0031663565822093623,0.456247345309677,0.017792017089454125,25.64337382410164,0.5485847059334784,0.09325048082403138,5.882915574115772,0.0018951925951016585,0.02273666998743335,0.08335400901491463,0.08407990796630535,0.029640394254736684,2.8366663156941296,0.10029889211307982,0.02166791630128335,4.628912661396025
4000,9,shuffle_h,2114,0.5285,240,0.9386047439716074,0.0,0.9386047439716074,0.9999999989345888,0.0,0.001346291201783626,0.25496732622657836,0.0016666666666666679,0.36360769473352256,0.002375,0.2899716177861873,0.7625354777672658,0.19394512771996217,0.043519394512771994,0.33184965380811077,0.33283877349159247,0.3353115727002967,0.36360769473352256,2.639571663730103,2.639452078218976,2.6395598285058006,0.9999955162330066,0.014025014172937987,0.0025217702836759495,0.453154698300144,0.017758320057144228,25.517881018133718,0.5485847059334784,0.09325048082403138,5.882915574115772,0.0018951925951016585,0.02273666998743335,0.08335400901491463,0.08407990796630535,0.029640394254736684,2.8366663156941296,0.1002710602607811,0.02162687854418018,4.636409274502731
4000,10,qcd,2124,0.531,240,0.9386047439716074,0.0,0.9386047439716074,0.9999999989345888,0.0,0.0018371173070873836,0.3608940559667722,0.0029999999999999983,0.27762084118016317,0.0025,0.16078154425612054,0.7655367231638418,0.1925612052730697,0.04190207156308851,0.3331695331695332,0.33366093366093363,0.3331695331695332,0.27762084118016317,2.6375711586477575,2.6386507293160277,2.6382710448745192,1.0002653525477283,0.01533078050252942,0.00040122682109467275,0.3028803963370123,0.017716466781757798,17.0959819510333,0.5477801779391184,0.09480909262799544,5.777717756338579,0.005703332408053924,0.02263857603850672,0.25192982095485744,0.06769985314470406,0.026430164266779875,2.5614616867817253,0.1002972744266602,0.021575907748488592,4.648577274051707
4000,10,shuffle_b,2124,0.531,240,0.9386047439716074,0.0,0.9386047439716074,0.9999999989345888,0.0,0.0018371173070873836,0.3608940559667722,0.0029999999999999983,0.27762084118016317,0.0025,0.16078154425612054,0.7655367231638418,0.1925612052730697,0.04190207156308851,0.3331695331695332,0.33366093366093363,0.3331695331695332,0.27762084118016317,2.6375711586477575,2.6386507293160277,2.6382710448745192,1.0002653525477283,0.01533078050252942,0.00040122682109467275,0.3028803963370123,0.017716466781757798,17.0959819510333,0.5477801779391184,0.09480909262799544,5.777717756338579,0.005703332408053924,0.02263857603850672,0.25192982095485744,0.06769985314470406,0.026430164266779875,2.5614616867817253,0.10029727442666021,0.021575907748488592,4.648577274051707
4000,10,shuffle_e,2030,0.5075,240,0.9386047439716074,2.824753192699241,2.824753192699241,3.0095236656668396,0.0045,0.0018371173070873836,0.46160211482654306,0.0029999999999999966,0.08489326765188834,0.0025,0.004679802955665025,0.7995073891625616,0.1477832512315271,0.05270935960591133,0.33073322932917315,0.33541341653666146,0.3338533541341654,0.08489326765188834,7.976550481519227,7.973058489137803,7.9728436841828465,0.9995352881743846,0.00828048858380059,0.0033701199679708168,0.26988990481108555,0.018122009407318746,14.892934814507266,0.4174547820603702,0.08646754023342339,4.827878541860106,0.004672135208904233,0.022659489277182122,0.20618890177763302,0.16673983860552147,0.02951709187211921,5.648925013612807,0.09699525253355239,0.022069795744609384,4.3949320444999485
4000,10,shuffle_w,2113,0.52825,240,0.9386047439716074,0.0,0.9386047439716074,0.9999999989345888,0.0,0.0018371173070873836,0.3627728229405699,0.0029999999999999983,0.27906609875374666,0.0025,0.008991954566966399,0.7695220066256507,0.18835778513961193,0.04212020823473734,0.33349802371541504,0.3349802371541502,0.33152173913043476,0.27906609875374666,2.638127968844699,2.6393113607565915,2.6393458852080673,1.0004616593196962,0.014960069547674534,0.002453831427165926,0.307281720216619,0.017762521718165322,17.299442336634502,0.5477801779391184,0.09480909262799544,5.777717756338579,0.005703332408053924,0.02263857603850672,0.25192982095485744,0.06769985314470406,0.026430164266779875,2.5614616867817253,0.10032353167671668,0.021631995515396747,4.637738187644806
4000,10,shuffle_h,2124,0.531,240,0.9386047439716074,0.0,0.9386047439716074,0.9999999989345888,0.0,0.0018371173070873836,0.3608940559667722,0.0029999999999999983,0.2776208411801632,0.0025,0.163135593220339,0.7655367231638418,0.1925612052730697,0.04190207156308851,0.3331695331695332,0.33366093366093363,0.3331695331695332,0.2776208411801632,2.6375711586477575,2.6386507293160277,2.6382710448745192,1.0002653525477283,0.01533078050252942,0.00040122682109467275,0.3028803963370123,0.017716466781757798,17.0959819510333,0.5477801779391184,0.09480909262799544,5.777717756338579,0.005703332408053924,0.02263857603850672,0.25192982095485744,0.06769985314470406,0.026430164266779875,2.5614616867817253,0.1002972744266602,0.021575907748488592,4.648577274051707
4000,11,qcd,2119,0.52975,240,0.9386047439716074,0.0,0.9386047439716074,0.9999999989345888,0.0,0.0017677669529663688,0.44139751541154687,0.0004999999999999964,0.10618216139688533,0.000625,0.03161868806040585,0.7645115620575743,0.19159981123171307,0.0438886267107126,0.3321816386969398,0.3351431391905232,0.33267522211253703,-0.10618216139688533,2.639738090691861,2.6397032796852264,2.6394347016630513,0.9998850685111983,0.014052718433354438,0.0022438601015113157,0.20356401022334267,0.017737356385502515,11.476569890072462,0.5481973106128517,0.09274777915203365,5.910624659963425,0.003024061410843434,0.022680460581325723,0.13333333333333353,0.3333613125829537,0.04170501611488267,7.9933145611228245,0.10024261769576513,0.021601348044731107,4.6405723146623625
4000,11,shuffle_b,2119,0.52975,240,0.9386047439716074,0.0,0.9386047439716074,0.9999999989345888,0.0,0.0017677669529663688,0.4413975154115468,0.0004999999999999964,0.10618216139688533,0.000625,0.03161868806040585,0.7645115620575743,0.19159981123171307,0.0438886267107126,0.3321816386969398,0.3351431391905232,0.33267522211253703,-0.10618216139688533,2.639738090691861,2.6397032796852264,2.6394347016630513,0.9998850685111983,0.014052718433354438,0.0022438601015113157,0.20356401022334267,0.017737356385502515,11.476569890072462,0.5481973106128517,0.09274777915203365,5.910624659963425,0.003024061410843434,0.022680460581325723,0.13333333333333353,0.3333613125829537,0.04170501611488267,7.9933145611228245,0.10024261769576513,0.021601348044731107,4.6405723146623625
4000,11,shuffle_e,1902,0.4755,240,0.9386047439716074,2.8250194626990592,2.8250194626990592,3.009807352704695,0.005,0.0017677669529663688,0.45727755822440874,0.0005000000000000015,0.10988433228180862,0.000625,0.0007886435331230284,0.7860147213459516,0.15457413249211358,0.059411146161934804,0.3325880380100615,0.33370598099496923,0.33370598099496923,0.10988433228180862,7.976121592224634,7.974995499044836,7.973041417955798,0.9996138255625594,0.008028964739678852,0.0009127966248493137,0.25990640740674037,0.018721865210057684,13.88250606927319,0.4127348623117123,0.08414063238233425,4.905297840361467,0.05081337870714972,0.02360960823249428,2.152233031855838,0.17237371018815764,0.03146400633082523,5.478441250480026,0.097925640299619,0.022800327041945564,4.294922617533778
4000,11,shuffle_w,2107,0.52675,240,0.9386047439716074,0.0,0.9386047439716074,0.9999999989345888,0.0,0.0017677669529663688,0.44391140728859413,0.0004999999999999964,0.10678690080683437,0.000625,0.0016611295681063123,0.7688656858092074,0.18699572852396773,0.04413858566682487,0.33217477656405164,0.3346573982125124,0.33316782522343596,-0.10678690080683437,2.64049166311954,2.6406845547284536,2.6399500317690157,0.9997948748113507,0.013690533127346043,0.001767143040720156,0.20925909336292198,0.01778779446756258,11.764195597409342,0.5481973106128517,0.09274777915203365,5.910624659963425,0.003024061410843434,0.022680460581325723,0.13333333333333353,0.3333613125829537,0.04170501611488267,7.9933145611228245,0.10027113072994859,0.02166277380297875,4.6287299882234265
4000,11,shuffle_h,2119,0.52975,240,0.9386047439716074,0.0,0.9386047439716074,0.9999999989345888,0.0,0.0017677669529663688,0.44139751541154687,0.0004999999999999964,0.10618216139688533,0.000625,0.028315243039169418,0.7645115620575743,0.19159981123171307,0.0438886267107126,0.3321816386969398,0.3351431391905232,0.33267522211253703,-0.10618216139688533,2.639738090691861,2.6397032796852264,2.6394347016630513,0.9998850685111983,0.014052718433354438,0.0022438601015113157,0.20356401022334267,0.017737356385502515,11.476569890072462,0.5481973106128517,0.09274777915203365,5.910624659963425,0.003024061410843434,0.022680460581325723,0.13333333333333353,0.3333613125829537,0.04170501611488267,7.9933145611228245,0.10024261769576513,0.021601348044731107,4.6405723146623625
4000,12,qcd,2121,0.53025,240,0.9386047439716074,0.0,0.9386047439716074,0.9999999989345888,0.0,0.0019202864369671521,0.44153191343955245,0.0005000000000000009,0.10576771962910576,0.000875,0.03182461103253183,0.7647336162187648,0.1918906176331919,0.04337576614804337,0.33218334154756035,0.3351404632824051,0.3326761951700345,-0.10576771962910576,2.6377950449199297,2.637938022233023,2.6376379816399877,0.9999404566020986,0.015816806767589515,0.0022405424177732555,0.20374734689025187,0.01772899168030473,11.492325709453423,0.5485847059334784,0.09325048082403138,5.882915574115772,0.003664725544621255,0.022666473246920213,0.16168044780055038,0.33339370704711363,0.04159028407875726,8.0161440209397,0.10025537548325511,0.02159116113162287,4.6433526604745206
4000,12,shuffle_b,2121,0.53025,240,0.9386047439716074,0.0,0.9386047439716074,0.9999999989345888,0.0,0.0019202864369671521,0.44153191343955245,0.0005000000000000009,0.10576771962910576,0.000875,0.03182461103253183,0.7647336162187648,0.1918906176331919,0.04337576614804337,0.33218334154756035,0.3351404632824051,0.3326761951700345,-0.10576771962910576,2.6377950449199297,2.637938022233023,2.6376379816399877,0.9999404566020986,0.015816806767589515,0.0022405424177732555,0.20374734689025187,0.01772899168030473,11.492325709453423,0.5485847059334784,0.09325048082403138,5.882915574115772,0.003664725544621255,0.022666473246920213,0.16168044780055038,0.33339370704711363,0.04159028407875726,8.0161440209397,0.10025537548325511,0.02159116113162287,4.6433526604745206
4000,12,shuffle_e,2025,0.50625,240,0.9386047439716074,2.82732919810782,2.82732919810782,3.0122681706593615,0.00425,0.0019202864369671521,0.288439452020855,0.0004999999999999995,0.3099588477366255,0.000875,0.0014814814814814814,0.7985185185185185,0.14765432098765433,0.05382716049382716,0.33924843423799583,0.3324634655532359,0.32828810020876825,-0.3099588477366255,7.978421242777571,7.983150264427432,7.978041229231178,0.9999523698317211,0.008589135038693347,0.007823008752928726,0.43689779465586254,0.018144368465060578,24.078974999717847,0.42567225532142106,0.08567058737562387,4.9687094294691265,0.010412775658925627,0.02270149022013315,0.45868247229386305,0.1400960066601993,0.0328162091877698,4.269109995569244,0.06416440132392105,0.0220970256078278,2.9037573862968697
4000,12,shuffle_w,2110,0.5275,240,0.9386047439716074,0.0,0.9386047439716074,0.9999999989345888,0.0,0.0019202864369671521,0.44383373858070646,0.0005000000000000009,0.10631911532385466,0.000875,0.007582938388625593,0.7687203791469195,0.1876777251184834,0.043601895734597156,0.33201189296333,0.33597621407333994,0.33201189296333,-0.10631911532385466,2.6386417923892727,2.6383566188616796,2.638642167259034,1.0000001420692124,0.015456272112510461,0.0032368546320227227,0.20896156858562873,0.01777514461805397,11.75582945037698,0.5485847059334784,0.09325048082403138,5.882915574115772,0.003664725544621255,0.022666473246920213,0.16168044780055038,0.33339370704711363,0.04159028407875726,8.0161440209397,0.10027522657766048,0.02164736824895987,4.632213275277866
4000,12,shuffle_h,2121,0.53025,240,0.9386047439716074,0.0,0.9386047439716074,0.9999999989345888,0.0,0.0019202864369671521,0.44153191343955245,0.0005000000000000009,0.10576771962910576,0.000875,0.03653936822253654,0.7647336162187648,0.1918906176331919,0.04337576614804337,0.33218334154756035,0.3351404632824051,0.3326761951700345,-0.10576771962910576,2.6377950449199297,2.637938022233023,2.6376379816399877,0.9999404566020986,0.015816806767589515,0.0022405424177732555,0.20374734689025187,0.01772899168030473,11.492325709453423,0.5485847059334784,0.09325048082403138,5.882915574115772,0.003664725544621255,0.022666473246920213,0.16168044780055038,0.33339370704711363,0.04159028407875726,8.0161440209397,0.10025537548325511,0.02159116113162287,4.6433526604745206
4000,13,qcd,2123,0.53075,240,0.9386047439716074,0.0,0.9386047439716074,0.9999999989345888,0.0,0.0008291561975888501,0.001332278438410829,0.0032499999999999994,0.4476369916784424,0.002625,0.41521431935939707,0.7621290626471974,0.19453603391427227,0.04333490343853038,0.3353028064992615,0.33234859675036926,0.33234859675036926,-0.4476369916784424,2.638691545049991,2.6385560025029857,2.6388982381579336,1.000078331667197,0.014879162225088555,0.0024121021593138466,0.619006561442163,0.01772063879801291,34.93139093335478,0.5477225575051662,0.09325048082403138,5.873670062235366,0.004428138702143527,0.022694473842212473,0.19511969005895358,0.00407920946183297,0.03412540238728709,0.11953586409145518,0.10026346955655675,0.021580988616979723,4.645916428391533
4000,13,shuffle_b,2123,0.53075,240,0.9386047439716074,0.0,0.9386047439716074,0.9999999989345888,0.0,0.00082915619758885,0.001332278438410829,0.0032499999999999994,0.4476369916784424,0.002625,0.41521431935939707,0.7621290626471974,0.19453603391427227,0.04333490343853038,0.3353028064992615,0.33234859675036926,0.33234859675036926,-0.4476369916784424,2.638691545049991,2.6385560025029857,2.6388982381579336,1.000078331667197,0.014879162225088555,0.0024121021593138466,0.619006561442163,0.01772063879801291,34.93139093335478,0.5477225575051662,0.09325048082403138,5.873670062235366,0.004428138702143527,0.022694473842212473,0.19511969005895358,0.00407920946183297,0.03412540238728709,0.11953586409145518,0.10026346955655677,0.021580988616979723,4.6459164283915335
4000,13,shuffle_e,2053,0.51325,240,0.9386047439716074,2.8278022463670793,2.8278022463670793,3.012772161569053,0.0045,0.0008291561975888501,0.05213022987608734,0.0032500000000000007,0.44471505114466636,0.002625,0.005114466634193863,0.8046760837798344,0.1417437895762299,0.0535801266439357,0.33247555326814204,0.33453422542460115,0.3329902213072568,-0.44471505114466636,7.980198456935963,7.983571829420171,7.980644198177727,1.0000558559093697,0.00832145452028156,0.001515141682334528,0.6270539237600691,0.018020211992822863,34.797255659911976,0.4201534548469579,0.08528028654224418,4.926735965396082,0.011474630515022543,0.022459720919038546,0.5108981788502895,0.0273598417239317,0.032891303586165474,0.8318260069035275,0.02955487223231773,0.021945822288092685,1.3467197466714904
4000,13,shuffle_w,2115,0.52875,240,0.9386047439716074,0.0,0.9386047439716074,0.9999999989345888,0.0,0.0008291561975888501,0.001337317789478104,0.0032499999999999994,0.44933018124507484,0.002625,0.006146572104018913,0.7650118203309693,0.19148936170212766,0.043498817966903074,0.3341571922886802,0.33267424616905583,0.333168561542264,-0.44933018124507484,2.6396285930514276,2.6389517964632287,2.6393436946481015,0.999892068753886,0.014582483294243997,0.0010678432523328323,0.6223468800951265,0.017754121376376917,35.05365694543476,0.5477225575051662,0.09325048082403138,5.873670062235366,0.004428138702143527,0.022694473842212473,0.19511969005895358,0.00407920946183297,0.03412540238728709,0.11953586409145518,0.1002810518174498,0.021621765202450318,4.637967847605953
4000,13,shuffle_h,2123,0.53075,240,0.9386047439716074,0.0,0.9386047439716074,0.9999999989345888,0.0,0.0008291561975888501,0.001332278438410829,0.0032499999999999994,0.4476369916784424,0.002625,0.416156382477626,0.7621290626471974,0.19453603391427227,0.04333490343853038,0.3353028064992615,0.33234859675036926,0.33234859675036926,-0.4476369916784424,2.638691545049991,2.6385560025029857,2.6388982381579336,1.000078331667197,0.014879162225088555,0.0024121021593138466,0.619006561442163,0.01772063879801291,34.93139093335478,0.5477225575051662,0.09325048082403138,5.873670062235366,0.004428138702143527,0.022694473842212473,0.19511969005895358,0.00407920946183297,0.03412540238728709,0.11953586409145518,0.10026346955655675,0.021580988616979723,4.645916428391533
4000,14,qcd,2116,0.529,240,0.9386047439716074,0.0,0.9386047439716074,0.9999999989345888,0.0,0.0007499999999999999,0.2547294050563282,0.001333333333333334,0.3635790800252047,0.000875,0.28898865784499056,0.7651228733459358,0.19281663516068054,0.04206049149338374,0.33152442032560436,0.3334977799703996,0.33497779970399605,0.3635790800252047,2.6382918844155236,2.6383853491426685,2.6379214645240436,0.999859598593443,0.015305421253733175,0.002450199708230754,0.454605997611998,0.01774992567234187,25.611712747640972,0.5477801779391184,0.09480909262799544,5.777717756338579,0.004573782147729679,0.022687463965954988,0.20159953331906721,0.0832298755709101,0.02958540275235319,2.8132074546218604,0.10025979420112571,0.021616655485918502,4.638080773708811
4000,14,shuffle_b,2116,0.529,240,0.9386047439716074,0.0,0.9386047439716074,0.9999999989345888,0.0,0.0007499999999999999,0.2547294050563282,0.001333333333333334,0.3635790800252047,0.000875,0.28898865784499056,0.7651228733459358,0.19281663516068054,0.04206049149338374,0.33152442032560436,0.3334977799703996,0.33497779970399605,0.3635790800252047,2.6382918844155236,2.6383853491426685,2.6379214645240436,0.999859598593443,0.015305421253733175,0.002450199708230754,0.454605997611998,0.01774992567234187,25.611712747640972,0.5477801779391184,0.09480909262799544,5.777717756338579,0.004573782147729679,0.022687463965954988,0.20159953331906721,0.0832298755709101,0.02958540275235319,2.8132074546218604,0.1002597942011257,0.021616655485918502,4.638080773708811
4000,14,shuffle_e,1806,0.4515,240,0.9386047439716074,2.8276358438557336,2.8276358438557336,3.0125948744711164,0.00525,0.0007499999999999999,0.1339989291843204,0.0013333333333333335,0.45865633074935397,0.000875,0.01107419712070875,0.7613510520487264,0.1777408637873754,0.06090808416389812,0.33667452830188677,0.33608490566037735,0.3272405660377358,0.45865633074935397,7.981308970133826,7.975576232964864,7.982919686612811,1.0002018110669582,0.009040100258384651,0.0074737237978897645,0.6084004051854579,0.0192130139234745,31.66605757996735,0.4047241689009467,0.08528028654224418,4.7458115504861,0.04309257125038717,0.024618298195866545,1.7504285189632844,0.06687638481487794,0.03817690394090426,1.7517498254546489,0.04323337513852293,0.023398469970894665,1.8477009476389217
4000,14,shuffle_w,2106,0.5265,240,0.9386047439716074,0.0,0.9386047439716074,0.9999999989345888,0.0,0.0007499999999999999,0.25593894639087866,0.001333333333333334,0.36530547641658756,0.000875,0.004510921177587844,0.7687559354226021,0.1889838556505223,0.04226020892687559,0.3321764997521071,0.3326722855726326,0.33515121467526027,0.36530547641658756,2.6390109616080575,2.6393593852746258,2.638479039018316,0.9997984386584672,0.014931451088984278,0.002253872367705452,0.45848738861535493,0.017792017089454125,25.7692754177442,0.5477801779391184,0.09480909262799544,5.777717756338579,0.004573782147729679,0.022687463965954988,0.20159953331906721,0.0832298755709101,0.02958540275235319,2.8132074546218604,0.10028090688054815,0.02166791630128335,4.62808262161363
4000,14,shuffle_h,2116,0.529,240,0.9386047439716074,0.0,0.9386047439716074,0.9999999989345888,0.0,0.0007499999999999999,0.2547294050563282,0.001333333333333334,0.3635790800252047,0.000875,0.2918241965973535,0.7651228733459358,0.19281663516068054,0.04206049149338374,0.33152442032560436,0.3334977799703996,0.33497779970399605,0.3635790800252047,2.6382918844155236,2.6383853491426685,2.6379214645240436,0.999859598593443,0.015305421253733175,0.002450199708230754,0.454605997611998,0.01774992567234187,25.611712747640972,0.5477801779391184,0.09480909262799544,5.777717756338579,0.004573782147729679,0.022687463965954988,0.20159953331906721,0.0832298755709101,0.02958540275235319,2.8132074546218604,0.10025979420112571,0.021616655485918502,4.638080773708811
4000,15,qcd,2125,0.53125,240,0.9386047439716074,0.0,0.9386047439716074,0.9999999989345888,0.0,0.002692582403567252,0.361712191310385,0.0019999999999999996,0.1912156862745098,0.0035,0.16094117647058823,0.7665882352941177,0.19058823529411764,0.042823529411764705,0.3343166175024582,0.3333333333333333,0.33235004916420846,-0.1912156862745098,2.6383191358828992,2.638096336417659,2.6377032140309424,0.9997665476311869,0.015285553370105684,0.0013905738076431678,0.30148538079442033,0.017712297710801905,17.021246239021742,0.5477776731314067,0.09376144618769909,5.842248551017675,0.002081746465047652,0.022617720597839827,0.09204050673640718,0.1920141948686814,0.034041556063077336,5.640582190569917,0.10025146563769204,0.021570830466914943,4.647547798006962
4000,15,shuffle_b,2125,0.53125,240,0.9386047439716074,0.0,0.9386047439716074,0.9999999989345888,0.0,0.002692582403567252,0.361712191310385,0.0019999999999999996,0.1912156862745098,0.0035,0.16094117647058823,0.7665882352941177,0.19058823529411764,0.042823529411764705,0.3343166175024582,0.3333333333333333,0.33235004916420846,-0.1912156862745098,2.6383191358828992,2.638096336417659,2.6377032140309424,0.9997665476311869,0.015285553370105684,0.0013905738076431678,0.30148538079442033,0.017712297710801905,17.021246239021742,0.5477776731314067,0.09376144618769909,5.842248551017675,0.002081746465047652,0.022617720597839827,0.09204050673640718,0.1920141948686814,0.034041556063077336,5.640582190569917,0.10025146563769204,0.021570830466914943,4.647547798006962
4000,15,shuffle_e,2039,0.50975,240,0.9386047439716074,2.8236785771912594,2.8236785771912594,3.008378758277719,0.004,0.002692582403567252,0.4606942767072847,0.002000000000000001,0.07062285434036292,0.0035,0.005394801373222168,0.7979401667484061,0.14958312898479648,0.05247670426679745,0.33126293995859213,0.33695652173913043,0.33178053830227744,-0.07062285434036292,7.970844762934905,7.971932853957384,7.967995705835311,0.9996425652256029,0.008492112868010068,0.004452549310063469,0.2563405388488288,0.01808197055033443,14.176582034311947,0.42901166513479694,0.08646754023342339,4.961534281843323,0.0016066776420157985,0.022631617816108295,0.07099261109262055,0.16669656001597852,0.029544359399293865,5.642246554175167,0.09704606852434028,0.022021034629016178,4.4069713416855905
4000,15,shuffle_w,2112,0.528,240,0.9386047439716074,0.0,0.9386047439716074,0.9999999989345888,0.0,0.002692582403567252,0.36393863945765537,0.0019999999999999996,0.19239267676767677,0.0035,0.004024621212121212,0.7713068181818182,0.1856060606060606,0.043087121212121215,0.3334982681840673,0.3349826818406729,0.33151904997525977,-0.19239267676767677,2.6393388324272267,2.6385530936756134,2.638724008843436,0.9997670539393287,0.014892745935630544,0.0024574739280473867,0.30669174700374835,0.017766726362967538,17.262141642649933,0.5477776731314067,0.09376144618769909,5.842248551017675,0.002081746465047652,0.022617720597839827,0.09204050673640718,0.1920141948686814,0.034041556063077336,5.640582190569917,0.10028441292509137,0.021637116120395775,4.634832681355366
4000,15,shuffle_h,2125,0.53125,240,0.9386047439716074,0.0,0.9386047439716074,0.9999999989345888,0.0,0.002692582403567252,0.361712191310385,0.0019999999999999996,0.1912156862745098,0.0035,0.16,0.7665882352941177,0.19058823529411764,0.042823529411764705,0.3343166175024582,0.3333333333333333,0.33235004916420846,-0.1912156862745098,2.6383191358828992,2.638096336417659,2.6377032140309424,0.9997665476311869,0.015285553370105684,0.0013905738076431678,0.30148538079442033,0.017712297710801905,17.021246239021742,0.5477776731314067,0.09376144618769909,5.842248551017675,0.002081746465047652,0.022617720597839827,0.09204050673640718,0.1920141948686814,0.034041556063077336,5.640582190569917,0.10025146563769204,0.021570830466914943,4.647547798006962
4000,16,qcd,2114,0.5285,240,0.9386047439716074,0.0,0.9386047439716074,0.9999999989345888,0.0,0.00114564392373896,0.36058600774836785,0.001083333333333333,0.27893409019236837,0.0015,0.16225165562913907,0.7667928098391674,0.19063386944181646,0.04257332071901608,0.33349802371541504,0.33547430830039526,0.3310276679841897,0.27893409019236837,2.6385495209240037,2.638120066459967,2.6384349395465274,0.9999565741038523,0.015244160005816399,0.003150712527949461,0.3050705375475809,0.017758320057144228,17.179020119352455,0.5477225575051662,0.09428090415820634,5.809475019311126,0.0038443181360970436,0.022673463678311363,0.16955142763539843,0.06660786589345852,0.026469349113006257,2.516414952596223,0.1002532059503748,0.02162687854418018,4.635583713367321
4000,16,shuffle_b,2114,0.5285,240,0.9386047439716074,0.0,0.9386047439716074,0.9999999989345888,0.0,0.00114564392373896,0.36058600774836785,0.001083333333333333,0.27893409019236837,0.0015,0.16225165562913907,0.7667928098391674,0.19063386944181646,0.04257332071901608,0.33349802371541504,0.33547430830039526,0.3310276679841897,0.27893409019236837,2.6385495209240037,2.638120066459967,2.6384349395465274,0.9999565741038523,0.015244160005816399,0.003150712527949461,0.3050705375475809,0.017758320057144228,17.179020119352455,0.5477225575051662,0.09428090415820634,5.809475019311126,0.003844318136097043,0.022673463678311363,0.1695514276353984,0.06660786589345852,0.026469349113006257,2.516414952596223,0.1002532059503748,0.02162687854418018,4.635583713367321
4000,16,shuffle_e,1919,0.47975,240,0.9386047439716074,2.8276155977846598,2.8276155977846598,3.0125733040804037,0.00625,0.00114564392373896,0.11157727491436464,0.0010833333333333322,0.4507556018759771,0.0015,0.004168837936425221,0.7795726941115164,0.16050026055237102,0.05992704533611256,0.33314855875831484,0.32095343680709537,0.3458980044345898,0.4507556018759771,7.980438489075039,7.9874819810207045,7.982179043868136,1.0002181026513117,0.007904065617445354,0.017639924589597348,0.6220996921169324,0.018638754286935823,33.37667756868125,0.3917871417763064,0.0834057656228299,4.6973628123985,0.04291284196918059,0.023601716001542532,1.8182085559531327,0.08789558863420585,0.03594425773447947,2.44533046929196,0.0375987457676472,0.02269911083262693,1.6563972943646779
4000,16,shuffle_w,2106,0.5265,240,0.9386047439716074,0.0,0.9386047439716074,0.9999999989345888,0.0,0.00114564392373896,0.3619557551662154,0.001083333333333333,0.27999366888255783,0.0015,0.00023741690408357076,0.7697056030389364,0.18755935422602088,0.042735042735042736,0.3333333333333333,0.33581349206349204,0.3308531746031746,0.27999366888255783,2.639318488452236,2.638423916020689,2.6390022995917195,0.9998802005662069,0.014980299371462679,0.003507474113028497,0.30828600993691185,0.017792017089454125,17.32720963491219,0.5477225575051662,0.09428090415820634,5.809475019311126,0.0038443181360970436,0.022673463678311363,0.16955142763539843,0.06660786589345852,0.026469349113006257,2.516414952596223,0.10028090688054815,0.02166791630128335,4.62808262161363
4000,16,shuffle_h,2114,0.5285,240,0.9386047439716074,0.0,0.9386047439716074,0.9999999989345888,0.0,0.00114564392373896,0.36058600774836785,0.001083333333333333,0.27893409019236837,0.0015,0.1598864711447493,0.7667928098391674,0.19063386944181646,0.04257332071901608,0.33349802371541504,0.33547430830039526,0.3310276679841897,0.27893409019236837,2.6385495209240037,2.638120066459967,2.6384349395465274,0.9999565741038523,0.015244160005816399,0.003150712527949461,0.3050705375475809,0.017758320057144228,17.179020119352455,0.5477225575051662,0.09428090415820634,5.809475019311126,0.0038443181360970436,0.022673463678311363,0.16955142763539843,0.06660786589345852,0.026469349113006257,2.516414952596223,0.1002532059503748,0.02162687854418018,4.635583713367321
4000,17,qcd,2118,0.5295,240,0.9386047439716074,0.0,0.9386047439716074,0.9999999989345888,0.0,0.002761340254296815,0.25684781702462944,0.002166666666666668,0.36370790053509594,0.0015,0.28895184135977336,0.7686496694995278,0.18980169971671387,0.04154863078375826,0.33201970443349754,0.3359605911330049,0.33201970443349754,-0.36370790053509594,2.6376757982100645,2.638222840774203,2.638036334588842,1.0001366871467001,0.01567038043599101,0.003217720515971321,0.45652739515885443,0.01774154318041165,25.73211307023755,0.5477225575051662,0.09534625892455922,5.7445626465380295,0.0028371020598998765,0.022624666005833367,0.12539862728441517,0.16675058681052898,0.04170501611488267,3.9983340697241236,0.1002528272914854,0.021606446911329853,4.639949719771622
4000,17,shuffle_b,2118,0.5295,240,0.9386047439716074,0.0,0.9386047439716074,0.9999999989345888,0.0,0.002761340254296815,0.25684781702462944,0.002166666666666668,0.36370790053509594,0.0015,0.28895184135977336,0.7686496694995278,0.18980169971671387,0.04154863078375826,0.33201970443349754,0.3359605911330049,0.33201970443349754,-0.36370790053509594,2.6376757982100645,2.638222840774203,2.638036334588842,1.0001366871467001,0.01567038043599101,0.003217720515971321,0.45652739515885443,0.01774154318041165,25.73211307023755,0.5477225575051662,0.09534625892455922,5.7445626465380295,0.0028371020598998765,0.022624666005833367,0.12539862728441517,0.16675058681052898,0.04170501611488267,3.9983340697241236,0.10025282729148538,0.021606446911329853,4.639949719771622
4000,17,shuffle_e,2040,0.51,240,0.9386047439716074,2.827401705794603,2.827401705794603,3.0123454211603535,0.00525,0.002761340254296815,0.26416611634390486,0.002166666666666668,0.3349673202614379,0.0015,0.003676470588235294,0.7941176470588235,0.15245098039215688,0.053431372549019605,0.3376488865872605,0.33661315380631796,0.32573795960642155,-0.3349673202614379,7.981056040517782,7.9820783269026006,7.979905572307399,0.9998558501275343,0.008316139466096663,0.009331180218705043,0.4911945713075099,0.01807753815155468,27.171541124103054,0.40375311899212296,0.08567058737562387,4.712855734510864,0.013775255311371215,0.022680460581325723,0.6073622386096191,0.1749745229457991,0.04110383127323898,4.256890842672319,0.0598931539332538,0.022015636655009597,2.720482485780182
4000,17,shuffle_w,2108,0.527,240,0.9386047439716074,0.0,0.9386047439716074,0.9999999989345888,0.0,0.002761340254296815,0.2580662601793952,0.002166666666666668,0.3654332700822264,0.0015,0.006641366223908918,0.7722960151802657,0.1859582542694497,0.04174573055028463,0.3316831683168317,0.33663366336633666,0.3316831683168317,-0.3654332700822264,2.6384155168236014,2.638745900411099,2.638990868606855,1.0002180671617436,0.01530385681913529,0.00404206228182043,0.46043308629907775,0.01778357485073947,25.890918455010873,0.5477225575051662,0.09534625892455922,5.7445626465380295,0.0028371020598998765,0.022624666005833367,0.12539862728441517,0.16675058681052898,0.04170501611488267,3.9983340697241236,0.1002904990249459,0.021657634964381247,4.630722569194949
4000,17,shuffle_h,2118,0.5295,240,0.9386047439716074,0.0,0.9386047439716074,0.9999999989345888,0.0,0.002761340254296815,0.25684781702462944,0.002166666666666668,0.36370790053509594,0.0015,0.2865911237016053,0.7686496694995278,0.18980169971671387,0.04154863078375826,0.33201970443349754,0.3359605911330049,0.33201970443349754,-0.36370790053509594,2.6376757982100645,2.638222840774203,2.638036334588842,1.0001366871467001,0.01567038043599101,0.003217720515971321,0.45652739515885443,0.01774154318041165,25.73211307023755,0.5477225575051662,0.09534625892455922,5.7445626465380295,0.0028371020598998765,0.022624666005833367,0.12539862728441517,0.16675058681052898,0.04170501611488267,3.9983340697241236,0.1002528272914854,0.021606446911329853,4.639949719771622
4000,18,qcd,2120,0.53,240,0.9386047439716074,0.0,0.9386047439716074,0.9999999989345888,0.0,0.0020766559657295187,0.36090392972841684,0.0002500000000000018,0.2765723270440251,0.000375,0.16014150943396227,0.7665094339622641,0.19150943396226416,0.041981132075471696,0.33037912358444116,0.3353028064992615,0.33431806991629737,-0.2765723270440251,2.6376070731361283,2.6374972400820673,2.6379872428404787,1.0001441343209239,0.015794813097748536,0.003684546909674005,0.3020741851566928,0.017733172553297715,17.03441300471179,0.5477801779391184,0.09480909262799544,5.777717756338579,0.003417093589529774,0.022645540682891915,0.15089476720294404,0.33344401012494523,0.05881754380712832,5.669125035522716,0.10026789010147195,0.02159625278624656,4.642837398408623
4000,18,shuffle_b,2120,0.53,240,0.9386047439716074,0.0,0.9386047439716074,0.9999999989345888,0.0,0.0020766559657295187,0.36090392972841684,0.0002500000000000018,0.2765723270440251,0.000375,0.16014150943396227,0.7665094339622641,0.19150943396226416,0.041981132075471696,0.33037912358444116,0.3353028064992615,0.33431806991629737,-0.2765723270440251,2.6376070731361283,2.6374972400820673,2.6379872428404787,1.0001441343209239,0.015794813097748536,0.003684546909674005,0.3020741851566928,0.017733172553297715,17.03441300471179,0.5477801779391184,0.09480909262799544,5.777717756338579,0.003417093589529774,0.022645540682891915,0.15089476720294404,0.33344401012494523,0.05881754380712832,5.669125035522716,0.10026789010147195,0.02159625278624656,4.642837398408623
4000,18,shuffle_e,1912,0.478,240,0.9386047439716074,2.8256156333838423,2.8256156333838423,3.0104425196245055,0.005,0.0020766559657295187,0.4531260139912434,0.00025,0.13179916317991633,0.000375,0.0054916317991631795,0.7808577405857741,0.16213389121338911,0.05700836820083682,0.33444259567387685,0.33610648918469216,0.32945091514143093,-0.13179916317991633,7.970079472163052,7.974913298087661,7.979562104711318,1.001189778920196,0.009053305295779083,0.004898369864851793,0.2677010342002557,0.018672842174331777,14.336383915258772,0.4087256354372048,0.08567058737562387,4.770898017135585,0.04148839741305151,0.02362541647546568,1.7560916843999779,0.3337370542592806,0.04697494968847421,7.104575022911976,0.09665156597293255,0.02274062459058195,4.250172003321355
4000,18,shuffle_w,2110,0.5275,240,0.9386047439716074,0.0,0.9386047439716074,0.9999999989345888,0.0,0.0020766559657295187,0.3626143748930065,0.0002500000000000018,0.27788309636650865,0.000375,0.0033175355450236967,0.7701421800947867,0.1876777251184834,0.042180094786729856,0.3310242454230579,0.3349826818406729,0.33399307273626916,-0.27788309636650865,2.6380301823867036,2.638438819778349,2.638934470193291,1.000342789029718,0.015410218077688621,0.0029133303204115983,0.30608507362410053,0.01777514461805397,17.219835911389108,0.5477801779391184,0.09480909262799544,5.777717756338579,0.003417093589529774,0.022645540682891915,0.15089476720294404,0.33344401012494523,0.05881754380712832,5.669125035522716,0.10029090511435294,0.02164736824895987,4.632937545152714
4000,18,shuffle_h,2120,0.53,240,0.9386047439716074,0.0,0.9386047439716074,0.9999999989345888,0.0,0.0020766559657295187,0.36090392972841684,0.0002500000000000018,0.2765723270440251,0.000375,0.1643867924528302,0.7665094339622641,0.19150943396226416,0.041981132075471696,0.33037912358444116,0.3353028064992615,0.33431806991629737,-0.2765723270440251,2.6376070731361283,2.6374972400820673,2.6379872428404787,1.0001441343209239,0.015794813097748536,0.003684546909674005,0.3020741851566928,0.017733172553297715,17.03441300471179,0.5477801779391184,0.09480909262799544,5.777717756338579,0.003417093589529774,0.022645540682891915,0.15089476720294404,0.33344401012494523,0.05881754380712832,5.669125035522716,0.10026789010147195,0.02159625278624656,4.642837398408623
4000,19,qcd,2121,0.53025,240,0.9386047439716074,0.0,0.9386047439716074,0.9999999989345888,0.0,0.0024238399287081643,0.44234097191662697,0.0003333333333333335,0.192047776206192,0.00025,0.03253182461103253,0.7661480433757661,0.1918906176331919,0.041961338991041965,0.33562992125984253,0.33218503937007876,0.33218503937007876,-0.192047776206192,2.637496931139501,2.637867623611501,2.637683999859592,1.000070926611471,0.015888411711641445,0.0028127342846919648,0.20404824206056688,0.01772899168030473,11.509297637453663,0.5477801779391184,0.09480909262799544,5.777717756338579,0.004027518752014739,0.022645540682891915,0.1778504125122267,0.0,0.97182531580755,0.0,0.10025094092263694,0.02159116113162287,4.643147272696107
4000,19,shuffle_b,2121,0.53025,240,0.9386047439716074,0.0,0.9386047439716074,0.9999999989345888,0.0,0.0024238399287081643,0.442340971916627,0.0003333333333333335,0.192047776206192,0.00025,0.03253182461103253,0.7661480433757661,0.1918906176331919,0.041961338991041965,0.33562992125984253,0.33218503937007876,0.33218503937007876,-0.192047776206192,2.637496931139501,2.637867623611501,2.637683999859592,1.000070926611471,0.015888411711641445,0.0028127342846919648,0.20404824206056688,0.01772899168030473,11.509297637453663,0.5477801779391184,0.09480909262799544,5.777717756338579,0.004027518752014739,0.022645540682891915,0.1778504125122267,0.0,0.97182531580755,0.0,0.10025094092263694,0.02159116113162287,4.643147272696107
4000,19,shuffle_e,2034,0.5085,240,0.9386047439716074,2.826951906788544,2.826951906788544,3.011866200265223,0.0055,0.0024238399287081643,0.3370847428164939,0.00033333333333333435,0.23320222877745,0.00025,0.0002458210422812193,0.7910521140609637,0.1543756145526057,0.05457227138643068,0.33541341653666146,0.33541341653666146,0.3291731669266771,-0.23320222877745,7.9769522874945,7.977384818074087,7.974046436768373,0.9996357191792807,0.008759250090077702,0.0050951424706878155,0.34775398495653714,0.018104181553118947,19.208489703674392,0.4009565706868793,0.08489527199560178,4.722955251355481,0.01154113645940059,0.0227578565147705,0.5071275694136687,0.1733812726692351,0.06312683784163224,2.7465540584212484,0.0731392601255589,0.022048084184267996,3.3172614688103406
4000,19,shuffle_w,2111,0.52775,240,0.9386047439716074,0.0,0.9386047439716074,0.9999999989345888,0.0,0.0024238399287081643,0.4444363815420018,0.0003333333333333335,0.19295752408021474,0.00025,0.00023685457129322596,0.7697773567029844,0.1880625296068214,0.04216011369019422,0.33580613254203756,0.3333333333333333,0.33086053412462907,-0.19295752408021474,2.63817469967849,2.638342272114889,2.6388487135479304,1.0002554849265755,0.015506856733730817,0.0034970661779750024,0.2087819866069756,0.01777093399508407,11.74850948547389,0.5477801779391184,0.09480909262799544,5.777717756338579,0.004027518752014739,0.022645540682891915,0.1778504125122267,0.0,0.97182531580755,0.0,0.10026306356723569,0.021642240363480142,4.632748822826264
4000,19,shuffle_h,2121,0.53025,240,0.9386047439716074,0.0,0.9386047439716074,0.9999999989345888,0.0,0.0024238399287081643,0.44234097191662697,0.0003333333333333335,0.19204777620619204,0.00025,0.033474776049033476,0.7661480433757661,0.1918906176331919,0.041961338991041965,0.33562992125984253,0.33218503937007876,0.33218503937007876,-0.19204777620619204,2.637496931139501,2.637867623611501,2.637683999859592,1.000070926611471,0.015888411711641445,0.0028127342846919648,0.20404824206056688,0.01772899168030473,11.509297637453663,0.5477801779391184,0.09480909262799544,5.777717756338579,0.004027518752014739,0.022645540682891915,0.1778504125122267,0.0,0.97182531580755,0.0,0.10025094092263694,0.02159116113162287,4.643147272696107
4000,20,qcd,2120,0.53,240,0.9386047439716074,0.0,0.9386047439716074,0.9999999989345888,0.0,0.0007905694150420948,0.0028692276086312355,0.001333333333333332,0.44591194968553455,0.001125,0.41438679245283017,0.7665094339622641,0.19150943396226416,0.041981132075471696,0.33382570162481534,0.33382570162481534,0.33234859675036926,-0.44591194968553455,2.6385068388664337,2.638152624204263,2.6379098955258304,0.9997737571372528,0.015351704476881181,0.0012060510796569007,0.6197525651099521,0.017733172553297715,34.94876978427084,0.5477801779391184,0.09480909262799544,5.777717756338579,0.004120473728533467,0.022645540682891915,0.18195519313196934,0.0051993145675481404,0.034020690871988585,0.1528280124325479,0.10027232809624434,0.02159625278624656,4.64304289677986
4000,20,shuffle_b,2120,0.53,240,0.9386047439716074,0.0,0.9386047439716074,0.9999999989345888,0.0,0.0007905694150420948,0.0028692276086312355,0.001333333333333332,0.44591194968553455,0.001125,0.41438679245283017,0.7665094339622641,0.19150943396226416,0.041981132075471696,0.33382570162481534,0.33382570162481534,0.33234859675036926,-0.44591194968553455,2.6385068388664337,2.638152624204263,2.6379098955258304,0.9997737571372528,0.015351704476881181,0.0012060510796569007,0.6197525651099521,0.017733172553297715,34.94876978427084,0.5477801779391184,0.09480909262799544,5.777717756338579,0.004120473728533467,0.022645540682891915,0.18195519313196934,0.005199314567548141,0.034020690871988585,0.15282801243254793,0.10027232809624434,0.02159625278624656,4.64304289677986
4000,20,shuffle_e,2043,0.51075,240,0.9386047439716074,2.8275937335714225,2.8275937335714225,3.01255000970292,0.0065,0.0007905694150420948,0.056960401004572836,0.0013333333333333357,0.4428128569097732,0.001125,0.006363191385217817,0.7958883994126285,0.1478218306412139,0.056289769946157614,0.33454356846473027,0.3215767634854772,0.34387966804979253,-0.4428128569097732,7.981419359092466,7.980970317495347,7.98427015672879,1.000357179282038,0.008083304412896156,0.015840037235195496,0.6300922783359071,0.01806426048678016,34.88060188220952,0.3881028452942852,0.0834057656228299,4.653189649374231,0.01645644300154938,0.02263857603850672,0.726920411140615,0.025621318959534924,0.03218035190505137,0.7961789552560216,0.029416750440513704,0.021999466519405278,1.3371574449119388
4000,20,shuffle_w,2109,0.52725,240,0.9386047439716074,0.0,0.9386047439716074,0.9999999989345888,0.0,0.0007905694150420948,0.0028841927597431103,0.001333333333333332,0.4482377113956061,0.001125,0.006164058795637743,0.7705073494547179,0.18729255571360834,0.04220009483167378,0.3346534653465347,0.3341584158415842,0.3311881188118812,-0.4482377113956061,2.6393221482690508,2.6388141051671163,2.638933819699251,0.9998528680668806,0.014934867342660899,0.0026505574924437334,0.6243702566141296,0.017779358235422166,35.11770494450044,0.5477801779391184,0.09480909262799544,5.777717756338579,0.004120473728533467,0.022645540682891915,0.18195519313196934,0.0051993145675481404,0.034020690871988585,0.1528280124325479,0.10029408869046852,0.021652499781152128,4.6319865929647355
4000,20,shuffle_h,2120,0.53,240,0.9386047439716074,0.0,0.9386047439716074,0.9999999989345888,0.0,0.0007905694150420948,0.0028692276086312355,0.001333333333333332,0.44591194968553455,0.001125,0.4115566037735849,0.7665094339622641,0.19150943396226416,0.041981132075471696,0.33382570162481534,0.33382570162481534,0.33234859675036926,-0.44591194968553455,2.6385068388664337,2.638152624204263,2.6379098955258304,0.9997737571372528,0.015351704476881181,0.0012060510796569007,0.6197525651099521,0.017733172553297715,34.94876978427084,0.5477801779391184,0.09480909262799544,5.777717756338579,0.004120473728533467,0.022645540682891915,0.18195519313196934,0.0051993145675481404,0.034020690871988585,0.1528280124325479,0.10027232809624434,0.02159625278624656,4.64304289677986
4000,21,qcd,2122,0.5305,240,0.9386047439716074,0.0,0.9386047439716074,0.9999999989345888,0.0,0.002304886114323222,0.44213251717020063,0.0008333333333333322,0.1055607917059378,0.000375,0.030867106503298776,0.7657869934024505,0.19038642789820923,0.04382657869934024,0.33218334154756035,0.33415475603745687,0.3336619024149827,0.1055607917059378,2.638748901683606,2.6388400726564245,2.6388160697168344,1.0000254544997387,0.014868303635920966,0.001450921778598308,0.20376507300511737,0.017724813763036796,11.496034639870103,0.5477753281697366,0.09274777915203365,5.906074875084766,0.0023700964119572052,0.022645540682891915,0.10466062370273845,0.16673575443098299,0.029558021531538196,5.640964644845297,0.10025169701114797,0.0215860730766137,4.644276735992357
4000,21,shuffle_b,2122,0.5305,240,0.9386047439716074,0.0,0.9386047439716074,0.9999999989345888,0.0,0.002304886114323222,0.44213251717020063,0.0008333333333333322,0.1055607917059378,0.000375,0.030867106503298776,0.7657869934024505,0.19038642789820923,0.04382657869934024,0.33218334154756035,0.33415475603745687,0.3336619024149827,0.1055607917059378,2.638748901683606,2.6388400726564245,2.6388160697168344,1.0000254544997387,0.014868303635920966,0.001450921778598308,0.20376507300511737,0.017724813763036796,11.496034639870103,0.5477753281697366,0.09274777915203365,5.906074875084766,0.0023700964119572057,0.022645540682891915,0.10466062370273846,0.16673575443098299,0.029558021531538196,5.640964644845297,0.10025169701114797,0.0215860730766137,4.644276735992357
4000,21,shuffle_e,2069,0.51725,240,0.9386047439716074,2.8275069176429275,2.8275069176429275,3.012457515041072,0.003,0.002304886114323222,0.20403998932691433,0.0008333333333333339,0.3599162236184953,0.000375,0.00918318028032866,0.7984533591106815,0.15079748670855486,0.05074915418076365,0.3345213849287169,0.34164969450101834,0.32382892057026474,0.3599162236184953,7.975198257161621,7.980506212603975,7.981087450604993,1.000738438500646,0.008377035884501862,0.012684919851361052,0.4703757428448614,0.017950399771073527,26.2041931569043,0.4531572286998217,0.08728715609439695,5.19156825558337,0.017049741867859236,0.022459720919038546,0.7591252771714806,0.1067767796186335,0.03448878992198299,3.095985097191667,0.049607546358085376,0.021860801833690813,2.2692464226830245
4000,21,shuffle_w,2116,0.529,240,0.9386047439716074,0.0,0.9386047439716074,0.9999999989345888,0.0,0.002304886114323222,0.44338620105631654,0.0008333333333333322,0.10586011342155009,0.000375,0.007325141776937618,0.7679584120982986,0.1880907372400756,0.04395085066162571,0.33267424616905583,0.3341571922886802,0.333168561542264,0.10586011342155009,2.639293891379584,2.639530965182636,2.639558622182333,1.0001003036469769,0.014502873755704476,0.0010678432523328323,0.20660157010761804,0.01774992567234187,11.639573816894732,0.5477753281697366,0.09274777915203365,5.906074875084766,0.0023700964119572052,0.022645540682891915,0.10466062370273845,0.16673575443098299,0.029558021531538196,5.640964644845297,0.10026202180025695,0.021616655485918502,4.638183823837574
4000,21,shuffle_h,2122,0.5305,240,0.9386047439716074,0.0,0.9386047439716074,0.9999999989345888,0.0,0.002304886114323222,0.44213251717020063,0.0008333333333333322,0.1055607917059378,0.000375,0.03133836003770028,0.7657869934024505,0.19038642789820923,0.04382657869934024,0.33218334154756035,0.33415475603745687,0.3336619024149827,0.1055607917059378,2.638748901683606,2.6388400726564245,2.6388160697168344,1.0000254544997387,0.014868303635920966,0.001450921778598308,0.20376507300511737,0.017724813763036796,11.496034639870103,0.5477753281697366,0.09274777915203365,5.906074875084766,0.0023700964119572052,0.022645540682891915,0.10466062370273845,0.16673575443098299,0.029558021531538196,5.640964644845297,0.10025169701114797,0.0215860730766137,4.644276735992357
4000,22,qcd,2120,0.53,240,0.9386047439716074,0.0,0.9386047439716074,0.9999999989345888,0.0,0.001600781059358212,0.4425526399069874,0.0005833333333333357,0.10613207547169812,0.00025,0.03160377358490566,0.7665094339622641,0.19009433962264152,0.04339622641509434,0.3343195266272189,0.3323471400394477,0.3333333333333333,0.10613207547169812,2.6391083598694145,2.639352442138423,2.639559388779925,1.0001709020051501,0.01440173409433872,0.0013946879313344203,0.20519934187578115,0.017733172553297715,11.571496372634217,0.5479382217878493,0.09325048082403138,5.875982804011895,0.003304411014069125,0.022645540682891915,0.14591883940159206,0.16670921239976746,0.02951709187211921,5.6478874383026545,0.10025235557262886,0.02159625278624656,4.642118082470027
4000,22,shuffle_b,2120,0.53,240,0.9386047439716074,0.0,0.9386047439716074,0.9999999989345888,0.0,0.0016007810593582123,0.4425526399069874,0.0005833333333333357,0.10613207547169812,0.00025,0.03160377358490566,0.7665094339622641,0.19009433962264152,0.04339622641509434,0.3343195266272189,0.3323471400394477,0.3333333333333333,0.10613207547169812,2.6391083598694145,2.639352442138423,2.639559388779925,1.0001709020051501,0.01440173409433872,0.0013946879313344203,0.20519934187578115,0.017733172553297715,11.571496372634217,0.5479382217878493,0.09325048082403138,5.875982804011895,0.003304411014069125,0.022645540682891915,0.14591883940159206,0.16670921239976746,0.02951709187211921,5.6478874383026545,0.10025235557262885,0.02159625278624656,4.642118082470026
4000,22,shuffle_e,1857,0.46425,240,0.9386047439716074,2.8262281953651596,2.8262281953651596,3.0110951500150924,0.004,0.001600781059358212,0.45380274338830234,0.0005833333333333339,0.15060132830730566,0.00025,0.007269789983844911,0.7813677975228863,0.16047388260635434,0.05815831987075929,0.32818753573470555,0.3270440251572327,0.34476843910806176,0.15060132830730566,7.982403395903273,7.980739380149464,7.973964097542239,0.9989427622305626,0.007942241708787752,0.014028409544179936,0.2747410235424386,0.018947347426773484,14.50023675367966,0.4300524739092902,0.08606629658238704,4.996758208337941,0.044615193648920644,0.023964902738999073,1.8616889096034803,0.16678175323928343,0.030106089519336448,5.539801279477474,0.09717909556325907,0.02307492939729749,4.211457980653261
4000,22,shuffle_w,2110,0.5275,240,0.9386047439716074,0.0,0.9386047439716074,0.9999999989345888,0.0,0.001600781059358212,0.44465004578332384,0.0005833333333333357,0.1066350710900474,0.00025,0.011374407582938388,0.7701421800947867,0.18625592417061612,0.043601895734597156,0.33498513379583744,0.3330029732408325,0.33201189296333,0.1066350710900474,2.639587045514691,2.639738309850642,2.640530067573806,1.0003572612089902,0.014112139511861996,0.00214097809659989,0.20995028866236537,0.01777514461805397,11.811453193417158,0.5479382217878493,0.09325048082403138,5.875982804011895,0.003304411014069125,0.022645540682891915,0.14591883940159206,0.16670921239976746,0.02951709187211921,5.6478874383026545,0.10029986317781084,0.02164736824895987,4.6333513628212115
4000,22,shuffle_h,2120,0.53,240,0.9386047439716074,0.0,0.9386047439716074,0.9999999989345888,0.0,0.001600781059358212,0.4425526399069874,0.0005833333333333357,0.10613207547169812,0.00025,0.03018867924528302,0.7665094339622641,0.19009433962264152,0.04339622641509434,0.3343195266272189,0.3323471400394477,0.3333333333333333,0.10613207547169812,2.6391083598694145,2.639352442138423,2.639559388779925,1.0001709020051501,0.01440173409433872,0.0013946879313344203,0.20519934187578115,0.017733172553297715,11.571496372634217,0.5479382217878493,0.09325048082403138,5.875982804011895,0.003304411014069125,0.022645540682891915,0.14591883940159206,0.16670921239976746,0.02951709187211921,5.6478874383026545,0.10025235557262886,0.02159625278624656,4.642118082470027
4000,23,qcd,2117,0.52925,240,0.9386047439716074,0.0,0.9386047439716074,0.9999999989345888,0.0,0.001274754878398196,0.44317474632302767,1.7763568394002505e-18,0.10659738623838766,0.0005,0.03401039206424185,0.7675956542276807,0.19036372224846482,0.042040623523854515,0.3343195266272189,0.3333333333333333,0.3323471400394477,-0.10659738623838766,2.637531885229109,2.638206977340531,2.6377966260629178,1.0001003744581407,0.015795321558443265,0.0013946879313344203,0.20578526733543434,0.017745732941523408,11.59632391705363,0.5477801779391184,0.09480909262799544,5.777717756338579,0.0025248274102751037,0.022645540682891915,0.11149335958149771,0.3333707762542716,0.04174347164736364,7.986177552995309,0.10024297673448912,0.021611549390303176,4.638398428733983
4000,23,shuffle_b,2117,0.52925,240,0.9386047439716074,0.0,0.9386047439716074,0.9999999989345888,0.0,0.0012747548783981963,0.44317474632302767,1.7763568394002505e-18,0.10659738623838766,0.0005,0.03401039206424185,0.7675956542276807,0.19036372224846482,0.042040623523854515,0.3343195266272189,0.3333333333333333,0.3323471400394477,-0.10659738623838766,2.637531885229109,2.638206977340531,2.6377966260629178,1.0001003744581407,0.015795321558443265,0.0013946879313344203,0.20578526733543434,0.017745732941523408,11.59632391705363,0.5477801779391184,0.09480909262799544,5.777717756338579,0.0025248274102751037,0.022645540682891915,0.11149335958149771,0.3333707762542716,0.04174347164736364,7.986177552995309,0.10024297673448912,0.021611549390303176,4.638398428733983
4000,23,shuffle_e,2044,0.511,240,0.9386047439716074,2.823319584665949,2.823319584665949,3.007996283623469,0.00375,0.001274754878398196,0.45900241583456436,4.440892098500626e-19,0.0639269406392694,0.0005,0.0053816046966731895,0.7950097847358122,0.1541095890410959,0.050880626223091974,0.33350515463917524,0.3365979381443299,0.32989690721649484,0.0639269406392694,7.973211236881232,7.966726904333602,7.970940766630252,0.9997152376647847,0.008253857173760426,0.004743015031560936,0.26187866391389625,0.018059841095769247,14.500607315711363,0.432457201083796,0.08770580193070292,4.930770730829005,0.0025248274102751037,0.022645540682891915,0.11149335958149771,0.3333707762542716,0.04174347164736364,7.986177552995309,0.09663250092037487,0.021994084386842923,4.393567798538656
4000,23,shuffle_w,2107,0.52675,240,0.9386047439716074,0.0,0.9386047439716074,0.9999999989345888,0.0,0.001274754878398196,0.445278091108614,1.7763568394002505e-18,0.1071033064388546,0.0005,0.0033222591362126247,0.7712387280493592,0.18652112007593735,0.04224015187470337,0.33498513379583744,0.33102081268582756,0.333994053518335,-0.1071033064388546,2.638056194055203,2.6396977528520122,2.6381136196731,1.0000217681556693,0.015408971543257982,0.002917661336745228,0.2105404301942625,0.01778779446756258,11.836230207078188,0.5477801779391184,0.09480909262799544,5.777717756338579,0.0025248274102751037,0.022645540682891915,0.11149335958149771,0.3333707762542716,0.04174347164736364,7.986177552995309,0.10030257597326607,0.02166277380297875,4.630181567952019
4000,23,shuffle_h,2117,0.52925,240,0.9386047439716074,0.0,0.9386047439716074,0.9999999989345888,0.0,0.001274754878398196,0.44317474632302767,1.7763568394002505e-18,0.10659738623838765,0.0005,0.0406235238545111,0.7675956542276807,0.19036372224846482,0.042040623523854515,0.3343195266272189,0.3333333333333333,0.3323471400394477,-0.10659738623838765,2.637531885229109,2.638206977340531,2.6377966260629178,1.0001003744581407,0.015795321558443265,0.0013946879313344203,0.20578526733543434,0.017745732941523408,11.59632391705363,0.5477801779391184,0.09480909262799544,5.777717756338579,0.0025248274102751037,0.022645540682891915,0.11149335958149771,0.3333707762542716,0.04174347164736364,7.986177552995309,0.10024297673448912,0.021611549390303176,4.638398428733983
4000,24,qcd,2119,0.52975,240,0.9386047439716074,0.0,0.9386047439716074,0.9999999989345888,0.0,0.0021794494717703367,0.3620677728875936,0.0004166666666666643,0.27780399559540664,0.000375,0.1609249646059462,0.7687588485134498,0.18924020764511562,0.042000943841434636,0.33251231527093594,0.33251231527093594,0.33497536945812806,-0.27780399559540664,2.63819849314123,2.63819910750576,2.638489594099924,1.0001103408100074,0.015273548561938872,0.002011075322482081,0.30410472401949734,0.017737356385502515,17.14487308086423,0.5477801779391184,0.09480909262799544,5.777717756338579,0.00385813538673315,0.022617720597839827,0.17058020369663743,0.33343203741895266,0.05903418374423842,5.648118027065882,0.10026038973151007,0.021601348044731107,4.641395042748968
4000,24,shuffle_b,2119,0.52975,240,0.9386047439716074,0.0,0.9386047439716074,0.9999999989345888,0.0,0.0021794494717703367,0.3620677728875937,0.0004166666666666643,0.27780399559540664,0.000375,0.1609249646059462,0.7687588485134498,0.18924020764511562,0.042000943841434636,0.33251231527093594,0.33251231527093594,0.33497536945812806,-0.27780399559540664,2.63819849314123,2.63819910750576,2.638489594099924,1.0001103408100074,0.015273548561938872,0.002011075322482081,0.30410472401949734,0.017737356385502515,17.14487308086423,0.5477801779391184,0.09480909262799544,5.777717756338579,0.0038581353867331502,0.022617720597839827,0.17058020369663746,0.3334320374189527,0.05903418374423842,5.648118027065883,0.10026038973151007,0.021601348044731107,4.641395042748968
4000,24,shuffle_e,2040,0.51,240,0.9386047439716074,2.823412036095901,2.823412036095901,3.008094782411641,0.004,0.0021794494717703367,0.46075145898723097,0.00041666666666666783,0.06601307189542484,0.000375,0.0012254901960784314,0.7980392156862746,0.15049019607843137,0.051470588235294115,0.3364341085271318,0.32506459948320415,0.3385012919896641,0.06601307189542484,7.965805433124698,7.973247386920703,7.9686740687976485,1.0003601187220845,0.00859841072465895,0.010232036110192938,0.2509765624707816,0.01807753815155468,13.8833374526275,0.427193552228682,0.08728715609439695,4.894116973712515,0.004135751408010673,0.022624666005833367,0.1827983408437651,0.33339183272271944,0.04170501611488267,7.994046370929148,0.09702223691271236,0.022015636655009597,4.406969393303247
4000,24,shuffle_w,2110,0.5275,240,0.9386047439716074,0.0,0.9386047439716074,0.9999999989345888,0.0,0.0021794494717703367,0.363612137795645,0.0004166666666666643,0.2789889415481832,0.000375,0.004739336492890996,0.7720379146919432,0.18578199052132702,0.042180094786729856,0.33250865907966354,0.33399307273626916,0.3334982681840673,-0.2789889415481832,2.639171026304944,2.6383010799687177,2.6395110863037323,1.0001288510655046,0.014920788868144779,0.0010688999997373893,0.3077186136576853,0.01777514461805397,17.311736150103656,0.5477801779391184,0.09480909262799544,5.777717756338579,0.00385813538673315,0.022617720597839827,0.17058020369663743,0.33343203741895266,0.05903418374423842,5.648118027065882,0.10029314470522899,0.02164736824895987,4.6330410030349976
4000,24,shuffle_h,2119,0.52975,240,0.9386047439716074,0.0,0.9386047439716074,0.9999999989345888,0.0,0.0021794494717703367,0.3620677728875936,0.0004166666666666643,0.2778039955954067,0.000375,0.15998112317130722,0.7687588485134498,0.18924020764511562,0.042000943841434636,0.33251231527093594,0.33251231527093594,0.33497536945812806,-0.2778039955954067,2.63819849314123,2.63819910750576,2.638489594099924,1.0001103408100074,0.015273548561938872,0.002011075322482081,0.30410472401949734,0.017737356385502515,17.14487308086423,0.5477801779391184,0.09480909262799544,5.777717756338579,0.00385813538673315,0.022617720597839827,0.17058020369663743,0.33343203741895266,0.05903418374423842,5.648118027065882,0.10026038973151007,0.021601348044731107,4.641395042748968
4000,25,qcd,2116,0.529,240,0.9386047439716074,0.0,0.9386047439716074,0.9999999989345888,0.0,0.0018200274723201297,0.4439308881487835,0.0006666666666666676,0.10932577189666036,0.000625,0.03497164461247637,0.7689035916824196,0.1895085066162571,0.04158790170132325,0.33037475345167655,0.33629191321499013,0.3333333333333333,-0.10932577189666036,2.638066521208922,2.6381706331468946,2.63784667920661,0.9999166654818806,0.015719929796983275,0.004184063794003222,0.20879735120576398,0.01774992567234187,11.763280312272762,0.5477225575051662,0.09534625892455922,5.7445626465380295,0.006110323004305154,0.022631617816108295,0.2699905527724168,0.33347184802271274,0.041666666666666664,8.003324352545107,0.10028874913046146,0.021616655485918502,4.639420246845838
4000,25,shuffle_b,2116,0.529,240,0.9386047439716074,0.0,0.9386047439716074,0.9999999989345888,0.0,0.0018200274723201297,0.4439308881487835,0.0006666666666666676,0.10932577189666036,0.000625,0.03497164461247637,0.7689035916824196,0.1895085066162571,0.04158790170132325,0.33037475345167655,0.33629191321499013,0.3333333333333333,-0.10932577189666036,2.638066521208922,2.6381706331468946,2.63784667920661,0.9999166654818806,0.015719929796983275,0.004184063794003222,0.20879735120576398,0.01774992567234187,11.763280312272762,0.5477225575051662,0.09534625892455922,5.7445626465380295,0.006110323004305154,0.022631617816108295,0.2699905527724168,0.33347184802271274,0.041666666666666664,8.003324352545107,0.10028874913046147,0.021616655485918502,4.639420246845839
4000,25,shuffle_e,2023,0.50575,240,0.9386047439716074,2.827397296146448,2.827397296146448,3.0123407230718575,0.00375,0.0018200274723201297,0.2915224651564227,0.0006666666666666678,0.3089471082550667,0.000625,0.0014829461196243204,0.8072170044488384,0.14186851211072665,0.050914483440435,0.3255208333333333,0.34427083333333336,0.3302083333333333,-0.3089471082550667,7.982752833293143,7.979990376676012,7.976322846432348,0.9991945151008588,0.008699100397604005,0.013799626353637294,0.4364400727943559,0.01815333528965787,24.04186700848301,0.4314875942273418,0.08813052984784635,4.8960059013861255,0.011070748554079756,0.02259000279257632,0.4900729165787399,0.12181711588369765,0.031365527196211704,3.8837898410459553,0.06452193891409351,0.02210794580894303,2.9184954347044454
4000,25,shuffle_w,2110,0.5275,240,0.9386047439716074,0.0,0.9386047439716074,0.9999999989345888,0.0,0.0018200274723201297,0.4451932508638985,0.0006666666666666676,0.10963665086887835,0.000625,0.001184834123222749,0.771090047393365,0.1872037914691943,0.04170616113744076,0.3313550939663699,0.33481701285855586,0.33382789317507416,-0.10963665086887835,2.6381725816868187,2.6390632377066243,2.6382151403206295,1.0000161318611627,0.015493097202456394,0.0025217702836759495,0.21164662017693275,0.01777514461805397,11.906885976160565,0.5477225575051662,0.09534625892455922,5.7445626465380295,0.006110323004305154,0.022631617816108295,0.2699905527724168,0.33347184802271274,0.041666666666666664,8.003324352545107,0.10031105963216048,0.02164736824895987,4.633868582938728
4000,25,shuffle_h,2116,0.529,240,0.9386047439716074,0.0,0.9386047439716074,0.9999999989345888,0.0,0.0018200274723201297,0.4439308881487835,0.0006666666666666676,0.10932577189666036,0.000625,0.03213610586011342,0.7689035916824196,0.1895085066162571,0.04158790170132325,0.33037475345167655,0.33629191321499013,0.3333333333333333,-0.10932577189666036,2.638066521208922,2.6381706331468946,2.63784667920661,0.9999166654818806,0.015719929796983275,0.004184063794003222,0.20879735120576398,0.01774992567234187,11.763280312272762,0.5477225575051662,0.09534625892455922,5.7445626465380295,0.006110323004305154,0.022631617816108295,0.2699905527724168,0.33347184802271274,0.041666666666666664,8.003324352545107,0.10028874913046146,0.021616655485918502,4.639420246845838
4000,26,qcd,2120,0.53,240,0.9386047439716074,0.0,0.9386047439716074,0.9999999989345888,0.0,0.0020916500663351887,0.44200177153235015,0.0013333333333333352,0.10738993710691823,0.000625,0.032547169811320754,0.7655660377358491,0.1919811320754717,0.04245283018867924,0.33251231527093594,0.3334975369458128,0.33399014778325126,-0.10738993710691823,2.6380019324249533,2.6380494405069856,2.6373487103246993,0.9997523799765933,0.015813553942322298,0.0010641610342213513,0.20500624435146467,0.017733172553297715,11.560607315769962,0.5479479113750201,0.09428090415820634,5.811865258054231,0.0018990800994975448,0.022659489277182122,0.08380948380023284,0.333378601390906,0.041782033754106405,7.9789941139028695,0.1002434776181512,0.02159625278624656,4.641706994742655
4000,26,shuffle_b,2120,0.53,240,0.9386047439716074,0.0,0.9386047439716074,0.9999999989345888,0.0,0.002091650066335189,0.4420017715323502,0.0013333333333333352,0.10738993710691823,0.000625,0.032547169811320754,0.7655660377358491,0.1919811320754717,0.04245283018867924,0.33251231527093594,0.3334975369458128,0.33399014778325126,-0.10738993710691823,2.6380019324249533,2.6380494405069856,2.6373487103246993,0.9997523799765933,0.015813553942322298,0.0010641610342213513,0.20500624435146467,0.017733172553297715,11.560607315769962,0.5479479113750201,0.09428090415820634,5.811865258054231,0.0018990800994975448,0.022659489277182122,0.08380948380023284,0.333378601390906,0.041782033754106405,7.9789941139028695,0.1002434776181512,0.02159625278624656,4.641706994742655
4000,26,shuffle_e,2053,0.51325,240,0.9386047439716074,2.827729277375626,2.827729277375626,3.012694419588902,0.0045,0.0020916500663351887,0.0609819028623838,0.0013333333333333307,0.43497320993667804,0.000625,0.011933755479785679,0.7998051631758403,0.1475888943010229,0.05260594252313687,0.31876606683804626,0.3393316195372751,0.34190231362467866,-0.43497320993667804,7.9771082701916445,7.981822643322208,7.984219873026461,1.000891501355371,0.00871777249585442,0.017933547160630992,0.619679634678164,0.018020211992822863,34.3880324451772,0.41853490626715995,0.08606629658238704,4.862936165337578,0.02289544811997025,0.022528008461593658,1.0163103480275681,0.04603239181098128,0.03470804699312679,1.3262743311398952,0.029377731208438188,0.021945822288092685,1.3386480042890847
4000,26,shuffle_w,2107,0.52675,240,0.9386047439716074,0.0,0.9386047439716074,0.9999999989345888,0.0,0.0020916500663351887,0.44472888260492754,0.0013333333333333352,0.10805252333491534,0.000625,0.004271476032273375,0.7702895111532986,0.18699572852396773,0.04271476032273375,0.3326722855726326,0.3336638572136837,0.3336638572136837,-0.10805252333491534,2.639167415294202,2.638893948839969,2.6382403762286963,0.9996487380602938,0.01533567065300174,0.0008096148546630931,0.21118138308363094,0.01778779446756258,11.872263504547263,0.5479479113750201,0.09428090415820634,5.811865258054231,0.0018990800994975448,0.022659489277182122,0.08380948380023284,0.333378601390906,0.041782033754106405,7.9789941139028695,0.10026888426378623,0.02166277380297875,4.628626286537632
4000,26,shuffle_h,2120,0.53,240,0.9386047439716074,0.0,0.9386047439716074,0.9999999989345888,0.0,0.0020916500663351887,0.44200177153235015,0.0013333333333333352,0.10738993710691824,0.000625,0.0330188679245283,0.7655660377358491,0.1919811320754717,0.04245283018867924,0.33251231527093594,0.3334975369458128,0.33399014778325126,-0.10738993710691824,2.6380019324249533,2.6380494405069856,2.6373487103246993,0.9997523799765933,0.015813553942322298,0.0010641610342213513,0.20500624435146467,0.017733172553297715,11.560607315769962,0.5479479113750201,0.09428090415820634,5.811865258054231,0.0018990800994975448,0.022659489277182122,0.08380948380023284,0.333378601390906,0.041782033754106405,7.9789941139028695,0.1002434776181512,0.02159625278624656,4.641706994742655
4000,27,qcd,2117,0.52925,240,0.9386047439716074,0.0,0.9386047439716074,0.9999999989345888,0.0,0.0021937410968480304,0.44290001215842995,0.0005000000000000004,0.19256809951188789,0.0005,0.032829475673122346,0.7671232876712328,0.1894189891355692,0.04345772319319792,0.3333333333333333,0.3323456790123457,0.334320987654321,0.19256809951188789,2.6395885384334026,2.6392091279625975,2.6392984754533226,0.9998901105320559,0.014417609020762499,0.0013967541356771356,0.2054488635910478,0.017745732941523408,11.577367036236417,0.5479382217878493,0.09325048082403138,5.875982804011895,0.002411194606828974,0.022652511759148432,0.10644270412331605,0.002691887735756155,0.02411544030004026,0.11162507100281562,0.10026078229901128,0.021611549390303176,4.6392223198951665
4000,27,shuffle_b,2117,0.52925,240,0.9386047439716074,0.0,0.9386047439716074,0.9999999989345888,0.0,0.0021937410968480304,0.44290001215842995,0.0005000000000000004,0.19256809951188789,0.0005,0.032829475673122346,0.7671232876712328,0.1894189891355692,0.04345772319319792,0.3333333333333333,0.3323456790123457,0.334320987654321,0.19256809951188789,2.6395885384334026,2.6392091279625975,2.6392984754533226,0.9998901105320559,0.014417609020762499,0.0013967541356771356,0.2054488635910478,0.017745732941523408,11.577367036236417,0.5479382217878493,0.09325048082403138,5.875982804011895,0.002411194606828974,0.022652511759148432,0.10644270412331605,0.002691887735756155,0.02411544030004026,0.11162507100281562,0.10026078229901128,0.021611549390303176,4.6392223198951665
4000,27,shuffle_e,2034,0.5085,240,0.9386047439716074,2.8233150397451063,2.8233150397451063,3.0079914414139375,0.00575,0.0021937410968480304,0.4609731198325449,0.0005000000000000017,0.06866601114388725,0.0005,0.0012291052114060963,0.7984267453294002,0.14503441494591937,0.056538839724680434,0.334549244398124,0.33142261594580513,0.33402813965607087,-0.06866601114388725,7.970084872091603,7.969568591959616,7.9730967851489325,1.0003779022564585,0.007763818969244239,0.002368973718427248,0.25298986394403244,0.018104181553118947,13.974112179649897,0.4001889912696992,0.0834057656228299,4.798097449034855,0.002411194606828974,0.022652511759148432,0.10644270412331605,0.002691887735756155,0.02411544030004026,0.11162507100281562,0.09694591161613712,0.022048084184267996,4.397022018144828
4000,27,shuffle_w,2107,0.52675,240,0.9386047439716074,0.0,0.9386047439716074,0.9999999989345888,0.0,0.0021937410968480304,0.44500205303246143,0.0005000000000000004,0.19348204398038282,0.0005,0.004746084480303749,0.770764119601329,0.1855719031798766,0.043663977218794496,0.3325062034739454,0.33300248138957816,0.33449131513647645,0.19348204398038282,2.640413660421786,2.639498790525127,2.6398274318204695,0.9997779785000723,0.014171019832334849,0.0014610026247027395,0.21019778950279752,0.01778779446756258,11.816967521527722,0.5479382217878493,0.09325048082403138,5.875982804011895,0.002411194606828974,0.022652511759148432,0.10644270412331605,0.002691887735756155,0.02411544030004026,0.11162507100281562,0.1002913466610325,0.02166277380297875,4.6296631988670764
4000,27,shuffle_h,2117,0.52925,240,0.9386047439716074,0.0,0.9386047439716074,0.9999999989345888,0.0,0.0021937410968480304,0.44290001215842995,0.0005000000000000004,0.19256809951188789,0.0005,0.030467642890883325,0.7671232876712328,0.1894189891355692,0.04345772319319792,0.3333333333333333,0.3323456790123457,0.334320987654321,0.19256809951188789,2.6395885384334026,2.6392091279625975,2.6392984754533226,0.9998901105320559,0.014417609020762499,0.0013967541356771356,0.2054488635910478,0.017745732941523408,11.577367036236417,0.5479382217878493,0.09325048082403138,5.875982804011895,0.002411194606828974,0.022652511759148432,0.10644270412331605,0.002691887735756155,0.02411544030004026,0.11162507100281562,0.10026078229901128,0.021611549390303176,4.6392223198951665
4000,28,qcd,2122,0.5305,240,0.9386047439716074,0.0,0.9386047439716074,0.9999999989345888,0.0,0.0025617376914898993,0.44104421655814185,0.0011666666666666687,0.10838831291234684,0.001875,0.03416588124410933,0.7639019792648445,0.19227144203581528,0.04382657869934024,0.33415475603745687,0.33316904879250864,0.3326761951700345,0.10838831291234684,2.63849745804467,2.6386234332335605,2.6389422899373987,1.0001685928828064,0.014915256564086519,0.0010646855098419312,0.2032478123807648,0.017724813763036796,11.46685178744255,0.5477753281697366,0.09274777915203365,5.906074875084766,0.002677198553627722,0.022673463678311363,0.11807629357435301,0.16673242496053453,0.029544359399293865,5.643460489602614,0.10026720237508682,0.0215860730766137,4.644995040052749
4000,28,shuffle_b,2122,0.5305,240,0.9386047439716074,0.0,0.9386047439716074,0.9999999989345888,0.0,0.0025617376914898993,0.44104421655814185,0.0011666666666666687,0.10838831291234684,0.001875,0.03416588124410933,0.7639019792648445,0.19227144203581528,0.04382657869934024,0.33415475603745687,0.33316904879250864,0.3326761951700345,0.10838831291234684,2.63849745804467,2.6386234332335605,2.6389422899373987,1.0001685928828064,0.014915256564086519,0.0010646855098419312,0.2032478123807648,0.017724813763036796,11.46685178744255,0.5477753281697366,0.09274777915203365,5.906074875084766,0.002677198553627722,0.022673463678311363,0.11807629357435301,0.16673242496053453,0.029544359399293865,5.643460489602614,0.10026720237508682,0.0215860730766137,4.644995040052749
4000,28,shuffle_e,2049,0.51225,240,0.9386047439716074,2.822851340446354,2.822851340446354,3.0074974109914017,0.00475,0.0025617376914898993,0.4567573584852987,0.0011666666666666657,0.05905319668130796,0.001875,0.0012201073694485115,0.7911176183504148,0.15422157149829185,0.054660810151293315,0.329891584925142,0.33505420753742904,0.33505420753742904,-0.05905319668130796,7.970353284771643,7.962375854920991,7.972807067795655,1.0003078637716976,0.008122322136175936,0.00421526371155255,0.25355322466098845,0.01803779269163136,14.056776735139248,0.41661139089132954,0.08451542547285165,4.929412454122413,0.002677198553627722,0.022673463678311363,0.11807629357435301,0.16673242496053453,0.029544359399293865,5.643460489602614,0.09633373794423616,0.021967232851514768,4.385337861868815
4000,28,shuffle_w,2111,0.52775,240,0.9386047439716074,0.0,0.9386047439716074,0.9999999989345888,0.0,0.0025617376914898993,0.4433424100124951,0.0011666666666666687,0.10895310279488395,0.001875,0.007816200852676456,0.7678825201326386,0.1880625296068214,0.04405495026054003,0.333994053518335,0.33349851337958375,0.33250743310208125,0.10895310279488395,2.639089564369954,2.6393662644492992,2.6397387417359996,1.000245985348436,0.014577454850760785,0.0010704890482999664,0.20844530052593493,0.01777093399508407,11.729563599954659,0.5477753281697366,0.09274777915203365,5.906074875084766,0.002677198553627722,0.022673463678311363,0.11807629357435301,0.16673242496053453,0.029544359399293865,5.643460489602614,0.10028767981973899,0.021642240363480142,4.633886239844553
4000,28,shuffle_h,2122,0.5305,240,0.9386047439716074,0.0,0.9386047439716074,0.9999999989345888,0.0,0.0025617376914898993,0.44104421655814185,0.0011666666666666687,0.10838831291234684,0.001875,0.03463713477851084,0.7639019792648445,0.19227144203581528,0.04382657869934024,0.33415475603745687,0.33316904879250864,0.3326761951700345,0.10838831291234684,2.63849745804467,2.6386234332335605,2.6389422899373987,1.0001685928828064,0.014915256564086519,0.0010646855098419312,0.2032478123807648,0.017724813763036796,11.46685178744255,0.5477753281697366,0.09274777915203365,5.906074875084766,0.002677198553627722,0.022673463678311363,0.11807629357435301,0.16673242496053453,0.029544359399293865,5.643460489602614,0.10026720237508682,0.0215860730766137,4.644995040052749
4000,29,qcd,2118,0.5295,240,0.9386047439716074,0.0,0.9386047439716074,0.9999999989345888,0.0,0.0020155644370746374,0.44323490920789965,0.00016666666666666764,0.10450110166824048,0.0005,0.03092540132200189,0.7677053824362606,0.18838526912181303,0.043909348441926344,0.3362962962962963,0.3323456790123457,0.331358024691358,0.10450110166824048,2.63950513572454,2.639496974697181,2.639117534687252,0.9998531538991753,0.014387906967027946,0.0036954640857026853,0.20472962361973496,0.01774154318041165,11.539561217300191,0.5477753281697366,0.09274777915203365,5.906074875084766,0.002609250115079515,0.02263857603850672,0.11525681255929494,0.1667245262058737,0.02951709187211921,5.648406249782206,0.10027506055957117,0.021606446911329853,4.640978730611629
4000,29,shuffle_b,2118,0.5295,240,0.9386047439716074,0.0,0.9386047439716074,0.9999999989345888,0.0,0.0020155644370746374,0.44323490920789965,0.00016666666666666764,0.10450110166824048,0.0005,0.03092540132200189,0.7677053824362606,0.18838526912181303,0.043909348441926344,0.3362962962962963,0.3323456790123457,0.331358024691358,0.10450110166824048,2.63950513572454,2.639496974697181,2.639117534687252,0.9998531538991753,0.014387906967027946,0.0036954640857026853,0.20472962361973496,0.01774154318041165,11.539561217300191,0.5477753281697366,0.09274777915203365,5.906074875084766,0.002609250115079515,0.02263857603850672,0.11525681255929494,0.1667245262058737,0.02951709187211921,5.648406249782206,0.10027506055957117,0.021606446911329853,4.640978730611629
4000,29,shuffle_e,2017,0.50425,240,0.9386047439716074,2.822998252235673,2.822998252235673,3.007653932455954,0.00425,0.0020155644370746374,0.4654296171057667,0.00016666666666666918,0.05899851264253842,0.0005,0.0017352503718393653,0.8061477441745166,0.13931581556767478,0.05453644025780863,0.3340325117986366,0.33088620870477187,0.3350812794965915,0.05899851264253842,7.965466699415877,7.972443870970693,7.967798644735678,1.0002927568977185,0.00816965645109991,0.0030874885042222974,0.2502361569091283,0.018180315738467123,13.764126020081267,0.4258195792229225,0.08528028654224418,4.993177163071443,0.002609250115079515,0.02263857603850672,0.11525681255929494,0.1667245262058737,0.02951709187211921,5.648406249782206,0.09794234471478001,0.022140803809451385,4.423612871406717
4000,29,shuffle_w,2107,0.52675,240,0.9386047439716074,0.0,0.9386047439716074,0.9999999989345888,0.0,0.0020155644370746374,0.4455489025639922,0.00016666666666666764,0.10504666983072297,0.0005,0.0037968675842429997,0.7717133364973896,0.1841480778357855,0.04413858566682487,0.3361469712015889,0.33217477656405164,0.3316782522343595,0.10504666983072297,2.6403681110934203,2.6400798529805884,2.6398442152552546,0.9998015822733336,0.01403285258800179,0.0034638281258616882,0.2099661909416835,0.01778779446756258,11.803947438485029,0.5477753281697366,0.09274777915203365,5.906074875084766,0.002609250115079515,0.02263857603850672,0.11525681255929494,0.1667245262058737,0.02951709187211921,5.648406249782206,0.10031380402846973,0.02166277380297875,4.6306998790097715
4000,29,shuffle_h,2118,0.5295,240,0.9386047439716074,0.0,0.9386047439716074,0.9999999989345888,0.0,0.0020155644370746374,0.44323490920789965,0.00016666666666666764,0.10450110166824048,0.0005,0.02667610953729934,0.7677053824362606,0.18838526912181303,0.043909348441926344,0.3362962962962963,0.3323456790123457,0.331358024691358,0.10450110166824048,2.63950513572454,2.639496974697181,2.639117534687252,0.9998531538991753,0.014387906967027946,0.0036954640857026853,0.20472962361973496,0.01774154318041165,11.539561217300191,0.5477753281697366,0.09274777915203365,5.906074875084766,0.002609250115079515,0.02263857603850672,0.11525681255929494,0.1667245262058737,0.02951709187211921,5.648406249782206,0.10027506055957117,0.021606446911329853,4.640978730611629
4000,30,qcd,2124,0.531,240,0.9386047439716074,0.0,0.9386047439716074,0.9999999989345888,0.0,0.0025124689052802222,0.36254218896932333,0.0003333333333333304,0.2740112994350282,0.0005,0.1574858757062147,0.7688323917137476,0.18832391713747645,0.0428436911487759,0.33103787506148546,0.3364485981308411,0.3325135268076734,0.2740112994350282,2.6389551867416277,2.639030060384996,2.6388527563921533,0.9999611852637783,0.014745105304048524,0.0039555133896753,0.3004511711744283,0.017716466781757798,16.95886515497522,0.5477776731314067,0.09376144618769909,5.842248551017675,0.002657525324819665,0.02259000279257632,0.11764165543587268,0.06689197575900355,0.02634263082363071,2.5393050605635774,0.100261907411856,0.021575907748488592,4.646938083932039
4000,30,shuffle_b,2124,0.531,240,0.9386047439716074,0.0,0.9386047439716074,0.9999999989345888,0.0,0.0025124689052802222,0.36254218896932333,0.0003333333333333304,0.2740112994350282,0.0005,0.1574858757062147,0.7688323917137476,0.18832391713747645,0.0428436911487759,0.33103787506148546,0.3364485981308411,0.3325135268076734,0.2740112994350282,2.6389551867416277,2.639030060384996,2.6388527563921533,0.9999611852637783,0.014745105304048524,0.0039555133896753,0.3004511711744283,0.017716466781757798,16.95886515497522,0.5477776731314067,0.09376144618769909,5.842248551017675,0.002657525324819665,0.02259000279257632,0.11764165543587268,0.06689197575900355,0.02634263082363071,2.5393050605635774,0.100261907411856,0.021575907748488592,4.646938083932039
4000,30,shuffle_e,1900,0.475,240,0.9386047439716074,2.826074419675164,2.826074419675164,3.0109313156739392,0.00575,0.0025124689052802222,0.45327066266063243,0.0003333333333333335,0.12842105263157894,0.0005,0.003157894736842105,0.78,0.16,0.06,0.33090705487122063,0.3337066069428891,0.33538633818589025,0.12842105263157894,7.977994986942521,7.975121286278146,7.973357648567949,0.9994187338570453,0.00895387955783826,0.0032001545725050613,0.2723655818141701,0.018731716231633878,14.540343150949653,0.399175820655046,0.08377078165833911,4.76509604844196,0.04746425207845879,0.023712933051019673,2.0016187780877575,0.1668744881623087,0.02975130350754051,5.608980733231205,0.09683953407226148,0.02281232405779385,4.245053411784064
4000,30,shuffle_w,2117,0.52925,240,0.9386047439716074,0.0,0.9386047439716074,0.9999999989345888,0.0,0.0025124689052802222,0.36374095860691674,0.0003333333333333304,0.2749173358526216,0.0005,0.0030703826169107226,0.7713745866792631,0.18564005668398678,0.04298535663675012,0.33070088845014806,0.33711747285291216,0.3321816386969398,0.2749173358526216,2.639603153353855,2.6393721620216724,2.6396958784774656,1.0000351284334135,0.01442125133665708,0.004751408054686977,0.30326987514227316,0.017745732941523408,17.08973510091821,0.5477776731314067,0.09376144618769909,5.842248551017675,0.002657525324819665,0.02259000279257632,0.11764165543587268,0.06689197575900355,0.02634263082363071,2.5393050605635774,0.10028525978831605,0.021611549390303176,4.640354931392044
4000,30,shuffle_h,2124,0.531,240,0.9386047439716074,0.0,0.9386047439716074,0.9999999989345888,0.0,0.0025124689052802222,0.36254218896932333,0.0003333333333333304,0.2740112994350282,0.0005,0.15842749529190206,0.7688323917137476,0.18832391713747645,0.0428436911487759,0.33103787506148546,0.3364485981308411,0.3325135268076734,0.2740112994350282,2.6389551867416277,2.639030060384996,2.6388527563921533,0.9999611852637783,0.014745105304048524,0.0039555133896753,0.3004511711744283,0.017716466781757798,16.95886515497522,0.5477776731314067,0.09376144618769909,5.842248551017675,0.002657525324819665,0.02259000279257632,0.11764165543587268,0.06689197575900355,0.02634263082363071,2.5393050605635774,0.100261907411856,0.021575907748488592,4.646938083932039
4000,31,qcd,2121,0.53025,240,0.9386047439716074,0.0,0.9386047439716074,0.9999999989345888,0.0,0.00203100960115899,0.36205743722167893,0.0010000000000000013,0.2767562470532768,0.000625,0.1595945308816596,0.7661480433757661,0.19047619047619047,0.04337576614804337,0.33169048792508626,0.3361261705273534,0.33218334154756035,-0.2767562470532768,2.6390510718556195,2.6392519674087302,2.6394066811921078,1.0001347489407388,0.014383352625613827,0.003438220722269821,0.3013117182193505,0.01772899168030473,16.995423296073852,0.5479382217878493,0.09325048082403138,5.875982804011895,0.0016086550914213365,0.022645540682891915,0.07103628541917002,0.3333611780157437,0.05936367942179962,5.615574729576589,0.10024428871388334,0.02159116113162287,4.64283917399252
4000,31,shuffle_b,2121,0.53025,240,0.9386047439716074,0.0,0.9386047439716074,0.9999999989345888,0.0,0.00203100960115899,0.36205743722167893,0.0010000000000000013,0.2767562470532768,0.000625,0.1595945308816596,0.7661480433757661,0.19047619047619047,0.04337576614804337,0.33169048792508626,0.3361261705273534,0.33218334154756035,-0.2767562470532768,2.6390510718556195,2.6392519674087302,2.6394066811921078,1.0001347489407388,0.014383352625613827,0.003438220722269821,0.3013117182193505,0.01772899168030473,16.995423296073852,0.5479382217878493,0.09325048082403138,5.875982804011895,0.0016086550914213365,0.022645540682891915,0.07103628541917002,0.3333611780157437,0.05936367942179962,5.615574729576589,0.10024428871388334,0.02159116113162287,4.64283917399252
4000,31,shuffle_e,2005,0.50125,240,0.9386047439716074,2.824413371044418,2.824413371044418,3.0091616158725643,0.0045,0.00203100960115899,0.46395381124958585,0.0010000000000000009,0.0774729842061513,0.000625,0.0022443890274314216,0.8034912718204489,0.14164588528678304,0.05486284289276808,0.33562005277044854,0.33562005277044854,0.3287598944591029,-0.0774729842061513,7.972041343877978,7.977222525529927,7.9729460755056625,1.0001134880752192,0.007754898457483338,0.005601295805836622,0.262044653624051,0.01823463951214798,14.370706558222658,0.42035010987988697,0.08528028654224418,4.92904195006033,0.006842150119506078,0.022743725587288963,0.30083682170919374,0.3335264746568886,0.04241393401869012,7.863606203327352,0.09776347336604163,0.022206961737210144,4.402379511566792
4000,31,shuffle_w,2110,0.5275,240,0.9386047439716074,0.0,0.9386047439716074,0.9999999989345888,0.0,0.00203100960115899,0.3639449404489009,0.0010000000000000013,0.2781990521327014,0.000625,0.0054502369668246444,0.7701421800947867,0.18625592417061612,0.043601895734597156,0.33102081268582756,0.3379583746283449,0.33102081268582756,-0.2781990521327014,2.63987438141761,2.639441260287985,2.6406691083282365,1.0003010472453615,0.014008126778555998,0.005664495606039707,0.3057296956641083,0.01777514461805397,17.19984293987588,0.5479382217878493,0.09325048082403138,5.875982804011895,0.0016086550914213365,0.022645540682891915,0.07103628541917002,0.3333611780157437,0.05936367942179962,5.615574729576589,0.10030210256866717,0.02164736824895987,4.633454811463586
4000,31,shuffle_h,2121,0.53025,240,0.9386047439716074,0.0,0.9386047439716074,0.9999999989345888,0.0,0.00203100960115899,0.36205743722167893,0.0010000000000000013,0.2767562470532768,0.000625,0.16006600660066006,0.7661480433757661,0.19047619047619047,0.04337576614804337,0.33169048792508626,0.3361261705273534,0.33218334154756035,-0.2767562470532768,2.6390510718556195,2.6392519674087302,2.6394066811921078,1.0001347489407388,0.014383352625613827,0.003438220722269821,0.3013117182193505,0.01772899168030473,16.995423296073852,0.5479382217878493,0.09325048082403138,5.875982804011895,0.0016086550914213365,0.022645540682891915,0.07103628541917002,0.3333611780157437,0.05936367942179962,5.615574729576589,0.10024428871388334,0.02159116113162287,4.64283917399252
4000,32,qcd,2121,0.53025,240,0.9386047439716074,0.0,0.9386047439716074,0.9999999989345888,0.0,0.003020761493398643,0.36273461751023195,0.001,0.19299072764419298,0.00025,0.1588873173031589,0.7670909948137671,0.19094766619519093,0.041961338991041965,0.33267716535433073,0.3346456692913386,0.33267716535433073,-0.19299072764419298,2.6383938891082623,2.638314548263722,2.63786309309169,0.999798818508956,0.015217967173063382,0.001607276734109694,0.30321130971161203,0.01772899168030473,17.102569349640554,0.5477801779391184,0.09480909262799544,5.777717756338579,0.002936953736290003,0.022631617816108295,0.12977215151625593,0.19334589930621582,0.03418869530544664,5.655258195109121,0.1002575926900087,0.02159116113162287,4.643455350956986
4000,32,shuffle_b,2121,0.53025,240,0.9386047439716074,0.0,0.9386047439716074,0.9999999989345888,0.0,0.003020761493398643,0.36273461751023195,0.001,0.19299072764419298,0.00025,0.1588873173031589,0.7670909948137671,0.19094766619519093,0.041961338991041965,0.33267716535433073,0.3346456692913386,0.33267716535433073,-0.19299072764419298,2.6383938891082623,2.638314548263722,2.63786309309169,0.999798818508956,0.015217967173063382,0.001607276734109694,0.30321130971161203,0.01772899168030473,17.102569349640554,0.5477801779391184,0.09480909262799544,5.777717756338579,0.002936953736290003,0.022631617816108295,0.12977215151625593,0.19334589930621582,0.03418869530544664,5.655258195109121,0.1002575926900087,0.02159116113162287,4.643455350956986
4000,32,shuffle_e,2034,0.5085,240,0.9386047439716074,2.8267833957130653,2.8267833957130653,3.01168666667946,0.005,0.003020761493398643,0.3793151707007788,0.0010000000000000002,0.18534906588003933,0.00025,0.0012291052114060963,0.7944936086529006,0.15191740412979352,0.0535889872173058,0.32935064935064934,0.33766233766233766,0.332987012987013,-0.18534906588003933,7.977179565878712,7.973938404774719,7.982140787072905,1.0006219267290175,0.008655473223743458,0.005892536632787387,0.3306759954307644,0.018104181553118947,18.265172300694054,0.4087256354372048,0.08567058737562387,4.770898017135585,0.008604230039032273,0.022708513109773735,0.37889887362678165,0.18767956645681688,0.03365155852884376,5.577143367548671,0.08114790696919863,0.022048084184267996,3.6804969670380805
4000,32,shuffle_w,2112,0.528,240,0.9386047439716074,0.0,0.9386047439716074,0.9999999989345888,0.0,0.003020761493398643,0.3642803616189403,0.001,0.19381313131313127,0.00025,0.014914772727272728,0.7703598484848485,0.1875,0.04214015151515151,0.33168561542263963,0.3341571922886802,0.3341571922886802,-0.19381313131313127,2.6394703417338756,2.6390257177528746,2.638066449454773,0.9994681159106413,0.01488776376962052,0.0020180340606221715,0.30683352585088897,0.017766726362967538,17.27012166351839,0.5477801779391184,0.09480909262799544,5.777717756338579,0.002936953736290003,0.022631617816108295,0.12977215151625593,0.19334589930621582,0.03418869530544664,5.655258195109121,0.10031123558890154,0.021637116120395775,4.636072341190851
4000,32,shuffle_h,2121,0.53025,240,0.9386047439716074,0.0,0.9386047439716074,0.9999999989345888,0.0,0.003020761493398643,0.36273461751023195,0.001,0.19299072764419298,0.00025,0.15935879302215936,0.7670909948137671,0.19094766619519093,0.041961338991041965,0.33267716535433073,0.3346456692913386,0.33267716535433073,-0.19299072764419298,2.6383938891082623,2.638314548263722,2.63786309309169,0.999798818508956,0.015217967173063382,0.001607276734109694,0.30321130971161203,0.01772899168030473,17.102569349640554,0.5477801779391184,0.09480909262799544,5.777717756338579,0.002936953736290003,0.022631617816108295,0.12977215151625593,0.19334589930621582,0.03418869530544664,5.655258195109121,0.1002575926900087,0.02159116113162287,4.643455350956986
4000,33,qcd,2120,0.53,240,0.9386047439716074,0.0,0.9386047439716074,0.9999999989345888,0.0,0.0016770509831248422,0.4425476122480423,0.0005000000000000004,0.02374213836477988,0.0,0.03349056603773585,0.7665094339622641,0.19103773584905662,0.04245283018867924,0.33201970443349754,0.33497536945812806,0.3330049261083744,-0.02374213836477988,2.6377397328152563,2.6378656947281334,2.637419067890137,0.9998784319312743,0.01573395539683322,0.0021283220684426255,0.20659120894564434,0.017733172553297715,11.64998582880343,0.5479479113750201,0.09428090415820634,5.811865258054231,0.0020254787341673335,0.022645540682891915,0.0894427190999916,0.16671845380360836,0.029530716194041164,5.6455946651659445,0.10026123274097938,0.02159625278624656,4.64252913379631
4000,33,shuffle_b,2120,0.53,240,0.9386047439716074,0.0,0.9386047439716074,0.9999999989345888,0.0,0.0016770509831248424,0.4425476122480423,0.0005000000000000004,0.02374213836477988,0.0,0.03349056603773585,0.7665094339622641,0.19103773584905662,0.04245283018867924,0.33201970443349754,0.33497536945812806,0.3330049261083744,-0.02374213836477988,2.6377397328152563,2.6378656947281334,2.637419067890137,0.9998784319312743,0.01573395539683322,0.0021283220684426255,0.20659120894564434,0.017733172553297715,11.64998582880343,0.5479479113750201,0.09428090415820634,5.811865258054231,0.0020254787341673335,0.022645540682891915,0.0894427190999916,0.16671845380360836,0.029530716194041164,5.6455946651659445,0.10026123274097938,0.02159625278624656,4.64252913379631
4000,33,shuffle_e,2028,0.507,240,0.9386047439716074,2.8207352991282715,2.8207352991282715,3.005242956888736,0.00525,0.0016770509831248422,0.4626237366695511,0.0004999999999999996,0.040927021696252466,0.0,0.0007396449704142012,0.8012820512820513,0.14398422090729784,0.05473372781065089,0.33072509128847155,0.332811684924361,0.3364632237871675,0.040927021696252466,7.959575375587841,7.966240491412867,7.958149517625395,0.9998208625592241,0.008612455917385055,0.004107463679714071,0.24555123824295358,0.018130943107347374,13.543213763846985,0.4057856075029693,0.08489527199560178,4.7798375335200305,0.0020254787341673335,0.022645540682891915,0.0894427190999916,0.16671845380360836,0.029530716194041164,5.6455946651659445,0.09722753573623268,0.02208067560513941,4.4032862705343305
4000,33,shuffle_w,2109,0.52725,240,0.9386047439716074,0.0,0.9386047439716074,0.9999999989345888,0.0,0.0016770509831248422,0.44485582644184424,0.0005000000000000004,0.02386597123439229,0.0,0.020625889046941678,0.7705073494547179,0.18681839734471314,0.04267425320056899,0.3328380386329866,0.33531451213472013,0.3318474492322932,-0.02386597123439229,2.6384792716043557,2.638441834832513,2.6385798292889513,1.0000381119858237,0.015324371252731873,0.0025255173420469373,0.21181137832330063,0.017779358235422166,11.913330926720665,0.5479479113750201,0.09428090415820634,5.811865258054231,0.0020254787341673335,0.022645540682891915,0.0894427190999916,0.16671845380360836,0.029530716194041164,5.6455946651659445,0.10029408869046853,0.021652499781152128,4.6319865929647355
4000,33,shuffle_h,2120,0.53,240,0.9386047439716074,0.0,0.9386047439716074,0.9999999989345888,0.0,0.0016770509831248422,0.4425476122480423,0.0005000000000000004,0.02374213836477988,0.0,0.03443396226415094,0.7665094339622641,0.19103773584905662,0.04245283018867924,0.33201970443349754,0.33497536945812806,0.3330049261083744,-0.02374213836477988,2.6377397328152563,2.6378656947281334,2.637419067890137,0.9998784319312743,0.01573395539683322,0.0021283220684426255,0.20659120894564434,0.017733172553297715,11.64998582880343,0.5479479113750201,0.09428090415820634,5.811865258054231,0.0020254787341673335,0.022645540682891915,0.0894427190999916,0.16671845380360836,0.029530716194041164,5.6455946651659445,0.10026123274097938,0.02159625278624656,4.64252913379631
4000,34,qcd,2118,0.5295,240,0.9386047439716074,0.0,0.9386047439716074,0.9999999989345888,0.0,0.0015411035007422442,0.4415998608374636,0.001333333333333333,0.19216241737488193,0.001625,0.03328611898016997,0.7648725212464589,0.1931067044381492,0.042020774315391876,0.3336619024149827,0.3326761951700345,0.3336619024149827,0.19216241737488193,2.6382752392220374,2.6376844723684787,2.6373682354371906,0.9996562133581202,0.015848274600673427,0.0008048265952959189,0.20467408482024066,0.01774154318041165,11.536430779382275,0.5477801779391184,0.09480909262799544,5.777717756338579,0.001952023247017518,0.022680460581325723,0.08606629658238704,0.0027605777499997465,0.024145194093343144,0.11433239009500615,0.10027506055957118,0.021606446911329853,4.6409787306116295
4000,34,shuffle_b,2118,0.5295,240,0.9386047439716074,0.0,0.9386047439716074,0.9999999989345888,0.0,0.001541103500742244,0.44159986083746355,0.001333333333333333,0.19216241737488193,0.001625,0.03328611898016997,0.7648725212464589,0.1931067044381492,0.042020774315391876,0.3336619024149827,0.3326761951700345,0.3336619024149827,0.19216241737488193,2.6382752392220374,2.6376844723684787,2.6373682354371906,0.9996562133581202,0.015848274600673427,0.0008048265952959189,0.20467408482024066,0.01774154318041165,11.536430779382275,0.5477801779391184,0.09480909262799544,5.777717756338579,0.001952023247017518,0.022680460581325723,0.08606629658238704,0.0027605777499997465,0.024145194093343144,0.11433239009500615,0.10027506055957118,0.021606446911329853,4.6409787306116295
4000,34,shuffle_e,2011,0.50275,240,0.9386047439716074,2.824654991469494,2.824654991469494,3.0094190409776154,0.00475,0.0015411035007422442,0.45971635450441967,0.0013333333333333313,0.07790485662191282,0.001625,0.0002486325211337643,0.7961213326703133,0.15017404276479362,0.05370462456489309,0.3378875459800315,0.33158171308460327,0.3305307409353652,-0.07790485662191282,7.973282545843602,7.9760178998062345,7.975845550922248,1.000321449172773,0.008010093707526958,0.005627037451115415,0.26334710949029516,0.018207416845295556,14.463727157339124,0.41296711507628636,0.08606629658238704,4.7982442776653365,0.007970403807016857,0.02281464476654072,0.3493547188035123,0.005824110235560847,0.024288044066987008,0.23979329992558526,0.09675279960095201,0.022173808752706456,4.363382072966725
4000,34,shuffle_w,2107,0.52675,240,0.9386047439716074,0.0,0.9386047439716074,0.9999999989345888,0.0,0.0015411035007422442,0.44390531810809103,0.001333333333333333,0.1931656383483626,0.001625,0.006644518272425249,0.7688656858092074,0.18889416231608921,0.04224015187470337,0.33250743310208125,0.3330029732408325,0.33448959365708625,0.1931656383483626,2.639548115504974,2.638476242931654,2.6377871173052423,0.9993328410308615,0.015441384599889694,0.0014588306683726514,0.209899666375082,0.01778779446756258,11.800207538818276,0.5477801779391184,0.09480909262799544,5.777717756338579,0.001952023247017518,0.022680460581325723,0.08606629658238704,0.0027605777499997465,0.024145194093343144,0.11433239009500615,0.10030257597326607,0.02166277380297875,4.630181567952019
4000,34,shuffle_h,2118,0.5295,240,0.9386047439716074,0.0,0.9386047439716074,0.9999999989345888,0.0,0.0015411035007422442,0.4415998608374636,0.001333333333333333,0.19216241737488196,0.001625,0.032813975448536356,0.7648725212464589,0.1931067044381492,0.042020774315391876,0.3336619024149827,0.3326761951700345,0.3336619024149827,0.19216241737488196,2.6382752392220374,2.6376844723684787,2.6373682354371906,0.9996562133581202,0.015848274600673427,0.0008048265952959189,0.20467408482024066,0.01774154318041165,11.536430779382275,0.5477801779391184,0.09480909262799544,5.777717756338579,0.001952023247017518,0.022680460581325723,0.08606629658238704,0.0027605777499997465,0.024145194093343144,0.11433239009500615,0.10027506055957118,0.021606446911329853,4.6409787306116295
4000,35,qcd,2117,0.52925,240,0.9386047439716074,0.0,0.9386047439716074,0.9999999989345888,0.0,0.00175,0.4426306526043979,8.33333333333357e-05,0.10754211935128326,0.0,0.031884742560226734,0.7666509211147851,0.19083608880491262,0.042512990080302314,0.33695115934879133,0.3305377405032067,0.33251110014800195,0.10754211935128326,2.6384944054277493,2.6385460558821827,2.638109204253292,0.9998540072043872,0.01529865386226003,0.00464543558356374,0.20578526733543434,0.017745732941523408,11.59632391705363,0.5477225575051662,0.09428090415820634,5.809475019311126,0.0038723983641332483,0.022659489277182122,0.17089521819155537,0.1667301513584365,0.029503486390007987,5.651201663234735,0.10024965419178876,0.021611549390303176,4.6387074050678425
4000,35,shuffle_b,2117,0.52925,240,0.9386047439716074,0.0,0.9386047439716074,0.9999999989345888,0.0,0.00175,0.4426306526043979,8.33333333333357e-05,0.10754211935128326,0.0,0.031884742560226734,0.7666509211147851,0.19083608880491262,0.042512990080302314,0.33695115934879133,0.3305377405032067,0.33251110014800195,0.10754211935128326,2.6384944054277493,2.6385460558821827,2.638109204253292,0.9998540072043872,0.01529865386226003,0.00464543558356374,0.20578526733543434,0.017745732941523408,11.59632391705363,0.5477225575051662,0.09428090415820634,5.809475019311126,0.0038723983641332483,0.022659489277182122,0.17089521819155537,0.1667301513584365,0.029503486390007987,5.651201663234735,0.10024965419178876,0.021611549390303176,4.6387074050678425
4000,35,shuffle_e,2048,0.512,240,0.9386047439716074,2.823675800652217,2.823675800652217,3.0083758001219487,0.006,0.00175,0.4575435017399953,8.333333333333437e-05,0.07307942708333333,0.0,0.00048828125,0.79248046875,0.15185546875,0.0556640625,0.33660806618407446,0.3298862461220269,0.33350568769389866,0.07307942708333333,7.967885084776241,7.9702270130557,7.974106189559419,1.000780772402838,0.008373544683441755,0.004757729659373416,0.2667234558989449,0.018042195912175804,14.78331446999454,0.3949122417327173,0.08377078165833911,4.7142002726365275,0.0038723983641332483,0.022659489277182122,0.17089521819155537,0.1667301513584365,0.029503486390007987,5.651201663234735,0.09619882779414056,0.021972595290957887,4.3781276867975665
4000,35,shuffle_w,2108,0.527,240,0.9386047439716074,0.0,0.9386047439716074,0.9999999989345888,0.0,0.00175,0.44452044191817375,8.33333333333357e-05,0.10800126502213787,0.0,0.007352941176470588,0.7699240986717267,0.18738140417457305,0.04269449715370019,0.33746283448959363,0.3290386521308226,0.33349851337958375,0.10800126502213787,2.6391012475719444,2.6398950558926124,2.6383643953434324,0.9997207942555482,0.014922453781389856,0.005960230773924222,0.210062725362716,0.01778357485073947,11.812176523888349,0.5477225575051662,0.09428090415820634,5.809475019311126,0.0038723983641332483,0.022659489277182122,0.17089521819155537,0.1667301513584365,0.029503486390007987,5.651201663234735,0.1002904990249459,0.021657634964381247,4.630722569194949
4000,35,shuffle_h,2117,0.52925,240,0.9386047439716074,0.0,0.9386047439716074,0.9999999989345888,0.0,0.00175,0.4426306526043979,8.33333333333357e-05,0.10754211935128326,0.0,0.03613604156825697,0.7666509211147851,0.19083608880491262,0.042512990080302314,0.33695115934879133,0.3305377405032067,0.33251110014800195,0.10754211935128326,2.6384944054277493,2.6385460558821827,2.638109204253292,0.9998540072043872,0.01529865386226003,0.00464543558356374,0.20578526733543434,0.017745732941523408,11.59632391705363,0.5477225575051662,0.09428090415820634,5.809475019311126,0.0038723983641332483,0.022659489277182122,0.17089521819155537,0.1667301513584365,0.029503486390007987,5.651201663234735,0.10024965419178876,0.021611549390303176,4.6387074050678425
4000,36,qcd,2120,0.53,240,0.9386047439716074,0.0,0.9386047439716074,0.9999999989345888,0.0,0.001299038105676658,0.44173363522102554,0.0006666666666666647,0.19166666666666665,0.0,0.03231132075471698,0.7650943396226415,0.1929245283018868,0.041981132075471696,0.3293943870014771,0.3353028064992615,0.3353028064992615,0.19166666666666665,2.6380861158355184,2.6374694797426947,2.63746898374007,0.9997660682523803,0.015891560376577803,0.004824204318627648,0.20373026851512296,0.017733172553297715,11.488653138788562,0.5477801779391184,0.09480909262799544,5.777717756338579,0.003767016600867936,0.022666473246920213,0.1661933270267255,0.004436299454361472,0.0241303034387703,0.1838476447516878,0.10026567103042223,0.02159625278624656,4.642734645812064
4000,36,shuffle_b,2120,0.53,240,0.9386047439716074,0.0,0.9386047439716074,0.9999999989345888,0.0,0.001299038105676658,0.44173363522102554,0.0006666666666666647,0.19166666666666665,0.0,0.03231132075471698,0.7650943396226415,0.1929245283018868,0.041981132075471696,0.3293943870014771,0.3353028064992615,0.3353028064992615,0.19166666666666665,2.6380861158355184,2.6374694797426947,2.63746898374007,0.9997660682523803,0.015891560376577803,0.004824204318627648,0.20373026851512296,0.017733172553297715,11.488653138788562,0.5477801779391184,0.09480909262799544,5.777717756338579,0.003767016600867936,0.022666473246920213,0.1661933270267255,0.004436299454361472,0.0241303034387703,0.1838476447516878,0.10026567103042222,0.02159625278624656,4.642734645812064
4000,36,shuffle_e,2023,0.50575,240,0.9386047439716074,2.827618565335389,2.827618565335389,3.0125764657421628,0.00575,0.001299038105676658,0.14909243288081608,0.0006666666666666665,0.4117647058823529,0.0,0.006178942165101334,0.7834898665348492,0.1611468116658428,0.05536332179930796,0.33856619570905283,0.3328100470957614,0.3286237571951858,0.4117647058823529,7.976745026625261,7.978941842091956,7.977557321402893,1.0001018328622666,0.008682106847746354,0.007059517301534276,0.5652086509717196,0.01815333528965787,31.135251013279326,0.39741672211975204,0.08451542547285165,4.7022980703967665,0.014091215823214922,0.02292950839890276,0.6145450472845386,0.04933446214804202,0.030808933711288636,1.6013037844917521,0.04108331193892032,0.02210794580894303,1.8583052579358792
4000,36,shuffle_w,2114,0.5285,240,0.9386047439716074,0.0,0.9386047439716074,0.9999999989345888,0.0,0.001299038105676658,0.442987373069335,0.0006666666666666647,0.19221065909807633,0.0,0.002838221381267739,0.7672658467360454,0.19063386944181646,0.042100283822138124,0.3298765432098765,0.334320987654321,0.3358024691358025,0.19221065909807633,2.6384587342052708,2.6385162019238475,2.637729341921837,0.9997235536512366,0.015599899810092532,0.004361363390779201,0.20656750930933526,0.017758320057144228,11.632153753543399,0.5477801779391184,0.09480909262799544,5.777717756338579,0.003767016600867936,0.022666473246920213,0.1661933270267255,0.004436299454361472,0.0241303034387703,0.1838476447516878,0.10026213350300665,0.02162687854418018,4.635996512311635
4000,36,shuffle_h,2120,0.53,240,0.9386047439716074,0.0,0.9386047439716074,0.9999999989345888,0.0,0.001299038105676658,0.44173363522102554,0.0006666666666666647,0.19166666666666662,0.0,0.034669811320754716,0.7650943396226415,0.1929245283018868,0.041981132075471696,0.3293943870014771,0.3353028064992615,0.3353028064992615,0.19166666666666662,2.6380861158355184,2.6374694797426947,2.63746898374007,0.9997660682523803,0.015891560376577803,0.004824204318627648,0.20373026851512296,0.017733172553297715,11.488653138788562,0.5477801779391184,0.09480909262799544,5.777717756338579,0.003767016600867936,0.022666473246920213,0.1661933270267255,0.004436299454361472,0.0241303034387703,0.1838476447516878,0.10026567103042223,0.02159625278624656,4.642734645812064
4000,37,qcd,2121,0.53025,240,0.9386047439716074,0.0,0.9386047439716074,0.9999999989345888,0.0,0.0017677669529663688,0.44233695166296977,0.00025,0.10623919534810623,0.000625,0.03135313531353135,0.7661480433757661,0.19141914191419143,0.042432814710042434,0.33382570162481534,0.33234859675036926,0.33382570162481534,0.10623919534810623,2.6378525654514027,2.638485132734966,2.638729978011445,1.0003326238060208,0.015309990114482756,0.0012060510796569007,0.2053632632737508,0.01772899168030473,11.583471128924405,0.5477225575051662,0.09428090415820634,5.809475019311126,0.0047201778457451595,0.022645540682891915,0.2084374099007989,0.16670168405190353,0.029544359399293865,5.642419989512036,0.10026202695642111,0.02159116113162287,4.643660725109185
4000,37,shuffle_b,2121,0.53025,240,0.9386047439716074,0.0,0.9386047439716074,0.9999999989345888,0.0,0.0017677669529663688,0.44233695166296977,0.00025,0.10623919534810623,0.000625,0.03135313531353135,0.7661480433757661,0.19141914191419143,0.042432814710042434,0.33382570162481534,0.33234859675036926,0.33382570162481534,0.10623919534810623,2.6378525654514027,2.638485132734966,2.638729978011445,1.0003326238060208,0.015309990114482756,0.0012060510796569007,0.2053632632737508,0.01772899168030473,11.583471128924405,0.5477225575051662,0.09428090415820634,5.809475019311126,0.0047201778457451595,0.022645540682891915,0.2084374099007989,0.16670168405190353,0.029544359399293865,5.642419989512036,0.10026202695642111,0.02159116113162287,4.643660725109185
4000,37,shuffle_e,2039,0.50975,240,0.9386047439716074,2.827418255644711,2.827418255644711,3.0123630535558816,0.005,0.0017677669529663688,0.24012213226804674,0.00025000000000000353,0.33840117704757233,0.000625,0.007601765571358509,0.7989210397253556,0.14713094654242276,0.053948013732221675,0.33177812337998963,0.3426645930533955,0.32555728356661484,-0.33840117704757233,7.979880862707134,7.980540128728244,7.9801506091516075,1.0000338033172569,0.008006409736098594,0.012245735418369827,0.43612260640609357,0.01808197055033443,24.11919680944439,0.40959564822068406,0.08528028654224418,4.802934708923475,0.011541802134415696,0.022617720597839827,0.5102990853781274,0.10355856259545371,0.03173122137352239,3.2636172864706205,0.05578330971882203,0.022021034629016178,2.533182961590676
4000,37,shuffle_w,2114,0.5285,240,0.9386047439716074,0.0,0.9386047439716074,0.9999999989345888,0.0,0.0017677669529663688,0.4438016435558935,0.00025,0.1065909807631662,0.000625,0.0,0.7686849574266793,0.18874172185430463,0.04257332071901608,0.33349802371541504,0.33152173913043476,0.3349802371541502,0.1065909807631662,2.6385127306387806,2.6394086724757346,2.638831239236642,1.0001207152022284,0.01502515339668746,0.002453831427165926,0.20868201999370387,0.017758320057144228,11.751225302967239,0.5477225575051662,0.09428090415820634,5.809475019311126,0.0047201778457451595,0.022645540682891915,0.2084374099007989,0.16670168405190353,0.029544359399293865,5.642419989512036,0.10027775480761444,0.02162687854418018,4.636718822032656
4000,37,shuffle_h,2121,0.53025,240,0.9386047439716074,0.0,0.9386047439716074,0.9999999989345888,0.0,0.0017677669529663688,0.44233695166296977,0.00025,0.10623919534810625,0.000625,0.029467232437529467,0.7661480433757661,0.19141914191419143,0.042432814710042434,0.33382570162481534,0.33234859675036926,0.33382570162481534,0.10623919534810625,2.6378525654514027,2.638485132734966,2.638729978011445,1.0003326238060208,0.015309990114482756,0.0012060510796569007,0.2053632632737508,0.01772899168030473,11.583471128924405,0.5477225575051662,0.09428090415820634,5.809475019311126,0.0047201778457451595,0.022645540682891915,0.2084374099007989,0.16670168405190353,0.029544359399293865,5.642419989512036,0.10026202695642111,0.02159116113162287,4.643660725109185
4000,38,qcd,2120,0.53,240,0.9386047439716074,0.0,0.9386047439716074,0.9999999989345888,0.0,0.0023717082451262844,0.4430937848487511,0.002166666666666668,0.10754716981132074,0.001875,0.032547169811320754,0.7674528301886793,0.19103773584905662,0.04150943396226415,0.3316929133858268,0.33218503937007876,0.3361220472440945,-0.10754716981132074,2.6376146343082425,2.6381853309204564,2.6380120342471574,1.0001506664141706,0.015756781949244528,0.003433144608998739,0.20740811522413558,0.017733172553297715,11.696052389991848,0.5477225575051662,0.09534625892455922,5.7445626465380295,0.004206200607999958,0.022631617816108295,0.18585505650445147,0.33343852673401436,0.04162842281586699,8.009876526163314,0.10024569718048146,0.02159625278624656,4.641809770087629
4000,38,shuffle_b,2120,0.53,240,0.9386047439716074,0.0,0.9386047439716074,0.9999999989345888,0.0,0.0023717082451262844,0.4430937848487511,0.002166666666666668,0.10754716981132074,0.001875,0.032547169811320754,0.7674528301886793,0.19103773584905662,0.04150943396226415,0.3316929133858268,0.33218503937007876,0.3361220472440945,-0.10754716981132074,2.6376146343082425,2.6381853309204564,2.6380120342471574,1.0001506664141706,0.015756781949244528,0.003433144608998739,0.20740811522413558,0.017733172553297715,11.696052389991848,0.5477225575051662,0.09534625892455922,5.7445626465380295,0.004206200607999957,0.022631617816108295,0.18585505650445144,0.33343852673401436,0.04162842281586699,8.009876526163314,0.10024569718048146,0.02159625278624656,4.641809770087629
4000,38,shuffle_e,2043,0.51075,240,0.9386047439716074,2.8244723675854058,2.8244723675854058,3.0092244714476117,0.00475,0.0023717082451262844,0.45979384428749503,0.0021666666666666644,0.07325828030673845,0.001875,0.0009789525208027412,0.7963778756730299,0.1512481644640235,0.05237395986294665,0.33264462809917356,0.33109504132231404,0.3362603305785124,0.07325828030673845,7.973406768136053,7.97450410530321,7.973995016072733,1.0000737762356526,0.008200155393961104,0.0037485435704334162,0.2620815151408728,0.01806426048678016,14.508289189732958,0.4119788995543952,0.08646754023342339,4.7645497772023795,0.004206200607999958,0.022631617816108295,0.18585505650445147,0.33343852673401436,0.04162842281586699,8.009876526163314,0.09658672736951587,0.021999466519405278,4.390412253147989
4000,38,shuffle_w,2111,0.52775,240,0.9386047439716074,0.0,0.9386047439716074,0.9999999989345888,0.0,0.0023717082451262844,0.4449828630409059,0.002166666666666668,0.10800568450971104,0.001875,0.004500236854571293,0.7707247749881573,0.18758882046423497,0.04168640454760777,0.33119130004943154,0.33267424616905583,0.33613445378151263,-0.10800568450971104,2.638566635165077,2.638713614981253,2.6386909444147553,1.0000471124162724,0.015392705615935642,0.0035873358143149454,0.2116842153881119,0.01777093399508407,11.911822723930527,0.5477225575051662,0.09534625892455922,5.7445626465380295,0.004206200607999958,0.022631617816108295,0.18585505650445147,0.33343852673401436,0.04162842281586699,8.009876526163314,0.10026082542640473,0.021642240363480142,4.632645407431491
4000,38,shuffle_h,2120,0.53,240,0.9386047439716074,0.0,0.9386047439716074,0.9999999989345888,0.0,0.0023717082451262844,0.4430937848487511,0.002166666666666668,0.10754716981132074,0.001875,0.030660377358490566,0.7674528301886793,0.19103773584905662,0.04150943396226415,0.3316929133858268,0.33218503937007876,0.3361220472440945,-0.10754716981132074,2.6376146343082425,2.6381853309204564,2.6380120342471574,1.0001506664141706,0.015756781949244528,0.003433144608998739,0.20740811522413558,0.017733172553297715,11.696052389991848,0.5477225575051662,0.09534625892455922,5.7445626465380295,0.004206200607999958,0.022631617816108295,0.18585505650445147,0.33343852673401436,0.04162842281586699,8.009876526163314,0.10024569718048146,0.02159625278624656,4.641809770087629
4000,39,qcd,2113,0.52825,240,0.9386047439716074,0.0,0.9386047439716074,0.9999999989345888,0.0,0.00043301270189221935,0.4426458322684285,8.333333333333348e-05,0.10522164379239626,0.0005,0.03194510175106484,0.7666824420255561,0.19167061050638903,0.0416469474680549,0.33185185185185184,0.3348148148148148,0.3333333333333333,-0.10522164379239626,2.6375616631277246,2.6380709115811714,2.6378164445746166,1.000096597342331,0.015804819583119106,0.0020951312035156835,0.20547403439512646,0.017762521718165322,11.567841416626834,0.5477225575051662,0.09534625892455922,5.7445626465380295,0.00246913580246913,0.022680460581325723,0.10886621079036322,0.33344224651881904,0.04174347164736364,7.987889683341131,0.10026100122133953,0.021631995515396747,4.634847540994448
4000,39,shuffle_b,2113,0.52825,240,0.9386047439716074,0.0,0.9386047439716074,0.9999999989345888,0.0,0.00043301270189221935,0.4426458322684285,8.333333333333348e-05,0.10522164379239626,0.0005,0.03194510175106484,0.7666824420255561,0.19167061050638903,0.0416469474680549,0.33185185185185184,0.3348148148148148,0.3333333333333333,-0.10522164379239626,2.6375616631277246,2.6380709115811714,2.6378164445746166,1.000096597342331,0.015804819583119106,0.0020951312035156835,0.20547403439512646,0.017762521718165322,11.567841416626834,0.5477225575051662,0.09534625892455922,5.7445626465380295,0.00246913580246913,0.022680460581325723,0.10886621079036322,0.33344224651881904,0.04174347164736364,7.987889683341131,0.10026100122133953,0.021631995515396747,4.634847540994448
4000,39,shuffle_e,1983,0.49575,240,0.9386047439716074,2.8250216055170068,2.8250216055170068,3.0098096356869184,0.0065,0.00043301270189221935,0.4618459896541008,8.333333333333038e-05,0.0902672718103883,0.0005,0.0017650025214321734,0.7997982854261221,0.1427130610186586,0.057488653555219364,0.32530765115034777,0.33814874264312467,0.33654360620652757,0.0902672718103883,7.975690574131588,7.976007354048443,7.9764074204249225,1.000089878899723,0.008081718815368904,0.00989472552643497,0.25888417291606813,0.018335510804536402,14.119277923362649,0.38723872733533743,0.08377078165833911,4.622598950009786,0.009252358429195097,0.02292227853638695,0.4036404328002494,0.33344224651881904,0.04174347164736364,7.987889683341131,0.09714548737964739,0.02232980732069208,4.350484801972599
4000,39,shuffle_w,2107,0.52675,240,0.9386047439716074,0.0,0.9386047439716074,0.9999999989345888,0.0,0.00043301270189221935,0.4439063329773087,8.333333333333348e-05,0.10552127827875336,0.0005,0.0,0.7688656858092074,0.1893687707641196,0.041765543426673,0.3318474492322932,0.33481921743437343,0.3333333333333333,-0.10552127827875336,2.6381970887047466,2.6384913127363894,2.6383439031197313,1.0000556495250539,0.015533116905806294,0.002101357447805483,0.20833130510629505,0.01778779446756258,11.712036896210112,0.5477225575051662,0.09534625892455922,5.7445626465380295,0.00246913580246913,0.022680460581325723,0.10886621079036322,0.33344224651881904,0.04174347164736364,7.987889683341131,0.10026663774729197,0.02166277380297875,4.628522582528409
4000,39,shuffle_h,2113,0.52825,240,0.9386047439716074,0.0,0.9386047439716074,0.9999999989345888,0.0,0.00043301270189221935,0.4426458322684285,8.333333333333348e-05,0.10522164379239626,0.0005,0.039990534784666354,0.7666824420255561,0.19167061050638903,0.0416469474680549,0.33185185185185184,0.3348148148148148,0.3333333333333333,-0.10522164379239626,2.6375616631277246,2.6380709115811714,2.6378164445746166,1.000096597342331,0.015804819583119106,0.0020951312035156835,0.20547403439512646,0.017762521718165322,11.567841416626834,0.5477225575051662,0.09534625892455922,5.7445626465380295,0.00246913580246913,0.022680460581325723,0.10886621079036322,0.33344224651881904,0.04174347164736364,7.987889683341131,0.10026100122133953,0.021631995515396747,4.634847540994448
4000,40,qcd,2118,0.5295,240,0.9386047439716074,0.0,0.9386047439716074,0.9999999989345888,0.0,0.0019039432764659772,0.4432354121452436,0.0005833333333333339,0.10717658168083097,0.001125,0.03375826251180359,0.7677053824362606,0.18932955618508027,0.04296506137865911,0.3339911198815984,0.33300444005920077,0.33300444005920077,0.10717658168083097,2.639418732307947,2.6393753926775334,2.6392088449552653,0.9999204797063411,0.014405031049781017,0.0008056207014580493,0.20610241424852574,0.01774154318041165,11.616938400041908,0.5482183986618151,0.09376144618769909,5.846949049445634,0.003254306655676022,0.02263857603850672,0.1437505013628358,0.16670311114394182,0.029530716194041164,5.645075115976358,0.10025060369348142,0.021606446911329853,4.639846806136026
4000,40,shuffle_b,2118,0.5295,240,0.9386047439716074,0.0,0.9386047439716074,0.9999999989345888,0.0,0.0019039432764659772,0.4432354121452436,0.0005833333333333339,0.10717658168083097,0.001125,0.03375826251180359,0.7677053824362606,0.18932955618508027,0.04296506137865911,0.3339911198815984,0.33300444005920077,0.33300444005920077,0.10717658168083097,2.639418732307947,2.6393753926775334,2.6392088449552653,0.9999204797063411,0.014405031049781017,0.0008056207014580493,0.20610241424852574,0.01774154318041165,11.616938400041908,0.5482183986618151,0.09376144618769909,5.846949049445634,0.003254306655676022,0.02263857603850672,0.1437505013628358,0.16670311114394182,0.029530716194041164,5.645075115976358,0.10025060369348142,0.021606446911329853,4.639846806136026
4000,40,shuffle_e,2040,0.51,240,0.9386047439716074,2.826663057217755,2.826663057217755,3.011558456699748,0.00425,0.0019039432764659772,0.37186921981718696,0.0005833333333333322,0.19477124183006536,0.001125,0.009313725490196078,0.7970588235294118,0.15,0.052941176470588235,0.3333333333333333,0.33954451345755693,0.32712215320910976,0.19477124183006536,7.977254364377909,7.97853760519044,7.974623959038753,0.9996702618195425,0.008272427125013753,0.008783935170019202,0.34385429283642466,0.01807753815155468,19.02107963781855,0.42443377919507147,0.08606629658238704,4.931474875171164,0.015189531408645117,0.02263857603850672,0.6709578987127428,0.20140615442255613,0.03560492471111009,5.656693731463214,0.08001833435350372,0.022015636655009597,3.6346136887799596
4000,40,shuffle_w,2108,0.527,240,0.9386047439716074,0.0,0.9386047439716074,0.9999999989345888,0.0,0.0019039432764659772,0.4453380469277163,0.0005833333333333339,0.10768500948766603,0.001125,0.016840607210626187,0.7713472485768501,0.18548387096774194,0.04316888045540797,0.3331680713931582,0.33465542885473476,0.3321764997521071,0.10768500948766603,2.640432463599672,2.63966252262035,2.6402240954593865,0.9999210856012574,0.014007090383569605,0.0017645146673328754,0.21085292739928452,0.01778357485073947,11.856610899046371,0.5482183986618151,0.09376144618769909,5.846949049445634,0.003254306655676022,0.02263857603850672,0.1437505013628358,0.16670311114394182,0.029530716194041164,5.645075115976358,0.1002904990249459,0.021657634964381247,4.630722569194949
4000,40,shuffle_h,2118,0.5295,240,0.9386047439716074,0.0,0.9386047439716074,0.9999999989345888,0.0,0.0019039432764659772,0.4432354121452436,0.0005833333333333339,0.10717658168083095,0.001125,0.034702549575070823,0.7677053824362606,0.18932955618508027,0.04296506137865911,0.3339911198815984,0.33300444005920077,0.33300444005920077,0.10717658168083095,2.639418732307947,2.6393753926775334,2.6392088449552653,0.9999204797063411,0.014405031049781017,0.0008056207014580493,0.20610241424852574,0.01774154318041165,11.616938400041908,0.5482183986618151,0.09376144618769909,5.846949049445634,0.003254306655676022,0.02263857603850672,0.1437505013628358,0.16670311114394182,0.029530716194041164,5.645075115976358,0.10025060369348142,0.021606446911329853,4.639846806136026
