exp,diseno,rule_id,seed,clase,brazo,N_nodos,K,kcap,J,noise,meandeg,n_aristas,grado_medio,clustering,transitividad,n_triangulos,holon,giant,diam,pendiente,frac_masa,masa_acretada,kappa_v,n_sumideros,t_primer_sumidero,carpeta,densidad,geo_sepmedia,geo_fof020,geo_ngrupos020,geo_fof030,geo_ngrupos030,geo_fof050,geo_densk8cv,geo_o4a_fof06,geo_o4a_fof10,geo_o4a_ngrupos06,geo_o4a_knn100x,geo_o4a_knn1000x,geo_o4a_sin_verificar_seed,base,geoIC_fof_b0.20,geoIC_ngrupos_b0.20,geoIC_fof_b0.30,geoIC_ngrupos_b0.30,geoIC_fof_b0.50,geoIC_ngrupos_b0.50,geoIC_knn8_cv,geoIC_knn8_p90_med,masa_particula,lado_nube,n_aristas_cabecera,bateria_raiz,f800_n_aristas,f800_grado_medio,f800_giant,f800_n_componentes,f800_diam,f800_asortatividad,f800_clustering,f800_transitividad,f800_n_triangulos,f800_tri_ar_media_sop,f800_tri_ar_mediana_sop,f800_tri_ar_max,f800_tri_ar_p99_sop,f800_tri_ar_media_todas,f800_frac_aristas_en_triangulo,f800_frac_aristas_multi_tri,f800_gini_tri_nodo,f800_tri_por_nodo_max,f800_frac_nodos_en_triangulo,f800_n_comp_tri,f800_tam_mayor_comp_tri,f800_frac_mayor_comp_tri,f800_tam_medio_comp_tri,f800_n_comp_tri_arista,f800_frac_mayor_comp_tri_arista,f800_modularidad_tri,f800_dist_media_tri,f800_dist_media_azar,f800_pendiente_nativa,f800_pendiente_canon,f800_ok,f800_motivo,f800_sha256,f800_archivo,f800_receta
F5B_40pares,pareado,A2-B0-C2-batch3-r0,471829.0,III,unico,2000,5.0,4.0,0.413,0.225,6.59,2308.0,2.308,,,,,0.8405,19.0,1.0889055843285775,0.1504999999999999,2829.4,1.2938596491228065,8,0.029,A2-B0-C2-batch3-r0_III,0.0011545772886443,7.745961543236626,0.796,45.0,0.8119999999999873,4.0,0.818999999999978,3.9666516405061336,,,,,,False,A2-B0-C2-batch3-r0_III,0.796,45,0.8119999999999873,4,0.818999999999978,1,3.9666516405061336,12.29027384118658,9.4,97.5930029872187,2308.0,bateria_fase5b_a2b0c2_escala_v3,2308,2.308,0.8405,30,19.0,0.05357958157913702,0.017,0.01635372501514234,27,1.0,1.0,1.0,1.0,0.03509532062391681,0.03509532062391681,0.0,0.9614506172839506,2.0,0.0395,25.0,2.0,0.07407407407407407,1.08,27.0,0.037037037037037035,0.034971514196720614,9.299999999999999,7.877430555555556,1.0889055843285775,1.0887557522803921,True,,ab7a06a4dfaa6aa23c9b6d586728e103e335c19a21367d0bd76191849e8ef186,grafos_f800/F5B_40pares/A2-B0-C2-batch3-r0__s471829__unico__N2000.grafo.gz,"reconstruir_regla_a2b0c2(seed=471829, N=2000)"
F5B_40pares,pareado,A2-B0-C2-batch3-r1,471926.0,I,unico,2000,7.0,6.0,0.531,0.171,5.85,4038.0,4.038,,,,,0.9905,11.0,0.5443072908377857,0.078,1466.4,0.42,8,0.052,A2-B0-C2-batch3-r1_I,0.0020200100050025,,,,,,,,,,,,,False,A2-B0-C2-batch3-r1_I,0.4029999999999998,70,0.5304999999999994,42,0.563499999999988,2,4.479118866433876,8.106073357008938,9.4,97.59297675402505,4038.0,bateria_fase5b_a2b0c2_escala_v3,4038,4.038,0.9905,2,10.0,0.0899095693478036,0.0035666666666666668,0.004281927547067219,21,1.0161290322580645,1.0,2.0,1.3900000000000006,0.015601783060921248,0.015354135710747894,0.016129032258064516,0.9713571428571428,2.0,0.03,19.0,2.0,0.09523809523809523,1.105263157894737,20.0,0.09523809523809523,0.01527123395106567,5.505,5.841035353535354,0.5443072908377857,0.4985474856470867,True,,1c5ead5216935e9553400f55a15092f4c7c9ef481a3d54f5b06f5196405c47a4,grafos_f800/F5B_40pares/A2-B0-C2-batch3-r1__s471926__unico__N2000.grafo.gz,"reconstruir_regla_a2b0c2(seed=471926, N=2000)"
F5B_40pares,pareado,A2-B0-C2-batch3-r10,472799.0,III,unico,2000,7.0,5.0,0.524,0.164,7.54,3126.0,3.126,,,,,0.927,16.0,0.806767442496431,0.12,2256.0,0.8823529411764706,8,0.034,A2-B0-C2-batch3-r10_III,0.0015637818909454,,,,,,,,,,,,,False,A2-B0-C2-batch3-r10_III,0.6109999999999994,65,0.6840000000000017,12,0.6954999999999828,1,4.242689456873264,15.34903264200662,9.4,97.59304116801827,3126.0,bateria_fase5b_a2b0c2_escala_v3,3126,3.126,0.927,7,16.0,0.043653276160671925,0.01735,0.012685677111568905,39,1.0,1.0,1.0,1.0,0.03742802303262956,0.03742802303262956,0.0,0.9453632478632479,2.0,0.0565,35.0,2.0,0.05128205128205128,1.1142857142857143,39.0,0.02564102564102564,0.037271758258086776,7.003947368421054,6.930877855729448,0.806767442496431,0.8409866073171368,True,,035da2534b24c0d843097cc0ccbf608db621284a0b28bc06a021ddb7672463cb,grafos_f800/F5B_40pares/A2-B0-C2-batch3-r10__s472799__unico__N2000.grafo.gz,"reconstruir_regla_a2b0c2(seed=472799, N=2000)"
F5B_40pares,pareado,A2-B0-C2-batch3-r100,481529.0,I,unico,2000,5.0,4.0,0.569,0.195,6.61,2374.0,2.374,,,,,0.8445,1.0,1.2549922266543088,0.1499999999999999,2820.0,1.3287671232876717,8,0.032,A2-B0-C2-batch3-r100_I,0.0011875937968984,7.745961543236626,0.7789999999999998,49.0,0.8004999999999892,5.0,0.8064999999999785,3.991864958894243,,,,,,False,A2-B0-C2-batch3-r100_I,0.7789999999999998,49,0.8004999999999892,5,0.8064999999999785,1,3.991864958894243,13.658652773574142,9.4,97.59296742518222,2374.0,bateria_fase5b_a2b0c2_escala_v3,2374,2.374,0.8445,29,25.0,0.06961437490940507,0.0165,0.014891179839633447,26,1.0263157894736843,1.0,2.0,2.0,0.03285593934288121,0.03201347935973041,0.02631578947368421,0.9674487179487179,3.0,0.0355,21.0,4.0,0.15384615384615385,1.2380952380952381,24.0,0.11538461538461539,0.031888254816110226,8.857456140350877,8.981753554502369,1.2549922266543088,1.2879122335233364,True,,06f809cb6457ee0b70416392c8bae847a4fa215cec44af7226bbdf67b558a0f0,grafos_f800/F5B_40pares/A2-B0-C2-batch3-r100__s481529__unico__N2000.grafo.gz,"reconstruir_regla_a2b0c2(seed=481529, N=2000)"
F5B_40pares,pareado,A2-B0-C2-batch3-r104,481917.0,I,unico,2000,6.0,5.0,0.41,0.11,5.38,3344.0,3.344,,,,,0.966,13.0,0.6941227678174903,0.0985,1851.8,0.5230769230769231,8,0.04,A2-B0-C2-batch3-r104_I,0.0016728364182091,,,,,,,,0.164,0.472,47.0,0.094,0.0465,True,A2-B0-C2-batch3-r104_I,0.5844999999999994,62,0.6584999999999991,13,0.6744999999999836,1,4.231559102734018,8.564504207571716,9.4,97.59297622872568,3344.0,bateria_fase5b_a2b0c2_escala_v3,3344,3.344,0.966,10,13.0,0.10077995465918492,0.004716666666666667,0.003980404164115126,13,1.0,1.0,1.0,1.0,0.01166267942583732,0.01166267942583732,0.0,0.9805,1.0,0.0195,13.0,1.0,0.07692307692307693,1.0,13.0,0.07692307692307693,0.0116190168136604,6.769230769230769,6.87916450889004,0.6941227678174903,0.6806472268315817,True,,dd6741645a17768f2811e05f20dca2c232db633d778720dbb01c3f4d8ac5dedf,grafos_f800/F5B_40pares/A2-B0-C2-batch3-r104__s481917__unico__N2000.grafo.gz,"reconstruir_regla_a2b0c2(seed=481917, N=2000)"
F5B_40pares,pareado,A2-B0-C2-batch3-r107,482208.0,I,unico,2000,6.0,5.0,0.643,0.335,6.46,3248.0,3.248,,,,,0.9475,13.0,0.6304170393073869,0.1065,2002.2,0.618556701030928,8,0.031,A2-B0-C2-batch3-r107_I,0.0016248124062031,,,,,,,,,,,,,False,A2-B0-C2-batch3-r107_I,0.5894999999999994,65,0.6645000000000018,14,0.6694999999999838,1,4.240382859676898,12.414978262715872,9.4,97.59291332237392,3248.0,bateria_fase5b_a2b0c2_escala_v4,3248,3.248,0.9475,4,15.0,0.0654096700861559,0.009783333333333333,0.008367768595041323,27,1.0,1.0,1.0,1.0,0.024938423645320198,0.024938423645320198,0.0,0.9604876543209877,2.0,0.04,26.0,2.0,0.07407407407407407,1.0384615384615385,27.0,0.037037037037037035,0.02484119158587931,6.676923076923076,6.630983808518127,0.6304170393073869,0.8130370369499209,True,,755a4986dfb754307b2ca11b8e8a0a76897fe6fb4647c191f5801ab3957b5ec6,grafos_f800/F5B_40pares/A2-B0-C2-batch3-r107__s482208__unico__N2000.grafo.gz,"reconstruir_regla_a2b0c2(seed=482208, N=2000)"
F5B_40pares,pareado,A2-B0-C2-batch3-r108,482305.0,III,unico,2000,6.0,5.0,0.557,0.129,4.23,3245.0,3.245,,,,,0.9695,16.0,0.754323966619054,0.098,1842.4,0.4972375690607732,8,0.037,A2-B0-C2-batch3-r108_III,0.0016233116558279,7.745961543236626,0.6324999999999995,72.0,0.6810000000000026,10.0,0.692499999999983,4.334171100875727,,,,,,False,A2-B0-C2-batch3-r108_III,0.6324999999999995,72,0.6810000000000026,10,0.692499999999983,2,4.334171100875727,7.960527727919061,9.4,97.59301721795134,3245.0,bateria_fase5b_a2b0c2_escala_v4,3245,3.245,0.9695,5,16.0,0.04664455268244959,0.0009666666666666668,0.00162057044079516,5,1.0,1.0,1.0,1.0,0.004622496147919877,0.004622496147919877,0.0,0.9925,1.0,0.0075,5.0,1.0,0.2,1.0,5.0,0.2,0.00459913438002284,6.6,6.977081183350531,0.754323966619054,0.7629705254110892,True,,165e3bfd09163ffbf7f1f61a5f4c2a5b7f0f68c6729251f0419bec941272d988,grafos_f800/F5B_40pares/A2-B0-C2-batch3-r108__s482305__unico__N2000.grafo.gz,"reconstruir_regla_a2b0c2(seed=482305, N=2000)"
F5B_40pares,pareado,A2-B0-C2-batch3-r111,482596.0,III,unico,2000,6.0,5.0,0.465,0.345,7.52,3017.0,3.017,,,,,0.9245,15.0,0.9051550092250916,0.122,2293.5999999999995,0.838235294117647,8,0.036,A2-B0-C2-batch3-r111_III,0.0015092546273136,,,,,,,,0.214,0.515,53.0,0.1285,0.048,True,A2-B0-C2-batch3-r111_III,0.6539999999999992,71,0.6955000000000021,12,0.7089999999999822,1,4.156079491344683,14.903601369411886,9.4,97.59292263249878,3017.0,bateria_fase5b_a2b0c2_escala_v4,3017,3.017,0.9245,10,15.0,0.08675392573659504,0.01706666666666667,0.01285317276516906,37,1.0,1.0,1.0,1.0,0.03679151474975141,0.03679151474975141,0.0,0.9464639639639639,2.0,0.0545,35.0,2.0,0.05405405405405406,1.0571428571428572,37.0,0.02702702702702703,0.03665025907219602,7.28611111111111,6.729347041847042,0.9051550092250915,0.7894309120929355,True,,faa91e489b4316d13d764781df522023162827a4c6a1e9648f171f2b15254ec0,grafos_f800/F5B_40pares/A2-B0-C2-batch3-r111__s482596__unico__N2000.grafo.gz,"reconstruir_regla_a2b0c2(seed=482596, N=2000)"
F5B_40pares,pareado,A2-B0-C2-batch3-r112,482693.0,I,unico,2000,6.0,5.0,0.64,0.311,4.4,3233.0,3.233,,,,,0.9695,14.0,0.6476307093914708,0.1015,1908.2,0.5606060606060604,8,0.042,A2-B0-C2-batch3-r112_I,0.0016173086543271,7.745961543236626,0.6169999999999994,64.0,0.6750000000000015,14.0,0.6914999999999831,4.222577279573662,,,,,,False,A2-B0-C2-batch3-r112_I,0.6169999999999994,64,0.6750000000000015,14,0.6914999999999831,3,4.222577279573662,8.117100265508354,9.4,97.59303099602408,3233.0,bateria_fase5b_a2b0c2_escala_v4,3233,3.233,0.9695,8,14.0,0.04253543738372469,0.0015666666666666667,0.0019749835418038184,6,1.0,1.0,1.0,1.0,0.005567584287039901,0.005567584287039901,0.0,0.991,1.0,0.009,6.0,1.0,0.16666666666666666,1.0,6.0,0.16666666666666666,0.00554433579094493,7.0,6.8265823873409,0.6476307093914708,0.6399786421122585,True,,a609da2608b7fb178f44a4e39da6b76680b605a9d18f0f58a7e4fecd9ec15678,grafos_f800/F5B_40pares/A2-B0-C2-batch3-r112__s482693__unico__N2000.grafo.gz,"reconstruir_regla_a2b0c2(seed=482693, N=2000)"
F5B_40pares,pareado,A2-B0-C2-batch3-r114,482887.0,III,unico,2000,6.0,6.0,0.749,0.209,7.44,3978.0,3.978,,,,,0.963,13.0,0.7685330652018251,0.0915,1720.2,0.4411764705882354,8,0.04,A2-B0-C2-batch3-r114_III,0.0019899949974987,7.745961543236626,0.4209999999999997,67.0,0.5454999999999993,35.0,0.5779999999999875,4.42711967872223,,,,,,False,A2-B0-C2-batch3-r114_III,0.4209999999999997,67,0.5454999999999993,35,0.5779999999999875,2,4.42711967872223,12.147716674134092,9.4,97.59298001629658,3978.0,bateria_fase5b_a2b0c2_escala_v3,3978,3.978,0.963,5,13.0,0.08078149761790018,0.0116,0.008045052292839904,40,1.0169491525423728,1.0,2.0,1.8299999999999983,0.030165912518853696,0.029663147310206132,0.01694915254237288,0.9457,2.0,0.057,36.0,3.0,0.075,1.1111111111111112,38.0,0.05,0.029529825427483124,5.928205128205128,5.710979929161748,0.7685330652018251,0.7296803263915126,True,,63cf2c3c269a66151928fcb4b54fee459caa99d18f9b20b58a9d1f3702c9178b,grafos_f800/F5B_40pares/A2-B0-C2-batch3-r114__s482887__unico__N2000.grafo.gz,"reconstruir_regla_a2b0c2(seed=482887, N=2000)"
F5B_40pares,pareado,A2-B0-C2-batch3-r12,472993.0,III,unico,2000,5.0,5.0,0.745,0.243,4.61,3272.0,3.272,,,,,0.9655,15.0,0.7435032678648847,0.1015,1908.2,0.5440414507772019,8,0.037,A2-B0-C2-batch3-r12_III,0.0016368184092046,7.745961543236626,0.6254999999999995,61.0,0.693000000000001,11.0,0.6984999999999827,4.265225390711227,,,,,,False,A2-B0-C2-batch3-r12_III,0.6254999999999995,61,0.693000000000001,11,0.6984999999999827,1,4.265225390711227,8.047795618041404,9.4,97.59299344952343,3272.0,bateria_fase5b_a2b0c2_escala_v3,3272,3.272,0.9655,6,14.0,0.10736488917164425,0.0032,0.003188097768331562,10,1.0,1.0,1.0,1.0,0.009168704156479218,0.009168704156479218,0.0,0.985,1.0,0.015,10.0,1.0,0.1,1.0,10.0,0.1,0.009130828142466867,6.866666666666667,6.773186528497409,0.7435032678648847,0.6740274866430683,True,,b66227701fdab5e3933adb28e87ddead3736adb0b5b8847502398083130bcf19,grafos_f800/F5B_40pares/A2-B0-C2-batch3-r12__s472993__unico__N2000.grafo.gz,"reconstruir_regla_a2b0c2(seed=472993, N=2000)"
F5B_40pares,pareado,A2-B0-C2-batch3-r120,483469.0,I,unico,2000,6.0,5.0,0.656,0.147,5.38,3396.0,3.396,,,,,0.9795,13.0,0.5745851449620949,0.0925,1739.0000000000002,0.4444444444444445,8,0.034,A2-B0-C2-batch3-r120_I,0.0016988494247123,,,,,,,,0.16,0.4945,50.0,0.0905,0.0455,True,A2-B0-C2-batch3-r120_I,0.5794999999999995,66,0.6630000000000003,21,0.6699999999999838,1,4.396950042053868,7.252821264358074,9.4,97.59299769849105,3396.0,bateria_fase5b_a2b0c2_escala_v4,3396,3.396,0.9795,5,13.0,0.07671320528852399,0.0038333333333333336,0.0038856231941815284,13,1.0,1.0,1.0,1.0,0.011484098939929329,0.011484098939929329,0.0,0.981474358974359,2.0,0.019,12.0,2.0,0.15384615384615385,1.0833333333333333,13.0,0.07692307692307693,0.011436950871322318,6.243589743589744,6.598399727613212,0.5745851449620949,0.6026898883224193,True,,03faead2d1c7a349142fecc26785ddeebb15ccfeac11fffe4a020acd443cfcd1,grafos_f800/F5B_40pares/A2-B0-C2-batch3-r120__s483469__unico__N2000.grafo.gz,"reconstruir_regla_a2b0c2(seed=483469, N=2000)"
F5B_40pares,pareado,A2-B0-C2-batch3-r143,485700.0,I,unico,2000,4.0,5.0,0.585,0.132,6.04,3349.0,3.349,,,,,0.954,1.0,0.7640298812029376,0.1,1880.0,0.393518518518518,8,0.037,A2-B0-C2-batch3-r143_I,0.0016753376688344,,,,,,,,,,,,,False,A2-B0-C2-batch3-r143_I,0.5789999999999994,65,0.6530000000000007,15,0.6664999999999839,1,4.169620382486741,10.076707237291789,9.4,97.59299607745004,3349.0,bateria_fase5b_a2b0c2_escala_v4,3349,3.349,0.954,8,14.0,0.06794252276777163,0.005266666666666667,0.005022156573116691,17,1.0,1.0,1.0,1.0,0.015228426395939087,0.015228426395939087,0.0,0.9754803921568628,2.0,0.025,16.0,2.0,0.11764705882352941,1.0625,17.0,0.058823529411764705,0.015162314309963237,6.1911764705882355,6.600181150784192,0.7640298812029376,0.7109918791402988,True,,3833a428c2429a2e7da8973b3ce5927f300797009c1415cd87bd31f18e9dcef4,grafos_f800/F5B_40pares/A2-B0-C2-batch3-r143__s485700__unico__N2000.grafo.gz,"reconstruir_regla_a2b0c2(seed=485700, N=2000)"
F5B_40pares,pareado,A2-B0-C2-batch3-r21,473866.0,III,unico,2000,6.0,5.0,0.346,0.134,5.31,3308.0,3.308,,,,,0.959,14.0,0.7248004383475681,0.0965,1814.2,0.4838709677419354,8,0.042,A2-B0-C2-batch3-r21_III,0.0016548274137068,,,,,,,,,,,,,False,A2-B0-C2-batch3-r21_III,0.5979999999999993,63,0.6670000000000014,14,0.6729999999999836,1,4.32045335197441,7.892860393126151,9.4,97.59298238103982,3308.0,bateria_fase5b_a2b0c2_escala_v3,3308,3.308,0.959,6,14.0,0.08117814419399215,0.0037166666666666667,0.0034066274388355527,11,1.0,1.0,1.0,1.0,0.009975816203143894,0.009975816203143894,0.0,0.9835,1.0,0.0165,11.0,1.0,0.09090909090909091,1.0,11.0,0.09090909090909091,0.009938691552778139,6.963636363636363,6.7440879846983135,0.7248004383475681,0.7339741044258867,True,,afd8101cff8b1b4f260b03b09f3b62aeab93f6f7eea6d2d5443733e385b23837,grafos_f800/F5B_40pares/A2-B0-C2-batch3-r21__s473866__unico__N2000.grafo.gz,"reconstruir_regla_a2b0c2(seed=473866, N=2000)"
F5B_40pares,pareado,A2-B0-C2-batch3-r23,474060.0,III,unico,2000,7.0,5.0,0.498,0.338,7.03,3169.0,3.169,,,,,0.9295,13.0,0.7756156905187959,0.1175,2209.0,0.7638888888888888,8,0.032,A2-B0-C2-batch3-r23_III,0.0015852926463231,,,,,,,,,,,,,False,A2-B0-C2-batch3-r23_III,0.5994999999999996,58,0.6780000000000014,18,0.690499999999983,1,4.198722184261216,14.770737639654918,9.4,97.59299940874668,3169.0,bateria_fase5b_a2b0c2_escala_v3,3169,3.169,0.9295,12,13.0,0.06477217532447582,0.010483333333333332,0.00736235595390525,23,1.0,1.0,1.0,1.0,0.021773430104133795,0.021773430104133795,0.0,0.9664855072463768,2.0,0.034,22.0,2.0,0.08695652173913043,1.0454545454545454,23.0,0.043478260869565216,0.021694391500335426,7.140909090909091,6.479547900968783,0.7756156905187959,0.7414601273231891,True,,1f368c8d238fcf19f2be3f639badf37c5097f73ef96185cc10138126859deb1c,grafos_f800/F5B_40pares/A2-B0-C2-batch3-r23__s474060__unico__N2000.grafo.gz,"reconstruir_regla_a2b0c2(seed=474060, N=2000)"
F5B_40pares,pareado,A2-B0-C2-batch3-r25,474254.0,III,unico,2000,8.0,5.0,0.481,0.207,6.78,3134.0,3.134,,,,,0.937,16.0,0.7951507684630403,0.113,2124.4,0.6865671641791045,8,0.03,A2-B0-C2-batch3-r25_III,0.0015677838919459,,,,,,,,,,,,,False,A2-B0-C2-batch3-r25_III,0.6174999999999994,64,0.6890000000000015,19,0.6969999999999827,1,4.148494416619051,12.523546623055635,9.4,97.59303159858874,3134.0,bateria_fase5b_a2b0c2_escala_v3,3134,3.134,0.937,9,16.0,0.09370764892442798,0.0155,0.01054945054945055,32,1.0,1.0,1.0,1.0,0.03063178047223995,0.03063178047223995,0.0,0.9529895833333333,2.0,0.0475,31.0,2.0,0.0625,1.032258064516129,32.0,0.03125,0.03051411042769891,6.854838709677419,6.786778624472164,0.7951507684630403,0.798688504658977,True,,f12645f2cb7e6c0226a05b8ac8475e810828be9e2f17381fe0563ef5ba4c3e19,grafos_f800/F5B_40pares/A2-B0-C2-batch3-r25__s474254__unico__N2000.grafo.gz,"reconstruir_regla_a2b0c2(seed=474254, N=2000)"
F5B_40pares,pareado,A2-B0-C2-batch3-r26,474351.0,III,unico,2000,8.0,5.0,0.682,0.271,6.44,3258.0,3.258,,,,,0.9465,15.0,0.7318596368941483,0.1115,2096.2000000000003,0.7205882352941176,8,0.032,A2-B0-C2-batch3-r26_III,0.0016298149074537,7.745961543236626,0.6004999999999994,64.0,0.6590000000000005,21.0,0.6774999999999836,4.28371721390348,,,,,,False,A2-B0-C2-batch3-r26_III,0.6004999999999994,64,0.6590000000000005,21,0.6774999999999836,2,4.28371721390348,11.931920690509337,9.4,97.59303021584368,3258.0,bateria_fase5b_a2b0c2_escala_v4,3258,3.258,0.9465,5,15.0,0.10418416983218597,0.007983333333333334,0.005879319236719959,19,1.0,1.0,1.0,1.0,0.017495395948434623,0.017495395948434623,0.0,0.9715,1.0,0.0285,19.0,1.0,0.05263157894736842,1.0,19.0,0.05263157894736842,0.01742841250945399,6.80701754385965,6.521670190274841,0.7318596368941483,0.7071044920543503,True,,79bfb97cbc9835bf69a8821c4bd7d24449e63fde3f2fc5c6ae56d52535f2fa72,grafos_f800/F5B_40pares/A2-B0-C2-batch3-r26__s474351__unico__N2000.grafo.gz,"reconstruir_regla_a2b0c2(seed=474351, N=2000)"
F5B_40pares,pareado,A2-B0-C2-batch3-r31,474836.0,III,unico,2000,4.0,5.0,0.695,0.156,7.18,3234.0,3.234,,,,,0.93,13.0,0.8063707776237024,0.117,2199.6,0.8095238095238093,8,0.036,A2-B0-C2-batch3-r31_III,0.0016178089044522,7.745961543236626,0.6009999999999993,70.0,0.6725000000000018,15.0,0.6889999999999832,4.21055194887473,,,,,,False,A2-B0-C2-batch3-r31_III,0.6009999999999993,70,0.6725000000000018,15,0.6889999999999832,3,4.21055194887473,14.99794806189504,9.4,97.59302360962371,3234.0,bateria_fase5b_a2b0c2_escala_v3,3234,3.234,0.93,7,13.0,0.03124225298925219,0.009516666666666666,0.009207161125319692,30,1.0112359550561798,1.0,2.0,1.1200000000000045,0.027829313543599257,0.027520098948670378,0.011235955056179775,0.9579,2.0,0.0435,28.0,2.0,0.06666666666666667,1.0714285714285714,29.0,0.06666666666666667,0.027407466050455704,6.343103448275862,6.614455474595337,0.8063707776237024,0.8088692905304837,True,,387fe838c0349b28546ddfa7e2db0b9e8f1c3fd0e8e6cd6074f37d6049a1fd55,grafos_f800/F5B_40pares/A2-B0-C2-batch3-r31__s474836__unico__N2000.grafo.gz,"reconstruir_regla_a2b0c2(seed=474836, N=2000)"
F5B_40pares,pareado,A2-B0-C2-batch3-r35,475224.0,I,unico,2000,4.0,5.0,0.657,0.303,4.75,3369.0,3.369,,,,,0.9695,14.0,0.6334481872632115,0.0975,1833.0,0.5312499999999999,8,0.036,A2-B0-C2-batch3-r35_I,0.0016853426713356,7.745961543236626,0.5959999999999992,61.0,0.6690000000000009,15.0,0.6854999999999835,4.402616737907266,,,,,,False,A2-B0-C2-batch3-r35_I,0.5959999999999992,61,0.6690000000000009,15,0.6854999999999835,4,4.402616737907266,7.315921633262056,9.4,97.59299963984934,3369.0,bateria_fase5b_a2b0c2_escala_v3,3369,3.369,0.9695,6,14.0,0.08353840311999768,0.0017333333333333335,0.0024096385542168677,8,1.0,1.0,1.0,1.0,0.007123775601068566,0.007123775601068566,0.0,0.988,1.0,0.012,8.0,1.0,0.125,1.0,8.0,0.125,0.007092080015428856,6.285714285714286,6.669289645682835,0.6334481872632115,0.6429565168734914,True,,b84204a690dd137f237f1351a4bf9b277a92016d4a1aec975dc03cda3acb3671,grafos_f800/F5B_40pares/A2-B0-C2-batch3-r35__s475224__unico__N2000.grafo.gz,"reconstruir_regla_a2b0c2(seed=475224, N=2000)"
F5B_40pares,pareado,A2-B0-C2-batch3-r44,476097.0,I,unico,2000,7.0,5.0,0.551,0.138,4.4,3252.0,3.252,,,,,0.9675,13.0,0.623750817921136,0.1015,1908.2000000000005,0.5925925925925919,8,0.037,A2-B0-C2-batch3-r44_I,0.0016268134067033,,,,,,,,,,,,,False,A2-B0-C2-batch3-r44_I,0.6299999999999994,59,0.6815000000000009,12,0.693999999999983,2,4.237542985808602,8.487307247537435,9.4,97.59303885251497,3252.0,bateria_fase5b_a2b0c2_escala_v3,3252,3.252,0.9675,5,13.0,0.03854988433198869,0.0020499999999999997,0.002584814216478191,8,1.0,1.0,1.0,1.0,0.007380073800738007,0.007380073800738007,0.0,0.988,1.0,0.012,8.0,1.0,0.125,1.0,8.0,0.125,0.007349106009510279,6.678571428571429,7.039202782739494,0.623750817921136,0.7221439360169533,True,,c1a6d9769daffe300a88be729c6bd57fe154e3b440ca650edd966b7d185dfa77,grafos_f800/F5B_40pares/A2-B0-C2-batch3-r44__s476097__unico__N2000.grafo.gz,"reconstruir_regla_a2b0c2(seed=476097, N=2000)"
F5B_40pares,pareado,A2-B0-C2-batch3-r48,476485.0,I,unico,2000,8.0,5.0,0.487,0.21,4.54,3271.0,3.271,,,,,0.971,15.0,0.6705155034604253,0.099,1861.2,0.4782608695652173,8,0.041,A2-B0-C2-batch3-r48_I,0.0016363181590795,,,,,,,,,,,,,False,A2-B0-C2-batch3-r48_I,0.6684999999999993,59,0.7020000000000027,11,0.7089999999999822,1,4.26128259604502,7.26085978850328,9.4,97.59305683483484,3271.0,bateria_fase5b_a2b0c2_escala_v3,3271,3.271,0.971,3,15.0,0.06490039265274282,0.0025499999999999997,0.002578704201138928,8,1.0,1.0,1.0,1.0,0.007337205747477835,0.007337205747477835,0.0,0.988,1.0,0.012,8.0,1.0,0.125,1.0,8.0,0.125,0.007308068711253232,6.714285714285714,7.284947621500945,0.6705155034604253,0.6911429172747673,True,,096a6bc779c0c7beb7df79f776287fbefec03a85878d3b0b4d572116c3d40d7c,grafos_f800/F5B_40pares/A2-B0-C2-batch3-r48__s476485__unico__N2000.grafo.gz,"reconstruir_regla_a2b0c2(seed=476485, N=2000)"
F5B_40pares,pareado,A2-B0-C2-batch3-r5,472314.0,I,unico,2000,6.0,6.0,0.494,0.283,7.48,3981.0,3.981,,,,,0.974,13.0,0.6602354017251398,0.081,1522.8,0.3571428571428572,8,0.044,A2-B0-C2-batch3-r5_I,0.0019914957478739,7.745961543236626,0.3839999999999997,60.0,0.5299999999999994,43.0,0.5589999999999935,4.440120596819075,,,,,,False,A2-B0-C2-batch3-r5_I,0.3839999999999997,60,0.5299999999999994,43,0.5589999999999935,3,4.440120596819075,10.86081584824565,9.4,97.59301993597455,3981.0,bateria_fase5b_a2b0c2_escala_v3,3981,3.981,0.974,2,13.0,0.0687447086336816,0.0103,0.008158270446665308,40,1.0256410256410255,1.0,2.0,2.0,0.03014318010550113,0.0293896006028636,0.02564102564102564,0.9483916666666666,3.0,0.0555,34.0,3.0,0.075,1.1764705882352942,37.0,0.05,0.029250106682956054,5.7243589743589745,5.64346858414655,0.6602354017251398,0.6653143911291809,True,,b0ad3c6f4a8ed9e108118ab4e416ed65c8a783e291e494229bc8779cc6846862,grafos_f800/F5B_40pares/A2-B0-C2-batch3-r5__s472314__unico__N2000.grafo.gz,"reconstruir_regla_a2b0c2(seed=472314, N=2000)"
F5B_40pares,pareado,A2-B0-C2-batch3-r50,476679.0,I,unico,2000,6.0,5.0,0.381,0.278,5.64,3271.0,3.271,,,,,0.962,14.0,0.6185791830984311,0.1,1880.0,0.5340314136125656,8,0.04,A2-B0-C2-batch3-r50_I,0.0016363181590795,,,,,,,,,,,,,False,A2-B0-C2-batch3-r50_I,0.6154999999999993,71,0.6735000000000008,15,0.691499999999983,2,4.3583218111156325,8.911296864988083,9.4,97.59304849987,3271.0,bateria_fase5b_a2b0c2_escala_v3,3271,3.271,0.962,10,14.0,0.09903428864179022,0.006333333333333334,0.004777070063694267,15,1.0,1.0,1.0,1.0,0.013757260776520942,0.013757260776520942,0.0,0.9775,1.0,0.0225,15.0,1.0,0.06666666666666667,1.0,15.0,0.06666666666666667,0.013708192792501963,6.723809523809524,6.688507540301611,0.6185791830984311,0.6750908749640139,True,,f91510c87944a49c26eaa391e6fa4164b1d48c7e7e2fa3555117ea1dd8727e94,grafos_f800/F5B_40pares/A2-B0-C2-batch3-r50__s476679__unico__N2000.grafo.gz,"reconstruir_regla_a2b0c2(seed=476679, N=2000)"
F5B_40pares,pareado,A2-B0-C2-batch3-r53,476970.0,I,unico,2000,7.0,5.0,0.708,0.308,4.14,3204.0,3.204,,,,,0.9635,14.0,0.6600094507902553,0.096,1804.8,0.4374999999999999,8,0.032,A2-B0-C2-batch3-r53_I,0.0016028014007003,,,,,,,,,,,,,False,A2-B0-C2-batch3-r53_I,0.6489999999999994,63,0.6984999999999844,5,0.7084999999999824,2,4.351125180640754,7.181629198596975,9.4,97.59299383015602,3204.0,bateria_fase5b_a2b0c2_escala_v3,3204,3.204,0.9635,5,14.0,0.009935464242218441,0.0015,0.002321468052177758,7,1.0,1.0,1.0,1.0,0.006554307116104869,0.006554307116104869,0.0,0.9895,1.0,0.0105,7.0,1.0,0.14285714285714285,1.0,7.0,0.14285714285714285,0.0065219661440677305,6.3809523809523805,6.902258566978193,0.6600094507902553,0.7149691674280672,True,,af77bc32b3b68a938b6e97a35d9638dac6f0da41f2b7853a1fdf0988b342d403,grafos_f800/F5B_40pares/A2-B0-C2-batch3-r53__s476970__unico__N2000.grafo.gz,"reconstruir_regla_a2b0c2(seed=476970, N=2000)"
F5B_40pares,pareado,A2-B0-C2-batch3-r58,477455.0,III,unico,2000,7.0,5.0,0.458,0.155,4.11,3150.0,3.15,,,,,0.954,15.0,0.7762844343605745,0.1025,1927.0,0.5737704918032787,8,0.035,A2-B0-C2-batch3-r58_III,0.0015757878939469,,,,,,,,0.173,0.526,44.0,0.103,0.0475,True,A2-B0-C2-batch3-r58_III,0.6374999999999994,69,0.6935000000000017,12,0.6969999999999827,1,4.319623321684393,8.68393497317395,9.4,97.59297388393878,3150.0,bateria_fase5b_a2b0c2_escala_v4,3150,3.15,0.954,12,15.0,0.047575868442741163,0.0017,0.0023926170673350803,7,1.0,1.0,1.0,1.0,0.006666666666666667,0.006666666666666667,0.0,0.9895,1.0,0.0105,7.0,1.0,0.14285714285714285,1.0,7.0,0.14285714285714285,0.0066373393801965235,6.3809523809523805,6.980685194895998,0.7762844343605745,0.8648913077776318,True,,6c1b9fcc9154dccb435d8102af0852a5965146b168a1c197b2f66d07ec241a66,grafos_f800/F5B_40pares/A2-B0-C2-batch3-r58__s477455__unico__N2000.grafo.gz,"reconstruir_regla_a2b0c2(seed=477455, N=2000)"
F5B_40pares,pareado,A2-B0-C2-batch3-r59,477552.0,I,unico,2000,7.0,5.0,0.545,0.26,4.12,3159.0,3.159,,,,,0.9645,14.0,0.697928797897343,0.1035,1945.8,0.6063829787234043,8,0.034,A2-B0-C2-batch3-r59_I,0.0015802901450725,,,,,,,,0.1855,0.5365000000000001,55.0,0.105,0.0465,True,A2-B0-C2-batch3-r59_I,0.6309999999999992,60,0.6910000000000023,13,0.6974999999999827,1,4.285797995103481,9.478718686376512,9.4,97.59297415745972,3159.0,bateria_fase5b_a2b0c2_escala_v4,3159,3.159,0.9645,8,14.0,0.08909640850242284,0.00225,0.002379603399433428,7,1.05,1.0,2.0,1.8099999999999987,0.006647673314339981,0.006331117442228553,0.05,0.9920714285714286,2.0,0.009,5.0,2.0,0.2857142857142857,1.4,6.0,0.2857142857142857,0.006300278547121782,6.761904761904761,7.11679554884949,0.697928797897343,0.7782146046564108,True,,d49e34f754bcea75cd73dfdb22e0136c93e4999f5906f1063768e1c6ef9d9b55,grafos_f800/F5B_40pares/A2-B0-C2-batch3-r59__s477552__unico__N2000.grafo.gz,"reconstruir_regla_a2b0c2(seed=477552, N=2000)"
F5B_40pares,pareado,A2-B0-C2-batch3-r60,477649.0,III,unico,2000,6.0,5.0,0.456,0.261,7.33,3068.0,3.068,,,,,0.9185,15.0,0.9268169943894312,0.1254999999999999,2359.4,0.91044776119403,8,0.036,A2-B0-C2-batch3-r60_III,0.0015347673836918,,,,,,,,0.2055,0.5145000000000001,46.0,0.1275,0.051,True,A2-B0-C2-batch3-r60_III,0.6269999999999993,59,0.6960000000000021,15,0.7074999999999824,2,4.0849016745805855,15.644133450672836,9.4,97.59297565793722,3068.0,bateria_fase5b_a2b0c2_escala_v3,3068,3.068,0.9185,9,15.0,0.050748238753743125,0.019,0.013706262536215734,41,1.0081967213114753,1.0,2.0,1.0,0.040091264667535854,0.039765319426336376,0.00819672131147541,0.942369918699187,2.0,0.0595,38.0,2.0,0.04878048780487805,1.0789473684210527,40.0,0.04878048780487805,0.03961512220184299,7.066249999999999,6.559458968772695,0.9268169943894311,0.9265824692819378,True,,73c76eeb52ecca3acfcb301a96d3cc9b08874cfb33fe95ca07ea004c1bf3ebf3,grafos_f800/F5B_40pares/A2-B0-C2-batch3-r60__s477649__unico__N2000.grafo.gz,"reconstruir_regla_a2b0c2(seed=477649, N=2000)"
F5B_40pares,pareado,A2-B0-C2-batch3-r69,478522.0,III,unico,2000,7.0,6.0,0.753,0.318,4.37,3678.0,3.678,,,,,0.981,13.0,0.7189443036232789,0.088,1654.4,0.4311377245508982,8,0.04,A2-B0-C2-batch3-r69_III,0.0018399199599799,,,,,,,,,,,,,False,A2-B0-C2-batch3-r69_III,0.5029999999999996,63,0.5995000000000001,25,0.613999999999986,1,4.46781393921745,8.283771047153005,9.4,97.59299870294544,3678.0,bateria_fase5b_a2b0c2_escala_v3,3678,3.678,0.981,2,13.0,0.02867115839990283,0.0012666666666666666,0.0016870179948586118,7,1.0,1.0,1.0,1.0,0.005709624796084829,0.005709624796084829,0.0,0.9895,1.0,0.0105,7.0,1.0,0.14285714285714285,1.0,7.0,0.14285714285714285,0.0056796122677022914,5.428571428571429,5.626381098079211,0.7189443036232789,0.7267326273450284,True,,d028ff047fa1bf3e0d135249f65144f60e016bbb8e1e40d000781f36569a4ba5,grafos_f800/F5B_40pares/A2-B0-C2-batch3-r69__s478522__unico__N2000.grafo.gz,"reconstruir_regla_a2b0c2(seed=478522, N=2000)"
F5B_40pares,pareado,A2-B0-C2-batch3-r70,478619.0,III,unico,2000,4.0,5.0,0.632,0.249,5.76,3398.0,3.398,,,,,0.9645,15.0,0.7941435722553284,0.095,1785.9999999999998,0.4264705882352941,8,0.039,A2-B0-C2-batch3-r70_III,0.0016998499249624,,,,,,,,,,,,,False,A2-B0-C2-batch3-r70_III,0.5689999999999994,75,0.6484999999999995,29,0.6609999999999843,2,4.248534006445058,8.198278895546261,9.4,97.59296279971352,3398.0,bateria_fase5b_a2b0c2_escala_v4,3398,3.398,0.9645,3,15.0,0.09812750797916273,0.005716666666666667,0.005250875145857643,18,1.0,1.0,1.0,1.0,0.015891701000588582,0.015891701000588582,0.0,0.973,1.0,0.027,18.0,1.0,0.05555555555555555,1.0,18.0,0.05555555555555555,0.015829084102721505,6.496732026143791,6.633911731422105,0.7941435722553284,0.7897934847416653,True,,fc09906bdf396f41f0d7e37a3880edea69d0567f3b39d375acc90e802ebc2185,grafos_f800/F5B_40pares/A2-B0-C2-batch3-r70__s478619__unico__N2000.grafo.gz,"reconstruir_regla_a2b0c2(seed=478619, N=2000)"
F5B_40pares,pareado,A2-B0-C2-batch3-r71,478716.0,III,unico,2000,6.0,5.0,0.463,0.202,7.98,3012.0,3.012,,,,,0.908,14.0,0.89756931877134,0.13,2444.0,1.0046948356807506,8,0.032,A2-B0-C2-batch3-r71_III,0.0015067533766883,,,,,,,,,,,,,False,A2-B0-C2-batch3-r71_III,0.6509999999999992,66,0.7090000000000021,18,0.7199999999999819,1,4.1715440244893545,15.855691297498437,9.4,97.59296563506008,3012.0,bateria_fase5b_a2b0c2_escala_v4,3012,3.012,0.908,14,14.0,0.0639866333409469,0.028650000000000005,0.017172295363480253,50,1.0204081632653061,1.0,2.0,2.0,0.049800796812749,0.04880478087649402,0.02040816326530612,0.9325733333333334,2.0,0.071,45.0,3.0,0.06,1.1111111111111112,47.0,0.04,0.048635581622161195,7.155102040816327,6.642056932966024,0.89756931877134,0.8848213695861721,True,,a2f7dd5ba9a9d316e07882e6cfd0c0fe6416ecc1b04d430160c15a8cba54f1d0,grafos_f800/F5B_40pares/A2-B0-C2-batch3-r71__s478716__unico__N2000.grafo.gz,"reconstruir_regla_a2b0c2(seed=478716, N=2000)"
F5B_40pares,pareado,A2-B0-C2-batch3-r76,479201.0,I,unico,2000,8.0,5.0,0.679,0.309,5.83,3332.0,3.332,,,,,0.9625,12.0,0.5791822134585409,0.1065,2002.2,0.6825396825396828,8,0.036,A2-B0-C2-batch3-r76_I,0.0016668334167083,7.745961543236626,0.6054999999999994,69.0,0.6710000000000018,16.0,0.6804999999999835,4.197080404181096,,,,,,False,A2-B0-C2-batch3-r76_I,0.6054999999999994,69,0.6710000000000018,16,0.6804999999999835,2,4.197080404181096,10.371916248034315,9.4,97.59303774870308,3332.0,bateria_fase5b_a2b0c2_escala_v4,3332,3.332,0.9625,7,12.0,0.09174844376644724,0.007299999999999999,0.006077180188392586,20,1.0169491525423728,1.0,2.0,1.4200000000000017,0.01800720288115246,0.017707082833133252,0.01694915254237288,0.97285,2.0,0.0285,18.0,2.0,0.1,1.1111111111111112,19.0,0.1,0.01763466491038192,6.463157894736843,6.56639812889813,0.5791822134585409,0.6683441395259958,True,,a789c3d83bc85f02fa96ebc904772458f2314f7a799b14f9cdd046a984efff7b,grafos_f800/F5B_40pares/A2-B0-C2-batch3-r76__s479201__unico__N2000.grafo.gz,"reconstruir_regla_a2b0c2(seed=479201, N=2000)"
F5B_40pares,pareado,A2-B0-C2-batch3-r83,479880.0,III,unico,2000,7.0,6.0,0.752,0.325,4.01,3567.0,3.567,,,,,0.976,14.0,0.7218028381417335,0.087,1635.6,0.4193548387096775,8,0.043,A2-B0-C2-batch3-r83_III,0.001784392196098,,,,,,,,,,,,,False,A2-B0-C2-batch3-r83_III,0.5524999999999995,78,0.6155000000000003,26,0.6334999999999852,1,4.4126748692175255,7.808330251243278,9.4,97.5929951457288,3567.0,bateria_fase5b_a2b0c2_escala_v3,3567,3.567,0.976,2,14.0,0.0115010199623056,0.0024500000000000004,0.002546257002206756,10,1.0,1.0,1.0,1.0,0.008410428931875526,0.008410428931875526,0.0,0.985,1.0,0.015,10.0,1.0,0.1,1.0,10.0,0.1,0.008364293787655257,5.777777777777778,6.637109174782163,0.7218028381417335,0.731193516951997,True,,6d83206b17482777035a305a222e4e65aa5e2eca692cdaec53ae5826cfbaf119,grafos_f800/F5B_40pares/A2-B0-C2-batch3-r83__s479880__unico__N2000.grafo.gz,"reconstruir_regla_a2b0c2(seed=479880, N=2000)"
F5B_40pares,pareado,A2-B0-C2-batch3-r86,480171.0,I,unico,2000,5.0,5.0,0.646,0.19,6.06,3407.0,3.407,,,,,0.9735,13.0,0.6846985157255415,0.0945,1776.6,0.5,8,0.035,A2-B0-C2-batch3-r86_I,0.001704352176088,7.745961543236626,0.5539999999999994,71.0,0.632,25.0,0.6509999999999845,4.32634789132048,,,,,,False,A2-B0-C2-batch3-r86_I,0.5539999999999994,71,0.632,25,0.6509999999999845,1,4.32634789132048,8.911946048737715,9.4,97.59290362437942,3407.0,bateria_fase5b_a2b0c2_escala_v3,3407,3.407,0.9735,2,13.0,0.09259966069033339,0.006416666666666666,0.006454136514766282,22,1.0,1.0,1.0,1.0,0.01937188142060464,0.01937188142060464,0.0,0.9679848484848484,2.0,0.0325,21.0,2.0,0.09090909090909091,1.0476190476190477,22.0,0.045454545454545456,0.019293355614043814,6.488095238095238,6.756166495375127,0.6846985157255415,0.6758653813191896,True,,59007c67b1a1f9a0424f344636044f013115fb7bc04419d7b847207178046f2d,grafos_f800/F5B_40pares/A2-B0-C2-batch3-r86__s480171__unico__N2000.grafo.gz,"reconstruir_regla_a2b0c2(seed=480171, N=2000)"
F5B_40pares,pareado,A2-B0-C2-batch3-r9,472702.0,I,unico,2000,7.0,6.0,0.343,0.205,6.02,4069.0,4.069,,,,,0.983,10.0,0.4789609415912562,0.0765,1438.2,0.4130434782608696,8,0.046,A2-B0-C2-batch3-r9_I,0.0020355177588794,,,,,,,,,,,,,False,A2-B0-C2-batch3-r9_I,0.3759999999999998,62,0.5214999999999993,39,0.5609999999999934,4,4.575957667087219,8.626708256868904,9.4,97.59299355167916,4069.0,bateria_fase5b_a2b0c2_escala_v3,4069,4.069,0.983,2,11.0,0.08981784206400902,0.0037333333333333333,0.003999200159968006,20,1.0169491525423728,1.0,2.0,1.4200000000000017,0.014745637748832637,0.014499877119685426,0.01694915254237288,0.97285,2.0,0.0285,18.0,2.0,0.1,1.1111111111111112,19.0,0.1,0.014432895419581163,5.589473684210526,5.635623409669211,0.47896094159125624,0.5245653759654894,True,,e809316748716c41bfd6fb8660d20f8d0b21a83cc86b293a656e5b67690fa8df,grafos_f800/F5B_40pares/A2-B0-C2-batch3-r9__s472702__unico__N2000.grafo.gz,"reconstruir_regla_a2b0c2(seed=472702, N=2000)"
F5B_40pares,pareado,A2-B0-C2-batch4-r0,571829.0,III,unico,2000,6.0,6.0,0.4,0.123,7.95,3897.0,3.897,,,,,0.9685,14.0,0.7498208397520266,0.09,1692.0,0.4421052631578949,8,0.04,A2-B0-C2-batch4-r0_III,0.0019494747373686,,,,,,,,,,,,,False,A2-B0-C2-batch4-r0_III,0.4279999999999996,60,0.55,33,0.5844999999999878,6,4.417485666612501,14.674780163127917,9.4,97.59304513875988,3897.0,bateria_fase5b_a2b0c2_escala_v4,3897,3.897,0.9685,6,14.0,0.10954553453420832,0.012083333333333333,0.0075,36,1.0093457943925233,1.0,2.0,1.0,0.02771362586605081,0.02745701821914293,0.009345794392523364,0.9489166666666666,2.0,0.0525,34.0,2.0,0.05555555555555555,1.0588235294117647,35.0,0.05555555555555555,0.027344468406344035,6.101428571428571,5.796143250688705,0.7498208397520266,0.7086734200814807,True,,c1debddb9ac1459692df46e29aef259f1fe7319426dfad1e612b9e51a6a00ec5,grafos_f800/F5B_40pares/A2-B0-C2-batch4-r0__s571829__unico__N2000.grafo.gz,"reconstruir_regla_a2b0c2(seed=571829, N=2000)"
F5B_40pares,pareado,A2-B0-C2-batch4-r1,571926.0,III,unico,2000,6.0,5.0,0.398,0.285,6.18,3224.0,3.224,,,,,0.9485,15.0,0.757937290221059,0.1075,2021.0,0.6307692307692309,8,0.035,A2-B0-C2-batch4-r1_III,0.0016128064032016,,,,,,,,,,,,,False,A2-B0-C2-batch4-r1_III,0.6024999999999995,69,0.6810000000000032,6,0.688499999999983,1,4.199267573673695,11.43495169884778,9.4,97.59301881356224,3224.0,bateria_fase5b_a2b0c2_escala_v4,3224,3.224,0.9485,6,14.0,0.04653110346871803,0.008666666666666666,0.0073000423190859075,23,1.0,1.0,1.0,1.0,0.021401985111662532,0.021401985111662532,0.0,0.9674420289855072,2.0,0.0335,21.0,2.0,0.08695652173913043,1.0952380952380953,23.0,0.043478260869565216,0.0213154703172238,6.877272727272727,7.224525316455697,0.757937290221059,0.7139491083236034,True,,33a5ab60a38437e1e9b852e0be2ab0df3eed79f447d8d8023834524ebe8cbf3f,grafos_f800/F5B_40pares/A2-B0-C2-batch4-r1__s571926__unico__N2000.grafo.gz,"reconstruir_regla_a2b0c2(seed=571926, N=2000)"
F5B_40pares,pareado,A2-B0-C2-batch4-r10,572799.0,III,unico,2000,5.0,5.0,0.339,0.263,7.64,2994.0,2.994,,,,,0.9105,16.0,0.9674452669352483,0.1279999999999999,2406.4,0.9027777777777776,8,0.03,A2-B0-C2-batch4-r10_III,0.0014977488744372,7.745961543236626,0.6444999999999993,66.0,0.704999999999997,13.0,0.714499999999982,4.142663887191608,0.237,0.509,55.0,0.137,0.0505,True,A2-B0-C2-batch4-r10_III,0.6444999999999993,66,0.704999999999997,13,0.714499999999982,1,4.142663887191608,16.041612361759164,9.4,97.59301274070404,2994.0,bateria_fase5b_a2b0c2_escala_v4,2994,2.994,0.9105,8,16.0,0.020864078210404032,0.011550000000000001,0.008668515950069348,25,1.0135135135135136,1.0,2.0,1.269999999999996,0.025050100200400802,0.024716098864395457,0.013513513513513514,0.9644466666666667,2.0,0.0365,24.0,2.0,0.08,1.0416666666666667,24.0,0.08,0.02462158228726435,7.039583333333335,7.264635364635364,0.9674452669352483,1.00288992732594,True,,1b03b2df808f94ddc6c8d399d3e08aab0603aa5b8e2d5853fea37e9a70170409,grafos_f800/F5B_40pares/A2-B0-C2-batch4-r10__s572799__unico__N2000.grafo.gz,"reconstruir_regla_a2b0c2(seed=572799, N=2000)"
F5B_40pares,pareado,A2-B0-C2-batch4-r11,572896.0,I,unico,2000,6.0,6.0,0.336,0.263,7.47,3920.0,3.92,,,,,0.9665,11.0,0.5873752918624704,0.086,1616.8000000000002,0.3068783068783062,8,0.043,A2-B0-C2-batch4-r11_I,0.0019609804902451,,,,,,,,,,,,,False,A2-B0-C2-batch4-r11_I,0.4124999999999996,66,0.5329999999999999,34,0.5674999999999895,2,4.467198969998802,10.939482111110689,9.4,97.59299809622888,3920.0,bateria_fase5b_a2b0c2_escala_v4,3920,3.92,0.9665,5,11.0,0.09700995952514993,0.007016666666666668,0.005847546119039332,28,1.0120481927710843,1.0,2.0,1.1799999999999926,0.02142857142857143,0.021173469387755103,0.012048192771084338,0.9608928571428571,2.0,0.0405,26.0,2.0,0.07142857142857142,1.0769230769230769,27.0,0.07142857142857142,0.021078343008121614,5.837037037037037,5.720591003199699,0.5873752918624704,0.5754797068233733,True,,5ab12a4b276d3e1918d28bc279021e5c61862001317698be17443a1ceb7aced6,grafos_f800/F5B_40pares/A2-B0-C2-batch4-r11__s572896__unico__N2000.grafo.gz,"reconstruir_regla_a2b0c2(seed=572896, N=2000)"
F5B_40pares,pareado,A2-B0-C2-batch4-r12,572993.0,III,unico,2000,6.0,5.0,0.602,0.21,5.69,3340.0,3.34,,,,,0.961,15.0,0.8174143496432537,0.1005,1889.4,0.5384615384615384,8,0.039,A2-B0-C2-batch4-r12_III,0.0016708354177088,,,,,,,,,,,,,False,A2-B0-C2-batch4-r12_III,0.5919999999999992,58,0.6650000000000017,15,0.6759999999999836,2,4.2477559136763485,8.79084888501245,9.4,97.59293430631944,3340.0,bateria_fase5b_a2b0c2_escala_v4,3340,3.34,0.961,6,15.0,0.07477348562696817,0.00715,0.0045385779122541605,15,1.0,1.0,1.0,1.0,0.01347305389221557,0.01347305389221557,0.0,0.9775,1.0,0.0225,15.0,1.0,0.06666666666666667,1.0,15.0,0.06666666666666667,0.013426485352647996,7.304761904761905,6.907008660262175,0.8174143496432537,0.817303479426793,True,,ebe9492f3c1dbb71694d689dd18d5406259126da3b10f7e304de97ffcb493176,grafos_f800/F5B_40pares/A2-B0-C2-batch4-r12__s572993__unico__N2000.grafo.gz,"reconstruir_regla_a2b0c2(seed=572993, N=2000)"
F5B_40pares,pareado,A2-B0-C2-batch4-r13,573090.0,I,unico,2000,6.0,6.0,0.662,0.233,5.58,4061.0,4.061,,,,,0.9835,12.0,0.5640440295713769,0.0765,1438.1999999999998,0.4680851063829786,8,0.047,A2-B0-C2-batch4-r13_I,0.0020315157578789,7.745961543236626,0.3884999999999998,65.0,0.5339999999999995,40.0,0.5654999999999897,4.644071025258917,,,,,,False,A2-B0-C2-batch4-r13_I,0.3884999999999998,65,0.5339999999999995,40,0.5654999999999897,3,4.644071025258917,6.294875987584308,9.4,97.59300562301166,4061.0,bateria_fase5b_a2b0c2_escala_v4,4061,4.061,0.9835,2,12.0,0.10692574501086927,0.0036166666666666665,0.0038165383327753597,19,1.0,1.0,1.0,1.0,0.01403595173602561,0.01403595173602561,0.0,0.9715,1.0,0.0285,19.0,1.0,0.05263157894736842,1.0,19.0,0.05263157894736842,0.013965946913605922,5.526315789473684,5.753942014242116,0.5640440295713769,0.6013003268770382,True,,ef0e361c4426ff9125cb2943f27250ae1970c9d597e6d06fec1986d225a0cf05,grafos_f800/F5B_40pares/A2-B0-C2-batch4-r13__s573090__unico__N2000.grafo.gz,"reconstruir_regla_a2b0c2(seed=573090, N=2000)"
F5B_40pares,pareado,A2-B0-C2-batch4-r15,573284.0,I,unico,2000,8.0,5.0,0.412,0.302,4.06,3098.0,3.098,,,,,0.96,14.0,0.640359694208221,0.1055,1983.4,0.6307692307692307,8,0.038,A2-B0-C2-batch4-r15_I,0.0015497748874437,,,,,,,,,,,,,False,A2-B0-C2-batch4-r15_I,0.6589999999999995,61,0.7064999999999836,3,0.7139999999999821,1,4.365010750603083,8.338258603956747,9.4,97.59300220636264,3098.0,bateria_fase5b_a2b0c2_escala_v4,3098,3.098,0.96,5,14.0,0.041265395466215694,0.0020333333333333336,0.002127156700543607,6,1.0,1.0,1.0,1.0,0.005810200129115558,0.005810200129115558,0.0,0.991,1.0,0.009,6.0,1.0,0.16666666666666666,1.0,6.0,0.16666666666666666,0.005783917527749634,6.866666666666667,7.242183428869204,0.640359694208221,0.7596219035258612,True,,34c3887a661ec9afd20961cf59b5cf83a18726fd7ee4664ee803b6ae6656b3bf,grafos_f800/F5B_40pares/A2-B0-C2-batch4-r15__s573284__unico__N2000.grafo.gz,"reconstruir_regla_a2b0c2(seed=573284, N=2000)"
F5B_40pares,pareado,A2-B0-C2-batch4-r18,573575.0,I,unico,2000,5.0,6.0,0.364,0.321,6.05,3986.0,3.986,,,,,0.9855,12.0,0.5348611955256038,0.082,1541.6,0.5510204081632653,8,0.048,A2-B0-C2-batch4-r18_I,0.0019939969984992,7.745961543236626,0.4079999999999997,71.0,0.5409999999999996,37.0,0.5684999999999878,4.571440905587984,,,,,,False,A2-B0-C2-batch4-r18_I,0.4079999999999997,71,0.5409999999999996,37,0.5684999999999878,1,4.571440905587984,8.314879353610644,9.4,97.5929820228618,3986.0,bateria_fase5b_a2b0c2_escala_v4,3986,3.986,0.9855,3,12.0,0.10345544438388772,0.0029500000000000004,0.002729181245626312,13,1.0263157894736843,1.0,2.0,1.6300000000000026,0.009784244856999498,0.009533366783743101,0.02631578947368421,0.9823974358974359,2.0,0.0185,12.0,2.0,0.15384615384615385,1.0833333333333333,12.0,0.15384615384615385,0.009490614919403059,5.3589743589743595,5.807275803722504,0.5348611955256038,0.562515762560359,True,,04c06252b79351d81b3f3412592ce79a2efcd15243c0db0c1b9aba49f83be3c3,grafos_f800/F5B_40pares/A2-B0-C2-batch4-r18__s573575__unico__N2000.grafo.gz,"reconstruir_regla_a2b0c2(seed=573575, N=2000)"
F5B_40pares,pareado,A2-B0-C2-batch4-r19,573672.0,III,unico,2000,5.0,6.0,0.529,0.309,4.04,3498.0,3.498,,,,,0.9715,14.0,0.7607797813332543,0.0905,1701.4,0.4761904761904759,8,0.036,A2-B0-C2-batch4-r19_III,0.0017498749374687,7.745961543236626,0.5794999999999995,70.0,0.6405000000000007,22.0,0.6564999999999843,4.429775948864156,,,,,,False,A2-B0-C2-batch4-r19_III,0.5794999999999995,70,0.6405000000000007,22,0.6564999999999843,1,4.429775948864156,7.769400638736466,9.4,97.59297067858458,3498.0,bateria_fase5b_a2b0c2_escala_v4,3498,3.498,0.9715,6,14.0,0.026483505482622998,0.0017333333333333335,0.0018585715550048676,7,1.0,1.0,1.0,1.0,0.006003430531732418,0.006003430531732418,0.0,0.9895,1.0,0.0105,7.0,1.0,0.14285714285714285,1.0,7.0,0.14285714285714285,0.005974560812500551,5.952380952380953,6.3967988328184004,0.7607797813332543,0.7492604731123453,True,,2cd623a4335b85678da85bd1a8d2b80d8459d05a99c3b7c02bae2a4c83bec716,grafos_f800/F5B_40pares/A2-B0-C2-batch4-r19__s573672__unico__N2000.grafo.gz,"reconstruir_regla_a2b0c2(seed=573672, N=2000)"
F5B_40pares,pareado,A2-B0-C2-batch4-r23,574060.0,I,unico,2000,5.0,5.0,0.684,0.202,5.0,3393.0,3.393,,,,,0.9655,14.0,0.643302727603699,0.0955,1795.4,0.5081967213114754,8,0.041,A2-B0-C2-batch4-r23_I,0.0016973486743371,7.745961543236626,0.5774999999999995,73.0,0.6505000000000015,17.0,0.666499999999984,4.314282846840117,0.158,0.4715,46.0,0.0895,0.047,True,A2-B0-C2-batch4-r23_I,0.5774999999999995,73,0.6505000000000015,17,0.666499999999984,2,4.314282846840117,6.758149169589031,9.4,97.5930481708062,3393.0,bateria_fase5b_a2b0c2_escala_v4,3393,3.393,0.9655,3,14.0,0.055190020694973724,0.004483333333333334,0.003538779121203185,12,1.0,1.0,1.0,1.0,0.010610079575596816,0.010610079575596816,0.0,0.9829722222222222,2.0,0.0175,11.0,2.0,0.16666666666666666,1.0909090909090908,12.0,0.08333333333333333,0.010569949104660525,6.5151515151515165,6.770250431778929,0.643302727603699,0.7213581204536323,True,,656ee7372d7a9b649893d623325022de7a595f17ea1f881a49a7bed7a3b724b4,grafos_f800/F5B_40pares/A2-B0-C2-batch4-r23__s574060__unico__N2000.grafo.gz,"reconstruir_regla_a2b0c2(seed=574060, N=2000)"
F5B_40pares,pareado,A2-B0-C2-batch4-r26,574351.0,III,unico,2000,5.0,5.0,0.454,0.279,5.94,3308.0,3.308,,,,,0.9675,15.0,0.7694520367154974,0.1025,1927.0,0.5294117647058822,8,0.038,A2-B0-C2-batch4-r26_III,0.0016548274137068,,,,,,,,0.184,0.4885,58.0,0.1005,0.0485,True,A2-B0-C2-batch4-r26_III,0.5974999999999993,71,0.6710000000000018,13,0.6839999999999833,2,4.157721092378331,9.723916413838442,9.4,97.59305729619928,3308.0,bateria_fase5b_a2b0c2_escala_v4,3308,3.308,0.9675,4,15.0,0.0603319817232221,0.0057666666666666665,0.00463678516228748,15,1.0,1.0,1.0,1.0,0.013603385731559855,0.013603385731559855,0.0,0.9794111111111111,2.0,0.0215,13.0,2.0,0.13333333333333333,1.1538461538461537,15.0,0.06666666666666667,0.013546133809211188,6.7142857142857135,6.842468114443295,0.7694520367154974,0.7851370465653745,True,,577f4997407c54e58d0fa96861e6449faaf0b8f9265cbd0a1954fe9776889bc5,grafos_f800/F5B_40pares/A2-B0-C2-batch4-r26__s574351__unico__N2000.grafo.gz,"reconstruir_regla_a2b0c2(seed=574351, N=2000)"
F5B_40pares,pareado,A2-B0-C2-batch4-r28,574545.0,III,unico,2000,6.0,5.0,0.695,0.101,6.66,3220.0,3.22,,,,,0.939,13.0,0.7633609694507228,0.1065,2002.2,0.5937499999999999,8,0.03,A2-B0-C2-batch4-r28_III,0.0016108054027013,,,,,,,,,,,,,False,A2-B0-C2-batch4-r28_III,0.6019999999999994,67,0.6695000000000023,12,0.6884999999999833,4,4.275378606783722,11.948919824681573,9.4,97.59303616260736,3220.0,bateria_fase5b_a2b0c2_escala_v4,3220,3.22,0.939,12,13.0,0.057344733374302855,0.00945,0.006928406466512702,22,1.0,1.0,1.0,1.0,0.020496894409937887,0.020496894409937887,0.0,0.9679848484848484,2.0,0.0325,21.0,2.0,0.09090909090909091,1.0476190476190477,22.0,0.045454545454545456,0.02041845897149029,7.040476190476191,6.828005682827207,0.7633609694507228,0.7225294581920904,True,,7d82d4238e6d83882c81252327ea7ce86f780e000b2574945a9024249b8d6e03,grafos_f800/F5B_40pares/A2-B0-C2-batch4-r28__s574545__unico__N2000.grafo.gz,"reconstruir_regla_a2b0c2(seed=574545, N=2000)"
F5B_40pares,pareado,A2-B0-C2-batch4-r3,572120.0,I,unico,2000,5.0,6.0,0.766,0.205,6.09,4196.0,4.196,,,,,0.9855,11.0,0.5490358470541343,0.0755,1419.4,0.3265306122448979,8,0.042,A2-B0-C2-batch4-r3_I,0.0020990495247623,,,,,,,,,,,,,False,A2-B0-C2-batch4-r3_I,0.3649999999999997,64,0.5129999999999993,46,0.5484999999999927,8,4.622840411324105,7.546873047091081,9.4,97.59302305902509,4196.0,bateria_fase5b_a2b0c2_escala_v4,4196,4.196,0.9855,2,11.0,0.10119748734206632,0.0033,0.0029837757195250825,16,1.0,1.0,1.0,1.0,0.011439466158245948,0.011439466158245948,0.0,0.976,1.0,0.024,16.0,1.0,0.0625,1.0,16.0,0.0625,0.011382881672226761,5.391666666666667,5.485321489001692,0.5490358470541343,0.5388652835577038,True,,5f0af72c26e6cfd9d1a9247773e38c89884251619610fb6c476f1737ff1f41b4,grafos_f800/F5B_40pares/A2-B0-C2-batch4-r3__s572120__unico__N2000.grafo.gz,"reconstruir_regla_a2b0c2(seed=572120, N=2000)"
F5B_40pares,pareado,A2-B0-C2-batch4-r31,574836.0,I,unico,2000,6.0,5.0,0.549,0.237,5.83,3332.0,3.332,,,,,0.974,13.0,0.6623998404916864,0.0985,1851.8,0.523076923076923,8,0.036,A2-B0-C2-batch4-r31_I,0.0016668334167083,,,,,,,,,,,,,False,A2-B0-C2-batch4-r31_I,0.6039999999999993,62,0.6670000000000005,17,0.6794999999999835,2,4.21002939844544,8.16213088034305,9.4,97.59299241540424,3332.0,bateria_fase5b_a2b0c2_escala_v4,3332,3.332,0.974,5,12.0,0.08873680654460753,0.006450000000000001,0.004286589099816289,14,1.0,1.0,1.0,1.0,0.012605042016806723,0.012605042016806723,0.0,0.979,1.0,0.021,14.0,1.0,0.07142857142857142,1.0,14.0,0.07142857142857142,0.012560794125573399,6.868131868131869,6.860126690635165,0.6623998404916864,0.6845533017758201,True,,338fe959f2f1dcedd274b2ebd2c30d0795ca562da2ce0b7f626572b0edbc7a6f,grafos_f800/F5B_40pares/A2-B0-C2-batch4-r31__s574836__unico__N2000.grafo.gz,"reconstruir_regla_a2b0c2(seed=574836, N=2000)"
F5B_40pares,pareado,A2-B0-C2-batch4-r36,575321.0,III,unico,2000,8.0,4.0,0.543,0.156,6.77,2343.0,2.343,,,,,0.854,19.0,1.0121015869766783,0.1534999999999999,2885.8,1.407894736842105,8,0.023,A2-B0-C2-batch4-r36_III,0.0011720860430215,7.745961543236626,0.7850000000000005,35.0,0.8134999999999839,5.0,0.818999999999978,3.8126089831024497,,,,,,False,A2-B0-C2-batch4-r36_III,0.7850000000000005,35,0.8134999999999839,5,0.818999999999978,1,3.8126089831024497,11.889122404622428,9.4,97.59301898037916,2343.0,bateria_fase5b_a2b0c2_escala_v4,2343,2.343,0.854,26,20.0,0.00697776378339532,0.021333333333333336,0.017850059500198336,30,1.0112359550561798,1.0,2.0,1.1200000000000045,0.03841229193341869,0.03798548868971404,0.011235955056179775,0.9579,2.0,0.0435,28.0,2.0,0.06666666666666667,1.0714285714285714,29.0,0.06666666666666667,0.03786485256161187,9.523214285714285,9.287814879906268,1.0121015869766785,1.1388881788592264,True,,71182a4a44535ee03448a96b5ece8b35efc4f95c0596f024b819ecee40646ef4,grafos_f800/F5B_40pares/A2-B0-C2-batch4-r36__s575321__unico__N2000.grafo.gz,"reconstruir_regla_a2b0c2(seed=575321, N=2000)"
F5B_40pares,pareado,A2-B0-C2-batch4-r38,575515.0,I,unico,2000,4.0,5.0,0.397,0.184,4.52,3296.0,3.296,,,,,0.9665,13.0,0.5931216513801268,0.0995,1870.6,0.6439790575916231,8,0.034,A2-B0-C2-batch4-r38_I,0.0016488244122061,,,,,,,,0.165,0.5035000000000001,47.0,0.0945,0.046,True,A2-B0-C2-batch4-r38_I,0.6309999999999993,68,0.6785000000000027,7,0.689999999999983,1,4.279453321407265,7.458280193443654,9.4,97.59294882869352,3296.0,bateria_fase5b_a2b0c2_escala_v4,3296,3.296,0.9665,4,13.0,0.04482498282321642,0.0032833333333333334,0.003464203233256351,11,1.0,1.0,1.0,1.0,0.010012135922330098,0.010012135922330098,0.0,0.9835,1.0,0.0165,11.0,1.0,0.09090909090909091,1.0,11.0,0.09090909090909091,0.009968250902830144,6.6,6.882850241545893,0.5931216513801268,0.7029600255213905,True,,a41a4ac3b9b263a1fbf4cbf969251718477d5687323f6114829b258d3564cbef,grafos_f800/F5B_40pares/A2-B0-C2-batch4-r38__s575515__unico__N2000.grafo.gz,"reconstruir_regla_a2b0c2(seed=575515, N=2000)"
F5B_40pares,pareado,A2-B0-C2-batch4-r39,575612.0,I,unico,2000,5.0,5.0,0.437,0.184,5.2,3314.0,3.314,,,,,0.9605,14.0,0.6230488869262995,0.1015,1908.2,0.5873015873015872,8,0.04,A2-B0-C2-batch4-r39_I,0.0016578289144572,,,,,,,,0.1694999999999999,0.4995,45.0,0.097,0.047,True,A2-B0-C2-batch4-r39_I,0.6289999999999993,62,0.6820000000000013,14,0.689999999999983,1,4.2193586710037385,8.196235830624685,9.4,97.59297390126196,3314.0,bateria_fase5b_a2b0c2_escala_v4,3314,3.314,0.9605,8,14.0,0.10206338963407478,0.00455,0.004314772960756112,14,1.0,1.0,1.0,1.0,0.012673506336753168,0.012673506336753168,0.0,0.979,1.0,0.021,14.0,1.0,0.07142857142857142,1.0,14.0,0.07142857142857142,0.01262149222278594,6.472527472527473,6.782682291666667,0.6230488869262995,0.6109286652630522,True,,a2ffe3200e9c765d3fa7a3dde3295483aa235bf09dde25c2feb8a63cad1fcb03,grafos_f800/F5B_40pares/A2-B0-C2-batch4-r39__s575612__unico__N2000.grafo.gz,"reconstruir_regla_a2b0c2(seed=575612, N=2000)"
F5B_40pares,pareado,A2-B0-C2-batch4-r41,575806.0,I,unico,2000,6.0,5.0,0.582,0.239,4.78,3391.0,3.391,,,,,0.976,13.0,0.6796771214509663,0.0935,1757.8,0.4833333333333333,8,0.039,A2-B0-C2-batch4-r41_I,0.001696348174087,,,,,,,,,,,,,False,A2-B0-C2-batch4-r41_I,0.6204999999999995,71,0.673500000000001,14,0.6809999999999834,1,4.296693809730752,6.310517907312485,9.4,97.59304516300756,3391.0,bateria_fase5b_a2b0c2_escala_v4,3391,3.391,0.976,1,13.0,0.08081559661378897,0.0016166666666666666,0.0024132730015082957,8,1.0,1.0,1.0,1.0,0.00707755824240637,0.00707755824240637,0.0,0.988,1.0,0.012,8.0,1.0,0.125,1.0,8.0,0.125,0.00704325055629326,5.5,6.802870322911327,0.6796771214509663,0.7044499071010665,True,,f762942d84194e08e4bf06fbda5fae36d962a0f85df8ab1fb22f1bd045e528cc,grafos_f800/F5B_40pares/A2-B0-C2-batch4-r41__s575806__unico__N2000.grafo.gz,"reconstruir_regla_a2b0c2(seed=575806, N=2000)"
F5B_40pares,pareado,A2-B0-C2-batch4-r43,576000.0,III,unico,2000,7.0,5.0,0.422,0.258,4.53,3269.0,3.269,,,,,0.9755,14.0,0.7452540925441452,0.0935,1757.7999999999995,0.5052631578947369,8,0.04,A2-B0-C2-batch4-r43_III,0.0016353176588294,7.745961543236626,0.6189999999999994,66.0,0.6844999999999976,7.0,0.695999999999983,4.3233405327138525,,,,,,False,A2-B0-C2-batch4-r43_III,0.6189999999999994,66,0.6844999999999976,7,0.695999999999983,3,4.3233405327138525,7.2888838725009135,9.4,97.59299547193454,3269.0,bateria_fase5b_a2b0c2_escala_v4,3269,3.269,0.9755,4,14.0,0.06538603210880063,0.0020499999999999997,0.00258732212160414,8,1.0,1.0,1.0,1.0,0.007341694707861731,0.007341694707861731,0.0,0.988,1.0,0.012,8.0,1.0,0.125,1.0,8.0,0.125,0.007310767435238244,6.535714285714286,7.143461538461538,0.7452540925441452,0.7393344988081424,True,,a9b4c951b263b7dc472d3c6d114f6914d42f765e6628b85ed45d9cd20b952155,grafos_f800/F5B_40pares/A2-B0-C2-batch4-r43__s576000__unico__N2000.grafo.gz,"reconstruir_regla_a2b0c2(seed=576000, N=2000)"
F5B_40pares,pareado,A2-B0-C2-batch4-r44,576097.0,I,unico,2000,6.0,5.0,0.782,0.264,4.77,3308.0,3.308,,,,,0.962,14.0,0.6614363579719142,0.1,1880.0,0.4999999999999999,8,0.04,A2-B0-C2-batch4-r44_I,0.0016548274137068,,,,,,,,,,,,,False,A2-B0-C2-batch4-r44_I,0.6309999999999993,61,0.6805000000000017,7,0.6879999999999832,2,4.328064503225689,7.612051029391617,9.4,97.592978297326,3308.0,bateria_fase5b_a2b0c2_escala_v4,3308,3.308,0.962,10,14.0,0.09688846045246,0.0019000000000000002,0.0031091304798424708,10,1.0344827586206897,1.0,2.0,1.7199999999999989,0.009068923821039904,0.008766626360338573,0.034482758620689655,0.9868666666666667,2.0,0.014,9.0,2.0,0.2,1.1111111111111112,9.0,0.2,0.008722236701470475,5.911111111111111,6.593907089616919,0.6614363579719142,0.7360613787195441,True,,ef41804f3d7952a9131095b9370c14968fbd2663ed1ec9bdf06cf27f594f3df5,grafos_f800/F5B_40pares/A2-B0-C2-batch4-r44__s576097__unico__N2000.grafo.gz,"reconstruir_regla_a2b0c2(seed=576097, N=2000)"
F5B_40pares,pareado,A2-B0-C2-batch4-r47,576388.0,III,unico,2000,7.0,5.0,0.683,0.205,4.26,3282.0,3.282,,,,,0.973,16.0,0.8237120554098382,0.093,1748.4,0.4,8,0.039,A2-B0-C2-batch4-r47_III,0.0016418209104552,,,,,,,,,,,,,False,A2-B0-C2-batch4-r47_III,0.6224999999999994,68,0.6774999999999985,11,0.692999999999983,2,4.217924389749361,6.028091084201561,9.4,97.592867795684,3282.0,bateria_fase5b_a2b0c2_escala_v4,3282,3.282,0.973,4,16.0,0.05932084579823497,0.0017166666666666667,0.0019059720457433292,6,1.0,1.0,1.0,1.0,0.005484460694698354,0.005484460694698354,0.0,0.9919444444444444,2.0,0.0085,5.0,2.0,0.3333333333333333,1.2,6.0,0.16666666666666666,0.005456934413366205,5.3999999999999995,6.781233933161953,0.8237120554098382,0.8327304712621852,True,,f94ea97a75d9e9f53e227b9e16fe5fe1133afea63a78bb892d68e63d96ee7b35,grafos_f800/F5B_40pares/A2-B0-C2-batch4-r47__s576388__unico__N2000.grafo.gz,"reconstruir_regla_a2b0c2(seed=576388, N=2000)"
F5B_40pares,pareado,A2-B0-C2-batch4-r51,576776.0,I,unico,2000,8.0,4.0,0.449,0.196,5.29,2483.0,2.483,,,,,0.8905,1.0,1.080657709435624,0.1449999999999999,2726.0000000000005,1.3424657534246576,8,0.031,A2-B0-C2-batch4-r51_I,0.0012421210605302,7.745961543236626,0.7800000000000001,44.0,0.8024999999999797,4.0,0.8074999999999783,3.9312766067197273,,,,,,False,A2-B0-C2-batch4-r51_I,0.7800000000000001,44,0.8024999999999797,4,0.8074999999999783,1,3.9312766067197273,10.30146277639392,9.4,97.59299045318446,2483.0,bateria_fase5b_a2b0c2_escala_v4,2483,2.483,0.8905,23,22.0,0.019455124641790524,0.009083333333333332,0.007846067625630488,14,1.0,1.0,1.0,1.0,0.016915022150624244,0.016915022150624244,0.0,0.979,1.0,0.021,14.0,1.0,0.07142857142857142,1.0,14.0,0.07142857142857142,0.016862064373624662,9.065934065934067,8.722799625468165,1.080657709435624,1.0059268047621233,True,,228bcdb8a31370a6ac841697ccabdc18be8c2de19f04cc8f2ed69c6854e453b4,grafos_f800/F5B_40pares/A2-B0-C2-batch4-r51__s576776__unico__N2000.grafo.gz,"reconstruir_regla_a2b0c2(seed=576776, N=2000)"
F5B_40pares,pareado,A2-B0-C2-batch4-r57,577358.0,I,unico,2000,7.0,5.0,0.622,0.284,5.08,3343.0,3.343,,,,,0.9695,13.0,0.6374065773083801,0.0995,1870.6,0.4927536231884055,8,0.034,A2-B0-C2-batch4-r57_I,0.001672336168084,7.745961543236626,0.5924999999999994,67.0,0.654500000000001,13.0,0.6754999999999836,4.324533141700026,,,,,,False,A2-B0-C2-batch4-r57_I,0.5924999999999994,67,0.654500000000001,13,0.6754999999999836,1,4.324533141700026,8.511303500836581,9.4,97.59302068126814,3343.0,bateria_fase5b_a2b0c2_escala_v4,3343,3.343,0.9695,4,14.0,0.08968024239797322,0.004366666666666667,0.0030466131816796996,10,1.0,1.0,1.0,1.0,0.008973975471133712,0.008973975471133712,0.0,0.985,1.0,0.015,10.0,1.0,0.1,1.0,10.0,0.1,0.008940174302181464,6.888888888888888,6.825499577821559,0.6374065773083801,0.6941675198095411,True,,e75a9875cd3dc5f58707eb166193f1b820dd77fd58b1c06de2aa9537b0635664,grafos_f800/F5B_40pares/A2-B0-C2-batch4-r57__s577358__unico__N2000.grafo.gz,"reconstruir_regla_a2b0c2(seed=577358, N=2000)"
F5B_40pares,pareado,A2-B0-C2-batch4-r62,577843.0,III,unico,2000,8.0,5.0,0.672,0.262,5.76,3299.0,3.299,,,,,0.9575,17.0,0.8791813251603616,0.1025,1927.0,0.5671641791044775,8,0.036,A2-B0-C2-batch4-r62_III,0.0016503251625812,,,,,,,,,,,,,False,A2-B0-C2-batch4-r62_III,0.6219999999999994,59,0.6820000000000026,12,0.6859999999999832,1,4.256391045510522,8.192225597918661,9.4,97.59294559901996,3299.0,bateria_fase5b_a2b0c2_escala_v4,3299,3.299,0.9575,5,17.0,0.09136676428586862,0.00525,0.004595588235294118,15,1.0,1.0,1.0,1.0,0.013640497120339497,0.013640497120339497,0.0,0.9784777777777778,2.0,0.022,14.0,2.0,0.13333333333333333,1.0714285714285714,15.0,0.06666666666666667,0.013583231013908244,6.704761904761906,6.7826105886450705,0.8791813251603616,0.8938269333275853,True,,054766df08de148ca30c8085fb36c4f2a474185fb1c7b586cda5e7a455d9c4a4,grafos_f800/F5B_40pares/A2-B0-C2-batch4-r62__s577843__unico__N2000.grafo.gz,"reconstruir_regla_a2b0c2(seed=577843, N=2000)"
F5B_40pares,pareado,A2-B0-C2-batch4-r70,578619.0,I,unico,2000,7.0,5.0,0.424,0.348,5.01,3261.0,3.261,,,,,0.9695,15.0,0.686161570810164,0.098,1842.4,0.4581280788177341,8,0.036,A2-B0-C2-batch4-r70_I,0.0016313156578289,,,,,,,,,,,,,False,A2-B0-C2-batch4-r70_I,0.6304999999999994,65,0.6789999999999986,9,0.6924999999999831,3,4.323759807579076,8.37398612767423,9.4,97.592956284943,3261.0,bateria_fase5b_a2b0c2_escala_v4,3261,3.261,0.9695,4,15.0,0.07527891320215395,0.003266666666666667,0.0038424591738712775,12,1.0,1.0,1.0,1.0,0.011039558417663294,0.011039558417663294,0.0,0.982,1.0,0.018,12.0,1.0,0.08333333333333333,1.0,12.0,0.08333333333333333,0.010988590406296864,6.40909090909091,6.989078087375301,0.686161570810164,0.7528643663397155,True,,352c26828efcf7688b25965440403a02bd673fd887b415b5bbcfe01c3089545b,grafos_f800/F5B_40pares/A2-B0-C2-batch4-r70__s578619__unico__N2000.grafo.gz,"reconstruir_regla_a2b0c2(seed=578619, N=2000)"
F5B_40pares,pareado,A2-B0-C2-batch4-r72,578813.0,III,unico,2000,4.0,5.0,0.607,0.234,6.39,3337.0,3.337,,,,,0.952,14.0,0.772038917687482,0.1015,1908.2,0.5148514851485143,8,0.022,A2-B0-C2-batch4-r72_III,0.0016693346673336,,,,,,,,0.1675,0.4679999999999999,46.0,0.102,0.0475,True,A2-B0-C2-batch4-r72_III,0.5934999999999995,61,0.6655000000000019,16,0.6734999999999838,2,4.239389957445846,10.703174530042158,9.4,97.59297413534463,3337.0,bateria_fase5b_a2b0c2_escala_v4,3337,3.337,0.952,10,14.0,0.08007972880651296,0.0092,0.0073862517234587356,25,1.0135135135135136,1.0,2.0,1.269999999999996,0.022475277195085405,0.022175606832484266,0.013513513513513514,0.9644466666666667,2.0,0.0365,24.0,2.0,0.08,1.0416666666666667,24.0,0.08,0.022089463951056296,6.502083333333334,6.282711508145034,0.772038917687482,0.786309126441414,True,,0f9ec9a9819ba80f1d4139b089c68c8fa5d7fbe4a9b8f6e5dbf09f77c6d3f8f5,grafos_f800/F5B_40pares/A2-B0-C2-batch4-r72__s578813__unico__N2000.grafo.gz,"reconstruir_regla_a2b0c2(seed=578813, N=2000)"
F5B_40pares,pareado,A2-B0-C2-batch4-r9,572702.0,III,unico,2000,5.0,6.0,0.351,0.296,4.64,3750.0,3.75,,,,,0.985,15.0,0.7506562767962781,0.0795,1494.6,0.3518518518518518,8,0.049,A2-B0-C2-batch4-r9_III,0.0018759379689844,,,,,,,,,,,,,False,A2-B0-C2-batch4-r9_III,0.4609999999999996,64,0.5819999999999995,30,0.6039999999999864,2,4.465931147867933,7.040682490309052,9.4,97.59301176664096,3750.0,bateria_fase5b_a2b0c2_escala_v4,3750,3.75,0.985,2,15.0,0.06636724485021109,0.0018666666666666666,0.0016606041436027202,7,1.0,1.0,1.0,1.0,0.0056,0.0056,0.0,0.9895,1.0,0.0105,7.0,1.0,0.14285714285714285,1.0,7.0,0.14285714285714285,0.005570702222222222,5.761904761904761,5.933172507194853,0.7506562767962781,0.7455954039998773,True,,3ab5ed3c8d71874288a955b93c35eeb2e88d203322e4d536314787ad9282cdf5,grafos_f800/F5B_40pares/A2-B0-C2-batch4-r9__s572702__unico__N2000.grafo.gz,"reconstruir_regla_a2b0c2(seed=572702, N=2000)"
F5B_40pares,pareado,A2-B0-C2-batch4-r94,580947.0,III,unico,2000,6.0,6.0,0.353,0.133,4.18,3553.0,3.553,,,,,0.971,13.0,0.7202626515814934,0.089,1673.2000000000005,0.398936170212766,8,0.038,A2-B0-C2-batch4-r94_III,0.0017773886943471,7.745961543236626,0.5489999999999995,65.0,0.6205000000000003,20.0,0.637999999999985,4.341547092258182,,,,,,False,A2-B0-C2-batch4-r94_III,0.5489999999999995,65,0.6205000000000003,20,0.637999999999985,1,4.341547092258182,7.3266010830187955,9.4,97.59302404602803,3553.0,bateria_fase5b_a2b0c2_escala_v4,3553,3.553,0.971,7,13.0,0.04269976790338015,0.0011833333333333333,0.0010312822275696115,4,1.0,1.0,1.0,1.0,0.0033774275260343373,0.0033774275260343373,0.0,0.994,1.0,0.006,4.0,1.0,0.25,1.0,4.0,0.25,0.0033604556279329,5.5,6.291508594445225,0.7202626515814934,0.7144972193349373,True,,1f2fa4f3ae5bc8591e0f3ee2ccaa019dcf341fd332564496148cf73dc0060652,grafos_f800/F5B_40pares/A2-B0-C2-batch4-r94__s580947__unico__N2000.grafo.gz,"reconstruir_regla_a2b0c2(seed=580947, N=2000)"
F5B_40pares,pareado,A2-B0-C2-r1,271926.0,I,unico,2000,5.0,6.0,0.659,0.234,7.63,4078.0,4.078,,,,,0.973,13.0,0.665160093330529,0.087,1635.5999999999997,0.4137931034482758,8,0.038,/Users/alexis/phantom_cs073/bateria_fase5b_a2b0c2_piloto/A2-B0-C2-r1_I,0.002040020010005,,,,,,,,0.104,0.2755,22.0,0.0805,0.0445,True,A2-B0-C2-r1_I,0.3879999999999997,60,0.5259999999999995,48,0.5624999999999987,10,4.68452326728292,12.25778896617674,9.4,97.59303174311778,4078.0,bateria_fase5b_a2b0c2_piloto,4078,4.078,0.973,2,12.0,0.07168441016744403,0.006166666666666666,0.004794170288928663,25,1.0,1.0,1.0,1.0,0.018391368317802845,0.018391368317802845,0.0,0.9634866666666667,2.0,0.037,24.0,2.0,0.08,1.0416666666666667,25.0,0.04,0.018302433108576006,5.572916666666667,5.866066838046272,0.665160093330529,0.6571635934329972,True,,b0638abe3be3b048806827eeb863259cc1814810fcbbf4afc7960c6e0a23da6f,grafos_f800/F5B_40pares/A2-B0-C2-r1__s271926__unico__N2000.grafo.gz,"reconstruir_regla_a2b0c2(seed=271926, N=2000)"
F5B_40pares,pareado,A2-B0-C2-r12,372993.0,I,unico,2000,6.0,6.0,0.425,0.148,7.18,3978.0,3.978,,,,,0.978,12.0,0.5795357212376512,0.082,1541.6,0.3703703703703704,8,0.037,/Users/alexis/phantom_cs073/bateria_fase5b_a2b0c2_escala_v2/A2-B0-C2-r12_I,0.0019899949974987,,,,,,,,,,,,,False,A2-B0-C2-r12_I,0.4414999999999996,70,0.5569999999999995,35,0.5859999999999872,3,4.53058153330808,8.130192172770096,9.4,97.59296526231536,3978.0,bateria_fase5b_a2b0c2_escala_v2,3978,3.978,0.978,3,13.0,0.08093733545249031,0.01045,0.0063399004703797125,31,1.0108695652173914,1.0,2.0,1.0900000000000034,0.023378582202111614,0.023127199597787834,0.010869565217391304,0.9554569892473118,2.0,0.0455,30.0,2.0,0.06451612903225806,1.0333333333333334,30.0,0.06451612903225806,0.023031193307788102,5.820000000000001,6.034569479965899,0.5795357212376512,0.6851898819197458,True,,288ad2f8424f154e0172b9581f1aff4cc26c109b71c6c81a92210f7f3f6cfa54,grafos_f800/F5B_40pares/A2-B0-C2-r12__s372993__unico__N2000.grafo.gz,"reconstruir_regla_a2b0c2(seed=372993, N=2000)"
F5B_40pares,pareado,A2-B0-C2-r12v1fix,272993.0,I,unico,2000,5.0,7.0,0.6,0.203,5.75,4777.0,4.777,,,,,,10.0,,0.062,1165.6,0.3440860215053776,8,0.052,/Users/alexis/phantom_cs073/bateria_fase5b_a2b0c2_escala_v2/A2-B0-C2-r12v1fix_I,0.0023896948474237,7.745961543236626,0.2459999999999999,50.0,0.3899999999999997,51.0,0.4615000000000014,5.056319160398894,0.055,0.179,15.0,0.0585,0.0265,True,A2-B0-C2-r12v1fix_I,0.2459999999999999,50,0.3899999999999997,51,0.4615000000000014,11,5.056319160398894,12.19569859686984,9.4,97.5929864206871,4777.0,bateria_fase5b_a2b0c2_escala_v2,4777,4.777,0.994,1,10.0,0.034598069655081706,0.0022,0.002569226377390808,18,1.0188679245283019,1.0,2.0,1.4799999999999969,0.011304165794431652,0.011094829390831066,0.018867924528301886,0.974925925925926,2.0,0.026,17.0,2.0,0.1111111111111111,1.0588235294117647,17.0,0.1111111111111111,0.011031999985626473,4.862745098039216,5.20923502767992,0.48652418813387344,0.5278233410832187,True,,a0833774dd4813baf5c38343a13d34e6ab7dd19a747d8ad4318dd03e39c8edce,grafos_f800/F5B_40pares/A2-B0-C2-r12v1fix__s272993__unico__N2000.grafo.gz,"reconstruir_regla_a2b0c2(seed=272993, N=2000)"
F5B_40pares,pareado,A2-B0-C2-r14,273187.0,III,unico,2000,8.0,5.0,0.567,0.198,5.76,3296.0,3.296,,,,,0.963,17.0,0.7728999554058272,0.099,1861.2,0.5151515151515152,8,0.042,/Users/alexis/phantom_cs073/bateria_fase5b_a2b0c2_piloto/A2-B0-C2-r14_III,0.0016488244122061,,,,,,,,0.136,0.4735,35.0,0.094,0.0465,True,A2-B0-C2-r14_III,0.6094999999999995,65,0.6655000000000015,14,0.6799999999999835,2,4.32029404723538,7.870617297086977,9.4,97.59304573567933,3296.0,bateria_fase5b_a2b0c2_piloto,3296,3.296,0.963,5,17.0,0.09405962211593911,0.004966666666666667,0.005912863070539419,19,1.0,1.0,1.0,1.0,0.01729368932038835,0.01729368932038835,0.0,0.9715,1.0,0.0285,19.0,1.0,0.05263157894736842,1.0,19.0,0.05263157894736842,0.017218553196283813,6.339181286549707,6.478658008658008,0.7728999554058272,0.7893306509717354,True,,0c6fc25052dcd04b9ce39c6e385b238d8ccd217f65951236756d4b5e3bb7cd0e,grafos_f800/F5B_40pares/A2-B0-C2-r14__s273187__unico__N2000.grafo.gz,"reconstruir_regla_a2b0c2(seed=273187, N=2000)"
F5B_40pares,pareado,A2-B0-C2-r17,273478.0,III,unico,2000,5.0,5.0,0.475,0.211,7.35,3165.0,3.165,,,,,0.922,15.0,0.7340887838072664,0.121,2274.8,0.7971014492753623,8,0.03,/Users/alexis/phantom_cs073/bateria_fase5b_a2b0c2_piloto/A2-B0-C2-r17_III,0.0015832916458229,,,,,,,,0.1935,0.464,41.0,0.128,0.0495,True,A2-B0-C2-r17_III,0.5819999999999994,69,0.6615000000000013,18,0.6789999999999834,1,4.193278924879399,18.34790695991243,9.4,97.5930487398726,3165.0,bateria_fase5b_a2b0c2_piloto,3165,3.165,0.922,9,14.0,0.05987996588084256,0.01188333333333333,0.009164647635099547,29,1.0235294117647058,1.0,2.0,2.0,0.027488151658767772,0.026856240126382307,0.023529411764705882,0.961212643678161,2.0,0.041,26.0,2.0,0.06896551724137931,1.1153846153846154,27.0,0.06896551724137931,0.02675441551926806,6.748214285714286,6.558193163320673,0.7340887838072664,0.8559190857277267,True,,5f5174b6cb43345da88c4a74bd560bc1d2011d0303033ac1f3fb9a40f1dbe4e9,grafos_f800/F5B_40pares/A2-B0-C2-r17__s273478__unico__N2000.grafo.gz,"reconstruir_regla_a2b0c2(seed=273478, N=2000)"
F5B_40pares,pareado,A2-B0-C2-r19,273672.0,III,unico,2000,5.0,7.0,0.341,0.326,4.02,3679.0,3.679,,,,,0.9775,12.0,0.7198659721923732,0.087,1635.6,0.4363636363636363,8,0.038,/Users/alexis/phantom_cs073/bateria_fase5b_a2b0c2_piloto/A2-B0-C2-r19_III,0.001840420210105,7.745961543236626,0.4924999999999996,65.0,0.6064999999999994,29.0,0.6199999999999858,4.420614079613081,0.1355,0.3995,43.0,0.0815,0.044,True,A2-B0-C2-r19_III,0.4924999999999996,65,0.6064999999999994,29,0.6199999999999858,2,4.420614079613081,8.97550639380908,9.4,97.59297179233606,3679.0,bateria_fase5b_a2b0c2_piloto,3679,3.679,0.9775,6,12.0,0.014403442650939237,0.0010047619047619048,0.001393512425485794,6,1.0,1.0,1.0,1.0,0.004892633867898886,0.004892633867898886,0.0,0.991,1.0,0.009,6.0,1.0,0.16666666666666666,1.0,6.0,0.16666666666666666,0.004863893652039916,5.133333333333333,5.894148754691233,0.7198659721923732,0.6730652317833353,True,,cfc25145eed37a443ec899793f76a13687fc8a1187c14fca69b9b186a0e3bd1d,grafos_f800/F5B_40pares/A2-B0-C2-r19__s273672__unico__N2000.grafo.gz,"reconstruir_regla_a2b0c2(seed=273672, N=2000)"
F5B_40pares,pareado,A2-B0-C2-r2,372023.0,I,unico,2000,5.0,6.0,0.517,0.323,5.74,4094.0,4.094,,,,,0.9855,11.0,0.5395267020843031,0.076,1428.8000000000002,0.5000000000000001,8,0.05,/Users/alexis/phantom_cs073/bateria_fase5b_a2b0c2_escala_v2/A2-B0-C2-r2_I,0.002048024012006,,,,,,,,,,,,,False,A2-B0-C2-r2_I,0.3964999999999997,63,0.5344999999999994,37,0.5689999999999888,6,4.580536647875594,7.527256426368226,9.4,97.59304386847896,4094.0,bateria_fase5b_a2b0c2_escala_v2,4094,4.094,0.9855,2,11.0,0.08453128403277502,0.0032333333333333333,0.002970100983433437,15,1.0,1.0,1.0,1.0,0.010991695163654128,0.010991695163654128,0.0,0.9775,1.0,0.0225,15.0,1.0,0.06666666666666667,1.0,15.0,0.06666666666666667,0.01094205563493372,5.81904761904762,5.55922165820643,0.5395267020843031,0.5528223615799522,True,,ddce696ffe7d69aea23f43d7f2114e773716b9e07f42a993a43e8099cd058cfa,grafos_f800/F5B_40pares/A2-B0-C2-r2__s372023__unico__N2000.grafo.gz,"reconstruir_regla_a2b0c2(seed=372023, N=2000)"
F5B_40pares,pareado,A2-B0-C2-r20,373769.0,III,unico,2000,5.0,6.0,0.302,0.292,4.7,3706.0,3.706,,,,,0.984,14.0,0.7745872074489132,0.0865,1626.2,0.3978494623655912,8,0.04,/Users/alexis/phantom_cs073/bateria_fase5b_a2b0c2_escala_v2/A2-B0-C2-r20_III,0.0018539269634817,,,,,,,,,,,,,False,A2-B0-C2-r20_III,0.4789999999999995,76,0.5999999999999996,28,0.6124999999999861,1,4.3754065947904826,7.6331535570989475,9.4,97.5930109644989,3706.0,bateria_fase5b_a2b0c2_escala_v2,3706,3.706,0.984,1,14.0,0.03798479011721738,0.0023166666666666665,0.0028945887271850123,12,1.0285714285714285,1.0,2.0,1.6599999999999966,0.009713977334052886,0.009444144630329197,0.02857142857142857,0.98475,2.0,0.0165,10.0,2.0,0.16666666666666666,1.2,11.0,0.16666666666666666,0.009392759193024017,5.681818181818181,5.966954753431621,0.7745872074489132,0.7081758225701758,True,,a56dc75e4343919f70d3a226aae119a3efd3685ab81db246f6a3f2b07174a6e7,grafos_f800/F5B_40pares/A2-B0-C2-r20__s373769__unico__N2000.grafo.gz,"reconstruir_regla_a2b0c2(seed=373769, N=2000)"
F5B_40pares,pareado,A2-B0-C2-r28,374545.0,III,unico,2000,6.0,6.0,0.47,0.23,7.76,3947.0,3.947,,,,,0.9735,13.0,0.7055880853285688,0.0895,1682.6,0.4285714285714286,8,0.04,/Users/alexis/phantom_cs073/bateria_fase5b_a2b0c2_escala_v2/A2-B0-C2-r28_III,0.0019744872436218,,,,,,,,,,,,,False,A2-B0-C2-r28_III,0.4134999999999997,69,0.5594999999999996,41,0.5759999999999874,1,4.519436426981823,10.80574600459123,9.4,97.59301982666548,3947.0,bateria_fase5b_a2b0c2_escala_v2,3947,3.947,0.9735,3,13.0,0.07231552738909473,0.010516666666666665,0.0076262452765372725,37,1.009090909090909,1.0,2.0,1.0,0.028122624778312642,0.027869267798327844,0.00909090909090909,0.9492747747747747,2.0,0.053,33.0,3.0,0.08108108108108109,1.121212121212121,36.0,0.05405405405405406,0.027742781877613365,5.708333333333333,6.142086330935252,0.7055880853285688,0.6864755601172486,True,,6a81293d68bcdece407f5c4a7a6d27d68b22f11874bda9a79cddcb7eb5a1fc76,grafos_f800/F5B_40pares/A2-B0-C2-r28__s374545__unico__N2000.grafo.gz,"reconstruir_regla_a2b0c2(seed=374545, N=2000)"
F5B_40pares,pareado,A2-B0-C2-r2v1fix,272023.0,III,unico,2000,7.0,5.0,0.351,0.15,7.28,3057.0,3.057,,,,,,16.0,,0.1215,2284.2,0.8169014084507041,8,0.041,/Users/alexis/phantom_cs073/bateria_fase5b_a2b0c2_escala_v2/A2-B0-C2-r2v1fix_III,0.0015292646323161,,,,,,,,,,,,,False,A2-B0-C2-r2v1fix_III,0.6454999999999996,56,0.7050000000000023,16,0.714499999999982,1,4.102788898926859,15.420825161631722,9.4,97.59303274899824,3057.0,bateria_fase5b_a2b0c2_escala_v2,3057,3.057,0.9195,8,16.0,0.04095108996223071,0.012833333333333332,0.00942866763946571,28,1.037037037037037,1.0,2.0,2.0,0.02747791952894995,0.02649656526005888,0.037037037037037035,0.9644166666666667,2.0,0.0385,24.0,3.0,0.10714285714285714,1.1666666666666667,25.0,0.07142857142857142,0.026397263465104032,7.235185185185185,7.169523032281465,0.8536460916512809,0.8554770480627811,True,,8d944e00f0ede0ba38063731bf26fea57900d6743aa32b7449937654f4068888,grafos_f800/F5B_40pares/A2-B0-C2-r2v1fix__s272023__unico__N2000.grafo.gz,"reconstruir_regla_a2b0c2(seed=272023, N=2000)"
F5B_40pares,pareado,A2-B0-C2-r39,375612.0,III,unico,2000,5.0,6.0,0.526,0.152,5.7,4083.0,4.083,,,,,0.983,15.0,0.7271595357141946,0.0785,1475.8000000000002,0.4722222222222217,8,0.045,/Users/alexis/phantom_cs073/bateria_fase5b_a2b0c2_escala_v2/A2-B0-C2-r39_III,0.0020425212606303,7.745961543236626,0.3954999999999997,64.0,0.5304999999999996,41.0,0.5634999999999983,4.576282896001966,0.0935,0.313,27.0,0.069,0.042,True,A2-B0-C2-r39_III,0.3954999999999997,64,0.5304999999999996,41,0.5634999999999983,6,4.576282896001966,8.341468000805753,9.4,97.5929717369062,4083.0,bateria_fase5b_a2b0c2_escala_v2,4083,4.083,0.983,3,15.0,0.09231888610434247,0.0032333333333333333,0.003966417663779996,20,1.0,1.0,1.0,1.0,0.014695077149155033,0.014695077149155033,0.0,0.9719333333333333,2.0,0.029,18.0,2.0,0.1,1.1111111111111112,20.0,0.05,0.014615552295981332,5.157894736842105,5.838422391857507,0.7271595357141946,0.7408037939170649,True,,6b73fc02f4e6f5a1661503ea7fc8bb17a6ee9475142da14406cdc21dc19fee2a,grafos_f800/F5B_40pares/A2-B0-C2-r39__s375612__unico__N2000.grafo.gz,"reconstruir_regla_a2b0c2(seed=375612, N=2000)"
F5B_40pares,pareado,A2-B0-C2-r6,272411.0,I,unico,2000,7.0,5.0,0.632,0.119,5.38,3381.0,3.381,,,,,0.9705,13.0,0.6017022732300973,0.1005,1889.4,0.5238095238095237,8,0.039,/Users/alexis/phantom_cs073/bateria_fase5b_a2b0c2_piloto/A2-B0-C2-r6_I,0.0016913456728364,,,,,,,,0.1565,0.4715,41.0,0.0965,0.047,True,A2-B0-C2-r6_I,0.5989999999999995,68,0.6645000000000025,16,0.6694999999999838,1,4.242485957631424,8.966680743928851,9.4,97.59297829057928,3381.0,bateria_fase5b_a2b0c2_piloto,3381,3.381,0.9705,8,12.0,0.10268981715373503,0.00435,0.00478421210006977,16,1.0212765957446808,1.0,2.0,1.5399999999999991,0.01419698314108252,0.013901212658976633,0.02127659574468085,0.9788125,2.0,0.0225,14.0,2.0,0.125,1.1428571428571428,15.0,0.125,0.013840698245786232,6.666666666666667,6.161855670103091,0.6017022732300973,0.660893483926654,True,,e5c82a953a9ff9cd536dece8ba530db6a49a48aac5ea877f898d67b843171355,grafos_f800/F5B_40pares/A2-B0-C2-r6__s272411__unico__N2000.grafo.gz,"reconstruir_regla_a2b0c2(seed=272411, N=2000)"
F5B_40pares,pareado,A2-B0-C2-r9,272702.0,I,unico,2000,5.0,7.0,0.493,0.244,4.25,3939.0,3.939,,,,,0.9785,10.0,0.5562821419510406,0.0805,1513.4,0.3859649122807018,8,0.046,/Users/alexis/phantom_cs073/bateria_fase5b_a2b0c2_piloto/A2-B0-C2-r9_I,0.0019704852426213,,,,,,,,0.1155,0.3485,36.0,0.0735,0.043,True,A2-B0-C2-r9_I,0.4629999999999995,69,0.5729999999999993,31,0.5844999999999874,2,4.490365109689242,7.429319707849659,9.4,97.59303083694924,3939.0,bateria_fase5b_a2b0c2_piloto,3939,3.939,0.9785,4,10.0,0.01131437519493838,0.0012857142857142856,0.0016175776774280514,8,1.0,1.0,1.0,1.0,0.006092916984006093,0.006092916984006093,0.0,0.988,1.0,0.012,8.0,1.0,0.125,1.0,8.0,0.125,0.006058564729283286,4.9642857142857135,5.898048738922973,0.5562821419510406,0.5531006665758372,True,,99b465f30051fc89e7f5b513ce07f033a336cf64ce25be07292469d3fd5ba37d,grafos_f800/F5B_40pares/A2-B0-C2-r9__s272702__unico__N2000.grafo.gz,"reconstruir_regla_a2b0c2(seed=272702, N=2000)"
F5B_40pares,pareado,A2-B0-C2-r9v2fix,372702.0,I,unico,2000,5.0,6.0,0.548,0.142,5.59,4138.0,4.138,,,,,,12.0,,0.075,1410.0,0.4255319148936167,8,0.046,A2-B0-C2-r9v2fix_I,0.0020700350175087,7.745961543236626,0.3869999999999998,72.0,0.5159999999999995,44.0,0.5489999999999887,4.622167845444537,,,,,,False,A2-B0-C2-r9v2fix_I,0.3869999999999998,72,0.5159999999999995,44,0.5489999999999887,2,4.622167845444537,6.791241437545444,9.4,97.5929072459629,4138.0,bateria_fase5b_a2b0c2_escala_v3,4138,4.138,0.986,1,12.0,0.0822997282501646,0.0030666666666666668,0.0029131870266071083,15,1.0,1.0,1.0,1.0,0.010874818753020783,0.010874818753020783,0.0,0.9775,1.0,0.0225,15.0,1.0,0.06666666666666667,1.0,15.0,0.06666666666666667,0.010823265419396221,5.438095238095238,5.73718924403856,0.5840041792814835,0.6427228414982191,True,,9b31ee3c737563e4edb8b4e1827c46afca80fb2d38e236e7f78f27602d0a2ee4,grafos_f800/F5B_40pares/A2-B0-C2-r9v2fix__s372702__unico__N2000.grafo.gz,"reconstruir_regla_a2b0c2(seed=372702, N=2000)"
O3A_N4000,pareado,A2-B0-C2-batch3-r0,471829.0,III,unico,4000,5.0,4.0,,,,4714.0,2.357,,,,0.6247905152445559,,20.0,,0.2582499999999998,4855.099999999999,0.2464698331193838,68,0.004,,0.0005893973493373,6.147973751119519,0.7967500000000252,4.0,0.798250000000044,1.0,0.8030000000000447,5.345154463014573,,,,,,False,A2-B0-C2-batch3-r0_III,0.7967500000000252,4,0.798250000000044,1,0.8030000000000447,1,5.345154463014573,14.491383879275276,4.7,97.59302402384296,4714.0,bateria_fase6_o3a_resolucion,4714,2.357,0.85175,45,20.0,0.032968978002691544,0.008875,0.008112806644774966,28,1.0,1.0,1.0,1.0,0.017819261773440814,0.017819261773440814,0.0,0.9799761904761904,2.0,0.0205,26.0,2.0,0.07142857142857142,1.0769230769230769,28.0,0.03571428571428571,0.017788143676595716,9.313765182186236,9.58458602466236,1.0690994734503374,1.1128289529098259,True,,058a648aeccc6f515da7fcfb6d62fadf25d9af567398e2958da331b7aa728a5a,grafos_f800/O3A_N4000/A2-B0-C2-batch3-r0__s471829__unico__N4000.grafo.gz,"reconstruir_regla_a2b0c2(seed=471829, N=4000)"
O3A_N4000,pareado,A2-B0-C2-batch3-r100,481529.0,I,unico,4000,5.0,4.0,,,,4723.0,2.3615,,,,0.5063883560589856,,22.0,,0.2624999999999999,4934.999999999998,0.3241296518607443,64,0.003,,0.0005905226306576,6.147973751119519,0.8082500000000454,1.0,0.8110000000000459,1.0,0.8147500000000465,5.387012073353569,,,,,,False,A2-B0-C2-batch3-r100_I,0.8082500000000454,1,0.8110000000000459,1,0.8147500000000465,1,5.387012073353569,14.229918435879524,4.7,97.59303400982776,4723.0,bateria_fase6_o3a_resolucion,4723,2.3615,0.8445,54,22.0,0.05502056149198427,0.008958333333333332,0.008141112618724558,28,1.0,1.0,1.0,1.0,0.0177853059496083,0.0177853059496083,0.0,0.9794940476190476,2.0,0.02075,27.0,2.0,0.07142857142857142,1.037037037037037,28.0,0.03571428571428571,0.017754138224389603,9.975925925925925,9.73669475327752,1.062984777249594,1.145908877305322,True,,41caaf4dbe7c832d67cf81624e7d954fc5c15ceac8208831db9648003acb9b9e,grafos_f800/O3A_N4000/A2-B0-C2-batch3-r100__s481529__unico__N4000.grafo.gz,"reconstruir_regla_a2b0c2(seed=481529, N=4000)"
O3A_N4000,pareado,A2-B0-C2-batch3-r108,482305.0,III,unico,4000,6.0,5.0,,,,6448.0,3.224,,,,0.7334193699808091,,17.0,,0.1404999999999998,2641.4,0.3540145985401459,24,0.008,,0.0008062015503875,6.147973751119519,0.6722499999999937,16.0,0.6787500000000255,1.0,0.6827500000000261,5.9206306283909145,,,,,,False,A2-B0-C2-batch3-r108_III,0.6722499999999937,16,0.6787500000000255,1,0.6827500000000261,1,5.9206306283909145,7.301087245120017,4.7,97.5930363596188,6448.0,bateria_fase6_o3a_resolucion,6448,3.224,0.96775,6,17.0,0.05155718757247526,0.00043333333333333337,0.0006569942513003011,4,1.0,1.0,1.0,1.0,0.0018610421836228288,0.0018610421836228288,0.0,0.997,1.0,0.003,4.0,1.0,0.25,1.0,4.0,0.25,0.0018564783297877582,5.333333333333333,8.136907838070629,0.7607443890797675,0.7498216268373094,True,,a9b3b31c3d1021f9a638d3b15a7b3a22a375448c18e0674cead0a53d62d1a602,grafos_f800/O3A_N4000/A2-B0-C2-batch3-r108__s482305__unico__N4000.grafo.gz,"reconstruir_regla_a2b0c2(seed=482305, N=4000)"
O3A_N4000,pareado,A2-B0-C2-batch3-r112,482693.0,I,unico,4000,6.0,5.0,,,,6574.0,3.287,,,,0.6511576411483352,,15.0,,0.1517499999999998,2852.9,0.4914285714285712,30,0.006,,0.0008219554888722,6.147973751119519,0.6709999999999947,23.0,0.6777500000000253,1.0,0.6840000000000263,5.860310859999705,,,,,,False,A2-B0-C2-batch3-r112_I,0.6709999999999947,23,0.6777500000000253,1,0.6840000000000263,1,5.860310859999705,6.7086359887578135,4.7,97.59305093409762,6574.0,bateria_fase6_o3a_resolucion,6574,3.287,0.972,5,15.0,0.03318160011087433,0.0008916666666666667,0.0009515753859166843,6,1.0,1.0,1.0,1.0,0.0027380590203833284,0.0027380590203833284,0.0,0.9955,1.0,0.0045,6.0,1.0,0.16666666666666666,1.0,6.0,0.16666666666666666,0.002732314816348831,7.466666666666668,7.41235743075208,0.6435657831167628,0.6443041506436575,True,,4db53e2dd018ef78733c245af2466f8d9ba3bcfdc5a268bb8524180ffb18f6f2,grafos_f800/O3A_N4000/A2-B0-C2-batch3-r112__s482693__unico__N4000.grafo.gz,"reconstruir_regla_a2b0c2(seed=482693, N=4000)"
O3A_N4000,pareado,A2-B0-C2-batch3-r114,482887.0,III,unico,4000,6.0,6.0,,,,8138.0,4.069,,,,0.7227922054288465,,16.0,,0.0982499999999999,1847.1,0.4392764857881135,12,0.006,,0.001017504376094,6.147973751119519,0.4917500000000002,54.0,0.5412499999999975,9.0,0.5485000000000053,6.142084796996032,,,,,,False,A2-B0-C2-batch3-r114_III,0.4917500000000002,54,0.5412499999999975,9,0.5485000000000053,1,6.142084796996032,10.99610102722319,4.7,97.5930104643042,8138.0,bateria_fase6_o3a_resolucion,8138,4.069,0.97525,5,16.0,0.10762481371146673,0.004625,0.0034800541341754206,36,1.0093457943925233,1.0,2.0,1.0,0.013271073973949374,0.013148193659375768,0.009345794392523364,0.9739814814814814,2.0,0.0265,35.0,2.0,0.05555555555555555,1.0285714285714285,35.0,0.05555555555555555,0.013118855191543804,6.15,6.047156177156177,0.8084419143246868,0.7247171329493164,True,,9ccc7d3620b003b8f1483dfe4094cbcb0154a57d97f978213edea801f8eb94fb,grafos_f800/O3A_N4000/A2-B0-C2-batch3-r114__s482887__unico__N4000.grafo.gz,"reconstruir_regla_a2b0c2(seed=482887, N=4000)"
O3A_N4000,pareado,A2-B0-C2-batch3-r12,472993.0,III,unico,4000,5.0,5.0,,,,6713.0,3.3565,,,,0.7205156358862306,,16.0,,0.1337499999999999,2514.4999999999995,0.4154488517745304,24,0.006,,0.0008393348337084,6.147973751119519,0.6732499999999968,14.0,0.6765000000000251,1.0,0.6807500000000258,6.07197426324396,,,,,,False,A2-B0-C2-batch3-r12_III,0.6732499999999968,14,0.6765000000000251,1,0.6807500000000258,1,6.07197426324396,5.649795938202625,4.7,97.5930028472996,6713.0,bateria_fase6_o3a_resolucion,6713,3.3565,0.97275,5,16.0,0.06744321578354746,0.0009666666666666668,0.0009177586294804467,6,1.0,1.0,1.0,1.0,0.0026813645166095636,0.0026813645166095636,0.0,0.9955,1.0,0.0045,6.0,1.0,0.16666666666666666,1.0,6.0,0.16666666666666666,0.0026762607061024198,6.666666666666665,7.240574121679519,0.7241753150987457,0.7038442771497817,True,,234dafcb0bc7ecb38a3784b96a90efe96a8471e07621df81b0669c6e4b5ce497,grafos_f800/O3A_N4000/A2-B0-C2-batch3-r12__s472993__unico__N4000.grafo.gz,"reconstruir_regla_a2b0c2(seed=472993, N=4000)"
O3A_N4000,pareado,A2-B0-C2-batch3-r26,474351.0,III,unico,4000,8.0,5.0,,,,6621.0,3.3105,,,,0.6801426700874217,,15.0,,0.1569999999999999,2951.6,0.4497257769652646,30,0.0,,0.0008278319579894,6.147973751119519,0.6545000000000022,22.0,0.663000000000023,1.0,0.6677500000000238,6.078594869766308,,,,,,False,A2-B0-C2-batch3-r26_III,0.6545000000000022,22,0.663000000000023,1,0.6677500000000238,1,6.078594869766308,8.537125422496691,4.7,97.59304942113592,6621.0,bateria_fase6_o3a_resolucion,6621,3.3105,0.95775,16,15.0,0.1014345733959592,0.004041666666666667,0.003190196475592465,21,1.0,1.0,1.0,1.0,0.0095151789759855,0.0095151789759855,0.0,0.9847420634920635,2.0,0.0155,20.0,2.0,0.09523809523809523,1.05,21.0,0.047619047619047616,0.009496616161439892,7.267500000000001,6.93074412532637,0.6704649590094327,0.7001531497760762,True,,854e50dbe76c137439a8f78bf5d625a13aaa3880e234d23f1e6266b36b313ced,grafos_f800/O3A_N4000/A2-B0-C2-batch3-r26__s474351__unico__N4000.grafo.gz,"reconstruir_regla_a2b0c2(seed=474351, N=4000)"
O3A_N4000,pareado,A2-B0-C2-batch3-r31,474836.0,III,unico,4000,4.0,5.0,,,,6445.0,3.2225,,,,0.3552164438537022,,17.0,,0.1607499999999998,3022.1000000000004,0.4511784511784513,25,0.004,,0.0008058264566141,6.147973751119519,0.6644999999999998,22.0,0.6742500000000248,1.0,0.6802500000000257,5.861819137169118,,,,,,False,A2-B0-C2-batch3-r31_III,0.6644999999999998,22,0.6742500000000248,1,0.6802500000000257,1,5.861819137169118,14.719907689175912,4.7,97.59299521654792,6445.0,bateria_fase6_o3a_resolucion,6445,3.2225,0.92775,9,17.0,0.08161960047489797,0.007941666666666666,0.004867660480681472,32,1.0,1.0,1.0,1.0,0.014895267649340575,0.014895267649340575,0.0,0.976,1.0,0.024,32.0,1.0,0.03125,1.0,32.0,0.03125,0.014869321543332885,7.484999999999999,7.430213183043372,0.8755236503829457,0.8243670846422703,True,,9a6874ddc0fd44376541eab5217e34b4a9291f344f1cc608e0f383c56419988d,grafos_f800/O3A_N4000/A2-B0-C2-batch3-r31__s474836__unico__N4000.grafo.gz,"reconstruir_regla_a2b0c2(seed=474836, N=4000)"
O3A_N4000,pareado,A2-B0-C2-batch3-r35,475224.0,I,unico,4000,4.0,5.0,,,,6721.0,3.3605,,,,0.6932556859823067,,15.0,,0.1462499999999999,2749.5,0.4230019493177389,26,0.005,,0.0008403350837709,6.147973751119519,0.6582499999999959,13.0,0.6660000000000235,1.0,0.6710000000000242,6.0634970810891895,,,,,,False,A2-B0-C2-batch3-r35_I,0.6582499999999959,13,0.6660000000000235,1,0.6710000000000242,1,6.0634970810891895,7.436073743625664,4.7,97.59304217265166,6721.0,bateria_fase6_o3a_resolucion,6721,3.3605,0.97225,5,15.0,0.06947977037055034,0.0015249999999999999,0.001814424676175596,12,1.0285714285714285,1.0,2.0,1.6599999999999966,0.0053563457818776965,0.005207558399047761,0.02857142857142857,0.9919444444444444,2.0,0.0085,11.0,2.0,0.16666666666666666,1.0909090909090908,11.0,0.16666666666666666,0.005196240507443564,6.909090909090907,7.168831447187929,0.6591588948970257,0.6487642218995935,True,,94a196def7f8d78245a0514551341c6150454caecbdf2386f9bdc801b12b7581,grafos_f800/O3A_N4000/A2-B0-C2-batch3-r35__s475224__unico__N4000.grafo.gz,"reconstruir_regla_a2b0c2(seed=475224, N=4000)"
O3A_N4000,pareado,A2-B0-C2-batch3-r5,472314.0,I,unico,4000,6.0,6.0,,,,7936.0,3.968,,,,0.8866500419666443,,15.0,,0.1022499999999999,1922.3,0.4436619718309857,13,0.004,,0.0009922480620155,6.147973751119519,0.5060000000000001,48.0,0.5592500000000034,4.0,0.5692500000000086,6.568393828178082,,,,,,False,A2-B0-C2-batch3-r5_I,0.5060000000000001,48,0.5592500000000034,4,0.5692500000000086,1,6.568393828178082,9.016690689506571,4.7,97.59305373962968,7936.0,bateria_fase6_o3a_resolucion,7942,3.971,0.974,4,15.0,0.09775236412810791,0.004633333333333333,0.0037653923131720887,37,1.018348623853211,1.0,2.0,1.9200000000000017,0.013976328380760513,0.013724502644170234,0.01834862385321101,0.9741779279279279,2.0,0.02675,35.0,2.0,0.05405405405405406,1.0571428571428572,35.0,0.05405405405405406,0.013693555537784926,6.0569444444444445,6.381215233204965,0.7929097379385824,0.7982700574067257,True,,e5ca6a28c73fdf0f18571845245cb93556a85df622fabc2a2ecaae6530a37c21,grafos_f800/O3A_N4000/A2-B0-C2-batch3-r5__s472314__unico__N4000.grafo.gz,"reconstruir_regla_a2b0c2(seed=472314, N=4000)"
O3A_N4000,pareado,A2-B0-C2-batch3-r76,479201.0,I,unico,4000,8.0,5.0,,,,6692.0,3.346,,,,0.721084670954328,,16.0,,0.1294999999999999,2434.6,0.352212389380531,16,0.004,,0.0008367091772943,6.147973751119519,0.6502500000000019,24.0,0.6605000000000226,1.0,0.6667500000000236,5.917344690394628,,,,,,False,A2-B0-C2-batch3-r76_I,0.6502500000000019,24,0.6605000000000226,1,0.6667500000000236,1,5.917344690394628,7.871541996681224,4.7,97.59299205471558,6692.0,bateria_fase6_o3a_resolucion,6691,3.3455,0.962,12,16.0,0.10251790889574997,0.003433333333333333,0.0028581457152885726,19,1.0,1.0,1.0,1.0,0.008518905993125093,0.008518905993125093,0.0,0.9867149122807017,2.0,0.01375,17.0,2.0,0.10526315789473684,1.1176470588235294,19.0,0.05263157894736842,0.008501399647675167,7.356725146198832,6.930335326228229,0.7389687792651953,0.7241462646700125,True,,de67f7df37ccb3fedc473db18e84e21c4621e14c1960ebe031697561e9fad2c2,grafos_f800/O3A_N4000/A2-B0-C2-batch3-r76__s479201__unico__N4000.grafo.gz,"reconstruir_regla_a2b0c2(seed=479201, N=4000)"
O3A_N4000,pareado,A2-B0-C2-batch3-r86,480171.0,I,unico,4000,5.0,5.0,,,,6686.0,3.343,,,,0.5093465700388771,,15.0,,0.1554999999999999,2923.4000000000005,0.4999999999999999,27,0.005,,0.0008359589897474,6.147973751119519,0.6467500000000018,28.0,0.6642500000000232,1.0,0.6702500000000242,5.949180099902279,,,,,,False,A2-B0-C2-batch3-r86_I,0.6467500000000018,28,0.6642500000000232,1,0.6702500000000242,1,5.949180099902279,9.156178465053136,4.7,97.59302037274084,6686.0,bateria_fase6_o3a_resolucion,6686,3.343,0.9555,16,17.0,0.1268232210094095,0.003508333333333334,0.003273160087284269,22,1.0,1.0,1.0,1.0,0.009871373018247084,0.009871373018247084,0.0,0.9835,1.0,0.0165,22.0,1.0,0.045454545454545456,1.0,22.0,0.045454545454545456,0.00985164821300311,7.078571428571429,7.158204658466371,0.6857189257971965,0.7357418076016907,True,,63dfe415b966b3ab399c6b8092c242579ac795124bb2564a2992fa416d01dbe4,grafos_f800/O3A_N4000/A2-B0-C2-batch3-r86__s480171__unico__N4000.grafo.gz,"reconstruir_regla_a2b0c2(seed=480171, N=4000)"
O3A_N4000,pareado,A2-B0-C2-batch4-r10,572799.0,III,unico,4000,5.0,5.0,,,,6087.0,3.0435,,,,0.8592326193125962,,18.0,,0.1847499999999998,3473.3,0.4794303797468353,29,0.002,,0.0007610652663165,6.147973751119519,0.681000000000002,27.0,0.6942500000000279,1.0,0.7017500000000286,5.8942212276517285,0.237,0.509,55.0,0.137,0.0505,True,A2-B0-C2-batch4-r10_III,0.681000000000002,27,0.6942500000000279,1,0.7017500000000286,2,5.8942212276517285,18.51402843648776,4.7,97.59301991190452,6087.0,bateria_fase6_o3a_resolucion,6087,3.0435,0.9115,25,18.0,0.05312325506456052,0.007716666666666667,0.005056747949207776,30,1.0,1.0,1.0,1.0,0.014785608674223755,0.014785608674223755,0.0,0.9779944444444445,2.0,0.02225,29.0,2.0,0.06666666666666667,1.0344827586206897,30.0,0.03333333333333333,0.014758909400031077,7.751724137931033,7.217256515775034,0.9241312703181733,0.902259784076912,True,,c47132159e4fcc6d46beaa8cb7ac0774dec3d6d788058dcabaa849085de16a3a,grafos_f800/O3A_N4000/A2-B0-C2-batch4-r10__s572799__unico__N4000.grafo.gz,"reconstruir_regla_a2b0c2(seed=572799, N=4000)"
O3A_N4000,pareado,A2-B0-C2-batch4-r13,573090.0,I,unico,4000,6.0,6.0,,,,8185.0,4.0925,,,,0.9923824019198,,11.0,,0.0859999999999999,1616.8000000000002,0.7352941176470594,10,0.007,,0.0010233808452113,6.147973751119519,0.4952500000000001,42.0,0.5484999999999887,3.0,0.5545000000000063,6.497746345852623,,,,,,False,A2-B0-C2-batch4-r13_I,0.4952500000000001,42,0.5484999999999887,3,0.5545000000000063,1,6.497746345852623,6.258501740203948,4.7,97.59302757002698,8185.0,bateria_fase6_o3a_resolucion,8185,4.0925,0.989,1,11.0,0.07204864898776926,0.0016416666666666667,0.0014926363274512405,15,1.0,1.0,1.0,1.0,0.005497861942577886,0.005497861942577886,0.0,0.9892388888888889,2.0,0.011,14.0,2.0,0.13333333333333333,1.0714285714285714,15.0,0.06666666666666667,0.005484431680491863,6.01904761904762,6.594922039612306,0.4793079814404366,0.47744180226366667,True,,f4202bd0c17096149c6faa6ecb195d441933a9eb8abbe786979324e5d0594604,grafos_f800/O3A_N4000/A2-B0-C2-batch4-r13__s573090__unico__N4000.grafo.gz,"reconstruir_regla_a2b0c2(seed=573090, N=4000)"
O3A_N4000,pareado,A2-B0-C2-batch4-r18,573575.0,I,unico,4000,5.0,6.0,,,,8079.0,4.0395,,,,0.9112043019853404,,12.0,,0.0939999999999999,1767.2000000000005,0.4945054945054944,14,0.011,,0.0010101275318829,6.147973751119519,0.4930000000000001,49.0,0.5462499999999971,6.0,0.552500000000006,6.33008947541605,,,,,,False,A2-B0-C2-batch4-r18_I,0.4930000000000001,49,0.5462499999999971,6,0.552500000000006,1,6.33008947541605,7.199213106433193,4.7,97.5930495988158,8079.0,bateria_fase6_o3a_resolucion,8079,4.0395,0.981,1,12.0,0.08129434269614219,0.0018333333333333335,0.0019263264616424468,19,1.0,1.0,1.0,1.0,0.007055328629780914,0.007055328629780914,0.0,0.98575,1.0,0.01425,19.0,1.0,0.05263157894736842,1.0,19.0,0.05263157894736842,0.007038602017725045,5.988304093567251,6.16485528236739,0.5669949371230959,0.6149203610734703,True,,dac489efd34e891519a62681387e8f4cb036706e21174ed1bcb618801e01db45,grafos_f800/O3A_N4000/A2-B0-C2-batch4-r18__s573575__unico__N4000.grafo.gz,"reconstruir_regla_a2b0c2(seed=573575, N=4000)"
O3A_N4000,pareado,A2-B0-C2-batch4-r19,573672.0,III,unico,4000,5.0,6.0,,,,7159.0,3.5795,,,,1.2317959269996934,,13.0,,0.1277499999999999,2401.7,0.4758220502901352,20,0.009,,0.0008950987746936,6.147973751119519,0.6192500000000004,34.0,0.6290000000000178,1.0,0.6362500000000189,6.041844607455874,,,,,,False,A2-B0-C2-batch4-r19_III,0.6192500000000004,34,0.6290000000000178,1,0.6362500000000189,1,6.041844607455874,7.819912458517925,4.7,97.59305659629322,7159.0,bateria_fase6_o3a_resolucion,7159,3.5795,0.97425,6,13.0,0.029672445177694136,0.00047500000000000005,0.000504965494024575,4,1.0,1.0,1.0,1.0,0.0016762117614191926,0.0016762117614191926,0.0,0.997,1.0,0.003,4.0,1.0,0.25,1.0,4.0,0.25,0.0016723581992028648,5.0,6.586475639350383,0.6053357999018656,0.5770855011692335,True,,1aacd11e3a4bb0ebbeb23d3581466c5929b905158a4095ecb0c6684bef4957d9,grafos_f800/O3A_N4000/A2-B0-C2-batch4-r19__s573672__unico__N4000.grafo.gz,"reconstruir_regla_a2b0c2(seed=573672, N=4000)"
O3A_N4000,pareado,A2-B0-C2-batch4-r23,574060.0,I,unico,4000,5.0,5.0,,,,6724.0,3.362,,,,0.3445811480749863,,15.0,,0.1579999999999999,2970.4000000000005,0.4818355640535373,33,0.005,,0.0008407101775443,6.147973751119519,0.6555,22.0,0.6615000000000228,1.0,0.6647500000000233,6.190590638365688,0.158,0.4715,46.0,0.0895,0.047,True,A2-B0-C2-batch4-r23_I,0.6555,22,0.6615000000000228,1,0.6647500000000233,1,6.190590638365688,7.123848016662778,4.7,97.59304519514858,6724.0,bateria_fase6_o3a_resolucion,6724,3.362,0.9675,10,15.0,0.08453632112822716,0.0015083333333333333,0.0016564601947595622,11,1.0,1.0,1.0,1.0,0.004907792980368828,0.004907792980368828,0.0,0.9922348484848484,2.0,0.008,10.0,2.0,0.18181818181818182,1.1,11.0,0.09090909090909091,0.004896523892147992,6.745454545454546,6.798984938555886,0.6528939634646325,0.6470112932811779,True,,0ec1e9afc245a6594b36ef92390a77852fe492290bcec68863420afce1da67ab,grafos_f800/O3A_N4000/A2-B0-C2-batch4-r23__s574060__unico__N4000.grafo.gz,"reconstruir_regla_a2b0c2(seed=574060, N=4000)"
O3A_N4000,pareado,A2-B0-C2-batch4-r36,575321.0,III,unico,4000,8.0,4.0,,,,4586.0,2.293,,,,0.5859445078608624,,22.0,,0.2742499999999999,5155.899999999999,0.2550655542312278,72,0.001,,0.000573393348337,6.147973751119519,0.8192500000000423,3.0,0.8210000000000475,1.0,0.8237500000000478,5.648280863170306,,,,,,False,A2-B0-C2-batch4-r36_III,0.8192500000000423,3,0.8210000000000475,1,0.8237500000000478,1,5.648280863170306,13.849020382622404,4.7,97.5930222324574,4586.0,bateria_fase6_o3a_resolucion,4586,2.293,0.8275,71,23.0,0.05682008524297609,0.01425,0.011856505877584111,39,1.0,1.0,1.0,1.0,0.0255124291321413,0.0255124291321413,0.0,0.97075,1.0,0.02925,39.0,1.0,0.02564102564102564,1.0,39.0,0.02564102564102564,0.0254716092074915,10.098611111111111,9.166122695678451,1.2480999529663446,1.2545966077083643,True,,fbef22abaeef2311cf7bd4a6b328a7091f4d697bc72c7445a05b8c0be7c55464,grafos_f800/O3A_N4000/A2-B0-C2-batch4-r36__s575321__unico__N4000.grafo.gz,"reconstruir_regla_a2b0c2(seed=575321, N=4000)"
O3A_N4000,pareado,A2-B0-C2-batch4-r43,576000.0,III,unico,4000,7.0,5.0,,,,6451.0,3.2255,,,,0.5415338613214553,,14.0,,0.1672499999999999,3144.3,0.426944971537002,36,0.004,,0.000806576644161,6.147973751119519,0.6807499999999986,18.0,0.6870000000000267,1.0,0.694750000000028,6.068593406795263,,,,,,False,A2-B0-C2-batch4-r43_III,0.6807499999999986,18,0.6870000000000267,1,0.694750000000028,1,6.068593406795263,7.15878820590545,4.7,97.59306155511378,6451.0,bateria_fase6_o3a_resolucion,6451,3.2255,0.96925,9,14.0,0.061242256598482675,0.0015750000000000002,0.0013167279310912384,8,1.0,1.0,1.0,1.0,0.0037203534335761897,0.0037203534335761897,0.0,0.994,1.0,0.006,8.0,1.0,0.125,1.0,8.0,0.125,0.0037132887413484253,7.392857142857142,7.28016425868593,0.7270159422112407,0.6117574445337168,True,,105f501a9b4301a6cde14e59febd96649eb6371ae1aa4afc599abcea0f068a00,grafos_f800/O3A_N4000/A2-B0-C2-batch4-r43__s576000__unico__N4000.grafo.gz,"reconstruir_regla_a2b0c2(seed=576000, N=4000)"
O3A_N4000,pareado,A2-B0-C2-batch4-r51,576776.0,I,unico,4000,8.0,4.0,,,,5006.0,2.503,,,,0.6101136889388059,,22.0,,0.2537499999999999,4770.500000000003,0.3922470433639948,65,0.002,,0.0006259064766191,6.147973751119519,0.797000000000028,5.0,0.7995000000000442,1.0,0.8027500000000446,5.632069453117278,,,,,,False,A2-B0-C2-batch4-r51_I,0.797000000000028,5,0.7995000000000442,1,0.8027500000000446,1,5.632069453117278,12.220194225129609,4.7,97.59300105943488,5006.0,bateria_fase6_o3a_resolucion,5006,2.503,0.902,46,22.0,0.07232271929786917,0.005125,0.0038852913968547642,14,1.0,1.0,1.0,1.0,0.008389932081502197,0.008389932081502197,0.0,0.9895,1.0,0.0105,14.0,1.0,0.07142857142857142,1.0,14.0,0.07142857142857142,0.008377691476580481,10.307692307692308,9.92958136955919,1.0373376672738273,0.9392402842735222,True,,5df492e6add39a38ffbbaa688ec9db810c6e61f6bec668d2bb893ac463c86905,grafos_f800/O3A_N4000/A2-B0-C2-batch4-r51__s576776__unico__N4000.grafo.gz,"reconstruir_regla_a2b0c2(seed=576776, N=4000)"
O3A_N4000,pareado,A2-B0-C2-batch4-r57,577358.0,I,unico,4000,7.0,5.0,,,,6715.0,3.3575,,,,0.8760574085948601,,17.0,,0.1252499999999999,2354.7,0.4383301707779885,16,0.004,,0.000839584896224,6.147973751119519,0.6570000000000028,22.0,0.662750000000023,1.0,0.6680000000000238,5.969348295611058,,,,,,False,A2-B0-C2-batch4-r57_I,0.6570000000000028,22,0.662750000000023,1,0.6680000000000238,1,5.969348295611058,6.639655821565853,4.7,97.59304632899868,6715.0,bateria_fase6_o3a_resolucion,6715,3.3575,0.964,13,17.0,0.10391964383381329,0.0010666666666666667,0.001209494532076803,8,1.0,1.0,1.0,1.0,0.0035740878629932984,0.0035740878629932984,0.0,0.994,1.0,0.006,8.0,1.0,0.125,1.0,8.0,0.125,0.003566109592276546,6.892857142857142,7.4671206225680935,0.7206228165525373,0.7693259842143485,True,,14847e43d2a154fb78a07a74ed86c22402c2ee4b319310abf9765cc263a27684,grafos_f800/O3A_N4000/A2-B0-C2-batch4-r57__s577358__unico__N4000.grafo.gz,"reconstruir_regla_a2b0c2(seed=577358, N=4000)"
O3A_N4000,pareado,A2-B0-C2-batch4-r94,580947.0,III,unico,4000,6.0,6.0,,,,7150.0,3.575,,,,0.9752060459694984,,13.0,,0.1304999999999999,2453.4,0.451546391752577,24,0.009,,0.0008939734933733,6.147973751119519,0.6187499999999964,18.0,0.6290000000000178,1.0,0.6335000000000185,6.381148783312789,,,,,,False,A2-B0-C2-batch4-r94_III,0.6187499999999964,18,0.6290000000000178,1,0.6335000000000185,1,6.381148783312789,6.641997158921983,4.7,97.59305360936632,7150.0,bateria_fase6_o3a_resolucion,7151,3.5755,0.97925,2,13.0,0.028051372706188335,0.000225,0.0003843361660332237,3,1.0,1.0,1.0,1.0,0.0012585652356313802,0.0012585652356313802,0.0,0.99775,1.0,0.00225,3.0,1.0,0.3333333333333333,1.0,3.0,0.3333333333333333,0.0012549230445604135,5.333333333333333,6.944437351038474,0.7173955674537055,0.6903108586845402,True,,2e278b41acca8807d6338af7efae14b80be1a7932c9b3325f8843867af011c5c,grafos_f800/O3A_N4000/A2-B0-C2-batch4-r94__s580947__unico__N4000.grafo.gz,"reconstruir_regla_a2b0c2(seed=580947, N=4000)"
O3A_N4000,pareado,A2-B0-C2-r12v1fix,272993.0,I,unico,4000,5.0,7.0,,,,9458.0,4.729,,,,0.566657815325889,,11.0,,0.07025,1320.7,0.5468164794007488,10,0.011,,0.0011825456364091,6.147973751119519,0.3332499999999997,49.0,0.4565000000000011,13.0,0.4694999999999931,6.499349547033065,0.055,0.179,15.0,0.0585,0.0265,True,A2-B0-C2-r12v1fix_I,0.3332499999999997,49,0.4565000000000011,13,0.4694999999999931,1,6.499349547033065,30.19836349592201,4.7,97.593029426486,9458.0,bateria_fase6_o3a_resolucion,9458,4.729,0.99225,1,11.0,0.04369332755105511,0.0013928571428571427,0.0012289748903561617,17,1.0,1.0,1.0,1.0,0.005392260520194544,0.005392260520194544,0.0,0.98725,1.0,0.01275,17.0,1.0,0.058823529411764705,1.0,17.0,0.058823529411764705,0.005378823410941098,5.647058823529412,5.902112735215053,0.5156434534761287,0.6746710246036467,True,,b8120e2336965806260b5b66a67376b376a111e6be924c78ed51730b418a57a7,grafos_f800/O3A_N4000/A2-B0-C2-r12v1fix__s272993__unico__N4000.grafo.gz,"reconstruir_regla_a2b0c2(seed=272993, N=4000)"
O3A_N4000,pareado,A2-B0-C2-r19,273672.0,III,unico,4000,5.0,7.0,,,,7337.0,3.6685,,,,1.4923894171206478,,14.0,,0.1284999999999999,2415.8,0.4503311258278146,24,0.006,,0.0009173543385846,6.147973751119519,0.5885000000000011,41.0,0.6122500000000152,1.0,0.6180000000000161,6.458957531846896,0.1355,0.3995,43.0,0.0815,0.044,True,A2-B0-C2-r19_III,0.5885000000000011,41,0.6122500000000152,1,0.6180000000000161,1,6.458957531846896,7.615029515599936,4.7,97.59302919511622,7337.0,bateria_fase6_o3a_resolucion,7337,3.6685,0.976,3,14.0,-0.00223452064094035,0.0002535714285714286,0.00023325428604750612,2,1.0,1.0,1.0,1.0,0.0008177729317159602,0.0008177729317159602,0.0,0.9985,1.0,0.0015,2.0,1.0,0.5,1.0,2.0,0.5,0.0008157991828177996,6.0,6.449537651689843,0.776688560378833,0.7783463980032345,True,,1f132a1fd20048e368e7f437d9cd75450d2399d8ec3a13e8bc655fb7e30ff886,grafos_f800/O3A_N4000/A2-B0-C2-r19__s273672__unico__N4000.grafo.gz,"reconstruir_regla_a2b0c2(seed=273672, N=4000)"
O3A_N4000,pareado,A2-B0-C2-r39,375612.0,III,unico,4000,5.0,6.0,,,,8289.0,4.1445,,,,0.4518338917343216,,11.0,,0.1009999999999999,1898.8,0.546218487394958,17,0.007,,0.001036384096024,6.147973751119519,0.49375,41.0,0.5479999999999885,2.0,0.5540000000000063,6.4211762775018695,0.0935,0.313,27.0,0.069,0.042,True,A2-B0-C2-r39_III,0.49375,41,0.5479999999999885,2,0.5540000000000063,1,6.4211762775018695,7.093733546697064,4.7,97.59299021118474,8289.0,bateria_fase6_o3a_resolucion,8289,4.1445,0.98675,3,11.0,0.09294414518495078,0.0012749999999999999,0.0016456390565002743,17,1.0,1.0,1.0,1.0,0.006152732537097358,0.006152732537097358,0.0,0.98725,1.0,0.01275,17.0,1.0,0.058823529411764705,1.0,17.0,0.058823529411764705,0.00613723205062223,5.904411764705882,6.188144112181111,0.5373228235920601,0.5689159735693865,True,,6e587f405345d0d095611a11ea9e95c7b3d9333d522131548d9cd8c7a8c4b5f9,grafos_f800/O3A_N4000/A2-B0-C2-r39__s375612__unico__N4000.grafo.gz,"reconstruir_regla_a2b0c2(seed=375612, N=4000)"
O3A_N4000,pareado,A2-B0-C2-r9v2fix,372702.0,I,unico,4000,5.0,6.0,,,,8233.0,4.1165,,,,0.4940420069101908,,15.0,,0.0997499999999999,1875.3,0.6228070175438594,16,0.008,,0.0010293823455863,6.147973751119519,0.51025,46.0,0.547249999999993,7.0,0.5537500000000062,6.132953568616422,,,,,,False,A2-B0-C2-r9v2fix_I,0.51025,46,0.547249999999993,7,0.5537500000000062,1,6.132953568616422,7.883358271210131,4.7,97.59301436285716,8233.0,bateria_fase6_o3a_resolucion,8233,4.1165,0.9865,2,15.0,0.08232542201898581,0.0018833333333333332,0.0017597601512090203,18,1.0188679245283019,1.0,2.0,1.4799999999999969,0.006558969998785376,0.006437507591400462,0.018867924528301886,0.987462962962963,2.0,0.013,17.0,2.0,0.1111111111111111,1.0588235294117647,17.0,0.1111111111111111,0.006422949953785125,5.980392156862745,6.569143910588778,0.7212197345950115,0.7482564519149111,True,,d007aa3c544de5fd8cd25be4af18d68cb0acea4b64b6bbce3a9723ee9be5c03a,grafos_f800/O3A_N4000/A2-B0-C2-r9v2fix__s372702__unico__N4000.grafo.gz,"reconstruir_regla_a2b0c2(seed=372702, N=4000)"
O3B_rewiring,pareado,A2-B0-C2-batch3-r0,471829.0,III,orig,2000,5.0,4.0,0.413,0.225,6.59,2308.0,2.308,0.017,0.0163537250151423,27.0,,,,1.088755752280392,0.1504999999999999,2829.4,1.2938596491228065,8,0.029,A2-B0-C2-batch3-r0_orig,0.0011545772886443,7.745961543236626,0.796,45.0,0.8119999999999873,4.0,0.818999999999978,3.9666516405061336,,,,,,False,A2-B0-C2-batch3-r0_orig,0.796,45,0.8119999999999873,4,0.818999999999978,1,3.9666516405061336,12.29027384118658,9.4,97.5930029872187,2308.0,bateria_fase6_o3b_rewiring,2308,2.308,0.8405,30,19.0,0.05357958157913702,0.017,0.01635372501514234,27,1.0,1.0,1.0,1.0,0.03509532062391681,0.03509532062391681,0.0,0.9614506172839506,2.0,0.0395,25.0,2.0,0.07407407407407407,1.08,27.0,0.037037037037037035,0.034971514196720614,9.299999999999999,7.877430555555556,1.0889055843285775,1.0887557522803921,True,,ab7a06a4dfaa6aa23c9b6d586728e103e335c19a21367d0bd76191849e8ef186,grafos_f800/O3B_rewiring/A2-B0-C2-batch3-r0__s471829__orig__N2000.grafo.gz,"reconstruir_regla_a2b0c2(seed=471829, N=2000)"
O3B_rewiring,pareado,A2-B0-C2-batch3-r0,471829.0,III,rewire,2000,5.0,4.0,0.413,0.225,6.59,2308.0,2.308,0.0,0.0,0.0,,,,1.0447958637572663,0.1479999999999999,2782.4,1.229437229437229,8,0.032,A2-B0-C2-batch3-r0_rewire,0.0011545772886443,7.745961543236626,0.796,45.0,0.8119999999999873,4.0,0.818999999999978,3.9666516405061336,,,,,,False,A2-B0-C2-batch3-r0_rewire,0.8015000000000014,34,0.8214999999999832,3,0.8264999999999777,1,3.9560508734517046,11.141924180783954,9.4,97.593032799392,2308.0,bateria_fase6_o3b_rewiring,2308,2.308,0.865,10,18.0,-0.14888195560264317,0.0,0.0,0,,,0.0,,0.0,0.0,,,0.0,0.0,,,,,,,,,8.768536726431462,1.0676846097241737,1.0447958637572663,True,,4ed08fa00f7af2f588f884f6bbebfd83009e1457f49318d1d11a7a389057dd25,grafos_f800/O3B_rewiring/A2-B0-C2-batch3-r0__s471829__rewire__N2000.grafo.gz,"barajar_aristas(orig(seed=471829), seed_rewire=4293643907, x10)"
O3B_rewiring,pareado,A2-B0-C2-batch3-r111,482596.0,III,orig,2000,6.0,5.0,0.465,0.345,7.52,3017.0,3.017,0.0170666666666666,0.012853172765169,37.0,,,,0.7894309120929355,0.1245,2340.6,0.9798994974874374,8,0.034,A2-B0-C2-batch3-r111_orig,0.0015092546273136,,,,,,,,0.214,0.515,53.0,0.1285,0.048,True,A2-B0-C2-batch3-r111_orig,0.6374999999999992,66,0.6959999999999978,13,0.7084999999999823,1,4.122917778215928,15.094435793227298,9.4,97.59303036791007,3017.0,bateria_fase6_o3b_rewiring,3017,3.017,0.9245,10,15.0,0.08675392573659504,0.01706666666666667,0.01285317276516906,37,1.0,1.0,1.0,1.0,0.03679151474975141,0.03679151474975141,0.0,0.9464639639639639,2.0,0.0545,35.0,2.0,0.05405405405405406,1.0571428571428572,37.0,0.02702702702702703,0.03665025907219602,7.28611111111111,6.729347041847042,0.9051550092250915,0.7894309120929355,True,,faa91e489b4316d13d764781df522023162827a4c6a1e9648f171f2b15254ec0,grafos_f800/O3B_rewiring/A2-B0-C2-batch3-r111__s482596__orig__N2000.grafo.gz,"reconstruir_regla_a2b0c2(seed=482596, N=2000)"
O3B_rewiring,pareado,A2-B0-C2-batch3-r111,482596.0,III,rewire,2000,6.0,5.0,0.465,0.345,7.52,3017.0,3.017,0.0001833333333333,0.0003473830477072,1.0,,,,0.8671196518219336,0.112,2105.6000000000004,0.6262135922330097,8,0.041,A2-B0-C2-batch3-r111_rewire,0.0015092546273136,,,,,,,,0.214,0.515,53.0,0.1285,0.048,True,A2-B0-C2-batch3-r111_rewire,0.6434999999999993,64,0.7030000000000017,17,0.7124999999999823,2,4.085710629682595,11.737191028155676,9.4,97.59297101005409,3017.0,bateria_fase6_o3b_rewiring,3017,3.017,0.9325,4,15.0,-0.12401241597899572,0.00018333333333333334,0.0003473830477072719,1,1.0,1.0,1.0,1.0,0.0009943652635067948,0.0009943652635067948,0.0,0.9985,1.0,0.0015,1.0,1.0,1.0,1.0,1.0,1.0,0.0009889820022194417,,6.959451001430615,0.8944160836567454,0.8671196518219336,True,,3b539f63aa290908ecbd8dbb9e5d19f0b99ed0bebd18a9d689f39f92d6fd74fe,grafos_f800/O3B_rewiring/A2-B0-C2-batch3-r111__s482596__rewire__N2000.grafo.gz,"barajar_aristas(orig(seed=482596), seed_rewire=4391623607, x10)"
O3B_rewiring,pareado,A2-B0-C2-batch3-r60,477649.0,III,orig,2000,6.0,5.0,0.456,0.261,7.33,3068.0,3.068,0.019,0.0137062625362157,41.0,,,,0.9265824692819378,0.1254999999999999,2359.4,0.91044776119403,8,0.036,A2-B0-C2-batch3-r60_orig,0.0015347673836918,,,,,,,,0.2055,0.5145000000000001,46.0,0.1275,0.051,True,A2-B0-C2-batch3-r60_orig,0.6269999999999993,59,0.6960000000000021,15,0.7074999999999824,2,4.0849016745805855,15.644133450672836,9.4,97.59297565793722,3068.0,bateria_fase6_o3b_rewiring,3068,3.068,0.9185,9,15.0,0.050748238753743125,0.019,0.013706262536215734,41,1.0081967213114753,1.0,2.0,1.0,0.040091264667535854,0.039765319426336376,0.00819672131147541,0.942369918699187,2.0,0.0595,38.0,2.0,0.04878048780487805,1.0789473684210527,40.0,0.04878048780487805,0.03961512220184299,7.066249999999999,6.559458968772695,0.9268169943894311,0.9265824692819378,True,,73c76eeb52ecca3acfcb301a96d3cc9b08874cfb33fe95ca07ea004c1bf3ebf3,grafos_f800/O3B_rewiring/A2-B0-C2-batch3-r60__s477649__orig__N2000.grafo.gz,"reconstruir_regla_a2b0c2(seed=477649, N=2000)"
O3B_rewiring,pareado,A2-B0-C2-batch3-r60,477649.0,III,rewire,2000,6.0,5.0,0.456,0.261,7.33,3068.0,3.068,0.0018,0.0020057945174949,6.0,,,,0.8837448890066177,0.1165,2190.2000000000003,0.6486486486486485,8,0.031,A2-B0-C2-batch3-r60_rewire,0.0015347673836918,,,,,,,,0.2055,0.5145000000000001,46.0,0.1275,0.051,True,A2-B0-C2-batch3-r60_rewire,0.6494999999999992,62,0.7000000000000022,12,0.7119999999999822,2,4.194370134589335,12.6446358257747,9.4,97.59291627808092,3068.0,bateria_fase6_o3b_rewiring,3068,3.068,0.9215,6,14.0,-0.15818784080696865,0.0018,0.0020057945174949856,6,1.0,1.0,1.0,1.0,0.005867014341590613,0.005867014341590613,0.0,0.991,1.0,0.009,6.0,1.0,0.16666666666666666,1.0,6.0,0.16666666666666666,0.00583939186352286,6.466666666666666,6.1710591254565195,0.8853124545289995,0.8837448890066177,True,,98e06cef8f9aeef42502d78473043400830eefc1a30e7dc6a8a4c9582f265ec7,grafos_f800/O3B_rewiring/A2-B0-C2-batch3-r60__s477649__rewire__N2000.grafo.gz,"barajar_aristas(orig(seed=477649), seed_rewire=4346605907, x10)"
O3B_rewiring,pareado,A2-B0-C2-batch4-r10,572799.0,III,orig,2000,5.0,5.0,0.339,0.263,7.64,2994.0,2.994,0.01155,0.0086685159500693,25.0,,,,1.00288992732594,0.1279999999999999,2406.4,0.9027777777777776,8,0.03,A2-B0-C2-batch4-r10_orig,0.0014977488744372,7.745961543236626,0.6444999999999993,66.0,0.704999999999997,13.0,0.714499999999982,4.142663887191608,0.237,0.509,55.0,0.137,0.0505,True,A2-B0-C2-batch4-r10_orig,0.6444999999999993,66,0.704999999999997,13,0.714499999999982,1,4.142663887191608,16.041612361759164,9.4,97.59301274070404,2994.0,bateria_fase6_o3b_rewiring,2994,2.994,0.9105,8,16.0,0.020864078210404032,0.011550000000000001,0.008668515950069348,25,1.0135135135135136,1.0,2.0,1.269999999999996,0.025050100200400802,0.024716098864395457,0.013513513513513514,0.9644466666666667,2.0,0.0365,24.0,2.0,0.08,1.0416666666666667,24.0,0.08,0.02462158228726435,7.039583333333335,7.264635364635364,0.9674452669352483,1.00288992732594,True,,1b03b2df808f94ddc6c8d399d3e08aab0603aa5b8e2d5853fea37e9a70170409,grafos_f800/O3B_rewiring/A2-B0-C2-batch4-r10__s572799__orig__N2000.grafo.gz,"reconstruir_regla_a2b0c2(seed=572799, N=2000)"
O3B_rewiring,pareado,A2-B0-C2-batch4-r10,572799.0,III,rewire,2000,5.0,5.0,0.339,0.263,7.64,2994.0,2.994,0.0011833333333333,0.0020804438280166,6.0,,,,0.8697157941056846,0.1195,2246.6000000000004,0.7892156862745094,8,0.035,A2-B0-C2-batch4-r10_rewire,0.0014977488744372,7.745961543236626,0.6444999999999993,66.0,0.704999999999997,13.0,0.714499999999982,4.142663887191608,0.237,0.509,55.0,0.137,0.0505,True,A2-B0-C2-batch4-r10_rewire,0.6559999999999995,69,0.6990000000000021,17,0.7079999999999824,2,4.246889851229915,14.772296687952151,9.4,97.593045978603,2994.0,bateria_fase6_o3b_rewiring,2994,2.994,0.916,3,14.0,-0.1567466238816631,0.0011833333333333333,0.0020804438280166435,6,1.0,1.0,1.0,1.0,0.006012024048096192,0.006012024048096192,0.0,0.991,1.0,0.009,6.0,1.0,0.16666666666666666,1.0,6.0,0.16666666666666666,0.005979811995400286,6.466666666666668,7.066266156926997,0.871501199014525,0.8697157941056846,True,,6454a2522a08b16ee384d449a7a4d6bb09b38a339949aa0f4cb9fd9e79e59c14,grafos_f800/O3B_rewiring/A2-B0-C2-batch4-r10__s572799__rewire__N2000.grafo.gz,"barajar_aristas(orig(seed=572799), seed_rewire=5212470907, x10)"
O3B_rewiring,pareado,A2-B0-C2-batch4-r36,575321.0,III,orig,2000,8.0,4.0,0.543,0.156,6.77,2343.0,2.343,0.0213333333333333,0.0178500595001983,30.0,,,,1.1388881788592264,0.1534999999999999,2885.8,1.407894736842105,8,0.023,A2-B0-C2-batch4-r36_orig,0.0011720860430215,7.745961543236626,0.7850000000000005,35.0,0.8134999999999839,5.0,0.818999999999978,3.8126089831024497,,,,,,False,A2-B0-C2-batch4-r36_orig,0.7850000000000005,35,0.8134999999999839,5,0.818999999999978,1,3.8126089831024497,11.889122404622428,9.4,97.59301898037916,2343.0,bateria_fase6_o3b_rewiring,2343,2.343,0.854,26,20.0,0.00697776378339532,0.021333333333333336,0.017850059500198336,30,1.0112359550561798,1.0,2.0,1.1200000000000045,0.03841229193341869,0.03798548868971404,0.011235955056179775,0.9579,2.0,0.0435,28.0,2.0,0.06666666666666667,1.0714285714285714,29.0,0.06666666666666667,0.03786485256161187,9.523214285714285,9.287814879906268,1.0121015869766785,1.1388881788592264,True,,71182a4a44535ee03448a96b5ece8b35efc4f95c0596f024b819ecee40646ef4,grafos_f800/O3B_rewiring/A2-B0-C2-batch4-r36__s575321__orig__N2000.grafo.gz,"reconstruir_regla_a2b0c2(seed=575321, N=2000)"
O3B_rewiring,pareado,A2-B0-C2-batch4-r36,575321.0,III,rewire,2000,8.0,4.0,0.543,0.156,6.77,2343.0,2.343,0.0003333333333333,0.0005950019833399,1.0,,,,1.0082924310578296,0.1439999999999999,2707.2000000000003,1.3142857142857145,8,0.029,A2-B0-C2-batch4-r36_rewire,0.0011720860430215,7.745961543236626,0.7850000000000005,35.0,0.8134999999999839,5.0,0.818999999999978,3.8126089831024497,,,,,,False,A2-B0-C2-batch4-r36_rewire,0.7970000000000002,42,0.8154999999999789,2,0.8224999999999778,1,3.98499538214029,10.52160371980744,9.4,97.59306016972585,2343.0,bateria_fase6_o3b_rewiring,2343,2.343,0.872,10,18.0,-0.15355498288413028,0.0003333333333333333,0.0005950019833399445,1,1.0,1.0,1.0,1.0,0.0012804097311139564,0.0012804097311139564,0.0,0.9985,1.0,0.0015,1.0,1.0,1.0,1.0,1.0,1.0,0.0012748993605966427,,9.243936786105463,1.0025331574037746,1.0082924310578296,True,,97671cf7e28ab4830f218cbf3f9d00ff325c36e5c6f6402b255faa95f562b895,grafos_f800/O3B_rewiring/A2-B0-C2-batch4-r36__s575321__rewire__N2000.grafo.gz,"barajar_aristas(orig(seed=575321), seed_rewire=5235421107, x10)"
O3B_rewiring,pareado,A2-B0-C2-batch4-r62,577843.0,III,orig,2000,8.0,5.0,0.672,0.262,5.76,3299.0,3.299,0.00525,0.0045955882352941,15.0,,,,0.8938269333275853,0.1025,1927.0,0.5671641791044775,8,0.036,A2-B0-C2-batch4-r62_orig,0.0016503251625812,,,,,,,,,,,,,False,A2-B0-C2-batch4-r62_orig,0.6219999999999994,59,0.6820000000000026,12,0.6859999999999832,1,4.256391045510522,8.192225597918661,9.4,97.59294559901996,3299.0,bateria_fase6_o3b_rewiring,3299,3.299,0.9575,5,17.0,0.09136676428586862,0.00525,0.004595588235294118,15,1.0,1.0,1.0,1.0,0.013640497120339497,0.013640497120339497,0.0,0.9784777777777778,2.0,0.022,14.0,2.0,0.13333333333333333,1.0714285714285714,15.0,0.06666666666666667,0.013583231013908244,6.704761904761906,6.7826105886450705,0.8791813251603616,0.8938269333275853,True,,054766df08de148ca30c8085fb36c4f2a474185fb1c7b586cda5e7a455d9c4a4,grafos_f800/O3B_rewiring/A2-B0-C2-batch4-r62__s577843__orig__N2000.grafo.gz,"reconstruir_regla_a2b0c2(seed=577843, N=2000)"
O3B_rewiring,pareado,A2-B0-C2-batch4-r62,577843.0,III,rewire,2000,8.0,5.0,0.672,0.262,5.76,3299.0,3.299,0.0004833333333333,0.0006127450980392,2.0,,,,0.6169557999414776,0.099,1861.2000000000005,0.5468749999999999,8,0.04,A2-B0-C2-batch4-r62_rewire,0.0016503251625812,,,,,,,,,,,,,False,A2-B0-C2-batch4-r62_rewire,0.5554999999999993,59,0.6545000000000013,17,0.667499999999984,2,4.3357907483381934,10.575938906188462,9.4,97.59306295246516,3299.0,bateria_fase6_o3b_rewiring,3299,3.299,0.9565,6,13.0,-0.0558341527194247,0.00048333333333333334,0.0006127450980392157,2,1.0,1.0,1.0,1.0,0.0018187329493785996,0.0018187329493785996,0.0,0.997,1.0,0.003,2.0,1.0,0.5,1.0,2.0,0.5,0.0018109228907397606,7.0,6.746966527196652,0.5596263549028045,0.6169557999414776,True,,834e265c50d25411eb3be9c5a15ceb49198fc219dfc264756bc9616a484a2850,grafos_f800/O3B_rewiring/A2-B0-C2-batch4-r62__s577843__rewire__N2000.grafo.gz,"barajar_aristas(orig(seed=577843), seed_rewire=5258371307, x10)"
O3B_rewiring,pareado,A2-B0-C2-r14,273187.0,III,orig,2000,8.0,5.0,0.567,0.198,5.76,3296.0,3.296,0.0049666666666666,0.0059128630705394,19.0,,,,0.7893306509717354,0.099,1861.2,0.6166666666666667,8,0.037,A2-B0-C2-r14_orig,0.0016488244122061,,,,,,,,0.136,0.4735,35.0,0.094,0.0465,True,A2-B0-C2-r14_orig,0.6179999999999994,64,0.6670000000000013,9,0.6804999999999833,1,4.424445429742577,7.076347505729237,9.4,97.59305480198309,3296.0,bateria_fase6_o3b_rewiring,3296,3.296,0.963,5,17.0,0.09405962211593911,0.004966666666666667,0.005912863070539419,19,1.0,1.0,1.0,1.0,0.01729368932038835,0.01729368932038835,0.0,0.9715,1.0,0.0285,19.0,1.0,0.05263157894736842,1.0,19.0,0.05263157894736842,0.017218553196283813,6.339181286549707,6.478658008658008,0.7728999554058272,0.7893306509717354,True,,0c6fc25052dcd04b9ce39c6e385b238d8ccd217f65951236756d4b5e3bb7cd0e,grafos_f800/O3B_rewiring/A2-B0-C2-r14__s273187__orig__N2000.grafo.gz,"reconstruir_regla_a2b0c2(seed=273187, N=2000)"
O3B_rewiring,pareado,A2-B0-C2-r14,273187.0,III,rewire,2000,8.0,5.0,0.567,0.198,5.76,3296.0,3.296,0.0012,0.0009336099585062,3.0,,,,0.7716226038922163,0.1,1880.0,0.4626865671641791,9,0.04,A2-B0-C2-r14_rewire,0.0016488244122061,,,,,,,,0.136,0.4735,35.0,0.094,0.0465,True,A2-B0-C2-r14_rewire,0.6039999999999993,63,0.6705000000000014,16,0.6794999999999835,1,4.240635890413086,7.7743802882303825,9.4,97.59300454111248,3296.0,bateria_fase6_o3b_rewiring,3296,3.296,0.967,1,14.0,-0.08608687058585597,0.0012000000000000001,0.0009336099585062241,3,1.0,1.0,1.0,1.0,0.0027305825242718447,0.0027305825242718447,0.0,0.9955,1.0,0.0045,3.0,1.0,0.3333333333333333,1.0,3.0,0.3333333333333333,0.002720226856324819,8.0,6.622521124331782,0.7377337666536359,0.7716226038922163,True,,fc80423a8570151f33cc600651b3d98553739a1381e0644173f711ed2952e668,grafos_f800/O3B_rewiring/A2-B0-C2-r14__s273187__rewire__N2000.grafo.gz,"barajar_aristas(orig(seed=273187), seed_rewire=2486001707, x10)"
O3B_rewiring,pareado,A2-B0-C2-r17,273478.0,III,orig,2000,5.0,5.0,0.475,0.211,7.35,3165.0,3.165,0.0118833333333333,0.0091646476350995,29.0,,,,0.8559190857277267,0.121,2274.8,0.7971014492753623,8,0.03,A2-B0-C2-r17_orig,0.0015832916458229,,,,,,,,0.1935,0.464,41.0,0.128,0.0495,True,A2-B0-C2-r17_orig,0.5819999999999994,69,0.6615000000000013,18,0.6789999999999834,1,4.193278924879399,18.34790695991243,9.4,97.5930487398726,3165.0,bateria_fase6_o3b_rewiring,3165,3.165,0.922,9,14.0,0.05987996588084256,0.01188333333333333,0.009164647635099547,29,1.0235294117647058,1.0,2.0,2.0,0.027488151658767772,0.026856240126382307,0.023529411764705882,0.961212643678161,2.0,0.041,26.0,2.0,0.06896551724137931,1.1153846153846154,27.0,0.06896551724137931,0.02675441551926806,6.748214285714286,6.558193163320673,0.7340887838072664,0.8559190857277267,True,,5f5174b6cb43345da88c4a74bd560bc1d2011d0303033ac1f3fb9a40f1dbe4e9,grafos_f800/O3B_rewiring/A2-B0-C2-r17__s273478__orig__N2000.grafo.gz,"reconstruir_regla_a2b0c2(seed=273478, N=2000)"
O3B_rewiring,pareado,A2-B0-C2-r17,273478.0,III,rewire,2000,5.0,5.0,0.475,0.211,7.35,3165.0,3.165,0.00135,0.0012640893289792,4.0,,,,0.7930617521912765,0.1075,2021.0,0.5714285714285714,8,0.036,A2-B0-C2-r17_rewire,0.0015832916458229,,,,,,,,0.1935,0.464,41.0,0.128,0.0495,True,A2-B0-C2-r17_rewire,0.6224999999999993,75,0.6740000000000006,12,0.6854999999999832,2,4.228438114978861,11.93876251878107,9.4,97.59288300192806,3165.0,bateria_fase6_o3b_rewiring,3165,3.165,0.927,5,13.0,-0.11492432267781535,0.00135,0.0012640893289792478,4,1.0,1.0,1.0,1.0,0.0037914691943127963,0.0037914691943127963,0.0,0.994,1.0,0.006,4.0,1.0,0.25,1.0,4.0,0.25,0.0037748727816336366,6.333333333333333,6.851837315409901,0.6762853955855886,0.7930617521912765,True,,aa816a8d9e7b1e0ad6f7b8890201a1713ee08cedcba450df6d3c875f0f416ab3,grafos_f800/O3B_rewiring/A2-B0-C2-r17__s273478__rewire__N2000.grafo.gz,"barajar_aristas(orig(seed=273478), seed_rewire=2488649807, x10)"
O3B_rewiring,pareado,A2-B0-C2-r19,273672.0,III,orig,2000,5.0,7.0,0.341,0.326,4.02,3679.0,3.679,0.0010047619047619,0.0013935124254857,6.0,,,,0.6730652317833353,0.0905,1701.4,0.4126984126984126,9,0.039,A2-B0-C2-r19_orig,0.001840420210105,7.745961543236626,0.4924999999999996,65.0,0.6064999999999994,29.0,0.6199999999999858,4.420614079613081,0.1355,0.3995,43.0,0.0815,0.044,True,A2-B0-C2-r19_orig,0.4909999999999995,70,0.6045000000000003,29,0.6184999999999858,2,4.338616697177773,9.392482769134949,9.4,97.59301490061414,3679.0,bateria_fase6_o3b_rewiring,3679,3.679,0.9775,6,12.0,0.014403442650939237,0.0010047619047619048,0.001393512425485794,6,1.0,1.0,1.0,1.0,0.004892633867898886,0.004892633867898886,0.0,0.991,1.0,0.009,6.0,1.0,0.16666666666666666,1.0,6.0,0.16666666666666666,0.004863893652039916,5.133333333333333,5.894148754691233,0.7198659721923732,0.6730652317833353,True,,cfc25145eed37a443ec899793f76a13687fc8a1187c14fca69b9b186a0e3bd1d,grafos_f800/O3B_rewiring/A2-B0-C2-r19__s273672__orig__N2000.grafo.gz,"reconstruir_regla_a2b0c2(seed=273672, N=2000)"
O3B_rewiring,pareado,A2-B0-C2-r19,273672.0,III,rewire,2000,5.0,7.0,0.341,0.326,4.02,3679.0,3.679,0.0012357142857142,0.0016257644964,7.0,,,,0.77627282511484,0.091,1710.8000000000002,0.5636363636363636,8,0.036,A2-B0-C2-r19_rewire,0.001840420210105,7.745961543236626,0.4924999999999996,65.0,0.6064999999999994,29.0,0.6199999999999858,4.420614079613081,0.1355,0.3995,43.0,0.0815,0.044,True,A2-B0-C2-r19_rewire,0.5194999999999996,68,0.6099999999999999,24,0.6329999999999855,4,4.327429024063728,9.230430237041148,9.4,97.5930181017737,3679.0,bateria_fase6_o3b_rewiring,3679,3.679,0.976,7,14.0,0.02634430369741118,0.0012357142857142857,0.001625764496400093,7,1.05,1.0,2.0,1.8099999999999987,0.0057080728458820335,0.005436259853220984,0.05,0.9913095238095239,2.0,0.0095,6.0,2.0,0.2857142857142857,1.1666666666666667,6.0,0.2857142857142857,0.005404859874454758,5.142857142857143,6.186869981206219,0.7695176380239883,0.77627282511484,True,,4e1b5fe7a34e3d00805f8ebb0fbec49834bed7d21ed4b37b4af7780a12fe181c,grafos_f800/O3B_rewiring/A2-B0-C2-r19__s273672__rewire__N2000.grafo.gz,"barajar_aristas(orig(seed=273672), seed_rewire=2490415207, x10)"
O3B_rewiring,pareado,A2-B0-C2-r20,373769.0,III,orig,2000,5.0,6.0,0.302,0.292,4.7,3706.0,3.706,0.0023166666666666,0.002894588727185,12.0,,,,0.7081758225701758,0.086,1616.7999999999995,0.5000000000000001,8,0.041,A2-B0-C2-r20_orig,0.0018539269634817,,,,,,,,,,,,,False,A2-B0-C2-r20_orig,0.4799999999999996,65,0.5904999999999997,30,0.6149999999999883,2,4.443371030995468,8.216658920621663,9.4,97.5930189215696,3706.0,bateria_fase6_o3b_rewiring,3706,3.706,0.984,1,14.0,0.03798479011721738,0.0023166666666666665,0.0028945887271850123,12,1.0285714285714285,1.0,2.0,1.6599999999999966,0.009713977334052886,0.009444144630329197,0.02857142857142857,0.98475,2.0,0.0165,10.0,2.0,0.16666666666666666,1.2,11.0,0.16666666666666666,0.009392759193024017,5.681818181818181,5.966954753431621,0.7745872074489132,0.7081758225701758,True,,a56dc75e4343919f70d3a226aae119a3efd3685ab81db246f6a3f2b07174a6e7,grafos_f800/O3B_rewiring/A2-B0-C2-r20__s373769__orig__N2000.grafo.gz,"reconstruir_regla_a2b0c2(seed=373769, N=2000)"
O3B_rewiring,pareado,A2-B0-C2-r20,373769.0,III,rewire,2000,5.0,6.0,0.302,0.292,4.7,3706.0,3.706,0.00075,0.0007236471817962,3.0,,,,0.5957272392160541,0.0885,1663.8,0.4795321637426892,8,0.034,A2-B0-C2-r20_rewire,0.0018539269634817,,,,,,,,,,,,,False,A2-B0-C2-r20_rewire,0.5319999999999996,76,0.6115000000000004,29,0.6219999999999858,2,4.550489704493058,7.590075810269774,9.4,97.59299375268978,3706.0,bateria_fase6_o3b_rewiring,3706,3.706,0.9795,5,11.0,0.016742516221473658,0.00075,0.0007236471817962531,3,1.0,1.0,1.0,1.0,0.0024284943335132216,0.0024284943335132216,0.0,0.9955,1.0,0.0045,3.0,1.0,0.3333333333333333,1.0,3.0,0.3333333333333333,0.0024187014304773782,5.333333333333333,5.905983997276132,0.6045589218528358,0.5957272392160541,True,,9417205a6b0247c81859eedb8d64bbb6d412e0fe37cae555dfcc534550bba728,grafos_f800/O3B_rewiring/A2-B0-C2-r20__s373769__rewire__N2000.grafo.gz,"barajar_aristas(orig(seed=373769), seed_rewire=3401297907, x10)"
O3B_rewiring,pareado,A2-B0-C2-r28,374545.0,III,orig,2000,6.0,6.0,0.47,0.23,7.76,3947.0,3.947,0.0105166666666666,0.0076262452765372,37.0,,,,0.6864755601172486,0.0895,1682.6,0.4285714285714286,8,0.04,A2-B0-C2-r28_orig,0.0019744872436218,,,,,,,,,,,,,False,A2-B0-C2-r28_orig,0.4134999999999997,69,0.5594999999999996,41,0.5759999999999874,1,4.519436426981823,10.80574600459123,9.4,97.59301982666548,3947.0,bateria_fase6_o3b_rewiring,3947,3.947,0.9735,3,13.0,0.07231552738909473,0.010516666666666665,0.0076262452765372725,37,1.009090909090909,1.0,2.0,1.0,0.028122624778312642,0.027869267798327844,0.00909090909090909,0.9492747747747747,2.0,0.053,33.0,3.0,0.08108108108108109,1.121212121212121,36.0,0.05405405405405406,0.027742781877613365,5.708333333333333,6.142086330935252,0.7055880853285688,0.6864755601172486,True,,6a81293d68bcdece407f5c4a7a6d27d68b22f11874bda9a79cddcb7eb5a1fc76,grafos_f800/O3B_rewiring/A2-B0-C2-r28__s374545__orig__N2000.grafo.gz,"reconstruir_regla_a2b0c2(seed=374545, N=2000)"
O3B_rewiring,pareado,A2-B0-C2-r28,374545.0,III,rewire,2000,6.0,6.0,0.47,0.23,7.76,3947.0,3.947,0.0017833333333333,0.0020611473720371,10.0,,,,0.5587917632620671,0.083,1560.4,0.4000000000000001,8,0.037,A2-B0-C2-r28_rewire,0.0019744872436218,,,,,,,,,,,,,False,A2-B0-C2-r28_rewire,0.3934999999999996,61,0.5209999999999995,39,0.5589999999999882,2,4.440263091878674,10.47363017532128,9.4,97.59300425418851,3947.0,bateria_fase6_o3b_rewiring,3947,3.947,0.9755,1,10.0,-0.13621174686023618,0.0017833333333333334,0.0020611473720371005,10,1.0,1.0,1.0,1.0,0.007600709399543958,0.007600709399543958,0.0,0.985,1.0,0.015,10.0,1.0,0.1,1.0,10.0,0.1,0.0075610722231718745,5.488888888888889,5.788846153846154,0.5188170710742069,0.5587917632620671,True,,c2b6fa59fdfe9c053383f82df4560bd58243e66b216884abe971d1b76601483b,grafos_f800/O3B_rewiring/A2-B0-C2-r28__s374545__rewire__N2000.grafo.gz,"barajar_aristas(orig(seed=374545), seed_rewire=3408359507, x10)"
O3B_rewiring,pareado,A2-B0-C2-r39,375612.0,III,orig,2000,5.0,6.0,0.526,0.152,5.7,4083.0,4.083,0.0032333333333333,0.0039664176637799,20.0,,,,0.7408037939170649,0.0785,1475.8000000000002,0.4722222222222217,8,0.045,A2-B0-C2-r39_orig,0.0020425212606303,7.745961543236626,0.3954999999999997,64.0,0.5304999999999996,41.0,0.5634999999999983,4.576282896001966,0.0935,0.313,27.0,0.069,0.042,True,A2-B0-C2-r39_orig,0.3954999999999997,64,0.5304999999999996,41,0.5634999999999983,6,4.576282896001966,8.341468000805753,9.4,97.5929717369062,4083.0,bateria_fase6_o3b_rewiring,4083,4.083,0.983,3,15.0,0.09231888610434247,0.0032333333333333333,0.003966417663779996,20,1.0,1.0,1.0,1.0,0.014695077149155033,0.014695077149155033,0.0,0.9719333333333333,2.0,0.029,18.0,2.0,0.1,1.1111111111111112,20.0,0.05,0.014615552295981332,5.157894736842105,5.838422391857507,0.7271595357141946,0.7408037939170649,True,,6b73fc02f4e6f5a1661503ea7fc8bb17a6ee9475142da14406cdc21dc19fee2a,grafos_f800/O3B_rewiring/A2-B0-C2-r39__s375612__orig__N2000.grafo.gz,"reconstruir_regla_a2b0c2(seed=375612, N=2000)"
O3B_rewiring,pareado,A2-B0-C2-r39,375612.0,III,rewire,2000,5.0,6.0,0.526,0.152,5.7,4083.0,4.083,0.0015999999999999,0.0017848879487009,9.0,,,,0.5289574198292217,0.076,1428.8,0.4199999999999999,8,0.05,A2-B0-C2-r39_rewire,0.0020425212606303,7.745961543236626,0.3954999999999997,64.0,0.5304999999999996,41.0,0.5634999999999983,4.576282896001966,0.0935,0.313,27.0,0.069,0.042,True,A2-B0-C2-r39_rewire,0.4334999999999997,76,0.5394999999999994,39,0.5694999999999878,2,4.531033775976851,6.349205042261898,9.4,97.59295205454576,4083.0,bateria_fase6_o3b_rewiring,4083,4.083,0.984,2,11.0,-0.019851726978328484,0.0015999999999999999,0.0017848879487009982,9,1.0,1.0,1.0,1.0,0.006612784717119765,0.006612784717119765,0.0,0.9865,1.0,0.0135,9.0,1.0,0.1111111111111111,1.0,9.0,0.1111111111111111,0.006580317942252509,5.555555555555555,5.707029625179091,0.5368871969626542,0.5289574198292217,True,,b9b48643048860e25697e390d1a919b89a65b385e52cb0edffee630bc348e178,grafos_f800/O3B_rewiring/A2-B0-C2-r39__s375612__rewire__N2000.grafo.gz,"barajar_aristas(orig(seed=375612), seed_rewire=3418069207, x10)"
O3C_factorial,pareado,A2-B0-C2-mec-r0,90212.0,III,c1-rigido-soporte,2000,4.0,5.0,0.404,0.234,7.64,3467.0,3.467,,,,0.668639905661768,0.8765,15.0,1.0869458832005492,0.1279999999999999,2406.4,0.8959276018099546,8,0.027,A2-B0-C2-mec-r0__c1-rigido-soporte,0.0017343671835917,,,,,,,,,,,,,False,A2-B0-C2-mec-r0__c1-rigido-soporte,0.4919999999999994,58,0.6155000000000002,37,0.6294999999999854,1,4.185091911574621,34.46573239849957,9.4,97.5930101278046,3467.0,bateria_fase6_o3c_mecanistico,3467,3.467,0.8765,5,15.0,0.016054851755444882,0.012792857142857144,0.006586169045005488,30,1.0,1.0,1.0,1.0,0.025959042399769254,0.025959042399769254,0.0,0.955,1.0,0.045,30.0,1.0,0.03333333333333333,1.0,30.0,0.03333333333333333,0.02582944685351332,5.667293233082708,5.696295143212951,1.0869458832005492,1.0666959676221468,True,,1527b572381fa1c0e0bfc0fc518de8339cc8e933381e9e8a8c68a1357e0d18bf,grafos_f800/O3C_factorial/A2-B0-C2-mec-r0__s90212__c1-rigido-soporte__N2000.grafo.gz,"O3C._grafo_final_de_condicion(c1-rigido-soporte, seed=90212, N=2000)"
O3C_factorial,pareado,A2-B0-C2-mec-r0,90212.0,I,c2-rigido-azar,2000,4.0,5.0,0.404,0.234,7.64,4379.0,4.379,,,,0.5557073705492787,0.992,10.0,0.4921610521055107,0.066,1240.8000000000002,0.358974358974359,8,0.051,A2-B0-C2-mec-r0__c2-rigido-azar,0.0021905952976488,,,,,,,,,,,,,False,A2-B0-C2-mec-r0__c2-rigido-azar,0.3594999999999997,64,0.4964999999999995,44,0.5299999999999893,1,4.572175119491731,6.253050402874672,9.4,97.593043446926,4379.0,bateria_fase6_o3c_mecanistico,4379,4.379,0.992,1,10.0,-0.0014025685916888159,0.0008353174603174604,0.0008265373594886489,5,1.0,1.0,1.0,1.0,0.003425439598081754,0.003425439598081754,0.0,0.9925,1.0,0.0075,5.0,1.0,0.2,1.0,5.0,0.2,0.00340798255453364,5.5,5.315641284249453,0.49216105210551075,0.4813363174766758,True,,a18df18f732aeb01978c9eec6a6e003aa64dbb6a1b8c5bd69cc5112e0a7e8e38,grafos_f800/O3C_factorial/A2-B0-C2-mec-r0__s90212__c2-rigido-azar__N2000.grafo.gz,"O3C._grafo_final_de_condicion(c2-rigido-azar, seed=90212, N=2000)"
O3C_factorial,pareado,A2-B0-C2-mec-r0,90212.0,I,c3-elastico-soporte,2000,4.0,5.0,0.404,0.234,7.64,4312.0,4.312,,,,0.6626042756857321,0.9885,11.0,0.6559956128063361,0.073,1372.4,0.511111111111111,8,0.045,A2-B0-C2-mec-r0__c3-elastico-soporte,0.0021570785392696,,,,,,,,,,,,,False,A2-B0-C2-mec-r0__c3-elastico-soporte,0.3754999999999998,64,0.5099999999999993,37,0.5549999999999935,7,4.670200271283878,7.033246861645638,9.4,97.59304570926606,4312.0,bateria_fase6_o3c_mecanistico,4312,4.312,0.9885,2,11.0,0.041829564455377395,0.0017722222222222223,0.0016493485073396008,10,1.0,1.0,1.0,1.0,0.006957328385899814,0.006957328385899814,0.0,0.985,1.0,0.015,10.0,1.0,0.1,1.0,10.0,0.1,0.006910026512713366,4.688888888888889,5.2687246963562755,0.655995612806335,0.5294818663851969,True,,72531e4ed96e0a3f3c43b6d07ef1c04a4fa0948113eeb4d52fe0b426b629c7ea,grafos_f800/O3C_factorial/A2-B0-C2-mec-r0__s90212__c3-elastico-soporte__N2000.grafo.gz,"O3C._grafo_final_de_condicion(c3-elastico-soporte, seed=90212, N=2000)"
O3C_factorial,pareado,A2-B0-C2-mec-r0,90212.0,I,c4-elastico-azar,2000,4.0,5.0,0.404,0.234,7.64,3890.0,3.89,,,,0.4779067528937684,0.982,12.0,0.6714943927447302,0.083,1560.4,0.4437869822485206,8,0.046,A2-B0-C2-mec-r0__c4-elastico-azar,0.0019459729864932,,,,,,,,,,,,,False,A2-B0-C2-mec-r0__c4-elastico-azar,0.4944999999999995,74,0.5829999999999995,34,0.6039999999999865,3,4.418016240599132,7.772197593632709,9.4,97.59297944972283,3890.0,bateria_fase6_o3c_mecanistico,3890,3.89,0.982,1,12.0,-0.017919035060924047,0.0010166666666666666,0.0014343282562666484,7,1.0,1.0,1.0,1.0,0.005398457583547558,0.005398457583547558,0.0,0.9895,1.0,0.0105,7.0,1.0,0.14285714285714285,1.0,7.0,0.14285714285714285,0.005359335452448768,4.761904761904761,5.739641704873493,0.6714943927447296,0.6356631862489227,True,,4e0835b0ad6a2dc1df5e707ddad066c11e83ca71cb609ee58627b78108db4064,grafos_f800/O3C_factorial/A2-B0-C2-mec-r0__s90212__c4-elastico-azar__N2000.grafo.gz,"O3C._grafo_final_de_condicion(c4-elastico-azar, seed=90212, N=2000)"
O3C_factorial,pareado,A2-B0-C2-mec-r1,90309.0,I,c1-rigido-soporte,2000,7.0,7.0,0.688,0.281,5.78,5624.0,5.624,,,,0.6557809009772856,0.9955,9.0,0.4577901290115929,0.055,1034.0,0.3448275862068966,8,0.064,A2-B0-C2-mec-r1__c1-rigido-soporte,0.0028134067033516,,,,,,,,,,,,,False,A2-B0-C2-mec-r1__c1-rigido-soporte,0.1369999999999999,25,0.2544999999999999,51,0.3599999999999996,25,5.139924362792965,9.10158951532721,9.4,97.59289216587844,5624.0,bateria_fase6_o3c_mecanistico,5624,5.624,0.9955,1,9.0,-0.01191892106754763,0.0014898629148629148,0.0015904696563338115,17,1.02,1.0,2.0,1.509999999999998,0.00906827880512091,0.008890469416785207,0.02,0.9773235294117647,2.0,0.024,15.0,2.0,0.11764705882352941,1.1333333333333333,16.0,0.11764705882352941,0.008819704505077812,4.1911764705882355,4.536180904522613,0.4577901290115929,0.4588207031420672,True,,2470437b87d947099dc81e309ca9c9eedb4bb5d7badbd75894365a188b1cd67b,grafos_f800/O3C_factorial/A2-B0-C2-mec-r1__s90309__c1-rigido-soporte__N2000.grafo.gz,"O3C._grafo_final_de_condicion(c1-rigido-soporte, seed=90309, N=2000)"
O3C_factorial,pareado,A2-B0-C2-mec-r1,90309.0,II,c2-rigido-azar,2000,7.0,7.0,0.688,0.281,5.78,5633.0,5.633,,,,0.8319979503843701,0.9955,9.0,0.4128759116097801,0.0535,1005.8,0.4615384615384614,8,0.071,A2-B0-C2-mec-r1__c2-rigido-azar,0.0028179089544772,,,,,,,,,,,,,False,A2-B0-C2-mec-r1__c2-rigido-azar,0.1249999999999999,23,0.2609999999999999,46,0.3629999999999997,23,5.527848073433633,9.271187454832017,9.4,97.59299750786263,5633.0,bateria_fase6_o3c_mecanistico,5633,5.633,0.9955,1,9.0,-0.013406959165972442,0.0017046786546786547,0.0014916096954630206,16,1.0212765957446808,1.0,2.0,1.5399999999999991,0.008521214273033907,0.008343688975679034,0.02127659574468085,0.9797291666666667,3.0,0.022,13.0,3.0,0.1875,1.2307692307692308,15.0,0.125,0.008278050627895283,4.1499999999999995,4.5703517587939695,0.41287591160978043,0.39612177839520724,True,,b5b2e877f188f5c2593c64b3185ef62a22b71101064579bbbecaf7185016f634,grafos_f800/O3C_factorial/A2-B0-C2-mec-r1__s90309__c2-rigido-azar__N2000.grafo.gz,"O3C._grafo_final_de_condicion(c2-rigido-azar, seed=90309, N=2000)"
O3C_factorial,pareado,A2-B0-C2-mec-r1,90309.0,I,c3-elastico-soporte,2000,7.0,7.0,0.688,0.281,5.78,5504.0,5.504,,,,0.8504094824819189,0.9825,9.0,0.4703912117899664,0.0645,1212.6,0.3185840707964602,8,0.049,A2-B0-C2-mec-r1__c3-elastico-soporte,0.0027533766883441,,,,,,,,,,,,,False,A2-B0-C2-mec-r1__c3-elastico-soporte,0.1389999999999999,24,0.2514999999999999,45,0.3619999999999997,39,4.924330659613847,9.842801759520254,9.4,97.59295437274577,5504.0,bateria_fase6_o3c_mecanistico,5504,5.504,0.9825,2,9.0,-0.019081189508731354,0.0018515873015873016,0.0014448547118317548,15,1.0227272727272727,1.0,2.0,1.5700000000000003,0.008175872093023256,0.007994186046511628,0.022727272727272728,0.9803,2.0,0.021,13.0,2.0,0.13333333333333333,1.1538461538461537,14.0,0.13333333333333333,0.007939158677410086,4.333333333333333,4.676510522742702,0.4703912117899666,0.45521365823359017,True,,463719db2724b3a25bffe0caa66d7fd56884b66acb3e41c8e88347430a793b73,grafos_f800/O3C_factorial/A2-B0-C2-mec-r1__s90309__c3-elastico-soporte__N2000.grafo.gz,"O3C._grafo_final_de_condicion(c3-elastico-soporte, seed=90309, N=2000)"
O3C_factorial,pareado,A2-B0-C2-mec-r1,90309.0,I,c4-elastico-azar,2000,7.0,7.0,0.688,0.281,5.78,5494.0,5.494,,,,1.0221339083391423,0.985,8.0,0.523454498964963,0.0575,1081.0,0.4827586206896551,8,0.057,A2-B0-C2-mec-r1__c4-elastico-azar,0.0027483741870935,,,,,,,,,,,,,False,A2-B0-C2-mec-r1__c4-elastico-azar,0.122,20,0.2804999999999998,45,0.3744999999999995,24,5.057192325286027,8.126727686658025,9.4,97.59298262519046,5494.0,bateria_fase6_o3c_mecanistico,5494,5.494,0.985,1,8.0,-0.016484080956071828,0.0008845598845598846,0.0008714456314753251,9,1.0,1.0,1.0,1.0,0.004914452129595923,0.004914452129595923,0.0,0.9865,1.0,0.0135,9.0,1.0,0.1111111111111111,1.0,9.0,0.1111111111111111,0.004878804146668789,4.472222222222222,4.562171999322836,0.5234544989649622,0.3552416560707553,True,,f0e121ad712d622c3b9acc2f18a624a6ca5ef5d0305bfe7c20b8daa52fcf3d77,grafos_f800/O3C_factorial/A2-B0-C2-mec-r1__s90309__c4-elastico-azar__N2000.grafo.gz,"O3C._grafo_final_de_condicion(c4-elastico-azar, seed=90309, N=2000)"
O3C_factorial,pareado,A2-B0-C2-mec-r10,91182.0,I,c2-rigido-azar,2000,5.0,7.0,0.441,0.133,6.34,6060.0,6.06,,,,0.4083657607448723,0.9975,7.0,0.3146300367558553,0.045,845.9999999999999,0.4999999999999999,8,0.077,A2-B0-C2-mec-r10__c2-rigido-azar,0.0030315157578789,,,,,,,,,,,,,False,A2-B0-C2-mec-r10__c2-rigido-azar,0.0859999999999999,16,0.1749999999999999,35,0.3114999999999998,37,6.398449290440951,5.638926100336604,9.4,97.59296707350668,6060.0,bateria_fase6_o3c_mecanistico,6060,6.06,0.9975,1,7.0,-0.0128963926920292,0.0019500610500610503,0.0022037218413320275,27,1.0125,1.0,2.0,1.2099999999999937,0.013366336633663366,0.013201320132013201,0.0125,0.9623888888888888,2.0,0.039,25.0,2.0,0.07407407407407407,1.08,26.0,0.07407407407407407,0.013082547734971516,4.105769230769231,4.4533600802407225,0.3146300367558556,0.31716147785740273,True,,58c7aa5ae924a77db86079124c7e2d7656109c1ac0f8876aa55e8c64ffc5ad39,grafos_f800/O3C_factorial/A2-B0-C2-mec-r10__s91182__c2-rigido-azar__N2000.grafo.gz,"O3C._grafo_final_de_condicion(c2-rigido-azar, seed=91182, N=2000)"
O3C_factorial,pareado,A2-B0-C2-mec-r10,91182.0,II,c3-elastico-soporte,2000,5.0,7.0,0.441,0.133,6.34,5787.0,5.787,,,,0.4529759032775614,0.9955,8.0,0.3973398078262382,0.058,1090.4,0.3870967741935485,8,0.073,A2-B0-C2-mec-r10__c3-elastico-soporte,0.0028949474737368,,,,,,,,,,,,,False,A2-B0-C2-mec-r10__c3-elastico-soporte,0.1204999999999999,20,0.2204999999999999,38,0.3434999999999997,37,5.303263129678308,9.368766730002791,9.4,97.59304029889012,5787.0,bateria_fase6_o3c_mecanistico,5787,5.787,0.9955,2,8.0,-0.0028813337503952076,0.0018543179043179045,0.0019447227296835407,22,1.0,1.0,1.0,1.0,0.011404872991187144,0.011404872991187144,0.0,0.9679848484848484,2.0,0.0325,21.0,2.0,0.09090909090909091,1.0476190476190477,22.0,0.045454545454545456,0.011311208939171116,4.235714285714285,4.593592964824121,0.397339807826239,0.3508897072347858,True,,c88d67575d7298641e46327250de5b140c2a5b394e0822d438123c1a857c5346,grafos_f800/O3C_factorial/A2-B0-C2-mec-r10__s91182__c3-elastico-soporte__N2000.grafo.gz,"O3C._grafo_final_de_condicion(c3-elastico-soporte, seed=91182, N=2000)"
O3C_factorial,pareado,A2-B0-C2-mec-r10,91182.0,I,c4-elastico-azar,2000,5.0,7.0,0.441,0.133,6.34,5774.0,5.774,,,,0.4614758280468142,0.9955,8.0,0.3478241677063873,0.0565,1062.2,0.3999999999999999,8,0.062,A2-B0-C2-mec-r10__c4-elastico-azar,0.002888444222111,,,,,,,,,,,,,False,A2-B0-C2-mec-r10__c4-elastico-azar,0.1199999999999999,21,0.2229999999999999,40,0.3559999999999996,25,5.4695562902647525,8.054431516857598,9.4,97.59303279318468,5774.0,bateria_fase6_o3c_mecanistico,5774,5.774,0.9955,1,8.0,-0.004416248512957477,0.002238866688866689,0.0021316911416390336,24,1.0140845070422535,1.0,2.0,1.2999999999999972,0.012469691721510218,0.012296501558711466,0.014084507042253521,0.9677777777777777,2.0,0.034,21.0,2.0,0.08333333333333333,1.1428571428571428,23.0,0.08333333333333333,0.012192921903414478,4.226086956521739,4.573199329983249,0.34782416770638774,0.36992798444336916,True,,ec155af381a41214015c2e15d4e9a6b209776a4899646429c21f78f835e89618,grafos_f800/O3C_factorial/A2-B0-C2-mec-r10__s91182__c4-elastico-azar__N2000.grafo.gz,"O3C._grafo_final_de_condicion(c4-elastico-azar, seed=91182, N=2000)"
O3C_factorial,pareado,A2-B0-C2-mec-r11,91279.0,I,c1-rigido-soporte,2000,8.0,6.0,0.561,0.315,6.93,4880.0,4.88,,,,0.6524527358954699,0.972,11.0,0.6402847968113898,0.073,1372.4,0.3913043478260869,8,0.04,A2-B0-C2-mec-r11__c1-rigido-soporte,0.0024412206103051,,,,,,,,,,,,,False,A2-B0-C2-mec-r11__c1-rigido-soporte,0.2754999999999998,49,0.4109999999999996,50,0.4695000000000001,18,4.602439555803624,19.76381801746536,9.4,97.59294135326934,4880.0,bateria_fase6_o3c_mecanistico,4880,4.88,0.972,3,11.0,-0.019679482861619153,0.00551978021978022,0.003568454859046033,30,1.0,1.0,1.0,1.0,0.018442622950819672,0.018442622950819672,0.0,0.9569555555555556,2.0,0.044,28.0,2.0,0.06666666666666667,1.0714285714285714,30.0,0.03333333333333333,0.01829930630206934,4.575862068965517,5.043661005318237,0.6402847968113904,0.5759866772966985,True,,8c643ae1bf386a634f6a67459c2f83927cb0f2e4a72789b254025611c1a41d5b,grafos_f800/O3C_factorial/A2-B0-C2-mec-r11__s91279__c1-rigido-soporte__N2000.grafo.gz,"O3C._grafo_final_de_condicion(c1-rigido-soporte, seed=91279, N=2000)"
O3C_factorial,pareado,A2-B0-C2-mec-r11,91279.0,I,c2-rigido-azar,2000,8.0,6.0,0.561,0.315,6.93,5252.0,5.252,,,,0.6286196901229446,0.997,10.0,0.5247366145400243,0.0565,1062.2,0.6538461538461539,8,0.053,A2-B0-C2-mec-r11__c2-rigido-azar,0.0026273136568284,,,,,,,,,,,,,False,A2-B0-C2-mec-r11__c2-rigido-azar,0.1959999999999999,40,0.3344999999999998,51,0.4109999999999996,25,5.343732133145567,12.086861075329509,9.4,97.59304753853364,5252.0,bateria_fase6_o3c_mecanistico,5273,5.273,0.997,1,10.0,0.002061471336191047,0.0014435425685425684,0.0017260599086626632,16,1.0212765957446808,1.0,2.0,1.5399999999999991,0.009102977432201783,0.008913332069030912,0.02127659574468085,0.9779166666666667,2.0,0.023,15.0,2.0,0.125,1.0666666666666667,15.0,0.125,0.00884393689963243,4.241666666666667,4.823883592574009,0.4910362821890025,0.445345017125172,True,,3adf9ab2dc153cc110d67ddb064b429ea943848fbcb6740ba5d47a58f6c2e6c3,grafos_f800/O3C_factorial/A2-B0-C2-mec-r11__s91279__c2-rigido-azar__N2000.grafo.gz,"O3C._grafo_final_de_condicion(c2-rigido-azar, seed=91279, N=2000)"
O3C_factorial,pareado,A2-B0-C2-mec-r11,91279.0,II,c3-elastico-soporte,2000,8.0,6.0,0.561,0.315,6.93,5044.0,5.044,,,,0.9406984213057126,0.9945,9.0,0.4010424490940254,0.0585,1099.8,0.4166666666666654,8,0.047,A2-B0-C2-mec-r11__c3-elastico-soporte,0.0025232616308154,,,,,,,,,,,,,False,A2-B0-C2-mec-r11__c3-elastico-soporte,0.2169999999999999,43,0.3679999999999997,49,0.4445000000000009,18,5.441006406579102,11.013589649311117,9.4,97.5930387312199,5044.0,bateria_fase6_o3c_mecanistico,5044,5.044,0.9945,1,9.0,0.019138453999385914,0.0018499528249528248,0.002198819581067006,19,1.0363636363636364,1.0,2.0,2.0,0.011300555114988104,0.010904044409199048,0.03636363636363636,0.9768684210526316,2.0,0.0255,15.0,2.0,0.10526315789473684,1.2666666666666666,17.0,0.10526315789473684,0.010809309087170095,4.052631578947368,4.78885814889336,0.40091204522752766,0.4188555517348972,True,,b9bee0c98d08e89d5b7a94c89d39b760b2ef8d5e8a0f2c60c7b4480abb57332c,grafos_f800/O3C_factorial/A2-B0-C2-mec-r11__s91279__c3-elastico-soporte__N2000.grafo.gz,"O3C._grafo_final_de_condicion(c3-elastico-soporte, seed=91279, N=2000)"
O3C_factorial,pareado,A2-B0-C2-mec-r11,91279.0,II,c4-elastico-azar,2000,8.0,6.0,0.561,0.315,6.93,4782.0,4.782,,,,0.7232395656775649,0.9935,9.0,0.4450838536573883,0.066,1240.8000000000002,0.3902439024390244,8,0.043,A2-B0-C2-mec-r11__c4-elastico-azar,0.002392196098049,,,,,,,,,,,,,False,A2-B0-C2-mec-r11__c4-elastico-azar,0.2549999999999998,40,0.4099999999999995,46,0.4770000000000007,14,4.7832656913341225,14.577896947168671,9.4,97.59299004212824,4782.0,bateria_fase6_o3c_mecanistico,4782,4.782,0.9935,1,9.0,-0.00026586918568275965,0.002002669552669553,0.002058319039451115,16,1.0,1.0,1.0,1.0,0.010037641154328732,0.010037641154328732,0.0,0.976,1.0,0.024,16.0,1.0,0.0625,1.0,16.0,0.0625,0.009959473531109007,4.5,4.973061430010071,0.4450838536573882,0.4087263391366353,True,,b2080f0a1ab7d1daf644e266810ff35354bd58b0d3bc954160e949110e1942e7,grafos_f800/O3C_factorial/A2-B0-C2-mec-r11__s91279__c4-elastico-azar__N2000.grafo.gz,"O3C._grafo_final_de_condicion(c4-elastico-azar, seed=91279, N=2000)"
O3C_factorial,pareado,A2-B0-C2-mec-r2,90406.0,III,c1-rigido-soporte,2000,7.0,5.0,0.508,0.259,7.01,3578.0,3.578,,,,0.938778923788306,0.9065,13.0,0.8695325763946667,0.12,2256.0,0.8030303030303029,8,0.034,A2-B0-C2-mec-r2__c1-rigido-soporte,0.0017898949474737,,,,,,,,,,,,,False,A2-B0-C2-mec-r2__c1-rigido-soporte,0.4889999999999995,66,0.6065000000000004,25,0.6299999999999955,4,4.257963300145515,27.893875873362983,9.4,97.59291891680247,3578.0,bateria_fase6_o3c_mecanistico,3578,3.578,0.9065,10,13.0,0.047641261055108165,0.012230555555555554,0.007288317256162915,34,1.00990099009901,1.0,2.0,1.0,0.02850754611514813,0.028228060368921185,0.009900990099009901,0.9519117647058823,2.0,0.0495,32.0,2.0,0.058823529411764705,1.0625,33.0,0.058823529411764705,0.028078143371032406,6.041118421052632,5.581978727674092,0.8695325763946679,0.8393761150465809,True,,372d98fd032fb24707c62ca9ee3bf680002b2142c528a7c096e4da7e23fcd359,grafos_f800/O3C_factorial/A2-B0-C2-mec-r2__s90406__c1-rigido-soporte__N2000.grafo.gz,"O3C._grafo_final_de_condicion(c1-rigido-soporte, seed=90406, N=2000)"
O3C_factorial,pareado,A2-B0-C2-mec-r2,90406.0,I,c2-rigido-azar,2000,7.0,5.0,0.508,0.259,7.01,4275.0,4.275,,,,0.9437464389117008,0.9915,11.0,0.5152258511416159,0.0685,1287.8,0.4878048780487805,8,0.056,A2-B0-C2-mec-r2__c2-rigido-azar,0.0021385692846423,,,,,,,,,,,,,False,A2-B0-C2-mec-r2__c2-rigido-azar,0.3694999999999998,58,0.5029999999999994,42,0.548499999999992,5,4.630169163963359,8.07891825611063,9.4,97.59303318593332,4275.0,bateria_fase6_o3c_mecanistico,4267,4.267,0.9915,1,10.0,0.005245532475909454,0.002192821067821068,0.0013899345572479297,8,1.0,1.0,1.0,1.0,0.005624560581204594,0.005624560581204594,0.0,0.988,1.0,0.012,8.0,1.0,0.125,1.0,8.0,0.125,0.005594943321875101,5.785714285714286,5.43579717457114,0.495041604341514,0.47839075566812345,True,,3cffbb3e2e946ce513dd01808b35985a70e7c756b2217f8bf307764610fd5cc5,grafos_f800/O3C_factorial/A2-B0-C2-mec-r2__s90406__c2-rigido-azar__N2000.grafo.gz,"O3C._grafo_final_de_condicion(c2-rigido-azar, seed=90406, N=2000)"
O3C_factorial,pareado,A2-B0-C2-mec-r2,90406.0,I,c3-elastico-soporte,2000,7.0,5.0,0.508,0.259,7.01,4265.0,4.265,,,,0.8260325737326139,0.992,11.0,0.5249006185976529,0.069,1297.2,0.4146341463414634,8,0.051,A2-B0-C2-mec-r2__c3-elastico-soporte,0.0021335667833916,,,,,,,,,,,,,False,A2-B0-C2-mec-r2__c3-elastico-soporte,0.3504999999999998,60,0.4999999999999995,36,0.5419999999999898,4,4.846858618646656,6.667527653003116,9.4,97.59297186140503,4265.0,bateria_fase6_o3c_mecanistico,4265,4.265,0.992,1,11.0,-0.00014860800981793116,0.0026667027417027417,0.0027477245406148034,16,1.0,1.0,1.0,1.0,0.011254396248534583,0.011254396248534583,0.0,0.976,1.0,0.024,16.0,1.0,0.0625,1.0,16.0,0.0625,0.011185183250894366,4.950000000000001,5.518322407127248,0.5249006185976529,0.5251108014300243,True,,28f9eeca044e98e615f1f665e6bc0e8ac02eddd2a12efd1feb036a143e66c51a,grafos_f800/O3C_factorial/A2-B0-C2-mec-r2__s90406__c3-elastico-soporte__N2000.grafo.gz,"O3C._grafo_final_de_condicion(c3-elastico-soporte, seed=90406, N=2000)"
O3C_factorial,pareado,A2-B0-C2-mec-r2,90406.0,I,c4-elastico-azar,2000,7.0,5.0,0.508,0.259,7.01,3867.0,3.867,,,,0.6844715358388095,0.9785,11.0,0.5709521805609474,0.0845,1588.6,0.4210526315789474,8,0.041,A2-B0-C2-mec-r2__c4-elastico-azar,0.0019344672336168,,,,,,,,,,,,,False,A2-B0-C2-mec-r2__c4-elastico-azar,0.4499999999999996,73,0.5779999999999995,30,0.6014999999999866,2,4.490443483486308,7.337377711735372,9.4,97.59304645178352,3867.0,bateria_fase6_o3c_mecanistico,3867,3.867,0.9785,4,11.0,0.020283949926421792,0.0012805555555555554,0.0014688396167028047,7,1.0,1.0,1.0,1.0,0.005430566330488751,0.005430566330488751,0.0,0.9895,1.0,0.0105,7.0,1.0,0.14285714285714285,1.0,7.0,0.14285714285714285,0.005399704380638115,4.666666666666667,5.602621305075292,0.5708451955637298,0.5866313701336242,True,,68c113685213ff0be44b46b54f5d087d7f24aabf8ffeb74da85c068881665801,grafos_f800/O3C_factorial/A2-B0-C2-mec-r2__s90406__c4-elastico-azar__N2000.grafo.gz,"O3C._grafo_final_de_condicion(c4-elastico-azar, seed=90406, N=2000)"
O3C_factorial,pareado,A2-B0-C2-mec-r3,90503.0,II,c1-rigido-soporte,2000,5.0,5.0,0.66,0.313,5.34,4850.0,4.85,,,,0.7547121779961687,0.9945,9.0,0.4329580681962777,0.061,1146.8,0.3240740740740737,8,0.048,A2-B0-C2-mec-r3__c1-rigido-soporte,0.0024262131065532,,,,,,,,,,,,,False,A2-B0-C2-mec-r3__c1-rigido-soporte,0.2339999999999998,42,0.3809999999999997,55,0.4590000000000004,10,4.796124655322771,10.538250530671442,9.4,97.59299611458772,4850.0,bateria_fase6_o3c_mecanistico,4850,4.85,0.9945,1,9.0,-0.009313085801172577,0.0018616050616050614,0.0023690444853908922,18,1.0188679245283019,1.0,2.0,1.4799999999999969,0.0111340206185567,0.010927835051546392,0.018867924528301886,0.9758333333333333,2.0,0.0255,16.0,2.0,0.1111111111111111,1.125,17.0,0.1111111111111111,0.010847188861728129,4.581699346405229,4.9274396378269625,0.4329580681962777,0.4316980650476844,True,,7c95a046c797e5f30f47293134e5d55e39ddfd4791df0ce595c2c185b916dd74,grafos_f800/O3C_factorial/A2-B0-C2-mec-r3__s90503__c1-rigido-soporte__N2000.grafo.gz,"O3C._grafo_final_de_condicion(c1-rigido-soporte, seed=90503, N=2000)"
O3C_factorial,pareado,A2-B0-C2-mec-r3,90503.0,I,c2-rigido-azar,2000,5.0,5.0,0.66,0.313,5.34,4880.0,4.88,,,,1.026012281782906,0.995,8.0,0.3341480030476639,0.062,1165.6,0.5312500000000001,8,0.064,A2-B0-C2-mec-r3__c2-rigido-azar,0.0024412206103051,,,,,,,,,,,,,False,A2-B0-C2-mec-r3__c2-rigido-azar,0.2504999999999999,45,0.4049999999999996,50,0.4665000000000004,11,5.128106795961998,10.842705346887888,9.4,97.5929786612073,4880.0,bateria_fase6_o3c_mecanistico,4880,4.88,0.995,1,8.0,-0.03018589784900853,0.0017365440115440116,0.0018184179763605663,14,1.0,1.0,1.0,1.0,0.00860655737704918,0.00860655737704918,0.0,0.9799761904761904,2.0,0.0205,13.0,2.0,0.14285714285714285,1.0769230769230769,14.0,0.07142857142857142,0.008549543553480247,4.681318681318682,4.910827734357145,0.33414800304766373,0.38869897998809594,True,,ed67ff1fc0670c6bb0e282a90ac1101fb4e6dd7a9e6ec44f7d35a8ff1eb9bed2,grafos_f800/O3C_factorial/A2-B0-C2-mec-r3__s90503__c2-rigido-azar__N2000.grafo.gz,"O3C._grafo_final_de_condicion(c2-rigido-azar, seed=90503, N=2000)"
O3C_factorial,pareado,A2-B0-C2-mec-r3,90503.0,I,c3-elastico-soporte,2000,5.0,5.0,0.66,0.313,5.34,4364.0,4.364,,,,0.6617112029328829,0.9905,10.0,0.5269866731332189,0.068,1278.4,0.4285714285714285,8,0.05,A2-B0-C2-mec-r3__c3-elastico-soporte,0.0021830915457728,,,,,,,,,,,,,False,A2-B0-C2-mec-r3__c3-elastico-soporte,0.3484999999999997,60,0.4914999999999995,52,0.5299999999999904,6,4.918044941591743,9.47956349133422,9.4,97.5930368931026,4364.0,bateria_fase6_o3c_mecanistico,4364,4.364,0.9905,3,10.0,-0.026636775245307297,0.0022162698412698414,0.0016005121638924455,10,1.0,1.0,1.0,1.0,0.0068744271310724105,0.0068744271310724105,0.0,0.985,1.0,0.015,10.0,1.0,0.1,1.0,10.0,0.1,0.0068329322025639325,5.488888888888889,5.374284511784512,0.5269866731332191,0.5300875783470932,True,,cb090c2e359a2059749f6082c4ff753d2eb134fa4951c809fc0515a8b2cff48e,grafos_f800/O3C_factorial/A2-B0-C2-mec-r3__s90503__c3-elastico-soporte__N2000.grafo.gz,"O3C._grafo_final_de_condicion(c3-elastico-soporte, seed=90503, N=2000)"
O3C_factorial,pareado,A2-B0-C2-mec-r3,90503.0,I,c4-elastico-azar,2000,5.0,5.0,0.66,0.313,5.34,4005.0,4.005,,,,0.8327480902731846,0.975,11.0,0.5757560107051989,0.084,1579.2000000000005,0.3559322033898305,8,0.042,A2-B0-C2-mec-r3__c4-elastico-azar,0.0020035017508754,,,,,,,,,,,,,False,A2-B0-C2-mec-r3__c4-elastico-azar,0.4279999999999996,75,0.5484999999999993,35,0.5749999999999876,3,4.482425851419109,9.459038258820922,9.4,97.5930440411811,4005.0,bateria_fase6_o3c_mecanistico,4005,4.005,0.975,5,11.0,-0.01632846965656566,0.001342063492063492,0.0015120967741935483,8,1.0,1.0,1.0,1.0,0.00599250936329588,0.00599250936329588,0.0,0.9889583333333334,2.0,0.0115,7.0,2.0,0.25,1.1428571428571428,8.0,0.125,0.005951829875576877,4.678571428571429,5.3686078330767915,0.5757560107051987,0.6079860146909467,True,,bcbb6f833340db49e2278f75c9a82387b4308e34130acb6323ef2dd193e60623,grafos_f800/O3C_factorial/A2-B0-C2-mec-r3__s90503__c4-elastico-azar__N2000.grafo.gz,"O3C._grafo_final_de_condicion(c4-elastico-azar, seed=90503, N=2000)"
O3C_factorial,pareado,A2-B0-C2-mec-r4,90600.0,II,c1-rigido-soporte,2000,5.0,7.0,0.561,0.109,5.18,5068.0,5.068,,,,0.3089726246016606,0.9965,9.0,0.3941253249788681,0.062,1165.6,0.5714285714285713,8,0.042,A2-B0-C2-mec-r4__c1-rigido-soporte,0.0025352676338169,,,,,,,,,,,,,False,A2-B0-C2-mec-r4__c1-rigido-soporte,0.2164999999999999,44,0.3529999999999998,49,0.4410000000000001,14,5.078643500778548,11.15515537848205,9.4,97.59298257251878,5068.0,bateria_fase6_o3c_mecanistico,5068,5.068,0.9965,2,9.0,-0.004119155228475354,0.0011968614718614718,0.0014117093447315791,12,1.0,1.0,1.0,1.0,0.007103393843725336,0.007103393843725336,0.0,0.982,1.0,0.018,12.0,1.0,0.08333333333333333,1.0,12.0,0.08333333333333333,0.007050142139515065,4.090909090909091,4.7334337349397595,0.39412532497886704,0.44607342615583373,True,,0b2b017d4d3d3bb193fd9ad99d006ce4b2e546ce8c32f7c154a8a357ca70eb72,grafos_f800/O3C_factorial/A2-B0-C2-mec-r4__s90600__c1-rigido-soporte__N2000.grafo.gz,"O3C._grafo_final_de_condicion(c1-rigido-soporte, seed=90600, N=2000)"
O3C_factorial,pareado,A2-B0-C2-mec-r4,90600.0,II,c2-rigido-azar,2000,5.0,7.0,0.561,0.109,5.18,5054.0,5.054,,,,0.2825557402682,0.9945,9.0,0.3986386976167939,0.062,1165.6,0.3421052631578948,8,0.051,A2-B0-C2-mec-r4__c2-rigido-azar,0.002528264132066,,,,,,,,,,,,,False,A2-B0-C2-mec-r4__c2-rigido-azar,0.1964999999999999,34,0.3489999999999997,53,0.4404999999999998,18,4.878844024970378,11.58410774140732,9.4,97.59301257366428,5054.0,bateria_fase6_o3c_mecanistico,5054,5.054,0.9945,2,9.0,0.008078416713392697,0.0011377095127095126,0.0015352517419202456,13,1.0,1.0,1.0,1.0,0.007716660071230708,0.007716660071230708,0.0,0.9805,1.0,0.0195,13.0,1.0,0.07692307692307693,1.0,13.0,0.07692307692307693,0.007651984605046658,4.3076923076923075,4.837776659959759,0.3986386976167936,0.4534854281092896,True,,a4f023c774875259e0fb3cb8d68745f0e06e7f33e60eb66b2bd4ed6c2e492799,grafos_f800/O3C_factorial/A2-B0-C2-mec-r4__s90600__c2-rigido-azar__N2000.grafo.gz,"O3C._grafo_final_de_condicion(c2-rigido-azar, seed=90600, N=2000)"
O3C_factorial,pareado,A2-B0-C2-mec-r4,90600.0,I,c3-elastico-soporte,2000,5.0,7.0,0.561,0.109,5.18,5022.0,5.022,,,,0.3913562906472299,0.991,9.0,0.4765946201203524,0.0635,1193.8,0.5,8,0.052,A2-B0-C2-mec-r4__c3-elastico-soporte,0.002512256128064,,,,,,,,,,,,,False,A2-B0-C2-mec-r4__c3-elastico-soporte,0.2024999999999999,37,0.3384999999999997,47,0.4460000000000004,17,5.037895003917293,11.523138657109891,9.4,97.59296837585003,5022.0,bateria_fase6_o3c_mecanistico,5022,5.022,0.991,2,9.0,-0.0055804488236337975,0.0013611111111111111,0.0016715752606861417,14,1.024390243902439,1.0,2.0,1.6000000000000014,0.008363201911589008,0.008164078056551175,0.024390243902439025,0.980904761904762,2.0,0.02,13.0,2.0,0.14285714285714285,1.0769230769230769,13.0,0.14285714285714285,0.008101004326483188,4.252747252747253,4.689963746500849,0.4765946201203529,0.46932156404288117,True,,cd65f8122bd30500b17c3d6fa52619e593cf7a4a3eb11162ef380e2ea4318d60,grafos_f800/O3C_factorial/A2-B0-C2-mec-r4__s90600__c3-elastico-soporte__N2000.grafo.gz,"O3C._grafo_final_de_condicion(c3-elastico-soporte, seed=90600, N=2000)"
O3C_factorial,pareado,A2-B0-C2-mec-r4,90600.0,II,c4-elastico-azar,2000,5.0,7.0,0.561,0.109,5.18,5012.0,5.012,,,,0.3373498495730802,0.991,10.0,0.446571637995188,0.0654999999999999,1231.4,0.5137614678899074,8,0.042,A2-B0-C2-mec-r4__c4-elastico-azar,0.0025072536268134,,,,,,,,,,,,,False,A2-B0-C2-mec-r4__c4-elastico-azar,0.1939999999999999,28,0.3379999999999997,44,0.4440000000000002,15,5.433262920309221,12.85334944315721,9.4,97.59298699595256,5012.0,bateria_fase6_o3c_mecanistico,5012,5.012,0.991,2,10.0,0.00436323850084264,0.0011281496281496282,0.0016741071428571428,14,1.024390243902439,1.0,2.0,1.6000000000000014,0.008379888268156424,0.008180367118914605,0.024390243902439025,0.980904761904762,2.0,0.02,13.0,2.0,0.14285714285714285,1.0769230769230769,13.0,0.14285714285714285,0.008107815783221624,4.120879120879121,4.701711715845992,0.44657163799518923,0.4625279020305352,True,,9b79980ee45f9966f3e279dc97085066450b9dfeacfbcd722ee454ec3005af41,grafos_f800/O3C_factorial/A2-B0-C2-mec-r4__s90600__c4-elastico-azar__N2000.grafo.gz,"O3C._grafo_final_de_condicion(c4-elastico-azar, seed=90600, N=2000)"
O3C_factorial,pareado,A2-B0-C2-mec-r5,90697.0,II,c1-rigido-soporte,2000,5.0,6.0,0.769,0.338,4.97,4879.0,4.879,,,,0.7802753422207397,0.991,9.0,0.4425411119811575,0.066,1240.8000000000002,0.3853211009174315,8,0.064,A2-B0-C2-mec-r5__c1-rigido-soporte,0.00244072036018,,,,,,,,,,,,,False,A2-B0-C2-mec-r5__c1-rigido-soporte,0.2424999999999999,43,0.3844999999999997,53,0.4630000000000007,9,4.67336924191217,14.917168505814182,9.4,97.5929588988305,4879.0,bateria_fase6_o3c_mecanistico,4879,4.879,0.991,2,9.0,0.025967828733134368,0.0015333333333333334,0.001740860482467048,14,1.0,1.0,1.0,1.0,0.00860832137733142,0.00860832137733142,0.0,0.9799761904761904,2.0,0.0205,13.0,2.0,0.14285714285714285,1.0769230769230769,14.0,0.07142857142857142,0.008514831204553769,4.2967032967032965,4.925710920410567,0.4425411119811577,0.41695737034843416,True,,eaef76b1f4af4adbba582f15c3f6c2116a845964ef0a1c708594e835b01b0c92,grafos_f800/O3C_factorial/A2-B0-C2-mec-r5__s90697__c1-rigido-soporte__N2000.grafo.gz,"O3C._grafo_final_de_condicion(c1-rigido-soporte, seed=90697, N=2000)"
O3C_factorial,pareado,A2-B0-C2-mec-r5,90697.0,II,c2-rigido-azar,2000,5.0,6.0,0.769,0.338,4.97,4869.0,4.869,,,,0.9243433646882144,0.989,9.0,0.4357605447522732,0.064,1203.1999999999998,0.4571428571428571,8,0.048,A2-B0-C2-mec-r5__c2-rigido-azar,0.0024357178589294,,,,,,,,,,,,,False,A2-B0-C2-mec-r5__c2-rigido-azar,0.2104999999999999,38,0.3894999999999997,48,0.4629999999999996,15,5.044013231859655,13.909955086910683,9.4,97.59297883940884,4869.0,bateria_fase6_o3c_mecanistico,4869,4.869,0.989,3,9.0,0.02224410390077475,0.0008241341991341991,0.0013729405891163256,11,1.0,1.0,1.0,1.0,0.006777572396796057,0.006777572396796057,0.0,0.9835,1.0,0.0165,11.0,1.0,0.09090909090909091,1.0,11.0,0.09090909090909091,0.006713330204320964,4.09090909090909,4.6843702579666155,0.43576054475227366,0.4009869222326982,True,,10057a4e87506056ec2bbb3f8eec444165c34a5a7b19f57aa936ed5c12b83c26,grafos_f800/O3C_factorial/A2-B0-C2-mec-r5__s90697__c2-rigido-azar__N2000.grafo.gz,"O3C._grafo_final_de_condicion(c2-rigido-azar, seed=90697, N=2000)"
O3C_factorial,pareado,A2-B0-C2-mec-r5,90697.0,I,c3-elastico-soporte,2000,5.0,6.0,0.769,0.338,4.97,4587.0,4.587,,,,0.8756037345196993,0.9635,9.0,0.4822499392607442,0.0765,1438.2,0.3333333333333333,8,0.043,A2-B0-C2-mec-r5__c3-elastico-soporte,0.0022946473236618,,,,,,,,,,,,,False,A2-B0-C2-mec-r5__c3-elastico-soporte,0.2709999999999998,53,0.4229999999999996,49,0.489000000000002,8,4.756936191382835,12.98016563317445,9.4,97.59297884316854,4587.0,bateria_fase6_o3c_mecanistico,4587,4.587,0.9635,2,9.0,0.022149868004310652,0.0005448662448662449,0.0010898687616366196,8,1.0,1.0,1.0,1.0,0.005232177894048398,0.005232177894048398,0.0,0.988,1.0,0.012,8.0,1.0,0.125,1.0,8.0,0.125,0.005179101857939298,3.928571428571429,4.989832121841467,0.4822499392607439,0.47714941600184674,True,,b75ccfb9d958bc30b9451c5de6ede73915eace106dbcf7cd444a050a255418b5,grafos_f800/O3C_factorial/A2-B0-C2-mec-r5__s90697__c3-elastico-soporte__N2000.grafo.gz,"O3C._grafo_final_de_condicion(c3-elastico-soporte, seed=90697, N=2000)"
O3C_factorial,pareado,A2-B0-C2-mec-r5,90697.0,I,c4-elastico-azar,2000,5.0,6.0,0.769,0.338,4.97,4697.0,4.697,,,,0.8883439577083381,0.97,9.0,0.47039561505518,0.0745,1400.6,0.3137254901960784,8,0.043,A2-B0-C2-mec-r5__c4-elastico-azar,0.0023496748374187,,,,,,,,,,,,,False,A2-B0-C2-mec-r5__c4-elastico-azar,0.2524999999999999,45,0.4139999999999997,46,0.4815,14,4.753563948036997,18.863328707801468,9.4,97.5930335892064,4697.0,bateria_fase6_o3c_mecanistico,4697,4.697,0.97,1,9.0,0.014421126154133171,0.0013096570096570097,0.0014395393474088292,11,1.0,1.0,1.0,1.0,0.00702576112412178,0.00702576112412178,0.0,0.984469696969697,2.0,0.016,10.0,2.0,0.18181818181818182,1.1,11.0,0.09090909090909091,0.006943208963507933,4.327272727272727,4.694430118617844,0.47039561505518057,0.4778076177403772,True,,78a5bec4b80a51a4b884cbbaa7e19f22b373bd6b51da4a7c0ceb7b75d3b6a899,grafos_f800/O3C_factorial/A2-B0-C2-mec-r5__s90697__c4-elastico-azar__N2000.grafo.gz,"O3C._grafo_final_de_condicion(c4-elastico-azar, seed=90697, N=2000)"
O3C_factorial,pareado,A2-B0-C2-mec-r6,90794.0,III,c1-rigido-soporte,2000,5.0,5.0,0.407,0.249,7.4,3315.0,3.315,,,,0.7383637807948664,0.8655,14.0,1.000975091739252,0.1379999999999999,2594.4,1.0900900900900896,8,0.028,A2-B0-C2-mec-r6__c1-rigido-soporte,0.0016583291645822,,,,,,,,,,,,,False,A2-B0-C2-mec-r6__c1-rigido-soporte,0.4969999999999994,57,0.6119999999999995,28,0.641499999999988,2,4.093064651725767,33.34377476874614,9.4,97.59299887090933,3315.0,bateria_fase6_o3c_mecanistico,3315,3.315,0.8655,9,14.0,0.03400904013023466,0.013166630591630592,0.005917626637210036,25,1.0,1.0,1.0,1.0,0.02262443438914027,0.02262443438914027,0.0,0.9625,1.0,0.0375,25.0,1.0,0.04,1.0,25.0,0.04,0.022509435378745998,6.1104166666666675,6.102732527588018,1.0009750917392537,1.0032455246858298,True,,6cb581c64304359bbb2b69529dca633974c4fe3c06c82833d16ec00174242df4,grafos_f800/O3C_factorial/A2-B0-C2-mec-r6__s90794__c1-rigido-soporte__N2000.grafo.gz,"O3C._grafo_final_de_condicion(c1-rigido-soporte, seed=90794, N=2000)"
O3C_factorial,pareado,A2-B0-C2-mec-r6,90794.0,I,c2-rigido-azar,2000,5.0,5.0,0.407,0.249,7.4,4092.0,4.092,,,,0.911334414798103,0.9915,10.0,0.5214097549388371,0.078,1466.4,0.4472049689440995,8,0.05,A2-B0-C2-mec-r6__c2-rigido-azar,0.0020470235117558,,,,,,,,,,,,,False,A2-B0-C2-mec-r6__c2-rigido-azar,0.4264999999999996,59,0.5434999999999993,39,0.5709999999999879,3,4.496649748367792,7.865721538356357,9.4,97.5929972069523,4092.0,bateria_fase6_o3c_mecanistico,4091,4.091,0.991,1,10.0,0.002813520046605888,0.0003325396825396825,0.000561447286338116,3,1.0,1.0,1.0,1.0,0.002199951112197507,0.002199951112197507,0.0,0.9955,1.0,0.0045,3.0,1.0,0.3333333333333333,1.0,3.0,0.3333333333333333,0.002181294040175353,3.6666666666666665,5.5615429917550046,0.5224555993256516,0.5340666681425228,True,,86964d5282c6469dbaff07c30b22ac5c168a97fb4574cb7d87feff8caa2d1a14,grafos_f800/O3C_factorial/A2-B0-C2-mec-r6__s90794__c2-rigido-azar__N2000.grafo.gz,"O3C._grafo_final_de_condicion(c2-rigido-azar, seed=90794, N=2000)"
O3C_factorial,pareado,A2-B0-C2-mec-r6,90794.0,I,c3-elastico-soporte,2000,5.0,5.0,0.407,0.249,7.4,4225.0,4.225,,,,1.0776534724884497,0.987,11.0,0.5660027990995847,0.074,1391.1999999999998,0.3124999999999999,8,0.051,A2-B0-C2-mec-r6__c3-elastico-soporte,0.0021135567783891,,,,,,,,,,,,,False,A2-B0-C2-mec-r6__c3-elastico-soporte,0.3949999999999998,76,0.5119999999999996,45,0.5489999999999917,3,4.656251291798579,6.36772067198711,9.4,97.59294900566331,4225.0,bateria_fase6_o3c_mecanistico,4225,4.225,0.987,4,11.0,0.022820454734081702,0.0017797979797979798,0.0022560305431827384,13,1.0,1.0,1.0,1.0,0.009230769230769232,0.009230769230769232,0.0,0.9805,1.0,0.0195,13.0,1.0,0.07692307692307693,1.0,13.0,0.07692307692307693,0.009159609257378942,4.576923076923077,5.404122317959115,0.5660027990995847,0.5421510359637077,True,,657059bf1d3f9b54c67f9b012846242b07d7e4896607399e754398edc2ecf441,grafos_f800/O3C_factorial/A2-B0-C2-mec-r6__s90794__c3-elastico-soporte__N2000.grafo.gz,"O3C._grafo_final_de_condicion(c3-elastico-soporte, seed=90794, N=2000)"
O3C_factorial,pareado,A2-B0-C2-mec-r6,90794.0,I,c4-elastico-azar,2000,5.0,5.0,0.407,0.249,7.4,3751.0,3.751,,,,0.9357272323744524,0.982,11.0,0.5863570229908278,0.086,1616.8,0.4970760233918123,8,0.048,A2-B0-C2-mec-r6__c4-elastico-azar,0.0018764382191095,,,,,,,,,,,,,False,A2-B0-C2-mec-r6__c4-elastico-azar,0.5044999999999994,61,0.6095000000000009,26,0.6294999999999856,4,4.349823566823646,6.2186599239099545,9.4,97.5930338749758,3751.0,bateria_fase6_o3c_mecanistico,3750,3.75,0.982,2,11.0,-0.0005931695827882684,0.0006955988455988456,0.0013290999040094513,6,1.0,1.0,1.0,1.0,0.0048,0.0048,0.0,0.991,1.0,0.009,6.0,1.0,0.16666666666666666,1.0,6.0,0.16666666666666666,0.004757315555555555,4.666666666666667,6.071276957038545,0.584836782060546,0.5851012752672432,True,,0f7a7264c2e9dc08c5743a02f66f49c221fdca6ee701341773ea50405fe1e1d5,grafos_f800/O3C_factorial/A2-B0-C2-mec-r6__s90794__c4-elastico-azar__N2000.grafo.gz,"O3C._grafo_final_de_condicion(c4-elastico-azar, seed=90794, N=2000)"
O3C_factorial,pareado,A2-B0-C2-mec-r7,90891.0,III,c1-rigido-soporte,2000,7.0,5.0,0.503,0.225,7.25,3460.0,3.46,,,,0.8162432815096313,0.8935,11.0,0.7962155657562038,0.1325,2490.9999999999995,0.9863013698630138,8,0.031,A2-B0-C2-mec-r7__c1-rigido-soporte,0.0017308654327163,,,,,,,,,,,,,False,A2-B0-C2-mec-r7__c1-rigido-soporte,0.5009999999999993,47,0.6249999999999999,28,0.6369999999999855,2,4.107881692186662,32.841328000062646,9.4,97.59301246344602,3460.0,bateria_fase6_o3c_mecanistico,3460,3.46,0.8935,7,11.0,0.010208720657391498,0.011462734487734489,0.007000656311529206,32,1.0105263157894737,1.0,2.0,1.0600000000000023,0.027745664739884393,0.02745664739884393,0.010526315789473684,0.9558333333333333,2.0,0.046,29.0,2.0,0.0625,1.103448275862069,31.0,0.0625,0.027268222292759534,5.490322580645161,5.214669652855543,0.7962155657562022,0.8034676510332979,True,,5300c9458d89f980715cf15665940525944a117ca1549ffe2b6051acc5d5f438,grafos_f800/O3C_factorial/A2-B0-C2-mec-r7__s90891__c1-rigido-soporte__N2000.grafo.gz,"O3C._grafo_final_de_condicion(c1-rigido-soporte, seed=90891, N=2000)"
O3C_factorial,pareado,A2-B0-C2-mec-r7,90891.0,I,c2-rigido-azar,2000,7.0,5.0,0.503,0.225,7.25,4260.0,4.26,,,,0.4705414067065691,0.991,11.0,0.5297787105010381,0.074,1391.1999999999998,0.4117647058823528,8,0.05,A2-B0-C2-mec-r7__c2-rigido-azar,0.0021310655327663,,,,,,,,,,,,,False,A2-B0-C2-mec-r7__c2-rigido-azar,0.3689999999999998,56,0.5034999999999993,45,0.5474999999999898,7,4.56774761374547,8.967581399990664,9.4,97.59290161577742,4260.0,bateria_fase6_o3c_mecanistico,4239,4.239,0.991,1,11.0,0.015032346305321099,0.0030428571428571427,0.0013940520446096654,8,1.0,1.0,1.0,1.0,0.005661712668082095,0.005661712668082095,0.0,0.988,1.0,0.012,8.0,1.0,0.125,1.0,8.0,0.125,0.005629657677746173,5.107142857142858,5.483425879185596,0.5361820184827526,0.577188290815114,True,,fc693284cb0922eaeda4a2692df8dfda33ba63efc656fc01a322380adcdb2eb9,grafos_f800/O3C_factorial/A2-B0-C2-mec-r7__s90891__c2-rigido-azar__N2000.grafo.gz,"O3C._grafo_final_de_condicion(c2-rigido-azar, seed=90891, N=2000)"
O3C_factorial,pareado,A2-B0-C2-mec-r7,90891.0,I,c3-elastico-soporte,2000,7.0,5.0,0.503,0.225,7.25,4303.0,4.303,,,,1.0371411217519595,0.993,12.0,0.5786551513726763,0.0705,1325.4,0.4883720930232557,8,0.052,A2-B0-C2-mec-r7__c3-elastico-soporte,0.002152576288144,,,,,,,,,,,,,False,A2-B0-C2-mec-r7__c3-elastico-soporte,0.3819999999999997,57,0.5044999999999994,40,0.5429999999999924,5,4.613107982410241,9.606088506432666,9.4,97.5929819919611,4303.0,bateria_fase6_o3c_mecanistico,4303,4.303,0.993,2,12.0,0.021401401194712632,0.001388095238095238,0.001993797075764289,12,1.0285714285714285,1.0,2.0,1.6599999999999966,0.008366256100395073,0.008133860097606322,0.02857142857142857,0.9838888888888889,2.0,0.017,11.0,2.0,0.16666666666666666,1.0909090909090908,11.0,0.16666666666666666,0.008070711358061644,4.348484848484848,5.2455919395466,0.5784924598948248,0.5712075759415017,True,,7e0e6de922544a37d1a522638e7767652a4fec999f5b3bd61d18ef4f1bfc1194,grafos_f800/O3C_factorial/A2-B0-C2-mec-r7__s90891__c3-elastico-soporte__N2000.grafo.gz,"O3C._grafo_final_de_condicion(c3-elastico-soporte, seed=90891, N=2000)"
O3C_factorial,pareado,A2-B0-C2-mec-r7,90891.0,I,c4-elastico-azar,2000,7.0,5.0,0.503,0.225,7.25,3873.0,3.873,,,,0.6598045877153242,0.9815,12.0,0.6654112236974411,0.0865,1626.2,0.4107142857142858,8,0.04,A2-B0-C2-mec-r7__c4-elastico-azar,0.0019374687343671,,,,,,,,,,,,,False,A2-B0-C2-mec-r7__c4-elastico-azar,0.4649999999999996,62,0.5810000000000001,35,0.5929999999999868,1,4.634996482621023,8.294354042945807,9.4,97.59302583968228,3873.0,bateria_fase6_o3c_mecanistico,3873,3.873,0.9815,2,12.0,0.021648956491458076,0.0005059523809523809,0.0008141664970486464,4,1.0,1.0,1.0,1.0,0.003098373353989156,0.003098373353989156,0.0,0.994,1.0,0.006,4.0,1.0,0.25,1.0,4.0,0.25,0.0030778735302876394,4.166666666666667,5.949711179068977,0.6654112236974423,0.6493627332199331,True,,994334ebc9a1c1432ffe25867ffb136ac9df16be31f73463dfb2a57e06101f9b,grafos_f800/O3C_factorial/A2-B0-C2-mec-r7__s90891__c4-elastico-azar__N2000.grafo.gz,"O3C._grafo_final_de_condicion(c4-elastico-azar, seed=90891, N=2000)"
O3C_factorial,pareado,A2-B0-C2-mec-r8,90988.0,I,c1-rigido-soporte,2000,6.0,6.0,0.544,0.107,4.18,4054.0,4.054,,,,0.410721590925289,0.985,11.0,0.6090941397177595,0.077,1447.6,0.4042553191489362,8,0.041,A2-B0-C2-mec-r8__c1-rigido-soporte,0.0020280140070035,,,,,,,,,,,,,False,A2-B0-C2-mec-r8__c1-rigido-soporte,0.4519999999999996,67,0.5574999999999994,35,0.5744999999999933,2,4.762079610523608,7.072260823702438,9.4,97.59299056025507,4054.0,bateria_fase6_o3c_mecanistico,4054,4.054,0.985,1,11.0,-0.007370429653438089,0.0024480158730158727,0.0016454384788835395,9,1.0,1.0,1.0,1.0,0.006660088801184016,0.006660088801184016,0.0,0.9865,1.0,0.0135,9.0,1.0,0.1111111111111111,1.0,9.0,0.1111111111111111,0.006620143358201526,5.472222222222222,5.45459624174708,0.609094139717759,0.5811640619152886,True,,2f5f923a001a094cf38f6b322cd4978563d21380faf485fb889f1f9296579a82,grafos_f800/O3C_factorial/A2-B0-C2-mec-r8__s90988__c1-rigido-soporte__N2000.grafo.gz,"O3C._grafo_final_de_condicion(c1-rigido-soporte, seed=90988, N=2000)"
O3C_factorial,pareado,A2-B0-C2-mec-r8,90988.0,I,c2-rigido-azar,2000,6.0,6.0,0.544,0.107,4.18,4043.0,4.043,,,,0.4368657013529627,0.983,11.0,0.613323820439828,0.0795,1494.6000000000004,0.4705882352941177,8,0.048,A2-B0-C2-mec-r8__c2-rigido-azar,0.0020225112556278,,,,,,,,,,,,,False,A2-B0-C2-mec-r8__c2-rigido-azar,0.4419999999999997,72,0.5534999999999994,44,0.5804999999999879,4,4.6013798894432325,7.543442611744929,9.4,97.59301419806188,4043.0,bateria_fase6_o3c_mecanistico,4043,4.043,0.983,1,11.0,-0.004020540651625039,0.002759920634920635,0.001652892561983471,9,1.0,1.0,1.0,1.0,0.006678209250556517,0.006678209250556517,0.0,0.9865,1.0,0.0135,9.0,1.0,0.1111111111111111,1.0,9.0,0.1111111111111111,0.0066462592429429625,5.75,5.6127226463104325,0.6133238204398279,0.5711882953459673,True,,0179da4b668702e1e96cc4567bde65277eca894b3a3c3673e6b46c999d677bbb,grafos_f800/O3C_factorial/A2-B0-C2-mec-r8__s90988__c2-rigido-azar__N2000.grafo.gz,"O3C._grafo_final_de_condicion(c2-rigido-azar, seed=90988, N=2000)"
O3C_factorial,pareado,A2-B0-C2-mec-r8,90988.0,I,c3-elastico-soporte,2000,6.0,6.0,0.544,0.107,4.18,4047.0,4.047,,,,0.5550244466649588,0.9815,11.0,0.5836878618176089,0.078,1466.4,0.3673469387755103,8,0.034,A2-B0-C2-mec-r8__c3-elastico-soporte,0.002024512256128,,,,,,,,,,,,,False,A2-B0-C2-mec-r8__c3-elastico-soporte,0.4194999999999996,71,0.5569999999999994,48,0.5804999999999906,4,4.472632910849008,7.234500848849229,9.4,97.59297380081424,4047.0,bateria_fase6_o3c_mecanistico,4047,4.047,0.9815,1,11.0,-0.0031314442624769817,0.0025797979797979797,0.001825150574922431,10,1.0,1.0,1.0,1.0,0.007412898443291327,0.007412898443291327,0.0,0.985,1.0,0.015,10.0,1.0,0.1,1.0,10.0,0.1,0.007366632700803855,5.2666666666666675,5.690027183146451,0.5836878618176087,0.5502653150901056,True,,7de75843ebf8b49186d62b6c0a1241578dd0cee6671347a40e8b9b5559403e33,grafos_f800/O3C_factorial/A2-B0-C2-mec-r8__s90988__c3-elastico-soporte__N2000.grafo.gz,"O3C._grafo_final_de_condicion(c3-elastico-soporte, seed=90988, N=2000)"
O3C_factorial,pareado,A2-B0-C2-mec-r8,90988.0,I,c4-elastico-azar,2000,6.0,6.0,0.544,0.107,4.18,4040.0,4.04,,,,0.6109499351437914,0.9805,11.0,0.6074252663125596,0.0775,1456.9999999999998,0.4117647058823529,8,0.039,A2-B0-C2-mec-r8__c4-elastico-azar,0.0020210105052526,,,,,,,,,,,,,False,A2-B0-C2-mec-r8__c4-elastico-azar,0.4279999999999997,67,0.5539999999999997,33,0.5734999999999904,3,4.479208881382364,6.911687177483913,9.4,97.5929037382442,4040.0,bateria_fase6_o3c_mecanistico,4040,4.04,0.9805,1,11.0,0.0014244347650191197,0.0023166666666666665,0.0014695976976302736,8,1.0,1.0,1.0,1.0,0.005940594059405941,0.005940594059405941,0.0,0.988,1.0,0.012,8.0,1.0,0.125,1.0,8.0,0.125,0.005908933560435251,5.392857142857142,5.574914965986395,0.6074252663125597,0.6097895824965076,True,,13f58bcbba6629fe8a9515ae0fb74579f01b33d8446eee31469e8f65d08cb27a,grafos_f800/O3C_factorial/A2-B0-C2-mec-r8__s90988__c4-elastico-azar__N2000.grafo.gz,"O3C._grafo_final_de_condicion(c4-elastico-azar, seed=90988, N=2000)"
O3C_factorial,pareado,A2-B0-C2-mec-r9,91085.0,II,c1-rigido-soporte,2000,5.0,7.0,0.397,0.121,5.37,5195.0,5.195,,,,0.559317224886632,0.9945,8.0,0.3534069935285245,0.06,1128.0,0.4857142857142857,8,0.064,A2-B0-C2-mec-r9__c1-rigido-soporte,0.0025987993996998,,,,,,,,,,,,,False,A2-B0-C2-mec-r9__c1-rigido-soporte,0.1899999999999999,37,0.3414999999999997,54,0.4109999999999993,15,4.867942769314094,14.617930528143244,9.4,97.5929468087516,5195.0,bateria_fase6_o3c_mecanistico,5195,5.195,0.9945,1,8.0,0.017800423595617617,0.0007995310245310246,0.0011130899376669634,10,1.0344827586206897,1.0,2.0,1.7199999999999989,0.005774783445620789,0.005582290664100096,0.034482758620689655,0.9868666666666667,2.0,0.014,9.0,2.0,0.2,1.1111111111111112,9.0,0.2,0.005536057195737739,4.222222222222222,4.764671361502348,0.3534069935285249,0.40746655104435797,True,,77840ca1c6be11d7e5082f94c92bc0dfdc8e55a5dbe9b940752732b4700ebbad,grafos_f800/O3C_factorial/A2-B0-C2-mec-r9__s91085__c1-rigido-soporte__N2000.grafo.gz,"O3C._grafo_final_de_condicion(c1-rigido-soporte, seed=91085, N=2000)"
O3C_factorial,pareado,A2-B0-C2-mec-r9,91085.0,I,c2-rigido-azar,2000,5.0,7.0,0.397,0.121,5.37,5202.0,5.202,,,,0.5503510443290578,0.9955,11.0,0.5779207614273018,0.059,1109.2,0.3979591836734693,8,0.056,A2-B0-C2-mec-r9__c2-rigido-azar,0.0026023011505752,,,,,,,,,,,,,False,A2-B0-C2-mec-r9__c2-rigido-azar,0.172,30,0.3214999999999998,50,0.4109999999999999,18,4.826555326933887,9.979371591780026,9.4,97.59293219950096,5202.0,bateria_fase6_o3c_mecanistico,5202,5.202,0.9955,1,11.0,0.020521153714835295,0.0007562770562770562,0.0010001852194850898,9,1.0,1.0,1.0,1.0,0.005190311418685121,0.005190311418685121,0.0,0.9865,1.0,0.0135,9.0,1.0,0.1111111111111111,1.0,9.0,0.1111111111111111,0.005149569835397352,4.138888888888889,4.712227805695142,0.577920761427304,0.5345405956697946,True,,d3901fffd0f94836b1750a57285a83330700e603f7272fef7f59c2b71d547835,grafos_f800/O3C_factorial/A2-B0-C2-mec-r9__s91085__c2-rigido-azar__N2000.grafo.gz,"O3C._grafo_final_de_condicion(c2-rigido-azar, seed=91085, N=2000)"
O3C_factorial,pareado,A2-B0-C2-mec-r9,91085.0,II,c3-elastico-soporte,2000,5.0,7.0,0.397,0.121,5.37,5164.0,5.164,,,,0.6169916346190588,0.989,8.0,0.4323718402390142,0.06,1128.0,0.4666666666666655,8,0.058,A2-B0-C2-mec-r9__c3-elastico-soporte,0.0025832916458229,,,,,,,,,,,,,False,A2-B0-C2-mec-r9__c3-elastico-soporte,0.2149999999999999,41,0.3279999999999998,51,0.4229999999999995,24,4.955627462751151,14.772161867645394,9.4,97.59299794538212,5164.0,bateria_fase6_o3c_mecanistico,5164,5.164,0.989,1,8.0,0.012897885275954056,0.0009305555555555556,0.0012344755349393984,11,1.03125,1.0,2.0,1.6900000000000013,0.006390395042602633,0.006196746707978312,0.03125,0.9853787878787879,2.0,0.0155,10.0,2.0,0.18181818181818182,1.1,10.0,0.18181818181818182,0.006147969002466579,4.363636363636363,4.7812763446299105,0.4323718402390145,0.40433295204062863,True,,01f319da5417283e004cdf199c6362ed7d031134679e92c7beb40e0132bbf77f,grafos_f800/O3C_factorial/A2-B0-C2-mec-r9__s91085__c3-elastico-soporte__N2000.grafo.gz,"O3C._grafo_final_de_condicion(c3-elastico-soporte, seed=91085, N=2000)"
O3C_factorial,pareado,A2-B0-C2-mec-r9,91085.0,I,c4-elastico-azar,2000,5.0,7.0,0.397,0.121,5.37,5169.0,5.169,,,,0.4900951829560784,0.989,9.0,0.4810148593011227,0.057,1071.6,0.4193548387096774,8,0.058,A2-B0-C2-mec-r9__c4-elastico-azar,0.0025857928964482,,,,,,,,,,,,,False,A2-B0-C2-mec-r9__c4-elastico-azar,0.154,28,0.3324999999999997,48,0.4179999999999999,18,5.275120961771904,11.764915591460262,9.4,97.59302850583724,5169.0,bateria_fase6_o3c_mecanistico,5169,5.169,0.989,1,9.0,0.016602502891649298,0.0006746031746031745,0.001007725898555593,9,1.0,1.0,1.0,1.0,0.00522344747533372,0.00522344747533372,0.0,0.9865,1.0,0.0135,9.0,1.0,0.1111111111111111,1.0,9.0,0.1111111111111111,0.00517795475587177,4.305555555555555,4.709450345641543,0.48101485930112403,0.45395161250061117,True,,d67e221472e75c715529c555b49f088fc705a418877793ad399a188d04a808fb,grafos_f800/O3C_factorial/A2-B0-C2-mec-r9__s91085__c4-elastico-azar__N2000.grafo.gz,"O3C._grafo_final_de_condicion(c4-elastico-azar, seed=91085, N=2000)"
O3D_control_hist,no_pareado,CONTROL-ER-HIST-ic_masaFija_N2000_s1,,CONTROL_ER_HIST,control_historico,2000,,,,,,4945.0,4.945,,,,,,,,0.062,1165.6,0.5333333333333334,8,0.058,ic_masaFija_N2000_s1,0.0024737368684342,,,,,,,,,,,,,False,ic_masaFija_N2000_s1,0.1899999999999999,33,0.3664999999999998,59,0.4425,15,4.988526257583109,13.595574729686389,9.4,97.5930128682109,4945.0,bateria_grafo_random_masa_fija,4945,4.945,0.991,1,9.0,-0.012234879573917869,0.002661544011544011,0.0023420165995562494,19,1.0,1.0,1.0,1.0,0.011526794742163803,0.011526794742163803,0.0,0.9724824561403509,2.0,0.028,18.0,2.0,0.10526315789473684,1.0555555555555556,19.0,0.05263157894736842,0.011439811638846316,4.526315789473685,4.971815581356217,0.3908270283957007,0.4408512136215276,True,,59e0f9398ded189cc5d879f75344a7b52cc3249c9229a67ae238ff4fa65bd48f,grafos_f800/O3D_control_hist/CONTROL-ER-HIST-ic_masaFija_N2000_s1__sNone__control_historico__N2000.grafo.gz,"generar_grafo_erdos_renyi(N=2000, aristas=4945, seed=2000001) [ER histórico]"
O3D_control_hist,no_pareado,CONTROL-ER-HIST-ic_masaFija_N2000_s2,,CONTROL_ER_HIST,control_historico,2000,,,,,,4945.0,4.945,,,,,,,,0.059,1109.1999999999998,0.3157894736842105,8,0.05,ic_masaFija_N2000_s2,0.0024737368684342,,,,,,,,,,,,,False,ic_masaFija_N2000_s2,0.2419999999999999,47,0.3909999999999998,50,0.4560000000000011,11,5.347681235829357,12.697914401879478,9.4,97.5930453415028,4945.0,bateria_grafo_random_masa_fija,4945,4.945,0.994,1,9.0,-0.029280757111105327,0.0025662476412476416,0.002299128751210068,19,1.0,1.0,1.0,1.0,0.011526794742163803,0.011526794742163803,0.0,0.9715,1.0,0.0285,19.0,1.0,0.05263157894736842,1.0,19.0,0.05263157894736842,0.011432123428491979,4.485380116959065,4.738131186042611,0.44114597156788643,0.5018129728591387,True,,dbd2f1c0a9d9e41c90daae58ed725284f30b99c8e9a29a2ba381961ff081a043,grafos_f800/O3D_control_hist/CONTROL-ER-HIST-ic_masaFija_N2000_s2__sNone__control_historico__N2000.grafo.gz,"generar_grafo_erdos_renyi(N=2000, aristas=4945, seed=2000002) [ER histórico]"
O3D_kcap,no_pareado,A2-B0-C2-kbar-r0,9314160.0,IV,regla,2000,4.0,4.0,0.771,0.101,7.15,2294.0,2.294,,,,5.9794793298233095,0.825,18.0,1.114516844148287,0.1529999999999999,2876.4,1.4285714285714286,8,0.032,A2-B0-C2-kbar-r0,0.0011475737868934,,,,,,,,,,,,,False,A2-B0-C2-kbar-r0,0.7845000000000005,41,0.8049999999999842,6,0.8114999999999782,1,3.875176128679545,14.184145748409392,9.4,97.59302797587812,2294.0,bateria_fase6_o3d_kcap,2294,2.294,0.825,26,18.0,-0.012474626142115794,0.017916666666666664,0.014131501472031403,24,1.0,1.0,1.0,1.0,0.03138622493461203,0.03138622493461203,0.0,0.9649861111111111,2.0,0.0355,23.0,2.0,0.08333333333333333,1.0434782608695652,24.0,0.041666666666666664,0.031287886446505,9.56304347826087,7.251735058284481,1.1145168441482867,1.0161918581216536,True,,512ad1ff0fad72ee141e27a82ec564998e140809f8e04c705e0cf871a191fbd8,grafos_f800/O3D_kcap/A2-B0-C2-kbar-r0__s9314160__regla__N2000.grafo.gz,"reconstruir_regla_a2b0c2(seed=9314160, N=2000)"
O3D_kcap,no_pareado,A2-B0-C2-kbar-r10,9315130.0,III,regla,2000,7.0,5.0,0.704,0.111,6.9,3193.0,3.193,,,,3.158723001447875,0.95,15.0,0.8378713246079779,0.1085,2039.8,0.5915492957746479,8,0.038,A2-B0-C2-kbar-r10,0.0015972986493246,,,,,,,,,,,,,False,A2-B0-C2-kbar-r10,0.6409999999999992,61,0.6970000000000006,17,0.7029999999999825,1,4.113956778606235,10.278452616222069,9.4,97.59296537077098,3193.0,bateria_fase6_o3d_kcap,3193,3.193,0.95,7,15.0,0.09111853564141366,0.015966666666666667,0.012409843020789138,39,1.0086206896551724,1.0,2.0,1.0,0.036642655809583466,0.03632947071719386,0.008620689655172414,0.9462863247863248,2.0,0.056,35.0,2.0,0.05128205128205128,1.1142857142857143,38.0,0.05128205128205128,0.03618408437106343,6.961842105263159,6.689134632262594,0.8378713246079779,0.7550750199957762,True,,ba98ff60d920d33297e8f930989ad9d0d76eb70259f65a77a7bb2611174d7798,grafos_f800/O3D_kcap/A2-B0-C2-kbar-r10__s9315130__regla__N2000.grafo.gz,"reconstruir_regla_a2b0c2(seed=9315130, N=2000)"
O3D_kcap,no_pareado,A2-B0-C2-kbar-r11,9315227.0,III,regla,2000,7.0,5.0,0.751,0.253,7.68,3086.0,3.086,,,,1.8712848784757703,0.904,15.0,0.9904389442039234,0.1285,2415.8,1.0000000000000002,8,0.034,A2-B0-C2-kbar-r11,0.0015437718859429,,,,,,,,,,,,,False,A2-B0-C2-kbar-r11,0.6224999999999993,63,0.6855000000000006,22,0.6949999999999829,1,4.353035794764248,17.961405738177532,9.4,97.59302596272602,3086.0,bateria_fase6_o3d_kcap,3086,3.086,0.904,12,15.0,0.058933243025987514,0.017566666666666668,0.014935064935064935,46,1.0147058823529411,1.0,2.0,1.6500000000000057,0.04471808165910564,0.0440699935191186,0.014705882352941176,0.9420362318840579,3.0,0.063,36.0,4.0,0.08695652173913043,1.2777777777777777,44.0,0.043478260869565216,0.04384995646510971,6.451111111111111,6.5378620180778455,0.9904389442039234,0.9380956360879389,True,,065d11e7bb669c19e046b4133688d9e2cfcae1f48a4867ff47105bee8cfcc07c,grafos_f800/O3D_kcap/A2-B0-C2-kbar-r11__s9315227__regla__N2000.grafo.gz,"reconstruir_regla_a2b0c2(seed=9315227, N=2000)"
O3D_kcap,no_pareado,A2-B0-C2-kbar-r12,9315324.0,I,regla,2000,7.0,7.0,0.783,0.3,6.93,5036.0,5.036,,,,2.0479163226449737,0.995,10.0,0.4503492914682387,0.0545,1024.6,0.3870967741935484,8,0.063,A2-B0-C2-kbar-r12,0.0025192596298149,,,,,,,,,,,,,False,A2-B0-C2-kbar-r12,0.1964999999999999,40,0.3594999999999997,53,0.4395,20,4.895676895779403,9.902594889227602,9.4,97.5929028165662,5036.0,bateria_fase6_o3d_kcap,5036,5.036,0.995,1,10.0,0.08437566243259606,0.0034119047619047623,0.003604222088732515,28,1.0120481927710843,1.0,2.0,1.1799999999999926,0.016679904686258934,0.0164813343923749,0.012048192771084338,0.959952380952381,2.0,0.041,27.0,2.0,0.07142857142857142,1.037037037037037,27.0,0.07142857142857142,0.016393178408548207,5.018518518518518,5.035109770403888,0.4503492914682387,0.446267644795772,True,,95e916e3e8a8c5543c0bf36da5d66bab525737fb83ddd9204f145e59ea18e381,grafos_f800/O3D_kcap/A2-B0-C2-kbar-r12__s9315324__regla__N2000.grafo.gz,"reconstruir_regla_a2b0c2(seed=9315324, N=2000)"
O3D_kcap,no_pareado,A2-B0-C2-kbar-r128,9326576.0,I,regla,2000,8.0,7.0,0.465,0.334,6.26,4732.0,4.732,,,,0.963754595416374,0.9945,10.0,0.4707922375845246,0.0615,1156.2000000000005,0.3513513513513515,8,0.053,A2-B0-C2-kbar-r128,0.0023671835917958,,,,,,,,,,,,,False,A2-B0-C2-kbar-r128,0.2489999999999999,47,0.4024999999999997,45,0.4840000000000012,13,4.951316039647521,12.361828481235737,9.4,97.59295073731124,4732.0,bateria_fase6_o3d_kcap,4732,4.732,0.9945,1,10.0,0.058638139270638476,0.002080952380952381,0.002337472607742878,16,1.0,1.0,1.0,1.0,0.01014370245139476,0.01014370245139476,0.0,0.9788541666666667,3.0,0.0225,13.0,3.0,0.1875,1.2307692307692308,16.0,0.0625,0.010078377268417258,5.0,5.166624748490946,0.4707922375845246,0.5312420543430165,True,,6a5982180c063f6e18e77940b986945cd03eee80ed49f741aadf16f28556c364,grafos_f800/O3D_kcap/A2-B0-C2-kbar-r128__s9326576__regla__N2000.grafo.gz,"reconstruir_regla_a2b0c2(seed=9326576, N=2000)"
O3D_kcap,no_pareado,A2-B0-C2-kbar-r132,9326964.0,I,regla,2000,7.0,7.0,0.756,0.137,4.61,4204.0,4.204,,,,4.675596627915179,0.9885,11.0,0.5940104926120932,0.072,1353.6,0.4112903225806453,8,0.05,A2-B0-C2-kbar-r132,0.0021030515257628,,,,,,,,,,,,,False,A2-B0-C2-kbar-r132,0.3944999999999997,56,0.5064999999999995,48,0.542999999999996,5,4.736946338864792,8.490323417460639,9.4,97.59301905873318,4204.0,bateria_fase6_o3d_kcap,4204,4.204,0.9885,2,11.0,0.013084092210124982,0.0015309523809523809,0.0019823391602090466,11,1.0,1.0,1.0,1.0,0.00784966698382493,0.00784966698382493,0.0,0.9835,1.0,0.0165,11.0,1.0,0.09090909090909091,1.0,11.0,0.09090909090909091,0.007801219060095003,5.218181818181818,5.719340418353576,0.5940104926120932,0.5865069002806778,True,,1ffe9ec79880b1bb8e16dc5902e3138c3e995d6b61521494871bcf8974c532ac,grafos_f800/O3D_kcap/A2-B0-C2-kbar-r132__s9326964__regla__N2000.grafo.gz,"reconstruir_regla_a2b0c2(seed=9326964, N=2000)"
O3D_kcap,no_pareado,A2-B0-C2-kbar-r14,9315518.0,I,regla,2000,4.0,6.0,0.418,0.143,4.51,3865.0,3.865,,,,4.214389622641446,0.983,11.0,0.5740753607232386,0.0785,1475.8000000000002,0.4905660377358489,8,0.035,A2-B0-C2-kbar-r14,0.0019334667333666,,,,,,,,,,,,,False,A2-B0-C2-kbar-r14,0.4639999999999996,70,0.5704999999999993,32,0.5889999999999871,2,4.538340827427885,6.877774966893755,9.4,97.59304453491556,3865.0,bateria_fase6_o3d_kcap,3865,3.865,0.983,2,11.0,0.07606760522045171,0.0008,0.0008856742194995941,4,1.0,1.0,1.0,1.0,0.0031047865459249676,0.0031047865459249676,0.0,0.994,1.0,0.006,4.0,1.0,0.25,1.0,4.0,0.25,0.0030893898036748004,5.5,6.032569974554708,0.5740753607232386,0.5562178969427308,True,,d285a3bb7a36ccb8f9689d85ef170b721327802e42848fdf7748907e47637b32,grafos_f800/O3D_kcap/A2-B0-C2-kbar-r14__s9315518__regla__N2000.grafo.gz,"reconstruir_regla_a2b0c2(seed=9315518, N=2000)"
O3D_kcap,no_pareado,A2-B0-C2-kbar-r15,9315615.0,III,regla,2000,5.0,5.0,0.74,0.249,7.38,3123.0,3.123,,,,2.506492114192622,0.9215,14.0,0.8658389454116696,0.1245,2340.6000000000004,0.8981481481481479,8,0.035,A2-B0-C2-kbar-r15,0.0015622811405702,,,,,,,,,,,,,False,A2-B0-C2-kbar-r15,0.6289999999999992,70,0.6770000000000008,18,0.6849999999999832,1,4.215881501731037,17.362313418553697,9.4,97.59304902055568,3123.0,bateria_fase6_o3d_kcap,3123,3.123,0.9215,9,15.0,0.04269954152030258,0.011433333333333334,0.009298845660538691,29,1.0116279069767442,1.0,2.0,1.1500000000000057,0.027857829010566763,0.027537624079410822,0.011627906976744186,0.960316091954023,2.0,0.0415,26.0,2.0,0.06896551724137931,1.1153846153846154,28.0,0.06896551724137931,0.02742758247122539,6.983928571428573,6.553745928338762,0.8658389454116696,0.9082263893598113,True,,95d70b8517b01bf73e5b8a648f16c12651204429e5283d2abe79d4b945758ad3,grafos_f800/O3D_kcap/A2-B0-C2-kbar-r15__s9315615__regla__N2000.grafo.gz,"reconstruir_regla_a2b0c2(seed=9315615, N=2000)"
O3D_kcap,no_pareado,A2-B0-C2-kbar-r18,9315906.0,I,regla,2000,8.0,6.0,0.308,0.322,7.64,3835.0,3.835,,,,1.4787527751454983,0.959,12.0,0.6447999043870436,0.094,1767.2,0.4516129032258065,8,0.041,A2-B0-C2-kbar-r18,0.0019184592296148,,,,,,,,,,,,,False,A2-B0-C2-kbar-r18,0.4474999999999996,64,0.5719999999999993,36,0.5984999999999867,3,4.440803192486359,13.893322504717972,9.4,97.59296002943655,3835.0,bateria_fase6_o3d_kcap,3835,3.835,0.959,6,12.0,0.08013893515047699,0.009849999999999998,0.005847531042448744,27,1.0384615384615385,1.0,3.0,2.230000000000004,0.021121251629726206,0.020338983050847456,0.02564102564102564,0.9668580246913581,3.0,0.0365,22.0,4.0,0.14814814814814814,1.2272727272727273,24.0,0.1111111111111111,0.020249180249843186,6.1596153846153845,5.543340288645453,0.6447999043870436,0.6581455084512843,True,,d2efdd971ef55ec5025ec41ce74f590f925af240371e02ec31dca21f3df2b2ee,grafos_f800/O3D_kcap/A2-B0-C2-kbar-r18__s9315906__regla__N2000.grafo.gz,"reconstruir_regla_a2b0c2(seed=9315906, N=2000)"
O3D_kcap,no_pareado,A2-B0-C2-kbar-r19,9316003.0,III,regla,2000,5.0,4.0,0.371,0.335,5.45,2479.0,2.479,,,,1.2560858941621864,0.8895,19.0,0.9116228724132952,0.1399999999999999,2632.0,1.236111111111111,8,0.032,A2-B0-C2-kbar-r19,0.00124012006003,,,,,,,,,,,,,False,A2-B0-C2-kbar-r19,0.7755000000000005,37,0.8019999999999827,4,0.8044999999999786,1,4.004787268545688,11.109420953998407,9.4,97.59292510720331,2479.0,bateria_fase6_o3d_kcap,2479,2.479,0.8895,20,19.0,0.0719655710763591,0.009083333333333332,0.007255813953488372,13,1.0,1.0,1.0,1.0,0.01573215006050827,0.01573215006050827,0.0,0.9805,1.0,0.0195,13.0,1.0,0.07692307692307693,1.0,13.0,0.07692307692307693,0.01568430971837497,8.763636363636364,8.765916760404949,0.9116228724132952,0.9461346131336719,True,,c7c3bc0cc9a70bdd0acf1890446bafb9bbbd3c2bca58acfdc5e6c0dc1cb1ca31,grafos_f800/O3D_kcap/A2-B0-C2-kbar-r19__s9316003__regla__N2000.grafo.gz,"reconstruir_regla_a2b0c2(seed=9316003, N=2000)"
O3D_kcap,no_pareado,A2-B0-C2-kbar-r2,9314354.0,III,regla,2000,5.0,4.0,0.712,0.261,6.92,2303.0,2.303,,,,2.384046342417512,0.8285,17.0,1.0504346754768952,0.1519999999999999,2857.6,1.2735042735042732,8,0.027,A2-B0-C2-kbar-r2,0.001152076038019,,,,,,,,,,,,,False,A2-B0-C2-kbar-r2,0.7820000000000008,41,0.8054999999999819,5,0.8089999999999783,1,4.045275214118497,13.11304698822318,9.4,97.59299879506855,2303.0,bateria_fase6_o3d_kcap,2303,2.303,0.8285,26,17.0,0.01730146718796042,0.015333333333333332,0.016590953979853842,28,1.0120481927710843,1.0,2.0,1.1799999999999926,0.0364741641337386,0.03603994789405124,0.012048192771084338,0.9627023809523809,2.0,0.0395,24.0,3.0,0.10714285714285714,1.1666666666666667,27.0,0.07142857142857142,0.03589722028074541,7.987037037037036,8.862922705314011,1.0504346754768952,1.0309992276313042,True,,10890b0637265c11f3694099d5aaefe9150f673482db3620fd539bee7ef672f9,grafos_f800/O3D_kcap/A2-B0-C2-kbar-r2__s9314354__regla__N2000.grafo.gz,"reconstruir_regla_a2b0c2(seed=9314354, N=2000)"
O3D_kcap,no_pareado,A2-B0-C2-kbar-r20,9316100.0,III,regla,2000,5.0,5.0,0.463,0.114,7.04,3188.0,3.188,,,,2.7802859401401188,0.9455,14.0,0.8093692842486077,0.109,2049.2,0.5633802816901409,8,0.036,A2-B0-C2-kbar-r20,0.0015947973986993,,,,,,,,,,,,,False,A2-B0-C2-kbar-r20,0.6229999999999993,68,0.6820000000000018,17,0.691999999999983,1,4.236645204372763,12.060911939466756,9.4,97.59296094879495,3188.0,bateria_fase6_o3d_kcap,3188,3.188,0.9455,7,14.0,0.057150792779941985,0.013366666666666667,0.01217948717948718,38,1.0178571428571428,1.0,2.0,1.8900000000000006,0.035759096612296114,0.03513174404015056,0.017857142857142856,0.9521228070175438,2.0,0.052,30.0,4.0,0.10526315789473684,1.2666666666666666,36.0,0.05263157894736842,0.03496164746563729,6.762162162162161,6.7826839826839835,0.8093692842486077,0.7168810447009102,True,,02384a215c4a17ad1d97b76cec57ca39267dd9076c03dae03fb76226fdaffc5d,grafos_f800/O3D_kcap/A2-B0-C2-kbar-r20__s9316100__regla__N2000.grafo.gz,"reconstruir_regla_a2b0c2(seed=9316100, N=2000)"
O3D_kcap,no_pareado,A2-B0-C2-kbar-r21,9316197.0,I,regla,2000,4.0,5.0,0.529,0.338,4.7,3330.0,3.33,,,,1.5968993760766963,0.966,13.0,0.6934989179252664,0.099,1861.2,0.4702702702702699,8,0.035,A2-B0-C2-kbar-r21,0.0016658329164582,,,,,,,,,,,,,False,A2-B0-C2-kbar-r21,0.6129999999999992,62,0.6685000000000009,17,0.6859999999999833,2,4.279833543470798,9.28435605509612,9.4,97.59291509541762,3330.0,bateria_fase6_o3d_kcap,3330,3.33,0.966,6,12.0,0.07048027052437392,0.002533333333333333,0.0027680951404551978,9,1.0,1.0,1.0,1.0,0.008108108108108109,0.008108108108108109,0.0,0.9865,1.0,0.0135,9.0,1.0,0.1111111111111111,1.0,9.0,0.1111111111111111,0.008074065056047039,6.666666666666667,6.623181582788004,0.6934989179252664,0.6331294929616356,True,,949ce895e96adea6bbea7514a0bcba7c2b95f796a3dc4a4d02d3560d4f9466b7,grafos_f800/O3D_kcap/A2-B0-C2-kbar-r21__s9316197__regla__N2000.grafo.gz,"reconstruir_regla_a2b0c2(seed=9316197, N=2000)"
O3D_kcap,no_pareado,A2-B0-C2-kbar-r22,9316294.0,II,regla,2000,5.0,7.0,0.306,0.26,7.45,4767.0,4.767,,,,1.2638210169980193,0.993,9.0,0.4360186341727448,0.0615,1156.1999999999998,0.2999999999999999,8,0.046,A2-B0-C2-kbar-r22,0.002384692346173,,,,,,,,,,,,,False,A2-B0-C2-kbar-r22,0.2169999999999999,40,0.3769999999999997,54,0.4664999999999999,20,4.946797644757688,10.664969391034033,9.4,97.59302047583112,4767.0,bateria_fase6_o3d_kcap,4767,4.767,0.993,1,9.0,0.09164900291934362,0.003759523809523809,0.004140885292717753,29,1.0116279069767442,1.0,2.0,1.1500000000000057,0.01825047199496539,0.01804069645479337,0.011627906976744186,0.9612816091954023,3.0,0.041,25.0,4.0,0.13793103448275862,1.16,28.0,0.06896551724137931,0.01793016494377448,4.744642857142858,5.362174643157011,0.4360186341727448,0.3909583690566304,True,,4cdbcfad54716f44a44e822ac6fd7c746eb648d8828313e2624d4f5437ec4c77,grafos_f800/O3D_kcap/A2-B0-C2-kbar-r22__s9316294__regla__N2000.grafo.gz,"reconstruir_regla_a2b0c2(seed=9316294, N=2000)"
O3D_kcap,no_pareado,A2-B0-C2-kbar-r25,9316585.0,III,regla,2000,7.0,5.0,0.447,0.299,6.3,3244.0,3.244,,,,1.4565940781481337,0.943,15.0,0.8234872281253082,0.108,2030.4000000000003,0.6218905472636812,8,0.035,A2-B0-C2-kbar-r25,0.0016228114057028,,,,,,,,,,,,,False,A2-B0-C2-kbar-r25,0.6004999999999994,68,0.6670000000000013,15,0.6799999999999834,1,4.1657681256698,11.769764817646417,9.4,97.59303088702826,3244.0,bateria_fase6_o3d_kcap,3244,3.244,0.943,10,15.0,0.06366130577972381,0.007933333333333332,0.006592716617831729,21,1.0161290322580645,1.0,2.0,1.3900000000000006,0.01942046855733662,0.01911220715166461,0.016129032258064516,0.9704365079365079,2.0,0.0305,20.0,2.0,0.09523809523809523,1.05,20.0,0.09523809523809523,0.019036852251942696,6.739999999999999,6.763501326259947,0.8234872281253082,0.8490254472492262,True,,70198e805845e5f37504af7bb79a1f2244b14a6456ca486c65dd97b74e38196a,grafos_f800/O3D_kcap/A2-B0-C2-kbar-r25__s9316585__regla__N2000.grafo.gz,"reconstruir_regla_a2b0c2(seed=9316585, N=2000)"
O3D_kcap,no_pareado,A2-B0-C2-kbar-r26,9316682.0,III,regla,2000,5.0,5.0,0.482,0.256,4.08,3159.0,3.159,,,,1.078351228164908,0.952,15.0,0.8267866324311398,0.1035,1945.8,0.536231884057971,8,0.036,A2-B0-C2-kbar-r26,0.0015802901450725,,,,,,,,,,,,,False,A2-B0-C2-kbar-r26,0.6409999999999995,61,0.6974999999999971,14,0.7054999999999824,1,4.128437896730305,8.393869985213454,9.4,97.59303724368137,3159.0,bateria_fase6_o3d_kcap,3159,3.159,0.952,8,15.0,0.07182567299269542,0.0015166666666666666,0.0016976007243096423,5,1.0,1.0,1.0,1.0,0.004748338081671415,0.004748338081671415,0.0,0.9925,1.0,0.0075,5.0,1.0,0.2,1.0,5.0,0.2,0.00472769531191676,5.8,7.06242774566474,0.8267866324311398,0.8303759972098653,True,,d0de52a2053f4e9886c1b5674a27c60e452888126228201733d38f103dda0087,grafos_f800/O3D_kcap/A2-B0-C2-kbar-r26__s9316682__regla__N2000.grafo.gz,"reconstruir_regla_a2b0c2(seed=9316682, N=2000)"
O3D_kcap,no_pareado,A2-B0-C2-kbar-r27,9316779.0,I,regla,2000,8.0,7.0,0.594,0.107,5.39,4524.0,4.524,,,,6.132613462127417,0.994,10.0,0.4717219533102194,0.0675,1269.0,0.3902439024390245,8,0.037,A2-B0-C2-kbar-r27,0.0022631315657828,,,,,,,,,,,,,False,A2-B0-C2-kbar-r27,0.2744999999999998,51,0.4504999999999996,47,0.5070000000000012,7,4.764868066299546,10.51387981606673,9.4,97.59294959219098,4524.0,bateria_fase6_o3d_kcap,4524,4.524,0.994,2,10.0,0.046869665089366734,0.0018642857142857144,0.002356637863315004,15,1.0,1.0,1.0,1.0,0.009946949602122016,0.009946949602122016,0.0,0.9784777777777778,2.0,0.022,14.0,2.0,0.13333333333333333,1.0714285714285714,15.0,0.06666666666666667,0.009885117080648957,4.961904761904762,5.254529441368898,0.47172195331021943,0.47469682441803895,True,,b7f705cf37d3a3799267ba24f8501fdf84857f0d01b7a4ac2044a442c09a936c,grafos_f800/O3D_kcap/A2-B0-C2-kbar-r27__s9316779__regla__N2000.grafo.gz,"reconstruir_regla_a2b0c2(seed=9316779, N=2000)"
O3D_kcap,no_pareado,A2-B0-C2-kbar-r28,9316876.0,I,regla,2000,5.0,6.0,0.501,0.289,6.14,4089.0,4.089,,,,1.7476395436207794,0.9885,10.0,0.4746276991935034,0.075,1410.0000000000002,0.4054054054054055,8,0.049,A2-B0-C2-kbar-r28,0.0020455227613806,,,,,,,,,,,,,False,A2-B0-C2-kbar-r28,0.4174999999999997,60,0.5259999999999994,35,0.5624999999999911,3,4.640190948374302,6.432869342071147,9.4,97.59295529652256,4089.0,bateria_fase6_o3d_kcap,4089,4.089,0.9885,2,10.0,0.09215200600302562,0.0037833333333333334,0.003771836950767602,19,1.0178571428571428,1.0,2.0,1.4500000000000028,0.013939838591342627,0.013695280019564686,0.017857142857142856,0.9743421052631579,2.0,0.027,17.0,2.0,0.10526315789473684,1.1176470588235294,18.0,0.10526315789473684,0.013629849088401796,5.649122807017544,5.7567054655870455,0.4746276991935034,0.4997613763466476,True,,60e297b4454428aa5333802b66344616cec368e564f6c160180b2ff6344cb579,grafos_f800/O3D_kcap/A2-B0-C2-kbar-r28__s9316876__regla__N2000.grafo.gz,"reconstruir_regla_a2b0c2(seed=9316876, N=2000)"
O3D_kcap,no_pareado,A2-B0-C2-kbar-r3,9314451.0,I,regla,2000,5.0,6.0,0.709,0.143,4.67,3880.0,3.88,,,,4.0268612571958,0.983,12.0,0.58624897933162,0.0835,1569.8,0.4464285714285715,8,0.033,A2-B0-C2-kbar-r3,0.0019409704852426,,,,,,,,,,,,,False,A2-B0-C2-kbar-r3,0.4564999999999997,64,0.5665000000000007,29,0.586499999999987,1,4.409898946933053,8.214478763167646,9.4,97.59293607073737,3880.0,bateria_fase6_o3d_kcap,3880,3.88,0.983,1,12.0,0.04611078129679938,0.003466666666666667,0.0028465075541931244,13,1.0,1.0,1.0,1.0,0.010051546391752578,0.010051546391752578,0.0,0.9805,1.0,0.0195,13.0,1.0,0.07692307692307693,1.0,13.0,0.07692307692307693,0.010006360266765862,5.794871794871795,5.909541984732825,0.58624897933162,0.6123446914811264,True,,10b18711c70d30deeab3752f19bdc7d67d0c93bddd0e6a46ff863368051ca850,grafos_f800/O3D_kcap/A2-B0-C2-kbar-r3__s9314451__regla__N2000.grafo.gz,"reconstruir_regla_a2b0c2(seed=9314451, N=2000)"
O3D_kcap,no_pareado,A2-B0-C2-kbar-r31,9317167.0,II,regla,2000,5.0,7.0,0.756,0.107,4.87,4403.0,4.403,,,,7.784509397883137,0.9865,9.0,0.4294906280381833,0.0715,1344.2,0.4347826086956523,8,0.041,A2-B0-C2-kbar-r31,0.0022026013006503,,,,,,,,,,,,,False,A2-B0-C2-kbar-r31,0.3354999999999998,54,0.4829999999999996,42,0.5174999999999949,8,4.595022362589181,8.134352535734742,9.4,97.59290761689444,4403.0,bateria_fase6_o3d_kcap,4403,4.403,0.9865,2,9.0,0.019883935905539083,0.0014,0.0013136288998357964,8,1.0,1.0,1.0,1.0,0.005450828980240745,0.005450828980240745,0.0,0.988,1.0,0.012,8.0,1.0,0.125,1.0,8.0,0.125,0.005422381215623791,4.821428571428571,5.212263353617309,0.4294906280381833,0.42672398691317237,True,,4d0cfe66b2415d00f8c90a4d44f0a4b526fe756f0b52c0067bee2195b4e48e35,grafos_f800/O3D_kcap/A2-B0-C2-kbar-r31__s9317167__regla__N2000.grafo.gz,"reconstruir_regla_a2b0c2(seed=9317167, N=2000)"
O3D_kcap,no_pareado,A2-B0-C2-kbar-r32,9317264.0,III,regla,2000,5.0,4.0,0.683,0.316,6.64,2340.0,2.34,,,,1.932742072466864,0.8485,19.0,1.0213591018476165,0.1519999999999999,2857.6,1.3116883116883118,8,0.03,A2-B0-C2-kbar-r32,0.0011705852926463,,,,,,,,,,,,,False,A2-B0-C2-kbar-r32,0.8065000000000005,41,0.8229999999999783,2,0.8269999999999776,1,3.804193447557612,12.541660223149131,9.4,97.59284621201192,2340.0,bateria_fase6_o3d_kcap,2340,2.34,0.8485,22,19.0,0.034475554477792957,0.01908333333333333,0.0187866927592955,32,1.0105263157894737,1.0,2.0,1.0600000000000023,0.041025641025641026,0.0405982905982906,0.010526315789473684,0.95490625,2.0,0.0465,30.0,2.0,0.0625,1.0666666666666667,31.0,0.0625,0.04045323800131492,9.486666666666668,9.29845626072041,1.0213591018476165,1.0812804476951345,True,,78f9cc2244fbb36e9aea15ceadc256ce14c88f98ae63b2a8d95998f15b26018b,grafos_f800/O3D_kcap/A2-B0-C2-kbar-r32__s9317264__regla__N2000.grafo.gz,"reconstruir_regla_a2b0c2(seed=9317264, N=2000)"
O3D_kcap,no_pareado,A2-B0-C2-kbar-r33,9317361.0,I,regla,2000,5.0,7.0,0.517,0.186,5.5,4678.0,4.678,,,,2.8030090549320685,0.9915,11.0,0.5680932702826681,0.0635,1193.8,0.4000000000000001,8,0.063,A2-B0-C2-kbar-r33,0.0023401700850425,,,,,,,,,,,,,False,A2-B0-C2-kbar-r33,0.2344999999999999,51,0.4004999999999998,55,0.4625000000000014,13,4.939759804967301,11.103969083708924,9.4,97.59303900912217,4678.0,bateria_fase6_o3d_kcap,4678,4.678,0.9915,1,11.0,-0.007483653042906591,0.0019976190476190476,0.0023835534809812297,16,1.0,1.0,1.0,1.0,0.010260795211628902,0.010260795211628902,0.0,0.976,1.0,0.024,16.0,1.0,0.0625,1.0,16.0,0.0625,0.010201161742236821,4.983333333333333,5.336907164480323,0.5680932702826681,0.5430001254610491,True,,8b355976d2b5445d438ec9ec3e19bfee675331d118b5c085309d266569a6bcdb,grafos_f800/O3D_kcap/A2-B0-C2-kbar-r33__s9317361__regla__N2000.grafo.gz,"reconstruir_regla_a2b0c2(seed=9317361, N=2000)"
O3D_kcap,no_pareado,A2-B0-C2-kbar-r35,9317555.0,I,regla,2000,7.0,6.0,0.708,0.318,5.38,4086.0,4.086,,,,2.0224075690193115,0.9845,11.0,0.6034117120604404,0.078,1466.4,0.32484076433121,8,0.046,A2-B0-C2-kbar-r35,0.0020440220110055,,,,,,,,,,,,,False,A2-B0-C2-kbar-r35,0.4404999999999996,69,0.5335,32,0.5694999999999882,3,4.502611814495764,6.051373908181491,9.4,97.59300748677296,4086.0,bateria_fase6_o3d_kcap,4086,4.086,0.9845,3,11.0,0.05535710979672859,0.003466666666666667,0.004363636363636364,22,1.0153846153846153,1.0,2.0,1.3599999999999994,0.016152716593245228,0.015907978463044543,0.015384615384615385,0.968939393939394,2.0,0.032,21.0,2.0,0.09090909090909091,1.0476190476190477,21.0,0.09090909090909091,0.015824317674165977,5.257142857142857,5.735541389504805,0.6034117120604404,0.5202756585735544,True,,fac5aa690347eae053079a1f953da6f96e76a56f716d871b85a64112162403c9,grafos_f800/O3D_kcap/A2-B0-C2-kbar-r35__s9317555__regla__N2000.grafo.gz,"reconstruir_regla_a2b0c2(seed=9317555, N=2000)"
O3D_kcap,no_pareado,A2-B0-C2-kbar-r36,9317652.0,I,regla,2000,7.0,5.0,0.586,0.287,5.09,3316.0,3.316,,,,1.5753526455979403,0.9655,13.0,0.6107696042462961,0.0965,1814.2,0.5156249999999999,8,0.035,A2-B0-C2-kbar-r36,0.0016588294147073,,,,,,,,,,,,,False,A2-B0-C2-kbar-r36,0.6064999999999994,64,0.6674999999999944,17,0.6794999999999836,3,4.293034770848468,7.646565095084946,9.4,97.59298038238713,3316.0,bateria_fase6_o3d_kcap,3316,3.316,0.9655,7,13.0,0.06201500500833525,0.005766666666666666,0.004655011896141512,15,1.0227272727272727,1.0,2.0,1.5700000000000003,0.013570566948130277,0.013268998793727383,0.022727272727272728,0.9794111111111111,2.0,0.0215,14.0,2.0,0.13333333333333333,1.0714285714285714,14.0,0.13333333333333333,0.01322104891151721,7.2285714285714295,6.996113989637306,0.6107696042462961,0.6942252673593216,True,,480975d1ecd0724e9ccef7a64394d0b89c3f5a4d50ad973d6d68ec6cd8dd1754,grafos_f800/O3D_kcap/A2-B0-C2-kbar-r36__s9317652__regla__N2000.grafo.gz,"reconstruir_regla_a2b0c2(seed=9317652, N=2000)"
O3D_kcap,no_pareado,A2-B0-C2-kbar-r4,9314548.0,I,regla,2000,7.0,6.0,0.37,0.135,7.7,3923.0,3.923,,,,1.723421421355565,0.9725,12.0,0.6325984490066032,0.0905,1701.4,0.4032258064516129,8,0.042,A2-B0-C2-kbar-r4,0.0019624812406203,,,,,,,,,,,,,False,A2-B0-C2-kbar-r4,0.4529999999999996,71,0.5675000000000003,32,0.5964999999999869,4,4.390759074517151,10.115351002902408,9.4,97.59298568315344,3923.0,bateria_fase6_o3d_kcap,3923,3.923,0.9725,5,12.0,0.08224429344320998,0.01305,0.008510932742872958,41,1.0,1.0,1.0,1.0,0.03135355595207749,0.03135355595207749,0.0,0.9404674796747967,2.0,0.0605,39.0,3.0,0.07317073170731707,1.0512820512820513,41.0,0.024390243902439025,0.03120625182871214,5.730000000000001,5.760673868312758,0.6325984490066032,0.633681956946702,True,,0a5c7501cacc34ce00b0ab2c677582455d81a1e5a7ae84440f9238932aebaba1,grafos_f800/O3D_kcap/A2-B0-C2-kbar-r4__s9314548__regla__N2000.grafo.gz,"reconstruir_regla_a2b0c2(seed=9314548, N=2000)"
O3D_kcap,no_pareado,A2-B0-C2-kbar-r54,9319398.0,I,regla,2000,7.0,6.0,0.534,0.275,5.34,4093.0,4.093,,,,1.3532054023901572,0.9855,11.0,0.5690912616638331,0.0755,1419.4,0.3888888888888885,8,0.044,A2-B0-C2-kbar-r54,0.0020475237618809,,,,,,,,,,,,,False,A2-B0-C2-kbar-r54,0.3969999999999997,60,0.5329999999999999,32,0.5669999999999885,4,4.643050251277349,6.916769990469535,9.4,97.59300404069748,4093.0,bateria_fase6_o3d_kcap,4093,4.093,0.9855,1,10.0,0.05720295854220176,0.0014166666666666668,0.0021823953442232655,11,1.0,1.0,1.0,1.0,0.008062545809919374,0.008062545809919374,0.0,0.9835,1.0,0.0165,11.0,1.0,0.09090909090909091,1.0,11.0,0.09090909090909091,0.00801680677485692,5.109090909090909,5.866793570219966,0.5690912616638331,0.5141567520940323,True,,b0fcfb27708f1bff712c7e99bc07f0a7e6dcede6611750def9a41ddcdad5aec1,grafos_f800/O3D_kcap/A2-B0-C2-kbar-r54__s9319398__regla__N2000.grafo.gz,"reconstruir_regla_a2b0c2(seed=9319398, N=2000)"
O3D_kcap,no_pareado,A2-B0-C2-kbar-r6,9314742.0,III,regla,2000,7.0,4.0,0.667,0.159,5.08,2556.0,2.556,,,,2.769011969535513,0.909,18.0,0.8583081296910058,0.1389999999999999,2613.2000000000003,1.1187214611872145,8,0.023,A2-B0-C2-kbar-r6,0.0012786393196598,,,,,,,,,,,,,False,A2-B0-C2-kbar-r6,0.7835000000000003,48,0.7989999999999787,1,0.8019999999999786,1,3.966339599911209,11.420041852047294,9.4,97.59298345872148,2556.0,bateria_fase6_o3d_kcap,2556,2.556,0.909,20,19.0,0.09883200938249999,0.008583333333333332,0.007506702412868633,14,1.0,1.0,1.0,1.0,0.01643192488262911,0.01643192488262911,0.0,0.979,1.0,0.021,14.0,1.0,0.07142857142857142,1.0,14.0,0.07142857142857142,0.016382255015049432,8.505494505494505,8.86979453311319,0.8583081296910058,0.9809061564889985,True,,4b01078dc3f4df8dbdab42df27459e92a7b40bd547f7daca1299c2fccb6fe7d7,grafos_f800/O3D_kcap/A2-B0-C2-kbar-r6__s9314742__regla__N2000.grafo.gz,"reconstruir_regla_a2b0c2(seed=9314742, N=2000)"
O3D_kcap,no_pareado,A2-B0-C2-kbar-r65,9320465.0,III,regla,2000,7.0,4.0,0.349,0.285,6.21,2372.0,2.372,,,,1.3360604316480325,0.859,20.0,1.0117671355110578,0.1474999999999999,2773.0,1.3194444444444444,8,0.028,A2-B0-C2-kbar-r65,0.0011865932966483,,,,,,,,,,,,,False,A2-B0-C2-kbar-r65,0.7980000000000002,37,0.8124999999999784,2,0.8169999999999781,1,4.112639137074644,11.528771060093188,9.4,97.59298480020476,2372.0,bateria_fase6_o3d_kcap,2372,2.372,0.859,25,20.0,0.030272760023037915,0.01125,0.011838989739542225,20,1.0,1.0,1.0,1.0,0.025295109612141653,0.025295109612141653,0.0,0.9709833333333333,2.0,0.0295,19.0,2.0,0.1,1.0526315789473684,20.0,0.05,0.025203754311827985,8.826315789473686,8.892020966802562,1.0117671355110578,1.0046517371404546,True,,a1e9d3cbbabca04984d5e62c01a63ae2459eb6375d68963ade2173cb43286a73,grafos_f800/O3D_kcap/A2-B0-C2-kbar-r65__s9320465__regla__N2000.grafo.gz,"reconstruir_regla_a2b0c2(seed=9320465, N=2000)"
O3D_kcap,no_pareado,A2-B0-C2-kbar-r7,9314839.0,III,regla,2000,8.0,4.0,0.535,0.335,7.17,2270.0,2.27,,,,1.8948928817735733,0.8255,23.0,1.2194028495841998,0.1524999999999999,2867.0,1.3911111111111114,8,0.022,A2-B0-C2-kbar-r7,0.0011355677838919,,,,,,,,,,,,,False,A2-B0-C2-kbar-r7,0.7919999999999999,47,0.8114999999999871,4,0.816499999999978,1,4.132294942421416,13.029697185103185,9.4,97.59291835080325,2270.0,bateria_fase6_o3d_kcap,2270,2.27,0.8255,24,23.0,0.00750827195268357,0.021416666666666664,0.020349434737923947,33,1.010204081632653,1.0,2.0,1.0300000000000011,0.04361233480176212,0.04317180616740088,0.01020408163265306,0.9534090909090909,2.0,0.048,31.0,2.0,0.06060606060606061,1.064516129032258,32.0,0.06060606060606061,0.04302480156804905,9.540625,9.198316498316498,1.2194028495841998,1.1899194679326965,True,,c6bda2ed4e6505325052bc2519b1fbcdbe151cad3dc38a43a5199a287836c6a5,grafos_f800/O3D_kcap/A2-B0-C2-kbar-r7__s9314839__regla__N2000.grafo.gz,"reconstruir_regla_a2b0c2(seed=9314839, N=2000)"
O3D_kcap,no_pareado,A2-B0-C2-kbar-r74,9321338.0,III,regla,2000,8.0,4.0,0.622,0.157,7.28,2224.0,2.224,,,,3.255957443528897,0.8,20.0,1.1908449679511022,0.1544999999999999,2904.6,1.2933884297520657,8,0.027,A2-B0-C2-kbar-r74,0.001112556278139,,,,,,,,,,,,,False,A2-B0-C2-kbar-r74,0.8075000000000002,39,0.8234999999999785,2,0.8279999999999776,1,3.793137211828712,13.072334061268988,9.4,97.59304185023092,2224.0,bateria_fase6_o3d_kcap,2224,2.224,0.8,34,20.0,0.08252301688499103,0.02775,0.025726835390085755,41,1.0081967213114753,1.0,2.0,1.0,0.055305755395683456,0.05485611510791367,0.00819672131147541,0.9432967479674796,2.0,0.059,37.0,3.0,0.07317073170731707,1.1081081081081081,40.0,0.04878048780487805,0.05466111598131567,9.331024930747922,8.70492921712434,1.1908449679511022,1.1401669446779263,True,,b9c7e37edf24f5a95e3c6adaee22b66f124e695fa59fab6d0ec82133db277448,grafos_f800/O3D_kcap/A2-B0-C2-kbar-r74__s9321338__regla__N2000.grafo.gz,"reconstruir_regla_a2b0c2(seed=9321338, N=2000)"
O3D_kcap,no_pareado,A2-B0-C2-kbar-r8,9314936.0,II,regla,2000,5.0,7.0,0.722,0.193,5.19,4539.0,4.539,,,,3.644132226273675,0.991,9.0,0.4202349926582744,0.0675,1269.0,0.4444444444444436,8,0.048,A2-B0-C2-kbar-r8,0.0022706353176588,,,,,,,,,,,,,False,A2-B0-C2-kbar-r8,0.2939999999999998,54,0.4359999999999996,52,0.5024999999999975,9,4.7716865378235225,11.280982239919648,9.4,97.59305936136138,4539.0,bateria_fase6_o3d_kcap,4539,4.539,0.991,3,9.0,0.03660258682284372,0.0008047619047619048,0.0010923845193508116,7,1.0,1.0,1.0,1.0,0.004626569729015202,0.004626569729015202,0.0,0.9895,1.0,0.0105,7.0,1.0,0.14285714285714285,1.0,7.0,0.14285714285714285,0.0045985149098986475,4.952380952380952,5.197417129395928,0.4202349926582744,0.43038866923676433,True,,90fa6347dfc5813183600a4a5a01f6ba9fbf20bb0c71a37976d90ec21f5326b9,grafos_f800/O3D_kcap/A2-B0-C2-kbar-r8__s9314936__regla__N2000.grafo.gz,"reconstruir_regla_a2b0c2(seed=9314936, N=2000)"
O3D_kcap,no_pareado,A2-B0-C2-kbar-r9,9315033.0,I,regla,2000,5.0,6.0,0.481,0.243,4.8,3849.0,3.849,,,,1.4884185838504134,0.9805,12.0,0.6090791081700071,0.081,1522.8,0.3636363636363636,8,0.039,A2-B0-C2-kbar-r9,0.0019254627313656,,,,,,,,,,,,,False,A2-B0-C2-kbar-r9,0.4569999999999996,71,0.5774999999999995,36,0.5944999999999868,2,4.417576599050836,6.6040581940050505,9.4,97.59303354270688,3849.0,bateria_fase6_o3d_kcap,3849,3.849,0.9805,2,12.0,0.08990428999200434,0.0022833333333333334,0.0024502524502524503,11,1.0,1.0,1.0,1.0,0.00857365549493375,0.00857365549493375,0.0,0.9835,1.0,0.0165,11.0,1.0,0.09090909090909091,1.0,11.0,0.09090909090909091,0.008529847954083217,5.7272727272727275,6.172661564625851,0.6090791081700071,0.6258273132717961,True,,34db8f80b5e4c2cefc45ef8f1b4746348d66de0a301144c8fdf662803ff22d7c,grafos_f800/O3D_kcap/A2-B0-C2-kbar-r9__s9315033__regla__N2000.grafo.gz,"reconstruir_regla_a2b0c2(seed=9315033, N=2000)"
O3D_kcap,no_pareado,CONTROL-ER-a2321-s3000001,3000001.0,CONTROL_ER,control_ER,2000,,,,,,2321.0,2.321,,,,,,,,0.1509999999999999,2838.8,1.36,8,0.03,CONTROL-ER-a2321-s3000001,0.0011610805402701,,,,,,,,,,,,,False,CONTROL-ER-a2321-s3000001,0.7985000000000008,37,0.8199999999999819,3,0.8239999999999778,1,3.99490765260458,11.771182143853622,9.4,97.59302116660636,2321.0,bateria_fase6_o3d_kcap,2321,2.321,0.8685,27,19.0,-0.025761355715058352,0.0008333333333333333,0.0016803584764749813,3,1.0,1.0,1.0,1.0,0.003877638948728996,0.003877638948728996,0.0,0.9955,1.0,0.0045,3.0,1.0,0.3333333333333333,1.0,3.0,0.3333333333333333,0.0038559665686598637,6.0,7.729886712749615,1.0533117975108828,1.0579907254644858,True,,501b0d90b023beb4d9babcb45e909e2d8c90047a39d2f424171cb694a0fb5c07,grafos_f800/O3D_kcap/CONTROL-ER-a2321-s3000001__s3000001__control_ER__N2000.grafo.gz,"generar_grafo_erdos_renyi(N=2000, aristas=2321, seed=3000001)"
O3D_kcap,no_pareado,CONTROL-ER-a2321-s3000002,3000002.0,CONTROL_ER,control_ER,2000,,,,,,2321.0,2.321,,,,,,,,0.1504999999999999,2829.4,1.1756756756756754,9,0.035,CONTROL-ER-a2321-s3000002,0.0011610805402701,,,,,,,,,,,,,False,CONTROL-ER-a2321-s3000002,0.7899999999999999,47,0.8184999999999789,4,0.8204999999999779,1,3.770777181804093,12.347895224808877,9.4,97.59300415222104,2321.0,bateria_fase6_o3d_kcap,2321,2.321,0.8855,20,22.0,-0.005051773377807001,0.0,0.0,0,,,0.0,,0.0,0.0,,,0.0,0.0,,,,,,,,,8.365896250642013,1.1807636915062827,1.1808034325210877,True,,50e6c94f78074521c301b8d8dbdc226c252eaba80243b6e57cdc8d94b9406d0a,grafos_f800/O3D_kcap/CONTROL-ER-a2321-s3000002__s3000002__control_ER__N2000.grafo.gz,"generar_grafo_erdos_renyi(N=2000, aristas=2321, seed=3000002)"
O3D_kcap,no_pareado,CONTROL-ER-a2321-s3000003,3000003.0,CONTROL_ER,control_ER,2000,,,,,,2321.0,2.321,,,,,,,,0.1489999999999999,2801.2000000000003,1.4492753623188404,8,0.029,CONTROL-ER-a2321-s3000003,0.0011610805402701,,,,,,,,,,,,,False,CONTROL-ER-a2321-s3000003,0.8030000000000005,38,0.8199999999999782,2,0.8224999999999778,1,4.092837573570114,11.043549417942048,9.4,97.59297723660484,2321.0,bateria_fase6_o3d_kcap,2321,2.321,0.881,20,18.0,0.011452591461468166,0.00021666666666666668,0.0005601194921583271,1,1.0,1.0,1.0,1.0,0.0012925463162429987,0.0012925463162429987,0.0,0.9985,1.0,0.0015,1.0,1.0,1.0,1.0,1.0,1.0,0.001284703420671942,,8.93877445666202,1.0888445428617717,1.073836723528972,True,,b4149f2ef85d17af165ad6ef527156c103e357a2daf0de11157c6b34245e61d8,grafos_f800/O3D_kcap/CONTROL-ER-a2321-s3000003__s3000003__control_ER__N2000.grafo.gz,"generar_grafo_erdos_renyi(N=2000, aristas=2321, seed=3000003)"
O3D_kcap,no_pareado,CONTROL-ER-a4608-s3000011,3000011.0,CONTROL_ER,control_ER,2000,,,,,,4608.0,4.608,,,,,,,,0.0695,1306.6,0.3953488372093025,8,0.052,CONTROL-ER-a4608-s3000011,0.0023051525762881,,,,,,,,,,,,,False,CONTROL-ER-a4608-s3000011,0.3089999999999998,53,0.4599999999999996,40,0.5044999999999953,4,4.775099198231625,11.920082779134932,9.4,97.5930465924398,4608.0,bateria_fase6_o3d_kcap,4608,4.608,0.9935,1,9.0,0.019251490047958623,0.0016266233766233766,0.0019701660568533634,14,1.0,1.0,1.0,1.0,0.009114583333333334,0.009114583333333334,0.0,0.979,1.0,0.021,14.0,1.0,0.07142857142857142,1.0,14.0,0.07142857142857142,0.009052877072934751,4.571428571428571,5.065080563947634,0.6394798530246177,0.4447365697726108,True,,6c9e316677861c99a5e937784209e10d0eb7f0b53e97f0cdfabf2ac6b32e7b0c,grafos_f800/O3D_kcap/CONTROL-ER-a4608-s3000011__s3000011__control_ER__N2000.grafo.gz,"generar_grafo_erdos_renyi(N=2000, aristas=4608, seed=3000011)"
O3D_kcap,no_pareado,CONTROL-ER-a4608-s3000012,3000012.0,CONTROL_ER,control_ER,2000,,,,,,4608.0,4.608,,,,,,,,0.0685,1287.8,0.4249999999999999,8,0.042,CONTROL-ER-a4608-s3000012,0.0023051525762881,,,,,,,,,,,,,False,CONTROL-ER-a4608-s3000012,0.2884999999999998,50,0.4579999999999994,46,0.5005000000000009,13,4.977819094702651,10.381011474798855,9.4,97.59305069294746,4608.0,bateria_fase6_o3d_kcap,4608,4.608,0.9905,1,9.0,-0.015498011966267402,0.001894180819180819,0.0018543172308862685,13,1.0,1.0,1.0,1.0,0.008463541666666666,0.008463541666666666,0.0,0.9805,1.0,0.0195,13.0,1.0,0.07692307692307693,1.0,13.0,0.07692307692307693,0.008396890428331163,4.820512820512819,5.035732323232323,0.5050177155906066,0.4659535302301297,True,,a36b60c4904f4beded942aaed4858b0865a18a302a7e43f73e4f70830023ce97,grafos_f800/O3D_kcap/CONTROL-ER-a4608-s3000012__s3000012__control_ER__N2000.grafo.gz,"generar_grafo_erdos_renyi(N=2000, aristas=4608, seed=3000012)"
O3D_kcap,no_pareado,CONTROL-ER-a4608-s3000013,3000013.0,CONTROL_ER,control_ER,2000,,,,,,4608.0,4.608,,,,,,,,0.073,1372.4,0.5641025641025641,8,0.04,CONTROL-ER-a4608-s3000013,0.0023051525762881,,,,,,,,,,,,,False,CONTROL-ER-a4608-s3000013,0.2629999999999999,44,0.4294999999999996,49,0.4904999999999991,9,4.759936644182182,14.359177362868238,9.4,97.59297792389422,4608.0,bateria_fase6_o3d_kcap,4608,4.608,0.9895,1,10.0,0.006383995207671599,0.0013675213675213675,0.001960418222554145,14,1.024390243902439,1.0,2.0,1.6000000000000014,0.009114583333333334,0.008897569444444444,0.024390243902439025,0.980904761904762,2.0,0.02,13.0,2.0,0.14285714285714285,1.0769230769230769,13.0,0.14285714285714285,0.00882876360857928,4.5054945054945055,4.869243496644912,0.45844288422055796,0.5229844260331067,True,,60f29f393838b6dea61d0f3cb1602b047d1ba4f6f8228afa962af985c987c2ff,grafos_f800/O3D_kcap/CONTROL-ER-a4608-s3000013__s3000013__control_ER__N2000.grafo.gz,"generar_grafo_erdos_renyi(N=2000, aristas=4608, seed=3000013)"
O3E_memoria,pareado,A2-B0-C2-o3e-s273381-mem,273381.0,III,mem,2000,8.0,4.0,0.406,0.179,6.96,2228.0,2.228,,,,0.6548757658581984,0.812,19.0,1.0794242481222385,0.1524999999999999,2867.0,1.3018018018018012,8,0.027,A2-B0-C2-o3e-s273381-mem,0.0011145572786393,,,,,,,,,,,,,False,A2-B0-C2-o3e-s273381-mem,0.8005000000000005,40,0.8234999999999787,4,0.8264999999999777,1,3.934950627176649,12.881666466597684,9.4,97.59302365431216,2228.0,bateria_fase6_o3e_memoria,2228,2.228,0.812,32,19.0,0.046631786625401704,0.01608333333333333,0.014596995980537339,23,1.0,1.0,1.0,1.0,0.03096947935368043,0.03096947935368043,0.0,0.9674420289855072,2.0,0.0335,21.0,2.0,0.08695652173913043,1.0952380952380953,23.0,0.043478260869565216,0.030856717104648212,9.06265664160401,9.296878209077839,1.0794242481222391,1.1115522723051119,True,,7566decde238c0461b3a3a1e121779e8d4c28247e92b0641fee68f3b038bbbb9,grafos_f800/O3E_memoria/A2-B0-C2-o3e-s273381-mem__s273381__mem__N2000.grafo.gz,"O3E.reconstruir(seed=273381, ventana=None, N=2000)"
O3E_memoria,pareado,A2-B0-C2-o3e-s273381-nomem,273381.0,III,nomem,2000,8.0,4.0,0.406,0.179,6.96,2289.0,2.289,,,,0.6551995761167074,0.821,19.0,1.1487620968609389,0.1539999999999999,2895.2000000000003,1.2857142857142858,8,0.036,A2-B0-C2-o3e-s273381-nomem,0.0011450725362681,,,,,,,,,,,,,False,A2-B0-C2-o3e-s273381-nomem,0.7905000000000004,42,0.817499999999979,4,0.8204999999999779,1,3.85706015918612,13.019086500932652,9.4,97.59296620778912,2289.0,bateria_fase6_o3e_memoria,2289,2.289,0.821,32,19.0,0.04441545520466993,0.018583333333333334,0.015713134568896052,26,1.0,1.0,1.0,1.0,0.03407601572739188,0.03407601572739188,0.0,0.962948717948718,2.0,0.038,24.0,2.0,0.07692307692307693,1.0833333333333333,26.0,0.038461538461538464,0.0339576842997671,8.835526315789473,9.061598618728416,1.1488892818650165,1.0537911057921971,True,,3b7053b3312fc21f25a81b7665c20fd7439bbaba79334f42b708ec8661b8083d,grafos_f800/O3E_memoria/A2-B0-C2-o3e-s273381-nomem__s273381__nomem__N2000.grafo.gz,"O3E.reconstruir(seed=273381, ventana=1, N=2000)"
O3E_memoria,pareado,A2-B0-C2-o3e-s375224-mem,375224.0,I,mem,2000,6.0,6.0,0.56,0.332,5.3,3965.0,3.965,,,,0.7939962879556154,0.9855,11.0,0.5710631942154135,0.075,1410.0,0.411764705882353,8,0.052,A2-B0-C2-o3e-s375224-mem,0.0019834917458729,,,,,,,,,,,,,False,A2-B0-C2-o3e-s375224-mem,0.4314999999999998,70,0.5349999999999995,34,0.5719999999999877,2,4.5589092414942,6.792112699893072,9.4,97.59297649768872,3965.0,bateria_fase6_o3e_memoria,3965,3.965,0.9855,1,11.0,0.07650058822686577,0.002116666666666667,0.002959413754227734,14,1.0,1.0,1.0,1.0,0.010592686002522068,0.010592686002522068,0.0,0.979,1.0,0.021,14.0,1.0,0.07142857142857142,1.0,14.0,0.07142857142857142,0.010536185952430551,5.318681318681318,5.880710659898477,0.5716648333450842,0.5490977235479578,True,,5cda8aa02009e7810bc4f690eda0bf1f869e80ddf445ed43ec037fdb04194b32,grafos_f800/O3E_memoria/A2-B0-C2-o3e-s375224-mem__s375224__mem__N2000.grafo.gz,"O3E.reconstruir(seed=375224, ventana=None, N=2000)"
O3E_memoria,pareado,A2-B0-C2-o3e-s375224-nomem,375224.0,I,nomem,2000,6.0,6.0,0.56,0.332,5.3,4092.0,4.092,,,,0.8177204953354725,0.986,11.0,0.5033454813119447,0.073,1372.4,0.3877551020408162,8,0.05,A2-B0-C2-o3e-s375224-nomem,0.0020470235117558,,,,,,,,,,,,,False,A2-B0-C2-o3e-s375224-nomem,0.3609999999999997,60,0.5249999999999996,39,0.557999999999992,5,4.5589065409591125,8.133439244748155,9.4,97.5929714117396,4092.0,bateria_fase6_o3e_memoria,4092,4.092,0.986,1,11.0,0.07251330202238204,0.002133333333333334,0.002969708968521085,15,1.0,1.0,1.0,1.0,0.010997067448680353,0.010997067448680353,0.0,0.9775,1.0,0.0225,15.0,1.0,0.06666666666666667,1.0,15.0,0.06666666666666667,0.0109375104512154,5.228571428571429,5.848342634872314,0.5033454813119445,0.5261662609059813,True,,7595e700492fb4207cc30b82a13b061d710eb710afc240a3e53b1433e31bebaf,grafos_f800/O3E_memoria/A2-B0-C2-o3e-s375224-nomem__s375224__nomem__N2000.grafo.gz,"O3E.reconstruir(seed=375224, ventana=1, N=2000)"
O3E_memoria,pareado,A2-B0-C2-o3e-s475321-mem,475321.0,I,mem,2000,5.0,6.0,0.386,0.32,4.24,3581.0,3.581,,,,0.8906691193624555,0.972,12.0,0.6656640618955437,0.0915,1720.2,0.4499999999999999,8,0.04,A2-B0-C2-o3e-s475321-mem,0.0017913956978489,,,,,,,,,,,,,False,A2-B0-C2-o3e-s475321-mem,0.5294999999999996,76,0.6200000000000001,33,0.6324999999999853,1,4.411093426427673,8.297832514264167,9.4,97.59296547242072,3581.0,bateria_fase6_o3e_memoria,3581,3.581,0.972,4,12.0,0.017443947789885773,0.0011,0.001777100787001777,7,1.0,1.0,1.0,1.0,0.005864283719631388,0.005864283719631388,0.0,0.9895,1.0,0.0105,7.0,1.0,0.14285714285714285,1.0,7.0,0.14285714285714285,0.005831005131881854,5.619047619047619,6.1311974609710065,0.6656640618955436,0.5765735725956047,True,,8245d480114bf080602e4487ad0bfb2332a0ec95a8912ea6044e789a11bf7f89,grafos_f800/O3E_memoria/A2-B0-C2-o3e-s475321-mem__s475321__mem__N2000.grafo.gz,"O3E.reconstruir(seed=475321, ventana=None, N=2000)"
O3E_memoria,pareado,A2-B0-C2-o3e-s475321-nomem,475321.0,I,nomem,2000,5.0,6.0,0.386,0.32,4.24,3706.0,3.706,,,,0.8906691193624555,0.9745,12.0,0.667775561911312,0.085,1598.0,0.4310344827586207,8,0.041,A2-B0-C2-o3e-s475321-nomem,0.0018539269634817,,,,,,,,,,,,,False,A2-B0-C2-o3e-s475321-nomem,0.5049999999999996,67,0.6044999999999997,32,0.6189999999999858,1,4.363011686656044,7.348780194216756,9.4,97.59302257159295,3706.0,bateria_fase6_o3e_memoria,3706,3.706,0.9745,3,12.0,0.02094273824704281,0.001066666666666667,0.0016571969696969697,7,1.0,1.0,1.0,1.0,0.005666486778197518,0.005666486778197518,0.0,0.9895,1.0,0.0105,7.0,1.0,0.14285714285714285,1.0,7.0,0.14285714285714285,0.005634250288836032,5.285714285714286,6.005561259411362,0.6677755619113113,0.6225749052236624,True,,8889a5a0b5af70e6fc03a46065ffed58e53e9bc3542a0476bd86e72f87d28e73,grafos_f800/O3E_memoria/A2-B0-C2-o3e-s475321-nomem__s475321__nomem__N2000.grafo.gz,"O3E.reconstruir(seed=475321, ventana=1, N=2000)"
O3E_memoria,pareado,A2-B0-C2-o3e-s477455-mem,477455.0,III,mem,2000,7.0,5.0,0.458,0.155,4.11,3150.0,3.15,,,,1.210437370880668,0.954,15.0,0.7764098545485963,0.1025,1927.0,0.5737704918032787,8,0.035,A2-B0-C2-o3e-s477455-mem,0.0015757878939469,,,,,,,,,,,,,False,A2-B0-C2-o3e-s477455-mem,0.6374999999999994,69,0.6935000000000017,12,0.6969999999999827,1,4.319623321684393,8.68393497317395,9.4,97.59297388393878,3150.0,bateria_fase6_o3e_memoria,3150,3.15,0.954,12,15.0,0.047575868442741163,0.0017,0.0023926170673350803,7,1.0,1.0,1.0,1.0,0.006666666666666667,0.006666666666666667,0.0,0.9895,1.0,0.0105,7.0,1.0,0.14285714285714285,1.0,7.0,0.14285714285714285,0.0066373393801965235,6.3809523809523805,6.980685194895998,0.7762844343605745,0.8648913077776318,True,,6c1b9fcc9154dccb435d8102af0852a5965146b168a1c197b2f66d07ec241a66,grafos_f800/O3E_memoria/A2-B0-C2-o3e-s477455-mem__s477455__mem__N2000.grafo.gz,"O3E.reconstruir(seed=477455, ventana=None, N=2000)"
O3E_memoria,pareado,A2-B0-C2-o3e-s477455-nomem,477455.0,III,nomem,2000,7.0,5.0,0.458,0.155,4.11,3230.0,3.23,,,,1.210437370880668,0.959,14.0,0.8050279203884894,0.0985,1851.8,0.4111675126903553,8,0.035,A2-B0-C2-o3e-s477455-nomem,0.0016158079039519,,,,,,,,,,,,,False,A2-B0-C2-o3e-s477455-nomem,0.6174999999999995,70,0.6750000000000013,17,0.6859999999999832,1,4.337226151429494,8.345530429758329,9.4,97.59301838234632,3230.0,bateria_fase6_o3e_memoria,3230,3.23,0.959,10,14.0,0.04709019397522888,0.0017,0.002278151442829247,7,1.0,1.0,1.0,1.0,0.006501547987616099,0.006501547987616099,0.0,0.9895,1.0,0.0105,7.0,1.0,0.14285714285714285,1.0,7.0,0.14285714285714285,0.006473655455338401,6.1428571428571415,6.834420100852025,0.8043119952931477,0.6956108643930909,True,,1140c16cb3c202ee09bbfd5b2e9c900057ab5f3c491e3792ec8fab019520c035,grafos_f800/O3E_memoria/A2-B0-C2-o3e-s477455-nomem__s477455__nomem__N2000.grafo.gz,"O3E.reconstruir(seed=477455, ventana=1, N=2000)"
O3E_memoria,pareado,A2-B0-C2-o3e-s478716-mem,478716.0,III,mem,2000,6.0,5.0,0.463,0.202,7.98,3012.0,3.012,,,,0.7085015227869504,0.908,14.0,0.8975693187713398,0.13,2444.0,1.0046948356807506,8,0.032,A2-B0-C2-o3e-s478716-mem,0.0015067533766883,,,,,,,,,,,,,False,A2-B0-C2-o3e-s478716-mem,0.6509999999999992,66,0.7090000000000021,18,0.7199999999999819,1,4.1715440244893545,15.855691297498437,9.4,97.59296563506008,3012.0,bateria_fase6_o3e_memoria,3012,3.012,0.908,14,14.0,0.0639866333409469,0.028650000000000005,0.017172295363480253,50,1.0204081632653061,1.0,2.0,2.0,0.049800796812749,0.04880478087649402,0.02040816326530612,0.9325733333333334,2.0,0.071,45.0,3.0,0.06,1.1111111111111112,47.0,0.04,0.048635581622161195,7.155102040816327,6.642056932966024,0.89756931877134,0.8848213695861721,True,,a2f7dd5ba9a9d316e07882e6cfd0c0fe6416ecc1b04d430160c15a8cba54f1d0,grafos_f800/O3E_memoria/A2-B0-C2-o3e-s478716-mem__s478716__mem__N2000.grafo.gz,"O3E.reconstruir(seed=478716, ventana=None, N=2000)"
O3E_memoria,pareado,A2-B0-C2-o3e-s478716-nomem,478716.0,III,nomem,2000,6.0,5.0,0.463,0.202,7.98,3096.0,3.096,,,,0.6980731127641752,0.914,14.0,0.8700415144937457,0.1265,2378.2000000000003,0.9714285714285716,8,0.036,A2-B0-C2-o3e-s478716-nomem,0.0015487743871935,,,,,,,,,,,,,False,A2-B0-C2-o3e-s478716-nomem,0.6409999999999993,61,0.6975000000000012,14,0.7039999999999824,1,4.083545415779328,16.717362184285992,9.4,97.59291877208524,3096.0,bateria_fase6_o3e_memoria,3096,3.096,0.914,13,14.0,0.06784204987252036,0.028333333333333335,0.016572790294627382,51,1.02,1.0,2.0,2.0,0.04941860465116279,0.04844961240310078,0.02,0.9310816993464053,2.0,0.0725,46.0,3.0,0.058823529411764705,1.108695652173913,48.0,0.0392156862745098,0.04828070645460677,7.109,6.5148695493523086,0.8698534184764147,0.8779079056868405,True,,a8e5f5ca7933833ac8efb6ed5c977897c5414c6ce03e08ba9ab4ad7410da55d6,grafos_f800/O3E_memoria/A2-B0-C2-o3e-s478716-nomem__s478716__nomem__N2000.grafo.gz,"O3E.reconstruir(seed=478716, ventana=1, N=2000)"
O3E_memoria,pareado,A2-B0-C2-o3e-s484633-mem,484633.0,III,mem,2000,4.0,5.0,0.468,0.333,6.84,3273.0,3.273,,,,0.754989289145106,0.933,14.0,0.7502734613883114,0.112,2105.6,0.6742081447963801,8,0.035,A2-B0-C2-o3e-s484633-mem,0.0016373186593296,,,,,,,,,,,,,False,A2-B0-C2-o3e-s484633-mem,0.6044999999999994,62,0.6630000000000011,17,0.6774999999999834,1,4.287255454700131,12.941959208254165,9.4,97.59292714014424,3273.0,bateria_fase6_o3e_memoria,3273,3.273,0.933,10,14.0,0.06697590000625994,0.0088,0.006311360448807854,21,1.0,1.0,1.0,1.0,0.01924839596700275,0.01924839596700275,0.0,0.9685,1.0,0.0315,21.0,1.0,0.047619047619047616,1.0,21.0,0.047619047619047616,0.019181675027437506,6.955,6.755004468275245,0.7502734613883135,0.7597284017695664,True,,9485707f9822eb57c1c2ca66b563b63710403a6eb1ac26f755084ee51b05d503,grafos_f800/O3E_memoria/A2-B0-C2-o3e-s484633-mem__s484633__mem__N2000.grafo.gz,"O3E.reconstruir(seed=484633, ventana=None, N=2000)"
O3E_memoria,pareado,A2-B0-C2-o3e-s484633-nomem,484633.0,III,nomem,2000,4.0,5.0,0.468,0.333,6.84,3325.0,3.325,,,,0.754989289145106,0.9385,13.0,0.7127912800205237,0.113,2124.4,0.6969696969696968,8,0.033,A2-B0-C2-o3e-s484633-nomem,0.0016633316658329,,,,,,,,,,,,,False,A2-B0-C2-o3e-s484633-nomem,0.5659999999999995,68,0.6530000000000008,26,0.6599999999999842,1,4.257554980067814,16.183208862390025,9.4,97.593056872334,3325.0,bateria_fase6_o3e_memoria,3325,3.325,0.9385,9,13.0,0.06932499198592426,0.008733333333333333,0.006147540983606557,21,1.0,1.0,1.0,1.0,0.018947368421052633,0.018947368421052633,0.0,0.9685,1.0,0.0315,21.0,1.0,0.047619047619047616,1.0,21.0,0.047619047619047616,0.018881632653061226,6.902500000000001,6.612029140014215,0.7129032648936962,0.720866508049716,True,,d0927357594b738f5c57b1405228b23f26353bee7ed1d147621f8b8d4a243285,grafos_f800/O3E_memoria/A2-B0-C2-o3e-s484633-nomem__s484633__nomem__N2000.grafo.gz,"O3E.reconstruir(seed=484633, ventana=1, N=2000)"
O3E_memoria,pareado,A2-B0-C2-o3e-s485506-mem,485506.0,I,mem,2000,5.0,7.0,0.31,0.195,6.61,4794.0,4.794,,,,0.9043813275412096,0.995,10.0,0.5422850469867411,0.0629999999999999,1184.4,0.3900000000000001,8,0.05,A2-B0-C2-o3e-s485506-mem,0.0023981990995497,,,,,,,,,,,,,False,A2-B0-C2-o3e-s485506-mem,0.2379999999999998,45,0.4074999999999997,50,0.4730000000000017,11,5.378453373887447,10.921545430205864,9.4,97.5930525801748,4794.0,bateria_fase6_o3e_memoria,4794,4.794,0.995,1,9.0,0.09233099186559053,0.003371428571428572,0.0032519558865114527,23,1.0147058823529411,1.0,2.0,1.3299999999999983,0.014392991239048811,0.014184397163120567,0.014705882352941176,0.9683695652173913,2.0,0.033,21.0,2.0,0.08695652173913043,1.0952380952380953,22.0,0.08695652173913043,0.01411230950452772,5.03409090909091,5.113876319758673,0.5422850469867411,0.4972524123509291,True,,bb89e12b95b11c825dd21951d1f09472f35105dfd27d27d567a4393284bb2e7e,grafos_f800/O3E_memoria/A2-B0-C2-o3e-s485506-mem__s485506__mem__N2000.grafo.gz,"O3E.reconstruir(seed=485506, ventana=None, N=2000)"
O3E_memoria,pareado,A2-B0-C2-o3e-s485506-nomem,485506.0,I,nomem,2000,5.0,7.0,0.31,0.195,6.61,4943.0,4.943,,,,0.9043813275412096,0.995,10.0,0.5121540054555336,0.0595,1118.6,0.3142857142857141,8,0.055,A2-B0-C2-o3e-s485506-nomem,0.002472736368184,,,,,,,,,,,,,False,A2-B0-C2-o3e-s485506-nomem,0.2164999999999999,41,0.3639999999999998,53,0.445000000000001,10,5.355414587906518,13.213200799891206,9.4,97.59297197778452,4943.0,bateria_fase6_o3e_memoria,4943,4.943,0.995,1,10.0,0.10010275896532314,0.003211904761904762,0.003060002660871879,23,1.0147058823529411,1.0,2.0,1.3299999999999983,0.013959134129071415,0.01375682783734574,0.014705882352941176,0.9683695652173913,2.0,0.033,21.0,2.0,0.08695652173913043,1.0952380952380953,22.0,0.08695652173913043,0.013686063609469215,4.9750000000000005,5.0119825708061,0.5120784098855397,0.4515210060434924,True,,2dd2d8ac7c9ce5e2bbd38d32230594fe54c1a9bfdb9bb3836ebc49a364f3d988,grafos_f800/O3E_memoria/A2-B0-C2-o3e-s485506-nomem__s485506__nomem__N2000.grafo.gz,"O3E.reconstruir(seed=485506, ventana=1, N=2000)"
O3E_memoria,pareado,A2-B0-C2-o3e-s573963-mem,573963.0,I,mem,2000,8.0,5.0,0.459,0.129,4.95,3361.0,3.361,,,,0.6601279370599714,0.976,14.0,0.6994921025673034,0.095,1785.9999999999998,0.4393939393939393,8,0.035,A2-B0-C2-o3e-s573963-mem,0.0016813406703351,,,,,,,,,,,,,False,A2-B0-C2-o3e-s573963-mem,0.6199999999999993,68,0.669500000000003,10,0.6809999999999834,1,4.322673222448364,6.640638979250216,9.4,97.59303174905736,3361.0,bateria_fase6_o3e_memoria,3361,3.361,0.976,2,14.0,0.05378570250977462,0.0023166666666666665,0.001841055538508745,6,1.0,1.0,1.0,1.0,0.005355548943766736,0.005355548943766736,0.0,0.991,1.0,0.009,6.0,1.0,0.16666666666666666,1.0,6.0,0.16666666666666666,0.005335564561240779,6.599999999999999,7.1375518382181635,0.6994921025673037,0.6882327711916776,True,,ed4a1afefa0810826b7308f8da2042ae0d8ffe5d705dcf99babe05c81c2cedbf,grafos_f800/O3E_memoria/A2-B0-C2-o3e-s573963-mem__s573963__mem__N2000.grafo.gz,"O3E.reconstruir(seed=573963, ventana=None, N=2000)"
O3E_memoria,pareado,A2-B0-C2-o3e-s573963-nomem,573963.0,I,nomem,2000,8.0,5.0,0.459,0.129,4.95,3443.0,3.443,,,,0.6601279370599714,0.978,12.0,0.623733101486433,0.091,1710.8,0.4450549450549453,8,0.039,A2-B0-C2-o3e-s573963-nomem,0.0017223611805902,,,,,,,,,,,,,False,A2-B0-C2-o3e-s573963-nomem,0.5959999999999995,69,0.658500000000001,10,0.6664999999999839,1,4.379907655102737,5.886925844219075,9.4,97.59301633484132,3443.0,bateria_fase6_o3e_memoria,3443,3.443,0.978,2,12.0,0.06026574912370154,0.001983333333333333,0.0017519953280124587,6,1.0,1.0,1.0,1.0,0.00522799883822248,0.00522799883822248,0.0,0.991,1.0,0.009,6.0,1.0,0.16666666666666666,1.0,6.0,0.16666666666666666,0.005208512154586933,6.400000000000001,6.953964194373401,0.6236370619675239,0.6365859418147846,True,,deb8feac6143175872a1d7cc8ca9f63fb43c4ebe715927aebe2bdcd83fa4bb91,grafos_f800/O3E_memoria/A2-B0-C2-o3e-s573963-nomem__s573963__nomem__N2000.grafo.gz,"O3E.reconstruir(seed=573963, ventana=1, N=2000)"
O3E_memoria,pareado,A2-B0-C2-o3e-s575709-mem,575709.0,I,mem,2000,6.0,6.0,0.449,0.103,4.55,3731.0,3.731,,,,0.6453746843930062,0.982,11.0,0.6012006435980857,0.084,1579.1999999999998,0.3448275862068965,8,0.028,A2-B0-C2-o3e-s575709-mem,0.0018664332166083,,,,,,,,,,,,,False,A2-B0-C2-o3e-s575709-mem,0.5144999999999996,75,0.6030000000000006,16,0.6259999999999858,4,4.433410553923206,7.286453025520064,9.4,97.59301260857627,3731.0,bateria_fase6_o3e_memoria,3731,3.731,0.982,2,11.0,0.03783413683617814,0.0023,0.0030820293978188716,13,1.0,1.0,1.0,1.0,0.010452961672473868,0.010452961672473868,0.0,0.9823974358974359,2.0,0.0185,11.0,2.0,0.15384615384615385,1.1818181818181819,13.0,0.07692307692307693,0.010391397177127806,5.282051282051283,6.006664968585498,0.6012006435980848,0.5600109580289614,True,,802d5100ec16ea9b8f05d5fefc10504fbc02eab807b2d722e11e7a30da360c68,grafos_f800/O3E_memoria/A2-B0-C2-o3e-s575709-mem__s575709__mem__N2000.grafo.gz,"O3E.reconstruir(seed=575709, ventana=None, N=2000)"
O3E_memoria,pareado,A2-B0-C2-o3e-s575709-nomem,575709.0,I,nomem,2000,6.0,6.0,0.449,0.103,4.55,3833.0,3.833,,,,0.6555642560538044,0.9855,12.0,0.6059928273314171,0.085,1598.0,0.4259259259259261,8,0.036,A2-B0-C2-o3e-s575709-nomem,0.0019174587293646,,,,,,,,,,,,,False,A2-B0-C2-o3e-s575709-nomem,0.4839999999999996,64,0.5839999999999996,28,0.6004999999999868,2,4.4680928794638906,7.04859899691896,9.4,97.59295996295228,3833.0,bateria_fase6_o3e_memoria,3833,3.833,0.9855,1,12.0,0.033436875949959095,0.0023166666666666665,0.0031350302306486525,14,1.0,1.0,1.0,1.0,0.010957474563005479,0.010957474563005479,0.0,0.980904761904762,2.0,0.02,12.0,2.0,0.14285714285714285,1.1666666666666667,14.0,0.07142857142857142,0.010893204406866946,5.296703296703297,5.992554991539763,0.6059928273314165,0.6308795414254742,True,,bd20fc90f9dd47fe9dc0a15b1c4dea2b17ab4ed8cedc1bf786984476b8f8e615,grafos_f800/O3E_memoria/A2-B0-C2-o3e-s575709-nomem__s575709__nomem__N2000.grafo.gz,"O3E.reconstruir(seed=575709, ventana=1, N=2000)"
O3E_memoria,pareado,A2-B0-C2-o3e-s576679-mem,576679.0,I,mem,2000,5.0,5.0,0.572,0.215,6.02,3366.0,3.366,,,,0.4094475923933868,0.958,13.0,0.6326249144600209,0.101,1898.8,0.5217391304347826,8,0.038,A2-B0-C2-o3e-s576679-mem,0.0016838419209604,,,,,,,,,,,,,False,A2-B0-C2-o3e-s576679-mem,0.5929999999999994,70,0.6585000000000014,19,0.6669999999999839,1,4.140348283600018,9.404777496712455,9.4,97.59287623507116,3366.0,bateria_fase6_o3e_memoria,3366,3.366,0.958,7,13.0,0.09946472786995245,0.004200000000000001,0.003855278766310795,13,1.0,1.0,1.0,1.0,0.011586452762923352,0.011586452762923352,0.0,0.9805,1.0,0.0195,13.0,1.0,0.07692307692307693,1.0,13.0,0.07692307692307693,0.011539519659211385,6.6923076923076925,6.401827676240209,0.6326249144600191,0.6191712495653923,True,,f9ccd56a50d58ee030abd31b41cda8d7818e8530f9c162330fd6ca7e97f8b287,grafos_f800/O3E_memoria/A2-B0-C2-o3e-s576679-mem__s576679__mem__N2000.grafo.gz,"O3E.reconstruir(seed=576679, ventana=None, N=2000)"
O3E_memoria,pareado,A2-B0-C2-o3e-s576679-nomem,576679.0,I,nomem,2000,5.0,5.0,0.572,0.215,6.02,3427.0,3.427,,,,0.4102125307197293,0.96,13.0,0.6639172839674509,0.1,1880.0,0.5151515151515152,8,0.039,A2-B0-C2-o3e-s576679-nomem,0.0017143571785892,,,,,,,,,,,,,False,A2-B0-C2-o3e-s576679-nomem,0.5754999999999995,75,0.6449999999999998,24,0.6574999999999843,2,4.206805422488233,10.669874874127682,9.4,97.59305166895712,3427.0,bateria_fase6_o3e_memoria,3427,3.427,0.96,7,13.0,0.11226547152280265,0.004866666666666666,0.00456534144949591,16,1.0,1.0,1.0,1.0,0.014006419608987453,0.014006419608987453,0.0,0.976,1.0,0.024,16.0,1.0,0.0625,1.0,16.0,0.0625,0.01394960495401653,6.483333333333333,6.485018238665972,0.6639172839674488,0.6965410573402219,True,,4b46cb7db20129815d9017b214e8aac2b5f475611cc820cf120ecc3b8c1e2c67,grafos_f800/O3E_memoria/A2-B0-C2-o3e-s576679-nomem__s576679__nomem__N2000.grafo.gz,"O3E.reconstruir(seed=576679, ventana=1, N=2000)"
O3E_memoria,pareado,A2-B0-C2-o3e-s577261-mem,577261.0,III,mem,2000,8.0,5.0,0.763,0.332,6.55,3249.0,3.249,,,,0.7304397582890951,0.95,1.0,0.8409053526801467,0.1065,2002.2,0.5679611650485437,8,0.04,A2-B0-C2-o3e-s577261-mem,0.0016253126563281,,,,,,,,,,,,,False,A2-B0-C2-o3e-s577261-mem,0.6084999999999995,70,0.6705000000000015,20,0.6784999999999836,2,4.17590347367765,13.093302340032936,9.4,97.59304220922698,3249.0,bateria_fase6_o3e_memoria,3249,3.249,0.95,9,15.0,0.09425547414379903,0.013883333333333333,0.011220779220779221,36,1.0485436893203883,1.0,2.0,2.0,0.0332409972299169,0.0317020621729763,0.04854368932038835,0.9566666666666667,2.0,0.048,29.0,2.0,0.05555555555555555,1.2413793103448276,31.0,0.05555555555555555,0.03157931208987192,6.961428571428572,6.431893979287345,0.8409053526801468,0.8096342785905103,True,,1d85c8f48bee470ffd9350763a6a549e88ab218a7f10b7ab4456a6535fcaf35f,grafos_f800/O3E_memoria/A2-B0-C2-o3e-s577261-mem__s577261__mem__N2000.grafo.gz,"O3E.reconstruir(seed=577261, ventana=None, N=2000)"
O3E_memoria,pareado,A2-B0-C2-o3e-s577261-nomem,577261.0,III,nomem,2000,8.0,5.0,0.763,0.332,6.55,3296.0,3.296,,,,0.7304397582890951,0.9545,1.0,0.8358683824606576,0.1055,1983.4,0.5606060606060604,8,0.036,A2-B0-C2-o3e-s577261-nomem,0.0016488244122061,,,,,,,,,,,,,False,A2-B0-C2-o3e-s577261-nomem,0.5904999999999994,67,0.6535000000000005,21,0.6729999999999837,2,4.391820301691107,12.440794692966763,9.4,97.59296001618556,3296.0,bateria_fase6_o3e_memoria,3296,3.296,0.9545,6,15.0,0.09407038010314585,0.013316666666666664,0.010921225604206695,36,1.0485436893203883,1.0,2.0,2.0,0.032766990291262135,0.03125,0.04854368932038835,0.9566666666666667,2.0,0.048,29.0,2.0,0.05555555555555555,1.2413793103448276,31.0,0.05555555555555555,0.03112782613082053,6.884285714285715,6.403083508036338,0.8358683824606586,0.8192974834439523,True,,d0dd8c2e4ff7c52fa940e21ae16b07ad1318b9211c166ec853585b547f9b7a38,grafos_f800/O3E_memoria/A2-B0-C2-o3e-s577261-nomem__s577261__nomem__N2000.grafo.gz,"O3E.reconstruir(seed=577261, ventana=1, N=2000)"
O3E_memoria,pareado,A2-B0-C2-o3e-s582111-mem,582111.0,I,mem,2000,5.0,6.0,0.788,0.243,6.3,4254.0,4.254,,,,0.4717029583376378,0.9885,11.0,0.5084483465537022,0.073,1372.4,0.4565217391304348,8,0.05,A2-B0-C2-o3e-s582111-mem,0.002128064032016,,,,,,,,,,,,,False,A2-B0-C2-o3e-s582111-mem,0.3194999999999998,56,0.4729999999999996,52,0.523999999999996,6,4.795329062371953,8.237035749399983,9.4,97.59295049180078,4254.0,bateria_fase6_o3e_memoria,4254,4.254,0.9885,1,11.0,0.10927057284318303,0.004583333333333334,0.004955340756148293,27,1.0384615384615385,1.0,3.0,2.230000000000004,0.01904090267983075,0.018335684062059238,0.02564102564102564,0.968462962962963,3.0,0.0355,20.0,6.0,0.2222222222222222,1.35,24.0,0.1111111111111111,0.01822243021805965,5.234615384615386,5.6069922402159245,0.5084483465537023,0.5198391923266078,True,,5dbe113d2dbff7d042d9ec2fed1d25f1ad228907e4a8ee90b826f5f2ade32dad,grafos_f800/O3E_memoria/A2-B0-C2-o3e-s582111-mem__s582111__mem__N2000.grafo.gz,"O3E.reconstruir(seed=582111, ventana=None, N=2000)"
O3E_memoria,pareado,A2-B0-C2-o3e-s582111-nomem,582111.0,I,nomem,2000,5.0,6.0,0.788,0.243,6.3,4281.0,4.281,,,,0.4717029583376378,0.9885,11.0,0.5079842847248652,0.0735,1381.8,0.3958333333333332,8,0.048,A2-B0-C2-o3e-s582111-nomem,0.0021415707853926,,,,,,,,,,,,,False,A2-B0-C2-o3e-s582111-nomem,0.3039999999999998,52,0.4664999999999994,53,0.520000000000001,5,4.784294107010905,9.10851478813152,9.4,97.59301128722194,4281.0,bateria_fase6_o3e_memoria,4281,4.281,0.9885,1,11.0,0.10509026583494827,0.004583333333333334,0.004892486107755496,27,1.0384615384615385,1.0,3.0,2.230000000000004,0.0189208128941836,0.018220042046250877,0.02564102564102564,0.968462962962963,3.0,0.0355,20.0,6.0,0.2222222222222222,1.35,24.0,0.1111111111111111,0.018108212267162027,5.213461538461539,5.5848093792172735,0.5079842847248646,0.5135928032952605,True,,03ac4b0cca7eb6aafb4cf4339477ace62d819460f6a2a220bd69284a1eeaaec1,grafos_f800/O3E_memoria/A2-B0-C2-o3e-s582111-nomem__s582111__nomem__N2000.grafo.gz,"O3E.reconstruir(seed=582111, ventana=1, N=2000)"
O3E_memoria,pareado,A2-B0-C2-o3e-s584342-mem,584342.0,I,mem,2000,5.0,7.0,0.357,0.106,7.41,4892.0,4.892,,,,0.5183086259043791,0.99,10.0,0.4606547580115715,0.0635,1193.8,0.3451327433628316,8,0.049,A2-B0-C2-o3e-s584342-mem,0.0024472236118059,,,,,,,,,,,,,False,A2-B0-C2-o3e-s584342-mem,0.2279999999999999,45,0.3859999999999998,52,0.4614999999999999,16,5.1479451365078,14.702933035240594,9.4,97.59303757159022,4892.0,bateria_fase6_o3e_memoria,4892,4.892,0.99,3,10.0,0.11497125851094009,0.0038571428571428567,0.003907127138815287,29,1.0116279069767442,1.0,2.0,1.1500000000000057,0.01778413736713001,0.01757972199509403,0.011627906976744186,0.961212643678161,2.0,0.041,25.0,2.0,0.06896551724137931,1.16,28.0,0.06896551724137931,0.017478924574571997,4.903571428571429,4.987072595586997,0.4606547580115719,0.4927737878339599,True,,f9735fdea3174aec89677c4616c1ee135f0c95ca5e2406fbf5311b85e93d685f,grafos_f800/O3E_memoria/A2-B0-C2-o3e-s584342-mem__s584342__mem__N2000.grafo.gz,"O3E.reconstruir(seed=584342, ventana=None, N=2000)"
O3E_memoria,pareado,A2-B0-C2-o3e-s584342-nomem,584342.0,I,nomem,2000,5.0,7.0,0.357,0.106,7.41,5018.0,5.018,,,,0.5407305074113672,0.991,9.0,0.462720658974106,0.062,1165.6,0.3333333333333335,8,0.066,A2-B0-C2-o3e-s584342-nomem,0.0025102551275637,,,,,,,,,,,,,False,A2-B0-C2-o3e-s584342-nomem,0.1804999999999999,32,0.3504999999999998,53,0.4229999999999997,21,4.954852419863241,12.527930339401715,9.4,97.59286351298316,5018.0,bateria_fase6_o3e_memoria,5018,5.018,0.991,3,10.0,0.11887045175628319,0.004038095238095238,0.004222108495394063,33,1.0206185567010309,1.0,2.0,2.0,0.01972897568752491,0.019330410522120367,0.020618556701030927,0.9570656565656566,3.0,0.046,28.0,3.0,0.09090909090909091,1.1785714285714286,31.0,0.09090909090909091,0.019215072451013733,4.765625,4.943378764933535,0.46265110573579243,0.5056919895505797,True,,2107bc1d515814d855ef6a70c6374795f7c9fc2b3d1efcea9ad31e00ff432dd2,grafos_f800/O3E_memoria/A2-B0-C2-o3e-s584342-nomem__s584342__nomem__N2000.grafo.gz,"O3E.reconstruir(seed=584342, ventana=1, N=2000)"
O3E_memoria,pareado,A2-B0-C2-o3e-s586573-mem,586573.0,III,mem,2000,6.0,4.0,0.55,0.153,7.96,2046.0,2.046,,,,0.4870363882506473,0.746,23.0,1.5046368593129975,0.1574999999999999,2961.0,1.3809523809523814,8,0.029,A2-B0-C2-o3e-s586573-mem,0.0010235117558779,,,,,,,,,,,,,False,A2-B0-C2-o3e-s586573-mem,0.8270000000000021,32,0.844999999999991,6,0.8484999999999768,1,4.078379629327986,12.9913903470819,9.4,97.59300400682652,2046.0,bateria_fase6_o3e_memoria,2046,2.046,0.746,40,23.0,-0.016386789995671138,0.04375,0.040749414519906324,58,1.0057803468208093,1.0,2.0,1.0,0.08504398826979472,0.08455522971652003,0.005780346820809248,0.9215344827586207,2.0,0.0825,50.0,3.0,0.05172413793103448,1.16,57.0,0.034482758620689655,0.08423428782193329,8.659863945578232,9.306304493628438,1.5046368593129944,1.5072328989178168,True,,8a9bc1f04ee0937be8823825d5a1d99a123ffaf38e993bcfb770248cac418778,grafos_f800/O3E_memoria/A2-B0-C2-o3e-s586573-mem__s586573__mem__N2000.grafo.gz,"O3E.reconstruir(seed=586573, ventana=None, N=2000)"
O3E_memoria,pareado,A2-B0-C2-o3e-s586573-nomem,586573.0,III,nomem,2000,6.0,4.0,0.55,0.153,7.96,2085.0,2.085,,,,0.4858574026048456,0.748,20.0,1.3545491374101204,0.1564999999999999,2942.2,1.373333333333333,8,0.031,A2-B0-C2-o3e-s586573-nomem,0.0010430215107553,,,,,,,,,,,,,False,A2-B0-C2-o3e-s586573-nomem,0.811000000000001,31,0.8354999999999908,5,0.8404999999999772,1,3.898675322549522,14.014360463136066,9.4,97.59303435615077,2085.0,bateria_fase6_o3e_memoria,2085,2.085,0.748,41,20.0,-0.008940574105343864,0.0445,0.039909808342728295,59,1.0056818181818181,1.0,2.0,1.0,0.08489208633093526,0.08441247002398082,0.005681818181818182,0.9200423728813559,2.0,0.084,51.0,3.0,0.05084745762711865,1.1568627450980393,58.0,0.03389830508474576,0.08409318588294828,8.673333333333332,9.105418060200668,1.3545491374101188,1.3601792312996674,True,,97a062c8bea90090d5acab00157f246d0b9ec29236add66a06b5a992bd9babc9,grafos_f800/O3E_memoria/A2-B0-C2-o3e-s586573-nomem__s586573__nomem__N2000.grafo.gz,"O3E.reconstruir(seed=586573, ventana=1, N=2000)"
O3E_memoria,pareado,A2-B0-C2-o3e-s588998-mem,588998.0,I,mem,2000,5.0,7.0,0.704,0.121,7.31,4971.0,4.971,,,,0.2398473182644755,0.9945,8.0,0.3141782046905083,0.062,1165.6,0.3888888888888887,8,0.054,A2-B0-C2-o3e-s588998-mem,0.0024867433716858,,,,,,,,,,,,,False,A2-B0-C2-o3e-s588998-mem,0.2184999999999999,42,0.3664999999999998,48,0.454,20,4.827453274260229,13.59559595200939,9.4,97.59295037576511,4971.0,bateria_fase6_o3e_memoria,4971,4.971,0.9945,1,8.0,0.10684584266671915,0.005147619047619047,0.004588759723800367,35,1.0096153846153846,1.0,2.0,1.0,0.02112251056125528,0.02092134379400523,0.009615384615384616,0.9504142857142858,2.0,0.051,33.0,2.0,0.05714285714285714,1.0606060606060606,34.0,0.05714285714285714,0.02080492727867902,4.713235294117647,5.03885814889336,0.3141782046905085,0.4273300689764942,True,,a3919e34a06d022cf3f9a87274adf29226c54c67bfbca799b47ade6d8e21e8d3,grafos_f800/O3E_memoria/A2-B0-C2-o3e-s588998-mem__s588998__mem__N2000.grafo.gz,"O3E.reconstruir(seed=588998, ventana=None, N=2000)"
O3E_memoria,pareado,A2-B0-C2-o3e-s588998-nomem,588998.0,I,nomem,2000,5.0,7.0,0.704,0.121,7.31,5025.0,5.025,,,,0.2329884740743355,0.9945,8.0,0.3490817571085706,0.0625,1175.0,0.4857142857142857,8,0.062,A2-B0-C2-o3e-s588998-nomem,0.0025137568784392,,,,,,,,,,,,,False,A2-B0-C2-o3e-s588998-nomem,0.2059999999999999,37,0.3549999999999998,51,0.4364999999999999,22,5.092032081325248,14.726238557463883,9.4,97.59305855739608,5025.0,bateria_fase6_o3e_memoria,5025,5.025,0.9945,1,8.0,0.11420863209944704,0.005342857142857142,0.004745414903167885,37,1.009090909090909,1.0,2.0,1.0,0.02208955223880597,0.021890547263681594,0.00909090909090909,0.9474189189189189,2.0,0.054,35.0,2.0,0.05405405405405406,1.0571428571428572,36.0,0.05405405405405406,0.02176955025865696,4.690277777777777,4.997568745808183,0.3490817571085705,0.3156782621379591,True,,3b6e0cd1ff0635fe615ea6c93fad7a290e9769e46148a9c95e8aa646841fcd90,grafos_f800/O3E_memoria/A2-B0-C2-o3e-s588998-nomem__s588998__nomem__N2000.grafo.gz,"O3E.reconstruir(seed=588998, ventana=1, N=2000)"
OUT_pendNEG,no_pareado,A2-B0-C2-batch3-r15,473284.0,intermedio (sin clase clara),unico,2000,4.0,6.0,0.404,0.19,6.87,4205.0,4.205,,,,,0.985,1.0,-0.5919387374002495,0.077,1447.6,0.3653846153846153,8,0.044,A2-B0-C2-batch3-r15_pendNEG,0.0021035517758879,,,,,,,,,,,,,False,A2-B0-C2-batch3-r15_pendNEG,0.3569999999999997,65,0.5014999999999996,48,0.541999999999992,5,4.648103585451482,9.930319835283012,9.4,97.59304986499085,4205.0,bateria_fase6_outliers_negativos,4205,4.205,0.985,4,12.0,0.0902058885293103,0.0045,0.004467609828741623,24,1.0140845070422535,1.0,2.0,1.2999999999999972,0.017122473246135552,0.016884661117717005,0.014084507042253521,0.966875,2.0,0.0345,22.0,2.0,0.08333333333333333,1.0909090909090908,23.0,0.08333333333333333,0.016799291936302547,5.463043478260869,5.522219400711021,0.5937192333814296,0.5854473569298047,True,,4ba6c213af83418d2e47e5053869ed123bb100a80c8c0774b9d99ec9c946da44,grafos_f800/OUT_pendNEG/A2-B0-C2-batch3-r15__s473284__unico__N2000.grafo.gz,"reconstruir_regla_a2b0c2(seed=473284, N=2000)"
OUT_pendNEG,no_pareado,A2-B0-C2-batch3-r40,475709.0,intermedio (sin clase clara),unico,2000,6.0,4.0,0.751,0.272,6.68,2319.0,2.319,,,,,0.8445,1.0,-1.0008485832490617,0.156,2932.8,1.495495495495495,8,0.022,A2-B0-C2-batch3-r40_pendNEG,0.00116008004002,,,,,,,,,,,,,False,A2-B0-C2-batch3-r40_pendNEG,0.7915000000000004,42,0.8119999999999826,4,0.8159999999999781,1,3.940653956085404,12.803130702890565,9.4,97.59298665197936,2319.0,bateria_fase6_outliers_negativos,2319,2.319,0.8445,21,18.0,0.02075741018336849,0.015583333333333333,0.012396694214876033,21,1.0161290322580645,1.0,2.0,1.3900000000000006,0.027166882276843468,0.026735661923242778,0.016129032258064516,0.9731031746031746,2.0,0.029,17.0,2.0,0.09523809523809523,1.2352941176470589,20.0,0.09523809523809523,0.026642407500072986,8.97076023391813,8.146811719086601,1.0608380390359655,1.0377593725331473,True,,aaa4cb3dc2e17e80f5cd188b3160b427c20046f17b89e475a05ce40a23ec11a2,grafos_f800/OUT_pendNEG/A2-B0-C2-batch3-r40__s475709__unico__N2000.grafo.gz,"reconstruir_regla_a2b0c2(seed=475709, N=2000)"
OUT_pendNEG,no_pareado,A2-B0-C2-batch3-r45,476194.0,intermedio (sin clase clara),unico,2000,8.0,4.0,0.632,0.292,6.97,2281.0,2.281,,,,,0.8175,2.0,-0.4890808572589443,0.153,2876.4,1.2948717948717947,8,0.03,A2-B0-C2-batch3-r45_pendNEG,0.0011410705352676,,,,,,,,,,,,,False,A2-B0-C2-batch3-r45_pendNEG,0.7940000000000003,46,0.8114999999999839,9,0.816499999999978,1,3.937619744521776,13.28653479233572,9.4,97.59304036464869,2281.0,bateria_fase6_outliers_negativos,2281,2.281,0.8175,30,22.0,0.05108790279237511,0.019166666666666665,0.017420905086103323,29,1.0116279069767442,1.0,2.0,1.1500000000000057,0.03814116615519509,0.03770276194651469,0.011627906976744186,0.9584540229885058,2.0,0.0425,28.0,2.0,0.06896551724137931,1.0357142857142858,28.0,0.06896551724137931,0.037576631844828366,9.450292397660817,8.202906976744186,1.2657695680500618,1.2628143079665086,True,,a79e328768b371e8142e3813808072bc96b31a7df1e23d01fb2ddc2ca77f65a1,grafos_f800/OUT_pendNEG/A2-B0-C2-batch3-r45__s476194__unico__N2000.grafo.gz,"reconstruir_regla_a2b0c2(seed=476194, N=2000)"
OUT_pendNEG,no_pareado,A2-B0-C2-batch4-r110,582499.0,intermedio (sin clase clara),unico,2000,7.0,4.0,0.487,0.224,7.51,2154.0,2.154,,,,,0.785,1.0,-1.096531026564667,0.1554999999999999,2923.4,1.355555555555555,8,0.03,A2-B0-C2-batch4-r110_pendNEG,0.0010775387693846,,,,,,,,,,,,,False,A2-B0-C2-batch4-r110_pendNEG,0.8040000000000003,44,0.8284999999999811,3,0.8324999999999774,1,3.8727434095012327,12.527480599996508,9.4,97.59300753428796,2154.0,bateria_fase6_outliers_negativos,2154,2.154,0.785,38,28.0,0.05168338806019213,0.036,0.028326745718050064,43,1.0078125,1.0,2.0,1.0,0.05988857938718663,0.059424326833797586,0.0078125,0.9403062015503876,2.0,0.062,39.0,2.0,0.046511627906976744,1.1025641025641026,42.0,0.046511627906976744,0.059238485717660314,10.106725146198832,8.966857871255577,1.4432315217386857,1.4562254350763824,True,,dfa0b9f5fda7bd366d19c0f85e36e11b39d5a33467e45b484425439fede2a531,grafos_f800/OUT_pendNEG/A2-B0-C2-batch4-r110__s582499__unico__N2000.grafo.gz,"reconstruir_regla_a2b0c2(seed=582499, N=2000)"
OUT_pendNEG,no_pareado,A2-B0-C2-batch4-r118,583275.0,intermedio (sin clase clara),unico,2000,6.0,5.0,0.474,0.208,7.5,3060.0,3.06,,,,,0.9295,1.0,-0.7332665346341074,0.1234999999999999,2321.8,0.8857142857142855,8,0.034,A2-B0-C2-batch4-r118_pendNEG,0.0015307653826913,,,,,,,,,,,,,False,A2-B0-C2-batch4-r118_pendNEG,0.6559999999999994,59,0.7005000000000019,14,0.7104999999999823,2,4.08346067965367,14.311261789041556,9.4,97.59291432060353,3060.0,bateria_fase6_outliers_negativos,3060,3.06,0.9295,9,15.0,0.07627792352333243,0.019383333333333332,0.013265306122448979,39,1.0086206896551724,1.0,2.0,1.0,0.03823529411764706,0.03790849673202614,0.008620689655172414,0.9444230769230769,2.0,0.057,37.0,2.0,0.05128205128205128,1.054054054054054,38.0,0.05128205128205128,0.03776784570037165,7.196052631578948,7.0117061356297095,0.7733448733605102,0.8638464336737215,True,,dd8c25658a723dc381a76654db2f0ba33003c4195170cda428d39a503f7fd37a,grafos_f800/OUT_pendNEG/A2-B0-C2-batch4-r118__s583275__unico__N2000.grafo.gz,"reconstruir_regla_a2b0c2(seed=583275, N=2000)"
OUT_pendNEG,no_pareado,A2-B0-C2-batch4-r156,586961.0,intermedio (sin clase clara),unico,2000,6.0,5.0,0.628,0.248,7.57,3067.0,3.067,,,,,0.9135,1.0,-0.7736765310855259,0.1325,2491.0,1.0270270270270272,8,0.029,A2-B0-C2-batch4-r156_pendNEG,0.0015342671335667,,,,,,,,,,,,,False,A2-B0-C2-batch4-r156_pendNEG,0.6024999999999993,67,0.6725,24,0.692999999999983,2,4.1504923911178775,19.86771525915778,9.4,97.59296000832128,3067.0,bateria_fase6_outliers_negativos,3067,3.067,0.9135,12,18.0,0.049701041919482936,0.018016666666666667,0.011895583214010354,36,1.0093457943925233,1.0,2.0,1.0,0.035213563743071406,0.03488751222693186,0.009345794392523364,0.9489166666666666,2.0,0.0525,34.0,3.0,0.08333333333333333,1.0588235294117647,35.0,0.05555555555555555,0.03475292428450189,6.934285714285714,6.836299744432274,0.965909543858033,0.8711868288434889,True,,f70db7626f66618d16339042bec6e1ba5b5f3dd358cbb2cc8ba6f70956b4f276,grafos_f800/OUT_pendNEG/A2-B0-C2-batch4-r156__s586961__unico__N2000.grafo.gz,"reconstruir_regla_a2b0c2(seed=586961, N=2000)"
OUT_pendNEG,no_pareado,A2-B0-C2-batch4-r178,589095.0,intermedio (sin clase clara),unico,2000,5.0,4.0,0.718,0.101,6.97,2332.0,2.332,,,,,0.844,2.0,-0.5601145883746886,0.152,2857.6000000000004,1.276315789473684,8,0.034,A2-B0-C2-batch4-r178_pendNEG,0.0011665832916458,,,,,,,,,,,,,False,A2-B0-C2-batch4-r178_pendNEG,0.7855,44,0.8069999999999785,2,0.8124999999999782,1,3.922783433142096,12.635305658575303,9.4,97.59300565810742,2332.0,bateria_fase6_outliers_negativos,2332,2.332,0.844,24,20.0,0.05824963233210346,0.016416666666666663,0.015894819466248038,27,1.0,1.0,1.0,1.0,0.034734133790737566,0.034734133790737566,0.0,0.9633024691358024,2.0,0.0385,23.0,3.0,0.1111111111111111,1.173913043478261,27.0,0.037037037037037035,0.034590704612388154,8.811538461538461,9.138707765263781,1.061302737698569,1.08142374902614,True,,ffba03443d20e7307a30eba69425757ff3b6154d41dddf75115fd1c2a65885c4,grafos_f800/OUT_pendNEG/A2-B0-C2-batch4-r178__s589095__unico__N2000.grafo.gz,"reconstruir_regla_a2b0c2(seed=589095, N=2000)"
OUT_pendNEG,no_pareado,A2-B0-C2-batch4-r49,576582.0,intermedio (sin clase clara),unico,2000,7.0,4.0,0.51,0.298,7.82,2102.0,2.102,,,,,0.79,1.0,-1.100597011429857,0.157,2951.6,1.5138888888888888,8,0.034,A2-B0-C2-batch4-r49_pendNEG,0.0010515257628814,,,,,,,,,,,,,False,A2-B0-C2-batch4-r49_pendNEG,0.819500000000001,33,0.8474999999999768,1,0.8494999999999767,1,3.776947956533807,12.056428387657936,9.4,97.59299653063871,2102.0,bateria_fase6_outliers_negativos,2102,2.102,0.79,32,21.0,0.005345938475172801,0.03225,0.030240549828178694,44,1.0153846153846153,1.0,2.0,1.7099999999999937,0.06279733587059944,0.06184586108468126,0.015384615384615385,0.9406287878787879,2.0,0.0625,39.0,2.0,0.045454545454545456,1.1282051282051282,42.0,0.045454545454545456,0.061629040712438264,10.312030075187971,8.310877137428752,1.2518920643742322,1.2244721340606741,True,,3bd7ed2a93d64671e142128680e2b2d41b1c8fd5f381da3e98299702c70a05b7,grafos_f800/OUT_pendNEG/A2-B0-C2-batch4-r49__s576582__unico__N2000.grafo.gz,"reconstruir_regla_a2b0c2(seed=576582, N=2000)"
OUT_pendNEG,no_pareado,A2-B0-C2-batch4-r53,576970.0,intermedio (sin clase clara),unico,2000,6.0,4.0,0.393,0.134,7.89,2076.0,2.076,,,,,0.762,1.0,-1.2015965510219309,0.156,2932.8,1.3506493506493509,8,0.021,A2-B0-C2-batch4-r53_pendNEG,0.0010385192596298,,,,,,,,,,,,,False,A2-B0-C2-batch4-r53_pendNEG,0.8090000000000006,45,0.8359999999999775,2,0.843499999999977,1,3.9109021775655526,11.898180809164918,9.4,97.59292618271736,2076.0,bateria_fase6_outliers_negativos,2076,2.076,0.762,35,19.0,0.0010040736189288989,0.03833333333333333,0.03302752293577982,48,1.0140845070422535,1.0,2.0,1.5900000000000034,0.06936416184971098,0.06840077071290944,0.014084507042253521,0.9328263888888889,2.0,0.0695,45.0,2.0,0.041666666666666664,1.0666666666666667,46.0,0.041666666666666664,0.06817419281187699,9.774444444444445,7.932953965127307,1.2489536705146664,1.2074132124705,True,,38b17f8c6a4fca6759ebc860869dbb98df18c3404e739275f87a55449e910855,grafos_f800/OUT_pendNEG/A2-B0-C2-batch4-r53__s576970__unico__N2000.grafo.gz,"reconstruir_regla_a2b0c2(seed=576970, N=2000)"
OUT_pendNEG,no_pareado,A2-B0-C2-batch4-r56,577261.0,I,unico,2000,8.0,5.0,0.763,0.332,6.55,3249.0,3.249,,,,,0.95,1.0,-0.6169533920397224,0.1065,2002.2,0.5679611650485437,8,0.04,A2-B0-C2-batch4-r56_pendNEG,0.0016253126563281,,,,,,,,,,,,,False,A2-B0-C2-batch4-r56_pendNEG,0.6084999999999995,70,0.6705000000000015,20,0.6784999999999836,2,4.17590347367765,13.093302340032936,9.4,97.59304220922698,3249.0,bateria_fase6_outliers_negativos,3249,3.249,0.95,9,15.0,0.09425547414379903,0.013883333333333333,0.011220779220779221,36,1.0485436893203883,1.0,2.0,2.0,0.0332409972299169,0.0317020621729763,0.04854368932038835,0.9566666666666667,2.0,0.048,29.0,2.0,0.05555555555555555,1.2413793103448276,31.0,0.05555555555555555,0.03157931208987192,6.961428571428572,6.431893979287345,0.8409053526801468,0.8096342785905103,True,,1d85c8f48bee470ffd9350763a6a549e88ab218a7f10b7ab4456a6535fcaf35f,grafos_f800/OUT_pendNEG/A2-B0-C2-batch4-r56__s577261__unico__N2000.grafo.gz,"reconstruir_regla_a2b0c2(seed=577261, N=2000)"
OUT_pendNEG,no_pareado,A2-B0-C2-r0,271829.0,intermedio (sin clase clara),unico,2000,8.0,4.0,0.717,0.222,5.83,2479.0,2.479,,,,,0.869,1.0,-0.8543832048975385,0.1415,2660.2,1.1666666666666663,8,0.024,A2-B0-C2-r0_pendNEG,0.00124012006003,,,,,,,,,,,,,False,A2-B0-C2-r0_pendNEG,0.7594999999999998,53,0.7879999999999807,6,0.791499999999979,1,4.030679545975957,12.213703446339457,9.4,97.59300506246244,2479.0,bateria_fase6_outliers_negativos,2479,2.479,0.869,29,21.0,0.08803987272406763,0.01775,0.014396456256921373,26,1.0,1.0,1.0,1.0,0.03146430012101654,0.03146430012101654,0.0,0.9619871794871795,2.0,0.0385,25.0,2.0,0.07692307692307693,1.04,26.0,0.038461538461538464,0.03136695153366535,9.086956521739133,8.350395143141258,1.0282139706555447,0.9919808438345861,True,,57bac047483034fb0d3b8f4087dbb45577dd7ac65a1c129f4feeb44517d3ce09,grafos_f800/OUT_pendNEG/A2-B0-C2-r0__s271829__unico__N2000.grafo.gz,"reconstruir_regla_a2b0c2(seed=271829, N=2000)"
