corrida,umbral,descripcion_umbral,n_difuso,masa_difusa,H_v3d_abs,Hmm_v3d_abs,Hrar_v3d_abs,H_v3d_std,Hmm_v3d_std,Hrar_v3d_std,H_mod_abs,Hmm_mod_abs,Hrar_mod_abs,H_mod_std,Hmm_mod_std,Hrar_mod_std,sigma_v,v_mediana,n_fil_c1.0,frac_mayor_c1.0,n_fil_c1.5,frac_mayor_c1.5,n_fil_c2.5,frac_mayor_c2.5
A2-B0-C2-batch3-r0_III,A_P50_abs,rho < 0.2004 (P50 agrupado),414,3891.6000000000004,5.867239726342234,5.977010001192482,5.867239726342234,5.853909931869086,5.963680206719333,5.853909931869086,3.97504094812082,4.001176727847069,3.97504094812082,3.979959558033261,4.00609533775951,3.979959558033261,1.6776138496121105,1.4714806231061974,2,0.016908212560386472,9,0.03140096618357488,18,0.10386473429951691
A2-B0-C2-batch3-r100_I,A_P50_abs,rho < 0.2004 (P50 agrupado),463,4352.2,5.895047626709697,5.993200745042316,5.882385094434012,5.9003413371316,5.998494455464218,5.887487276493506,3.967489939351491,3.9908597294306856,3.9645064124159695,3.9716568891497794,3.995026679228974,3.968651976912513,1.8194851046219203,1.4636255951376351,4,0.017278617710583154,11,0.023758099352051837,13,0.15334773218142547
A2-B0-C2-batch3-r104_I,A_P50_abs,rho < 0.2004 (P50 agrupado),856,8046.400000000001,5.951437526052281,6.004527355243873,5.891151918179093,5.949261043922457,6.0023508731140485,5.89101103219763,3.990791062449606,4.003431497971413,3.9779173220479556,3.9899817370727595,4.002622172594567,3.9766441203641385,1.7276617802844032,1.4608054116949605,23,0.02336448598130841,50,0.030373831775700934,10,0.8084112149532711
A2-B0-C2-batch3-r107_I,A_P50_abs,rho < 0.2004 (P50 agrupado),857,8055.8,5.9457456970854565,5.998773577818248,5.889403245422681,5.944085843913684,5.997113724646476,5.886533630995563,3.9885802783425497,4.00120596423131,3.9754967758659228,3.990067672094859,4.002693357983619,3.9770706320557436,1.7380261476198664,1.447891169283902,24,0.014002333722287048,46,0.029171528588098017,7,0.8693115519253208
A2-B0-C2-batch3-r108_III,A_P50_abs,rho < 0.2004 (P50 agrupado),781,7341.400000000001,5.92994566621276,5.988133750448358,5.876541419701583,5.942356138967904,6.0005442232035024,5.888071778122696,3.9860268026532295,3.99988110842361,3.974414652945388,3.992469402546111,4.006323708316492,3.9806118950971716,1.7061909505341957,1.4541360306603508,14,0.034571062740076826,42,0.03585147247119078,2,0.7682458386683739
A2-B0-C2-batch3-r10_III,A_P50_abs,rho < 0.2004 (P50 agrupado),779,7322.6,5.933628701804837,5.991966177784301,5.88135550698578,5.93022573118821,5.988563207167673,5.877055478650885,3.9836853092848896,3.9975751845180953,3.9715357625458636,3.9858419123171,3.9997317875503056,3.9736459201560606,1.7370143571423913,1.4675584516616909,16,0.012836970474967908,34,0.021822849807445442,4,0.865211810012837
A2-B0-C2-batch3-r111_III,A_P50_abs,rho < 0.2004 (P50 agrupado),751,7059.400000000001,5.92870333287096,5.989215841243799,5.876765695375404,5.937540560491019,5.998053068863858,5.8849294886855565,3.9756136931167827,3.990021433205554,3.9640780211927535,3.98323319170499,3.9976409317937613,3.9711087781357226,1.7437703705229066,1.5030564416116026,15,0.018641810918774968,33,0.037283621837549935,5,0.7776298268974701
A2-B0-C2-batch3-r112_I,A_P50_abs,rho < 0.2004 (P50 agrupado),765,7191.0,5.941782506237656,6.001187596156614,5.887987453633124,5.93116894833755,5.990574038256508,5.878347918302459,3.976659127414779,3.990803196443102,3.964100406086368,3.983414346735083,3.997558415763406,3.971085305335484,1.6992766528860257,1.5029884404818505,14,0.023529411764705882,39,0.03137254901960784,8,0.6169934640522876
A2-B0-C2-batch3-r114_III,A_P50_abs,rho < 0.2004 (P50 agrupado),1205,11327.0,5.943783487023363,5.981497091826684,5.868826413054021,5.9449066403619035,5.982620245165225,5.872206312822218,3.9904458822686504,3.999425311983727,3.973439794646221,3.9906688173092713,3.9996482470243477,3.972639044534037,1.8020763233837813,1.5630796174584887,35,0.019087136929460582,69,0.022406639004149378,9,0.9062240663900415
A2-B0-C2-batch3-r120_I,A_P50_abs,rho < 0.2004 (P50 agrupado),832,7820.8,5.9349029512947205,5.989524217866839,5.87795597276626,5.939063818312292,5.99368508488441,5.878990842540344,3.9860987706333497,3.9991038341029017,3.9728437605713225,3.991088543700209,4.004093607169761,3.9776676861325,1.7152741473251047,1.5030969512236352,14,0.019230769230769232,42,0.027644230769230768,5,0.8329326923076923
A2-B0-C2-batch3-r12_III,A_P50_abs,rho < 0.2004 (P50 agrupado),750,7050.0,5.897714170348371,5.958307362065707,5.845363402351479,5.922912177386416,5.983505369103752,5.870710689529941,3.974781872676673,3.9892088230855625,3.96304268311151,3.9635355687331946,3.977962519142084,3.9522301239954003,1.7062169115784134,1.4778005719765286,12,0.030666666666666665,34,0.036,7,0.5786666666666667
A2-B0-C2-batch3-r143_I,A_P50_abs,rho < 0.2004 (P50 agrupado),870,8178.0,5.93201554501037,5.984251055111522,5.871587475305706,5.938641578431204,5.990877088532356,5.877446542090448,3.991781201878963,4.004218228093523,3.976951728175464,3.9900404851811926,4.002477511395752,3.9760774720987384,1.7024213005179205,1.4722137413702425,16,0.020689655172413793,47,0.027586206896551724,3,0.8919540229885058
A2-B0-C2-batch3-r1_I,A_P50_abs,rho < 0.2004 (P50 agrupado),1249,11740.6,5.957978257134865,5.994363280183706,5.8803886968422105,5.9615312651710095,5.997916288219851,5.882537329180594,3.9890594377771276,3.997722538503042,3.971834784961457,3.990083768721889,3.9987468694478037,3.9730486529027305,1.7969363436184027,1.5674385362846206,32,0.020016012810248198,59,0.041633306645316254,4,0.9167333867093675
A2-B0-C2-batch3-r21_III,A_P50_abs,rho < 0.2004 (P50 agrupado),827,7773.8,5.956309305860254,6.011260809836073,5.897294124550025,5.955805002983928,6.010756506959747,5.898910009003251,3.9842820803649834,3.9973657717877975,3.9715166324662228,3.9885537597819805,4.001637451204794,3.9754463735987167,1.72354892333402,1.4859326120968872,17,0.020556227327690448,38,0.02781136638452237,5,0.8210399032648126
A2-B0-C2-batch3-r23_III,A_P50_abs,rho < 0.2004 (P50 agrupado),784,7369.6,5.927104520914279,5.985069946664281,5.875201989271039,5.925097616920247,5.98306304267025,5.869847657351068,3.974728767312801,3.9885300591580397,3.9621630601396283,3.9763402937876626,3.9901415856329012,3.9650703536165866,1.7344232435020195,1.5314988226120914,13,0.01913265306122449,38,0.02423469387755102,8,0.8431122448979592
A2-B0-C2-batch3-r25_III,A_P50_abs,rho < 0.2004 (P50 agrupado),784,7369.6,5.9287969693628755,5.986762395112878,5.871829145419813,5.937976868226633,5.995942293976635,5.883799809873391,3.988542990103209,4.002344281948448,3.976023806689264,3.991350372706683,4.005151664551922,3.979152223537467,1.7094429305274401,1.4351975162707746,15,0.015306122448979591,42,0.025510204081632654,11,0.7895408163265306
A2-B0-C2-batch3-r26_III,A_P50_abs,rho < 0.2004 (P50 agrupado),830,7802.0,5.936577169322602,5.991330053404533,5.876739384090849,5.935506549920856,5.990259434002787,5.878459713347451,3.9869967798845574,4.0000331808564455,3.97358966188645,3.9862636668077256,3.9993000677796138,3.972660428010783,1.7514512768810266,1.5405370279951138,21,0.01566265060240964,45,0.030120481927710843,1,0.8831325301204819
A2-B0-C2-batch3-r31_III,A_P50_abs,rho < 0.2004 (P50 agrupado),816,7670.400000000001,5.930873174482623,5.986565446281646,5.872185895450299,5.9391092892522135,5.994801561051236,5.882688217954153,3.9865095708473413,3.9997696355613943,3.972419281128454,3.9853215795899075,3.9985816443039606,3.972989696033645,1.7371461170152573,1.506955920693274,21,0.014705882352941176,44,0.0196078431372549,4,0.5245098039215687
A2-B0-C2-batch3-r35_I,A_P50_abs,rho < 0.2004 (P50 agrupado),824,7745.6,5.934131817591933,5.989283387723003,5.875078361312856,5.94851990383588,6.003671473966951,5.889985781661722,3.984593879754275,3.9977252059759585,3.9708582540501935,3.988840805674628,4.001972131896312,3.9750000136794377,1.6551484316158749,1.4051775417930017,22,0.014563106796116505,46,0.019417475728155338,5,0.8592233009708737
A2-B0-C2-batch3-r44_I,A_P50_abs,rho < 0.2004 (P50 agrupado),753,7078.2,5.944779389256661,6.005131173835681,5.892913597258562,5.9451057076299865,6.005457492209007,5.894900271379489,3.9835428355957934,3.997912308114608,3.971645611654489,3.9891470224357053,4.0035164949545194,3.9776164564153076,1.665207443256031,1.470349680424699,9,0.02257636122177955,22,0.02656042496679947,8,0.8140770252324038
A2-B0-C2-batch3-r48_I,A_P50_abs,rho < 0.2004 (P50 agrupado),692,6504.8,5.92755688408827,5.993228695920643,5.882488970718082,5.924231063809861,5.989902875642234,5.878111854335706,3.9841003292490393,3.999736474923414,3.973634508168007,3.984664641535188,4.000300787209563,3.9740740314065603,1.6862083615426944,1.4390952641908648,5,0.010115606936416185,26,0.030346820809248554,14,0.16329479768786126
A2-B0-C2-batch3-r50_I,A_P50_abs,rho < 0.2004 (P50 agrupado),811,7623.400000000001,5.941567881977036,5.997603509335855,5.88389298449049,5.9384179137408815,5.9944535410997,5.882134495683656,3.992271295796327,4.005613111834141,3.979758601558424,3.985414064020251,3.998755880058065,3.971650548456672,1.753564355985539,1.509376791125171,17,0.013563501849568433,37,0.03822441430332922,7,0.8532675709001233
A2-B0-C2-batch3-r53_I,A_P50_abs,rho < 0.2004 (P50 agrupado),728,6843.2,5.925390060089594,5.987814364743444,5.876625460589731,5.9297097844355955,5.992134089089445,5.878631367624925,3.9901080898710957,4.004971019550584,3.978627972138049,3.984353753442071,3.999216683121559,3.9730858274066363,1.6868724578232233,1.4438031731974883,12,0.016483516483516484,35,0.02197802197802198,9,0.7925824175824175
A2-B0-C2-batch3-r58_III,A_P50_abs,rho < 0.2004 (P50 agrupado),747,7021.8,5.919171896426916,5.980008434295728,5.866695641206446,5.940058318367399,6.0008948562362106,5.887545752071946,3.9771091130853353,3.9915940030541,3.9651383576760573,3.98001889740156,3.994503787370325,3.9679627623855196,1.6980574078752297,1.4099771641652807,13,0.014725568942436412,36,0.03346720214190094,6,0.7590361445783133
A2-B0-C2-batch3-r59_I,A_P50_abs,rho < 0.2004 (P50 agrupado),759,7134.6,5.929124979289512,5.988999674662375,5.877351366670329,5.94119217225581,6.001066867628672,5.888018008252809,3.9919096836802446,4.006165563530926,3.9801077905258944,3.9933836378791847,4.007639517729866,3.980809759534664,1.7185513860579258,1.4651664745838042,15,0.013175230566534914,36,0.03162055335968379,7,0.8036890645586298
A2-B0-C2-batch3-r5_I,A_P50_abs,rho < 0.2004 (P50 agrupado),1297,12191.800000000001,5.954194961434364,5.989233430045006,5.8759024627095515,5.965804305360637,6.000842773971279,5.887971820384163,3.98874506931501,3.997087561841353,3.9713695413327796,3.9903478232805982,3.9986903158069413,3.9733514149981772,1.7879715710811832,1.5614242198390706,34,0.03777949113338473,64,0.047031611410948346,6,0.9159599074787972
A2-B0-C2-batch3-r60_III,A_P50_abs,rho < 0.2004 (P50 agrupado),745,7003.0,5.923094793886312,5.9840946513198725,5.8717695606160705,5.942805333773451,6.003805191207012,5.890065798438859,3.9834550060589766,3.9979787816383956,3.971519643263843,3.992557236426307,4.0070810120057265,3.9802040905350613,1.7128876044628183,1.4804249409312398,13,0.020134228187919462,35,0.021476510067114093,4,0.8389261744966443
A2-B0-C2-batch3-r69_III,A_P50_abs,rho < 0.2004 (P50 agrupado),1024,9625.6,5.944005220996916,5.988385000086762,5.87496181824659,5.960397187284968,6.0047769663748145,5.8915541962530265,3.987932400923796,3.9984990149928072,3.9719836340870636,3.985614977098627,3.996181591167638,3.970440517002704,1.7024957546541766,1.5040386908273233,23,0.015625,51,0.0205078125,6,0.8837890625
A2-B0-C2-batch3-r70_III,A_P50_abs,rho < 0.2004 (P50 agrupado),869,8168.6,5.94393122980102,5.9962268498102285,5.884789226932635,5.953914720851678,6.0062103408608865,5.8944340828536035,3.9837926121520106,3.996243950249441,3.9694986058315944,3.985497613117575,3.9979489512150055,3.971189241562283,1.6967586765188272,1.4296957920594597,21,0.011507479861910242,47,0.02761795166858458,6,0.8711162255466053
A2-B0-C2-batch3-r71_III,A_P50_abs,rho < 0.2004 (P50 agrupado),728,6843.2,5.915759461808186,5.978183766462036,5.8649137618058145,5.927161751189482,5.989586055843332,5.875793303164121,3.9876666491857287,4.002529578865216,3.97577938684133,3.9780710928278946,3.9929340225073826,3.966698519686807,1.7335988947608383,1.4546002880082072,16,0.019230769230769232,36,0.02197802197802198,11,0.5453296703296703
A2-B0-C2-batch3-r76_I,A_P50_abs,rho < 0.2004 (P50 agrupado),812,7632.8,5.933823905261564,5.989790523227084,5.879656086613266,5.942625857043312,5.998592475008833,5.8851994619924115,3.9878246078381006,4.001149993067986,3.9745858398199596,3.990758414894597,4.004083800124483,3.978155782550952,1.7601608413311454,1.5321250899182504,17,0.014778325123152709,42,0.022167487684729065,3,0.8805418719211823
A2-B0-C2-batch3-r83_III,A_P50_abs,rho < 0.2004 (P50 agrupado),984,9249.6,5.947883995984716,5.9940678311351245,5.880968356959844,5.943371078866643,5.989554914017051,5.875648236253649,3.9884678075849616,3.9994639588112495,3.9739343539581697,3.98724828982979,3.998244441056078,3.9714639180221383,1.7616870476320199,1.5135210478242527,22,0.021341463414634148,54,0.03048780487804878,5,0.8699186991869918
A2-B0-C2-batch3-r86_I,A_P50_abs,rho < 0.2004 (P50 agrupado),933,8770.2,5.946418202191847,5.995126555662375,5.88000482366004,5.947511566568803,5.996219920039331,5.8828294629852,3.9932555108220167,4.004852737838809,3.978978375713569,3.9929617288637633,4.004558955880555,3.9785973783930255,1.7166058851664077,1.491195590773221,20,0.015005359056806002,59,0.020364415862808145,4,0.8703108252947481
A2-B0-C2-batch3-r9_I,A_P50_abs,rho < 0.2004 (P50 agrupado),1300,12220.0,5.9543805323631425,5.989338142969298,5.873550780132049,5.963854385099381,5.998811995705537,5.887051463640269,3.9880248803642706,3.9963481209847838,3.970472410634633,3.9895480973091653,3.9978713379296784,3.9713508590180777,1.8006090325313302,1.5584083789187873,33,0.03307692307692308,65,0.046153846153846156,6,0.916923076923077
A2-B0-C2-batch4-r0_III,A_P50_abs,rho < 0.2004 (P50 agrupado),1196,11242.4,5.945643729034719,5.983641131867497,5.870171866642444,5.952765889531805,5.990763292364583,5.875102163614347,3.992770310102898,4.001817310777369,3.975888661306203,3.99440361098807,4.003450611662541,3.977870211443232,1.7818234545521714,1.5510502361729912,32,0.026755852842809364,61,0.03762541806020067,4,0.8854515050167224
A2-B0-C2-batch4-r10_III,A_P50_abs,rho < 0.2004 (P50 agrupado),747,7021.8,5.905370484691791,5.966207022560603,5.854282813680956,5.919378279414737,5.9802148172835485,5.865795768833644,3.9850583497340732,3.999543239702838,3.9734680359578025,3.983001117240515,3.9974860072092797,3.9705107773697597,1.7679354563000664,1.5166801601391315,15,0.02677376171352075,34,0.03346720214190094,7,0.5917001338688086
A2-B0-C2-batch4-r11_I,A_P50_abs,rho < 0.2004 (P50 agrupado),1240,11656.0,5.969019538742999,6.00566864663655,5.8932228909014786,5.970604924957318,6.007254032850868,5.895131563322973,3.9843666008916205,3.9930925789615133,3.9682976021820684,3.9938971617441332,4.002623139814026,3.9762183582856334,1.7764963319603893,1.5904872955437837,39,0.025806451612903226,51,0.04758064516129032,3,0.9112903225806451
A2-B0-C2-batch4-r12_III,A_P50_abs,rho < 0.2004 (P50 agrupado),809,7604.6,5.926601585297549,5.982775743255525,5.867770393411031,5.942698382065915,5.998872540023891,5.887628998415555,3.986136755156696,3.9995115546705,3.972644853746545,3.9914815769726233,4.004856376486427,3.978361605119623,1.677854560137553,1.4548885757652579,14,0.019777503090234856,41,0.0407911001236094,7,0.7169344870210136
A2-B0-C2-batch4-r13_I,A_P50_abs,rho < 0.2004 (P50 agrupado),1229,11552.6,5.953987009760002,5.99096414058832,5.87771509790586,5.957865297813574,5.994842428641891,5.881165170162012,3.986154876332482,3.9949589551011293,3.9686570807426493,3.995008451698625,4.003812530467272,3.978707648868036,1.8209963262271223,1.5895196082727785,31,0.01952807160292921,60,0.030919446704637917,6,0.9275834011391375
A2-B0-C2-batch4-r15_I,A_P50_abs,rho < 0.2004 (P50 agrupado),669,6288.6,5.90835405627549,5.976283643402549,5.862660166965112,5.922848138370638,5.990777725497696,5.879147727862338,3.9732020171442635,3.9893757283649918,3.9637542879600245,3.987088995667378,4.003262706888106,3.977046980257052,1.6506813492990413,1.4224230201439292,8,0.01195814648729447,29,0.02242152466367713,7,0.7952167414050823
A2-B0-C2-batch4-r18_I,A_P50_abs,rho < 0.2004 (P50 agrupado),1234,11599.6,5.965147154215503,6.0019744587438675,5.8890354972475505,5.969801377553102,6.006628682081467,5.894848012366939,3.988003557836076,3.9967719636761627,3.969806943515808,3.995243921515293,4.00401232735538,3.977459424248709,1.7963138917154335,1.5252625936831414,32,0.024311183144246355,67,0.03403565640194489,6,0.9092382495948136
A2-B0-C2-batch4-r19_III,A_P50_abs,rho < 0.2004 (P50 agrupado),893,8394.2,5.944652739969934,5.995542878590317,5.881761586096164,5.953322395834337,6.00421253445472,5.891200213173829,3.9841973494874634,3.9963140491589835,3.969828055060581,3.9871967883355843,3.999313488007104,3.9733492521375315,1.7343326854757581,1.5266331543012726,18,0.01791713325867861,42,0.029115341545352745,8,0.6405375139977604
A2-B0-C2-batch4-r1_III,A_P50_abs,rho < 0.2004 (P50 agrupado),792,7444.8,5.933874991524533,5.991254907923526,5.881655869987123,5.942087684307985,5.9994676007069785,5.885232054202898,3.9903167119517278,4.003978596808631,3.977802880052629,3.9887977029320374,4.00245958778894,3.9762226626667063,1.716539996579549,1.483668087668436,18,0.011363636363636364,32,0.016414141414141416,9,0.8282828282828283
A2-B0-C2-batch4-r23_I,A_P50_abs,rho < 0.2004 (P50 agrupado),870,8178.0,5.935041919811167,5.987277429912319,5.875133684724364,5.942865719997496,5.995101230098648,5.8807167394325885,3.9831181688585082,3.9955551950730683,3.968942081951583,3.9831640286786643,3.9956010548932244,3.9696392936063116,1.7316574339726507,1.4807320448916759,21,0.017241379310344827,46,0.021839080459770115,6,0.8839080459770114
A2-B0-C2-batch4-r26_III,A_P50_abs,rho < 0.2004 (P50 agrupado),797,7491.8,5.951922682562664,6.008942624580233,5.89754322744967,5.960333756004328,6.017353698021897,5.905295254596466,3.992367326409259,4.0059435030801085,3.9796892199454366,3.9857342348776115,3.999310411548461,3.9721852697926714,1.7453842210270822,1.5124576618498529,16,0.012547051442910916,45,0.03262233375156838,3,0.8619824341279799
A2-B0-C2-batch4-r28_III,A_P50_abs,rho < 0.2004 (P50 agrupado),832,7820.8,5.905705856847499,5.960327123419617,5.847871173456987,5.918304850531402,5.97292611710352,5.862616489080158,3.984166321673175,3.997171385142727,3.970339065148659,3.9876233177847733,4.000628381254325,3.9745685664521746,1.737013474119811,1.4406338840660942,16,0.021634615384615384,45,0.026442307692307692,2,0.8870192307692307
A2-B0-C2-batch4-r31_I,A_P50_abs,rho < 0.2004 (P50 agrupado),827,7773.8,5.933680488222123,5.988631992197942,5.877096623364364,5.941008145036233,5.995959649012052,5.884011938983373,3.982359955606605,3.9954436470294192,3.9699210446247175,3.9842753049289232,3.9973589963517373,3.9714136203958286,1.700785656677351,1.5106464189757154,22,0.015719467956469165,41,0.03385731559854897,9,0.7363966142684402
A2-B0-C2-batch4-r36_III,A_P50_abs,rho < 0.2004 (P50 agrupado),421,3957.4,5.898983150707858,6.0069282665938495,5.896966259723223,5.9002640584187835,6.008209174304775,5.8983295503102235,3.978359030919107,4.004060248987201,3.9778777843311497,3.9733100412974465,3.9990112593655396,3.9730988602770725,1.7575593204830604,1.43437660422091,3,0.011876484560570071,13,0.021377672209026127,19,0.1377672209026128
A2-B0-C2-batch4-r38_I,A_P50_abs,rho < 0.2004 (P50 agrupado),745,7003.0,5.9405098163868555,6.001509673820416,5.886369118102969,5.930767713265276,5.991767570698836,5.879482225563296,3.9837512727569866,3.9982750483364056,3.97218173999192,3.9845638161144183,3.9990875916938373,3.9720273685056435,1.6890647453397554,1.4708584869129657,8,0.01879194630872483,37,0.02953020134228188,6,0.8335570469798658
A2-B0-C2-batch4-r39_I,A_P50_abs,rho < 0.2004 (P50 agrupado),761,7153.400000000001,5.93901183672374,5.998729174158697,5.885936465478649,5.948730462878177,6.008447800313134,5.89489562656613,3.984042558563471,3.998260972238461,3.971937801705287,3.9799745291025586,3.9941929427775484,3.9671848441823885,1.7287045931050897,1.4497076712030597,14,0.01445466491458607,39,0.02759526938239159,8,0.7923784494086727
A2-B0-C2-batch4-r3_I,A_P50_abs,rho < 0.2004 (P50 agrupado),1331,12511.4,5.957891176376043,5.992034597704369,5.87956506515221,5.9676290910036895,6.001772512332016,5.88932701783928,3.9878563698301335,3.9959857558606875,3.969592557455854,3.9867593910684356,3.9948887770989896,3.9689457310832275,1.8045478431264206,1.572555775824415,35,0.024793388429752067,56,0.03681442524417731,7,0.932381667918858
A2-B0-C2-batch4-r41_I,A_P50_abs,rho < 0.2004 (P50 agrupado),785,7379.0,5.94848393692281,6.006375521366125,5.894819558943502,5.956227852478872,6.014119436922186,5.902125726481286,3.9932397443747685,4.00702345495651,3.9802493361225286,3.991391563884077,4.0051752744658184,3.978308390371832,1.7001985286262158,1.480094494254254,15,0.015286624203821656,44,0.02165605095541401,5,0.8535031847133758
A2-B0-C2-batch4-r43_III,A_P50_abs,rho < 0.2004 (P50 agrupado),758,7125.2,5.933949327030934,5.993903012767085,5.881560470383945,5.938497424819396,5.998451110555546,5.885429607990354,3.988357721885933,4.002632408965969,3.9766383582220617,3.990143416122272,4.004418103202308,3.9783834436163,1.6950484591551969,1.4624877866862303,13,0.021108179419525065,35,0.03562005277044855,7,0.8179419525065963
A2-B0-C2-batch4-r44_I,A_P50_abs,rho < 0.2004 (P50 agrupado),755,7097.0,5.933270513457306,5.993462425759296,5.882586471240455,5.936271290856815,5.996463203158805,5.881964907789316,3.9915692529655775,4.005900660656527,3.9795160762804147,3.988153996153902,4.002485403844852,3.9768566197485318,1.717246482060325,1.4605710964289924,12,0.01456953642384106,35,0.018543046357615896,4,0.8622516556291391
A2-B0-C2-batch4-r47_III,A_P50_abs,rho < 0.2004 (P50 agrupado),779,7322.6,5.934494454193947,5.992831930173411,5.882194792010094,5.946117110085805,6.004454586065268,5.892574090115077,3.983861072075948,3.9977509473091537,3.97156990795816,3.9866572460898255,4.000547121323031,3.973037551303392,1.762180761621604,1.549979765910626,12,0.03465982028241335,38,0.0410783055198973,6,0.7124518613607189
A2-B0-C2-batch4-r51_I,A_P50_abs,rho < 0.2004 (P50 agrupado),463,4352.2,5.893382794988421,5.991535913321039,5.8806875208339715,5.882190297985028,5.9803434163176465,5.869686549393105,3.9719517119687953,3.99532150204799,3.969760516615756,3.983022097345163,4.006391887424358,3.980208586634882,1.689532993897983,1.3873258563866864,5,0.01511879049676026,17,0.023758099352051837,21,0.13822894168466524
A2-B0-C2-batch4-r57_I,A_P50_abs,rho < 0.2004 (P50 agrupado),823,7736.200000000001,5.932166550470338,5.987385133444825,5.874506274198706,5.9343669581977405,5.989585541172227,5.876829622991647,3.9894694316131014,4.002616713273693,3.975426808189965,3.9970134968683437,4.0101607785289355,3.984204405392024,1.7150767161207718,1.4958641205641252,17,0.020656136087484813,44,0.02916160388821385,3,0.8687727825030377
A2-B0-C2-batch4-r62_III,A_P50_abs,rho < 0.2004 (P50 agrupado),785,7379.0,5.934222596757167,5.992114181200482,5.8793123957579905,5.924933484140806,5.982825068584121,5.870658374366181,3.987648173738587,4.001431884320329,3.976037783794801,3.983748160128201,3.9975318707099428,3.9711695712848036,1.6985349328516433,1.4710342227120436,13,0.015286624203821656,39,0.02038216560509554,5,0.8280254777070064
A2-B0-C2-batch4-r70_I,A_P50_abs,rho < 0.2004 (P50 agrupado),781,7341.400000000001,5.906064098981986,5.964252183217584,5.852795953633919,5.92954029656397,5.9877283807995685,5.8740264374446785,3.989376109555157,4.003230415325538,3.976260376742703,3.981539544464653,3.9953938502350335,3.9693861616805335,1.7341174100645067,1.4446857422042505,17,0.011523687580025609,41,0.015364916773367477,11,0.6888604353393086
A2-B0-C2-batch4-r72_III,A_P50_abs,rho < 0.2004 (P50 agrupado),845,7943.0,5.930891856934468,5.984672796328554,5.870875657213592,5.936244344487136,5.990025283881222,5.8786307275849925,3.9797794356381653,3.9925844212081856,3.9657365646479494,3.9826169356275605,3.9954219211975808,3.9700440211450108,1.7010298020507773,1.475931544723779,12,0.02485207100591716,41,0.028402366863905324,6,0.8236686390532545
A2-B0-C2-batch4-r94_III,A_P50_abs,rho < 0.2004 (P50 agrupado),951,8939.4,5.945950108802396,5.993736537601557,5.882601450255041,5.952210374771178,5.999996803570339,5.88845443283688,3.9811476273878226,3.99252534853048,3.9674052273075158,3.976598850518184,3.9879765716608415,3.9612547889231053,1.6957017504846132,1.4819181718474963,24,0.015772870662460567,52,0.025236593059936908,5,0.889589905362776
A2-B0-C2-batch4-r9_III,A_P50_abs,rho < 0.2004 (P50 agrupado),1096,10302.4,5.9431862405934845,5.984650559743121,5.874520476042104,5.946694545600241,5.988158864749878,5.873980159846719,3.9883898576265775,3.998262314566967,3.9705533822869032,3.9924170950431845,4.002289551983575,3.9771689717419036,1.755105629486769,1.4941321870743507,32,0.020985401459854013,57,0.03375912408759124,5,0.8987226277372263
A2-B0-C2-r12_I,A_P50_abs,rho < 0.2004 (P50 agrupado),1199,11270.6,5.940837703522742,5.978740033621159,5.861024627957147,5.952420522180088,5.990322852278505,5.877373842191587,3.9877884221238222,3.9968127864329692,3.9694594286332903,3.9891431379772198,3.9981675022863667,3.973465482573742,1.786375614062822,1.5836114417501543,33,0.022518765638031693,64,0.03836530442035029,5,0.9065888240200167
A2-B0-C2-r12v1fix_I,A_P50_abs,rho < 0.2004 (P50 agrupado),1623,15256.2,5.966832605134966,5.9948331558361385,5.881357876588173,5.976801000117916,6.004801550819089,5.891485841292556,3.974139079896328,3.980805877682321,3.9534335617775076,3.9895670498543487,3.996233847640342,3.97090564116027,1.8531347056976986,1.6225688135414527,45,0.02895871842267406,60,0.05730129390018484,1,0.9858287122612446
A2-B0-C2-r14_III,A_P50_abs,rho < 0.2004 (P50 agrupado),780,7332.0,5.956048350128499,6.014311034472091,5.902214211238562,5.954934944081767,6.01319762842536,5.9019201578710625,3.9899983533459564,4.003870421046812,3.9779063259282426,3.9882473387163966,4.002119406417252,3.9755643816697166,1.7322271068765536,1.478335824459049,9,0.020512820512820513,35,0.03974358974358974,7,0.5897435897435898
A2-B0-C2-r17_III,A_P50_abs,rho < 0.2004 (P50 agrupado),888,8347.2,5.930664532076527,5.981841214270223,5.8654164560028565,5.922911939346298,5.974088621539994,5.860739058331621,3.988794492608265,4.000979416940098,3.9750296852789675,3.9887796882866597,4.000964612618493,3.9752895497291645,1.7600112457850083,1.533301887246155,22,0.030405405405405407,50,0.033783783783783786,2,0.9009009009009009
A2-B0-C2-r19_III,A_P50_abs,rho < 0.2004 (P50 agrupado),1026,9644.4,5.960045868111635,6.004339136910858,5.891921048527756,5.963923415778382,6.008216684577604,5.8959949983865165,3.991836888164136,4.002382904544904,3.9765988316729555,3.991000854870236,4.001546871251003,3.9742249830537157,1.7724062734732355,1.5294382373241984,25,0.016569200779727095,47,0.03508771929824561,12,0.8450292397660819
A2-B0-C2-r1_I,A_P50_abs,rho < 0.2004 (P50 agrupado),1313,12342.2,5.950261023020822,5.984872518670481,5.870491782230387,5.960173223761296,5.994784719410955,5.8829194018588735,3.980283575359538,3.9885244076570756,3.9627761666326036,3.98846169773927,3.9967025300368078,3.970680877058921,1.8096153447187462,1.5554254994341445,39,0.03427265803503427,59,0.044173648134044174,9,0.9146991622239147
A2-B0-C2-r20_III,A_P50_abs,rho < 0.2004 (P50 agrupado),1030,9682.0,5.945618917276016,5.989740173380873,5.878245646832695,5.940878142337058,5.984999398441915,5.8707449653989,3.9933562119682806,4.0038612729456275,3.9767404806109745,3.9932301598906434,4.00373522086799,3.976976638582906,1.7623928739302968,1.5116186473983055,27,0.018446601941747572,51,0.030097087378640777,3,0.9106796116504854
A2-B0-C2-r28_III,A_P50_abs,rho < 0.2004 (P50 agrupado),1220,11468.0,5.951654920493835,5.9889048334348205,5.874810641272432,5.9564897183873775,5.993739631328363,5.881989320461319,3.9859013270350037,3.9947703539257144,3.969023397616736,3.9876615825079114,3.996530609398622,3.9695419881611325,1.7693282022003252,1.5446769862290382,38,0.022950819672131147,62,0.023770491803278688,6,0.8991803278688525
A2-B0-C2-r2_I,A_P50_abs,rho < 0.2004 (P50 agrupado),1246,11712.4,5.9633064066693375,5.999779034107542,5.88851325797273,5.9631972311782455,5.99966985861645,5.886080751446958,3.990876276254653,3.999560235168511,3.9730262577411124,3.9898874936787054,3.9985714525925635,3.9728789420730846,1.7582806747635717,1.4843907267633867,38,0.02247191011235955,60,0.03691813804173355,5,0.9052969502407705
A2-B0-C2-r2v1fix_III,A_P50_abs,rho < 0.2004 (P50 agrupado),722,6786.8,5.939590925325232,6.002533991513602,5.888650980799484,5.944734054132258,6.007677120320627,5.8982056546109245,3.9823686087748715,3.9973550531054354,3.971702648526592,3.981929196430844,3.996915640761408,3.969475188482718,1.7728115043185362,1.5003416784541437,11,0.02077562326869806,36,0.029085872576177285,11,0.3573407202216066
A2-B0-C2-r39_III,A_P50_abs,rho < 0.2004 (P50 agrupado),1254,11787.6,5.955709092539056,5.99194903973842,5.878237996816531,5.959090140456983,5.995330087656346,5.882363545721155,3.9903275843683335,3.9989561432253247,3.973110123616183,3.9913951864556214,4.000023745312613,3.9728616016164,1.7885706754005997,1.5673136345641516,33,0.02073365231259968,55,0.0342902711323764,4,0.9290271132376395
A2-B0-C2-r6_I,A_P50_abs,rho < 0.2004 (P50 agrupado),836,7858.400000000001,5.93778328898102,5.992143209780066,5.880479597388577,5.935105802412542,5.9894657232115875,5.874375818540874,3.9879681468866846,4.000910985172172,3.9748943052516745,3.9898065642758906,4.002749402561378,3.97614741320715,1.7237642637667594,1.4954573377740603,16,0.019138755980861243,45,0.02751196172248804,5,0.868421052631579
A2-B0-C2-r9_I,A_P50_abs,rho < 0.2004 (P50 agrupado),1135,10669.0,5.944314223942744,5.984353777940984,5.871343261539233,5.937866304047683,5.977905858045923,5.864811050850075,3.989340517114808,3.998873744257246,3.971605185882183,3.991334353050327,4.000867580192765,3.974622879242874,1.808947086401561,1.5550103786616525,33,0.016740088105726872,70,0.03259911894273128,8,0.8881057268722466
A2-B0-C2-r9v2fix_I,A_P50_abs,rho < 0.2004 (P50 agrupado),1304,12257.6,5.959551247748859,5.99440162642064,5.879828790130643,5.9595197640915565,5.994370142763337,5.881369185546896,3.991233523145569,3.9995312323531356,3.9736416134041876,3.9947205851403496,4.003018294347917,3.977395832640965,1.8022578033561776,1.5641074528535366,34,0.01763803680981595,71,0.023773006134969327,2,0.9424846625766872
A2-B0-C2-batch3-r0_III,A_P75_abs,rho < 0.4962 (P75 agrupado),849,7980.6,5.912687334664238,5.966214889184853,5.911614967269859,5.886603554113315,5.94013110863393,5.88513442550999,3.973340061151946,3.9860847169901876,3.972961302560851,3.9412712777639047,3.9540159336021463,3.940948052098313,2.353787515789346,1.66059139019337,36,0.02237926972909305,41,0.023557126030624265,38,0.045936395759717315
A2-B0-C2-batch3-r100_I,A_P75_abs,rho < 0.4962 (P75 agrupado),876,8234.4,5.909745896546175,5.961623629180881,5.907259479704547,5.874167792189173,5.926045524823879,5.871612718789948,3.9748722614905887,3.98722410259409,3.9742661767578493,3.947199182633101,3.9595510237366023,3.9467167296629793,2.3445361933700304,1.6099482401820455,43,0.0228310502283105,42,0.0319634703196347,40,0.04794520547945205
A2-B0-C2-batch3-r104_I,A_P75_abs,rho < 0.4962 (P75 agrupado),1316,12370.4,5.960420811336974,5.994953405400805,5.939885879265818,5.9630996846300155,5.997632278693847,5.941627949958308,3.994111571158986,4.00233361736466,3.989361385320833,3.99310970699608,4.001331753201754,3.9884446669331517,2.050713857981897,1.6369392966158247,58,0.019756838905775075,43,0.0486322188449848,47,0.05167173252279635
A2-B0-C2-batch3-r107_I,A_P75_abs,rho < 0.4962 (P75 agrupado),1327,12473.800000000001,5.954444168353257,5.988690508811436,5.933037855709359,5.955183699030137,5.989430039488315,5.933736214066113,3.9937368056913067,4.001890696276587,3.9884643217235625,3.9941661207231696,4.00232001130845,3.9891797815724295,2.075992840485719,1.6504999995831344,57,0.01733232856066315,44,0.03617181612660136,45,0.07159005275056518
A2-B0-C2-batch3-r108_III,A_P75_abs,rho < 0.4962 (P75 agrupado),1261,11853.4,5.9539639863994935,5.990002760220273,5.93508454754676,5.956349466494024,5.992388240314803,5.936345106234834,3.9920355379857315,4.000616198419251,3.987097443627196,3.9887464578351666,3.9973271182686854,3.9841462977820417,2.0416691493674293,1.6216523842159518,46,0.026169706582077717,41,0.04203013481363997,44,0.04916732751784298
A2-B0-C2-batch3-r10_III,A_P75_abs,rho < 0.4962 (P75 agrupado),1256,11806.4,5.9520904971651625,5.988272737442235,5.933127063220155,5.955882730856924,5.992064971133996,5.936852082133604,3.9905423561647604,3.999157175278349,3.9862024696817415,3.9905998043235313,3.99921462343712,3.986287969703057,2.1570281271828233,1.6584447839970697,44,0.028662420382165606,45,0.059713375796178345,37,0.06050955414012739
A2-B0-C2-batch3-r111_III,A_P75_abs,rho < 0.4962 (P75 agrupado),1241,11665.4,5.94664180954125,5.983261385518689,5.927795769752569,5.948005529123615,5.984625105101054,5.927676860734914,3.989832961957001,3.998551908618296,3.985194406860285,3.988662157060448,3.997381103721743,3.9844502948565004,2.099646123758,1.6750330574155088,49,0.0257856567284448,42,0.033037872683319904,40,0.055600322320709106
A2-B0-C2-batch3-r112_I,A_P75_abs,rho < 0.4962 (P75 agrupado),1269,11928.6,5.939991374454073,5.975802953483232,5.92016025423465,5.934615198941708,5.970426777970867,5.914820538358359,3.988878830521469,3.997405396956983,3.9840573582290735,3.989161507212042,3.9976880736475557,3.9848739530898727,2.1291113825159624,1.668355116833985,53,0.018124507486209612,48,0.026004728132387706,41,0.054373522458628844
A2-B0-C2-batch3-r114_III,A_P75_abs,rho < 0.4962 (P75 agrupado),1624,15265.6,5.950105645306726,5.978088954289486,5.922575132947015,5.951309164878654,5.979292473861414,5.924729077519584,3.993589330471553,4.000252023086496,3.9872018961432776,3.9898120303685323,3.996474722983475,3.983083710704036,2.157780997876625,1.6504571280827756,61,0.017857142857142856,38,0.04926108374384237,28,0.24753694581280788
A2-B0-C2-batch3-r120_I,A_P75_abs,rho < 0.4962 (P75 agrupado),1308,12295.2,5.958418800689925,5.993162603280141,5.9379175460005875,5.960015989058697,5.994759791648913,5.940032332077202,3.990762004249259,3.9990343381993103,3.9861584130451364,3.9922840110647666,4.000556345014818,3.9874086347403126,2.0888348602420423,1.6960516785835542,48,0.017584097859327217,42,0.039755351681957186,47,0.04510703363914373
A2-B0-C2-batch3-r12_III,A_P75_abs,rho < 0.4962 (P75 agrupado),1203,11308.2,5.9437785061843265,5.981554810247504,5.926667654638892,5.939718627283398,5.977494931346575,5.9216503755105245,3.9881723001751537,3.997166658285434,3.9844381345006736,3.984746017466045,3.9937403755763254,3.9806100699297335,2.0908291721427896,1.6972118414043986,45,0.025768911055694097,43,0.032418952618453865,44,0.043225270157938485
A2-B0-C2-batch3-r143_I,A_P75_abs,rho < 0.4962 (P75 agrupado),1351,12699.4,5.960559794026834,5.9941977613014465,5.937926163285869,5.963322349030412,5.996960316305025,5.939838871577313,3.9898571694058043,3.997866209233093,3.984984337551788,3.9941195728396575,4.002128612666946,3.9890848196265045,2.0674910813931646,1.6375732003184045,52,0.01998519615099926,42,0.0384900074019245,38,0.05699481865284974
A2-B0-C2-batch3-r1_I,A_P75_abs,rho < 0.4962 (P75 agrupado),1616,15190.400000000001,5.967583411157743,5.99570525137309,5.9396184123858164,5.969522060078653,5.997643900294,5.942245755608047,3.9946813409321824,4.001377017173932,3.988301994535939,3.993750847379677,4.000446523621426,3.9873150316682677,2.082065039511509,1.6644290757706055,61,0.017326732673267328,37,0.05631188118811881,34,0.2264851485148515
A2-B0-C2-batch3-r21_III,A_P75_abs,rho < 0.4962 (P75 agrupado),1317,12379.800000000001,5.94159449454458,5.97610086795992,5.919694476399102,5.937848435023847,5.972354808439187,5.917478241019926,3.984309245106263,3.9925250483003913,3.979138047508123,3.9871720936392387,3.995387896833367,3.981891522909334,2.0888709482005314,1.6759915645243457,53,0.024297646165527716,43,0.04555808656036447,40,0.05922551252847381
A2-B0-C2-batch3-r23_III,A_P75_abs,rho < 0.4962 (P75 agrupado),1295,12173.0,5.9449293880905945,5.980021970166272,5.925270414511326,5.948032667983963,5.98312525005964,5.928651682842683,3.990771323317994,3.999126700002679,3.986118002259244,3.9904870478297214,3.9988424245144065,3.9857992925263495,2.0580962257459325,1.653640427169325,50,0.020077220077220077,40,0.0416988416988417,38,0.06023166023166023
A2-B0-C2-batch3-r25_III,A_P75_abs,rho < 0.4962 (P75 agrupado),1225,11515.0,5.932235688678114,5.969333561158116,5.913680393251261,5.944013442694478,5.981111315174481,5.9250858511381965,3.990467595702479,3.999300422483432,3.9859616783287763,3.988860623494014,3.997693450274967,3.9844785498842588,2.0415195929340326,1.5945195441590012,41,0.03428571428571429,45,0.035918367346938776,45,0.04816326530612245
A2-B0-C2-batch3-r26_III,A_P75_abs,rho < 0.4962 (P75 agrupado),1341,12605.4,5.9569568129212325,5.990845622606543,5.934847208191932,5.961067041858445,5.9949558515437555,5.939233639033137,3.9896976089625595,3.9977663731733477,3.9842974247167793,3.99703468394907,4.005103448159859,3.991830846204492,2.147314527250342,1.7356773009585595,53,0.026845637583892617,49,0.042505592841163314,42,0.0842654735272185
A2-B0-C2-batch3-r31_III,A_P75_abs,rho < 0.4962 (P75 agrupado),1322,12426.800000000001,5.936583612510968,5.970959477706129,5.916610795600445,5.948739789571762,5.983115654766923,5.926481460178617,3.988667950820877,3.9968526806292486,3.9838544544039136,3.9860460526294004,3.994230782437772,3.9808654362647915,2.1722684331723814,1.7319732689822458,54,0.024962178517397883,46,0.031013615733736764,39,0.059001512859304085
A2-B0-C2-batch3-r35_I,A_P75_abs,rho < 0.4962 (P75 agrupado),1265,11891.0,5.914967765332898,5.950892582556616,5.896201213677102,5.905898075050356,5.9418228922740735,5.8853644909210905,3.9898533614955345,3.9984068894059432,3.9855207676151023,3.9897239145363392,3.998277442446748,3.985172153183565,2.1683673417855363,1.642867100984119,51,0.03162055335968379,44,0.03241106719367589,51,0.045059288537549404
A2-B0-C2-batch3-r44_I,A_P75_abs,rho < 0.4962 (P75 agrupado),1255,11797.0,5.931633419421427,5.967844490168839,5.912267854242732,5.934844052365958,5.97105512311337,5.9149651922060125,3.9951215844945596,4.003743268005848,3.990530113720678,3.99477720906498,4.003398892576269,3.990058141614662,2.042827813799618,1.6127674712118396,55,0.019123505976095617,42,0.04223107569721116,40,0.04701195219123506
A2-B0-C2-batch3-r48_I,A_P75_abs,rho < 0.4962 (P75 agrupado),1151,10819.4,5.952365056580145,5.9918480225123805,5.936364005130692,5.94652629687446,5.986009262806695,5.931108598234139,3.992905395944181,4.0023061021185224,3.98914116692303,3.992653266932829,4.002053973107171,3.9890381487367796,2.0818017172548604,1.6466577579710995,48,0.01737619461337967,49,0.03475238922675934,43,0.045178105994787145
A2-B0-C2-batch3-r50_I,A_P75_abs,rho < 0.4962 (P75 agrupado),1262,11862.800000000001,5.949744035818306,5.98575425276601,5.929796297813792,5.948453626702573,5.9844638436502775,5.928221192077981,3.993560910220895,4.00213477139892,3.989004586854816,3.997486293263654,4.006060154441679,3.9930588862943206,2.0673763813846295,1.6515430331661762,50,0.026148969889064975,46,0.043581616481774964,38,0.07923930269413629
A2-B0-C2-batch3-r53_I,A_P75_abs,rho < 0.4962 (P75 agrupado),1218,11449.2,5.946555477904871,5.983866556548551,5.927897393465803,5.949530246338995,5.986841324982675,5.9309654226865565,3.9962192812834303,4.005102871436687,3.9917846984726184,3.993732714819477,4.002616304972734,3.9892860845746068,2.043026024947882,1.6694150530901468,52,0.020525451559934318,42,0.042692939244663386,39,0.059113300492610835
A2-B0-C2-batch3-r58_III,A_P75_abs,rho < 0.4962 (P75 agrupado),1217,11439.800000000001,5.946265392556042,5.983607129440186,5.928096006407413,5.948563900449026,5.985905637333169,5.930180673697536,3.98746832367675,3.9963592134110697,3.983021539943573,3.994072801886973,4.002963691621293,3.989606321391614,2.0610673416099377,1.6909325113742661,49,0.02875924404272802,44,0.05094494658997535,47,0.05587510271158587
A2-B0-C2-batch3-r59_I,A_P75_abs,rho < 0.4962 (P75 agrupado),1238,11637.2,5.94360498162529,5.980313296478281,5.924114588890221,5.944612965487023,5.981321280340014,5.92591259125307,3.9941602634078213,4.002900338372819,3.989932411637825,3.9957829834926493,4.0045230584576474,3.9912560105672323,2.0503822032361083,1.6295995589184544,47,0.029079159935379646,44,0.033925686591276254,44,0.10339256865912763
A2-B0-C2-batch3-r5_I,A_P75_abs,rho < 0.4962 (P75 agrupado),1630,15322.0,5.964185053734632,5.992065356672057,5.936264330887161,5.959349710593418,5.987230013530843,5.930951284201769,3.9926186386409954,3.999256806007049,3.9863997112882408,3.9900094597758864,3.99664762714194,3.983496586186733,1.9978645486469129,1.661917524938622,59,0.017791411042944787,29,0.06257668711656442,38,0.20306748466257668
A2-B0-C2-batch3-r60_III,A_P75_abs,rho < 0.4962 (P75 agrupado),1227,11533.800000000001,5.944057876811355,5.98109528006156,5.925859315261688,5.9461185113124895,5.983155914562695,5.92715761625605,3.9850593899657856,3.9938778193110727,3.9800889939836357,3.9902283300313046,3.9990467593765917,3.9857514263227802,2.158762411109103,1.6569742060660735,49,0.026079869600651995,42,0.035859820700896494,43,0.08964955175224124
A2-B0-C2-batch3-r69_III,A_P75_abs,rho < 0.4962 (P75 agrupado),1525,14335.0,5.96324774627897,5.993047676631758,5.937838462834175,5.9583595737169475,5.988159504069736,5.932508795617323,3.9917822646495784,3.998877486162147,3.986089812290641,3.9889228768020057,3.9960180983145746,3.9835513195074514,1.9742946175797553,1.6343353413415829,57,0.017704918032786884,32,0.04131147540983607,29,0.22557377049180327
A2-B0-C2-batch3-r70_III,A_P75_abs,rho < 0.4962 (P75 agrupado),1296,12182.4,5.950164536304524,5.985230040770576,5.929085928861138,5.948707001008161,5.983772505474213,5.928769884940263,3.9955331673395533,4.003882096974327,3.9903993043782817,3.9929265619577308,4.001275491592505,3.988794086796508,2.0800922312351338,1.6563929857865305,51,0.016975308641975308,53,0.021604938271604937,41,0.04938271604938271
A2-B0-C2-batch3-r71_III,A_P75_abs,rho < 0.4962 (P75 agrupado),1176,11054.4,5.911891890719968,5.950535507886636,5.895390562307804,5.907707228249566,5.946350845416235,5.890641748615854,3.9870617748953254,3.9962626361254845,3.983057776833262,3.984048269676437,3.9932491309065963,3.980277606491343,2.166199468816928,1.62885474793732,51,0.023809523809523808,44,0.03486394557823129,35,0.047619047619047616
A2-B0-C2-batch3-r76_I,A_P75_abs,rho < 0.4962 (P75 agrupado),1325,12455.0,5.949401633459281,5.983699666506831,5.927781116271677,5.952386511946983,5.9866845449945325,5.930504632697635,3.9915060950302204,3.999672293374875,3.9865627666524484,3.9898578872682573,3.998024085612912,3.984764201755749,2.088251333641178,1.7064497173015347,53,0.025660377358490565,43,0.03471698113207547,44,0.04150943396226415
A2-B0-C2-batch3-r83_III,A_P75_abs,rho < 0.4962 (P75 agrupado),1452,13648.800000000001,5.949346932833345,5.980645069050977,5.925464473003624,5.948081944596224,5.979380080813856,5.923283239377315,3.9938145634117888,4.001266500606463,3.9881012316824997,3.9926204381026418,4.000072375297316,3.9871161163243323,2.0719329575748793,1.6409405255832132,60,0.01859504132231405,40,0.026859504132231406,32,0.09022038567493113
A2-B0-C2-batch3-r86_I,A_P75_abs,rho < 0.4962 (P75 agrupado),1372,12896.800000000001,5.9579006433389665,5.991023743767539,5.9359504116823665,5.957421607194948,5.9905447076235205,5.935264347437345,3.995496512302415,4.003382964785408,3.990192916538431,3.9955122673922254,4.003398719875219,3.990282905753187,2.063226644825966,1.6528557594389337,53,0.01749271137026239,47,0.025510204081632654,47,0.08236151603498543
A2-B0-C2-batch3-r9_I,A_P75_abs,rho < 0.4962 (P75 agrupado),1649,15500.6,5.960805383171004,5.988364445504541,5.933034852577156,5.955506334793371,5.983065397126908,5.926832680107336,3.991720917954769,3.998282599462754,3.984646234641298,3.9855457521379014,3.9921074336458866,3.978495153345652,1.975862044869523,1.678274090857248,63,0.013947847180109158,30,0.07519708914493632,36,0.19466343238326259
A2-B0-C2-batch4-r0_III,A_P75_abs,rho < 0.4962 (P75 agrupado),1563,14692.2,5.956767535850805,5.985842963738202,5.930174519563066,5.958807485320525,5.9878829132079225,5.931039626711961,3.994482968101347,4.001405689026918,3.9882459547045954,3.9888624886810913,3.995785209606662,3.982584195443258,2.016132373448353,1.6672723717227165,59,0.01599488163787588,34,0.03966730646193218,39,0.13691618682021753
A2-B0-C2-batch4-r10_III,A_P75_abs,rho < 0.4962 (P75 agrupado),1221,11477.4,5.947374921821019,5.984594327052798,5.928486475782875,5.942498994046584,5.979718399278363,5.923556054624803,3.989685025576529,3.998546788726953,3.9855387146217542,3.981461951418929,3.9903237145693526,3.9769954370451526,2.2026316732008264,1.6790154594744853,54,0.028665028665028666,40,0.03849303849303849,36,0.05405405405405406
A2-B0-C2-batch4-r11_I,A_P75_abs,rho < 0.4962 (P75 agrupado),1629,15312.6,5.963253140558355,5.991150558476098,5.934885588281102,5.962147933136322,5.990045351054064,5.93352590171446,3.993238923062675,3.9998811654240423,3.9865801305830377,3.9953752100221913,4.0020174523835585,3.989265053639581,2.0456163834552057,1.6804950256586277,62,0.016574585635359115,32,0.042971147943523635,33,0.13014119091467158
A2-B0-C2-batch4-r12_III,A_P75_abs,rho < 0.4962 (P75 agrupado),1305,12267.0,5.937081736879836,5.971905410280605,5.915580090472678,5.94646758682541,5.981291260226178,5.925326755344887,3.992165630600378,4.0004569814100845,3.987265670807539,3.987068196048673,3.99535954685838,3.9820431223454853,2.053696993698059,1.6591438724647392,50,0.016091954022988506,42,0.037547892720306515,39,0.06283524904214559
A2-B0-C2-batch4-r13_I,A_P75_abs,rho < 0.4962 (P75 agrupado),1615,15181.0,5.960863079675175,5.989002332794681,5.933194834791372,5.960675170726174,5.98881442384568,5.933703784865146,3.9950790324400396,4.00177885461135,3.988978045329379,3.9924904658336926,3.9991902880050034,3.9862612709088205,2.1395621422868003,1.691749383214626,63,0.01238390092879257,40,0.04458204334365325,33,0.1634674922600619
A2-B0-C2-batch4-r15_I,A_P75_abs,rho < 0.4962 (P75 agrupado),1150,10810.0,5.950518259469206,5.990035558415295,5.934758851349041,5.95254927572594,5.992066574672029,5.937226975044144,3.986290193689025,3.995699074390475,3.9822278279975056,3.9867158082426646,3.996124688944114,3.982722632049045,2.052080932274513,1.6369967308359343,45,0.014782608695652174,43,0.026956521739130435,42,0.0391304347826087
A2-B0-C2-batch4-r18_I,A_P75_abs,rho < 0.4962 (P75 agrupado),1631,15331.400000000001,5.963865773593441,5.991728982537649,5.937046947900427,5.964758563260567,5.9926217722047745,5.935950604121453,3.9912566789792745,3.997890776346943,3.985496676613351,3.9876047942781154,3.994238891645784,3.981121377050223,2.0083302173439455,1.6604852785408657,59,0.02023298589822195,30,0.050889025137952175,39,0.12507664009809932
A2-B0-C2-batch4-r19_III,A_P75_abs,rho < 0.4962 (P75 agrupado),1365,12831.0,5.948751910893698,5.9820448733757505,5.926247186107646,5.950378460014038,5.983671422496091,5.92778631865324,3.986390991781702,3.9943178876107623,3.981416832989293,3.993237956587226,4.001164852416286,3.9881057240417284,2.06666615128557,1.6679709390006503,55,0.02271062271062271,40,0.034432234432234435,38,0.07545787545787545
A2-B0-C2-batch4-r1_III,A_P75_abs,rho < 0.4962 (P75 agrupado),1275,11985.0,5.930895224284745,5.966538278236119,5.912438055392723,5.92705905840561,5.962702112356984,5.90690335500454,3.990440371974925,3.998926813391919,3.985822678306609,3.9862521611140047,3.9947386025309988,3.98150247706493,2.103166306163947,1.6624065542188429,47,0.02196078431372549,40,0.03294117647058824,32,0.09254901960784313
A2-B0-C2-batch4-r23_I,A_P75_abs,rho < 0.4962 (P75 agrupado),1329,12492.6,5.934488647912408,5.96868345136463,5.913256288005446,5.9313561700817194,5.965550973533941,5.909930937984517,3.9874970932197975,3.9956387130893742,3.9825713156629665,3.9908709054651346,3.9990125253347113,3.9863530334149133,2.107939167388169,1.6540884577980866,52,0.019563581640331076,42,0.025583145221971408,42,0.06772009029345373
A2-B0-C2-batch4-r26_III,A_P75_abs,rho < 0.4962 (P75 agrupado),1310,12314.0,5.967823262338773,6.0025140209555685,5.946236154598844,5.970807707406142,6.005498466022938,5.950248172721327,3.9965579542083294,4.0048176586409,3.9914636588250487,3.9952939788223967,4.003553683254967,3.9901322034688222,2.0524487911143185,1.6316925160689961,46,0.02366412213740458,40,0.03816793893129771,41,0.06870229007633588
A2-B0-C2-batch4-r28_III,A_P75_abs,rho < 0.4962 (P75 agrupado),1316,12370.4,5.932000333972958,5.96653292803679,5.9106717073916615,5.940183409368569,5.9747160034324,5.919920729888148,3.993146001153095,4.001368047358769,3.9881139986930823,3.990684743769357,3.9989067899750315,3.9854228722195706,2.091992904037527,1.628915246434,44,0.02127659574468085,43,0.034954407294832825,41,0.07674772036474165
A2-B0-C2-batch4-r31_I,A_P75_abs,rho < 0.4962 (P75 agrupado),1276,11994.4,5.939909978024884,5.975525098548397,5.920938037932023,5.939431993130832,5.975047113654345,5.919965663396922,3.986567177255118,3.9950469678559544,3.982286192824036,3.988387653732765,3.9968674443336014,3.9840443298573445,2.096374154754379,1.65468243967683,48,0.02821316614420063,42,0.039968652037617555,48,0.052507836990595615
A2-B0-C2-batch4-r36_III,A_P75_abs,rho < 0.4962 (P75 agrupado),851,7999.400000000001,5.914682806778556,5.968084562111109,5.913312983866724,5.888011057619892,5.941412812952445,5.886018941137766,3.980114680159668,3.992829383810276,3.9797234186711945,3.9433158549087928,3.9560305585594007,3.9430799076468146,2.349398875535834,1.6581833130639765,39,0.03055229142185664,38,0.03525264394829612,45,0.03525264394829612
A2-B0-C2-batch4-r38_I,A_P75_abs,rho < 0.4962 (P75 agrupado),1278,12013.2,5.956215858009026,5.991775242819669,5.936630030416237,5.94913977436915,5.984699159179793,5.929421489698428,3.9884076280946763,3.9968741482876866,3.9834605193431667,3.987306664120194,3.9957731843132045,3.9823549692710976,2.1510670386900665,1.658092768877315,48,0.02112676056338028,43,0.024256651017214397,40,0.041471048513302036
A2-B0-C2-batch4-r39_I,A_P75_abs,rho < 0.4962 (P75 agrupado),1276,11994.4,5.955766967561619,5.991382088085132,5.936424026576646,5.946066982487773,5.981682103011286,5.926516741875991,3.9869998812986944,3.9954796718995307,3.9818116129230052,3.9870792741669114,3.9955590647677477,3.9821508085355664,2.1739273568522695,1.6717051877545925,53,0.019592476489028215,45,0.0384012539184953,41,0.04467084639498432
A2-B0-C2-batch4-r3_I,A_P75_abs,rho < 0.4962 (P75 agrupado),1692,15904.800000000001,5.962517324692556,5.989376008964425,5.9335823450116365,5.961493546209355,5.988352230481224,5.933466963461469,3.9945821778501935,4.000977102676829,3.9875862188928575,3.9916479695105034,3.998042894337139,3.984792407864012,2.1320946743326603,1.6771261625518326,60,0.022458628841607566,40,0.037825059101654845,26,0.22340425531914893
A2-B0-C2-batch4-r41_I,A_P75_abs,rho < 0.4962 (P75 agrupado),1272,11956.800000000001,5.946066344964883,5.981793462722747,5.926435661241962,5.94345721805901,5.979184335816874,5.922936364006141,3.9918042624664287,4.0003107190754434,3.9871059777114524,3.9859088076577605,3.9944152642667756,3.9811446839333144,2.011481769456753,1.6563959349703223,52,0.02122641509433962,42,0.03537735849056604,43,0.0589622641509434
A2-B0-C2-batch4-r43_III,A_P75_abs,rho < 0.4962 (P75 agrupado),1258,11825.2,5.950849870904272,5.986974587746881,5.931739109982581,5.953047786309395,5.9891725031520044,5.933871266339635,3.991413237444839,4.000014360502603,3.9872420141524447,3.9933372081620266,4.001938331219791,3.989128502297086,2.015211288375584,1.6246759938875337,51,0.029411764705882353,39,0.05564387917329094,46,0.057233704292527825
A2-B0-C2-batch4-r44_I,A_P75_abs,rho < 0.4962 (P75 agrupado),1298,12201.2,5.924112037783559,5.959123512196504,5.903041056610766,5.925966956450114,5.960978430863058,5.9056577611801115,3.992239449120069,4.000575514456484,3.987047416368411,3.9934991825098147,4.0018352478462305,3.988617906272284,2.0182653389493335,1.6360140761397015,47,0.01926040061633282,42,0.039291217257318954,36,0.07704160246533127
A2-B0-C2-batch4-r47_III,A_P75_abs,rho < 0.4962 (P75 agrupado),1210,11374.0,5.951566802956227,5.989124566417386,5.934113606408953,5.953106204109249,5.990663967570407,5.93536906882661,3.991833945041505,4.000776269675114,3.9878908445880734,3.991498453676745,4.000440778310354,3.9871008595794035,2.0740997120281066,1.675586161814135,50,0.019008264462809916,50,0.04214876033057851,48,0.04214876033057851
A2-B0-C2-batch4-r51_I,A_P75_abs,rho < 0.4962 (P75 agrupado),826,7764.400000000001,5.930651661970124,5.985669693190466,5.930651661970124,5.909531231702152,5.964549262922493,5.909531231702152,3.9720887093827226,3.985188240625661,3.9720887093827226,3.9663081903791215,3.97940772162206,3.9663081903791215,2.2721687613952666,1.6452517487463165,32,0.020581113801452784,32,0.03026634382566586,36,0.03389830508474576
A2-B0-C2-batch4-r57_I,A_P75_abs,rho < 0.4962 (P75 agrupado),1317,12379.800000000001,5.954195558320395,5.988701931735735,5.932897716710248,5.95078723234917,5.98529360576451,5.9291674436773425,3.9933092845186224,4.001525087712751,3.988805413653683,3.991200779204534,3.9994165823986623,3.9865145343896216,2.103556453977582,1.705219804394068,43,0.031131359149582385,39,0.032649962034927864,44,0.05998481397114654
A2-B0-C2-batch4-r62_III,A_P75_abs,rho < 0.4962 (P75 agrupado),1255,11797.0,5.936781253446374,5.972992324193786,5.91696531206618,5.933476936328511,5.9696880070759235,5.914361289986097,3.9878929181675513,3.99651460167884,3.9833822674446013,3.9862988918929556,3.9949205754042443,3.9815427828044347,2.145425804827229,1.685034723263914,46,0.019123505976095617,41,0.03346613545816733,44,0.05258964143426295
A2-B0-C2-batch4-r70_I,A_P75_abs,rho < 0.4962 (P75 agrupado),1269,11928.6,5.937113533051796,5.972925112080954,5.9173476492450705,5.937702810418042,5.9735143894472005,5.917252308143477,3.988781025584083,3.997307592019597,3.9840254235431676,3.9929277389643403,4.001454305399855,3.988728853423597,2.036919359556133,1.6719731492707472,45,0.0252167060677699,44,0.03230890464933018,45,0.06304176516942474
A2-B0-C2-batch4-r72_III,A_P75_abs,rho < 0.4962 (P75 agrupado),1337,12567.800000000001,5.950520306143554,5.984510503441985,5.928389535338015,5.949982889633349,5.98397308693178,5.928964147471522,3.9909014468487367,3.998994350967411,3.985573939912011,3.990884414465686,3.9989773185843602,3.9859907072968976,2.0786713258480187,1.683988779987141,55,0.02617801047120419,46,0.033657442034405384,33,0.0643231114435303
A2-B0-C2-batch4-r94_III,A_P75_abs,rho < 0.4962 (P75 agrupado),1414,13291.6,5.957217314948312,5.98935656090871,5.932916918102579,5.958763217848239,5.990902463808637,5.93558527844285,3.988324297754861,3.9959764991740037,3.982528383675267,3.9865144546191074,3.99416665603825,3.980428589094834,2.0408279986339948,1.6488944938399452,48,0.033946251768033946,41,0.03818953323903819,38,0.051626591230551626
A2-B0-C2-batch4-r9_III,A_P75_abs,rho < 0.4962 (P75 agrupado),1536,14438.400000000001,5.938638225173765,5.968224744566996,5.911860692861894,5.938295639235712,5.967882158628942,5.913165851403216,3.9868809728189625,3.993925382198303,3.9806436016482287,3.985707643115571,3.992752052494912,3.979815914451245,2.017331047843445,1.623001788886013,55,0.020833333333333332,37,0.044921875,41,0.08203125
A2-B0-C2-r12_I,A_P75_abs,rho < 0.4962 (P75 agrupado),1597,15011.800000000001,5.951140771044359,5.97959718543885,5.92437669111881,5.951423037841794,5.979879452236285,5.923701936371329,3.9900451116984312,3.996820448459024,3.983883207516079,3.9896307366754424,3.9964060734360354,3.9834118490372448,2.050510700017223,1.6787929006563607,61,0.01878522229179712,37,0.034439574201628055,36,0.319348778960551
A2-B0-C2-r12v1fix_I,A_P75_abs,rho < 0.4962 (P75 agrupado),1831,17211.4,5.968161627844632,5.992981340454136,5.9382512660072875,5.967093796895051,5.991913509504555,5.936029069307442,3.9827997086055067,3.988709163988722,3.97618223445228,3.981603554713944,3.9875130100971594,3.974213697830318,2.1133455480379437,1.6715212649347093,62,0.014199890770071,32,0.03823047515019115,33,0.23320589841616604
A2-B0-C2-r14_III,A_P75_abs,rho < 0.4962 (P75 agrupado),1323,12436.2,5.957869263244339,5.992219145170266,5.936780508642391,5.95827986105572,5.992629742981648,5.93730247195452,3.994501092244256,4.002679635559953,3.9898050479004854,3.995957067047258,4.0041356103629555,3.9911280932252606,2.073259397232497,1.6620393503858801,50,0.02947845804988662,40,0.030990173847316706,46,0.05366591080876795
A2-B0-C2-r17_III,A_P75_abs,rho < 0.4962 (P75 agrupado),1304,12257.6,5.945690762475378,5.9805411411471585,5.924728204759467,5.94815132654125,5.983001705213031,5.928144843373975,3.9931182112254984,4.0014159204330655,3.988398373482062,3.9904599260493008,3.9987576352568674,3.985371903048488,2.056320490861395,1.6481172654534244,53,0.023773006134969327,37,0.04831288343558282,35,0.04984662576687116
A2-B0-C2-r19_III,A_P75_abs,rho < 0.4962 (P75 agrupado),1476,13874.4,5.948914020829227,5.979703244262833,5.923500199332369,5.954804340541973,5.985593563975579,5.92983961159057,3.995548012345133,4.002878779829325,3.9897522544361386,3.9913404657997242,3.998671233283916,3.9852938436084377,2.037821289713196,1.6450950767770252,51,0.02032520325203252,39,0.046747967479674794,39,0.09417344173441734
A2-B0-C2-r1_I,A_P75_abs,rho < 0.4962 (P75 agrupado),1657,15575.800000000001,5.9550473742090935,5.982473381323157,5.927214501383125,5.953736551449965,5.981162558564028,5.925057339765937,3.9942362333036834,4.000766234997508,3.9877944007613446,3.990756822101296,3.9972868237951205,3.983851797008366,2.0923153367186424,1.6625941278368674,60,0.01931200965600483,36,0.03922751961375981,28,0.21363910681955342
A2-B0-C2-r20_III,A_P75_abs,rho < 0.4962 (P75 agrupado),1500,14100.0,5.953980363799203,5.984276959657871,5.928512218424906,5.9504273503952545,5.980723946253923,5.925668470131259,3.991378948261417,3.998592423465862,3.9852872645431967,3.992443140352564,3.999656615557009,3.9864096669573796,2.0754712011699166,1.650096537124202,58,0.018,37,0.030666666666666665,36,0.10333333333333333
A2-B0-C2-r28_III,A_P75_abs,rho < 0.4962 (P75 agrupado),1603,15068.2,5.958748069401693,5.987097971951913,5.932113004656127,5.9572844127616875,5.985634315311907,5.931570983846034,3.993523366850234,4.000273343647906,3.986607428482575,3.9919810226110988,3.99873099940877,3.985499182070799,2.092874023320831,1.6499678036892256,65,0.014348097317529632,37,0.02994385527136619,21,0.11603243917654397
A2-B0-C2-r2_I,A_P75_abs,rho < 0.4962 (P75 agrupado),1642,15434.800000000001,5.96359833559193,5.991274884792906,5.9346255688980785,5.9664638426571415,5.994140391858117,5.9385022005369965,3.986073639587275,3.9926632941589357,3.979373175459121,3.982678854194421,3.9892685087660817,3.9754694385147844,1.9831520125062159,1.62250768045074,57,0.023142509135200974,33,0.05115712545676005,32,0.2271619975639464
A2-B0-C2-r2v1fix_III,A_P75_abs,rho < 0.4962 (P75 agrupado),1188,11167.2,5.93670255639456,5.974955833993889,5.9197582763734795,5.941226998819781,5.9794802764191095,5.924283542382353,3.9931553752254967,4.002263298463432,3.9889295182387365,3.989929903175164,3.9990378264130992,3.9860241038282593,2.1101705901810193,1.6589986774504966,48,0.021043771043771045,39,0.030303030303030304,34,0.06060606060606061
A2-B0-C2-r39_III,A_P75_abs,rho < 0.4962 (P75 agrupado),1626,15284.400000000001,5.939017996062795,5.966966885231308,5.911092886116925,5.938523692891016,5.966472582059529,5.909616281590647,3.9952209341029095,4.001875431523984,3.989098080927802,3.9920580132599177,3.9987125106809924,3.9853153962184105,2.0482030836219423,1.6858571024206501,69,0.017220172201722016,40,0.03075030750307503,39,0.10516605166051661
A2-B0-C2-r6_I,A_P75_abs,rho < 0.4962 (P75 agrupado),1335,12549.0,5.960944318410238,5.994985437352562,5.939947480926865,5.962750001108445,5.996791120050768,5.941190508999687,3.995728655204719,4.00383368352432,3.990973993606105,3.990553537089708,3.998658565409309,3.9852491635802387,2.08085706059201,1.6443763912999605,57,0.01647940074906367,44,0.052434456928838954,44,0.05318352059925094
A2-B0-C2-r9_I,A_P75_abs,rho < 0.4962 (P75 agrupado),1535,14429.0,5.950269192783702,5.979874986782401,5.922949654034917,5.945921494244661,5.97552728824336,5.920344224158397,3.992613418813195,3.999662417384314,3.9861820246151805,3.9952382292057287,4.002287227776847,3.9889181197073253,2.051555983623718,1.673908644188956,58,0.013680781758957655,37,0.03908794788273615,46,0.07947882736156352
A2-B0-C2-r9v2fix_I,A_P75_abs,rho < 0.4962 (P75 agrupado),1668,15679.2,5.963695257977282,5.990940398137955,5.934294340291927,5.956967654035989,5.984212794196662,5.9291040694487585,3.992044747209008,3.9985316853425013,3.9852049775256124,3.9884508000836307,3.994937738217124,3.981875216283902,2.0190484681239544,1.6504000468510505,60,0.011990407673860911,34,0.05275779376498801,30,0.3345323741007194
A2-B0-C2-batch3-r0_III,A_P90_abs,rho < 1.022 (P90 agrupado),1246,11712.4,5.914175714163864,5.950648341602069,5.913248590173567,5.886208022136033,5.922680649574238,5.885327268598782,3.975822511556844,3.984506470470702,3.975507503052843,3.9604756024172865,3.9691595613311446,3.9602692866715183,2.7082771828143164,1.7949282371584439,68,0.012038523274478331,61,0.03531300160513644,37,0.056179775280898875
A2-B0-C2-batch3-r100_I,A_P90_abs,rho < 1.022 (P90 agrupado),1271,11947.4,5.91094514850159,5.946700375714809,5.90932161137662,5.841080662145346,5.876835889358566,5.839598541241831,3.9678726066040397,3.9763857559405205,3.9675212096920647,3.936954183493101,3.9454673328295815,3.9365661230243574,2.7196235268124473,1.7028894997617539,57,0.020456333595594022,65,0.03383162863886703,40,0.058221872541306056
A2-B0-C2-batch3-r104_I,A_P90_abs,rho < 1.022 (P90 agrupado),1587,14917.800000000001,5.957676302748858,5.986312026622835,5.94882975387305,5.9583831893766614,5.987018913250639,5.949416637996341,3.9964832430883694,4.003301272582173,3.9945668334556523,3.996115298900108,4.002933328393912,3.9939449545332724,2.3543883471030576,1.7378295090092875,59,0.013862633900441084,62,0.03465658475110271,25,0.074354127284184
A2-B0-C2-batch3-r107_I,A_P90_abs,rho < 1.022 (P90 agrupado),1627,15293.800000000001,5.939989043208396,5.967920754202866,5.931119762326055,5.942093003051265,5.970024714045735,5.933124773679055,3.9944807270417475,4.001131134421383,3.99227728205369,3.992023455103274,3.9986738624829097,3.9898236339035056,2.4598456912874926,1.7120146248202206,67,0.01290719114935464,69,0.02581438229870928,20,0.09649661954517517
A2-B0-C2-batch3-r108_III,A_P90_abs,rho < 1.022 (P90 agrupado),1569,14748.6,5.9519409929164375,5.9809052336991035,5.943308720014483,5.952942333805341,5.981906574588007,5.944812109475467,3.9906075164374704,3.997503764242867,3.9887433103095162,3.9919271903174245,3.998823438122821,3.990207279919694,2.3289887829717104,1.7159514438503503,73,0.010197578075207138,69,0.02804333970681963,22,0.1089866156787763
A2-B0-C2-batch3-r10_III,A_P90_abs,rho < 1.022 (P90 agrupado),1538,14457.2,5.936720236217788,5.966268281593602,5.928905237153905,5.945073007204047,5.974621052579861,5.937302333442742,3.992127879611437,3.9991631285104403,3.990211342510581,3.985819720079712,3.9928549689787154,3.983662304967374,2.497146539420037,1.7458900912755515,59,0.013654096228868661,67,0.025357607282184655,27,0.06046814044213264
A2-B0-C2-batch3-r111_III,A_P90_abs,rho < 1.022 (P90 agrupado),1547,14541.800000000001,5.945279684061557,5.974655827428074,5.937297443424484,5.939396627626305,5.968772770992822,5.931432676895095,3.984664197910495,3.991658517759666,3.9829142887527866,3.9882317242813095,3.9952260441304803,3.9860746272692804,2.4672788412479694,1.773880717312693,73,0.00904977375565611,61,0.021331609566903685,25,0.0698125404007757
A2-B0-C2-batch3-r112_I,A_P90_abs,rho < 1.022 (P90 agrupado),1594,14983.6,5.9390340902537755,5.96754406126256,5.93011258660563,5.93993292520558,5.9684428962143645,5.930162795647881,3.994820771568686,4.001608859904111,3.992752419020423,3.990151496638885,3.99693958497431,3.9882208025458703,2.2918122824290905,1.7429796993341722,70,0.011292346298619825,61,0.04077791718946048,24,0.09849435382685069
A2-B0-C2-batch3-r114_III,A_P90_abs,rho < 1.022 (P90 agrupado),1756,16506.4,5.9448220276362385,5.970701807697743,5.933656533332507,5.944455274972137,5.970335055033642,5.933379339007894,3.9880460405800067,3.994207892975603,3.985158351599781,3.988161447171319,3.9943232995669153,3.9854989757700165,2.3278304743246343,1.6983449138223363,58,0.00683371298405467,65,0.02050113895216401,25,0.0785876993166287
A2-B0-C2-batch3-r120_I,A_P90_abs,rho < 1.022 (P90 agrupado),1580,14852.0,5.952752969656686,5.981515560661751,5.943651147738226,5.954361664478082,5.983124255483147,5.946450578325706,3.992475412165037,3.9993236481186236,3.99022167911232,3.995008429906639,4.001856665860226,3.993083386709614,2.3701524986002767,1.7699766493912052,59,0.006962025316455696,70,0.03164556962025317,31,0.05759493670886076
A2-B0-C2-batch3-r12_III,A_P90_abs,rho < 1.022 (P90 agrupado),1554,14607.6,5.931297017818746,5.960540836215144,5.923286888737679,5.9285172857600585,5.957761104156456,5.921026612974047,3.9862092163574747,3.993172030261379,3.984334449371393,3.9864449446785333,3.9934077585824377,3.984262601785649,2.3787433793730757,1.7716302657650365,73,0.01287001287001287,66,0.03153153153153153,27,0.08944658944658945
A2-B0-C2-batch3-r143_I,A_P90_abs,rho < 1.022 (P90 agrupado),1624,15265.6,5.957059061567005,5.985042370549765,5.947506747647832,5.946447085861843,5.974430394844603,5.936933814129307,3.993464933173022,4.0001276257879645,3.991326424036407,3.982995387890983,3.989658080505926,3.9807602720141353,2.4925701783500265,1.72098324245029,64,0.013546798029556651,59,0.02401477832512315,17,0.09051724137931035
A2-B0-C2-batch3-r1_I,A_P90_abs,rho < 1.022 (P90 agrupado),1783,16760.2,5.964290301673026,5.989778183775103,5.95308601530134,5.964488770588433,5.98997665269051,5.952537994083425,3.9877915766230623,3.9938601199806993,3.9849271693498474,3.985814454130493,3.9918829974881302,3.9830590701038227,2.2307378246355585,1.7224274581437602,61,0.0061693774537296695,73,0.017386427369601793,19,0.05945036455412227
A2-B0-C2-batch3-r21_III,A_P90_abs,rho < 1.022 (P90 agrupado),1610,15134.0,5.942363489003837,5.970590131108186,5.933486937927362,5.933872773725186,5.9620994158295355,5.9242820056310475,3.9902892023102945,3.9970098313827584,3.988079406000495,3.990819332404514,3.9975399614769778,3.9886199230915973,2.301786988093758,1.7332135133224322,75,0.009937888198757764,68,0.02111801242236025,25,0.07639751552795031
A2-B0-C2-batch3-r23_III,A_P90_abs,rho < 1.022 (P90 agrupado),1574,14795.6,5.94666318415783,5.9755354165517325,5.938636896462481,5.951295736553736,5.980167968947638,5.942338166203205,3.984377977765013,3.99125231881118,3.9824286559170856,3.9805139199219375,3.9873882609681046,3.97881011984457,2.386229079100405,1.7196317640370173,63,0.014612452350698857,63,0.035578144853875476,27,0.07115628970775095
A2-B0-C2-batch3-r25_III,A_P90_abs,rho < 1.022 (P90 agrupado),1534,14419.6,5.921967940201002,5.9515930339350325,5.914432788014385,5.914430990640486,5.944056084374517,5.90705860881153,3.9907785049062507,3.9978320986524483,3.988986806752952,3.97050664356221,3.9775602373084076,3.969169686650454,2.55782414442141,1.6933718787409826,62,0.012385919165580182,64,0.026727509778357236,28,0.06192959582790091
A2-B0-C2-batch3-r26_III,A_P90_abs,rho < 1.022 (P90 agrupado),1625,15275.0,5.952183722782037,5.980149811266961,5.9428391507549945,5.944008994557505,5.971975083042429,5.933933800549633,3.993277908628036,3.9999365011244463,3.9910037630497333,3.9922174603571667,3.998876052853577,3.9897368919800225,2.480733915618636,1.7895892060749041,76,0.010461538461538461,59,0.031384615384615386,23,0.11015384615384616
A2-B0-C2-batch3-r31_III,A_P90_abs,rho < 1.022 (P90 agrupado),1600,15040.0,5.943740789621595,5.972143848239096,5.934956750566324,5.948067479727713,5.976470538345214,5.939987435011245,3.9856349620917673,3.9923975950959343,3.983731289226672,3.9858907767201592,3.9926534097243263,3.9832575511681636,2.411001048229235,1.7922083556565007,78,0.009375,67,0.030625,21,0.108125
A2-B0-C2-batch3-r35_I,A_P90_abs,rho < 1.022 (P90 agrupado),1596,15002.400000000001,5.918067775968009,5.94654202019608,5.909512104957289,5.921913779854025,5.9503880240820965,5.912231242360109,3.995158204901542,4.001937786860607,3.9929047353707032,3.99536744136255,4.002147023321615,3.9932236649441193,2.406952060397706,1.7291663144343759,64,0.014411027568922305,63,0.03508771929824561,26,0.11779448621553884
A2-B0-C2-batch3-r44_I,A_P90_abs,rho < 1.022 (P90 agrupado),1581,14861.400000000001,5.941670701357441,5.970415099705323,5.93322055757104,5.932490760427104,5.961235158774986,5.923391315175228,3.9931915898015395,4.000035494170083,3.9911989881657393,3.9862065588813467,3.99305046324989,3.9839854887732584,2.49292950353898,1.6921526698226852,74,0.010120177103099304,63,0.030360531309297913,21,0.15370018975332067
A2-B0-C2-batch3-r48_I,A_P90_abs,rho < 1.022 (P90 agrupado),1538,14457.2,5.948390199846052,5.977938245221867,5.940553854145613,5.944281143238838,5.973829188614652,5.936117912495417,3.9957211794594247,4.0027564283584285,3.9939440220588533,3.9923181816536677,3.999353430552671,3.9906042349438207,2.3185221822638824,1.7345330565209567,67,0.015604681404421327,66,0.027308192457737322,26,0.06762028608582575
A2-B0-C2-batch3-r50_I,A_P90_abs,rho < 1.022 (P90 agrupado),1593,14974.2,5.934789839763083,5.96331770780326,5.925970920114219,5.940254355096055,5.968782223136232,5.931282556253645,3.9920675939055412,3.9988599434389167,3.9900848512518095,3.996308604837431,4.003100954370807,3.994107338946123,2.429370726602235,1.784758796514894,71,0.008788449466415568,68,0.0389202762084118,20,0.1337099811676083
A2-B0-C2-batch3-r53_I,A_P90_abs,rho < 1.022 (P90 agrupado),1532,14400.800000000001,5.948203843292012,5.977867612083136,5.940060799673806,5.9414204331786316,5.971084201969756,5.933117982420612,3.9940341525670044,4.001096954660129,3.992151141626548,3.9914329867558997,3.9984957888490245,3.9894542103101234,2.45418315389569,1.7561650891434264,68,0.010443864229765013,68,0.02741514360313316,27,0.09399477806788512
A2-B0-C2-batch3-r58_III,A_P90_abs,rho < 1.022 (P90 agrupado),1567,14729.800000000001,5.931825444052747,5.960826652596463,5.923578619366435,5.929108657075613,5.9581098656193285,5.921148940194274,3.990344450405817,3.9972495000590826,3.988731674069351,3.993361708455922,4.000266758109188,3.9915948779067594,2.464759127542963,1.7705471816495315,70,0.008934269304403318,67,0.02616464582003829,24,0.08296107211231653
A2-B0-C2-batch3-r59_I,A_P90_abs,rho < 1.022 (P90 agrupado),1529,14372.6,5.940511285303989,5.97023325638836,5.933294565339448,5.938562478996569,5.968284450080939,5.9306679197294985,3.9933143827323327,4.000391042514326,3.9916197096011423,3.99207271912855,3.999149378910543,3.9902142021120306,2.364196440611718,1.7167981797465692,66,0.011118378024852845,68,0.020928711576193592,28,0.05624591236102027
A2-B0-C2-batch3-r5_I,A_P90_abs,rho < 1.022 (P90 agrupado),1789,16816.600000000002,5.963183773719646,5.988586173824734,5.950718493571952,5.963357969650251,5.988760369755339,5.95133919032665,3.9948839332122996,4.000932123713511,3.9919513829271063,3.99385373523102,3.9999019257322317,3.9909649703869077,2.3486706223640432,1.7080988831068122,51,0.006707657909446618,68,0.022358859698155393,16,0.1369480156512018
A2-B0-C2-batch3-r60_III,A_P90_abs,rho < 1.022 (P90 agrupado),1537,14447.800000000001,5.93051372884869,5.960080998717267,5.922684093717923,5.901328235407808,5.930895505276385,5.893787920003002,3.9871167019128313,3.994156528072016,3.9851874359083634,3.967213733641754,3.974253559800939,3.9647871363070033,2.6396189794560994,1.7505541497607051,67,0.009108653220559532,71,0.02147039687703318,23,0.07612231620039037
A2-B0-C2-batch3-r69_III,A_P90_abs,rho < 1.022 (P90 agrupado),1733,16290.2,5.946792411207625,5.973015662095104,5.935337275600635,5.944499008022834,5.970722258910314,5.932639645756456,3.9948481696375784,4.001091800801264,3.9921141429256966,3.9920060947708658,3.9982497259345515,3.9889989382963016,2.3872480406692564,1.6985797978042094,67,0.006924408540103866,65,0.03231390652048471,20,0.06982111944604731
A2-B0-C2-batch3-r70_III,A_P90_abs,rho < 1.022 (P90 agrupado),1601,15049.400000000001,5.948844563750367,5.977229881544247,5.94025518096061,5.950462397844562,5.978847715638442,5.941690922769335,3.9948093323040412,4.001567741302584,3.9926117970755564,3.9929551921632584,3.9997136011618015,3.990924757394994,2.4131915590674042,1.7698989399948382,66,0.008119925046845722,76,0.021236727045596503,31,0.07058088694565896
A2-B0-C2-batch3-r71_III,A_P90_abs,rho < 1.022 (P90 agrupado),1467,13789.800000000001,5.9343078656854535,5.96528598006037,5.927713412202585,5.93034108285079,5.9613191972257065,5.923912123175635,3.9855600029053635,3.9929357444232005,3.9840494464203458,3.9834811559397583,3.9908568974575953,3.981849986031228,2.508065170027635,1.7439210811153965,66,0.013633265167007498,64,0.02794819359236537,37,0.07293796864349011
A2-B0-C2-batch3-r76_I,A_P90_abs,rho < 1.022 (P90 agrupado),1624,15265.6,5.943314311211503,5.971297620194263,5.934161730538495,5.936049832518861,5.964033141501621,5.927113514413703,3.9900673594656055,3.996730052080548,3.987679191191271,3.980888821483431,3.9875515140983735,3.9788036579002517,2.5757885600121266,1.8021512813224136,72,0.009852216748768473,68,0.03140394088669951,19,0.12438423645320197
A2-B0-C2-batch3-r83_III,A_P90_abs,rho < 1.022 (P90 agrupado),1685,15839.0,5.942053660542689,5.969023923918358,5.931225013151148,5.947244168630507,5.9742144320061765,5.937335698619648,3.9929117573163984,3.9993332485963196,3.990530854372432,3.9925975395925803,3.9990190308725015,3.9899433344636517,2.264084429311995,1.696083643384977,71,0.00830860534124629,62,0.026706231454005934,18,0.11335311572700296
A2-B0-C2-batch3-r86_I,A_P90_abs,rho < 1.022 (P90 agrupado),1655,15557.0,5.952209850630462,5.979669000955539,5.942515232791502,5.9478264286095115,5.975285578934589,5.93790677526924,3.995869393400188,4.00240728633473,3.9936920195043712,3.993836178480814,4.000374071415356,3.991229810777452,2.278538012733545,1.7339660327901052,59,0.008459214501510574,68,0.025377643504531724,21,0.10513595166163142
A2-B0-C2-batch3-r9_I,A_P90_abs,rho < 1.022 (P90 agrupado),1770,16638.0,5.9546234963338245,5.980298577569984,5.943235712864514,5.940205459396198,5.965880540632358,5.928700538104005,3.9828792220938327,3.9889923366738707,3.980220082412154,3.9666670485505895,3.9727801631306274,3.964173649495633,2.083180530452439,1.7066607805012777,47,0.005649717514124294,72,0.014689265536723164,17,0.09717514124293786
A2-B0-C2-batch4-r0_III,A_P90_abs,rho < 1.022 (P90 agrupado),1720,16168.0,5.96182230607996,5.988243755956706,5.950524643061248,5.95919229056447,5.985613740441216,5.948478170813233,3.992382757957564,3.998673579356789,3.9897367292961703,3.9790552452330177,3.9853460666322427,3.976410924085849,2.193196036632691,1.7041150154701699,49,0.00872093023255814,72,0.015116279069767442,22,0.08139534883720931
A2-B0-C2-batch4-r10_III,A_P90_abs,rho < 1.022 (P90 agrupado),1511,14203.4,5.949763379434662,5.979839417679535,5.941936432809083,5.944400707500561,5.9744767457454335,5.936967710901883,3.985757815019387,3.9929187765062615,3.984213971867358,3.9836625758734563,3.9908235373603307,3.9819872679748203,2.4853786832245754,1.762881314377704,58,0.013898080741230973,71,0.025810721376571807,21,0.10059563203176704
A2-B0-C2-batch4-r11_I,A_P90_abs,rho < 1.022 (P90 agrupado),1785,16779.0,5.957380750861568,5.9828400751125494,5.945695000506667,5.955717679464058,5.98117700371504,5.944478815610236,3.992219733988917,3.9982814778581983,3.989432579383294,3.993367808662577,3.999429552531858,3.990815815141018,2.3370360999709496,1.728471373112361,60,0.00784313725490196,67,0.020168067226890758,13,0.21176470588235294
A2-B0-C2-batch4-r12_III,A_P90_abs,rho < 1.022 (P90 agrupado),1615,15181.0,5.9473327918231345,5.975472044942641,5.938095446036068,5.950379982205107,5.9785192353246135,5.940913944940567,3.9909362947815277,3.9976361169528385,3.9889168615215875,3.993466449396049,4.00016627156736,3.991105427696127,2.3719199615808817,1.7469973988546668,73,0.0086687306501548,65,0.03715170278637771,22,0.10773993808049535
A2-B0-C2-batch4-r13_I,A_P90_abs,rho < 1.022 (P90 agrupado),1805,16967.0,5.963176661787207,5.988353888262554,5.950805116380821,5.955576781973538,5.980754008448885,5.9435040242840795,3.987338473982942,3.9933330517151675,3.984251967581778,3.984603395428489,3.9905979731607144,3.9814888697178406,2.251164224400097,1.7249943208931346,57,0.006094182825484765,73,0.01551246537396122,20,0.08088642659279778
A2-B0-C2-batch4-r15_I,A_P90_abs,rho < 1.022 (P90 agrupado),1533,14410.2,5.943412842582519,5.973057261230922,5.935338140181836,5.942626161403367,5.97227058005177,5.935297462609523,3.9912191001592285,3.998277295075515,3.989159395945064,3.989214376322621,3.9962725712389076,3.987453726930663,2.3447266395259803,1.7595969745206221,64,0.015003261578604044,62,0.03131115459882583,20,0.11480756686236138
A2-B0-C2-batch4-r18_I,A_P90_abs,rho < 1.022 (P90 agrupado),1780,16732.0,5.9588529300590745,5.9843837692658175,5.947551953039636,5.962404260307662,5.987935099514405,5.951388699768005,3.9859924004466674,3.992071171686368,3.9831906158630783,3.989987714270538,3.9960664855102386,3.9871718631582547,2.246879807829303,1.6843304836520399,53,0.0050561797752808986,71,0.015730337078651686,16,0.1303370786516854
A2-B0-C2-batch4-r19_III,A_P90_abs,rho < 1.022 (P90 agrupado),1655,15557.0,5.954615409007161,5.982074559332238,5.943917578986266,5.955019397891923,5.982478548217,5.945196524609178,3.9906473977342074,3.9971852906687495,3.9884259916890183,3.987180182895224,3.993718075829766,3.9847374147621584,2.3504804457547266,1.7781490160596767,72,0.009667673716012085,72,0.027190332326283987,17,0.10876132930513595
A2-B0-C2-batch4-r1_III,A_P90_abs,rho < 1.022 (P90 agrupado),1556,14626.400000000001,5.928765914938264,5.95797214487914,5.920881548364819,5.929777152706321,5.9589833826471965,5.921606727259701,3.988114187329207,3.9950680516008443,3.9861186858237154,3.990054578902316,3.997008443173953,3.9880699384399323,2.3743443823312225,1.738219586727185,66,0.010282776349614395,60,0.027634961439588688,23,0.09061696658097686
A2-B0-C2-batch4-r23_I,A_P90_abs,rho < 1.022 (P90 agrupado),1625,15275.0,5.925050164531113,5.953016253016037,5.915358211932957,5.921234321481007,5.949200409965932,5.91167907269863,3.9914254199339414,3.998084012430352,3.98894861204987,3.988169854429894,3.9948284469263045,3.9862257672391483,2.3990272337971046,1.7406633372813496,63,0.009230769230769232,65,0.022153846153846152,21,0.08615384615384615
A2-B0-C2-batch4-r26_III,A_P90_abs,rho < 1.022 (P90 agrupado),1599,15030.6,5.954203429717555,5.982624251348575,5.944976730992444,5.9656487639188445,5.994069585549865,5.956481470716512,3.9926663405221348,3.999433202815235,3.9905539575627484,3.992775785703717,3.9995426479968175,3.9906426152440435,2.4089821969703924,1.7620757108120002,71,0.008755472170106316,68,0.023764853033145718,17,0.10131332082551595
A2-B0-C2-batch4-r28_III,A_P90_abs,rho < 1.022 (P90 agrupado),1603,15068.2,5.9375208053539,5.96587070790412,5.9282557953586945,5.9345971159595265,5.962947018509746,5.925814112509547,3.9933284566317524,4.000078433429424,3.9911718778528185,3.9889682519280276,3.995718228725699,3.986831446184345,2.404892407173994,1.7155752502702413,70,0.008109794135995009,65,0.03618215845290081,17,0.140361821584529
A2-B0-C2-batch4-r31_I,A_P90_abs,rho < 1.022 (P90 agrupado),1593,14974.2,5.949032097047232,5.977559965087409,5.94061327959812,5.943960293497218,5.972488161537395,5.935169218010986,3.986705395614485,3.9934977451478604,3.9846088021052397,3.9889680948538926,3.995760444387268,3.9870121990926917,2.3579582196149182,1.7491079457122982,65,0.013810420590081607,66,0.031387319522912745,22,0.09416195856873823
A2-B0-C2-batch4-r36_III,A_P90_abs,rho < 1.022 (P90 agrupado),1250,11750.0,5.918631434579666,5.954987349610068,5.917767571683704,5.894167293968301,5.930523208998703,5.893392130918574,3.9805785311274837,3.9892347013728173,3.9803985947337552,3.9559115372485234,3.964567707493857,3.9556721709707836,2.7561759405841944,1.8065236065838526,59,0.0152,65,0.0312,34,0.0648
A2-B0-C2-batch4-r38_I,A_P90_abs,rho < 1.022 (P90 agrupado),1637,15387.800000000001,5.952254498152543,5.980015581712715,5.941448047572939,5.951558274396441,5.979319357956613,5.941418814941407,3.991310788968966,3.9979205707690073,3.9890518611226353,3.9945874974691886,4.001197279269229,3.992296173850308,2.416917485283023,1.749330624646797,80,0.009773976786805132,70,0.02504581551618815,12,0.1740989615149664
A2-B0-C2-batch4-r39_I,A_P90_abs,rho < 1.022 (P90 agrupado),1572,14776.800000000001,5.947160186517726,5.976069152031722,5.938429730610242,5.939722364850132,5.968631330364128,5.931325896881634,3.9920516556915326,3.9989347427186748,3.990267362345604,3.9924232846440373,3.9993063716711794,3.9907827822010615,2.4240135014076873,1.7321066606062285,67,0.015267175572519083,62,0.03498727735368957,27,0.06997455470737914
A2-B0-C2-batch4-r3_I,A_P90_abs,rho < 1.022 (P90 agrupado),1814,17051.600000000002,5.956858095070242,5.981910406971015,5.94383494836828,5.961019928222743,5.986072240123517,5.948423039691048,3.9799415795195854,3.9859064156864363,3.9775365726845404,3.983901298866517,3.9898661350333677,3.980887880152383,2.3007511110274907,1.7081977093197853,48,0.008269018743109152,83,0.012679162072767364,26,0.09371554575523705
A2-B0-C2-batch4-r41_I,A_P90_abs,rho < 1.022 (P90 agrupado),1603,15068.2,5.946331349870748,5.974681252420968,5.937068412605161,5.94586519192362,5.9742150944738395,5.936744266567953,3.9932917918543485,4.00004176865202,3.991253067393499,3.990536170952065,3.9972861477497363,3.988426456479275,2.421448672627295,1.756994250568485,77,0.009357454772301934,72,0.023705552089831567,28,0.0892077354959451
A2-B0-C2-batch4-r43_III,A_P90_abs,rho < 1.022 (P90 agrupado),1585,14899.0,5.949840257974414,5.978512115253911,5.940601938363353,5.9439272800372365,5.972599137316733,5.935759917176171,3.99627680122773,4.003103433913324,3.9940518279630224,3.991780183556936,3.9986068162425306,3.989433536168822,2.297119198049035,1.729267646399841,71,0.012618296529968454,62,0.030914826498422712,22,0.12681388012618297
A2-B0-C2-batch4-r44_I,A_P90_abs,rho < 1.022 (P90 agrupado),1640,15416.0,5.931711792488498,5.959422093578743,5.920791084840722,5.928761073582915,5.95647137467316,5.919131608431907,3.9864556005902436,3.9930532913260164,3.9842888300408976,3.986066205645697,3.99266389638147,3.983662324622469,2.456928890857273,1.7261403577282284,79,0.00853658536585366,62,0.03841463414634146,12,0.14878048780487804
A2-B0-C2-batch4-r47_III,A_P90_abs,rho < 1.022 (P90 agrupado),1615,15181.0,5.947592228543302,5.975731481662808,5.9385609384414195,5.94209687851313,5.970236131632636,5.933229667218468,3.996143430953195,4.002843253124506,3.993887808771094,3.9922554296258106,3.9989552517971214,3.9899620922480175,2.36417644164886,1.7471754518842073,71,0.010526315789473684,64,0.022291021671826627,23,0.07430340557275542
A2-B0-C2-batch4-r51_I,A_P90_abs,rho < 1.022 (P90 agrupado),1220,11468.0,5.922861590335286,5.960111503276271,5.922861590335286,5.893198075840344,5.930447988781329,5.893198075840344,3.9629594524099723,3.971828479300683,3.9629594524099723,3.9785424444271076,3.9874114713178184,3.9785424444271076,2.6804846954977393,1.8025001389485742,56,0.013114754098360656,58,0.02540983606557377,43,0.06229508196721312
A2-B0-C2-batch4-r57_I,A_P90_abs,rho < 1.022 (P90 agrupado),1615,15181.0,5.948662877978052,5.976802131097558,5.939054595722229,5.942562947690818,5.970702200810324,5.932649805404972,3.9945387088673483,4.001238531038659,3.992267874213166,3.9914507775221804,3.998150599693491,3.989265962053029,2.3467678570840755,1.780467787671832,68,0.011764705882352941,61,0.027244582043343655,22,0.08978328173374613
A2-B0-C2-batch4-r62_III,A_P90_abs,rho < 1.022 (P90 agrupado),1580,14852.0,5.93724701466946,5.966009605674524,5.928398001048853,5.9357211345057355,5.9644837255108,5.9277785702251595,3.9891594956030723,3.996007731556659,3.9871930652627663,3.994449987846494,4.001298223800081,3.992458223105102,2.4151150039506937,1.7525617266822526,64,0.01139240506329114,53,0.05189873417721519,24,0.07658227848101266
A2-B0-C2-batch4-r70_I,A_P90_abs,rho < 1.022 (P90 agrupado),1585,14899.0,5.942103423682527,5.970775280962023,5.9331845873372915,5.9395000561855955,5.968171913465092,5.93103687448386,3.995710806915342,4.002537439600936,3.993558930844823,3.9894321474471517,3.996258780132746,3.9874268975670453,2.297724012345535,1.7601399992286089,72,0.0138801261829653,66,0.028391167192429023,27,0.08201892744479496
A2-B0-C2-batch4-r72_III,A_P90_abs,rho < 1.022 (P90 agrupado),1624,15265.6,5.9387503291961545,5.966733638178915,5.929274069924301,5.939956715326739,5.967940024309499,5.93095404752833,3.9893811462849484,3.996043838899891,3.9871624076120993,3.9955653535824087,4.002228046197351,3.99337580954635,2.3861861495119734,1.7607467018352954,74,0.008620689655172414,67,0.02894088669950739,27,0.13608374384236452
A2-B0-C2-batch4-r94_III,A_P90_abs,rho < 1.022 (P90 agrupado),1662,15622.800000000001,5.945501690577647,5.972845188645037,5.935704728223667,5.953104464580733,5.980447962648123,5.942927792347088,3.990908372371341,3.997418729054053,3.9887212558432252,3.983447812616788,3.9899581692995,3.981104470927832,2.2149584193790144,1.7202398790861388,65,0.009626955475330927,65,0.035499398315282794,23,0.07641395908543923
A2-B0-C2-batch4-r9_III,A_P90_abs,rho < 1.022 (P90 agrupado),1745,16403.0,5.941624736604633,5.967667655680852,5.9295517233641215,5.940119541646949,5.966162460723168,5.929611936860568,3.9855091082339973,3.9917098032521445,3.9828117062370496,3.9763140627837625,3.9825147578019098,3.9734427542591964,2.310724159990265,1.6942174922413327,61,0.009742120343839542,65,0.01833810888252149,17,0.12091690544412607
A2-B0-C2-r12_I,A_P90_abs,rho < 1.022 (P90 agrupado),1785,16779.0,5.941618552782394,5.967077877033375,5.929323737590802,5.9398454859467265,5.965304810197708,5.927971169744207,3.9932256838036313,3.9992874276729125,3.990447158413777,3.9929259211227466,3.9989876649920277,3.9900265282380345,2.351942840813804,1.725374626213372,61,0.007282913165266107,68,0.024089635854341738,17,0.15014005602240896
A2-B0-C2-r12v1fix_I,A_P90_abs,rho < 1.022 (P90 agrupado),1864,17521.600000000002,5.962222918463444,5.986603226289625,5.949133586260391,5.9688750907205765,5.993255398546758,5.956189096849013,3.959640734951884,3.965445570148594,3.9559050422199467,3.9558541340472955,3.9616589692440054,3.952697703768388,2.17846612742227,1.6807471027469698,31,0.00536480686695279,64,0.013948497854077254,36,0.04184549356223176
A2-B0-C2-r14_III,A_P90_abs,rho < 1.022 (P90 agrupado),1616,15190.400000000001,5.951140367928639,5.979262208143987,5.942300606808383,5.951229715024841,5.979351555240188,5.94144873408195,3.996497184661767,4.003192860903517,3.994341621663674,3.991794422387964,3.998490098629713,3.989508179199128,2.277079176503038,1.7161615335612708,73,0.009900990099009901,65,0.023514851485148515,25,0.09282178217821782
A2-B0-C2-r17_III,A_P90_abs,rho < 1.022 (P90 agrupado),1578,14833.2,5.943638226482298,5.972437271975329,5.935545995945611,5.929272247191483,5.958071292684514,5.9202603064229695,3.989317783519181,3.9961746991127596,3.987258465110115,3.963521735515411,3.9703786511089896,3.9614654696150353,2.604373713962572,1.7165233022549793,63,0.012040557667934094,70,0.018377693282636248,23,0.07351077313054499
A2-B0-C2-r19_III,A_P90_abs,rho < 1.022 (P90 agrupado),1679,15782.6,5.947554531465157,5.974621174578916,5.937041135283712,5.951763731521259,5.978830374635018,5.941137301388336,3.9946462625726475,4.001090701409257,3.9923383278631763,3.991342504171176,3.9977869430077853,3.988650194680856,2.2893658318120593,1.7145922311386441,66,0.008338296605122097,71,0.02025014889815366,26,0.08755211435378202
A2-B0-C2-r1_I,A_P90_abs,rho < 1.022 (P90 agrupado),1779,16722.600000000002,5.95271584257546,5.978261033012785,5.94011416144331,5.947637590268323,5.973182780705649,5.9352732872966785,3.9911709091389205,3.997253097338284,3.9883724836575567,3.991041898374741,3.9971240865741042,3.988300813648822,2.3627588598077125,1.705474679520192,50,0.007307476110174255,76,0.016301292861157952,24,0.08206857785272625
A2-B0-C2-r20_III,A_P90_abs,rho < 1.022 (P90 agrupado),1717,16139.800000000001,5.947640306953967,5.974107921274294,5.936636924483622,5.933903411796027,5.960371026116355,5.923358884801863,3.9925188315853095,3.998820644518721,3.989967973672986,3.986938257753941,3.9932400706873525,3.9846428499794246,2.249138232209138,1.7103306502388933,66,0.007571345369831101,72,0.0343622597553873,21,0.0896913220733838
A2-B0-C2-r28_III,A_P90_abs,rho < 1.022 (P90 agrupado),1739,16346.6,5.958463710908042,5.984596484794185,5.947045882684408,5.958995682436442,5.9851284563225855,5.9480689148259,3.9881912517195155,3.9944133407400257,3.9855369488958545,3.985331876130268,3.991553965150778,3.9833883100741754,2.240687120370281,1.7049352144640157,55,0.0063254744105807935,76,0.010925819436457734,25,0.06152961472110408
A2-B0-C2-r2_I,A_P90_abs,rho < 1.022 (P90 agrupado),1805,16967.0,5.9640143608227305,5.989191587298078,5.951694133669613,5.961176441113128,5.986353667588475,5.948434986186008,3.981988686244931,3.9879832639771564,3.9791924780028585,3.987441402956118,3.9934359806883433,3.9848492783745915,2.351506990711983,1.6649981430213818,55,0.00775623268698061,66,0.0221606648199446,14,0.14570637119113575
A2-B0-C2-r2v1fix_III,A_P90_abs,rho < 1.022 (P90 agrupado),1479,13902.6,5.939152980716555,5.969879751364291,5.932358326427507,5.9394621388785005,5.970188909526237,5.931872477605865,3.9928136232668274,4.0001295210400984,3.9912265434241845,3.9922486839271207,3.9995645817003913,3.9908097808945637,2.450718947257977,1.7476176301661397,63,0.010818120351588911,67,0.028397565922920892,30,0.06220419202163624
A2-B0-C2-r39_III,A_P90_abs,rho < 1.022 (P90 agrupado),1788,16807.2,5.94767235238953,5.973088959653513,5.935215537151029,5.940154080480578,5.965570687744561,5.92789088255708,3.9905362943241665,3.996587867482258,3.987798351124127,3.9845370594101603,3.990588632568252,3.9817409114201148,2.20956253566215,1.731288335659018,57,0.008948545861297539,80,0.01901565995525727,20,0.09731543624161074
A2-B0-C2-r6_I,A_P90_abs,rho < 1.022 (P90 agrupado),1634,15359.6,5.963016485825097,5.990828538326935,5.9532877836038995,5.957715963542671,5.985528016044508,5.94761519329193,3.9972561330352017,4.003878050297544,3.9950913540967803,3.9962088379955976,4.00283075525794,3.9939725075486745,2.4059402745512433,1.761557083186645,80,0.009791921664626682,62,0.025091799265605876,22,0.1364749082007344
A2-B0-C2-r9_I,A_P90_abs,rho < 1.022 (P90 agrupado),1734,16299.6,5.94224258039749,5.968450708302913,5.930392122475816,5.941845935474937,5.96805406338036,5.931119312878264,3.9908680353403905,3.9971080657940625,3.988282962529238,3.9891579066906533,3.9953979371443253,3.986308826802505,2.2860697490506663,1.7478696436015535,64,0.007497116493656286,72,0.020184544405997693,24,0.05997693194925029
A2-B0-C2-r9v2fix_I,A_P90_abs,rho < 1.022 (P90 agrupado),1797,16891.8,5.960174304379057,5.985463616448063,5.948982848501605,5.952991246860059,5.978280558929065,5.94075616996115,3.9774429906464315,3.983464255424766,3.9746126953017047,3.9691925618474717,3.975213826625806,3.966460881261079,2.1477239196092857,1.6802869573499268,52,0.006121313299944352,68,0.016138007790762382,23,0.05898720089037284
A2-B0-C2-batch3-r0_III,B_IC_k1,rho < 1x mediana de rho(t=0) de la propia corrida,1035,9729.0,5.863357591633351,5.90726570157345,5.861230534336001,5.829908831761831,5.8738169417019295,5.82784852838051,3.891144826114886,3.901599138005386,3.8900452363061993,3.87024121888912,3.88069553077962,3.8699582040314864,2.560533616800022,1.7409032853993731,47,0.03768115942028986,38,0.05314009661835749,21,0.3884057971014493
A2-B0-C2-batch3-r100_I,B_IC_k1,rho < 1x mediana de rho(t=0) de la propia corrida,990,9306.0,5.900268410192622,5.946172343311816,5.900268410192622,5.823950479271517,5.869854412390711,5.823950479271517,3.928420239761355,3.9393497476468773,3.928420239761355,3.8885139714215553,3.899443479307078,3.8885139714215553,2.4401397977389174,1.6498346072676027,46,0.043434343434343436,39,0.045454545454545456,14,0.49696969696969695
A2-B0-C2-batch3-r104_I,B_IC_k1,rho < 1x mediana de rho(t=0) de la propia corrida,1093,10274.2,5.951437449997817,5.993015577891689,5.947219677506887,5.950285928100033,5.991864055993905,5.945807844862575,3.9911357755210912,4.001035329781537,3.9901127686160978,3.993677645531535,4.00357719979198,3.9926971178411548,1.895866698242373,1.5636106190505838,30,0.04757548032936871,44,0.053064958828911254,15,0.5974382433668801
A2-B0-C2-batch3-r107_I,B_IC_k1,rho < 1x mediana de rho(t=0) de la propia corrida,1035,9729.0,5.9473056948001375,5.991213804740236,5.945347711249764,5.956150608525462,6.000058718465561,5.954232298476171,3.988831483921814,3.999285795812314,3.9882952641669154,3.9898037514759532,4.000258063366453,3.989193379501864,1.889264675109454,1.5447107208280995,34,0.021256038647342997,49,0.02995169082125604,21,0.36328502415458935
A2-B0-C2-batch3-r108_III,B_IC_k1,rho < 1x mediana de rho(t=0) de la propia corrida,1043,9804.2,5.951037381522767,5.9946087082610235,5.948791926474433,5.952827252473648,5.996398579211905,5.950449636676198,3.9850423683085814,3.9954164937224523,3.9845834222608705,3.9910386724165097,4.001412797830381,3.9903761352606195,1.907032452599054,1.5736406864914836,33,0.037392138063279005,47,0.038350910834132314,13,0.37392138063279
A2-B0-C2-batch3-r10_III,B_IC_k1,rho < 1x mediana de rho(t=0) de la propia corrida,1073,10086.2,5.952389532889607,5.994742649187839,5.948497586275845,5.950627778209954,5.992980894508186,5.946673995086623,3.9845217390412704,3.9946058143503733,3.983784352123172,3.9904188882621234,4.000502963571226,3.989545154240065,1.980596120531217,1.600323939271487,39,0.034482758620689655,42,0.035414725069897485,11,0.7148182665424044
A2-B0-C2-batch3-r111_III,B_IC_k1,rho < 1x mediana de rho(t=0) de la propia corrida,1059,9954.6,5.9383229643000215,5.981235989595586,5.9354230149183875,5.938519484995679,5.981432510291243,5.935315805699492,3.9825899239014566,3.992807310876591,3.9819024669111087,3.983547360304831,3.9937647472799656,3.9827318271342,1.9566679496418669,1.6482392339710128,35,0.03588290840415486,41,0.039660056657223795,17,0.14825306893295562
A2-B0-C2-batch3-r112_I,B_IC_k1,rho < 1x mediana de rho(t=0) de la propia corrida,1062,9982.800000000001,5.943008738646759,5.985800540707024,5.938996682503795,5.936129317301045,5.978921119361311,5.932992344888483,3.9818516750463506,3.992040199346414,3.9811337646656786,3.9813758129699517,3.991564337270015,3.9805902872090098,1.962643942575389,1.6085833081861969,42,0.027306967984934087,45,0.03766478342749529,15,0.3192090395480226
A2-B0-C2-batch3-r114_III,B_IC_k1,rho < 1x mediana de rho(t=0) de la propia corrida,1024,9625.6,5.934837519131298,5.979217298221144,5.933355213160205,5.938385255616076,5.982765034705922,5.93656519012699,3.9632217389740143,3.9737883530430254,3.963001603977734,3.9806406466880957,3.9912072607571067,3.980495290357687,1.6945390735069812,1.4938614139435256,11,0.013671875,34,0.021484375,22,0.318359375
A2-B0-C2-batch3-r120_I,B_IC_k1,rho < 1x mediana de rho(t=0) de la propia corrida,1069,10048.6,5.939851511261513,5.9823631050762955,5.936358700548042,5.945938377789871,5.988449971604654,5.942462213028359,3.991149219475165,4.001271027526304,3.990338218748877,3.993836446435383,4.0039582544865215,3.9932782204453923,1.9050594504892908,1.6063042566926786,35,0.018709073900841908,54,0.028999064546304958,17,0.44808231992516373
A2-B0-C2-batch3-r12_III,B_IC_k1,rho < 1x mediana de rho(t=0) de la propia corrida,1044,9813.6,5.927431528904622,5.9709611206555815,5.925455635361401,5.939748061404649,5.983277653155609,5.937300784577499,3.9861105955602056,3.996474784072339,3.9855965498352335,3.988109803592884,3.9984739921050174,3.987803219537966,1.9672965066846824,1.6245875145983963,33,0.03065134099616858,43,0.03065134099616858,15,0.2710727969348659
A2-B0-C2-batch3-r143_I,B_IC_k1,rho < 1x mediana de rho(t=0) de la propia corrida,1050,9870.0,5.950806081634178,5.994086932860847,5.948390945796519,5.95071784563379,5.993998696860459,5.947867987261059,3.9881080548008496,3.998413019378628,3.9875979236176526,3.987452777653043,3.9977577422308213,3.986617680633702,1.8438270423199787,1.554290663720884,27,0.025714285714285714,37,0.04380952380952381,20,0.17904761904761904
A2-B0-C2-batch3-r1_I,B_IC_k1,rho < 1x mediana de rho(t=0) de la propia corrida,1047,9841.800000000001,5.953673967398618,5.99707883252565,5.951162921331724,5.94992124383309,5.993326108960122,5.947523690785816,3.9641334941055235,3.974467985802436,3.9633154543890003,3.981909091281446,3.9922435829783582,3.9814884012338605,1.6960576610258646,1.4935268396207155,13,0.010506208213944603,39,0.017191977077363897,15,0.5482330468003821
A2-B0-C2-batch3-r21_III,B_IC_k1,rho < 1x mediana de rho(t=0) de la propia corrida,1054,9907.6,5.942163425697759,5.985280023219582,5.939401173868917,5.9463578376047055,5.989474435126529,5.943713331464223,3.991592834247445,4.00185869080026,3.9909567316948587,3.9882231677661313,3.9984890243189466,3.987662424510927,1.9063773182696517,1.5983277008564505,36,0.027514231499051234,47,0.03510436432637571,16,0.4810246679316888
A2-B0-C2-batch3-r23_III,B_IC_k1,rho < 1x mediana de rho(t=0) de la propia corrida,1064,10001.6,5.931971179221818,5.974682545563925,5.928487262433752,5.937073161900306,5.979784528242414,5.934022279421737,3.9894189854685207,3.999588358407118,3.9887969855313954,3.9834238751841444,3.9935932481227416,3.982686237115766,1.95012336439951,1.602646565567112,31,0.03383458646616541,44,0.06390977443609022,11,0.38721804511278196
A2-B0-C2-batch3-r25_III,B_IC_k1,rho < 1x mediana de rho(t=0) de la propia corrida,1040,9776.0,5.924529359916684,5.968226373174378,5.92197757238926,5.933642196907115,5.97733921016481,5.931463755814792,3.992852380002943,4.003256430778585,3.9922841128287025,3.992716420813009,4.003120471588651,3.9922017169521316,1.8736352439540096,1.5234241838095537,38,0.027884615384615386,51,0.03173076923076923,16,0.36730769230769234
A2-B0-C2-batch3-r26_III,B_IC_k1,rho < 1x mediana de rho(t=0) de la propia corrida,1053,9898.2,5.946730643567721,5.989888187525938,5.943887231584486,5.9441482356781865,5.9873057796364035,5.941596339101247,3.9886119308093178,3.998887536513655,3.987939320984227,3.9937025465638105,4.0039781522681475,3.9930826682939875,1.950420056978401,1.6346332108221535,31,0.02184235517568851,52,0.026590693257359924,18,0.16619183285849953
A2-B0-C2-batch3-r31_III,B_IC_k1,rho < 1x mediana de rho(t=0) de la propia corrida,1060,9964.0,5.938140817581724,5.98101335889116,5.934809705328745,5.9523468007361435,5.99521934204558,5.949020803166786,3.983810178978146,3.994017926908964,3.9831274528508716,3.9879107226477397,3.9981184705785577,3.987342025085322,1.9736841716979316,1.6465960847479357,39,0.020754716981132074,50,0.024528301886792454,17,0.22641509433962265
A2-B0-C2-batch3-r35_I,B_IC_k1,rho < 1x mediana de rho(t=0) de la propia corrida,1051,9879.4,5.923691442297732,5.966931112885745,5.920639853273466,5.923729735230465,5.966969405818478,5.921047262588474,3.9924572093080197,4.002752368971833,3.991884166939498,3.993196906620188,4.003492066284001,3.992438004785344,1.859105570125741,1.5520375797209645,35,0.03139866793529972,55,0.03425309229305423,16,0.38915318744053284
A2-B0-C2-batch3-r44_I,B_IC_k1,rho < 1x mediana de rho(t=0) de la propia corrida,1035,9729.0,5.937133207710528,5.981041317650627,5.935273940240928,5.9302518582860415,5.97415996822614,5.92823145623098,3.9918265927673784,4.002280904657878,3.9913003165879752,3.9901881814963343,4.000642493386834,3.9897539771655124,1.83464003929093,1.5476697625352436,34,0.02318840579710145,43,0.03864734299516908,14,0.35555555555555557
A2-B0-C2-batch3-r48_I,B_IC_k1,rho < 1x mediana de rho(t=0) de la propia corrida,1032,9700.800000000001,5.941150357901208,5.9851861076957835,5.9391495243875205,5.939511014603196,5.983546764397772,5.937859254408818,3.986332832347283,3.996817534679325,3.985838052208415,3.984608895507321,3.9950935978393627,3.9842225065584613,1.9729163646381411,1.5921254218118637,45,0.020348837209302327,53,0.03391472868217054,19,0.20445736434108527
A2-B0-C2-batch3-r50_I,B_IC_k1,rho < 1x mediana de rho(t=0) de la propia corrida,1027,9653.800000000001,5.941207644313012,5.985457784320804,5.939245278638011,5.941719898243941,5.985970038251733,5.939829326805292,3.993839718834045,4.004375466454948,3.993448561049947,3.993467321295328,4.004003068916231,3.9931217439238593,1.9054735146734922,1.5843977019317086,38,0.016553067185978577,46,0.028237585199610515,10,0.6475170399221032
A2-B0-C2-batch3-r53_I,B_IC_k1,rho < 1x mediana de rho(t=0) de la propia corrida,1031,9691.4,5.941508314587102,5.985586776069161,5.9396560085089325,5.93817170144961,5.982250162931669,5.936164079621485,3.9914192314252164,4.0019141032066585,3.9909804180759996,3.9951760504679124,4.0056709222493545,3.9948982550633705,1.935031074316738,1.5872307234165606,42,0.01842870999030068,44,0.03200775945683802,24,0.2192046556741028
A2-B0-C2-batch3-r58_III,B_IC_k1,rho < 1x mediana de rho(t=0) de la propia corrida,1042,9794.800000000001,5.934813891728769,5.978427033559865,5.932537122200839,5.939119647031085,5.982732788862181,5.936851029964901,3.9822226670962833,3.9926067484846395,3.981655754170473,3.990942379321592,4.001326460709948,3.9903795539873594,1.9396907261882628,1.601298766830941,40,0.023032629558541268,52,0.04990403071017274,21,0.24280230326295585
A2-B0-C2-batch3-r59_I,B_IC_k1,rho < 1x mediana de rho(t=0) de la propia corrida,1073,10086.2,5.939886991867757,5.982240108165989,5.936344502841365,5.934872488007059,5.977225604305291,5.932019894268238,3.9897079939992888,3.9997920693083917,3.9888723160260677,3.9879854431727906,3.9980695184818935,3.987140080311217,1.9729504788645336,1.5813152868041012,40,0.02516309412861137,49,0.034482758620689655,17,0.4771668219944082
A2-B0-C2-batch3-r5_I,B_IC_k1,rho < 1x mediana de rho(t=0) de la propia corrida,1020,9588.0,5.964404101942147,6.008957919381365,5.963184110768194,5.9474764562673315,5.99203027370655,5.945776488343361,3.956582355269773,3.9671904070410156,3.956201757469375,3.9692668367791626,3.979874888550405,3.968968787883092,1.65540293973146,1.4852082440342165,11,0.010784313725490196,40,0.01568627450980392,11,0.7147058823529412
A2-B0-C2-batch3-r60_III,B_IC_k1,rho < 1x mediana de rho(t=0) de la propia corrida,1064,10001.6,5.93312419333461,5.975835559676717,5.930192027655572,5.942030715059189,5.984742081401296,5.938668599345972,3.9865892472256617,3.996758620164259,3.985792854118072,3.9779306979945854,3.9881000709331826,3.9770830408986715,2.012320623114671,1.5884112760839986,39,0.03289473684210526,43,0.044172932330827065,16,0.38627819548872183
A2-B0-C2-batch3-r69_III,B_IC_k1,rho < 1x mediana de rho(t=0) de la propia corrida,1034,9719.6,5.945791990694801,5.989742564957859,5.943651108384558,5.951184371956753,5.995134946219811,5.949210123628498,3.969272317580563,3.979736740024148,3.9689376850225115,3.9772538461171516,3.987718268560737,3.9766190708022076,1.7031919212365545,1.5040386908273233,22,0.014506769825918761,42,0.0183752417794971,11,0.6286266924564797
A2-B0-C2-batch3-r70_III,B_IC_k1,rho < 1x mediana de rho(t=0) de la propia corrida,1024,9625.6,5.94541701643675,5.989796795526596,5.94397190501648,5.949953645145986,5.994333424235832,5.9482759662853075,3.9879562075199706,3.9985228215889816,3.9876093411204447,3.990128378700014,4.0006949927690245,3.9897931437437215,1.8553959422089592,1.5077650565076874,37,0.01171875,45,0.0205078125,23,0.15234375
A2-B0-C2-batch3-r71_III,B_IC_k1,rho < 1x mediana de rho(t=0) de la propia corrida,1045,9823.0,5.919977446870058,5.963465383509295,5.917389148160578,5.914301896141057,5.9577898327802945,5.911617601452045,3.980640470645689,3.9909947412740787,3.9801135708534527,3.9833170595555796,3.9936713301839695,3.982470226601722,2.0303857118553648,1.593782997963217,36,0.027751196172248804,38,0.03636363636363636,19,0.18086124401913875
A2-B0-C2-batch3-r76_I,B_IC_k1,rho < 1x mediana de rho(t=0) de la propia corrida,1064,10001.6,5.943070087767227,5.985781454109334,5.939990608586583,5.948389933942973,5.991101300285081,5.945721923579622,3.9916956278341535,4.00186500077275,3.9909181877483046,3.993412262933941,4.003581635872538,3.992507872397823,1.9358917361275891,1.6198608589684123,43,0.020676691729323307,54,0.023496240601503758,21,0.15789473684210525
A2-B0-C2-batch3-r83_III,B_IC_k1,rho < 1x mediana de rho(t=0) de la propia corrida,1062,9982.800000000001,5.944652818803373,5.987444620863639,5.941227010101182,5.949348500039692,5.9921403020999575,5.9464154126573385,3.985201956822996,3.995390481123059,3.984322200300044,3.983935172188804,3.994123696488867,3.9834016078495127,1.8318550252103938,1.5435941109095999,26,0.026365348399246705,45,0.031073446327683617,16,0.4067796610169492
A2-B0-C2-batch3-r86_I,B_IC_k1,rho < 1x mediana de rho(t=0) de la propia corrida,1038,9757.2,5.950090791910672,5.9938719997989205,5.9480057866251625,5.942644161023218,5.986425368911467,5.940570218484365,3.9915301658123727,4.001954262928622,3.9910086169640526,3.9913030099172397,4.001727107033489,3.990825047863086,1.8140089105242816,1.5371125536547556,25,0.02119460500963391,54,0.025048169556840076,13,0.6040462427745664
A2-B0-C2-batch3-r9_I,B_IC_k1,rho < 1x mediana de rho(t=0) de la propia corrida,1031,9691.4,5.946921919904408,5.991000381386467,5.945196239277042,5.950379510291172,5.9944579717732305,5.948248920387422,3.9658535509665387,3.9763484227479813,3.9652851594608443,3.981747609809405,3.9922424815908477,3.981265822842722,1.6854904192573847,1.462852763342391,11,0.008729388942774006,42,0.030067895247332686,8,0.8050436469447139
A2-B0-C2-batch4-r0_III,B_IC_k1,rho < 1x mediana de rho(t=0) de la propia corrida,1039,9766.6,5.927658354517387,5.971397424573213,5.925663194505554,5.932393683897931,5.976132753953757,5.93018104398775,3.9750487557584417,3.985462820057448,3.9745074448834425,3.9799297408080654,3.9903438051070714,3.9794109272245777,1.7063195286718074,1.5194244642170387,17,0.013474494706448507,41,0.02021174205967276,14,0.6689124157844081
A2-B0-C2-batch4-r10_III,B_IC_k1,rho < 1x mediana de rho(t=0) de la propia corrida,1066,10020.4,5.9355126850115045,5.978143917458036,5.93190310790614,5.945698598347057,5.988329830793589,5.941991469678752,3.9841366327568557,3.994286926196506,3.9835799086183035,3.9880483685696495,3.9981986620092997,3.9873729921865273,2.0463284112856566,1.6356645153798686,36,0.03095684803001876,40,0.036585365853658534,22,0.2701688555347092
A2-B0-C2-batch4-r11_I,B_IC_k1,rho < 1x mediana de rho(t=0) de la propia corrida,1030,9682.0,5.947325814285734,5.991447070390591,5.945859961090711,5.953965045098661,5.998086301203518,5.951749527818034,3.9597495876423565,3.9702546486197035,3.9593247424397777,3.970190254732743,3.98069531571009,3.9698404384737382,1.687959581882852,1.5202361706348584,12,0.015533980582524271,40,0.01650485436893204,6,0.6718446601941748
A2-B0-C2-batch4-r12_III,B_IC_k1,rho < 1x mediana de rho(t=0) de la propia corrida,1048,9851.2,5.938067832648014,5.981431280919009,5.9353488757043245,5.945680062170142,5.989043510441137,5.943059707369328,3.994408872288542,4.0047335028292546,3.9937082810475397,3.9918435065292,4.002168137069913,3.9913102124607347,1.8576542006001493,1.5438271044648846,35,0.01812977099236641,47,0.029580152671755726,13,0.5524809160305344
A2-B0-C2-batch4-r13_I,B_IC_k1,rho < 1x mediana de rho(t=0) de la propia corrida,1028,9663.2,5.956067074448104,6.000274169572619,5.9544020981212755,5.956956888989856,6.001163984114371,5.9550771203286015,3.97145536156434,3.9819808604035103,3.9710299636807393,3.980220046730328,3.9907455455694985,3.9798113750589392,1.7039719910362208,1.5083085683385558,13,0.008754863813229572,38,0.01556420233463035,6,0.8180933852140078
A2-B0-C2-batch4-r15_I,B_IC_k1,rho < 1x mediana de rho(t=0) de la propia corrida,1024,9625.6,5.936310055220891,5.980689834310737,5.934915898538702,5.937478508347777,5.981858287437623,5.935905466912028,3.9880541667373417,3.9986207808063527,3.987728927666105,3.982219630084922,3.9927862441539332,3.9819106808267715,1.973137170636873,1.590111571259584,34,0.0244140625,42,0.025390625,12,0.509765625
A2-B0-C2-batch4-r18_I,B_IC_k1,rho < 1x mediana de rho(t=0) de la propia corrida,1036,9738.4,5.949291542302123,5.99315726989672,5.9470509944176015,5.9489654795158895,5.992831207110487,5.9468669918378305,3.9735607571752576,3.984004978031114,3.9729119178560968,3.9830246776223954,3.993468898478252,3.9825867855447967,1.698703595526657,1.459531893487993,11,0.01447876447876448,45,0.016409266409266408,15,0.5675675675675675
A2-B0-C2-batch4-r19_III,B_IC_k1,rho < 1x mediana de rho(t=0) de la propia corrida,1028,9663.2,5.94428939647232,5.988496491596836,5.942721868937225,5.945111617960298,5.989318713084813,5.943495856230145,3.9856616389467603,3.9961871377859306,3.985132157708597,3.9762782770385914,3.9868037758777617,3.9758853147516646,1.828345306647014,1.569259983041154,27,0.02821011673151751,43,0.029182879377431907,19,0.21206225680933852
A2-B0-C2-batch4-r1_III,B_IC_k1,rho < 1x mediana de rho(t=0) de la propia corrida,1040,9776.0,5.930834986781427,5.9745320000391215,5.9285057349756105,5.927451138808805,5.971148152066499,5.925005794012485,3.992703060411357,4.003107111186998,3.9922746238363733,3.992966082536686,4.003370133312328,3.992405172477404,1.8896869171145525,1.5791157458966625,31,0.03365384615384615,41,0.0375,21,0.33365384615384613
A2-B0-C2-batch4-r23_I,B_IC_k1,rho < 1x mediana de rho(t=0) de la propia corrida,1056,9926.4,5.936635430311245,5.97967036761049,5.933347045097938,5.939375605586001,5.982410542885246,5.936432140768423,3.992010830216748,4.002257243859425,3.991233564860964,3.98975962070912,4.000006034351797,3.989029291750161,1.8753618727287367,1.561736469532116,33,0.019886363636363636,49,0.02462121212121212,21,0.1893939393939394
A2-B0-C2-batch4-r26_III,B_IC_k1,rho < 1x mediana de rho(t=0) de la propia corrida,1063,9992.2,5.969345527451878,6.012097073818767,5.9660996911096245,5.967730002795535,6.0104815491624235,5.964753401945654,3.9969180110979265,4.007096950709091,3.9962205078761897,3.9919571202127573,4.002136059823921,3.991135947421375,1.8997497283242608,1.5745917341726734,36,0.04233301975540922,43,0.04233301975540922,17,0.19943555973659455
A2-B0-C2-batch4-r28_III,B_IC_k1,rho < 1x mediana de rho(t=0) de la propia corrida,1034,9719.6,5.933622947090324,5.977573521353382,5.932141766468609,5.933636042309061,5.977586616572119,5.9319724625123875,3.986910112347366,3.9973745347909513,3.9864675144661863,3.991660782500543,4.002125204944129,3.991302281829103,1.9057090296299282,1.5340981086154635,30,0.025145067698259187,46,0.02804642166344294,16,0.4922630560928433
A2-B0-C2-batch4-r31_I,B_IC_k1,rho < 1x mediana de rho(t=0) de la propia corrida,1044,9813.6,5.936792150104659,5.980321741855619,5.934532362386185,5.9443376547777795,5.987867246528739,5.941929811711002,3.9849946869637005,3.995358875475834,3.984617428785224,3.9907700524191716,4.001134240931305,3.9901010561842627,1.8909618662252834,1.593393268236035,37,0.02490421455938697,47,0.039272030651340994,19,0.5191570881226054
A2-B0-C2-batch4-r36_III,B_IC_k1,rho < 1x mediana de rho(t=0) de la propia corrida,1012,9512.800000000001,5.904052955849041,5.9489589773786875,5.903007079195462,5.838285279017001,5.883191300546647,5.837059001138943,3.908033562510033,3.918725472398044,3.907729784109418,3.856553011661515,3.8672449215495264,3.856295992453383,2.5699319107156686,1.733162556216045,42,0.04743083003952569,30,0.0741106719367589,14,0.6195652173913043
A2-B0-C2-batch4-r38_I,B_IC_k1,rho < 1x mediana de rho(t=0) de la propia corrida,1058,9945.2,5.947332892537636,5.990286478348603,5.94397814446261,5.952886090867936,5.995839676678902,5.950109047227617,3.989683632558224,3.99991067679893,3.989094910765614,3.9906137137610265,4.000840758001733,3.9898035299229546,1.8984823792939298,1.610715540707627,41,0.022684310018903593,52,0.043478260869565216,9,0.6871455576559546
A2-B0-C2-batch4-r39_I,B_IC_k1,rho < 1x mediana de rho(t=0) de la propia corrida,1066,10020.4,5.9541676781540875,5.996798910600619,5.950609609158185,5.9496619082730335,5.992293140719565,5.946154196437767,3.9817255956102877,3.991875889049938,3.9810146092783247,3.9918978118409996,4.00204810528065,3.9911809011397175,1.9654462096059595,1.6026233508353607,39,0.03470919324577861,49,0.040337711069418386,16,0.17917448405253283
A2-B0-C2-batch4-r3_I,B_IC_k1,rho < 1x mediana de rho(t=0) de la propia corrida,1035,9729.0,5.947793979995178,5.991702089935277,5.9459216056368405,5.952665356206208,5.996573466146307,5.95067450344841,3.96597944962614,3.9764337615166396,3.9655943018574265,3.976294919418521,3.986749231309021,3.975835884173514,1.6815774064027331,1.4957930266024755,11,0.008695652173913044,34,0.020289855072463767,17,0.6125603864734299
A2-B0-C2-batch4-r41_I,B_IC_k1,rho < 1x mediana de rho(t=0) de la propia corrida,1034,9719.6,5.960827579708017,6.004778153971075,5.958679197129463,5.966118634643876,6.010069208906934,5.964302614317432,3.995812525825289,4.006276948268875,3.9953187199429556,3.9948274347808024,4.005291857224388,3.994362381196417,1.8688992148068657,1.5883678753596118,35,0.024177949709864602,47,0.025145067698259187,21,0.3365570599613153
A2-B0-C2-batch4-r43_III,B_IC_k1,rho < 1x mediana de rho(t=0) de la propia corrida,1056,9926.4,5.948675787370373,5.991710724669618,5.945483918920611,5.93973976356371,5.982774700862955,5.936500624953697,3.991380841196203,4.00162725483888,3.9906372375584764,3.9936343114003487,4.003880725043026,3.9929858148223083,1.9214668073679826,1.5729578106436148,34,0.03598484848484849,48,0.03787878787878788,11,0.4952651515151515
A2-B0-C2-batch4-r44_I,B_IC_k1,rho < 1x mediana de rho(t=0) de la propia corrida,1066,10020.4,5.935535976608967,5.978167209055498,5.932371678231916,5.940361244552308,5.98299247699884,5.936919269368564,3.989806794694443,3.999957088134093,3.988952299940574,3.990050283406287,4.000200576845938,3.989362242330675,1.9043528655740667,1.5931852549760417,37,0.017823639774859287,43,0.04221388367729831,15,0.6219512195121951
A2-B0-C2-batch4-r47_III,B_IC_k1,rho < 1x mediana de rho(t=0) de la propia corrida,1036,9738.4,5.95503822745666,5.998903955051257,5.952734738592605,5.952303720418312,5.9961694480129095,5.950227737737887,3.9842614021524296,3.994705623008286,3.983780656960465,3.996653289178594,4.007097510034451,3.996212158859215,1.9474875329867267,1.6416881019852148,39,0.03474903474903475,49,0.03571428571428571,22,0.28474903474903474
A2-B0-C2-batch4-r51_I,B_IC_k1,rho < 1x mediana de rho(t=0) de la propia corrida,1015,9541.0,5.91300611738102,5.957779411753436,5.9120668414111694,5.886162323926216,5.930935618298633,5.884822882950934,3.8982897165346273,3.908950024718536,3.8980426153334515,3.914975613773718,3.925635921957627,3.914616700704984,2.425446429883596,1.7050334474683304,43,0.0374384236453202,34,0.05714285714285714,19,0.6650246305418719
A2-B0-C2-batch4-r57_I,B_IC_k1,rho < 1x mediana de rho(t=0) de la propia corrida,1045,9823.0,5.950989153949726,5.994477090588963,5.948185066333963,5.952084236611068,5.995572173250305,5.94948037182323,3.9915126316249294,4.001866902253319,3.990959109412151,3.9906476433335865,4.001001913961976,3.990107160652382,1.915281161999804,1.6063021502471309,32,0.02200956937799043,51,0.024880382775119617,10,0.5885167464114832
A2-B0-C2-batch4-r62_III,B_IC_k1,rho < 1x mediana de rho(t=0) de la propia corrida,1065,10011.0,5.933831928814193,5.976503190586965,5.9305043106252215,5.928572808720351,5.971244070493123,5.92583785100814,3.9862883636322053,3.996448187863818,3.9855643688574043,3.984186689329539,3.9943465135611516,3.9834956658719,1.932531073663906,1.58870876110949,36,0.0215962441314554,51,0.02629107981220657,18,0.5784037558685446
A2-B0-C2-batch4-r70_I,B_IC_k1,rho < 1x mediana de rho(t=0) de la propia corrida,1037,9747.800000000001,5.946245046943317,5.990068473932712,5.944417818164571,5.944445720339546,5.988269147328941,5.942043006212163,3.989185723397026,3.9996198726802152,3.9885510904934955,3.9958808278387785,4.006314977121968,3.995425152091429,1.9321044210758695,1.5681242006816476,36,0.020250723240115717,47,0.03664416586306654,16,0.25168756027000966
A2-B0-C2-batch4-r72_III,B_IC_k1,rho < 1x mediana de rho(t=0) de la propia corrida,1047,9841.800000000001,5.941193651989046,5.984598517116078,5.9390088669068986,5.937601829203893,5.981006694330925,5.935070198566566,3.9920486451392003,4.002383136836112,3.9913070501465984,3.9889749693035776,3.99930946100049,3.9882727736122194,1.896112949950712,1.6169920816473042,35,0.027698185291308502,42,0.04011461318051576,16,0.3543457497612225
A2-B0-C2-batch4-r94_III,B_IC_k1,rho < 1x mediana de rho(t=0) de la propia corrida,1047,9841.800000000001,5.947109241276224,5.990514106403256,5.9447307077608675,5.9517964343659955,5.9952012994930275,5.949180567831722,3.971273561048199,3.9816080527451114,3.9708297274808593,3.9740397504943825,3.984374242191295,3.9731638647703256,1.7577467848821406,1.5179194261454403,28,0.02005730659025788,43,0.029608404966571154,9,0.7430754536771729
A2-B0-C2-batch4-r9_III,B_IC_k1,rho < 1x mediana de rho(t=0) de la propia corrida,1044,9813.6,5.931467419257663,5.974997011008623,5.929327246743534,5.942106725067065,5.985636316818025,5.940043520706431,3.9701795002706395,3.980543688782773,3.9693753624339974,3.9832994925401746,3.993663681052308,3.9826521847206897,1.7184449400509452,1.4763042840156895,28,0.013409961685823755,52,0.018199233716475097,12,0.7471264367816092
A2-B0-C2-r12_I,B_IC_k1,rho < 1x mediana de rho(t=0) de la propia corrida,1037,9747.800000000001,5.942065379696191,5.985888806685586,5.9399894268489275,5.940759167610365,5.984582594599759,5.9387086327081,3.974844732742394,3.9852788820255833,3.9744678953451857,3.979500025425779,3.9899341747089685,3.9788267273391438,1.7301421891809476,1.5558657348303964,21,0.01446480231436837,49,0.017357762777242044,14,0.6142719382835101
A2-B0-C2-r12v1fix_I,B_IC_k1,rho < 1x mediana de rho(t=0) de la propia corrida,990,9306.0,5.949425673912248,5.995329607031443,5.949425673912248,5.966682069980685,6.012586003099879,5.966682069980685,3.949364795940573,3.9602943038260956,3.949364795940573,3.965036008855485,3.9759655167410073,3.965036008855485,1.6559953262253309,1.4812203303909612,0,0.00404040404040404,26,0.015151515151515152,15,0.39494949494949494
A2-B0-C2-r14_III,B_IC_k1,rho < 1x mediana de rho(t=0) de la propia corrida,1076,10114.4,5.954579963849612,5.996814995251102,5.95105318376836,5.956964658398157,5.999199689799646,5.953425485202693,3.9915674686158455,4.001623428473343,3.9905676573535764,3.9949190735927775,4.004975033450275,3.9939622451297923,1.896219421899772,1.5754694015515769,33,0.024163568773234202,48,0.02509293680297398,18,0.2862453531598513
A2-B0-C2-r17_III,B_IC_k1,rho < 1x mediana de rho(t=0) de la propia corrida,1050,9870.0,5.9368690580492425,5.980149909275911,5.933943783302148,5.935629345816064,5.978910197042733,5.932906354438388,3.989644272178019,3.999949236755797,3.989026502925118,3.9863161968440948,3.996621161421873,3.9858560903899907,1.862716528540595,1.5848901958091095,28,0.039047619047619046,38,0.05523809523809524,19,0.29714285714285715
A2-B0-C2-r19_III,B_IC_k1,rho < 1x mediana de rho(t=0) de la propia corrida,1031,9691.4,5.94409076315068,5.988169224632738,5.942402551021859,5.965624921170624,6.009703382652683,5.963705230641388,3.9867674138569305,3.997262285638373,3.986391922204106,3.9838011361812677,3.9942960079627103,3.983300707089133,1.777906231727871,1.5302355975555078,21,0.016488845780795344,39,0.03685741998060136,19,0.489815712900097
A2-B0-C2-r1_I,B_IC_k1,rho < 1x mediana de rho(t=0) de la propia corrida,1028,9663.2,5.945708534583847,5.989915629708363,5.943803958689569,5.94959910931239,5.993806204436906,5.947701132625145,3.963925498513584,3.974450997352754,3.9632987519288,3.980847910030852,3.991373408870022,3.9802737293825636,1.705056848409562,1.4993097551089227,10,0.008754863813229572,33,0.01556420233463035,12,0.754863813229572
A2-B0-C2-r20_III,B_IC_k1,rho < 1x mediana de rho(t=0) de la propia corrida,1044,9813.6,5.942941141273884,5.986470733024844,5.940593754657393,5.940766414989977,5.984296006740936,5.9383615310900355,3.9896203929577347,3.9999845814698682,3.9889952378689766,3.987119545672495,3.9974837341846285,3.9865471743429945,1.7631443566925207,1.5117849867319073,23,0.018199233716475097,48,0.0210727969348659,13,0.36302681992337166
A2-B0-C2-r28_III,B_IC_k1,rho < 1x mediana de rho(t=0) de la propia corrida,1045,9823.0,5.934818903113368,5.978306839752605,5.932553209041511,5.9441362264472275,5.987624163086465,5.941747589988734,3.9643628563809483,3.974717127009338,3.9637492756581287,3.9756070451714907,3.9859613157998806,3.974991132686982,1.6775665797027166,1.490380622738897,13,0.015311004784688996,28,0.022966507177033493,12,0.6105263157894737
A2-B0-C2-r2_I,B_IC_k1,rho < 1x mediana de rho(t=0) de la propia corrida,1023,9616.2,5.93274007065148,5.977163231734571,5.931118731181304,5.953688250048476,5.998111411131567,5.952297538420542,3.9620113395274474,3.972588282642469,3.961721048468066,3.9912249568715916,4.001801899986614,3.9908504041100685,1.6619323069864824,1.4207684933947222,13,0.015640273704789834,38,0.016617790811339198,10,0.4066471163245357
A2-B0-C2-r2v1fix_III,B_IC_k1,rho < 1x mediana de rho(t=0) de la propia corrida,1056,9926.4,5.936047712734309,5.979082650033554,5.93304673485594,5.932275914058084,5.975310851357329,5.929293785674453,3.985627043960399,3.9958734576030763,3.9851215463565137,3.983992177948131,3.9942385915908085,3.9832772112718366,2.0322700027833562,1.6150395452457245,36,0.032196969696969696,41,0.04071969696969697,18,0.3939393939393939
A2-B0-C2-r39_III,B_IC_k1,rho < 1x mediana de rho(t=0) de la propia corrida,1042,9794.800000000001,5.951478993469228,5.9950921353003235,5.949160165483352,5.957993172176748,6.0016063140078435,5.955472154678676,3.968489453748761,3.9788735351371174,3.96790277762869,3.977780488766769,3.988164570155125,3.977129717830219,1.6982140212358146,1.5200800552217264,14,0.015355086372360844,43,0.019193857965451054,9,0.7783109404990403
A2-B0-C2-r6_I,B_IC_k1,rho < 1x mediana de rho(t=0) de la propia corrida,1058,9945.2,5.951168807566249,5.994122393377216,5.948173688679024,5.952801997871945,5.995755583682912,5.9500861489746715,3.9937175858903613,4.003944630131068,3.993085037310642,3.9894564594280366,3.999683503668743,3.988640841428743,1.886529200523646,1.5453441319275667,34,0.017958412098298678,50,0.01984877126654064,14,0.6862003780718336
A2-B0-C2-r9_I,B_IC_k1,rho < 1x mediana de rho(t=0) de la propia corrida,1053,9898.2,5.931830685465609,5.974988229423826,5.928850970864627,5.9456923472406356,5.988849891198853,5.943107365788659,3.9767500383192664,3.987025644023604,3.9761580945908754,3.980345455523495,3.9906210612278326,3.9796531161249113,1.7483835746055654,1.5251375645207739,18,0.012345679012345678,46,0.013295346628679962,22,0.4700854700854701
A2-B0-C2-r9v2fix_I,B_IC_k1,rho < 1x mediana de rho(t=0) de la propia corrida,1028,9663.2,5.948546916263375,5.99275401138789,5.946875597793738,5.961390244881665,6.00559734000618,5.959517129765979,3.9689346171002056,3.979460115939376,3.968379869951013,3.9830058417852694,3.9935313406244397,3.982316362680678,1.671820924131892,1.4664017970277943,10,0.006809338521400778,41,0.013618677042801557,15,0.2607003891050584
A2-B0-C2-batch3-r0_III,B_IC_k3,rho < 3x mediana de rho(t=0) de la propia corrida,1487,13977.800000000001,5.911226820111635,5.9417882819731025,5.903896183252423,5.816343096759672,5.84690455862114,5.807774471385204,3.949807455542195,3.9570839940806395,3.9479508096110925,3.855166504639146,3.8624430431775907,3.8545896979075334,3.06443474061248,1.8592684402901256,95,0.016812373907195696,51,0.04438466711499664,9,0.29858776059179554
A2-B0-C2-batch3-r100_I,B_IC_k3,rho < 3x mediana de rho(t=0) de la propia corrida,1459,13714.6,5.9162583551941355,5.947406329003596,5.909656421985513,5.7879764610707465,5.819124434880207,5.781013648064821,3.945955034655081,3.9533712188954286,3.9435803501324496,3.866223139420412,3.8736393236607594,3.864544113531654,2.9778925581717646,1.75002770578385,95,0.0205620287868403,54,0.04455106237148732,14,0.1041809458533242
A2-B0-C2-batch3-r104_I,B_IC_k3,rho < 3x mediana de rho(t=0) de la propia corrida,1557,14635.800000000001,5.958163815961898,5.987351287887397,5.949283204927031,5.954815643183739,5.984003115109238,5.946321691278111,3.993746556349601,4.0006959544271,3.9918484895060438,3.9956450346408054,4.002594432718305,3.993644509414315,2.3061660506279957,1.729327291376414,64,0.015414258188824663,57,0.038535645472061654,22,0.07385998715478484
A2-B0-C2-batch3-r107_I,B_IC_k3,rho < 3x mediana de rho(t=0) de la propia corrida,1586,14908.400000000001,5.941301138931928,5.969954918117302,5.931984366109764,5.943878172712124,5.972531951897498,5.934714978001961,3.9945895803684355,4.001411908745905,3.992545524507618,3.9902270851690465,3.997049413546516,3.987881383746656,2.3885345303822496,1.7022053489272189,71,0.01197982345523329,58,0.038461538461538464,21,0.08133669609079446
A2-B0-C2-batch3-r108_III,B_IC_k3,rho < 3x mediana de rho(t=0) de la propia corrida,1579,14842.6,5.952468831602136,5.981249638307648,5.943511001921909,5.947600514566422,5.9763813212719334,5.938372756922735,3.987053596966316,3.9939061699914378,3.9851334791836437,3.991135005720518,3.99798757874564,3.9889822699009607,2.3492854846608413,1.7179375177476592,76,0.013299556681443952,60,0.032932235592146926,19,0.10956301456618113
A2-B0-C2-batch3-r10_III,B_IC_k3,rho < 3x mediana de rho(t=0) de la propia corrida,1534,14419.6,5.936131679878143,5.965756773612173,5.92760073725106,5.938026662289948,5.967651756023979,5.929683292539868,3.9915071165996285,3.998560710345826,3.989657134195344,3.9785345861653227,3.9855881799115203,3.9763050637326502,2.499469733546172,1.7555566419882194,71,0.013689700130378096,53,0.0469361147327249,24,0.06323337679269883
A2-B0-C2-batch3-r111_III,B_IC_k3,rho < 3x mediana de rho(t=0) de la propia corrida,1560,14664.0,5.942645841016082,5.9717771831878785,5.9341028980597095,5.933675235826494,5.962806577998291,5.924591287758829,3.984944620603773,3.9918806544542007,3.9831322776186933,3.977349079446501,3.984285113296929,3.9752205216634304,2.4838334584403943,1.7768581013771012,83,0.015384615384615385,55,0.03653846153846154,18,0.08333333333333333
A2-B0-C2-batch3-r112_I,B_IC_k3,rho < 3x mediana de rho(t=0) de la propia corrida,1605,15087.0,5.941489356744967,5.969803932313815,5.931255274225983,5.942893116701683,5.971207692270531,5.933534085648265,3.994834036478611,4.0015756020902415,3.9926790203534073,3.9932956238146975,4.000037189426328,3.9909008076926216,2.298332589895073,1.7473260833973288,71,0.014330218068535825,48,0.040498442367601244,17,0.10903426791277258
A2-B0-C2-batch3-r114_III,B_IC_k3,rho < 3x mediana de rho(t=0) de la propia corrida,1532,14400.800000000001,5.944519695977764,5.974183464768888,5.936692125081482,5.944903132175404,5.974566900966528,5.936471344942265,3.9729409183193076,3.9800037204124323,3.971220552290274,3.967962053665162,3.975024855758287,3.9662085130858378,2.0757393275044715,1.6305572093738987,29,0.006527415143603133,51,0.013054830287206266,39,0.041122715404699736
A2-B0-C2-batch3-r120_I,B_IC_k3,rho < 3x mediana de rho(t=0) de la propia corrida,1561,14673.400000000001,5.952319345245517,5.981432025442827,5.94356139918565,5.95350753906259,5.982620219259901,5.944996091255063,3.9904731966244413,3.9974047871476106,3.988216465651028,3.9939498650184144,4.000881455541584,3.9919403008380847,2.3649970189893894,1.7697057188458567,64,0.010249839846252402,61,0.037155669442664956,24,0.08968609865470852
A2-B0-C2-batch3-r12_III,B_IC_k3,rho < 3x mediana de rho(t=0) de la propia corrida,1569,14748.6,5.928116397472202,5.957080638254868,5.919073893631494,5.929318499916199,5.958282740698865,5.9211576022179875,3.983452545318734,3.9903487931241304,3.9815181814181257,3.9879613829151235,3.99485763072052,3.985887162681142,2.383756129366126,1.770908276221151,73,0.0165710643722116,53,0.04525175270873168,20,0.08859145952836202
A2-B0-C2-batch3-r143_I,B_IC_k3,rho < 3x mediana de rho(t=0) de la propia corrida,1566,14720.400000000001,5.958586799457992,5.987606527291965,5.9499325887462,5.938660981945324,5.967680709779297,5.928622892792572,3.9928558875075857,3.9997653465156744,3.9910178231836966,3.9730915652126138,3.9800010242207025,3.9709279213931254,2.4676033595579203,1.7010051845615628,63,0.012132822477650063,53,0.02490421455938697,15,0.09067688378033206
A2-B0-C2-batch3-r1_I,B_IC_k3,rho < 3x mediana de rho(t=0) de la propia corrida,1500,14100.0,5.9633598825039735,5.993656478362642,5.955801435040264,5.949789789793854,5.980086385652522,5.942161308297903,3.968674645992803,3.9758881211972477,3.966830408634568,3.9552002638168533,3.962413739021298,3.952852959339158,1.950970881416178,1.6285796859355819,20,0.006,51,0.015333333333333332,40,0.034
A2-B0-C2-batch3-r21_III,B_IC_k3,rho < 3x mediana de rho(t=0) de la propia corrida,1591,14955.400000000001,5.939876427319664,5.968440156916146,5.9307488881260255,5.93769831465792,5.966262044254402,5.928228958934902,3.9924961006807687,3.999296988679931,3.9903708024059923,3.993759454844283,4.000560342843445,3.9917296003454794,2.2604152315274306,1.7249337230747748,76,0.01005656819610308,63,0.023884349465744813,22,0.05405405405405406
A2-B0-C2-batch3-r23_III,B_IC_k3,rho < 3x mediana de rho(t=0) de la propia corrida,1560,14664.0,5.949038770586267,5.978170112758063,5.939883566813181,5.948126188367331,5.977257530539127,5.938814707849275,3.985039908610535,3.9919759424609627,3.9830988773771487,3.9767177397188345,3.9836537735692623,3.9746599837300045,2.3751197058998015,1.717368666508552,66,0.01858974358974359,58,0.03974358974358974,22,0.11153846153846154
A2-B0-C2-batch3-r25_III,B_IC_k3,rho < 3x mediana de rho(t=0) de la propia corrida,1537,14447.800000000001,5.9186592381747944,5.948226508043371,5.911461093018745,5.907024107008814,5.936591376877391,5.899412385380599,3.9901524081987505,3.9971922343579354,3.9880729915791706,3.959989223389293,3.967029049548478,3.9579730948576195,2.5573653121132076,1.69313775461541,73,0.01236174365647365,59,0.026675341574495772,23,0.06636304489264802
A2-B0-C2-batch3-r26_III,B_IC_k3,rho < 3x mediana de rho(t=0) de la propia corrida,1595,14993.0,5.955471327746837,5.983963424165648,5.945902264139789,5.945943172024679,5.974435268443489,5.936331903379234,3.990927979318809,3.997711811799478,3.989032697801699,3.9899455642027557,3.996729396683425,3.9877045845040304,2.4516449405272422,1.783415257958335,76,0.016300940438871474,58,0.03260188087774295,20,0.10532915360501567
A2-B0-C2-batch3-r31_III,B_IC_k3,rho < 3x mediana de rho(t=0) de la propia corrida,1573,14786.2,5.9440392797551045,5.972929867032919,5.935927443790893,5.951495025072492,5.9803856123503065,5.942777240846153,3.9843206152188535,3.991199326475476,3.981935846825233,3.9845765030687033,3.9914552143253257,3.9824881865049466,2.3737753113424502,1.78483332921143,70,0.012078830260648443,58,0.029879211697393517,17,0.2193261284170375
A2-B0-C2-batch3-r35_I,B_IC_k3,rho < 3x mediana de rho(t=0) de la propia corrida,1586,14908.400000000001,5.916169077022171,5.944822856207544,5.907875711972784,5.918157690153166,5.946811469338539,5.908995419115538,3.994155339084141,4.000977667461611,3.992155405718645,3.992183467706506,3.9990057960839756,3.9899098299573943,2.3980187618882427,1.7272204605985881,63,0.014501891551071878,53,0.03467843631778058,18,0.15952080706179067
A2-B0-C2-batch3-r44_I,B_IC_k3,rho < 3x mediana de rho(t=0) de la propia corrida,1575,14805.0,5.940395743798656,5.969249644616435,5.93129091304961,5.926180435632136,5.955034336449915,5.917092509148206,3.9921235185568515,3.998993494942037,3.9896967324190795,3.9757457520067634,3.982615728391949,3.9737849505176954,2.4899888850280916,1.6921272545010024,76,0.014603174603174604,58,0.0380952380952381,15,0.2234920634920635
A2-B0-C2-batch3-r48_I,B_IC_k3,rho < 3x mediana de rho(t=0) de la propia corrida,1607,15105.800000000001,5.948622352915368,5.976901689435594,5.9390300745134645,5.938651320119388,5.966930656639613,5.928838364553451,3.9927288454268552,3.9994620207888136,3.990478722364447,3.987686626127477,3.9944198014894354,3.985463050666345,2.3983336006531433,1.759229321782544,84,0.01804604853764779,56,0.042314872433105166,12,0.17672682016179217
A2-B0-C2-batch3-r50_I,B_IC_k3,rho < 3x mediana de rho(t=0) de la propia corrida,1554,14607.6,5.934283660314672,5.96352747871107,5.926105982298171,5.937213244109763,5.966457062506161,5.928774694961804,3.989884492850597,3.9968473067545016,3.987888786598895,3.9958653979774583,4.002828211881362,3.993735436376431,2.361029305294638,1.7698993068884223,69,0.014157014157014158,63,0.023166023166023165,22,0.13320463320463322
A2-B0-C2-batch3-r53_I,B_IC_k3,rho < 3x mediana de rho(t=0) de la propia corrida,1573,14786.2,5.9466408890509115,5.975531476328726,5.938134426479464,5.932921809443057,5.961812396720871,5.92510798536286,3.9937194521719825,4.000598163428605,3.9917342803181306,3.9813580369113595,3.988236748167982,3.979155304434015,2.539616371318727,1.7751089304946512,80,0.01144310235219326,56,0.04767959313413859,19,0.12396694214876033
A2-B0-C2-batch3-r58_III,B_IC_k3,rho < 3x mediana de rho(t=0) de la propia corrida,1580,14852.0,5.930554962853524,5.959317553858589,5.920774292168631,5.926541881451028,5.955304472456093,5.918206434098472,3.9873889211335074,3.994237157087094,3.9852782175298365,3.9890418069618434,3.99589004291543,3.986504104742184,2.465549349543123,1.772108117345709,77,0.013291139240506329,61,0.025949367088607594,21,0.10822784810126582
A2-B0-C2-batch3-r59_I,B_IC_k3,rho < 3x mediana de rho(t=0) de la propia corrida,1556,14626.400000000001,5.939135497018386,5.968341726959261,5.930674190131454,5.941177946178235,5.9703841761191105,5.931740764723981,3.992366296265273,3.99932016053691,3.990154384741077,3.9894994844261937,3.996453348697831,3.987371038366222,2.4303608504227108,1.7222487941171454,77,0.017352185089974295,61,0.04434447300771208,21,0.06940874035989718
A2-B0-C2-batch3-r5_I,B_IC_k3,rho < 3x mediana de rho(t=0) de la propia corrida,1505,14147.0,5.954320763824658,5.984516706540939,5.946414692648225,5.931074075073319,5.9612700177896,5.923900754509686,3.9561362831052174,3.9633257932757604,3.954997573368163,3.939623240831956,3.946812751002499,3.9377963968675367,1.9008595443168528,1.6252699326064237,20,0.004651162790697674,46,0.015282392026578074,35,0.03322259136212625
A2-B0-C2-batch3-r60_III,B_IC_k3,rho < 3x mediana de rho(t=0) de la propia corrida,1548,14551.2,5.932455598290815,5.961812764820532,5.92409354282501,5.881905906700137,5.911263073229854,5.873495962603731,3.9867301229152075,3.993719924469902,3.984276174473081,3.9423497796331652,3.9493395811878598,3.9403422196890676,2.7050708132313424,1.7547011063858493,74,0.010981912144702842,58,0.03940568475452196,15,0.10077519379844961
A2-B0-C2-batch3-r69_III,B_IC_k3,rho < 3x mediana de rho(t=0) de la propia corrida,1589,14936.6,5.955309394139842,5.983909075567157,5.947022714670072,5.948291613775552,5.976891295202867,5.939402773795848,3.9834033302889766,3.990212778247861,3.9813039805391424,3.976804158128102,3.9836136060869864,3.9748026665957967,2.037242904401812,1.6425904785652503,53,0.01195720578980491,59,0.01825047199496539,24,0.08873505349276274
A2-B0-C2-batch3-r70_III,B_IC_k3,rho < 3x mediana de rho(t=0) de la propia corrida,1555,14617.0,5.945125839660755,5.974350851743072,5.9365326605771305,5.946167933687359,5.975392945769676,5.937451758144574,3.9913508732974377,3.998309209507513,3.989447057726353,3.9919252059889567,3.998883542199032,3.9897774494147398,2.359014041270011,1.7633794392707933,68,0.00964630225080386,65,0.026366559485530548,31,0.06173633440514469
A2-B0-C2-batch3-r71_III,B_IC_k3,rho < 3x mediana de rho(t=0) de la propia corrida,1506,14156.4,5.933799229064825,5.963975121354336,5.926349050832767,5.910227259934657,5.940403152224167,5.901731173221262,3.974307067169918,3.9814918034293254,3.972636368653951,3.9655669496227497,3.972751685882157,3.963708540027899,2.593288876282961,1.7546339941345415,73,0.013280212483399735,59,0.027888446215139442,21,0.07636122177954847
A2-B0-C2-batch3-r76_I,B_IC_k3,rho < 3x mediana de rho(t=0) de la propia corrida,1599,15030.6,5.943924785600731,5.972345607231752,5.934687152593512,5.938006285688884,5.966427107319904,5.928868846889211,3.9900796750652017,3.996846537358302,3.9879372887585522,3.975023037111599,3.981789899404699,3.9725327745812264,2.5306452243815065,1.7983609583626214,79,0.009380863039399626,61,0.03377110694183865,14,0.22388993120700437
A2-B0-C2-batch3-r83_III,B_IC_k3,rho < 3x mediana de rho(t=0) de la propia corrida,1600,15040.0,5.944612611962611,5.973015670580112,5.934870626324689,5.947512642923048,5.975915701540549,5.937290238441659,3.9951970656853204,4.001959698689487,3.9931749205699822,3.991484190141674,3.9982468231458412,3.9893087956878985,2.179306386186721,1.6839451842275275,67,0.01125,57,0.0275,22,0.09
A2-B0-C2-batch3-r86_I,B_IC_k3,rho < 3x mediana de rho(t=0) de la propia corrida,1560,14664.0,5.952883411261007,5.982014753432804,5.9437227858518975,5.9538115317453855,5.982942873917182,5.945056122474333,3.9928761695099957,3.9998122033604235,3.99114873213295,3.9936493892624423,4.00058542311287,3.9917314009668146,2.20332569608127,1.69463946370443,61,0.008974358974358974,64,0.021794871794871794,29,0.04935897435897436
A2-B0-C2-batch3-r9_I,B_IC_k3,rho < 3x mediana de rho(t=0) de la propia corrida,1537,14447.800000000001,5.942851847321069,5.972419117189646,5.934226849366273,5.934208838528186,5.963776108396763,5.9264651241802015,3.9627812751768436,3.9698211013360285,3.9611244017327265,3.9532427383028677,3.9602825644620525,3.9509961153821127,1.905611782296073,1.629368111052791,23,0.004554326610279766,51,0.01236174365647365,35,0.03057905009759271
A2-B0-C2-batch4-r0_III,B_IC_k3,rho < 3x mediana de rho(t=0) de la propia corrida,1509,14184.6,5.9577151752997395,5.987831075755672,5.950284381230567,5.9445494810477255,5.974665381503658,5.937019254035179,3.9775617814289292,3.9847322339184372,3.9759986517487973,3.9627941418372483,3.9699645943267563,3.960864191608209,1.9904644520410133,1.661046015119502,26,0.008614976805831677,59,0.01126573889993373,37,0.04108681245858184
A2-B0-C2-batch4-r10_III,B_IC_k3,rho < 3x mediana de rho(t=0) de la propia corrida,1539,14466.6,5.950338806765246,5.979867652631395,5.941758393061857,5.941803432867608,5.971332278733756,5.933742334388682,3.983039068745113,3.990069746332291,3.9812866371323765,3.9707661349649346,3.977796812552113,3.969070788732901,2.5463132556115973,1.7738050135730754,78,0.01364522417153996,57,0.057829759584145546,10,0.16114359974009096
A2-B0-C2-batch4-r11_I,B_IC_k3,rho < 3x mediana de rho(t=0) de la propia corrida,1542,14494.800000000001,5.954286456702583,5.983757853452261,5.94640458938694,5.954214352519751,5.983685749269428,5.946054339236642,3.9691738589169967,3.9761908581431102,3.9675273601290666,3.960064018393174,3.9670810176192877,3.9582114425402812,1.9761199360280386,1.659428655306154,25,0.00648508430609598,50,0.01297016861219196,38,0.04345006485084306
A2-B0-C2-batch4-r12_III,B_IC_k3,rho < 3x mediana de rho(t=0) de la propia corrida,1589,14936.6,5.945936534171871,5.974536215599185,5.936638014368623,5.949437651735927,5.9780373331632415,5.940007312464202,3.9920942271884137,3.998903675147298,3.99014239309155,3.993608096333891,4.000417544292776,3.9912620296890045,2.360570912728211,1.7365451759406558,75,0.013215859030837005,59,0.048458149779735685,19,0.10761485210824417
A2-B0-C2-batch4-r13_I,B_IC_k3,rho < 3x mediana de rho(t=0) de la propia corrida,1508,14175.2,5.958404289990748,5.988540161202951,5.950736464465305,5.939514358011935,5.969650229224138,5.9312859747438065,3.965601337412091,3.972776544843568,3.9637614351673,3.9434700533249525,3.9506452607564295,3.941628458124185,1.9712709259924717,1.6535403463921305,17,0.004641909814323607,49,0.009946949602122016,44,0.03647214854111406
A2-B0-C2-batch4-r15_I,B_IC_k3,rho < 3x mediana de rho(t=0) de la propia corrida,1601,15049.400000000001,5.943003446547874,5.9713887643417545,5.9340575870450945,5.934568934709073,5.9629542525029535,5.925278570171103,3.9877228253132477,3.994481234311791,3.985406779744334,3.9911063991424625,3.9978648081410055,3.9886413754863117,2.449853384810655,1.7805222010537263,73,0.014990630855715179,51,0.0637101811367895,9,0.20549656464709556
A2-B0-C2-batch4-r18_I,B_IC_k3,rho < 3x mediana de rho(t=0) de la propia corrida,1557,14635.800000000001,5.957016996966686,5.986204468892185,5.947643604601149,5.953674897118618,5.982862369044117,5.944781779294864,3.969704395615601,3.976653793693101,3.967508552521508,3.953927110828425,3.960876508905925,3.9520853997359136,1.9825805350819818,1.6517793101293898,25,0.005780346820809248,57,0.01605651894669236,30,0.04945407835581246
A2-B0-C2-batch4-r19_III,B_IC_k3,rho < 3x mediana de rho(t=0) de la propia corrida,1583,14880.2,5.957151833098823,5.985859915087454,5.947632104352181,5.95521864207571,5.983926724064341,5.946268301125559,3.9896690291732524,3.9965042867895932,3.9872935561172294,3.98910636100822,3.9959416186245607,3.9873975920455065,2.252528539170697,1.7605174604927498,68,0.009475679090334808,67,0.03474415666456096,19,0.07012002526847758
A2-B0-C2-batch4-r1_III,B_IC_k3,rho < 3x mediana de rho(t=0) de la propia corrida,1543,14504.2,5.9316559289605735,5.961108225647548,5.923853377254985,5.930465367805766,5.959917664492741,5.921959891818111,3.9889117460610475,3.9959241976531845,3.98687176250568,3.9886969571901942,3.9957094087823313,3.98683715796294,2.3578430075324475,1.7376456452227105,70,0.01101749837977965,54,0.02462734931950745,22,0.17239144523655217
A2-B0-C2-batch4-r23_I,B_IC_k3,rho < 3x mediana de rho(t=0) de la propia corrida,1577,14823.800000000001,5.9235862995019355,5.952403606913478,5.913829124892353,5.9171031598174455,5.945920467228988,5.907559306532921,3.9934005594375854,4.000261823107,3.991347339957723,3.987456934404637,3.994318198074052,3.985584792849608,2.365722932926131,1.7229711361676372,62,0.009511731135066582,53,0.027901077996195307,26,0.07102092580849714
A2-B0-C2-batch4-r26_III,B_IC_k3,rho < 3x mediana de rho(t=0) de la propia corrida,1571,14767.400000000001,5.95422426167347,5.983151628820512,5.94555746353806,5.961378332068245,5.990305699215287,5.952444366306961,3.9898665683593073,3.9967540367276504,3.9874776934734437,3.994047451757114,4.000934920125458,3.9918317607779947,2.3349579953681285,1.754334236977538,75,0.008911521323997454,59,0.041374920432845325,16,0.10184595798854233
A2-B0-C2-batch4-r28_III,B_IC_k3,rho < 3x mediana de rho(t=0) de la propia corrida,1568,14739.2,5.939865403049753,5.968848115924755,5.931318950448375,5.940547379475847,5.9695300923508485,5.932189090172304,3.990322635395961,3.9972232813185804,3.9884714038212667,3.9911204164019987,3.998021062324618,3.9891229527746157,2.2896770061621985,1.6997425306235945,76,0.01211734693877551,56,0.03635204081632653,20,0.13966836734693877
A2-B0-C2-batch4-r31_I,B_IC_k3,rho < 3x mediana de rho(t=0) de la propia corrida,1588,14927.2,5.947092496012191,5.975710187314459,5.9376112734923865,5.9459886212868955,5.974606312589164,5.936228975664026,3.985019574662916,3.9918333106872654,3.982907887136881,3.9928005495519057,3.9996142855762553,3.9904743779820033,2.359976344142604,1.7492302107557487,73,0.011964735516372796,59,0.039672544080604534,18,0.17380352644836272
A2-B0-C2-batch4-r36_III,B_IC_k3,rho < 3x mediana de rho(t=0) de la propia corrida,1509,14184.6,5.906220915219708,5.936336815675641,5.898334012627056,5.821034575065185,5.851150475521117,5.8133178492622335,3.952149569996124,3.959320022485632,3.949589748872867,3.875635405443279,3.882805857932787,3.8738886305250584,3.0404620066662336,1.8836856363431824,88,0.028495692511597084,46,0.05964214711729622,6,0.314777998674619
A2-B0-C2-batch4-r38_I,B_IC_k3,rho < 3x mediana de rho(t=0) de la propia corrida,1640,15416.0,5.950807109751752,5.978517410841997,5.9405692832247885,5.950681727288128,5.978392028378373,5.941367494374905,3.9895237238941976,3.9961214146299704,3.987225619915914,3.9906154561220917,3.9972131468578644,3.9883441710841594,2.4197754225753085,1.7504734829974324,80,0.011585365853658536,58,0.048170731707317074,8,0.2847560975609756
A2-B0-C2-batch4-r39_I,B_IC_k3,rho < 3x mediana de rho(t=0) de la propia corrida,1584,14889.6,5.95145182310072,5.980141781300216,5.943148616237105,5.933574584590351,5.962264542789848,5.924241198483987,3.9886323071112426,3.9954632495396942,3.9864867685030423,3.9908082326831233,3.997639175111575,3.988737971859883,2.4316963196287067,1.7335814512779062,77,0.015151515151515152,58,0.03535353535353535,20,0.07007575757575757
A2-B0-C2-batch4-r3_I,B_IC_k3,rho < 3x mediana de rho(t=0) de la propia corrida,1534,14419.6,5.949694427852981,5.979319521587011,5.941663547079884,5.9413620031087415,5.970987096842772,5.933173519092127,3.9532804406623887,3.9603340344085862,3.951579683366557,3.9443520536631835,3.951405647409381,3.942710030552996,1.9091399869210681,1.6327590801573983,17,0.00651890482398957,44,0.01499348109517601,42,0.02803129074315515
A2-B0-C2-batch4-r41_I,B_IC_k3,rho < 3x mediana de rho(t=0) de la propia corrida,1603,15068.2,5.948804775548469,5.977154678098689,5.939396147314325,5.941291274349734,5.9696411768999535,5.932138664109232,3.9912291490504423,3.9979791258481137,3.989323580542947,3.982262516753554,3.9890124935512254,3.980279251395365,2.421448672627295,1.756994250568485,83,0.013100436681222707,62,0.023705552089831567,23,0.08983156581409857
A2-B0-C2-batch4-r43_III,B_IC_k3,rho < 3x mediana de rho(t=0) de la propia corrida,1585,14899.0,5.948648099067354,5.97731995634685,5.940291147324879,5.945053999942328,5.973725857221824,5.935546067028659,3.994755841492747,4.001582474178342,3.9926938237081693,3.9928789086978176,3.999705541383412,3.990406146644365,2.297119198049035,1.729267646399841,76,0.012618296529968454,56,0.03406940063091483,17,0.15962145110410095
A2-B0-C2-batch4-r44_I,B_IC_k3,rho < 3x mediana de rho(t=0) de la propia corrida,1640,15416.0,5.930832859581477,5.958543160671722,5.920882263501816,5.922730348769605,5.95044064985985,5.912681522398298,3.9884540541731717,3.9950517449089444,3.9861337787776705,3.9736069349131578,3.9802046256489305,3.971188841760083,2.456928890857273,1.7261403577282284,81,0.01402439024390244,47,0.0475609756097561,10,0.21829268292682927
A2-B0-C2-batch4-r47_III,B_IC_k3,rho < 3x mediana de rho(t=0) de la propia corrida,1629,15312.6,5.9491047054389385,5.977002123356681,5.939297862027758,5.940942085485033,5.9688395034027755,5.930482735228014,3.993437954936812,4.000080197298179,3.9914614250938625,3.990293257837339,3.996935500198706,3.987916498934881,2.3808591703696727,1.7528417917164087,71,0.014732965009208104,58,0.047268262737875995,20,0.11847759361571517
A2-B0-C2-batch4-r51_I,B_IC_k3,rho < 3x mediana de rho(t=0) de la propia corrida,1514,14231.6,5.909874557895618,5.9398910002919205,5.901770985792784,5.81516593509787,5.845182377494172,5.80754147589721,3.923617057447255,3.930763829446375,3.922197475252075,3.8929391618231675,3.9000859338222873,3.891149477835859,3.0950163315388566,1.8967114492520158,87,0.0178335535006605,50,0.052840158520475564,5,0.35468956406869223
A2-B0-C2-batch4-r57_I,B_IC_k3,rho < 3x mediana de rho(t=0) de la propia corrida,1590,14946.0,5.953239093333155,5.981820787539446,5.943696648579008,5.9448022494105555,5.973383943616846,5.936263367815403,3.9951413670397944,4.001946532327007,3.9930579462074736,3.9917292125485493,3.9985343778357616,3.989348804601138,2.332068100864269,1.769678965358017,75,0.011949685534591196,51,0.038364779874213835,18,0.0880503144654088
A2-B0-C2-batch4-r62_III,B_IC_k3,rho < 3x mediana de rho(t=0) de la propia corrida,1587,14917.800000000001,5.941011633199957,5.969647357073934,5.932286874360726,5.931728293996056,5.960364017870033,5.9225197728094745,3.987682407351689,3.9945004368454935,3.985625702160573,3.989281153805062,3.9960991832988664,3.987132584111314,2.426211884607894,1.7556532052135603,67,0.014492753623188406,51,0.0516698172652804,18,0.11720226843100189
A2-B0-C2-batch4-r70_I,B_IC_k3,rho < 3x mediana de rho(t=0) de la propia corrida,1582,14870.800000000001,5.940669019217417,5.969395247907684,5.9315512856984665,5.941311179350924,5.9700374080411915,5.93169554798567,3.9900588142031372,3.996898392462725,3.988071746827892,3.99404737147695,4.000886949736538,3.9921051323940406,2.296542743074912,1.760117659632244,78,0.015170670037926675,60,0.02338811630847029,22,0.10872313527180784
A2-B0-C2-batch4-r72_III,B_IC_k3,rho < 3x mediana de rho(t=0) de la propia corrida,1589,14936.6,5.939788308078908,5.968387989506223,5.930930800511245,5.942972764022192,5.971572445449507,5.934482760494185,3.9920935442029895,3.9989029921618737,3.9901152164794924,3.993728877707098,4.000538325665983,3.9914173378685023,2.36500454827008,1.7533737048052573,74,0.010698552548772814,56,0.03524229074889868,23,0.11202013845185652
A2-B0-C2-batch4-r94_III,B_IC_k3,rho < 3x mediana de rho(t=0) de la propia corrida,1569,14748.6,5.947484621669559,5.976448862452225,5.938929915797092,5.951898033631771,5.980862274414437,5.942766249622379,3.9886995010093713,3.9955957488147678,3.986640538974585,3.983079961646702,3.9899762094520983,3.981407091706357,2.1266594438357647,1.6786030366520404,64,0.011472275334608031,58,0.039515615041427664,32,0.07010834926704908
A2-B0-C2-batch4-r9_III,B_IC_k3,rho < 3x mediana de rho(t=0) de la propia corrida,1567,14729.800000000001,5.937054777098783,5.966055985642499,5.928315455022121,5.92998912607071,5.958990334614426,5.921229621278111,3.972397644533112,3.979302694186378,3.9705693013195797,3.965764820758942,3.972669870412208,3.9636788369643865,2.036300609148917,1.6325221074798315,47,0.008296107211231652,57,0.0204211869814933,33,0.047223994894703254
A2-B0-C2-r12_I,B_IC_k3,rho < 3x mediana de rho(t=0) de la propia corrida,1547,14541.800000000001,5.943950252521731,5.973326395888248,5.935582349847976,5.945378427128739,5.974754570495256,5.93726303355217,3.969197172449141,3.976191492298312,3.967454757250865,3.9530951780271155,3.9600894978762864,3.9505922541045613,1.9950031999789004,1.6751129825593485,30,0.006464124111182934,61,0.014867485455720749,33,0.04718810601163542
A2-B0-C2-r12v1fix_I,B_IC_k3,rho < 3x mediana de rho(t=0) de la propia corrida,1207,11345.800000000001,5.919464749845092,5.957115863174009,5.919464749845092,5.941374877302975,5.979025990631891,5.941374877302975,3.8555297281142926,3.863896642187385,3.8555297281142926,3.893388655216762,3.9023532060093613,3.893388655216762,1.705503298494673,1.5118736717724088,0,0.0033140016570008283,0,0.0033140016570008283,9,0.00579950289975145
A2-B0-C2-r14_III,B_IC_k3,rho < 3x mediana de rho(t=0) de la propia corrida,1607,15105.800000000001,5.9511513313210695,5.979430667841295,5.941985847214182,5.950669116532776,5.978948453053001,5.941061249248523,3.996606929030931,4.00334010439289,3.994204807794105,3.9939049148494563,4.000638090211415,3.9916744295441857,2.2649684700405435,1.7129298094885157,81,0.009956440572495333,54,0.043559427504667084,20,0.09334163036714374
A2-B0-C2-r17_III,B_IC_k3,rho < 3x mediana de rho(t=0) de la propia corrida,1523,14316.2,5.946645274038793,5.976484337589681,5.939322579114028,5.93961493907554,5.969454002626428,5.931798345078175,3.9910887769840513,3.998193315924739,3.98905788269842,3.9801946210909103,3.987299160031598,3.9782768978994243,2.3876761454869353,1.6812349332922034,62,0.013131976362442548,66,0.025607353906762966,24,0.07616546290216678
A2-B0-C2-r19_III,B_IC_k3,rho < 3x mediana de rho(t=0) de la propia corrida,1543,14504.2,5.951222006816598,5.980674303503573,5.943199341946167,5.95540750730437,5.984859803991345,5.946488675937584,3.9910801596619825,3.9980926112541195,3.9890737388329756,3.984431808996729,3.991444260588866,3.982407200874036,2.115620556586545,1.6608349254806865,57,0.010369410239792612,59,0.02462734931950745,32,0.053143227478937134
A2-B0-C2-r1_I,B_IC_k3,rho < 3x mediana de rho(t=0) de la propia corrida,1525,14335.0,5.954600727882158,5.9844006582349465,5.946501259342994,5.936425767482769,5.966225697835557,5.928597791013342,3.9661177976483852,3.973213019160954,3.9638840528583996,3.956529050809659,3.9636242723222277,3.955017430527466,1.9439779676755122,1.6147151343783466,26,0.0045901639344262295,56,0.011147540983606558,38,0.04262295081967213
A2-B0-C2-r20_III,B_IC_k3,rho < 3x mediana de rho(t=0) de la propia corrida,1594,14983.6,5.955988803144075,5.9844987741528595,5.945786396763749,5.943924396001399,5.972434367010183,5.935168334231273,3.9879412842748168,3.9947293726102417,3.985596096110498,3.980731565940983,3.987519654276408,3.9788133846477547,2.126985142812496,1.672303188281775,49,0.0075282308657465494,69,0.01944792973651192,28,0.06398996235884567
A2-B0-C2-r28_III,B_IC_k3,rho < 3x mediana de rho(t=0) de la propia corrida,1552,14588.800000000001,5.953924373002399,5.983205876731782,5.945249939815659,5.95878704619366,5.988068549923042,5.950114660086158,3.9754340266148134,3.9824058132170475,3.9736614802811117,3.972829219216038,3.9798010058182722,3.970448750587506,2.0643998976606097,1.636457049153167,37,0.00902061855670103,59,0.012242268041237113,38,0.030927835051546393
A2-B0-C2-r2_I,B_IC_k3,rho < 3x mediana de rho(t=0) de la propia corrida,1550,14570.0,5.957296032658418,5.986615318973258,5.948075441298649,5.952770673755786,5.982089960070627,5.943766095472696,3.9540439281172106,3.961024710573125,3.952288309858151,3.939640639447576,3.9466214219034903,3.9371915502492425,1.9168200954620136,1.5977857409760954,22,0.005806451612903226,51,0.01806451612903226,38,0.043225806451612905
A2-B0-C2-r2v1fix_III,B_IC_k3,rho < 3x mediana de rho(t=0) de la propia corrida,1500,14100.0,5.941306569235941,5.971603165094609,5.933094633887289,5.936228425778791,5.966525021637459,5.928572402616872,3.989386252548816,3.996599727753261,3.987585504699411,3.9887367937978864,3.995950269002331,3.986959446622148,2.48046918143177,1.7622152555700796,74,0.016,63,0.028,23,0.10133333333333333
A2-B0-C2-r39_III,B_IC_k3,rho < 3x mediana de rho(t=0) de la propia corrida,1510,14194.0,5.934909391678108,5.965005347829103,5.927014132615,5.9303687165001575,5.9604646726511525,5.92324049036824,3.964797376399605,3.97196308024508,3.9628574230632836,3.947151029624558,3.954316733470033,3.9453431930051024,1.9222356055255705,1.6471893043506949,20,0.005960264900662252,56,0.01390728476821192,39,0.023178807947019868
A2-B0-C2-r6_I,B_IC_k3,rho < 3x mediana de rho(t=0) de la propia corrida,1605,15087.0,5.96249845875269,5.990813034321539,5.953165592445183,5.951191676156686,5.979506251725534,5.940987881342786,3.9972747187640607,4.004016284375691,3.9948303825265934,3.9924597910430486,3.9992013566546794,3.990364593086967,2.3860935399284235,1.7589029984449989,78,0.009968847352024923,57,0.04610591900311527,20,0.16884735202492213
A2-B0-C2-r9_I,B_IC_k3,rho < 3x mediana de rho(t=0) de la propia corrida,1528,14363.2,5.940749949419442,5.9704913720555695,5.93324826892502,5.931429901574447,5.961171324210574,5.9237093337178575,3.9813715435607824,3.988452834664622,3.9794621314115743,3.9670848901525173,3.974166181256357,3.9650686085950104,2.026119828160907,1.6724463587375178,42,0.007198952879581152,57,0.013089005235602094,32,0.03926701570680628
A2-B0-C2-r9v2fix_I,B_IC_k3,rho < 3x mediana de rho(t=0) de la propia corrida,1591,14955.400000000001,5.9629553613241,5.991519090920582,5.954206596416063,5.943958898000339,5.972522627596821,5.934881056808438,3.9651860163954837,3.971986904394646,3.9629189916536274,3.951633759689809,3.9584346476889714,3.949563748846333,1.9813640714379277,1.6301469030427753,31,0.0043997485857950975,53,0.010685103708359522,38,0.03771213073538655
A2-B0-C2-batch3-r0_III,C_N1000_fijo,las 1000 partículas menos densas (N fijo),1000,9400.0,5.872364074405819,5.917808968193822,5.872364074405819,5.84498877548187,5.890433669269872,5.84498877548187,3.8872363086869015,3.8980565214935687,3.8872363086869015,3.8965232974444626,3.90734351025113,3.8965232974444626,2.492752933821962,1.7224822883942228,50,0.038,36,0.064,17,0.423
A2-B0-C2-batch3-r100_I,C_N1000_fijo,las 1000 partículas menos densas (N fijo),1000,9400.0,5.895465417501682,5.940910311289684,5.895465417501682,5.821677935511667,5.867122829299669,5.821677935511667,3.920875810060249,3.9316960228669164,3.920875810060249,3.8836200424236758,3.894440255230343,3.8836200424236758,2.4376278140629335,1.651958469843303,43,0.043,40,0.094,9,0.668
A2-B0-C2-batch3-r104_I,C_N1000_fijo,las 1000 partículas menos densas (N fijo),1000,9400.0,5.953092136158567,5.9985370299465695,5.953092136158567,5.95684291004002,6.002287803828023,5.95684291004002,3.9928815357132823,4.0037017485199495,3.9928815357132823,3.993801843951205,4.004622056757872,3.993801843951205,1.8415801019276403,1.540920839693404,25,0.031,47,0.036,13,0.723
A2-B0-C2-batch3-r107_I,C_N1000_fijo,las 1000 partículas menos densas (N fijo),1000,9400.0,5.952531127575371,5.997976021363374,5.952531127575371,5.958139847713098,6.0035847415011006,5.958139847713098,3.988178083436626,3.9989982962432933,3.988178083436626,3.9896841096886764,4.000504322495344,3.9896841096886764,1.8604497103727466,1.5291482266112213,32,0.019,52,0.027,14,0.507
A2-B0-C2-batch3-r108_III,C_N1000_fijo,las 1000 partículas menos densas (N fijo),1000,9400.0,5.94620859872163,5.9916534925096325,5.94620859872163,5.950347481969004,5.995792375757007,5.950347481969004,3.9903652692505416,4.001185482057209,3.9903652692505416,3.9938995450785137,4.004719757885181,3.9938995450785137,1.8743823378808246,1.5459105453500772,33,0.039,49,0.04,15,0.684
A2-B0-C2-batch3-r10_III,C_N1000_fijo,las 1000 partículas menos densas (N fijo),1000,9400.0,5.952646280328642,5.998091174116644,5.952646280328642,5.950904358958356,5.996349252746358,5.950904358958356,3.986218263017374,3.9970384758240414,3.986218263017374,3.9898860815797303,4.000706294386397,3.9898860815797303,1.9264662303651667,1.5686871549955312,34,0.033,41,0.034,10,0.744
A2-B0-C2-batch3-r111_III,C_N1000_fijo,las 1000 partículas menos densas (N fijo),1000,9400.0,5.93355627715388,5.979001170941882,5.93355627715388,5.936216816858958,5.981661710646961,5.936216816858958,3.9859887044677187,3.996808917274386,3.9859887044677187,3.9824854495515236,3.993305662358191,3.9824854495515236,1.9279714239875674,1.6227328191434738,33,0.036,46,0.04,16,0.283
A2-B0-C2-batch3-r112_I,C_N1000_fijo,las 1000 partículas menos densas (N fijo),1000,9400.0,5.944082800833582,5.989527694621585,5.944082800833582,5.934750357598798,5.9801952513868,5.934750357598798,3.986441482047894,3.9972616948545614,3.986441482047894,3.98596828943849,3.996788502245157,3.98596828943849,1.908562361956316,1.583357370199086,37,0.024,47,0.033,15,0.47
A2-B0-C2-batch3-r114_III,C_N1000_fijo,las 1000 partículas menos densas (N fijo),1000,9400.0,5.932636299950497,5.978081193738499,5.932636299950497,5.935297063994277,5.980741957782279,5.935297063994277,3.967233645111252,3.9780538579179194,3.967233645111252,3.979599415848916,3.9904196286555833,3.979599415848916,1.6814429328186196,1.4898257281829594,11,0.016,40,0.02,23,0.493
A2-B0-C2-batch3-r120_I,C_N1000_fijo,las 1000 partículas menos densas (N fijo),1000,9400.0,5.94242093330416,5.987865827092163,5.94242093330416,5.949070336562952,5.994515230350954,5.949070336562952,3.9927873217855208,4.003607534592188,3.9927873217855208,3.9923639601345893,4.003184172941256,3.9923639601345893,1.8710156279680425,1.583951659830774,28,0.019,52,0.03,10,0.721
A2-B0-C2-batch3-r12_III,C_N1000_fijo,las 1000 partículas menos densas (N fijo),1000,9400.0,5.919428164825401,5.964873058613404,5.919428164825401,5.932085180262755,5.977530074050757,5.932085180262755,3.9841238256677904,3.9949440384744577,3.9841238256677904,3.985452440001745,3.996272652808412,3.985452440001745,1.9237664806921748,1.6002780640762366,28,0.03,39,0.031,12,0.436
A2-B0-C2-batch3-r143_I,C_N1000_fijo,las 1000 partículas menos densas (N fijo),1000,9400.0,5.94628872608696,5.991733619874963,5.94628872608696,5.949908904833324,5.995353798621326,5.949908904833324,3.980986207971527,3.991806420778194,3.980986207971527,3.9949113018442306,4.005731514650898,3.9949113018442306,1.8102055292508163,1.5497925566127273,22,0.026,36,0.039,9,0.444
A2-B0-C2-batch3-r1_I,C_N1000_fijo,las 1000 partículas menos densas (N fijo),1000,9400.0,5.952050062228318,5.997494956016321,5.952050062228318,5.952502674526865,5.997947568314868,5.952502674526865,3.963182164913681,3.9740023777203484,3.963182164913681,3.9818123987215075,3.9926326115281747,3.9818123987215075,1.6686514682020597,1.4685172179891013,9,0.009,40,0.019,17,0.321
A2-B0-C2-batch3-r21_III,C_N1000_fijo,las 1000 partículas menos densas (N fijo),1000,9400.0,5.945255956244395,5.990700850032398,5.945255956244395,5.948982045749888,5.994426939537891,5.948982045749888,3.991355562401402,4.002175775208069,3.991355562401402,3.985313190951246,3.9961334037579133,3.985313190951246,1.8636034647068236,1.5735602490531966,31,0.023,43,0.027,14,0.543
A2-B0-C2-batch3-r23_III,C_N1000_fijo,las 1000 partículas menos densas (N fijo),1000,9400.0,5.935449354615887,5.98089424840389,5.935449354615887,5.937641088338205,5.983085982126208,5.937641088338205,3.9887684722825263,3.9995886850891935,3.9887684722825263,3.988042413980815,3.9988626267874823,3.988042413980815,1.8801237478236366,1.5791587135162284,27,0.032,41,0.062,12,0.544
A2-B0-C2-batch3-r25_III,C_N1000_fijo,las 1000 partículas menos densas (N fijo),1000,9400.0,5.924266361472096,5.969711255260099,5.924266361472096,5.931915175004628,5.97736006879263,5.931915175004628,3.9939965128387915,4.004816725645458,3.9939965128387915,3.9899698587898813,4.0007900715965485,3.9899698587898813,1.8621224576444007,1.5149387950275686,34,0.027,51,0.031,16,0.404
A2-B0-C2-batch3-r26_III,C_N1000_fijo,las 1000 partículas menos densas (N fijo),1000,9400.0,5.945430054789671,5.990874948577673,5.945430054789671,5.945749243492534,5.991194137280536,5.945749243492534,3.986361747133695,3.997181959940362,3.986361747133695,3.9932390180045405,4.004059230811207,3.9932390180045405,1.9220458859944096,1.6178573487028405,28,0.023,47,0.029,10,0.443
A2-B0-C2-batch3-r31_III,C_N1000_fijo,las 1000 partículas menos densas (N fijo),1000,9400.0,5.930230931848831,5.975675825636833,5.930230931848831,5.939701207955482,5.985146101743484,5.939701207955482,3.9856078408429294,3.9964280536495966,3.9856078408429294,3.993521546656993,4.00434175946366,3.993521546656993,1.927208121352285,1.6156001160454472,36,0.018,49,0.046,10,0.465
A2-B0-C2-batch3-r35_I,C_N1000_fijo,las 1000 partículas menos densas (N fijo),1000,9400.0,5.927830774157495,5.973275667945497,5.927830774157495,5.936065065306391,5.981509959094393,5.936065065306391,3.9905884681813313,4.001408680987998,3.9905884681813313,3.9947579348025832,4.00557814760925,3.9947579348025832,1.7916133963226029,1.531983860703395,34,0.023,52,0.032,11,0.643
A2-B0-C2-batch3-r44_I,C_N1000_fijo,las 1000 partículas menos densas (N fijo),1000,9400.0,5.932036386024096,5.977481279812099,5.932036386024096,5.930612347774021,5.976057241562024,5.930612347774021,3.989334503991229,4.000154716797896,3.989334503991229,3.9894199044694023,4.0002401172760695,3.9894199044694023,1.8142345799774362,1.5474536849253624,30,0.025,44,0.039,9,0.433
A2-B0-C2-batch3-r48_I,C_N1000_fijo,las 1000 partículas menos densas (N fijo),1000,9400.0,5.942089933342147,5.987534827130149,5.942089933342147,5.937436579102393,5.982881472890395,5.937436579102393,3.983670776987132,3.9944909897937992,3.983670776987132,3.9861360746754517,3.996956287482119,3.9861360746754517,1.960608412607334,1.57920955306369,44,0.019,54,0.037,17,0.211
A2-B0-C2-batch3-r50_I,C_N1000_fijo,las 1000 partículas menos densas (N fijo),1000,9400.0,5.9436929947018395,5.989137888489842,5.9436929947018395,5.943514382092124,5.988959275880126,5.943514382092124,3.9918337319803645,4.002653944787031,3.9918337319803645,3.991904513962311,4.002724726768978,3.991904513962311,1.891479783669515,1.5728808982119997,37,0.017,46,0.028,10,0.653
A2-B0-C2-batch3-r53_I,C_N1000_fijo,las 1000 partículas menos densas (N fijo),1000,9400.0,5.937476512380801,5.982921406168804,5.937476512380801,5.936102209357244,5.981547103145247,5.936102209357244,3.9912167175803175,4.002036930386985,3.9912167175803175,3.9938980670266107,4.004718279833278,3.9938980670266107,1.9130587240123103,1.5697981780479258,36,0.02,45,0.028,17,0.408
A2-B0-C2-batch3-r58_III,C_N1000_fijo,las 1000 partículas menos densas (N fijo),1000,9400.0,5.9299900478868395,5.975434941674842,5.9299900478868395,5.933768800338359,5.979213694126361,5.933768800338359,3.984120711803274,3.994940924609941,3.984120711803274,3.989815458661882,4.000635671468549,3.989815458661882,1.900598900816769,1.566132682427123,34,0.023,53,0.029,11,0.662
A2-B0-C2-batch3-r59_I,C_N1000_fijo,las 1000 partículas menos densas (N fijo),1000,9400.0,5.941189914805762,5.986634808593765,5.941189914805762,5.939196278081372,5.984641171869375,5.939196278081372,3.991715310750818,4.002535523557485,3.991715310750818,3.9888159281378934,3.9996361409445607,3.9888159281378934,1.8840525204382055,1.5462634174161416,34,0.027,46,0.036,11,0.684
A2-B0-C2-batch3-r5_I,C_N1000_fijo,las 1000 partículas menos densas (N fijo),1000,9400.0,5.961445303616498,6.0068901974045,5.961445303616498,5.950482967904639,5.995927861692642,5.950482967904639,3.96071787139636,3.971538084203027,3.96071787139636,3.973284750604744,3.9841049634114114,3.973284750604744,1.6505227358269192,1.4625759187043648,11,0.009,47,0.016,10,0.796
A2-B0-C2-batch3-r60_III,C_N1000_fijo,las 1000 partículas menos densas (N fijo),1000,9400.0,5.930161960093954,5.975606853881956,5.930161960093954,5.945236060048382,5.990680953836384,5.945236060048382,3.9846331054324757,3.995453318239143,3.9846331054324757,3.9796966028564187,3.990516815663086,3.9796966028564187,1.9409806237419938,1.5447502703585698,32,0.032,43,0.037,13,0.642
A2-B0-C2-batch3-r69_III,C_N1000_fijo,las 1000 partículas menos densas (N fijo),1000,9400.0,5.9473134043290745,5.992758298117077,5.9473134043290745,5.956937641685106,6.002382535473108,5.956937641685106,3.9778945963520687,3.988714809158736,3.9778945963520687,3.980449765926793,3.99126997873346,3.980449765926793,1.6981608658454894,1.4953356272363343,20,0.016,44,0.021,11,0.671
A2-B0-C2-batch3-r70_III,C_N1000_fijo,las 1000 partículas menos densas (N fijo),1000,9400.0,5.948894247376613,5.994339141164615,5.948894247376613,5.9545624818698215,6.000007375657824,5.9545624818698215,3.98862515565869,3.999445368465357,3.98862515565869,3.9882437434750506,3.999063956281718,3.9882437434750506,1.835129115008309,1.504963597869816,36,0.012,51,0.024,13,0.497
A2-B0-C2-batch3-r71_III,C_N1000_fijo,las 1000 partículas menos densas (N fijo),1000,9400.0,5.922300636259012,5.967745530047014,5.922300636259012,5.916247696973522,5.961692590761524,5.916247696973522,3.979240793170108,3.9900610059767754,3.979240793170108,3.981854846542552,3.992675059349219,3.981854846542552,1.9977849472934275,1.5779283680044875,35,0.026,41,0.032,13,0.502
A2-B0-C2-batch3-r76_I,C_N1000_fijo,las 1000 partículas menos densas (N fijo),1000,9400.0,5.939420681759826,5.984865575547828,5.939420681759826,5.943361194466765,5.988806088254767,5.943361194466765,3.991384205248952,4.002204418055619,3.991384205248952,3.9895939758393775,4.000414188646045,3.9895939758393775,1.864392173998296,1.5908013685307196,35,0.018,48,0.024,13,0.308
A2-B0-C2-batch3-r83_III,C_N1000_fijo,las 1000 partículas menos densas (N fijo),1000,9400.0,5.94544734721085,5.9908922409988525,5.94544734721085,5.95050818517283,5.995953078960833,5.95050818517283,3.986352402440887,3.997172615247554,3.986352402440887,3.9829556248259257,3.993775837632593,3.9829556248259257,1.7883626577514515,1.5225322328094997,22,0.021,47,0.03,8,0.791
A2-B0-C2-batch3-r86_I,C_N1000_fijo,las 1000 partículas menos densas (N fijo),1000,9400.0,5.946852976381985,5.992297870169987,5.946852976381985,5.9504790524277045,5.995923946215707,5.9504790524277045,3.99222125132996,4.003041464136627,3.99222125132996,3.9873428129550046,3.998163025761672,3.9873428129550046,1.7815123412906324,1.5238479356047447,22,0.017,54,0.021,4,0.833
A2-B0-C2-batch3-r9_I,C_N1000_fijo,las 1000 partículas menos densas (N fijo),1000,9400.0,5.948920693548738,5.99436558733674,5.948920693548738,5.949873054857053,5.995317948645056,5.949873054857053,3.9666258878101983,3.9774461006168655,3.9666258878101983,3.9773665950015697,3.988186807808237,3.9773665950015697,1.6679253558628333,1.4554549063000823,8,0.008,43,0.033,8,0.833
A2-B0-C2-batch4-r0_III,C_N1000_fijo,las 1000 partículas menos densas (N fijo),1000,9400.0,5.9283618383001055,5.973806732088108,5.9283618383001055,5.931236478009145,5.976681371797148,5.931236478009145,3.9768286336196543,3.9876488464263216,3.9768286336196543,3.9822633046395115,3.9930835174461787,3.9822633046395115,1.6928797668157194,1.517947241003177,16,0.012,44,0.03,9,0.813
A2-B0-C2-batch4-r10_III,C_N1000_fijo,las 1000 partículas menos densas (N fijo),1000,9400.0,5.932008289510051,5.977453183298054,5.932008289510051,5.94517546497949,5.990620358767493,5.94517546497949,3.984427012146232,3.9952472249528994,3.984427012146232,3.9866223864557027,3.99744259926237,3.9866223864557027,1.9926938105796461,1.6180700275745998,30,0.031,40,0.035,20,0.275
A2-B0-C2-batch4-r11_I,C_N1000_fijo,las 1000 partículas menos densas (N fijo),1000,9400.0,5.950809466715057,5.99625436050306,5.950809466715057,5.957958171677497,6.003403065465499,5.957958171677497,3.9588544765710605,3.9696746893777277,3.9588544765710605,3.9704784523285093,3.9812986651351765,3.9704784523285093,1.674324289313005,1.5154773058174162,14,0.015,44,0.021,5,0.719
A2-B0-C2-batch4-r12_III,C_N1000_fijo,las 1000 partículas menos densas (N fijo),1000,9400.0,5.933136535017056,5.978581428805058,5.933136535017056,5.941396451805678,5.986841345593681,5.941396451805678,3.9926412504140103,4.0034614632206775,3.9926412504140103,3.98940085989204,4.000221072698707,3.98940085989204,1.8230544093421475,1.528678825906395,33,0.017,52,0.03,8,0.732
A2-B0-C2-batch4-r13_I,C_N1000_fijo,las 1000 partículas menos densas (N fijo),1000,9400.0,5.954764160100261,6.0002090538882635,5.954764160100261,5.95485644211063,6.000301335898633,5.95485644211063,3.9734863079605764,3.9843065207672437,3.9734863079605764,3.9802063980522417,3.991026610858909,3.9802063980522417,1.688732523855304,1.4946640195231398,8,0.01,39,0.021,8,0.829
A2-B0-C2-batch4-r15_I,C_N1000_fijo,las 1000 partículas menos densas (N fijo),1000,9400.0,5.938584088633503,5.984028982421505,5.938584088633503,5.942199651831185,5.987644545619188,5.942199651831185,3.9724871145740384,3.9833073273807056,3.9724871145740384,3.980181889297194,3.9910021021038613,3.980181889297194,1.9565550635399676,1.5822385597348678,32,0.024,47,0.025,9,0.726
A2-B0-C2-batch4-r18_I,C_N1000_fijo,las 1000 partículas menos densas (N fijo),1000,9400.0,5.947656564034322,5.993101457822324,5.947656564034322,5.948754414136712,5.994199307924714,5.948754414136712,3.9686519303791625,3.9794721431858298,3.9686519303791625,3.983353624407484,3.9941738372141513,3.983353624407484,1.6703504588864369,1.4424916684259999,8,0.012,46,0.019,9,0.829
A2-B0-C2-batch4-r19_III,C_N1000_fijo,las 1000 partículas menos densas (N fijo),1000,9400.0,5.9422165260840725,5.987661419872075,5.9422165260840725,5.945061275354127,5.9905061691421295,5.945061275354127,3.987145850775934,3.9979660635826013,3.987145850775934,3.9830482832755414,3.9938684960822086,3.9830482832755414,1.8101737158358047,1.5503636305305233,26,0.028,46,0.029,15,0.417
A2-B0-C2-batch4-r1_III,C_N1000_fijo,las 1000 partículas menos densas (N fijo),1000,9400.0,5.933107637202062,5.978552530990065,5.933107637202062,5.930934995713972,5.976379889501975,5.930934995713972,3.9922258008847487,4.003046013691415,3.9922258008847487,3.990965088159824,4.001785300966491,3.990965088159824,1.8726285970652925,1.57251922876261,30,0.021,42,0.038,14,0.511
A2-B0-C2-batch4-r23_I,C_N1000_fijo,las 1000 partículas menos densas (N fijo),1000,9400.0,5.9422123536197855,5.987657247407788,5.9422123536197855,5.938798980089336,5.984243873877339,5.938798980089336,3.9924256948099734,4.00324590761664,3.9924256948099734,3.9929403202726452,4.003760533079312,3.9929403202726452,1.8317164167997395,1.542672807900741,27,0.019,47,0.024,13,0.504
A2-B0-C2-batch4-r26_III,C_N1000_fijo,las 1000 partículas menos densas (N fijo),1000,9400.0,5.961006776276151,6.006451670064154,5.961006776276151,5.967608409546166,6.013053303334169,5.967608409546166,3.9937488873212543,4.004569100127921,3.9937488873212543,3.9955481635866477,4.006368376393315,3.9955481635866477,1.8645417249256646,1.5683510336586193,30,0.035,39,0.04,12,0.281
A2-B0-C2-batch4-r28_III,C_N1000_fijo,las 1000 partículas menos densas (N fijo),1000,9400.0,5.924740916678273,5.970185810466275,5.924740916678273,5.928503422249168,5.973948316037171,5.928503422249168,3.987823382161349,3.998643594968016,3.987823382161349,3.9891804228175696,4.000000635624237,3.9891804228175696,1.8727381091589306,1.5212022283005904,29,0.026,50,0.028,11,0.573
A2-B0-C2-batch4-r31_I,C_N1000_fijo,las 1000 partículas menos densas (N fijo),1000,9400.0,5.934331843808039,5.979776737596041,5.934331843808039,5.9412424840644436,5.986687377852446,5.9412424840644436,3.98623029720909,3.9970505100157574,3.98623029720909,3.9906839109712435,4.00150412377791,3.9906839109712435,1.853969748697641,1.5896851642704322,32,0.032,47,0.034,15,0.561
A2-B0-C2-batch4-r36_III,C_N1000_fijo,las 1000 partículas menos densas (N fijo),1000,9400.0,5.896814497037585,5.942259390825588,5.896814497037585,5.83203548019355,5.877480373981553,5.83203548019355,3.906328974954634,3.9171491877613014,3.906328974954634,3.8468663125490146,3.857686525355682,3.8468663125490146,2.5645871463680194,1.7264441924098457,39,0.061,32,0.073,12,0.66
A2-B0-C2-batch4-r38_I,C_N1000_fijo,las 1000 partículas menos densas (N fijo),1000,9400.0,5.945093999620353,5.990538893408355,5.945093999620353,5.9526549632282375,5.99809985701624,5.9526549632282375,3.9877004122705926,3.99852062507726,3.9877004122705926,3.988028558406978,3.998848771213645,3.988028558406978,1.8682151658058326,1.599917894545366,33,0.023,49,0.024,8,0.823
A2-B0-C2-batch4-r39_I,C_N1000_fijo,las 1000 partículas menos densas (N fijo),1000,9400.0,5.95127615236647,5.996721046154472,5.95127615236647,5.94562869433252,5.991073588120522,5.94562869433252,3.9851449893732642,3.9959652021799315,3.9851449893732642,3.9888160689066536,3.999636281713321,3.9888160689066536,1.9223150546576155,1.5749621939814795,31,0.037,47,0.043,14,0.32
A2-B0-C2-batch4-r3_I,C_N1000_fijo,las 1000 partículas menos densas (N fijo),1000,9400.0,5.943986177358409,5.989431071146411,5.943986177358409,5.956528811913482,6.001973705701484,5.956528811913482,3.9634123411315345,3.9742325539382017,3.9634123411315345,3.9798183862905248,3.990638599097192,3.9798183862905248,1.6634096651369419,1.4874649690710608,9,0.006,33,0.022,14,0.737
A2-B0-C2-batch4-r41_I,C_N1000_fijo,las 1000 partículas menos densas (N fijo),1000,9400.0,5.960919279290658,6.00636417307866,5.960919279290658,5.96185081347215,6.007295707260153,5.96185081347215,3.995796863032515,4.006617075839182,3.995796863032515,3.9919856714016806,4.002805884208348,3.9919856714016806,1.852017117921909,1.5750116931792502,31,0.024,53,0.025,9,0.806
A2-B0-C2-batch4-r43_III,C_N1000_fijo,las 1000 partículas menos densas (N fijo),1000,9400.0,5.952933967140315,5.998378860928318,5.952933967140315,5.946620970841514,5.992065864629517,5.946620970841514,3.991206898708674,4.002027111515341,3.991206898708674,3.9907917378117563,4.001611950618424,3.9907917378117563,1.8845802575275183,1.5656751337332224,33,0.034,47,0.052,9,0.66
A2-B0-C2-batch4-r44_I,C_N1000_fijo,las 1000 partículas menos densas (N fijo),1000,9400.0,5.937755973662959,5.983200867450962,5.937755973662959,5.943913453374851,5.989358347162853,5.943913453374851,3.990190428057425,4.001010640864092,3.990190428057425,3.9937811664963556,4.004601379303023,3.9937811664963556,1.8737743111535103,1.5702557325924689,34,0.016,48,0.034,10,0.655
A2-B0-C2-batch4-r47_III,C_N1000_fijo,las 1000 partículas menos densas (N fijo),1000,9400.0,5.945521752998241,5.9909666467862435,5.945521752998241,5.943709795609831,5.989154689397833,5.943709795609831,3.98347402516455,3.9942942379712174,3.98347402516455,3.9937090052473754,4.004529218054042,3.9937090052473754,1.9264644754684423,1.6468099035359303,34,0.036,50,0.04,13,0.695
A2-B0-C2-batch4-r51_I,C_N1000_fijo,las 1000 partículas menos densas (N fijo),1000,9400.0,5.912804209492988,5.95824910328099,5.912804209492988,5.882567926085894,5.928012819873897,5.882567926085894,3.8914773985929942,3.9022976113996615,3.8914773985929942,3.9187178942650327,3.9295381070717,3.9187178942650327,2.396131209313141,1.7041974701423723,41,0.037,36,0.057,14,0.454
A2-B0-C2-batch4-r57_I,C_N1000_fijo,las 1000 partículas menos densas (N fijo),1000,9400.0,5.94601889471272,5.991463788500723,5.94601889471272,5.950003824453282,5.995448718241285,5.950003824453282,3.991229269939849,4.002049482746516,3.991229269939849,3.9919184064353974,4.002738619242065,3.9919184064353974,1.8770951083978267,1.6001022019053202,28,0.023,48,0.036,7,0.546
A2-B0-C2-batch4-r62_III,C_N1000_fijo,las 1000 partículas menos densas (N fijo),1000,9400.0,5.938954130986252,5.9843990247742544,5.938954130986252,5.929363660941045,5.974808554729048,5.929363660941045,3.98784477463614,3.9986649874428073,3.98784477463614,3.9829606751595783,3.9937808879662455,3.9829606751595783,1.9024558848513338,1.5661651365987295,34,0.019,50,0.026,9,0.801
A2-B0-C2-batch4-r70_I,C_N1000_fijo,las 1000 partículas menos densas (N fijo),1000,9400.0,5.940822173065726,5.986267066853729,5.940822173065726,5.9410512633875845,5.986496157175587,5.9410512633875845,3.98645613373245,3.9972763465391172,3.98645613373245,3.9931984940271583,4.0040187068338255,3.9931984940271583,1.9044573428257978,1.545560857448522,34,0.02,43,0.035,12,0.355
A2-B0-C2-batch4-r72_III,C_N1000_fijo,las 1000 partículas menos densas (N fijo),1000,9400.0,5.945110930902074,5.990555824690077,5.945110930902074,5.9449928315011125,5.990437725289115,5.9449928315011125,3.991834117479574,4.002654330286241,3.991834117479574,3.993462207535811,4.004282420342478,3.993462207535811,1.8738808981863897,1.5874032738071628,32,0.022,45,0.041,11,0.712
A2-B0-C2-batch4-r94_III,C_N1000_fijo,las 1000 partículas menos densas (N fijo),1000,9400.0,5.949302972229315,5.994747866017318,5.949302972229315,5.950961494860965,5.996406388648968,5.950961494860965,3.977116121461944,3.9879363342686114,3.977116121461944,3.9773086538468894,3.9881288666535566,3.9773086538468894,1.7308761587437391,1.4953212633908821,24,0.021,42,0.028,8,0.784
A2-B0-C2-batch4-r9_III,C_N1000_fijo,las 1000 partículas menos densas (N fijo),1000,9400.0,5.930350610724592,5.975795504512594,5.930350610724592,5.938169994378111,5.983614888166113,5.938169994378111,3.9785652222095367,3.989385435016204,3.9785652222095367,3.988463059663529,3.9992832724701963,3.988463059663529,1.7097952447016604,1.4667678557516561,21,0.013,55,0.025,9,0.814
A2-B0-C2-r12_I,C_N1000_fijo,las 1000 partículas menos densas (N fijo),1000,9400.0,5.939744176078427,5.985189069866429,5.939744176078427,5.9404438166919125,5.985888710479915,5.9404438166919125,3.972806260097106,3.983626472903773,3.972806260097106,3.978588528903382,3.9894087417100494,3.978588528903382,1.7069088881551646,1.5446690768780287,14,0.015,49,0.017,13,0.664
A2-B0-C2-r12v1fix_I,C_N1000_fijo,las 1000 partículas menos densas (N fijo),1000,9400.0,5.95765303486745,6.003097928655452,5.95765303486745,5.967682602837824,6.013127496625827,5.967682602837824,3.9615943354617427,3.97241454826841,3.9615943354617427,3.9715094085168197,3.982329621323487,3.9715094085168197,1.6568851583332125,1.4812203303909612,2,0.005,32,0.017,11,0.563
A2-B0-C2-r14_III,C_N1000_fijo,las 1000 partículas menos densas (N fijo),1000,9400.0,5.958882420202834,6.004327313990837,5.958882420202834,5.9630548052310015,6.008499699019004,5.9630548052310015,3.9917774340314787,4.0025976468381455,3.9917774340314787,3.993720074098955,4.004540286905622,3.993720074098955,1.8415419204191312,1.561386195773831,29,0.018,49,0.024,14,0.344
A2-B0-C2-r17_III,C_N1000_fijo,las 1000 partículas menos densas (N fijo),1000,9400.0,5.92763746897041,5.973082362758412,5.92763746897041,5.930965175503303,5.976410069291306,5.930965175503303,3.9913013593284505,4.002121572135118,3.9913013593284505,3.989105799996215,3.999926012802882,3.989105799996215,1.8314658063169544,1.5694620283889043,22,0.038,40,0.055,16,0.322
A2-B0-C2-r19_III,C_N1000_fijo,las 1000 partículas menos densas (N fijo),1000,9400.0,5.950158965925091,5.995603859713094,5.950158965925091,5.96694474570467,6.012389639492673,5.96694474570467,3.9883162432307184,3.9991364560373857,3.9883162432307184,3.986465164435275,3.9972853772419423,3.986465164435275,1.7580598225995268,1.5176605923356488,20,0.016,40,0.036,14,0.732
A2-B0-C2-r1_I,C_N1000_fijo,las 1000 partículas menos densas (N fijo),1000,9400.0,5.946161421906137,5.991606315694139,5.946161421906137,5.9481288412424185,5.993573735030421,5.9481288412424185,3.9665178183085223,3.9773380311151896,3.9665178183085223,3.9838049618305966,3.994625174637264,3.9838049618305966,1.6931109715084451,1.4856954572737817,11,0.008,38,0.026,7,0.823
A2-B0-C2-r20_III,C_N1000_fijo,las 1000 partículas menos densas (N fijo),1000,9400.0,5.940095165177713,5.985540058965715,5.940095165177713,5.945664115500059,5.991109009288062,5.945664115500059,3.9886081133690943,3.9994283261757615,3.9886081133690943,3.9913458189738122,4.0021660317804795,3.9913458189738122,1.7475713625951106,1.5061086406184656,18,0.016,44,0.023,8,0.742
A2-B0-C2-r28_III,C_N1000_fijo,las 1000 partículas menos densas (N fijo),1000,9400.0,5.9395148784763006,5.984959772264303,5.9395148784763006,5.948002044754162,5.9934469385421645,5.948002044754162,3.963075004799273,3.97389521760594,3.963075004799273,3.9771727312942726,3.98799294410094,3.9771727312942726,1.6531787500549295,1.4776554144868426,11,0.014,33,0.024,9,0.783
A2-B0-C2-r2_I,C_N1000_fijo,las 1000 partículas menos densas (N fijo),1000,9400.0,5.933301094501195,5.978745988289197,5.933301094501195,5.956463701008234,6.0019085947962365,5.956463701008234,3.963613139344655,3.974433352151322,3.963613139344655,3.991232392952903,4.0020526057595704,3.991232392952903,1.6496188981368094,1.4156455396108396,12,0.016,43,0.018,9,0.779
A2-B0-C2-r2v1fix_III,C_N1000_fijo,las 1000 partículas menos densas (N fijo),1000,9400.0,5.9337563886853655,5.979201282473368,5.9337563886853655,5.934852811406565,5.980297705194568,5.934852811406565,3.986906319995462,3.997726532802129,3.986906319995462,3.9859518969368035,3.9967721097434707,3.9859518969368035,1.9864013625785013,1.6003978453303331,31,0.032,41,0.033,13,0.275
A2-B0-C2-r39_III,C_N1000_fijo,las 1000 partículas menos densas (N fijo),1000,9400.0,5.951468088935851,5.996912982723853,5.951468088935851,5.957836757057234,6.003281650845237,5.957836757057234,3.9641735953467445,3.9749938081534117,3.9641735953467445,3.97802411131325,3.9888443241199174,3.97802411131325,1.6667681153142493,1.4963121509754056,13,0.008,47,0.014,7,0.77
A2-B0-C2-r6_I,C_N1000_fijo,las 1000 partículas menos densas (N fijo),1000,9400.0,5.951749539639289,5.997194433427292,5.951749539639289,5.95514802746608,6.000592921254083,5.95514802746608,3.9911735881557546,4.001993800962421,3.9911735881557546,3.9897274792279123,4.000547692034579,3.9897274792279123,1.8539396352556756,1.535503027766139,28,0.019,44,0.021,11,0.764
A2-B0-C2-r9_I,C_N1000_fijo,las 1000 partículas menos densas (N fijo),1000,9400.0,5.934815958200683,5.980260851988685,5.934815958200683,5.945304335094271,5.990749228882273,5.945304335094271,3.979909189617884,3.9907294024245514,3.979909189617884,3.9839925453714344,3.9948127581781017,3.9839925453714344,1.7328040558679347,1.5168792114956793,13,0.012,45,0.012,17,0.544
A2-B0-C2-r9v2fix_I,C_N1000_fijo,las 1000 partículas menos densas (N fijo),1000,9400.0,5.946217170919629,5.991662064707632,5.946217170919629,5.948697582707466,5.994142476495469,5.948697582707466,3.9711316650718227,3.98195187787849,3.9711316650718227,3.985551036139653,3.9963712489463203,3.985551036139653,1.662422019276692,1.4613902121943116,4,0.007,42,0.014,9,0.817
