rule_id,seed,escala_b,n_cajas,corr_len_real,corr_len_sat_real,giant_nativo_frac_real,giant_nativo_size_real,n_dominios_real,corr_len_null,corr_len_sat_null,giant_nativo_frac_null,giant_nativo_size_null,n_dominios_null
A0-B0-C0-r0,20260812,1,2000,5.0,False,1.0,2000.0,1,1.0,False,0.0045,9.0,1080
A0-B0-C0-r0,20260812,2,1000,3.0,False,0.2,200.0,28,1.0,False,0.008,8.0,563
A0-B0-C0-r0,20260812,4,500,2.0,False,0.044,22.0,108,1.0,False,0.016,8.0,294
A0-B0-C0-r0,20260812,8,250,1.0,False,0.036,9.0,114,1.0,False,0.024,6.0,155
A0-B0-C0-r0,20260812,16,125,1.0,False,0.056,7.0,67,1.0,False,0.056,7.0,62
A0-B0-C0-r1,20260909,1,2000,4.0,False,1.0,2000.0,1,1.0,False,0.007,14.0,801
A0-B0-C0-r1,20260909,2,1000,2.0,False,0.273,273.0,9,1.0,False,0.014,14.0,393
A0-B0-C0-r1,20260909,4,500,2.0,False,0.064,32.0,79,1.0,False,0.024,12.0,198
A0-B0-C0-r1,20260909,8,250,1.0,False,0.04,10.0,91,1.0,False,0.04,10.0,92
A0-B0-C0-r1,20260909,16,125,1.0,False,0.072,9.0,47,1.0,False,0.072,9.0,44
A0-B0-C0-r2,20261006,1,2000,3.0,False,0.139,278.0,43,1.0,False,0.006,12.0,967
A0-B0-C0-r2,20261006,2,1000,2.0,False,0.055,55.0,86,1.0,False,0.012,12.0,481
A0-B0-C0-r2,20261006,4,500,1.0,False,0.034,17.0,155,1.0,False,0.016,8.0,252
A0-B0-C0-r2,20261006,8,250,1.0,False,0.028,7.0,115,1.0,False,0.028,7.0,113
A0-B0-C0-r2,20261006,16,125,1.0,False,0.056,7.0,60,1.0,False,0.048,6.0,60
A0-B0-C0-r3,20261103,1,2000,5.0,False,1.0,2000.0,1,1.0,False,0.0085,17.0,655
A0-B0-C0-r3,20261103,2,1000,3.0,False,1.0,1000.0,1,1.0,False,0.011,11.0,317
A0-B0-C0-r3,20261103,4,500,2.0,False,0.14,70.0,40,1.0,False,0.044,22.0,161
A0-B0-C0-r3,20261103,8,250,1.0,False,0.056,14.0,65,1.0,False,0.04,10.0,92
A0-B0-C0-r3,20261103,16,125,1.0,False,0.088,11.0,30,1.0,False,0.08,10.0,39
A0-B0-C0-r4,20261200,1,2000,4.0,False,0.109,218.0,41,1.0,False,0.0055,11.0,1021
A0-B0-C0-r4,20261200,2,1000,2.0,False,0.063,63.0,61,1.0,False,0.011,11.0,487
A0-B0-C0-r4,20261200,4,500,2.0,False,0.046,23.0,117,1.0,False,0.018,9.0,260
A0-B0-C0-r4,20261200,8,250,1.0,False,0.036,9.0,99,1.0,False,0.024,6.0,126
A0-B0-C0-r4,20261200,16,125,1.0,False,0.056,7.0,56,1.0,False,0.048,6.0,60
A0-B0-C0-r5,20261297,1,2000,3.0,False,0.077,154.0,57,1.0,False,0.006,12.0,1190
A0-B0-C0-r5,20261297,2,1000,2.0,False,0.026,26.0,204,1.0,False,0.007,7.0,598
A0-B0-C0-r5,20261297,4,500,1.0,False,0.016,8.0,252,1.0,False,0.014,7.0,305
A0-B0-C0-r5,20261297,8,250,1.0,False,0.02,5.0,156,1.0,False,0.024,6.0,148
A0-B0-C0-r5,20261297,16,125,1.0,False,0.04,5.0,75,1.0,False,0.04,5.0,82
A0-B0-C0-r6,20261394,1,2000,7.0,False,1.0,2000.0,1,1.0,False,0.004,8.0,1201
A0-B0-C0-r6,20261394,2,1000,3.0,False,0.365,365.0,31,1.0,False,0.006,6.0,607
A0-B0-C0-r6,20261394,4,500,2.0,False,0.054,27.0,126,1.0,False,0.014,7.0,289
A0-B0-C0-r6,20261394,8,250,1.0,False,0.032,8.0,127,1.0,False,0.036,9.0,144
A0-B0-C0-r6,20261394,16,125,1.0,False,0.04,5.0,74,1.0,False,0.048,6.0,66
A0-B0-C0-r7,20261491,1,2000,4.0,False,0.1405,281.0,29,1.0,False,0.0075,15.0,795
A0-B0-C0-r7,20261491,2,1000,2.0,False,0.108,108.0,49,1.0,False,0.011,11.0,412
A0-B0-C0-r7,20261491,4,500,1.0,False,0.036,18.0,118,1.0,False,0.022,11.0,209
A0-B0-C0-r7,20261491,8,250,1.0,False,0.04,10.0,90,1.0,False,0.04,10.0,106
A0-B0-C0-r7,20261491,16,125,1.0,False,0.08,10.0,47,1.0,False,0.072,9.0,50
A0-B0-C0-r8,20261588,1,2000,4.0,False,0.488,976.0,3,1.0,False,0.007,14.0,792
A0-B0-C0-r8,20261588,2,1000,2.0,False,0.133,133.0,29,1.0,False,0.011,11.0,403
A0-B0-C0-r8,20261588,4,500,1.0,False,0.06,30.0,132,1.0,False,0.032,16.0,191
A0-B0-C0-r8,20261588,8,250,1.0,False,0.06,15.0,93,1.0,False,0.044,11.0,104
A0-B0-C0-r8,20261588,16,125,1.0,False,0.08,10.0,44,1.0,False,0.08,10.0,47
A0-B0-C0-r9,20261685,1,2000,5.0,False,0.446,892.0,3,1.0,False,0.007,14.0,676
A0-B0-C0-r9,20261685,2,1000,3.0,False,0.448,448.0,6,1.0,False,0.012,12.0,362
A0-B0-C0-r9,20261685,4,500,2.0,False,0.172,86.0,41,1.0,False,0.038,19.0,166
A0-B0-C0-r9,20261685,8,250,1.0,False,0.084,21.0,55,1.0,False,0.044,11.0,93
A0-B0-C0-r9,20261685,16,125,1.0,False,0.08,10.0,36,1.0,False,0.128,16.0,42
A0-B0-C0-r10,20261782,1,2000,4.0,False,0.246,492.0,9,1.0,False,0.0065,13.0,847
A0-B0-C0-r10,20261782,2,1000,2.0,False,0.112,112.0,35,1.0,False,0.011,11.0,405
A0-B0-C0-r10,20261782,4,500,1.0,False,0.038,19.0,126,1.0,False,0.02,10.0,209
A0-B0-C0-r10,20261782,8,250,1.0,False,0.044,11.0,91,1.0,False,0.04,10.0,108
A0-B0-C0-r10,20261782,16,125,1.0,False,0.104,13.0,42,1.0,False,0.088,11.0,52
A0-B0-C0-r11,20261879,1,2000,4.0,False,0.183,366.0,36,1.0,False,0.0055,11.0,997
A0-B0-C0-r11,20261879,2,1000,2.0,False,0.083,83.0,96,1.0,False,0.01,10.0,498
A0-B0-C0-r11,20261879,4,500,1.0,False,0.028,14.0,164,1.0,False,0.02,10.0,254
A0-B0-C0-r11,20261879,8,250,1.0,False,0.028,7.0,110,1.0,False,0.036,9.0,117
A0-B0-C0-r11,20261879,16,125,1.0,False,0.064,8.0,58,1.0,False,0.056,7.0,61
A0-B0-C0-r12,20261976,1,2000,4.0,False,0.2565,513.0,13,1.0,False,0.0055,11.0,1246
A0-B0-C0-r12,20261976,2,1000,2.0,False,0.085,85.0,151,1.0,False,0.007,7.0,613
A0-B0-C0-r12,20261976,4,500,1.0,False,0.024,12.0,215,1.0,False,0.012,6.0,332
A0-B0-C0-r12,20261976,8,250,1.0,False,0.024,6.0,146,1.0,False,0.024,6.0,161
A0-B0-C0-r12,20261976,16,125,1.0,False,0.048,6.0,75,1.0,False,0.032,4.0,76
A0-B0-C0-r13,20262073,1,2000,4.0,False,0.0395,79.0,145,1.0,False,0.004,8.0,1255
A0-B0-C0-r13,20262073,2,1000,2.0,False,0.034,34.0,210,1.0,False,0.007,7.0,636
A0-B0-C0-r13,20262073,4,500,1.0,False,0.024,12.0,217,1.0,False,0.016,8.0,313
A0-B0-C0-r13,20262073,8,250,1.0,False,0.028,7.0,131,1.0,False,0.024,6.0,163
A0-B0-C0-r13,20262073,16,125,1.0,False,0.048,6.0,80,1.0,False,0.04,5.0,84
A0-B0-C0-r14,20262170,1,2000,4.0,False,0.0715,143.0,73,1.0,False,0.004,8.0,1372
A0-B0-C0-r14,20262170,2,1000,2.0,False,0.029,29.0,269,1.0,False,0.006,6.0,681
A0-B0-C0-r14,20262170,4,500,1.0,False,0.012,6.0,295,1.0,False,0.008,4.0,362
A0-B0-C0-r14,20262170,8,250,1.0,False,0.016,4.0,173,1.0,False,0.02,5.0,175
A0-B0-C0-r14,20262170,16,125,1.0,False,0.032,4.0,86,1.0,False,0.04,5.0,80
A0-B0-C0-r15,20262267,1,2000,3.0,False,0.303,606.0,15,1.0,False,0.0065,13.0,753
A0-B0-C0-r15,20262267,2,1000,2.0,False,0.092,92.0,47,1.0,False,0.013,13.0,338
A0-B0-C0-r15,20262267,4,500,1.0,False,0.04,20.0,107,1.0,False,0.02,10.0,168
A0-B0-C0-r15,20262267,8,250,1.0,False,0.056,14.0,67,1.0,False,0.044,11.0,77
A0-B0-C0-r15,20262267,16,125,1.0,False,0.088,11.0,45,1.0,False,0.088,11.0,47
A0-B0-C0-r16,20262364,1,2000,4.0,False,0.4315,863.0,4,1.0,False,0.007,14.0,690
A0-B0-C0-r16,20262364,2,1000,2.0,False,0.322,322.0,22,1.0,False,0.015,15.0,355
A0-B0-C0-r16,20262364,4,500,1.0,False,0.06,30.0,83,1.0,False,0.024,12.0,172
A0-B0-C0-r16,20262364,8,250,1.0,False,0.056,14.0,81,1.0,False,0.052,13.0,80
A0-B0-C0-r16,20262364,16,125,1.0,False,0.064,8.0,49,1.0,False,0.072,9.0,45
A0-B0-C0-r17,20262461,1,2000,4.0,False,0.399,798.0,8,1.0,False,0.0095,19.0,574
A0-B0-C0-r17,20262461,2,1000,2.0,False,0.241,241.0,13,1.0,False,0.017,17.0,309
A0-B0-C0-r17,20262461,4,500,1.0,False,0.05,25.0,85,1.0,False,0.028,14.0,165
A0-B0-C0-r17,20262461,8,250,1.0,False,0.06,15.0,61,1.0,False,0.068,17.0,80
A0-B0-C0-r17,20262461,16,125,1.0,False,0.08,10.0,35,1.0,False,0.128,16.0,29
A0-B0-C0-r18,20262558,1,2000,5.0,False,1.0,2000.0,1,1.0,False,0.009,18.0,907
A0-B0-C0-r18,20262558,2,1000,3.0,False,0.471,471.0,9,1.0,False,0.017,17.0,417
A0-B0-C0-r18,20262558,4,500,2.0,False,0.07,35.0,80,1.0,False,0.02,10.0,214
A0-B0-C0-r18,20262558,8,250,1.0,False,0.048,12.0,104,1.0,False,0.052,13.0,94
A0-B0-C0-r18,20262558,16,125,1.0,False,0.088,11.0,60,1.0,False,0.056,7.0,50
A0-B0-C0-r19,20262655,1,2000,2.0,False,0.0315,63.0,125,1.0,False,0.0105,21.0,746
A0-B0-C0-r19,20262655,2,1000,2.0,False,0.042,42.0,111,1.0,False,0.012,12.0,408
A0-B0-C0-r19,20262655,4,500,1.0,False,0.028,14.0,129,1.0,False,0.03,15.0,167
A0-B0-C0-r19,20262655,8,250,1.0,False,0.044,11.0,86,1.0,False,0.052,13.0,93
A0-B0-C0-r19,20262655,16,125,1.0,False,0.072,9.0,48,1.0,False,0.056,7.0,45
A0-B0-C0-r20,20262752,1,2000,4.0,False,0.5225,1045.0,2,1.0,False,0.0075,15.0,1074
A0-B0-C0-r20,20262752,2,1000,2.0,False,0.092,92.0,66,1.0,False,0.01,10.0,507
A0-B0-C0-r20,20262752,4,500,1.0,False,0.036,18.0,170,1.0,False,0.016,8.0,264
A0-B0-C0-r20,20262752,8,250,1.0,False,0.036,9.0,117,1.0,False,0.032,8.0,117
A0-B0-C0-r20,20262752,16,125,1.0,False,0.048,6.0,71,1.0,False,0.04,5.0,59
A0-B0-C0-r21,20262849,1,2000,4.0,False,0.028,56.0,135,1.0,False,0.003,6.0,1339
A0-B0-C0-r21,20262849,2,1000,2.0,False,0.021,21.0,228,1.0,False,0.007,7.0,668
A0-B0-C0-r21,20262849,4,500,1.0,False,0.02,10.0,244,1.0,False,0.012,6.0,329
A0-B0-C0-r21,20262849,8,250,1.0,False,0.028,7.0,156,1.0,False,0.02,5.0,169
A0-B0-C0-r21,20262849,16,125,1.0,False,0.032,4.0,92,1.0,False,0.048,6.0,75
A0-B0-C0-r22,20262946,1,2000,4.0,False,0.2165,433.0,44,1.0,False,0.003,6.0,1383
A0-B0-C0-r22,20262946,2,1000,2.0,False,0.044,44.0,208,1.0,False,0.006,6.0,696
A0-B0-C0-r22,20262946,4,500,2.0,False,0.03,15.0,237,1.0,False,0.012,6.0,329
A0-B0-C0-r22,20262946,8,250,1.0,False,0.032,8.0,151,1.0,False,0.02,5.0,178
A0-B0-C0-r22,20262946,16,125,1.0,False,0.04,5.0,78,1.0,False,0.04,5.0,77
A0-B0-C0-r23,20263043,1,2000,4.0,False,0.231,462.0,13,1.0,False,0.0075,15.0,634
A0-B0-C0-r23,20263043,2,1000,2.0,False,0.079,79.0,31,1.0,False,0.019,19.0,340
A0-B0-C0-r23,20263043,4,500,1.0,False,0.038,19.0,78,1.0,False,0.05,25.0,152
A0-B0-C0-r23,20263043,8,250,1.0,False,0.092,23.0,60,1.0,False,0.06,15.0,89
A0-B0-C0-r23,20263043,16,125,1.0,False,0.088,11.0,36,1.0,False,0.08,10.0,35
A0-B0-C0-r24,20263140,1,2000,4.0,False,0.582,1164.0,2,1.0,False,0.0075,15.0,913
A0-B0-C0-r24,20263140,2,1000,2.0,False,0.125,125.0,34,1.0,False,0.014,14.0,474
A0-B0-C0-r24,20263140,4,500,1.0,False,0.054,27.0,108,1.0,False,0.02,10.0,241
A0-B0-C0-r24,20263140,8,250,1.0,False,0.048,12.0,111,1.0,False,0.068,17.0,103
A0-B0-C0-r24,20263140,16,125,1.0,False,0.072,9.0,46,1.0,False,0.08,10.0,51
A0-B0-C0-r25,20263237,1,2000,5.0,False,1.0,2000.0,1,1.0,False,0.008,16.0,705
A0-B0-C0-r25,20263237,2,1000,3.0,False,0.514,514.0,3,1.0,False,0.011,11.0,365
A0-B0-C0-r25,20263237,4,500,2.0,False,0.12,60.0,49,1.0,False,0.026,13.0,189
A0-B0-C0-r25,20263237,8,250,1.0,False,0.048,12.0,87,1.0,False,0.052,13.0,98
A0-B0-C0-r25,20263237,16,125,1.0,False,0.088,11.0,46,1.0,False,0.072,9.0,46
A0-B0-C0-r26,20263334,1,2000,4.0,False,0.014,28.0,422,1.0,False,0.004,8.0,1337
A0-B0-C0-r26,20263334,2,1000,2.0,False,0.022,22.0,289,1.0,False,0.006,6.0,679
A0-B0-C0-r26,20263334,4,500,2.0,False,0.024,12.0,224,1.0,False,0.02,10.0,330
A0-B0-C0-r26,20263334,8,250,1.0,False,0.028,7.0,154,1.0,False,0.024,6.0,176
A0-B0-C0-r26,20263334,16,125,1.0,False,0.032,4.0,90,1.0,False,0.04,5.0,72
A0-B0-C0-r27,20263431,1,2000,4.0,False,0.0565,113.0,107,1.0,False,0.003,6.0,1378
A0-B0-C0-r27,20263431,2,1000,2.0,False,0.027,27.0,219,1.0,False,0.006,6.0,681
A0-B0-C0-r27,20263431,4,500,1.0,False,0.022,11.0,239,1.0,False,0.012,6.0,320
A0-B0-C0-r27,20263431,8,250,1.0,False,0.032,8.0,158,1.0,False,0.02,5.0,173
A0-B0-C0-r27,20263431,16,125,1.0,False,0.048,6.0,85,1.0,False,0.04,5.0,85
A0-B0-C0-r28,20263528,1,2000,5.0,False,0.1415,283.0,33,1.0,False,0.004,8.0,1321
A0-B0-C0-r28,20263528,2,1000,3.0,False,0.036,36.0,139,1.0,False,0.007,7.0,646
A0-B0-C0-r28,20263528,4,500,2.0,False,0.028,14.0,206,1.0,False,0.012,6.0,322
A0-B0-C0-r28,20263528,8,250,1.0,False,0.02,5.0,154,1.0,False,0.024,6.0,161
A0-B0-C0-r28,20263528,16,125,1.0,False,0.08,10.0,76,1.0,False,0.056,7.0,70
A0-B0-C0-r29,20263625,1,2000,3.0,False,0.051,102.0,77,1.0,False,0.004,8.0,1222
A0-B0-C0-r29,20263625,2,1000,2.0,False,0.025,25.0,233,1.0,False,0.008,8.0,602
A0-B0-C0-r29,20263625,4,500,1.0,False,0.018,9.0,249,1.0,False,0.01,5.0,297
A0-B0-C0-r29,20263625,8,250,1.0,False,0.028,7.0,148,1.0,False,0.024,6.0,152
A0-B0-C0-r29,20263625,16,125,1.0,False,0.04,5.0,75,1.0,False,0.032,4.0,78
A0-B0-C0-r30,20263722,1,2000,4.0,False,0.549,1098.0,2,1.0,False,0.0085,17.0,653
A0-B0-C0-r30,20263722,2,1000,2.0,False,0.346,346.0,8,1.0,False,0.015,15.0,310
A0-B0-C0-r30,20263722,4,500,1.0,False,0.09,45.0,73,1.0,False,0.024,12.0,172
A0-B0-C0-r30,20263722,8,250,1.0,False,0.036,9.0,75,1.0,False,0.044,11.0,81
A0-B0-C0-r30,20263722,16,125,1.0,False,0.072,9.0,37,1.0,False,0.072,9.0,35
A0-B0-C0-r31,20263819,1,2000,4.0,False,0.299,598.0,7,1.0,False,0.0065,13.0,752
A0-B0-C0-r31,20263819,2,1000,2.0,False,0.175,175.0,31,1.0,False,0.012,12.0,380
A0-B0-C0-r31,20263819,4,500,1.0,False,0.056,28.0,99,1.0,False,0.022,11.0,187
A0-B0-C0-r31,20263819,8,250,1.0,False,0.036,9.0,91,1.0,False,0.032,8.0,91
A0-B0-C0-r31,20263819,16,125,1.0,False,0.056,7.0,51,1.0,False,0.104,13.0,46
A0-B0-C0-r32,20263916,1,2000,4.0,False,0.149,298.0,28,1.0,False,0.006,12.0,1022
A0-B0-C0-r32,20263916,2,1000,2.0,False,0.085,85.0,64,1.0,False,0.014,14.0,523
A0-B0-C0-r32,20263916,4,500,1.0,False,0.034,17.0,142,1.0,False,0.018,9.0,258
A0-B0-C0-r32,20263916,8,250,1.0,False,0.036,9.0,120,1.0,False,0.036,9.0,126
A0-B0-C0-r32,20263916,16,125,1.0,False,0.064,8.0,63,1.0,False,0.064,8.0,63
A0-B0-C0-r33,20264013,1,2000,5.0,False,1.0,2000.0,1,1.0,False,0.0075,15.0,895
A0-B0-C0-r33,20264013,2,1000,3.0,False,0.279,279.0,14,1.0,False,0.009,9.0,487
A0-B0-C0-r33,20264013,4,500,2.0,False,0.098,49.0,82,1.0,False,0.022,11.0,239
A0-B0-C0-r33,20264013,8,250,1.0,False,0.04,10.0,98,1.0,False,0.036,9.0,115
A0-B0-C0-r33,20264013,16,125,1.0,False,0.056,7.0,67,1.0,False,0.08,10.0,43
A0-B0-C0-r34,20264110,1,2000,4.0,False,0.403,806.0,8,1.0,False,0.005,10.0,976
A0-B0-C0-r34,20264110,2,1000,2.0,False,0.112,112.0,55,1.0,False,0.011,11.0,513
A0-B0-C0-r34,20264110,4,500,1.0,False,0.058,29.0,144,1.0,False,0.016,8.0,248
A0-B0-C0-r34,20264110,8,250,1.0,False,0.032,8.0,104,1.0,False,0.028,7.0,122
A0-B0-C0-r34,20264110,16,125,1.0,False,0.048,6.0,62,1.0,False,0.08,10.0,60
A0-B0-C0-r35,20264207,1,2000,4.0,False,1.0,2000.0,1,1.0,False,0.006,12.0,788
A0-B0-C0-r35,20264207,2,1000,2.0,False,0.633,633.0,3,1.0,False,0.012,12.0,390
A0-B0-C0-r35,20264207,4,500,2.0,False,0.056,28.0,77,1.0,False,0.03,15.0,173
A0-B0-C0-r35,20264207,8,250,1.0,False,0.044,11.0,83,1.0,False,0.048,12.0,91
A0-B0-C0-r35,20264207,16,125,1.0,False,0.08,10.0,43,1.0,False,0.048,6.0,51
A0-B0-C0-r36,20264304,1,2000,4.0,False,0.0315,63.0,170,1.0,False,0.005,10.0,1330
A0-B0-C0-r36,20264304,2,1000,2.0,False,0.033,33.0,210,1.0,False,0.009,9.0,670
A0-B0-C0-r36,20264304,4,500,2.0,False,0.018,9.0,226,1.0,False,0.012,6.0,322
A0-B0-C0-r36,20264304,8,250,1.0,False,0.02,5.0,150,1.0,False,0.032,8.0,152
A0-B0-C0-r36,20264304,16,125,1.0,False,0.04,5.0,72,1.0,False,0.048,6.0,77
A0-B0-C0-r37,20264401,1,2000,4.0,False,0.159,318.0,23,1.0,False,0.005,10.0,1179
A0-B0-C0-r37,20264401,2,1000,2.0,False,0.069,69.0,131,1.0,False,0.01,10.0,588
A0-B0-C0-r37,20264401,4,500,1.0,False,0.038,19.0,194,1.0,False,0.018,9.0,291
A0-B0-C0-r37,20264401,8,250,1.0,False,0.044,11.0,140,1.0,False,0.016,4.0,156
A0-B0-C0-r37,20264401,16,125,1.0,False,0.048,6.0,70,1.0,False,0.064,8.0,64
A0-B0-C0-r38,20264498,1,2000,5.0,False,1.0,2000.0,1,1.0,False,0.005,10.0,899
A0-B0-C0-r38,20264498,2,1000,3.0,False,0.325,325.0,11,1.0,False,0.014,14.0,438
A0-B0-C0-r38,20264498,4,500,2.0,False,0.108,54.0,54,1.0,False,0.022,11.0,202
A0-B0-C0-r38,20264498,8,250,1.0,False,0.056,14.0,90,1.0,False,0.04,10.0,98
A0-B0-C0-r38,20264498,16,125,1.0,False,0.056,7.0,53,1.0,False,0.08,10.0,48
A0-B0-C0-r39,20264595,1,2000,4.0,False,0.252,504.0,8,1.0,False,0.0075,15.0,778
A0-B0-C0-r39,20264595,2,1000,2.0,False,0.085,85.0,41,1.0,False,0.013,13.0,364
A0-B0-C0-r39,20264595,4,500,1.0,False,0.036,18.0,108,1.0,False,0.026,13.0,192
A0-B0-C0-r39,20264595,8,250,1.0,False,0.064,16.0,83,1.0,False,0.036,9.0,97
A0-B0-C0-r39,20264595,16,125,1.0,False,0.096,12.0,52,1.0,False,0.056,7.0,58
A0-B0-C0-r40,20264692,1,2000,4.0,False,0.094,188.0,33,1.0,False,0.003,6.0,1331
A0-B0-C0-r40,20264692,2,1000,2.0,False,0.051,51.0,183,1.0,False,0.008,8.0,653
A0-B0-C0-r40,20264692,4,500,1.0,False,0.024,12.0,233,1.0,False,0.016,8.0,343
A0-B0-C0-r40,20264692,8,250,1.0,False,0.048,12.0,151,1.0,False,0.028,7.0,156
A0-B0-C0-r40,20264692,16,125,1.0,False,0.04,5.0,81,1.0,False,0.048,6.0,78
A0-B0-C0-r41,20264789,1,2000,4.0,False,0.2515,503.0,18,1.0,False,0.004,8.0,1079
A0-B0-C0-r41,20264789,2,1000,2.0,False,0.093,93.0,57,1.0,False,0.011,11.0,552
A0-B0-C0-r41,20264789,4,500,2.0,False,0.076,38.0,157,1.0,False,0.014,7.0,271
A0-B0-C0-r41,20264789,8,250,1.0,False,0.04,10.0,113,1.0,False,0.036,9.0,129
A0-B0-C0-r41,20264789,16,125,1.0,False,0.04,5.0,63,1.0,False,0.056,7.0,64
A0-B0-C0-r42,20264886,1,2000,3.0,False,0.1505,301.0,41,1.0,False,0.0045,9.0,1010
A0-B0-C0-r42,20264886,2,1000,2.0,False,0.066,66.0,112,1.0,False,0.013,13.0,500
A0-B0-C0-r42,20264886,4,500,1.0,False,0.022,11.0,176,1.0,False,0.026,13.0,250
A0-B0-C0-r42,20264886,8,250,1.0,False,0.032,8.0,129,1.0,False,0.036,9.0,126
A0-B0-C0-r42,20264886,16,125,1.0,False,0.072,9.0,66,1.0,False,0.056,7.0,64
A0-B0-C0-r43,20264983,1,2000,4.0,False,0.9295,1859.0,2,1.0,False,0.0065,13.0,845
A0-B0-C0-r43,20264983,2,1000,2.0,False,0.114,114.0,38,1.0,False,0.01,10.0,422
A0-B0-C0-r43,20264983,4,500,1.0,False,0.046,23.0,111,1.0,False,0.024,12.0,194
A0-B0-C0-r43,20264983,8,250,1.0,False,0.044,11.0,75,1.0,False,0.04,10.0,105
A0-B0-C0-r43,20264983,16,125,1.0,False,0.056,7.0,46,1.0,False,0.056,7.0,53
A0-B0-C0-r44,20265080,1,2000,4.0,False,1.0,2000.0,1,1.0,False,0.0095,19.0,593
A0-B0-C0-r44,20265080,2,1000,2.0,False,0.398,398.0,8,1.0,False,0.014,14.0,316
A0-B0-C0-r44,20265080,4,500,1.0,False,0.116,58.0,61,1.0,False,0.03,15.0,159
A0-B0-C0-r44,20265080,8,250,1.0,False,0.064,16.0,65,1.0,False,0.048,12.0,74
A0-B0-C0-r44,20265080,16,125,1.0,False,0.064,8.0,35,1.0,False,0.088,11.0,37
A0-B0-C0-r45,20265177,1,2000,4.0,False,1.0,2000.0,1,1.0,False,0.0055,11.0,944
A0-B0-C0-r45,20265177,2,1000,2.0,False,0.178,178.0,26,1.0,False,0.009,9.0,470
A0-B0-C0-r45,20265177,4,500,1.0,False,0.056,28.0,113,1.0,False,0.024,12.0,235
A0-B0-C0-r45,20265177,8,250,1.0,False,0.04,10.0,93,1.0,False,0.036,9.0,107
A0-B0-C0-r45,20265177,16,125,1.0,False,0.064,8.0,55,1.0,False,0.104,13.0,51
A0-B0-C0-r46,20265274,1,2000,4.0,False,0.5245,1049.0,4,1.0,False,0.007,14.0,689
A0-B0-C0-r46,20265274,2,1000,2.0,False,0.271,271.0,14,1.0,False,0.02,20.0,344
A0-B0-C0-r46,20265274,4,500,1.0,False,0.044,22.0,95,1.0,False,0.03,15.0,163
A0-B0-C0-r46,20265274,8,250,1.0,False,0.056,14.0,70,1.0,False,0.06,15.0,80
A0-B0-C0-r46,20265274,16,125,1.0,False,0.112,14.0,39,1.0,False,0.072,9.0,38
A0-B0-C0-r47,20265371,1,2000,4.0,False,0.778,1556.0,2,1.0,False,0.009,18.0,721
A0-B0-C0-r47,20265371,2,1000,2.0,False,0.154,154.0,22,1.0,False,0.012,12.0,369
A0-B0-C0-r47,20265371,4,500,1.0,False,0.044,22.0,102,1.0,False,0.028,14.0,191
A0-B0-C0-r47,20265371,8,250,1.0,False,0.068,17.0,80,1.0,False,0.036,9.0,98
A0-B0-C0-r47,20265371,16,125,1.0,False,0.064,8.0,49,1.0,False,0.088,11.0,44
A0-B0-C0-r48,20265468,1,2000,4.0,False,0.368,736.0,18,1.0,False,0.0025,5.0,1381
A0-B0-C0-r48,20265468,2,1000,2.0,False,0.052,52.0,205,1.0,False,0.008,8.0,666
A0-B0-C0-r48,20265468,4,500,2.0,False,0.02,10.0,255,1.0,False,0.014,7.0,334
A0-B0-C0-r48,20265468,8,250,1.0,False,0.024,6.0,163,1.0,False,0.02,5.0,168
A0-B0-C0-r48,20265468,16,125,1.0,False,0.032,4.0,86,1.0,False,0.032,4.0,87
A0-B0-C0-r49,20265565,1,2000,4.0,False,0.0405,81.0,95,1.0,False,0.0025,5.0,1366
A0-B0-C0-r49,20265565,2,1000,2.0,False,0.027,27.0,255,1.0,False,0.006,6.0,699
A0-B0-C0-r49,20265565,4,500,1.0,False,0.016,8.0,279,1.0,False,0.016,8.0,348
A0-B0-C0-r49,20265565,8,250,1.0,False,0.016,4.0,167,1.0,False,0.024,6.0,172
A0-B0-C0-r49,20265565,16,125,1.0,False,0.032,4.0,77,1.0,False,0.032,4.0,84
A0-B0-C0-r50,20265662,1,2000,5.0,False,0.1795,359.0,26,1.0,False,0.0035,7.0,1263
A0-B0-C0-r50,20265662,2,1000,3.0,False,0.05,50.0,94,1.0,False,0.008,8.0,631
A0-B0-C0-r50,20265662,4,500,2.0,False,0.04,20.0,175,1.0,False,0.01,5.0,323
A0-B0-C0-r50,20265662,8,250,1.0,False,0.028,7.0,139,1.0,False,0.028,7.0,146
A0-B0-C0-r50,20265662,16,125,1.0,False,0.072,9.0,76,1.0,False,0.056,7.0,75
A0-B0-C0-r51,20265759,1,2000,4.0,False,0.389,778.0,3,1.0,False,0.0135,27.0,796
A0-B0-C0-r51,20265759,2,1000,2.0,False,0.098,98.0,23,1.0,False,0.016,16.0,373
A0-B0-C0-r51,20265759,4,500,1.0,False,0.03,15.0,107,1.0,False,0.03,15.0,193
A0-B0-C0-r51,20265759,8,250,1.0,False,0.048,12.0,84,1.0,False,0.04,10.0,95
A0-B0-C0-r51,20265759,16,125,1.0,False,0.088,11.0,38,1.0,False,0.08,10.0,49
A0-B0-C0-r52,20265856,1,2000,4.0,False,0.092,184.0,48,1.0,False,0.0055,11.0,1279
A0-B0-C0-r52,20265856,2,1000,2.0,False,0.047,47.0,160,1.0,False,0.008,8.0,626
A0-B0-C0-r52,20265856,4,500,1.0,False,0.028,14.0,228,1.0,False,0.014,7.0,317
A0-B0-C0-r52,20265856,8,250,1.0,False,0.02,5.0,150,1.0,False,0.024,6.0,150
A0-B0-C0-r52,20265856,16,125,1.0,False,0.056,7.0,78,1.0,False,0.04,5.0,81
A0-B0-C0-r53,20265953,1,2000,4.0,False,0.1445,289.0,37,1.0,False,0.006,12.0,968
A0-B0-C0-r53,20265953,2,1000,2.0,False,0.062,62.0,88,1.0,False,0.014,14.0,492
A0-B0-C0-r53,20265953,4,500,1.0,False,0.032,16.0,135,1.0,False,0.024,12.0,239
A0-B0-C0-r53,20265953,8,250,1.0,False,0.028,7.0,108,1.0,False,0.036,9.0,118
A0-B0-C0-r53,20265953,16,125,1.0,False,0.064,8.0,59,1.0,False,0.064,8.0,58
A0-B0-C0-r54,20266050,1,2000,4.0,False,0.011,22.0,572,1.0,False,0.005,10.0,1373
A0-B0-C0-r54,20266050,2,1000,2.0,False,0.021,21.0,282,1.0,False,0.007,7.0,693
A0-B0-C0-r54,20266050,4,500,2.0,False,0.014,7.0,238,1.0,False,0.01,5.0,337
A0-B0-C0-r54,20266050,8,250,1.0,False,0.024,6.0,154,1.0,False,0.02,5.0,166
A0-B0-C0-r54,20266050,16,125,1.0,False,0.032,4.0,89,1.0,False,0.032,4.0,81
A0-B0-C0-r55,20266147,1,2000,3.0,False,0.0525,105.0,74,1.0,False,0.0085,17.0,698
A0-B0-C0-r55,20266147,2,1000,2.0,False,0.049,49.0,77,1.0,False,0.013,13.0,320
A0-B0-C0-r55,20266147,4,500,1.0,False,0.038,19.0,103,1.0,False,0.022,11.0,180
A0-B0-C0-r55,20266147,8,250,1.0,False,0.104,26.0,55,1.0,False,0.04,10.0,100
A0-B0-C0-r55,20266147,16,125,1.0,False,0.072,9.0,42,1.0,False,0.064,8.0,46
A0-B0-C0-r56,20266244,1,2000,4.0,False,0.07,140.0,49,1.0,False,0.005,10.0,1106
A0-B0-C0-r56,20266244,2,1000,2.0,False,0.056,56.0,112,1.0,False,0.01,10.0,571
A0-B0-C0-r56,20266244,4,500,1.0,False,0.03,15.0,180,1.0,False,0.016,8.0,266
A0-B0-C0-r56,20266244,8,250,1.0,False,0.028,7.0,134,1.0,False,0.024,6.0,143
A0-B0-C0-r56,20266244,16,125,1.0,False,0.064,8.0,64,1.0,False,0.056,7.0,70
A0-B0-C0-r57,20266341,1,2000,4.0,False,0.526,1052.0,8,1.0,False,0.0085,17.0,835
A0-B0-C0-r57,20266341,2,1000,2.0,False,0.077,77.0,45,1.0,False,0.011,11.0,426
A0-B0-C0-r57,20266341,4,500,1.0,False,0.026,13.0,127,1.0,False,0.02,10.0,222
A0-B0-C0-r57,20266341,8,250,1.0,False,0.052,13.0,91,1.0,False,0.036,9.0,111
A0-B0-C0-r57,20266341,16,125,1.0,False,0.072,9.0,49,1.0,False,0.088,11.0,50
A0-B0-C0-r58,20266438,1,2000,4.0,False,0.158,316.0,27,1.0,False,0.0045,9.0,1008
A0-B0-C0-r58,20266438,2,1000,2.0,False,0.052,52.0,89,1.0,False,0.01,10.0,523
A0-B0-C0-r58,20266438,4,500,1.0,False,0.038,19.0,157,1.0,False,0.02,10.0,266
A0-B0-C0-r58,20266438,8,250,1.0,False,0.032,8.0,121,1.0,False,0.04,10.0,124
A0-B0-C0-r58,20266438,16,125,1.0,False,0.048,6.0,64,1.0,False,0.056,7.0,58
A0-B0-C0-r59,20266535,1,2000,2.0,False,0.0825,165.0,101,1.0,False,0.0085,17.0,675
A0-B0-C0-r59,20266535,2,1000,2.0,False,0.031,31.0,100,1.0,False,0.013,13.0,332
A0-B0-C0-r59,20266535,4,500,1.0,False,0.034,17.0,107,1.0,False,0.03,15.0,165
A0-B0-C0-r59,20266535,8,250,1.0,False,0.04,10.0,72,1.0,False,0.048,12.0,91
A0-B0-C0-r59,20266535,16,125,1.0,False,0.08,10.0,35,1.0,False,0.072,9.0,42
A0-B0-C0-r60,20266632,1,2000,3.0,False,0.206,412.0,25,1.0,False,0.009,18.0,897
A0-B0-C0-r60,20266632,2,1000,2.0,False,0.071,71.0,87,1.0,False,0.01,10.0,447
A0-B0-C0-r60,20266632,4,500,1.0,False,0.026,13.0,140,1.0,False,0.02,10.0,218
A0-B0-C0-r60,20266632,8,250,1.0,False,0.04,10.0,91,1.0,False,0.028,7.0,124
A0-B0-C0-r60,20266632,16,125,1.0,False,0.048,6.0,64,1.0,False,0.056,7.0,44
A0-B0-C0-r61,20266729,1,2000,4.0,False,0.393,786.0,8,1.0,False,0.0045,9.0,1185
A0-B0-C0-r61,20266729,2,1000,2.0,False,0.047,47.0,112,1.0,False,0.009,9.0,557
A0-B0-C0-r61,20266729,4,500,1.0,False,0.022,11.0,202,1.0,False,0.016,8.0,277
A0-B0-C0-r61,20266729,8,250,1.0,False,0.02,5.0,144,1.0,False,0.032,8.0,147
A0-B0-C0-r61,20266729,16,125,1.0,False,0.04,5.0,80,1.0,False,0.048,6.0,75
A0-B0-C0-r62,20266826,1,2000,4.0,False,0.07,140.0,84,1.0,False,0.004,8.0,1388
A0-B0-C0-r62,20266826,2,1000,2.0,False,0.051,51.0,240,1.0,False,0.006,6.0,705
A0-B0-C0-r62,20266826,4,500,1.0,False,0.034,17.0,252,1.0,False,0.01,5.0,331
A0-B0-C0-r62,20266826,8,250,1.0,False,0.024,6.0,167,1.0,False,0.02,5.0,167
A0-B0-C0-r62,20266826,16,125,1.0,False,0.04,5.0,79,1.0,False,0.032,4.0,82
A0-B0-C0-r63,20266923,1,2000,3.0,False,0.1425,285.0,37,1.0,False,0.0065,13.0,922
A0-B0-C0-r63,20266923,2,1000,2.0,False,0.077,77.0,71,1.0,False,0.012,12.0,451
A0-B0-C0-r63,20266923,4,500,1.0,False,0.038,19.0,147,1.0,False,0.02,10.0,215
A0-B0-C0-r63,20266923,8,250,1.0,False,0.044,11.0,93,1.0,False,0.036,9.0,115
A0-B0-C0-r63,20266923,16,125,1.0,False,0.048,6.0,58,1.0,False,0.064,8.0,49
A0-B0-C0-r64,20267020,1,2000,3.0,False,0.0445,89.0,98,1.0,False,0.004,8.0,1180
A0-B0-C0-r64,20267020,2,1000,2.0,False,0.02,20.0,179,1.0,False,0.009,9.0,592
A0-B0-C0-r64,20267020,4,500,1.0,False,0.024,12.0,218,1.0,False,0.014,7.0,293
A0-B0-C0-r64,20267020,8,250,1.0,False,0.028,7.0,138,1.0,False,0.04,10.0,142
A0-B0-C0-r64,20267020,16,125,1.0,False,0.048,6.0,63,1.0,False,0.04,5.0,77
A0-B0-C0-r65,20267117,1,2000,4.0,False,0.5135,1027.0,3,1.0,False,0.007,14.0,699
A0-B0-C0-r65,20267117,2,1000,3.0,False,0.294,294.0,10,1.0,False,0.015,15.0,362
A0-B0-C0-r65,20267117,4,500,2.0,False,0.092,46.0,47,1.0,False,0.028,14.0,167
A0-B0-C0-r65,20267117,8,250,1.0,False,0.08,20.0,65,1.0,False,0.04,10.0,82
A0-B0-C0-r65,20267117,16,125,1.0,False,0.096,12.0,39,1.0,False,0.064,8.0,44
A0-B0-C0-r66,20267214,1,2000,4.0,False,1.0,2000.0,1,1.0,False,0.008,16.0,793
A0-B0-C0-r66,20267214,2,1000,2.0,False,0.445,445.0,11,1.0,False,0.015,15.0,398
A0-B0-C0-r66,20267214,4,500,1.0,False,0.04,20.0,87,1.0,False,0.03,15.0,182
A0-B0-C0-r66,20267214,8,250,1.0,False,0.032,8.0,89,1.0,False,0.04,10.0,92
A0-B0-C0-r66,20267214,16,125,1.0,False,0.088,11.0,50,1.0,False,0.104,13.0,40
A0-B0-C0-r67,20267311,1,2000,3.0,False,0.294,588.0,12,1.0,False,0.007,14.0,734
A0-B0-C0-r67,20267311,2,1000,2.0,False,0.135,135.0,29,1.0,False,0.014,14.0,346
A0-B0-C0-r67,20267311,4,500,1.0,False,0.074,37.0,91,1.0,False,0.026,13.0,180
A0-B0-C0-r67,20267311,8,250,1.0,False,0.076,19.0,69,1.0,False,0.048,12.0,85
A0-B0-C0-r67,20267311,16,125,1.0,False,0.136,17.0,37,1.0,False,0.08,10.0,45
A0-B0-C0-r68,20267408,1,2000,4.0,False,0.085,170.0,57,1.0,False,0.0025,5.0,1373
A0-B0-C0-r68,20267408,2,1000,2.0,False,0.031,31.0,240,1.0,False,0.006,6.0,692
A0-B0-C0-r68,20267408,4,500,1.0,False,0.018,9.0,270,1.0,False,0.01,5.0,353
A0-B0-C0-r68,20267408,8,250,1.0,False,0.02,5.0,179,1.0,False,0.024,6.0,174
A0-B0-C0-r68,20267408,16,125,1.0,False,0.032,4.0,88,1.0,False,0.032,4.0,94
A0-B0-C0-r69,20267505,1,2000,4.0,False,0.073,146.0,44,1.0,False,0.007,14.0,969
A0-B0-C0-r69,20267505,2,1000,2.0,False,0.061,61.0,89,1.0,False,0.013,13.0,477
A0-B0-C0-r69,20267505,4,500,1.0,False,0.034,17.0,140,1.0,False,0.018,9.0,253
A0-B0-C0-r69,20267505,8,250,1.0,False,0.036,9.0,112,1.0,False,0.028,7.0,117
A0-B0-C0-r69,20267505,16,125,1.0,False,0.048,6.0,55,1.0,False,0.08,10.0,61
A0-B0-C0-r70,20267602,1,2000,4.0,False,0.0185,37.0,236,1.0,False,0.004,8.0,1223
A0-B0-C0-r70,20267602,2,1000,2.0,False,0.03,30.0,193,1.0,False,0.006,6.0,627
A0-B0-C0-r70,20267602,4,500,1.0,False,0.022,11.0,197,1.0,False,0.016,8.0,308
A0-B0-C0-r70,20267602,8,250,1.0,False,0.024,6.0,131,1.0,False,0.024,6.0,162
A0-B0-C0-r70,20267602,16,125,1.0,False,0.04,5.0,69,1.0,False,0.032,4.0,76
A0-B0-C0-r71,20267699,1,2000,5.0,False,0.2685,537.0,6,1.0,False,0.0045,9.0,1032
A0-B0-C0-r71,20267699,2,1000,3.0,False,0.103,103.0,42,1.0,False,0.009,9.0,544
A0-B0-C0-r71,20267699,4,500,2.0,False,0.044,22.0,139,1.0,False,0.016,8.0,287
A0-B0-C0-r71,20267699,8,250,1.0,False,0.036,9.0,125,1.0,False,0.032,8.0,135
A0-B0-C0-r71,20267699,16,125,1.0,False,0.056,7.0,64,1.0,False,0.08,10.0,53
A0-B0-C0-r72,20267796,1,2000,4.0,False,0.027,54.0,225,1.0,False,0.0035,7.0,1414
A0-B0-C0-r72,20267796,2,1000,2.0,False,0.023,23.0,306,1.0,False,0.006,6.0,725
A0-B0-C0-r72,20267796,4,500,1.0,False,0.018,9.0,276,1.0,False,0.01,5.0,348
A0-B0-C0-r72,20267796,8,250,1.0,False,0.028,7.0,171,1.0,False,0.016,4.0,176
A0-B0-C0-r72,20267796,16,125,1.0,False,0.04,5.0,85,1.0,False,0.04,5.0,88
A0-B0-C0-r73,20267893,1,2000,4.0,False,0.0975,195.0,56,1.0,False,0.003,6.0,1400
A0-B0-C0-r73,20267893,2,1000,2.0,False,0.033,33.0,247,1.0,False,0.006,6.0,693
A0-B0-C0-r73,20267893,4,500,1.0,False,0.026,13.0,265,1.0,False,0.014,7.0,352
A0-B0-C0-r73,20267893,8,250,1.0,False,0.028,7.0,151,1.0,False,0.024,6.0,181
A0-B0-C0-r73,20267893,16,125,1.0,False,0.04,5.0,88,1.0,False,0.04,5.0,86
A0-B0-C0-r74,20267990,1,2000,4.0,False,1.0,2000.0,1,1.0,False,0.009,18.0,773
A0-B0-C0-r74,20267990,2,1000,2.0,False,0.674,674.0,3,1.0,False,0.014,14.0,388
A0-B0-C0-r74,20267990,4,500,2.0,False,0.06,30.0,83,1.0,False,0.028,14.0,180
A0-B0-C0-r74,20267990,8,250,1.0,False,0.052,13.0,83,1.0,False,0.04,10.0,105
A0-B0-C0-r74,20267990,16,125,1.0,False,0.08,10.0,48,1.0,False,0.112,14.0,38
A0-B0-C0-r75,20268087,1,2000,3.0,False,0.084,168.0,79,1.0,False,0.005,10.0,1111
A0-B0-C0-r75,20268087,2,1000,2.0,False,0.028,28.0,190,1.0,False,0.008,8.0,553
A0-B0-C0-r75,20268087,4,500,1.0,False,0.026,13.0,207,1.0,False,0.014,7.0,275
A0-B0-C0-r75,20268087,8,250,1.0,False,0.028,7.0,130,1.0,False,0.028,7.0,143
A0-B0-C0-r75,20268087,16,125,1.0,False,0.056,7.0,73,1.0,False,0.048,6.0,63
A0-B0-C0-r76,20268184,1,2000,3.0,False,0.2435,487.0,10,1.0,False,0.007,14.0,845
A0-B0-C0-r76,20268184,2,1000,2.0,False,0.098,98.0,51,1.0,False,0.015,15.0,396
A0-B0-C0-r76,20268184,4,500,1.0,False,0.024,12.0,147,1.0,False,0.026,13.0,196
A0-B0-C0-r76,20268184,8,250,1.0,False,0.036,9.0,90,1.0,False,0.04,10.0,93
A0-B0-C0-r76,20268184,16,125,1.0,False,0.112,14.0,44,1.0,False,0.08,10.0,47
A0-B0-C0-r77,20268281,1,2000,3.0,False,0.227,454.0,26,1.0,False,0.004,8.0,1089
A0-B0-C0-r77,20268281,2,1000,2.0,False,0.036,36.0,143,1.0,False,0.007,7.0,526
A0-B0-C0-r77,20268281,4,500,1.0,False,0.028,14.0,204,1.0,False,0.018,9.0,273
A0-B0-C0-r77,20268281,8,250,1.0,False,0.028,7.0,121,1.0,False,0.032,8.0,127
A0-B0-C0-r77,20268281,16,125,1.0,False,0.056,7.0,63,1.0,False,0.048,6.0,67
A0-B0-C0-r78,20268378,1,2000,5.0,False,0.422,844.0,3,1.0,False,0.004,8.0,1227
A0-B0-C0-r78,20268378,2,1000,3.0,False,0.162,162.0,34,1.0,False,0.008,8.0,620
A0-B0-C0-r78,20268378,4,500,2.0,False,0.034,17.0,148,1.0,False,0.02,10.0,287
A0-B0-C0-r78,20268378,8,250,1.0,False,0.028,7.0,137,1.0,False,0.032,8.0,158
A0-B0-C0-r78,20268378,16,125,1.0,False,0.04,5.0,81,1.0,False,0.048,6.0,73
A0-B0-C0-r79,20268475,1,2000,3.0,False,0.136,272.0,24,1.0,False,0.007,14.0,783
A0-B0-C0-r79,20268475,2,1000,2.0,False,0.097,97.0,50,1.0,False,0.013,13.0,415
A0-B0-C0-r79,20268475,4,500,1.0,False,0.048,24.0,119,1.0,False,0.028,14.0,198
A0-B0-C0-r79,20268475,8,250,1.0,False,0.04,10.0,95,1.0,False,0.052,13.0,95
A0-B0-C0-r79,20268475,16,125,1.0,False,0.072,9.0,48,1.0,False,0.064,8.0,49
A0-B0-C0-r80,20268572,1,2000,4.0,False,1.0,2000.0,1,1.0,False,0.0085,17.0,688
A0-B0-C0-r80,20268572,2,1000,2.0,False,0.405,405.0,7,1.0,False,0.019,19.0,332
A0-B0-C0-r80,20268572,4,500,1.0,False,0.144,72.0,68,1.0,False,0.042,21.0,161
A0-B0-C0-r80,20268572,8,250,1.0,False,0.056,14.0,72,1.0,False,0.052,13.0,82
A0-B0-C0-r80,20268572,16,125,1.0,False,0.112,14.0,34,1.0,False,0.088,11.0,47
A0-B0-C0-r81,20268669,1,2000,4.0,False,0.5185,1037.0,2,1.0,False,0.006,12.0,815
A0-B0-C0-r81,20268669,2,1000,2.0,False,0.205,205.0,18,1.0,False,0.012,12.0,380
A0-B0-C0-r81,20268669,4,500,1.0,False,0.058,29.0,96,1.0,False,0.022,11.0,191
A0-B0-C0-r81,20268669,8,250,1.0,False,0.048,12.0,89,1.0,False,0.036,9.0,109
A0-B0-C0-r81,20268669,16,125,1.0,False,0.088,11.0,45,1.0,False,0.104,13.0,44
A0-B0-C0-r82,20268766,1,2000,3.0,False,0.286,572.0,15,1.0,False,0.0085,17.0,653
A0-B0-C0-r82,20268766,2,1000,2.0,False,0.213,213.0,32,1.0,False,0.019,19.0,322
A0-B0-C0-r82,20268766,4,500,1.0,False,0.044,22.0,108,1.0,False,0.028,14.0,159
A0-B0-C0-r82,20268766,8,250,1.0,False,0.044,11.0,77,1.0,False,0.068,17.0,77
A0-B0-C0-r82,20268766,16,125,1.0,False,0.12,15.0,33,1.0,False,0.104,13.0,34
A0-B0-C0-r83,20268863,1,2000,4.0,False,0.0795,159.0,52,1.0,False,0.006,12.0,973
A0-B0-C0-r83,20268863,2,1000,2.0,False,0.06,60.0,78,1.0,False,0.014,14.0,445
A0-B0-C0-r83,20268863,4,500,1.0,False,0.046,23.0,123,1.0,False,0.02,10.0,232
A0-B0-C0-r83,20268863,8,250,1.0,False,0.04,10.0,88,1.0,False,0.032,8.0,118
A0-B0-C0-r83,20268863,16,125,1.0,False,0.056,7.0,58,1.0,False,0.064,8.0,55
A0-B0-C0-r84,20268960,1,2000,4.0,False,0.0965,193.0,34,1.0,False,0.0055,11.0,1103
A0-B0-C0-r84,20268960,2,1000,2.0,False,0.037,37.0,137,1.0,False,0.009,9.0,530
A0-B0-C0-r84,20268960,4,500,1.0,False,0.04,20.0,203,1.0,False,0.018,9.0,277
A0-B0-C0-r84,20268960,8,250,1.0,False,0.036,9.0,135,1.0,False,0.044,11.0,123
A0-B0-C0-r84,20268960,16,125,1.0,False,0.048,6.0,72,1.0,False,0.064,8.0,67
A0-B0-C0-r85,20269057,1,2000,4.0,False,0.048,96.0,141,1.0,False,0.003,6.0,1377
A0-B0-C0-r85,20269057,2,1000,3.0,False,0.042,42.0,196,1.0,False,0.006,6.0,682
A0-B0-C0-r85,20269057,4,500,2.0,False,0.028,14.0,236,1.0,False,0.012,6.0,334
A0-B0-C0-r85,20269057,8,250,1.0,False,0.02,5.0,161,1.0,False,0.02,5.0,174
A0-B0-C0-r85,20269057,16,125,1.0,False,0.04,5.0,76,1.0,False,0.032,4.0,93
A0-B0-C0-r86,20269154,1,2000,4.0,False,0.0555,111.0,88,1.0,False,0.004,8.0,1286
A0-B0-C0-r86,20269154,2,1000,2.0,False,0.039,39.0,195,1.0,False,0.008,8.0,650
A0-B0-C0-r86,20269154,4,500,1.0,False,0.022,11.0,233,1.0,False,0.012,6.0,328
A0-B0-C0-r86,20269154,8,250,1.0,False,0.024,6.0,141,1.0,False,0.024,6.0,154
A0-B0-C0-r86,20269154,16,125,1.0,False,0.064,8.0,77,1.0,False,0.04,5.0,85
A0-B0-C0-r87,20269251,1,2000,4.0,False,1.0,2000.0,1,1.0,False,0.008,16.0,701
A0-B0-C0-r87,20269251,2,1000,2.0,False,0.423,423.0,4,1.0,False,0.014,14.0,348
A0-B0-C0-r87,20269251,4,500,1.0,False,0.066,33.0,88,1.0,False,0.028,14.0,179
A0-B0-C0-r87,20269251,8,250,1.0,False,0.044,11.0,80,1.0,False,0.048,12.0,86
A0-B0-C0-r87,20269251,16,125,1.0,False,0.136,17.0,49,1.0,False,0.136,17.0,37
A0-B0-C0-r88,20269348,1,2000,4.0,False,0.173,346.0,26,1.0,False,0.0045,9.0,1185
A0-B0-C0-r88,20269348,2,1000,2.0,False,0.05,50.0,154,1.0,False,0.009,9.0,555
A0-B0-C0-r88,20269348,4,500,1.0,False,0.024,12.0,218,1.0,False,0.02,10.0,280
A0-B0-C0-r88,20269348,8,250,1.0,False,0.024,6.0,148,1.0,False,0.032,8.0,143
A0-B0-C0-r88,20269348,16,125,1.0,False,0.048,6.0,63,1.0,False,0.04,5.0,78
A0-B0-C0-r89,20269445,1,2000,4.0,False,0.5325,1065.0,4,1.0,False,0.005,10.0,1108
A0-B0-C0-r89,20269445,2,1000,2.0,False,0.077,77.0,79,1.0,False,0.007,7.0,541
A0-B0-C0-r89,20269445,4,500,1.0,False,0.038,19.0,171,1.0,False,0.016,8.0,271
A0-B0-C0-r89,20269445,8,250,1.0,False,0.04,10.0,131,1.0,False,0.032,8.0,126
A0-B0-C0-r89,20269445,16,125,1.0,False,0.056,7.0,65,1.0,False,0.064,8.0,65
A0-B0-C0-r90,20269542,1,2000,5.0,False,0.2175,435.0,35,1.0,False,0.0035,7.0,1323
A0-B0-C0-r90,20269542,2,1000,3.0,False,0.09,90.0,140,1.0,False,0.009,9.0,666
A0-B0-C0-r90,20269542,4,500,2.0,False,0.032,16.0,203,1.0,False,0.024,12.0,330
A0-B0-C0-r90,20269542,8,250,1.0,False,0.028,7.0,142,1.0,False,0.028,7.0,176
A0-B0-C0-r90,20269542,16,125,1.0,False,0.064,8.0,72,1.0,False,0.056,7.0,70
A0-B0-C0-r91,20269639,1,2000,4.0,False,1.0,2000.0,1,1.0,False,0.007,14.0,709
A0-B0-C0-r91,20269639,2,1000,2.0,False,0.397,397.0,11,1.0,False,0.016,16.0,349
A0-B0-C0-r91,20269639,4,500,2.0,False,0.054,27.0,66,1.0,False,0.028,14.0,168
A0-B0-C0-r91,20269639,8,250,1.0,False,0.084,21.0,61,1.0,False,0.048,12.0,77
A0-B0-C0-r91,20269639,16,125,1.0,False,0.128,16.0,39,1.0,False,0.08,10.0,34
A0-B0-C0-r92,20269736,1,2000,5.0,False,1.0,2000.0,1,1.0,False,0.008,16.0,698
A0-B0-C0-r92,20269736,2,1000,3.0,False,0.483,483.0,4,1.0,False,0.016,16.0,371
A0-B0-C0-r92,20269736,4,500,2.0,False,0.096,48.0,38,1.0,False,0.028,14.0,167
A0-B0-C0-r92,20269736,8,250,1.0,False,0.052,13.0,64,1.0,False,0.052,13.0,96
A0-B0-C0-r92,20269736,16,125,1.0,False,0.104,13.0,37,1.0,False,0.096,12.0,47
A0-B0-C0-r93,20269833,1,2000,4.0,False,0.026,52.0,200,1.0,False,0.005,10.0,1380
A0-B0-C0-r93,20269833,2,1000,3.0,False,0.03,30.0,215,1.0,False,0.009,9.0,690
A0-B0-C0-r93,20269833,4,500,2.0,False,0.024,12.0,244,1.0,False,0.01,5.0,337
A0-B0-C0-r93,20269833,8,250,1.0,False,0.02,5.0,154,1.0,False,0.024,6.0,169
A0-B0-C0-r93,20269833,16,125,1.0,False,0.04,5.0,72,1.0,False,0.04,5.0,83
A0-B0-C0-r94,20269930,1,2000,3.0,False,0.1785,357.0,20,1.0,False,0.0055,11.0,969
A0-B0-C0-r94,20269930,2,1000,2.0,False,0.065,65.0,88,1.0,False,0.009,9.0,469
A0-B0-C0-r94,20269930,4,500,1.0,False,0.038,19.0,152,1.0,False,0.026,13.0,229
A0-B0-C0-r94,20269930,8,250,1.0,False,0.036,9.0,104,1.0,False,0.032,8.0,117
A0-B0-C0-r94,20269930,16,125,1.0,False,0.088,11.0,45,1.0,False,0.04,5.0,61
A0-B0-C0-r95,20270027,1,2000,4.0,False,0.084,168.0,50,1.0,False,0.0065,13.0,837
A0-B0-C0-r95,20270027,2,1000,2.0,False,0.13,130.0,38,1.0,False,0.013,13.0,426
A0-B0-C0-r95,20270027,4,500,2.0,False,0.062,31.0,91,1.0,False,0.022,11.0,208
A0-B0-C0-r95,20270027,8,250,1.0,False,0.06,15.0,79,1.0,False,0.032,8.0,107
A0-B0-C0-r95,20270027,16,125,1.0,False,0.08,10.0,50,1.0,False,0.056,7.0,50
A0-B0-C0-r96,20270124,1,2000,4.0,False,0.2765,553.0,14,1.0,False,0.0105,21.0,795
A0-B0-C0-r96,20270124,2,1000,2.0,False,0.075,75.0,37,1.0,False,0.009,9.0,408
A0-B0-C0-r96,20270124,4,500,1.0,False,0.038,19.0,117,1.0,False,0.018,9.0,207
A0-B0-C0-r96,20270124,8,250,1.0,False,0.068,17.0,93,1.0,False,0.06,15.0,94
A0-B0-C0-r96,20270124,16,125,1.0,False,0.088,11.0,44,1.0,False,0.104,13.0,42
A0-B0-C0-r97,20270221,1,2000,4.0,False,0.465,930.0,12,1.0,False,0.0075,15.0,834
A0-B0-C0-r97,20270221,2,1000,2.0,False,0.088,88.0,42,1.0,False,0.014,14.0,405
A0-B0-C0-r97,20270221,4,500,1.0,False,0.036,18.0,113,1.0,False,0.038,19.0,205
A0-B0-C0-r97,20270221,8,250,1.0,False,0.04,10.0,84,1.0,False,0.044,11.0,101
A0-B0-C0-r97,20270221,16,125,1.0,False,0.064,8.0,46,1.0,False,0.088,11.0,53
A0-B0-C0-r98,20270318,1,2000,5.0,False,0.088,176.0,47,1.0,False,0.005,10.0,1194
A0-B0-C0-r98,20270318,2,1000,3.0,False,0.092,92.0,89,1.0,False,0.009,9.0,593
A0-B0-C0-r98,20270318,4,500,2.0,False,0.042,21.0,158,1.0,False,0.016,8.0,297
A0-B0-C0-r98,20270318,8,250,1.0,False,0.032,8.0,145,1.0,False,0.032,8.0,141
A0-B0-C0-r98,20270318,16,125,1.0,False,0.032,4.0,88,1.0,False,0.048,6.0,68
A0-B0-C0-r99,20270415,1,2000,4.0,False,1.0,2000.0,1,1.0,False,0.0045,9.0,1027
A0-B0-C0-r99,20270415,2,1000,2.0,False,0.161,161.0,34,1.0,False,0.009,9.0,498
A0-B0-C0-r99,20270415,4,500,1.0,False,0.032,16.0,143,1.0,False,0.022,11.0,236
A0-B0-C0-r99,20270415,8,250,1.0,False,0.028,7.0,124,1.0,False,0.04,10.0,123
A0-B0-C0-r99,20270415,16,125,1.0,False,0.048,6.0,69,1.0,False,0.072,9.0,63
A0-B0-C0-r100,20270512,1,2000,4.0,False,1.0,2000.0,1,1.0,False,0.007,14.0,948
A0-B0-C0-r100,20270512,2,1000,2.0,False,0.188,188.0,30,1.0,False,0.01,10.0,464
A0-B0-C0-r100,20270512,4,500,1.0,False,0.044,22.0,129,1.0,False,0.02,10.0,234
A0-B0-C0-r100,20270512,8,250,1.0,False,0.028,7.0,126,1.0,False,0.044,11.0,110
A0-B0-C0-r100,20270512,16,125,1.0,False,0.064,8.0,53,1.0,False,0.096,12.0,46
A0-B0-C0-r101,20270609,1,2000,5.0,False,0.1855,371.0,18,1.0,False,0.007,14.0,1009
A0-B0-C0-r101,20270609,2,1000,3.0,False,0.122,122.0,37,1.0,False,0.012,12.0,480
A0-B0-C0-r101,20270609,4,500,2.0,False,0.06,30.0,108,1.0,False,0.018,9.0,245
A0-B0-C0-r101,20270609,8,250,1.0,False,0.056,14.0,102,1.0,False,0.048,12.0,121
A0-B0-C0-r101,20270609,16,125,1.0,False,0.048,6.0,61,1.0,False,0.08,10.0,59
A0-B0-C0-r102,20270706,1,2000,4.0,False,1.0,2000.0,1,1.0,False,0.008,16.0,758
A0-B0-C0-r102,20270706,2,1000,2.0,False,0.313,313.0,11,1.0,False,0.016,16.0,377
A0-B0-C0-r102,20270706,4,500,2.0,False,0.08,40.0,76,1.0,False,0.02,10.0,179
A0-B0-C0-r102,20270706,8,250,1.0,False,0.076,19.0,76,1.0,False,0.036,9.0,94
A0-B0-C0-r102,20270706,16,125,1.0,False,0.08,10.0,39,1.0,False,0.112,14.0,43
A0-B0-C0-r103,20270803,1,2000,4.0,False,0.4475,895.0,6,1.0,False,0.0095,19.0,1046
A0-B0-C0-r103,20270803,2,1000,2.0,False,0.057,57.0,75,1.0,False,0.009,9.0,537
A0-B0-C0-r103,20270803,4,500,1.0,False,0.024,12.0,168,1.0,False,0.018,9.0,255
A0-B0-C0-r103,20270803,8,250,1.0,False,0.024,6.0,118,1.0,False,0.048,12.0,127
A0-B0-C0-r103,20270803,16,125,1.0,False,0.072,9.0,59,1.0,False,0.072,9.0,61
A0-B0-C0-r104,20270900,1,2000,4.0,False,0.713,1426.0,2,1.0,False,0.006,12.0,854
A0-B0-C0-r104,20270900,2,1000,2.0,False,0.222,222.0,20,1.0,False,0.01,10.0,446
A0-B0-C0-r104,20270900,4,500,1.0,False,0.038,19.0,92,1.0,False,0.022,11.0,216
A0-B0-C0-r104,20270900,8,250,1.0,False,0.036,9.0,95,1.0,False,0.028,7.0,106
A0-B0-C0-r104,20270900,16,125,1.0,False,0.104,13.0,42,1.0,False,0.064,8.0,55
A0-B0-C0-r105,20270997,1,2000,5.0,False,1.0,2000.0,1,1.0,False,0.01,20.0,694
A0-B0-C0-r105,20270997,2,1000,3.0,False,0.711,711.0,2,1.0,False,0.014,14.0,329
A0-B0-C0-r105,20270997,4,500,2.0,False,0.092,46.0,50,1.0,False,0.028,14.0,162
A0-B0-C0-r105,20270997,8,250,1.0,False,0.06,15.0,72,1.0,False,0.072,18.0,91
A0-B0-C0-r105,20270997,16,125,1.0,False,0.136,17.0,39,1.0,False,0.096,12.0,49
A0-B0-C0-r106,20271094,1,2000,4.0,False,0.6205,1241.0,4,1.0,False,0.007,14.0,816
A0-B0-C0-r106,20271094,2,1000,2.0,False,0.153,153.0,28,1.0,False,0.014,14.0,405
A0-B0-C0-r106,20271094,4,500,1.0,False,0.048,24.0,106,1.0,False,0.02,10.0,191
A0-B0-C0-r106,20271094,8,250,1.0,False,0.04,10.0,92,1.0,False,0.04,10.0,106
A0-B0-C0-r106,20271094,16,125,1.0,False,0.064,8.0,43,1.0,False,0.056,7.0,54
A0-B0-C0-r107,20271191,1,2000,3.0,False,0.04,80.0,129,1.0,False,0.004,8.0,1269
A0-B0-C0-r107,20271191,2,1000,2.0,False,0.021,21.0,233,1.0,False,0.007,7.0,655
A0-B0-C0-r107,20271191,4,500,1.0,False,0.018,9.0,238,1.0,False,0.016,8.0,313
A0-B0-C0-r107,20271191,8,250,1.0,False,0.02,5.0,154,1.0,False,0.024,6.0,166
A0-B0-C0-r107,20271191,16,125,1.0,False,0.04,5.0,78,1.0,False,0.04,5.0,78
A0-B0-C0-r108,20271288,1,2000,4.0,False,0.088,176.0,85,1.0,False,0.004,8.0,1290
A0-B0-C0-r108,20271288,2,1000,2.0,False,0.042,42.0,158,1.0,False,0.007,7.0,664
A0-B0-C0-r108,20271288,4,500,2.0,False,0.022,11.0,215,1.0,False,0.018,9.0,324
A0-B0-C0-r108,20271288,8,250,1.0,False,0.02,5.0,150,1.0,False,0.02,5.0,165
A0-B0-C0-r108,20271288,16,125,1.0,False,0.056,7.0,78,1.0,False,0.048,6.0,77
A0-B0-C0-r109,20271385,1,2000,4.0,False,0.449,898.0,5,1.0,False,0.0055,11.0,990
A0-B0-C0-r109,20271385,2,1000,2.0,False,0.089,89.0,68,1.0,False,0.012,12.0,488
A0-B0-C0-r109,20271385,4,500,1.0,False,0.036,18.0,162,1.0,False,0.018,9.0,253
A0-B0-C0-r109,20271385,8,250,1.0,False,0.036,9.0,108,1.0,False,0.032,8.0,133
A0-B0-C0-r109,20271385,16,125,1.0,False,0.048,6.0,61,1.0,False,0.072,9.0,62
A0-B0-C0-r110,20271482,1,2000,4.0,False,0.155,310.0,18,1.0,False,0.005,10.0,1098
A0-B0-C0-r110,20271482,2,1000,2.0,False,0.096,96.0,72,1.0,False,0.009,9.0,525
A0-B0-C0-r110,20271482,4,500,2.0,False,0.044,22.0,142,1.0,False,0.026,13.0,262
A0-B0-C0-r110,20271482,8,250,1.0,False,0.032,8.0,113,1.0,False,0.04,10.0,124
A0-B0-C0-r110,20271482,16,125,1.0,False,0.056,7.0,64,1.0,False,0.064,8.0,55
A0-B0-C0-r111,20271579,1,2000,4.0,False,1.0,2000.0,1,1.0,False,0.0115,23.0,622
A0-B0-C0-r111,20271579,2,1000,2.0,False,0.489,489.0,9,1.0,False,0.018,18.0,305
A0-B0-C0-r111,20271579,4,500,2.0,False,0.068,34.0,58,1.0,False,0.04,20.0,147
A0-B0-C0-r111,20271579,8,250,1.0,False,0.06,15.0,57,1.0,False,0.064,16.0,69
A0-B0-C0-r111,20271579,16,125,1.0,False,0.08,10.0,35,1.0,False,0.096,12.0,42
A0-B0-C0-r112,20271676,1,2000,4.0,False,0.15,300.0,28,1.0,False,0.0075,15.0,803
A0-B0-C0-r112,20271676,2,1000,2.0,False,0.1,100.0,41,1.0,False,0.012,12.0,411
A0-B0-C0-r112,20271676,4,500,1.0,False,0.044,22.0,95,1.0,False,0.022,11.0,193
A0-B0-C0-r112,20271676,8,250,1.0,False,0.052,13.0,75,1.0,False,0.048,12.0,93
A0-B0-C0-r112,20271676,16,125,1.0,False,0.088,11.0,37,1.0,False,0.088,11.0,53
A0-B0-C0-r113,20271773,1,2000,4.0,False,0.08,160.0,53,1.0,False,0.0055,11.0,1264
A0-B0-C0-r113,20271773,2,1000,2.0,False,0.033,33.0,189,1.0,False,0.009,9.0,640
A0-B0-C0-r113,20271773,4,500,1.0,False,0.022,11.0,243,1.0,False,0.018,9.0,308
A0-B0-C0-r113,20271773,8,250,1.0,False,0.024,6.0,152,1.0,False,0.04,10.0,145
A0-B0-C0-r113,20271773,16,125,1.0,False,0.064,8.0,76,1.0,False,0.072,9.0,64
A0-B0-C0-r114,20271870,1,2000,5.0,False,0.354,708.0,12,1.0,False,0.0045,9.0,1262
A0-B0-C0-r114,20271870,2,1000,3.0,False,0.13,130.0,90,1.0,False,0.008,8.0,617
A0-B0-C0-r114,20271870,4,500,2.0,False,0.04,20.0,192,1.0,False,0.014,7.0,298
A0-B0-C0-r114,20271870,8,250,1.0,False,0.04,10.0,151,1.0,False,0.032,8.0,153
A0-B0-C0-r114,20271870,16,125,1.0,False,0.048,6.0,75,1.0,False,0.056,7.0,78
A0-B0-C0-r115,20271967,1,2000,3.0,False,0.109,218.0,29,1.0,False,0.009,18.0,615
A0-B0-C0-r115,20271967,2,1000,2.0,False,0.133,133.0,38,1.0,False,0.019,19.0,292
A0-B0-C0-r115,20271967,4,500,1.0,False,0.042,21.0,85,1.0,False,0.032,16.0,139
A0-B0-C0-r115,20271967,8,250,1.0,False,0.08,20.0,68,1.0,False,0.068,17.0,93
A0-B0-C0-r115,20271967,16,125,1.0,False,0.104,13.0,41,1.0,False,0.08,10.0,35
A0-B0-C0-r116,20272064,1,2000,4.0,False,0.523,1046.0,5,1.0,False,0.0065,13.0,867
A0-B0-C0-r116,20272064,2,1000,2.0,False,0.211,211.0,23,1.0,False,0.012,12.0,412
A0-B0-C0-r116,20272064,4,500,1.0,False,0.058,29.0,100,1.0,False,0.03,15.0,220
A0-B0-C0-r116,20272064,8,250,1.0,False,0.04,10.0,94,1.0,False,0.032,8.0,107
A0-B0-C0-r116,20272064,16,125,1.0,False,0.064,8.0,51,1.0,False,0.088,11.0,52
A0-B0-C0-r117,20272161,1,2000,3.0,False,0.0615,123.0,77,1.0,False,0.0045,9.0,1103
A0-B0-C0-r117,20272161,2,1000,2.0,False,0.043,43.0,135,1.0,False,0.007,7.0,580
A0-B0-C0-r117,20272161,4,500,1.0,False,0.03,15.0,193,1.0,False,0.016,8.0,296
A0-B0-C0-r117,20272161,8,250,1.0,False,0.028,7.0,133,1.0,False,0.032,8.0,143
A0-B0-C0-r117,20272161,16,125,1.0,False,0.048,6.0,69,1.0,False,0.056,7.0,72
A0-B0-C0-r118,20272258,1,2000,4.0,False,0.12,240.0,20,1.0,False,0.0075,15.0,874
A0-B0-C0-r118,20272258,2,1000,2.0,False,0.106,106.0,48,1.0,False,0.012,12.0,454
A0-B0-C0-r118,20272258,4,500,1.0,False,0.042,21.0,107,1.0,False,0.024,12.0,191
A0-B0-C0-r118,20272258,8,250,1.0,False,0.044,11.0,93,1.0,False,0.04,10.0,96
A0-B0-C0-r118,20272258,16,125,1.0,False,0.072,9.0,56,1.0,False,0.048,6.0,55
A0-B0-C0-r119,20272355,1,2000,5.0,False,0.0615,123.0,90,1.0,False,0.004,8.0,1284
A0-B0-C0-r119,20272355,2,1000,3.0,False,0.048,48.0,148,1.0,False,0.006,6.0,623
A0-B0-C0-r119,20272355,4,500,2.0,False,0.042,21.0,195,1.0,False,0.01,5.0,323
A0-B0-C0-r119,20272355,8,250,1.0,False,0.044,11.0,142,1.0,False,0.024,6.0,168
A0-B0-C0-r119,20272355,16,125,1.0,False,0.088,11.0,66,1.0,False,0.032,4.0,77
A0-B0-C0-r120,20272452,1,2000,4.0,False,0.143,286.0,28,1.0,False,0.005,10.0,1132
A0-B0-C0-r120,20272452,2,1000,3.0,False,0.069,69.0,76,1.0,False,0.008,8.0,556
A0-B0-C0-r120,20272452,4,500,2.0,False,0.028,14.0,145,1.0,False,0.016,8.0,291
A0-B0-C0-r120,20272452,8,250,1.0,False,0.032,8.0,116,1.0,False,0.032,8.0,141
A0-B0-C0-r120,20272452,16,125,1.0,False,0.064,8.0,71,1.0,False,0.04,5.0,78
A0-B0-C0-r121,20272549,1,2000,4.0,False,0.434,868.0,4,1.0,False,0.0095,19.0,631
A0-B0-C0-r121,20272549,2,1000,2.0,False,0.233,233.0,15,1.0,False,0.015,15.0,315
A0-B0-C0-r121,20272549,4,500,1.0,False,0.068,34.0,87,1.0,False,0.03,15.0,177
A0-B0-C0-r121,20272549,8,250,1.0,False,0.072,18.0,64,1.0,False,0.048,12.0,83
A0-B0-C0-r121,20272549,16,125,1.0,False,0.184,23.0,28,1.0,False,0.096,12.0,31
A0-B0-C0-r122,20272646,1,2000,4.0,False,0.0635,127.0,62,1.0,False,0.0075,15.0,941
A0-B0-C0-r122,20272646,2,1000,2.0,False,0.063,63.0,88,1.0,False,0.011,11.0,457
A0-B0-C0-r122,20272646,4,500,1.0,False,0.032,16.0,129,1.0,False,0.016,8.0,252
A0-B0-C0-r122,20272646,8,250,1.0,False,0.036,9.0,88,1.0,False,0.036,9.0,107
A0-B0-C0-r122,20272646,16,125,1.0,False,0.056,7.0,50,1.0,False,0.08,10.0,41
A0-B0-C0-r123,20272743,1,2000,4.0,False,1.0,2000.0,1,1.0,False,0.008,16.0,794
A0-B0-C0-r123,20272743,2,1000,2.0,False,0.218,218.0,15,1.0,False,0.012,12.0,393
A0-B0-C0-r123,20272743,4,500,2.0,False,0.064,32.0,91,1.0,False,0.028,14.0,194
A0-B0-C0-r123,20272743,8,250,1.0,False,0.044,11.0,80,1.0,False,0.044,11.0,106
A0-B0-C0-r123,20272743,16,125,1.0,False,0.072,9.0,45,1.0,False,0.056,7.0,57
A0-B0-C0-r124,20272840,1,2000,5.0,False,0.1655,331.0,25,1.0,False,0.004,8.0,1288
A0-B0-C0-r124,20272840,2,1000,3.0,False,0.061,61.0,119,1.0,False,0.006,6.0,657
A0-B0-C0-r124,20272840,4,500,2.0,False,0.03,15.0,193,1.0,False,0.016,8.0,319
A0-B0-C0-r124,20272840,8,250,1.0,False,0.024,6.0,143,1.0,False,0.02,5.0,155
A0-B0-C0-r124,20272840,16,125,1.0,False,0.056,7.0,80,1.0,False,0.032,4.0,80
A0-B0-C0-r125,20272937,1,2000,5.0,False,0.966,1932.0,2,1.0,False,0.0035,7.0,1141
A0-B0-C0-r125,20272937,2,1000,3.0,False,0.097,97.0,44,1.0,False,0.008,8.0,596
A0-B0-C0-r125,20272937,4,500,2.0,False,0.038,19.0,141,1.0,False,0.018,9.0,279
A0-B0-C0-r125,20272937,8,250,1.0,False,0.028,7.0,120,1.0,False,0.032,8.0,137
A0-B0-C0-r125,20272937,16,125,1.0,False,0.048,6.0,73,1.0,False,0.048,6.0,73
A0-B0-C0-r126,20273034,1,2000,4.0,False,1.0,2000.0,1,1.0,False,0.0055,11.0,942
A0-B0-C0-r126,20273034,2,1000,2.0,False,0.247,247.0,36,1.0,False,0.013,13.0,478
A0-B0-C0-r126,20273034,4,500,2.0,False,0.054,27.0,116,1.0,False,0.018,9.0,227
A0-B0-C0-r126,20273034,8,250,1.0,False,0.032,8.0,101,1.0,False,0.036,9.0,109
A0-B0-C0-r126,20273034,16,125,1.0,False,0.096,12.0,41,1.0,False,0.104,13.0,53
A0-B0-C0-r127,20273131,1,2000,3.0,False,0.051,102.0,114,1.0,False,0.004,8.0,1209
A0-B0-C0-r127,20273131,2,1000,2.0,False,0.03,30.0,222,1.0,False,0.008,8.0,578
A0-B0-C0-r127,20273131,4,500,1.0,False,0.022,11.0,230,1.0,False,0.016,8.0,305
A0-B0-C0-r127,20273131,8,250,1.0,False,0.024,6.0,142,1.0,False,0.028,7.0,139
A0-B0-C0-r127,20273131,16,125,1.0,False,0.048,6.0,75,1.0,False,0.04,5.0,79
A0-B0-C0-r128,20273228,1,2000,3.0,False,0.166,332.0,19,1.0,False,0.0065,13.0,711
A0-B0-C0-r128,20273228,2,1000,2.0,False,0.089,89.0,47,1.0,False,0.014,14.0,368
A0-B0-C0-r128,20273228,4,500,1.0,False,0.04,20.0,108,1.0,False,0.016,8.0,192
A0-B0-C0-r128,20273228,8,250,1.0,False,0.052,13.0,84,1.0,False,0.032,8.0,92
A0-B0-C0-r128,20273228,16,125,1.0,False,0.072,9.0,47,1.0,False,0.064,8.0,49
A0-B0-C0-r129,20273325,1,2000,3.0,False,0.02,40.0,271,1.0,False,0.003,6.0,1395
A0-B0-C0-r129,20273325,2,1000,2.0,False,0.029,29.0,340,1.0,False,0.006,6.0,694
A0-B0-C0-r129,20273325,4,500,1.0,False,0.018,9.0,270,1.0,False,0.01,5.0,344
A0-B0-C0-r129,20273325,8,250,1.0,False,0.032,8.0,150,1.0,False,0.024,6.0,164
A0-B0-C0-r129,20273325,16,125,1.0,False,0.048,6.0,81,1.0,False,0.04,5.0,82
A0-B0-C0-r130,20273422,1,2000,4.0,False,0.184,368.0,22,1.0,False,0.0045,9.0,1213
A0-B0-C0-r130,20273422,2,1000,2.0,False,0.049,49.0,113,1.0,False,0.009,9.0,600
A0-B0-C0-r130,20273422,4,500,2.0,False,0.034,17.0,193,1.0,False,0.014,7.0,296
A0-B0-C0-r130,20273422,8,250,1.0,False,0.036,9.0,140,1.0,False,0.032,8.0,142
A0-B0-C0-r130,20273422,16,125,1.0,False,0.032,4.0,84,1.0,False,0.08,10.0,63
A0-B0-C0-r131,20273519,1,2000,4.0,False,0.0635,127.0,80,1.0,False,0.0045,9.0,1275
A0-B0-C0-r131,20273519,2,1000,2.0,False,0.029,29.0,187,1.0,False,0.008,8.0,636
A0-B0-C0-r131,20273519,4,500,1.0,False,0.02,10.0,216,1.0,False,0.012,6.0,318
A0-B0-C0-r131,20273519,8,250,1.0,False,0.024,6.0,144,1.0,False,0.024,6.0,151
A0-B0-C0-r131,20273519,16,125,1.0,False,0.048,6.0,79,1.0,False,0.04,5.0,77
A0-B0-C0-r132,20273616,1,2000,3.0,False,0.036,72.0,146,1.0,False,0.0055,11.0,1152
A0-B0-C0-r132,20273616,2,1000,2.0,False,0.024,24.0,220,1.0,False,0.008,8.0,587
A0-B0-C0-r132,20273616,4,500,1.0,False,0.02,10.0,213,1.0,False,0.016,8.0,271
A0-B0-C0-r132,20273616,8,250,1.0,False,0.04,10.0,113,1.0,False,0.036,9.0,136
A0-B0-C0-r132,20273616,16,125,1.0,False,0.056,7.0,63,1.0,False,0.04,5.0,72
A0-B0-C0-r133,20273713,1,2000,4.0,False,0.1725,345.0,21,1.0,False,0.005,10.0,1101
A0-B0-C0-r133,20273713,2,1000,2.0,False,0.044,44.0,109,1.0,False,0.009,9.0,550
A0-B0-C0-r133,20273713,4,500,1.0,False,0.032,16.0,165,1.0,False,0.024,12.0,265
A0-B0-C0-r133,20273713,8,250,1.0,False,0.036,9.0,114,1.0,False,0.02,5.0,135
A0-B0-C0-r133,20273713,16,125,1.0,False,0.064,8.0,70,1.0,False,0.048,6.0,81
A0-B0-C0-r134,20273810,1,2000,4.0,False,0.044,88.0,155,1.0,False,0.004,8.0,1287
A0-B0-C0-r134,20273810,2,1000,2.0,False,0.033,33.0,230,1.0,False,0.007,7.0,658
A0-B0-C0-r134,20273810,4,500,1.0,False,0.028,14.0,239,1.0,False,0.014,7.0,300
A0-B0-C0-r134,20273810,8,250,1.0,False,0.032,8.0,143,1.0,False,0.024,6.0,155
A0-B0-C0-r134,20273810,16,125,1.0,False,0.048,6.0,74,1.0,False,0.04,5.0,81
A0-B0-C0-r135,20273907,1,2000,5.0,False,0.775,1550.0,2,1.0,False,0.0055,11.0,871
A0-B0-C0-r135,20273907,2,1000,3.0,False,0.628,628.0,3,1.0,False,0.011,11.0,406
A0-B0-C0-r135,20273907,4,500,2.0,False,0.06,30.0,70,1.0,False,0.022,11.0,211
A0-B0-C0-r135,20273907,8,250,1.0,False,0.052,13.0,85,1.0,False,0.032,8.0,113
A0-B0-C0-r135,20273907,16,125,1.0,False,0.08,10.0,47,1.0,False,0.096,12.0,47
A0-B0-C0-r136,20274004,1,2000,4.0,False,0.4445,889.0,6,1.0,False,0.0065,13.0,808
A0-B0-C0-r136,20274004,2,1000,2.0,False,0.112,112.0,32,1.0,False,0.012,12.0,418
A0-B0-C0-r136,20274004,4,500,1.0,False,0.046,23.0,116,1.0,False,0.026,13.0,210
A0-B0-C0-r136,20274004,8,250,1.0,False,0.06,15.0,78,1.0,False,0.052,13.0,91
A0-B0-C0-r136,20274004,16,125,1.0,False,0.088,11.0,40,1.0,False,0.08,10.0,43
A0-B0-C0-r137,20274101,1,2000,5.0,False,1.0,2000.0,1,1.0,False,0.0045,9.0,1132
A0-B0-C0-r137,20274101,2,1000,3.0,False,0.136,136.0,51,1.0,False,0.01,10.0,572
A0-B0-C0-r137,20274101,4,500,2.0,False,0.048,24.0,144,1.0,False,0.016,8.0,286
A0-B0-C0-r137,20274101,8,250,1.0,False,0.044,11.0,116,1.0,False,0.024,6.0,144
A0-B0-C0-r137,20274101,16,125,1.0,False,0.048,6.0,70,1.0,False,0.056,7.0,63
A0-B0-C0-r138,20274198,1,2000,4.0,False,1.0,2000.0,1,1.0,False,0.01,20.0,697
A0-B0-C0-r138,20274198,2,1000,2.0,False,1.0,1000.0,1,1.0,False,0.021,21.0,337
A0-B0-C0-r138,20274198,4,500,2.0,False,0.078,39.0,65,1.0,False,0.032,16.0,164
A0-B0-C0-r138,20274198,8,250,1.0,False,0.088,22.0,69,1.0,False,0.064,16.0,79
A0-B0-C0-r138,20274198,16,125,1.0,False,0.104,13.0,38,1.0,False,0.128,16.0,41
A0-B0-C0-r139,20274295,1,2000,3.0,False,0.0325,65.0,155,1.0,False,0.0045,9.0,1372
A0-B0-C0-r139,20274295,2,1000,2.0,False,0.02,20.0,320,1.0,False,0.007,7.0,671
A0-B0-C0-r139,20274295,4,500,1.0,False,0.014,7.0,282,1.0,False,0.014,7.0,343
A0-B0-C0-r139,20274295,8,250,1.0,False,0.032,8.0,159,1.0,False,0.02,5.0,182
A0-B0-C0-r139,20274295,16,125,1.0,False,0.048,6.0,89,1.0,False,0.064,8.0,79
A0-B0-C0-r140,20274392,1,2000,4.0,False,0.532,1064.0,5,1.0,False,0.007,14.0,616
A0-B0-C0-r140,20274392,2,1000,2.0,False,0.209,209.0,15,1.0,False,0.019,19.0,305
A0-B0-C0-r140,20274392,4,500,1.0,False,0.044,22.0,81,1.0,False,0.026,13.0,162
A0-B0-C0-r140,20274392,8,250,1.0,False,0.052,13.0,62,1.0,False,0.048,12.0,71
A0-B0-C0-r140,20274392,16,125,1.0,False,0.088,11.0,36,1.0,False,0.144,18.0,34
A0-B0-C0-r141,20274489,1,2000,4.0,False,0.052,104.0,135,1.0,False,0.004,8.0,1296
A0-B0-C0-r141,20274489,2,1000,2.0,False,0.027,27.0,268,1.0,False,0.007,7.0,650
A0-B0-C0-r141,20274489,4,500,1.0,False,0.014,7.0,268,1.0,False,0.014,7.0,322
A0-B0-C0-r141,20274489,8,250,1.0,False,0.024,6.0,148,1.0,False,0.028,7.0,162
A0-B0-C0-r141,20274489,16,125,1.0,False,0.04,5.0,79,1.0,False,0.056,7.0,75
A0-B0-C0-r142,20274586,1,2000,4.0,False,0.021,42.0,320,1.0,False,0.004,8.0,1389
A0-B0-C0-r142,20274586,2,1000,2.0,False,0.024,24.0,267,1.0,False,0.009,9.0,686
A0-B0-C0-r142,20274586,4,500,1.0,False,0.018,9.0,267,1.0,False,0.012,6.0,344
A0-B0-C0-r142,20274586,8,250,1.0,False,0.02,5.0,170,1.0,False,0.02,5.0,164
A0-B0-C0-r142,20274586,16,125,1.0,False,0.032,4.0,84,1.0,False,0.032,4.0,83
A0-B0-C0-r143,20274683,1,2000,5.0,False,0.207,414.0,35,1.0,False,0.0035,7.0,1402
A0-B0-C0-r143,20274683,2,1000,3.0,False,0.042,42.0,159,1.0,False,0.007,7.0,669
A0-B0-C0-r143,20274683,4,500,2.0,False,0.024,12.0,224,1.0,False,0.014,7.0,353
A0-B0-C0-r143,20274683,8,250,1.0,False,0.032,8.0,158,1.0,False,0.02,5.0,181
A0-B0-C0-r143,20274683,16,125,1.0,False,0.04,5.0,87,1.0,False,0.032,4.0,86
A0-B0-C0-r144,20274780,1,2000,3.0,False,0.0265,53.0,237,1.0,False,0.003,6.0,1306
A0-B0-C0-r144,20274780,2,1000,2.0,False,0.02,20.0,328,1.0,False,0.008,8.0,642
A0-B0-C0-r144,20274780,4,500,1.0,False,0.034,17.0,251,1.0,False,0.014,7.0,316
A0-B0-C0-r144,20274780,8,250,1.0,False,0.032,8.0,146,1.0,False,0.028,7.0,147
A0-B0-C0-r144,20274780,16,125,1.0,False,0.04,5.0,84,1.0,False,0.032,4.0,84
A0-B0-C0-r145,20274877,1,2000,4.0,False,0.0585,117.0,74,1.0,False,0.0045,9.0,1269
A0-B0-C0-r145,20274877,2,1000,2.0,False,0.031,31.0,193,1.0,False,0.007,7.0,633
A0-B0-C0-r145,20274877,4,500,1.0,False,0.02,10.0,231,1.0,False,0.01,5.0,316
A0-B0-C0-r145,20274877,8,250,1.0,False,0.036,9.0,151,1.0,False,0.02,5.0,157
A0-B0-C0-r145,20274877,16,125,1.0,False,0.04,5.0,75,1.0,False,0.04,5.0,78
A0-B0-C0-r146,20274974,1,2000,4.0,False,0.3885,777.0,7,1.0,False,0.007,14.0,1008
A0-B0-C0-r146,20274974,2,1000,2.0,False,0.088,88.0,76,1.0,False,0.009,9.0,494
A0-B0-C0-r146,20274974,4,500,1.0,False,0.028,14.0,160,1.0,False,0.022,11.0,256
A0-B0-C0-r146,20274974,8,250,1.0,False,0.028,7.0,112,1.0,False,0.04,10.0,113
A0-B0-C0-r146,20274974,16,125,1.0,False,0.072,9.0,55,1.0,False,0.064,8.0,56
A0-B0-C0-r147,20275071,1,2000,3.0,False,0.057,114.0,76,1.0,False,0.0055,11.0,1056
A0-B0-C0-r147,20275071,2,1000,2.0,False,0.027,27.0,144,1.0,False,0.01,10.0,513
A0-B0-C0-r147,20275071,4,500,1.0,False,0.024,12.0,184,1.0,False,0.016,8.0,262
A0-B0-C0-r147,20275071,8,250,1.0,False,0.036,9.0,120,1.0,False,0.02,5.0,146
A0-B0-C0-r147,20275071,16,125,1.0,False,0.064,8.0,54,1.0,False,0.056,7.0,68
A0-B0-C0-r148,20275168,1,2000,3.0,False,0.167,334.0,15,1.0,False,0.0065,13.0,923
A0-B0-C0-r148,20275168,2,1000,2.0,False,0.091,91.0,78,1.0,False,0.011,11.0,475
A0-B0-C0-r148,20275168,4,500,1.0,False,0.028,14.0,157,1.0,False,0.022,11.0,221
A0-B0-C0-r148,20275168,8,250,1.0,False,0.036,9.0,99,1.0,False,0.028,7.0,113
A0-B0-C0-r148,20275168,16,125,1.0,False,0.072,9.0,59,1.0,False,0.08,10.0,50
A0-B0-C0-r149,20275265,1,2000,4.0,False,0.5735,1147.0,2,1.0,False,0.0065,13.0,725
A0-B0-C0-r149,20275265,2,1000,2.0,False,0.228,228.0,15,1.0,False,0.016,16.0,364
A0-B0-C0-r149,20275265,4,500,1.0,False,0.082,41.0,77,1.0,False,0.03,15.0,190
A0-B0-C0-r149,20275265,8,250,1.0,False,0.064,16.0,76,1.0,False,0.064,16.0,94
A0-B0-C0-r149,20275265,16,125,1.0,False,0.096,12.0,40,1.0,False,0.136,17.0,45
A0-B0-C0-r150,20275362,1,2000,3.0,False,0.015,30.0,405,1.0,False,0.0035,7.0,1366
A0-B0-C0-r150,20275362,2,1000,2.0,False,0.011,11.0,390,1.0,False,0.007,7.0,648
A0-B0-C0-r150,20275362,4,500,1.0,False,0.012,6.0,283,1.0,False,0.012,6.0,349
A0-B0-C0-r150,20275362,8,250,1.0,False,0.024,6.0,166,1.0,False,0.016,4.0,172
A0-B0-C0-r150,20275362,16,125,1.0,False,0.04,5.0,77,1.0,False,0.04,5.0,77
A0-B0-C0-r151,20275459,1,2000,5.0,False,0.099,198.0,52,1.0,False,0.0045,9.0,1332
A0-B0-C0-r151,20275459,2,1000,3.0,False,0.041,41.0,194,1.0,False,0.006,6.0,694
A0-B0-C0-r151,20275459,4,500,2.0,False,0.034,17.0,216,1.0,False,0.012,6.0,345
A0-B0-C0-r151,20275459,8,250,1.0,False,0.036,9.0,150,1.0,False,0.028,7.0,159
A0-B0-C0-r151,20275459,16,125,1.0,False,0.048,6.0,79,1.0,False,0.032,4.0,85
A0-B0-C0-r152,20275556,1,2000,4.0,False,0.116,232.0,42,1.0,False,0.003,6.0,1408
A0-B0-C0-r152,20275556,2,1000,2.0,False,0.027,27.0,244,1.0,False,0.007,7.0,691
A0-B0-C0-r152,20275556,4,500,1.0,False,0.016,8.0,271,1.0,False,0.012,6.0,347
A0-B0-C0-r152,20275556,8,250,1.0,False,0.028,7.0,161,1.0,False,0.02,5.0,163
A0-B0-C0-r152,20275556,16,125,1.0,False,0.024,3.0,95,1.0,False,0.064,8.0,85
A0-B0-C0-r153,20275653,1,2000,4.0,False,0.6805,1361.0,2,1.0,False,0.0065,13.0,839
A0-B0-C0-r153,20275653,2,1000,2.0,False,0.277,277.0,23,1.0,False,0.012,12.0,436
A0-B0-C0-r153,20275653,4,500,1.0,False,0.064,32.0,100,1.0,False,0.018,9.0,225
A0-B0-C0-r153,20275653,8,250,1.0,False,0.06,15.0,95,1.0,False,0.044,11.0,122
A0-B0-C0-r153,20275653,16,125,1.0,False,0.064,8.0,51,1.0,False,0.104,13.0,43
A0-B0-C0-r154,20275750,1,2000,5.0,False,1.0,2000.0,1,1.0,False,0.008,16.0,622
A0-B0-C0-r154,20275750,2,1000,3.0,False,1.0,1000.0,1,1.0,False,0.018,18.0,336
A0-B0-C0-r154,20275750,4,500,2.0,False,0.126,63.0,33,1.0,False,0.026,13.0,167
A0-B0-C0-r154,20275750,8,250,1.0,False,0.08,20.0,50,1.0,False,0.04,10.0,82
A0-B0-C0-r154,20275750,16,125,1.0,False,0.096,12.0,37,1.0,False,0.12,15.0,32
A0-B0-C0-r155,20275847,1,2000,5.0,False,0.326,652.0,10,1.0,False,0.0045,9.0,1207
A0-B0-C0-r155,20275847,2,1000,3.0,False,0.13,130.0,60,1.0,False,0.008,8.0,576
A0-B0-C0-r155,20275847,4,500,2.0,False,0.046,23.0,153,1.0,False,0.018,9.0,293
A0-B0-C0-r155,20275847,8,250,1.0,False,0.032,8.0,129,1.0,False,0.024,6.0,153
A0-B0-C0-r155,20275847,16,125,1.0,False,0.04,5.0,71,1.0,False,0.048,6.0,74
A0-B0-C0-r156,20275944,1,2000,4.0,False,0.029,58.0,166,1.0,False,0.0035,7.0,1403
A0-B0-C0-r156,20275944,2,1000,2.0,False,0.023,23.0,287,1.0,False,0.006,6.0,698
A0-B0-C0-r156,20275944,4,500,1.0,False,0.014,7.0,266,1.0,False,0.016,8.0,349
A0-B0-C0-r156,20275944,8,250,1.0,False,0.02,5.0,167,1.0,False,0.024,6.0,178
A0-B0-C0-r156,20275944,16,125,1.0,False,0.032,4.0,94,1.0,False,0.056,7.0,78
A0-B0-C0-r157,20276041,1,2000,4.0,False,0.13,260.0,21,1.0,False,0.0055,11.0,1121
A0-B0-C0-r157,20276041,2,1000,2.0,False,0.063,63.0,108,1.0,False,0.011,11.0,531
A0-B0-C0-r157,20276041,4,500,1.0,False,0.03,15.0,183,1.0,False,0.026,13.0,254
A0-B0-C0-r157,20276041,8,250,1.0,False,0.056,14.0,122,1.0,False,0.024,6.0,147
A0-B0-C0-r157,20276041,16,125,1.0,False,0.048,6.0,66,1.0,False,0.056,7.0,63
A0-B0-C0-r158,20276138,1,2000,4.0,False,0.0705,141.0,69,1.0,False,0.0035,7.0,1301
A0-B0-C0-r158,20276138,2,1000,2.0,False,0.039,39.0,173,1.0,False,0.007,7.0,659
A0-B0-C0-r158,20276138,4,500,1.0,False,0.02,10.0,239,1.0,False,0.018,9.0,311
A0-B0-C0-r158,20276138,8,250,1.0,False,0.028,7.0,162,1.0,False,0.024,6.0,146
A0-B0-C0-r158,20276138,16,125,1.0,False,0.04,5.0,79,1.0,False,0.056,7.0,81
A0-B0-C0-r159,20276235,1,2000,4.0,False,0.0295,59.0,111,1.0,False,0.0065,13.0,1156
A0-B0-C0-r159,20276235,2,1000,2.0,False,0.072,72.0,143,1.0,False,0.011,11.0,547
A0-B0-C0-r159,20276235,4,500,2.0,False,0.052,26.0,179,1.0,False,0.02,10.0,277
A0-B0-C0-r159,20276235,8,250,1.0,False,0.064,16.0,120,1.0,False,0.02,5.0,143
A0-B0-C0-r159,20276235,16,125,1.0,False,0.064,8.0,57,1.0,False,0.04,5.0,72
A0-B0-C0-r160,20276332,1,2000,4.0,False,0.3855,771.0,7,1.0,False,0.0045,9.0,1195
A0-B0-C0-r160,20276332,2,1000,2.0,False,0.063,63.0,101,1.0,False,0.008,8.0,622
A0-B0-C0-r160,20276332,4,500,2.0,False,0.036,18.0,181,1.0,False,0.01,5.0,328
A0-B0-C0-r160,20276332,8,250,1.0,False,0.028,7.0,129,1.0,False,0.02,5.0,147
A0-B0-C0-r160,20276332,16,125,1.0,False,0.072,9.0,65,1.0,False,0.04,5.0,81
A0-B0-C0-r161,20276429,1,2000,4.0,False,1.0,2000.0,1,1.0,False,0.0055,11.0,927
A0-B0-C0-r161,20276429,2,1000,3.0,False,0.402,402.0,13,1.0,False,0.009,9.0,453
A0-B0-C0-r161,20276429,4,500,2.0,False,0.048,24.0,106,1.0,False,0.02,10.0,235
A0-B0-C0-r161,20276429,8,250,1.0,False,0.044,11.0,100,1.0,False,0.032,8.0,109
A0-B0-C0-r161,20276429,16,125,1.0,False,0.064,8.0,51,1.0,False,0.064,8.0,51
A0-B0-C0-r162,20276526,1,2000,5.0,False,1.0,2000.0,1,1.0,False,0.005,10.0,906
A0-B0-C0-r162,20276526,2,1000,3.0,False,0.206,206.0,12,1.0,False,0.009,9.0,436
A0-B0-C0-r162,20276526,4,500,2.0,False,0.058,29.0,117,1.0,False,0.022,11.0,221
A0-B0-C0-r162,20276526,8,250,1.0,False,0.04,10.0,107,1.0,False,0.028,7.0,111
A0-B0-C0-r162,20276526,16,125,1.0,False,0.056,7.0,52,1.0,False,0.064,8.0,59
A0-B0-C0-r163,20276623,1,2000,4.0,False,1.0,2000.0,1,1.0,False,0.0055,11.0,914
A0-B0-C0-r163,20276623,2,1000,2.0,False,0.233,233.0,26,1.0,False,0.011,11.0,442
A0-B0-C0-r163,20276623,4,500,1.0,False,0.046,23.0,129,1.0,False,0.018,9.0,236
A0-B0-C0-r163,20276623,8,250,1.0,False,0.044,11.0,110,1.0,False,0.032,8.0,124
A0-B0-C0-r163,20276623,16,125,1.0,False,0.056,7.0,57,1.0,False,0.088,11.0,58
A0-B0-C0-r164,20276720,1,2000,3.0,False,0.0805,161.0,48,1.0,False,0.0055,11.0,1052
A0-B0-C0-r164,20276720,2,1000,2.0,False,0.049,49.0,127,1.0,False,0.009,9.0,536
A0-B0-C0-r164,20276720,4,500,1.0,False,0.038,19.0,174,1.0,False,0.016,8.0,256
A0-B0-C0-r164,20276720,8,250,1.0,False,0.024,6.0,122,1.0,False,0.028,7.0,121
A0-B0-C0-r164,20276720,16,125,1.0,False,0.104,13.0,59,1.0,False,0.064,8.0,70
A0-B0-C0-r165,20276817,1,2000,4.0,False,1.0,2000.0,1,1.0,False,0.006,12.0,810
A0-B0-C0-r165,20276817,2,1000,2.0,False,0.208,208.0,21,1.0,False,0.009,9.0,412
A0-B0-C0-r165,20276817,4,500,1.0,False,0.066,33.0,103,1.0,False,0.024,12.0,198
A0-B0-C0-r165,20276817,8,250,1.0,False,0.036,9.0,95,1.0,False,0.052,13.0,100
A0-B0-C0-r165,20276817,16,125,1.0,False,0.128,16.0,48,1.0,False,0.064,8.0,52
A0-B0-C0-r166,20276914,1,2000,3.0,False,0.1265,253.0,22,1.0,False,0.006,12.0,974
A0-B0-C0-r166,20276914,2,1000,2.0,False,0.055,55.0,93,1.0,False,0.01,10.0,505
A0-B0-C0-r166,20276914,4,500,1.0,False,0.036,18.0,177,1.0,False,0.016,8.0,247
A0-B0-C0-r166,20276914,8,250,1.0,False,0.044,11.0,119,1.0,False,0.032,8.0,125
A0-B0-C0-r166,20276914,16,125,1.0,False,0.056,7.0,63,1.0,False,0.048,6.0,55
A0-B0-C0-r167,20277011,1,2000,4.0,False,1.0,2000.0,1,1.0,False,0.007,14.0,837
A0-B0-C0-r167,20277011,2,1000,3.0,False,0.393,393.0,4,1.0,False,0.012,12.0,424
A0-B0-C0-r167,20277011,4,500,2.0,False,0.078,39.0,86,1.0,False,0.02,10.0,205
A0-B0-C0-r167,20277011,8,250,1.0,False,0.048,12.0,98,1.0,False,0.04,10.0,98
A0-B0-C0-r167,20277011,16,125,1.0,False,0.08,10.0,45,1.0,False,0.072,9.0,48
A0-B0-C0-r168,20277108,1,2000,3.0,False,0.098,196.0,29,1.0,False,0.01,20.0,652
A0-B0-C0-r168,20277108,2,1000,2.0,False,0.104,104.0,37,1.0,False,0.018,18.0,296
A0-B0-C0-r168,20277108,4,500,1.0,False,0.042,21.0,80,1.0,False,0.024,12.0,156
A0-B0-C0-r168,20277108,8,250,1.0,False,0.06,15.0,69,1.0,False,0.06,15.0,87
A0-B0-C0-r168,20277108,16,125,1.0,False,0.072,9.0,41,1.0,False,0.048,6.0,52
A0-B0-C0-r169,20277205,1,2000,4.0,False,1.0,2000.0,1,1.0,False,0.005,10.0,891
A0-B0-C0-r169,20277205,2,1000,2.0,False,0.28,280.0,11,1.0,False,0.012,12.0,469
A0-B0-C0-r169,20277205,4,500,1.0,False,0.056,28.0,114,1.0,False,0.022,11.0,212
A0-B0-C0-r169,20277205,8,250,1.0,False,0.048,12.0,94,1.0,False,0.048,12.0,105
A0-B0-C0-r169,20277205,16,125,1.0,False,0.072,9.0,45,1.0,False,0.096,12.0,51
A0-B0-C0-r170,20277302,1,2000,3.0,False,0.1815,363.0,20,1.0,False,0.0065,13.0,806
A0-B0-C0-r170,20277302,2,1000,2.0,False,0.095,95.0,62,1.0,False,0.013,13.0,397
A0-B0-C0-r170,20277302,4,500,1.0,False,0.04,20.0,128,1.0,False,0.024,12.0,198
A0-B0-C0-r170,20277302,8,250,1.0,False,0.04,10.0,98,1.0,False,0.044,11.0,103
A0-B0-C0-r170,20277302,16,125,1.0,False,0.056,7.0,50,1.0,False,0.112,14.0,46
A0-B0-C0-r171,20277399,1,2000,4.0,False,0.152,304.0,21,1.0,False,0.0075,15.0,891
A0-B0-C0-r171,20277399,2,1000,2.0,False,0.057,57.0,66,1.0,False,0.015,15.0,451
A0-B0-C0-r171,20277399,4,500,1.0,False,0.044,22.0,138,1.0,False,0.022,11.0,210
A0-B0-C0-r171,20277399,8,250,1.0,False,0.032,8.0,98,1.0,False,0.04,10.0,96
A0-B0-C0-r171,20277399,16,125,1.0,False,0.048,6.0,61,1.0,False,0.04,5.0,52
A0-B0-C0-r172,20277496,1,2000,2.0,False,0.0405,81.0,113,1.0,False,0.0085,17.0,691
A0-B0-C0-r172,20277496,2,1000,2.0,False,0.054,54.0,107,1.0,False,0.019,19.0,375
A0-B0-C0-r172,20277496,4,500,1.0,False,0.034,17.0,109,1.0,False,0.028,14.0,183
A0-B0-C0-r172,20277496,8,250,1.0,False,0.04,10.0,76,1.0,False,0.048,12.0,88
A0-B0-C0-r172,20277496,16,125,1.0,False,0.088,11.0,38,1.0,False,0.056,7.0,44
A0-B0-C0-r173,20277593,1,2000,4.0,False,0.1175,235.0,41,1.0,False,0.0045,9.0,1209
A0-B0-C0-r173,20277593,2,1000,2.0,False,0.043,43.0,119,1.0,False,0.006,6.0,622
A0-B0-C0-r173,20277593,4,500,2.0,False,0.026,13.0,200,1.0,False,0.012,6.0,312
A0-B0-C0-r173,20277593,8,250,1.0,False,0.028,7.0,144,1.0,False,0.02,5.0,154
A0-B0-C0-r173,20277593,16,125,1.0,False,0.032,4.0,80,1.0,False,0.04,5.0,76
A0-B0-C0-r174,20277690,1,2000,3.0,False,0.022,44.0,300,1.0,False,0.0035,7.0,1344
A0-B0-C0-r174,20277690,2,1000,2.0,False,0.02,20.0,337,1.0,False,0.007,7.0,687
A0-B0-C0-r174,20277690,4,500,1.0,False,0.014,7.0,284,1.0,False,0.014,7.0,324
A0-B0-C0-r174,20277690,8,250,1.0,False,0.016,4.0,168,1.0,False,0.02,5.0,178
A0-B0-C0-r174,20277690,16,125,1.0,False,0.032,4.0,90,1.0,False,0.032,4.0,82
A0-B0-C0-r175,20277787,1,2000,4.0,False,0.634,1268.0,3,1.0,False,0.0065,13.0,802
A0-B0-C0-r175,20277787,2,1000,2.0,False,0.116,116.0,30,1.0,False,0.018,18.0,412
A0-B0-C0-r175,20277787,4,500,1.0,False,0.054,27.0,105,1.0,False,0.026,13.0,197
A0-B0-C0-r175,20277787,8,250,1.0,False,0.052,13.0,88,1.0,False,0.048,12.0,93
A0-B0-C0-r175,20277787,16,125,1.0,False,0.072,9.0,46,1.0,False,0.104,13.0,46
A0-B0-C0-r176,20277884,1,2000,5.0,False,1.0,2000.0,1,1.0,False,0.008,16.0,717
A0-B0-C0-r176,20277884,2,1000,3.0,False,0.313,313.0,4,1.0,False,0.016,16.0,353
A0-B0-C0-r176,20277884,4,500,2.0,False,0.12,60.0,55,1.0,False,0.046,23.0,190
A0-B0-C0-r176,20277884,8,250,1.0,False,0.06,15.0,60,1.0,False,0.068,17.0,91
A0-B0-C0-r176,20277884,16,125,1.0,False,0.088,11.0,46,1.0,False,0.072,9.0,44
A0-B0-C0-r177,20277981,1,2000,5.0,False,1.0,2000.0,1,1.0,False,0.0095,19.0,949
A0-B0-C0-r177,20277981,2,1000,3.0,False,0.202,202.0,17,1.0,False,0.013,13.0,498
A0-B0-C0-r177,20277981,4,500,2.0,False,0.05,25.0,98,1.0,False,0.016,8.0,238
A0-B0-C0-r177,20277981,8,250,1.0,False,0.04,10.0,102,1.0,False,0.04,10.0,118
A0-B0-C0-r177,20277981,16,125,1.0,False,0.056,7.0,54,1.0,False,0.096,12.0,49
A0-B0-C0-r178,20278078,1,2000,4.0,False,0.011,22.0,508,1.0,False,0.0035,7.0,1359
A0-B0-C0-r178,20278078,2,1000,2.0,False,0.019,19.0,255,1.0,False,0.007,7.0,674
A0-B0-C0-r178,20278078,4,500,2.0,False,0.02,10.0,223,1.0,False,0.012,6.0,345
A0-B0-C0-r178,20278078,8,250,1.0,False,0.024,6.0,143,1.0,False,0.024,6.0,168
A0-B0-C0-r178,20278078,16,125,1.0,False,0.04,5.0,84,1.0,False,0.024,3.0,89
A0-B0-C0-r179,20278175,1,2000,5.0,False,0.185,370.0,14,1.0,False,0.005,10.0,1110
A0-B0-C0-r179,20278175,2,1000,3.0,False,0.081,81.0,52,1.0,False,0.011,11.0,544
A0-B0-C0-r179,20278175,4,500,2.0,False,0.054,27.0,124,1.0,False,0.018,9.0,287
A0-B0-C0-r179,20278175,8,250,1.0,False,0.048,12.0,116,1.0,False,0.032,8.0,139
A0-B0-C0-r179,20278175,16,125,1.0,False,0.064,8.0,58,1.0,False,0.048,6.0,73
A0-B0-C0-r180,20278272,1,2000,4.0,False,0.264,528.0,12,1.0,False,0.004,8.0,1067
A0-B0-C0-r180,20278272,2,1000,2.0,False,0.074,74.0,74,1.0,False,0.011,11.0,514
A0-B0-C0-r180,20278272,4,500,2.0,False,0.05,25.0,163,1.0,False,0.02,10.0,256
A0-B0-C0-r180,20278272,8,250,1.0,False,0.028,7.0,109,1.0,False,0.044,11.0,128
A0-B0-C0-r180,20278272,16,125,1.0,False,0.096,12.0,56,1.0,False,0.08,10.0,60
A0-B0-C0-r181,20278369,1,2000,3.0,False,0.0985,197.0,65,1.0,False,0.007,14.0,903
A0-B0-C0-r181,20278369,2,1000,2.0,False,0.059,59.0,92,1.0,False,0.01,10.0,442
A0-B0-C0-r181,20278369,4,500,1.0,False,0.046,23.0,135,1.0,False,0.024,12.0,260
A0-B0-C0-r181,20278369,8,250,1.0,False,0.048,12.0,108,1.0,False,0.04,10.0,105
A0-B0-C0-r181,20278369,16,125,1.0,False,0.048,6.0,65,1.0,False,0.048,6.0,62
A0-B0-C0-r182,20278466,1,2000,4.0,False,0.281,562.0,12,1.0,False,0.007,14.0,778
A0-B0-C0-r182,20278466,2,1000,2.0,False,0.368,368.0,14,1.0,False,0.016,16.0,371
A0-B0-C0-r182,20278466,4,500,2.0,False,0.076,38.0,70,1.0,False,0.026,13.0,184
A0-B0-C0-r182,20278466,8,250,1.0,False,0.036,9.0,77,1.0,False,0.036,9.0,104
A0-B0-C0-r182,20278466,16,125,1.0,False,0.104,13.0,39,1.0,False,0.08,10.0,51
A0-B0-C0-r183,20278563,1,2000,4.0,False,0.58,1160.0,2,1.0,False,0.0045,9.0,1132
A0-B0-C0-r183,20278563,2,1000,2.0,False,0.121,121.0,40,1.0,False,0.01,10.0,566
A0-B0-C0-r183,20278563,4,500,2.0,False,0.034,17.0,178,1.0,False,0.014,7.0,271
A0-B0-C0-r183,20278563,8,250,1.0,False,0.036,9.0,135,1.0,False,0.036,9.0,129
A0-B0-C0-r183,20278563,16,125,1.0,False,0.048,6.0,69,1.0,False,0.056,7.0,60
A0-B0-C0-r184,20278660,1,2000,4.0,False,0.2785,557.0,11,1.0,False,0.005,10.0,972
A0-B0-C0-r184,20278660,2,1000,2.0,False,0.153,153.0,62,1.0,False,0.01,10.0,474
A0-B0-C0-r184,20278660,4,500,1.0,False,0.042,21.0,140,1.0,False,0.018,9.0,223
A0-B0-C0-r184,20278660,8,250,1.0,False,0.036,9.0,109,1.0,False,0.028,7.0,124
A0-B0-C0-r184,20278660,16,125,1.0,False,0.048,6.0,56,1.0,False,0.08,10.0,61
A0-B0-C0-r185,20278757,1,2000,4.0,False,0.138,276.0,34,1.0,False,0.0055,11.0,1047
A0-B0-C0-r185,20278757,2,1000,2.0,False,0.083,83.0,95,1.0,False,0.008,8.0,527
A0-B0-C0-r185,20278757,4,500,1.0,False,0.032,16.0,186,1.0,False,0.016,8.0,275
A0-B0-C0-r185,20278757,8,250,1.0,False,0.032,8.0,109,1.0,False,0.024,6.0,128
A0-B0-C0-r185,20278757,16,125,1.0,False,0.064,8.0,60,1.0,False,0.048,6.0,55
A0-B0-C0-r186,20278854,1,2000,4.0,False,0.029,58.0,194,1.0,False,0.004,8.0,1296
A0-B0-C0-r186,20278854,2,1000,2.0,False,0.039,39.0,193,1.0,False,0.008,8.0,631
A0-B0-C0-r186,20278854,4,500,2.0,False,0.026,13.0,198,1.0,False,0.012,6.0,307
A0-B0-C0-r186,20278854,8,250,1.0,False,0.028,7.0,141,1.0,False,0.024,6.0,172
A0-B0-C0-r186,20278854,16,125,1.0,False,0.04,5.0,74,1.0,False,0.04,5.0,78
A0-B0-C0-r187,20278951,1,2000,3.0,False,0.05,100.0,93,1.0,False,0.005,10.0,1103
A0-B0-C0-r187,20278951,2,1000,2.0,False,0.04,40.0,177,1.0,False,0.009,9.0,528
A0-B0-C0-r187,20278951,4,500,1.0,False,0.02,10.0,204,1.0,False,0.012,6.0,278
A0-B0-C0-r187,20278951,8,250,1.0,False,0.032,8.0,123,1.0,False,0.032,8.0,129
A0-B0-C0-r187,20278951,16,125,1.0,False,0.04,5.0,70,1.0,False,0.064,8.0,65
A0-B0-C0-r188,20279048,1,2000,4.0,False,0.1005,201.0,32,1.0,False,0.0045,9.0,1121
A0-B0-C0-r188,20279048,2,1000,2.0,False,0.072,72.0,89,1.0,False,0.008,8.0,546
A0-B0-C0-r188,20279048,4,500,1.0,False,0.024,12.0,199,1.0,False,0.016,8.0,285
A0-B0-C0-r188,20279048,8,250,1.0,False,0.028,7.0,137,1.0,False,0.024,6.0,150
A0-B0-C0-r188,20279048,16,125,1.0,False,0.04,5.0,71,1.0,False,0.048,6.0,70
A0-B0-C0-r189,20279145,1,2000,5.0,False,0.1055,211.0,74,1.0,False,0.003,6.0,1349
A0-B0-C0-r189,20279145,2,1000,3.0,False,0.053,53.0,136,1.0,False,0.005,5.0,692
A0-B0-C0-r189,20279145,4,500,2.0,False,0.036,18.0,197,1.0,False,0.012,6.0,349
A0-B0-C0-r189,20279145,8,250,1.0,False,0.028,7.0,142,1.0,False,0.024,6.0,171
A0-B0-C0-r189,20279145,16,125,1.0,False,0.04,5.0,74,1.0,False,0.04,5.0,86
A0-B0-C0-r190,20279242,1,2000,4.0,False,0.403,806.0,8,1.0,False,0.006,12.0,899
A0-B0-C0-r190,20279242,2,1000,2.0,False,0.099,99.0,56,1.0,False,0.01,10.0,448
A0-B0-C0-r190,20279242,4,500,1.0,False,0.034,17.0,120,1.0,False,0.014,7.0,242
A0-B0-C0-r190,20279242,8,250,1.0,False,0.036,9.0,101,1.0,False,0.028,7.0,116
A0-B0-C0-r190,20279242,16,125,1.0,False,0.056,7.0,55,1.0,False,0.04,5.0,64
A0-B0-C0-r191,20279339,1,2000,4.0,False,0.0545,109.0,105,1.0,False,0.004,8.0,1349
A0-B0-C0-r191,20279339,2,1000,2.0,False,0.04,40.0,207,1.0,False,0.007,7.0,651
A0-B0-C0-r191,20279339,4,500,1.0,False,0.026,13.0,258,1.0,False,0.012,6.0,332
A0-B0-C0-r191,20279339,8,250,1.0,False,0.028,7.0,159,1.0,False,0.02,5.0,167
A0-B0-C0-r191,20279339,16,125,1.0,False,0.04,5.0,78,1.0,False,0.032,4.0,81
A0-B0-C0-r192,20279436,1,2000,2.0,False,0.0125,25.0,316,1.0,False,0.004,8.0,1101
A0-B0-C0-r192,20279436,2,1000,2.0,False,0.016,16.0,264,1.0,False,0.011,11.0,535
A0-B0-C0-r192,20279436,4,500,1.0,False,0.018,9.0,228,1.0,False,0.022,11.0,284
A0-B0-C0-r192,20279436,8,250,1.0,False,0.032,8.0,131,1.0,False,0.024,6.0,134
A0-B0-C0-r192,20279436,16,125,1.0,False,0.04,5.0,78,1.0,False,0.04,5.0,66
A0-B0-C0-r193,20279533,1,2000,4.0,False,0.2225,445.0,12,1.0,False,0.0045,9.0,1056
A0-B0-C0-r193,20279533,2,1000,2.0,False,0.115,115.0,53,1.0,False,0.008,8.0,528
A0-B0-C0-r193,20279533,4,500,2.0,False,0.032,16.0,133,1.0,False,0.012,6.0,274
A0-B0-C0-r193,20279533,8,250,1.0,False,0.036,9.0,111,1.0,False,0.028,7.0,125
A0-B0-C0-r193,20279533,16,125,1.0,False,0.072,9.0,60,1.0,False,0.048,6.0,69
A0-B0-C0-r194,20279630,1,2000,5.0,False,0.324,648.0,10,1.0,False,0.008,16.0,718
A0-B0-C0-r194,20279630,2,1000,3.0,False,0.325,325.0,8,1.0,False,0.016,16.0,357
A0-B0-C0-r194,20279630,4,500,2.0,False,0.098,49.0,50,1.0,False,0.034,17.0,195
A0-B0-C0-r194,20279630,8,250,1.0,False,0.06,15.0,71,1.0,False,0.052,13.0,95
A0-B0-C0-r194,20279630,16,125,1.0,False,0.08,10.0,44,1.0,False,0.072,9.0,66
A0-B0-C0-r195,20279727,1,2000,4.0,False,0.02,40.0,369,1.0,False,0.004,8.0,1396
A0-B0-C0-r195,20279727,2,1000,3.0,False,0.024,24.0,249,1.0,False,0.007,7.0,714
A0-B0-C0-r195,20279727,4,500,2.0,False,0.022,11.0,227,1.0,False,0.014,7.0,353
A0-B0-C0-r195,20279727,8,250,1.0,False,0.024,6.0,146,1.0,False,0.028,7.0,176
A0-B0-C0-r195,20279727,16,125,1.0,False,0.048,6.0,81,1.0,False,0.048,6.0,83
A0-B0-C0-r196,20279824,1,2000,4.0,False,0.1475,295.0,22,1.0,False,0.0045,9.0,1075
A0-B0-C0-r196,20279824,2,1000,2.0,False,0.051,51.0,103,1.0,False,0.008,8.0,593
A0-B0-C0-r196,20279824,4,500,1.0,False,0.03,15.0,180,1.0,False,0.024,12.0,273
A0-B0-C0-r196,20279824,8,250,1.0,False,0.024,6.0,130,1.0,False,0.036,9.0,129
A0-B0-C0-r196,20279824,16,125,1.0,False,0.04,5.0,71,1.0,False,0.048,6.0,70
A0-B0-C0-r197,20279921,1,2000,5.0,False,0.571,1142.0,6,1.0,False,0.0055,11.0,1083
A0-B0-C0-r197,20279921,2,1000,3.0,False,0.145,145.0,41,1.0,False,0.011,11.0,536
A0-B0-C0-r197,20279921,4,500,2.0,False,0.046,23.0,137,1.0,False,0.018,9.0,246
A0-B0-C0-r197,20279921,8,250,1.0,False,0.036,9.0,121,1.0,False,0.044,11.0,106
A0-B0-C0-r197,20279921,16,125,1.0,False,0.064,8.0,70,1.0,False,0.048,6.0,62
A0-B0-C0-r198,20280018,1,2000,4.0,False,0.248,496.0,8,1.0,False,0.0055,11.0,1070
A0-B0-C0-r198,20280018,2,1000,3.0,False,0.115,115.0,52,1.0,False,0.014,14.0,523
A0-B0-C0-r198,20280018,4,500,2.0,False,0.048,24.0,143,1.0,False,0.016,8.0,267
A0-B0-C0-r198,20280018,8,250,1.0,False,0.048,12.0,122,1.0,False,0.028,7.0,125
A0-B0-C0-r198,20280018,16,125,1.0,False,0.056,7.0,60,1.0,False,0.048,6.0,66
A0-B0-C0-r199,20280115,1,2000,4.0,False,0.1765,353.0,28,1.0,False,0.0055,11.0,1033
A0-B0-C0-r199,20280115,2,1000,2.0,False,0.082,82.0,67,1.0,False,0.007,7.0,528
A0-B0-C0-r199,20280115,4,500,1.0,False,0.044,22.0,146,1.0,False,0.016,8.0,273
A0-B0-C0-r199,20280115,8,250,1.0,False,0.044,11.0,123,1.0,False,0.032,8.0,131
A0-B0-C0-r199,20280115,16,125,1.0,False,0.056,7.0,59,1.0,False,0.056,7.0,63
A0-B0-C0-r200,20280212,1,2000,3.0,False,0.2255,451.0,27,1.0,False,0.0095,19.0,734
A0-B0-C0-r200,20280212,2,1000,2.0,False,0.134,134.0,50,1.0,False,0.013,13.0,371
A0-B0-C0-r200,20280212,4,500,1.0,False,0.046,23.0,104,1.0,False,0.018,9.0,185
A0-B0-C0-r200,20280212,8,250,1.0,False,0.064,16.0,71,1.0,False,0.036,9.0,103
A0-B0-C0-r200,20280212,16,125,1.0,False,0.088,11.0,45,1.0,False,0.064,8.0,46
A0-B0-C0-r201,20280309,1,2000,3.0,False,0.0485,97.0,150,1.0,False,0.0035,7.0,1265
A0-B0-C0-r201,20280309,2,1000,2.0,False,0.02,20.0,231,1.0,False,0.006,6.0,624
A0-B0-C0-r201,20280309,4,500,1.0,False,0.028,14.0,229,1.0,False,0.014,7.0,301
A0-B0-C0-r201,20280309,8,250,1.0,False,0.028,7.0,137,1.0,False,0.028,7.0,155
A0-B0-C0-r201,20280309,16,125,1.0,False,0.056,7.0,83,1.0,False,0.048,6.0,78
A0-B0-C0-r202,20280406,1,2000,3.0,False,0.026,52.0,221,1.0,False,0.0045,9.0,1258
A0-B0-C0-r202,20280406,2,1000,2.0,False,0.037,37.0,274,1.0,False,0.007,7.0,642
A0-B0-C0-r202,20280406,4,500,1.0,False,0.024,12.0,257,1.0,False,0.018,9.0,291
A0-B0-C0-r202,20280406,8,250,1.0,False,0.036,9.0,147,1.0,False,0.032,8.0,154
A0-B0-C0-r202,20280406,16,125,1.0,False,0.04,5.0,73,1.0,False,0.04,5.0,79
A0-B0-C0-r203,20280503,1,2000,3.0,False,0.0525,105.0,52,1.0,False,0.008,16.0,719
A0-B0-C0-r203,20280503,2,1000,2.0,False,0.062,62.0,75,1.0,False,0.013,13.0,346
A0-B0-C0-r203,20280503,4,500,1.0,False,0.06,30.0,96,1.0,False,0.022,11.0,183
A0-B0-C0-r203,20280503,8,250,1.0,False,0.068,17.0,75,1.0,False,0.04,10.0,95
A0-B0-C0-r203,20280503,16,125,1.0,False,0.104,13.0,31,1.0,False,0.072,9.0,41
A0-B0-C0-r204,20280600,1,2000,4.0,False,0.1945,389.0,16,1.0,False,0.004,8.0,1363
A0-B0-C0-r204,20280600,2,1000,2.0,False,0.059,59.0,161,1.0,False,0.005,5.0,697
A0-B0-C0-r204,20280600,4,500,2.0,False,0.02,10.0,224,1.0,False,0.008,4.0,366
A0-B0-C0-r204,20280600,8,250,1.0,False,0.024,6.0,165,1.0,False,0.02,5.0,159
A0-B0-C0-r204,20280600,16,125,1.0,False,0.024,3.0,86,1.0,False,0.04,5.0,92
A0-B0-C0-r205,20280697,1,2000,4.0,False,0.1355,271.0,19,1.0,False,0.005,10.0,1074
A0-B0-C0-r205,20280697,2,1000,2.0,False,0.068,68.0,96,1.0,False,0.008,8.0,509
A0-B0-C0-r205,20280697,4,500,1.0,False,0.036,18.0,172,1.0,False,0.018,9.0,262
A0-B0-C0-r205,20280697,8,250,1.0,False,0.032,8.0,114,1.0,False,0.028,7.0,117
A0-B0-C0-r205,20280697,16,125,1.0,False,0.08,10.0,60,1.0,False,0.056,7.0,70
A0-B0-C0-r206,20280794,1,2000,4.0,False,0.3005,601.0,6,1.0,False,0.009,18.0,731
A0-B0-C0-r206,20280794,2,1000,2.0,False,0.179,179.0,19,1.0,False,0.012,12.0,373
A0-B0-C0-r206,20280794,4,500,1.0,False,0.08,40.0,81,1.0,False,0.04,20.0,156
A0-B0-C0-r206,20280794,8,250,1.0,False,0.072,18.0,77,1.0,False,0.064,16.0,83
A0-B0-C0-r206,20280794,16,125,1.0,False,0.112,14.0,36,1.0,False,0.056,7.0,47
A0-B0-C0-r207,20280891,1,2000,5.0,False,1.0,2000.0,1,1.0,False,0.008,16.0,896
A0-B0-C0-r207,20280891,2,1000,3.0,False,0.173,173.0,21,1.0,False,0.015,15.0,447
A0-B0-C0-r207,20280891,4,500,2.0,False,0.056,28.0,96,1.0,False,0.028,14.0,232
A0-B0-C0-r207,20280891,8,250,1.0,False,0.04,10.0,96,1.0,False,0.036,9.0,117
A0-B0-C0-r207,20280891,16,125,1.0,False,0.056,7.0,54,1.0,False,0.064,8.0,52
A0-B0-C0-r208,20280988,1,2000,5.0,False,1.0,2000.0,1,1.0,False,0.0065,13.0,735
A0-B0-C0-r208,20280988,2,1000,3.0,False,1.0,1000.0,1,1.0,False,0.016,16.0,358
A0-B0-C0-r208,20280988,4,500,2.0,False,0.25,125.0,38,1.0,False,0.036,18.0,205
A0-B0-C0-r208,20280988,8,250,1.0,False,0.06,15.0,67,1.0,False,0.052,13.0,85
A0-B0-C0-r208,20280988,16,125,1.0,False,0.112,14.0,39,1.0,False,0.112,14.0,39
A0-B0-C0-r209,20281085,1,2000,3.0,False,0.075,150.0,78,1.0,False,0.0055,11.0,1043
A0-B0-C0-r209,20281085,2,1000,2.0,False,0.041,41.0,143,1.0,False,0.01,10.0,511
A0-B0-C0-r209,20281085,4,500,1.0,False,0.028,14.0,174,1.0,False,0.014,7.0,254
A0-B0-C0-r209,20281085,8,250,1.0,False,0.044,11.0,110,1.0,False,0.04,10.0,124
A0-B0-C0-r209,20281085,16,125,1.0,False,0.064,8.0,50,1.0,False,0.064,8.0,56
A0-B0-C0-r210,20281182,1,2000,4.0,False,0.276,552.0,9,1.0,False,0.0095,19.0,757
A0-B0-C0-r210,20281182,2,1000,2.0,False,0.116,116.0,24,1.0,False,0.014,14.0,374
A0-B0-C0-r210,20281182,4,500,2.0,False,0.064,32.0,66,1.0,False,0.02,10.0,201
A0-B0-C0-r210,20281182,8,250,1.0,False,0.056,14.0,77,1.0,False,0.044,11.0,86
A0-B0-C0-r210,20281182,16,125,1.0,False,0.072,9.0,49,1.0,False,0.12,15.0,39
A0-B0-C0-r211,20281279,1,2000,4.0,False,0.068,136.0,66,1.0,False,0.006,12.0,1039
A0-B0-C0-r211,20281279,2,1000,2.0,False,0.05,50.0,98,1.0,False,0.01,10.0,500
A0-B0-C0-r211,20281279,4,500,2.0,False,0.026,13.0,151,1.0,False,0.016,8.0,259
A0-B0-C0-r211,20281279,8,250,1.0,False,0.028,7.0,124,1.0,False,0.036,9.0,128
A0-B0-C0-r211,20281279,16,125,1.0,False,0.056,7.0,70,1.0,False,0.064,8.0,60
A0-B0-C0-r212,20281376,1,2000,5.0,False,1.0,2000.0,1,1.0,False,0.0055,11.0,1070
A0-B0-C0-r212,20281376,2,1000,3.0,False,0.151,151.0,33,1.0,False,0.01,10.0,505
A0-B0-C0-r212,20281376,4,500,2.0,False,0.068,34.0,131,1.0,False,0.018,9.0,260
A0-B0-C0-r212,20281376,8,250,1.0,False,0.04,10.0,126,1.0,False,0.036,9.0,127
A0-B0-C0-r212,20281376,16,125,1.0,False,0.056,7.0,56,1.0,False,0.048,6.0,68
A0-B0-C0-r213,20281473,1,2000,4.0,False,0.0975,195.0,63,1.0,False,0.004,8.0,1331
A0-B0-C0-r213,20281473,2,1000,2.0,False,0.064,64.0,194,1.0,False,0.007,7.0,660
A0-B0-C0-r213,20281473,4,500,1.0,False,0.022,11.0,229,1.0,False,0.01,5.0,353
A0-B0-C0-r213,20281473,8,250,1.0,False,0.032,8.0,143,1.0,False,0.016,4.0,174
A0-B0-C0-r213,20281473,16,125,1.0,False,0.048,6.0,75,1.0,False,0.032,4.0,95
A0-B0-C0-r214,20281570,1,2000,3.0,False,0.0565,113.0,79,1.0,False,0.0045,9.0,1107
A0-B0-C0-r214,20281570,2,1000,2.0,False,0.037,37.0,151,1.0,False,0.009,9.0,549
A0-B0-C0-r214,20281570,4,500,1.0,False,0.028,14.0,207,1.0,False,0.014,7.0,287
A0-B0-C0-r214,20281570,8,250,1.0,False,0.032,8.0,128,1.0,False,0.024,6.0,153
A0-B0-C0-r214,20281570,16,125,1.0,False,0.04,5.0,77,1.0,False,0.064,8.0,73
A0-B0-C0-r215,20281667,1,2000,4.0,False,0.604,1208.0,5,1.0,False,0.005,10.0,1049
A0-B0-C0-r215,20281667,2,1000,2.0,False,0.06,60.0,81,1.0,False,0.009,9.0,529
A0-B0-C0-r215,20281667,4,500,1.0,False,0.024,12.0,185,1.0,False,0.016,8.0,273
A0-B0-C0-r215,20281667,8,250,1.0,False,0.028,7.0,127,1.0,False,0.024,6.0,142
A0-B0-C0-r215,20281667,16,125,1.0,False,0.064,8.0,56,1.0,False,0.056,7.0,68
A0-B0-C0-r216,20281764,1,2000,4.0,False,0.036,72.0,162,1.0,False,0.005,10.0,1058
A0-B0-C0-r216,20281764,2,1000,2.0,False,0.042,42.0,131,1.0,False,0.007,7.0,535
A0-B0-C0-r216,20281764,4,500,1.0,False,0.028,14.0,149,1.0,False,0.016,8.0,260
A0-B0-C0-r216,20281764,8,250,1.0,False,0.04,10.0,111,1.0,False,0.048,12.0,125
A0-B0-C0-r216,20281764,16,125,1.0,False,0.056,7.0,65,1.0,False,0.056,7.0,63
A0-B0-C0-r217,20281861,1,2000,4.0,False,0.5325,1065.0,2,1.0,False,0.0095,19.0,767
A0-B0-C0-r217,20281861,2,1000,2.0,False,0.147,147.0,26,1.0,False,0.013,13.0,390
A0-B0-C0-r217,20281861,4,500,1.0,False,0.046,23.0,92,1.0,False,0.024,12.0,190
A0-B0-C0-r217,20281861,8,250,1.0,False,0.076,19.0,65,1.0,False,0.048,12.0,92
A0-B0-C0-r217,20281861,16,125,1.0,False,0.144,18.0,42,1.0,False,0.064,8.0,43
A0-B0-C0-r218,20281958,1,2000,4.0,False,0.09,180.0,60,1.0,False,0.006,12.0,1119
A0-B0-C0-r218,20281958,2,1000,2.0,False,0.035,35.0,143,1.0,False,0.009,9.0,525
A0-B0-C0-r218,20281958,4,500,1.0,False,0.02,10.0,183,1.0,False,0.014,7.0,279
A0-B0-C0-r218,20281958,8,250,1.0,False,0.032,8.0,121,1.0,False,0.024,6.0,149
A0-B0-C0-r218,20281958,16,125,1.0,False,0.056,7.0,71,1.0,False,0.04,5.0,68
A0-B0-C0-r219,20282055,1,2000,4.0,False,1.0,2000.0,1,1.0,False,0.006,12.0,829
A0-B0-C0-r219,20282055,2,1000,2.0,False,0.404,404.0,7,1.0,False,0.012,12.0,392
A0-B0-C0-r219,20282055,4,500,2.0,False,0.104,52.0,85,1.0,False,0.022,11.0,200
A0-B0-C0-r219,20282055,8,250,1.0,False,0.068,17.0,91,1.0,False,0.048,12.0,104
A0-B0-C0-r219,20282055,16,125,1.0,False,0.064,8.0,56,1.0,False,0.152,19.0,36
A0-B0-C0-r220,20282152,1,2000,4.0,False,0.044,88.0,113,1.0,False,0.0035,7.0,1365
A0-B0-C0-r220,20282152,2,1000,2.0,False,0.03,30.0,241,1.0,False,0.009,9.0,683
A0-B0-C0-r220,20282152,4,500,1.0,False,0.018,9.0,273,1.0,False,0.01,5.0,352
A0-B0-C0-r220,20282152,8,250,1.0,False,0.032,8.0,167,1.0,False,0.032,8.0,165
A0-B0-C0-r220,20282152,16,125,1.0,False,0.04,5.0,85,1.0,False,0.056,7.0,88
A0-B0-C0-r221,20282249,1,2000,4.0,False,0.3795,759.0,5,1.0,False,0.006,12.0,939
A0-B0-C0-r221,20282249,2,1000,2.0,False,0.283,283.0,28,1.0,False,0.01,10.0,467
A0-B0-C0-r221,20282249,4,500,2.0,False,0.046,23.0,112,1.0,False,0.022,11.0,212
A0-B0-C0-r221,20282249,8,250,1.0,False,0.044,11.0,109,1.0,False,0.04,10.0,125
A0-B0-C0-r221,20282249,16,125,1.0,False,0.056,7.0,61,1.0,False,0.048,6.0,56
A0-B0-C0-r222,20282346,1,2000,4.0,False,1.0,2000.0,1,1.0,False,0.0045,9.0,1063
A0-B0-C0-r222,20282346,2,1000,2.0,False,0.119,119.0,33,1.0,False,0.011,11.0,525
A0-B0-C0-r222,20282346,4,500,2.0,False,0.046,23.0,133,1.0,False,0.018,9.0,264
A0-B0-C0-r222,20282346,8,250,1.0,False,0.036,9.0,121,1.0,False,0.032,8.0,131
A0-B0-C0-r222,20282346,16,125,1.0,False,0.088,11.0,67,1.0,False,0.072,9.0,65
A0-B0-C0-r223,20282443,1,2000,4.0,False,0.0995,199.0,31,1.0,False,0.0045,9.0,1034
A0-B0-C0-r223,20282443,2,1000,3.0,False,0.098,98.0,60,1.0,False,0.01,10.0,536
A0-B0-C0-r223,20282443,4,500,2.0,False,0.046,23.0,119,1.0,False,0.022,11.0,247
A0-B0-C0-r223,20282443,8,250,1.0,False,0.052,13.0,99,1.0,False,0.036,9.0,114
A0-B0-C0-r223,20282443,16,125,1.0,False,0.096,12.0,44,1.0,False,0.096,12.0,59
A0-B0-C0-r224,20282540,1,2000,4.0,False,0.908,1816.0,2,1.0,False,0.006,12.0,1064
A0-B0-C0-r224,20282540,2,1000,2.0,False,0.115,115.0,53,1.0,False,0.012,12.0,542
A0-B0-C0-r224,20282540,4,500,2.0,False,0.038,19.0,160,1.0,False,0.018,9.0,259
A0-B0-C0-r224,20282540,8,250,1.0,False,0.032,8.0,129,1.0,False,0.032,8.0,143
A0-B0-C0-r224,20282540,16,125,1.0,False,0.04,5.0,69,1.0,False,0.064,8.0,55
A0-B0-C0-r225,20282637,1,2000,4.0,False,0.05,100.0,88,1.0,False,0.0045,9.0,1200
A0-B0-C0-r225,20282637,2,1000,2.0,False,0.032,32.0,173,1.0,False,0.008,8.0,599
A0-B0-C0-r225,20282637,4,500,1.0,False,0.024,12.0,212,1.0,False,0.016,8.0,293
A0-B0-C0-r225,20282637,8,250,1.0,False,0.028,7.0,144,1.0,False,0.028,7.0,144
A0-B0-C0-r225,20282637,16,125,1.0,False,0.04,5.0,82,1.0,False,0.048,6.0,71
A0-B0-C0-r226,20282734,1,2000,4.0,False,0.1215,243.0,54,1.0,False,0.0035,7.0,1359
A0-B0-C0-r226,20282734,2,1000,3.0,False,0.051,51.0,146,1.0,False,0.009,9.0,675
A0-B0-C0-r226,20282734,4,500,2.0,False,0.03,15.0,222,1.0,False,0.01,5.0,334
A0-B0-C0-r226,20282734,8,250,1.0,False,0.024,6.0,145,1.0,False,0.024,6.0,157
A0-B0-C0-r226,20282734,16,125,1.0,False,0.032,4.0,86,1.0,False,0.032,4.0,80
A0-B0-C0-r227,20282831,1,2000,4.0,False,0.407,814.0,7,1.0,False,0.0085,17.0,698
A0-B0-C0-r227,20282831,2,1000,2.0,False,0.199,199.0,27,1.0,False,0.016,16.0,334
A0-B0-C0-r227,20282831,4,500,1.0,False,0.056,28.0,89,1.0,False,0.05,25.0,153
A0-B0-C0-r227,20282831,8,250,1.0,False,0.052,13.0,73,1.0,False,0.036,9.0,77
A0-B0-C0-r227,20282831,16,125,1.0,False,0.104,13.0,34,1.0,False,0.08,10.0,46
A0-B0-C0-r228,20282928,1,2000,4.0,False,1.0,2000.0,1,1.0,False,0.0095,19.0,718
A0-B0-C0-r228,20282928,2,1000,3.0,False,0.758,758.0,2,1.0,False,0.019,19.0,361
A0-B0-C0-r228,20282928,4,500,2.0,False,0.086,43.0,51,1.0,False,0.026,13.0,173
A0-B0-C0-r228,20282928,8,250,1.0,False,0.068,17.0,78,1.0,False,0.036,9.0,80
A0-B0-C0-r228,20282928,16,125,1.0,False,0.12,15.0,38,1.0,False,0.144,18.0,41
A0-B0-C0-r229,20283025,1,2000,4.0,False,0.1475,295.0,18,1.0,False,0.0055,11.0,955
A0-B0-C0-r229,20283025,2,1000,2.0,False,0.076,76.0,68,1.0,False,0.01,10.0,470
A0-B0-C0-r229,20283025,4,500,1.0,False,0.06,30.0,135,1.0,False,0.022,11.0,240
A0-B0-C0-r229,20283025,8,250,1.0,False,0.06,15.0,104,1.0,False,0.064,16.0,110
A0-B0-C0-r229,20283025,16,125,1.0,False,0.08,10.0,67,1.0,False,0.064,8.0,49
A0-B0-C0-r230,20283122,1,2000,4.0,False,0.4175,835.0,8,1.0,False,0.005,10.0,1091
A0-B0-C0-r230,20283122,2,1000,2.0,False,0.06,60.0,100,1.0,False,0.01,10.0,537
A0-B0-C0-r230,20283122,4,500,1.0,False,0.036,18.0,201,1.0,False,0.024,12.0,277
A0-B0-C0-r230,20283122,8,250,1.0,False,0.032,8.0,136,1.0,False,0.048,12.0,128
A0-B0-C0-r230,20283122,16,125,1.0,False,0.04,5.0,71,1.0,False,0.08,10.0,56
A0-B0-C0-r231,20283219,1,2000,4.0,False,0.0585,117.0,95,1.0,False,0.004,8.0,1221
A0-B0-C0-r231,20283219,2,1000,2.0,False,0.045,45.0,147,1.0,False,0.007,7.0,624
A0-B0-C0-r231,20283219,4,500,2.0,False,0.026,13.0,197,1.0,False,0.014,7.0,297
A0-B0-C0-r231,20283219,8,250,1.0,False,0.024,6.0,139,1.0,False,0.024,6.0,150
A0-B0-C0-r231,20283219,16,125,1.0,False,0.04,5.0,73,1.0,False,0.048,6.0,76
A0-B0-C0-r232,20283316,1,2000,4.0,False,0.169,338.0,21,1.0,False,0.004,8.0,1203
A0-B0-C0-r232,20283316,2,1000,2.0,False,0.044,44.0,139,1.0,False,0.006,6.0,617
A0-B0-C0-r232,20283316,4,500,1.0,False,0.038,19.0,186,1.0,False,0.012,6.0,302
A0-B0-C0-r232,20283316,8,250,1.0,False,0.032,8.0,130,1.0,False,0.02,5.0,147
A0-B0-C0-r232,20283316,16,125,1.0,False,0.04,5.0,72,1.0,False,0.064,8.0,67
A0-B0-C0-r233,20283413,1,2000,4.0,False,0.1025,205.0,38,1.0,False,0.008,16.0,863
A0-B0-C0-r233,20283413,2,1000,2.0,False,0.09,90.0,51,1.0,False,0.015,15.0,372
A0-B0-C0-r233,20283413,4,500,1.0,False,0.046,23.0,92,1.0,False,0.03,15.0,199
A0-B0-C0-r233,20283413,8,250,1.0,False,0.052,13.0,92,1.0,False,0.04,10.0,107
A0-B0-C0-r233,20283413,16,125,1.0,False,0.064,8.0,44,1.0,False,0.072,9.0,47
A0-B0-C0-r234,20283510,1,2000,4.0,False,0.0825,165.0,52,1.0,False,0.0035,7.0,1222
A0-B0-C0-r234,20283510,2,1000,3.0,False,0.06,60.0,114,1.0,False,0.007,7.0,573
A0-B0-C0-r234,20283510,4,500,2.0,False,0.036,18.0,177,1.0,False,0.012,6.0,292
A0-B0-C0-r234,20283510,8,250,1.0,False,0.028,7.0,132,1.0,False,0.04,10.0,136
A0-B0-C0-r234,20283510,16,125,1.0,False,0.048,6.0,72,1.0,False,0.04,5.0,82
A0-B0-C0-r235,20283607,1,2000,7.0,False,0.486,972.0,3,1.0,False,0.0075,15.0,746
A0-B0-C0-r235,20283607,2,1000,3.0,False,0.486,486.0,3,1.0,False,0.017,17.0,362
A0-B0-C0-r235,20283607,4,500,2.0,False,0.118,59.0,30,1.0,False,0.028,14.0,183
A0-B0-C0-r235,20283607,8,250,1.0,False,0.088,22.0,68,1.0,False,0.056,14.0,99
A0-B0-C0-r235,20283607,16,125,1.0,False,0.128,16.0,35,1.0,False,0.072,9.0,37
A0-B0-C0-r236,20283704,1,2000,4.0,False,0.223,446.0,15,1.0,False,0.004,8.0,1296
A0-B0-C0-r236,20283704,2,1000,2.0,False,0.043,43.0,162,1.0,False,0.006,6.0,636
A0-B0-C0-r236,20283704,4,500,1.0,False,0.022,11.0,219,1.0,False,0.012,6.0,333
A0-B0-C0-r236,20283704,8,250,1.0,False,0.024,6.0,134,1.0,False,0.016,4.0,159
A0-B0-C0-r236,20283704,16,125,1.0,False,0.056,7.0,72,1.0,False,0.08,10.0,67
A0-B0-C0-r237,20283801,1,2000,4.0,False,0.3285,657.0,8,1.0,False,0.007,14.0,900
A0-B0-C0-r237,20283801,2,1000,3.0,False,0.156,156.0,31,1.0,False,0.015,15.0,415
A0-B0-C0-r237,20283801,4,500,2.0,False,0.07,35.0,90,1.0,False,0.022,11.0,210
A0-B0-C0-r237,20283801,8,250,1.0,False,0.04,10.0,87,1.0,False,0.04,10.0,104
A0-B0-C0-r237,20283801,16,125,1.0,False,0.072,9.0,49,1.0,False,0.096,12.0,43
A0-B0-C0-r238,20283898,1,2000,4.0,False,0.0925,185.0,56,1.0,False,0.0045,9.0,1249
A0-B0-C0-r238,20283898,2,1000,2.0,False,0.023,23.0,206,1.0,False,0.007,7.0,624
A0-B0-C0-r238,20283898,4,500,1.0,False,0.024,12.0,222,1.0,False,0.024,12.0,285
A0-B0-C0-r238,20283898,8,250,1.0,False,0.032,8.0,134,1.0,False,0.024,6.0,157
A0-B0-C0-r238,20283898,16,125,1.0,False,0.048,6.0,66,1.0,False,0.064,8.0,75
A0-B0-C0-r239,20283995,1,2000,4.0,False,0.4925,985.0,3,1.0,False,0.0065,13.0,900
A0-B0-C0-r239,20283995,2,1000,2.0,False,0.106,106.0,30,1.0,False,0.012,12.0,456
A0-B0-C0-r239,20283995,4,500,1.0,False,0.046,23.0,125,1.0,False,0.024,12.0,229
A0-B0-C0-r239,20283995,8,250,1.0,False,0.04,10.0,100,1.0,False,0.036,9.0,113
A0-B0-C0-r239,20283995,16,125,1.0,False,0.096,12.0,56,1.0,False,0.08,10.0,51
A0-B0-C0-r240,20284092,1,2000,4.0,False,0.527,1054.0,3,1.0,False,0.0055,11.0,1142
A0-B0-C0-r240,20284092,2,1000,2.0,False,0.129,129.0,90,1.0,False,0.011,11.0,569
A0-B0-C0-r240,20284092,4,500,1.0,False,0.028,14.0,187,1.0,False,0.016,8.0,283
A0-B0-C0-r240,20284092,8,250,1.0,False,0.024,6.0,134,1.0,False,0.028,7.0,145
A0-B0-C0-r240,20284092,16,125,1.0,False,0.04,5.0,68,1.0,False,0.064,8.0,64
A0-B0-C0-r241,20284189,1,2000,3.0,False,0.116,232.0,47,1.0,False,0.0055,11.0,1112
A0-B0-C0-r241,20284189,2,1000,2.0,False,0.041,41.0,139,1.0,False,0.009,9.0,535
A0-B0-C0-r241,20284189,4,500,1.0,False,0.03,15.0,193,1.0,False,0.014,7.0,271
A0-B0-C0-r241,20284189,8,250,1.0,False,0.04,10.0,122,1.0,False,0.024,6.0,151
A0-B0-C0-r241,20284189,16,125,1.0,False,0.072,9.0,61,1.0,False,0.072,9.0,74
A0-B0-C0-r242,20284286,1,2000,4.0,False,1.0,2000.0,1,1.0,False,0.01,20.0,629
A0-B0-C0-r242,20284286,2,1000,2.0,False,0.242,242.0,9,1.0,False,0.02,20.0,341
A0-B0-C0-r242,20284286,4,500,2.0,False,0.102,51.0,63,1.0,False,0.028,14.0,147
A0-B0-C0-r242,20284286,8,250,1.0,False,0.052,13.0,74,1.0,False,0.044,11.0,76
A0-B0-C0-r242,20284286,16,125,1.0,False,0.072,9.0,39,1.0,False,0.112,14.0,33
A0-B0-C0-r243,20284383,1,2000,5.0,False,1.0,2000.0,1,1.0,False,0.0055,11.0,1056
A0-B0-C0-r243,20284383,2,1000,3.0,False,0.137,137.0,38,1.0,False,0.014,14.0,521
A0-B0-C0-r243,20284383,4,500,2.0,False,0.042,21.0,122,1.0,False,0.014,7.0,266
A0-B0-C0-r243,20284383,8,250,1.0,False,0.036,9.0,114,1.0,False,0.028,7.0,127
A0-B0-C0-r243,20284383,16,125,1.0,False,0.056,7.0,66,1.0,False,0.064,8.0,64
A0-B0-C0-r244,20284480,1,2000,4.0,False,0.3815,763.0,4,1.0,False,0.0065,13.0,803
A0-B0-C0-r244,20284480,2,1000,2.0,False,0.119,119.0,31,1.0,False,0.012,12.0,404
A0-B0-C0-r244,20284480,4,500,2.0,False,0.078,39.0,90,1.0,False,0.028,14.0,210
A0-B0-C0-r244,20284480,8,250,1.0,False,0.092,23.0,74,1.0,False,0.048,12.0,95
A0-B0-C0-r244,20284480,16,125,1.0,False,0.104,13.0,43,1.0,False,0.056,7.0,61
A0-B0-C0-r245,20284577,1,2000,4.0,False,0.4335,867.0,4,1.0,False,0.0065,13.0,796
A0-B0-C0-r245,20284577,2,1000,2.0,False,0.25,250.0,22,1.0,False,0.016,16.0,391
A0-B0-C0-r245,20284577,4,500,2.0,False,0.098,49.0,86,1.0,False,0.024,12.0,192
A0-B0-C0-r245,20284577,8,250,1.0,False,0.072,18.0,75,1.0,False,0.044,11.0,93
A0-B0-C0-r245,20284577,16,125,1.0,False,0.072,9.0,48,1.0,False,0.08,10.0,45
A0-B0-C0-r246,20284674,1,2000,4.0,False,0.398,796.0,4,1.0,False,0.0075,15.0,778
A0-B0-C0-r246,20284674,2,1000,2.0,False,0.189,189.0,22,1.0,False,0.014,14.0,395
A0-B0-C0-r246,20284674,4,500,1.0,False,0.05,25.0,109,1.0,False,0.022,11.0,194
A0-B0-C0-r246,20284674,8,250,1.0,False,0.048,12.0,76,1.0,False,0.032,8.0,102
A0-B0-C0-r246,20284674,16,125,1.0,False,0.12,15.0,46,1.0,False,0.088,11.0,43
A0-B0-C0-r247,20284771,1,2000,4.0,False,0.136,272.0,47,1.0,False,0.0045,9.0,1168
A0-B0-C0-r247,20284771,2,1000,2.0,False,0.054,54.0,107,1.0,False,0.011,11.0,562
A0-B0-C0-r247,20284771,4,500,1.0,False,0.022,11.0,184,1.0,False,0.02,10.0,289
A0-B0-C0-r247,20284771,8,250,1.0,False,0.032,8.0,134,1.0,False,0.032,8.0,138
A0-B0-C0-r247,20284771,16,125,1.0,False,0.056,7.0,61,1.0,False,0.048,6.0,64
A0-B0-C0-r248,20284868,1,2000,3.0,False,0.0965,193.0,79,1.0,False,0.0045,9.0,1059
A0-B0-C0-r248,20284868,2,1000,2.0,False,0.034,34.0,163,1.0,False,0.013,13.0,515
A0-B0-C0-r248,20284868,4,500,1.0,False,0.034,17.0,196,1.0,False,0.016,8.0,249
A0-B0-C0-r248,20284868,8,250,1.0,False,0.044,11.0,119,1.0,False,0.024,6.0,128
A0-B0-C0-r248,20284868,16,125,1.0,False,0.064,8.0,59,1.0,False,0.04,5.0,72
A0-B0-C0-r249,20284965,1,2000,4.0,False,0.202,404.0,29,1.0,False,0.0045,9.0,1208
A0-B0-C0-r249,20284965,2,1000,3.0,False,0.076,76.0,126,1.0,False,0.008,8.0,631
A0-B0-C0-r249,20284965,4,500,2.0,False,0.034,17.0,194,1.0,False,0.012,6.0,311
A0-B0-C0-r249,20284965,8,250,1.0,False,0.028,7.0,129,1.0,False,0.04,10.0,159
A0-B0-C0-r249,20284965,16,125,1.0,False,0.04,5.0,72,1.0,False,0.056,7.0,68
A0-B0-C0-r250,20285062,1,2000,5.0,False,1.0,2000.0,1,1.0,False,0.0045,9.0,1037
A0-B0-C0-r250,20285062,2,1000,3.0,False,0.374,374.0,18,1.0,False,0.007,7.0,540
A0-B0-C0-r250,20285062,4,500,2.0,False,0.046,23.0,124,1.0,False,0.026,13.0,255
A0-B0-C0-r250,20285062,8,250,1.0,False,0.048,12.0,121,1.0,False,0.044,11.0,130
A0-B0-C0-r250,20285062,16,125,1.0,False,0.056,7.0,69,1.0,False,0.064,8.0,60
A0-B0-C0-r251,20285159,1,2000,4.0,False,0.153,306.0,20,1.0,False,0.006,12.0,1003
A0-B0-C0-r251,20285159,2,1000,2.0,False,0.085,85.0,55,1.0,False,0.01,10.0,477
A0-B0-C0-r251,20285159,4,500,1.0,False,0.03,15.0,146,1.0,False,0.016,8.0,240
A0-B0-C0-r251,20285159,8,250,1.0,False,0.056,14.0,107,1.0,False,0.036,9.0,121
A0-B0-C0-r251,20285159,16,125,1.0,False,0.064,8.0,61,1.0,False,0.064,8.0,55
A0-B0-C0-r252,20285256,1,2000,4.0,False,0.0205,41.0,282,1.0,False,0.0035,7.0,1384
A0-B0-C0-r252,20285256,2,1000,3.0,False,0.024,24.0,226,1.0,False,0.007,7.0,699
A0-B0-C0-r252,20285256,4,500,2.0,False,0.026,13.0,240,1.0,False,0.014,7.0,324
A0-B0-C0-r252,20285256,8,250,1.0,False,0.032,8.0,153,1.0,False,0.04,10.0,151
A0-B0-C0-r252,20285256,16,125,1.0,False,0.04,5.0,77,1.0,False,0.048,6.0,66
A0-B0-C0-r253,20285353,1,2000,3.0,False,0.0265,53.0,224,1.0,False,0.004,8.0,1367
A0-B0-C0-r253,20285353,2,1000,2.0,False,0.017,17.0,319,1.0,False,0.005,5.0,703
A0-B0-C0-r253,20285353,4,500,1.0,False,0.018,9.0,283,1.0,False,0.012,6.0,333
A0-B0-C0-r253,20285353,8,250,1.0,False,0.028,7.0,156,1.0,False,0.032,8.0,158
A0-B0-C0-r253,20285353,16,125,1.0,False,0.032,4.0,81,1.0,False,0.048,6.0,82
A0-B0-C0-r254,20285450,1,2000,4.0,False,0.3365,673.0,7,1.0,False,0.005,10.0,995
A0-B0-C0-r254,20285450,2,1000,2.0,False,0.113,113.0,36,1.0,False,0.008,8.0,506
A0-B0-C0-r254,20285450,4,500,2.0,False,0.044,22.0,129,1.0,False,0.016,8.0,250
A0-B0-C0-r254,20285450,8,250,1.0,False,0.04,10.0,107,1.0,False,0.024,6.0,132
A0-B0-C0-r254,20285450,16,125,1.0,False,0.048,6.0,59,1.0,False,0.04,5.0,68
A0-B0-C0-r255,20285547,1,2000,5.0,False,0.0775,155.0,52,1.0,False,0.0035,7.0,1327
A0-B0-C0-r255,20285547,2,1000,3.0,False,0.066,66.0,139,1.0,False,0.007,7.0,675
A0-B0-C0-r255,20285547,4,500,2.0,False,0.026,13.0,203,1.0,False,0.01,5.0,331
A0-B0-C0-r255,20285547,8,250,1.0,False,0.024,6.0,156,1.0,False,0.02,5.0,175
A0-B0-C0-r255,20285547,16,125,1.0,False,0.04,5.0,90,1.0,False,0.048,6.0,82
A0-B0-C0-r256,20285644,1,2000,4.0,False,1.0,2000.0,1,1.0,False,0.0075,15.0,707
A0-B0-C0-r256,20285644,2,1000,2.0,False,0.27,270.0,8,1.0,False,0.013,13.0,348
A0-B0-C0-r256,20285644,4,500,1.0,False,0.084,42.0,81,1.0,False,0.032,16.0,164
A0-B0-C0-r256,20285644,8,250,1.0,False,0.044,11.0,74,1.0,False,0.088,22.0,69
A0-B0-C0-r256,20285644,16,125,1.0,False,0.08,10.0,38,1.0,False,0.08,10.0,39
A0-B0-C0-r257,20285741,1,2000,4.0,False,0.051,102.0,76,1.0,False,0.0045,9.0,1271
A0-B0-C0-r257,20285741,2,1000,3.0,False,0.055,55.0,135,1.0,False,0.008,8.0,623
A0-B0-C0-r257,20285741,4,500,2.0,False,0.04,20.0,195,1.0,False,0.014,7.0,303
A0-B0-C0-r257,20285741,8,250,1.0,False,0.028,7.0,151,1.0,False,0.024,6.0,156
A0-B0-C0-r257,20285741,16,125,1.0,False,0.04,5.0,82,1.0,False,0.056,7.0,76
A0-B0-C0-r258,20285838,1,2000,4.0,False,1.0,2000.0,1,1.0,False,0.008,16.0,634
A0-B0-C0-r258,20285838,2,1000,2.0,False,0.643,643.0,7,1.0,False,0.02,20.0,320
A0-B0-C0-r258,20285838,4,500,2.0,False,0.164,82.0,61,1.0,False,0.028,14.0,146
A0-B0-C0-r258,20285838,8,250,1.0,False,0.076,19.0,64,1.0,False,0.044,11.0,73
A0-B0-C0-r258,20285838,16,125,1.0,False,0.072,9.0,44,1.0,False,0.072,9.0,41
A0-B0-C0-r259,20285935,1,2000,5.0,False,1.0,2000.0,1,1.0,False,0.0045,9.0,1053
A0-B0-C0-r259,20285935,2,1000,3.0,False,0.194,194.0,19,1.0,False,0.01,10.0,534
A0-B0-C0-r259,20285935,4,500,2.0,False,0.056,28.0,98,1.0,False,0.026,13.0,265
A0-B0-C0-r259,20285935,8,250,1.0,False,0.048,12.0,105,1.0,False,0.036,9.0,133
A0-B0-C0-r259,20285935,16,125,1.0,False,0.064,8.0,64,1.0,False,0.048,6.0,60
A0-B0-C0-r260,20286032,1,2000,4.0,False,0.5475,1095.0,5,1.0,False,0.0075,15.0,683
A0-B0-C0-r260,20286032,2,1000,2.0,False,0.113,113.0,18,1.0,False,0.027,27.0,343
A0-B0-C0-r260,20286032,4,500,1.0,False,0.076,38.0,103,1.0,False,0.028,14.0,185
A0-B0-C0-r260,20286032,8,250,1.0,False,0.06,15.0,71,1.0,False,0.044,11.0,80
A0-B0-C0-r260,20286032,16,125,1.0,False,0.168,21.0,44,1.0,False,0.064,8.0,47
A0-B0-C0-r261,20286129,1,2000,3.0,False,0.0615,123.0,140,1.0,False,0.0035,7.0,1363
A0-B0-C0-r261,20286129,2,1000,2.0,False,0.027,27.0,309,1.0,False,0.008,8.0,685
A0-B0-C0-r261,20286129,4,500,1.0,False,0.012,6.0,293,1.0,False,0.01,5.0,333
A0-B0-C0-r261,20286129,8,250,1.0,False,0.016,4.0,169,1.0,False,0.016,4.0,170
A0-B0-C0-r261,20286129,16,125,1.0,False,0.032,4.0,84,1.0,False,0.024,3.0,87
A0-B0-C0-r262,20286226,1,2000,4.0,False,1.0,2000.0,1,1.0,False,0.0075,15.0,863
A0-B0-C0-r262,20286226,2,1000,3.0,False,0.235,235.0,16,1.0,False,0.018,18.0,407
A0-B0-C0-r262,20286226,4,500,2.0,False,0.062,31.0,92,1.0,False,0.038,19.0,181
A0-B0-C0-r262,20286226,8,250,1.0,False,0.076,19.0,87,1.0,False,0.036,9.0,104
A0-B0-C0-r262,20286226,16,125,1.0,False,0.048,6.0,50,1.0,False,0.096,12.0,56
A0-B0-C0-r263,20286323,1,2000,4.0,False,0.3135,627.0,5,1.0,False,0.0075,15.0,833
A0-B0-C0-r263,20286323,2,1000,2.0,False,0.088,88.0,43,1.0,False,0.014,14.0,427
A0-B0-C0-r263,20286323,4,500,1.0,False,0.046,23.0,124,1.0,False,0.026,13.0,192
A0-B0-C0-r263,20286323,8,250,1.0,False,0.06,15.0,86,1.0,False,0.04,10.0,98
A0-B0-C0-r263,20286323,16,125,1.0,False,0.056,7.0,54,1.0,False,0.056,7.0,55
A0-B0-C0-r264,20286420,1,2000,5.0,False,1.0,2000.0,1,1.0,False,0.0035,7.0,1230
A0-B0-C0-r264,20286420,2,1000,3.0,False,0.059,59.0,117,1.0,False,0.007,7.0,620
A0-B0-C0-r264,20286420,4,500,2.0,False,0.028,14.0,207,1.0,False,0.014,7.0,327
A0-B0-C0-r264,20286420,8,250,1.0,False,0.024,6.0,140,1.0,False,0.024,6.0,163
A0-B0-C0-r264,20286420,16,125,1.0,False,0.04,5.0,75,1.0,False,0.048,6.0,74
A0-B0-C0-r265,20286517,1,2000,4.0,False,0.55,1100.0,5,1.0,False,0.006,12.0,895
A0-B0-C0-r265,20286517,2,1000,2.0,False,0.156,156.0,36,1.0,False,0.014,14.0,431
A0-B0-C0-r265,20286517,4,500,1.0,False,0.048,24.0,124,1.0,False,0.022,11.0,213
A0-B0-C0-r265,20286517,8,250,1.0,False,0.056,14.0,102,1.0,False,0.064,16.0,104
A0-B0-C0-r265,20286517,16,125,1.0,False,0.088,11.0,44,1.0,False,0.2,25.0,39
A0-B0-C0-r266,20286614,1,2000,4.0,False,0.39,780.0,5,1.0,False,0.0095,19.0,883
A0-B0-C0-r266,20286614,2,1000,2.0,False,0.128,128.0,38,1.0,False,0.011,11.0,454
A0-B0-C0-r266,20286614,4,500,1.0,False,0.04,20.0,126,1.0,False,0.022,11.0,195
A0-B0-C0-r266,20286614,8,250,1.0,False,0.052,13.0,85,1.0,False,0.048,12.0,95
A0-B0-C0-r266,20286614,16,125,1.0,False,0.064,8.0,51,1.0,False,0.056,7.0,57
A0-B0-C0-r267,20286711,1,2000,4.0,False,0.1925,385.0,10,1.0,False,0.007,14.0,834
A0-B0-C0-r267,20286711,2,1000,2.0,False,0.082,82.0,45,1.0,False,0.014,14.0,405
A0-B0-C0-r267,20286711,4,500,1.0,False,0.048,24.0,120,1.0,False,0.02,10.0,204
A0-B0-C0-r267,20286711,8,250,1.0,False,0.044,11.0,103,1.0,False,0.044,11.0,98
A0-B0-C0-r267,20286711,16,125,1.0,False,0.048,6.0,53,1.0,False,0.064,8.0,53
A0-B0-C0-r268,20286808,1,2000,4.0,False,0.3645,729.0,4,1.0,False,0.0085,17.0,652
A0-B0-C0-r268,20286808,2,1000,2.0,False,0.116,116.0,23,1.0,False,0.014,14.0,342
A0-B0-C0-r268,20286808,4,500,1.0,False,0.062,31.0,87,1.0,False,0.044,22.0,153
A0-B0-C0-r268,20286808,8,250,1.0,False,0.056,14.0,76,1.0,False,0.064,16.0,80
A0-B0-C0-r268,20286808,16,125,1.0,False,0.088,11.0,42,1.0,False,0.136,17.0,39
A0-B0-C0-r269,20286905,1,2000,4.0,False,0.105,210.0,45,1.0,False,0.0045,9.0,1243
A0-B0-C0-r269,20286905,2,1000,2.0,False,0.042,42.0,189,1.0,False,0.007,7.0,610
A0-B0-C0-r269,20286905,4,500,1.0,False,0.018,9.0,227,1.0,False,0.022,11.0,297
A0-B0-C0-r269,20286905,8,250,1.0,False,0.024,6.0,139,1.0,False,0.024,6.0,155
A0-B0-C0-r269,20286905,16,125,1.0,False,0.056,7.0,70,1.0,False,0.04,5.0,83
A0-B0-C0-r270,20287002,1,2000,5.0,False,0.072,144.0,93,1.0,False,0.0055,11.0,1336
A0-B0-C0-r270,20287002,2,1000,3.0,False,0.076,76.0,130,1.0,False,0.006,6.0,674
A0-B0-C0-r270,20287002,4,500,2.0,False,0.052,26.0,183,1.0,False,0.01,5.0,337
A0-B0-C0-r270,20287002,8,250,1.0,False,0.028,7.0,134,1.0,False,0.028,7.0,162
A0-B0-C0-r270,20287002,16,125,1.0,False,0.032,4.0,79,1.0,False,0.056,7.0,80
A0-B0-C0-r271,20287099,1,2000,7.0,False,0.171,342.0,18,1.0,False,0.0055,11.0,1012
A0-B0-C0-r271,20287099,2,1000,3.0,False,0.129,129.0,17,1.0,False,0.01,10.0,477
A0-B0-C0-r271,20287099,4,500,2.0,False,0.098,49.0,78,1.0,False,0.022,11.0,255
A0-B0-C0-r271,20287099,8,250,1.0,False,0.052,13.0,94,1.0,False,0.036,9.0,114
A0-B0-C0-r271,20287099,16,125,1.0,False,0.08,10.0,61,1.0,False,0.064,8.0,61
A0-B0-C0-r272,20287196,1,2000,4.0,False,1.0,2000.0,1,1.0,False,0.006,12.0,958
A0-B0-C0-r272,20287196,2,1000,2.0,False,0.112,112.0,42,1.0,False,0.009,9.0,469
A0-B0-C0-r272,20287196,4,500,2.0,False,0.048,24.0,129,1.0,False,0.016,8.0,253
A0-B0-C0-r272,20287196,8,250,1.0,False,0.052,13.0,102,1.0,False,0.048,12.0,100
A0-B0-C0-r272,20287196,16,125,1.0,False,0.088,11.0,52,1.0,False,0.048,6.0,56
A0-B0-C0-r273,20287293,1,2000,4.0,False,0.351,702.0,6,1.0,False,0.006,12.0,851
A0-B0-C0-r273,20287293,2,1000,2.0,False,0.221,221.0,19,1.0,False,0.013,13.0,400
A0-B0-C0-r273,20287293,4,500,1.0,False,0.054,27.0,103,1.0,False,0.03,15.0,205
A0-B0-C0-r273,20287293,8,250,1.0,False,0.052,13.0,93,1.0,False,0.032,8.0,113
A0-B0-C0-r273,20287293,16,125,1.0,False,0.064,8.0,55,1.0,False,0.072,9.0,50
A0-B0-C0-r274,20287390,1,2000,4.0,False,0.0295,59.0,173,1.0,False,0.0035,7.0,1325
A0-B0-C0-r274,20287390,2,1000,2.0,False,0.018,18.0,259,1.0,False,0.007,7.0,669
A0-B0-C0-r274,20287390,4,500,1.0,False,0.022,11.0,253,1.0,False,0.01,5.0,329
A0-B0-C0-r274,20287390,8,250,1.0,False,0.024,6.0,159,1.0,False,0.02,5.0,158
A0-B0-C0-r274,20287390,16,125,1.0,False,0.048,6.0,73,1.0,False,0.04,5.0,78
A0-B0-C0-r275,20287487,1,2000,4.0,False,1.0,2000.0,1,1.0,False,0.0065,13.0,881
A0-B0-C0-r275,20287487,2,1000,2.0,False,0.209,209.0,21,1.0,False,0.013,13.0,419
A0-B0-C0-r275,20287487,4,500,1.0,False,0.044,22.0,132,1.0,False,0.024,12.0,209
A0-B0-C0-r275,20287487,8,250,1.0,False,0.056,14.0,100,1.0,False,0.052,13.0,101
A0-B0-C0-r275,20287487,16,125,1.0,False,0.088,11.0,44,1.0,False,0.096,12.0,53
A0-B0-C0-r276,20287584,1,2000,5.0,False,0.037,74.0,131,1.0,False,0.003,6.0,1320
A0-B0-C0-r276,20287584,2,1000,3.0,False,0.037,37.0,134,1.0,False,0.008,8.0,618
A0-B0-C0-r276,20287584,4,500,2.0,False,0.03,15.0,179,1.0,False,0.012,6.0,310
A0-B0-C0-r276,20287584,8,250,1.0,False,0.032,8.0,144,1.0,False,0.044,11.0,168
A0-B0-C0-r276,20287584,16,125,1.0,False,0.04,5.0,74,1.0,False,0.04,5.0,87
A0-B0-C0-r277,20287681,1,2000,4.0,False,0.057,114.0,94,1.0,False,0.005,10.0,1221
A0-B0-C0-r277,20287681,2,1000,2.0,False,0.047,47.0,179,1.0,False,0.008,8.0,612
A0-B0-C0-r277,20287681,4,500,1.0,False,0.022,11.0,218,1.0,False,0.012,6.0,290
A0-B0-C0-r277,20287681,8,250,1.0,False,0.032,8.0,136,1.0,False,0.02,5.0,153
A0-B0-C0-r277,20287681,16,125,1.0,False,0.048,6.0,76,1.0,False,0.048,6.0,78
A0-B0-C0-r278,20287778,1,2000,4.0,False,0.3445,689.0,9,1.0,False,0.0075,15.0,586
A0-B0-C0-r278,20287778,2,1000,2.0,False,0.207,207.0,13,1.0,False,0.014,14.0,315
A0-B0-C0-r278,20287778,4,500,1.0,False,0.104,52.0,69,1.0,False,0.026,13.0,159
A0-B0-C0-r278,20287778,8,250,1.0,False,0.056,14.0,63,1.0,False,0.16,40.0,61
A0-B0-C0-r278,20287778,16,125,1.0,False,0.096,12.0,40,1.0,False,0.12,15.0,28
A0-B0-C0-r279,20287875,1,2000,3.0,False,0.17,340.0,15,1.0,False,0.0095,19.0,705
A0-B0-C0-r279,20287875,2,1000,2.0,False,0.146,146.0,43,1.0,False,0.014,14.0,352
A0-B0-C0-r279,20287875,4,500,1.0,False,0.042,21.0,105,1.0,False,0.02,10.0,194
A0-B0-C0-r279,20287875,8,250,1.0,False,0.056,14.0,91,1.0,False,0.032,8.0,100
A0-B0-C0-r279,20287875,16,125,1.0,False,0.056,7.0,48,1.0,False,0.096,12.0,46
A0-B0-C0-r280,20287972,1,2000,5.0,False,1.0,2000.0,1,1.0,False,0.0085,17.0,784
A0-B0-C0-r280,20287972,2,1000,3.0,False,0.708,708.0,3,1.0,False,0.012,12.0,419
A0-B0-C0-r280,20287972,4,500,2.0,False,0.096,48.0,51,1.0,False,0.026,13.0,212
A0-B0-C0-r280,20287972,8,250,1.0,False,0.064,16.0,81,1.0,False,0.044,11.0,105
A0-B0-C0-r280,20287972,16,125,1.0,False,0.096,12.0,42,1.0,False,0.104,13.0,49
A0-B0-C0-r281,20288069,1,2000,4.0,False,0.1055,211.0,34,1.0,False,0.006,12.0,925
A0-B0-C0-r281,20288069,2,1000,2.0,False,0.074,74.0,76,1.0,False,0.009,9.0,452
A0-B0-C0-r281,20288069,4,500,1.0,False,0.04,20.0,150,1.0,False,0.016,8.0,226
A0-B0-C0-r281,20288069,8,250,1.0,False,0.04,10.0,110,1.0,False,0.04,10.0,108
A0-B0-C0-r281,20288069,16,125,1.0,False,0.112,14.0,55,1.0,False,0.056,7.0,68
A0-B0-C0-r282,20288166,1,2000,3.0,False,0.1485,297.0,17,1.0,False,0.0085,17.0,746
A0-B0-C0-r282,20288166,2,1000,2.0,False,0.073,73.0,37,1.0,False,0.015,15.0,356
A0-B0-C0-r282,20288166,4,500,1.0,False,0.046,23.0,116,1.0,False,0.03,15.0,164
A0-B0-C0-r282,20288166,8,250,1.0,False,0.044,11.0,90,1.0,False,0.056,14.0,76
A0-B0-C0-r282,20288166,16,125,1.0,False,0.08,10.0,51,1.0,False,0.096,12.0,40
A0-B0-C0-r283,20288263,1,2000,5.0,False,0.1465,293.0,24,1.0,False,0.0035,7.0,1396
A0-B0-C0-r283,20288263,2,1000,3.0,False,0.054,54.0,151,1.0,False,0.005,5.0,700
A0-B0-C0-r283,20288263,4,500,2.0,False,0.022,11.0,221,1.0,False,0.012,6.0,361
A0-B0-C0-r283,20288263,8,250,1.0,False,0.024,6.0,153,1.0,False,0.02,5.0,178
A0-B0-C0-r283,20288263,16,125,1.0,False,0.048,6.0,82,1.0,False,0.04,5.0,85
A0-B0-C0-r284,20288360,1,2000,5.0,False,0.3235,647.0,13,1.0,False,0.003,6.0,1352
A0-B0-C0-r284,20288360,2,1000,3.0,False,0.069,69.0,101,1.0,False,0.008,8.0,658
A0-B0-C0-r284,20288360,4,500,2.0,False,0.036,18.0,201,1.0,False,0.014,7.0,312
A0-B0-C0-r284,20288360,8,250,1.0,False,0.024,6.0,148,1.0,False,0.024,6.0,159
A0-B0-C0-r284,20288360,16,125,1.0,False,0.064,8.0,81,1.0,False,0.064,8.0,68
A0-B0-C0-r285,20288457,1,2000,4.0,False,0.282,564.0,20,1.0,False,0.0055,11.0,1144
A0-B0-C0-r285,20288457,2,1000,2.0,False,0.081,81.0,83,1.0,False,0.013,13.0,562
A0-B0-C0-r285,20288457,4,500,2.0,False,0.052,26.0,156,1.0,False,0.03,15.0,266
A0-B0-C0-r285,20288457,8,250,1.0,False,0.028,7.0,117,1.0,False,0.02,5.0,140
A0-B0-C0-r285,20288457,16,125,1.0,False,0.048,6.0,63,1.0,False,0.064,8.0,72
A0-B0-C0-r286,20288554,1,2000,4.0,False,0.106,212.0,97,1.0,False,0.005,10.0,1158
A0-B0-C0-r286,20288554,2,1000,2.0,False,0.031,31.0,158,1.0,False,0.008,8.0,586
A0-B0-C0-r286,20288554,4,500,1.0,False,0.026,13.0,189,1.0,False,0.022,11.0,303
A0-B0-C0-r286,20288554,8,250,1.0,False,0.028,7.0,133,1.0,False,0.032,8.0,149
A0-B0-C0-r286,20288554,16,125,1.0,False,0.064,8.0,62,1.0,False,0.056,7.0,64
A0-B0-C0-r287,20288651,1,2000,4.0,False,1.0,2000.0,1,1.0,False,0.007,14.0,830
A0-B0-C0-r287,20288651,2,1000,2.0,False,0.263,263.0,13,1.0,False,0.011,11.0,413
A0-B0-C0-r287,20288651,4,500,2.0,False,0.064,32.0,84,1.0,False,0.02,10.0,223
A0-B0-C0-r287,20288651,8,250,1.0,False,0.064,16.0,84,1.0,False,0.04,10.0,102
A0-B0-C0-r287,20288651,16,125,1.0,False,0.064,8.0,50,1.0,False,0.072,9.0,54
A0-B0-C0-r288,20288748,1,2000,4.0,False,1.0,2000.0,1,1.0,False,0.0095,19.0,685
A0-B0-C0-r288,20288748,2,1000,3.0,False,0.469,469.0,5,1.0,False,0.012,12.0,366
A0-B0-C0-r288,20288748,4,500,2.0,False,0.056,28.0,61,1.0,False,0.032,16.0,185
A0-B0-C0-r288,20288748,8,250,1.0,False,0.056,14.0,79,1.0,False,0.036,9.0,94
A0-B0-C0-r288,20288748,16,125,1.0,False,0.088,11.0,37,1.0,False,0.088,11.0,44
A0-B0-C0-r289,20288845,1,2000,3.0,False,0.0535,107.0,81,1.0,False,0.005,10.0,970
A0-B0-C0-r289,20288845,2,1000,2.0,False,0.031,31.0,147,1.0,False,0.01,10.0,481
A0-B0-C0-r289,20288845,4,500,1.0,False,0.024,12.0,179,1.0,False,0.018,9.0,258
A0-B0-C0-r289,20288845,8,250,1.0,False,0.036,9.0,110,1.0,False,0.028,7.0,120
A0-B0-C0-r289,20288845,16,125,1.0,False,0.072,9.0,60,1.0,False,0.056,7.0,57
A0-B0-C0-r290,20288942,1,2000,4.0,False,1.0,2000.0,1,1.0,False,0.01,20.0,641
A0-B0-C0-r290,20288942,2,1000,2.0,False,0.498,498.0,7,1.0,False,0.015,15.0,356
A0-B0-C0-r290,20288942,4,500,1.0,False,0.06,30.0,82,1.0,False,0.026,13.0,176
A0-B0-C0-r290,20288942,8,250,1.0,False,0.068,17.0,74,1.0,False,0.056,14.0,83
A0-B0-C0-r290,20288942,16,125,1.0,False,0.104,13.0,36,1.0,False,0.176,22.0,26
A0-B0-C0-r291,20289039,1,2000,4.0,False,0.7805,1561.0,2,1.0,False,0.007,14.0,800
A0-B0-C0-r291,20289039,2,1000,2.0,False,0.22,220.0,24,1.0,False,0.013,13.0,391
A0-B0-C0-r291,20289039,4,500,1.0,False,0.042,21.0,115,1.0,False,0.028,14.0,191
A0-B0-C0-r291,20289039,8,250,1.0,False,0.044,11.0,91,1.0,False,0.056,14.0,89
A0-B0-C0-r291,20289039,16,125,1.0,False,0.064,8.0,55,1.0,False,0.064,8.0,43
A0-B0-C0-r292,20289136,1,2000,5.0,False,0.1485,297.0,32,1.0,False,0.004,8.0,1306
A0-B0-C0-r292,20289136,2,1000,3.0,False,0.07,70.0,118,1.0,False,0.006,6.0,684
A0-B0-C0-r292,20289136,4,500,2.0,False,0.038,19.0,190,1.0,False,0.01,5.0,328
A0-B0-C0-r292,20289136,8,250,1.0,False,0.024,6.0,148,1.0,False,0.028,7.0,174
A0-B0-C0-r292,20289136,16,125,1.0,False,0.048,6.0,77,1.0,False,0.04,5.0,83
A0-B0-C0-r293,20289233,1,2000,3.0,False,0.103,206.0,35,1.0,False,0.005,10.0,926
A0-B0-C0-r293,20289233,2,1000,2.0,False,0.051,51.0,95,1.0,False,0.01,10.0,450
A0-B0-C0-r293,20289233,4,500,1.0,False,0.042,21.0,141,1.0,False,0.026,13.0,237
A0-B0-C0-r293,20289233,8,250,1.0,False,0.048,12.0,97,1.0,False,0.032,8.0,116
A0-B0-C0-r293,20289233,16,125,1.0,False,0.072,9.0,54,1.0,False,0.08,10.0,55
A0-B0-C0-r294,20289330,1,2000,3.0,False,0.152,304.0,19,1.0,False,0.0055,11.0,878
A0-B0-C0-r294,20289330,2,1000,2.0,False,0.073,73.0,64,1.0,False,0.012,12.0,442
A0-B0-C0-r294,20289330,4,500,1.0,False,0.03,15.0,140,1.0,False,0.022,11.0,204
A0-B0-C0-r294,20289330,8,250,1.0,False,0.036,9.0,106,1.0,False,0.044,11.0,105
A0-B0-C0-r294,20289330,16,125,1.0,False,0.056,7.0,49,1.0,False,0.08,10.0,52
A0-B0-C0-r295,20289427,1,2000,4.0,False,0.0295,59.0,263,1.0,False,0.0045,9.0,1393
A0-B0-C0-r295,20289427,2,1000,2.0,False,0.024,24.0,265,1.0,False,0.007,7.0,687
A0-B0-C0-r295,20289427,4,500,2.0,False,0.024,12.0,255,1.0,False,0.014,7.0,340
A0-B0-C0-r295,20289427,8,250,1.0,False,0.04,10.0,155,1.0,False,0.032,8.0,161
A0-B0-C0-r295,20289427,16,125,1.0,False,0.04,5.0,85,1.0,False,0.048,6.0,81
A0-B0-C0-r296,20289524,1,2000,5.0,False,0.3485,697.0,20,1.0,False,0.0035,7.0,1159
A0-B0-C0-r296,20289524,2,1000,3.0,False,0.097,97.0,65,1.0,False,0.011,11.0,589
A0-B0-C0-r296,20289524,4,500,2.0,False,0.044,22.0,164,1.0,False,0.014,7.0,302
A0-B0-C0-r296,20289524,8,250,1.0,False,0.036,9.0,126,1.0,False,0.028,7.0,147
A0-B0-C0-r296,20289524,16,125,1.0,False,0.056,7.0,62,1.0,False,0.056,7.0,66
A0-B0-C0-r297,20289621,1,2000,4.0,False,0.0415,83.0,119,1.0,False,0.0045,9.0,1232
A0-B0-C0-r297,20289621,2,1000,3.0,False,0.035,35.0,129,1.0,False,0.008,8.0,603
A0-B0-C0-r297,20289621,4,500,2.0,False,0.034,17.0,168,1.0,False,0.018,9.0,297
A0-B0-C0-r297,20289621,8,250,1.0,False,0.032,8.0,125,1.0,False,0.024,6.0,160
A0-B0-C0-r297,20289621,16,125,1.0,False,0.048,6.0,67,1.0,False,0.04,5.0,77
A0-B0-C0-r298,20289718,1,2000,4.0,False,0.1925,385.0,19,1.0,False,0.005,10.0,1076
A0-B0-C0-r298,20289718,2,1000,3.0,False,0.075,75.0,49,1.0,False,0.009,9.0,528
A0-B0-C0-r298,20289718,4,500,2.0,False,0.05,25.0,130,1.0,False,0.016,8.0,263
A0-B0-C0-r298,20289718,8,250,1.0,False,0.028,7.0,106,1.0,False,0.024,6.0,139
A0-B0-C0-r298,20289718,16,125,1.0,False,0.056,7.0,60,1.0,False,0.064,8.0,73
A0-B0-C0-r299,20289815,1,2000,4.0,False,0.226,452.0,8,1.0,False,0.009,18.0,647
A0-B0-C0-r299,20289815,2,1000,2.0,False,0.288,288.0,18,1.0,False,0.014,14.0,339
A0-B0-C0-r299,20289815,4,500,1.0,False,0.048,24.0,70,1.0,False,0.024,12.0,167
A0-B0-C0-r299,20289815,8,250,1.0,False,0.064,16.0,84,1.0,False,0.072,18.0,76
A0-B0-C0-r299,20289815,16,125,1.0,False,0.088,11.0,44,1.0,False,0.104,13.0,37
A0-B0-C0-r300,20289912,1,2000,4.0,False,0.1855,371.0,20,1.0,False,0.0035,7.0,1192
A0-B0-C0-r300,20289912,2,1000,2.0,False,0.055,55.0,144,1.0,False,0.009,9.0,593
A0-B0-C0-r300,20289912,4,500,1.0,False,0.022,11.0,189,1.0,False,0.014,7.0,301
A0-B0-C0-r300,20289912,8,250,1.0,False,0.024,6.0,128,1.0,False,0.024,6.0,146
A0-B0-C0-r300,20289912,16,125,1.0,False,0.056,7.0,62,1.0,False,0.032,4.0,90
A0-B0-C0-r301,20290009,1,2000,4.0,False,0.189,378.0,31,1.0,False,0.0045,9.0,1271
A0-B0-C0-r301,20290009,2,1000,2.0,False,0.073,73.0,161,1.0,False,0.007,7.0,632
A0-B0-C0-r301,20290009,4,500,1.0,False,0.028,14.0,226,1.0,False,0.016,8.0,304
A0-B0-C0-r301,20290009,8,250,1.0,False,0.02,5.0,153,1.0,False,0.028,7.0,149
A0-B0-C0-r301,20290009,16,125,1.0,False,0.048,6.0,81,1.0,False,0.048,6.0,71
A0-B0-C0-r302,20290106,1,2000,3.0,False,0.2625,525.0,19,1.0,False,0.0075,15.0,783
A0-B0-C0-r302,20290106,2,1000,2.0,False,0.096,96.0,64,1.0,False,0.017,17.0,431
A0-B0-C0-r302,20290106,4,500,1.0,False,0.056,28.0,123,1.0,False,0.02,10.0,195
A0-B0-C0-r302,20290106,8,250,1.0,False,0.08,20.0,76,1.0,False,0.028,7.0,96
A0-B0-C0-r302,20290106,16,125,1.0,False,0.136,17.0,35,1.0,False,0.088,11.0,48
A0-B0-C0-r303,20290203,1,2000,4.0,False,0.1485,297.0,22,1.0,False,0.006,12.0,1010
A0-B0-C0-r303,20290203,2,1000,2.0,False,0.104,104.0,74,1.0,False,0.008,8.0,505
A0-B0-C0-r303,20290203,4,500,2.0,False,0.038,19.0,157,1.0,False,0.018,9.0,266
A0-B0-C0-r303,20290203,8,250,1.0,False,0.032,8.0,122,1.0,False,0.032,8.0,118
A0-B0-C0-r303,20290203,16,125,1.0,False,0.048,6.0,72,1.0,False,0.064,8.0,63
A0-B0-C0-r304,20290300,1,2000,3.0,False,0.0155,31.0,457,1.0,False,0.0035,7.0,1288
A0-B0-C0-r304,20290300,2,1000,2.0,False,0.013,13.0,370,1.0,False,0.008,8.0,640
A0-B0-C0-r304,20290300,4,500,1.0,False,0.016,8.0,275,1.0,False,0.012,6.0,329
A0-B0-C0-r304,20290300,8,250,1.0,False,0.02,5.0,156,1.0,False,0.02,5.0,165
A0-B0-C0-r304,20290300,16,125,1.0,False,0.048,6.0,80,1.0,False,0.032,4.0,80
A0-B0-C0-r305,20290397,1,2000,4.0,False,0.1295,259.0,28,1.0,False,0.0055,11.0,954
A0-B0-C0-r305,20290397,2,1000,2.0,False,0.103,103.0,59,1.0,False,0.013,13.0,467
A0-B0-C0-r305,20290397,4,500,1.0,False,0.05,25.0,121,1.0,False,0.018,9.0,230
A0-B0-C0-r305,20290397,8,250,1.0,False,0.048,12.0,106,1.0,False,0.028,7.0,110
A0-B0-C0-r305,20290397,16,125,1.0,False,0.064,8.0,56,1.0,False,0.04,5.0,57
A0-B0-C0-r306,20290494,1,2000,5.0,False,0.1925,385.0,12,1.0,False,0.0065,13.0,1055
A0-B0-C0-r306,20290494,2,1000,3.0,False,0.121,121.0,49,1.0,False,0.009,9.0,537
A0-B0-C0-r306,20290494,4,500,2.0,False,0.062,31.0,121,1.0,False,0.016,8.0,268
A0-B0-C0-r306,20290494,8,250,1.0,False,0.036,9.0,109,1.0,False,0.04,10.0,121
A0-B0-C0-r306,20290494,16,125,1.0,False,0.064,8.0,55,1.0,False,0.048,6.0,62
A0-B0-C0-r307,20290591,1,2000,4.0,False,1.0,2000.0,1,1.0,False,0.008,16.0,757
A0-B0-C0-r307,20290591,2,1000,2.0,False,0.365,365.0,9,1.0,False,0.02,20.0,341
A0-B0-C0-r307,20290591,4,500,2.0,False,0.062,31.0,63,1.0,False,0.032,16.0,199
A0-B0-C0-r307,20290591,8,250,1.0,False,0.06,15.0,64,1.0,False,0.036,9.0,104
A0-B0-C0-r307,20290591,16,125,1.0,False,0.08,10.0,32,1.0,False,0.072,9.0,57
A0-B0-C0-r308,20290688,1,2000,4.0,False,0.03,60.0,238,1.0,False,0.0035,7.0,1262
A0-B0-C0-r308,20290688,2,1000,2.0,False,0.025,25.0,194,1.0,False,0.006,6.0,646
A0-B0-C0-r308,20290688,4,500,2.0,False,0.024,12.0,203,1.0,False,0.014,7.0,303
A0-B0-C0-r308,20290688,8,250,1.0,False,0.036,9.0,129,1.0,False,0.024,6.0,158
A0-B0-C0-r308,20290688,16,125,1.0,False,0.072,9.0,73,1.0,False,0.056,7.0,79
A0-B0-C0-r309,20290785,1,2000,4.0,False,0.0525,105.0,134,1.0,False,0.0035,7.0,1210
A0-B0-C0-r309,20290785,2,1000,2.0,False,0.034,34.0,166,1.0,False,0.007,7.0,601
A0-B0-C0-r309,20290785,4,500,1.0,False,0.022,11.0,201,1.0,False,0.016,8.0,297
A0-B0-C0-r309,20290785,8,250,1.0,False,0.036,9.0,128,1.0,False,0.024,6.0,147
A0-B0-C0-r309,20290785,16,125,1.0,False,0.056,7.0,63,1.0,False,0.048,6.0,81
A0-B0-C0-r310,20290882,1,2000,4.0,False,1.0,2000.0,1,1.0,False,0.008,16.0,983
A0-B0-C0-r310,20290882,2,1000,2.0,False,0.173,173.0,26,1.0,False,0.01,10.0,495
A0-B0-C0-r310,20290882,4,500,2.0,False,0.052,26.0,120,1.0,False,0.016,8.0,240
A0-B0-C0-r310,20290882,8,250,1.0,False,0.052,13.0,107,1.0,False,0.044,11.0,124
A0-B0-C0-r310,20290882,16,125,1.0,False,0.064,8.0,59,1.0,False,0.104,13.0,50
A0-B0-C0-r311,20290979,1,2000,4.0,False,0.2395,479.0,17,1.0,False,0.004,8.0,1310
A0-B0-C0-r311,20290979,2,1000,2.0,False,0.047,47.0,125,1.0,False,0.006,6.0,658
A0-B0-C0-r311,20290979,4,500,2.0,False,0.024,12.0,238,1.0,False,0.012,6.0,315
A0-B0-C0-r311,20290979,8,250,1.0,False,0.032,8.0,158,1.0,False,0.02,5.0,159
A0-B0-C0-r311,20290979,16,125,1.0,False,0.056,7.0,67,1.0,False,0.032,4.0,85
A0-B0-C0-r312,20291076,1,2000,4.0,False,0.4615,923.0,5,1.0,False,0.0065,13.0,896
A0-B0-C0-r312,20291076,2,1000,2.0,False,0.242,242.0,28,1.0,False,0.017,17.0,414
A0-B0-C0-r312,20291076,4,500,1.0,False,0.076,38.0,108,1.0,False,0.02,10.0,216
A0-B0-C0-r312,20291076,8,250,1.0,False,0.08,20.0,92,1.0,False,0.088,22.0,93
A0-B0-C0-r312,20291076,16,125,1.0,False,0.056,7.0,64,1.0,False,0.072,9.0,55
A0-B0-C0-r313,20291173,1,2000,4.0,False,0.5525,1105.0,4,1.0,False,0.0045,9.0,990
A0-B0-C0-r313,20291173,2,1000,3.0,False,0.148,148.0,39,1.0,False,0.011,11.0,493
A0-B0-C0-r313,20291173,4,500,2.0,False,0.036,18.0,124,1.0,False,0.016,8.0,251
A0-B0-C0-r313,20291173,8,250,1.0,False,0.04,10.0,105,1.0,False,0.02,5.0,141
A0-B0-C0-r313,20291173,16,125,1.0,False,0.056,7.0,53,1.0,False,0.048,6.0,66
A0-B0-C0-r314,20291270,1,2000,5.0,False,0.0195,39.0,260,1.0,False,0.003,6.0,1407
A0-B0-C0-r314,20291270,2,1000,3.0,False,0.026,26.0,204,1.0,False,0.006,6.0,721
A0-B0-C0-r314,20291270,4,500,2.0,False,0.026,13.0,206,1.0,False,0.014,7.0,340
A0-B0-C0-r314,20291270,8,250,1.0,False,0.028,7.0,146,1.0,False,0.032,8.0,154
A0-B0-C0-r314,20291270,16,125,1.0,False,0.032,4.0,86,1.0,False,0.04,5.0,73
A0-B0-C0-r315,20291367,1,2000,4.0,False,0.0735,147.0,111,1.0,False,0.0035,7.0,1343
A0-B0-C0-r315,20291367,2,1000,2.0,False,0.03,30.0,216,1.0,False,0.006,6.0,681
A0-B0-C0-r315,20291367,4,500,1.0,False,0.022,11.0,252,1.0,False,0.012,6.0,331
A0-B0-C0-r315,20291367,8,250,1.0,False,0.024,6.0,160,1.0,False,0.016,4.0,174
A0-B0-C0-r315,20291367,16,125,1.0,False,0.032,4.0,77,1.0,False,0.032,4.0,88
A0-B0-C0-r316,20291464,1,2000,4.0,False,1.0,2000.0,1,1.0,False,0.0075,15.0,702
A0-B0-C0-r316,20291464,2,1000,2.0,False,0.912,912.0,2,1.0,False,0.012,12.0,367
A0-B0-C0-r316,20291464,4,500,2.0,False,0.098,49.0,66,1.0,False,0.048,24.0,168
A0-B0-C0-r316,20291464,8,250,1.0,False,0.048,12.0,86,1.0,False,0.044,11.0,86
A0-B0-C0-r316,20291464,16,125,1.0,False,0.144,18.0,38,1.0,False,0.088,11.0,48
A0-B0-C0-r317,20291561,1,2000,4.0,False,0.2905,581.0,9,1.0,False,0.0095,19.0,622
A0-B0-C0-r317,20291561,2,1000,2.0,False,0.164,164.0,17,1.0,False,0.018,18.0,300
A0-B0-C0-r317,20291561,4,500,1.0,False,0.06,30.0,64,1.0,False,0.034,17.0,128
A0-B0-C0-r317,20291561,8,250,1.0,False,0.076,19.0,72,1.0,False,0.064,16.0,54
A0-B0-C0-r317,20291561,16,125,1.0,False,0.072,9.0,35,1.0,False,0.096,12.0,28
A0-B0-C0-r318,20291658,1,2000,4.0,False,0.273,546.0,9,1.0,False,0.0035,7.0,1200
A0-B0-C0-r318,20291658,2,1000,2.0,False,0.06,60.0,103,1.0,False,0.011,11.0,581
A0-B0-C0-r318,20291658,4,500,2.0,False,0.026,13.0,175,1.0,False,0.014,7.0,292
A0-B0-C0-r318,20291658,8,250,1.0,False,0.036,9.0,122,1.0,False,0.04,10.0,145
A0-B0-C0-r318,20291658,16,125,1.0,False,0.088,11.0,64,1.0,False,0.04,5.0,76
A0-B0-C0-r319,20291755,1,2000,4.0,False,0.0575,115.0,92,1.0,False,0.0035,7.0,1309
A0-B0-C0-r319,20291755,2,1000,2.0,False,0.037,37.0,172,1.0,False,0.007,7.0,636
A0-B0-C0-r319,20291755,4,500,2.0,False,0.024,12.0,213,1.0,False,0.014,7.0,331
A0-B0-C0-r319,20291755,8,250,1.0,False,0.028,7.0,157,1.0,False,0.028,7.0,157
A0-B0-C0-r319,20291755,16,125,1.0,False,0.056,7.0,73,1.0,False,0.064,8.0,75
A0-B0-C0-r320,20291852,1,2000,4.0,False,1.0,2000.0,1,1.0,False,0.008,16.0,673
A0-B0-C0-r320,20291852,2,1000,2.0,False,0.457,457.0,4,1.0,False,0.019,19.0,320
A0-B0-C0-r320,20291852,4,500,1.0,False,0.06,30.0,80,1.0,False,0.036,18.0,162
A0-B0-C0-r320,20291852,8,250,1.0,False,0.036,9.0,83,1.0,False,0.072,18.0,76
A0-B0-C0-r320,20291852,16,125,1.0,False,0.08,10.0,46,1.0,False,0.152,19.0,36
A0-B0-C0-r321,20291949,1,2000,3.0,False,0.123,246.0,45,1.0,False,0.008,16.0,664
A0-B0-C0-r321,20291949,2,1000,2.0,False,0.074,74.0,62,1.0,False,0.021,21.0,306
A0-B0-C0-r321,20291949,4,500,1.0,False,0.068,34.0,84,1.0,False,0.026,13.0,163
A0-B0-C0-r321,20291949,8,250,1.0,False,0.092,23.0,61,1.0,False,0.06,15.0,77
A0-B0-C0-r321,20291949,16,125,1.0,False,0.08,10.0,32,1.0,False,0.096,12.0,40
A0-B0-C0-r322,20292046,1,2000,4.0,False,1.0,2000.0,1,1.0,False,0.0115,23.0,668
A0-B0-C0-r322,20292046,2,1000,2.0,False,0.245,245.0,11,1.0,False,0.015,15.0,356
A0-B0-C0-r322,20292046,4,500,1.0,False,0.086,43.0,79,1.0,False,0.03,15.0,173
A0-B0-C0-r322,20292046,8,250,1.0,False,0.088,22.0,73,1.0,False,0.044,11.0,87
A0-B0-C0-r322,20292046,16,125,1.0,False,0.104,13.0,39,1.0,False,0.072,9.0,38
A0-B0-C0-r323,20292143,1,2000,4.0,False,1.0,2000.0,1,1.0,False,0.0055,11.0,905
A0-B0-C0-r323,20292143,2,1000,3.0,False,0.209,209.0,16,1.0,False,0.018,18.0,458
A0-B0-C0-r323,20292143,4,500,2.0,False,0.064,32.0,102,1.0,False,0.02,10.0,211
A0-B0-C0-r323,20292143,8,250,1.0,False,0.044,11.0,87,1.0,False,0.04,10.0,108
A0-B0-C0-r323,20292143,16,125,1.0,False,0.096,12.0,43,1.0,False,0.096,12.0,44
A0-B0-C0-r324,20292240,1,2000,4.0,False,0.175,350.0,20,1.0,False,0.007,14.0,989
A0-B0-C0-r324,20292240,2,1000,2.0,False,0.086,86.0,63,1.0,False,0.01,10.0,482
A0-B0-C0-r324,20292240,4,500,2.0,False,0.048,24.0,118,1.0,False,0.02,10.0,244
A0-B0-C0-r324,20292240,8,250,1.0,False,0.056,14.0,98,1.0,False,0.04,10.0,108
A0-B0-C0-r324,20292240,16,125,1.0,False,0.072,9.0,61,1.0,False,0.112,14.0,52
A0-B0-C0-r325,20292337,1,2000,3.0,False,0.1955,391.0,15,1.0,False,0.0085,17.0,852
A0-B0-C0-r325,20292337,2,1000,2.0,False,0.065,65.0,55,1.0,False,0.013,13.0,410
A0-B0-C0-r325,20292337,4,500,1.0,False,0.042,21.0,138,1.0,False,0.022,11.0,204
A0-B0-C0-r325,20292337,8,250,1.0,False,0.044,11.0,93,1.0,False,0.036,9.0,110
A0-B0-C0-r325,20292337,16,125,1.0,False,0.112,14.0,48,1.0,False,0.056,7.0,48
A0-B0-C0-r326,20292434,1,2000,4.0,False,1.0,2000.0,1,1.0,False,0.011,22.0,611
A0-B0-C0-r326,20292434,2,1000,2.0,False,0.659,659.0,2,1.0,False,0.013,13.0,330
A0-B0-C0-r326,20292434,4,500,1.0,False,0.09,45.0,73,1.0,False,0.038,19.0,168
A0-B0-C0-r326,20292434,8,250,1.0,False,0.056,14.0,59,1.0,False,0.048,12.0,67
A0-B0-C0-r326,20292434,16,125,1.0,False,0.112,14.0,25,1.0,False,0.176,22.0,28
A0-B0-C0-r327,20292531,1,2000,3.0,False,0.07,140.0,65,1.0,False,0.005,10.0,1181
A0-B0-C0-r327,20292531,2,1000,2.0,False,0.03,30.0,179,1.0,False,0.008,8.0,553
A0-B0-C0-r327,20292531,4,500,1.0,False,0.024,12.0,220,1.0,False,0.012,6.0,286
A0-B0-C0-r327,20292531,8,250,1.0,False,0.032,8.0,128,1.0,False,0.024,6.0,135
A0-B0-C0-r327,20292531,16,125,1.0,False,0.04,5.0,72,1.0,False,0.056,7.0,74
A0-B0-C0-r328,20292628,1,2000,5.0,False,0.367,734.0,6,1.0,False,0.0045,9.0,1055
A0-B0-C0-r328,20292628,2,1000,3.0,False,0.132,132.0,17,1.0,False,0.009,9.0,536
A0-B0-C0-r328,20292628,4,500,2.0,False,0.036,18.0,95,1.0,False,0.016,8.0,275
A0-B0-C0-r328,20292628,8,250,1.0,False,0.044,11.0,104,1.0,False,0.032,8.0,132
A0-B0-C0-r328,20292628,16,125,1.0,False,0.088,11.0,54,1.0,False,0.056,7.0,60
A0-B0-C0-r329,20292725,1,2000,4.0,False,1.0,2000.0,1,1.0,False,0.0095,19.0,625
A0-B0-C0-r329,20292725,2,1000,2.0,False,0.384,384.0,9,1.0,False,0.014,14.0,305
A0-B0-C0-r329,20292725,4,500,1.0,False,0.12,60.0,53,1.0,False,0.024,12.0,165
A0-B0-C0-r329,20292725,8,250,1.0,False,0.044,11.0,67,1.0,False,0.068,17.0,76
A0-B0-C0-r329,20292725,16,125,1.0,False,0.072,9.0,39,1.0,False,0.136,17.0,38
A0-B0-C0-r330,20292822,1,2000,4.0,False,0.406,812.0,5,1.0,False,0.005,10.0,1228
A0-B0-C0-r330,20292822,2,1000,3.0,False,0.055,55.0,91,1.0,False,0.009,9.0,612
A0-B0-C0-r330,20292822,4,500,2.0,False,0.026,13.0,177,1.0,False,0.01,5.0,317
A0-B0-C0-r330,20292822,8,250,1.0,False,0.02,5.0,148,1.0,False,0.024,6.0,149
A0-B0-C0-r330,20292822,16,125,1.0,False,0.056,7.0,71,1.0,False,0.032,4.0,79
A0-B0-C0-r331,20292919,1,2000,4.0,False,0.1445,289.0,23,1.0,False,0.0035,7.0,1182
A0-B0-C0-r331,20292919,2,1000,2.0,False,0.03,30.0,161,1.0,False,0.01,10.0,584
A0-B0-C0-r331,20292919,4,500,1.0,False,0.026,13.0,213,1.0,False,0.016,8.0,267
A0-B0-C0-r331,20292919,8,250,1.0,False,0.024,6.0,124,1.0,False,0.044,11.0,129
A0-B0-C0-r331,20292919,16,125,1.0,False,0.056,7.0,64,1.0,False,0.048,6.0,85
A0-B0-C0-r332,20293016,1,2000,4.0,False,0.3535,707.0,8,1.0,False,0.008,16.0,771
A0-B0-C0-r332,20293016,2,1000,2.0,False,0.096,96.0,37,1.0,False,0.017,17.0,404
A0-B0-C0-r332,20293016,4,500,1.0,False,0.04,20.0,116,1.0,False,0.028,14.0,168
A0-B0-C0-r332,20293016,8,250,1.0,False,0.044,11.0,90,1.0,False,0.044,11.0,85
A0-B0-C0-r332,20293016,16,125,1.0,False,0.064,8.0,39,1.0,False,0.104,13.0,44
A0-B0-C0-r333,20293113,1,2000,4.0,False,0.0455,91.0,116,1.0,False,0.003,6.0,1387
A0-B0-C0-r333,20293113,2,1000,2.0,False,0.031,31.0,292,1.0,False,0.007,7.0,672
A0-B0-C0-r333,20293113,4,500,1.0,False,0.016,8.0,276,1.0,False,0.012,6.0,346
A0-B0-C0-r333,20293113,8,250,1.0,False,0.024,6.0,163,1.0,False,0.028,7.0,175
A0-B0-C0-r333,20293113,16,125,1.0,False,0.04,5.0,83,1.0,False,0.048,6.0,86
A0-B0-C0-r334,20293210,1,2000,5.0,False,1.0,2000.0,1,1.0,False,0.0045,9.0,1202
A0-B0-C0-r334,20293210,2,1000,3.0,False,0.112,112.0,36,1.0,False,0.008,8.0,586
A0-B0-C0-r334,20293210,4,500,2.0,False,0.048,24.0,138,1.0,False,0.02,10.0,291
A0-B0-C0-r334,20293210,8,250,1.0,False,0.04,10.0,123,1.0,False,0.028,7.0,151
A0-B0-C0-r334,20293210,16,125,1.0,False,0.048,6.0,71,1.0,False,0.056,7.0,60
A0-B0-C0-r335,20293307,1,2000,5.0,False,1.0,2000.0,1,1.0,False,0.0055,11.0,972
A0-B0-C0-r335,20293307,2,1000,3.0,False,0.279,279.0,14,1.0,False,0.01,10.0,487
A0-B0-C0-r335,20293307,4,500,2.0,False,0.05,25.0,115,1.0,False,0.018,9.0,249
A0-B0-C0-r335,20293307,8,250,1.0,False,0.048,12.0,116,1.0,False,0.036,9.0,125
A0-B0-C0-r335,20293307,16,125,1.0,False,0.072,9.0,62,1.0,False,0.064,8.0,59
A0-B0-C0-r336,20293404,1,2000,5.0,False,1.0,2000.0,1,1.0,False,0.0065,13.0,973
A0-B0-C0-r336,20293404,2,1000,3.0,False,0.576,576.0,5,1.0,False,0.012,12.0,485
A0-B0-C0-r336,20293404,4,500,2.0,False,0.058,29.0,77,1.0,False,0.018,9.0,238
A0-B0-C0-r336,20293404,8,250,1.0,False,0.04,10.0,104,1.0,False,0.032,8.0,126
A0-B0-C0-r336,20293404,16,125,1.0,False,0.04,5.0,65,1.0,False,0.08,10.0,69
A0-B0-C0-r337,20293501,1,2000,4.0,False,0.028,56.0,241,1.0,False,0.0035,7.0,1340
A0-B0-C0-r337,20293501,2,1000,2.0,False,0.022,22.0,266,1.0,False,0.006,6.0,664
A0-B0-C0-r337,20293501,4,500,1.0,False,0.018,9.0,267,1.0,False,0.01,5.0,359
A0-B0-C0-r337,20293501,8,250,1.0,False,0.02,5.0,159,1.0,False,0.02,5.0,167
A0-B0-C0-r337,20293501,16,125,1.0,False,0.04,5.0,79,1.0,False,0.04,5.0,85
A0-B0-C0-r338,20293598,1,2000,4.0,False,0.1445,289.0,27,1.0,False,0.0065,13.0,964
A0-B0-C0-r338,20293598,2,1000,2.0,False,0.063,63.0,69,1.0,False,0.02,20.0,481
A0-B0-C0-r338,20293598,4,500,2.0,False,0.052,26.0,120,1.0,False,0.02,10.0,261
A0-B0-C0-r338,20293598,8,250,1.0,False,0.052,13.0,89,1.0,False,0.04,10.0,121
A0-B0-C0-r338,20293598,16,125,1.0,False,0.064,8.0,50,1.0,False,0.128,16.0,46
A0-B0-C0-r339,20293695,1,2000,4.0,False,0.157,314.0,19,1.0,False,0.0055,11.0,1047
A0-B0-C0-r339,20293695,2,1000,2.0,False,0.082,82.0,68,1.0,False,0.012,12.0,532
A0-B0-C0-r339,20293695,4,500,1.0,False,0.028,14.0,162,1.0,False,0.014,7.0,268
A0-B0-C0-r339,20293695,8,250,1.0,False,0.032,8.0,111,1.0,False,0.036,9.0,115
A0-B0-C0-r339,20293695,16,125,1.0,False,0.064,8.0,57,1.0,False,0.064,8.0,57
A0-B0-C0-r340,20293792,1,2000,4.0,False,0.218,436.0,12,1.0,False,0.0065,13.0,918
A0-B0-C0-r340,20293792,2,1000,2.0,False,0.133,133.0,37,1.0,False,0.011,11.0,467
A0-B0-C0-r340,20293792,4,500,1.0,False,0.044,22.0,117,1.0,False,0.024,12.0,226
A0-B0-C0-r340,20293792,8,250,1.0,False,0.032,8.0,112,1.0,False,0.036,9.0,111
A0-B0-C0-r340,20293792,16,125,1.0,False,0.048,6.0,64,1.0,False,0.064,8.0,56
A0-B0-C0-r341,20293889,1,2000,4.0,False,1.0,2000.0,1,1.0,False,0.006,12.0,958
A0-B0-C0-r341,20293889,2,1000,2.0,False,0.235,235.0,20,1.0,False,0.01,10.0,484
A0-B0-C0-r341,20293889,4,500,1.0,False,0.044,22.0,135,1.0,False,0.016,8.0,251
A0-B0-C0-r341,20293889,8,250,1.0,False,0.028,7.0,124,1.0,False,0.028,7.0,123
A0-B0-C0-r341,20293889,16,125,1.0,False,0.056,7.0,60,1.0,False,0.048,6.0,59
A0-B0-C0-r342,20293986,1,2000,3.0,False,0.122,244.0,53,1.0,False,0.0065,13.0,825
A0-B0-C0-r342,20293986,2,1000,2.0,False,0.065,65.0,73,1.0,False,0.011,11.0,422
A0-B0-C0-r342,20293986,4,500,1.0,False,0.04,20.0,124,1.0,False,0.024,12.0,182
A0-B0-C0-r342,20293986,8,250,1.0,False,0.052,13.0,78,1.0,False,0.056,14.0,98
A0-B0-C0-r342,20293986,16,125,1.0,False,0.056,7.0,45,1.0,False,0.072,9.0,56
A0-B0-C0-r343,20294083,1,2000,4.0,False,1.0,2000.0,1,1.0,False,0.008,16.0,741
A0-B0-C0-r343,20294083,2,1000,2.0,False,0.261,261.0,18,1.0,False,0.015,15.0,374
A0-B0-C0-r343,20294083,4,500,1.0,False,0.082,41.0,83,1.0,False,0.02,10.0,192
A0-B0-C0-r343,20294083,8,250,1.0,False,0.068,17.0,71,1.0,False,0.044,11.0,101
A0-B0-C0-r343,20294083,16,125,1.0,False,0.08,10.0,41,1.0,False,0.072,9.0,47
A0-B0-C0-r344,20294180,1,2000,3.0,False,0.184,368.0,18,1.0,False,0.0115,23.0,593
A0-B0-C0-r344,20294180,2,1000,2.0,False,0.117,117.0,36,1.0,False,0.019,19.0,296
A0-B0-C0-r344,20294180,4,500,1.0,False,0.04,20.0,96,1.0,False,0.052,26.0,157
A0-B0-C0-r344,20294180,8,250,1.0,False,0.084,21.0,51,1.0,False,0.072,18.0,69
A0-B0-C0-r344,20294180,16,125,1.0,False,0.112,14.0,28,1.0,False,0.184,23.0,30
A0-B0-C0-r345,20294277,1,2000,4.0,False,1.0,2000.0,1,1.0,False,0.007,14.0,743
A0-B0-C0-r345,20294277,2,1000,2.0,False,0.899,899.0,2,1.0,False,0.013,13.0,394
A0-B0-C0-r345,20294277,4,500,1.0,False,0.06,30.0,89,1.0,False,0.022,11.0,185
A0-B0-C0-r345,20294277,8,250,1.0,False,0.04,10.0,84,1.0,False,0.036,9.0,93
A0-B0-C0-r345,20294277,16,125,1.0,False,0.096,12.0,43,1.0,False,0.096,12.0,55
A0-B0-C0-r346,20294374,1,2000,4.0,False,0.0555,111.0,102,1.0,False,0.0035,7.0,1377
A0-B0-C0-r346,20294374,2,1000,2.0,False,0.04,40.0,229,1.0,False,0.007,7.0,677
A0-B0-C0-r346,20294374,4,500,1.0,False,0.026,13.0,257,1.0,False,0.01,5.0,336
A0-B0-C0-r346,20294374,8,250,1.0,False,0.02,5.0,168,1.0,False,0.02,5.0,166
A0-B0-C0-r346,20294374,16,125,1.0,False,0.04,5.0,82,1.0,False,0.04,5.0,81
A0-B0-C0-r347,20294471,1,2000,4.0,False,0.0995,199.0,39,1.0,False,0.0045,9.0,1327
A0-B0-C0-r347,20294471,2,1000,2.0,False,0.029,29.0,197,1.0,False,0.006,6.0,691
A0-B0-C0-r347,20294471,4,500,1.0,False,0.02,10.0,244,1.0,False,0.01,5.0,354
A0-B0-C0-r347,20294471,8,250,1.0,False,0.024,6.0,151,1.0,False,0.02,5.0,181
A0-B0-C0-r347,20294471,16,125,1.0,False,0.032,4.0,79,1.0,False,0.048,6.0,82
A0-B0-C0-r348,20294568,1,2000,4.0,False,0.0815,163.0,56,1.0,False,0.0035,7.0,1249
A0-B0-C0-r348,20294568,2,1000,2.0,False,0.028,28.0,189,1.0,False,0.006,6.0,605
A0-B0-C0-r348,20294568,4,500,1.0,False,0.024,12.0,251,1.0,False,0.012,6.0,311
A0-B0-C0-r348,20294568,8,250,1.0,False,0.024,6.0,149,1.0,False,0.028,7.0,155
A0-B0-C0-r348,20294568,16,125,1.0,False,0.048,6.0,80,1.0,False,0.048,6.0,78
A0-B0-C0-r349,20294665,1,2000,3.0,False,0.0185,37.0,304,1.0,False,0.003,6.0,1402
A0-B0-C0-r349,20294665,2,1000,2.0,False,0.02,20.0,356,1.0,False,0.007,7.0,698
A0-B0-C0-r349,20294665,4,500,1.0,False,0.014,7.0,287,1.0,False,0.016,8.0,333
A0-B0-C0-r349,20294665,8,250,1.0,False,0.02,5.0,165,1.0,False,0.028,7.0,171
A0-B0-C0-r349,20294665,16,125,1.0,False,0.032,4.0,90,1.0,False,0.048,6.0,90
A0-B0-C0-r350,20294762,1,2000,4.0,False,0.957,1914.0,2,1.0,False,0.0055,11.0,1056
A0-B0-C0-r350,20294762,2,1000,2.0,False,0.136,136.0,49,1.0,False,0.008,8.0,522
A0-B0-C0-r350,20294762,4,500,2.0,False,0.03,15.0,145,1.0,False,0.012,6.0,284
A0-B0-C0-r350,20294762,8,250,1.0,False,0.044,11.0,119,1.0,False,0.024,6.0,146
A0-B0-C0-r350,20294762,16,125,1.0,False,0.088,11.0,58,1.0,False,0.064,8.0,63
A0-B0-C0-r351,20294859,1,2000,4.0,False,0.0855,171.0,46,1.0,False,0.005,10.0,988
A0-B0-C0-r351,20294859,2,1000,2.0,False,0.092,92.0,58,1.0,False,0.011,11.0,470
A0-B0-C0-r351,20294859,4,500,2.0,False,0.03,15.0,118,1.0,False,0.014,7.0,247
A0-B0-C0-r351,20294859,8,250,1.0,False,0.036,9.0,94,1.0,False,0.048,12.0,102
A0-B0-C0-r351,20294859,16,125,1.0,False,0.08,10.0,51,1.0,False,0.048,6.0,61
A0-B0-C0-r352,20294956,1,2000,4.0,False,0.065,130.0,92,1.0,False,0.005,10.0,1338
A0-B0-C0-r352,20294956,2,1000,2.0,False,0.04,40.0,207,1.0,False,0.006,6.0,643
A0-B0-C0-r352,20294956,4,500,1.0,False,0.02,10.0,244,1.0,False,0.016,8.0,339
A0-B0-C0-r352,20294956,8,250,1.0,False,0.024,6.0,164,1.0,False,0.02,5.0,176
A0-B0-C0-r352,20294956,16,125,1.0,False,0.04,5.0,81,1.0,False,0.032,4.0,79
A0-B0-C0-r353,20295053,1,2000,4.0,False,1.0,2000.0,1,1.0,False,0.0085,17.0,749
A0-B0-C0-r353,20295053,2,1000,2.0,False,0.55,550.0,9,1.0,False,0.014,14.0,387
A0-B0-C0-r353,20295053,4,500,1.0,False,0.086,43.0,88,1.0,False,0.03,15.0,187
A0-B0-C0-r353,20295053,8,250,1.0,False,0.06,15.0,76,1.0,False,0.056,14.0,94
A0-B0-C0-r353,20295053,16,125,1.0,False,0.088,11.0,36,1.0,False,0.072,9.0,54
A0-B0-C0-r354,20295150,1,2000,4.0,False,0.352,704.0,9,1.0,False,0.005,10.0,980
A0-B0-C0-r354,20295150,2,1000,3.0,False,0.137,137.0,46,1.0,False,0.012,12.0,487
A0-B0-C0-r354,20295150,4,500,2.0,False,0.05,25.0,131,1.0,False,0.02,10.0,241
A0-B0-C0-r354,20295150,8,250,1.0,False,0.04,10.0,103,1.0,False,0.044,11.0,121
A0-B0-C0-r354,20295150,16,125,1.0,False,0.096,12.0,51,1.0,False,0.048,6.0,61
A0-B0-C0-r355,20295247,1,2000,4.0,False,1.0,2000.0,1,1.0,False,0.008,16.0,878
A0-B0-C0-r355,20295247,2,1000,2.0,False,0.188,188.0,21,1.0,False,0.013,13.0,423
A0-B0-C0-r355,20295247,4,500,1.0,False,0.042,21.0,127,1.0,False,0.022,11.0,231
A0-B0-C0-r355,20295247,8,250,1.0,False,0.04,10.0,114,1.0,False,0.04,10.0,118
A0-B0-C0-r355,20295247,16,125,1.0,False,0.064,8.0,58,1.0,False,0.072,9.0,45
A0-B0-C0-r356,20295344,1,2000,2.0,False,0.016,32.0,346,1.0,False,0.0035,7.0,1167
A0-B0-C0-r356,20295344,2,1000,2.0,False,0.018,18.0,277,1.0,False,0.01,10.0,575
A0-B0-C0-r356,20295344,4,500,1.0,False,0.018,9.0,214,1.0,False,0.016,8.0,288
A0-B0-C0-r356,20295344,8,250,1.0,False,0.024,6.0,135,1.0,False,0.032,8.0,129
A0-B0-C0-r356,20295344,16,125,1.0,False,0.08,10.0,68,1.0,False,0.064,8.0,64
A0-B0-C0-r357,20295441,1,2000,4.0,False,0.181,362.0,26,1.0,False,0.006,12.0,1000
A0-B0-C0-r357,20295441,2,1000,2.0,False,0.068,68.0,69,1.0,False,0.01,10.0,519
A0-B0-C0-r357,20295441,4,500,1.0,False,0.044,22.0,133,1.0,False,0.018,9.0,244
A0-B0-C0-r357,20295441,8,250,1.0,False,0.048,12.0,99,1.0,False,0.036,9.0,122
A0-B0-C0-r357,20295441,16,125,1.0,False,0.072,9.0,51,1.0,False,0.072,9.0,66
A0-B0-C0-r358,20295538,1,2000,4.0,False,0.321,642.0,10,1.0,False,0.0055,11.0,959
A0-B0-C0-r358,20295538,2,1000,2.0,False,0.09,90.0,62,1.0,False,0.012,12.0,491
A0-B0-C0-r358,20295538,4,500,1.0,False,0.042,21.0,155,1.0,False,0.03,15.0,263
A0-B0-C0-r358,20295538,8,250,1.0,False,0.036,9.0,121,1.0,False,0.024,6.0,137
A0-B0-C0-r358,20295538,16,125,1.0,False,0.064,8.0,54,1.0,False,0.056,7.0,63
A0-B0-C0-r359,20295635,1,2000,3.0,False,0.082,164.0,86,1.0,False,0.0045,9.0,1362
A0-B0-C0-r359,20295635,2,1000,2.0,False,0.023,23.0,256,1.0,False,0.008,8.0,676
A0-B0-C0-r359,20295635,4,500,1.0,False,0.012,6.0,262,1.0,False,0.01,5.0,350
A0-B0-C0-r359,20295635,8,250,1.0,False,0.024,6.0,162,1.0,False,0.02,5.0,174
A0-B0-C0-r359,20295635,16,125,1.0,False,0.056,7.0,75,1.0,False,0.032,4.0,91
A0-B0-C0-r360,20295732,1,2000,4.0,False,0.076,152.0,71,1.0,False,0.004,8.0,1244
A0-B0-C0-r360,20295732,2,1000,2.0,False,0.033,33.0,196,1.0,False,0.01,10.0,611
A0-B0-C0-r360,20295732,4,500,1.0,False,0.022,11.0,228,1.0,False,0.014,7.0,303
A0-B0-C0-r360,20295732,8,250,1.0,False,0.024,6.0,138,1.0,False,0.024,6.0,157
A0-B0-C0-r360,20295732,16,125,1.0,False,0.056,7.0,74,1.0,False,0.04,5.0,79
A0-B0-C0-r361,20295829,1,2000,4.0,False,1.0,2000.0,1,1.0,False,0.0075,15.0,728
A0-B0-C0-r361,20295829,2,1000,2.0,False,0.322,322.0,14,1.0,False,0.017,17.0,383
A0-B0-C0-r361,20295829,4,500,1.0,False,0.07,35.0,75,1.0,False,0.03,15.0,174
A0-B0-C0-r361,20295829,8,250,1.0,False,0.044,11.0,83,1.0,False,0.068,17.0,90
A0-B0-C0-r361,20295829,16,125,1.0,False,0.048,6.0,44,1.0,False,0.088,11.0,40
A0-B0-C0-r362,20295926,1,2000,4.0,False,0.531,1062.0,3,1.0,False,0.0125,25.0,622
A0-B0-C0-r362,20295926,2,1000,2.0,False,0.239,239.0,11,1.0,False,0.02,20.0,307
A0-B0-C0-r362,20295926,4,500,1.0,False,0.054,27.0,95,1.0,False,0.04,20.0,145
A0-B0-C0-r362,20295926,8,250,1.0,False,0.072,18.0,68,1.0,False,0.048,12.0,77
A0-B0-C0-r362,20295926,16,125,1.0,False,0.12,15.0,27,1.0,False,0.096,12.0,30
A0-B0-C0-r363,20296023,1,2000,4.0,False,0.2015,403.0,11,1.0,False,0.007,14.0,822
A0-B0-C0-r363,20296023,2,1000,2.0,False,0.155,155.0,23,1.0,False,0.012,12.0,404
A0-B0-C0-r363,20296023,4,500,2.0,False,0.082,41.0,90,1.0,False,0.022,11.0,189
A0-B0-C0-r363,20296023,8,250,1.0,False,0.04,10.0,77,1.0,False,0.044,11.0,89
A0-B0-C0-r363,20296023,16,125,1.0,False,0.072,9.0,44,1.0,False,0.072,9.0,41
A0-B0-C0-r364,20296120,1,2000,3.0,False,0.1295,259.0,29,1.0,False,0.009,18.0,646
A0-B0-C0-r364,20296120,2,1000,2.0,False,0.092,92.0,39,1.0,False,0.014,14.0,318
A0-B0-C0-r364,20296120,4,500,1.0,False,0.048,24.0,106,1.0,False,0.028,14.0,148
A0-B0-C0-r364,20296120,8,250,1.0,False,0.056,14.0,66,1.0,False,0.072,18.0,71
A0-B0-C0-r364,20296120,16,125,1.0,False,0.064,8.0,37,1.0,False,0.104,13.0,29
A0-B0-C0-r365,20296217,1,2000,4.0,False,0.5395,1079.0,4,1.0,False,0.006,12.0,872
A0-B0-C0-r365,20296217,2,1000,2.0,False,0.12,120.0,39,1.0,False,0.01,10.0,442
A0-B0-C0-r365,20296217,4,500,1.0,False,0.048,24.0,119,1.0,False,0.018,9.0,212
A0-B0-C0-r365,20296217,8,250,1.0,False,0.048,12.0,102,1.0,False,0.06,15.0,94
A0-B0-C0-r365,20296217,16,125,1.0,False,0.056,7.0,57,1.0,False,0.056,7.0,56
A0-B0-C0-r366,20296314,1,2000,5.0,False,1.0,2000.0,1,1.0,False,0.0065,13.0,750
A0-B0-C0-r366,20296314,2,1000,3.0,False,0.508,508.0,2,1.0,False,0.016,16.0,360
A0-B0-C0-r366,20296314,4,500,2.0,False,0.154,77.0,51,1.0,False,0.032,16.0,168
A0-B0-C0-r366,20296314,8,250,1.0,False,0.072,18.0,77,1.0,False,0.036,9.0,88
A0-B0-C0-r366,20296314,16,125,1.0,False,0.088,11.0,44,1.0,False,0.08,10.0,48
A0-B0-C0-r367,20296411,1,2000,5.0,False,1.0,2000.0,1,1.0,False,0.0055,11.0,1001
A0-B0-C0-r367,20296411,2,1000,3.0,False,0.143,143.0,25,1.0,False,0.01,10.0,479
A0-B0-C0-r367,20296411,4,500,2.0,False,0.07,35.0,121,1.0,False,0.022,11.0,222
A0-B0-C0-r367,20296411,8,250,1.0,False,0.028,7.0,107,1.0,False,0.024,6.0,128
A0-B0-C0-r367,20296411,16,125,1.0,False,0.064,8.0,62,1.0,False,0.048,6.0,78
A0-B0-C0-r368,20296508,1,2000,3.0,False,0.1055,211.0,21,1.0,False,0.0115,23.0,611
A0-B0-C0-r368,20296508,2,1000,2.0,False,0.172,172.0,27,1.0,False,0.014,14.0,300
A0-B0-C0-r368,20296508,4,500,1.0,False,0.052,26.0,79,1.0,False,0.032,16.0,156
A0-B0-C0-r368,20296508,8,250,1.0,False,0.108,27.0,70,1.0,False,0.04,10.0,80
A0-B0-C0-r368,20296508,16,125,1.0,False,0.136,17.0,33,1.0,False,0.176,22.0,27
A0-B0-C0-r369,20296605,1,2000,5.0,False,0.1045,209.0,48,1.0,False,0.0055,11.0,1095
A0-B0-C0-r369,20296605,2,1000,3.0,False,0.074,74.0,55,1.0,False,0.008,8.0,532
A0-B0-C0-r369,20296605,4,500,2.0,False,0.064,32.0,118,1.0,False,0.014,7.0,278
A0-B0-C0-r369,20296605,8,250,1.0,False,0.028,7.0,121,1.0,False,0.028,7.0,131
A0-B0-C0-r369,20296605,16,125,1.0,False,0.072,9.0,59,1.0,False,0.048,6.0,62
A0-B0-C0-r370,20296702,1,2000,4.0,False,0.1915,383.0,15,1.0,False,0.004,8.0,1282
A0-B0-C0-r370,20296702,2,1000,2.0,False,0.055,55.0,157,1.0,False,0.008,8.0,669
A0-B0-C0-r370,20296702,4,500,1.0,False,0.022,11.0,229,1.0,False,0.014,7.0,327
A0-B0-C0-r370,20296702,8,250,1.0,False,0.02,5.0,152,1.0,False,0.02,5.0,161
A0-B0-C0-r370,20296702,16,125,1.0,False,0.04,5.0,90,1.0,False,0.048,6.0,80
A0-B0-C0-r371,20296799,1,2000,3.0,False,0.063,126.0,56,1.0,False,0.0045,9.0,1048
A0-B0-C0-r371,20296799,2,1000,2.0,False,0.031,31.0,172,1.0,False,0.007,7.0,557
A0-B0-C0-r371,20296799,4,500,1.0,False,0.022,11.0,200,1.0,False,0.016,8.0,262
A0-B0-C0-r371,20296799,8,250,1.0,False,0.036,9.0,121,1.0,False,0.02,5.0,147
A0-B0-C0-r371,20296799,16,125,1.0,False,0.048,6.0,68,1.0,False,0.056,7.0,72
A0-B0-C0-r372,20296896,1,2000,4.0,False,1.0,2000.0,1,1.0,False,0.01,20.0,607
A0-B0-C0-r372,20296896,2,1000,2.0,False,0.707,707.0,4,1.0,False,0.018,18.0,298
A0-B0-C0-r372,20296896,4,500,2.0,False,0.078,39.0,54,1.0,False,0.028,14.0,155
A0-B0-C0-r372,20296896,8,250,1.0,False,0.052,13.0,67,1.0,False,0.068,17.0,68
A0-B0-C0-r372,20296896,16,125,1.0,False,0.12,15.0,34,1.0,False,0.072,9.0,34
A0-B0-C0-r373,20296993,1,2000,7.0,False,0.507,1014.0,6,1.0,False,0.008,16.0,697
A0-B0-C0-r373,20296993,2,1000,3.0,False,0.507,507.0,5,1.0,False,0.013,13.0,362
A0-B0-C0-r373,20296993,4,500,2.0,False,0.218,109.0,28,1.0,False,0.02,10.0,194
A0-B0-C0-r373,20296993,8,250,1.0,False,0.092,23.0,61,1.0,False,0.064,16.0,74
A0-B0-C0-r373,20296993,16,125,1.0,False,0.104,13.0,42,1.0,False,0.112,14.0,37
A0-B0-C0-r374,20297090,1,2000,5.0,False,0.3065,613.0,8,1.0,False,0.0035,7.0,1169
A0-B0-C0-r374,20297090,2,1000,3.0,False,0.097,97.0,74,1.0,False,0.007,7.0,575
A0-B0-C0-r374,20297090,4,500,2.0,False,0.036,18.0,158,1.0,False,0.014,7.0,299
A0-B0-C0-r374,20297090,8,250,1.0,False,0.028,7.0,130,1.0,False,0.032,8.0,150
A0-B0-C0-r374,20297090,16,125,1.0,False,0.048,6.0,69,1.0,False,0.056,7.0,67
A0-B0-C0-r375,20297187,1,2000,4.0,False,0.1185,237.0,36,1.0,False,0.006,12.0,1115
A0-B0-C0-r375,20297187,2,1000,2.0,False,0.046,46.0,126,1.0,False,0.009,9.0,522
A0-B0-C0-r375,20297187,4,500,1.0,False,0.03,15.0,185,1.0,False,0.016,8.0,262
A0-B0-C0-r375,20297187,8,250,1.0,False,0.032,8.0,116,1.0,False,0.024,6.0,136
A0-B0-C0-r375,20297187,16,125,1.0,False,0.04,5.0,65,1.0,False,0.048,6.0,73
A0-B0-C0-r376,20297284,1,2000,5.0,False,0.8415,1683.0,2,1.0,False,0.0085,17.0,781
A0-B0-C0-r376,20297284,2,1000,3.0,False,0.841,841.0,2,1.0,False,0.011,11.0,385
A0-B0-C0-r376,20297284,4,500,2.0,False,0.094,47.0,50,1.0,False,0.024,12.0,190
A0-B0-C0-r376,20297284,8,250,1.0,False,0.056,14.0,74,1.0,False,0.036,9.0,109
A0-B0-C0-r376,20297284,16,125,1.0,False,0.08,10.0,51,1.0,False,0.088,11.0,45
A0-B0-C0-r377,20297381,1,2000,4.0,False,1.0,2000.0,1,1.0,False,0.007,14.0,707
A0-B0-C0-r377,20297381,2,1000,2.0,False,0.348,348.0,10,1.0,False,0.014,14.0,361
A0-B0-C0-r377,20297381,4,500,2.0,False,0.05,25.0,69,1.0,False,0.022,11.0,186
A0-B0-C0-r377,20297381,8,250,1.0,False,0.064,16.0,59,1.0,False,0.04,10.0,96
A0-B0-C0-r377,20297381,16,125,1.0,False,0.08,10.0,33,1.0,False,0.048,6.0,52
A0-B0-C0-r378,20297478,1,2000,4.0,False,1.0,2000.0,1,1.0,False,0.009,18.0,715
A0-B0-C0-r378,20297478,2,1000,2.0,False,0.184,184.0,13,1.0,False,0.016,16.0,316
A0-B0-C0-r378,20297478,4,500,1.0,False,0.062,31.0,88,1.0,False,0.026,13.0,171
A0-B0-C0-r378,20297478,8,250,1.0,False,0.072,18.0,63,1.0,False,0.1,25.0,86
A0-B0-C0-r378,20297478,16,125,1.0,False,0.12,15.0,33,1.0,False,0.176,22.0,28
A0-B0-C0-r379,20297575,1,2000,4.0,False,0.0225,45.0,282,1.0,False,0.0035,7.0,1400
A0-B0-C0-r379,20297575,2,1000,2.0,False,0.021,21.0,278,1.0,False,0.008,8.0,674
A0-B0-C0-r379,20297575,4,500,1.0,False,0.016,8.0,249,1.0,False,0.014,7.0,337
A0-B0-C0-r379,20297575,8,250,1.0,False,0.02,5.0,167,1.0,False,0.016,4.0,179
A0-B0-C0-r379,20297575,16,125,1.0,False,0.072,9.0,83,1.0,False,0.04,5.0,84
A0-B0-C0-r380,20297672,1,2000,5.0,False,0.455,910.0,4,1.0,False,0.0055,11.0,953
A0-B0-C0-r380,20297672,2,1000,3.0,False,0.244,244.0,18,1.0,False,0.012,12.0,477
A0-B0-C0-r380,20297672,4,500,2.0,False,0.062,31.0,97,1.0,False,0.024,12.0,256
A0-B0-C0-r380,20297672,8,250,1.0,False,0.06,15.0,97,1.0,False,0.04,10.0,119
A0-B0-C0-r380,20297672,16,125,1.0,False,0.056,7.0,50,1.0,False,0.04,5.0,68
A0-B0-C0-r381,20297769,1,2000,4.0,False,0.4635,927.0,4,1.0,False,0.008,16.0,836
A0-B0-C0-r381,20297769,2,1000,2.0,False,0.267,267.0,18,1.0,False,0.018,18.0,420
A0-B0-C0-r381,20297769,4,500,1.0,False,0.052,26.0,118,1.0,False,0.024,12.0,215
A0-B0-C0-r381,20297769,8,250,1.0,False,0.052,13.0,84,1.0,False,0.072,18.0,97
A0-B0-C0-r381,20297769,16,125,1.0,False,0.056,7.0,53,1.0,False,0.064,8.0,53
A0-B0-C0-r382,20297866,1,2000,4.0,False,0.13,260.0,25,1.0,False,0.0045,9.0,1013
A0-B0-C0-r382,20297866,2,1000,2.0,False,0.096,96.0,94,1.0,False,0.013,13.0,531
A0-B0-C0-r382,20297866,4,500,1.0,False,0.028,14.0,168,1.0,False,0.024,12.0,235
A0-B0-C0-r382,20297866,8,250,1.0,False,0.028,7.0,115,1.0,False,0.032,8.0,124
A0-B0-C0-r382,20297866,16,125,1.0,False,0.056,7.0,62,1.0,False,0.048,6.0,62
A0-B0-C0-r383,20297963,1,2000,3.0,False,0.1115,223.0,31,1.0,False,0.006,12.0,888
A0-B0-C0-r383,20297963,2,1000,2.0,False,0.048,48.0,87,1.0,False,0.009,9.0,456
A0-B0-C0-r383,20297963,4,500,1.0,False,0.044,22.0,132,1.0,False,0.02,10.0,226
A0-B0-C0-r383,20297963,8,250,1.0,False,0.048,12.0,92,1.0,False,0.028,7.0,116
A0-B0-C0-r383,20297963,16,125,1.0,False,0.088,11.0,52,1.0,False,0.128,16.0,48
A0-B0-C0-r384,20298060,1,2000,4.0,False,0.1795,359.0,25,1.0,False,0.004,8.0,1359
A0-B0-C0-r384,20298060,2,1000,2.0,False,0.041,41.0,172,1.0,False,0.007,7.0,680
A0-B0-C0-r384,20298060,4,500,2.0,False,0.03,15.0,223,1.0,False,0.012,6.0,339
A0-B0-C0-r384,20298060,8,250,1.0,False,0.032,8.0,144,1.0,False,0.02,5.0,171
A0-B0-C0-r384,20298060,16,125,1.0,False,0.048,6.0,82,1.0,False,0.04,5.0,78
A0-B0-C0-r385,20298157,1,2000,3.0,False,0.295,590.0,10,1.0,False,0.0065,13.0,864
A0-B0-C0-r385,20298157,2,1000,2.0,False,0.08,80.0,59,1.0,False,0.009,9.0,422
A0-B0-C0-r385,20298157,4,500,1.0,False,0.036,18.0,151,1.0,False,0.018,9.0,228
A0-B0-C0-r385,20298157,8,250,1.0,False,0.044,11.0,103,1.0,False,0.048,12.0,108
A0-B0-C0-r385,20298157,16,125,1.0,False,0.064,8.0,46,1.0,False,0.096,12.0,53
A0-B0-C0-r386,20298254,1,2000,4.0,False,0.1045,209.0,48,1.0,False,0.0045,9.0,1029
A0-B0-C0-r386,20298254,2,1000,2.0,False,0.053,53.0,113,1.0,False,0.009,9.0,496
A0-B0-C0-r386,20298254,4,500,1.0,False,0.026,13.0,167,1.0,False,0.02,10.0,255
A0-B0-C0-r386,20298254,8,250,1.0,False,0.028,7.0,115,1.0,False,0.044,11.0,130
A0-B0-C0-r386,20298254,16,125,1.0,False,0.08,10.0,59,1.0,False,0.048,6.0,63
A0-B0-C0-r387,20298351,1,2000,5.0,False,0.152,304.0,31,1.0,False,0.0035,7.0,1346
A0-B0-C0-r387,20298351,2,1000,3.0,False,0.049,49.0,156,1.0,False,0.007,7.0,667
A0-B0-C0-r387,20298351,4,500,2.0,False,0.034,17.0,218,1.0,False,0.012,6.0,318
A0-B0-C0-r387,20298351,8,250,1.0,False,0.032,8.0,147,1.0,False,0.036,9.0,153
A0-B0-C0-r387,20298351,16,125,1.0,False,0.056,7.0,78,1.0,False,0.064,8.0,69
A0-B0-C0-r388,20298448,1,2000,3.0,False,0.1175,235.0,32,1.0,False,0.006,12.0,914
A0-B0-C0-r388,20298448,2,1000,2.0,False,0.075,75.0,87,1.0,False,0.012,12.0,466
A0-B0-C0-r388,20298448,4,500,1.0,False,0.028,14.0,152,1.0,False,0.038,19.0,231
A0-B0-C0-r388,20298448,8,250,1.0,False,0.072,18.0,92,1.0,False,0.036,9.0,118
A0-B0-C0-r388,20298448,16,125,1.0,False,0.064,8.0,59,1.0,False,0.072,9.0,55
A0-B0-C0-r389,20298545,1,2000,5.0,False,0.0265,53.0,204,1.0,False,0.004,8.0,1260
A0-B0-C0-r389,20298545,2,1000,3.0,False,0.029,29.0,134,1.0,False,0.011,11.0,581
A0-B0-C0-r389,20298545,4,500,2.0,False,0.032,16.0,162,1.0,False,0.016,8.0,294
A0-B0-C0-r389,20298545,8,250,1.0,False,0.036,9.0,135,1.0,False,0.024,6.0,143
A0-B0-C0-r389,20298545,16,125,1.0,False,0.032,4.0,80,1.0,False,0.04,5.0,77
A0-B0-C0-r390,20298642,1,2000,4.0,False,0.1385,277.0,41,1.0,False,0.004,8.0,1205
A0-B0-C0-r390,20298642,2,1000,2.0,False,0.05,50.0,118,1.0,False,0.007,7.0,608
A0-B0-C0-r390,20298642,4,500,2.0,False,0.022,11.0,196,1.0,False,0.02,10.0,302
A0-B0-C0-r390,20298642,8,250,1.0,False,0.024,6.0,133,1.0,False,0.032,8.0,150
A0-B0-C0-r390,20298642,16,125,1.0,False,0.04,5.0,75,1.0,False,0.04,5.0,75
A0-B0-C0-r391,20298739,1,2000,3.0,False,0.191,382.0,18,1.0,False,0.007,14.0,765
A0-B0-C0-r391,20298739,2,1000,2.0,False,0.095,95.0,38,1.0,False,0.019,19.0,371
A0-B0-C0-r391,20298739,4,500,1.0,False,0.042,21.0,97,1.0,False,0.024,12.0,178
A0-B0-C0-r391,20298739,8,250,1.0,False,0.052,13.0,81,1.0,False,0.04,10.0,96
A0-B0-C0-r391,20298739,16,125,1.0,False,0.096,12.0,38,1.0,False,0.08,10.0,42
A0-B0-C0-r392,20298836,1,2000,4.0,False,1.0,2000.0,1,1.0,False,0.009,18.0,674
A0-B0-C0-r392,20298836,2,1000,2.0,False,0.279,279.0,9,1.0,False,0.013,13.0,348
A0-B0-C0-r392,20298836,4,500,1.0,False,0.064,32.0,89,1.0,False,0.028,14.0,159
A0-B0-C0-r392,20298836,8,250,1.0,False,0.048,12.0,68,1.0,False,0.052,13.0,90
A0-B0-C0-r392,20298836,16,125,1.0,False,0.088,11.0,41,1.0,False,0.072,9.0,39
A0-B0-C0-r393,20298933,1,2000,5.0,False,0.4795,959.0,8,1.0,False,0.004,8.0,1255
A0-B0-C0-r393,20298933,2,1000,3.0,False,0.107,107.0,107,1.0,False,0.009,9.0,615
A0-B0-C0-r393,20298933,4,500,2.0,False,0.02,10.0,200,1.0,False,0.012,6.0,311
A0-B0-C0-r393,20298933,8,250,1.0,False,0.032,8.0,161,1.0,False,0.032,8.0,155
A0-B0-C0-r393,20298933,16,125,1.0,False,0.072,9.0,66,1.0,False,0.04,5.0,82
A0-B0-C0-r394,20299030,1,2000,4.0,False,0.101,202.0,45,1.0,False,0.005,10.0,1225
A0-B0-C0-r394,20299030,2,1000,2.0,False,0.033,33.0,158,1.0,False,0.007,7.0,636
A0-B0-C0-r394,20299030,4,500,1.0,False,0.024,12.0,225,1.0,False,0.012,6.0,294
A0-B0-C0-r394,20299030,8,250,1.0,False,0.024,6.0,155,1.0,False,0.024,6.0,153
A0-B0-C0-r394,20299030,16,125,1.0,False,0.04,5.0,74,1.0,False,0.072,9.0,67
A0-B0-C0-r395,20299127,1,2000,3.0,False,0.012,24.0,450,1.0,False,0.004,8.0,1284
A0-B0-C0-r395,20299127,2,1000,2.0,False,0.022,22.0,335,1.0,False,0.006,6.0,637
A0-B0-C0-r395,20299127,4,500,1.0,False,0.018,9.0,267,1.0,False,0.01,5.0,318
A0-B0-C0-r395,20299127,8,250,1.0,False,0.028,7.0,140,1.0,False,0.024,6.0,150
A0-B0-C0-r395,20299127,16,125,1.0,False,0.056,7.0,71,1.0,False,0.032,4.0,79
A0-B0-C0-r396,20299224,1,2000,4.0,False,1.0,2000.0,1,1.0,False,0.0115,23.0,601
A0-B0-C0-r396,20299224,2,1000,2.0,False,0.308,308.0,11,1.0,False,0.014,14.0,297
A0-B0-C0-r396,20299224,4,500,1.0,False,0.07,35.0,62,1.0,False,0.04,20.0,135
A0-B0-C0-r396,20299224,8,250,1.0,False,0.06,15.0,60,1.0,False,0.048,12.0,70
A0-B0-C0-r396,20299224,16,125,1.0,False,0.096,12.0,27,1.0,False,0.144,18.0,31
A0-B0-C0-r397,20299321,1,2000,3.0,False,0.0475,95.0,103,1.0,False,0.0045,9.0,1101
A0-B0-C0-r397,20299321,2,1000,2.0,False,0.026,26.0,164,1.0,False,0.006,6.0,545
A0-B0-C0-r397,20299321,4,500,1.0,False,0.022,11.0,206,1.0,False,0.018,9.0,264
A0-B0-C0-r397,20299321,8,250,1.0,False,0.028,7.0,122,1.0,False,0.032,8.0,133
A0-B0-C0-r397,20299321,16,125,1.0,False,0.048,6.0,72,1.0,False,0.04,5.0,73
A0-B0-C0-r398,20299418,1,2000,3.0,False,0.0185,37.0,261,1.0,False,0.0035,7.0,1184
A0-B0-C0-r398,20299418,2,1000,2.0,False,0.026,26.0,267,1.0,False,0.008,8.0,569
A0-B0-C0-r398,20299418,4,500,1.0,False,0.018,9.0,244,1.0,False,0.018,9.0,278
A0-B0-C0-r398,20299418,8,250,1.0,False,0.02,5.0,132,1.0,False,0.024,6.0,144
A0-B0-C0-r398,20299418,16,125,1.0,False,0.056,7.0,67,1.0,False,0.064,8.0,69
A0-B0-C0-r399,20299515,1,2000,3.0,False,0.0635,127.0,77,1.0,False,0.0055,11.0,911
A0-B0-C0-r399,20299515,2,1000,2.0,False,0.05,50.0,105,1.0,False,0.01,10.0,457
A0-B0-C0-r399,20299515,4,500,1.0,False,0.038,19.0,142,1.0,False,0.022,11.0,231
A0-B0-C0-r399,20299515,8,250,1.0,False,0.048,12.0,90,1.0,False,0.032,8.0,117
A0-B0-C0-r399,20299515,16,125,1.0,False,0.072,9.0,55,1.0,False,0.048,6.0,60
