patron=*: 12 carpetas -> ['A2-B0-C2-batch3-r0_s471829_f703_conc', 'A2-B0-C2-batch3-r0_s471829_f703_disp', 'A2-B0-C2-batch3-r0_s471829_f703_libre', 'A2-B0-C2-batch4-r36_s575321_f703_conc', 'A2-B0-C2-batch4-r36_s575321_f703_disp', 'A2-B0-C2-batch4-r36_s575321_f703_libre', 'A2-B0-C2-r14_s273187_f703_conc', 'A2-B0-C2-r14_s273187_f703_disp', 'A2-B0-C2-r14_s273187_f703_libre', 'A2-B0-C2-r20_s373769_f703_conc', 'A2-B0-C2-r20_s373769_f703_disp', 'A2-B0-C2-r20_s373769_f703_libre']
[A2-B0-C2-batch3-r0_s471829_f703_conc] setup + run...
[A2-B0-C2-batch3-r0_s471829_f703_conc] exit_setup=0 t_setup=3.96s  exit_run=0 t_run=20.83s
[A2-B0-C2-batch3-r0_s471829_f703_disp] setup + run...
[A2-B0-C2-batch3-r0_s471829_f703_disp] exit_setup=0 t_setup=3.55s  exit_run=0 t_run=19.9s
[A2-B0-C2-batch3-r0_s471829_f703_libre] setup + run...
[A2-B0-C2-batch3-r0_s471829_f703_libre] exit_setup=0 t_setup=3.07s  exit_run=0 t_run=18.83s
[A2-B0-C2-batch4-r36_s575321_f703_conc] setup + run...
[A2-B0-C2-batch4-r36_s575321_f703_conc] exit_setup=0 t_setup=2.57s  exit_run=0 t_run=17.9s
[A2-B0-C2-batch4-r36_s575321_f703_disp] setup + run...
[A2-B0-C2-batch4-r36_s575321_f703_disp] exit_setup=0 t_setup=2.3s  exit_run=0 t_run=17.7s
[A2-B0-C2-batch4-r36_s575321_f703_libre] setup + run...
[A2-B0-C2-batch4-r36_s575321_f703_libre] exit_setup=0 t_setup=2.38s  exit_run=0 t_run=24.45s
[A2-B0-C2-r14_s273187_f703_conc] setup + run...
[A2-B0-C2-r14_s273187_f703_conc] exit_setup=0 t_setup=3.49s  exit_run=0 t_run=26.58s
[A2-B0-C2-r14_s273187_f703_disp] setup + run...
[A2-B0-C2-r14_s273187_f703_disp] exit_setup=0 t_setup=3.43s  exit_run=0 t_run=25.59s
[A2-B0-C2-r14_s273187_f703_libre] setup + run...
[A2-B0-C2-r14_s273187_f703_libre] exit_setup=0 t_setup=3.86s  exit_run=0 t_run=25.85s
[A2-B0-C2-r20_s373769_f703_conc] setup + run...
[A2-B0-C2-r20_s373769_f703_conc] exit_setup=0 t_setup=4.0s  exit_run=0 t_run=24.13s
[A2-B0-C2-r20_s373769_f703_disp] setup + run...
[A2-B0-C2-r20_s373769_f703_disp] exit_setup=0 t_setup=4.13s  exit_run=0 t_run=24.27s
[A2-B0-C2-r20_s373769_f703_libre] setup + run...
[A2-B0-C2-r20_s373769_f703_libre] exit_setup=0 t_setup=3.97s  exit_run=0 t_run=23.37s

[TOTAL] tiempo script=310.2s
patron=*: 18 carpetas -> ['A2-B0-C2-batch3-r0_s471829_f703_conc', 'A2-B0-C2-batch3-r0_s471829_f703_disj', 'A2-B0-C2-batch3-r0_s471829_f703_disp', 'A2-B0-C2-batch3-r0_s471829_f703_libre', 'A2-B0-C2-batch3-r0_s471829_f703_solap', 'A2-B0-C2-batch4-r36_s575321_f703_conc', 'A2-B0-C2-batch4-r36_s575321_f703_disj', 'A2-B0-C2-batch4-r36_s575321_f703_disp', 'A2-B0-C2-batch4-r36_s575321_f703_libre', 'A2-B0-C2-batch4-r36_s575321_f703_solap', 'A2-B0-C2-r14_s273187_f703_conc', 'A2-B0-C2-r14_s273187_f703_disp', 'A2-B0-C2-r14_s273187_f703_libre', 'A2-B0-C2-r14_s273187_f703_solap', 'A2-B0-C2-r20_s373769_f703_conc', 'A2-B0-C2-r20_s373769_f703_disp', 'A2-B0-C2-r20_s373769_f703_libre', 'A2-B0-C2-r20_s373769_f703_solap']
[A2-B0-C2-batch3-r0_s471829_f703_conc] setup + run...
[A2-B0-C2-batch3-r0_s471829_f703_conc] ya tenía cosmog_00500 -- se salta
[A2-B0-C2-batch3-r0_s471829_f703_disj] setup + run...
[A2-B0-C2-batch3-r0_s471829_f703_disj] exit_setup=0 t_setup=3.53s  exit_run=0 t_run=23.77s
[A2-B0-C2-batch3-r0_s471829_f703_disp] setup + run...
[A2-B0-C2-batch3-r0_s471829_f703_disp] ya tenía cosmog_00500 -- se salta
[A2-B0-C2-batch3-r0_s471829_f703_libre] setup + run...
[A2-B0-C2-batch3-r0_s471829_f703_libre] ya tenía cosmog_00500 -- se salta
[A2-B0-C2-batch3-r0_s471829_f703_solap] setup + run...
[A2-B0-C2-batch3-r0_s471829_f703_solap] exit_setup=0 t_setup=3.78s  exit_run=0 t_run=24.8s
[A2-B0-C2-batch4-r36_s575321_f703_conc] setup + run...
[A2-B0-C2-batch4-r36_s575321_f703_conc] ya tenía cosmog_00500 -- se salta
[A2-B0-C2-batch4-r36_s575321_f703_disj] setup + run...
[A2-B0-C2-batch4-r36_s575321_f703_disj] exit_setup=0 t_setup=3.81s  exit_run=0 t_run=24.47s
[A2-B0-C2-batch4-r36_s575321_f703_disp] setup + run...
[A2-B0-C2-batch4-r36_s575321_f703_disp] ya tenía cosmog_00500 -- se salta
[A2-B0-C2-batch4-r36_s575321_f703_libre] setup + run...
[A2-B0-C2-batch4-r36_s575321_f703_libre] ya tenía cosmog_00500 -- se salta
[A2-B0-C2-batch4-r36_s575321_f703_solap] setup + run...
[A2-B0-C2-batch4-r36_s575321_f703_solap] exit_setup=0 t_setup=3.8s  exit_run=0 t_run=24.07s
[A2-B0-C2-r14_s273187_f703_conc] setup + run...
[A2-B0-C2-r14_s273187_f703_conc] ya tenía cosmog_00500 -- se salta
[A2-B0-C2-r14_s273187_f703_disp] setup + run...
[A2-B0-C2-r14_s273187_f703_disp] ya tenía cosmog_00500 -- se salta
[A2-B0-C2-r14_s273187_f703_libre] setup + run...
[A2-B0-C2-r14_s273187_f703_libre] ya tenía cosmog_00500 -- se salta
[A2-B0-C2-r14_s273187_f703_solap] setup + run...
[A2-B0-C2-r14_s273187_f703_solap] exit_setup=0 t_setup=3.57s  exit_run=0 t_run=23.51s
[A2-B0-C2-r20_s373769_f703_conc] setup + run...
[A2-B0-C2-r20_s373769_f703_conc] ya tenía cosmog_00500 -- se salta
[A2-B0-C2-r20_s373769_f703_disp] setup + run...
[A2-B0-C2-r20_s373769_f703_disp] ya tenía cosmog_00500 -- se salta
[A2-B0-C2-r20_s373769_f703_libre] setup + run...
[A2-B0-C2-r20_s373769_f703_libre] ya tenía cosmog_00500 -- se salta
[A2-B0-C2-r20_s373769_f703_solap] setup + run...
[A2-B0-C2-r20_s373769_f703_solap] exit_setup=0 t_setup=3.42s  exit_run=0 t_run=22.58s

[TOTAL] tiempo script=165.1s
patron=*: 20 carpetas -> ['A2-B0-C2-batch3-r0_s471829_f703_conc', 'A2-B0-C2-batch3-r0_s471829_f703_disj', 'A2-B0-C2-batch3-r0_s471829_f703_disp', 'A2-B0-C2-batch3-r0_s471829_f703_libre', 'A2-B0-C2-batch3-r0_s471829_f703_solap', 'A2-B0-C2-batch4-r36_s575321_f703_conc', 'A2-B0-C2-batch4-r36_s575321_f703_disj', 'A2-B0-C2-batch4-r36_s575321_f703_disp', 'A2-B0-C2-batch4-r36_s575321_f703_libre', 'A2-B0-C2-batch4-r36_s575321_f703_solap', 'A2-B0-C2-r14_s273187_f703_conc', 'A2-B0-C2-r14_s273187_f703_disj', 'A2-B0-C2-r14_s273187_f703_disp', 'A2-B0-C2-r14_s273187_f703_libre', 'A2-B0-C2-r14_s273187_f703_solap', 'A2-B0-C2-r20_s373769_f703_conc', 'A2-B0-C2-r20_s373769_f703_disj', 'A2-B0-C2-r20_s373769_f703_disp', 'A2-B0-C2-r20_s373769_f703_libre', 'A2-B0-C2-r20_s373769_f703_solap']
[A2-B0-C2-batch3-r0_s471829_f703_conc] setup + run...
[A2-B0-C2-batch3-r0_s471829_f703_conc] ya tenía cosmog_00500 -- se salta
[A2-B0-C2-batch3-r0_s471829_f703_disj] setup + run...
[A2-B0-C2-batch3-r0_s471829_f703_disj] ya tenía cosmog_00500 -- se salta
[A2-B0-C2-batch3-r0_s471829_f703_disp] setup + run...
[A2-B0-C2-batch3-r0_s471829_f703_disp] ya tenía cosmog_00500 -- se salta
[A2-B0-C2-batch3-r0_s471829_f703_libre] setup + run...
[A2-B0-C2-batch3-r0_s471829_f703_libre] ya tenía cosmog_00500 -- se salta
[A2-B0-C2-batch3-r0_s471829_f703_solap] setup + run...
[A2-B0-C2-batch3-r0_s471829_f703_solap] ya tenía cosmog_00500 -- se salta
[A2-B0-C2-batch4-r36_s575321_f703_conc] setup + run...
[A2-B0-C2-batch4-r36_s575321_f703_conc] ya tenía cosmog_00500 -- se salta
[A2-B0-C2-batch4-r36_s575321_f703_disj] setup + run...
[A2-B0-C2-batch4-r36_s575321_f703_disj] ya tenía cosmog_00500 -- se salta
[A2-B0-C2-batch4-r36_s575321_f703_disp] setup + run...
[A2-B0-C2-batch4-r36_s575321_f703_disp] ya tenía cosmog_00500 -- se salta
[A2-B0-C2-batch4-r36_s575321_f703_libre] setup + run...
[A2-B0-C2-batch4-r36_s575321_f703_libre] ya tenía cosmog_00500 -- se salta
[A2-B0-C2-batch4-r36_s575321_f703_solap] setup + run...
[A2-B0-C2-batch4-r36_s575321_f703_solap] ya tenía cosmog_00500 -- se salta
[A2-B0-C2-r14_s273187_f703_conc] setup + run...
[A2-B0-C2-r14_s273187_f703_conc] ya tenía cosmog_00500 -- se salta
[A2-B0-C2-r14_s273187_f703_disj] setup + run...
[A2-B0-C2-r14_s273187_f703_disj] exit_setup=0 t_setup=3.86s  exit_run=0 t_run=23.11s
[A2-B0-C2-r14_s273187_f703_disp] setup + run...
[A2-B0-C2-r14_s273187_f703_disp] ya tenía cosmog_00500 -- se salta
[A2-B0-C2-r14_s273187_f703_libre] setup + run...
[A2-B0-C2-r14_s273187_f703_libre] ya tenía cosmog_00500 -- se salta
[A2-B0-C2-r14_s273187_f703_solap] setup + run...
[A2-B0-C2-r14_s273187_f703_solap] ya tenía cosmog_00500 -- se salta
[A2-B0-C2-r20_s373769_f703_conc] setup + run...
[A2-B0-C2-r20_s373769_f703_conc] ya tenía cosmog_00500 -- se salta
[A2-B0-C2-r20_s373769_f703_disj] setup + run...
[A2-B0-C2-r20_s373769_f703_disj] exit_setup=0 t_setup=3.93s  exit_run=0 t_run=22.85s
[A2-B0-C2-r20_s373769_f703_disp] setup + run...
[A2-B0-C2-r20_s373769_f703_disp] ya tenía cosmog_00500 -- se salta
[A2-B0-C2-r20_s373769_f703_libre] setup + run...
[A2-B0-C2-r20_s373769_f703_libre] ya tenía cosmog_00500 -- se salta
[A2-B0-C2-r20_s373769_f703_solap] setup + run...
[A2-B0-C2-r20_s373769_f703_solap] ya tenía cosmog_00500 -- se salta

[TOTAL] tiempo script=53.8s
patron=*: 20 carpetas -> ['A2-B0-C2-batch3-r0_s471829_f703_conc', 'A2-B0-C2-batch3-r0_s471829_f703_disj', 'A2-B0-C2-batch3-r0_s471829_f703_disp', 'A2-B0-C2-batch3-r0_s471829_f703_libre', 'A2-B0-C2-batch3-r0_s471829_f703_solap', 'A2-B0-C2-batch4-r36_s575321_f703_conc', 'A2-B0-C2-batch4-r36_s575321_f703_disj', 'A2-B0-C2-batch4-r36_s575321_f703_disp', 'A2-B0-C2-batch4-r36_s575321_f703_libre', 'A2-B0-C2-batch4-r36_s575321_f703_solap', 'A2-B0-C2-r14_s273187_f703_conc', 'A2-B0-C2-r14_s273187_f703_disj', 'A2-B0-C2-r14_s273187_f703_disp', 'A2-B0-C2-r14_s273187_f703_libre', 'A2-B0-C2-r14_s273187_f703_solap', 'A2-B0-C2-r20_s373769_f703_conc', 'A2-B0-C2-r20_s373769_f703_disj', 'A2-B0-C2-r20_s373769_f703_disp', 'A2-B0-C2-r20_s373769_f703_libre', 'A2-B0-C2-r20_s373769_f703_solap']
[A2-B0-C2-batch3-r0_s471829_f703_conc] setup + run...
[A2-B0-C2-batch3-r0_s471829_f703_conc] ya tenía cosmog_00500 -- se salta
[A2-B0-C2-batch3-r0_s471829_f703_disj] setup + run...
[A2-B0-C2-batch3-r0_s471829_f703_disj] ya tenía cosmog_00500 -- se salta
[A2-B0-C2-batch3-r0_s471829_f703_disp] setup + run...
[A2-B0-C2-batch3-r0_s471829_f703_disp] ya tenía cosmog_00500 -- se salta
[A2-B0-C2-batch3-r0_s471829_f703_libre] setup + run...
[A2-B0-C2-batch3-r0_s471829_f703_libre] ya tenía cosmog_00500 -- se salta
[A2-B0-C2-batch3-r0_s471829_f703_solap] setup + run...
[A2-B0-C2-batch3-r0_s471829_f703_solap] ya tenía cosmog_00500 -- se salta
[A2-B0-C2-batch4-r36_s575321_f703_conc] setup + run...
[A2-B0-C2-batch4-r36_s575321_f703_conc] ya tenía cosmog_00500 -- se salta
[A2-B0-C2-batch4-r36_s575321_f703_disj] setup + run...
[A2-B0-C2-batch4-r36_s575321_f703_disj] ya tenía cosmog_00500 -- se salta
[A2-B0-C2-batch4-r36_s575321_f703_disp] setup + run...
[A2-B0-C2-batch4-r36_s575321_f703_disp] ya tenía cosmog_00500 -- se salta
[A2-B0-C2-batch4-r36_s575321_f703_libre] setup + run...
[A2-B0-C2-batch4-r36_s575321_f703_libre] ya tenía cosmog_00500 -- se salta
[A2-B0-C2-batch4-r36_s575321_f703_solap] setup + run...
[A2-B0-C2-batch4-r36_s575321_f703_solap] ya tenía cosmog_00500 -- se salta
[A2-B0-C2-r14_s273187_f703_conc] setup + run...
[A2-B0-C2-r14_s273187_f703_conc] ya tenía cosmog_00500 -- se salta
[A2-B0-C2-r14_s273187_f703_disj] setup + run...
[A2-B0-C2-r14_s273187_f703_disj] ya tenía cosmog_00500 -- se salta
[A2-B0-C2-r14_s273187_f703_disp] setup + run...
[A2-B0-C2-r14_s273187_f703_disp] ya tenía cosmog_00500 -- se salta
[A2-B0-C2-r14_s273187_f703_libre] setup + run...
[A2-B0-C2-r14_s273187_f703_libre] ya tenía cosmog_00500 -- se salta
[A2-B0-C2-r14_s273187_f703_solap] setup + run...
[A2-B0-C2-r14_s273187_f703_solap] ya tenía cosmog_00500 -- se salta
[A2-B0-C2-r20_s373769_f703_conc] setup + run...
[A2-B0-C2-r20_s373769_f703_conc] ya tenía cosmog_00500 -- se salta
[A2-B0-C2-r20_s373769_f703_disj] setup + run...
[A2-B0-C2-r20_s373769_f703_disj] ya tenía cosmog_00500 -- se salta
[A2-B0-C2-r20_s373769_f703_disp] setup + run...
[A2-B0-C2-r20_s373769_f703_disp] ya tenía cosmog_00500 -- se salta
[A2-B0-C2-r20_s373769_f703_libre] setup + run...
[A2-B0-C2-r20_s373769_f703_libre] ya tenía cosmog_00500 -- se salta
[A2-B0-C2-r20_s373769_f703_solap] setup + run...
[A2-B0-C2-r20_s373769_f703_solap] ya tenía cosmog_00500 -- se salta

[TOTAL] tiempo script=0.0s
patron=*: 20 carpetas -> ['A2-B0-C2-batch3-r0_s471829_f703_conc', 'A2-B0-C2-batch3-r0_s471829_f703_disj', 'A2-B0-C2-batch3-r0_s471829_f703_disp', 'A2-B0-C2-batch3-r0_s471829_f703_libre', 'A2-B0-C2-batch3-r0_s471829_f703_solap', 'A2-B0-C2-batch4-r36_s575321_f703_conc', 'A2-B0-C2-batch4-r36_s575321_f703_disj', 'A2-B0-C2-batch4-r36_s575321_f703_disp', 'A2-B0-C2-batch4-r36_s575321_f703_libre', 'A2-B0-C2-batch4-r36_s575321_f703_solap', 'A2-B0-C2-r14_s273187_f703_conc', 'A2-B0-C2-r14_s273187_f703_disj', 'A2-B0-C2-r14_s273187_f703_disp', 'A2-B0-C2-r14_s273187_f703_libre', 'A2-B0-C2-r14_s273187_f703_solap', 'A2-B0-C2-r20_s373769_f703_conc', 'A2-B0-C2-r20_s373769_f703_disj', 'A2-B0-C2-r20_s373769_f703_disp', 'A2-B0-C2-r20_s373769_f703_libre', 'A2-B0-C2-r20_s373769_f703_solap']
[A2-B0-C2-batch3-r0_s471829_f703_conc] setup + run...
[A2-B0-C2-batch3-r0_s471829_f703_conc] ya tenía cosmog_00500 -- se salta
[A2-B0-C2-batch3-r0_s471829_f703_disj] setup + run...
[A2-B0-C2-batch3-r0_s471829_f703_disj] ya tenía cosmog_00500 -- se salta
[A2-B0-C2-batch3-r0_s471829_f703_disp] setup + run...
[A2-B0-C2-batch3-r0_s471829_f703_disp] ya tenía cosmog_00500 -- se salta
[A2-B0-C2-batch3-r0_s471829_f703_libre] setup + run...
[A2-B0-C2-batch3-r0_s471829_f703_libre] ya tenía cosmog_00500 -- se salta
[A2-B0-C2-batch3-r0_s471829_f703_solap] setup + run...
[A2-B0-C2-batch3-r0_s471829_f703_solap] ya tenía cosmog_00500 -- se salta
[A2-B0-C2-batch4-r36_s575321_f703_conc] setup + run...
[A2-B0-C2-batch4-r36_s575321_f703_conc] ya tenía cosmog_00500 -- se salta
[A2-B0-C2-batch4-r36_s575321_f703_disj] setup + run...
[A2-B0-C2-batch4-r36_s575321_f703_disj] ya tenía cosmog_00500 -- se salta
[A2-B0-C2-batch4-r36_s575321_f703_disp] setup + run...
[A2-B0-C2-batch4-r36_s575321_f703_disp] ya tenía cosmog_00500 -- se salta
[A2-B0-C2-batch4-r36_s575321_f703_libre] setup + run...
[A2-B0-C2-batch4-r36_s575321_f703_libre] ya tenía cosmog_00500 -- se salta
[A2-B0-C2-batch4-r36_s575321_f703_solap] setup + run...
[A2-B0-C2-batch4-r36_s575321_f703_solap] ya tenía cosmog_00500 -- se salta
[A2-B0-C2-r14_s273187_f703_conc] setup + run...
[A2-B0-C2-r14_s273187_f703_conc] ya tenía cosmog_00500 -- se salta
[A2-B0-C2-r14_s273187_f703_disj] setup + run...
[A2-B0-C2-r14_s273187_f703_disj] ya tenía cosmog_00500 -- se salta
[A2-B0-C2-r14_s273187_f703_disp] setup + run...
[A2-B0-C2-r14_s273187_f703_disp] ya tenía cosmog_00500 -- se salta
[A2-B0-C2-r14_s273187_f703_libre] setup + run...
[A2-B0-C2-r14_s273187_f703_libre] ya tenía cosmog_00500 -- se salta
[A2-B0-C2-r14_s273187_f703_solap] setup + run...
[A2-B0-C2-r14_s273187_f703_solap] ya tenía cosmog_00500 -- se salta
[A2-B0-C2-r20_s373769_f703_conc] setup + run...
[A2-B0-C2-r20_s373769_f703_conc] ya tenía cosmog_00500 -- se salta
[A2-B0-C2-r20_s373769_f703_disj] setup + run...
[A2-B0-C2-r20_s373769_f703_disj] ya tenía cosmog_00500 -- se salta
[A2-B0-C2-r20_s373769_f703_disp] setup + run...
[A2-B0-C2-r20_s373769_f703_disp] ya tenía cosmog_00500 -- se salta
[A2-B0-C2-r20_s373769_f703_libre] setup + run...
[A2-B0-C2-r20_s373769_f703_libre] ya tenía cosmog_00500 -- se salta
[A2-B0-C2-r20_s373769_f703_solap] setup + run...
[A2-B0-C2-r20_s373769_f703_solap] ya tenía cosmog_00500 -- se salta

[TOTAL] tiempo script=0.0s
patron=*: 20 carpetas -> ['A2-B0-C2-batch3-r0_s471829_f703_conc', 'A2-B0-C2-batch3-r0_s471829_f703_disj', 'A2-B0-C2-batch3-r0_s471829_f703_disp', 'A2-B0-C2-batch3-r0_s471829_f703_libre', 'A2-B0-C2-batch3-r0_s471829_f703_solap', 'A2-B0-C2-batch4-r36_s575321_f703_conc', 'A2-B0-C2-batch4-r36_s575321_f703_disj', 'A2-B0-C2-batch4-r36_s575321_f703_disp', 'A2-B0-C2-batch4-r36_s575321_f703_libre', 'A2-B0-C2-batch4-r36_s575321_f703_solap', 'A2-B0-C2-r14_s273187_f703_conc', 'A2-B0-C2-r14_s273187_f703_disj', 'A2-B0-C2-r14_s273187_f703_disp', 'A2-B0-C2-r14_s273187_f703_libre', 'A2-B0-C2-r14_s273187_f703_solap', 'A2-B0-C2-r20_s373769_f703_conc', 'A2-B0-C2-r20_s373769_f703_disj', 'A2-B0-C2-r20_s373769_f703_disp', 'A2-B0-C2-r20_s373769_f703_libre', 'A2-B0-C2-r20_s373769_f703_solap']
[A2-B0-C2-batch3-r0_s471829_f703_conc] setup + run...
[A2-B0-C2-batch3-r0_s471829_f703_conc] ya tenía cosmog_00500 -- se salta
[A2-B0-C2-batch3-r0_s471829_f703_disj] setup + run...
[A2-B0-C2-batch3-r0_s471829_f703_disj] ya tenía cosmog_00500 -- se salta
[A2-B0-C2-batch3-r0_s471829_f703_disp] setup + run...
[A2-B0-C2-batch3-r0_s471829_f703_disp] ya tenía cosmog_00500 -- se salta
[A2-B0-C2-batch3-r0_s471829_f703_libre] setup + run...
[A2-B0-C2-batch3-r0_s471829_f703_libre] ya tenía cosmog_00500 -- se salta
[A2-B0-C2-batch3-r0_s471829_f703_solap] setup + run...
[A2-B0-C2-batch3-r0_s471829_f703_solap] ya tenía cosmog_00500 -- se salta
[A2-B0-C2-batch4-r36_s575321_f703_conc] setup + run...
[A2-B0-C2-batch4-r36_s575321_f703_conc] ya tenía cosmog_00500 -- se salta
[A2-B0-C2-batch4-r36_s575321_f703_disj] setup + run...
[A2-B0-C2-batch4-r36_s575321_f703_disj] ya tenía cosmog_00500 -- se salta
[A2-B0-C2-batch4-r36_s575321_f703_disp] setup + run...
[A2-B0-C2-batch4-r36_s575321_f703_disp] ya tenía cosmog_00500 -- se salta
[A2-B0-C2-batch4-r36_s575321_f703_libre] setup + run...
[A2-B0-C2-batch4-r36_s575321_f703_libre] ya tenía cosmog_00500 -- se salta
[A2-B0-C2-batch4-r36_s575321_f703_solap] setup + run...
[A2-B0-C2-batch4-r36_s575321_f703_solap] ya tenía cosmog_00500 -- se salta
[A2-B0-C2-r14_s273187_f703_conc] setup + run...
[A2-B0-C2-r14_s273187_f703_conc] ya tenía cosmog_00500 -- se salta
[A2-B0-C2-r14_s273187_f703_disj] setup + run...
[A2-B0-C2-r14_s273187_f703_disj] ya tenía cosmog_00500 -- se salta
[A2-B0-C2-r14_s273187_f703_disp] setup + run...
[A2-B0-C2-r14_s273187_f703_disp] ya tenía cosmog_00500 -- se salta
[A2-B0-C2-r14_s273187_f703_libre] setup + run...
[A2-B0-C2-r14_s273187_f703_libre] ya tenía cosmog_00500 -- se salta
[A2-B0-C2-r14_s273187_f703_solap] setup + run...
[A2-B0-C2-r14_s273187_f703_solap] ya tenía cosmog_00500 -- se salta
[A2-B0-C2-r20_s373769_f703_conc] setup + run...
[A2-B0-C2-r20_s373769_f703_conc] ya tenía cosmog_00500 -- se salta
[A2-B0-C2-r20_s373769_f703_disj] setup + run...
[A2-B0-C2-r20_s373769_f703_disj] ya tenía cosmog_00500 -- se salta
[A2-B0-C2-r20_s373769_f703_disp] setup + run...
[A2-B0-C2-r20_s373769_f703_disp] ya tenía cosmog_00500 -- se salta
[A2-B0-C2-r20_s373769_f703_libre] setup + run...
[A2-B0-C2-r20_s373769_f703_libre] ya tenía cosmog_00500 -- se salta
[A2-B0-C2-r20_s373769_f703_solap] setup + run...
[A2-B0-C2-r20_s373769_f703_solap] ya tenía cosmog_00500 -- se salta

[TOTAL] tiempo script=0.0s
patron=*: 20 carpetas -> ['A2-B0-C2-batch3-r0_s471829_f703_conc', 'A2-B0-C2-batch3-r0_s471829_f703_disj', 'A2-B0-C2-batch3-r0_s471829_f703_disp', 'A2-B0-C2-batch3-r0_s471829_f703_libre', 'A2-B0-C2-batch3-r0_s471829_f703_solap', 'A2-B0-C2-batch4-r36_s575321_f703_conc', 'A2-B0-C2-batch4-r36_s575321_f703_disj', 'A2-B0-C2-batch4-r36_s575321_f703_disp', 'A2-B0-C2-batch4-r36_s575321_f703_libre', 'A2-B0-C2-batch4-r36_s575321_f703_solap', 'A2-B0-C2-r14_s273187_f703_conc', 'A2-B0-C2-r14_s273187_f703_disj', 'A2-B0-C2-r14_s273187_f703_disp', 'A2-B0-C2-r14_s273187_f703_libre', 'A2-B0-C2-r14_s273187_f703_solap', 'A2-B0-C2-r20_s373769_f703_conc', 'A2-B0-C2-r20_s373769_f703_disj', 'A2-B0-C2-r20_s373769_f703_disp', 'A2-B0-C2-r20_s373769_f703_libre', 'A2-B0-C2-r20_s373769_f703_solap']
[A2-B0-C2-batch3-r0_s471829_f703_conc] setup + run...
[A2-B0-C2-batch3-r0_s471829_f703_conc] ya tenía cosmog_00500 -- se salta
[A2-B0-C2-batch3-r0_s471829_f703_disj] setup + run...
[A2-B0-C2-batch3-r0_s471829_f703_disj] ya tenía cosmog_00500 -- se salta
[A2-B0-C2-batch3-r0_s471829_f703_disp] setup + run...
[A2-B0-C2-batch3-r0_s471829_f703_disp] ya tenía cosmog_00500 -- se salta
[A2-B0-C2-batch3-r0_s471829_f703_libre] setup + run...
[A2-B0-C2-batch3-r0_s471829_f703_libre] ya tenía cosmog_00500 -- se salta
[A2-B0-C2-batch3-r0_s471829_f703_solap] setup + run...
[A2-B0-C2-batch3-r0_s471829_f703_solap] ya tenía cosmog_00500 -- se salta
[A2-B0-C2-batch4-r36_s575321_f703_conc] setup + run...
[A2-B0-C2-batch4-r36_s575321_f703_conc] ya tenía cosmog_00500 -- se salta
[A2-B0-C2-batch4-r36_s575321_f703_disj] setup + run...
[A2-B0-C2-batch4-r36_s575321_f703_disj] ya tenía cosmog_00500 -- se salta
[A2-B0-C2-batch4-r36_s575321_f703_disp] setup + run...
[A2-B0-C2-batch4-r36_s575321_f703_disp] ya tenía cosmog_00500 -- se salta
[A2-B0-C2-batch4-r36_s575321_f703_libre] setup + run...
[A2-B0-C2-batch4-r36_s575321_f703_libre] ya tenía cosmog_00500 -- se salta
[A2-B0-C2-batch4-r36_s575321_f703_solap] setup + run...
[A2-B0-C2-batch4-r36_s575321_f703_solap] ya tenía cosmog_00500 -- se salta
[A2-B0-C2-r14_s273187_f703_conc] setup + run...
[A2-B0-C2-r14_s273187_f703_conc] ya tenía cosmog_00500 -- se salta
[A2-B0-C2-r14_s273187_f703_disj] setup + run...
[A2-B0-C2-r14_s273187_f703_disj] ya tenía cosmog_00500 -- se salta
[A2-B0-C2-r14_s273187_f703_disp] setup + run...
[A2-B0-C2-r14_s273187_f703_disp] ya tenía cosmog_00500 -- se salta
[A2-B0-C2-r14_s273187_f703_libre] setup + run...
[A2-B0-C2-r14_s273187_f703_libre] ya tenía cosmog_00500 -- se salta
[A2-B0-C2-r14_s273187_f703_solap] setup + run...
[A2-B0-C2-r14_s273187_f703_solap] ya tenía cosmog_00500 -- se salta
[A2-B0-C2-r20_s373769_f703_conc] setup + run...
[A2-B0-C2-r20_s373769_f703_conc] ya tenía cosmog_00500 -- se salta
[A2-B0-C2-r20_s373769_f703_disj] setup + run...
[A2-B0-C2-r20_s373769_f703_disj] ya tenía cosmog_00500 -- se salta
[A2-B0-C2-r20_s373769_f703_disp] setup + run...
[A2-B0-C2-r20_s373769_f703_disp] ya tenía cosmog_00500 -- se salta
[A2-B0-C2-r20_s373769_f703_libre] setup + run...
[A2-B0-C2-r20_s373769_f703_libre] ya tenía cosmog_00500 -- se salta
[A2-B0-C2-r20_s373769_f703_solap] setup + run...
[A2-B0-C2-r20_s373769_f703_solap] ya tenía cosmog_00500 -- se salta

[TOTAL] tiempo script=0.0s
patron=*: 20 carpetas -> ['A2-B0-C2-batch3-r0_s471829_f703_conc', 'A2-B0-C2-batch3-r0_s471829_f703_disj', 'A2-B0-C2-batch3-r0_s471829_f703_disp', 'A2-B0-C2-batch3-r0_s471829_f703_libre', 'A2-B0-C2-batch3-r0_s471829_f703_solap', 'A2-B0-C2-batch4-r36_s575321_f703_conc', 'A2-B0-C2-batch4-r36_s575321_f703_disj', 'A2-B0-C2-batch4-r36_s575321_f703_disp', 'A2-B0-C2-batch4-r36_s575321_f703_libre', 'A2-B0-C2-batch4-r36_s575321_f703_solap', 'A2-B0-C2-r14_s273187_f703_conc', 'A2-B0-C2-r14_s273187_f703_disj', 'A2-B0-C2-r14_s273187_f703_disp', 'A2-B0-C2-r14_s273187_f703_libre', 'A2-B0-C2-r14_s273187_f703_solap', 'A2-B0-C2-r20_s373769_f703_conc', 'A2-B0-C2-r20_s373769_f703_disj', 'A2-B0-C2-r20_s373769_f703_disp', 'A2-B0-C2-r20_s373769_f703_libre', 'A2-B0-C2-r20_s373769_f703_solap']
[A2-B0-C2-batch3-r0_s471829_f703_conc] setup + run...
[A2-B0-C2-batch3-r0_s471829_f703_conc] ya tenía cosmog_00500 -- se salta
[A2-B0-C2-batch3-r0_s471829_f703_disj] setup + run...
[A2-B0-C2-batch3-r0_s471829_f703_disj] ya tenía cosmog_00500 -- se salta
[A2-B0-C2-batch3-r0_s471829_f703_disp] setup + run...
[A2-B0-C2-batch3-r0_s471829_f703_disp] ya tenía cosmog_00500 -- se salta
[A2-B0-C2-batch3-r0_s471829_f703_libre] setup + run...
[A2-B0-C2-batch3-r0_s471829_f703_libre] ya tenía cosmog_00500 -- se salta
[A2-B0-C2-batch3-r0_s471829_f703_solap] setup + run...
[A2-B0-C2-batch3-r0_s471829_f703_solap] ya tenía cosmog_00500 -- se salta
[A2-B0-C2-batch4-r36_s575321_f703_conc] setup + run...
[A2-B0-C2-batch4-r36_s575321_f703_conc] ya tenía cosmog_00500 -- se salta
[A2-B0-C2-batch4-r36_s575321_f703_disj] setup + run...
[A2-B0-C2-batch4-r36_s575321_f703_disj] ya tenía cosmog_00500 -- se salta
[A2-B0-C2-batch4-r36_s575321_f703_disp] setup + run...
[A2-B0-C2-batch4-r36_s575321_f703_disp] ya tenía cosmog_00500 -- se salta
[A2-B0-C2-batch4-r36_s575321_f703_libre] setup + run...
[A2-B0-C2-batch4-r36_s575321_f703_libre] ya tenía cosmog_00500 -- se salta
[A2-B0-C2-batch4-r36_s575321_f703_solap] setup + run...
[A2-B0-C2-batch4-r36_s575321_f703_solap] ya tenía cosmog_00500 -- se salta
[A2-B0-C2-r14_s273187_f703_conc] setup + run...
[A2-B0-C2-r14_s273187_f703_conc] ya tenía cosmog_00500 -- se salta
[A2-B0-C2-r14_s273187_f703_disj] setup + run...
[A2-B0-C2-r14_s273187_f703_disj] ya tenía cosmog_00500 -- se salta
[A2-B0-C2-r14_s273187_f703_disp] setup + run...
[A2-B0-C2-r14_s273187_f703_disp] ya tenía cosmog_00500 -- se salta
[A2-B0-C2-r14_s273187_f703_libre] setup + run...
[A2-B0-C2-r14_s273187_f703_libre] ya tenía cosmog_00500 -- se salta
[A2-B0-C2-r14_s273187_f703_solap] setup + run...
[A2-B0-C2-r14_s273187_f703_solap] ya tenía cosmog_00500 -- se salta
[A2-B0-C2-r20_s373769_f703_conc] setup + run...
[A2-B0-C2-r20_s373769_f703_conc] ya tenía cosmog_00500 -- se salta
[A2-B0-C2-r20_s373769_f703_disj] setup + run...
[A2-B0-C2-r20_s373769_f703_disj] ya tenía cosmog_00500 -- se salta
[A2-B0-C2-r20_s373769_f703_disp] setup + run...
[A2-B0-C2-r20_s373769_f703_disp] ya tenía cosmog_00500 -- se salta
[A2-B0-C2-r20_s373769_f703_libre] setup + run...
[A2-B0-C2-r20_s373769_f703_libre] ya tenía cosmog_00500 -- se salta
[A2-B0-C2-r20_s373769_f703_solap] setup + run...
[A2-B0-C2-r20_s373769_f703_solap] ya tenía cosmog_00500 -- se salta

[TOTAL] tiempo script=0.0s
patron=*: 22 carpetas -> ['A2-B0-C2-batch3-r0_s471829_f703_conc', 'A2-B0-C2-batch3-r0_s471829_f703_disj', 'A2-B0-C2-batch3-r0_s471829_f703_disp', 'A2-B0-C2-batch3-r0_s471829_f703_libre', 'A2-B0-C2-batch3-r0_s471829_f703_solap', 'A2-B0-C2-batch3-r60_s477649_f703_libre', 'A2-B0-C2-batch4-r10_s572799_f703_libre', 'A2-B0-C2-batch4-r36_s575321_f703_conc', 'A2-B0-C2-batch4-r36_s575321_f703_disj', 'A2-B0-C2-batch4-r36_s575321_f703_disp', 'A2-B0-C2-batch4-r36_s575321_f703_libre', 'A2-B0-C2-batch4-r36_s575321_f703_solap', 'A2-B0-C2-r14_s273187_f703_conc', 'A2-B0-C2-r14_s273187_f703_disj', 'A2-B0-C2-r14_s273187_f703_disp', 'A2-B0-C2-r14_s273187_f703_libre', 'A2-B0-C2-r14_s273187_f703_solap', 'A2-B0-C2-r20_s373769_f703_conc', 'A2-B0-C2-r20_s373769_f703_disj', 'A2-B0-C2-r20_s373769_f703_disp', 'A2-B0-C2-r20_s373769_f703_libre', 'A2-B0-C2-r20_s373769_f703_solap']
[A2-B0-C2-batch3-r0_s471829_f703_conc] setup + run...
[A2-B0-C2-batch3-r0_s471829_f703_conc] ya tenía cosmog_00500 -- se salta
[A2-B0-C2-batch3-r0_s471829_f703_disj] setup + run...
[A2-B0-C2-batch3-r0_s471829_f703_disj] ya tenía cosmog_00500 -- se salta
[A2-B0-C2-batch3-r0_s471829_f703_disp] setup + run...
[A2-B0-C2-batch3-r0_s471829_f703_disp] ya tenía cosmog_00500 -- se salta
[A2-B0-C2-batch3-r0_s471829_f703_libre] setup + run...
[A2-B0-C2-batch3-r0_s471829_f703_libre] ya tenía cosmog_00500 -- se salta
[A2-B0-C2-batch3-r0_s471829_f703_solap] setup + run...
[A2-B0-C2-batch3-r0_s471829_f703_solap] ya tenía cosmog_00500 -- se salta
[A2-B0-C2-batch3-r60_s477649_f703_libre] setup + run...
[A2-B0-C2-batch3-r60_s477649_f703_libre] exit_setup=0 t_setup=3.92s  exit_run=0 t_run=24.32s
[A2-B0-C2-batch4-r10_s572799_f703_libre] setup + run...
[A2-B0-C2-batch4-r10_s572799_f703_libre] exit_setup=0 t_setup=3.84s  exit_run=0 t_run=24.38s
[A2-B0-C2-batch4-r36_s575321_f703_conc] setup + run...
[A2-B0-C2-batch4-r36_s575321_f703_conc] ya tenía cosmog_00500 -- se salta
[A2-B0-C2-batch4-r36_s575321_f703_disj] setup + run...
[A2-B0-C2-batch4-r36_s575321_f703_disj] ya tenía cosmog_00500 -- se salta
[A2-B0-C2-batch4-r36_s575321_f703_disp] setup + run...
[A2-B0-C2-batch4-r36_s575321_f703_disp] ya tenía cosmog_00500 -- se salta
[A2-B0-C2-batch4-r36_s575321_f703_libre] setup + run...
[A2-B0-C2-batch4-r36_s575321_f703_libre] ya tenía cosmog_00500 -- se salta
[A2-B0-C2-batch4-r36_s575321_f703_solap] setup + run...
[A2-B0-C2-batch4-r36_s575321_f703_solap] ya tenía cosmog_00500 -- se salta
[A2-B0-C2-r14_s273187_f703_conc] setup + run...
[A2-B0-C2-r14_s273187_f703_conc] ya tenía cosmog_00500 -- se salta
[A2-B0-C2-r14_s273187_f703_disj] setup + run...
[A2-B0-C2-r14_s273187_f703_disj] ya tenía cosmog_00500 -- se salta
[A2-B0-C2-r14_s273187_f703_disp] setup + run...
[A2-B0-C2-r14_s273187_f703_disp] ya tenía cosmog_00500 -- se salta
[A2-B0-C2-r14_s273187_f703_libre] setup + run...
[A2-B0-C2-r14_s273187_f703_libre] ya tenía cosmog_00500 -- se salta
[A2-B0-C2-r14_s273187_f703_solap] setup + run...
[A2-B0-C2-r14_s273187_f703_solap] ya tenía cosmog_00500 -- se salta
[A2-B0-C2-r20_s373769_f703_conc] setup + run...
[A2-B0-C2-r20_s373769_f703_conc] ya tenía cosmog_00500 -- se salta
[A2-B0-C2-r20_s373769_f703_disj] setup + run...
[A2-B0-C2-r20_s373769_f703_disj] ya tenía cosmog_00500 -- se salta
[A2-B0-C2-r20_s373769_f703_disp] setup + run...
[A2-B0-C2-r20_s373769_f703_disp] ya tenía cosmog_00500 -- se salta
[A2-B0-C2-r20_s373769_f703_libre] setup + run...
[A2-B0-C2-r20_s373769_f703_libre] ya tenía cosmog_00500 -- se salta
[A2-B0-C2-r20_s373769_f703_solap] setup + run...
[A2-B0-C2-r20_s373769_f703_solap] ya tenía cosmog_00500 -- se salta

[TOTAL] tiempo script=56.5s
patron=*: 23 carpetas -> ['A2-B0-C2-batch3-r0_s471829_f703_conc', 'A2-B0-C2-batch3-r0_s471829_f703_disj', 'A2-B0-C2-batch3-r0_s471829_f703_disp', 'A2-B0-C2-batch3-r0_s471829_f703_libre', 'A2-B0-C2-batch3-r0_s471829_f703_solap', 'A2-B0-C2-batch3-r60_s477649_f703_libre', 'A2-B0-C2-batch4-r10_s572799_f703_libre', 'A2-B0-C2-batch4-r36_s575321_f703_conc', 'A2-B0-C2-batch4-r36_s575321_f703_disj', 'A2-B0-C2-batch4-r36_s575321_f703_disp', 'A2-B0-C2-batch4-r36_s575321_f703_libre', 'A2-B0-C2-batch4-r36_s575321_f703_solap', 'A2-B0-C2-r14_s273187_f703_conc', 'A2-B0-C2-r14_s273187_f703_disj', 'A2-B0-C2-r14_s273187_f703_disp', 'A2-B0-C2-r14_s273187_f703_libre', 'A2-B0-C2-r14_s273187_f703_solap', 'A2-B0-C2-r17_s273478_f703_libre', 'A2-B0-C2-r20_s373769_f703_conc', 'A2-B0-C2-r20_s373769_f703_disj', 'A2-B0-C2-r20_s373769_f703_disp', 'A2-B0-C2-r20_s373769_f703_libre', 'A2-B0-C2-r20_s373769_f703_solap']
[A2-B0-C2-batch3-r0_s471829_f703_conc] setup + run...
[A2-B0-C2-batch3-r0_s471829_f703_conc] ya tenía cosmog_00500 -- se salta
[A2-B0-C2-batch3-r0_s471829_f703_disj] setup + run...
[A2-B0-C2-batch3-r0_s471829_f703_disj] ya tenía cosmog_00500 -- se salta
[A2-B0-C2-batch3-r0_s471829_f703_disp] setup + run...
[A2-B0-C2-batch3-r0_s471829_f703_disp] ya tenía cosmog_00500 -- se salta
[A2-B0-C2-batch3-r0_s471829_f703_libre] setup + run...
[A2-B0-C2-batch3-r0_s471829_f703_libre] ya tenía cosmog_00500 -- se salta
[A2-B0-C2-batch3-r0_s471829_f703_solap] setup + run...
[A2-B0-C2-batch3-r0_s471829_f703_solap] ya tenía cosmog_00500 -- se salta
[A2-B0-C2-batch3-r60_s477649_f703_libre] setup + run...
[A2-B0-C2-batch3-r60_s477649_f703_libre] ya tenía cosmog_00500 -- se salta
[A2-B0-C2-batch4-r10_s572799_f703_libre] setup + run...
[A2-B0-C2-batch4-r10_s572799_f703_libre] ya tenía cosmog_00500 -- se salta
[A2-B0-C2-batch4-r36_s575321_f703_conc] setup + run...
[A2-B0-C2-batch4-r36_s575321_f703_conc] ya tenía cosmog_00500 -- se salta
[A2-B0-C2-batch4-r36_s575321_f703_disj] setup + run...
[A2-B0-C2-batch4-r36_s575321_f703_disj] ya tenía cosmog_00500 -- se salta
[A2-B0-C2-batch4-r36_s575321_f703_disp] setup + run...
[A2-B0-C2-batch4-r36_s575321_f703_disp] ya tenía cosmog_00500 -- se salta
[A2-B0-C2-batch4-r36_s575321_f703_libre] setup + run...
[A2-B0-C2-batch4-r36_s575321_f703_libre] ya tenía cosmog_00500 -- se salta
[A2-B0-C2-batch4-r36_s575321_f703_solap] setup + run...
[A2-B0-C2-batch4-r36_s575321_f703_solap] ya tenía cosmog_00500 -- se salta
[A2-B0-C2-r14_s273187_f703_conc] setup + run...
[A2-B0-C2-r14_s273187_f703_conc] ya tenía cosmog_00500 -- se salta
[A2-B0-C2-r14_s273187_f703_disj] setup + run...
[A2-B0-C2-r14_s273187_f703_disj] ya tenía cosmog_00500 -- se salta
[A2-B0-C2-r14_s273187_f703_disp] setup + run...
[A2-B0-C2-r14_s273187_f703_disp] ya tenía cosmog_00500 -- se salta
[A2-B0-C2-r14_s273187_f703_libre] setup + run...
[A2-B0-C2-r14_s273187_f703_libre] ya tenía cosmog_00500 -- se salta
[A2-B0-C2-r14_s273187_f703_solap] setup + run...
[A2-B0-C2-r14_s273187_f703_solap] ya tenía cosmog_00500 -- se salta
[A2-B0-C2-r17_s273478_f703_libre] setup + run...
[A2-B0-C2-r17_s273478_f703_libre] exit_setup=0 t_setup=3.76s  exit_run=0 t_run=24.49s
[A2-B0-C2-r20_s373769_f703_conc] setup + run...
[A2-B0-C2-r20_s373769_f703_conc] ya tenía cosmog_00500 -- se salta
[A2-B0-C2-r20_s373769_f703_disj] setup + run...
[A2-B0-C2-r20_s373769_f703_disj] ya tenía cosmog_00500 -- se salta
[A2-B0-C2-r20_s373769_f703_disp] setup + run...
[A2-B0-C2-r20_s373769_f703_disp] ya tenía cosmog_00500 -- se salta
[A2-B0-C2-r20_s373769_f703_libre] setup + run...
[A2-B0-C2-r20_s373769_f703_libre] ya tenía cosmog_00500 -- se salta
[A2-B0-C2-r20_s373769_f703_solap] setup + run...
[A2-B0-C2-r20_s373769_f703_solap] ya tenía cosmog_00500 -- se salta

[TOTAL] tiempo script=28.3s
patron=*: 23 carpetas -> ['A2-B0-C2-batch3-r0_s471829_f703_conc', 'A2-B0-C2-batch3-r0_s471829_f703_disj', 'A2-B0-C2-batch3-r0_s471829_f703_disp', 'A2-B0-C2-batch3-r0_s471829_f703_libre', 'A2-B0-C2-batch3-r0_s471829_f703_solap', 'A2-B0-C2-batch3-r60_s477649_f703_libre', 'A2-B0-C2-batch4-r10_s572799_f703_libre', 'A2-B0-C2-batch4-r36_s575321_f703_conc', 'A2-B0-C2-batch4-r36_s575321_f703_disj', 'A2-B0-C2-batch4-r36_s575321_f703_disp', 'A2-B0-C2-batch4-r36_s575321_f703_libre', 'A2-B0-C2-batch4-r36_s575321_f703_solap', 'A2-B0-C2-r14_s273187_f703_conc', 'A2-B0-C2-r14_s273187_f703_disj', 'A2-B0-C2-r14_s273187_f703_disp', 'A2-B0-C2-r14_s273187_f703_libre', 'A2-B0-C2-r14_s273187_f703_solap', 'A2-B0-C2-r17_s273478_f703_libre', 'A2-B0-C2-r20_s373769_f703_conc', 'A2-B0-C2-r20_s373769_f703_disj', 'A2-B0-C2-r20_s373769_f703_disp', 'A2-B0-C2-r20_s373769_f703_libre', 'A2-B0-C2-r20_s373769_f703_solap']
[A2-B0-C2-batch3-r0_s471829_f703_conc] setup + run...
[A2-B0-C2-batch3-r0_s471829_f703_conc] ya tenía cosmog_00500 -- se salta
[A2-B0-C2-batch3-r0_s471829_f703_disj] setup + run...
[A2-B0-C2-batch3-r0_s471829_f703_disj] ya tenía cosmog_00500 -- se salta
[A2-B0-C2-batch3-r0_s471829_f703_disp] setup + run...
[A2-B0-C2-batch3-r0_s471829_f703_disp] ya tenía cosmog_00500 -- se salta
[A2-B0-C2-batch3-r0_s471829_f703_libre] setup + run...
[A2-B0-C2-batch3-r0_s471829_f703_libre] ya tenía cosmog_00500 -- se salta
[A2-B0-C2-batch3-r0_s471829_f703_solap] setup + run...
[A2-B0-C2-batch3-r0_s471829_f703_solap] ya tenía cosmog_00500 -- se salta
[A2-B0-C2-batch3-r60_s477649_f703_libre] setup + run...
[A2-B0-C2-batch3-r60_s477649_f703_libre] ya tenía cosmog_00500 -- se salta
[A2-B0-C2-batch4-r10_s572799_f703_libre] setup + run...
[A2-B0-C2-batch4-r10_s572799_f703_libre] ya tenía cosmog_00500 -- se salta
[A2-B0-C2-batch4-r36_s575321_f703_conc] setup + run...
[A2-B0-C2-batch4-r36_s575321_f703_conc] ya tenía cosmog_00500 -- se salta
[A2-B0-C2-batch4-r36_s575321_f703_disj] setup + run...
[A2-B0-C2-batch4-r36_s575321_f703_disj] ya tenía cosmog_00500 -- se salta
[A2-B0-C2-batch4-r36_s575321_f703_disp] setup + run...
[A2-B0-C2-batch4-r36_s575321_f703_disp] ya tenía cosmog_00500 -- se salta
[A2-B0-C2-batch4-r36_s575321_f703_libre] setup + run...
[A2-B0-C2-batch4-r36_s575321_f703_libre] ya tenía cosmog_00500 -- se salta
[A2-B0-C2-batch4-r36_s575321_f703_solap] setup + run...
[A2-B0-C2-batch4-r36_s575321_f703_solap] ya tenía cosmog_00500 -- se salta
[A2-B0-C2-r14_s273187_f703_conc] setup + run...
[A2-B0-C2-r14_s273187_f703_conc] ya tenía cosmog_00500 -- se salta
[A2-B0-C2-r14_s273187_f703_disj] setup + run...
[A2-B0-C2-r14_s273187_f703_disj] ya tenía cosmog_00500 -- se salta
[A2-B0-C2-r14_s273187_f703_disp] setup + run...
[A2-B0-C2-r14_s273187_f703_disp] ya tenía cosmog_00500 -- se salta
[A2-B0-C2-r14_s273187_f703_libre] setup + run...
[A2-B0-C2-r14_s273187_f703_libre] ya tenía cosmog_00500 -- se salta
[A2-B0-C2-r14_s273187_f703_solap] setup + run...
[A2-B0-C2-r14_s273187_f703_solap] ya tenía cosmog_00500 -- se salta
[A2-B0-C2-r17_s273478_f703_libre] setup + run...
[A2-B0-C2-r17_s273478_f703_libre] ya tenía cosmog_00500 -- se salta
[A2-B0-C2-r20_s373769_f703_conc] setup + run...
[A2-B0-C2-r20_s373769_f703_conc] ya tenía cosmog_00500 -- se salta
[A2-B0-C2-r20_s373769_f703_disj] setup + run...
[A2-B0-C2-r20_s373769_f703_disj] ya tenía cosmog_00500 -- se salta
[A2-B0-C2-r20_s373769_f703_disp] setup + run...
[A2-B0-C2-r20_s373769_f703_disp] ya tenía cosmog_00500 -- se salta
[A2-B0-C2-r20_s373769_f703_libre] setup + run...
[A2-B0-C2-r20_s373769_f703_libre] ya tenía cosmog_00500 -- se salta
[A2-B0-C2-r20_s373769_f703_solap] setup + run...
[A2-B0-C2-r20_s373769_f703_solap] ya tenía cosmog_00500 -- se salta

[TOTAL] tiempo script=0.0s
patron=*: 23 carpetas -> ['A2-B0-C2-batch3-r0_s471829_f703_conc', 'A2-B0-C2-batch3-r0_s471829_f703_disj', 'A2-B0-C2-batch3-r0_s471829_f703_disp', 'A2-B0-C2-batch3-r0_s471829_f703_libre', 'A2-B0-C2-batch3-r0_s471829_f703_solap', 'A2-B0-C2-batch3-r60_s477649_f703_libre', 'A2-B0-C2-batch4-r10_s572799_f703_libre', 'A2-B0-C2-batch4-r36_s575321_f703_conc', 'A2-B0-C2-batch4-r36_s575321_f703_disj', 'A2-B0-C2-batch4-r36_s575321_f703_disp', 'A2-B0-C2-batch4-r36_s575321_f703_libre', 'A2-B0-C2-batch4-r36_s575321_f703_solap', 'A2-B0-C2-r14_s273187_f703_conc', 'A2-B0-C2-r14_s273187_f703_disj', 'A2-B0-C2-r14_s273187_f703_disp', 'A2-B0-C2-r14_s273187_f703_libre', 'A2-B0-C2-r14_s273187_f703_solap', 'A2-B0-C2-r17_s273478_f703_libre', 'A2-B0-C2-r20_s373769_f703_conc', 'A2-B0-C2-r20_s373769_f703_disj', 'A2-B0-C2-r20_s373769_f703_disp', 'A2-B0-C2-r20_s373769_f703_libre', 'A2-B0-C2-r20_s373769_f703_solap']
[A2-B0-C2-batch3-r0_s471829_f703_conc] setup + run...
[A2-B0-C2-batch3-r0_s471829_f703_conc] ya tenía cosmog_00500 -- se salta
[A2-B0-C2-batch3-r0_s471829_f703_disj] setup + run...
[A2-B0-C2-batch3-r0_s471829_f703_disj] ya tenía cosmog_00500 -- se salta
[A2-B0-C2-batch3-r0_s471829_f703_disp] setup + run...
[A2-B0-C2-batch3-r0_s471829_f703_disp] ya tenía cosmog_00500 -- se salta
[A2-B0-C2-batch3-r0_s471829_f703_libre] setup + run...
[A2-B0-C2-batch3-r0_s471829_f703_libre] ya tenía cosmog_00500 -- se salta
[A2-B0-C2-batch3-r0_s471829_f703_solap] setup + run...
[A2-B0-C2-batch3-r0_s471829_f703_solap] ya tenía cosmog_00500 -- se salta
[A2-B0-C2-batch3-r60_s477649_f703_libre] setup + run...
[A2-B0-C2-batch3-r60_s477649_f703_libre] ya tenía cosmog_00500 -- se salta
[A2-B0-C2-batch4-r10_s572799_f703_libre] setup + run...
[A2-B0-C2-batch4-r10_s572799_f703_libre] ya tenía cosmog_00500 -- se salta
[A2-B0-C2-batch4-r36_s575321_f703_conc] setup + run...
[A2-B0-C2-batch4-r36_s575321_f703_conc] ya tenía cosmog_00500 -- se salta
[A2-B0-C2-batch4-r36_s575321_f703_disj] setup + run...
[A2-B0-C2-batch4-r36_s575321_f703_disj] ya tenía cosmog_00500 -- se salta
[A2-B0-C2-batch4-r36_s575321_f703_disp] setup + run...
[A2-B0-C2-batch4-r36_s575321_f703_disp] ya tenía cosmog_00500 -- se salta
[A2-B0-C2-batch4-r36_s575321_f703_libre] setup + run...
[A2-B0-C2-batch4-r36_s575321_f703_libre] ya tenía cosmog_00500 -- se salta
[A2-B0-C2-batch4-r36_s575321_f703_solap] setup + run...
[A2-B0-C2-batch4-r36_s575321_f703_solap] ya tenía cosmog_00500 -- se salta
[A2-B0-C2-r14_s273187_f703_conc] setup + run...
[A2-B0-C2-r14_s273187_f703_conc] ya tenía cosmog_00500 -- se salta
[A2-B0-C2-r14_s273187_f703_disj] setup + run...
[A2-B0-C2-r14_s273187_f703_disj] ya tenía cosmog_00500 -- se salta
[A2-B0-C2-r14_s273187_f703_disp] setup + run...
[A2-B0-C2-r14_s273187_f703_disp] ya tenía cosmog_00500 -- se salta
[A2-B0-C2-r14_s273187_f703_libre] setup + run...
[A2-B0-C2-r14_s273187_f703_libre] ya tenía cosmog_00500 -- se salta
[A2-B0-C2-r14_s273187_f703_solap] setup + run...
[A2-B0-C2-r14_s273187_f703_solap] ya tenía cosmog_00500 -- se salta
[A2-B0-C2-r17_s273478_f703_libre] setup + run...
[A2-B0-C2-r17_s273478_f703_libre] ya tenía cosmog_00500 -- se salta
[A2-B0-C2-r20_s373769_f703_conc] setup + run...
[A2-B0-C2-r20_s373769_f703_conc] ya tenía cosmog_00500 -- se salta
[A2-B0-C2-r20_s373769_f703_disj] setup + run...
[A2-B0-C2-r20_s373769_f703_disj] ya tenía cosmog_00500 -- se salta
[A2-B0-C2-r20_s373769_f703_disp] setup + run...
[A2-B0-C2-r20_s373769_f703_disp] ya tenía cosmog_00500 -- se salta
[A2-B0-C2-r20_s373769_f703_libre] setup + run...
[A2-B0-C2-r20_s373769_f703_libre] ya tenía cosmog_00500 -- se salta
[A2-B0-C2-r20_s373769_f703_solap] setup + run...
[A2-B0-C2-r20_s373769_f703_solap] ya tenía cosmog_00500 -- se salta

[TOTAL] tiempo script=0.0s
patron=*: 26 carpetas -> ['A2-B0-C2-batch3-r0_s471829_f703_conc', 'A2-B0-C2-batch3-r0_s471829_f703_disj', 'A2-B0-C2-batch3-r0_s471829_f703_disp', 'A2-B0-C2-batch3-r0_s471829_f703_libre', 'A2-B0-C2-batch3-r0_s471829_f703_solap', 'A2-B0-C2-batch3-r60_s477649_f703_conc', 'A2-B0-C2-batch3-r60_s477649_f703_libre', 'A2-B0-C2-batch4-r10_s572799_f703_conc', 'A2-B0-C2-batch4-r10_s572799_f703_libre', 'A2-B0-C2-batch4-r36_s575321_f703_conc', 'A2-B0-C2-batch4-r36_s575321_f703_disj', 'A2-B0-C2-batch4-r36_s575321_f703_disp', 'A2-B0-C2-batch4-r36_s575321_f703_libre', 'A2-B0-C2-batch4-r36_s575321_f703_solap', 'A2-B0-C2-r14_s273187_f703_conc', 'A2-B0-C2-r14_s273187_f703_disj', 'A2-B0-C2-r14_s273187_f703_disp', 'A2-B0-C2-r14_s273187_f703_libre', 'A2-B0-C2-r14_s273187_f703_solap', 'A2-B0-C2-r17_s273478_f703_libre', 'A2-B0-C2-r20_s373769_f703_conc', 'A2-B0-C2-r20_s373769_f703_disj', 'A2-B0-C2-r20_s373769_f703_disp', 'A2-B0-C2-r20_s373769_f703_libre', 'A2-B0-C2-r20_s373769_f703_solap', 'A2-B0-C2-r39_s375612_f703_libre']
[A2-B0-C2-batch3-r0_s471829_f703_conc] setup + run...
[A2-B0-C2-batch3-r0_s471829_f703_conc] ya tenía cosmog_00500 -- se salta
[A2-B0-C2-batch3-r0_s471829_f703_disj] setup + run...
[A2-B0-C2-batch3-r0_s471829_f703_disj] ya tenía cosmog_00500 -- se salta
[A2-B0-C2-batch3-r0_s471829_f703_disp] setup + run...
[A2-B0-C2-batch3-r0_s471829_f703_disp] ya tenía cosmog_00500 -- se salta
[A2-B0-C2-batch3-r0_s471829_f703_libre] setup + run...
[A2-B0-C2-batch3-r0_s471829_f703_libre] ya tenía cosmog_00500 -- se salta
[A2-B0-C2-batch3-r0_s471829_f703_solap] setup + run...
[A2-B0-C2-batch3-r0_s471829_f703_solap] ya tenía cosmog_00500 -- se salta
[A2-B0-C2-batch3-r60_s477649_f703_conc] setup + run...
[A2-B0-C2-batch3-r60_s477649_f703_conc] exit_setup=0 t_setup=3.83s  exit_run=0 t_run=24.56s
[A2-B0-C2-batch3-r60_s477649_f703_libre] setup + run...
[A2-B0-C2-batch3-r60_s477649_f703_libre] ya tenía cosmog_00500 -- se salta
[A2-B0-C2-batch4-r10_s572799_f703_conc] setup + run...
[A2-B0-C2-batch4-r10_s572799_f703_conc] exit_setup=0 t_setup=3.97s  exit_run=0 t_run=24.79s
[A2-B0-C2-batch4-r10_s572799_f703_libre] setup + run...
[A2-B0-C2-batch4-r10_s572799_f703_libre] ya tenía cosmog_00500 -- se salta
[A2-B0-C2-batch4-r36_s575321_f703_conc] setup + run...
[A2-B0-C2-batch4-r36_s575321_f703_conc] ya tenía cosmog_00500 -- se salta
[A2-B0-C2-batch4-r36_s575321_f703_disj] setup + run...
[A2-B0-C2-batch4-r36_s575321_f703_disj] ya tenía cosmog_00500 -- se salta
[A2-B0-C2-batch4-r36_s575321_f703_disp] setup + run...
[A2-B0-C2-batch4-r36_s575321_f703_disp] ya tenía cosmog_00500 -- se salta
[A2-B0-C2-batch4-r36_s575321_f703_libre] setup + run...
[A2-B0-C2-batch4-r36_s575321_f703_libre] ya tenía cosmog_00500 -- se salta
[A2-B0-C2-batch4-r36_s575321_f703_solap] setup + run...
[A2-B0-C2-batch4-r36_s575321_f703_solap] ya tenía cosmog_00500 -- se salta
[A2-B0-C2-r14_s273187_f703_conc] setup + run...
[A2-B0-C2-r14_s273187_f703_conc] ya tenía cosmog_00500 -- se salta
[A2-B0-C2-r14_s273187_f703_disj] setup + run...
[A2-B0-C2-r14_s273187_f703_disj] ya tenía cosmog_00500 -- se salta
[A2-B0-C2-r14_s273187_f703_disp] setup + run...
[A2-B0-C2-r14_s273187_f703_disp] ya tenía cosmog_00500 -- se salta
[A2-B0-C2-r14_s273187_f703_libre] setup + run...
[A2-B0-C2-r14_s273187_f703_libre] ya tenía cosmog_00500 -- se salta
[A2-B0-C2-r14_s273187_f703_solap] setup + run...
[A2-B0-C2-r14_s273187_f703_solap] ya tenía cosmog_00500 -- se salta
[A2-B0-C2-r17_s273478_f703_libre] setup + run...
[A2-B0-C2-r17_s273478_f703_libre] ya tenía cosmog_00500 -- se salta
[A2-B0-C2-r20_s373769_f703_conc] setup + run...
[A2-B0-C2-r20_s373769_f703_conc] ya tenía cosmog_00500 -- se salta
[A2-B0-C2-r20_s373769_f703_disj] setup + run...
[A2-B0-C2-r20_s373769_f703_disj] ya tenía cosmog_00500 -- se salta
[A2-B0-C2-r20_s373769_f703_disp] setup + run...
[A2-B0-C2-r20_s373769_f703_disp] ya tenía cosmog_00500 -- se salta
[A2-B0-C2-r20_s373769_f703_libre] setup + run...
[A2-B0-C2-r20_s373769_f703_libre] ya tenía cosmog_00500 -- se salta
[A2-B0-C2-r20_s373769_f703_solap] setup + run...
[A2-B0-C2-r20_s373769_f703_solap] ya tenía cosmog_00500 -- se salta
[A2-B0-C2-r39_s375612_f703_libre] setup + run...
[A2-B0-C2-r39_s375612_f703_libre] exit_setup=0 t_setup=3.53s  exit_run=0 t_run=21.7s

[TOTAL] tiempo script=82.4s
patron=*: 27 carpetas -> ['A2-B0-C2-batch3-r0_s471829_f703_conc', 'A2-B0-C2-batch3-r0_s471829_f703_disj', 'A2-B0-C2-batch3-r0_s471829_f703_disp', 'A2-B0-C2-batch3-r0_s471829_f703_libre', 'A2-B0-C2-batch3-r0_s471829_f703_solap', 'A2-B0-C2-batch3-r60_s477649_f703_conc', 'A2-B0-C2-batch3-r60_s477649_f703_libre', 'A2-B0-C2-batch4-r10_s572799_f703_conc', 'A2-B0-C2-batch4-r10_s572799_f703_libre', 'A2-B0-C2-batch4-r36_s575321_f703_conc', 'A2-B0-C2-batch4-r36_s575321_f703_disj', 'A2-B0-C2-batch4-r36_s575321_f703_disp', 'A2-B0-C2-batch4-r36_s575321_f703_libre', 'A2-B0-C2-batch4-r36_s575321_f703_solap', 'A2-B0-C2-r14_s273187_f703_conc', 'A2-B0-C2-r14_s273187_f703_disj', 'A2-B0-C2-r14_s273187_f703_disp', 'A2-B0-C2-r14_s273187_f703_libre', 'A2-B0-C2-r14_s273187_f703_solap', 'A2-B0-C2-r17_s273478_f703_conc', 'A2-B0-C2-r17_s273478_f703_libre', 'A2-B0-C2-r20_s373769_f703_conc', 'A2-B0-C2-r20_s373769_f703_disj', 'A2-B0-C2-r20_s373769_f703_disp', 'A2-B0-C2-r20_s373769_f703_libre', 'A2-B0-C2-r20_s373769_f703_solap', 'A2-B0-C2-r39_s375612_f703_libre']
[A2-B0-C2-batch3-r0_s471829_f703_conc] setup + run...
[A2-B0-C2-batch3-r0_s471829_f703_conc] ya tenía cosmog_00500 -- se salta
[A2-B0-C2-batch3-r0_s471829_f703_disj] setup + run...
[A2-B0-C2-batch3-r0_s471829_f703_disj] ya tenía cosmog_00500 -- se salta
[A2-B0-C2-batch3-r0_s471829_f703_disp] setup + run...
[A2-B0-C2-batch3-r0_s471829_f703_disp] ya tenía cosmog_00500 -- se salta
[A2-B0-C2-batch3-r0_s471829_f703_libre] setup + run...
[A2-B0-C2-batch3-r0_s471829_f703_libre] ya tenía cosmog_00500 -- se salta
[A2-B0-C2-batch3-r0_s471829_f703_solap] setup + run...
[A2-B0-C2-batch3-r0_s471829_f703_solap] ya tenía cosmog_00500 -- se salta
[A2-B0-C2-batch3-r60_s477649_f703_conc] setup + run...
[A2-B0-C2-batch3-r60_s477649_f703_conc] ya tenía cosmog_00500 -- se salta
[A2-B0-C2-batch3-r60_s477649_f703_libre] setup + run...
[A2-B0-C2-batch3-r60_s477649_f703_libre] ya tenía cosmog_00500 -- se salta
[A2-B0-C2-batch4-r10_s572799_f703_conc] setup + run...
[A2-B0-C2-batch4-r10_s572799_f703_conc] ya tenía cosmog_00500 -- se salta
[A2-B0-C2-batch4-r10_s572799_f703_libre] setup + run...
[A2-B0-C2-batch4-r10_s572799_f703_libre] ya tenía cosmog_00500 -- se salta
[A2-B0-C2-batch4-r36_s575321_f703_conc] setup + run...
[A2-B0-C2-batch4-r36_s575321_f703_conc] ya tenía cosmog_00500 -- se salta
[A2-B0-C2-batch4-r36_s575321_f703_disj] setup + run...
[A2-B0-C2-batch4-r36_s575321_f703_disj] ya tenía cosmog_00500 -- se salta
[A2-B0-C2-batch4-r36_s575321_f703_disp] setup + run...
[A2-B0-C2-batch4-r36_s575321_f703_disp] ya tenía cosmog_00500 -- se salta
[A2-B0-C2-batch4-r36_s575321_f703_libre] setup + run...
[A2-B0-C2-batch4-r36_s575321_f703_libre] ya tenía cosmog_00500 -- se salta
[A2-B0-C2-batch4-r36_s575321_f703_solap] setup + run...
[A2-B0-C2-batch4-r36_s575321_f703_solap] ya tenía cosmog_00500 -- se salta
[A2-B0-C2-r14_s273187_f703_conc] setup + run...
[A2-B0-C2-r14_s273187_f703_conc] ya tenía cosmog_00500 -- se salta
[A2-B0-C2-r14_s273187_f703_disj] setup + run...
[A2-B0-C2-r14_s273187_f703_disj] ya tenía cosmog_00500 -- se salta
[A2-B0-C2-r14_s273187_f703_disp] setup + run...
[A2-B0-C2-r14_s273187_f703_disp] ya tenía cosmog_00500 -- se salta
[A2-B0-C2-r14_s273187_f703_libre] setup + run...
[A2-B0-C2-r14_s273187_f703_libre] ya tenía cosmog_00500 -- se salta
[A2-B0-C2-r14_s273187_f703_solap] setup + run...
[A2-B0-C2-r14_s273187_f703_solap] ya tenía cosmog_00500 -- se salta
[A2-B0-C2-r17_s273478_f703_conc] setup + run...
[A2-B0-C2-r17_s273478_f703_conc] exit_setup=0 t_setup=3.48s  exit_run=0 t_run=21.57s
[A2-B0-C2-r17_s273478_f703_libre] setup + run...
[A2-B0-C2-r17_s273478_f703_libre] ya tenía cosmog_00500 -- se salta
[A2-B0-C2-r20_s373769_f703_conc] setup + run...
[A2-B0-C2-r20_s373769_f703_conc] ya tenía cosmog_00500 -- se salta
[A2-B0-C2-r20_s373769_f703_disj] setup + run...
[A2-B0-C2-r20_s373769_f703_disj] ya tenía cosmog_00500 -- se salta
[A2-B0-C2-r20_s373769_f703_disp] setup + run...
[A2-B0-C2-r20_s373769_f703_disp] ya tenía cosmog_00500 -- se salta
[A2-B0-C2-r20_s373769_f703_libre] setup + run...
[A2-B0-C2-r20_s373769_f703_libre] ya tenía cosmog_00500 -- se salta
[A2-B0-C2-r20_s373769_f703_solap] setup + run...
[A2-B0-C2-r20_s373769_f703_solap] ya tenía cosmog_00500 -- se salta
[A2-B0-C2-r39_s375612_f703_libre] setup + run...
[A2-B0-C2-r39_s375612_f703_libre] ya tenía cosmog_00500 -- se salta

[TOTAL] tiempo script=25.1s
patron=*: 27 carpetas -> ['A2-B0-C2-batch3-r0_s471829_f703_conc', 'A2-B0-C2-batch3-r0_s471829_f703_disj', 'A2-B0-C2-batch3-r0_s471829_f703_disp', 'A2-B0-C2-batch3-r0_s471829_f703_libre', 'A2-B0-C2-batch3-r0_s471829_f703_solap', 'A2-B0-C2-batch3-r60_s477649_f703_conc', 'A2-B0-C2-batch3-r60_s477649_f703_libre', 'A2-B0-C2-batch4-r10_s572799_f703_conc', 'A2-B0-C2-batch4-r10_s572799_f703_libre', 'A2-B0-C2-batch4-r36_s575321_f703_conc', 'A2-B0-C2-batch4-r36_s575321_f703_disj', 'A2-B0-C2-batch4-r36_s575321_f703_disp', 'A2-B0-C2-batch4-r36_s575321_f703_libre', 'A2-B0-C2-batch4-r36_s575321_f703_solap', 'A2-B0-C2-r14_s273187_f703_conc', 'A2-B0-C2-r14_s273187_f703_disj', 'A2-B0-C2-r14_s273187_f703_disp', 'A2-B0-C2-r14_s273187_f703_libre', 'A2-B0-C2-r14_s273187_f703_solap', 'A2-B0-C2-r17_s273478_f703_conc', 'A2-B0-C2-r17_s273478_f703_libre', 'A2-B0-C2-r20_s373769_f703_conc', 'A2-B0-C2-r20_s373769_f703_disj', 'A2-B0-C2-r20_s373769_f703_disp', 'A2-B0-C2-r20_s373769_f703_libre', 'A2-B0-C2-r20_s373769_f703_solap', 'A2-B0-C2-r39_s375612_f703_libre']
[A2-B0-C2-batch3-r0_s471829_f703_conc] setup + run...
[A2-B0-C2-batch3-r0_s471829_f703_conc] ya tenía cosmog_00500 -- se salta
[A2-B0-C2-batch3-r0_s471829_f703_disj] setup + run...
[A2-B0-C2-batch3-r0_s471829_f703_disj] ya tenía cosmog_00500 -- se salta
[A2-B0-C2-batch3-r0_s471829_f703_disp] setup + run...
[A2-B0-C2-batch3-r0_s471829_f703_disp] ya tenía cosmog_00500 -- se salta
[A2-B0-C2-batch3-r0_s471829_f703_libre] setup + run...
[A2-B0-C2-batch3-r0_s471829_f703_libre] ya tenía cosmog_00500 -- se salta
[A2-B0-C2-batch3-r0_s471829_f703_solap] setup + run...
[A2-B0-C2-batch3-r0_s471829_f703_solap] ya tenía cosmog_00500 -- se salta
[A2-B0-C2-batch3-r60_s477649_f703_conc] setup + run...
[A2-B0-C2-batch3-r60_s477649_f703_conc] ya tenía cosmog_00500 -- se salta
[A2-B0-C2-batch3-r60_s477649_f703_libre] setup + run...
[A2-B0-C2-batch3-r60_s477649_f703_libre] ya tenía cosmog_00500 -- se salta
[A2-B0-C2-batch4-r10_s572799_f703_conc] setup + run...
[A2-B0-C2-batch4-r10_s572799_f703_conc] ya tenía cosmog_00500 -- se salta
[A2-B0-C2-batch4-r10_s572799_f703_libre] setup + run...
[A2-B0-C2-batch4-r10_s572799_f703_libre] ya tenía cosmog_00500 -- se salta
[A2-B0-C2-batch4-r36_s575321_f703_conc] setup + run...
[A2-B0-C2-batch4-r36_s575321_f703_conc] ya tenía cosmog_00500 -- se salta
[A2-B0-C2-batch4-r36_s575321_f703_disj] setup + run...
[A2-B0-C2-batch4-r36_s575321_f703_disj] ya tenía cosmog_00500 -- se salta
[A2-B0-C2-batch4-r36_s575321_f703_disp] setup + run...
[A2-B0-C2-batch4-r36_s575321_f703_disp] ya tenía cosmog_00500 -- se salta
[A2-B0-C2-batch4-r36_s575321_f703_libre] setup + run...
[A2-B0-C2-batch4-r36_s575321_f703_libre] ya tenía cosmog_00500 -- se salta
[A2-B0-C2-batch4-r36_s575321_f703_solap] setup + run...
[A2-B0-C2-batch4-r36_s575321_f703_solap] ya tenía cosmog_00500 -- se salta
[A2-B0-C2-r14_s273187_f703_conc] setup + run...
[A2-B0-C2-r14_s273187_f703_conc] ya tenía cosmog_00500 -- se salta
[A2-B0-C2-r14_s273187_f703_disj] setup + run...
[A2-B0-C2-r14_s273187_f703_disj] ya tenía cosmog_00500 -- se salta
[A2-B0-C2-r14_s273187_f703_disp] setup + run...
[A2-B0-C2-r14_s273187_f703_disp] ya tenía cosmog_00500 -- se salta
[A2-B0-C2-r14_s273187_f703_libre] setup + run...
[A2-B0-C2-r14_s273187_f703_libre] ya tenía cosmog_00500 -- se salta
[A2-B0-C2-r14_s273187_f703_solap] setup + run...
[A2-B0-C2-r14_s273187_f703_solap] ya tenía cosmog_00500 -- se salta
[A2-B0-C2-r17_s273478_f703_conc] setup + run...
[A2-B0-C2-r17_s273478_f703_conc] ya tenía cosmog_00500 -- se salta
[A2-B0-C2-r17_s273478_f703_libre] setup + run...
[A2-B0-C2-r17_s273478_f703_libre] ya tenía cosmog_00500 -- se salta
[A2-B0-C2-r20_s373769_f703_conc] setup + run...
[A2-B0-C2-r20_s373769_f703_conc] ya tenía cosmog_00500 -- se salta
[A2-B0-C2-r20_s373769_f703_disj] setup + run...
[A2-B0-C2-r20_s373769_f703_disj] ya tenía cosmog_00500 -- se salta
[A2-B0-C2-r20_s373769_f703_disp] setup + run...
[A2-B0-C2-r20_s373769_f703_disp] ya tenía cosmog_00500 -- se salta
[A2-B0-C2-r20_s373769_f703_libre] setup + run...
[A2-B0-C2-r20_s373769_f703_libre] ya tenía cosmog_00500 -- se salta
[A2-B0-C2-r20_s373769_f703_solap] setup + run...
[A2-B0-C2-r20_s373769_f703_solap] ya tenía cosmog_00500 -- se salta
[A2-B0-C2-r39_s375612_f703_libre] setup + run...
[A2-B0-C2-r39_s375612_f703_libre] ya tenía cosmog_00500 -- se salta

[TOTAL] tiempo script=0.0s
patron=*: 27 carpetas -> ['A2-B0-C2-batch3-r0_s471829_f703_conc', 'A2-B0-C2-batch3-r0_s471829_f703_disj', 'A2-B0-C2-batch3-r0_s471829_f703_disp', 'A2-B0-C2-batch3-r0_s471829_f703_libre', 'A2-B0-C2-batch3-r0_s471829_f703_solap', 'A2-B0-C2-batch3-r60_s477649_f703_conc', 'A2-B0-C2-batch3-r60_s477649_f703_libre', 'A2-B0-C2-batch4-r10_s572799_f703_conc', 'A2-B0-C2-batch4-r10_s572799_f703_libre', 'A2-B0-C2-batch4-r36_s575321_f703_conc', 'A2-B0-C2-batch4-r36_s575321_f703_disj', 'A2-B0-C2-batch4-r36_s575321_f703_disp', 'A2-B0-C2-batch4-r36_s575321_f703_libre', 'A2-B0-C2-batch4-r36_s575321_f703_solap', 'A2-B0-C2-r14_s273187_f703_conc', 'A2-B0-C2-r14_s273187_f703_disj', 'A2-B0-C2-r14_s273187_f703_disp', 'A2-B0-C2-r14_s273187_f703_libre', 'A2-B0-C2-r14_s273187_f703_solap', 'A2-B0-C2-r17_s273478_f703_conc', 'A2-B0-C2-r17_s273478_f703_libre', 'A2-B0-C2-r20_s373769_f703_conc', 'A2-B0-C2-r20_s373769_f703_disj', 'A2-B0-C2-r20_s373769_f703_disp', 'A2-B0-C2-r20_s373769_f703_libre', 'A2-B0-C2-r20_s373769_f703_solap', 'A2-B0-C2-r39_s375612_f703_libre']
[A2-B0-C2-batch3-r0_s471829_f703_conc] setup + run...
[A2-B0-C2-batch3-r0_s471829_f703_conc] ya tenía cosmog_00500 -- se salta
[A2-B0-C2-batch3-r0_s471829_f703_disj] setup + run...
[A2-B0-C2-batch3-r0_s471829_f703_disj] ya tenía cosmog_00500 -- se salta
[A2-B0-C2-batch3-r0_s471829_f703_disp] setup + run...
[A2-B0-C2-batch3-r0_s471829_f703_disp] ya tenía cosmog_00500 -- se salta
[A2-B0-C2-batch3-r0_s471829_f703_libre] setup + run...
[A2-B0-C2-batch3-r0_s471829_f703_libre] ya tenía cosmog_00500 -- se salta
[A2-B0-C2-batch3-r0_s471829_f703_solap] setup + run...
[A2-B0-C2-batch3-r0_s471829_f703_solap] ya tenía cosmog_00500 -- se salta
[A2-B0-C2-batch3-r60_s477649_f703_conc] setup + run...
[A2-B0-C2-batch3-r60_s477649_f703_conc] ya tenía cosmog_00500 -- se salta
[A2-B0-C2-batch3-r60_s477649_f703_libre] setup + run...
[A2-B0-C2-batch3-r60_s477649_f703_libre] ya tenía cosmog_00500 -- se salta
[A2-B0-C2-batch4-r10_s572799_f703_conc] setup + run...
[A2-B0-C2-batch4-r10_s572799_f703_conc] ya tenía cosmog_00500 -- se salta
[A2-B0-C2-batch4-r10_s572799_f703_libre] setup + run...
[A2-B0-C2-batch4-r10_s572799_f703_libre] ya tenía cosmog_00500 -- se salta
[A2-B0-C2-batch4-r36_s575321_f703_conc] setup + run...
[A2-B0-C2-batch4-r36_s575321_f703_conc] ya tenía cosmog_00500 -- se salta
[A2-B0-C2-batch4-r36_s575321_f703_disj] setup + run...
[A2-B0-C2-batch4-r36_s575321_f703_disj] ya tenía cosmog_00500 -- se salta
[A2-B0-C2-batch4-r36_s575321_f703_disp] setup + run...
[A2-B0-C2-batch4-r36_s575321_f703_disp] ya tenía cosmog_00500 -- se salta
[A2-B0-C2-batch4-r36_s575321_f703_libre] setup + run...
[A2-B0-C2-batch4-r36_s575321_f703_libre] ya tenía cosmog_00500 -- se salta
[A2-B0-C2-batch4-r36_s575321_f703_solap] setup + run...
[A2-B0-C2-batch4-r36_s575321_f703_solap] ya tenía cosmog_00500 -- se salta
[A2-B0-C2-r14_s273187_f703_conc] setup + run...
[A2-B0-C2-r14_s273187_f703_conc] ya tenía cosmog_00500 -- se salta
[A2-B0-C2-r14_s273187_f703_disj] setup + run...
[A2-B0-C2-r14_s273187_f703_disj] ya tenía cosmog_00500 -- se salta
[A2-B0-C2-r14_s273187_f703_disp] setup + run...
[A2-B0-C2-r14_s273187_f703_disp] ya tenía cosmog_00500 -- se salta
[A2-B0-C2-r14_s273187_f703_libre] setup + run...
[A2-B0-C2-r14_s273187_f703_libre] ya tenía cosmog_00500 -- se salta
[A2-B0-C2-r14_s273187_f703_solap] setup + run...
[A2-B0-C2-r14_s273187_f703_solap] ya tenía cosmog_00500 -- se salta
[A2-B0-C2-r17_s273478_f703_conc] setup + run...
[A2-B0-C2-r17_s273478_f703_conc] ya tenía cosmog_00500 -- se salta
[A2-B0-C2-r17_s273478_f703_libre] setup + run...
[A2-B0-C2-r17_s273478_f703_libre] ya tenía cosmog_00500 -- se salta
[A2-B0-C2-r20_s373769_f703_conc] setup + run...
[A2-B0-C2-r20_s373769_f703_conc] ya tenía cosmog_00500 -- se salta
[A2-B0-C2-r20_s373769_f703_disj] setup + run...
[A2-B0-C2-r20_s373769_f703_disj] ya tenía cosmog_00500 -- se salta
[A2-B0-C2-r20_s373769_f703_disp] setup + run...
[A2-B0-C2-r20_s373769_f703_disp] ya tenía cosmog_00500 -- se salta
[A2-B0-C2-r20_s373769_f703_libre] setup + run...
[A2-B0-C2-r20_s373769_f703_libre] ya tenía cosmog_00500 -- se salta
[A2-B0-C2-r20_s373769_f703_solap] setup + run...
[A2-B0-C2-r20_s373769_f703_solap] ya tenía cosmog_00500 -- se salta
[A2-B0-C2-r39_s375612_f703_libre] setup + run...
[A2-B0-C2-r39_s375612_f703_libre] ya tenía cosmog_00500 -- se salta

[TOTAL] tiempo script=0.0s
patron=*: 30 carpetas -> ['A2-B0-C2-batch3-r0_s471829_f703_conc', 'A2-B0-C2-batch3-r0_s471829_f703_disj', 'A2-B0-C2-batch3-r0_s471829_f703_disp', 'A2-B0-C2-batch3-r0_s471829_f703_libre', 'A2-B0-C2-batch3-r0_s471829_f703_solap', 'A2-B0-C2-batch3-r60_s477649_f703_conc', 'A2-B0-C2-batch3-r60_s477649_f703_disp', 'A2-B0-C2-batch3-r60_s477649_f703_libre', 'A2-B0-C2-batch4-r10_s572799_f703_conc', 'A2-B0-C2-batch4-r10_s572799_f703_disp', 'A2-B0-C2-batch4-r10_s572799_f703_libre', 'A2-B0-C2-batch4-r36_s575321_f703_conc', 'A2-B0-C2-batch4-r36_s575321_f703_disj', 'A2-B0-C2-batch4-r36_s575321_f703_disp', 'A2-B0-C2-batch4-r36_s575321_f703_libre', 'A2-B0-C2-batch4-r36_s575321_f703_solap', 'A2-B0-C2-r14_s273187_f703_conc', 'A2-B0-C2-r14_s273187_f703_disj', 'A2-B0-C2-r14_s273187_f703_disp', 'A2-B0-C2-r14_s273187_f703_libre', 'A2-B0-C2-r14_s273187_f703_solap', 'A2-B0-C2-r17_s273478_f703_conc', 'A2-B0-C2-r17_s273478_f703_libre', 'A2-B0-C2-r20_s373769_f703_conc', 'A2-B0-C2-r20_s373769_f703_disj', 'A2-B0-C2-r20_s373769_f703_disp', 'A2-B0-C2-r20_s373769_f703_libre', 'A2-B0-C2-r20_s373769_f703_solap', 'A2-B0-C2-r39_s375612_f703_conc', 'A2-B0-C2-r39_s375612_f703_libre']
[A2-B0-C2-batch3-r0_s471829_f703_conc] setup + run...
[A2-B0-C2-batch3-r0_s471829_f703_conc] ya tenía cosmog_00500 -- se salta
[A2-B0-C2-batch3-r0_s471829_f703_disj] setup + run...
[A2-B0-C2-batch3-r0_s471829_f703_disj] ya tenía cosmog_00500 -- se salta
[A2-B0-C2-batch3-r0_s471829_f703_disp] setup + run...
[A2-B0-C2-batch3-r0_s471829_f703_disp] ya tenía cosmog_00500 -- se salta
[A2-B0-C2-batch3-r0_s471829_f703_libre] setup + run...
[A2-B0-C2-batch3-r0_s471829_f703_libre] ya tenía cosmog_00500 -- se salta
[A2-B0-C2-batch3-r0_s471829_f703_solap] setup + run...
[A2-B0-C2-batch3-r0_s471829_f703_solap] ya tenía cosmog_00500 -- se salta
[A2-B0-C2-batch3-r60_s477649_f703_conc] setup + run...
[A2-B0-C2-batch3-r60_s477649_f703_conc] ya tenía cosmog_00500 -- se salta
[A2-B0-C2-batch3-r60_s477649_f703_disp] setup + run...
[A2-B0-C2-batch3-r60_s477649_f703_disp] exit_setup=0 t_setup=1.95s  exit_run=0 t_run=17.39s
[A2-B0-C2-batch3-r60_s477649_f703_libre] setup + run...
[A2-B0-C2-batch3-r60_s477649_f703_libre] ya tenía cosmog_00500 -- se salta
[A2-B0-C2-batch4-r10_s572799_f703_conc] setup + run...
[A2-B0-C2-batch4-r10_s572799_f703_conc] ya tenía cosmog_00500 -- se salta
[A2-B0-C2-batch4-r10_s572799_f703_disp] setup + run...
[A2-B0-C2-batch4-r10_s572799_f703_disp] exit_setup=0 t_setup=1.89s  exit_run=0 t_run=18.88s
[A2-B0-C2-batch4-r10_s572799_f703_libre] setup + run...
[A2-B0-C2-batch4-r10_s572799_f703_libre] ya tenía cosmog_00500 -- se salta
[A2-B0-C2-batch4-r36_s575321_f703_conc] setup + run...
[A2-B0-C2-batch4-r36_s575321_f703_conc] ya tenía cosmog_00500 -- se salta
[A2-B0-C2-batch4-r36_s575321_f703_disj] setup + run...
[A2-B0-C2-batch4-r36_s575321_f703_disj] ya tenía cosmog_00500 -- se salta
[A2-B0-C2-batch4-r36_s575321_f703_disp] setup + run...
[A2-B0-C2-batch4-r36_s575321_f703_disp] ya tenía cosmog_00500 -- se salta
[A2-B0-C2-batch4-r36_s575321_f703_libre] setup + run...
[A2-B0-C2-batch4-r36_s575321_f703_libre] ya tenía cosmog_00500 -- se salta
[A2-B0-C2-batch4-r36_s575321_f703_solap] setup + run...
[A2-B0-C2-batch4-r36_s575321_f703_solap] ya tenía cosmog_00500 -- se salta
[A2-B0-C2-r14_s273187_f703_conc] setup + run...
[A2-B0-C2-r14_s273187_f703_conc] ya tenía cosmog_00500 -- se salta
[A2-B0-C2-r14_s273187_f703_disj] setup + run...
[A2-B0-C2-r14_s273187_f703_disj] ya tenía cosmog_00500 -- se salta
[A2-B0-C2-r14_s273187_f703_disp] setup + run...
[A2-B0-C2-r14_s273187_f703_disp] ya tenía cosmog_00500 -- se salta
[A2-B0-C2-r14_s273187_f703_libre] setup + run...
[A2-B0-C2-r14_s273187_f703_libre] ya tenía cosmog_00500 -- se salta
[A2-B0-C2-r14_s273187_f703_solap] setup + run...
[A2-B0-C2-r14_s273187_f703_solap] ya tenía cosmog_00500 -- se salta
[A2-B0-C2-r17_s273478_f703_conc] setup + run...
[A2-B0-C2-r17_s273478_f703_conc] ya tenía cosmog_00500 -- se salta
[A2-B0-C2-r17_s273478_f703_libre] setup + run...
[A2-B0-C2-r17_s273478_f703_libre] ya tenía cosmog_00500 -- se salta
[A2-B0-C2-r20_s373769_f703_conc] setup + run...
[A2-B0-C2-r20_s373769_f703_conc] ya tenía cosmog_00500 -- se salta
[A2-B0-C2-r20_s373769_f703_disj] setup + run...
[A2-B0-C2-r20_s373769_f703_disj] ya tenía cosmog_00500 -- se salta
[A2-B0-C2-r20_s373769_f703_disp] setup + run...
[A2-B0-C2-r20_s373769_f703_disp] ya tenía cosmog_00500 -- se salta
[A2-B0-C2-r20_s373769_f703_libre] setup + run...
[A2-B0-C2-r20_s373769_f703_libre] ya tenía cosmog_00500 -- se salta
[A2-B0-C2-r20_s373769_f703_solap] setup + run...
[A2-B0-C2-r20_s373769_f703_solap] ya tenía cosmog_00500 -- se salta
[A2-B0-C2-r39_s375612_f703_conc] setup + run...
[A2-B0-C2-r39_s375612_f703_conc] exit_setup=0 t_setup=2.67s  exit_run=0 t_run=36.45s
[A2-B0-C2-r39_s375612_f703_libre] setup + run...
[A2-B0-C2-r39_s375612_f703_libre] ya tenía cosmog_00500 -- se salta

[TOTAL] tiempo script=79.2s
patron=*: 31 carpetas -> ['A2-B0-C2-batch3-r0_s471829_f703_conc', 'A2-B0-C2-batch3-r0_s471829_f703_disj', 'A2-B0-C2-batch3-r0_s471829_f703_disp', 'A2-B0-C2-batch3-r0_s471829_f703_libre', 'A2-B0-C2-batch3-r0_s471829_f703_solap', 'A2-B0-C2-batch3-r60_s477649_f703_conc', 'A2-B0-C2-batch3-r60_s477649_f703_disp', 'A2-B0-C2-batch3-r60_s477649_f703_libre', 'A2-B0-C2-batch4-r10_s572799_f703_conc', 'A2-B0-C2-batch4-r10_s572799_f703_disp', 'A2-B0-C2-batch4-r10_s572799_f703_libre', 'A2-B0-C2-batch4-r36_s575321_f703_conc', 'A2-B0-C2-batch4-r36_s575321_f703_disj', 'A2-B0-C2-batch4-r36_s575321_f703_disp', 'A2-B0-C2-batch4-r36_s575321_f703_libre', 'A2-B0-C2-batch4-r36_s575321_f703_solap', 'A2-B0-C2-r14_s273187_f703_conc', 'A2-B0-C2-r14_s273187_f703_disj', 'A2-B0-C2-r14_s273187_f703_disp', 'A2-B0-C2-r14_s273187_f703_libre', 'A2-B0-C2-r14_s273187_f703_solap', 'A2-B0-C2-r17_s273478_f703_conc', 'A2-B0-C2-r17_s273478_f703_disp', 'A2-B0-C2-r17_s273478_f703_libre', 'A2-B0-C2-r20_s373769_f703_conc', 'A2-B0-C2-r20_s373769_f703_disj', 'A2-B0-C2-r20_s373769_f703_disp', 'A2-B0-C2-r20_s373769_f703_libre', 'A2-B0-C2-r20_s373769_f703_solap', 'A2-B0-C2-r39_s375612_f703_conc', 'A2-B0-C2-r39_s375612_f703_libre']
[A2-B0-C2-batch3-r0_s471829_f703_conc] setup + run...
[A2-B0-C2-batch3-r0_s471829_f703_conc] ya tenía cosmog_00500 -- se salta
[A2-B0-C2-batch3-r0_s471829_f703_disj] setup + run...
[A2-B0-C2-batch3-r0_s471829_f703_disj] ya tenía cosmog_00500 -- se salta
[A2-B0-C2-batch3-r0_s471829_f703_disp] setup + run...
[A2-B0-C2-batch3-r0_s471829_f703_disp] ya tenía cosmog_00500 -- se salta
[A2-B0-C2-batch3-r0_s471829_f703_libre] setup + run...
[A2-B0-C2-batch3-r0_s471829_f703_libre] ya tenía cosmog_00500 -- se salta
[A2-B0-C2-batch3-r0_s471829_f703_solap] setup + run...
[A2-B0-C2-batch3-r0_s471829_f703_solap] ya tenía cosmog_00500 -- se salta
[A2-B0-C2-batch3-r60_s477649_f703_conc] setup + run...
[A2-B0-C2-batch3-r60_s477649_f703_conc] ya tenía cosmog_00500 -- se salta
[A2-B0-C2-batch3-r60_s477649_f703_disp] setup + run...
[A2-B0-C2-batch3-r60_s477649_f703_disp] ya tenía cosmog_00500 -- se salta
[A2-B0-C2-batch3-r60_s477649_f703_libre] setup + run...
[A2-B0-C2-batch3-r60_s477649_f703_libre] ya tenía cosmog_00500 -- se salta
[A2-B0-C2-batch4-r10_s572799_f703_conc] setup + run...
[A2-B0-C2-batch4-r10_s572799_f703_conc] ya tenía cosmog_00500 -- se salta
[A2-B0-C2-batch4-r10_s572799_f703_disp] setup + run...
[A2-B0-C2-batch4-r10_s572799_f703_disp] ya tenía cosmog_00500 -- se salta
[A2-B0-C2-batch4-r10_s572799_f703_libre] setup + run...
[A2-B0-C2-batch4-r10_s572799_f703_libre] ya tenía cosmog_00500 -- se salta
[A2-B0-C2-batch4-r36_s575321_f703_conc] setup + run...
[A2-B0-C2-batch4-r36_s575321_f703_conc] ya tenía cosmog_00500 -- se salta
[A2-B0-C2-batch4-r36_s575321_f703_disj] setup + run...
[A2-B0-C2-batch4-r36_s575321_f703_disj] ya tenía cosmog_00500 -- se salta
[A2-B0-C2-batch4-r36_s575321_f703_disp] setup + run...
[A2-B0-C2-batch4-r36_s575321_f703_disp] ya tenía cosmog_00500 -- se salta
[A2-B0-C2-batch4-r36_s575321_f703_libre] setup + run...
[A2-B0-C2-batch4-r36_s575321_f703_libre] ya tenía cosmog_00500 -- se salta
[A2-B0-C2-batch4-r36_s575321_f703_solap] setup + run...
[A2-B0-C2-batch4-r36_s575321_f703_solap] ya tenía cosmog_00500 -- se salta
[A2-B0-C2-r14_s273187_f703_conc] setup + run...
[A2-B0-C2-r14_s273187_f703_conc] ya tenía cosmog_00500 -- se salta
[A2-B0-C2-r14_s273187_f703_disj] setup + run...
[A2-B0-C2-r14_s273187_f703_disj] ya tenía cosmog_00500 -- se salta
[A2-B0-C2-r14_s273187_f703_disp] setup + run...
[A2-B0-C2-r14_s273187_f703_disp] ya tenía cosmog_00500 -- se salta
[A2-B0-C2-r14_s273187_f703_libre] setup + run...
[A2-B0-C2-r14_s273187_f703_libre] ya tenía cosmog_00500 -- se salta
[A2-B0-C2-r14_s273187_f703_solap] setup + run...
[A2-B0-C2-r14_s273187_f703_solap] ya tenía cosmog_00500 -- se salta
[A2-B0-C2-r17_s273478_f703_conc] setup + run...
[A2-B0-C2-r17_s273478_f703_conc] ya tenía cosmog_00500 -- se salta
[A2-B0-C2-r17_s273478_f703_disp] setup + run...
[A2-B0-C2-r17_s273478_f703_disp] exit_setup=0 t_setup=3.91s  exit_run=0 t_run=38.94s
[A2-B0-C2-r17_s273478_f703_libre] setup + run...
[A2-B0-C2-r17_s273478_f703_libre] ya tenía cosmog_00500 -- se salta
[A2-B0-C2-r20_s373769_f703_conc] setup + run...
[A2-B0-C2-r20_s373769_f703_conc] ya tenía cosmog_00500 -- se salta
[A2-B0-C2-r20_s373769_f703_disj] setup + run...
[A2-B0-C2-r20_s373769_f703_disj] ya tenía cosmog_00500 -- se salta
[A2-B0-C2-r20_s373769_f703_disp] setup + run...
[A2-B0-C2-r20_s373769_f703_disp] ya tenía cosmog_00500 -- se salta
[A2-B0-C2-r20_s373769_f703_libre] setup + run...
[A2-B0-C2-r20_s373769_f703_libre] ya tenía cosmog_00500 -- se salta
[A2-B0-C2-r20_s373769_f703_solap] setup + run...
[A2-B0-C2-r20_s373769_f703_solap] ya tenía cosmog_00500 -- se salta
[A2-B0-C2-r39_s375612_f703_conc] setup + run...
[A2-B0-C2-r39_s375612_f703_conc] ya tenía cosmog_00500 -- se salta
[A2-B0-C2-r39_s375612_f703_libre] setup + run...
[A2-B0-C2-r39_s375612_f703_libre] ya tenía cosmog_00500 -- se salta

[TOTAL] tiempo script=42.9s
patron=*: 31 carpetas -> ['A2-B0-C2-batch3-r0_s471829_f703_conc', 'A2-B0-C2-batch3-r0_s471829_f703_disj', 'A2-B0-C2-batch3-r0_s471829_f703_disp', 'A2-B0-C2-batch3-r0_s471829_f703_libre', 'A2-B0-C2-batch3-r0_s471829_f703_solap', 'A2-B0-C2-batch3-r60_s477649_f703_conc', 'A2-B0-C2-batch3-r60_s477649_f703_disp', 'A2-B0-C2-batch3-r60_s477649_f703_libre', 'A2-B0-C2-batch4-r10_s572799_f703_conc', 'A2-B0-C2-batch4-r10_s572799_f703_disp', 'A2-B0-C2-batch4-r10_s572799_f703_libre', 'A2-B0-C2-batch4-r36_s575321_f703_conc', 'A2-B0-C2-batch4-r36_s575321_f703_disj', 'A2-B0-C2-batch4-r36_s575321_f703_disp', 'A2-B0-C2-batch4-r36_s575321_f703_libre', 'A2-B0-C2-batch4-r36_s575321_f703_solap', 'A2-B0-C2-r14_s273187_f703_conc', 'A2-B0-C2-r14_s273187_f703_disj', 'A2-B0-C2-r14_s273187_f703_disp', 'A2-B0-C2-r14_s273187_f703_libre', 'A2-B0-C2-r14_s273187_f703_solap', 'A2-B0-C2-r17_s273478_f703_conc', 'A2-B0-C2-r17_s273478_f703_disp', 'A2-B0-C2-r17_s273478_f703_libre', 'A2-B0-C2-r20_s373769_f703_conc', 'A2-B0-C2-r20_s373769_f703_disj', 'A2-B0-C2-r20_s373769_f703_disp', 'A2-B0-C2-r20_s373769_f703_libre', 'A2-B0-C2-r20_s373769_f703_solap', 'A2-B0-C2-r39_s375612_f703_conc', 'A2-B0-C2-r39_s375612_f703_libre']
[A2-B0-C2-batch3-r0_s471829_f703_conc] setup + run...
[A2-B0-C2-batch3-r0_s471829_f703_conc] ya tenía cosmog_00500 -- se salta
[A2-B0-C2-batch3-r0_s471829_f703_disj] setup + run...
[A2-B0-C2-batch3-r0_s471829_f703_disj] ya tenía cosmog_00500 -- se salta
[A2-B0-C2-batch3-r0_s471829_f703_disp] setup + run...
[A2-B0-C2-batch3-r0_s471829_f703_disp] ya tenía cosmog_00500 -- se salta
[A2-B0-C2-batch3-r0_s471829_f703_libre] setup + run...
[A2-B0-C2-batch3-r0_s471829_f703_libre] ya tenía cosmog_00500 -- se salta
[A2-B0-C2-batch3-r0_s471829_f703_solap] setup + run...
[A2-B0-C2-batch3-r0_s471829_f703_solap] ya tenía cosmog_00500 -- se salta
[A2-B0-C2-batch3-r60_s477649_f703_conc] setup + run...
[A2-B0-C2-batch3-r60_s477649_f703_conc] ya tenía cosmog_00500 -- se salta
[A2-B0-C2-batch3-r60_s477649_f703_disp] setup + run...
[A2-B0-C2-batch3-r60_s477649_f703_disp] ya tenía cosmog_00500 -- se salta
[A2-B0-C2-batch3-r60_s477649_f703_libre] setup + run...
[A2-B0-C2-batch3-r60_s477649_f703_libre] ya tenía cosmog_00500 -- se salta
[A2-B0-C2-batch4-r10_s572799_f703_conc] setup + run...
[A2-B0-C2-batch4-r10_s572799_f703_conc] ya tenía cosmog_00500 -- se salta
[A2-B0-C2-batch4-r10_s572799_f703_disp] setup + run...
[A2-B0-C2-batch4-r10_s572799_f703_disp] ya tenía cosmog_00500 -- se salta
[A2-B0-C2-batch4-r10_s572799_f703_libre] setup + run...
[A2-B0-C2-batch4-r10_s572799_f703_libre] ya tenía cosmog_00500 -- se salta
[A2-B0-C2-batch4-r36_s575321_f703_conc] setup + run...
[A2-B0-C2-batch4-r36_s575321_f703_conc] ya tenía cosmog_00500 -- se salta
[A2-B0-C2-batch4-r36_s575321_f703_disj] setup + run...
[A2-B0-C2-batch4-r36_s575321_f703_disj] ya tenía cosmog_00500 -- se salta
[A2-B0-C2-batch4-r36_s575321_f703_disp] setup + run...
[A2-B0-C2-batch4-r36_s575321_f703_disp] ya tenía cosmog_00500 -- se salta
[A2-B0-C2-batch4-r36_s575321_f703_libre] setup + run...
[A2-B0-C2-batch4-r36_s575321_f703_libre] ya tenía cosmog_00500 -- se salta
[A2-B0-C2-batch4-r36_s575321_f703_solap] setup + run...
[A2-B0-C2-batch4-r36_s575321_f703_solap] ya tenía cosmog_00500 -- se salta
[A2-B0-C2-r14_s273187_f703_conc] setup + run...
[A2-B0-C2-r14_s273187_f703_conc] ya tenía cosmog_00500 -- se salta
[A2-B0-C2-r14_s273187_f703_disj] setup + run...
[A2-B0-C2-r14_s273187_f703_disj] ya tenía cosmog_00500 -- se salta
[A2-B0-C2-r14_s273187_f703_disp] setup + run...
[A2-B0-C2-r14_s273187_f703_disp] ya tenía cosmog_00500 -- se salta
[A2-B0-C2-r14_s273187_f703_libre] setup + run...
[A2-B0-C2-r14_s273187_f703_libre] ya tenía cosmog_00500 -- se salta
[A2-B0-C2-r14_s273187_f703_solap] setup + run...
[A2-B0-C2-r14_s273187_f703_solap] ya tenía cosmog_00500 -- se salta
[A2-B0-C2-r17_s273478_f703_conc] setup + run...
[A2-B0-C2-r17_s273478_f703_conc] ya tenía cosmog_00500 -- se salta
[A2-B0-C2-r17_s273478_f703_disp] setup + run...
[A2-B0-C2-r17_s273478_f703_disp] ya tenía cosmog_00500 -- se salta
[A2-B0-C2-r17_s273478_f703_libre] setup + run...
[A2-B0-C2-r17_s273478_f703_libre] ya tenía cosmog_00500 -- se salta
[A2-B0-C2-r20_s373769_f703_conc] setup + run...
[A2-B0-C2-r20_s373769_f703_conc] ya tenía cosmog_00500 -- se salta
[A2-B0-C2-r20_s373769_f703_disj] setup + run...
[A2-B0-C2-r20_s373769_f703_disj] ya tenía cosmog_00500 -- se salta
[A2-B0-C2-r20_s373769_f703_disp] setup + run...
[A2-B0-C2-r20_s373769_f703_disp] ya tenía cosmog_00500 -- se salta
[A2-B0-C2-r20_s373769_f703_libre] setup + run...
[A2-B0-C2-r20_s373769_f703_libre] ya tenía cosmog_00500 -- se salta
[A2-B0-C2-r20_s373769_f703_solap] setup + run...
[A2-B0-C2-r20_s373769_f703_solap] ya tenía cosmog_00500 -- se salta
[A2-B0-C2-r39_s375612_f703_conc] setup + run...
[A2-B0-C2-r39_s375612_f703_conc] ya tenía cosmog_00500 -- se salta
[A2-B0-C2-r39_s375612_f703_libre] setup + run...
[A2-B0-C2-r39_s375612_f703_libre] ya tenía cosmog_00500 -- se salta

[TOTAL] tiempo script=0.0s
patron=*: 32 carpetas -> ['A2-B0-C2-batch3-r0_s471829_f703_conc', 'A2-B0-C2-batch3-r0_s471829_f703_disj', 'A2-B0-C2-batch3-r0_s471829_f703_disp', 'A2-B0-C2-batch3-r0_s471829_f703_libre', 'A2-B0-C2-batch3-r0_s471829_f703_solap', 'A2-B0-C2-batch3-r60_s477649_f703_conc', 'A2-B0-C2-batch3-r60_s477649_f703_disp', 'A2-B0-C2-batch3-r60_s477649_f703_libre', 'A2-B0-C2-batch4-r10_s572799_f703_conc', 'A2-B0-C2-batch4-r10_s572799_f703_disp', 'A2-B0-C2-batch4-r10_s572799_f703_libre', 'A2-B0-C2-batch4-r36_s575321_f703_conc', 'A2-B0-C2-batch4-r36_s575321_f703_disj', 'A2-B0-C2-batch4-r36_s575321_f703_disp', 'A2-B0-C2-batch4-r36_s575321_f703_libre', 'A2-B0-C2-batch4-r36_s575321_f703_solap', 'A2-B0-C2-r14_s273187_f703_conc', 'A2-B0-C2-r14_s273187_f703_disj', 'A2-B0-C2-r14_s273187_f703_disp', 'A2-B0-C2-r14_s273187_f703_libre', 'A2-B0-C2-r14_s273187_f703_solap', 'A2-B0-C2-r17_s273478_f703_conc', 'A2-B0-C2-r17_s273478_f703_disp', 'A2-B0-C2-r17_s273478_f703_libre', 'A2-B0-C2-r20_s373769_f703_conc', 'A2-B0-C2-r20_s373769_f703_disj', 'A2-B0-C2-r20_s373769_f703_disp', 'A2-B0-C2-r20_s373769_f703_libre', 'A2-B0-C2-r20_s373769_f703_solap', 'A2-B0-C2-r39_s375612_f703_conc', 'A2-B0-C2-r39_s375612_f703_disp', 'A2-B0-C2-r39_s375612_f703_libre']
[A2-B0-C2-batch3-r0_s471829_f703_conc] setup + run...
[A2-B0-C2-batch3-r0_s471829_f703_conc] ya tenía cosmog_00500 -- se salta
[A2-B0-C2-batch3-r0_s471829_f703_disj] setup + run...
[A2-B0-C2-batch3-r0_s471829_f703_disj] ya tenía cosmog_00500 -- se salta
[A2-B0-C2-batch3-r0_s471829_f703_disp] setup + run...
[A2-B0-C2-batch3-r0_s471829_f703_disp] ya tenía cosmog_00500 -- se salta
[A2-B0-C2-batch3-r0_s471829_f703_libre] setup + run...
[A2-B0-C2-batch3-r0_s471829_f703_libre] ya tenía cosmog_00500 -- se salta
[A2-B0-C2-batch3-r0_s471829_f703_solap] setup + run...
[A2-B0-C2-batch3-r0_s471829_f703_solap] ya tenía cosmog_00500 -- se salta
[A2-B0-C2-batch3-r60_s477649_f703_conc] setup + run...
[A2-B0-C2-batch3-r60_s477649_f703_conc] ya tenía cosmog_00500 -- se salta
[A2-B0-C2-batch3-r60_s477649_f703_disp] setup + run...
[A2-B0-C2-batch3-r60_s477649_f703_disp] ya tenía cosmog_00500 -- se salta
[A2-B0-C2-batch3-r60_s477649_f703_libre] setup + run...
[A2-B0-C2-batch3-r60_s477649_f703_libre] ya tenía cosmog_00500 -- se salta
[A2-B0-C2-batch4-r10_s572799_f703_conc] setup + run...
[A2-B0-C2-batch4-r10_s572799_f703_conc] ya tenía cosmog_00500 -- se salta
[A2-B0-C2-batch4-r10_s572799_f703_disp] setup + run...
[A2-B0-C2-batch4-r10_s572799_f703_disp] ya tenía cosmog_00500 -- se salta
[A2-B0-C2-batch4-r10_s572799_f703_libre] setup + run...
[A2-B0-C2-batch4-r10_s572799_f703_libre] ya tenía cosmog_00500 -- se salta
[A2-B0-C2-batch4-r36_s575321_f703_conc] setup + run...
[A2-B0-C2-batch4-r36_s575321_f703_conc] ya tenía cosmog_00500 -- se salta
[A2-B0-C2-batch4-r36_s575321_f703_disj] setup + run...
[A2-B0-C2-batch4-r36_s575321_f703_disj] ya tenía cosmog_00500 -- se salta
[A2-B0-C2-batch4-r36_s575321_f703_disp] setup + run...
[A2-B0-C2-batch4-r36_s575321_f703_disp] ya tenía cosmog_00500 -- se salta
[A2-B0-C2-batch4-r36_s575321_f703_libre] setup + run...
[A2-B0-C2-batch4-r36_s575321_f703_libre] ya tenía cosmog_00500 -- se salta
[A2-B0-C2-batch4-r36_s575321_f703_solap] setup + run...
[A2-B0-C2-batch4-r36_s575321_f703_solap] ya tenía cosmog_00500 -- se salta
[A2-B0-C2-r14_s273187_f703_conc] setup + run...
[A2-B0-C2-r14_s273187_f703_conc] ya tenía cosmog_00500 -- se salta
[A2-B0-C2-r14_s273187_f703_disj] setup + run...
[A2-B0-C2-r14_s273187_f703_disj] ya tenía cosmog_00500 -- se salta
[A2-B0-C2-r14_s273187_f703_disp] setup + run...
[A2-B0-C2-r14_s273187_f703_disp] ya tenía cosmog_00500 -- se salta
[A2-B0-C2-r14_s273187_f703_libre] setup + run...
[A2-B0-C2-r14_s273187_f703_libre] ya tenía cosmog_00500 -- se salta
[A2-B0-C2-r14_s273187_f703_solap] setup + run...
[A2-B0-C2-r14_s273187_f703_solap] ya tenía cosmog_00500 -- se salta
[A2-B0-C2-r17_s273478_f703_conc] setup + run...
[A2-B0-C2-r17_s273478_f703_conc] ya tenía cosmog_00500 -- se salta
[A2-B0-C2-r17_s273478_f703_disp] setup + run...
[A2-B0-C2-r17_s273478_f703_disp] ya tenía cosmog_00500 -- se salta
[A2-B0-C2-r17_s273478_f703_libre] setup + run...
[A2-B0-C2-r17_s273478_f703_libre] ya tenía cosmog_00500 -- se salta
[A2-B0-C2-r20_s373769_f703_conc] setup + run...
[A2-B0-C2-r20_s373769_f703_conc] ya tenía cosmog_00500 -- se salta
[A2-B0-C2-r20_s373769_f703_disj] setup + run...
[A2-B0-C2-r20_s373769_f703_disj] ya tenía cosmog_00500 -- se salta
[A2-B0-C2-r20_s373769_f703_disp] setup + run...
[A2-B0-C2-r20_s373769_f703_disp] ya tenía cosmog_00500 -- se salta
[A2-B0-C2-r20_s373769_f703_libre] setup + run...
[A2-B0-C2-r20_s373769_f703_libre] ya tenía cosmog_00500 -- se salta
[A2-B0-C2-r20_s373769_f703_solap] setup + run...
[A2-B0-C2-r20_s373769_f703_solap] ya tenía cosmog_00500 -- se salta
[A2-B0-C2-r39_s375612_f703_conc] setup + run...
[A2-B0-C2-r39_s375612_f703_conc] ya tenía cosmog_00500 -- se salta
[A2-B0-C2-r39_s375612_f703_disp] setup + run...
[A2-B0-C2-r39_s375612_f703_disp] exit_setup=0 t_setup=3.32s  exit_run=0 t_run=25.92s
[A2-B0-C2-r39_s375612_f703_libre] setup + run...
[A2-B0-C2-r39_s375612_f703_libre] ya tenía cosmog_00500 -- se salta

[TOTAL] tiempo script=29.3s
patron=*: 34 carpetas -> ['A2-B0-C2-batch3-r0_s471829_f703_conc', 'A2-B0-C2-batch3-r0_s471829_f703_disj', 'A2-B0-C2-batch3-r0_s471829_f703_disp', 'A2-B0-C2-batch3-r0_s471829_f703_libre', 'A2-B0-C2-batch3-r0_s471829_f703_solap', 'A2-B0-C2-batch3-r60_s477649_f703_conc', 'A2-B0-C2-batch3-r60_s477649_f703_disp', 'A2-B0-C2-batch3-r60_s477649_f703_libre', 'A2-B0-C2-batch3-r60_s477649_f703_solap', 'A2-B0-C2-batch4-r10_s572799_f703_conc', 'A2-B0-C2-batch4-r10_s572799_f703_disp', 'A2-B0-C2-batch4-r10_s572799_f703_libre', 'A2-B0-C2-batch4-r10_s572799_f703_solap', 'A2-B0-C2-batch4-r36_s575321_f703_conc', 'A2-B0-C2-batch4-r36_s575321_f703_disj', 'A2-B0-C2-batch4-r36_s575321_f703_disp', 'A2-B0-C2-batch4-r36_s575321_f703_libre', 'A2-B0-C2-batch4-r36_s575321_f703_solap', 'A2-B0-C2-r14_s273187_f703_conc', 'A2-B0-C2-r14_s273187_f703_disj', 'A2-B0-C2-r14_s273187_f703_disp', 'A2-B0-C2-r14_s273187_f703_libre', 'A2-B0-C2-r14_s273187_f703_solap', 'A2-B0-C2-r17_s273478_f703_conc', 'A2-B0-C2-r17_s273478_f703_disp', 'A2-B0-C2-r17_s273478_f703_libre', 'A2-B0-C2-r20_s373769_f703_conc', 'A2-B0-C2-r20_s373769_f703_disj', 'A2-B0-C2-r20_s373769_f703_disp', 'A2-B0-C2-r20_s373769_f703_libre', 'A2-B0-C2-r20_s373769_f703_solap', 'A2-B0-C2-r39_s375612_f703_conc', 'A2-B0-C2-r39_s375612_f703_disp', 'A2-B0-C2-r39_s375612_f703_libre']
[A2-B0-C2-batch3-r0_s471829_f703_conc] setup + run...
[A2-B0-C2-batch3-r0_s471829_f703_conc] ya tenía cosmog_00500 -- se salta
[A2-B0-C2-batch3-r0_s471829_f703_disj] setup + run...
[A2-B0-C2-batch3-r0_s471829_f703_disj] ya tenía cosmog_00500 -- se salta
[A2-B0-C2-batch3-r0_s471829_f703_disp] setup + run...
[A2-B0-C2-batch3-r0_s471829_f703_disp] ya tenía cosmog_00500 -- se salta
[A2-B0-C2-batch3-r0_s471829_f703_libre] setup + run...
[A2-B0-C2-batch3-r0_s471829_f703_libre] ya tenía cosmog_00500 -- se salta
[A2-B0-C2-batch3-r0_s471829_f703_solap] setup + run...
[A2-B0-C2-batch3-r0_s471829_f703_solap] ya tenía cosmog_00500 -- se salta
[A2-B0-C2-batch3-r60_s477649_f703_conc] setup + run...
[A2-B0-C2-batch3-r60_s477649_f703_conc] ya tenía cosmog_00500 -- se salta
[A2-B0-C2-batch3-r60_s477649_f703_disp] setup + run...
[A2-B0-C2-batch3-r60_s477649_f703_disp] ya tenía cosmog_00500 -- se salta
[A2-B0-C2-batch3-r60_s477649_f703_libre] setup + run...
[A2-B0-C2-batch3-r60_s477649_f703_libre] ya tenía cosmog_00500 -- se salta
[A2-B0-C2-batch3-r60_s477649_f703_solap] setup + run...
[A2-B0-C2-batch3-r60_s477649_f703_solap] exit_setup=0 t_setup=2.82s  exit_run=0 t_run=28.77s
[A2-B0-C2-batch4-r10_s572799_f703_conc] setup + run...
[A2-B0-C2-batch4-r10_s572799_f703_conc] ya tenía cosmog_00500 -- se salta
[A2-B0-C2-batch4-r10_s572799_f703_disp] setup + run...
[A2-B0-C2-batch4-r10_s572799_f703_disp] ya tenía cosmog_00500 -- se salta
[A2-B0-C2-batch4-r10_s572799_f703_libre] setup + run...
[A2-B0-C2-batch4-r10_s572799_f703_libre] ya tenía cosmog_00500 -- se salta
[A2-B0-C2-batch4-r10_s572799_f703_solap] setup + run...
[A2-B0-C2-batch4-r10_s572799_f703_solap] exit_setup=0 t_setup=2.94s  exit_run=0 t_run=27.68s
[A2-B0-C2-batch4-r36_s575321_f703_conc] setup + run...
[A2-B0-C2-batch4-r36_s575321_f703_conc] ya tenía cosmog_00500 -- se salta
[A2-B0-C2-batch4-r36_s575321_f703_disj] setup + run...
[A2-B0-C2-batch4-r36_s575321_f703_disj] ya tenía cosmog_00500 -- se salta
[A2-B0-C2-batch4-r36_s575321_f703_disp] setup + run...
[A2-B0-C2-batch4-r36_s575321_f703_disp] ya tenía cosmog_00500 -- se salta
[A2-B0-C2-batch4-r36_s575321_f703_libre] setup + run...
[A2-B0-C2-batch4-r36_s575321_f703_libre] ya tenía cosmog_00500 -- se salta
[A2-B0-C2-batch4-r36_s575321_f703_solap] setup + run...
[A2-B0-C2-batch4-r36_s575321_f703_solap] ya tenía cosmog_00500 -- se salta
[A2-B0-C2-r14_s273187_f703_conc] setup + run...
[A2-B0-C2-r14_s273187_f703_conc] ya tenía cosmog_00500 -- se salta
[A2-B0-C2-r14_s273187_f703_disj] setup + run...
[A2-B0-C2-r14_s273187_f703_disj] ya tenía cosmog_00500 -- se salta
[A2-B0-C2-r14_s273187_f703_disp] setup + run...
[A2-B0-C2-r14_s273187_f703_disp] ya tenía cosmog_00500 -- se salta
[A2-B0-C2-r14_s273187_f703_libre] setup + run...
[A2-B0-C2-r14_s273187_f703_libre] ya tenía cosmog_00500 -- se salta
[A2-B0-C2-r14_s273187_f703_solap] setup + run...
[A2-B0-C2-r14_s273187_f703_solap] ya tenía cosmog_00500 -- se salta
[A2-B0-C2-r17_s273478_f703_conc] setup + run...
[A2-B0-C2-r17_s273478_f703_conc] ya tenía cosmog_00500 -- se salta
[A2-B0-C2-r17_s273478_f703_disp] setup + run...
[A2-B0-C2-r17_s273478_f703_disp] ya tenía cosmog_00500 -- se salta
[A2-B0-C2-r17_s273478_f703_libre] setup + run...
[A2-B0-C2-r17_s273478_f703_libre] ya tenía cosmog_00500 -- se salta
[A2-B0-C2-r20_s373769_f703_conc] setup + run...
[A2-B0-C2-r20_s373769_f703_conc] ya tenía cosmog_00500 -- se salta
[A2-B0-C2-r20_s373769_f703_disj] setup + run...
[A2-B0-C2-r20_s373769_f703_disj] ya tenía cosmog_00500 -- se salta
[A2-B0-C2-r20_s373769_f703_disp] setup + run...
[A2-B0-C2-r20_s373769_f703_disp] ya tenía cosmog_00500 -- se salta
[A2-B0-C2-r20_s373769_f703_libre] setup + run...
[A2-B0-C2-r20_s373769_f703_libre] ya tenía cosmog_00500 -- se salta
[A2-B0-C2-r20_s373769_f703_solap] setup + run...
[A2-B0-C2-r20_s373769_f703_solap] ya tenía cosmog_00500 -- se salta
[A2-B0-C2-r39_s375612_f703_conc] setup + run...
[A2-B0-C2-r39_s375612_f703_conc] ya tenía cosmog_00500 -- se salta
[A2-B0-C2-r39_s375612_f703_disp] setup + run...
[A2-B0-C2-r39_s375612_f703_disp] ya tenía cosmog_00500 -- se salta
[A2-B0-C2-r39_s375612_f703_libre] setup + run...
[A2-B0-C2-r39_s375612_f703_libre] ya tenía cosmog_00500 -- se salta

[TOTAL] tiempo script=62.2s
patron=*: 36 carpetas -> ['A2-B0-C2-batch3-r0_s471829_f703_conc', 'A2-B0-C2-batch3-r0_s471829_f703_disj', 'A2-B0-C2-batch3-r0_s471829_f703_disp', 'A2-B0-C2-batch3-r0_s471829_f703_libre', 'A2-B0-C2-batch3-r0_s471829_f703_solap', 'A2-B0-C2-batch3-r60_s477649_f703_conc', 'A2-B0-C2-batch3-r60_s477649_f703_disp', 'A2-B0-C2-batch3-r60_s477649_f703_libre', 'A2-B0-C2-batch3-r60_s477649_f703_solap', 'A2-B0-C2-batch4-r10_s572799_f703_conc', 'A2-B0-C2-batch4-r10_s572799_f703_disp', 'A2-B0-C2-batch4-r10_s572799_f703_libre', 'A2-B0-C2-batch4-r10_s572799_f703_solap', 'A2-B0-C2-batch4-r36_s575321_f703_conc', 'A2-B0-C2-batch4-r36_s575321_f703_disj', 'A2-B0-C2-batch4-r36_s575321_f703_disp', 'A2-B0-C2-batch4-r36_s575321_f703_libre', 'A2-B0-C2-batch4-r36_s575321_f703_solap', 'A2-B0-C2-r14_s273187_f703_conc', 'A2-B0-C2-r14_s273187_f703_disj', 'A2-B0-C2-r14_s273187_f703_disp', 'A2-B0-C2-r14_s273187_f703_libre', 'A2-B0-C2-r14_s273187_f703_solap', 'A2-B0-C2-r17_s273478_f703_conc', 'A2-B0-C2-r17_s273478_f703_disp', 'A2-B0-C2-r17_s273478_f703_libre', 'A2-B0-C2-r17_s273478_f703_solap', 'A2-B0-C2-r20_s373769_f703_conc', 'A2-B0-C2-r20_s373769_f703_disj', 'A2-B0-C2-r20_s373769_f703_disp', 'A2-B0-C2-r20_s373769_f703_libre', 'A2-B0-C2-r20_s373769_f703_solap', 'A2-B0-C2-r39_s375612_f703_conc', 'A2-B0-C2-r39_s375612_f703_disp', 'A2-B0-C2-r39_s375612_f703_libre', 'A2-B0-C2-r39_s375612_f703_solap']
[A2-B0-C2-batch3-r0_s471829_f703_conc] setup + run...
[A2-B0-C2-batch3-r0_s471829_f703_conc] ya tenía cosmog_00500 -- se salta
[A2-B0-C2-batch3-r0_s471829_f703_disj] setup + run...
[A2-B0-C2-batch3-r0_s471829_f703_disj] ya tenía cosmog_00500 -- se salta
[A2-B0-C2-batch3-r0_s471829_f703_disp] setup + run...
[A2-B0-C2-batch3-r0_s471829_f703_disp] ya tenía cosmog_00500 -- se salta
[A2-B0-C2-batch3-r0_s471829_f703_libre] setup + run...
[A2-B0-C2-batch3-r0_s471829_f703_libre] ya tenía cosmog_00500 -- se salta
[A2-B0-C2-batch3-r0_s471829_f703_solap] setup + run...
[A2-B0-C2-batch3-r0_s471829_f703_solap] ya tenía cosmog_00500 -- se salta
[A2-B0-C2-batch3-r60_s477649_f703_conc] setup + run...
[A2-B0-C2-batch3-r60_s477649_f703_conc] ya tenía cosmog_00500 -- se salta
[A2-B0-C2-batch3-r60_s477649_f703_disp] setup + run...
[A2-B0-C2-batch3-r60_s477649_f703_disp] ya tenía cosmog_00500 -- se salta
[A2-B0-C2-batch3-r60_s477649_f703_libre] setup + run...
[A2-B0-C2-batch3-r60_s477649_f703_libre] ya tenía cosmog_00500 -- se salta
[A2-B0-C2-batch3-r60_s477649_f703_solap] setup + run...
[A2-B0-C2-batch3-r60_s477649_f703_solap] ya tenía cosmog_00500 -- se salta
[A2-B0-C2-batch4-r10_s572799_f703_conc] setup + run...
[A2-B0-C2-batch4-r10_s572799_f703_conc] ya tenía cosmog_00500 -- se salta
[A2-B0-C2-batch4-r10_s572799_f703_disp] setup + run...
[A2-B0-C2-batch4-r10_s572799_f703_disp] ya tenía cosmog_00500 -- se salta
[A2-B0-C2-batch4-r10_s572799_f703_libre] setup + run...
[A2-B0-C2-batch4-r10_s572799_f703_libre] ya tenía cosmog_00500 -- se salta
[A2-B0-C2-batch4-r10_s572799_f703_solap] setup + run...
[A2-B0-C2-batch4-r10_s572799_f703_solap] ya tenía cosmog_00500 -- se salta
[A2-B0-C2-batch4-r36_s575321_f703_conc] setup + run...
[A2-B0-C2-batch4-r36_s575321_f703_conc] ya tenía cosmog_00500 -- se salta
[A2-B0-C2-batch4-r36_s575321_f703_disj] setup + run...
[A2-B0-C2-batch4-r36_s575321_f703_disj] ya tenía cosmog_00500 -- se salta
[A2-B0-C2-batch4-r36_s575321_f703_disp] setup + run...
[A2-B0-C2-batch4-r36_s575321_f703_disp] ya tenía cosmog_00500 -- se salta
[A2-B0-C2-batch4-r36_s575321_f703_libre] setup + run...
[A2-B0-C2-batch4-r36_s575321_f703_libre] ya tenía cosmog_00500 -- se salta
[A2-B0-C2-batch4-r36_s575321_f703_solap] setup + run...
[A2-B0-C2-batch4-r36_s575321_f703_solap] ya tenía cosmog_00500 -- se salta
[A2-B0-C2-r14_s273187_f703_conc] setup + run...
[A2-B0-C2-r14_s273187_f703_conc] ya tenía cosmog_00500 -- se salta
[A2-B0-C2-r14_s273187_f703_disj] setup + run...
[A2-B0-C2-r14_s273187_f703_disj] ya tenía cosmog_00500 -- se salta
[A2-B0-C2-r14_s273187_f703_disp] setup + run...
[A2-B0-C2-r14_s273187_f703_disp] ya tenía cosmog_00500 -- se salta
[A2-B0-C2-r14_s273187_f703_libre] setup + run...
[A2-B0-C2-r14_s273187_f703_libre] ya tenía cosmog_00500 -- se salta
[A2-B0-C2-r14_s273187_f703_solap] setup + run...
[A2-B0-C2-r14_s273187_f703_solap] ya tenía cosmog_00500 -- se salta
[A2-B0-C2-r17_s273478_f703_conc] setup + run...
[A2-B0-C2-r17_s273478_f703_conc] ya tenía cosmog_00500 -- se salta
[A2-B0-C2-r17_s273478_f703_disp] setup + run...
[A2-B0-C2-r17_s273478_f703_disp] ya tenía cosmog_00500 -- se salta
[A2-B0-C2-r17_s273478_f703_libre] setup + run...
[A2-B0-C2-r17_s273478_f703_libre] ya tenía cosmog_00500 -- se salta
[A2-B0-C2-r17_s273478_f703_solap] setup + run...
[A2-B0-C2-r17_s273478_f703_solap] exit_setup=0 t_setup=1.54s  exit_run=0 t_run=18.59s
[A2-B0-C2-r20_s373769_f703_conc] setup + run...
[A2-B0-C2-r20_s373769_f703_conc] ya tenía cosmog_00500 -- se salta
[A2-B0-C2-r20_s373769_f703_disj] setup + run...
[A2-B0-C2-r20_s373769_f703_disj] ya tenía cosmog_00500 -- se salta
[A2-B0-C2-r20_s373769_f703_disp] setup + run...
[A2-B0-C2-r20_s373769_f703_disp] ya tenía cosmog_00500 -- se salta
[A2-B0-C2-r20_s373769_f703_libre] setup + run...
[A2-B0-C2-r20_s373769_f703_libre] ya tenía cosmog_00500 -- se salta
[A2-B0-C2-r20_s373769_f703_solap] setup + run...
[A2-B0-C2-r20_s373769_f703_solap] ya tenía cosmog_00500 -- se salta
[A2-B0-C2-r39_s375612_f703_conc] setup + run...
[A2-B0-C2-r39_s375612_f703_conc] ya tenía cosmog_00500 -- se salta
[A2-B0-C2-r39_s375612_f703_disp] setup + run...
[A2-B0-C2-r39_s375612_f703_disp] ya tenía cosmog_00500 -- se salta
[A2-B0-C2-r39_s375612_f703_libre] setup + run...
[A2-B0-C2-r39_s375612_f703_libre] ya tenía cosmog_00500 -- se salta
[A2-B0-C2-r39_s375612_f703_solap] setup + run...
[A2-B0-C2-r39_s375612_f703_solap] exit_setup=0 t_setup=1.71s  exit_run=0 t_run=18.68s

[TOTAL] tiempo script=40.5s
patron=*: 39 carpetas -> ['A2-B0-C2-batch3-r0_s471829_f703_conc', 'A2-B0-C2-batch3-r0_s471829_f703_disj', 'A2-B0-C2-batch3-r0_s471829_f703_disp', 'A2-B0-C2-batch3-r0_s471829_f703_libre', 'A2-B0-C2-batch3-r0_s471829_f703_solap', 'A2-B0-C2-batch3-r60_s477649_f703_conc', 'A2-B0-C2-batch3-r60_s477649_f703_disj', 'A2-B0-C2-batch3-r60_s477649_f703_disp', 'A2-B0-C2-batch3-r60_s477649_f703_libre', 'A2-B0-C2-batch3-r60_s477649_f703_solap', 'A2-B0-C2-batch4-r10_s572799_f703_conc', 'A2-B0-C2-batch4-r10_s572799_f703_disj', 'A2-B0-C2-batch4-r10_s572799_f703_disp', 'A2-B0-C2-batch4-r10_s572799_f703_libre', 'A2-B0-C2-batch4-r10_s572799_f703_solap', 'A2-B0-C2-batch4-r36_s575321_f703_conc', 'A2-B0-C2-batch4-r36_s575321_f703_disj', 'A2-B0-C2-batch4-r36_s575321_f703_disp', 'A2-B0-C2-batch4-r36_s575321_f703_libre', 'A2-B0-C2-batch4-r36_s575321_f703_solap', 'A2-B0-C2-r14_s273187_f703_conc', 'A2-B0-C2-r14_s273187_f703_disj', 'A2-B0-C2-r14_s273187_f703_disp', 'A2-B0-C2-r14_s273187_f703_libre', 'A2-B0-C2-r14_s273187_f703_solap', 'A2-B0-C2-r17_s273478_f703_conc', 'A2-B0-C2-r17_s273478_f703_disj', 'A2-B0-C2-r17_s273478_f703_disp', 'A2-B0-C2-r17_s273478_f703_libre', 'A2-B0-C2-r17_s273478_f703_solap', 'A2-B0-C2-r20_s373769_f703_conc', 'A2-B0-C2-r20_s373769_f703_disj', 'A2-B0-C2-r20_s373769_f703_disp', 'A2-B0-C2-r20_s373769_f703_libre', 'A2-B0-C2-r20_s373769_f703_solap', 'A2-B0-C2-r39_s375612_f703_conc', 'A2-B0-C2-r39_s375612_f703_disp', 'A2-B0-C2-r39_s375612_f703_libre', 'A2-B0-C2-r39_s375612_f703_solap']
[A2-B0-C2-batch3-r0_s471829_f703_conc] setup + run...
[A2-B0-C2-batch3-r0_s471829_f703_conc] ya tenía cosmog_00500 -- se salta
[A2-B0-C2-batch3-r0_s471829_f703_disj] setup + run...
[A2-B0-C2-batch3-r0_s471829_f703_disj] ya tenía cosmog_00500 -- se salta
[A2-B0-C2-batch3-r0_s471829_f703_disp] setup + run...
[A2-B0-C2-batch3-r0_s471829_f703_disp] ya tenía cosmog_00500 -- se salta
[A2-B0-C2-batch3-r0_s471829_f703_libre] setup + run...
[A2-B0-C2-batch3-r0_s471829_f703_libre] ya tenía cosmog_00500 -- se salta
[A2-B0-C2-batch3-r0_s471829_f703_solap] setup + run...
[A2-B0-C2-batch3-r0_s471829_f703_solap] ya tenía cosmog_00500 -- se salta
[A2-B0-C2-batch3-r60_s477649_f703_conc] setup + run...
[A2-B0-C2-batch3-r60_s477649_f703_conc] ya tenía cosmog_00500 -- se salta
[A2-B0-C2-batch3-r60_s477649_f703_disj] setup + run...
[A2-B0-C2-batch3-r60_s477649_f703_disj] exit_setup=0 t_setup=1.61s  exit_run=0 t_run=17.05s
[A2-B0-C2-batch3-r60_s477649_f703_disp] setup + run...
[A2-B0-C2-batch3-r60_s477649_f703_disp] ya tenía cosmog_00500 -- se salta
[A2-B0-C2-batch3-r60_s477649_f703_libre] setup + run...
[A2-B0-C2-batch3-r60_s477649_f703_libre] ya tenía cosmog_00500 -- se salta
[A2-B0-C2-batch3-r60_s477649_f703_solap] setup + run...
[A2-B0-C2-batch3-r60_s477649_f703_solap] ya tenía cosmog_00500 -- se salta
[A2-B0-C2-batch4-r10_s572799_f703_conc] setup + run...
[A2-B0-C2-batch4-r10_s572799_f703_conc] ya tenía cosmog_00500 -- se salta
[A2-B0-C2-batch4-r10_s572799_f703_disj] setup + run...
[A2-B0-C2-batch4-r10_s572799_f703_disj] exit_setup=0 t_setup=1.28s  exit_run=0 t_run=17.04s
[A2-B0-C2-batch4-r10_s572799_f703_disp] setup + run...
[A2-B0-C2-batch4-r10_s572799_f703_disp] ya tenía cosmog_00500 -- se salta
[A2-B0-C2-batch4-r10_s572799_f703_libre] setup + run...
[A2-B0-C2-batch4-r10_s572799_f703_libre] ya tenía cosmog_00500 -- se salta
[A2-B0-C2-batch4-r10_s572799_f703_solap] setup + run...
[A2-B0-C2-batch4-r10_s572799_f703_solap] ya tenía cosmog_00500 -- se salta
[A2-B0-C2-batch4-r36_s575321_f703_conc] setup + run...
[A2-B0-C2-batch4-r36_s575321_f703_conc] ya tenía cosmog_00500 -- se salta
[A2-B0-C2-batch4-r36_s575321_f703_disj] setup + run...
[A2-B0-C2-batch4-r36_s575321_f703_disj] ya tenía cosmog_00500 -- se salta
[A2-B0-C2-batch4-r36_s575321_f703_disp] setup + run...
[A2-B0-C2-batch4-r36_s575321_f703_disp] ya tenía cosmog_00500 -- se salta
[A2-B0-C2-batch4-r36_s575321_f703_libre] setup + run...
[A2-B0-C2-batch4-r36_s575321_f703_libre] ya tenía cosmog_00500 -- se salta
[A2-B0-C2-batch4-r36_s575321_f703_solap] setup + run...
[A2-B0-C2-batch4-r36_s575321_f703_solap] ya tenía cosmog_00500 -- se salta
[A2-B0-C2-r14_s273187_f703_conc] setup + run...
[A2-B0-C2-r14_s273187_f703_conc] ya tenía cosmog_00500 -- se salta
[A2-B0-C2-r14_s273187_f703_disj] setup + run...
[A2-B0-C2-r14_s273187_f703_disj] ya tenía cosmog_00500 -- se salta
[A2-B0-C2-r14_s273187_f703_disp] setup + run...
[A2-B0-C2-r14_s273187_f703_disp] ya tenía cosmog_00500 -- se salta
[A2-B0-C2-r14_s273187_f703_libre] setup + run...
[A2-B0-C2-r14_s273187_f703_libre] ya tenía cosmog_00500 -- se salta
[A2-B0-C2-r14_s273187_f703_solap] setup + run...
[A2-B0-C2-r14_s273187_f703_solap] ya tenía cosmog_00500 -- se salta
[A2-B0-C2-r17_s273478_f703_conc] setup + run...
[A2-B0-C2-r17_s273478_f703_conc] ya tenía cosmog_00500 -- se salta
[A2-B0-C2-r17_s273478_f703_disj] setup + run...
[A2-B0-C2-r17_s273478_f703_disj] exit_setup=0 t_setup=1.14s  exit_run=0 t_run=14.8s
[A2-B0-C2-r17_s273478_f703_disp] setup + run...
[A2-B0-C2-r17_s273478_f703_disp] ya tenía cosmog_00500 -- se salta
[A2-B0-C2-r17_s273478_f703_libre] setup + run...
[A2-B0-C2-r17_s273478_f703_libre] ya tenía cosmog_00500 -- se salta
[A2-B0-C2-r17_s273478_f703_solap] setup + run...
[A2-B0-C2-r17_s273478_f703_solap] ya tenía cosmog_00500 -- se salta
[A2-B0-C2-r20_s373769_f703_conc] setup + run...
[A2-B0-C2-r20_s373769_f703_conc] ya tenía cosmog_00500 -- se salta
[A2-B0-C2-r20_s373769_f703_disj] setup + run...
[A2-B0-C2-r20_s373769_f703_disj] ya tenía cosmog_00500 -- se salta
[A2-B0-C2-r20_s373769_f703_disp] setup + run...
[A2-B0-C2-r20_s373769_f703_disp] ya tenía cosmog_00500 -- se salta
[A2-B0-C2-r20_s373769_f703_libre] setup + run...
[A2-B0-C2-r20_s373769_f703_libre] ya tenía cosmog_00500 -- se salta
[A2-B0-C2-r20_s373769_f703_solap] setup + run...
[A2-B0-C2-r20_s373769_f703_solap] ya tenía cosmog_00500 -- se salta
[A2-B0-C2-r39_s375612_f703_conc] setup + run...
[A2-B0-C2-r39_s375612_f703_conc] ya tenía cosmog_00500 -- se salta
[A2-B0-C2-r39_s375612_f703_disp] setup + run...
[A2-B0-C2-r39_s375612_f703_disp] ya tenía cosmog_00500 -- se salta
[A2-B0-C2-r39_s375612_f703_libre] setup + run...
[A2-B0-C2-r39_s375612_f703_libre] ya tenía cosmog_00500 -- se salta
[A2-B0-C2-r39_s375612_f703_solap] setup + run...
[A2-B0-C2-r39_s375612_f703_solap] ya tenía cosmog_00500 -- se salta

[TOTAL] tiempo script=52.9s
patron=*: 40 carpetas -> ['A2-B0-C2-batch3-r0_s471829_f703_conc', 'A2-B0-C2-batch3-r0_s471829_f703_disj', 'A2-B0-C2-batch3-r0_s471829_f703_disp', 'A2-B0-C2-batch3-r0_s471829_f703_libre', 'A2-B0-C2-batch3-r0_s471829_f703_solap', 'A2-B0-C2-batch3-r60_s477649_f703_conc', 'A2-B0-C2-batch3-r60_s477649_f703_disj', 'A2-B0-C2-batch3-r60_s477649_f703_disp', 'A2-B0-C2-batch3-r60_s477649_f703_libre', 'A2-B0-C2-batch3-r60_s477649_f703_solap', 'A2-B0-C2-batch4-r10_s572799_f703_conc', 'A2-B0-C2-batch4-r10_s572799_f703_disj', 'A2-B0-C2-batch4-r10_s572799_f703_disp', 'A2-B0-C2-batch4-r10_s572799_f703_libre', 'A2-B0-C2-batch4-r10_s572799_f703_solap', 'A2-B0-C2-batch4-r36_s575321_f703_conc', 'A2-B0-C2-batch4-r36_s575321_f703_disj', 'A2-B0-C2-batch4-r36_s575321_f703_disp', 'A2-B0-C2-batch4-r36_s575321_f703_libre', 'A2-B0-C2-batch4-r36_s575321_f703_solap', 'A2-B0-C2-r14_s273187_f703_conc', 'A2-B0-C2-r14_s273187_f703_disj', 'A2-B0-C2-r14_s273187_f703_disp', 'A2-B0-C2-r14_s273187_f703_libre', 'A2-B0-C2-r14_s273187_f703_solap', 'A2-B0-C2-r17_s273478_f703_conc', 'A2-B0-C2-r17_s273478_f703_disj', 'A2-B0-C2-r17_s273478_f703_disp', 'A2-B0-C2-r17_s273478_f703_libre', 'A2-B0-C2-r17_s273478_f703_solap', 'A2-B0-C2-r20_s373769_f703_conc', 'A2-B0-C2-r20_s373769_f703_disj', 'A2-B0-C2-r20_s373769_f703_disp', 'A2-B0-C2-r20_s373769_f703_libre', 'A2-B0-C2-r20_s373769_f703_solap', 'A2-B0-C2-r39_s375612_f703_conc', 'A2-B0-C2-r39_s375612_f703_disj', 'A2-B0-C2-r39_s375612_f703_disp', 'A2-B0-C2-r39_s375612_f703_libre', 'A2-B0-C2-r39_s375612_f703_solap']
[A2-B0-C2-batch3-r0_s471829_f703_conc] setup + run...
[A2-B0-C2-batch3-r0_s471829_f703_conc] ya tenía cosmog_00500 -- se salta
[A2-B0-C2-batch3-r0_s471829_f703_disj] setup + run...
[A2-B0-C2-batch3-r0_s471829_f703_disj] ya tenía cosmog_00500 -- se salta
[A2-B0-C2-batch3-r0_s471829_f703_disp] setup + run...
[A2-B0-C2-batch3-r0_s471829_f703_disp] ya tenía cosmog_00500 -- se salta
[A2-B0-C2-batch3-r0_s471829_f703_libre] setup + run...
[A2-B0-C2-batch3-r0_s471829_f703_libre] ya tenía cosmog_00500 -- se salta
[A2-B0-C2-batch3-r0_s471829_f703_solap] setup + run...
[A2-B0-C2-batch3-r0_s471829_f703_solap] ya tenía cosmog_00500 -- se salta
[A2-B0-C2-batch3-r60_s477649_f703_conc] setup + run...
[A2-B0-C2-batch3-r60_s477649_f703_conc] ya tenía cosmog_00500 -- se salta
[A2-B0-C2-batch3-r60_s477649_f703_disj] setup + run...
[A2-B0-C2-batch3-r60_s477649_f703_disj] ya tenía cosmog_00500 -- se salta
[A2-B0-C2-batch3-r60_s477649_f703_disp] setup + run...
[A2-B0-C2-batch3-r60_s477649_f703_disp] ya tenía cosmog_00500 -- se salta
[A2-B0-C2-batch3-r60_s477649_f703_libre] setup + run...
[A2-B0-C2-batch3-r60_s477649_f703_libre] ya tenía cosmog_00500 -- se salta
[A2-B0-C2-batch3-r60_s477649_f703_solap] setup + run...
[A2-B0-C2-batch3-r60_s477649_f703_solap] ya tenía cosmog_00500 -- se salta
[A2-B0-C2-batch4-r10_s572799_f703_conc] setup + run...
[A2-B0-C2-batch4-r10_s572799_f703_conc] ya tenía cosmog_00500 -- se salta
[A2-B0-C2-batch4-r10_s572799_f703_disj] setup + run...
[A2-B0-C2-batch4-r10_s572799_f703_disj] ya tenía cosmog_00500 -- se salta
[A2-B0-C2-batch4-r10_s572799_f703_disp] setup + run...
[A2-B0-C2-batch4-r10_s572799_f703_disp] ya tenía cosmog_00500 -- se salta
[A2-B0-C2-batch4-r10_s572799_f703_libre] setup + run...
[A2-B0-C2-batch4-r10_s572799_f703_libre] ya tenía cosmog_00500 -- se salta
[A2-B0-C2-batch4-r10_s572799_f703_solap] setup + run...
[A2-B0-C2-batch4-r10_s572799_f703_solap] ya tenía cosmog_00500 -- se salta
[A2-B0-C2-batch4-r36_s575321_f703_conc] setup + run...
[A2-B0-C2-batch4-r36_s575321_f703_conc] ya tenía cosmog_00500 -- se salta
[A2-B0-C2-batch4-r36_s575321_f703_disj] setup + run...
[A2-B0-C2-batch4-r36_s575321_f703_disj] ya tenía cosmog_00500 -- se salta
[A2-B0-C2-batch4-r36_s575321_f703_disp] setup + run...
[A2-B0-C2-batch4-r36_s575321_f703_disp] ya tenía cosmog_00500 -- se salta
[A2-B0-C2-batch4-r36_s575321_f703_libre] setup + run...
[A2-B0-C2-batch4-r36_s575321_f703_libre] ya tenía cosmog_00500 -- se salta
[A2-B0-C2-batch4-r36_s575321_f703_solap] setup + run...
[A2-B0-C2-batch4-r36_s575321_f703_solap] ya tenía cosmog_00500 -- se salta
[A2-B0-C2-r14_s273187_f703_conc] setup + run...
[A2-B0-C2-r14_s273187_f703_conc] ya tenía cosmog_00500 -- se salta
[A2-B0-C2-r14_s273187_f703_disj] setup + run...
[A2-B0-C2-r14_s273187_f703_disj] ya tenía cosmog_00500 -- se salta
[A2-B0-C2-r14_s273187_f703_disp] setup + run...
[A2-B0-C2-r14_s273187_f703_disp] ya tenía cosmog_00500 -- se salta
[A2-B0-C2-r14_s273187_f703_libre] setup + run...
[A2-B0-C2-r14_s273187_f703_libre] ya tenía cosmog_00500 -- se salta
[A2-B0-C2-r14_s273187_f703_solap] setup + run...
[A2-B0-C2-r14_s273187_f703_solap] ya tenía cosmog_00500 -- se salta
[A2-B0-C2-r17_s273478_f703_conc] setup + run...
[A2-B0-C2-r17_s273478_f703_conc] ya tenía cosmog_00500 -- se salta
[A2-B0-C2-r17_s273478_f703_disj] setup + run...
[A2-B0-C2-r17_s273478_f703_disj] ya tenía cosmog_00500 -- se salta
[A2-B0-C2-r17_s273478_f703_disp] setup + run...
[A2-B0-C2-r17_s273478_f703_disp] ya tenía cosmog_00500 -- se salta
[A2-B0-C2-r17_s273478_f703_libre] setup + run...
[A2-B0-C2-r17_s273478_f703_libre] ya tenía cosmog_00500 -- se salta
[A2-B0-C2-r17_s273478_f703_solap] setup + run...
[A2-B0-C2-r17_s273478_f703_solap] ya tenía cosmog_00500 -- se salta
[A2-B0-C2-r20_s373769_f703_conc] setup + run...
[A2-B0-C2-r20_s373769_f703_conc] ya tenía cosmog_00500 -- se salta
[A2-B0-C2-r20_s373769_f703_disj] setup + run...
[A2-B0-C2-r20_s373769_f703_disj] ya tenía cosmog_00500 -- se salta
[A2-B0-C2-r20_s373769_f703_disp] setup + run...
[A2-B0-C2-r20_s373769_f703_disp] ya tenía cosmog_00500 -- se salta
[A2-B0-C2-r20_s373769_f703_libre] setup + run...
[A2-B0-C2-r20_s373769_f703_libre] ya tenía cosmog_00500 -- se salta
[A2-B0-C2-r20_s373769_f703_solap] setup + run...
[A2-B0-C2-r20_s373769_f703_solap] ya tenía cosmog_00500 -- se salta
[A2-B0-C2-r39_s375612_f703_conc] setup + run...
[A2-B0-C2-r39_s375612_f703_conc] ya tenía cosmog_00500 -- se salta
[A2-B0-C2-r39_s375612_f703_disj] setup + run...
[A2-B0-C2-r39_s375612_f703_disj] exit_setup=0 t_setup=1.24s  exit_run=0 t_run=15.06s
[A2-B0-C2-r39_s375612_f703_disp] setup + run...
[A2-B0-C2-r39_s375612_f703_disp] ya tenía cosmog_00500 -- se salta
[A2-B0-C2-r39_s375612_f703_libre] setup + run...
[A2-B0-C2-r39_s375612_f703_libre] ya tenía cosmog_00500 -- se salta
[A2-B0-C2-r39_s375612_f703_solap] setup + run...
[A2-B0-C2-r39_s375612_f703_solap] ya tenía cosmog_00500 -- se salta

[TOTAL] tiempo script=16.3s
patron=*: 42 carpetas -> ['A2-B0-C2-batch3-r0_s471829_f703_conc', 'A2-B0-C2-batch3-r0_s471829_f703_disj', 'A2-B0-C2-batch3-r0_s471829_f703_disp', 'A2-B0-C2-batch3-r0_s471829_f703_libre', 'A2-B0-C2-batch3-r0_s471829_f703_solap', 'A2-B0-C2-batch3-r111_s482596_f703_libre', 'A2-B0-C2-batch3-r60_s477649_f703_conc', 'A2-B0-C2-batch3-r60_s477649_f703_disj', 'A2-B0-C2-batch3-r60_s477649_f703_disp', 'A2-B0-C2-batch3-r60_s477649_f703_libre', 'A2-B0-C2-batch3-r60_s477649_f703_solap', 'A2-B0-C2-batch4-r10_s572799_f703_conc', 'A2-B0-C2-batch4-r10_s572799_f703_disj', 'A2-B0-C2-batch4-r10_s572799_f703_disp', 'A2-B0-C2-batch4-r10_s572799_f703_libre', 'A2-B0-C2-batch4-r10_s572799_f703_solap', 'A2-B0-C2-batch4-r36_s575321_f703_conc', 'A2-B0-C2-batch4-r36_s575321_f703_disj', 'A2-B0-C2-batch4-r36_s575321_f703_disp', 'A2-B0-C2-batch4-r36_s575321_f703_libre', 'A2-B0-C2-batch4-r36_s575321_f703_solap', 'A2-B0-C2-batch4-r62_s577843_f703_libre', 'A2-B0-C2-r14_s273187_f703_conc', 'A2-B0-C2-r14_s273187_f703_disj', 'A2-B0-C2-r14_s273187_f703_disp', 'A2-B0-C2-r14_s273187_f703_libre', 'A2-B0-C2-r14_s273187_f703_solap', 'A2-B0-C2-r17_s273478_f703_conc', 'A2-B0-C2-r17_s273478_f703_disj', 'A2-B0-C2-r17_s273478_f703_disp', 'A2-B0-C2-r17_s273478_f703_libre', 'A2-B0-C2-r17_s273478_f703_solap', 'A2-B0-C2-r20_s373769_f703_conc', 'A2-B0-C2-r20_s373769_f703_disj', 'A2-B0-C2-r20_s373769_f703_disp', 'A2-B0-C2-r20_s373769_f703_libre', 'A2-B0-C2-r20_s373769_f703_solap', 'A2-B0-C2-r39_s375612_f703_conc', 'A2-B0-C2-r39_s375612_f703_disj', 'A2-B0-C2-r39_s375612_f703_disp', 'A2-B0-C2-r39_s375612_f703_libre', 'A2-B0-C2-r39_s375612_f703_solap']
[A2-B0-C2-batch3-r0_s471829_f703_conc] setup + run...
[A2-B0-C2-batch3-r0_s471829_f703_conc] ya tenía cosmog_00500 -- se salta
[A2-B0-C2-batch3-r0_s471829_f703_disj] setup + run...
[A2-B0-C2-batch3-r0_s471829_f703_disj] ya tenía cosmog_00500 -- se salta
[A2-B0-C2-batch3-r0_s471829_f703_disp] setup + run...
[A2-B0-C2-batch3-r0_s471829_f703_disp] ya tenía cosmog_00500 -- se salta
[A2-B0-C2-batch3-r0_s471829_f703_libre] setup + run...
[A2-B0-C2-batch3-r0_s471829_f703_libre] ya tenía cosmog_00500 -- se salta
[A2-B0-C2-batch3-r0_s471829_f703_solap] setup + run...
[A2-B0-C2-batch3-r0_s471829_f703_solap] ya tenía cosmog_00500 -- se salta
[A2-B0-C2-batch3-r111_s482596_f703_libre] setup + run...
[A2-B0-C2-batch3-r111_s482596_f703_libre] exit_setup=0 t_setup=1.26s  exit_run=0 t_run=15.76s
[A2-B0-C2-batch3-r60_s477649_f703_conc] setup + run...
[A2-B0-C2-batch3-r60_s477649_f703_conc] ya tenía cosmog_00500 -- se salta
[A2-B0-C2-batch3-r60_s477649_f703_disj] setup + run...
[A2-B0-C2-batch3-r60_s477649_f703_disj] ya tenía cosmog_00500 -- se salta
[A2-B0-C2-batch3-r60_s477649_f703_disp] setup + run...
[A2-B0-C2-batch3-r60_s477649_f703_disp] ya tenía cosmog_00500 -- se salta
[A2-B0-C2-batch3-r60_s477649_f703_libre] setup + run...
[A2-B0-C2-batch3-r60_s477649_f703_libre] ya tenía cosmog_00500 -- se salta
[A2-B0-C2-batch3-r60_s477649_f703_solap] setup + run...
[A2-B0-C2-batch3-r60_s477649_f703_solap] ya tenía cosmog_00500 -- se salta
[A2-B0-C2-batch4-r10_s572799_f703_conc] setup + run...
[A2-B0-C2-batch4-r10_s572799_f703_conc] ya tenía cosmog_00500 -- se salta
[A2-B0-C2-batch4-r10_s572799_f703_disj] setup + run...
[A2-B0-C2-batch4-r10_s572799_f703_disj] ya tenía cosmog_00500 -- se salta
[A2-B0-C2-batch4-r10_s572799_f703_disp] setup + run...
[A2-B0-C2-batch4-r10_s572799_f703_disp] ya tenía cosmog_00500 -- se salta
[A2-B0-C2-batch4-r10_s572799_f703_libre] setup + run...
[A2-B0-C2-batch4-r10_s572799_f703_libre] ya tenía cosmog_00500 -- se salta
[A2-B0-C2-batch4-r10_s572799_f703_solap] setup + run...
[A2-B0-C2-batch4-r10_s572799_f703_solap] ya tenía cosmog_00500 -- se salta
[A2-B0-C2-batch4-r36_s575321_f703_conc] setup + run...
[A2-B0-C2-batch4-r36_s575321_f703_conc] ya tenía cosmog_00500 -- se salta
[A2-B0-C2-batch4-r36_s575321_f703_disj] setup + run...
[A2-B0-C2-batch4-r36_s575321_f703_disj] ya tenía cosmog_00500 -- se salta
[A2-B0-C2-batch4-r36_s575321_f703_disp] setup + run...
[A2-B0-C2-batch4-r36_s575321_f703_disp] ya tenía cosmog_00500 -- se salta
[A2-B0-C2-batch4-r36_s575321_f703_libre] setup + run...
[A2-B0-C2-batch4-r36_s575321_f703_libre] ya tenía cosmog_00500 -- se salta
[A2-B0-C2-batch4-r36_s575321_f703_solap] setup + run...
[A2-B0-C2-batch4-r36_s575321_f703_solap] ya tenía cosmog_00500 -- se salta
[A2-B0-C2-batch4-r62_s577843_f703_libre] setup + run...
[A2-B0-C2-batch4-r62_s577843_f703_libre] exit_setup=0 t_setup=1.13s  exit_run=0 t_run=15.69s
[A2-B0-C2-r14_s273187_f703_conc] setup + run...
[A2-B0-C2-r14_s273187_f703_conc] ya tenía cosmog_00500 -- se salta
[A2-B0-C2-r14_s273187_f703_disj] setup + run...
[A2-B0-C2-r14_s273187_f703_disj] ya tenía cosmog_00500 -- se salta
[A2-B0-C2-r14_s273187_f703_disp] setup + run...
[A2-B0-C2-r14_s273187_f703_disp] ya tenía cosmog_00500 -- se salta
[A2-B0-C2-r14_s273187_f703_libre] setup + run...
[A2-B0-C2-r14_s273187_f703_libre] ya tenía cosmog_00500 -- se salta
[A2-B0-C2-r14_s273187_f703_solap] setup + run...
[A2-B0-C2-r14_s273187_f703_solap] ya tenía cosmog_00500 -- se salta
[A2-B0-C2-r17_s273478_f703_conc] setup + run...
[A2-B0-C2-r17_s273478_f703_conc] ya tenía cosmog_00500 -- se salta
[A2-B0-C2-r17_s273478_f703_disj] setup + run...
[A2-B0-C2-r17_s273478_f703_disj] ya tenía cosmog_00500 -- se salta
[A2-B0-C2-r17_s273478_f703_disp] setup + run...
[A2-B0-C2-r17_s273478_f703_disp] ya tenía cosmog_00500 -- se salta
[A2-B0-C2-r17_s273478_f703_libre] setup + run...
[A2-B0-C2-r17_s273478_f703_libre] ya tenía cosmog_00500 -- se salta
[A2-B0-C2-r17_s273478_f703_solap] setup + run...
[A2-B0-C2-r17_s273478_f703_solap] ya tenía cosmog_00500 -- se salta
[A2-B0-C2-r20_s373769_f703_conc] setup + run...
[A2-B0-C2-r20_s373769_f703_conc] ya tenía cosmog_00500 -- se salta
[A2-B0-C2-r20_s373769_f703_disj] setup + run...
[A2-B0-C2-r20_s373769_f703_disj] ya tenía cosmog_00500 -- se salta
[A2-B0-C2-r20_s373769_f703_disp] setup + run...
[A2-B0-C2-r20_s373769_f703_disp] ya tenía cosmog_00500 -- se salta
[A2-B0-C2-r20_s373769_f703_libre] setup + run...
[A2-B0-C2-r20_s373769_f703_libre] ya tenía cosmog_00500 -- se salta
[A2-B0-C2-r20_s373769_f703_solap] setup + run...
[A2-B0-C2-r20_s373769_f703_solap] ya tenía cosmog_00500 -- se salta
[A2-B0-C2-r39_s375612_f703_conc] setup + run...
[A2-B0-C2-r39_s375612_f703_conc] ya tenía cosmog_00500 -- se salta
[A2-B0-C2-r39_s375612_f703_disj] setup + run...
[A2-B0-C2-r39_s375612_f703_disj] ya tenía cosmog_00500 -- se salta
[A2-B0-C2-r39_s375612_f703_disp] setup + run...
[A2-B0-C2-r39_s375612_f703_disp] ya tenía cosmog_00500 -- se salta
[A2-B0-C2-r39_s375612_f703_libre] setup + run...
[A2-B0-C2-r39_s375612_f703_libre] ya tenía cosmog_00500 -- se salta
[A2-B0-C2-r39_s375612_f703_solap] setup + run...
[A2-B0-C2-r39_s375612_f703_solap] ya tenía cosmog_00500 -- se salta

[TOTAL] tiempo script=33.9s
patron=*: 46 carpetas -> ['A2-B0-C2-batch3-r0_s471829_f703_conc', 'A2-B0-C2-batch3-r0_s471829_f703_disj', 'A2-B0-C2-batch3-r0_s471829_f703_disp', 'A2-B0-C2-batch3-r0_s471829_f703_libre', 'A2-B0-C2-batch3-r0_s471829_f703_solap', 'A2-B0-C2-batch3-r111_s482596_f703_conc', 'A2-B0-C2-batch3-r111_s482596_f703_libre', 'A2-B0-C2-batch3-r60_s477649_f703_conc', 'A2-B0-C2-batch3-r60_s477649_f703_disj', 'A2-B0-C2-batch3-r60_s477649_f703_disp', 'A2-B0-C2-batch3-r60_s477649_f703_libre', 'A2-B0-C2-batch3-r60_s477649_f703_solap', 'A2-B0-C2-batch4-r10_s572799_f703_conc', 'A2-B0-C2-batch4-r10_s572799_f703_disj', 'A2-B0-C2-batch4-r10_s572799_f703_disp', 'A2-B0-C2-batch4-r10_s572799_f703_libre', 'A2-B0-C2-batch4-r10_s572799_f703_solap', 'A2-B0-C2-batch4-r36_s575321_f703_conc', 'A2-B0-C2-batch4-r36_s575321_f703_disj', 'A2-B0-C2-batch4-r36_s575321_f703_disp', 'A2-B0-C2-batch4-r36_s575321_f703_libre', 'A2-B0-C2-batch4-r36_s575321_f703_solap', 'A2-B0-C2-batch4-r62_s577843_f703_conc', 'A2-B0-C2-batch4-r62_s577843_f703_libre', 'A2-B0-C2-r14_s273187_f703_conc', 'A2-B0-C2-r14_s273187_f703_disj', 'A2-B0-C2-r14_s273187_f703_disp', 'A2-B0-C2-r14_s273187_f703_libre', 'A2-B0-C2-r14_s273187_f703_solap', 'A2-B0-C2-r17_s273478_f703_conc', 'A2-B0-C2-r17_s273478_f703_disj', 'A2-B0-C2-r17_s273478_f703_disp', 'A2-B0-C2-r17_s273478_f703_libre', 'A2-B0-C2-r17_s273478_f703_solap', 'A2-B0-C2-r19_s273672_f703_libre', 'A2-B0-C2-r20_s373769_f703_conc', 'A2-B0-C2-r20_s373769_f703_disj', 'A2-B0-C2-r20_s373769_f703_disp', 'A2-B0-C2-r20_s373769_f703_libre', 'A2-B0-C2-r20_s373769_f703_solap', 'A2-B0-C2-r28_s374545_f703_libre', 'A2-B0-C2-r39_s375612_f703_conc', 'A2-B0-C2-r39_s375612_f703_disj', 'A2-B0-C2-r39_s375612_f703_disp', 'A2-B0-C2-r39_s375612_f703_libre', 'A2-B0-C2-r39_s375612_f703_solap']
[A2-B0-C2-batch3-r0_s471829_f703_conc] setup + run...
[A2-B0-C2-batch3-r0_s471829_f703_conc] ya tenía cosmog_00500 -- se salta
[A2-B0-C2-batch3-r0_s471829_f703_disj] setup + run...
[A2-B0-C2-batch3-r0_s471829_f703_disj] ya tenía cosmog_00500 -- se salta
[A2-B0-C2-batch3-r0_s471829_f703_disp] setup + run...
[A2-B0-C2-batch3-r0_s471829_f703_disp] ya tenía cosmog_00500 -- se salta
[A2-B0-C2-batch3-r0_s471829_f703_libre] setup + run...
[A2-B0-C2-batch3-r0_s471829_f703_libre] ya tenía cosmog_00500 -- se salta
[A2-B0-C2-batch3-r0_s471829_f703_solap] setup + run...
[A2-B0-C2-batch3-r0_s471829_f703_solap] ya tenía cosmog_00500 -- se salta
[A2-B0-C2-batch3-r111_s482596_f703_conc] setup + run...
[A2-B0-C2-batch3-r111_s482596_f703_conc] exit_setup=0 t_setup=1.26s  exit_run=0 t_run=15.92s
[A2-B0-C2-batch3-r111_s482596_f703_libre] setup + run...
[A2-B0-C2-batch3-r111_s482596_f703_libre] ya tenía cosmog_00500 -- se salta
[A2-B0-C2-batch3-r60_s477649_f703_conc] setup + run...
[A2-B0-C2-batch3-r60_s477649_f703_conc] ya tenía cosmog_00500 -- se salta
[A2-B0-C2-batch3-r60_s477649_f703_disj] setup + run...
[A2-B0-C2-batch3-r60_s477649_f703_disj] ya tenía cosmog_00500 -- se salta
[A2-B0-C2-batch3-r60_s477649_f703_disp] setup + run...
[A2-B0-C2-batch3-r60_s477649_f703_disp] ya tenía cosmog_00500 -- se salta
[A2-B0-C2-batch3-r60_s477649_f703_libre] setup + run...
[A2-B0-C2-batch3-r60_s477649_f703_libre] ya tenía cosmog_00500 -- se salta
[A2-B0-C2-batch3-r60_s477649_f703_solap] setup + run...
[A2-B0-C2-batch3-r60_s477649_f703_solap] ya tenía cosmog_00500 -- se salta
[A2-B0-C2-batch4-r10_s572799_f703_conc] setup + run...
[A2-B0-C2-batch4-r10_s572799_f703_conc] ya tenía cosmog_00500 -- se salta
[A2-B0-C2-batch4-r10_s572799_f703_disj] setup + run...
[A2-B0-C2-batch4-r10_s572799_f703_disj] ya tenía cosmog_00500 -- se salta
[A2-B0-C2-batch4-r10_s572799_f703_disp] setup + run...
[A2-B0-C2-batch4-r10_s572799_f703_disp] ya tenía cosmog_00500 -- se salta
[A2-B0-C2-batch4-r10_s572799_f703_libre] setup + run...
[A2-B0-C2-batch4-r10_s572799_f703_libre] ya tenía cosmog_00500 -- se salta
[A2-B0-C2-batch4-r10_s572799_f703_solap] setup + run...
[A2-B0-C2-batch4-r10_s572799_f703_solap] ya tenía cosmog_00500 -- se salta
[A2-B0-C2-batch4-r36_s575321_f703_conc] setup + run...
[A2-B0-C2-batch4-r36_s575321_f703_conc] ya tenía cosmog_00500 -- se salta
[A2-B0-C2-batch4-r36_s575321_f703_disj] setup + run...
[A2-B0-C2-batch4-r36_s575321_f703_disj] ya tenía cosmog_00500 -- se salta
[A2-B0-C2-batch4-r36_s575321_f703_disp] setup + run...
[A2-B0-C2-batch4-r36_s575321_f703_disp] ya tenía cosmog_00500 -- se salta
[A2-B0-C2-batch4-r36_s575321_f703_libre] setup + run...
[A2-B0-C2-batch4-r36_s575321_f703_libre] ya tenía cosmog_00500 -- se salta
[A2-B0-C2-batch4-r36_s575321_f703_solap] setup + run...
[A2-B0-C2-batch4-r36_s575321_f703_solap] ya tenía cosmog_00500 -- se salta
[A2-B0-C2-batch4-r62_s577843_f703_conc] setup + run...
[A2-B0-C2-batch4-r62_s577843_f703_conc] exit_setup=0 t_setup=1.23s  exit_run=0 t_run=15.32s
[A2-B0-C2-batch4-r62_s577843_f703_libre] setup + run...
[A2-B0-C2-batch4-r62_s577843_f703_libre] ya tenía cosmog_00500 -- se salta
[A2-B0-C2-r14_s273187_f703_conc] setup + run...
[A2-B0-C2-r14_s273187_f703_conc] ya tenía cosmog_00500 -- se salta
[A2-B0-C2-r14_s273187_f703_disj] setup + run...
[A2-B0-C2-r14_s273187_f703_disj] ya tenía cosmog_00500 -- se salta
[A2-B0-C2-r14_s273187_f703_disp] setup + run...
[A2-B0-C2-r14_s273187_f703_disp] ya tenía cosmog_00500 -- se salta
[A2-B0-C2-r14_s273187_f703_libre] setup + run...
[A2-B0-C2-r14_s273187_f703_libre] ya tenía cosmog_00500 -- se salta
[A2-B0-C2-r14_s273187_f703_solap] setup + run...
[A2-B0-C2-r14_s273187_f703_solap] ya tenía cosmog_00500 -- se salta
[A2-B0-C2-r17_s273478_f703_conc] setup + run...
[A2-B0-C2-r17_s273478_f703_conc] ya tenía cosmog_00500 -- se salta
[A2-B0-C2-r17_s273478_f703_disj] setup + run...
[A2-B0-C2-r17_s273478_f703_disj] ya tenía cosmog_00500 -- se salta
[A2-B0-C2-r17_s273478_f703_disp] setup + run...
[A2-B0-C2-r17_s273478_f703_disp] ya tenía cosmog_00500 -- se salta
[A2-B0-C2-r17_s273478_f703_libre] setup + run...
[A2-B0-C2-r17_s273478_f703_libre] ya tenía cosmog_00500 -- se salta
[A2-B0-C2-r17_s273478_f703_solap] setup + run...
[A2-B0-C2-r17_s273478_f703_solap] ya tenía cosmog_00500 -- se salta
[A2-B0-C2-r19_s273672_f703_libre] setup + run...
[A2-B0-C2-r19_s273672_f703_libre] exit_setup=0 t_setup=1.26s  exit_run=0 t_run=15.17s
[A2-B0-C2-r20_s373769_f703_conc] setup + run...
[A2-B0-C2-r20_s373769_f703_conc] ya tenía cosmog_00500 -- se salta
[A2-B0-C2-r20_s373769_f703_disj] setup + run...
[A2-B0-C2-r20_s373769_f703_disj] ya tenía cosmog_00500 -- se salta
[A2-B0-C2-r20_s373769_f703_disp] setup + run...
[A2-B0-C2-r20_s373769_f703_disp] ya tenía cosmog_00500 -- se salta
[A2-B0-C2-r20_s373769_f703_libre] setup + run...
[A2-B0-C2-r20_s373769_f703_libre] ya tenía cosmog_00500 -- se salta
[A2-B0-C2-r20_s373769_f703_solap] setup + run...
[A2-B0-C2-r20_s373769_f703_solap] ya tenía cosmog_00500 -- se salta
[A2-B0-C2-r28_s374545_f703_libre] setup + run...
[A2-B0-C2-r28_s374545_f703_libre] exit_setup=0 t_setup=1.22s  exit_run=0 t_run=14.89s
[A2-B0-C2-r39_s375612_f703_conc] setup + run...
[A2-B0-C2-r39_s375612_f703_conc] ya tenía cosmog_00500 -- se salta
[A2-B0-C2-r39_s375612_f703_disj] setup + run...
[A2-B0-C2-r39_s375612_f703_disj] ya tenía cosmog_00500 -- se salta
[A2-B0-C2-r39_s375612_f703_disp] setup + run...
[A2-B0-C2-r39_s375612_f703_disp] ya tenía cosmog_00500 -- se salta
[A2-B0-C2-r39_s375612_f703_libre] setup + run...
[A2-B0-C2-r39_s375612_f703_libre] ya tenía cosmog_00500 -- se salta
[A2-B0-C2-r39_s375612_f703_solap] setup + run...
[A2-B0-C2-r39_s375612_f703_solap] ya tenía cosmog_00500 -- se salta

[TOTAL] tiempo script=66.3s
patron=*: 52 carpetas -> ['A2-B0-C2-batch3-r0_s471829_f703_conc', 'A2-B0-C2-batch3-r0_s471829_f703_disj', 'A2-B0-C2-batch3-r0_s471829_f703_disp', 'A2-B0-C2-batch3-r0_s471829_f703_libre', 'A2-B0-C2-batch3-r0_s471829_f703_solap', 'A2-B0-C2-batch3-r111_s482596_f703_conc', 'A2-B0-C2-batch3-r111_s482596_f703_disp', 'A2-B0-C2-batch3-r111_s482596_f703_libre', 'A2-B0-C2-batch3-r111_s482596_f703_solap', 'A2-B0-C2-batch3-r60_s477649_f703_conc', 'A2-B0-C2-batch3-r60_s477649_f703_disj', 'A2-B0-C2-batch3-r60_s477649_f703_disp', 'A2-B0-C2-batch3-r60_s477649_f703_libre', 'A2-B0-C2-batch3-r60_s477649_f703_solap', 'A2-B0-C2-batch4-r10_s572799_f703_conc', 'A2-B0-C2-batch4-r10_s572799_f703_disj', 'A2-B0-C2-batch4-r10_s572799_f703_disp', 'A2-B0-C2-batch4-r10_s572799_f703_libre', 'A2-B0-C2-batch4-r10_s572799_f703_solap', 'A2-B0-C2-batch4-r36_s575321_f703_conc', 'A2-B0-C2-batch4-r36_s575321_f703_disj', 'A2-B0-C2-batch4-r36_s575321_f703_disp', 'A2-B0-C2-batch4-r36_s575321_f703_libre', 'A2-B0-C2-batch4-r36_s575321_f703_solap', 'A2-B0-C2-batch4-r62_s577843_f703_conc', 'A2-B0-C2-batch4-r62_s577843_f703_disp', 'A2-B0-C2-batch4-r62_s577843_f703_libre', 'A2-B0-C2-r14_s273187_f703_conc', 'A2-B0-C2-r14_s273187_f703_disj', 'A2-B0-C2-r14_s273187_f703_disp', 'A2-B0-C2-r14_s273187_f703_libre', 'A2-B0-C2-r14_s273187_f703_solap', 'A2-B0-C2-r17_s273478_f703_conc', 'A2-B0-C2-r17_s273478_f703_disj', 'A2-B0-C2-r17_s273478_f703_disp', 'A2-B0-C2-r17_s273478_f703_libre', 'A2-B0-C2-r17_s273478_f703_solap', 'A2-B0-C2-r19_s273672_f703_conc', 'A2-B0-C2-r19_s273672_f703_disp', 'A2-B0-C2-r19_s273672_f703_libre', 'A2-B0-C2-r20_s373769_f703_conc', 'A2-B0-C2-r20_s373769_f703_disj', 'A2-B0-C2-r20_s373769_f703_disp', 'A2-B0-C2-r20_s373769_f703_libre', 'A2-B0-C2-r20_s373769_f703_solap', 'A2-B0-C2-r28_s374545_f703_conc', 'A2-B0-C2-r28_s374545_f703_libre', 'A2-B0-C2-r39_s375612_f703_conc', 'A2-B0-C2-r39_s375612_f703_disj', 'A2-B0-C2-r39_s375612_f703_disp', 'A2-B0-C2-r39_s375612_f703_libre', 'A2-B0-C2-r39_s375612_f703_solap']
[A2-B0-C2-batch3-r0_s471829_f703_conc] setup + run...
[A2-B0-C2-batch3-r0_s471829_f703_conc] ya tenía cosmog_00500 -- se salta
[A2-B0-C2-batch3-r0_s471829_f703_disj] setup + run...
[A2-B0-C2-batch3-r0_s471829_f703_disj] ya tenía cosmog_00500 -- se salta
[A2-B0-C2-batch3-r0_s471829_f703_disp] setup + run...
[A2-B0-C2-batch3-r0_s471829_f703_disp] ya tenía cosmog_00500 -- se salta
[A2-B0-C2-batch3-r0_s471829_f703_libre] setup + run...
[A2-B0-C2-batch3-r0_s471829_f703_libre] ya tenía cosmog_00500 -- se salta
[A2-B0-C2-batch3-r0_s471829_f703_solap] setup + run...
[A2-B0-C2-batch3-r0_s471829_f703_solap] ya tenía cosmog_00500 -- se salta
[A2-B0-C2-batch3-r111_s482596_f703_conc] setup + run...
[A2-B0-C2-batch3-r111_s482596_f703_conc] ya tenía cosmog_00500 -- se salta
[A2-B0-C2-batch3-r111_s482596_f703_disp] setup + run...
[A2-B0-C2-batch3-r111_s482596_f703_disp] exit_setup=0 t_setup=1.28s  exit_run=0 t_run=16.39s
[A2-B0-C2-batch3-r111_s482596_f703_libre] setup + run...
[A2-B0-C2-batch3-r111_s482596_f703_libre] ya tenía cosmog_00500 -- se salta
[A2-B0-C2-batch3-r111_s482596_f703_solap] setup + run...
[A2-B0-C2-batch3-r111_s482596_f703_solap] exit_setup=0 t_setup=1.23s  exit_run=0 t_run=15.34s
[A2-B0-C2-batch3-r60_s477649_f703_conc] setup + run...
[A2-B0-C2-batch3-r60_s477649_f703_conc] ya tenía cosmog_00500 -- se salta
[A2-B0-C2-batch3-r60_s477649_f703_disj] setup + run...
[A2-B0-C2-batch3-r60_s477649_f703_disj] ya tenía cosmog_00500 -- se salta
[A2-B0-C2-batch3-r60_s477649_f703_disp] setup + run...
[A2-B0-C2-batch3-r60_s477649_f703_disp] ya tenía cosmog_00500 -- se salta
[A2-B0-C2-batch3-r60_s477649_f703_libre] setup + run...
[A2-B0-C2-batch3-r60_s477649_f703_libre] ya tenía cosmog_00500 -- se salta
[A2-B0-C2-batch3-r60_s477649_f703_solap] setup + run...
[A2-B0-C2-batch3-r60_s477649_f703_solap] ya tenía cosmog_00500 -- se salta
[A2-B0-C2-batch4-r10_s572799_f703_conc] setup + run...
[A2-B0-C2-batch4-r10_s572799_f703_conc] ya tenía cosmog_00500 -- se salta
[A2-B0-C2-batch4-r10_s572799_f703_disj] setup + run...
[A2-B0-C2-batch4-r10_s572799_f703_disj] ya tenía cosmog_00500 -- se salta
[A2-B0-C2-batch4-r10_s572799_f703_disp] setup + run...
[A2-B0-C2-batch4-r10_s572799_f703_disp] ya tenía cosmog_00500 -- se salta
[A2-B0-C2-batch4-r10_s572799_f703_libre] setup + run...
[A2-B0-C2-batch4-r10_s572799_f703_libre] ya tenía cosmog_00500 -- se salta
[A2-B0-C2-batch4-r10_s572799_f703_solap] setup + run...
[A2-B0-C2-batch4-r10_s572799_f703_solap] ya tenía cosmog_00500 -- se salta
[A2-B0-C2-batch4-r36_s575321_f703_conc] setup + run...
[A2-B0-C2-batch4-r36_s575321_f703_conc] ya tenía cosmog_00500 -- se salta
[A2-B0-C2-batch4-r36_s575321_f703_disj] setup + run...
[A2-B0-C2-batch4-r36_s575321_f703_disj] ya tenía cosmog_00500 -- se salta
[A2-B0-C2-batch4-r36_s575321_f703_disp] setup + run...
[A2-B0-C2-batch4-r36_s575321_f703_disp] ya tenía cosmog_00500 -- se salta
[A2-B0-C2-batch4-r36_s575321_f703_libre] setup + run...
[A2-B0-C2-batch4-r36_s575321_f703_libre] ya tenía cosmog_00500 -- se salta
[A2-B0-C2-batch4-r36_s575321_f703_solap] setup + run...
[A2-B0-C2-batch4-r36_s575321_f703_solap] ya tenía cosmog_00500 -- se salta
[A2-B0-C2-batch4-r62_s577843_f703_conc] setup + run...
[A2-B0-C2-batch4-r62_s577843_f703_conc] ya tenía cosmog_00500 -- se salta
[A2-B0-C2-batch4-r62_s577843_f703_disp] setup + run...
[A2-B0-C2-batch4-r62_s577843_f703_disp] exit_setup=0 t_setup=1.05s  exit_run=0 t_run=15.13s
[A2-B0-C2-batch4-r62_s577843_f703_libre] setup + run...
[A2-B0-C2-batch4-r62_s577843_f703_libre] ya tenía cosmog_00500 -- se salta
[A2-B0-C2-r14_s273187_f703_conc] setup + run...
[A2-B0-C2-r14_s273187_f703_conc] ya tenía cosmog_00500 -- se salta
[A2-B0-C2-r14_s273187_f703_disj] setup + run...
[A2-B0-C2-r14_s273187_f703_disj] ya tenía cosmog_00500 -- se salta
[A2-B0-C2-r14_s273187_f703_disp] setup + run...
[A2-B0-C2-r14_s273187_f703_disp] ya tenía cosmog_00500 -- se salta
[A2-B0-C2-r14_s273187_f703_libre] setup + run...
[A2-B0-C2-r14_s273187_f703_libre] ya tenía cosmog_00500 -- se salta
[A2-B0-C2-r14_s273187_f703_solap] setup + run...
[A2-B0-C2-r14_s273187_f703_solap] ya tenía cosmog_00500 -- se salta
[A2-B0-C2-r17_s273478_f703_conc] setup + run...
[A2-B0-C2-r17_s273478_f703_conc] ya tenía cosmog_00500 -- se salta
[A2-B0-C2-r17_s273478_f703_disj] setup + run...
[A2-B0-C2-r17_s273478_f703_disj] ya tenía cosmog_00500 -- se salta
[A2-B0-C2-r17_s273478_f703_disp] setup + run...
[A2-B0-C2-r17_s273478_f703_disp] ya tenía cosmog_00500 -- se salta
[A2-B0-C2-r17_s273478_f703_libre] setup + run...
[A2-B0-C2-r17_s273478_f703_libre] ya tenía cosmog_00500 -- se salta
[A2-B0-C2-r17_s273478_f703_solap] setup + run...
[A2-B0-C2-r17_s273478_f703_solap] ya tenía cosmog_00500 -- se salta
[A2-B0-C2-r19_s273672_f703_conc] setup + run...
[A2-B0-C2-r19_s273672_f703_conc] exit_setup=0 t_setup=1.14s  exit_run=0 t_run=14.59s
[A2-B0-C2-r19_s273672_f703_disp] setup + run...
[A2-B0-C2-r19_s273672_f703_disp] exit_setup=0 t_setup=1.03s  exit_run=0 t_run=13.91s
[A2-B0-C2-r19_s273672_f703_libre] setup + run...
[A2-B0-C2-r19_s273672_f703_libre] ya tenía cosmog_00500 -- se salta
[A2-B0-C2-r20_s373769_f703_conc] setup + run...
[A2-B0-C2-r20_s373769_f703_conc] ya tenía cosmog_00500 -- se salta
[A2-B0-C2-r20_s373769_f703_disj] setup + run...
[A2-B0-C2-r20_s373769_f703_disj] ya tenía cosmog_00500 -- se salta
[A2-B0-C2-r20_s373769_f703_disp] setup + run...
[A2-B0-C2-r20_s373769_f703_disp] ya tenía cosmog_00500 -- se salta
[A2-B0-C2-r20_s373769_f703_libre] setup + run...
[A2-B0-C2-r20_s373769_f703_libre] ya tenía cosmog_00500 -- se salta
[A2-B0-C2-r20_s373769_f703_solap] setup + run...
[A2-B0-C2-r20_s373769_f703_solap] ya tenía cosmog_00500 -- se salta
[A2-B0-C2-r28_s374545_f703_conc] setup + run...
[A2-B0-C2-r28_s374545_f703_conc] exit_setup=0 t_setup=1.05s  exit_run=0 t_run=12.26s
[A2-B0-C2-r28_s374545_f703_libre] setup + run...
[A2-B0-C2-r28_s374545_f703_libre] ya tenía cosmog_00500 -- se salta
[A2-B0-C2-r39_s375612_f703_conc] setup + run...
[A2-B0-C2-r39_s375612_f703_conc] ya tenía cosmog_00500 -- se salta
[A2-B0-C2-r39_s375612_f703_disj] setup + run...
[A2-B0-C2-r39_s375612_f703_disj] ya tenía cosmog_00500 -- se salta
[A2-B0-C2-r39_s375612_f703_disp] setup + run...
[A2-B0-C2-r39_s375612_f703_disp] ya tenía cosmog_00500 -- se salta
[A2-B0-C2-r39_s375612_f703_libre] setup + run...
[A2-B0-C2-r39_s375612_f703_libre] ya tenía cosmog_00500 -- se salta
[A2-B0-C2-r39_s375612_f703_solap] setup + run...
[A2-B0-C2-r39_s375612_f703_solap] ya tenía cosmog_00500 -- se salta

[TOTAL] tiempo script=94.4s
patron=*: 59 carpetas -> ['A2-B0-C2-batch3-r0_s471829_f703_conc', 'A2-B0-C2-batch3-r0_s471829_f703_disj', 'A2-B0-C2-batch3-r0_s471829_f703_disp', 'A2-B0-C2-batch3-r0_s471829_f703_libre', 'A2-B0-C2-batch3-r0_s471829_f703_solap', 'A2-B0-C2-batch3-r111_s482596_f703_conc', 'A2-B0-C2-batch3-r111_s482596_f703_disj', 'A2-B0-C2-batch3-r111_s482596_f703_disp', 'A2-B0-C2-batch3-r111_s482596_f703_libre', 'A2-B0-C2-batch3-r111_s482596_f703_solap', 'A2-B0-C2-batch3-r60_s477649_f703_conc', 'A2-B0-C2-batch3-r60_s477649_f703_disj', 'A2-B0-C2-batch3-r60_s477649_f703_disp', 'A2-B0-C2-batch3-r60_s477649_f703_libre', 'A2-B0-C2-batch3-r60_s477649_f703_solap', 'A2-B0-C2-batch4-r10_s572799_f703_conc', 'A2-B0-C2-batch4-r10_s572799_f703_disj', 'A2-B0-C2-batch4-r10_s572799_f703_disp', 'A2-B0-C2-batch4-r10_s572799_f703_libre', 'A2-B0-C2-batch4-r10_s572799_f703_solap', 'A2-B0-C2-batch4-r36_s575321_f703_conc', 'A2-B0-C2-batch4-r36_s575321_f703_disj', 'A2-B0-C2-batch4-r36_s575321_f703_disp', 'A2-B0-C2-batch4-r36_s575321_f703_libre', 'A2-B0-C2-batch4-r36_s575321_f703_solap', 'A2-B0-C2-batch4-r62_s577843_f703_conc', 'A2-B0-C2-batch4-r62_s577843_f703_disj', 'A2-B0-C2-batch4-r62_s577843_f703_disp', 'A2-B0-C2-batch4-r62_s577843_f703_libre', 'A2-B0-C2-batch4-r62_s577843_f703_solap', 'A2-B0-C2-r14_s273187_f703_conc', 'A2-B0-C2-r14_s273187_f703_disj', 'A2-B0-C2-r14_s273187_f703_disp', 'A2-B0-C2-r14_s273187_f703_libre', 'A2-B0-C2-r14_s273187_f703_solap', 'A2-B0-C2-r17_s273478_f703_conc', 'A2-B0-C2-r17_s273478_f703_disj', 'A2-B0-C2-r17_s273478_f703_disp', 'A2-B0-C2-r17_s273478_f703_libre', 'A2-B0-C2-r17_s273478_f703_solap', 'A2-B0-C2-r19_s273672_f703_conc', 'A2-B0-C2-r19_s273672_f703_disj', 'A2-B0-C2-r19_s273672_f703_disp', 'A2-B0-C2-r19_s273672_f703_libre', 'A2-B0-C2-r19_s273672_f703_solap', 'A2-B0-C2-r20_s373769_f703_conc', 'A2-B0-C2-r20_s373769_f703_disj', 'A2-B0-C2-r20_s373769_f703_disp', 'A2-B0-C2-r20_s373769_f703_libre', 'A2-B0-C2-r20_s373769_f703_solap', 'A2-B0-C2-r28_s374545_f703_conc', 'A2-B0-C2-r28_s374545_f703_disp', 'A2-B0-C2-r28_s374545_f703_libre', 'A2-B0-C2-r28_s374545_f703_solap', 'A2-B0-C2-r39_s375612_f703_conc', 'A2-B0-C2-r39_s375612_f703_disj', 'A2-B0-C2-r39_s375612_f703_disp', 'A2-B0-C2-r39_s375612_f703_libre', 'A2-B0-C2-r39_s375612_f703_solap']
[A2-B0-C2-batch3-r0_s471829_f703_conc] setup + run...
[A2-B0-C2-batch3-r0_s471829_f703_conc] ya tenía cosmog_00500 -- se salta
[A2-B0-C2-batch3-r0_s471829_f703_disj] setup + run...
[A2-B0-C2-batch3-r0_s471829_f703_disj] ya tenía cosmog_00500 -- se salta
[A2-B0-C2-batch3-r0_s471829_f703_disp] setup + run...
[A2-B0-C2-batch3-r0_s471829_f703_disp] ya tenía cosmog_00500 -- se salta
[A2-B0-C2-batch3-r0_s471829_f703_libre] setup + run...
[A2-B0-C2-batch3-r0_s471829_f703_libre] ya tenía cosmog_00500 -- se salta
[A2-B0-C2-batch3-r0_s471829_f703_solap] setup + run...
[A2-B0-C2-batch3-r0_s471829_f703_solap] ya tenía cosmog_00500 -- se salta
[A2-B0-C2-batch3-r111_s482596_f703_conc] setup + run...
[A2-B0-C2-batch3-r111_s482596_f703_conc] ya tenía cosmog_00500 -- se salta
[A2-B0-C2-batch3-r111_s482596_f703_disj] setup + run...
[A2-B0-C2-batch3-r111_s482596_f703_disj] exit_setup=0 t_setup=0.67s  exit_run=0 t_run=8.57s
[A2-B0-C2-batch3-r111_s482596_f703_disp] setup + run...
[A2-B0-C2-batch3-r111_s482596_f703_disp] ya tenía cosmog_00500 -- se salta
[A2-B0-C2-batch3-r111_s482596_f703_libre] setup + run...
[A2-B0-C2-batch3-r111_s482596_f703_libre] ya tenía cosmog_00500 -- se salta
[A2-B0-C2-batch3-r111_s482596_f703_solap] setup + run...
[A2-B0-C2-batch3-r111_s482596_f703_solap] ya tenía cosmog_00500 -- se salta
[A2-B0-C2-batch3-r60_s477649_f703_conc] setup + run...
[A2-B0-C2-batch3-r60_s477649_f703_conc] ya tenía cosmog_00500 -- se salta
[A2-B0-C2-batch3-r60_s477649_f703_disj] setup + run...
[A2-B0-C2-batch3-r60_s477649_f703_disj] ya tenía cosmog_00500 -- se salta
[A2-B0-C2-batch3-r60_s477649_f703_disp] setup + run...
[A2-B0-C2-batch3-r60_s477649_f703_disp] ya tenía cosmog_00500 -- se salta
[A2-B0-C2-batch3-r60_s477649_f703_libre] setup + run...
[A2-B0-C2-batch3-r60_s477649_f703_libre] ya tenía cosmog_00500 -- se salta
[A2-B0-C2-batch3-r60_s477649_f703_solap] setup + run...
[A2-B0-C2-batch3-r60_s477649_f703_solap] ya tenía cosmog_00500 -- se salta
[A2-B0-C2-batch4-r10_s572799_f703_conc] setup + run...
[A2-B0-C2-batch4-r10_s572799_f703_conc] ya tenía cosmog_00500 -- se salta
[A2-B0-C2-batch4-r10_s572799_f703_disj] setup + run...
[A2-B0-C2-batch4-r10_s572799_f703_disj] ya tenía cosmog_00500 -- se salta
[A2-B0-C2-batch4-r10_s572799_f703_disp] setup + run...
[A2-B0-C2-batch4-r10_s572799_f703_disp] ya tenía cosmog_00500 -- se salta
[A2-B0-C2-batch4-r10_s572799_f703_libre] setup + run...
[A2-B0-C2-batch4-r10_s572799_f703_libre] ya tenía cosmog_00500 -- se salta
[A2-B0-C2-batch4-r10_s572799_f703_solap] setup + run...
[A2-B0-C2-batch4-r10_s572799_f703_solap] ya tenía cosmog_00500 -- se salta
[A2-B0-C2-batch4-r36_s575321_f703_conc] setup + run...
[A2-B0-C2-batch4-r36_s575321_f703_conc] ya tenía cosmog_00500 -- se salta
[A2-B0-C2-batch4-r36_s575321_f703_disj] setup + run...
[A2-B0-C2-batch4-r36_s575321_f703_disj] ya tenía cosmog_00500 -- se salta
[A2-B0-C2-batch4-r36_s575321_f703_disp] setup + run...
[A2-B0-C2-batch4-r36_s575321_f703_disp] ya tenía cosmog_00500 -- se salta
[A2-B0-C2-batch4-r36_s575321_f703_libre] setup + run...
[A2-B0-C2-batch4-r36_s575321_f703_libre] ya tenía cosmog_00500 -- se salta
[A2-B0-C2-batch4-r36_s575321_f703_solap] setup + run...
[A2-B0-C2-batch4-r36_s575321_f703_solap] ya tenía cosmog_00500 -- se salta
[A2-B0-C2-batch4-r62_s577843_f703_conc] setup + run...
[A2-B0-C2-batch4-r62_s577843_f703_conc] ya tenía cosmog_00500 -- se salta
[A2-B0-C2-batch4-r62_s577843_f703_disj] setup + run...
[A2-B0-C2-batch4-r62_s577843_f703_disj] exit_setup=0 t_setup=0.63s  exit_run=0 t_run=7.85s
[A2-B0-C2-batch4-r62_s577843_f703_disp] setup + run...
[A2-B0-C2-batch4-r62_s577843_f703_disp] ya tenía cosmog_00500 -- se salta
[A2-B0-C2-batch4-r62_s577843_f703_libre] setup + run...
[A2-B0-C2-batch4-r62_s577843_f703_libre] ya tenía cosmog_00500 -- se salta
[A2-B0-C2-batch4-r62_s577843_f703_solap] setup + run...
[A2-B0-C2-batch4-r62_s577843_f703_solap] exit_setup=0 t_setup=0.63s  exit_run=0 t_run=9.75s
[A2-B0-C2-r14_s273187_f703_conc] setup + run...
[A2-B0-C2-r14_s273187_f703_conc] ya tenía cosmog_00500 -- se salta
[A2-B0-C2-r14_s273187_f703_disj] setup + run...
[A2-B0-C2-r14_s273187_f703_disj] ya tenía cosmog_00500 -- se salta
[A2-B0-C2-r14_s273187_f703_disp] setup + run...
[A2-B0-C2-r14_s273187_f703_disp] ya tenía cosmog_00500 -- se salta
[A2-B0-C2-r14_s273187_f703_libre] setup + run...
[A2-B0-C2-r14_s273187_f703_libre] ya tenía cosmog_00500 -- se salta
[A2-B0-C2-r14_s273187_f703_solap] setup + run...
[A2-B0-C2-r14_s273187_f703_solap] ya tenía cosmog_00500 -- se salta
[A2-B0-C2-r17_s273478_f703_conc] setup + run...
[A2-B0-C2-r17_s273478_f703_conc] ya tenía cosmog_00500 -- se salta
[A2-B0-C2-r17_s273478_f703_disj] setup + run...
[A2-B0-C2-r17_s273478_f703_disj] ya tenía cosmog_00500 -- se salta
[A2-B0-C2-r17_s273478_f703_disp] setup + run...
[A2-B0-C2-r17_s273478_f703_disp] ya tenía cosmog_00500 -- se salta
[A2-B0-C2-r17_s273478_f703_libre] setup + run...
[A2-B0-C2-r17_s273478_f703_libre] ya tenía cosmog_00500 -- se salta
[A2-B0-C2-r17_s273478_f703_solap] setup + run...
[A2-B0-C2-r17_s273478_f703_solap] ya tenía cosmog_00500 -- se salta
[A2-B0-C2-r19_s273672_f703_conc] setup + run...
[A2-B0-C2-r19_s273672_f703_conc] ya tenía cosmog_00500 -- se salta
[A2-B0-C2-r19_s273672_f703_disj] setup + run...
[A2-B0-C2-r19_s273672_f703_disj] exit_setup=0 t_setup=0.78s  exit_run=0 t_run=10.42s
[A2-B0-C2-r19_s273672_f703_disp] setup + run...
[A2-B0-C2-r19_s273672_f703_disp] ya tenía cosmog_00500 -- se salta
[A2-B0-C2-r19_s273672_f703_libre] setup + run...
[A2-B0-C2-r19_s273672_f703_libre] ya tenía cosmog_00500 -- se salta
[A2-B0-C2-r19_s273672_f703_solap] setup + run...
[A2-B0-C2-r19_s273672_f703_solap] exit_setup=0 t_setup=0.67s  exit_run=0 t_run=9.36s
[A2-B0-C2-r20_s373769_f703_conc] setup + run...
[A2-B0-C2-r20_s373769_f703_conc] ya tenía cosmog_00500 -- se salta
[A2-B0-C2-r20_s373769_f703_disj] setup + run...
[A2-B0-C2-r20_s373769_f703_disj] ya tenía cosmog_00500 -- se salta
[A2-B0-C2-r20_s373769_f703_disp] setup + run...
[A2-B0-C2-r20_s373769_f703_disp] ya tenía cosmog_00500 -- se salta
[A2-B0-C2-r20_s373769_f703_libre] setup + run...
[A2-B0-C2-r20_s373769_f703_libre] ya tenía cosmog_00500 -- se salta
[A2-B0-C2-r20_s373769_f703_solap] setup + run...
[A2-B0-C2-r20_s373769_f703_solap] ya tenía cosmog_00500 -- se salta
[A2-B0-C2-r28_s374545_f703_conc] setup + run...
[A2-B0-C2-r28_s374545_f703_conc] ya tenía cosmog_00500 -- se salta
[A2-B0-C2-r28_s374545_f703_disp] setup + run...
[A2-B0-C2-r28_s374545_f703_disp] exit_setup=0 t_setup=0.76s  exit_run=0 t_run=10.18s
[A2-B0-C2-r28_s374545_f703_libre] setup + run...
[A2-B0-C2-r28_s374545_f703_libre] ya tenía cosmog_00500 -- se salta
[A2-B0-C2-r28_s374545_f703_solap] setup + run...
[A2-B0-C2-r28_s374545_f703_solap] exit_setup=0 t_setup=0.72s  exit_run=0 t_run=10.05s
[A2-B0-C2-r39_s375612_f703_conc] setup + run...
[A2-B0-C2-r39_s375612_f703_conc] ya tenía cosmog_00500 -- se salta
[A2-B0-C2-r39_s375612_f703_disj] setup + run...
[A2-B0-C2-r39_s375612_f703_disj] ya tenía cosmog_00500 -- se salta
[A2-B0-C2-r39_s375612_f703_disp] setup + run...
[A2-B0-C2-r39_s375612_f703_disp] ya tenía cosmog_00500 -- se salta
[A2-B0-C2-r39_s375612_f703_libre] setup + run...
[A2-B0-C2-r39_s375612_f703_libre] ya tenía cosmog_00500 -- se salta
[A2-B0-C2-r39_s375612_f703_solap] setup + run...
[A2-B0-C2-r39_s375612_f703_solap] ya tenía cosmog_00500 -- se salta

[TOTAL] tiempo script=71.1s
patron=*: 60 carpetas -> ['A2-B0-C2-batch3-r0_s471829_f703_conc', 'A2-B0-C2-batch3-r0_s471829_f703_disj', 'A2-B0-C2-batch3-r0_s471829_f703_disp', 'A2-B0-C2-batch3-r0_s471829_f703_libre', 'A2-B0-C2-batch3-r0_s471829_f703_solap', 'A2-B0-C2-batch3-r111_s482596_f703_conc', 'A2-B0-C2-batch3-r111_s482596_f703_disj', 'A2-B0-C2-batch3-r111_s482596_f703_disp', 'A2-B0-C2-batch3-r111_s482596_f703_libre', 'A2-B0-C2-batch3-r111_s482596_f703_solap', 'A2-B0-C2-batch3-r60_s477649_f703_conc', 'A2-B0-C2-batch3-r60_s477649_f703_disj', 'A2-B0-C2-batch3-r60_s477649_f703_disp', 'A2-B0-C2-batch3-r60_s477649_f703_libre', 'A2-B0-C2-batch3-r60_s477649_f703_solap', 'A2-B0-C2-batch4-r10_s572799_f703_conc', 'A2-B0-C2-batch4-r10_s572799_f703_disj', 'A2-B0-C2-batch4-r10_s572799_f703_disp', 'A2-B0-C2-batch4-r10_s572799_f703_libre', 'A2-B0-C2-batch4-r10_s572799_f703_solap', 'A2-B0-C2-batch4-r36_s575321_f703_conc', 'A2-B0-C2-batch4-r36_s575321_f703_disj', 'A2-B0-C2-batch4-r36_s575321_f703_disp', 'A2-B0-C2-batch4-r36_s575321_f703_libre', 'A2-B0-C2-batch4-r36_s575321_f703_solap', 'A2-B0-C2-batch4-r62_s577843_f703_conc', 'A2-B0-C2-batch4-r62_s577843_f703_disj', 'A2-B0-C2-batch4-r62_s577843_f703_disp', 'A2-B0-C2-batch4-r62_s577843_f703_libre', 'A2-B0-C2-batch4-r62_s577843_f703_solap', 'A2-B0-C2-r14_s273187_f703_conc', 'A2-B0-C2-r14_s273187_f703_disj', 'A2-B0-C2-r14_s273187_f703_disp', 'A2-B0-C2-r14_s273187_f703_libre', 'A2-B0-C2-r14_s273187_f703_solap', 'A2-B0-C2-r17_s273478_f703_conc', 'A2-B0-C2-r17_s273478_f703_disj', 'A2-B0-C2-r17_s273478_f703_disp', 'A2-B0-C2-r17_s273478_f703_libre', 'A2-B0-C2-r17_s273478_f703_solap', 'A2-B0-C2-r19_s273672_f703_conc', 'A2-B0-C2-r19_s273672_f703_disj', 'A2-B0-C2-r19_s273672_f703_disp', 'A2-B0-C2-r19_s273672_f703_libre', 'A2-B0-C2-r19_s273672_f703_solap', 'A2-B0-C2-r20_s373769_f703_conc', 'A2-B0-C2-r20_s373769_f703_disj', 'A2-B0-C2-r20_s373769_f703_disp', 'A2-B0-C2-r20_s373769_f703_libre', 'A2-B0-C2-r20_s373769_f703_solap', 'A2-B0-C2-r28_s374545_f703_conc', 'A2-B0-C2-r28_s374545_f703_disj', 'A2-B0-C2-r28_s374545_f703_disp', 'A2-B0-C2-r28_s374545_f703_libre', 'A2-B0-C2-r28_s374545_f703_solap', 'A2-B0-C2-r39_s375612_f703_conc', 'A2-B0-C2-r39_s375612_f703_disj', 'A2-B0-C2-r39_s375612_f703_disp', 'A2-B0-C2-r39_s375612_f703_libre', 'A2-B0-C2-r39_s375612_f703_solap']
[A2-B0-C2-batch3-r0_s471829_f703_conc] setup + run...
[A2-B0-C2-batch3-r0_s471829_f703_conc] ya tenía cosmog_00500 -- se salta
[A2-B0-C2-batch3-r0_s471829_f703_disj] setup + run...
[A2-B0-C2-batch3-r0_s471829_f703_disj] ya tenía cosmog_00500 -- se salta
[A2-B0-C2-batch3-r0_s471829_f703_disp] setup + run...
[A2-B0-C2-batch3-r0_s471829_f703_disp] ya tenía cosmog_00500 -- se salta
[A2-B0-C2-batch3-r0_s471829_f703_libre] setup + run...
[A2-B0-C2-batch3-r0_s471829_f703_libre] ya tenía cosmog_00500 -- se salta
[A2-B0-C2-batch3-r0_s471829_f703_solap] setup + run...
[A2-B0-C2-batch3-r0_s471829_f703_solap] ya tenía cosmog_00500 -- se salta
[A2-B0-C2-batch3-r111_s482596_f703_conc] setup + run...
[A2-B0-C2-batch3-r111_s482596_f703_conc] ya tenía cosmog_00500 -- se salta
[A2-B0-C2-batch3-r111_s482596_f703_disj] setup + run...
[A2-B0-C2-batch3-r111_s482596_f703_disj] ya tenía cosmog_00500 -- se salta
[A2-B0-C2-batch3-r111_s482596_f703_disp] setup + run...
[A2-B0-C2-batch3-r111_s482596_f703_disp] ya tenía cosmog_00500 -- se salta
[A2-B0-C2-batch3-r111_s482596_f703_libre] setup + run...
[A2-B0-C2-batch3-r111_s482596_f703_libre] ya tenía cosmog_00500 -- se salta
[A2-B0-C2-batch3-r111_s482596_f703_solap] setup + run...
[A2-B0-C2-batch3-r111_s482596_f703_solap] ya tenía cosmog_00500 -- se salta
[A2-B0-C2-batch3-r60_s477649_f703_conc] setup + run...
[A2-B0-C2-batch3-r60_s477649_f703_conc] ya tenía cosmog_00500 -- se salta
[A2-B0-C2-batch3-r60_s477649_f703_disj] setup + run...
[A2-B0-C2-batch3-r60_s477649_f703_disj] ya tenía cosmog_00500 -- se salta
[A2-B0-C2-batch3-r60_s477649_f703_disp] setup + run...
[A2-B0-C2-batch3-r60_s477649_f703_disp] ya tenía cosmog_00500 -- se salta
[A2-B0-C2-batch3-r60_s477649_f703_libre] setup + run...
[A2-B0-C2-batch3-r60_s477649_f703_libre] ya tenía cosmog_00500 -- se salta
[A2-B0-C2-batch3-r60_s477649_f703_solap] setup + run...
[A2-B0-C2-batch3-r60_s477649_f703_solap] ya tenía cosmog_00500 -- se salta
[A2-B0-C2-batch4-r10_s572799_f703_conc] setup + run...
[A2-B0-C2-batch4-r10_s572799_f703_conc] ya tenía cosmog_00500 -- se salta
[A2-B0-C2-batch4-r10_s572799_f703_disj] setup + run...
[A2-B0-C2-batch4-r10_s572799_f703_disj] ya tenía cosmog_00500 -- se salta
[A2-B0-C2-batch4-r10_s572799_f703_disp] setup + run...
[A2-B0-C2-batch4-r10_s572799_f703_disp] ya tenía cosmog_00500 -- se salta
[A2-B0-C2-batch4-r10_s572799_f703_libre] setup + run...
[A2-B0-C2-batch4-r10_s572799_f703_libre] ya tenía cosmog_00500 -- se salta
[A2-B0-C2-batch4-r10_s572799_f703_solap] setup + run...
[A2-B0-C2-batch4-r10_s572799_f703_solap] ya tenía cosmog_00500 -- se salta
[A2-B0-C2-batch4-r36_s575321_f703_conc] setup + run...
[A2-B0-C2-batch4-r36_s575321_f703_conc] ya tenía cosmog_00500 -- se salta
[A2-B0-C2-batch4-r36_s575321_f703_disj] setup + run...
[A2-B0-C2-batch4-r36_s575321_f703_disj] ya tenía cosmog_00500 -- se salta
[A2-B0-C2-batch4-r36_s575321_f703_disp] setup + run...
[A2-B0-C2-batch4-r36_s575321_f703_disp] ya tenía cosmog_00500 -- se salta
[A2-B0-C2-batch4-r36_s575321_f703_libre] setup + run...
[A2-B0-C2-batch4-r36_s575321_f703_libre] ya tenía cosmog_00500 -- se salta
[A2-B0-C2-batch4-r36_s575321_f703_solap] setup + run...
[A2-B0-C2-batch4-r36_s575321_f703_solap] ya tenía cosmog_00500 -- se salta
[A2-B0-C2-batch4-r62_s577843_f703_conc] setup + run...
[A2-B0-C2-batch4-r62_s577843_f703_conc] ya tenía cosmog_00500 -- se salta
[A2-B0-C2-batch4-r62_s577843_f703_disj] setup + run...
[A2-B0-C2-batch4-r62_s577843_f703_disj] ya tenía cosmog_00500 -- se salta
[A2-B0-C2-batch4-r62_s577843_f703_disp] setup + run...
[A2-B0-C2-batch4-r62_s577843_f703_disp] ya tenía cosmog_00500 -- se salta
[A2-B0-C2-batch4-r62_s577843_f703_libre] setup + run...
[A2-B0-C2-batch4-r62_s577843_f703_libre] ya tenía cosmog_00500 -- se salta
[A2-B0-C2-batch4-r62_s577843_f703_solap] setup + run...
[A2-B0-C2-batch4-r62_s577843_f703_solap] ya tenía cosmog_00500 -- se salta
[A2-B0-C2-r14_s273187_f703_conc] setup + run...
[A2-B0-C2-r14_s273187_f703_conc] ya tenía cosmog_00500 -- se salta
[A2-B0-C2-r14_s273187_f703_disj] setup + run...
[A2-B0-C2-r14_s273187_f703_disj] ya tenía cosmog_00500 -- se salta
[A2-B0-C2-r14_s273187_f703_disp] setup + run...
[A2-B0-C2-r14_s273187_f703_disp] ya tenía cosmog_00500 -- se salta
[A2-B0-C2-r14_s273187_f703_libre] setup + run...
[A2-B0-C2-r14_s273187_f703_libre] ya tenía cosmog_00500 -- se salta
[A2-B0-C2-r14_s273187_f703_solap] setup + run...
[A2-B0-C2-r14_s273187_f703_solap] ya tenía cosmog_00500 -- se salta
[A2-B0-C2-r17_s273478_f703_conc] setup + run...
[A2-B0-C2-r17_s273478_f703_conc] ya tenía cosmog_00500 -- se salta
[A2-B0-C2-r17_s273478_f703_disj] setup + run...
[A2-B0-C2-r17_s273478_f703_disj] ya tenía cosmog_00500 -- se salta
[A2-B0-C2-r17_s273478_f703_disp] setup + run...
[A2-B0-C2-r17_s273478_f703_disp] ya tenía cosmog_00500 -- se salta
[A2-B0-C2-r17_s273478_f703_libre] setup + run...
[A2-B0-C2-r17_s273478_f703_libre] ya tenía cosmog_00500 -- se salta
[A2-B0-C2-r17_s273478_f703_solap] setup + run...
[A2-B0-C2-r17_s273478_f703_solap] ya tenía cosmog_00500 -- se salta
[A2-B0-C2-r19_s273672_f703_conc] setup + run...
[A2-B0-C2-r19_s273672_f703_conc] ya tenía cosmog_00500 -- se salta
[A2-B0-C2-r19_s273672_f703_disj] setup + run...
[A2-B0-C2-r19_s273672_f703_disj] ya tenía cosmog_00500 -- se salta
[A2-B0-C2-r19_s273672_f703_disp] setup + run...
[A2-B0-C2-r19_s273672_f703_disp] ya tenía cosmog_00500 -- se salta
[A2-B0-C2-r19_s273672_f703_libre] setup + run...
[A2-B0-C2-r19_s273672_f703_libre] ya tenía cosmog_00500 -- se salta
[A2-B0-C2-r19_s273672_f703_solap] setup + run...
[A2-B0-C2-r19_s273672_f703_solap] ya tenía cosmog_00500 -- se salta
[A2-B0-C2-r20_s373769_f703_conc] setup + run...
[A2-B0-C2-r20_s373769_f703_conc] ya tenía cosmog_00500 -- se salta
[A2-B0-C2-r20_s373769_f703_disj] setup + run...
[A2-B0-C2-r20_s373769_f703_disj] ya tenía cosmog_00500 -- se salta
[A2-B0-C2-r20_s373769_f703_disp] setup + run...
[A2-B0-C2-r20_s373769_f703_disp] ya tenía cosmog_00500 -- se salta
[A2-B0-C2-r20_s373769_f703_libre] setup + run...
[A2-B0-C2-r20_s373769_f703_libre] ya tenía cosmog_00500 -- se salta
[A2-B0-C2-r20_s373769_f703_solap] setup + run...
[A2-B0-C2-r20_s373769_f703_solap] ya tenía cosmog_00500 -- se salta
[A2-B0-C2-r28_s374545_f703_conc] setup + run...
[A2-B0-C2-r28_s374545_f703_conc] ya tenía cosmog_00500 -- se salta
[A2-B0-C2-r28_s374545_f703_disj] setup + run...
[A2-B0-C2-r28_s374545_f703_disj] exit_setup=0 t_setup=0.87s  exit_run=0 t_run=9.93s
[A2-B0-C2-r28_s374545_f703_disp] setup + run...
[A2-B0-C2-r28_s374545_f703_disp] ya tenía cosmog_00500 -- se salta
[A2-B0-C2-r28_s374545_f703_libre] setup + run...
[A2-B0-C2-r28_s374545_f703_libre] ya tenía cosmog_00500 -- se salta
[A2-B0-C2-r28_s374545_f703_solap] setup + run...
[A2-B0-C2-r28_s374545_f703_solap] ya tenía cosmog_00500 -- se salta
[A2-B0-C2-r39_s375612_f703_conc] setup + run...
[A2-B0-C2-r39_s375612_f703_conc] ya tenía cosmog_00500 -- se salta
[A2-B0-C2-r39_s375612_f703_disj] setup + run...
[A2-B0-C2-r39_s375612_f703_disj] ya tenía cosmog_00500 -- se salta
[A2-B0-C2-r39_s375612_f703_disp] setup + run...
[A2-B0-C2-r39_s375612_f703_disp] ya tenía cosmog_00500 -- se salta
[A2-B0-C2-r39_s375612_f703_libre] setup + run...
[A2-B0-C2-r39_s375612_f703_libre] ya tenía cosmog_00500 -- se salta
[A2-B0-C2-r39_s375612_f703_solap] setup + run...
[A2-B0-C2-r39_s375612_f703_solap] ya tenía cosmog_00500 -- se salta

[TOTAL] tiempo script=10.8s
patron=*: 60 carpetas -> ['A2-B0-C2-batch3-r0_s471829_f703_conc', 'A2-B0-C2-batch3-r0_s471829_f703_disj', 'A2-B0-C2-batch3-r0_s471829_f703_disp', 'A2-B0-C2-batch3-r0_s471829_f703_libre', 'A2-B0-C2-batch3-r0_s471829_f703_solap', 'A2-B0-C2-batch3-r111_s482596_f703_conc', 'A2-B0-C2-batch3-r111_s482596_f703_disj', 'A2-B0-C2-batch3-r111_s482596_f703_disp', 'A2-B0-C2-batch3-r111_s482596_f703_libre', 'A2-B0-C2-batch3-r111_s482596_f703_solap', 'A2-B0-C2-batch3-r60_s477649_f703_conc', 'A2-B0-C2-batch3-r60_s477649_f703_disj', 'A2-B0-C2-batch3-r60_s477649_f703_disp', 'A2-B0-C2-batch3-r60_s477649_f703_libre', 'A2-B0-C2-batch3-r60_s477649_f703_solap', 'A2-B0-C2-batch4-r10_s572799_f703_conc', 'A2-B0-C2-batch4-r10_s572799_f703_disj', 'A2-B0-C2-batch4-r10_s572799_f703_disp', 'A2-B0-C2-batch4-r10_s572799_f703_libre', 'A2-B0-C2-batch4-r10_s572799_f703_solap', 'A2-B0-C2-batch4-r36_s575321_f703_conc', 'A2-B0-C2-batch4-r36_s575321_f703_disj', 'A2-B0-C2-batch4-r36_s575321_f703_disp', 'A2-B0-C2-batch4-r36_s575321_f703_libre', 'A2-B0-C2-batch4-r36_s575321_f703_solap', 'A2-B0-C2-batch4-r62_s577843_f703_conc', 'A2-B0-C2-batch4-r62_s577843_f703_disj', 'A2-B0-C2-batch4-r62_s577843_f703_disp', 'A2-B0-C2-batch4-r62_s577843_f703_libre', 'A2-B0-C2-batch4-r62_s577843_f703_solap', 'A2-B0-C2-r14_s273187_f703_conc', 'A2-B0-C2-r14_s273187_f703_disj', 'A2-B0-C2-r14_s273187_f703_disp', 'A2-B0-C2-r14_s273187_f703_libre', 'A2-B0-C2-r14_s273187_f703_solap', 'A2-B0-C2-r17_s273478_f703_conc', 'A2-B0-C2-r17_s273478_f703_disj', 'A2-B0-C2-r17_s273478_f703_disp', 'A2-B0-C2-r17_s273478_f703_libre', 'A2-B0-C2-r17_s273478_f703_solap', 'A2-B0-C2-r19_s273672_f703_conc', 'A2-B0-C2-r19_s273672_f703_disj', 'A2-B0-C2-r19_s273672_f703_disp', 'A2-B0-C2-r19_s273672_f703_libre', 'A2-B0-C2-r19_s273672_f703_solap', 'A2-B0-C2-r20_s373769_f703_conc', 'A2-B0-C2-r20_s373769_f703_disj', 'A2-B0-C2-r20_s373769_f703_disp', 'A2-B0-C2-r20_s373769_f703_libre', 'A2-B0-C2-r20_s373769_f703_solap', 'A2-B0-C2-r28_s374545_f703_conc', 'A2-B0-C2-r28_s374545_f703_disj', 'A2-B0-C2-r28_s374545_f703_disp', 'A2-B0-C2-r28_s374545_f703_libre', 'A2-B0-C2-r28_s374545_f703_solap', 'A2-B0-C2-r39_s375612_f703_conc', 'A2-B0-C2-r39_s375612_f703_disj', 'A2-B0-C2-r39_s375612_f703_disp', 'A2-B0-C2-r39_s375612_f703_libre', 'A2-B0-C2-r39_s375612_f703_solap']
[A2-B0-C2-batch3-r0_s471829_f703_conc] setup + run...
[A2-B0-C2-batch3-r0_s471829_f703_conc] ya tenía cosmog_00500 -- se salta
[A2-B0-C2-batch3-r0_s471829_f703_disj] setup + run...
[A2-B0-C2-batch3-r0_s471829_f703_disj] ya tenía cosmog_00500 -- se salta
[A2-B0-C2-batch3-r0_s471829_f703_disp] setup + run...
[A2-B0-C2-batch3-r0_s471829_f703_disp] ya tenía cosmog_00500 -- se salta
[A2-B0-C2-batch3-r0_s471829_f703_libre] setup + run...
[A2-B0-C2-batch3-r0_s471829_f703_libre] ya tenía cosmog_00500 -- se salta
[A2-B0-C2-batch3-r0_s471829_f703_solap] setup + run...
[A2-B0-C2-batch3-r0_s471829_f703_solap] ya tenía cosmog_00500 -- se salta
[A2-B0-C2-batch3-r111_s482596_f703_conc] setup + run...
[A2-B0-C2-batch3-r111_s482596_f703_conc] ya tenía cosmog_00500 -- se salta
[A2-B0-C2-batch3-r111_s482596_f703_disj] setup + run...
[A2-B0-C2-batch3-r111_s482596_f703_disj] ya tenía cosmog_00500 -- se salta
[A2-B0-C2-batch3-r111_s482596_f703_disp] setup + run...
[A2-B0-C2-batch3-r111_s482596_f703_disp] ya tenía cosmog_00500 -- se salta
[A2-B0-C2-batch3-r111_s482596_f703_libre] setup + run...
[A2-B0-C2-batch3-r111_s482596_f703_libre] ya tenía cosmog_00500 -- se salta
[A2-B0-C2-batch3-r111_s482596_f703_solap] setup + run...
[A2-B0-C2-batch3-r111_s482596_f703_solap] ya tenía cosmog_00500 -- se salta
[A2-B0-C2-batch3-r60_s477649_f703_conc] setup + run...
[A2-B0-C2-batch3-r60_s477649_f703_conc] ya tenía cosmog_00500 -- se salta
[A2-B0-C2-batch3-r60_s477649_f703_disj] setup + run...
[A2-B0-C2-batch3-r60_s477649_f703_disj] ya tenía cosmog_00500 -- se salta
[A2-B0-C2-batch3-r60_s477649_f703_disp] setup + run...
[A2-B0-C2-batch3-r60_s477649_f703_disp] ya tenía cosmog_00500 -- se salta
[A2-B0-C2-batch3-r60_s477649_f703_libre] setup + run...
[A2-B0-C2-batch3-r60_s477649_f703_libre] ya tenía cosmog_00500 -- se salta
[A2-B0-C2-batch3-r60_s477649_f703_solap] setup + run...
[A2-B0-C2-batch3-r60_s477649_f703_solap] ya tenía cosmog_00500 -- se salta
[A2-B0-C2-batch4-r10_s572799_f703_conc] setup + run...
[A2-B0-C2-batch4-r10_s572799_f703_conc] ya tenía cosmog_00500 -- se salta
[A2-B0-C2-batch4-r10_s572799_f703_disj] setup + run...
[A2-B0-C2-batch4-r10_s572799_f703_disj] ya tenía cosmog_00500 -- se salta
[A2-B0-C2-batch4-r10_s572799_f703_disp] setup + run...
[A2-B0-C2-batch4-r10_s572799_f703_disp] ya tenía cosmog_00500 -- se salta
[A2-B0-C2-batch4-r10_s572799_f703_libre] setup + run...
[A2-B0-C2-batch4-r10_s572799_f703_libre] ya tenía cosmog_00500 -- se salta
[A2-B0-C2-batch4-r10_s572799_f703_solap] setup + run...
[A2-B0-C2-batch4-r10_s572799_f703_solap] ya tenía cosmog_00500 -- se salta
[A2-B0-C2-batch4-r36_s575321_f703_conc] setup + run...
[A2-B0-C2-batch4-r36_s575321_f703_conc] ya tenía cosmog_00500 -- se salta
[A2-B0-C2-batch4-r36_s575321_f703_disj] setup + run...
[A2-B0-C2-batch4-r36_s575321_f703_disj] ya tenía cosmog_00500 -- se salta
[A2-B0-C2-batch4-r36_s575321_f703_disp] setup + run...
[A2-B0-C2-batch4-r36_s575321_f703_disp] ya tenía cosmog_00500 -- se salta
[A2-B0-C2-batch4-r36_s575321_f703_libre] setup + run...
[A2-B0-C2-batch4-r36_s575321_f703_libre] ya tenía cosmog_00500 -- se salta
[A2-B0-C2-batch4-r36_s575321_f703_solap] setup + run...
[A2-B0-C2-batch4-r36_s575321_f703_solap] ya tenía cosmog_00500 -- se salta
[A2-B0-C2-batch4-r62_s577843_f703_conc] setup + run...
[A2-B0-C2-batch4-r62_s577843_f703_conc] ya tenía cosmog_00500 -- se salta
[A2-B0-C2-batch4-r62_s577843_f703_disj] setup + run...
[A2-B0-C2-batch4-r62_s577843_f703_disj] ya tenía cosmog_00500 -- se salta
[A2-B0-C2-batch4-r62_s577843_f703_disp] setup + run...
[A2-B0-C2-batch4-r62_s577843_f703_disp] ya tenía cosmog_00500 -- se salta
[A2-B0-C2-batch4-r62_s577843_f703_libre] setup + run...
[A2-B0-C2-batch4-r62_s577843_f703_libre] ya tenía cosmog_00500 -- se salta
[A2-B0-C2-batch4-r62_s577843_f703_solap] setup + run...
[A2-B0-C2-batch4-r62_s577843_f703_solap] ya tenía cosmog_00500 -- se salta
[A2-B0-C2-r14_s273187_f703_conc] setup + run...
[A2-B0-C2-r14_s273187_f703_conc] ya tenía cosmog_00500 -- se salta
[A2-B0-C2-r14_s273187_f703_disj] setup + run...
[A2-B0-C2-r14_s273187_f703_disj] ya tenía cosmog_00500 -- se salta
[A2-B0-C2-r14_s273187_f703_disp] setup + run...
[A2-B0-C2-r14_s273187_f703_disp] ya tenía cosmog_00500 -- se salta
[A2-B0-C2-r14_s273187_f703_libre] setup + run...
[A2-B0-C2-r14_s273187_f703_libre] ya tenía cosmog_00500 -- se salta
[A2-B0-C2-r14_s273187_f703_solap] setup + run...
[A2-B0-C2-r14_s273187_f703_solap] ya tenía cosmog_00500 -- se salta
[A2-B0-C2-r17_s273478_f703_conc] setup + run...
[A2-B0-C2-r17_s273478_f703_conc] ya tenía cosmog_00500 -- se salta
[A2-B0-C2-r17_s273478_f703_disj] setup + run...
[A2-B0-C2-r17_s273478_f703_disj] ya tenía cosmog_00500 -- se salta
[A2-B0-C2-r17_s273478_f703_disp] setup + run...
[A2-B0-C2-r17_s273478_f703_disp] ya tenía cosmog_00500 -- se salta
[A2-B0-C2-r17_s273478_f703_libre] setup + run...
[A2-B0-C2-r17_s273478_f703_libre] ya tenía cosmog_00500 -- se salta
[A2-B0-C2-r17_s273478_f703_solap] setup + run...
[A2-B0-C2-r17_s273478_f703_solap] ya tenía cosmog_00500 -- se salta
[A2-B0-C2-r19_s273672_f703_conc] setup + run...
[A2-B0-C2-r19_s273672_f703_conc] ya tenía cosmog_00500 -- se salta
[A2-B0-C2-r19_s273672_f703_disj] setup + run...
[A2-B0-C2-r19_s273672_f703_disj] ya tenía cosmog_00500 -- se salta
[A2-B0-C2-r19_s273672_f703_disp] setup + run...
[A2-B0-C2-r19_s273672_f703_disp] ya tenía cosmog_00500 -- se salta
[A2-B0-C2-r19_s273672_f703_libre] setup + run...
[A2-B0-C2-r19_s273672_f703_libre] ya tenía cosmog_00500 -- se salta
[A2-B0-C2-r19_s273672_f703_solap] setup + run...
[A2-B0-C2-r19_s273672_f703_solap] ya tenía cosmog_00500 -- se salta
[A2-B0-C2-r20_s373769_f703_conc] setup + run...
[A2-B0-C2-r20_s373769_f703_conc] ya tenía cosmog_00500 -- se salta
[A2-B0-C2-r20_s373769_f703_disj] setup + run...
[A2-B0-C2-r20_s373769_f703_disj] ya tenía cosmog_00500 -- se salta
[A2-B0-C2-r20_s373769_f703_disp] setup + run...
[A2-B0-C2-r20_s373769_f703_disp] ya tenía cosmog_00500 -- se salta
[A2-B0-C2-r20_s373769_f703_libre] setup + run...
[A2-B0-C2-r20_s373769_f703_libre] ya tenía cosmog_00500 -- se salta
[A2-B0-C2-r20_s373769_f703_solap] setup + run...
[A2-B0-C2-r20_s373769_f703_solap] ya tenía cosmog_00500 -- se salta
[A2-B0-C2-r28_s374545_f703_conc] setup + run...
[A2-B0-C2-r28_s374545_f703_conc] ya tenía cosmog_00500 -- se salta
[A2-B0-C2-r28_s374545_f703_disj] setup + run...
[A2-B0-C2-r28_s374545_f703_disj] ya tenía cosmog_00500 -- se salta
[A2-B0-C2-r28_s374545_f703_disp] setup + run...
[A2-B0-C2-r28_s374545_f703_disp] ya tenía cosmog_00500 -- se salta
[A2-B0-C2-r28_s374545_f703_libre] setup + run...
[A2-B0-C2-r28_s374545_f703_libre] ya tenía cosmog_00500 -- se salta
[A2-B0-C2-r28_s374545_f703_solap] setup + run...
[A2-B0-C2-r28_s374545_f703_solap] ya tenía cosmog_00500 -- se salta
[A2-B0-C2-r39_s375612_f703_conc] setup + run...
[A2-B0-C2-r39_s375612_f703_conc] ya tenía cosmog_00500 -- se salta
[A2-B0-C2-r39_s375612_f703_disj] setup + run...
[A2-B0-C2-r39_s375612_f703_disj] ya tenía cosmog_00500 -- se salta
[A2-B0-C2-r39_s375612_f703_disp] setup + run...
[A2-B0-C2-r39_s375612_f703_disp] ya tenía cosmog_00500 -- se salta
[A2-B0-C2-r39_s375612_f703_libre] setup + run...
[A2-B0-C2-r39_s375612_f703_libre] ya tenía cosmog_00500 -- se salta
[A2-B0-C2-r39_s375612_f703_solap] setup + run...
[A2-B0-C2-r39_s375612_f703_solap] ya tenía cosmog_00500 -- se salta

[TOTAL] tiempo script=0.0s
