par,estado,umbral,frac_masa_I,frac_masa_III,n_difuso_I,n_difuso_III,masa_difusa_I,masa_difusa_III,H_v3d_abs_I,H_v3d_abs_III,Hmm_v3d_abs_I,Hmm_v3d_abs_III,Hrar_v3d_abs_I,Hrar_v3d_abs_III,H_v3d_std_I,H_v3d_std_III,Hmm_v3d_std_I,Hmm_v3d_std_III,Hrar_v3d_std_I,Hrar_v3d_std_III,H_mod_abs_I,H_mod_abs_III,Hmm_mod_abs_I,Hmm_mod_abs_III,Hrar_mod_abs_I,Hrar_mod_abs_III,H_mod_std_I,H_mod_std_III,Hmm_mod_std_I,Hmm_mod_std_III,Hrar_mod_std_I,Hrar_mod_std_III,sigma_v_I,sigma_v_III,v_mediana_I,v_mediana_III,n_fil_c1.0_I,n_fil_c1.0_III,frac_mayor_c1.0_I,frac_mayor_c1.0_III,n_fil_c1.5_I,n_fil_c1.5_III,frac_mayor_c1.5_I,frac_mayor_c1.5_III,n_fil_c2.5_I,n_fil_c2.5_III,frac_mayor_c2.5_I,frac_mayor_c2.5_III,Btau_H_v3d_abs_I,Btau_H_v3d_abs_III,Btau_Hmm_v3d_abs_I,Btau_Hmm_v3d_abs_III,Btau_Hrar_v3d_abs_I,Btau_Hrar_v3d_abs_III,Btau_H_v3d_std_I,Btau_H_v3d_std_III,Btau_Hmm_v3d_std_I,Btau_Hmm_v3d_std_III,Btau_Hrar_v3d_std_I,Btau_Hrar_v3d_std_III,Btau_H_mod_abs_I,Btau_H_mod_abs_III,Btau_Hmm_mod_abs_I,Btau_Hmm_mod_abs_III,Btau_Hrar_mod_abs_I,Btau_Hrar_mod_abs_III,Btau_H_mod_std_I,Btau_H_mod_std_III,Btau_Hmm_mod_std_I,Btau_Hmm_mod_std_III,Btau_Hrar_mod_std_I,Btau_Hrar_mod_std_III
PAR_piloto_A_r9_r19,valido,A_P50_abs,0.08050000000000002,0.08700000000000001,1135,1026,10669.0,9644.4,5.944314223942744,5.960045868111635,5.984353777940984,6.004339136910858,5.871343261539233,5.891921048527756,5.937866304047683,5.963923415778382,5.977905858045923,6.008216684577604,5.864811050850075,5.8959949983865165,3.989340517114808,3.991836888164136,3.998873744257246,4.002382904544904,3.971605185882183,3.9765988316729555,3.991334353050327,3.991000854870236,4.000867580192765,4.001546871251003,3.974622879242874,3.9742249830537157,1.808947086401561,1.7724062734732355,1.5550103786616525,1.5294382373241984,33,25,0.016740088105726872,0.016569200779727095,70,47,0.03259911894273128,0.03508771929824561,8,12,0.8881057268722466,0.8450292397660819,0.0005571575802739473,0.0006179799539744967,0.0005609104675171979,0.0006225725951755275,0.0005503180486961509,0.0006109162880560487,0.000556553219987598,0.0006183820057005497,0.0005603061072308485,0.0006229746469015807,0.0005497057878760967,0.000611338704158529,0.0003739188787247922,0.0004139020455563992,0.0003748124233065185,0.00041499553155664465,0.00037225655505503634,0.000412322055459433,0.0003741057599634761,0.00041381535967714283,0.00037499930454520247,0.00041490884567738827,0.0003725394019348462,0.0004120759179475878
PAR_piloto_B_r1_r17,valido,A_P50_abs,0.08700000000000002,0.12100000000000004,1313,888,12342.2,8347.2,5.950261023020822,5.930664532076527,5.984872518670481,5.981841214270223,5.870491782230387,5.8654164560028565,5.960173223761296,5.922911939346298,5.994784719410955,5.974088621539994,5.8829194018588735,5.860739058331621,3.980283575359538,3.988794492608265,3.9885244076570756,4.000979416940098,3.9627761666326036,3.9750296852789675,3.98846169773927,3.9887796882866597,3.9967025300368078,4.000964612618493,3.970680877058921,3.9752895497291645,1.8096153447187462,1.7600112457850083,1.5554254994341445,1.533301887246155,39,22,0.03427265803503427,0.030405405405405407,59,50,0.044173648134044174,0.033783783783783786,9,2,0.9146991622239147,0.9009009009009009,0.0004821070006174606,0.0007104974760490376,0.000484911322022855,0.0007166284759284817,0.0004756438708034537,0.0007026807140122264,0.0004829101151951269,0.0007095687103874709,0.00048571443660052135,0.000715699710266915,0.0004766507917436821,0.0007021203587228796,0.00032249384837059337,0.000477860179773848,0.00032316154394330634,0.00047931994164990624,0.00032107534853045676,0.00047621114688505933,0.00032315646300815656,0.00047785840620647157,0.0003238241585808695,0.00047931816808252973,0.0003217158105571876,0.0004762422788155506
PAR_piloto_C_r6_r14,valido,A_P50_abs,0.10050000000000002,0.09900000000000003,836,780,7858.400000000001,7332.0,5.93778328898102,5.956048350128499,5.992143209780066,6.014311034472091,5.880479597388577,5.902214211238562,5.935105802412542,5.954934944081767,5.9894657232115875,6.01319762842536,5.874375818540874,5.9019201578710625,3.9879681468866846,3.9899983533459564,4.000910985172172,4.003870421046812,3.9748943052516745,3.9779063259282426,3.9898065642758906,3.9882473387163966,4.002749402561378,4.002119406417252,3.97614741320715,3.9755643816697166,1.7237642637667594,1.7322271068765536,1.4954573377740603,1.478335824459049,16,9,0.019138755980861243,0.020512820512820513,45,35,0.02751196172248804,0.03974358974358974,5,7,0.868421052631579,0.5897435897435898,0.0007555969776266186,0.0008123361088554963,0.0007625144062124689,0.0008202824651489486,0.000748304947239715,0.0008049937549425207,0.0007552562611234528,0.0008121842531480861,0.000762173689709303,0.0008201306094415384,0.0007475282269343471,0.0008049536494641384,0.0005074783857893062,0.0005441896281159242,0.000509125392595461,0.0005460816177096033,0.0005058147084968536,0.0005425404154293839,0.0005077123287534218,0.0005439508099722309,0.0005093593355595767,0.0005458427995659101,0.0005059741694501615,0.0005422210013188375
PAR_v2_D_r2_r20,valido,A_P50_abs,0.07600000000000001,0.08650000000000002,1246,1030,11712.4,9682.0,5.9633064066693375,5.945618917276016,5.999779034107542,5.989740173380873,5.88851325797273,5.878245646832695,5.9631972311782455,5.940878142337058,5.99966985861645,5.984999398441915,5.886080751446958,5.8707449653989,3.990876276254653,3.9933562119682806,3.999560235168511,4.0038612729456275,3.9730262577411124,3.9767404806109745,3.9898874936787054,3.9932301598906434,3.9985714525925635,4.00373522086799,3.9728789420730846,3.976976638582906,1.7582806747635717,1.7623928739302968,1.4843907267633867,1.5116186473983055,38,27,0.02247191011235955,0.018446601941747572,60,51,0.03691813804173355,0.030097087378640777,5,3,0.9052969502407705,0.9106796116504854,0.0005091447019115927,0.00061408995220781,0.0005122587201690125,0.0006186469916732981,0.000502758892965808,0.0006071313413378119,0.0005091353805520855,0.0006136003038976511,0.0005122493988095053,0.0006181573433631394,0.0005025512065372561,0.0006063566376160813,0.0003407394109025181,0.0004124515814881513,0.0003414808438209514,0.0004135365908846961,0.0003392153835030491,0.00041073543489061914,0.0003406549890439795,0.0004124385622692257,0.0003413964219624128,0.00041352357166577055,0.00033920280575057925,0.00041075982633576806
PAR_v2_E_r12_r28,valido,A_P50_abs,0.08200000000000002,0.08950000000000002,1199,1220,11270.6,11468.0,5.940837703522742,5.951654920493835,5.978740033621159,5.9889048334348205,5.861024627957147,5.874810641272432,5.952420522180088,5.9564897183873775,5.990322852278505,5.993739631328363,5.877373842191587,5.881989320461319,3.9877884221238222,3.9859013270350037,3.9968127864329692,3.9947703539257144,3.9694594286332903,3.969023397616736,3.9891431379772198,3.9876615825079114,3.9981675022863667,3.996530609398622,3.973465482573742,3.9695419881611325,1.786375614062822,1.7693282022003252,1.5836114417501543,1.5446769862290382,33,38,0.022518765638031693,0.022950819672131147,64,62,0.03836530442035029,0.023770491803278688,5,6,0.9065888240200167,0.8991803278688525,0.0005271092668999647,0.0005189793268655246,0.0005304722049954004,0.0005222274880916307,0.0005200277383597277,0.0005122785700446836,0.0005281369689439859,0.0005194009171945742,0.0005314999070394215,0.0005226490784206804,0.0005214783456241537,0.0005129045448605963,0.0003538221942153765,0.00034756725907176525,0.0003546228937619088,0.0003483406307922667,0.0003521959282232792,0.0003460955177552089,0.00035394239330445757,0.00034772075187547186,0.0003547430928509899,0.00034849412359597333,0.0003525513710515626,0.00034614073841656194
PAR_v2_F_r6_r2v1fix,valido,A_P50_abs,0.10050000000000002,0.12150000000000004,836,722,7858.400000000001,6786.8,5.93778328898102,5.939590925325232,5.992143209780066,6.002533991513602,5.880479597388577,5.888650980799484,5.935105802412542,5.944734054132258,5.9894657232115875,6.007677120320627,5.874375818540874,5.8982056546109245,3.9879681468866846,3.9823686087748715,4.000910985172172,3.9973550531054354,3.9748943052516745,3.971702648526592,3.9898065642758906,3.981929196430844,4.002749402561378,3.996915640761408,3.97614741320715,3.969475188482718,1.7237642637667594,1.7728115043185362,1.4954573377740603,1.5003416784541437,16,11,0.019138755980861243,0.02077562326869806,45,36,0.02751196172248804,0.029085872576177285,5,11,0.868421052631579,0.3573407202216066,0.0007555969776266186,0.0008751681094662038,0.0007625144062124689,0.0008844424458527733,0.000748304947239715,0.0008676623711910596,0.0007552562611234528,0.0008759259229876021,0.000762173689709303,0.0008852002593741715,0.0007475282269343471,0.0008690702031312142,0.0005074783857893062,0.000586781488886496,0.000509125392595461,0.0005889896642166316,0.0005058147084968536,0.00058520991461758,0.0005077123287534218,0.0005867167437423888,0.0005093593355595767,0.0005889249190725243,0.0005059741694501615,0.0005848817098607175
PAR_v2_G_r12v1fix_r19,valido,A_P50_abs,0.06200000000000002,0.08700000000000001,1623,1026,15256.2,9644.4,5.966832605134966,5.960045868111635,5.9948331558361385,6.004339136910858,5.881357876588173,5.891921048527756,5.976801000117916,5.963923415778382,6.004801550819089,6.008216684577604,5.891485841292556,5.8959949983865165,3.974139079896328,3.991836888164136,3.980805877682321,4.002382904544904,3.9534335617775076,3.9765988316729555,3.9895670498543487,3.991000854870236,3.996233847640342,4.001546871251003,3.97090564116027,3.9742249830537157,1.8531347056976986,1.7724062734732355,1.6225688135414527,1.5294382373241984,45,25,0.02895871842267406,0.016569200779727095,60,47,0.05730129390018484,0.03508771929824561,1,12,0.9858287122612446,0.8450292397660819,0.00039110870368341827,0.0006179799539744967,0.0003929440591914198,0.0006225725951755275,0.00038550608123832757,0.0006109162880560487,0.0003917621032837742,0.0006183820057005497,0.0003935974587917757,0.0006229746469015807,0.00038616994017465396,0.000611338704158529,0.0002604933784229577,0.0004139020455563992,0.00026093036782962476,0.00041499553155664465,0.0002591361913043554,0.000412322055459433,0.00026150463744932214,0.00041381535967714283,0.00026194162685598917,0.00041490884567738827,0.0002602814358202088,0.0004120759179475878
PAR_v2_H_r9_r39,valido,A_P50_abs,0.08050000000000002,0.07850000000000001,1135,1254,10669.0,11787.6,5.944314223942744,5.955709092539056,5.984353777940984,5.99194903973842,5.871343261539233,5.878237996816531,5.937866304047683,5.959090140456983,5.977905858045923,5.995330087656346,5.864811050850075,5.882363545721155,3.989340517114808,3.9903275843683335,3.998873744257246,3.9989561432253247,3.971605185882183,3.973110123616183,3.991334353050327,3.9913951864556214,4.000867580192765,4.000023745312613,3.974622879242874,3.9728616016164,1.808947086401561,1.7885706754005997,1.5550103786616525,1.5673136345641516,33,33,0.016740088105726872,0.02073365231259968,70,55,0.03259911894273128,0.0342902711323764,8,4,0.8881057268722466,0.9290271132376395,0.0005571575802739473,0.000505252052371904,0.0005609104675171979,0.0005083264650767264,0.0005503180486961509,0.0004986797988408608,0.000556553219987598,0.0005055388832719962,0.0005603061072308485,0.0005086132959768186,0.0005497057878760967,0.0004990297894160945,0.0003739188787247922,0.00033851908652892304,0.0003748124233065185,0.00033925108955388074,0.00037225655505503634,0.0003370584447738457,0.0003741057599634761,0.000338609656457262,0.00037499930454520247,0.0003393416594822197,0.0003725394019348462,0.0003370373614320472
A2-B0-C2-r9v2fix_vs_A2-B0-C2-r39,valido,A_P50_abs,0.07500000000000002,0.07850000000000001,1304,1254,12257.6,11787.6,5.959551247748859,5.955709092539056,5.99440162642064,5.99194903973842,5.879828790130643,5.878237996816531,5.9595197640915565,5.959090140456983,5.994370142763337,5.995330087656346,5.881369185546896,5.882363545721155,3.991233523145569,3.9903275843683335,3.9995312323531356,3.9989561432253247,3.9736416134041876,3.973110123616183,3.9947205851403496,3.9913951864556214,4.003018294347917,4.000023745312613,3.977395832640965,3.9728616016164,1.8022578033561776,1.7885706754005997,1.5641074528535366,1.5673136345641516,34,33,0.01763803680981595,0.02073365231259968,71,55,0.023773006134969327,0.0342902711323764,2,4,0.9424846625766872,0.9290271132376395,0.0004861923417103559,0.000505252052371904,0.0004890355066587782,0.0005083264650767264,0.0004796884210718773,0.0004986797988408608,0.0004861897732094012,0.0005055388832719962,0.0004890329381578235,0.0005086132959768186,0.00047981408967064484,0.0004990297894160945,0.00032561296853752516,0.00033851908652892304,0.0003262899125728638,0.00033925108955388074,0.00032417778467270814,0.0003370584447738457,0.0003258974501648242,0.000338609656457262,0.0003265743942001629,0.0003393416594822197,0.00032448406153251573,0.0003370373614320472
A2-B0-C2-batch3-r100_vs_A2-B0-C2-batch3-r0,roto_misma_clase,A_P50_abs,0.14999999999999994,0.15049999999999997,463,414,4352.2,3891.6000000000004,5.895047626709697,5.867239726342234,5.993200745042316,5.977010001192482,5.882385094434012,5.867239726342234,5.9003413371316,5.853909931869086,5.998494455464218,5.963680206719333,5.887487276493506,5.853909931869086,3.967489939351491,3.97504094812082,3.9908597294306856,4.001176727847069,3.9645064124159695,3.97504094812082,3.9716568891497794,3.979959558033261,3.995026679228974,4.00609533775951,3.968651976912513,3.979959558033261,1.8194851046219203,1.6776138496121105,1.4636255951376351,1.4714806231061974,4,2,0.017278617710583154,0.016908212560386472,11,9,0.023758099352051837,0.03140096618357488,13,18,0.15334773218142547,0.10386473429951691,0.0013544983288244332,0.0015076677269869035,0.001377050858196387,0.0015358747047981502,0.0013515888733132697,0.0015076677269869035,0.0013557146585937228,0.001504242453455927,0.0013782671879656767,0.0015324494312671736,0.0013527611958305008,0.001504242453455927,0.0009116056108063717,0.0010214412961560334,0.0009169752606568369,0.0010281572432539491,0.0009109200892458917,0.0010214412961560334,0.0009125630460800928,0.0010227052004402458,0.000917932695930558,0.0010294211475381616,0.0009118726108433696,0.0010227052004402458
A2-B0-C2-batch3-r1_vs_A2-B0-C2-batch3-r69,valido,A_P50_abs,0.078,0.08800000000000001,1249,1024,11740.6,9625.6,5.957978257134865,5.944005220996916,5.994363280183706,5.988385000086762,5.8803886968422105,5.87496181824659,5.9615312651710095,5.960397187284968,5.997916288219851,6.0047769663748145,5.882537329180594,5.8915541962530265,3.9890594377771276,3.987932400923796,3.997722538503042,3.9984990149928072,3.971834784961457,3.9719836340870636,3.990083768721889,3.985614977098627,3.9987468694478037,3.996181591167638,3.9730486529027305,3.970440517002704,1.7969363436184027,1.7024957546541766,1.5674385362846206,1.5040386908273233,32,23,0.020016012810248198,0.015625,59,51,0.041633306645316254,0.0205078125,4,6,0.9167333867093675,0.8837890625,0.0005074679536935816,0.0006175204892159362,0.0005105670306614404,0.0006221310879411945,0.0005008592999371591,0.0006103475958118548,0.0005077705794568429,0.0006192234444902103,0.0005108696564247015,0.0006238340432154686,0.000501042308670817,0.0006120713717849304,0.0003397662332229296,0.000414304812263526,0.0003405041086914674,0.000415402573864778,0.0003382991316424592,0.0004126479008152285,0.0003398534801221308,0.00041406405596519977,0.00034059135559066857,0.0004151618175664517,0.00033840252226485275,0.00041248758695589926
A2-B0-C2-batch3-r5_vs_A2-B0-C2-batch3-r114,valido,A_P50_abs,0.08100000000000003,0.09150000000000004,1297,1205,12191.800000000001,11327.0,5.954194961434364,5.943783487023363,5.989233430045006,5.981497091826684,5.8759024627095515,5.868826413054021,5.965804305360637,5.9449066403619035,6.000842773971279,5.982620245165225,5.887971820384163,5.872206312822218,3.98874506931501,3.9904458822686504,3.997087561841353,3.999425311983727,3.9713695413327796,3.973439794646221,3.9903478232805982,3.9906688173092713,3.9986903158069413,3.9996482470243477,3.9733514149981772,3.972639044534037,1.7879715710811832,1.8020763233837813,1.5614242198390706,1.5630796174584887,34,35,0.03777949113338473,0.019087136929460582,64,69,0.047031611410948346,0.022406639004149378,6,9,0.9159599074787972,0.9062240663900415,0.0004883770207380669,0.000524744723847741,0.0004912509580246564,0.0005280742554804171,0.00048195528656224274,0.0005181271663330114,0.0004893292463262715,0.0005248438810242698,0.0004922031836128609,0.0005281734126569458,0.00048294524355584593,0.0005184255595322872,0.0003271662157610041,0.0003522950368384083,0.0003278504865435254,0.00035308778246523586,0.0003257410342470168,0.000350793660690935,0.0003272976773963318,0.00035231471857590456,0.00032798194817885306,0.0003531074642027322,0.00032590359216835716,0.00035072296676384187
A2-B0-C2-batch3-r44_vs_A2-B0-C2-batch3-r10,valido,A_P50_abs,0.10150000000000003,0.12000000000000002,753,779,7078.2,7322.6,5.944779389256661,5.933628701804837,6.005131173835681,5.991966177784301,5.892913597258562,5.88135550698578,5.9451057076299865,5.93022573118821,6.005457492209007,5.988563207167673,5.894900271379489,5.877055478650885,3.9835428355957934,3.9836853092848896,3.997912308114608,3.9975751845180953,3.971645611654489,3.9715357625458636,3.9891470224357053,3.9858419123171,4.0035164949545194,3.9997317875503056,3.9776164564153076,3.9736459201560606,1.665207443256031,1.7370143571423913,1.470349680424699,1.4675584516616909,9,16,0.02257636122177955,0.012836970474967908,22,34,0.02656042496679947,0.021822849807445442,8,4,0.8140770252324038,0.865211810012837,0.0008398716325134442,0.0008103171963243707,0.0008483980636087821,0.0008182839671406741,0.0008325440927437148,0.0008031785850634719,0.0008399177343999868,0.0008098524746931704,0.0008484441654953246,0.0008178192455094739,0.0008328247677911742,0.000802591358076487,0.000562790375462094,0.0005440260712431226,0.0005648204781038411,0.0005459229214374806,0.0005611095492716353,0.0005423668864263872,0.0005635821285688036,0.0005443205845351514,0.0005656122312105507,0.0005462174347295093,0.0005619531033900296,0.0005426550569682982
A2-B0-C2-batch3-r86_vs_A2-B0-C2-batch3-r12,valido,A_P50_abs,0.09450000000000001,0.10150000000000003,933,750,8770.2,7050.0,5.946418202191847,5.897714170348371,5.995126555662375,5.958307362065707,5.88000482366004,5.845363402351479,5.947511566568803,5.922912177386416,5.996219920039331,5.983505369103752,5.8828294629852,5.870710689529941,3.9932555108220167,3.974781872676673,4.004852737838809,3.9892088230855625,3.978978375713569,3.96304268311151,3.9929617288637633,3.9635355687331946,4.004558955880555,3.977962519142084,3.9785973783930255,3.9522301239954003,1.7166058851664077,1.7062169115784134,1.491195590773221,1.4778005719765286,20,12,0.015005359056806002,0.030666666666666665,59,34,0.020364415862808145,0.036,4,7,0.8703108252947481,0.5786666666666667,0.0006780253816551329,0.000836555201467854,0.0006835792291695028,0.000845149980434852,0.0006704527631821441,0.0008291295606172311,0.0006781500497786598,0.0008401293868633214,0.0006837038972930298,0.0008487241658303194,0.0006707748355778886,0.0008327249205007008,0.00045532091751864455,0.0005637988471881805,0.00045664326216492314,0.0005658452231327039,0.00045369300309155644,0.0005621337139165263,0.00045528741976964756,0.0005622036267706659,0.0004566097644159261,0.0005642500027151893,0.00045364956083020056,0.000560600017588
A2-B0-C2-batch3-r50_vs_A2-B0-C2-batch3-r21,valido,A_P50_abs,0.10000000000000003,0.09650000000000004,811,827,7623.400000000001,7773.8,5.941567881977036,5.956309305860254,5.997603509335855,6.011260809836073,5.88389298449049,5.897294124550025,5.9384179137408815,5.955805002983928,5.9944535410997,6.010756506959747,5.882134495683656,5.898910009003251,3.992271295796327,3.9842820803649834,4.005613111834141,3.9973657717877975,3.979758601558424,3.9715166324662228,3.985414064020251,3.9885537597819805,3.998755880058065,4.001637451204794,3.971650548456672,3.9754463735987167,1.753564355985539,1.72354892333402,1.509376791125171,1.4859326120968872,17,17,0.013563501849568433,0.020556227327690448,37,38,0.03822441430332922,0.02781136638452237,7,5,0.8532675709001233,0.8210399032648126,0.0007793855605080457,0.0007662030546013858,0.0007867360376388298,0.0007732718631603686,0.0007718200520096663,0.0007586115058980196,0.0007789723632160035,0.000766138182482689,0.0007863228403467875,0.0007732069910416716,0.0007715893821239415,0.0007588193687775929,0.0005236864516877412,0.0005125269598349563,0.0005254365652903089,0.0005142100094918569,0.0005220450981922009,0.0005108848481394199,0.0005227869538552681,0.0005130764567884407,0.0005245370674578357,0.0005147595064453412,0.0005209815237894734,0.0005113903591034908
A2-B0-C2-batch3-r48_vs_A2-B0-C2-batch3-r25,valido,A_P50_abs,0.09900000000000003,0.113,692,784,6504.8,7369.6,5.92755688408827,5.9287969693628755,5.993228695920643,5.986762395112878,5.882488970718082,5.871829145419813,5.924231063809861,5.937976868226633,5.989902875642234,5.995942293976635,5.878111854335706,5.883799809873391,3.9841003292490393,3.988542990103209,3.999736474923414,4.002344281948448,3.973634508168007,3.976023806689264,3.984664641535188,3.991350372706683,4.000300787209563,4.005151664551922,3.9740740314065603,3.979152223537467,1.6862083615426944,1.7094429305274401,1.4390952641908648,1.4351975162707746,5,15,0.010115606936416185,0.015306122448979591,26,42,0.030346820809248554,0.025510204081632654,14,11,0.16329479768786126,0.7895408163265306,0.0009112588986730215,0.0008044937268458091,0.0009213547989055226,0.0008123592047211351,0.0009043304899025461,0.000796763616128394,0.0009107476115806575,0.0008057393709599751,0.0009208435118131586,0.0008136048488353011,0.0009036575842970892,0.0007983879464113915,0.000612486214679781,0.0005412156684356286,0.0006148900004494241,0.0005430884012630872,0.0006108772764985867,0.0005395169082025162,0.0006125729678906635,0.00054159660940983,0.0006149767536603066,0.0005434693422372885,0.0006109448455612102,0.0005399414111400166
A2-B0-C2-batch3-r35_vs_A2-B0-C2-batch3-r31,valido,A_P50_abs,0.09750000000000003,0.11700000000000002,824,816,7745.6,7670.400000000001,5.934131817591933,5.930873174482623,5.989283387723003,5.986565446281646,5.875078361312856,5.872185895450299,5.94851990383588,5.9391092892522135,6.003671473966951,5.994801561051236,5.889985781661722,5.882688217954153,3.984593879754275,3.9865095708473413,3.9977252059759585,3.9997696355613943,3.9708582540501935,3.972419281128454,3.988840805674628,3.9853215795899075,4.001972131896312,3.9985816443039606,3.9750000136794377,3.972989696033645,1.6551484316158749,1.7371461170152573,1.4051775417930017,1.506955920693274,22,21,0.014563106796116505,0.014705882352941176,46,44,0.019417475728155338,0.0196078431372549,5,4,0.8592233009708737,0.5245098039215687,0.0007661293918601441,0.0007732156307992572,0.0007732497660249694,0.0007804763045319208,0.0007585052625119882,0.0007655644940877006,0.000767986973744562,0.0007742893837677583,0.0007751073479093873,0.0007815500575004218,0.0007604298933151366,0.0007669336954988206,0.0005144332110816819,0.0005197264250687501,0.0005161285382637831,0.0005214551569098605,0.0005126598654784901,0.0005178894557165798,0.0005149815128169061,0.0005195715451071531,0.0005166768399990074,0.0005213002769482635,0.0005131945896611543,0.0005179638214478573
A2-B0-C2-batch3-r9_vs_A2-B0-C2-batch3-r83,valido,A_P50_abs,0.07650000000000001,0.08700000000000001,1300,984,12220.0,9249.6,5.9543805323631425,5.947883995984716,5.989338142969298,5.9940678311351245,5.873550780132049,5.880968356959844,5.963854385099381,5.943371078866643,5.998811995705537,5.989554914017051,5.887051463640269,5.875648236253649,3.9880248803642706,3.9884678075849616,3.9963481209847838,3.9994639588112495,3.970472410634633,3.9739343539581697,3.9895480973091653,3.98724828982979,3.9978713379296784,3.998244441056078,3.9713508590180777,3.9714639180221383,1.8006090325313302,1.7616870476320199,1.5584083789187873,1.5135210478242527,33,22,0.03307692307692308,0.021341463414634148,65,54,0.046153846153846156,0.03048780487804878,6,5,0.916923076923077,0.8699186991869918,0.0004872651826811082,0.000643042293286706,0.000490125870946751,0.0006480353562462295,0.0004806506366720171,0.0006358078573084073,0.00048804045704577587,0.0006425543892564698,0.0004909011453114187,0.0006475474522159932,0.00048175543892309893,0.0006352326842516053,0.0003263522815355377,0.00043120435560294084,0.00032703339778926215,0.0004323931801171131,0.00032491590921723677,0.0004296331034810337,0.00032647693104002987,0.00043107251014419973,0.0003271580472937544,0.000432261334658372,0.0003249877953369949,0.000429366017776135
A2-B0-C2-batch3-r53_vs_A2-B0-C2-batch3-r23,valido,A_P50_abs,0.09600000000000003,0.11750000000000005,728,784,6843.2,7369.6,5.925390060089594,5.927104520914279,5.987814364743444,5.985069946664281,5.876625460589731,5.875201989271039,5.9297097844355955,5.925097616920247,5.992134089089445,5.98306304267025,5.878631367624925,5.869847657351068,3.9901080898710957,3.974728767312801,4.004971019550584,3.9885300591580397,3.978627972138049,3.9621630601396283,3.984353753442071,3.9763402937876626,3.999216683121559,3.9901415856329012,3.9730858274066363,3.9650703536165866,1.6868724578232233,1.7344232435020195,1.4438031731974883,1.5314988226120914,12,13,0.016483516483516484,0.01913265306122449,35,38,0.02197802197802198,0.02423469387755102,9,8,0.7925824175824175,0.8431122448979592,0.0008658800064428329,0.0008042640741579296,0.000875002099126643,0.0008121295520332557,0.0008587540128287542,0.0007972212859953103,0.0008665112497713928,0.0008039917521873979,0.000875633342455203,0.0008118572300627239,0.0008590471369571143,0.0007964947429102079,0.000583076351687967,0.0005393411809749241,0.0005852482785174456,0.0005412139138023827,0.0005813987567421746,0.000537636107813128,0.0005822354678282194,0.0005395598531518213,0.000584407394657698,0.0005414325859792799,0.0005805888805539275,0.0005380306059510131
A2-B0-C2-batch3-r104_vs_A2-B0-C2-batch3-r60,valido,A_P50_abs,0.09850000000000003,0.12549999999999997,856,745,8046.400000000001,7003.0,5.951437526052281,5.923094793886312,6.004527355243873,5.9840946513198725,5.891151918179093,5.8717695606160705,5.949261043922457,5.942805333773451,6.0023508731140485,6.003805191207012,5.89101103219763,5.890065798438859,3.990791062449606,3.9834550060589766,4.003431497971413,3.9979787816383956,3.9779173220479556,3.971519643263843,3.9899817370727595,3.992557236426307,4.002622172594567,4.0070810120057265,3.9766441203641385,3.9802040905350613,1.7276617802844032,1.7128876044628183,1.4608054116949605,1.4804249409312398,23,13,0.02336448598130841,0.020134228187919462,50,35,0.030373831775700934,0.021476510067114093,10,4,0.8084112149532711,0.8389261744966443,0.0007396397800323475,0.0008457939160197505,0.000746237740510523,0.0008545044482821466,0.000732147534074753,0.0008384648808533586,0.0007393692886163324,0.0008486085011814153,0.0007459672490945079,0.0008573190334438115,0.0007321300248803974,0.0008410775094158016,0.000495972243792206,0.0005688212203425641,0.0004975431867632001,0.0005708951565955156,0.0004943723058818795,0.0005671168989381469,0.00049587166149741,0.0005701209819257899,0.0004974426044684041,0.0005721949181787415,0.0004942140734196831,0.0005683570027895275
A2-B0-C2-batch3-r59_vs_A2-B0-C2-batch3-r58,valido,A_P50_abs,0.10350000000000004,0.10250000000000004,759,747,7134.6,7021.8,5.929124979289512,5.919171896426916,5.988999674662375,5.980008434295728,5.877351366670329,5.866695641206446,5.94119217225581,5.940058318367399,6.001066867628672,6.0008948562362106,5.888018008252809,5.887545752071946,3.9919096836802446,3.9771091130853353,4.006165563530926,3.9915940030541,3.9801077905258944,3.9651383576760573,3.9933836378791847,3.98001889740156,4.007639517729866,3.994503787370325,3.980809759534664,3.9679627623855196,1.7185513860579258,1.6980574078752297,1.4651664745838042,1.4099771641652807,15,13,0.013175230566534914,0.014725568942436412,36,36,0.03162055335968379,0.03346720214190094,7,6,0.8036890645586298,0.7590361445783133,0.0008310381772334135,0.0008429707334909732,0.0008394303359210571,0.0008516346854504156,0.0008237814827278794,0.0008354973996990012,0.0008327295394634331,0.0008459452445765186,0.0008411216981510767,0.0008546091965359609,0.0008252765408366003,0.0008384667395926893,0.0005595141540773477,0.0005663945303320139,0.0005615122870982151,0.000568457376036643,0.0005578599768068139,0.0005646897316465945,0.0005597207464860237,0.0005668089232677603,0.0005617188795068913,0.0005688717689723895,0.0005579583662061872,0.0005650919653629439
A2-B0-C2-batch3-r107_vs_A2-B0-C2-batch3-r71,valido,A_P50_abs,0.10650000000000004,0.13,857,728,8055.8,6843.2,5.9457456970854565,5.915759461808186,5.998773577818248,5.978183766462036,5.889403245422681,5.8649137618058145,5.944085843913684,5.927161751189482,5.997113724646476,5.989586055843332,5.886533630995563,5.875793303164121,3.9885802783425497,3.9876666491857287,4.00120596423131,4.002529578865216,3.9754967758659228,3.97577938684133,3.990067672094859,3.9780710928278946,4.002693357983619,3.9929340225073826,3.9770706320557436,3.966698519686807,1.7380261476198664,1.7335988947608383,1.447891169283902,1.4546002880082072,24,16,0.014002333722287048,0.019230769230769232,46,36,0.029171528588098017,0.02197802197802198,7,11,0.8693115519253208,0.5453296703296703,0.0007380701726812305,0.0008644726826350517,0.0007446527443355406,0.000873594775318862,0.0007310761495348297,0.0008570425768362484,0.00073786412819505,0.000866138904487591,0.0007444466998493602,0.0008752609971714011,0.0007307199323463297,0.0008586324092769642,0.000495119079215292,0.0005827195828246622,0.000496686358180604,0.0005848915096541408,0.0004934949695704862,0.000580982491647377,0.0004953037155955782,0.0005813173797094772,0.0004968709945608901,0.0005834893065389559,0.000493690338893188,0.0005796555003049461
A2-B0-C2-batch3-r112_vs_A2-B0-C2-batch3-r108,valido,A_P50_abs,0.10150000000000003,0.098,765,781,7191.0,7341.400000000001,5.941782506237656,5.92994566621276,6.001187596156614,5.988133750448358,5.887987453633124,5.876541419701583,5.93116894833755,5.942356138967904,5.990574038256508,6.0005442232035024,5.878347918302459,5.888071778122696,3.976659127414779,3.9860268026532295,3.990803196443102,3.99988110842361,3.964100406086368,3.974414652945388,3.983414346735083,3.992469402546111,3.997558415763406,4.006323708316492,3.971085305335484,3.9806118950971716,1.6992766528860257,1.7061909505341957,1.5029884404818505,1.4541360306603508,14,14,0.023529411764705882,0.034571062740076826,39,42,0.03137254901960784,0.03585147247119078,8,2,0.6169934640522876,0.7682458386683739,0.0008262804208368316,0.0008077404399995585,0.0008345414540615511,0.0008156664601368074,0.0008187995346451292,0.0008004660445829927,0.000824804470635176,0.0008094309176680066,0.0008330655038598955,0.0008173569378052554,0.0008174590346686773,0.0008020366385325273,0.0005530050239764677,0.0005429518624040686,0.0005549719366490199,0.0005448390100557945,0.0005512585740629075,0.0005413701273524652,0.0005539444231310086,0.0005438294334249749,0.0005559113358035608,0.0005457165810767009,0.000552229913132455,0.000542214277262807
A2-B0-C2-batch3-r120_vs_A2-B0-C2-batch3-r111,valido,A_P50_abs,0.09250000000000004,0.12200000000000003,832,751,7820.8,7059.400000000001,5.9349029512947205,5.92870333287096,5.989524217866839,5.989215841243799,5.87795597276626,5.876765695375404,5.939063818312292,5.937540560491019,5.99368508488441,5.998053068863858,5.878990842540344,5.8849294886855565,3.9860987706333497,3.9756136931167827,3.9991038341029017,3.990021433205554,3.9728437605713225,3.9640780211927535,3.991088543700209,3.98323319170499,4.004093607169761,3.9976409317937613,3.9776676861325,3.9711087781357226,1.7152741473251047,1.7437703705229066,1.5030969512236352,1.5030564416116026,14,15,0.019230769230769232,0.018641810918774968,42,33,0.027644230769230768,0.037283621837549935,5,5,0.8329326923076923,0.7776298268974701,0.0007588613634531915,0.0008398310526207552,0.0007658454656642337,0.0008484029579346401,0.000751579886043149,0.0008324738214827611,0.0007593933892072795,0.0008410828909667987,0.0007663774914183217,0.0008496547962806836,0.0007517122087945407,0.0008336302644255257,0.0005096791595020138,0.0005631659479724598,0.0005113420409808333,0.000565206877809099,0.0005079843188128226,0.0005615318612336393,0.0005103171726294252,0.0005642452887929555,0.0005119800541082448,0.0005662862186295947,0.0005086011259887096,0.0005625278037985837
A2-B0-C2-batch3-r76_vs_A2-B0-C2-batch3-r26,valido,A_P50_abs,0.10650000000000004,0.11150000000000004,812,830,7632.8,7802.0,5.933823905261564,5.936577169322602,5.989790523227084,5.991330053404533,5.879656086613266,5.876739384090849,5.942625857043312,5.935506549920856,5.998592475008833,5.990259434002787,5.8851994619924115,5.878459713347451,3.9878246078381006,3.9869967798845574,4.001149993067986,4.0000331808564455,3.9745858398199596,3.97358966188645,3.990758414894597,3.9862636668077256,4.004083800124483,3.9993000677796138,3.978155782550952,3.972660428010783,1.7601608413311454,1.7514512768810266,1.5321250899182504,1.5405370279951138,17,21,0.014778325123152709,0.01566265060240964,42,45,0.022167487684729065,0.030120481927710843,3,1,0.8805418719211823,0.8831325301204819,0.0007774111604210203,0.0007609045333661371,0.0007847435440764967,0.0007679223344532855,0.0007703144437969376,0.0007532349889888296,0.0007785643351120575,0.0007607673096540446,0.0007858967187675339,0.0007677851107411928,0.000771040700921341,0.0007534554874836517,0.0005224589413895425,0.0005110224019334218,0.0005242047470217988,0.0005126933069541714,0.0005207244837831411,0.0005093039812722955,0.0005228433097807615,0.0005109284371709466,0.0005245891154130178,0.0005125993421916962,0.0005211921945486521,0.0005091848792631099
A2-B0-C2-batch3-r143_vs_A2-B0-C2-batch3-r70,invertido,A_P50_abs,0.10000000000000003,0.09500000000000004,870,869,8178.0,8168.6,5.93201554501037,5.94393122980102,5.984251055111522,5.9962268498102285,5.871587475305706,5.884789226932635,5.938641578431204,5.953914720851678,5.990877088532356,6.0062103408608865,5.877446542090448,5.8944340828536035,3.991781201878963,3.9837926121520106,4.004218228093523,3.996243950249441,3.976951728175464,3.9694986058315944,3.9900404851811926,3.985497613117575,4.002477511395752,3.9979489512150055,3.9760774720987384,3.971189241562283,1.7024213005179205,1.6967586765188272,1.4722137413702425,1.4296957920594597,16,21,0.020689655172413793,0.011507479861910242,47,47,0.027586206896551724,0.02761795166858458,3,6,0.8919540229885058,0.8711162255466053,0.0007253626247261396,0.0007276560524203682,0.0007317499455993546,0.0007340580821450711,0.0007179735235150044,0.0007204158885161025,0.0007261728513611157,0.0007288782313801236,0.0007325601722343306,0.0007352802611048265,0.0007186899660174184,0.0007215966117637788,0.0004881121547907756,0.0004876958857272985,0.0004896329454748743,0.0004892201785188944,0.0004862988173362025,0.0004859460134945516,0.00048789930119603727,0.00048790461194299817,0.000489420091880136,0.0004894289047345941,0.0004861919139274564,0.0004861529811182189
A2-B0-C2-batch4-r11_vs_A2-B0-C2-batch4-r0,valido,A_P50_abs,0.08600000000000003,0.09000000000000002,1240,1196,11656.0,11242.4,5.969019538742999,5.945643729034719,6.00566864663655,5.983641131867497,5.8932228909014786,5.870171866642444,5.970604924957318,5.952765889531805,6.007254032850868,5.990763292364583,5.895131563322973,5.875102163614347,3.9843666008916205,3.992770310102898,3.9930925789615133,4.001817310777369,3.9682976021820684,3.975888661306203,3.9938971617441332,3.99440361098807,4.002623139814026,4.003450611662541,3.9762183582856334,3.977870211443232,1.7764963319603893,1.7818234545521714,1.5904872955437837,1.5510502361729912,39,32,0.025806451612903226,0.026755852842809364,51,61,0.04758064516129032,0.03762541806020067,3,4,0.9112903225806451,0.8854515050167224,0.000512098450475549,0.0005288589383970254,0.0005152426773023807,0.0005322387685785506,0.0005055956495282669,0.0005221457933041383,0.0005122344650786992,0.000529492447300559,0.000515378691905531,0.0005328722774820842,0.0005057593997360135,0.0005225843381852938,0.00034182966720072244,0.00035515284192902744,0.00034257829263568235,0.00035595756340081917,0.00034045106401699285,0.0003536512365069917,0.0003426473199849119,0.000355298122374944,0.0003433959454198718,0.00035610284384673567,0.0003411306072654112,0.00035382749336825166
A2-B0-C2-batch4-r31_vs_A2-B0-C2-batch4-r1,valido,A_P50_abs,0.09850000000000003,0.10750000000000003,827,792,7773.8,7444.8,5.933680488222123,5.933874991524533,5.988631992197942,5.991254907923526,5.877096623364364,5.881655869987123,5.941008145036233,5.942087684307985,5.995959649012052,5.9994676007069785,5.884011938983373,5.885232054202898,3.982359955606605,3.9903167119517278,3.9954436470294192,4.003978596808631,3.9699210446247175,3.977802880052629,3.9842753049289232,3.9887977029320374,3.9973589963517373,4.00245958778894,3.9714136203958286,3.9762226626667063,1.700785656677351,1.716539996579549,1.5106464189757154,1.483668087668436,22,18,0.015719467956469165,0.011363636363636364,41,32,0.03385731559854897,0.016414141414141416,9,9,0.7363966142684402,0.8282828282828283,0.0007632921464691815,0.0007970496173872411,0.0007703609550281641,0.000804756999237525,0.0007560133555486845,0.0007900354435293255,0.0007642347558512224,0.0007981527622378015,0.0007713035644102051,0.0008058601440880855,0.0007569029225068014,0.0007905158035411157,0.0005122797030546972,0.0005359870932666731,0.0005139627527115978,0.0005378221841834073,0.0005106795961594995,0.0005343062110537058,0.0005125260882617154,0.0005357830570239681,0.000514209137918616,0.0005376181479407022,0.0005108715969533341,0.0005340939531843309
A2-B0-C2-batch4-r3_vs_A2-B0-C2-batch4-r9,valido,A_P50_abs,0.07550000000000001,0.07950000000000002,1331,1096,12511.4,10302.4,5.957891176376043,5.9431862405934845,5.992034597704369,5.984650559743121,5.87956506515221,5.874520476042104,5.9676290910036895,5.946694545600241,6.001772512332016,5.988158864749878,5.88932701783928,5.873980159846719,3.9878563698301335,3.9883898576265775,3.9959857558606875,3.998262314566967,3.969592557455854,3.9705533822869032,3.9867593910684356,3.9924170950431845,3.9948887770989896,4.002289551983575,3.9689457310832275,3.9771689717419036,1.8045478431264206,1.755105629486769,1.572555775824415,1.4941321870743507,35,32,0.024793388429752067,0.020985401459854013,56,57,0.03681442524417731,0.03375912408759124,7,5,0.932381667918858,0.8987226277372263,0.0004761970024438546,0.0005768739556407716,0.0004789259873159174,0.0005808986798943083,0.0004699366230119899,0.0005702089295738958,0.0004769753257831809,0.0005772144884299039,0.0004797043106552437,0.0005812392126834406,0.0004707168676438512,0.0005701564839111974,0.0003187378206939378,0.00038713211073405977,0.00031938757899680994,0.0003880903784134733,0.0003172780470175883,0.00038540081750727047,0.0003186501423556465,0.00038752301357384536,0.0003192999006585186,0.00038848128125325895,0.00031722634805723,0.00038604295812062273
A2-B0-C2-batch4-r23_vs_A2-B0-C2-batch4-r10,valido,A_P50_abs,0.09550000000000002,0.12799999999999997,870,747,8178.0,7021.8,5.935041919811167,5.905370484691791,5.987277429912319,5.966207022560603,5.875133684724364,5.854282813680956,5.942865719997496,5.919378279414737,5.995101230098648,5.9802148172835485,5.8807167394325885,5.865795768833644,3.9831181688585082,3.9850583497340732,3.9955551950730683,3.999543239702838,3.968942081951583,3.9734680359578025,3.9831640286786643,3.983001117240515,3.9956010548932244,3.9974860072092797,3.9696392936063116,3.9705107773697597,1.7316574339726507,1.7679354563000664,1.4807320448916759,1.5166801601391315,21,15,0.017241379310344827,0.02677376171352075,46,34,0.021839080459770115,0.03346720214190094,6,7,0.8839080459770114,0.5917001338688086,0.0007257326876756135,0.0008410052243999816,0.0007321200085488284,0.0008496691763594239,0.0007184071514703306,0.0008337296439204984,0.0007266893763753357,0.0008430001252406415,0.0007330766972485507,0.0008516640772000838,0.0007190898434131314,0.0008353692456113311,0.00048705284529940184,0.0005675266099481719,0.0004885736359835006,0.000569589455652801,0.00048531940351572307,0.0005658759913352421,0.0004870584530054615,0.0005672336320089599,0.0004885792436895603,0.000569296477713589,0.0004854046580589767,0.0005654548374162977
A2-B0-C2-batch4-r15_vs_A2-B0-C2-batch4-r62,valido,A_P50_abs,0.10550000000000002,0.10250000000000004,669,785,6288.6,7379.0,5.90835405627549,5.934222596757167,5.976283643402549,5.992114181200482,5.862660166965112,5.8793123957579905,5.922848138370638,5.924933484140806,5.990777725497696,5.982825068584121,5.879147727862338,5.870658374366181,3.9732020171442635,3.987648173738587,3.9893757283649918,4.001431884320329,3.9637542879600245,3.976037783794801,3.987088995667378,3.983748160128201,4.003262706888106,3.9975318707099428,3.977046980257052,3.9711695712848036,1.6506813492990413,1.6985349328516433,1.4224230201439292,1.4710342227120436,8,13,0.01195814648729447,0.015286624203821656,29,39,0.02242152466367713,0.02038216560509554,7,5,0.7952167414050823,0.8280254777070064,0.0009395340864859412,0.0008042041735678503,0.0009503361071466699,0.0008120496247730698,0.0009322679399174875,0.000796762758606585,0.0009418389050616413,0.0008029453156445054,0.00095264092572237,0.000810790766849725,0.0009348897573167856,0.0007955899680669713,0.0006318102625615023,0.0005404049564627439,0.0006343821722426282,0.0005422729210354153,0.0006303079044556856,0.0005388315196903105,0.000634018540798807,0.0005398764277176042,0.0006365904504799328,0.0005417443922902755,0.0006324216805421003,0.0005381717809032123
A2-B0-C2-batch4-r51_vs_A2-B0-C2-batch4-r36,roto_misma_clase,A_P50_abs,0.14499999999999996,0.15349999999999997,463,421,4352.2,3957.4,5.893382794988421,5.898983150707858,5.991535913321039,6.0069282665938495,5.8806875208339715,5.896966259723223,5.882190297985028,5.9002640584187835,5.9803434163176465,6.008209174304775,5.869686549393105,5.8983295503102235,3.9719517119687953,3.978359030919107,3.99532150204799,4.004060248987201,3.969760516615756,3.9778777843311497,3.983022097345163,3.9733100412974465,4.006391887424358,3.9990112593655396,3.980208586634882,3.9730988602770725,1.689532993897983,1.7575593204830604,1.3873258563866864,1.43437660422091,5,3,0.01511879049676026,0.011876484560570071,17,13,0.023758099352051837,0.021377672209026127,21,19,0.13822894168466524,0.1377672209026128,0.0013541158023501725,0.0014906209002647844,0.0013766683317221265,0.0015178976769075275,0.0013511988237750957,0.0014901112497405426,0.001351544115156709,0.0014909445743212168,0.0013740966445286629,0.0015182213509639599,0.0013486711431903646,0.0014904557412215656,0.000912630787180919,0.0010052961618535166,0.0009180004370313842,0.0010117906324827414,0.0009121273187389725,0.0010051745550945443,0.0009151744169259601,0.001004020326804833,0.0009205440667764252,0.0010105147974340575,0.0009145279597984657,0.0010039669632276424
A2-B0-C2-batch4-r38_vs_A2-B0-C2-batch4-r72,valido,A_P50_abs,0.09950000000000002,0.10150000000000003,745,845,7003.0,7943.0,5.9405098163868555,5.930891856934468,6.001509673820416,5.984672796328554,5.886369118102969,5.870875657213592,5.930767713265276,5.936244344487136,5.991767570698836,5.990025283881222,5.879482225563296,5.8786307275849925,3.9837512727569866,3.9797794356381653,3.9982750483364056,3.9925844212081856,3.97218173999192,3.9657365646479494,3.9845638161144183,3.9826169356275605,3.9990875916938373,3.9954219211975808,3.9720273685056435,3.9700440211450108,1.6890647453397554,1.7010298020507773,1.4708584869129657,1.475931544723779,8,12,0.01879194630872483,0.02485207100591716,37,41,0.02953020134228188,0.028402366863905324,6,6,0.8335570469798658,0.8236686390532545,0.0008482807106078617,0.0007466815884344036,0.0008569912428702578,0.0007534524482347418,0.0008405496384553719,0.0007391257279634384,0.0008468895777902721,0.0007473554506467501,0.0008556001100526682,0.0007541263104470882,0.0008395662181298439,0.0007401020681839346,0.0005688635260255586,0.000501042356243002,0.00057093746227851,0.000502654465719273,0.0005672114436658461,0.0004992744006858806,0.0005689795539218076,0.0005013995890252499,0.000571053490174759,0.000503011698501521,0.0005671894000436446,0.0004998166966064473
A2-B0-C2-batch4-r57_vs_A2-B0-C2-batch4-r43,valido,A_P50_abs,0.09950000000000002,0.09350000000000003,823,758,7736.200000000001,7125.2,5.932166550470338,5.933949327030934,5.987385133444825,5.993903012767085,5.874506274198706,5.881560470383945,5.9343669581977405,5.938497424819396,5.989585541172227,5.998451110555546,5.876829622991647,5.885429607990354,3.9894694316131014,3.988357721885933,4.002616713273693,4.002632408965969,3.975426808189965,3.9766383582220617,3.9970134968683437,3.990143416122272,4.0101607785289355,4.004418103202308,3.984204405392024,3.9783834436163,1.7150767161207718,1.6950484591551969,1.4958641205641252,1.4624877866862303,17,13,0.020656136087484813,0.021108179419525065,44,35,0.02916160388821385,0.03562005277044855,3,7,0.8687727825030377,0.8179419525065963,0.0007668062550697161,0.0008328116160993283,0.0007739439432078829,0.0008412259322920177,0.0007593529477261065,0.0008254590005029957,0.0007670906851164318,0.0008334499276959798,0.0007742283732545987,0.0008418642438886692,0.0007596532694335263,0.0008260020221173236,0.0005156885074859881,0.0005597537924389397,0.0005173879570426945,0.0005617572010562467,0.0005138733238786438,0.0005581090156377451,0.0005166636716822656,0.000560004409156553,0.000518363121238972,0.0005620078177738601,0.0005150079374101011,0.0005583539330287291
A2-B0-C2-batch4-r13_vs_A2-B0-C2-batch4-r94,valido,A_P50_abs,0.07650000000000001,0.08900000000000004,1229,951,11552.6,8939.4,5.953987009760002,5.945950108802396,5.99096414058832,5.993736537601557,5.87771509790586,5.882601450255041,5.957865297813574,5.952210374771178,5.994842428641891,5.999996803570339,5.881165170162012,5.88845443283688,3.986154876332482,3.9811476273878226,3.9949589551011293,3.99252534853048,3.9686570807426493,3.9674052273075158,3.995008451698625,3.976598850518184,4.003812530467272,3.9879765716608415,3.978707648868036,3.9612547889231053,1.8209963262271223,1.6957017504846132,1.5895196082727785,1.4819181718474963,31,24,0.01952807160292921,0.015772870662460567,60,52,0.030919446704637917,0.025236593059936908,6,5,0.9275834011391375,0.889589905362776,0.0005153806943683675,0.0006651397307204506,0.0005185814570389626,0.0006704853276060538,0.0005087785518329951,0.00065805327541614,0.0005157164013134336,0.0006658400311845513,0.0005189171639840288,0.0006711856280701545,0.000509077192161246,0.0006587080153966576,0.00034504396208061234,0.00044534841570886445,0.000345806048430754,0.0004466211768721033,0.0003435293423768372,0.00044381113131837887,0.0003458103328859845,0.00044483956982774953,0.0003465724192361262,0.0004461123309909884,0.00034439932559493416,0.00044312311664352255
A2-B0-C2-batch4-r41_vs_A2-B0-C2-batch4-r12,valido,A_P50_abs,0.09350000000000003,0.1005,785,809,7379.0,7604.6,5.94848393692281,5.926601585297549,6.006375521366125,5.982775743255525,5.894819558943502,5.867770393411031,5.956227852478872,5.942698382065915,6.014119436922186,5.998872540023891,5.902125726481286,5.887628998415555,3.9932397443747685,3.986136755156696,4.00702345495651,3.9995115546705,3.9802493361225286,3.972644853746545,3.991391563884077,3.9914815769726233,4.0051752744658184,4.004856376486427,3.978308390371832,3.978361605119623,1.7001985286262158,1.677854560137553,1.480094494254254,1.4548885757652579,15,14,0.015286624203821656,0.019777503090234856,44,41,0.02165605095541401,0.0407911001236094,5,7,0.8535031847133758,0.7169344870210136,0.0008061368663670971,0.0007793442896796082,0.0008139823175723166,0.0007867311552554407,0.0007988642849903107,0.0007716080258542238,0.0008071863196203919,0.0007814610080827282,0.0008150317708256114,0.0007888478736585607,0.0007998544147555612,0.0007742194196164893,0.0005411627245392016,0.0005241744148484727,0.0005430306891118729,0.0005259331923665281,0.0005394022680746075,0.000522400238506502,0.00054091225964007,0.0005248772554733481,0.0005427802242127413,0.0005266360329914035,0.0005391392316535888,0.000523151987628491
A2-B0-C2-batch4-r18_vs_A2-B0-C2-batch4-r19,valido,A_P50_abs,0.08200000000000002,0.09050000000000001,1234,893,11599.6,8394.2,5.965147154215503,5.944652739969934,6.0019744587438675,5.995542878590317,5.8890354972475505,5.881761586096164,5.969801377553102,5.953322395834337,6.006628682081467,6.00421253445472,5.894848012366939,5.891200213173829,3.988003557836076,3.9841973494874634,3.9967719636761627,3.9963140491589835,3.969806943515808,3.969828055060581,3.995243921515293,3.9871967883355843,4.00401232735538,3.999313488007104,3.977459424248709,3.9733492521375315,1.7963138917154335,1.7343326854757581,1.5252625936831414,1.5266331543012726,32,18,0.024311183144246355,0.01791713325867861,67,42,0.03403565640194489,0.029115341545352745,6,8,0.9092382495948136,0.6405375139977604,0.0005142545565550107,0.000708185740150334,0.0005174294336652874,0.0007142482760227677,0.0005076929805551528,0.0007006935248262089,0.0005146557965406654,0.0007092185551731358,0.000517830673650942,0.0007152810910455695,0.0005081940767239335,0.0007018179472938254,0.0003438052655122656,0.00047463693377420874,0.00034456118863376,0.0004760803946962168,0.0003422365377699065,0.0004729251215196899,0.0003444294563187776,0.0004749942565504258,0.00034518537944027203,0.00047643771747243375,0.0003428962571337554,0.00047334460128869115
A2-B0-C2-batch4-r39_vs_A2-B0-C2-batch4-r26,valido,A_P50_abs,0.10150000000000003,0.10250000000000004,761,797,7153.400000000001,7491.8,5.93901183672374,5.951922682562664,5.998729174158697,6.008942624580233,5.885936465478649,5.89754322744967,5.948730462878177,5.960333756004328,6.008447800313134,6.017353698021897,5.89489562656613,5.905295254596466,3.984042558563471,3.992367326409259,3.998260972238461,4.0059435030801085,3.971937801705287,3.9796892199454366,3.9799745291025586,3.9857342348776115,3.9941929427775484,3.999310411548461,3.9671848441823885,3.9721852697926714,1.7287045931050897,1.7453842210270822,1.4497076712030597,1.5124576618498529,14,16,0.01445466491458607,0.012547051442910916,39,45,0.02759526938239159,0.03262233375156838,8,3,0.7923784494086727,0.8619824341279799,0.0008302362284681046,0.00079445829874832,0.0008385843339053733,0.000802069279022429,0.000822816627824342,0.0007871997687404456,0.0008315948308326357,0.000795581002696859,0.0008399429362699044,0.0008031919829709678,0.0008240690617840648,0.0007882345036702083,0.0005569439089892178,0.0005328982789729116,0.0005589315531409484,0.0005347104171334136,0.0005552517406695119,0.0005312060145686532,0.000556375224243375,0.0005320128987529848,0.0005583628683951056,0.0005338250369134868,0.0005545873073199301,0.0005302043927751237
A2-B0-C2-batch4-r70_vs_A2-B0-C2-batch4-r47,valido,A_P50_abs,0.098,0.09300000000000001,781,779,7341.400000000001,7322.6,5.906064098981986,5.934494454193947,5.964252183217584,5.992831930173411,5.852795953633919,5.882194792010094,5.92954029656397,5.946117110085805,5.9877283807995685,6.004454586065268,5.8740264374446785,5.892574090115077,3.989376109555157,3.983861072075948,4.003230415325538,3.9977509473091537,3.976260376742703,3.97156990795816,3.981539544464653,3.9866572460898255,3.9953938502350335,4.000547121323031,3.9693861616805335,3.973037551303392,1.7341174100645067,1.762180761621604,1.4446857422042505,1.549979765910626,17,12,0.011523687580025609,0.03465982028241335,41,38,0.015364916773367477,0.0410783055198973,11,6,0.6888604353393086,0.7124518613607189,0.0008044874409488634,0.0008104354265143456,0.0008124134610861122,0.0008184021973306491,0.00079723158438907,0.0008032932007770592,0.000807685223058813,0.000812022657264606,0.0008156112431960618,0.0008199894280809095,0.0008001234692898736,0.0008047106342166821,0.0005434080842285063,0.0005440500740277972,0.0005452952318802324,0.0005459469242221551,0.0005416215404068301,0.0005423715494439352,0.0005423406359093161,0.0005444319293816165,0.0005442277835610419,0.0005463287795759744,0.0005406851774430671,0.0005425719759789408
A2-B0-C2-batch4-r44_vs_A2-B0-C2-batch4-r28,valido,A_P50_abs,0.10000000000000003,0.10650000000000004,755,832,7097.0,7820.8,5.933270513457306,5.905705856847499,5.993462425759296,5.960327123419617,5.882586471240455,5.847871173456987,5.936271290856815,5.918304850531402,5.996463203158805,5.97292611710352,5.881964907789316,5.862616489080158,3.9915692529655775,3.984166321673175,4.005900660656527,3.997171385142727,3.9795160762804147,3.970339065148659,3.988153996153902,3.9876233177847733,4.002485403844852,4.000628381254325,3.9768566197485318,3.9745685664521746,1.717246482060325,1.737013474119811,1.4605710964289924,1.4406338840660942,12,16,0.01456953642384106,0.021634615384615384,35,45,0.018543046357615896,0.026442307692307692,4,2,0.8622516556291391,0.8870192307692307,0.0008360251533686496,0.0007551281015813598,0.0008445064711510915,0.0007621122037924019,0.0008288835382894822,0.0007477331185373603,0.0008364479767305643,0.0007567390612893056,0.0008449292945130061,0.0007637231635003478,0.0008287959571353129,0.0007496185158909776,0.0005624304992201744,0.0005094320685445447,0.0005644498605969462,0.0005110949500233643,0.000560732151089251,0.0005076640580437626,0.0005619492737993381,0.0005098740944385195,0.0005639686351761099,0.000511536975917339,0.0005603574214102482,0.0005082048596629724
PAR_piloto_A_r9_r19,valido,A_P75_abs,0.08050000000000002,0.08700000000000001,1535,1476,14429.0,13874.4,5.950269192783702,5.948914020829227,5.979874986782401,5.979703244262833,5.922949654034917,5.923500199332369,5.945921494244661,5.954804340541973,5.97552728824336,5.985593563975579,5.920344224158397,5.92983961159057,3.992613418813195,3.995548012345133,3.999662417384314,4.002878779829325,3.9861820246151805,3.9897522544361386,3.9952382292057287,3.9913404657997242,4.002287227776847,3.998671233283916,3.9889181197073253,3.9852938436084377,2.051555983623718,2.037821289713196,1.673908644188956,1.6450950767770252,58,51,0.013680781758957655,0.02032520325203252,37,39,0.03908794788273615,0.046747967479674794,46,39,0.07947882736156352,0.09417344173441734,0.00041238264555989345,0.00042876910142631224,0.00041443447132735473,0.00043098824051943384,0.00041048926842018966,0.0004269373954428566,0.0004120813288685745,0.0004291936473319187,0.00041413315463603576,0.00043141278642504026,0.00041030869943574724,0.00042739430977848194,0.00027670756246539577,0.0002879798774970545,0.0002771960924100294,0.0002885082439477977,0.00027626183551286856,0.00028756214715131023,0.00027688947461402234,0.00028767661778525373,0.00027737800455865597,0.000288204984235997,0.00027645146023337207,0.0002872408063489908
PAR_piloto_B_r1_r17,valido,A_P75_abs,0.08700000000000002,0.12100000000000004,1657,1304,15575.800000000001,12257.6,5.9550473742090935,5.945690762475378,5.982473381323157,5.9805411411471585,5.927214501383125,5.924728204759467,5.953736551449965,5.94815132654125,5.981162558564028,5.983001705213031,5.925057339765937,5.928144843373975,3.9942362333036834,3.9931182112254984,4.000766234997508,4.0014159204330655,3.9877944007613446,3.988398373482062,3.990756822101296,3.9904599260493008,3.9972868237951205,3.9987576352568674,3.983851797008366,3.985371903048488,2.0923153367186424,2.056320490861395,1.6625941278368674,1.6481172654534244,60,53,0.01931200965600483,0.023773006134969327,36,37,0.03922751961375981,0.04831288343558282,28,35,0.21363910681955342,0.04984662576687116,0.0003823269029012374,0.00048506157506162523,0.0003840877117915713,0.0004879047400100475,0.00038053997235346657,0.00048335140686263763,0.0003822427452490379,0.00048526231289495905,0.0003840035541393718,0.0004881054778433813,0.0003804014779186903,0.00048363014320698786,0.0002564385927723573,0.00032576672523377317,0.0002568578329843416,0.00032644366926911186,0.0002560250132103227,0.0003253816712473944,0.00025621520705846864,0.0003255498569091258,0.0002566344472704529,0.00032622680094446444,0.000255771889534301,0.000325134765618758
PAR_piloto_C_r6_r14,valido,A_P75_abs,0.10050000000000002,0.09900000000000003,1335,1323,12549.0,12436.2,5.960944318410238,5.957869263244339,5.994985437352562,5.992219145170266,5.939947480926865,5.936780508642391,5.962750001108445,5.95827986105572,5.996791120050768,5.992629742981648,5.941190508999687,5.93730247195452,3.995728655204719,3.994501092244256,4.00383368352432,4.002679635559953,3.990973993606105,3.9898050479004854,3.990553537089708,3.995957067047258,3.998658565409309,4.0041356103629555,3.9852491635802387,3.9911280932252606,2.08085706059201,2.073259397232497,1.6443763912999605,1.6620393503858801,57,50,0.01647940074906367,0.02947845804988662,44,40,0.052434456928838954,0.030990173847316706,44,46,0.05318352059925094,0.05366591080876795,0.000475013492581898,0.00047907473852497855,0.0004777261484861393,0.0004818368267774936,0.00047334030448058527,0.00047737898302072904,0.00047515738314674033,0.00047910775486529,0.0004778700390509816,0.00048186984311780507,0.0004734393584349101,0.00047742095430714524,0.00031841012472744596,0.00032119948957432784,0.0003190559951808367,0.00032185712963445046,0.00031803123703929437,0.00032082187870092837,0.00031799773185829216,0.00032131656511211285,0.0003186436023116829,0.00032197420517223553,0.00031757503893379863,0.00032092826532423573
PAR_v2_D_r2_r20,valido,A_P75_abs,0.07600000000000001,0.08650000000000002,1642,1500,15434.800000000001,14100.0,5.96359833559193,5.953980363799203,5.991274884792906,5.984276959657871,5.9346255688980785,5.928512218424906,5.9664638426571415,5.9504273503952545,5.994140391858117,5.980723946253923,5.9385022005369965,5.925668470131259,3.986073639587275,3.991378948261417,3.9926632941589357,3.998592423465862,3.979373175459121,3.9852872645431967,3.982678854194421,3.992443140352564,3.9892685087660817,3.999656615557009,3.9754694385147844,3.9864096669573796,1.9831520125062159,2.0754712011699166,1.62250768045074,1.650096537124202,57,58,0.023142509135200974,0.018,33,37,0.05115712545676005,0.030666666666666665,32,36,0.2271619975639464,0.10333333333333333,0.0003863735413216841,0.0004222681109077449,0.0003881666678410414,0.0004244168056494944,0.0003844964346086816,0.00042046185946275933,0.0003865591936829205,0.0004220161241415074,0.0003883523202022778,0.0004241648188832569,0.0003847475963755278,0.0004202601751866141,0.0002582523673508743,0.000283076521153292,0.0002586793022364355,0.0002835881151394228,0.0002578182532626999,0.0002826444868470352,0.00025803242375634414,0.0002831519957696854,0.0002584593586419054,0.0002836635897558162,0.0002575653353794532,0.0002827240898551333
PAR_v2_E_r12_r28,valido,A_P75_abs,0.08200000000000002,0.08950000000000002,1597,1603,15011.800000000001,15068.2,5.951140771044359,5.958748069401693,5.97959718543885,5.987097971951913,5.92437669111881,5.932113004656127,5.951423037841794,5.9572844127616875,5.979879452236285,5.985634315311907,5.923701936371329,5.931570983846034,3.9900451116984312,3.993523366850234,3.996820448459024,4.000273343647906,3.983883207516079,3.986607428482575,3.9896307366754424,3.9919810226110988,3.9964060734360354,3.99873099940877,3.9834118490372448,3.985499182070799,2.050510700017223,2.092874023320831,1.6787929006563607,1.6499678036892256,61,65,0.01878522229179712,0.014348097317529632,37,37,0.034439574201628055,0.02994385527136619,36,21,0.319348778960551,0.11603243917654397,0.00039643085912711057,0.0003954518833969348,0.0003983264622123163,0.00039733332262326706,0.0003946479896560579,0.00039368424925711944,0.00039644966212191697,0.0003953547479301899,0.00039834526520712274,0.00039723618715652214,0.0003946030413655477,0.0003936482780853741,0.0002657939162324592,0.00026502988856334753,0.0002662452503003653,0.0002654778502839029,0.0002653834455239264,0.0002645709128152384,0.00026576631294551235,0.0002649275309997942,0.00026621764701341844,0.0002653754927203495,0.0002653520463260398,0.0002644973641225096
PAR_v2_F_r6_r2v1fix,valido,A_P75_abs,0.10050000000000002,0.12150000000000004,1335,1188,12549.0,11167.2,5.960944318410238,5.93670255639456,5.994985437352562,5.974955833993889,5.939947480926865,5.9197582763734795,5.962750001108445,5.941226998819781,5.996791120050768,5.9794802764191095,5.941190508999687,5.924283542382353,3.995728655204719,3.9931553752254967,4.00383368352432,4.002263298463432,3.990973993606105,3.9889295182387365,3.990553537089708,3.989929903175164,3.998658565409309,3.9990378264130992,3.9852491635802387,3.9860241038282593,2.08085706059201,2.1101705901810193,1.6443763912999605,1.6589986774504966,57,48,0.01647940074906367,0.021043771043771045,44,39,0.052434456928838954,0.030303030303030304,44,34,0.05318352059925094,0.06060606060606061,0.000475013492581898,0.0005316196142627122,0.0004777261484861393,0.0005350451173072828,0.00047334030448058527,0.0005301022885211583,0.00047515738314674033,0.0005320247688605721,0.0004778700390509816,0.0005354502719051426,0.0004734393584349101,0.0005305075168692558,0.00031841012472744596,0.0003575789253551021,0.0003190559951808367,0.0003583945213180951,0.00031803123703929437,0.0003572005084747059,0.00031799773185829216,0.0003572900909068669,0.0003186436023116829,0.00035810568686985987,0.00031757503893379863,0.0003569403345358066
PAR_v2_G_r12v1fix_r19,valido,A_P75_abs,0.06200000000000002,0.08700000000000001,1831,1476,17211.4,13874.4,5.968161627844632,5.948914020829227,5.992981340454136,5.979703244262833,5.9382512660072875,5.923500199332369,5.967093796895051,5.954804340541973,5.991913509504555,5.985593563975579,5.936029069307442,5.92983961159057,3.9827997086055067,3.995548012345133,3.988709163988722,4.002878779829325,3.97618223445228,3.9897522544361386,3.981603554713944,3.9913404657997242,3.9875130100971594,3.998671233283916,3.974213697830318,3.9852938436084377,2.1133455480379437,2.037821289713196,1.6715212649347093,1.6450950767770252,62,51,0.014199890770071,0.02032520325203252,32,39,0.03823047515019115,0.046747967479674794,33,39,0.23320589841616604,0.09417344173441734,0.0003467563142942835,0.00042876910142631224,0.0003481983650635123,0.00043098824051943384,0.0003450184915815847,0.0004269373954428566,0.00034669427222044983,0.0004291936473319187,0.00034813632298967865,0.00043141278642504026,0.0003448893796732074,0.00042739430977848194,0.00023140474967785923,0.0002879798774970545,0.0002317480950991042,0.0002885082439477977,0.00023102026763960397,0.00028756214715131023,0.00023133525190942883,0.00028767661778525373,0.0002316785973306738,0.000288204984235997,0.00023090589364202317,0.0002872408063489908
PAR_v2_H_r9_r39,valido,A_P75_abs,0.08050000000000002,0.07850000000000001,1535,1626,14429.0,15284.400000000001,5.950269192783702,5.939017996062795,5.979874986782401,5.966966885231308,5.922949654034917,5.911092886116925,5.945921494244661,5.938523692891016,5.97552728824336,5.966472582059529,5.920344224158397,5.909616281590647,3.992613418813195,3.9952209341029095,3.999662417384314,4.001875431523984,3.9861820246151805,3.989098080927802,3.9952382292057287,3.9920580132599177,4.002287227776847,3.9987125106809924,3.9889181197073253,3.9853153962184105,2.051555983623718,2.0482030836219423,1.673908644188956,1.6858571024206501,58,69,0.013680781758957655,0.017220172201722016,37,40,0.03908794788273615,0.03075030750307503,46,39,0.07947882736156352,0.10516605166051661,0.00041238264555989345,0.00038856729711750506,0.00041443447132735473,0.0003903958863436777,0.00041048926842018966,0.0003867402636751802,0.0004120813288685745,0.0003885349567461605,0.00041413315463603576,0.0003903635459723331,0.00041030869943574724,0.00038664365507253446,0.00027670756246539577,0.0002613920686518875,0.0002771960924100294,0.0002618274470390714,0.00027626183551286856,0.00026099147372011996,0.00027688947461402234,0.0002611851308039516,0.00027737800455865597,0.00026162050919113555,0.00027645146023337207,0.00026074398708607533
A2-B0-C2-r9v2fix_vs_A2-B0-C2-r39,valido,A_P75_abs,0.07500000000000002,0.07850000000000001,1668,1626,15679.2,15284.400000000001,5.963695257977282,5.939017996062795,5.990940398137955,5.966966885231308,5.934294340291927,5.911092886116925,5.956967654035989,5.938523692891016,5.984212794196662,5.966472582059529,5.9291040694487585,5.909616281590647,3.992044747209008,3.9952209341029095,3.9985316853425013,4.001875431523984,3.9852049775256124,3.989098080927802,3.9884508000836307,3.9920580132599177,3.994937738217124,3.9987125106809924,3.981875216283902,3.9853153962184105,2.0190484681239544,2.0482030836219423,1.6504000468510505,1.6858571024206501,60,69,0.011990407673860911,0.017220172201722016,34,40,0.05275779376498801,0.03075030750307503,30,39,0.3345323741007194,0.10516605166051661,0.0003803571137543549,0.00038856729711750506,0.00038209477512487594,0.0003903958863436777,0.0003784819595573707,0.0003867402636751802,0.0003799280354887997,0.0003885349567461605,0.00038166569685932074,0.0003903635459723331,0.0003781509304970125,0.00038664365507253446,0.0002546076806985693,0.0002613920686518875,0.0002550214095963124,0.0002618274470390714,0.0002541714486405947,0.00026099147372011996,0.00025437846319223114,0.0002611851308039516,0.00025479219208997424,0.00026162050919113555,0.0002539590805834419,0.00026074398708607533
A2-B0-C2-batch3-r100_vs_A2-B0-C2-batch3-r0,roto_misma_clase,A_P75_abs,0.14999999999999994,0.15049999999999997,876,849,8234.4,7980.6,5.909745896546175,5.912687334664238,5.961623629180881,5.966214889184853,5.907259479704547,5.911614967269859,5.874167792189173,5.886603554113315,5.926045524823879,5.94013110863393,5.871612718789948,5.88513442550999,3.9748722614905887,3.973340061151946,3.98722410259409,3.9860847169901876,3.9742661767578493,3.972961302560851,3.947199182633101,3.9412712777639047,3.9595510237366023,3.9540159336021463,3.9467167296629793,3.940948052098313,2.3445361933700304,2.353787515789346,1.6099482401820455,1.66059139019337,43,36,0.0228310502283105,0.02237926972909305,42,41,0.0319634703196347,0.023557126030624265,40,38,0.04794520547945205,0.045936395759717315,0.0007176899223436044,0.0007408825570338367,0.0007239900453197418,0.0007475897663314603,0.0007173879675148823,0.000740748185257983,0.0007133692548563555,0.0007376141585987664,0.0007196693778324929,0.00074432136789639,0.0007130589622546815,0.0007374300711111933,0.000482715469431967,0.0004978748541653442,0.0004842154987119997,0.0004994718087600165,0.00048264186543741494,0.0004978273942511654,0.00047935480212682176,0.0004938565117615098,0.00048085483140685446,0.000495453466356182,0.00047929621219068536,0.0004938160103373572
A2-B0-C2-batch3-r1_vs_A2-B0-C2-batch3-r69,valido,A_P75_abs,0.078,0.08800000000000001,1616,1525,15190.400000000001,14335.0,5.967583411157743,5.96324774627897,5.99570525137309,5.993047676631758,5.9396184123858164,5.937838462834175,5.969522060078653,5.9583595737169475,5.997643900294,5.988159504069736,5.942245755608047,5.932508795617323,3.9946813409321824,3.9917822646495784,4.001377017173932,3.998877486162147,3.988301994535939,3.986089812290641,3.993750847379677,3.9889228768020057,4.000446523621426,3.9960180983145746,3.9873150316682677,3.9835513195074514,2.082065039511509,1.9742946175797553,1.6644290757706055,1.6343353413415829,61,57,0.017326732673267328,0.017704918032786884,37,32,0.05631188118811881,0.04131147540983607,34,29,0.2264851485148515,0.22557377049180327,0.00039285228902186526,0.0004159921692555961,0.00039470357932464516,0.000418070992440304,0.000391011323756176,0.0004142196346588193,0.00039297991231821756,0.00041565117361122756,0.00039483120262099746,0.00041772999679593555,0.0003911842845223329,0.00041384784064299424,0.00026297407184354475,0.00027846405752700234,0.00026341485524896855,0.00027895901542812325,0.00026255411276437343,0.00027806695586261886,0.0002629128164748576,0.00027826458854565787,0.0002633535998802814,0.00027875954644677884,0.00026248913996130895,0.00027788987230606567
A2-B0-C2-batch3-r5_vs_A2-B0-C2-batch3-r114,valido,A_P75_abs,0.08100000000000003,0.09150000000000004,1630,1624,15322.0,15265.6,5.964185053734632,5.950105645306726,5.992065356672057,5.978088954289486,5.936264330887161,5.922575132947015,5.959349710593418,5.951309164878654,5.987230013530843,5.979292473861414,5.930951284201769,5.924729077519584,3.9926186386409954,3.993589330471553,3.999256806007049,4.000252023086496,3.9863997112882408,3.9872018961432776,3.9900094597758864,3.9898120303685323,3.99664762714194,3.996474722983475,3.983496586186733,3.983083710704036,1.9978645486469129,2.157780997876625,1.661917524938622,1.6504571280827756,59,61,0.017791411042944787,0.017857142857142856,29,38,0.06257668711656442,0.04926108374384237,38,28,0.20306748466257668,0.24753694581280788,0.00038925630164042763,0.0003897721442528774,0.00039107592720741795,0.0003916052401667465,0.00038743403804249844,0.00038796870957885806,0.0003889407199186411,0.0003898509829209893,0.00039076034548563135,0.0003916840788348584,0.00038708727869741344,0.00038810980750966773,0.0002605807752670014,0.00026160709899850337,0.00026101401944961814,0.00026204355040656744,0.0002601748930484428,0.00026118867886904397,0.0002604104855616686,0.00026135966030608245,0.00026084372974428537,0.0002617961117141465,0.0002599854187564765,0.00026091890988261425
A2-B0-C2-batch3-r44_vs_A2-B0-C2-batch3-r10,valido,A_P75_abs,0.10150000000000003,0.12000000000000002,1255,1256,11797.0,11806.4,5.931633419421427,5.9520904971651625,5.967844490168839,5.988272737442235,5.912267854242732,5.933127063220155,5.934844052365958,5.955882730856924,5.97105512311337,5.992064971133996,5.9149651922060125,5.936852082133604,3.9951215844945596,3.9905423561647604,4.003743268005848,3.999157175278349,3.990530113720678,3.9862024696817415,3.99477720906498,3.9905998043235313,4.003398892576269,3.99921462343712,3.990058141614662,3.986287969703057,2.042827813799618,2.1570281271828233,1.6127674712118396,1.6584447839970697,55,44,0.019123505976095617,0.028662420382165606,42,45,0.04223107569721116,0.059713375796178345,40,37,0.04701195219123506,0.06050955414012739,0.0005028086309588393,0.000504141016496575,0.0005058781461531609,0.0005072056458736139,0.0005011670640198975,0.0005025348169823278,0.0005030807876889004,0.000504462218022168,0.000506150302883222,0.0005075268473992069,0.0005013957101132502,0.0005028503254280393,0.0003386557247176875,0.0003379982345308274,0.0003393865616687164,0.00033872790819202715,0.0003382665180741441,0.00033763064691029796,0.00033862653293760954,0.00033800310037975434,0.00033935736988863853,0.00033873277404095406,0.0003382265102665646,0.0003376378887470403
A2-B0-C2-batch3-r86_vs_A2-B0-C2-batch3-r12,valido,A_P75_abs,0.09450000000000001,0.10150000000000003,1372,1203,12896.800000000001,11308.2,5.9579006433389665,5.9437785061843265,5.991023743767539,5.981554810247504,5.9359504116823665,5.926667654638892,5.957421607194948,5.939718627283398,5.9905447076235205,5.977494931346575,5.935264347437345,5.9216503755105245,3.995496512302415,3.9881723001751537,4.003382964785408,3.997166658285434,3.990192916538431,3.9844381345006736,3.9955122673922254,3.984746017466045,4.003398719875219,3.9937403755763254,3.990282905753187,3.9806100699297335,2.063226644825966,2.0908291721427896,1.6528557594389337,1.6972118414043986,53,45,0.01749271137026239,0.025768911055694097,47,43,0.025510204081632654,0.032418952618453865,47,44,0.08236151603498543,0.043225270157938485,0.0004619673596038526,0.0005256166769410097,0.0004645356789100815,0.000528957288538185,0.00046026536905917483,0.0005241035403193161,0.00046193021580507936,0.0005252576561507045,0.0004644985351113082,0.0005285982677478799,0.0004602121725883432,0.0005236598552829384,0.00030980526272427383,0.00035267967494164885,0.000310416767320995,0.00035347505865526203,0.000309394029258299,0.0003523494574291818,0.0003098064843521048,0.0003523766839520034,0.00031041798894882594,0.00035317206766561656,0.0003094010068973068,0.00035201093630548924
A2-B0-C2-batch3-r50_vs_A2-B0-C2-batch3-r21,valido,A_P75_abs,0.10000000000000003,0.09650000000000004,1262,1317,11862.800000000001,12379.800000000001,5.949744035818306,5.94159449454458,5.98575425276601,5.97610086795992,5.929796297813792,5.919694476399102,5.948453626702573,5.937848435023847,5.9844638436502775,5.972354808439187,5.928221192077981,5.917478241019926,3.993560910220895,3.984309245106263,4.00213477139892,3.9925250483003913,3.989004586854816,3.979138047508123,3.997486293263654,3.9871720936392387,4.006060154441679,3.995387896833367,3.9930588862943206,3.981891522909334,2.0673763813846295,2.0888709482005314,1.6515430331661762,1.6759915645243457,50,53,0.026148969889064975,0.024297646165527716,46,43,0.043581616481774964,0.04555808656036447,38,40,0.07923930269413629,0.05922551252847381,0.0005015463495817434,0.0004799426884557569,0.000504581907540042,0.0004827300011276369,0.0004998648125074848,0.00047817367618209516,0.0005014375717960829,0.00047964009394528556,0.0005044731297543815,0.00048242740661716556,0.0004997320356136814,0.0004779946558926578,0.00033664572531113185,0.00032183954870888565,0.0003373684772059648,0.00032250319458314276,0.00033626164032562425,0.00032142183617733106,0.0003369766238378506,0.00032207080030689013,0.0003376993757326835,0.00032273444618114724,0.00033660340613466636,0.0003216442529692995
A2-B0-C2-batch3-r48_vs_A2-B0-C2-batch3-r25,valido,A_P75_abs,0.09900000000000003,0.113,1151,1225,10819.4,11515.0,5.952365056580145,5.932235688678114,5.9918480225123805,5.969333561158116,5.936364005130692,5.913680393251261,5.94652629687446,5.944013442694478,5.986009262806695,5.981111315174481,5.931108598234139,5.9250858511381965,3.992905395944181,3.990467595702479,4.0023061021185224,3.999300422483432,3.98914116692303,3.9859616783287763,3.992653266932829,3.988860623494014,4.002053973107171,3.997693450274967,3.9890381487367796,3.9844785498842588,2.0818017172548604,2.0415195929340326,1.6466577579710995,1.5945195441590012,48,41,0.01737619461337967,0.03428571428571429,49,45,0.03475238922675934,0.035918367346938776,43,45,0.045178105994787145,0.04816326530612245,0.0005501566682607303,0.0005151746147353985,0.0005538059432604748,0.0005183963144731321,0.0005486777460053877,0.0005135632126140912,0.0005496170117450561,0.0005161974331475882,0.0005532662867448005,0.0005194191328853218,0.0005481920067872654,0.0005145536996212068,0.0003690505384720207,0.00034654516680004163,0.00036991941347195987,0.00034731223816616866,0.000368702623705846,0.00034615385830037135,0.00036902723505303705,0.00034640561211411324,0.0003698961100529762,0.0003471726834802403,0.00036869310208854277,0.000346025058609141
A2-B0-C2-batch3-r35_vs_A2-B0-C2-batch3-r31,valido,A_P75_abs,0.09750000000000003,0.11700000000000002,1265,1322,11891.0,12426.800000000001,5.914967765332898,5.936583612510968,5.950892582556616,5.970959477706129,5.896201213677102,5.916610795600445,5.905898075050356,5.948739789571762,5.9418228922740735,5.983115654766923,5.8853644909210905,5.926481460178617,3.9898533614955345,3.988667950820877,3.9984068894059432,3.9968526806292486,3.9855207676151023,3.9838544544039136,3.9897239145363392,3.9860460526294004,3.998277442446748,3.994230782437772,3.985172153183565,3.9808654362647915,2.1683673417855363,2.1722684331723814,1.642867100984119,1.7319732689822458,51,54,0.03162055335968379,0.024962178517397883,44,46,0.03241106719367589,0.031013615733736764,51,39,0.045059288537549404,0.059001512859304085,0.0004974323240545705,0.00047772424216298385,0.0005004535011821223,0.0004804905106468381,0.0004958541092992265,0.0004761170048283101,0.0004966695883483606,0.00047870246479960745,0.0004996907654759124,0.00048146873328346176,0.000494942771080741,0.0004769113094423839,0.00033553556147468964,0.00032097305427148396,0.00033625488936220196,0.0003216316896247826,0.00033517120238963104,0.00032058570624810196,0.00033552467534575216,0.00032076206687396594,0.0003362440032332645,0.00032142070222726456,0.00033514188488634807,0.00032034517625332274
A2-B0-C2-batch3-r9_vs_A2-B0-C2-batch3-r83,valido,A_P75_abs,0.07650000000000001,0.08700000000000001,1649,1452,15500.6,13648.800000000001,5.960805383171004,5.949346932833345,5.988364445504541,5.980645069050977,5.933034852577156,5.925464473003624,5.955506334793371,5.948081944596224,5.983065397126908,5.979380080813856,5.926832680107336,5.923283239377315,3.991720917954769,3.9938145634117888,3.998282599462754,4.001266500606463,3.984646234641298,3.9881012316824997,3.9855457521379014,3.9926204381026418,3.9921074336458866,4.000072375297316,3.978495153345652,3.9871161163243323,1.975862044869523,2.0719329575748793,1.678274090857248,1.6409405255832132,63,60,0.013947847180109158,0.01859504132231405,30,40,0.07519708914493632,0.026859504132231406,36,32,0.19466343238326259,0.09022038567493113,0.00038455320330638837,0.0004358879119653995,0.0003863311385046089,0.00043818101730928557,0.00038276162552269946,0.00043413812738142717,0.0003842113424508323,0.0004357952306866701,0.00038598927764905283,0.0004380883360305562,0.0003823615008520532,0.00043397831599681396,0.00025752041327140686,0.0002926128717111972,0.00025794373117574507,0.0002931588491740272,0.0002570639997575125,0.0002921942758105108,0.0002571220308980234,0.00029252538231219164,0.00025754534880236164,0.0002930713597750217,0.0002566671711640615,0.0002921220998420617
A2-B0-C2-batch3-r53_vs_A2-B0-C2-batch3-r23,valido,A_P75_abs,0.09600000000000003,0.11750000000000005,1218,1295,11449.2,12173.0,5.946555477904871,5.9449293880905945,5.983866556548551,5.980021970166272,5.927897393465803,5.925270414511326,5.949530246338995,5.948032667983963,5.986841324982675,5.98312525005964,5.9309654226865565,5.928651682842683,3.9962192812834303,3.990771323317994,4.005102871436687,3.999126700002679,3.9917846984726184,3.986118002259244,3.993732714819477,3.9904870478297214,4.002616304972734,3.9988424245144065,3.9892860845746068,3.9857992925263495,2.043026024947882,2.0580962257459325,1.6694150530901468,1.653640427169325,52,50,0.020525451559934318,0.020077220077220077,42,40,0.042692939244663386,0.0416988416988417,39,38,0.059113300492610835,0.06023166023166023,0.0005193861123838234,0.0004883701132087895,0.0005226449495640351,0.0004912529343765934,0.0005177564714972053,0.00048675514782808887,0.0005196459356408303,0.0004886250446055995,0.000522904772821042,0.0004915078657734035,0.0005180244403702054,0.00048703291570218377,0.00034903917140790885,0.00032783794654711194,0.00034981508502224495,0.00032852433253944624,0.0003486518445369649,0.00032745568079021146,0.00034882198885681764,0.00032781459359481816,0.00034959790247115374,0.0003285009795871524,0.00034843360973470694,0.0003274294990985254
A2-B0-C2-batch3-r104_vs_A2-B0-C2-batch3-r60,valido,A_P75_abs,0.09850000000000003,0.12549999999999997,1316,1227,12370.4,11533.800000000001,5.960420811336974,5.944057876811355,5.994953405400805,5.98109528006156,5.939885879265818,5.925859315261688,5.9630996846300155,5.9461185113124895,5.997632278693847,5.983155914562695,5.941627949958308,5.92715761625605,3.994111571158986,3.9850593899657856,4.00233361736466,3.9938778193110727,3.989361385320833,3.9800889939836357,3.99310970699608,3.9902283300313046,4.001331753201754,3.9990467593765917,3.9884446669331517,3.9857514263227802,2.050713857981897,2.158762411109103,1.6369392966158247,1.6569742060660735,58,49,0.019756838905775075,0.026079869600651995,43,42,0.0486322188449848,0.035859820700896494,47,43,0.05167173252279635,0.08964955175224124,0.00048182927078647205,0.000515359888051757,0.00048462082110528403,0.0005185710936605074,0.00048016926528372713,0.0005137820419342877,0.0004820458258932626,0.0005155385485540316,0.0004848373762120746,0.0005187497541627819,0.0004803100910203638,0.000513894606830017,0.0003228765093415723,0.00034551140040279746,0.00032354116417938466,0.00034627597316678566,0.00032249251320255073,0.0003450804586505432,0.00032279552051640045,0.00034595955626344347,0.0003234601753542128,0.00034672412902743167,0.0003224184074026023,0.000345571401127363
A2-B0-C2-batch3-r59_vs_A2-B0-C2-batch3-r58,valido,A_P75_abs,0.10350000000000004,0.10250000000000004,1238,1217,11637.2,11439.800000000001,5.94360498162529,5.946265392556042,5.980313296478281,5.983607129440186,5.924114588890221,5.928096006407413,5.944612965487023,5.948563900449026,5.981321280340014,5.985905637333169,5.92591259125307,5.930180673697536,3.9941602634078213,3.98746832367675,4.002900338372819,3.9963592134110697,3.989932411637825,3.983021539943573,3.9957829834926493,3.994072801886973,4.0045230584576474,4.002963691621293,3.9912560105672323,3.989606321391614,2.0503822032361083,2.0610673416099377,1.6295995589184544,1.6909325113742661,47,49,0.029079159935379646,0.02875924404272802,44,44,0.033925686591276254,0.05094494658997535,44,47,0.10339256865912763,0.05587510271158587,0.000510741843538419,0.0005197875305998393,0.000513896237624023,0.0005230517255057068,0.0005090670082915324,0.0005181992697780917,0.000510828460925912,0.0005199884526345762,0.000513982855011516,0.0005232526475404438,0.0005092215130145627,0.0005183814991256434,0.0003432234784490961,0.00034856101712239286,0.0003439745246599542,0.0003493382063856946,0.0003428601735501517,0.0003481723054549531,0.0003433629209339574,0.0003491383417443463,0.0003441139671448155,0.0003499155310076481,0.00034297391215818514,0.0003487479083018596
A2-B0-C2-batch3-r107_vs_A2-B0-C2-batch3-r71,valido,A_P75_abs,0.10650000000000004,0.13,1327,1176,12473.800000000001,11054.4,5.954444168353257,5.911891890719968,5.988690508811436,5.950535507886636,5.933037855709359,5.895390562307804,5.955183699030137,5.907707228249566,5.989430039488315,5.946350845416235,5.933736214066113,5.890641748615854,3.9937368056913067,3.9870617748953254,4.001890696276587,3.9962626361254845,3.9884643217235625,3.983057776833262,3.9941661207231696,3.984048269676437,4.00232001130845,3.9932491309065963,3.9891797815724295,3.980277606491343,2.075992840485719,2.166199468816928,1.6504999995831344,1.62885474793732,57,51,0.01733232856066315,0.023809523809523808,44,44,0.03617181612660136,0.03486394557823129,45,35,0.07159005275056518,0.047619047619047616,0.0004773560717947423,0.0005347998887972181,0.000480101533519171,0.0005382956567418075,0.00047563996983351973,0.0005333071503028481,0.00047741535851385594,0.0005344213370467476,0.0004801608202382846,0.0005379171049913369,0.00047569595584874796,0.0005328775644644534,0.000320170020818941,0.000360676452353391,0.0003208237021819002,0.0003615087780544837,0.0003197473361544647,0.0003603142438154275,0.0003202044381602374,0.0003604038454983027,0.0003208581195231966,0.0003612361711993954,0.00031980469316266326,0.0003600627448338529
A2-B0-C2-batch3-r112_vs_A2-B0-C2-batch3-r108,valido,A_P75_abs,0.10150000000000003,0.098,1269,1261,11928.6,11853.4,5.939991374454073,5.9539639863994935,5.975802953483232,5.990002760220273,5.92016025423465,5.93508454754676,5.934615198941708,5.956349466494024,5.970426777970867,5.992388240314803,5.914820538358359,5.936345106234834,3.988878830521469,3.9920355379857315,3.997405396956983,4.000616198419251,3.9840573582290735,3.987097443627196,3.989161507212042,3.9887464578351666,3.9976880736475557,3.9973271182686854,3.9848739530898727,3.9841462977820417,2.1291113825159624,2.0416691493674293,1.668355116833985,1.6216523842159518,53,46,0.018124507486209612,0.026169706582077717,48,41,0.026004728132387706,0.04203013481363997,41,44,0.054373522458628844,0.04916732751784298,0.0004979621560329019,0.0005023000984021035,0.0005009643171439424,0.0005053404727943268,0.0004962996708947111,0.0005007073538011676,0.0004975114597640719,0.0005025013469969819,0.0005005136208751125,0.0005055417213892051,0.0004958520311149975,0.0005008136995490605,0.0003343962267593405,0.00033678400610674843,0.00033511102702387394,0.0003375079047715635,0.00033399203244547336,0.00033636740881326846,0.0003344199241496942,0.00033650652621485536,0.0003351347244142276,0.00033723042487967045,0.0003340604893357035,0.0003361184384043432
A2-B0-C2-batch3-r120_vs_A2-B0-C2-batch3-r111,valido,A_P75_abs,0.09250000000000004,0.12200000000000003,1308,1241,12295.2,11665.4,5.958418800689925,5.94664180954125,5.993162603280141,5.983261385518689,5.9379175460005875,5.927795769752569,5.960015989058697,5.948005529123615,5.994759791648913,5.984625105101054,5.940032332077202,5.927676860734914,3.990762004249259,3.989832961957001,3.9990343381993103,3.998551908618296,3.9861584130451364,3.985194406860285,3.9922840110647666,3.988662157060448,4.000556345014818,3.997381103721743,3.9874086347403126,3.9844502948565004,2.0888348602420423,2.099646123758,1.6960516785835542,1.6750330574155088,48,49,0.017584097859327217,0.0257856567284448,42,42,0.039755351681957186,0.033037872683319904,47,40,0.04510703363914373,0.055600322320709106,0.00048461341016737625,0.0005097675012893899,0.0004874392123170132,0.0005129066629107179,0.00048294599079320283,0.0005081519510477626,0.000484743313574297,0.0005098844042316265,0.00048756911572393394,0.0005130235658529544,0.00048311799174289167,0.0005081417577395473,0.00032457886038854666,0.0003420228163592334,0.0003252516704241745,0.0003427702357928829,0.00032420443856506087,0.0003416251827507231,0.00032470264908783644,0.00034192245075697773,0.00032537545912346427,0.0003426698701906273,0.00032430612228677143,0.0003415613947962779
A2-B0-C2-batch3-r76_vs_A2-B0-C2-batch3-r26,valido,A_P75_abs,0.10650000000000004,0.11150000000000004,1325,1341,12455.0,12605.4,5.949401633459281,5.9569568129212325,5.983699666506831,5.990845622606543,5.927781116271677,5.934847208191932,5.952386511946983,5.961067041858445,5.9866845449945325,5.9949558515437555,5.930504632697635,5.939233639033137,3.9915060950302204,3.9896976089625595,3.999672293374875,3.9977663731733477,3.9865627666524484,3.9842974247167793,3.9898578872682573,3.99703468394907,3.998024085612912,4.005103448159859,3.984764201755749,3.991830846204492,2.088251333641178,2.147314527250342,1.7064497173015347,1.7356773009585595,53,53,0.025660377358490565,0.026845637583892617,43,49,0.03471698113207547,0.042505592841163314,44,42,0.04150943396226415,0.0842654735272185,0.00047767174897304546,0.0004725718194520787,0.000480425505139047,0.00047526025533553426,0.0004759358583919452,0.0004708178406232196,0.00047791140200296935,0.000472897888354074,0.0004806651581689709,0.00047558632423752963,0.0004761545269126965,0.0004711658209206481,0.0003204741947033497,0.0003165070215116188,0.00032112985093335006,0.0003171471252933939,0.0003200772996107947,0.0003160786190614165,0.0003203418616835213,0.0003170890795967657,0.00032099751791352164,0.00031772918337854086,0.0003199328945608791,0.0003166762535266229
A2-B0-C2-batch3-r143_vs_A2-B0-C2-batch3-r70,invertido,A_P75_abs,0.10000000000000003,0.09500000000000004,1351,1296,12699.4,12182.4,5.960559794026834,5.950164536304524,5.9941977613014465,5.985230040770576,5.937926163285869,5.929085928861138,5.963322349030412,5.948707001008161,5.996960316305025,5.983772505474213,5.939838871577313,5.928769884940263,3.9898571694058043,3.9955331673395533,3.997866209233093,4.003882096974327,3.984984337551788,3.9903993043782817,3.9941195728396575,3.9929265619577308,4.002128612666946,4.001275491592505,3.9890848196265045,3.988794086796508,2.0674910813931646,2.0800922312351338,1.6375732003184045,1.6563929857865305,52,51,0.01998519615099926,0.016975308641975308,42,53,0.0384900074019245,0.021604938271604937,38,41,0.05699481865284974,0.04938271604938271,0.00046935759122689524,0.0004884230148660793,0.0004720063752068166,0.0004913013889521421,0.0004675753313767477,0.00048669276405807874,0.0004695751255201358,0.0004883033721605071,0.00047222390950005716,0.0004911817462465699,0.00046772594544445515,0.00048666682139317897,0.0003141768248425756,0.0003279758641433177,0.00031480748769493783,0.00032866119130666593,0.0003137931191671881,0.0003275544477589212,0.0003145124630171235,0.0003277618992938773,0.00031514312586948567,0.0003284472264572256,0.00031411600702604096,0.0003274226824596556
A2-B0-C2-batch4-r11_vs_A2-B0-C2-batch4-r0,valido,A_P75_abs,0.08600000000000003,0.09000000000000002,1629,1563,15312.6,14692.2,5.963253140558355,5.956767535850805,5.991150558476098,5.985842963738202,5.934885588281102,5.930174519563066,5.962147933136322,5.958807485320525,5.990045351054064,5.9878829132079225,5.93352590171446,5.931039626711961,3.993238923062675,3.994482968101347,3.9998811654240423,4.001405689026918,3.9865801305830377,3.9882459547045954,3.9953752100221913,3.9888624886810913,4.0020174523835585,3.995785209606662,3.989265053639581,3.982584195443258,2.0456163834552057,2.016132373448353,1.6804950256586277,1.6672723717227165,62,59,0.016574585635359115,0.01599488163787588,32,34,0.042971147943523635,0.03966730646193218,33,39,0.13014119091467158,0.13691618682021753,0.00038943439654652736,0.0004054374114054263,0.0003912562568392107,0.00040741638173576465,0.00038758183380230017,0.00040362740226535616,0.00038936222020664825,0.00040557625715144943,0.0003911840804993315,0.0004075552274817878,0.00038749303852477434,0.0004036862843353589,0.0002607812470163574,0.0002718777969331582,0.0002612150232765201,0.00027234898034514355,0.00026034638993920284,0.00027145328505632886,0.00026092075872302493,0.0002714952484094343,0.0002613545349831876,0.00027196643182141966,0.000260521730708017,0.00027106792688931936
A2-B0-C2-batch4-r31_vs_A2-B0-C2-batch4-r1,valido,A_P75_abs,0.09850000000000003,0.10750000000000003,1276,1275,11994.4,11985.0,5.939909978024884,5.930895224284745,5.975525098548397,5.966538278236119,5.920938037932023,5.912438055392723,5.939431993130832,5.92705905840561,5.975047113654345,5.962702112356984,5.919965663396922,5.90690335500454,3.986567177255118,3.990440371974925,3.9950469678559544,3.998926813391919,3.982286192824036,3.985822678306609,3.988387653732765,3.9862521611140047,3.9968674443336014,3.9947386025309988,3.9840443298573445,3.98150247706493,2.096374154754379,2.103166306163947,1.65468243967683,1.6624065542188429,48,47,0.02821316614420063,0.02196078431372549,42,40,0.039968652037617555,0.03294117647058824,48,32,0.052507836990595615,0.09254901960784313,0.0004952236025165815,0.0004948598434947639,0.0004981929149059892,0.0004978338154556629,0.0004936418693667064,0.0004933198210590507,0.000495183751845097,0.0004945397629040976,0.0004981530642345049,0.0004975137348649966,0.0004935608003232277,0.0004928580187738456,0.0003323690369885212,0.0003329528887755465,0.00033307601612885636,0.00033366097733766533,0.0003320121217254749,0.0003325675993580817,0.00033252081419101956,0.000332603434385816,0.0003332277933313548,0.00033331152294793483,0.00033215870154883485,0.00033220713200374886
A2-B0-C2-batch4-r3_vs_A2-B0-C2-batch4-r9,valido,A_P75_abs,0.07550000000000001,0.07950000000000002,1692,1536,15904.800000000001,14438.400000000001,5.962517324692556,5.938638225173765,5.989376008964425,5.968224744566996,5.9335823450116365,5.911860692861894,5.961493546209355,5.938295639235712,5.988352230481224,5.967882158628942,5.933466963461469,5.913165851403216,3.9945821778501935,3.9868809728189625,4.000977102676829,3.993925382198303,3.9875862188928575,3.9806436016482287,3.9916479695105034,3.985707643115571,3.998042894337139,3.992752052494912,3.984792407864012,3.979815914451245,2.1320946743326603,2.017331047843445,1.6771261625518326,1.623001788886013,60,55,0.022458628841607566,0.020833333333333332,40,37,0.037825059101654845,0.044921875,26,41,0.22340425531914893,0.08203125,0.00037488791589284715,0.000411308609345479,0.0003765766315178075,0.0004133577643344827,0.00037306865506083923,0.000409454004104464,0.0003748235467411948,0.0004112848819284485,0.00037651226236615513,0.0004133340369174522,0.000373061400549612,0.0004095443990610604,0.00025115576290492134,0.000276130386526136,0.00025155783805372143,0.00027661828057113687,0.0002507158982755431,0.0002756983877471346,0.000250971277193709,0.00027604912200213116,0.0002513733523425091,0.00027653701604713203,0.0002505402399190189,0.00027564106233732576
A2-B0-C2-batch4-r23_vs_A2-B0-C2-batch4-r10,valido,A_P75_abs,0.09550000000000002,0.12799999999999997,1329,1221,12492.6,11477.4,5.934488647912408,5.947374921821019,5.96868345136463,5.984594327052798,5.913256288005446,5.928486475782875,5.9313561700817194,5.942498994046584,5.965550973533941,5.979718399278363,5.909930937984517,5.923556054624803,3.9874970932197975,3.989685025576529,3.9956387130893742,3.998546788726953,3.9825713156629665,3.9855387146217542,3.9908709054651346,3.981461951418929,3.9990125253347113,3.9903237145693526,3.9863530334149133,3.9769954370451526,2.107939167388169,2.2026316732008264,1.6540884577980866,1.6790154594744853,52,54,0.019563581640331076,0.028665028665028666,42,40,0.025583145221971408,0.03849303849303849,42,36,0.06772009029345373,0.05405405405405406,0.00047504031569988695,0.0005181813757315262,0.0004777775204012479,0.0005214242186429677,0.00047334072074711796,0.0005165356679895164,0.0004747895690314041,0.000517756547131457,0.00047752677373276507,0.0005209993900428985,0.0004730745351635782,0.0005161060915037206,0.00031918872718407677,0.0003476122663300512,0.0003198404425891627,0.0003483843717851563,0.0003187944315565188,0.00034725100759943494,0.00031945879204209966,0.00034689580840773426,0.00032011050744718564,0.00034766791386283937,0.0003190971481849185,0.00034650665107473406
A2-B0-C2-batch4-r15_vs_A2-B0-C2-batch4-r62,valido,A_P75_abs,0.10550000000000002,0.10250000000000004,1150,1255,10810.0,11797.0,5.950518259469206,5.936781253446374,5.990035558415295,5.972992324193786,5.934758851349041,5.91696531206618,5.95254927572594,5.933476936328511,5.992066574672029,5.9696880070759235,5.937226975044144,5.914361289986097,3.986290193689025,3.9878929181675513,3.995699074390475,3.99651460167884,3.9822278279975056,3.9833822674446013,3.9867158082426646,3.9862988918929556,3.996124688944114,3.9949205754042443,3.982722632049045,3.9815427828044347,2.052080932274513,2.145425804827229,1.6369967308359343,1.685034723263914,45,46,0.014782608695652174,0.019123505976095617,43,41,0.026956521739130435,0.03346613545816733,42,44,0.0391304347826087,0.05258964143426295,0.0005504642238176879,0.0005032449990206301,0.0005541198481420254,0.0005063145142149518,0.0005490063692274783,0.0005015652549009222,0.000550652106912668,0.0005029649009348573,0.0005543077312370055,0.0005060344161291789,0.0005492346877931678,0.000501344518944316,0.00036875949987872573,0.0003380429700913411,0.0003696298866226156,0.0003387738070423701,0.00036838370286748433,0.0003376606143464102,0.0003687988721778598,0.00033790784876603844,0.0003696692589217497,0.00033863868571706743,0.0003684294756752123,0.00033750468617482705
A2-B0-C2-batch4-r51_vs_A2-B0-C2-batch4-r36,roto_misma_clase,A_P75_abs,0.14499999999999996,0.15349999999999997,826,851,7764.400000000001,7999.400000000001,5.930651661970124,5.914682806778556,5.985669693190466,5.968084562111109,5.930651661970124,5.913312983866724,5.909531231702152,5.888011057619892,5.964549262922493,5.941412812952445,5.909531231702152,5.886018941137766,3.9720887093827226,3.980114680159668,3.985188240625661,3.992829383810276,3.9720887093827226,3.9797234186711945,3.9663081903791215,3.9433158549087928,3.97940772162206,3.9560305585594007,3.9663081903791215,3.9430799076468146,2.2721687613952666,2.349398875535834,1.6452517487463165,1.6581833130639765,32,39,0.020581113801452784,0.03055229142185664,32,38,0.03026634382566586,0.03525264394829612,36,45,0.03389830508474576,0.03525264394829612,0.0007638261374955081,0.0007393908051577063,0.0007709120721743426,0.0007460665252532826,0.0007638261374955081,0.0007392195644506743,0.0007611059749242893,0.0007360565864464699,0.0007681919096031236,0.0007427323065420462,0.0007611059749242893,0.0007358075532087114,0.0005115770322732887,0.000497551651393813,0.000513264159577773,0.0004991411085594265,0.0005115770322732887,0.0004975027400394022,0.0005108325421641236,0.0004929514532225908,0.000512519669468608,0.0004945409103882042,0.0005108325421641236,0.000492921957602672
A2-B0-C2-batch4-r38_vs_A2-B0-C2-batch4-r72,valido,A_P75_abs,0.09950000000000002,0.10150000000000003,1278,1337,12013.2,12567.800000000001,5.956215858009026,5.950520306143554,5.991775242819669,5.984510503441985,5.936630030416237,5.928389535338015,5.94913977436915,5.949982889633349,5.984699159179793,5.98397308693178,5.929421489698428,5.928964147471522,3.9884076280946763,3.9909014468487367,3.9968741482876866,3.998994350967411,3.9834605193431667,3.985573939912011,3.987306664120194,3.990884414465686,3.9957731843132045,3.9989773185843602,3.9823549692710976,3.9859907072968976,2.1510670386900665,2.0786713258480187,1.658092768877315,1.683988779987141,48,55,0.02112676056338028,0.02617801047120419,43,46,0.024256651017214397,0.033657442034405384,40,33,0.041471048513302036,0.0643231114435303,0.0004958059349722826,0.0004734735042046781,0.0004987659610111934,0.0004761780505292879,0.0004941755760676786,0.00047171259371871086,0.0004952169092639055,0.0004734307428216035,0.0004981769353028162,0.0004761352891462133,0.0004935755243980312,0.0004717583146987954,0.0003320021000311887,0.0003175497260338911,0.00033270686813569126,0.0003181936656349887,0.0003315902939552464,0.0003171258247196813,0.00033191045384412096,0.00031754837079406783,0.0003326152219486235,0.00031819231039516543,0.0003314982660133101,0.00031715898624237314
A2-B0-C2-batch4-r57_vs_A2-B0-C2-batch4-r43,valido,A_P75_abs,0.09950000000000002,0.09350000000000003,1317,1258,12379.800000000001,11825.2,5.954195558320395,5.950849870904272,5.988701931735735,5.986974587746881,5.932897716710248,5.931739109982581,5.95078723234917,5.953047786309395,5.98529360576451,5.9891725031520044,5.9291674436773425,5.933871266339635,3.9933092845186224,3.991413237444839,4.001525087712751,4.000014360502603,3.988805413653683,3.9872420141524447,3.991200779204534,3.9933372081620266,3.9994165823986623,4.001938331219791,3.9865145343896216,3.989128502297086,2.103556453977582,2.015211288375584,1.705219804394068,1.6246759938875337,43,51,0.031131359149582385,0.029411764705882353,39,39,0.032649962034927864,0.05564387917329094,44,46,0.05998481397114654,0.057233704292527825,0.0004809605614242875,0.0005032346066793181,0.0004837478740961675,0.0005062894993528127,0.00047924019101360665,0.0005016185020111779,0.00048068524793204817,0.0005034204737602235,0.0004834725606039281,0.0005064753664337182,0.0004789388716843036,0.0005017988081672728,0.00032256654263547246,0.0003375345226672563,0.0003232301885097296,0.00033826187806570735,0.0003222027345880937,0.0003371817824774587,0.00032239622443048626,0.0003376972235701744,0.00032305987030474336,0.0003384245789686256,0.00032201768480828616,0.0003373413136604105
A2-B0-C2-batch4-r13_vs_A2-B0-C2-batch4-r94,valido,A_P75_abs,0.07650000000000001,0.08900000000000004,1615,1414,15181.0,13291.6,5.960863079675175,5.957217314948312,5.989002332794681,5.98935656090871,5.933194834791372,5.932916918102579,5.960675170726174,5.958763217848239,5.98881442384568,5.990902463808637,5.933703784865146,5.93558527844285,3.9950790324400396,3.988324297754861,4.00177885461135,3.9959764991740037,3.988978045329379,3.982528383675267,3.9924904658336926,3.9865144546191074,3.9991902880050034,3.99416665603825,3.9862612709088205,3.980428589094834,2.1395621422868003,2.0408279986339948,1.691749383214626,1.6488944938399452,63,48,0.01238390092879257,0.033946251768033946,40,41,0.04458204334365325,0.03818953323903819,33,38,0.1634674922600619,0.051626591230551626,0.00039265286079146134,0.00044819414629903936,0.0003945064444236006,0.00045061215812307846,0.00039083030332595826,0.000446365894106246,0.000392640482888227,0.00044831045305668537,0.00039449406652036626,0.0004507284648807244,0.00039086382879027374,0.00044656664949613664,0.000263163100746989,0.0003000635211528229,0.0002636044301832126,0.0003006392382537846,0.00026276121766216843,0.00029962746273400244,0.00026299258717039014,0.00029992735672297594,0.0002634339166066138,0.00030050307382393766,0.0002625822588043489,0.0002994694836659871
A2-B0-C2-batch4-r41_vs_A2-B0-C2-batch4-r12,valido,A_P75_abs,0.09350000000000003,0.1005,1272,1305,11956.800000000001,12267.0,5.946066344964883,5.937081736879836,5.981793462722747,5.971905410280605,5.926435661241962,5.915580090472678,5.94345721805901,5.94646758682541,5.979184335816874,5.981291260226178,5.922936364006141,5.925326755344887,3.9918042624664287,3.992165630600378,4.0003107190754434,4.0004569814100845,3.9871059777114524,3.987265670807539,3.9859088076577605,3.987068196048673,3.9944152642667756,3.99535954685838,3.9811446839333144,3.9820431223454853,2.011481769456753,2.053696993698059,1.6563959349703223,1.6591438724647392,52,50,0.02122641509433962,0.016091954022988506,42,42,0.03537735849056604,0.037547892720306515,43,39,0.0589622641509434,0.06283524904214559,0.0004972957936040482,0.00048398807670007633,0.0005002838102772268,0.0004868268859770608,0.0004956539928109495,0.00048223527272134,0.0004970775807957823,0.0004847532067192802,0.0005000655974689611,0.0004875920159962646,0.0004953613311258982,0.0004830298162015886,0.0003338522232090884,0.00032543944164020364,0.0003345636557503214,0.0003261153486109142,0.00033345928490160007,0.000325039999250635,0.00033335916028182793,0.0003250239012023048,0.00033407059282306094,0.0003256998081730154,0.0003329607155704966,0.000324614259586328
A2-B0-C2-batch4-r18_vs_A2-B0-C2-batch4-r19,valido,A_P75_abs,0.08200000000000002,0.09050000000000001,1631,1365,15331.400000000001,12831.0,5.963865773593441,5.948751910893698,5.991728982537649,5.9820448733757505,5.937046947900427,5.926247186107646,5.964758563260567,5.950378460014038,5.9926217722047745,5.983671422496091,5.935950604121453,5.92778631865324,3.9912566789792745,3.986390991781702,3.997890776346943,3.9943178876107623,3.985496676613351,3.981416832989293,3.9876047942781154,3.993237956587226,3.994238891645784,4.001164852416286,3.981121377050223,3.9881057240417284,2.0083302173439455,2.06666615128557,1.6604852785408657,1.6679709390006503,59,55,0.02023298589822195,0.02271062271062271,30,40,0.050889025137952175,0.034432234432234435,39,38,0.12507664009809932,0.07545787545787545,0.0003889968152675842,0.0004636234051043331,0.0003908142102180915,0.0004662181336899502,0.00038724754085735333,0.00046186947128888206,0.00038905504802304856,0.0004637501722402025,0.00039087244297355585,0.0004663449008258196,0.00038717603115967573,0.00046198942550488973,0.00026033217312047656,0.0003106843575544932,0.0002607648862039307,0.0003113021500748782,0.0002599564734214325,0.00031029669028051536,0.00026009397669346014,0.0003112179843026441,0.00026052668977691426,0.0003118357768230291,0.00025967109181485205,0.0003108179973534197
A2-B0-C2-batch4-r39_vs_A2-B0-C2-batch4-r26,valido,A_P75_abs,0.10150000000000003,0.10250000000000004,1276,1310,11994.4,12314.0,5.955766967561619,5.967823262338773,5.991382088085132,6.0025140209555685,5.936424026576646,5.946236154598844,5.946066982487773,5.970807707406142,5.981682103011286,6.005498466022938,5.926516741875991,5.950248172721327,3.9869998812986944,3.9965579542083294,3.9954796718995307,4.0048176586409,3.9818116129230052,3.9914636588250487,3.9870792741669114,3.9952939788223967,3.9955590647677477,4.003553683254967,3.9821508085355664,3.9901322034688222,2.1739273568522695,2.0524487911143185,1.6717051877545925,1.6316925160689961,53,46,0.019592476489028215,0.02366412213740458,45,40,0.0384012539184953,0.03816793893129771,41,41,0.04467084639498432,0.06870229007633588,0.0004965456352599229,0.0004846372634674982,0.0004995149476493307,0.00048745444380019235,0.0004949329709344899,0.0004828842094038366,0.000495736925772675,0.000484879625418722,0.0004987062381620828,0.0004876968057514161,0.0004941069784129253,0.0004832100188989221,0.0003324051124940551,0.0003245539998545013,0.0003331120916343903,0.0003252247570765714,0.0003319725549358872,0.0003241403003755927,0.00033241173165534846,0.0003244513544601589,0.00033311871079568363,0.00032512211168222896,0.0003320008344340331,0.00032403217504213273
A2-B0-C2-batch4-r70_vs_A2-B0-C2-batch4-r47,valido,A_P75_abs,0.098,0.09300000000000001,1269,1210,11928.6,11374.0,5.937113533051796,5.951566802956227,5.972925112080954,5.989124566417386,5.9173476492450705,5.934113606408953,5.937702810418042,5.953106204109249,5.9735143894472005,5.990663967570407,5.917252308143477,5.93536906882661,3.988781025584083,3.991833945041505,3.997307592019597,4.000776269675114,3.9840254235431676,3.9878908445880734,3.9929277389643403,3.991498453676745,4.001454305399855,4.000440778310354,3.988728853423597,3.9871008595794035,2.036919359556133,2.0740997120281066,1.6719731492707472,1.675586161814135,45,50,0.0252167060677699,0.019008264462809916,44,50,0.03230890464933018,0.04214876033057851,45,48,0.06304176516942474,0.04214876033057851,0.0004977209004452992,0.0005232606649337284,0.0005007230615563398,0.0005265627366289244,0.0004960638842148341,0.0005217261830850144,0.000497770300824744,0.0005233960088015868,0.0005007724619357846,0.0005266980804967828,0.0004960558915667788,0.0005218365631111842,0.00033438802756267146,0.0003509613104485234,0.00033510282782720494,0.00035174751799499864,0.0003339893552925882,0.00035061463377774514,0.00033473565539663834,0.0003509318141090861,0.0003354504556611718,0.0003517180216555613,0.0003343836538590947,0.00035054517844025
A2-B0-C2-batch4-r44_vs_A2-B0-C2-batch4-r28,valido,A_P75_abs,0.10000000000000003,0.10650000000000004,1298,1316,12201.2,12370.4,5.924112037783559,5.932000333972958,5.959123512196504,5.96653292803679,5.903041056610766,5.9106717073916615,5.925966956450114,5.940183409368569,5.960978430863058,5.9747160034324,5.9056577611801115,5.919920729888148,3.992239449120069,3.993146001153095,4.000575514456484,4.001368047358769,3.987047416368411,3.9881139986930823,3.9934991825098147,3.990684743769357,4.0018352478462305,3.9989067899750315,3.988617906272284,3.9854228722195706,2.0182653389493335,2.091992904037527,1.6360140761397015,1.628915246434,47,44,0.01926040061633282,0.02127659574468085,42,43,0.039291217257318954,0.034954407294832825,36,41,0.07704160246533127,0.07674772036474165,0.00048553519635638785,0.00047953181255035876,0.0004884047070940976,0.00048232336286917074,0.0004838082366169529,0.00047780764626783787,0.0004856872239165093,0.0004801933170607716,0.0004885567346542191,0.0004829848673795835,0.0004840226995033367,0.0004785553199482756,0.00032720055806970366,0.0003227984544681736,0.00032788377491201553,0.000323463109305986,0.00032677502347051195,0.00032239167680051434,0.00032730380474951766,0.0003225994910244905,0.0003279870215918295,0.0003232641458623029,0.00032690373949056516,0.00032217413116953134
PAR_piloto_A_r9_r19,valido,A_P90_abs,0.08050000000000002,0.08700000000000001,1734,1679,16299.6,15782.6,5.94224258039749,5.947554531465157,5.968450708302913,5.974621174578916,5.930392122475816,5.937041135283712,5.941845935474937,5.951763731521259,5.96805406338036,5.978830374635018,5.931119312878264,5.941137301388336,3.9908680353403905,3.9946462625726475,3.9971080657940625,4.001090701409257,3.988282962529238,3.9923383278631763,3.9891579066906533,3.991342504171176,3.9953979371443253,3.9977869430077853,3.986308826802505,3.988650194680856,2.2860697490506663,2.2893658318120593,1.7478696436015535,1.7145922311386441,64,66,0.007497116493656286,0.008338296605122097,72,71,0.020184544405997693,0.02025014889815366,24,26,0.05997693194925029,0.08755211435378202,0.000364563705882199,0.0003768425057636357,0.0003661716059475639,0.00037855747307661067,0.00036383666608234654,0.0003761763673465533,0.0003645393712407014,0.0003771092045367214,0.0003661472713060664,0.0003788241718496964,0.0003638812800852944,0.0003764359041848831,0.00024484453823041,0.0002531044480993403,0.0002452273715793064,0.0002535127736500486,0.0002446859409144542,0.0002529582152410361,0.0002447396197876422,0.00025289511893928604,0.0002451224531365386,0.00025330344448999437,0.00024456482532102047,0.0002527245317426062
PAR_piloto_B_r1_r17,valido,A_P90_abs,0.08700000000000002,0.12100000000000004,1779,1578,16722.600000000002,14833.2,5.95271584257546,5.943638226482298,5.978261033012785,5.972437271975329,5.94011416144331,5.935545995945611,5.947637590268323,5.929272247191483,5.973182780705649,5.958071292684514,5.9352732872966785,5.9202603064229695,3.9911709091389205,3.989317783519181,3.997253097338284,3.9961746991127596,3.9883724836575567,3.987258465110115,3.991041898374741,3.963521735515411,3.9971240865741042,3.9703786511089896,3.988300813648822,3.9614654696150353,2.3627588598077125,2.604373713962572,1.705474679520192,1.7165233022549793,50,63,0.007307476110174255,0.012040557667934094,76,70,0.016301292861157952,0.018377693282636248,24,23,0.08206857785272625,0.07351077313054499,0.00035596832086968886,0.00040069831368027783,0.00035749590572116684,0.0004026398398171216,0.0003552147489889915,0.00040015276514478404,0.0003556646448679226,0.00039972981198874705,0.0003571922297194006,0.0004016713381255908,0.00035492526803826424,0.0003991222599589414,0.00023866928044316793,0.00026894518940749,0.00023903299112209127,0.0002694074575353099,0.0002385019365204906,0.00026880635770502084,0.00023866156568803538,0.00026720611435937026,0.00023902527636695872,0.0002676683824871902,0.00023849765070316944,0.00026706748844585354
PAR_piloto_C_r6_r14,valido,A_P90_abs,0.10050000000000002,0.09900000000000003,1634,1616,15359.6,15190.400000000001,5.963016485825097,5.951140367928639,5.990828538326935,5.979262208143987,5.9532877836038995,5.942300606808383,5.957715963542671,5.951229715024841,5.985528016044508,5.979351555240188,5.94761519329193,5.94144873408195,3.9972561330352017,3.996497184661767,4.003878050297544,4.003192860903517,3.9950913540967803,3.994341621663674,3.9962088379955976,3.991794422387964,4.00283075525794,3.998490098629713,3.9939725075486745,3.989508179199128,2.4059402745512433,2.277079176503038,1.761557083186645,1.7161615335612708,80,73,0.009791921664626682,0.009900990099009901,62,65,0.025091799265605876,0.023514851485148515,22,25,0.1364749082007344,0.09282178217821782,0.0003882273292159364,0.00039176982620132706,0.0003900380568717242,0.00039362111650410696,0.00038759393367040156,0.0003911878954345101,0.0003878822341429901,0.0003917757080145908,0.00038969296179877785,0.00039362699831737067,0.0003872246147876201,0.00039113181575744875,0.00026024480670298715,0.0002630936107450605,0.0002606759323353176,0.0002635343941504843,0.0002601038669038764,0.00026295170776698926,0.00026017662165652735,0.00026278402296107825,0.0002606077472888578,0.00026322480636650205,0.00026003102343476875,0.00026263351716868073
PAR_v2_D_r2_r20,valido,A_P90_abs,0.07600000000000001,0.08650000000000002,1805,1717,16967.0,16139.800000000001,5.9640143608227305,5.947640306953967,5.989191587298078,5.974107921274294,5.951694133669613,5.936636924483622,5.961176441113128,5.933903411796027,5.986353667588475,5.960371026116355,5.948434986186008,5.923358884801863,3.981988686244931,3.9925188315853095,3.9879832639771564,3.998820644518721,3.9791924780028585,3.989967973672986,3.987441402956118,3.986938257753941,3.9934359806883433,3.9932400706873525,3.9848492783745915,3.9846428499794246,2.351506990711983,2.249138232209138,1.6649981430213818,1.7103306502388933,55,66,0.00775623268698061,0.007571345369831101,66,72,0.0221606648199446,0.0343622597553873,14,21,0.14570637119113575,0.0896913220733838,0.0003515067107221507,0.0003685076833017737,0.00035299060454400174,0.00037014758059420155,0.00035078058193373094,0.00036782592872796574,0.00035133944958526126,0.0003676565640092211,0.00035282334340711236,0.000369296461301649,0.0003505884945002657,0.0003670032394950286,0.00023469020370395067,0.000247371022663559,0.00023504351175677234,0.0002477614743998513,0.00023452540095496307,0.0002472129749856247,0.00023501157558531962,0.00024702525791855793,0.0002353648836381413,0.00024741570965485025,0.00023485880110653572,0.000246883037582834
PAR_v2_E_r12_r28,valido,A_P90_abs,0.08200000000000002,0.08950000000000002,1785,1739,16779.0,16346.6,5.941618552782394,5.958463710908042,5.967077877033375,5.984596484794185,5.929323737590802,5.947045882684408,5.9398454859467265,5.958995682436442,5.965304810197708,5.9851284563225855,5.927971169744207,5.9480689148259,3.9932256838036313,3.9881912517195155,3.9992874276729125,3.9944133407400257,3.990447158413777,3.9855369488958545,3.9929259211227466,3.985331876130268,3.9989876649920277,3.991553965150778,3.9900265282380345,3.9833883100741754,2.351942840813804,2.240687120370281,1.725374626213372,1.7049352144640157,61,55,0.007282913165266107,0.0063254744105807935,68,76,0.024089635854341738,0.010925819436457734,17,25,0.15014005602240896,0.06152961472110408,0.0003541104090102148,0.0003645078310418094,0.0003556277416433265,0.00036610649828063235,0.0003533776588349009,0.000363809347673792,0.0003540047372278876,0.000364540374294131,0.00035552206986099935,0.00036613904153295397,0.00035329704808058924,0.0003638719314613375,0.0002379894918531278,0.00024397680567943888,0.0002383507615276782,0.00024435744073630146,0.0002378238964428021,0.00024381442923273675,0.00023797162650472295,0.00024380188394713687,0.00023833289617927335,0.00024418251900399946,0.00023779882759628312,0.00024368298668066602
PAR_v2_F_r6_r2v1fix,valido,A_P90_abs,0.10050000000000002,0.12150000000000004,1634,1479,15359.6,13902.6,5.963016485825097,5.939152980716555,5.990828538326935,5.969879751364291,5.9532877836038995,5.932358326427507,5.957715963542671,5.9394621388785005,5.985528016044508,5.970188909526237,5.94761519329193,5.931872477605865,3.9972561330352017,3.9928136232668274,4.003878050297544,4.0001295210400984,3.9950913540967803,3.9912265434241845,3.9962088379955976,3.9922486839271207,4.00283075525794,3.9995645817003913,3.9939725075486745,3.9908097808945637,2.4059402745512433,2.450718947257977,1.761557083186645,1.7476176301661397,80,63,0.009791921664626682,0.010818120351588911,62,67,0.025091799265605876,0.028397565922920892,22,30,0.1364749082007344,0.06220419202163624,0.0003882273292159364,0.00042719728545139433,0.0003900380568717242,0.00042940743108226453,0.00038759393367040156,0.0004267085528194371,0.0003878822341429901,0.0004272195228862587,0.00038969296179877785,0.0004294296685171289,0.0003872246147876201,0.00042667360620357814,0.00026024480670298715,0.00028719905796518834,0.0002606759323353176,0.00028772528311539556,0.0002601038669038764,0.0002870849009123606,0.00026017662165652735,0.0002871584224481119,0.0002606077472888578,0.0002876846475983191,0.00026003102343476875,0.0002870549236038269
PAR_v2_G_r12v1fix_r19,valido,A_P90_abs,0.06200000000000002,0.08700000000000001,1864,1679,17521.600000000002,15782.6,5.962222918463444,5.947554531465157,5.986603226289625,5.974621174578916,5.949133586260391,5.937041135283712,5.9688750907205765,5.951763731521259,5.993255398546758,5.978830374635018,5.956189096849013,5.941137301388336,3.959640734951884,3.9946462625726475,3.965445570148594,4.001090701409257,3.9559050422199467,3.9923383278631763,3.9558541340472955,3.991342504171176,3.9616589692440054,3.9977869430077853,3.952697703768388,3.988650194680856,2.17846612742227,2.2893658318120593,1.6807471027469698,1.7145922311386441,31,66,0.00536480686695279,0.008338296605122097,64,71,0.013948497854077254,0.02025014889815366,36,26,0.04184549356223176,0.08755211435378202,0.00034027845165187216,0.0003768425057636357,0.00034166989466085426,0.00037855747307661067,0.00033953141187222574,0.0003761763673465533,0.0003406581071774596,0.0003771092045367214,0.0003420495501864417,0.0003788241718496964,0.0003399340868898396,0.0003764359041848831,0.00022598625325038145,0.0002531044480993403,0.000226317549204901,0.0002535127736500486,0.00022577304825015674,0.0002529582152410361,0.00022577014279787777,0.00025289511893928604,0.00022610143875239732,0.00025330344448999437,0.00022558999770388478,0.0002527245317426062
PAR_v2_H_r9_r39,valido,A_P90_abs,0.08050000000000002,0.07850000000000001,1734,1788,16299.6,16807.2,5.94224258039749,5.94767235238953,5.968450708302913,5.973088959653513,5.930392122475816,5.935215537151029,5.941845935474937,5.940154080480578,5.96805406338036,5.965570687744561,5.931119312878264,5.92789088255708,3.9908680353403905,3.9905362943241665,3.9971080657940625,3.996587867482258,3.988282962529238,3.987798351124127,3.9891579066906533,3.9845370594101603,3.9953979371443253,3.990588632568252,3.986308826802505,3.9817409114201148,2.2860697490506663,2.20956253566215,1.7478696436015535,1.731288335659018,64,57,0.007497116493656286,0.008948545861297539,72,80,0.020184544405997693,0.01901565995525727,24,20,0.05997693194925029,0.09731543624161074,0.000364563705882199,0.00035387645487585854,0.0003661716059475639,0.0003553887000603023,0.00036383666608234654,0.0003531352954180963,0.0003645393712407014,0.000353429130401291,0.0003661472713060664,0.00035494137558573477,0.0003638812800852944,0.00035269949084660625,0.00024484453823041,0.00023743016649555943,0.0002452273715793064,0.00023779022487280794,0.0002446859409144542,0.0002372672635016021,0.0002447396197876422,0.00023707322215539532,0.0002451224531365386,0.00023743328053264386,0.00024456482532102047,0.0002369068560747843
A2-B0-C2-r9v2fix_vs_A2-B0-C2-r39,valido,A_P90_abs,0.07500000000000002,0.07850000000000001,1797,1788,16891.8,16807.2,5.960174304379057,5.94767235238953,5.985463616448063,5.973088959653513,5.948982848501605,5.935215537151029,5.952991246860059,5.940154080480578,5.978280558929065,5.965570687744561,5.94075616996115,5.92789088255708,3.9774429906464315,3.9905362943241665,3.983464255424766,3.996587867482258,3.9746126953017047,3.987798351124127,3.9691925618474717,3.9845370594101603,3.975213826625806,3.990588632568252,3.966460881261079,3.9817409114201148,2.1477239196092857,2.20956253566215,1.6802869573499268,1.731288335659018,52,57,0.006121313299944352,0.008948545861297539,68,80,0.016138007790762382,0.01901565995525727,23,20,0.05898720089037284,0.09731543624161074,0.0003528442382918965,0.00035387645487585854,0.0003543413737107983,0.0003553887000603023,0.00035218170049974574,0.0003531352954180963,0.00035241899897346993,0.000353429130401291,0.00035391613439237176,0.00035494137558573477,0.00035169467848075107,0.00035269949084660625,0.0002354659059807973,0.00023743016649555943,0.00023582236679482152,0.00023779022487280794,0.00023529835158489355,0.0002372672635016021,0.00023497747793885032,0.00023707322215539532,0.00023533393875287454,0.00023743328053264386,0.00023481576156839882,0.0002369068560747843
A2-B0-C2-batch3-r100_vs_A2-B0-C2-batch3-r0,roto_misma_clase,A_P90_abs,0.14999999999999994,0.15049999999999997,1271,1246,11947.4,11712.4,5.91094514850159,5.914175714163864,5.946700375714809,5.950648341602069,5.90932161137662,5.913248590173567,5.841080662145346,5.886208022136033,5.876835889358566,5.922680649574238,5.839598541241831,5.885327268598782,3.9678726066040397,3.975822511556844,3.9763857559405205,3.984506470470702,3.9675212096920647,3.975507503052843,3.936954183493101,3.9604756024172865,3.9454673328295815,3.9691595613311446,3.9365661230243574,3.9602692866715183,2.7196235268124473,2.7082771828143164,1.7028894997617539,1.7949282371584439,57,68,0.020456333595594022,0.012038523274478331,65,61,0.03383162863886703,0.03531300160513644,40,37,0.058221872541306056,0.056179775280898875,0.0004947474051677847,0.0005049499431511787,0.0004977401255264585,0.0005080639614085985,0.0004946115147543917,0.0005048707856778771,0.0004888997323388642,0.0005025620728574872,0.000491892452697538,0.0005056760911149071,0.0004887756784942189,0.0005024868744748115,0.0003321118073056933,0.00033945412652887916,0.0003328243597720442,0.00034019555944731243,0.00033208239530710154,0.0003394272312295382,0.00032952392851106526,0.0003381438136007382,0.0003302364809774161,0.00033888524651917154,0.0003294914477647319,0.0003381261984453672
A2-B0-C2-batch3-r1_vs_A2-B0-C2-batch3-r69,valido,A_P90_abs,0.078,0.08800000000000001,1783,1733,16760.2,16290.2,5.964290301673026,5.946792411207625,5.989778183775103,5.973015662095104,5.95308601530134,5.935337275600635,5.964488770588433,5.944499008022834,5.98997665269051,5.970722258910314,5.952537994083425,5.932639645756456,3.9877915766230623,3.9948481696375784,3.9938601199806993,4.001091800801264,3.9849271693498474,3.9921141429256966,3.985814454130493,3.9920060947708658,3.9918829974881302,3.9982497259345515,3.9830590701038227,3.9889989382963016,2.2307378246355585,2.3872480406692564,1.7224274581437602,1.6985797978042094,61,67,0.0061693774537296695,0.006924408540103866,73,65,0.017386427369601793,0.03231390652048471,19,20,0.05945036455412227,0.06982111944604731,0.000355860329928821,0.0003650533701985012,0.0003573810684702511,0.0003666631264254032,0.00035519182439955007,0.0003643501783649455,0.00035587217160824055,0.0003649125859733358,0.00035739291014967063,0.0003665223422002378,0.00035515912662637824,0.00036418458003931544,0.00023793221898444304,0.00024523014877887185,0.00023829429958954542,0.00024561342407099137,0.0002377613136686822,0.00024506231617326345,0.00023781425365631038,0.00024505568346434457,0.00023817633426141276,0.0002454389587564641,0.00023764985322990314,0.0002448710843511007
A2-B0-C2-batch3-r5_vs_A2-B0-C2-batch3-r114,valido,A_P90_abs,0.08100000000000003,0.09150000000000004,1789,1756,16816.600000000002,16506.4,5.963183773719646,5.9448220276362385,5.988586173824734,5.970701807697743,5.950718493571952,5.933656533332507,5.963357969650251,5.944455274972137,5.988760369755339,5.970335055033642,5.95133919032665,5.933379339007894,3.9948839332122996,3.9880460405800067,4.000932123713511,3.994207892975603,3.9919513829271063,3.985158351599781,3.99385373523102,3.988161447171319,3.9999019257322317,3.9943232995669153,3.9909649703869077,3.9854989757700165,2.3486706223640432,2.3278304743246343,1.7080988831068122,1.6983449138223363,51,58,0.006707657909446618,0.00683371298405467,68,65,0.022358859698155393,0.02050113895216401,16,25,0.1369480156512018,0.0785876993166287,0.00035460103550775094,0.00036015254856517704,0.00035611159056079904,0.0003617204119431095,0.0003538597869707284,0.0003594761143152054,0.00035461139407789034,0.0003601303297491965,0.0003561219491309384,0.00036169819312712896,0.00035389669673576405,0.00035945932117287195,0.00023755598237528984,0.00024160604617481742,0.0002379156383403013,0.00024197934697908706,0.00023738159811894827,0.00024143110257838054,0.00023749472159836232,0.00024161303780178105,0.00023785437756337376,0.0002419863386060507,0.0002373229410455685,0.0002414517384632637
A2-B0-C2-batch3-r44_vs_A2-B0-C2-batch3-r10,valido,A_P90_abs,0.10150000000000003,0.12000000000000002,1581,1538,14861.400000000001,14457.2,5.941670701357441,5.936720236217788,5.970415099705323,5.966268281593602,5.93322055757104,5.928905237153905,5.932490760427104,5.945073007204047,5.961235158774986,5.974621052579861,5.923391315175228,5.937302333442742,3.9931915898015395,3.992127879611437,4.000035494170083,3.9991631285104403,3.9911989881657393,3.990211342510581,3.9862065588813467,3.985819720079712,3.99305046324989,3.9928549689787154,3.9839854887732584,3.983662304967374,2.49292950353898,2.497146539420037,1.6921526698226852,1.7458900912755515,74,59,0.010120177103099304,0.013654096228868661,63,67,0.030360531309297913,0.025357607282184655,21,27,0.15370018975332067,0.06046814044213264,0.0003998055836837337,0.0004106410809989339,0.00040173974859066593,0.0004126849100512964,0.0003992369869306418,0.0004101005199591833,0.00039918788004004356,0.0004112188395542738,0.0004011220449469758,0.0004132626686066362,0.0003985755928226969,0.000410681344481832,0.0002686955192513181,0.0002761342362014385,0.0002691560347053496,0.0002766208621662867,0.000268561440252314,0.00027600166992990214,0.000268225507615793,0.0002756979027806015,0.0002686860230698245,0.00027618452874544967,0.0002680760553361903,0.0002755486750523873
A2-B0-C2-batch3-r86_vs_A2-B0-C2-batch3-r12,valido,A_P90_abs,0.09450000000000001,0.10150000000000003,1655,1554,15557.0,14607.6,5.952209850630462,5.931297017818746,5.979669000955539,5.960540836215144,5.942515232791502,5.923286888737679,5.9478264286095115,5.9285172857600585,5.975285578934589,5.957761104156456,5.93790677526924,5.921026612974047,3.995869393400188,3.9862092163574747,4.00240728633473,3.993172030261379,3.9936920195043712,3.984334449371393,3.993836178480814,3.9864449446785333,4.000374071415356,3.9934077585824377,3.991229810777452,3.984262601785649,2.278538012733545,2.3787433793730757,1.7339660327901052,1.7716302657650365,59,73,0.008459214501510574,0.01287001287001287,68,66,0.025377643504531724,0.03153153153153153,21,27,0.10513595166163142,0.08944658944658945,0.00038260653407665114,0.00040604185614466075,0.00038437160126988105,0.000408043815288969,0.00038198336650970634,0.00040549350261081076,0.00038232476882493484,0.00040585156259481767,0.00038408983601816475,0.00040785352173912593,0.00038168713603324805,0.0004053387697482165,0.0002568534674680329,0.000272885978282365,0.0002572737215616591,0.000273362635221486,0.00025671350642825555,0.00027275763639279506,0.00025672277293056593,0.00027290211565750245,0.00025714302702419206,0.0002733787725966235,0.00025655523627803896,0.0002727527178855971
A2-B0-C2-batch3-r50_vs_A2-B0-C2-batch3-r21,valido,A_P90_abs,0.10000000000000003,0.09650000000000004,1593,1610,14974.2,15134.0,5.934789839763083,5.942363489003837,5.96331770780326,5.970590131108186,5.925970920114219,5.933486937927362,5.940254355096055,5.933872773725186,5.968782223136232,5.9620994158295355,5.931282556253645,5.9242820056310475,3.9920675939055412,3.9902892023102945,3.9988599434389167,3.9970098313827584,3.9900848512518095,3.988079406000495,3.996308604837431,3.990819332404514,4.003100954370807,3.9975399614769778,3.994107338946123,3.9886199230915973,2.429370726602235,2.301786988093758,1.784758796514894,1.7332135133224322,71,75,0.008788449466415568,0.009937888198757764,68,68,0.0389202762084118,0.02111801242236025,20,25,0.1337099811676083,0.07639751552795031,0.00039633435106804256,0.00039264989355119843,0.0003982394857690735,0.000394515008002391,0.00039574541011300896,0.00039206336315100845,0.0003966992797676039,0.0003920888577854623,0.00039860441446863486,0.0003939539722366549,0.0003961001293059826,0.0003914551345071394,0.0002665963853765504,0.00026366388280099737,0.0002670499888767959,0.00026410795767032897,0.00026646397478675385,0.0002635178674508058,0.00026687960657914485,0.00026369891188083216,0.0002673332100793903,0.0002641429867501637,0.00026673260267300573,0.0002635535828658383
A2-B0-C2-batch3-r48_vs_A2-B0-C2-batch3-r25,valido,A_P90_abs,0.09900000000000003,0.113,1538,1534,14457.2,14419.6,5.948390199846052,5.921967940201002,5.977938245221867,5.9515930339350325,5.940553854145613,5.914432788014385,5.944281143238838,5.914430990640486,5.973829188614652,5.944056084374517,5.936117912495417,5.90705860881153,3.9957211794594247,3.9907785049062507,4.0027564283584285,3.9978320986524483,3.9939440220588533,3.988986806752952,3.9923181816536677,3.97050664356221,3.999353430552671,3.9775602373084076,3.9906042349438207,3.969169686650454,2.3185221822638824,2.55782414442141,1.7345330565209567,1.6933718787409826,67,62,0.015604681404421327,0.012385919165580182,66,64,0.027308192457737322,0.026727509778357236,26,28,0.06762028608582575,0.06192959582790091,0.0004114482887312932,0.0004106887805626371,0.00041349211778365566,0.00041274328233342343,0.00041090625115137183,0.00041016621737179846,0.00041116406657159323,0.00041016609272382634,0.00041320789562395566,0.00041222059449461264,0.00041059941845553893,0.0004096548176656447,0.0002763827836274953,0.0002767606941181621,0.0002768694095923435,0.00027724986120644457,0.00027625985820621237,0.00027663643975928267,0.0002761473993341496,0.00027535483949362046,0.0002766340252989978,0.0002758440065819029,0.000276028846176564,0.0002752621214631789
A2-B0-C2-batch3-r35_vs_A2-B0-C2-batch3-r31,valido,A_P90_abs,0.09750000000000003,0.11700000000000002,1596,1600,15002.400000000001,15040.0,5.918067775968009,5.943740789621595,5.94654202019608,5.972143848239096,5.909512104957289,5.934956750566324,5.921913779854025,5.948067479727713,5.9503880240820965,5.976470538345214,5.912231242360109,5.939987435011245,3.995158204901542,3.9856349620917673,4.001937786860607,3.9923975950959343,3.9929047353707032,3.983731289226672,3.99536744136255,3.9858907767201592,4.002147023321615,3.9926534097243263,3.9932236649441193,3.9832575511681636,2.406952060397706,2.411001048229235,1.7291663144343759,1.7922083556565007,64,78,0.014411027568922305,0.009375,63,67,0.03508771929824561,0.030625,26,21,0.11779448621553884,0.108125,0.0003944747357734768,0.0003951955312248401,0.0003963727150453314,0.00039708403246270583,0.00039390444895198696,0.00039461148607488857,0.00039473109501506586,0.00039548321008827877,0.0003966290742869205,0.0003973717113261445,0.0003940856957793492,0.0003949459730725562,0.0002663012721232297,0.0002650023246071654,0.0002667531719498618,0.0002654519677590382,0.0002661510648543368,0.00026487575061347554,0.0002663152189891317,0.0002650193335585212,0.00026676711881576376,0.00026546897671039403,0.00026617232342452665,0.0002648442520723513
A2-B0-C2-batch3-r9_vs_A2-B0-C2-batch3-r83,valido,A_P90_abs,0.07650000000000001,0.08700000000000001,1770,1685,16638.0,15839.0,5.9546234963338245,5.942053660542689,5.980298577569984,5.969023923918358,5.943235712864514,5.931225013151148,5.940205459396198,5.947244168630507,5.965880540632358,5.9742144320061765,5.928700538104005,5.937335698619648,3.9828792220938327,3.9929117573163984,3.9889923366738707,3.9993332485963196,3.980220082412154,3.990530854372432,3.9666670485505895,3.9925975395925803,3.9727801631306274,3.9990190308725015,3.964173649495633,3.9899433344636517,2.083180530452439,2.264084429311995,1.7066607805012777,1.696083643384977,47,71,0.005649717514124294,0.00830860534124629,72,62,0.014689265536723164,0.026706231454005934,17,18,0.09717514124293786,0.11335311572700296,0.00035789298571546006,0.00037515333420940015,0.0003594361448232951,0.00037685610985026567,0.0003572085414631875,0.00037446966431915827,0.0003570264129941218,0.00037548103848920433,0.00035856957210195683,0.00037718381413006985,0.0003563349283630247,0.00037485546427297483,0.00023938449465643903,0.0002520936774617336,0.00023975191349163784,0.00025249910023336826,0.000239224671379502,0.0002519433584426057,0.0002384100882648509,0.00025207383923180635,0.00023877750710004974,0.000252479262003441,0.0002382602265594202,0.00025190626519752836
A2-B0-C2-batch3-r53_vs_A2-B0-C2-batch3-r23,valido,A_P90_abs,0.09600000000000003,0.11750000000000005,1532,1574,14400.800000000001,14795.6,5.948203843292012,5.94666318415783,5.977867612083136,5.9755354165517325,5.940060799673806,5.938636896462481,5.9414204331786316,5.951295736553736,5.971084201969756,5.980167968947638,5.933117982420612,5.942338166203205,3.9940341525670044,3.984377977765013,4.001096954660129,3.99125231881118,3.992151141626548,3.9824286559170856,3.9914329867558997,3.9805139199219375,3.9984957888490245,3.9873882609681046,3.9894542103101234,3.97881011984457,2.45418315389569,2.386229079100405,1.7561650891434264,1.7196317640370173,68,63,0.010443864229765013,0.014612452350698857,68,63,0.02741514360313316,0.035578144853875476,27,27,0.09399477806788512,0.07115628970775095,0.00041304676429726206,0.0004019210565409872,0.0004151066338038953,0.00040387246320201494,0.00041248130657142696,0.00040137857852756773,0.0004125757203196094,0.0004022341599227971,0.00041463558982624265,0.0004041855665838248,0.000411999193268472,0.0004016287386928009,0.0002773480745907869,0.00026929478884026416,0.00027783851971141386,0.0002697594094738422,0.00027721731720644325,0.0002691630387356434,0.0002771674481109313,0.00026903362620792244,0.0002776578932315583,0.0002694982468415005,0.0002770300407137189,0.0002689184703455466
A2-B0-C2-batch3-r104_vs_A2-B0-C2-batch3-r60,valido,A_P90_abs,0.09850000000000003,0.12549999999999997,1587,1537,14917.800000000001,14447.800000000001,5.957676302748858,5.93051372884869,5.986312026622835,5.960080998717267,5.94882975387305,5.922684093717923,5.9583831893766614,5.901328235407808,5.987018913250639,5.930895505276385,5.949416637996341,5.893787920003002,3.9964832430883694,3.9871167019128313,4.003301272582173,3.994156528072016,3.9945668334556523,3.9851874359083634,3.996115298900108,3.967213733641754,4.002933328393912,3.974253559800939,3.9939449545332724,3.9647871363070033,2.3543883471030576,2.6396189794560994,1.7378295090092875,1.7505541497607051,59,67,0.013862633900441084,0.009108653220559532,62,71,0.03465658475110271,0.02147039687703318,25,23,0.074354127284184,0.07612231620039037,0.000399366951075149,0.00041047867002925634,0.0004012865185632489,0.0004125251594510767,0.00039877393140228787,0.00040993674425988193,0.00039941433652258785,0.0004084586051445762,0.0004013339040106878,0.00041050509456639657,0.0003988132726002722,0.0004079367045503815,0.0002679003099041661,0.0002759670470184271,0.0002683573497822851,0.0002764543064045748,0.00026777184527582165,0.00027583351346975756,0.0002678756451286455,0.0002745894692369602,0.0002683326850067645,0.00027507672862310794,0.0002677301582360182,0.00027442151305437525
A2-B0-C2-batch3-r59_vs_A2-B0-C2-batch3-r58,valido,A_P90_abs,0.10350000000000004,0.10250000000000004,1529,1567,14372.6,14729.800000000001,5.940511285303989,5.931825444052747,5.97023325638836,5.960826652596463,5.933294565339448,5.923578619366435,5.938562478996569,5.929108657075613,5.968284450080939,5.9581098656193285,5.9306679197294985,5.921148940194274,3.9933143827323327,3.990344450405817,4.000391042514326,3.9972495000590826,3.9916197096011423,3.988731674069351,3.99207271912855,3.993361708455922,3.999149378910543,4.000266758109188,3.9902142021120306,3.9915948779067594,2.364196440611718,2.464759127542963,1.7167981797465692,1.7705471816495315,66,70,0.011118378024852845,0.008934269304403318,68,67,0.020928711576193592,0.02616464582003829,28,24,0.05624591236102027,0.08296107211231653,0.00041332196577543306,0.0004027091640112389,0.0004153899264147308,0.00040467804400578844,0.0004128198492506191,0.0004021492905108307,0.0004131863740030731,0.00040252472247251234,0.0004152543346423708,0.0004044936024670619,0.0004126370955658335,0.00040198434060165607,0.0002778421707090111,0.0002709028262709485,0.0002783345422897963,0.0002713716072220317,0.0002777242607183907,0.0002707933355557679,0.0002777557796869425,0.0002711076666659372,0.0002782481512677277,0.0002715764476170204,0.00027762646995756023,0.0002709877172742847
A2-B0-C2-batch3-r107_vs_A2-B0-C2-batch3-r71,valido,A_P90_abs,0.10650000000000004,0.13,1627,1467,15293.800000000001,13789.800000000001,5.939989043208396,5.9343078656854535,5.967920754202866,5.96528598006037,5.931119762326055,5.927713412202585,5.942093003051265,5.93034108285079,5.970024714045735,5.9613191972257065,5.933124773679055,5.923912123175635,3.9944807270417475,3.9855600029053635,4.001131134421383,3.9929357444232005,3.99227728205369,3.9840494464203458,3.992023455103274,3.9834811559397583,3.9986738624829097,3.9908568974575953,3.9898236339035056,3.981849986031228,2.4598456912874926,2.508065170027635,1.7120146248202206,1.7439210811153965,67,66,0.01290719114935464,0.013633265167007498,69,64,0.02581438229870928,0.02794819359236537,20,37,0.09649661954517517,0.07293796864349011,0.00038839196558137254,0.0004303403867848303,0.000390218307693501,0.00043258683810210225,0.00038781203901751396,0.00042986217437545026,0.00038852953504369515,0.00043005272613459147,0.00039035587715582356,0.0004322991774518634,0.0003879431386365099,0.0004295865149005522,0.000261183010569103,0.0002890223210565319,0.0002616178539291336,0.0002895571904177871,0.0002610389361737233,0.00028891277947615956,0.00026102233945149493,0.0002888715685462993,0.00026145718281152556,0.0002894064379075545,0.00026087850200104,0.00028875328039791934
A2-B0-C2-batch3-r112_vs_A2-B0-C2-batch3-r108,valido,A_P90_abs,0.10150000000000003,0.098,1594,1569,14983.6,14748.6,5.9390340902537755,5.9519409929164375,5.96754406126256,5.9809052336991035,5.93011258660563,5.943308720014483,5.93993292520558,5.952942333805341,5.9684428962143645,5.981906574588007,5.930162795647881,5.944812109475467,3.994820771568686,3.9906075164374704,4.001608859904111,3.997503764242867,3.992752419020423,3.9887433103095162,3.990151496638885,3.9919271903174245,3.99693958497431,3.998823438122821,3.9882208025458703,3.990207279919694,2.2918122824290905,2.3289887829717104,1.7429796993341722,1.7159514438503503,70,73,0.011292346298619825,0.010197578075207138,61,69,0.04077791718946048,0.02804333970681963,24,22,0.09849435382685069,0.1089866156787763,0.000396368969423488,0.0004035597272226813,0.00039827171449201526,0.00040552359096450533,0.0003957735515233742,0.0004029744328285046,0.00039642895734039754,0.0004036276211847457,0.00039833170240892473,0.0004055914849265698,0.0003957769024565445,0.00040307636721285186,0.00026661288152170947,0.00027057534385890663,0.000267065916061835,0.00027104293046410283,0.00026647484042689496,0.00027044894500559484,0.0002663012558156174,0.00027066482176731516,0.00026675429035574294,0.00027113240837251136,0.0002661724019959069,0.0002705482066039959
A2-B0-C2-batch3-r120_vs_A2-B0-C2-batch3-r111,valido,A_P90_abs,0.09250000000000004,0.12200000000000003,1580,1547,14852.0,14541.800000000001,5.952752969656686,5.945279684061557,5.981515560661751,5.974655827428074,5.943651147738226,5.937297443424484,5.954361664478082,5.939396627626305,5.983124255483147,5.968772770992822,5.946450578325706,5.931432676895095,3.992475412165037,3.984664197910495,3.9993236481186236,3.991658517759666,3.99022167911232,3.9829142887527866,3.995008429906639,3.9882317242813095,4.001856665860226,3.9952260441304803,3.993083386709614,3.9860746272692804,2.3701524986002767,2.4672788412479694,1.7699766493912052,1.773880717312693,59,73,0.006962025316455696,0.00904977375565611,70,61,0.03164556962025317,0.021331609566903685,31,25,0.05759493670886076,0.0698125404007757,0.00040080480539029666,0.00040884069950498263,0.0004027414193820193,0.00041086081691593017,0.00040019197062605885,0.0004082917825457979,0.00040091312042001627,0.00040843613772891283,0.00040284973441173893,0.00041045625513986037,0.0004003804590846826,0.0004078884785167651,0.0002688173587506758,0.0002740145097519217,0.00026927845732013355,0.0002744954900878616,0.0002686656126523243,0.00027389417326278634,0.000268987909366189,0.00027425983882884574,0.00026944900793564677,0.00027474081916478563,0.0002688582942842455,0.0002741115011394243
A2-B0-C2-batch3-r76_vs_A2-B0-C2-batch3-r26,valido,A_P90_abs,0.10650000000000004,0.11150000000000004,1624,1625,15265.6,15275.0,5.943314311211503,5.952183722782037,5.971297620194263,5.980149811266961,5.934161730538495,5.9428391507549945,5.936049832518861,5.944008994557505,5.964033141501621,5.971975083042429,5.927113514413703,5.933933800549633,3.9900673594656055,3.993277908628036,3.996730052080548,3.9999365011244463,3.987679191191271,3.9910037630497333,3.980888821483431,3.9922174603571667,3.9875515140983735,3.998876052853577,3.9788036579002517,3.9897368919800225,2.5757885600121266,2.480733915618636,1.8021512813224136,1.7895892060749041,72,76,0.009852216748768473,0.010461538461538461,68,59,0.03140394088669951,0.031384615384615386,19,23,0.12438423645320197,0.11015384615384616,0.0003893272659582003,0.00038966832882370126,0.0003911603618720694,0.0003914991693137127,0.0003887277100499486,0.0003890565728808507,0.0003888513934937939,0.00038913315839983665,0.000390684489407663,0.0003909639988898481,0.0003882660042457357,0.00038847357123074523,0.00026137638608804143,0.00026142572233244096,0.0002618128374961055,0.00026186163673482465,0.0002612199449213441,0.0002612768420981822,0.00026077512980056015,0.00026135629855038734,0.0002612115812086242,0.00026179221295277103,0.0002606385374895354,0.00026119390454861034
A2-B0-C2-batch3-r143_vs_A2-B0-C2-batch3-r70,invertido,A_P90_abs,0.10000000000000003,0.09500000000000004,1624,1601,15265.6,15049.400000000001,5.957059061567005,5.948844563750367,5.985042370549765,5.977229881544247,5.947506747647832,5.94025518096061,5.946447085861843,5.950462397844562,5.974430394844603,5.978847715638442,5.936933814129307,5.941690922769335,3.993464933173022,3.9948093323040412,4.0001276257879645,4.001567741302584,3.991326424036407,3.9926117970755564,3.982995387890983,3.9929551921632584,3.989658080505926,3.9997136011618015,3.9807602720141353,3.990924757394994,2.4925701783500265,2.4131915590674042,1.72098324245029,1.7698989399948382,64,66,0.013546798029556651,0.008119925046845722,59,76,0.02401477832512315,0.021236727045596503,17,31,0.09051724137931035,0.07058088694565896,0.0003902276400250894,0.0003952878230195467,0.0003920607359389585,0.00039717396584210975,0.00038960189888689813,0.00039471707715660483,0.00038953248387628675,0.0003953953245873298,0.00039136557979015585,0.00039728146740989283,0.00038890930026525694,0.0003948124790868297,0.0002615989501344868,0.0002654464186149641,0.00026203540154255087,0.00026589550023938387,0.0002614588633290802,0.00026530039716371126,0.00026091312414127076,0.0002653232150227423,0.00026134957554933483,0.0002657722966471621,0.0002607667089412886,0.0002651882970347651
A2-B0-C2-batch4-r11_vs_A2-B0-C2-batch4-r0,valido,A_P90_abs,0.08600000000000003,0.09000000000000002,1785,1720,16779.0,16168.0,5.957380750861568,5.96182230607996,5.9828400751125494,5.988243755956706,5.945695000506667,5.950524643061248,5.955717679464058,5.95919229056447,5.98117700371504,5.985613740441216,5.944478815610236,5.948478170813233,3.992219733988917,3.992382757957564,3.9982814778581983,3.998673579356789,3.989432579383294,3.9897367292961703,3.993367808662577,3.9790552452330177,3.999429552531858,3.9853460666322427,3.990815815141018,3.976410924085849,2.3370360999709496,2.193196036632691,1.728471373112361,1.7041150154701699,60,49,0.00784313725490196,0.00872093023255814,67,72,0.020168067226890758,0.015116279069767442,13,22,0.21176470588235294,0.08139534883720931,0.0003550498093367643,0.0003687421020583845,0.000356567141969876,0.0003703762837677329,0.00035435335839481894,0.0003680433351720218,0.00035495069309637395,0.00036857943410220623,0.00035646802572948563,0.0003702136158115547,0.00035428087583349644,0.00036791675969898767,0.00023792953894683337,0.00024693114534621253,0.00023829080862138377,0.0002473202362293907,0.00023776342924985365,0.0002467674869678482,0.00023799796225416157,0.00024610683110050824,0.00023835923192871197,0.00024649592198368645,0.00023784586775976027,0.0002459432783328704
A2-B0-C2-batch4-r31_vs_A2-B0-C2-batch4-r1,valido,A_P90_abs,0.09850000000000003,0.10750000000000003,1593,1556,14974.2,14626.400000000001,5.949032097047232,5.928765914938264,5.977559965087409,5.95797214487914,5.94061327959812,5.920881548364819,5.943960293497218,5.929777152706321,5.972488161537395,5.9589833826471965,5.935169218010986,5.921606727259701,3.986705395614485,3.988114187329207,3.9934977451478604,3.9950680516008443,3.9846088021052397,3.9861186858237154,3.9889680948538926,3.990054578902316,3.995760444387268,3.997008443173953,3.9870121990926917,3.9880699384399323,2.3579582196149182,2.3743443823312225,1.7491079457122982,1.738219586727185,65,66,0.013810420590081607,0.010282776349614395,66,60,0.031387319522912745,0.027634961439588688,22,23,0.09416195856873823,0.09061696658097686,0.00039728547081294705,0.0004053469011471219,0.000399190605513978,0.0004073437171743655,0.00039672324929532926,0.00040480785076059855,0.00039694676800745404,0.00040541603899157144,0.00039885190270848493,0.00040741285501881503,0.0003963596865282276,0.0004048574308961672,0.0002662382895656853,0.0002726654670547234,0.0002666918930659307,0.0002731408994421624,0.00026609827584146326,0.00027252903556744757,0.00026638939608485877,0.0002727981307021766,0.00026684299958510424,0.00027327356308961555,0.0002662587783716453,0.00027266244177924384
A2-B0-C2-batch4-r3_vs_A2-B0-C2-batch4-r9,valido,A_P90_abs,0.07550000000000001,0.07950000000000002,1814,1745,17051.600000000002,16403.0,5.956858095070242,5.941624736604633,5.981910406971015,5.967667655680852,5.94383494836828,5.9295517233641215,5.961019928222743,5.940119541646949,5.986072240123517,5.966162460723168,5.948423039691048,5.929611936860568,3.9799415795195854,3.9855091082339973,3.9859064156864363,3.9917098032521445,3.9775365726845404,3.9828117062370496,3.983901298866517,3.9763140627837625,3.9898661350333677,3.9825147578019098,3.980887880152383,3.9734427542591964,2.3007511110274907,2.310724159990265,1.7081977093197853,1.6942174922413327,48,61,0.008269018743109152,0.009742120343839542,83,65,0.012679162072767364,0.01833810888252149,26,17,0.09371554575523705,0.12091690544412607,0.00034934305842678935,0.00036222793004966365,0.0003508122643605887,0.0003638156224886211,0.00034857930917733696,0.0003614919053443956,0.00034958713130865975,0.00036213616665530386,0.00035105633724245915,0.00036372385909426127,0.000348848380192536,0.000361495576227554,0.0002334057554434531,0.00024297440152618407,0.000233755566380072,0.00024335242353545964,0.00023326471255979145,0.00024280995587618422,0.0002336379752554902,0.0002424138305665892,0.0002339877861921091,0.00024279185257586477,0.00023346125173897948,0.0002422387827994389
A2-B0-C2-batch4-r23_vs_A2-B0-C2-batch4-r10,valido,A_P90_abs,0.09550000000000002,0.12799999999999997,1625,1511,15275.0,14203.4,5.925050164531113,5.949763379434662,5.953016253016037,5.979839417679535,5.915358211932957,5.941936432809083,5.921234321481007,5.944400707500561,5.949200409965932,5.9744767457454335,5.91167907269863,5.936967710901883,3.9914254199339414,3.985757815019387,3.998084012430352,3.9929187765062615,3.98894861204987,3.984213971867358,3.988169854429894,3.9836625758734563,3.9948284469263045,3.9908235373603307,3.9862257672391483,3.9819872679748203,2.3990272337971046,2.4853786832245754,1.7406633372813496,1.762881314377704,63,58,0.009230769230769232,0.013898080741230973,65,71,0.022153846153846152,0.025810721376571807,21,21,0.08615384615384615,0.10059563203176704,0.0003878919911313331,0.00041889712177610027,0.0003897228316213445,0.0004210146456256625,0.00038725749341623285,0.0004183460602960617,0.0003876421814390185,0.0004185195592252954,0.0003894730219290299,0.00042063708307485767,0.0003870166332372262,0.0004179962340638075,0.00026130444647685377,0.00028061997937250146,0.00026174036087923746,0.0002811241517176353,0.0002611422986612026,0.00028051128404940775,0.00026109131616562317,0.0002804724626408787,0.00026152723056800686,0.00028097663498601256,0.0002609640436817773,0.00028035451145323097
A2-B0-C2-batch4-r15_vs_A2-B0-C2-batch4-r62,valido,A_P90_abs,0.10550000000000002,0.10250000000000004,1533,1580,14410.2,14852.0,5.943412842582519,5.93724701466946,5.973057261230922,5.966009605674524,5.935338140181836,5.928398001048853,5.942626161403367,5.9357211345057355,5.97227058005177,5.9644837255108,5.935297462609523,5.9277785702251595,3.9912191001592285,3.9891594956030723,3.998277295075515,3.996007731556659,3.989159395945064,3.9871930652627663,3.989214376322621,3.994449987846494,3.9962725712389076,4.001298223800081,3.987453726930663,3.992458223105102,2.3447266395259803,2.4151150039506937,1.7595969745206221,1.7525617266822526,64,64,0.015003261578604044,0.01139240506329114,62,53,0.03131115459882583,0.05189873417721519,20,24,0.11480756686236138,0.07658227848101266,0.00041244485451850206,0.0003997607739475801,0.0004145020375311184,0.00040169738793930277,0.0004118845082082022,0.0003991649610186408,0.00041239026255037174,0.00039965803491150923,0.000414447445562988,0.0004015946489032319,0.00041188168537629755,0.0003991232541223512,0.0002769718047049471,0.0002685940947753213,0.00027746161018414145,0.0002690551933447791,0.0002768288709348284,0.000268461693055667,0.0002768326863140429,0.00026895030890428855,0.00027732249179323725,0.00026941140747374637,0.00027671050553987195,0.0002688162013940952
A2-B0-C2-batch4-r51_vs_A2-B0-C2-batch4-r36,roto_misma_clase,A_P90_abs,0.14499999999999996,0.15349999999999997,1220,1250,11468.0,11750.0,5.922861590335286,5.918631434579666,5.960111503276271,5.954987349610068,5.922861590335286,5.917767571683704,5.893198075840344,5.894167293968301,5.930447988781329,5.930523208998703,5.893198075840344,5.893392130918574,3.9629594524099723,3.9805785311274837,3.971828479300683,3.9892347013728173,3.9629594524099723,3.9803985947337552,3.9785424444271076,3.9559115372485234,3.9874114713178184,3.964567707493857,3.9785424444271076,3.9556721709707836,2.6804846954977393,2.7561759405841944,1.8025001389485742,1.8065236065838526,56,59,0.013114754098360656,0.0152,58,65,0.02540983606557377,0.0312,43,34,0.06229508196721312,0.0648,0.0005164685725789402,0.0005037133135812481,0.0005197167338050463,0.0005068074340093675,0.0005164685725789402,0.0005036397933347833,0.0005138819389466641,0.000501631259061132,0.0005171301001727702,0.0005047253794892513,0.0005138819389466641,0.000501565287737751,0.00034556674680938024,0.0003387726409470199,0.00034634011852988165,0.0003395093362870483,0.00034556674680938024,0.00033875732721138345,0.00034692557066856534,0.00033667332231902326,0.0003476989423890668,0.00033741001765905164,0.00034692557066856534,0.00033665295072091774
A2-B0-C2-batch4-r38_vs_A2-B0-C2-batch4-r72,valido,A_P90_abs,0.09950000000000002,0.10150000000000003,1637,1624,15387.800000000001,15265.6,5.952254498152543,5.9387503291961545,5.980015581712715,5.966733638178915,5.941448047572939,5.929274069924301,5.951558274396441,5.939956715326739,5.979319357956613,5.967940024309499,5.941418814941407,5.93095404752833,3.991310788968966,3.9893811462849484,3.9979205707690073,3.996043838899891,3.9890518611226353,3.9871624076120993,3.9945874974691886,3.9955653535824087,4.001197279269229,4.002228046197351,3.992296173850308,3.99337580954635,2.416917485283023,2.3861861495119734,1.749330624646797,1.7607467018352954,80,74,0.009773976786805132,0.008620689655172414,70,67,0.02504581551618815,0.02894088669950739,12,27,0.1740989615149664,0.13608374384236452,0.00038681647137034164,0.00038902829428231805,0.0003886205683536773,0.00039086139019618715,0.0003861141974533681,0.00038840753523767824,0.0003867712261919469,0.00038910732072940064,0.00038857532317528254,0.00039094041664326974,0.0003861122977255623,0.0003885175851278908,0.00025938150931055547,0.00026133143448570307,0.0002598110562113497,0.0002617678858937671,0.00025923470938812794,0.00026118609210329754,0.00025959445128408143,0.00026173654187076884,0.00026002399818487564,0.0002621729932788329,0.000259445546072233,0.00026159311193443754
A2-B0-C2-batch4-r57_vs_A2-B0-C2-batch4-r43,valido,A_P90_abs,0.09950000000000002,0.09350000000000003,1615,1585,15181.0,14899.0,5.948662877978052,5.949840257974414,5.976802131097558,5.978512115253911,5.939054595722229,5.940601938363353,5.942562947690818,5.9439272800372365,5.970702200810324,5.972599137316733,5.932649805404972,5.935759917176171,3.9945387088673483,3.99627680122773,4.001238531038659,4.003103433913324,3.992267874213166,3.9940518279630224,3.9914507775221804,3.991780183556936,3.998150599693491,3.9986068162425306,3.989265962053029,3.989433536168822,2.3467678570840755,2.297119198049035,1.780467787671832,1.729267646399841,68,71,0.011764705882352941,0.012618296529968454,61,62,0.027244582043343655,0.030914826498422712,22,22,0.08978328173374613,0.12681388012618297,0.0003918492113812036,0.0003993449397928998,0.00039370279501334287,0.00040126935467171696,0.0003912162964048633,0.0003987248767275222,0.0003914473979112587,0.0003989480690004186,0.00039330098154339796,0.0004008724838792357,0.00039079440125189193,0.0003983998870512229,0.00026312750865340546,0.00026822449837087925,0.0002635688380896291,0.00026868269238964525,0.00026297792465668706,0.00026807516128351047,0.000262924101015887,0.00026792269169453897,0.0002633654304521106,0.000268380885713305,0.0002627801832588781,0.00026776518801052565
A2-B0-C2-batch4-r13_vs_A2-B0-C2-batch4-r94,valido,A_P90_abs,0.07650000000000001,0.08900000000000004,1805,1662,16967.0,15622.800000000001,5.963176661787207,5.945501690577647,5.988353888262554,5.972845188645037,5.950805116380821,5.935704728223667,5.955576781973538,5.953104464580733,5.980754008448885,5.980447962648123,5.9435040242840795,5.942927792347088,3.987338473982942,3.990908372371341,3.9933330517151675,3.997418729054053,3.984251967581778,3.9887212558432252,3.984603395428489,3.983447812616788,3.9905979731607144,3.9899581692995,3.9814888697178406,3.981104470927832,2.251164224400097,2.2149584193790144,1.7249943208931346,1.7202398790861388,57,65,0.006094182825484765,0.009626955475330927,73,65,0.01551246537396122,0.035499398315282794,20,23,0.08088642659279778,0.07641395908543923,0.0003514573384680384,0.0003805656918463813,0.0003529412322898894,0.0003823159221551218,0.00035072818508757127,0.00037993859796090753,0.00035100941722010596,0.0003810523379023435,0.00035249331104195706,0.00038280256821108394,0.0003502978737716791,0.00038040093916244766,0.00023500550916384405,0.00025545410376957655,0.00023535881721666572,0.0002558708252716576,0.00023482359683985252,0.0002553141086004573,0.00023484430927261677,0.000254976560707222,0.00023519761732543847,0.00025539328220930304,0.00023466074554829024,0.0002548265657198346
A2-B0-C2-batch4-r41_vs_A2-B0-C2-batch4-r12,valido,A_P90_abs,0.09350000000000003,0.1005,1603,1615,15068.2,15181.0,5.946331349870748,5.9473327918231345,5.974681252420968,5.975472044942641,5.937068412605161,5.938095446036068,5.94586519192362,5.950379982205107,5.9742150944738395,5.9785192353246135,5.936744266567953,5.940913944940567,3.9932917918543485,3.9909362947815277,4.00004176865202,3.9976361169528385,3.991253067393499,3.9889168615215875,3.990536170952065,3.993466449396049,3.9972861477497363,4.00016627156736,3.988426456479275,3.991105427696127,2.421448672627295,2.3719199615808817,1.756994250568485,1.7469973988546668,77,73,0.009357454772301934,0.0086687306501548,72,65,0.023705552089831567,0.03715170278637771,28,22,0.0892077354959451,0.10773993808049535,0.00039462784870593354,0.0003917615961941331,0.00039650928793226583,0.00039361517982627235,0.0003940131145462073,0.0003911531154756649,0.00039459691216758597,0.0003919623201505242,0.00039647835139391827,0.00039381590378266345,0.00039399160261796047,0.0003913387751097139,0.00026501452010554337,0.0002628902111047709,0.00026546248182609866,0.00026333154054099456,0.00026487922030458174,0.00026275718737379537,0.0002648316435242474,0.00026305687697754094,0.00026527960524480273,0.0002634982064137646,0.00026469163247629275,0.0002629013521965699
A2-B0-C2-batch4-r18_vs_A2-B0-C2-batch4-r19,valido,A_P90_abs,0.08200000000000002,0.09050000000000001,1780,1655,16732.0,15557.0,5.9588529300590745,5.954615409007161,5.9843837692658175,5.982074559332238,5.947551953039636,5.943917578986266,5.962404260307662,5.955019397891923,5.987935099514405,5.982478548217,5.951388699768005,5.945196524609178,3.9859924004466674,3.9906473977342074,3.992071171686368,3.9971852906687495,3.9831906158630783,3.9884259916890183,3.989987714270538,3.987180182895224,3.9960664855102386,3.993718075829766,3.9871718631582547,3.9847374147621584,2.246879807829303,2.3504804457547266,1.6843304836520399,1.7781490160596767,53,72,0.0050561797752808986,0.009667673716012085,71,72,0.015730337078651686,0.027190332326283987,16,17,0.1303370786516854,0.10876132930513595,0.00035613512610919643,0.0003827611627567758,0.00035766099505533217,0.00038452622995000565,0.00035545971509918936,0.00038207350896614167,0.0003563473739127218,0.0003827871310594538,0.00035787324285885757,0.00038455219825268367,0.0003556890210236675,0.00038215571926522964,0.00023822569928560048,0.0002565177989158711,0.0002385890014156328,0.0002569380530094973,0.00023805824861720525,0.0002563750075007404,0.00023846448208645338,0.0002562949272285932,0.0002388277842164857,0.0002567151813222193,0.00023829619072186556,0.00025613790671480093
A2-B0-C2-batch4-r39_vs_A2-B0-C2-batch4-r26,valido,A_P90_abs,0.10150000000000003,0.10250000000000004,1572,1599,14776.800000000001,15030.6,5.947160186517726,5.954203429717555,5.976069152031722,5.982624251348575,5.938429730610242,5.944976730992444,5.939722364850132,5.9656487639188445,5.968631330364128,5.994069585549865,5.931325896881634,5.956481470716512,3.9920516556915326,3.9926663405221348,3.9989347427186748,3.999433202815235,3.990267362345604,3.9905539575627484,3.9924232846440373,3.992775785703717,3.9993063716711794,3.9995426479968175,3.9907827822010615,3.9906426152440435,2.4240135014076873,2.4089821969703924,1.7321066606062285,1.7620757108120002,67,71,0.015267175572519083,0.008755472170106316,62,68,0.03498727735368957,0.023764853033145718,27,17,0.06997455470737914,0.10131332082551595,0.0004024660404497405,0.0003961387722191765,0.0004044224156807781,0.0003980296362985227,0.00040187521862718867,0.0003955249112472186,0.0004019626959050763,0.00039690024110274004,0.0004039190711361139,0.0003987911051820862,0.0004013944762656078,0.00039629033243626416,0.0002701567088741495,0.0002656358588826883,0.00027062251250058704,0.00026608606461586595,0.0002700359592297117,0.0002654953200512786,0.00027018185836202944,0.0002656431403738851,0.00027064766198846697,0.00026609334610706273,0.0002700708395729157,0.0002655012185304674
A2-B0-C2-batch4-r70_vs_A2-B0-C2-batch4-r47,valido,A_P90_abs,0.098,0.09300000000000001,1585,1615,14899.0,15181.0,5.942103423682527,5.947592228543302,5.970775280962023,5.975731481662808,5.9331845873372915,5.9385609384414195,5.9395000561855955,5.94209687851313,5.968171913465092,5.970236131632636,5.93103687448386,5.933229667218468,3.995710806915342,3.996143430953195,4.002537439600936,4.002843253124506,3.993558930844823,3.993887808771094,3.9894321474471517,3.9922554296258106,3.996258780132746,3.9989552517971214,3.9874268975670453,3.9899620922480175,2.297724012345535,2.36417644164886,1.7601399992286089,1.7471754518842073,72,71,0.0138801261829653,0.010526315789473684,66,64,0.028391167192429023,0.022291021671826627,27,23,0.08201892744479496,0.07430340557275542,0.00039882565431790905,0.00039177868576136633,0.00040075006919672616,0.0003936322693935056,0.00039822703452159817,0.00039118377830455305,0.00039865091993996883,0.00039141669708933077,0.00040057533481878594,0.00039327028072147003,0.0003980828830447587,0.00039083259780109793,0.00026818650962583677,0.0002632332146072851,0.0002686447036446028,0.0002636745440435087,0.00026804207871970086,0.00026308463268368974,0.00026776509480147336,0.0002629771049091503,0.00026822328882023937,0.0002634184343453739,0.0002676305052397507,0.00026282603861722007
A2-B0-C2-batch4-r44_vs_A2-B0-C2-batch4-r28,valido,A_P90_abs,0.10000000000000003,0.10650000000000004,1640,1603,15416.0,15068.2,5.931711792488498,5.9375208053539,5.959422093578743,5.96587070790412,5.920791084840722,5.9282557953586945,5.928761073582915,5.9345971159595265,5.95647137467316,5.962947018509746,5.919131608431907,5.925814112509547,3.9864556005902436,3.9933284566317524,3.9930532913260164,4.000078433429424,3.9842888300408976,3.9911718778528185,3.986066205645697,3.9889682519280276,3.99266389638147,3.995718228725699,3.983662324622469,3.986831446184345,2.456928890857273,2.404892407173994,1.7261403577282284,1.7155752502702413,79,70,0.00853658536585366,0.008109794135995009,62,65,0.03841463414634146,0.03618215845290081,12,17,0.14878048780487804,0.140361821584529,0.0003847763228132134,0.0003940431375581622,0.00038657382547864185,0.0003959245767844945,0.00038406792195386105,0.00039342826584188516,0.0003845849165531211,0.00039384910712357985,0.0003863824192185495,0.00039573054634991215,0.00038396027558587875,0.00039326622373671354,0.0002585920861825534,0.0002650169533608362,0.00025902006300765546,0.00026546491508139155,0.0002584515328256939,0.00026487383216660374,0.0002585668270398091,0.0002647275886919491,0.0002589948038649111,0.0002651755504125044,0.00025841089287898737,0.00026458577973376677
PAR_piloto_A_r9_r19,valido,B_IC_k1,0.08050000000000002,0.08700000000000001,1053,1031,9898.2,9691.4,5.931830685465609,5.94409076315068,5.974988229423826,5.988169224632738,5.928850970864627,5.942402551021859,5.9456923472406356,5.965624921170624,5.988849891198853,6.009703382652683,5.943107365788659,5.963705230641388,3.9767500383192664,3.9867674138569305,3.987025644023604,3.997262285638373,3.9761580945908754,3.986391922204106,3.980345455523495,3.9838011361812677,3.9906210612278326,3.9942960079627103,3.9796531161249113,3.983300707089133,1.7483835746055654,1.777906231727871,1.5251375645207739,1.5302355975555078,18,21,0.012345679012345678,0.016488845780795344,46,39,0.013295346628679962,0.03685741998060136,22,19,0.4700854700854701,0.489815712900097,0.000599283777400498,0.0006133366451854923,0.0006036439180279067,0.0006178848489003383,0.000598982741393852,0.0006131624482553459,0.00060068419987883,0.0006155586314846796,0.0006050443405062388,0.0006201068351995257,0.0006004230431582166,0.0006153605496255843,0.00040176497123914107,0.0004113716711576171,0.00040280309995995267,0.00041245457680400905,0.0004017051680700405,0.00041133292632685744,0.00040212821073765885,0.00041106559797152815,0.00040316633945847044,0.0004121485036179201,0.0004020582647476219,0.00041101396156273943
PAR_piloto_B_r1_r17,valido,B_IC_k1,0.08700000000000002,0.12100000000000004,1028,1050,9663.2,9870.0,5.945708534583847,5.9368690580492425,5.989915629708363,5.980149909275911,5.943803958689569,5.933943783302148,5.94959910931239,5.935629345816064,5.993806204436906,5.978910197042733,5.947701132625145,5.932906354438388,3.963925498513584,3.989644272178019,3.974450997352754,3.999949236755797,3.9632987519288,3.989026502925118,3.980847910030852,3.9863161968440948,3.991373408870022,3.996621161421873,3.9802737293825636,3.9858560903899907,1.705056848409562,1.862716528540595,1.4993097551089227,1.5848901958091095,10,28,0.008754863813229572,0.039047619047619046,33,38,0.01556420233463035,0.05523809523809524,12,19,0.754863813229572,0.29714285714285715,0.0006152939538231483,0.0006015064901772283,0.0006198687422084157,0.0006058915814869211,0.0006150968580480139,0.0006012101097570566,0.0006156965714579425,0.0006013808861009183,0.0006202713598432098,0.0006057659774106113,0.0006155001586043076,0.0006011050004496847,0.00041020836767464026,0.0004042192778295865,0.0004112976030044658,0.0004052633471890372,0.0004101435085612219,0.0004041566872264557,0.00041195958999408597,0.0004038820868129782,0.00041304882532391154,0.0004049261561724289,0.0004119001706869943,0.0004038354701509616
PAR_piloto_C_r6_r14,valido,B_IC_k1,0.10050000000000002,0.09900000000000003,1058,1076,9945.2,10114.4,5.951168807566249,5.954579963849612,5.994122393377216,5.996814995251102,5.948173688679024,5.95105318376836,5.952801997871945,5.956964658398157,5.995755583682912,5.999199689799646,5.9500861489746715,5.953425485202693,3.9937175858903613,3.9915674686158455,4.003944630131068,4.001623428473343,3.993085037310642,3.9905676573535764,3.9894564594280366,3.9949190735927775,3.999683503668743,4.004975033450275,3.988640841428743,3.9939622451297923,1.886529200523646,1.896219421899772,1.5453441319275667,1.5754694015515769,34,33,0.017958412098298678,0.024163568773234202,50,48,0.01984877126654064,0.02509293680297398,14,18,0.6862003780718336,0.2862453531598513,0.0005983960913371525,0.0005887230052054114,0.0006027151181853775,0.0005928987379628155,0.0005980949290792566,0.0005883743161995135,0.0005985603102875703,0.0005889587774260616,0.0006028793371357953,0.0005931345101834657,0.0005982872289119044,0.0005886088631261067,0.0004015723752051604,0.0003946420419022231,0.00040260071493092823,0.0003956362639873194,0.00040150877180053106,0.00039454319162318837,0.00040114391459478306,0.000394973411531359,0.00040217225432055085,0.0003959676336164553,0.00040106190337336025,0.00039487881091609906
PAR_v2_D_r2_r20,valido,B_IC_k1,0.07600000000000001,0.08650000000000002,1023,1044,9616.2,9813.6,5.93274007065148,5.942941141273884,5.977163231734571,5.986470733024844,5.931118731181304,5.940593754657393,5.953688250048476,5.940766414989977,5.998111411131567,5.984296006740936,5.952297538420542,5.9383615310900355,3.9620113395274474,3.9896203929577347,3.972588282642469,3.9999845814698682,3.961721048468066,3.9889952378689766,3.9912249568715916,3.987119545672495,4.001801899986614,3.9974837341846285,3.9908504041100685,3.9865471743429945,1.6619323069864824,1.7631443566925207,1.4207684933947222,1.5117849867319073,13,23,0.015640273704789834,0.018199233716475097,38,48,0.016617790811339198,0.0210727969348659,10,13,0.4066471163245357,0.36302681992337166,0.000616952649763054,0.0006055821656959611,0.0006215722667721731,0.0006100178051912493,0.0006167840447558603,0.0006053429683966529,0.000619131075689823,0.0006053605623817943,0.000623750692698942,0.0006097962018770824,0.0006189864539444418,0.0006051155061435187,0.0004120142405032598,0.00040653994384912107,0.00041311414931495484,0.0004075960484908564,0.00041198405279300196,0.00040647624091760175,0.0004150521990881628,0.00040628510899899065,0.00041615210789985787,0.00040734121364072596,0.00041501324890394004,0.0004062267847011285
PAR_v2_E_r12_r28,valido,B_IC_k1,0.08200000000000002,0.08950000000000002,1037,1045,9747.800000000001,9823.0,5.942065379696191,5.934818903113368,5.985888806685586,5.978306839752605,5.9399894268489275,5.932553209041511,5.940759167610365,5.9441362264472275,5.984582594599759,5.987624163086465,5.9387086327081,5.941747589988734,3.974844732742394,3.9643628563809483,3.9852788820255833,3.974717127009338,3.9744678953451857,3.9637492756581287,3.979500025425779,3.9756070451714907,3.9899341747089685,3.9859613157998806,3.9788267273391438,3.974991132686982,1.7301421891809476,1.6775665797027166,1.5558657348303964,1.490380622738897,21,13,0.01446480231436837,0.015311004784688996,49,28,0.017357762777242044,0.022966507177033493,14,12,0.6142719382835101,0.6105263157894737,0.0006095801493358697,0.0006041758020068581,0.0006140758742162935,0.0006086029563018024,0.0006093671830411916,0.0006039451500602169,0.0006094461486294717,0.0006051243231647386,0.0006139418735098954,0.0006095514774596829,0.0006092357898918832,0.0006048811554503445,0.00040776839212359643,0.00040357964536098426,0.00040883880280941163,0.0004046337297169234,0.0004077297334111477,0.0004035171816815768,0.0004082459658000553,0.0004047243250709041,0.0004093163764858705,0.00040577840942684315,0.0004081768940006097,0.0004046616240137414
PAR_v2_F_r6_r2v1fix,valido,B_IC_k1,0.10050000000000002,0.12150000000000004,1058,1056,9945.2,9926.4,5.951168807566249,5.936047712734309,5.994122393377216,5.979082650033554,5.948173688679024,5.93304673485594,5.952801997871945,5.932275914058084,5.995755583682912,5.975310851357329,5.9500861489746715,5.929293785674453,3.9937175858903613,3.985627043960399,4.003944630131068,3.9958734576030763,3.993085037310642,3.9851215463565137,3.9894564594280366,3.983992177948131,3.999683503668743,3.9942385915908085,3.988640841428743,3.9832772112718366,1.886529200523646,2.0322700027833562,1.5453441319275667,1.6150395452457245,34,36,0.017958412098298678,0.032196969696969696,50,41,0.01984877126654064,0.04071969696969697,14,18,0.6862003780718336,0.3939393939393939,0.0005983960913371525,0.0005980060961410289,0.0006027151181853775,0.0006023414984318136,0.0005980949290792566,0.0005977037732567637,0.0005985603102875703,0.0005976261196464059,0.0006028793371357953,0.0006019615219371907,0.0005982872289119044,0.0005973256956877069,0.0004015723752051604,0.00040151787596312853,0.00040260071493092823,0.00040255011460379157,0.00040150877180053106,0.0004014669513979402,0.00040114391459478306,0.00040135317717884946,0.00040217225432055085,0.00040238541581951245,0.00040106190337336025,0.00040128115039408414
PAR_v2_G_r12v1fix_r19,valido,B_IC_k1,0.06200000000000002,0.08700000000000001,990,1031,9306.0,9691.4,5.949425673912248,5.94409076315068,5.995329607031443,5.988169224632738,5.949425673912248,5.942402551021859,5.966682069980685,5.965624921170624,6.012586003099879,6.009703382652683,5.966682069980685,5.963705230641388,3.949364795940573,3.9867674138569305,3.9602943038260956,3.997262285638373,3.949364795940573,3.986391922204106,3.965036008855485,3.9838011361812677,3.9759655167410073,3.9942960079627103,3.965036008855485,3.983300707089133,1.6559953262253309,1.777906231727871,1.4812203303909612,1.5302355975555078,0,21,0.00404040404040404,0.016488845780795344,26,39,0.015151515151515152,0.03685741998060136,15,19,0.39494949494949494,0.489815712900097,0.0006393107322063452,0.0006133366451854923,0.0006442434565905269,0.0006178848489003383,0.0006393107322063452,0.0006131624482553459,0.0006411650623233059,0.0006155586314846796,0.0006460977867074876,0.0006201068351995257,0.0006411650623233059,0.0006153605496255843,0.00042438908187627047,0.0004113716711576171,0.0004255635400629804,0.00041245457680400905,0.00042438908187627047,0.00041133292632685744,0.00042607307208848965,0.00041106559797152815,0.0004272475302751996,0.0004121485036179201,0.00042607307208848965,0.00041101396156273943
PAR_v2_H_r9_r39,valido,B_IC_k1,0.08050000000000002,0.07850000000000001,1053,1042,9898.2,9794.800000000001,5.931830685465609,5.951478993469228,5.974988229423826,5.9950921353003235,5.928850970864627,5.949160165483352,5.9456923472406356,5.957993172176748,5.988849891198853,6.0016063140078435,5.943107365788659,5.955472154678676,3.9767500383192664,3.968489453748761,3.987025644023604,3.9788735351371174,3.9761580945908754,3.96790277762869,3.980345455523495,3.977780488766769,3.9906210612278326,3.988164570155125,3.9796531161249113,3.977129717830219,1.7483835746055654,1.6982140212358146,1.5251375645207739,1.5200800552217264,18,14,0.012345679012345678,0.015355086372360844,46,43,0.013295346628679962,0.019193857965451054,22,9,0.4700854700854701,0.7783109404990403,0.000599283777400498,0.0006076161834309252,0.0006036439180279067,0.0006120688666741866,0.000598982741393852,0.0006073794427128019,0.00060068419987883,0.0006082812484355727,0.0006050443405062388,0.000612733931678834,0.0006004230431582166,0.0006080238651813897,0.00040176497123914107,0.0004051628878332136,0.00040280309995995267,0.0004062230505101806,0.0004017051680700405,0.000405102991141084,0.00040212821073765885,0.0004061114559528289,0.00040316633945847044,0.0004071716186297959,0.0004020582647476219,0.00040604501550110453
A2-B0-C2-r9v2fix_vs_A2-B0-C2-r39,valido,B_IC_k1,0.07500000000000002,0.07850000000000001,1028,1042,9663.2,9794.800000000001,5.948546916263375,5.951478993469228,5.99275401138789,5.9950921353003235,5.946875597793738,5.949160165483352,5.961390244881665,5.957993172176748,6.00559734000618,6.0016063140078435,5.959517129765979,5.955472154678676,3.9689346171002056,3.968489453748761,3.979460115939376,3.9788735351371174,3.968379869951013,3.96790277762869,3.9830058417852694,3.977780488766769,3.9935313406244397,3.988164570155125,3.982316362680678,3.977129717830219,1.671820924131892,1.6982140212358146,1.4664017970277943,1.5200800552217264,10,14,0.006809338521400778,0.015355086372360844,41,43,0.013618677042801557,0.019193857965451054,15,9,0.2607003891050584,0.7783109404990403,0.0006155876848521582,0.0006076161834309252,0.0006201624732374254,0.0006120688666741866,0.0006154147278120848,0.0006073794427128019,0.0006169167816956768,0.0006082812484355727,0.0006214915700809442,0.000612733931678834,0.0006167229416514176,0.0006080238651813897,0.00041072673825442974,0.0004051628878332136,0.00041181597358425526,0.0004062230505101806,0.0004106693300305295,0.000405102991141084,0.00041218290439867426,0.0004061114559528289,0.00041327213972849983,0.0004071716186297959,0.000412111553386112,0.00040604501550110453
A2-B0-C2-batch3-r100_vs_A2-B0-C2-batch3-r0,roto_misma_clase,B_IC_k1,0.14999999999999994,0.15049999999999997,990,1035,9306.0,9729.0,5.900268410192622,5.863357591633351,5.946172343311816,5.90726570157345,5.900268410192622,5.861230534336001,5.823950479271517,5.829908831761831,5.869854412390711,5.8738169417019295,5.823950479271517,5.82784852838051,3.928420239761355,3.891144826114886,3.9393497476468773,3.901599138005386,3.928420239761355,3.8900452363061993,3.8885139714215553,3.87024121888912,3.899443479307078,3.88069553077962,3.8885139714215553,3.8699582040314864,2.4401397977389174,2.560533616800022,1.6498346072676027,1.7409032853993731,46,47,0.043434343434343436,0.03768115942028986,39,38,0.045454545454545456,0.05314009661835749,14,21,0.49696969696969695,0.3884057971014493,0.0006340284128726222,0.0006026680636893155,0.0006389611372568038,0.000607181180139115,0.0006340284128726222,0.0006024494330697914,0.0006258274746691937,0.0005992300166267685,0.0006307601990533753,0.0006037431330765679,0.0006258274746691937,0.000599018247340992,0.0004221384310940635,0.0003999532147306903,0.0004233128892807734,0.0004010277662663569,0.0004221384310940635,0.00039984019285704586,0.0004178502010983833,0.0003978046272884284,0.00041902465928509325,0.000398879178824095,0.0004178502010983833,0.00039777553746854624
A2-B0-C2-batch3-r1_vs_A2-B0-C2-batch3-r69,valido,B_IC_k1,0.078,0.08800000000000001,1047,1034,9841.800000000001,9719.6,5.953673967398618,5.945791990694801,5.99707883252565,5.989742564957859,5.951162921331724,5.943651108384558,5.94992124383309,5.951184371956753,5.993326108960122,5.995134946219811,5.947523690785816,5.949210123628498,3.9641334941055235,3.969272317580563,3.974467985802436,3.979736740024148,3.9633154543890003,3.9689376850225115,3.981909091281446,3.9772538461171516,3.9922435829783582,3.987718268560737,3.9814884012338605,3.9766190708022076,1.6960576610258646,1.7031919212365545,1.4935268396207155,1.5040386908273233,13,22,0.010506208213944603,0.014506769825918761,39,42,0.017191977077363897,0.0183752417794971,15,11,0.5482330468003821,0.6286266924564797,0.0006049375081182932,0.0006117321690907857,0.000609347764893175,0.0006162540191939852,0.0006046823671819915,0.0006115119046446929,0.0006045562035230435,0.0006122869636566065,0.0006089664602979254,0.000616808813759806,0.0006043125943207356,0.0006120838433298179,0.00040278541467064186,0.00040837815523072583,0.0004038354758075185,0.0004094547862076781,0.0004027022957577882,0.00040834372659600307,0.0004045915474081413,0.0004091993339352598,0.00040564160854501797,0.0004102759649122121,0.0004045488021737751,0.0004091340251452948
A2-B0-C2-batch3-r5_vs_A2-B0-C2-batch3-r114,valido,B_IC_k1,0.08100000000000003,0.09150000000000004,1020,1024,9588.0,9625.6,5.964404101942147,5.934837519131298,6.008957919381365,5.979217298221144,5.963184110768194,5.933355213160205,5.9474764562673315,5.938385255616076,5.99203027370655,5.982765034705922,5.945776488343361,5.93656519012699,3.956582355269773,3.9632217389740143,3.9671904070410156,3.9737883530430254,3.956201757469375,3.963001603977734,3.9692668367791626,3.9806406466880957,3.979874888550405,3.9912072607571067,3.968968787883092,3.980495290357687,1.65540293973146,1.6945390735069812,1.4852082440342165,1.4938614139435256,11,11,0.010784313725490196,0.013671875,40,34,0.01568627450980392,0.021484375,11,22,0.7147058823529412,0.318359375,0.000622069681053624,0.0006165680600826232,0.0006267165122425287,0.0006211786588078814,0.0006219424395878384,0.0006164140638672087,0.0006203041777500345,0.0006169366331050611,0.0006249510089389392,0.0006215472318303193,0.0006201268761309304,0.0006167475471790838,0.00041265982011574605,0.0004117376307943416,0.0004137662084940567,0.0004128353923955935,0.00041262012489250887,0.00041171476105154316,0.00041398277396528603,0.00041354727463099395,0.0004150891623435967,0.00041464503623224593,0.0004139516883482574,0.00041353217361594983
A2-B0-C2-batch3-r44_vs_A2-B0-C2-batch3-r10,valido,B_IC_k1,0.10150000000000003,0.12000000000000002,1035,1073,9729.0,10086.2,5.937133207710528,5.952389532889607,5.981041317650627,5.994742649187839,5.935273940240928,5.948497586275845,5.9302518582860415,5.950627778209954,5.97415996822614,5.992980894508186,5.92823145623098,5.946673995086623,3.9918265927673784,3.9845217390412704,4.002280904657878,3.9946058143503733,3.9913003165879752,3.983784352123172,3.9901881814963343,3.9904188882621234,4.000642493386834,4.000502963571226,3.9897539771655124,3.989545154240065,1.83464003929093,1.980596120531217,1.5476697625352436,1.600323939271487,34,39,0.02318840579710145,0.034482758620689655,43,42,0.03864734299516908,0.035414725069897485,14,11,0.35555555555555557,0.7148182665424044,0.0006102511262936096,0.0005901518443903162,0.0006147642427434091,0.00059435095964663,0.0006100600205818612,0.0005897659759151955,0.0006095438234439348,0.000589977174576149,0.0006140569398937342,0.0005941762898324627,0.0006093361554353973,0.000589585175297597,0.0004103018391168032,0.00039504686988571215,0.00041137639065246976,0.00039604665923245356,0.0004102477455635703,0.0003949737613891428,0.00041013343421691175,0.0003956315449090959,0.0004112079857525782,0.0003966313342558373,0.0004100888043134456,0.0003955449182288736
A2-B0-C2-batch3-r86_vs_A2-B0-C2-batch3-r12,valido,B_IC_k1,0.09450000000000001,0.10150000000000003,1038,1044,9757.2,9813.6,5.950090791910672,5.927431528904622,5.9938719997989205,5.9709611206555815,5.9480057866251625,5.925455635361401,5.942644161023218,5.939748061404649,5.986425368911467,5.983277653155609,5.940570218484365,5.937300784577499,3.9915301658123727,3.9861105955602056,4.001954262928622,3.996474784072339,3.9910086169640526,3.9855965498352335,3.9913030099172397,3.988109803592884,4.001727107033489,3.9984739921050174,3.990825047863086,3.987803219537966,1.8140089105242816,1.9672965066846824,1.5371125536547556,1.6245875145983963,25,33,0.02119460500963391,0.03065134099616858,54,43,0.025048169556840076,0.03065134099616858,13,15,0.6040462427745664,0.2710727969348659,0.0006098153970309793,0.0006040017454251877,0.0006143024638009798,0.0006084373849204758,0.0006096017081360598,0.0006038004030489729,0.0006090522036058724,0.000605256792757464,0.0006135392703758729,0.0006096924322527521,0.0006088396485143653,0.0006050074167051336,0.0004090856153212369,0.00040618229758296705,0.0004101539645521894,0.00040723840222470236,0.00040903216260444107,0.00040612991662949716,0.0004090623344727216,0.0004063860156917832,0.0004101306837036741,0.00040744212033351853,0.00040901334889754086,0.000406354774959033
A2-B0-C2-batch3-r50_vs_A2-B0-C2-batch3-r21,valido,B_IC_k1,0.10000000000000003,0.09650000000000004,1027,1054,9653.800000000001,9907.6,5.941207644313012,5.942163425697759,5.985457784320804,5.985280023219582,5.939245278638011,5.939401173868917,5.941719898243941,5.9463578376047055,5.985970038251733,5.989474435126529,5.939829326805292,5.943713331464223,3.993839718834045,3.991592834247445,4.004375466454948,4.00185869080026,3.993448561049947,3.9909567316948587,3.993467321295328,3.9882231677661313,4.004003068916231,3.9984890243189466,3.9931217439238593,3.987662424510927,1.9054735146734922,1.9063773182696517,1.5843977019317086,1.5983277008564505,38,36,0.016553067185978577,0.027514231499051234,46,47,0.028237585199610515,0.03510436432637571,10,16,0.6475170399221032,0.4810246679316888,0.0006154268416906308,0.000599758107482918,0.0006200105434461873,0.0006041099785235155,0.0006152235677803569,0.0005994793061759575,0.0006154799041044916,0.0006001814604550754,0.0006200636058600481,0.0006045333314956729,0.0006152840670829406,0.0005999145435286268,0.00041370649058754526,0.00040288191229434424,0.0004147978481483921,0.00040391807206591505,0.0004136659720576298,0.0004028177087987866,0.0004136679153592707,0.00040254180303667196,0.0004147592729201175,0.0004035779628082428,0.00041363211832893355,0.00040248520575224343
A2-B0-C2-batch3-r48_vs_A2-B0-C2-batch3-r25,valido,B_IC_k1,0.09900000000000003,0.113,1032,1040,9700.800000000001,9776.0,5.941150357901208,5.924529359916684,5.9851861076957835,5.968226373174378,5.9391495243875205,5.92197757238926,5.939511014603196,5.933642196907115,5.983546764397772,5.97733921016481,5.937859254408818,5.931463755814792,3.986332832347283,3.992852380002943,3.996817534679325,4.003256430778585,3.985838052208415,3.9922841128287025,3.984608895507321,3.992716420813009,3.9950935978393627,4.003120471588651,3.9842225065584613,3.9922017169521316,1.9729163646381411,1.8736352439540096,1.5921254218118637,1.5234241838095537,45,38,0.020348837209302327,0.027884615384615386,53,51,0.03391472868217054,0.03173076923076923,19,16,0.20445736434108527,0.36730769230769234,0.0006124392171677807,0.0006060279623482696,0.0006169786108048597,0.0006104977877633365,0.0006122329626822035,0.0006057669366191959,0.0006122702266414311,0.0006069601265248686,0.0006168096202785102,0.0006114299519399355,0.0006120999561282386,0.0006067372908975851,0.0004109282566744271,0.00040843416325725683,0.00041200906468325546,0.0004094984074037014,0.0004108772526192082,0.0004083760344546545,0.0004107505458835684,0.000408420255811478,0.00041183135389239676,0.00040948449995792255,0.000410710715256315,0.0004083676060712082
A2-B0-C2-batch3-r35_vs_A2-B0-C2-batch3-r31,valido,B_IC_k1,0.09750000000000003,0.11700000000000002,1051,1060,9879.4,9964.0,5.923691442297732,5.938140817581724,5.966931112885745,5.98101335889116,5.920639853273466,5.934809705328745,5.923729735230465,5.9523468007361435,5.966969405818478,5.99521934204558,5.921047262588474,5.949020803166786,3.9924572093080197,3.983810178978146,4.002752368971833,3.994017926908964,3.991884166939498,3.9831274528508716,3.993196906620188,3.9879107226477397,4.003492066284001,3.9981184705785577,3.992438004785344,3.987342025085322,1.859105570125741,1.9736841716979316,1.5520375797209645,1.6465960847479357,35,39,0.03139866793529972,0.020754716981132074,55,50,0.03425309229305423,0.024528301886792454,16,17,0.38915318744053284,0.22641509433962265,0.0005996003241388882,0.0005959595360880895,0.0006039770748107927,0.0006002622800974669,0.0005992914400948909,0.0005956252213296613,0.0005996042001771833,0.0005973852670349401,0.0006039809508490878,0.0006016880110443175,0.0005993326783598675,0.0005970514655928128,0.00040411940090572505,0.00039982037123425796,0.00040516148439903566,0.0004008448340936335,0.0004040613971435004,0.00039975185195211476,0.00040419427360165476,0.0004002319071304436,0.0004052363570949654,0.0004012563699898191,0.00040411745701007595,0.0004001748319033844
A2-B0-C2-batch3-r9_vs_A2-B0-C2-batch3-r83,valido,B_IC_k1,0.07650000000000001,0.08700000000000001,1031,1062,9691.4,9982.800000000001,5.946921919904408,5.944652818803373,5.991000381386467,5.987444620863639,5.945196239277042,5.941227010101182,5.950379510291172,5.949348500039692,5.9944579717732305,5.9921403020999575,5.948248920387422,5.9464154126573385,3.9658535509665387,3.985201956822996,3.9763484227479813,3.995390481123059,3.9652851594608443,3.984322200300044,3.981747609809405,3.983935172188804,3.9922424815908477,3.994123696488867,3.981265822842722,3.9834016078495127,1.6854904192573847,1.8318550252103938,1.462852763342391,1.5435941109095999,11,26,0.008729388942774006,0.026365348399246705,42,45,0.030067895247332686,0.031073446327683617,8,16,0.8050436469447139,0.4067796610169492,0.0006136287760183677,0.0005954895238613788,0.0006181769797332137,0.0005997760769386984,0.0006134507129286834,0.0005951463527368255,0.0006139855449461555,0.0005959599010337471,0.0006185337486610016,0.0006002464541110667,0.0006137657015898036,0.0005956660869352624,0.00040921368955636325,0.0003992068314323632,0.0004102965952027552,0.0004002274393079155,0.0004091550404957843,0.00039911870420123043,0.000410853706359185,0.00039907993470657564,0.00041193661200557687,0.0004001005425821279,0.00041080399352443634,0.00039902648634145856
A2-B0-C2-batch3-r53_vs_A2-B0-C2-batch3-r23,valido,B_IC_k1,0.09600000000000003,0.11750000000000005,1031,1064,9691.4,10001.6,5.941508314587102,5.931971179221818,5.985586776069161,5.974682545563925,5.9396560085089325,5.928487262433752,5.93817170144961,5.937073161900306,5.982250162931669,5.979784528242414,5.936164079621485,5.934022279421737,3.9914192314252164,3.9894189854685207,4.0019141032066585,3.999588358407118,3.9909804180759996,3.9887969855313954,3.9951760504679124,3.9834238751841444,4.0056709222493545,3.9935932481227416,3.9948982550633705,3.982686237115766,1.935031074316738,1.95012336439951,1.5872307234165606,1.602646565567112,42,31,0.01842870999030068,0.03383458646616541,44,44,0.03200775945683802,0.06390977443609022,24,11,0.2192046556741028,0.38721804511278196,0.0006130701771247809,0.0005931022215667311,0.000617618380839627,0.000597372674928404,0.00061287904828084,0.0005927538856216757,0.0006127258911457179,0.0005936123382159161,0.0006172740948605639,0.000597882791577589,0.0006125187361600476,0.0005933072987743698,0.0004118516655411206,0.00039887807805436335,0.0004129345711875125,0.0003998948526642855,0.00041180638690756753,0.00039881588801105776,0.00041223931015827564,0.00039827866293234526,0.0004133222158046675,0.00039929543754226737,0.00041221064604323116,0.00039820491092582846
A2-B0-C2-batch3-r104_vs_A2-B0-C2-batch3-r60,valido,B_IC_k1,0.09850000000000003,0.12549999999999997,1093,1064,10274.2,10001.6,5.951437449997817,5.93312419333461,5.993015577891689,5.975835559676717,5.947219677506887,5.930192027655572,5.950285928100033,5.942030715059189,5.991864055993905,5.984742081401296,5.945807844862575,5.938668599345972,3.9911357755210912,3.9865892472256617,4.001035329781537,3.996758620164259,3.9901127686160978,3.985792854118072,3.993677645531535,3.9779306979945854,4.00357719979198,3.9881000709331826,3.9926971178411548,3.9770830408986715,1.895866698242373,2.012320623114671,1.5636106190505838,1.5884112760839986,30,39,0.04757548032936871,0.03289473684210526,44,43,0.053064958828911254,0.044172932330827065,15,16,0.5974382433668801,0.38627819548872183,0.0005792604241690659,0.0005932175045327357,0.0005833072723804957,0.0005974879578944086,0.000578849903399475,0.0005929243348719777,0.0005791483451850298,0.0005941080142236431,0.0005831951933964595,0.000598378467585316,0.0005787124880635547,0.0005937718564375671,0.0003884619508595405,0.0003985951494986464,0.0003894254861479762,0.0003996119241085685,0.0003883623803912808,0.00039851552292813867,0.0003887093540646994,0.0003977294330901641,0.000389672889353135,0.00039874620770008625,0.000388613918148484,0.0003976446809409166
A2-B0-C2-batch3-r59_vs_A2-B0-C2-batch3-r58,valido,B_IC_k1,0.10350000000000004,0.10250000000000004,1073,1042,10086.2,9794.800000000001,5.939886991867757,5.934813891728769,5.982240108165989,5.978427033559865,5.936344502841365,5.932537122200839,5.934872488007059,5.939119647031085,5.977225604305291,5.982732788862181,5.932019894268238,5.936851029964901,3.9897079939992888,3.9822226670962833,3.9997920693083917,3.9926067484846395,3.9888723160260677,3.981655754170473,3.9879854431727906,3.990942379321592,3.9980695184818935,4.001326460709948,3.987140080311217,3.9903795539873594,1.9729504788645336,1.9396907261882628,1.5813152868041012,1.601298766830941,40,40,0.02516309412861137,0.023032629558541268,49,52,0.034482758620689655,0.04990403071017274,17,21,0.4771668219944082,0.24280230326295585,0.0005889122753730599,0.000605914760049084,0.0005931113906293737,0.0006103674432923453,0.000588561053998668,0.0006056823132887693,0.0005884151105477839,0.0006063543560900768,0.0005926142258040977,0.0006108070393333381,0.0005881322890948263,0.0006061227416552558,0.00039556106303655374,0.0004065649801013071,0.00039656085238329514,0.00040762514277827407,0.00039547820943725757,0.0004065071011322817,0.000395390280102793,0.00040745521902658466,0.00039639006944953433,0.00040851538170355166,0.00039530646629168734,0.0004073977573801771
A2-B0-C2-batch3-r107_vs_A2-B0-C2-batch3-r71,valido,B_IC_k1,0.10650000000000004,0.13,1035,1045,9729.0,9823.0,5.9473056948001375,5.919977446870058,5.991213804740236,5.963465383509295,5.945347711249764,5.917389148160578,5.956150608525462,5.914301896141057,6.000058718465561,5.9577898327802945,5.954232298476171,5.911617601452045,3.988831483921814,3.980640470645689,3.999285795812314,3.9909947412740787,3.9882952641669154,3.9801135708534527,3.9898037514759532,3.9833170595555796,4.000258063366453,3.9936713301839695,3.989193379501864,3.982470226601722,1.889264675109454,2.0303857118553648,1.5447107208280995,1.593782997963217,34,36,0.021256038647342997,0.027751196172248804,49,38,0.02995169082125604,0.03636363636363636,21,19,0.36328502415458935,0.18086124401913875,0.0006112967103299556,0.0006026649136587659,0.0006158098267797549,0.0006070920679537102,0.0006110954580378008,0.0006024014199491579,0.0006122058390919377,0.000602087131847812,0.0006167189555417371,0.0006065142861427562,0.0006120086646599004,0.0006018138655657177,0.0004099939853964245,0.0004052367373150452,0.000411068536932091,0.0004062908216709843,0.00040993886978794484,0.0004051830979185028,0.0004100939203901689,0.0004055092191342339,0.00041116847192583544,0.000406563303490173,0.00041003118300975063,0.00040542300993604013
A2-B0-C2-batch3-r112_vs_A2-B0-C2-batch3-r108,valido,B_IC_k1,0.10150000000000003,0.098,1062,1043,9982.800000000001,9804.2,5.943008738646759,5.951037381522767,5.985800540707024,5.9946087082610235,5.938996682503795,5.948791926474433,5.936129317301045,5.952827252473648,5.978921119361311,5.996398579211905,5.932992344888483,5.950449636676198,3.9818516750463506,3.9850423683085814,3.992040199346414,3.9954164937224523,3.9811337646656786,3.9845834222608705,3.9813758129699517,3.9910386724165097,3.991564337270015,4.001412797830381,3.9805902872090098,3.9903761352606195,1.962643942575389,1.907032452599054,1.6085833081861969,1.5736406864914836,42,33,0.027306967984934087,0.037392138063279005,45,47,0.03766478342749529,0.038350910834132314,15,13,0.3192090395480226,0.37392138063279,0.0005953248325767077,0.000606988574439808,0.0005996113856540273,0.0006114327235532754,0.0005949229356997831,0.0006067595445293275,0.0005946357051429504,0.000607171136092047,0.0005989222582202699,0.0006116152852055144,0.0005943214674127982,0.000606928626167989,0.000398871226013378,0.0004064627780245794,0.0003998918338889303,0.00040752090876588115,0.00039879931128197283,0.00040641596685715004,0.0003988235578164394,0.0004070743836739876,0.00039984416569199165,0.0004081325144152894,0.000398744869897124,0.00040700680680326993
A2-B0-C2-batch3-r120_vs_A2-B0-C2-batch3-r111,valido,B_IC_k1,0.09250000000000004,0.12200000000000003,1069,1059,10048.6,9954.6,5.939851511261513,5.9383229643000215,5.9823631050762955,5.981235989595586,5.936358700548042,5.9354230149183875,5.945938377789871,5.938519484995679,5.988449971604654,5.981432510291243,5.942462213028359,5.935315805699492,3.991149219475165,3.9825899239014566,4.001271027526304,3.992807310876591,3.990338218748877,3.9819024669111087,3.993836446435383,3.983547360304831,4.0039582544865215,3.9937647472799656,3.9932782204453923,3.9827318271342,1.9050594504892908,1.9566679496418669,1.6063042566926786,1.6482392339710128,35,35,0.018709073900841908,0.03588290840415486,54,41,0.028999064546304958,0.039660056657223795,17,17,0.44808231992516373,0.14825306893295562,0.0005911123451288252,0.0005965405907118338,0.0005953429438007578,0.0006008514646088828,0.0005907647533535061,0.000596249273192131,0.0005917180878719295,0.0005965603324087033,0.0005959486865438621,0.0006008712063057524,0.0005913721526410007,0.0005962385033752729,0.00039718460476834236,0.00040007533440835957,0.0003981918901664216,0.00040110173295527607,0.0003971038969357798,0.00040000627518043,0.0003974520277884862,0.00040017151470725403,0.00039845931318656543,0.0004011979132541705,0.0003973964751751878,0.00040008958944952083
A2-B0-C2-batch3-r76_vs_A2-B0-C2-batch3-r26,valido,B_IC_k1,0.10650000000000004,0.11150000000000004,1064,1053,10001.6,9898.2,5.943070087767227,5.946730643567721,5.985781454109334,5.989888187525938,5.939990608586583,5.943887231584486,5.948389933942973,5.9441482356781865,5.991101300285081,5.9873057796364035,5.945721923579622,5.941596339101247,3.9916956278341535,3.9886119308093178,4.00186500077275,3.998887536513655,3.9909181877483046,3.987939320984227,3.993412262933941,3.9937025465638105,4.003581635872538,4.0039781522681475,3.992507872397823,3.9930826682939875,1.9358917361275891,1.950420056978401,1.6198608589684123,1.6346332108221535,43,31,0.020676691729323307,0.02184235517568851,54,52,0.023496240601503758,0.026590693257359924,21,18,0.15789473684210525,0.16619183285849953,0.000594211934867144,0.0006007890973679782,0.0005984823882288168,0.0006051492379953869,0.0005939040362128642,0.000600501831806236,0.0005947438343807963,0.0006005282006504401,0.0005990142877424693,0.0006048883412778488,0.0005944770760257981,0.0006002703864441259,0.0003991057058704761,0.00040296336008661346,0.00040012248048039813,0.00040400148880742506,0.0003990279742989426,0.0004028954073451968,0.0003992773419186871,0.0004034776572067457,0.00040029411652860923,0.00040451578592755723,0.00039918691733300903,0.0004034150318536691
A2-B0-C2-batch3-r143_vs_A2-B0-C2-batch3-r70,invertido,B_IC_k1,0.10000000000000003,0.09500000000000004,1050,1024,9870.0,9625.6,5.950806081634178,5.94541701643675,5.994086932860847,5.989796795526596,5.948390945796519,5.94397190501648,5.95071784563379,5.949953645145986,5.993998696860459,5.994333424235832,5.947867987261059,5.9482759662853075,3.9881080548008496,3.9879562075199706,3.998413019378628,3.9985228215889816,3.9875979236176526,3.9876093411204447,3.987452777653043,3.990128378700014,3.9977577422308213,4.0006949927690245,3.986617680633702,3.9897931437437215,1.8438270423199787,1.8553959422089592,1.554290663720884,1.5077650565076874,27,37,0.025714285714285714,0.01171875,37,45,0.04380952380952381,0.0205078125,20,23,0.17904761904761904,0.15234375,0.0006029185493043746,0.000617667160118512,0.0006073036406140676,0.0006222777588437703,0.0006026738546906301,0.0006175170280311336,0.0006029096094867061,0.0006181384687859444,0.0006072947007963991,0.0006227490675112026,0.0006026208700365815,0.0006179641753537761,0.00040406363270525323,0.00041430728552193844,0.00040510770206470393,0.00041540504712319037,0.0004040119476816264,0.00041427124970084406,0.0004039972419101361,0.00041453295157704596,0.00040504131126958674,0.0004156307131782979,0.00040391263228304984,0.0004144981241422583
A2-B0-C2-batch4-r11_vs_A2-B0-C2-batch4-r0,valido,B_IC_k1,0.08600000000000003,0.09000000000000002,1030,1039,9682.0,9766.6,5.947325814285734,5.927658354517387,5.991447070390591,5.971397424573213,5.945859961090711,5.925663194505554,5.953965045098661,5.932393683897931,5.998086301203518,5.976132753953757,5.951749527818034,5.93018104398775,3.9597495876423565,3.9750487557584417,3.9702546486197035,3.985462820057448,3.9593247424397777,3.9745074448834425,3.970190254732743,3.9799297408080654,3.98069531571009,3.9903438051070714,3.9698404384737382,3.9794109272245777,1.687959581882852,1.7063195286718074,1.5202361706348584,1.5194244642170387,12,17,0.015533980582524271,0.013474494706448507,40,41,0.01650485436893204,0.02021174205967276,6,14,0.6718446601941748,0.6689124157844081,0.0006142662481187496,0.0006069316194496946,0.0006188232875842379,0.0006114100530965958,0.0006141148482845187,0.0006067273354601963,0.0006149519773908966,0.000607416468770906,0.0006195090168563849,0.0006118949024178073,0.000614723148917376,0.0006071899170630259,0.0004089805399341413,0.0004070043572746341,0.0004100655493306862,0.0004080706510000868,0.00040893666003302806,0.00040694893257463624,0.00041005889844378674,0.0004075041202473804,0.00041114390784033155,0.00040857041397283304,0.0004100227678654966,0.00040745099904005257
A2-B0-C2-batch4-r31_vs_A2-B0-C2-batch4-r1,valido,B_IC_k1,0.09850000000000003,0.10750000000000003,1044,1040,9813.6,9776.0,5.936792150104659,5.930834986781427,5.980321741855619,5.9745320000391215,5.934532362386185,5.9285057349756105,5.9443376547777795,5.927451138808805,5.987867246528739,5.971148152066499,5.941929811711002,5.925005794012485,3.9849946869637005,3.992703060411357,3.995358875475834,4.003107111186998,3.984617428785224,3.9922746238363733,3.9907700524191716,3.992966082536686,4.001134240931305,4.003370133312328,3.9901010561842627,3.992405172477404,1.8909618662252834,1.8896869171145525,1.593393268236035,1.5791157458966625,37,31,0.02490421455938697,0.03365384615384615,47,41,0.039272030651340994,0.0375,19,21,0.5191570881226054,0.33365384615384613,0.0006049555871550358,0.0006066729732796059,0.0006093912266503239,0.0006111427986946729,0.000604725316131306,0.0006064347110245101,0.0006057244695909533,0.000606326834984534,0.0006101601090862414,0.000610796660399601,0.0006054791118153382,0.0006060766974235357,0.00040606858716105203,0.0004084188891582812,0.00040712469180278734,0.0004094831333047257,0.0004060301447771688,0.0004083750638130496,0.00040665709346408775,0.00040844579404016837,0.000407713198105823,0.0004095100381866129,0.0004065889231458652,0.00040838841780660846
A2-B0-C2-batch4-r3_vs_A2-B0-C2-batch4-r9,valido,B_IC_k1,0.07550000000000001,0.07950000000000002,1035,1044,9729.0,9813.6,5.947793979995178,5.931467419257663,5.991702089935277,5.974997011008623,5.9459216056368405,5.929327246743534,5.952665356206208,5.942106725067065,5.996573466146307,5.985636316818025,5.95067450344841,5.940043520706431,3.96597944962614,3.9701795002706395,3.9764337615166396,3.980543688782773,3.9655943018574265,3.9693753624339974,3.976294919418521,3.9832994925401746,3.986749231309021,3.993663681052308,3.975835884173514,3.9826521847206897,1.6815774064027331,1.7184449400509452,1.4957930266024755,1.4763042840156895,11,28,0.008695652173913044,0.013409961685823755,34,52,0.020289855072463767,0.018199233716475097,17,12,0.6125603864734299,0.7471264367816092,0.000611346898961371,0.0006044130002504344,0.0006158600154111705,0.0006088486397457225,0.0006111544460516847,0.0006041949179448453,0.0006118476057360683,0.0006054971391810411,0.0006163607221858677,0.0006099327786763292,0.0006116429749664313,0.00060528689988449,0.0004076451279295035,0.000404558928453436,0.0004087196794651701,0.00040561503309517126,0.000407605540328649,0.00040447698728641855,0.000408705408512542,0.0004058958478580923,0.00040977996004820856,0.00040695195249982756,0.0004086582263514764,0.0004058298875764948
A2-B0-C2-batch4-r23_vs_A2-B0-C2-batch4-r10,valido,B_IC_k1,0.09550000000000002,0.12799999999999997,1056,1066,9926.4,10020.4,5.936635430311245,5.9355126850115045,5.97967036761049,5.978143917458036,5.933347045097938,5.93190310790614,5.939375605586001,5.945698598347057,5.982410542885246,5.988329830793589,5.936432140768423,5.941991469678752,3.992010830216748,3.9841366327568557,4.002257243859425,3.994286926196506,3.991233564860964,3.9835799086183035,3.98975962070912,3.9880483685696495,4.000006034351797,3.9981986620092997,3.989029291750161,3.9873729921865273,1.8753618727287367,2.0463284112856566,1.561736469532116,1.6356645153798686,33,36,0.019886363636363636,0.03095684803001876,49,40,0.02462121212121212,0.036585365853658534,21,22,0.1893939393939394,0.2701688555347092,0.0005980653036661071,0.0005923428890075751,0.0006024007059568918,0.000596597333186104,0.0005977340269481321,0.0005919826661516647,0.0005983413529160623,0.0005933594066451496,0.000602676755206847,0.0005976138508236786,0.000598044823981345,0.0005929894484929495,0.00040216098789256407,0.0003976025540653922,0.0004031932265332271,0.0003986155169650419,0.0004020826850480501,0.0003975469949920466,0.00040193419776647323,0.00039799293127715956,0.0004029664364071362,0.0003990058941768093,0.00040186062336296756,0.00039792553113513705
A2-B0-C2-batch4-r15_vs_A2-B0-C2-batch4-r62,valido,B_IC_k1,0.10550000000000002,0.10250000000000004,1024,1065,9625.6,10011.0,5.936310055220891,5.933831928814193,5.980689834310737,5.976503190586965,5.934915898538702,5.9305043106252215,5.937478508347777,5.928572808720351,5.981858287437623,5.971244070493123,5.935905466912028,5.92583785100814,3.9880541667373417,3.9862883636322053,3.9986207808063527,3.996448187863818,3.987728927666105,3.9855643688574043,3.982219630084922,3.984186689329539,3.9927862441539332,3.9943465135611516,3.9819106808267715,3.9834956658719,1.973137170636873,1.932531073663906,1.590111571259584,1.58870876110949,34,36,0.0244140625,0.0215962441314554,42,51,0.025390625,0.02629107981220657,12,18,0.509765625,0.5784037558685446,0.0006167210413086863,0.0005927311885739879,0.0006213316400339445,0.0005969936260700195,0.0006165762028900746,0.0005923987923908922,0.0006168424314689761,0.0005922058544321597,0.0006214530301942344,0.0005964682919281913,0.0006166790087799232,0.0005919326591757207,0.0004143174624685569,0.000398190826454121,0.0004154152240698089,0.00039920569252460474,0.00041428367350254577,0.000398118506528559,0.00041371131462817094,0.0003979808899540045,0.0004148090762294229,0.0003989957560244882,0.00041367921800477593,0.00039791186353729894
A2-B0-C2-batch4-r51_vs_A2-B0-C2-batch4-r36,roto_misma_clase,B_IC_k1,0.14499999999999996,0.15349999999999997,1015,1012,9541.0,9512.800000000001,5.91300611738102,5.904052955849041,5.957779411753436,5.9489589773786875,5.9120668414111694,5.903007079195462,5.886162323926216,5.838285279017001,5.930935618298633,5.883191300546647,5.884822882950934,5.837059001138943,3.8982897165346273,3.908033562510033,3.908950024718536,3.918725472398044,3.8980426153334515,3.907729784109418,3.914975613773718,3.856553011661515,3.925635921957627,3.8672449215495264,3.914616700704984,3.856295992453383,2.425446429883596,2.5699319107156686,1.7050334474683304,1.733162556216045,43,42,0.0374384236453202,0.04743083003952569,34,30,0.05714285714285714,0.0741106719367589,19,14,0.6650246305418719,0.6195652173913043,0.0006197469989918269,0.000620643023699546,0.0006244397245313317,0.0006253636129613454,0.0006196485527105303,0.0006205330795554896,0.0006169334790825088,0.0006137294255126776,0.0006216262046220137,0.0006184500147744772,0.0006167930911802677,0.0006136005173176081,0.00040858292805100383,0.0004108184301688286,0.00040970024365564783,0.0004119423799930666,0.0004085570291723563,0.00041078649652146767,0.0004103317905642719,0.0004054067163886043,0.00041144910616891593,0.00040653066621284227,0.00041029417259249386,0.0004053796981386534
A2-B0-C2-batch4-r38_vs_A2-B0-C2-batch4-r72,valido,B_IC_k1,0.09950000000000002,0.10150000000000003,1058,1047,9945.2,9841.800000000001,5.947332892537636,5.941193651989046,5.990286478348603,5.984598517116078,5.94397814446261,5.9390088669068986,5.952886090867936,5.937601829203893,5.995839676678902,5.981006694330925,5.950109047227617,5.935070198566566,3.989683632558224,3.9920486451392003,3.99991067679893,4.002383136836112,3.989094910765614,3.9913070501465984,3.9906137137610265,3.9889749693035776,4.000840758001733,3.99930946100049,3.9898035299229546,3.9882727736122194,1.8984823792939298,1.896112949950712,1.610715540707627,1.6169920816473042,41,35,0.022684310018903593,0.027698185291308502,52,42,0.043478260869565216,0.04011461318051576,9,16,0.6871455576559546,0.3543457497612225,0.0005980103861699751,0.0006036694153497374,0.0006023294130182,0.0006080796721246192,0.0005976730628305725,0.0006034474249534534,0.0005985687659240574,0.0006033044594691919,0.0006028877927722823,0.0006077147162440737,0.0005982895313545848,0.0006030472269876004,0.0004011667570846462,0.00040562180141226196,0.00040219509681041406,0.00040667186254913856,0.000401107560508146,0.0004055464498513075,0.00040126027769788706,0.00040530949311137976,0.00040228861742365484,0.00040635955424825636,0.00040117881288691574,0.0004052381448121501
A2-B0-C2-batch4-r57_vs_A2-B0-C2-batch4-r43,valido,B_IC_k1,0.09950000000000002,0.09350000000000003,1045,1056,9823.0,9926.4,5.950989153949726,5.948675787370373,5.994477090588963,5.991710724669618,5.948185066333963,5.945483918920611,5.952084236611068,5.93973976356371,5.995572173250305,5.982774700862955,5.94948037182323,5.936500624953697,3.9915126316249294,3.991380841196203,4.001866902253319,4.00162725483888,3.990959109412151,3.9906372375584764,3.9906476433335865,3.9936343114003487,4.001001913961976,4.003880725043026,3.990107160652382,3.9929858148223083,1.915281161999804,1.9214668073679826,1.6063021502471309,1.5729578106436148,32,34,0.02200956937799043,0.03598484848484849,51,48,0.024880382775119617,0.03787878787878788,10,11,0.5885167464114832,0.4952651515151515,0.0006058219641606155,0.0005992782667805421,0.0006102491184555597,0.0006036136690713268,0.0006055365027317482,0.0005989567133019636,0.0006059334456490958,0.0005983780387213603,0.00061036059994404,0.0006027134410121449,0.0006056683672832363,0.0005980517231779595,0.00040634354388933416,0.00040209752188066197,0.00040739762824527323,0.00040312976052132496,0.0004062871942799706,0.0004020226101666744,0.00040625548644340694,0.00040232453975261415,0.000407309570799346,0.00040335677839327714,0.00040620046428304816,0.00040225920926240214
A2-B0-C2-batch4-r13_vs_A2-B0-C2-batch4-r94,valido,B_IC_k1,0.07650000000000001,0.08900000000000004,1028,1047,9663.2,9841.800000000001,5.956067074448104,5.947109241276224,6.000274169572619,5.990514106403256,5.9544020981212755,5.9447307077608675,5.956956888989856,5.9517964343659955,6.001163984114371,5.9952012994930275,5.9550771203286015,5.949180567831722,3.97145536156434,3.971273561048199,3.9819808604035103,3.9816080527451114,3.9710299636807393,3.9708297274808593,3.980220046730328,3.9740397504943825,3.9907455455694985,3.984374242191295,3.9798113750589392,3.9731638647703256,1.7039719910362208,1.7577467848821406,1.5083085683385558,1.5179194261454403,13,28,0.008754863813229572,0.02005730659025788,38,43,0.01556420233463035,0.029608404966571154,6,9,0.8180933852140078,0.7430754536771729,0.0006163659113386977,0.0006042704831713938,0.000620940699723965,0.0006086807399462756,0.0006161936106177327,0.0006040288064948349,0.0006164579941416772,0.0006047467368129808,0.0006210327825269446,0.0006091569935878627,0.0006162634655526741,0.000604480945338426,0.00041098759847300474,0.00040351089851939673,0.0004120768338028303,0.00040456095965627333,0.00041094357600802414,0.00040346580173147785,0.0004118946153169062,0.000403791963918631,0.0004129838506467317,0.00040484202505550757,0.00041185232377048377,0.0004037029674216429
A2-B0-C2-batch4-r41_vs_A2-B0-C2-batch4-r12,valido,B_IC_k1,0.09350000000000003,0.1005,1034,1048,9719.6,9851.2,5.960827579708017,5.938067832648014,6.004778153971075,5.981431280919009,5.958679197129463,5.9353488757043245,5.966118634643876,5.945680062170142,6.010069208906934,5.989043510441137,5.964302614317432,5.943059707369328,3.995812525825289,3.994408872288542,4.006276948268875,4.0047335028292546,3.9953187199429556,3.9937082810475397,3.9948274347808024,3.9918435065292,4.005291857224388,4.002168137069913,3.994362381196417,3.9913102124607347,1.8688992148068657,1.8576542006001493,1.5883678753596118,1.5438271044648846,35,35,0.024177949709864602,0.01812977099236641,47,47,0.025145067698259187,0.029580152671755726,21,13,0.3365570599613153,0.5524809160305344,0.0006132791040483164,0.0006027760915064168,0.000617800954151516,0.0006071779357762515,0.0006130580679379257,0.0006025000888931626,0.0006138234736659816,0.0006035488125477243,0.0006183453237691812,0.0006079506568175589,0.0006136366326101312,0.0006032828190849163,0.00041110874169979103,0.0004054743454897415,0.00041218537267674333,0.0004065224036492259,0.00041105793653472937,0.00040540322813946927,0.00041100739071369216,0.00040521393399070164,0.00041208402169064446,0.00040626199215018606,0.0004109595437257106,0.0004051597990560271
A2-B0-C2-batch4-r18_vs_A2-B0-C2-batch4-r19,valido,B_IC_k1,0.08200000000000002,0.09050000000000001,1036,1028,9738.4,9663.2,5.949291542302123,5.94428939647232,5.99315726989672,5.988496491596836,5.9470509944176015,5.942721868937225,5.9489654795158895,5.945111617960298,5.992831207110487,5.989318713084813,5.9468669918378305,5.943495856230145,3.9735607571752576,3.9856616389467603,3.984004978031114,3.9961871377859306,3.9729119178560968,3.985132157708597,3.9830246776223954,3.9762782770385914,3.993468898478252,3.9868037758777617,3.9825867855447967,3.9758853147516646,1.698703595526657,1.828345306647014,1.459531893487993,1.569259983041154,11,27,0.01447876447876448,0.02821011673151751,45,43,0.016409266409266408,0.029182879377431907,15,19,0.5675675675675675,0.21206225680933852,0.0006109105748687796,0.0006151470937652455,0.0006154149829434733,0.0006197218821505128,0.0006106805013572663,0.0006149848775702898,0.0006108770926965302,0.0006152321816748383,0.0006153815007712239,0.0006198069700601057,0.0006106616068181457,0.0006150649739454988,0.00040803014429221,0.00041245774059801724,0.0004091026224052323,0.00041354697592784276,0.000407963517400815,0.0004124029470267196,0.0004090019590099396,0.00041148669975148925,0.00041007443712296187,0.00041257593508131483,0.00040895699350455893,0.000411446033896811
A2-B0-C2-batch4-r39_vs_A2-B0-C2-batch4-r26,valido,B_IC_k1,0.10150000000000003,0.10250000000000004,1066,1063,10020.4,9992.2,5.9541676781540875,5.969345527451878,5.996798910600619,6.012097073818767,5.950609609158185,5.9660996911096245,5.9496619082730335,5.967730002795535,5.992293140719565,6.0104815491624235,5.946154196437767,5.964753401945654,3.9817255956102877,3.9969180110979265,3.991875889049938,4.007096950709091,3.9810146092783247,3.9962205078761897,3.9918978118409996,3.9919571202127573,4.00204810528065,4.002136059823921,3.9911809011397175,3.991135947421375,1.9654462096059595,1.8997497283242608,1.6026233508353607,1.5745917341726734,39,36,0.03470919324577861,0.04233301975540922,49,43,0.040337711069418386,0.04233301975540922,16,17,0.17917448405253283,0.19943555973659455,0.000594204590450889,0.0005974005251548085,0.0005984590346294179,0.0006016790170151484,0.0005938495079196624,0.0005970756881477176,0.0005937549307685355,0.0005972388465798858,0.0005980093749470645,0.0006015173384402257,0.0005934048737014258,0.0005969409541387936,0.0003973619412009788,0.00040000380407697266,0.0003983749041006285,0.0004010224926151489,0.0003972909873137125,0.00039993399930707843,0.0003983770919165901,0.0003995073277369105,0.00039939005481623994,0.00040052601627508665,0.0003983055467985028,0.0003994251463562954
A2-B0-C2-batch4-r70_vs_A2-B0-C2-batch4-r47,valido,B_IC_k1,0.098,0.09300000000000001,1037,1036,9747.800000000001,9738.4,5.946245046943317,5.95503822745666,5.990068473932712,5.998903955051257,5.944417818164571,5.952734738592605,5.944445720339546,5.952303720418312,5.988269147328941,5.9961694480129095,5.942043006212163,5.950227737737887,3.989185723397026,3.9842614021524296,3.9996198726802152,3.994705623008286,3.9885510904934955,3.983780656960465,3.9958808278387785,3.996653289178594,4.006314977121968,4.007097510034451,3.995425152091429,3.996212158859215,1.9321044210758695,1.9474875329867267,1.5681242006816476,1.6416881019852148,36,39,0.020250723240115717,0.03474903474903475,47,49,0.03664416586306654,0.03571428571428571,16,22,0.25168756027000966,0.28474903474903474,0.0006100089299065755,0.0006115006805488232,0.0006145046547869992,0.0006160050886235169,0.0006098214795302089,0.000611264143862709,0.0006098243419376214,0.0006112198842128391,0.0006143200668180451,0.0006157242922875328,0.0006095778541016601,0.0006110067092887833,0.0004092395949236777,0.0004091289536425316,0.0004103100056094929,0.0004102014317555539,0.0004091744896790553,0.0004090795877105546,0.00040992642727987627,0.0004104014303354344,0.00041099683796569147,0.00041147390844845674,0.00040987968075785594,0.0004103561323070746
A2-B0-C2-batch4-r44_vs_A2-B0-C2-batch4-r28,valido,B_IC_k1,0.10000000000000003,0.10650000000000004,1066,1034,10020.4,9719.6,5.935535976608967,5.933622947090324,5.978167209055498,5.977573521353382,5.932371678231916,5.932141766468609,5.940361244552308,5.933636042309061,5.98299247699884,5.977586616572119,5.936919269368564,5.9319724625123875,3.989806794694443,3.986910112347366,3.999957088134093,3.9973745347909513,3.988952299940574,3.9864675144661863,3.990050283406287,3.991660782500543,4.000200576845938,4.002125204944129,3.989362242330675,3.991302281829103,1.9043528655740667,1.9057090296299282,1.5931852549760417,1.5340981086154635,37,30,0.017823639774859287,0.025145067698259187,43,46,0.04221388367729831,0.02804642166344294,15,16,0.6219512195121951,0.4922630560928433,0.0005923452134255087,0.0006104801583491423,0.0005965996576040376,0.0006150020084523418,0.000592029427790499,0.0006103277672402783,0.0005928267578691778,0.0006104815056493129,0.0005970812020477066,0.0006150033557525123,0.0005924832610842446,0.0006103103484209625,0.00039816841590100625,0.00041019281784717126,0.00039918137880065596,0.00041126944882412356,0.0003980831403876666,0.0004101472812117974,0.0003981927152016174,0.0004106815900346252,0.0003992056781012672,0.0004117582210115775,0.0003981240511686834,0.00041064470573162504
PAR_piloto_A_r9_r19,valido,B_IC_k3,0.08050000000000002,0.08700000000000001,1528,1543,14363.2,14504.2,5.940749949419442,5.951222006816598,5.9704913720555695,5.980674303503573,5.93324826892502,5.943199341946167,5.931429901574447,5.95540750730437,5.961171324210574,5.984859803991345,5.9237093337178575,5.946488675937584,3.9813715435607824,3.9910801596619825,3.988452834664622,3.9980926112541195,3.9794621314115743,3.9890737388329756,3.9670848901525173,3.984431808996729,3.974166181256357,3.991444260588866,3.9650686085950104,3.982407200874036,2.026119828160907,2.115620556586545,1.6724463587375178,1.6608349254806865,42,57,0.007198952879581152,0.010369410239792612,57,59,0.013089005235602094,0.02462734931950745,32,32,0.03926701570680628,0.053143227478937134,0.0004136090808050742,0.0004103102554306062,0.00041567974908485357,0.0004123408601304155,0.00041308679604301407,0.00040975712841426394,0.0004129601970016742,0.0004105988270503971,0.0004150308652814536,0.00041262943175020646,0.0004124226727830746,0.0004099839133449334,0.0002771925158433206,0.00027516720395899,0.0002776855321004109,0.0002756506812684684,0.00027705957804748067,0.00027502887017780885,0.0002761978451983205,0.0002747088297870085,0.0002766908614554108,0.0002751923070964869,0.0002760574669011787,0.0002745692420729193
PAR_piloto_B_r1_r17,valido,B_IC_k3,0.08700000000000002,0.12100000000000004,1525,1523,14335.0,14316.2,5.954600727882158,5.946645274038793,5.9844006582349465,5.976484337589681,5.946501259342994,5.939322579114028,5.936425767482769,5.93961493907554,5.966225697835557,5.969454002626428,5.928597791013342,5.931798345078175,3.9661177976483852,3.9910887769840513,3.973213019160954,3.998193315924739,3.9638840528583996,3.98905788269842,3.956529050809659,3.9801946210909103,3.9636242723222277,3.987299160031598,3.955017430527466,3.9782768978994243,1.9439779676755122,2.3876761454869353,1.6147151343783466,1.6812349332922034,26,62,0.0045901639344262295,0.013131976362442548,56,66,0.011147540983606558,0.025607353906762966,38,24,0.04262295081967213,0.07616546290216678,0.00041538895904305253,0.0004153787509282346,0.00041746778222776046,0.00041746303750923294,0.00041482394554189005,0.00041486725381833356,0.0004141210859771726,0.0004148876754359075,0.0004161999091618805,0.00041697196201690584,0.00041357501158097957,0.00041434167901245963,0.000276673721496225,0.0002787812951051292,0.00027716867939734594,0.00027927755381489073,0.0002765178969555912,0.0002786394352340998,0.0002760048169382392,0.0002780203280962064,0.00027649977483936014,0.0002785165868059679,0.00027589936731966977,0.0002778863733322686
PAR_piloto_C_r6_r14,valido,B_IC_k3,0.10050000000000002,0.09900000000000003,1605,1607,15087.0,15105.800000000001,5.96249845875269,5.9511513313210695,5.990813034321539,5.979430667841295,5.953165592445183,5.941985847214182,5.951191676156686,5.950669116532776,5.979506251725534,5.978948453053001,5.940987881342786,5.941061249248523,3.9972747187640607,3.996606929030931,4.004016284375691,4.00334010439289,3.9948303825265934,3.994204807794105,3.9924597910430486,3.9939049148494563,3.9992013566546794,4.000638090211415,3.990364593086967,3.9916744295441857,2.3860935399284235,2.2649684700405435,1.7589029984449989,1.7129298094885157,78,81,0.009968847352024923,0.009956440572495333,57,54,0.04610591900311527,0.043559427504667084,20,20,0.16884735202492213,0.09334163036714374,0.00039520769263290845,0.00039396465803340897,0.0003970844458355895,0.0003958367426975926,0.00039458908944423564,0.0003933579053882735,0.00039445825387132537,0.000393932735540837,0.0003963350070740064,0.00039580482020502064,0.0003937819235993097,0.0003932966972453311,0.00026494828121986216,0.0002645743309874969,0.0002653951272205005,0.00026502006543135015,0.00026478626516382274,0.0002644153111913374,0.0002646291370745045,0.0002643954583570189,0.0002650759830751428,0.00026484119280087214,0.0002644902626822408,0.00026424780081453383
PAR_v2_D_r2_r20,valido,B_IC_k3,0.07600000000000001,0.08650000000000002,1550,1594,14570.0,14983.6,5.957296032658418,5.955988803144075,5.986615318973258,5.9844987741528595,5.948075441298649,5.945786396763749,5.952770673755786,5.943924396001399,5.982089960070627,5.972434367010183,5.943766095472696,5.935168334231273,3.9540439281172106,3.9879412842748168,3.961024710573125,3.9947293726102417,3.952288309858151,3.985596096110498,3.939640639447576,3.980731565940983,3.9466214219034903,3.987519654276408,3.9371915502492425,3.9788133846477547,1.9168200954620136,2.126985142812496,1.5977857409760954,1.672303188281775,22,49,0.005806451612903226,0.0075282308657465494,51,69,0.01806451612903226,0.01944792973651192,38,28,0.043225806451612905,0.06398996235884567,0.00040887412715569097,0.00039750052077899004,0.0004108864323248633,0.00039940326584751723,0.0004082412794302436,0.0003968196158976313,0.00040856353285901074,0.00039669534664575927,0.000410575838028183,0.00039859809171428646,0.00040794551101391185,0.0003961109702762536,0.000271382561984709,0.0002661537470484274,0.0002718616822630834,0.00026660678158855295,0.00027126206656541874,0.00026599723004554963,0.0002703940040801356,0.0002656725730759619,0.00027087312435850996,0.00026612560761608747,0.00027022591285169817,0.0002655445543559461
PAR_v2_E_r12_r28,valido,B_IC_k3,0.08200000000000002,0.08950000000000002,1547,1552,14541.800000000001,14588.800000000001,5.943950252521731,5.953924373002399,5.973326395888248,5.983205876731782,5.935582349847976,5.945249939815659,5.945378427128739,5.95878704619366,5.974754570495256,5.988068549923042,5.93726303355217,5.950114660086158,3.969197172449141,3.9754340266148134,3.976191492298312,3.9824058132170475,3.967454757250865,3.9736614802811117,3.9530951780271155,3.972829219216038,3.9600894978762864,3.9798010058182722,3.9505922541045613,3.970448750587506,1.9950031999789004,2.0643998976606097,1.6751129825593485,1.636457049153167,30,37,0.006464124111182934,0.00902061855670103,61,59,0.014867485455720749,0.012242268041237113,33,38,0.04718810601163542,0.030927835051546393,0.0004087492781169959,0.00040811611462234035,0.0004107693955279434,0.0004101232367797065,0.0004081738402294059,0.00040752151923500616,0.0004088474897969123,0.0004084494301240444,0.0004108676072078598,0.0004104565522814105,0.0004082894162725501,0.0004078549750552587,0.000272950884515613,0.0002724990421840599,0.00027343186485155287,0.0002729769284120042,0.0002728310633656676,0.0002723775416950751,0.000271843594192405,0.00027232049374972843,0.00027232457452834493,0.00027279837997767274,0.0002716714749277642,0.0002721573227810036
PAR_v2_F_r6_r2v1fix,valido,B_IC_k3,0.10050000000000002,0.12150000000000004,1605,1500,15087.0,14100.0,5.96249845875269,5.941306569235941,5.990813034321539,5.971603165094609,5.953165592445183,5.933094633887289,5.951191676156686,5.936228425778791,5.979506251725534,5.966525021637459,5.940987881342786,5.928572402616872,3.9972747187640607,3.989386252548816,4.004016284375691,3.996599727753261,3.9948303825265934,3.987585504699411,3.9924597910430486,3.9887367937978864,3.9992013566546794,3.995950269002331,3.990364593086967,3.986959446622148,2.3860935399284235,2.48046918143177,1.7589029984449989,1.7622152555700796,78,74,0.009968847352024923,0.016,57,63,0.04610591900311527,0.028,20,23,0.16884735202492213,0.10133333333333333,0.00039520769263290845,0.00042136926022949935,0.0003970844458355895,0.0004235179549712489,0.00039458908944423564,0.0004207868534671836,0.00039445825387132537,0.00042100910821126175,0.0003963350070740064,0.0004231578029530113,0.0003937819235993097,0.00042046612784516824,0.00026494828121986216,0.0002829351952162281,0.0002653951272205005,0.0002834467892023589,0.00026478626516382274,0.0002828074826027951,0.0002646291370745045,0.00028288913431190685,0.0002650759830751428,0.00028340072829803766,0.0002644902626822408,0.0002827630813207197
PAR_v2_G_r12v1fix_r19,valido,B_IC_k3,0.06200000000000002,0.08700000000000001,1207,1543,11345.800000000001,14504.2,5.919464749845092,5.951222006816598,5.957115863174009,5.980674303503573,5.919464749845092,5.943199341946167,5.941374877302975,5.95540750730437,5.979025990631891,5.984859803991345,5.941374877302975,5.946488675937584,3.8555297281142926,3.9910801596619825,3.863896642187385,3.9980926112541195,3.8555297281142926,3.9890737388329756,3.893388655216762,3.984431808996729,3.9023532060093613,3.991444260588866,3.893388655216762,3.982407200874036,1.705503298494673,2.115620556586545,1.5118736717724088,1.6608349254806865,0,57,0.0033140016570008283,0.010369410239792612,0,59,0.0033140016570008283,0.02462734931950745,9,32,0.00579950289975145,0.053143227478937134,0.00052173180823257,0.0004103102554306062,0.0005250503149336326,0.0004123408601304155,0.00052173180823257,0.00040975712841426394,0.0005236629305384349,0.0004105988270503971,0.0005269814372394975,0.00041262943175020646,0.0005236629305384349,0.0004099839133449334,0.00033981999754219993,0.00027516720395899,0.0003405574434757694,0.0002756506812684684,0.00033981999754219993,0.00027502887017780885,0.0003431568206046962,0.0002747088297870085,0.00034394694124780634,0.0002751923070964869,0.0003431568206046962,0.0002745692420729193
PAR_v2_H_r9_r39,valido,B_IC_k3,0.08050000000000002,0.07850000000000001,1528,1510,14363.2,14194.0,5.940749949419442,5.934909391678108,5.9704913720555695,5.965005347829103,5.93324826892502,5.927014132615,5.931429901574447,5.9303687165001575,5.961171324210574,5.9604646726511525,5.9237093337178575,5.92324049036824,3.9813715435607824,3.964797376399605,3.988452834664622,3.97196308024508,3.9794621314115743,3.9628574230632836,3.9670848901525173,3.947151029624558,3.974166181256357,3.954316733470033,3.9650686085950104,3.9453431930051024,2.026119828160907,1.9222356055255705,1.6724463587375178,1.6471893043506949,42,20,0.007198952879581152,0.005960264900662252,57,56,0.013089005235602094,0.01390728476821192,32,39,0.03926701570680628,0.023178807947019868,0.0004136090808050742,0.0004181280394306121,0.00041567974908485357,0.00042024836887622256,0.00041308679604301407,0.0004175718002405946,0.0004129601970016742,0.00041780813840356187,0.0004150308652814536,0.00041992846784917235,0.0004124226727830746,0.00041730593845062985,0.0002771925158433206,0.00027932910922922395,0.0002776855321004109,0.0002798339495734169,0.00027705957804748067,0.0002791924350474344,0.0002761978451983205,0.0002780858834454388,0.0002766908614554108,0.00027859072378963175,0.0002760574669011787,0.0002779585171907216
A2-B0-C2-r9v2fix_vs_A2-B0-C2-r39,valido,B_IC_k3,0.07500000000000002,0.07850000000000001,1591,1510,14955.400000000001,14194.0,5.9629553613241,5.934909391678108,5.991519090920582,5.965005347829103,5.954206596416063,5.927014132615,5.943958898000339,5.9303687165001575,5.972522627596821,5.9604646726511525,5.934881056808438,5.92324049036824,3.9651860163954837,3.964797376399605,3.971986904394646,3.97196308024508,3.9629189916536274,3.9628574230632836,3.951633759689809,3.947151029624558,3.9584346476889714,3.954316733470033,3.949563748846333,3.9453431930051024,1.9813640714379277,1.9222356055255705,1.6301469030427753,1.6471893043506949,31,20,0.0043997485857950975,0.005960264900662252,53,56,0.010685103708359522,0.01390728476821192,38,39,0.03771213073538655,0.023178807947019868,0.0003987158726161854,0.0004181280394306121,0.00040062580010702365,0.00042024836887622256,0.0003981308822509637,0.0004175718002405946,0.0003974456649772215,0.00041780813840356187,0.00039935559246805975,0.00041992846784917235,0.0003968386707683136,0.00041730593845062985,0.0002651340663837466,0.00027932910922922395,0.00026558881102442235,0.0002798339495734169,0.00026498248068614863,0.0002791924350474344,0.0002642278882336687,0.0002780858834454388,0.0002646826328743444,0.00027859072378963175,0.000264089475964958,0.0002779585171907216
A2-B0-C2-batch3-r100_vs_A2-B0-C2-batch3-r0,roto_misma_clase,B_IC_k3,0.14999999999999994,0.15049999999999997,1459,1487,13714.6,13977.800000000001,5.9162583551941355,5.911226820111635,5.947406329003596,5.9417882819731025,5.909656421985513,5.903896183252423,5.7879764610707465,5.816343096759672,5.819124434880207,5.84690455862114,5.781013648064821,5.807774471385204,3.945955034655081,3.949807455542195,3.9533712188954286,3.9570839940806395,3.9435803501324496,3.9479508096110925,3.866223139420412,3.855166504639146,3.8736393236607594,3.8624430431775907,3.864544113531654,3.8545896979075334,2.9778925581717646,3.06443474061248,1.75002770578385,1.8592684402901256,95,95,0.0205620287868403,0.016812373907195696,54,51,0.04455106237148732,0.04438466711499664,14,9,0.1041809458533242,0.29858776059179554,0.0004313839525173272,0.0004229010874466393,0.00043365510689364587,0.0004250875160592584,0.0004309025725858219,0.00042237663890257567,0.000422030278759187,0.00041611291453302174,0.00042430143313550574,0.00041829934314564093,0.0004215225852788139,0.0004154998977940165,0.0002877192943764369,0.0002825771906553388,0.0002882600454184175,0.0002830977688964386,0.00028754614426468507,0.0002824443624612666,0.0002819056435784063,0.00027580638617229794,0.000282446394620387,0.0002763269644133977,0.00028178321741295073,0.00027576512025551467
A2-B0-C2-batch3-r1_vs_A2-B0-C2-batch3-r69,valido,B_IC_k3,0.078,0.08800000000000001,1500,1589,14100.0,14936.6,5.9633598825039735,5.955309394139842,5.993656478362642,5.983909075567157,5.955801435040264,5.947022714670072,5.949789789793854,5.948291613775552,5.980086385652522,5.976891295202867,5.942161308297903,5.939402773795848,3.968674645992803,3.9834033302889766,3.9758881211972477,3.990212778247861,3.966830408634568,3.9813039805391424,3.9552002638168533,3.976804158128102,3.962413739021298,3.9836136060869864,3.952852959339158,3.9748026665957967,1.950970881416178,2.037242904401812,1.6285796859355819,1.6425904785652503,20,53,0.006,0.01195720578980491,51,59,0.015333333333333332,0.01825047199496539,40,24,0.034,0.08873505349276274,0.0004229333250002818,0.00039870582288739355,0.0004250820197420313,0.00040062056127680706,0.0004223972648964726,0.00039815103267611584,0.00042197090707757833,0.0003982359850150337,0.0004241196018193278,0.00040015072340444723,0.0004214298800211279,0.0003976408803741044,0.00028146628694984417,0.000266687420851397,0.00028197788093597503,0.0002671433109441145,0.0002813354899740828,0.0002665468701404029,0.0002805106570082875,0.000266245608647758,0.0002810222509944183,0.0002667014987404755,0.00028034418151341543,0.0002661116095092455
A2-B0-C2-batch3-r5_vs_A2-B0-C2-batch3-r114,valido,B_IC_k3,0.08100000000000003,0.09150000000000004,1505,1532,14147.0,14400.800000000001,5.954320763824658,5.944519695977764,5.984516706540939,5.974183464768888,5.946414692648225,5.936692125081482,5.931074075073319,5.944903132175404,5.9612700177896,5.974566900966528,5.923900754509686,5.936471344942265,3.9561362831052174,3.9729409183193076,3.9633257932757604,3.9800037204124323,3.954997573368163,3.971220552290274,3.939623240831956,3.967962053665162,3.946812751002499,3.975024855758287,3.9377963968675367,3.9662085130858378,1.9008595443168528,2.0757393275044715,1.6252699326064237,1.6305572093738987,20,29,0.004651162790697674,0.006527415143603133,46,51,0.015282392026578074,0.013054830287206266,35,39,0.03322259136212625,0.041122715404699736,0.00042088928845865966,0.0004127909349465143,0.0004230237298749515,0.00041485080445314757,0.0004203304370289266,0.0004122473838315567,0.00041924606454183354,0.00041281756098101517,0.0004213805059581254,0.0004148774304876485,0.0004187390085890779,0.0004122320527291723,0.00027964489171592686,0.00027588334803061685,0.0002801530920531392,0.0002763737931512438,0.00027956440046427957,0.0002757638848043354,0.00027847764478913946,0.0002755376127482613,0.0002789858451263518,0.0002760280578688883,0.00027834851183060273,0.0002754158458617464
A2-B0-C2-batch3-r44_vs_A2-B0-C2-batch3-r10,valido,B_IC_k3,0.10150000000000003,0.12000000000000002,1575,1534,14805.0,14419.6,5.940395743798656,5.936131679878143,5.969249644616435,5.965756773612173,5.93129091304961,5.92760073725106,5.926180435632136,5.938026662289948,5.955034336449915,5.967651756023979,5.917092509148206,5.929683292539868,3.9921235185568515,3.9915071165996285,3.998993494942037,3.998560710345826,3.9896967324190795,3.989657134195344,3.9757457520067634,3.9785345861653227,3.982615728391949,3.9855881799115203,3.9737849505176954,3.9763050637326502,2.4899888850280916,2.499469733546172,1.6921272545010024,1.7555566419882194,76,71,0.014603174603174604,0.013689700130378096,58,53,0.0380952380952381,0.0469361147327249,15,24,0.2234920634920635,0.06323337679269883,0.00040124253588643403,0.0004116710366361163,0.00040319146535740865,0.00041372553840690265,0.00040062755238430325,0.00041107941532712833,0.0004002823664729575,0.0004118024537636237,0.00040223129594393214,0.00041385695553441,0.0003996685247651608,0.0004112238406432819,0.00026964697862592716,0.0002768112233764895,0.00027011100945234967,0.00027730039046477197,0.0002694830619668409,0.0002766829270018131,0.0002685407465050161,0.00027591157772513265,0.0002690047773314386,0.0002764007448134151,0.00026840830466178287,0.00027575696023000987
A2-B0-C2-batch3-r86_vs_A2-B0-C2-batch3-r12,valido,B_IC_k3,0.09450000000000001,0.10150000000000003,1560,1569,14664.0,14748.6,5.952883411261007,5.928116397472202,5.982014753432804,5.957080638254868,5.9437227858518975,5.919073893631494,5.9538115317453855,5.929318499916199,5.982942873917182,5.958282740698865,5.945056122474333,5.9211576022179875,3.9928761695099957,3.983452545318734,3.9998122033604235,3.9903487931241304,3.99114873213295,3.9815181814181257,3.9936493892624423,3.9879613829151235,4.00058542311287,3.99485763072052,3.9917314009668146,3.985887162681142,2.20332569608127,2.383756129366126,1.69463946370443,1.770908276221151,61,73,0.008974358974358974,0.0165710643722116,64,53,0.021794871794871794,0.04525175270873168,29,20,0.04935897435897436,0.08859145952836202,0.00040595222389941404,0.0004019443470886865,0.0004079388129727771,0.00040390821083051057,0.00040532752222121503,0.0004013312377874167,0.00040601551634924886,0.00040202585329564836,0.00040800210542261197,0.00040398971703747236,0.0004054184480683533,0.0004014725195759589,0.00027229106447831394,0.0002700902150250691,0.00027276406187673376,0.00027055780163026525,0.00027217326323874456,0.00026995905926109094,0.0002723437935940018,0.0002703959279467287,0.00027281679099242157,0.0002708635145519249,0.0002722129978837162,0.00027025528949738565
A2-B0-C2-batch3-r50_vs_A2-B0-C2-batch3-r21,valido,B_IC_k3,0.10000000000000003,0.09650000000000004,1554,1591,14607.6,14955.400000000001,5.934283660314672,5.939876427319664,5.96352747871107,5.968440156916146,5.926105982298171,5.9307488881260255,5.937213244109763,5.93769831465792,5.966457062506161,5.966262044254402,5.928774694961804,5.928228958934902,3.989884492850597,3.9924961006807687,3.9968473067545016,3.999296988679931,3.987888786598895,3.9903708024059923,3.9958653979774583,3.993759454844283,4.002828211881362,4.000560342843445,3.993735436376431,3.9917296003454794,2.361029305294638,2.2604152315274306,1.7698993068884223,1.7249337230747748,69,76,0.014157014157014158,0.01005656819610308,63,63,0.023166023166023165,0.023884349465744813,22,22,0.13320463320463322,0.05405405405405406,0.0004062463142689197,0.0003971726886154609,0.00040824827341322804,0.0003990826161062991,0.0004056864907512645,0.0003965623713258104,0.0004064468662962953,0.0003970270480667799,0.0004084488254406036,0.0003989369755576181,0.0004058691841891758,0.00039639387505081115,0.00027313757857899977,0.00026696016827906766,0.00027361423551812083,0.00026741491291974343,0.0002730009574878074,0.0002668180591897236,0.00027354701648302655,0.0002670446430616555,0.0002740236734221475,0.00026749938770233127,0.00027340120460420814,0.00026690891586620747
A2-B0-C2-batch3-r48_vs_A2-B0-C2-batch3-r25,valido,B_IC_k3,0.09900000000000003,0.113,1607,1537,15105.800000000001,14447.800000000001,5.948622352915368,5.9186592381747944,5.976901689435594,5.948226508043371,5.9390300745134645,5.911461093018745,5.938651320119388,5.907024107008814,5.966930656639613,5.936591376877391,5.928838364553451,5.899412385380599,3.9927288454268552,3.9901524081987505,3.9994620207888136,3.9971922343579354,3.990478722364447,3.9880729915791706,3.987686626127477,3.959989223389293,3.9944198014894354,3.967029049548478,3.985463050666345,3.9579730948576195,2.3983336006531433,2.5573653121132076,1.759229321782544,1.69313775461541,84,73,0.01804604853764779,0.01236174365647365,56,59,0.042314872433105166,0.026675341574495772,12,23,0.17672682016179217,0.06636304489264802,0.00039379724032592565,0.0004096581651306631,0.00039566932499010934,0.00041170465455248344,0.00039316223401034465,0.00040915994774420633,0.0003931371605687476,0.00040885284313243634,0.0003950092452329313,0.0004108993325542567,0.0003924875454827583,0.00040832600017861535,0.0002643176028695504,0.00027617716248832,0.00026476333731340366,0.00027666442187446774,0.00026416864531269093,0.0002760332363113533,0.00026398380927375426,0.0002740894269985252,0.0002644295437176075,0.00027457668638467296,0.00026383660916113976,0.00027394988128695157
A2-B0-C2-batch3-r35_vs_A2-B0-C2-batch3-r31,valido,B_IC_k3,0.09750000000000003,0.11700000000000002,1586,1573,14908.400000000001,14786.2,5.916169077022171,5.9440392797551045,5.944822856207544,5.972929867032919,5.907875711972784,5.935927443790893,5.918157690153166,5.951495025072492,5.946811469338539,5.9803856123503065,5.908995419115538,5.942777240846153,3.994155339084141,3.9843206152188535,4.000977667461611,3.991199326475476,3.992155405718645,3.981935846825233,3.992183467706506,3.9845765030687033,3.9990057960839756,3.9914552143253257,3.9899098299573943,3.9824881865049466,2.3980187618882427,2.3737753113424502,1.7272204605985881,1.78483332921143,63,70,0.014501891551071878,0.012078830260648443,53,58,0.03467843631778058,0.029879211697393517,18,17,0.15952080706179067,0.2193261284170375,0.00039683460847724574,0.00040199911266959083,0.0003987565973684328,0.0004039530012466299,0.0003962783204081446,0.00040145050410456324,0.000396967997246731,0.000402503349411782,0.0003988899861379181,0.0004044572379888211,0.00039635342619701226,0.00040191376018491247,0.0002679130784714752,0.00026946210758807895,0.0002683706948741388,0.00026992731915404064,0.00026777893038278046,0.0002693008242026506,0.0002677808126765116,0.00026947941344420496,0.00026823842907917515,0.0002699446250101666,0.0002676283055161784,0.0002693381792823678
A2-B0-C2-batch3-r9_vs_A2-B0-C2-batch3-r83,valido,B_IC_k3,0.07650000000000001,0.08700000000000001,1537,1600,14447.800000000001,15040.0,5.942851847321069,5.944612611962611,5.972419117189646,5.973015670580112,5.934226849366273,5.934870626324689,5.934208838528186,5.947512642923048,5.963776108396763,5.975915701540549,5.9264651241802015,5.937290238441659,3.9627812751768436,3.9951970656853204,3.9698211013360285,4.001959698689487,3.9611244017327265,3.9931749205699822,3.9532427383028677,3.991484190141674,3.9602825644620525,3.9982468231458412,3.9509961153821127,3.9893087956878985,1.905611782296073,2.179306386186721,1.629368111052791,1.6839451842275275,23,67,0.004554326610279766,0.01125,51,57,0.01236174365647365,0.0275,35,22,0.03057905009759271,0.09,0.00041133264907605786,0.0003952534981358119,0.0004133791384978783,0.0003971419993736776,0.00041073567251528073,0.0003946057597290352,0.00041073442590070365,0.00039544631934328774,0.000412780915322524,0.00039733482058115354,0.0004101984471116849,0.0003947666381942593,0.0002742826779978158,0.00026563810277163035,0.00027476993738396354,0.0002660877459235031,0.00027416799801580354,0.00026550365163364244,0.00027362247112382973,0.00026539123604665387,0.00027410973050997746,0.0002658408791985267,0.0002734669718145401,0.00026524659545797195
A2-B0-C2-batch3-r53_vs_A2-B0-C2-batch3-r23,valido,B_IC_k3,0.09600000000000003,0.11750000000000005,1573,1560,14786.2,14664.0,5.9466408890509115,5.949038770586267,5.975531476328726,5.978170112758063,5.938134426479464,5.939883566813181,5.932921809443057,5.948126188367331,5.961812396720871,5.977257530539127,5.92510798536286,5.938814707849275,3.9937194521719825,3.985039908610535,4.000598163428605,3.9919759424609627,3.9917342803181306,3.9830988773771487,3.9813580369113595,3.9767177397188345,3.988236748167982,3.9836537735692623,3.979155304434015,3.9746599837300045,2.539616371318727,2.3751197058998015,1.7751089304946512,1.717368666508552,80,66,0.01144310235219326,0.01858974358974359,56,58,0.04767959313413859,0.03974358974358974,19,22,0.12396694214876033,0.11153846153846154,0.00040217506114153135,0.00040569004163845245,0.0004041289497185704,0.0004076766307118155,0.0004015997637310102,0.0004050657096844777,0.00040124723116440037,0.000405627808808465,0.00040320111974143937,0.0004076143978818281,0.00040071877733040674,0.0004049928196842113,0.0002700977568389432,0.00027175667680104577,0.0002705629684049049,0.00027222967419946554,0.00026996349841866947,0.00027162430969565935,0.0002692617465549877,0.0002711891530086494,0.00026972695812094936,0.00027166215040706917,0.00026911277437299743,0.0002710488259499458
A2-B0-C2-batch3-r104_vs_A2-B0-C2-batch3-r60,valido,B_IC_k3,0.09850000000000003,0.12549999999999997,1557,1548,14635.800000000001,14551.2,5.958163815961898,5.932455598290815,5.987351287887397,5.961812764820532,5.949283204927031,5.92409354282501,5.954815643183739,5.881905906700137,5.984003115109238,5.911263073229854,5.946321691278111,5.873495962603731,3.993746556349601,3.9867301229152075,4.0006959544271,3.993719924469902,3.9918484895060438,3.984276174473081,3.9956450346408054,3.9423497796331652,4.002594432718305,3.9493395811878598,3.993644509414315,3.9403422196890676,2.3061660506279957,2.7050708132313424,1.729327291376414,1.7547011063858493,64,74,0.015414258188824663,0.010981912144702842,57,58,0.038535645472061654,0.03940568475452196,22,15,0.07385998715478484,0.10077519379844961,0.0004070951923339959,0.00040769528274580894,0.0004090894442317739,0.00040971279102895513,0.000406488419145317,0.00040712061842494154,0.0004068664263780414,0.00040422136364699383,0.0004088606782758194,0.00040623887193014,0.00040628607191121164,0.0004036434082827348,0.00027287517978857325,0.00027397947405816755,0.0002733500016689966,0.0002744598331732023,0.00027274549320884705,0.0002738108317164963,0.000273004894480712,0.0002709295301853569,0.0002734797163611353,0.0002714098893003917,0.00027286820736921214,0.0002707915649354739
A2-B0-C2-batch3-r59_vs_A2-B0-C2-batch3-r58,valido,B_IC_k3,0.10350000000000004,0.10250000000000004,1556,1580,14626.400000000001,14852.0,5.939135497018386,5.930554962853524,5.968341726959261,5.959317553858589,5.930674190131454,5.920774292168631,5.941177946178235,5.926541881451028,5.9703841761191105,5.955304472456093,5.931740764723981,5.918206434098472,3.992366296265273,3.9873889211335074,3.99932016053691,3.994237157087094,3.990154384741077,3.9852782175298365,3.9894994844261937,3.9890418069618434,3.996453348697831,3.99589004291543,3.987371038366222,3.986504104742184,2.4303608504227108,2.465549349543123,1.7222487941171454,1.772108117345709,77,77,0.017352185089974295,0.013291139240506329,61,61,0.04434447300771208,0.025949367088607594,21,21,0.06940874035989718,0.10822784810126582,0.0004060558645338829,0.00039931019141216834,0.0004080526805611265,0.000401246805403891,0.00040547736901298023,0.0003986516490821863,0.0004061955058099214,0.00039903998663149933,0.000408192321837165,0.000400976600623222,0.0004055502902097563,0.0003984787526325392,0.0002729561817169825,0.0002684748802271416,0.0002734316141044214,0.00026893597879659937,0.0002728049543798253,0.00026833276444450827,0.0002727601791572905,0.0002685861706815138,0.00027323561154472944,0.0002690472692509716,0.00027261465831415944,0.0002684153046554123
A2-B0-C2-batch3-r107_vs_A2-B0-C2-batch3-r71,valido,B_IC_k3,0.10650000000000004,0.13,1586,1506,14908.400000000001,14156.4,5.941301138931928,5.933799229064825,5.969954918117302,5.963975121354336,5.931984366109764,5.926349050832767,5.943878172712124,5.910227259934657,5.972531951897498,5.940403152224167,5.934714978001961,5.901731173221262,3.9945895803684355,3.974307067169918,4.001411908745905,3.9814918034293254,3.992545524507618,3.972636368653951,3.9902270851690465,3.9655669496227497,3.997049413546516,3.972751685882157,3.987881383746656,3.963708540027899,2.3885345303822496,2.593288876282961,1.7022053489272189,1.7546339941345415,71,73,0.01197982345523329,0.013280212483399735,58,59,0.038461538461538464,0.027888446215139442,21,21,0.08133669609079446,0.07636122177954847,0.00039852037367738507,0.0004191601840202894,0.00040044236256857216,0.00042129179179412393,0.00039789543922283833,0.00041863390769071004,0.0003986932315145907,0.0004174950736016683,0.0004006152204057778,0.00041962668137550277,0.000398078598508355,0.000416894914895119,0.00026794220576107665,0.0002807427783313497,0.00026839982216374025,0.0002812503039917864,0.0002678050980995692,0.0002806247611436489,0.00026764958581531527,0.000280125381426263,0.00026810720221797887,0.0002806329070866998,0.000267492244891917,0.00027999410443530127
A2-B0-C2-batch3-r112_vs_A2-B0-C2-batch3-r108,valido,B_IC_k3,0.10150000000000003,0.098,1605,1579,15087.0,14842.6,5.941489356744967,5.952468831602136,5.969803932313815,5.981249638307648,5.931255274225983,5.943511001921909,5.942893116701683,5.947600514566422,5.971207692270531,5.9763813212719334,5.933534085648265,5.938372756922735,3.994834036478611,3.987053596966316,4.0015756020902415,3.9939061699914378,3.9926790203534073,3.9851334791836437,3.9932956238146975,3.991135005720518,4.000037189426328,3.99798757874564,3.9909008076926216,3.9889822699009607,2.298332589895073,2.3492854846608413,1.7473260833973288,1.7179375177476592,71,76,0.014330218068535825,0.013299556681443952,48,60,0.040498442367601244,0.032932235592146926,17,19,0.10903426791277258,0.10956301456618113,0.00039381516250712315,0.00040103949655735085,0.00039569191570980414,0.00040297856428844325,0.00039313682469848104,0.0004004359749586938,0.0003939082068470659,0.0004007115003143938,0.0003957849600497469,0.0004026505680454862,0.00039328786940069367,0.00040008979268610183,0.00026478650735590976,0.0002686223166403673,0.00026523335335654815,0.0002690839994334845,0.0002646436680820181,0.00026849295131470524,0.0002646845379342943,0.00026889729600747297,0.00026513138393493256,0.0002693589788005902,0.0002645258041819196,0.00026875225835776485
A2-B0-C2-batch3-r120_vs_A2-B0-C2-batch3-r111,valido,B_IC_k3,0.09250000000000004,0.12200000000000003,1561,1560,14673.400000000001,14664.0,5.952319345245517,5.942645841016082,5.981432025442827,5.9717771831878785,5.94356139918565,5.9341028980597095,5.95350753906259,5.933675235826494,5.982620219259901,5.962806577998291,5.944996091255063,5.924591287758829,3.9904731966244413,3.984944620603773,3.9974047871476106,3.9918806544542007,3.988216465651028,3.9831322776186933,3.9939498650184144,3.977349079446501,4.000881455541584,3.984285113296929,3.9919403008380847,3.9752205216634304,2.3649970189893894,2.4838334584403943,1.7697057188458567,1.7768581013771012,64,83,0.010249839846252402,0.015384615384615385,61,55,0.037155669442664956,0.03653846153846154,24,18,0.08968609865470852,0.08333333333333333,0.00040565372342098735,0.000405254080811244,0.0004076377680321416,0.0004072406698846071,0.00040505686474747837,0.0004046715015043446,0.0004057346994604243,0.00040464233741315425,0.0004077187440715785,0.00040662892648651736,0.00040515463977367633,0.00040402286468622673,0.00027195286686278853,0.0002717501787100227,0.00027242525843687284,0.0002722231761084425,0.0002717990694488685,0.0002716265873989834,0.0002721898036595754,0.00027123220672712093,0.00027266219523365976,0.0002717052041255407,0.00027205285079382315,0.0002710870513954876
A2-B0-C2-batch3-r76_vs_A2-B0-C2-batch3-r26,valido,B_IC_k3,0.10650000000000004,0.11150000000000004,1599,1595,15030.6,14993.0,5.943924785600731,5.955471327746837,5.972345607231752,5.983963424165648,5.934687152593512,5.945902264139789,5.938006285688884,5.945943172024679,5.966427107319904,5.974435268443489,5.928868846889211,5.936331903379234,3.9900796750652017,3.990927979318809,3.996846537358302,3.997711811799478,3.9879372887585522,3.989032697801699,3.975023037111599,3.9899455642027557,3.981789899404699,3.996729396683425,3.9725327745812264,3.9877045845040304,2.5306452243815065,2.4516449405272422,1.7983609583626214,1.783415257958335,79,76,0.009380863039399626,0.016300940438871474,61,58,0.03377110694183865,0.03260188087774295,14,20,0.22388993120700437,0.10532915360501567,0.00039545492432775344,0.00039721678968497544,0.0003973457884070996,0.00039911714961419646,0.00039484033588768993,0.0003965785542679777,0.00039506116094426593,0.0003965812827335876,0.0003969520250236121,0.0003984816426628086,0.00039445323851936784,0.00039594023233370464,0.00026546376558921145,0.0002661860854611358,0.0002659139713223891,0.0002666385521109503,0.00026532123060679896,0.00026605967436815173,0.00026446203325959037,0.00026612056054176985,0.000264912238992768,0.0002665730271915844,0.0002642963537437778,0.00026597109214326886
A2-B0-C2-batch3-r143_vs_A2-B0-C2-batch3-r70,invertido,B_IC_k3,0.10000000000000003,0.09500000000000004,1566,1555,14720.400000000001,14617.0,5.958586799457992,5.945125839660755,5.987606527291965,5.974350851743072,5.9499325887462,5.9365326605771305,5.938660981945324,5.946167933687359,5.967680709779297,5.975392945769676,5.928622892792572,5.937451758144574,3.9928558875075857,3.9913508732974377,3.9997653465156744,3.998309209507513,3.9910178231836966,3.989447057726353,3.9730915652126138,3.9919252059889567,3.9800010242207025,3.998883542199032,3.9709279213931254,3.9897774494147398,2.4676033595579203,2.359014041270011,1.7010051845615628,1.7633794392707933,63,68,0.012132822477650063,0.00964630225080386,53,65,0.02490421455938697,0.026366559485530548,15,31,0.09067688378033206,0.06173633440514469,0.0004047842993028716,0.0004067268139605087,0.0004067556946341108,0.0004087261990656819,0.0004041963933552213,0.0004061389245794028,0.00040343068000498107,0.00040679810725096526,0.00040540207533622025,0.00040879749235613847,0.000402748763130932,0.0004062018032526903,0.00027124642587888814,0.0002730622476087732,0.0002717158057196594,0.0002735382916814335,0.0002711215607716975,0.00027293200093906776,0.0002699037774253834,0.0002731015397132761,0.0002703731572661546,0.00027357758378593637,0.0002697567947469583,0.00027295460418791406
A2-B0-C2-batch4-r11_vs_A2-B0-C2-batch4-r0,valido,B_IC_k3,0.08600000000000003,0.09000000000000002,1542,1509,14494.800000000001,14184.6,5.954286456702583,5.9577151752997395,5.983757853452261,5.987831075755672,5.94640458938694,5.950284381230567,5.954214352519751,5.9445494810477255,5.983685749269428,5.974665381503658,5.946054339236642,5.937019254035179,3.9691738589169967,3.9775617814289292,3.9761908581431102,3.9847322339184372,3.9675273601290666,3.9759986517487973,3.960064018393174,3.9627941418372483,3.9670810176192877,3.9699645943267563,3.9582114425402812,3.960864191608209,1.9761199360280386,1.9904644520410133,1.659428655306154,1.661046015119502,25,26,0.00648508430609598,0.008614976805831677,50,59,0.01297016861219196,0.01126573889993373,38,37,0.04345006485084306,0.04108681245858184,0.0004107877622804442,0.00042001291367396606,0.0004128210015627853,0.0004221360542951984,0.0004102439902162803,0.00041948905018333735,0.00041078278779422623,0.00041908474550200395,0.0004128160270765673,0.0004212078861232363,0.0004102198263678451,0.0004185538720891092,0.0002738343308577556,0.0002804140956691714,0.00027431843544878923,0.00028091960534089343,0.0002737207384806321,0.0002803038966025688,0.00027320584060443567,0.0002793729919657409,0.00027368994519546923,0.0002798785016374629,0.00027307803091731385,0.0002792369324202451
A2-B0-C2-batch4-r31_vs_A2-B0-C2-batch4-r1,valido,B_IC_k3,0.09850000000000003,0.10750000000000003,1588,1543,14927.2,14504.2,5.947092496012191,5.9316559289605735,5.975710187314459,5.961108225647548,5.9376112734923865,5.923853377254985,5.9459886212868955,5.930465367805766,5.974606312589164,5.959917664492741,5.936228975664026,5.921959891818111,3.985019574662916,3.9889117460610475,3.9918333106872654,3.9959241976531845,3.982907887136881,3.98687176250568,3.9928005495519057,3.9886969571901942,3.9996142855762553,3.9957094087823313,3.9904743779820033,3.98683715796294,2.359976344142604,2.3578430075324475,1.7492302107557487,1.7376456452227105,73,70,0.011964735516372796,0.01101749837977965,59,54,0.039672544080604534,0.02462734931950745,18,22,0.17380352644836272,0.17239144523655217,0.00039840643228550505,0.0004089612614939516,0.0004003235829435165,0.00041099186619376096,0.0003977712681207719,0.0004084233103001189,0.0003983324817304582,0.0004088791776041261,0.00040024963238846964,0.00041090978230393544,0.0003976786655008324,0.0004082927629113023,0.00026696363515347257,0.00027501770149756946,0.00026742009959585623,0.00027550117880704793,0.0002668221694046359,0.0002748770537158671,0.00026748489666862543,0.0002750028927614204,0.0002679413611110091,0.00027548637007089886,0.0002673290622475751,0.0002748746678867459
A2-B0-C2-batch4-r3_vs_A2-B0-C2-batch4-r9,valido,B_IC_k3,0.07550000000000001,0.07950000000000002,1534,1567,14419.6,14729.800000000001,5.949694427852981,5.937054777098783,5.979319521587011,5.966055985642499,5.941663547079884,5.928315455022121,5.9413620031087415,5.92998912607071,5.970987096842772,5.958990334614426,5.933173519092127,5.921229621278111,3.9532804406623887,3.972397644533112,3.9603340344085862,3.979302694186378,3.951579683366557,3.9705693013195797,3.9443520536631835,3.965764820758942,3.951405647409381,3.972669870412208,3.942710030552996,3.9636788369643865,1.9091399869210681,2.036300609148917,1.6327590801573983,1.6325221074798315,17,47,0.00651890482398957,0.008296107211231652,44,57,0.01499348109517601,0.0204211869814933,42,33,0.02803129074315515,0.047223994894703254,0.0004126116139041985,0.0004030641812583187,0.00041466611567498484,0.00040503306125286824,0.0004120546719104471,0.00040247087231477146,0.0004120337598205735,0.000402584497146649,0.0004140882615913598,0.00040455337714119847,0.0004114658880337961,0.0004019898180069051,0.0002741602014384857,0.0002696844250793026,0.00027464936852676815,0.00027015320603038587,0.0002740422538327385,0.00026956029961843197,0.0002735410173418946,0.0002692341254300087,0.00027403018443017705,0.0002697029063810919,0.00027342714295493605,0.00026909250885717294
A2-B0-C2-batch4-r23_vs_A2-B0-C2-batch4-r10,valido,B_IC_k3,0.09550000000000002,0.12799999999999997,1577,1539,14823.800000000001,14466.6,5.9235862995019355,5.950338806765246,5.952403606913478,5.979867652631395,5.913829124892353,5.941758393061857,5.9171031598174455,5.941803432867608,5.945920467228988,5.971332278733756,5.907559306532921,5.933742334388682,3.9934005594375854,3.983039068745113,4.000261823107,3.990069746332291,3.991347339957723,3.9812866371323765,3.987456934404637,3.9707661349649346,3.994318198074052,3.977796812552113,3.985584792849608,3.969070788732901,2.365722932926131,2.5463132556115973,1.7229711361676372,1.7738050135730754,62,78,0.009511731135066582,0.01364522417153996,53,57,0.027901077996195307,0.057829759584145546,26,10,0.07102092580849714,0.16114359974009096,0.00039959971798742125,0.00041131563786689655,0.00040154370720823796,0.00041335681173402145,0.000398941507905689,0.00041072251897901767,0.00039916237130947833,0.0004107256323439929,0.00040110636053029505,0.0004127668062111178,0.0003985185516893725,0.00041016841098728666,0.00026939115202833183,0.00027532655003560707,0.00026985400660471675,0.0002758125438134939,0.00026925264371873087,0.00027520541365160965,0.0002689902005157002,0.0002744781866482058,0.00026945305509208515,0.0002749641804260927,0.00026886390755741495,0.00027436099627645063
A2-B0-C2-batch4-r15_vs_A2-B0-C2-batch4-r62,valido,B_IC_k3,0.10550000000000002,0.10250000000000004,1601,1587,15049.400000000001,14917.800000000001,5.943003446547874,5.941011633199957,5.9713887643417545,5.969647357073934,5.9340575870450945,5.932286874360726,5.934568934709073,5.931728293996056,5.9629542525029535,5.960364017870033,5.925278570171103,5.9225197728094745,3.9877228253132477,3.987682407351689,3.994481234311791,3.9945004368454935,3.985406779744334,3.985625702160573,3.9911063991424625,3.989281153805062,3.9978648081410055,3.9960991832988664,3.9886413754863117,3.987132584111314,2.449853384810655,2.426211884607894,1.7805222010537263,1.7556532052135603,73,67,0.014990630855715179,0.014492753623188406,51,51,0.0637101811367895,0.0516698172652804,9,18,0.20549656464709556,0.11720226843100189,0.00039489969344610906,0.0003982498513989969,0.0003967858362686721,0.00040016941888709685,0.0003943052604784971,0.0003976649958010381,0.0003943392384220682,0.0003976275519175787,0.00039622538124463124,0.0003995471194056786,0.0003937219138418211,0.0003970102677881105,0.000264975535590339,0.0002673103545664702,0.00026542461721475874,0.0002677673944445892,0.00026482163938391787,0.00026717248536383195,0.00026520036673505004,0.00026741752495710236,0.00026564944835946985,0.00026787456483522143,0.0002650365712577452,0.00026727349770819513
A2-B0-C2-batch4-r51_vs_A2-B0-C2-batch4-r36,roto_misma_clase,B_IC_k3,0.14499999999999996,0.15349999999999997,1514,1509,14231.6,14184.6,5.909874557895618,5.906220915219708,5.9398910002919205,5.936336815675641,5.901770985792784,5.898334012627056,5.81516593509787,5.821034575065185,5.845182377494172,5.851150475521117,5.80754147589721,5.8133178492622335,3.923617057447255,3.952149569996124,3.930763829446375,3.959320022485632,3.922197475252075,3.949589748872867,3.8929391618231675,3.875635405443279,3.9000859338222873,3.882805857932787,3.891149477835859,3.8738886305250584,3.0950163315388566,3.0404620066662336,1.8967114492520158,1.8836856363431824,87,88,0.0178335535006605,0.028495692511597084,50,46,0.052840158520475564,0.05964214711729622,5,6,0.35468956406869223,0.314777998674619,0.00041526423999378975,0.0004163826202515198,0.0004173733803853341,0.0004185057608727522,0.000414694833033024,0.000415826601569805,0.0004086094279700012,0.0004103770691500067,0.00041071856836154557,0.000412500209771239,0.00040807368643702816,0.0004098330477604045,0.0002756975362887697,0.0002786225603821133,0.00027619971257247073,0.00027912807005383525,0.00027559778768740514,0.0002784420955735704,0.0002735419181134354,0.0002732283889177896,0.00027404409439713646,0.00027373389858951163,0.0002734161638772772,0.00027310524304704104
A2-B0-C2-batch4-r38_vs_A2-B0-C2-batch4-r72,valido,B_IC_k3,0.09950000000000002,0.10150000000000003,1640,1589,15416.0,14936.6,5.950807109751752,5.939788308078908,5.978517410841997,5.968387989506223,5.9405692832247885,5.930930800511245,5.950681727288128,5.942972764022192,5.978392028378373,5.971572445449507,5.941367494374905,5.934482760494185,3.9895237238941976,3.9920935442029895,3.9961214146299704,3.9989029921618737,3.987225619915914,3.9901152164794924,3.9906154561220917,3.993728877707098,3.9972131468578644,4.000538325665983,3.9883441710841594,3.9914173378685023,2.4197754225753085,2.36500454827008,1.7504734829974324,1.7533737048052573,80,74,0.011585365853658536,0.010698552548772814,58,56,0.048170731707317074,0.03524229074889868,8,23,0.2847560975609756,0.11202013845185652,0.00038601499155109964,0.0003976666917557482,0.0003878124942165281,0.0003995814301451617,0.0003853508875989095,0.0003970736848085404,0.00038600685828283135,0.0003978798899362768,0.0003878043609482598,0.00039979462832569033,0.00038540266569634827,0.00039731148725239915,0.00025879110819241035,0.0002672692275486382,0.00025921908501751233,0.0002677251176413557,0.0002586420355420287,0.0002671367792187976,0.00025886192631824676,0.00026737871253880387,0.00025928990314334874,0.0002678346026315214,0.00025871459335003626,0.0002672239557776537
A2-B0-C2-batch4-r57_vs_A2-B0-C2-batch4-r43,valido,B_IC_k3,0.09950000000000002,0.09350000000000003,1590,1585,14946.0,14899.0,5.953239093333155,5.948648099067354,5.981820787539446,5.97731995634685,5.943696648579008,5.940291147324879,5.9448022494105555,5.945053999942328,5.973383943616846,5.973725857221824,5.936263367815403,5.935546067028659,3.9951413670397944,3.994755841492747,4.001946532327007,4.001582474178342,3.9930579462074736,3.9926938237081693,3.9917292125485493,3.9928789086978176,3.9985343778357616,3.999705541383412,3.989348804601138,3.990406146644365,2.332068100864269,2.297119198049035,1.769678965358017,1.729267646399841,75,76,0.011949685534591196,0.012618296529968454,51,56,0.038364779874213835,0.03406940063091483,18,17,0.0880503144654088,0.15962145110410095,0.0003983165457870437,0.00039926492375779273,0.0004002288764578781,0.00040118933863660984,0.0003976780843422326,0.00039870401686857365,0.0003977520573672257,0.0003990236928614221,0.0003996643880380601,0.00040094810774023924,0.0003971807418583837,0.00039838553372901933,0.00026730505600426835,0.0002681224136849954,0.0002677603728306575,0.0002685806077037615,0.0002671656594545346,0.00026798401394108123,0.00026707675716235445,0.0002679964365862016,0.0002675320739887436,0.00026845463060496755,0.00026691748993718303,0.0002678304682625925
A2-B0-C2-batch4-r13_vs_A2-B0-C2-batch4-r94,valido,B_IC_k3,0.07650000000000001,0.08900000000000004,1508,1569,14175.2,14748.6,5.958404289990748,5.947484621669559,5.988540161202951,5.976448862452225,5.950736464465305,5.938929915797092,5.939514358011935,5.951898033631771,5.969650229224138,5.980862274414437,5.9312859747438065,5.942766249622379,3.965601337412091,3.9886995010093713,3.972776544843568,3.9955957488147678,3.9637614351673,3.986640538974585,3.9434700533249525,3.983079961646702,3.9506452607564295,3.9899762094520983,3.941628458124185,3.981407091706357,1.9712709259924717,2.1266594438357647,1.6535403463921305,1.6786030366520404,17,64,0.004641909814323607,0.011472275334608031,49,58,0.009946949602122016,0.039515615041427664,44,32,0.03647214854111406,0.07010834926704908,0.00042034005093337287,0.0004032575716793159,0.0004224660083246057,0.00040522143542113994,0.000419799118493235,0.0004026775365659854,0.0004190074466682611,0.0004035568144523393,0.0004211334040594939,0.0004055206781941633,0.0004184269692663106,0.0004029376516837109,0.00027975628826486335,0.0002704459746016145,0.00028026246859610927,0.00027091356120681064,0.00027962649099605647,0.0002703063707046489,0.0002781950204106434,0.00027006495271732244,0.0002787012007418893,0.00027053253932251864,0.00027806510371100124,0.00026995152704028565
A2-B0-C2-batch4-r41_vs_A2-B0-C2-batch4-r12,valido,B_IC_k3,0.09350000000000003,0.1005,1603,1589,15068.2,14936.6,5.948804775548469,5.945936534171871,5.977154678098689,5.974536215599185,5.939396147314325,5.936638014368623,5.941291274349734,5.949437651735927,5.9696411768999535,5.9780373331632415,5.932138664109232,5.940007312464202,3.9912291490504423,3.9920942271884137,3.9979791258481137,3.998903675147298,3.989323580542947,3.99014239309155,3.982262516753554,3.993608096333891,3.9890124935512254,4.000417544292776,3.980279251395365,3.9912620296890045,2.421448672627295,2.360570912728211,1.756994250568485,1.7365451759406558,83,75,0.013100436681222707,0.013215859030837005,62,59,0.023705552089831567,0.048458149779735685,23,19,0.08983156581409857,0.10761485210824417,0.00039479199742162096,0.0003980783132822644,0.0003966734366479532,0.00039999305167167797,0.00039416759449133437,0.0003974557807244368,0.0003942933644595727,0.0003983127118444577,0.000396174803685905,0.00040022745023387125,0.00039368595214486345,0.0003976813540206072,0.0002648776329654798,0.0002672692732742668,0.0002653255946860351,0.0002677251633669843,0.0002647511700497038,0.00026713859868320435,0.00026428256306350816,0.00026737062626929094,0.00026473052478406345,0.00026782651636200847,0.0002641509438018718,0.00026721355795087266
A2-B0-C2-batch4-r18_vs_A2-B0-C2-batch4-r19,valido,B_IC_k3,0.08200000000000002,0.09050000000000001,1557,1583,14635.800000000001,14880.2,5.957016996966686,5.957151833098823,5.986204468892185,5.985859915087454,5.947643604601149,5.947632104352181,5.953674897118618,5.95521864207571,5.982862369044117,5.983926724064341,5.944781779294864,5.946268301125559,3.969704395615601,3.9896690291732524,3.976653793693101,3.9965042867895932,3.967508552521508,3.9872935561172294,3.953927110828425,3.98910636100822,3.960876508905925,3.9959416186245607,3.9520853997359136,3.9873975920455065,1.9825805350819818,2.252528539170697,1.6517793101293898,1.7605174604927498,25,68,0.005780346820809248,0.009475679090334808,57,67,0.01605651894669236,0.03474415666456096,30,19,0.04945407835581246,0.07012002526847758,0.0004070168352236766,0.00040034084441733467,0.00040901108712145456,0.00040227012507140054,0.0004063763924487318,0.0003997010862993898,0.00040678848420439045,0.00040021092741197764,0.0004087827361021684,0.00040214020806604356,0.0004061808564816999,0.00039960943408862506,0.0002712324844296588,0.00026811931487300255,0.00027170730631008216,0.00026857866740968487,0.00027108245210521515,0.0002679596750122464,0.00027015449178237095,0.0002680815016604763,0.0002706293136627943,0.00026854085419715864,0.000270028655743855,0.0002679666665801203
A2-B0-C2-batch4-r39_vs_A2-B0-C2-batch4-r26,valido,B_IC_k3,0.10150000000000003,0.10250000000000004,1584,1571,14889.6,14767.400000000001,5.95145182310072,5.95422426167347,5.980141781300216,5.983151628820512,5.943148616237105,5.94555746353806,5.933574584590351,5.961378332068245,5.962264542789848,5.990305699215287,5.924241198483987,5.952444366306961,3.9886323071112426,3.9898665683593073,3.9954632495396942,3.9967540367276504,3.9864867685030423,3.9874776934734437,3.9908082326831233,3.994047451757114,3.997639175111575,4.000934920125458,3.988737971859883,3.9918317607779947,2.4316963196287067,2.3349579953681285,1.7335814512779062,1.754334236977538,77,75,0.015151515151515152,0.008911521323997454,58,59,0.03535353535353535,0.041374920432845325,20,16,0.07007575757575757,0.10184595798854233,0.0003997052857766978,0.00040320058112284287,0.00040163213123926877,0.0004051594477579338,0.000399147634337867,0.00040261369391619785,0.00039850463307210076,0.00040368503135746603,0.0004004314785346717,0.000405643897992557,0.000397877793794594,0.0004030800524335333,0.00026788042036799125,0.0002701807067160981,0.00026833919309717484,0.00027064710353397686,0.00026773632391085335,0.0002700189399266928,0.00026802655764312833,0.00027046382245738,0.00026848533037231187,0.0002709302192752588,0.0002678875169151544,0.0002703137831153754
A2-B0-C2-batch4-r70_vs_A2-B0-C2-batch4-r47,valido,B_IC_k3,0.098,0.09300000000000001,1582,1629,14870.800000000001,15312.6,5.940669019217417,5.9491047054389385,5.969395247907684,5.977002123356681,5.9315512856984665,5.939297862027758,5.941311179350924,5.940942085485033,5.9700374080411915,5.9688395034027755,5.93169554798567,5.930482735228014,3.9900588142031372,3.993437954936812,3.996898392462725,4.000080197298179,3.988071746827892,3.9914614250938625,3.99404737147695,3.990293257837339,4.000886949736538,3.996935500198706,3.9921051323940406,3.987916498934881,2.296542743074912,2.3808591703696727,1.760117659632244,1.7528417917164087,78,71,0.015170670037926675,0.014732965009208104,60,58,0.02338811630847029,0.047268262737875995,22,20,0.10872313527180784,0.11847759361571517,0.0003994855030810324,0.0003885104231442693,0.00040141722354598836,0.00039033228343695264,0.00039887237308675164,0.00038786998041010395,0.000399528685702916,0.0003879773575672997,0.00040146040616787204,0.00038979921785998296,0.00039888207413089205,0.0003872943024194463,0.00026831500754519844,0.00026079424493141674,0.0002687749409892356,0.00026122802119157943,0.0002681813854552473,0.00026066516627443165,0.000268583221580342,0.00026058887829874343,0.00026904315502437914,0.0002610226545589061,0.0002684526140082605,0.00026043366240448263
A2-B0-C2-batch4-r44_vs_A2-B0-C2-batch4-r28,valido,B_IC_k3,0.10000000000000003,0.10650000000000004,1640,1568,15416.0,14739.2,5.930832859581477,5.939865403049753,5.958543160671722,5.968848115924755,5.920882263501816,5.931318950448375,5.922730348769605,5.940547379475847,5.95044064985985,5.9695300923508485,5.912681522398298,5.932189090172304,3.9884540541731717,3.990322635395961,3.9950517449089444,3.9972232813185804,3.9861337787776705,3.9884714038212667,3.9736069349131578,3.9911204164019987,3.9802046256489305,3.998021062324618,3.971188841760083,3.9891229527746157,2.456928890857273,2.2896770061621985,1.7261403577282284,1.6997425306235945,81,76,0.01402439024390244,0.01211734693877551,47,56,0.0475609756097561,0.03635204081632653,10,20,0.21829268292682927,0.13966836734693877,0.0003847193084834897,0.00040299781555645846,0.0003865168111489181,0.00040496418502529,0.00038407383650115564,0.00040241797047657775,0.00038419371748635214,0.00040304408512509813,0.0003859912201517806,0.0004050104545939297,0.00038354187353388026,0.00040247700622641006,0.0002587217212099878,0.0002707285765439075,0.0002591496980350898,0.0002711967597507721,0.00025857121035143167,0.0002706029773543521,0.000257758623178072,0.00027078270302336615,0.00025818660000317403,0.0002712508862302308,0.000257601767109502,0.0002706471825319295
PAR_piloto_A_r9_r19,valido,C_N1000_fijo,0.08050000000000002,0.08700000000000001,1000,1000,9400.0,9400.0,5.934815958200683,5.950158965925091,5.980260851988685,5.995603859713094,5.934815958200683,5.950158965925091,5.945304335094271,5.96694474570467,5.990749228882273,6.012389639492673,5.945304335094271,5.96694474570467,3.979909189617884,3.9883162432307184,3.9907294024245514,3.9991364560373857,3.979909189617884,3.9883162432307184,3.9839925453714344,3.986465164435275,3.9948127581781017,3.9972853772419423,3.9839925453714344,3.986465164435275,1.7328040558679347,1.7580598225995268,1.5168792114956793,1.5176605923356488,13,20,0.012,0.016,45,40,0.012,0.036,17,14,0.544,0.732,0.0006313633998085833,0.000632995634672882,0.0006361979629775197,0.0006378301978418185,0.0006313633998085833,0.000632995634672882,0.0006324791845844969,0.0006347813559260287,0.0006373137477534333,0.0006396159190949652,0.0006324791845844969,0.0006347813559260287,0.0004233945946402004,0.0004242889620458211,0.00042454568110899486,0.0004254400485146155,0.0004233945946402004,0.0004242889620458211,0.0004238289941884505,0.00042409203876971014,0.00042498008065724487,0.0004252431252385045,0.0004238289941884505,0.00042409203876971014
PAR_piloto_B_r1_r17,valido,C_N1000_fijo,0.08700000000000002,0.12100000000000004,1000,1000,9400.0,9400.0,5.946161421906137,5.92763746897041,5.991606315694139,5.973082362758412,5.946161421906137,5.92763746897041,5.9481288412424185,5.930965175503303,5.993573735030421,5.976410069291306,5.9481288412424185,5.930965175503303,3.9665178183085223,3.9913013593284505,3.9773380311151896,4.002121572135118,3.9665178183085223,3.9913013593284505,3.9838049618305966,3.989105799996215,3.994625174637264,3.999926012802882,3.9838049618305966,3.989105799996215,1.6931109715084451,1.8314658063169544,1.4856954572737817,1.5694620283889043,11,22,0.008,0.038,38,40,0.026,0.055,7,16,0.823,0.322,0.0006325703640325677,0.000630599730741533,0.0006374049272015042,0.0006354342939104694,0.0006325703640325677,0.000630599730741533,0.0006327796639619594,0.0006309537420748195,0.0006376142271308959,0.0006357883052437559,0.0006327796639619594,0.0006309537420748195,0.0004219699806711194,0.000424606527588133,0.0004231210671399138,0.0004257576140569274,0.0004219699806711194,0.000424606527588133,0.0004238090384926167,0.00042437295744640586,0.00042496012496141106,0.00042552404391520024,0.0004238090384926167,0.00042437295744640586
PAR_piloto_C_r6_r14,valido,C_N1000_fijo,0.10050000000000002,0.09900000000000003,1000,1000,9400.0,9400.0,5.951749539639289,5.958882420202834,5.997194433427292,6.004327313990837,5.951749539639289,5.958882420202834,5.95514802746608,5.9630548052310015,6.000592921254083,6.008499699019004,5.95514802746608,5.9630548052310015,3.9911735881557546,3.9917774340314787,4.001993800962421,4.0025976468381455,3.9911735881557546,3.9917774340314787,3.9897274792279123,3.993720074098955,4.000547692034579,4.004540286905622,3.9897274792279123,3.993720074098955,1.8539396352556756,1.8415419204191312,1.535503027766139,1.561386195773831,28,29,0.019,0.018,44,49,0.021,0.024,11,14,0.764,0.344,0.0006331648446424776,0.0006339236617237058,0.000637999407811414,0.0006387582248926422,0.0006331648446424776,0.0006339236617237058,0.0006335263859006469,0.0006343675324713831,0.0006383609490695833,0.0006392020956403196,0.0006335263859006469,0.0006343675324713831,0.00042459293491018665,0.00042465717383313603,0.000425744021378981,0.00042580826030193036,0.00042459293491018665,0.00042465717383313603,0.0004244390935348843,0.0004248638376701016,0.0004255901800036786,0.000426014924138896,0.0004244390935348843,0.0004248638376701016
PAR_v2_D_r2_r20,valido,C_N1000_fijo,0.07600000000000001,0.08650000000000002,1000,1000,9400.0,9400.0,5.933301094501195,5.940095165177713,5.978745988289197,5.985540058965715,5.933301094501195,5.940095165177713,5.956463701008234,5.945664115500059,6.0019085947962365,5.991109009288062,5.956463701008234,5.945664115500059,3.963613139344655,3.9886081133690943,3.974433352151322,3.9994283261757615,3.963613139344655,3.9886081133690943,3.991232392952903,3.9913458189738122,4.0020526057595704,4.0021660317804795,3.991232392952903,3.9913458189738122,1.6496188981368094,1.7475713625951106,1.4156455396108396,1.5061086406184656,12,18,0.016,0.016,43,44,0.018,0.023,9,8,0.779,0.742,0.0006312022440958717,0.0006319250175720971,0.0006360368072648083,0.0006367595807410336,0.0006312022440958717,0.0006319250175720971,0.0006336663511710887,0.000632517459095751,0.0006385009143400252,0.0006373520222646874,0.0006336663511710887,0.000632517459095751,0.000421660972270708,0.00042432001206054197,0.00042281205873950236,0.00042547109852933635,0.000421660972270708,0.00042432001206054197,0.00042459919073967054,0.0004246112573376396,0.0004257502772084649,0.000425762343806434,0.00042459919073967054,0.0004246112573376396
PAR_v2_E_r12_r28,valido,C_N1000_fijo,0.08200000000000002,0.08950000000000002,1000,1000,9400.0,9400.0,5.939744176078427,5.9395148784763006,5.985189069866429,5.984959772264303,5.939744176078427,5.9395148784763006,5.9404438166919125,5.948002044754162,5.985888710479915,5.9934469385421645,5.9404438166919125,5.948002044754162,3.972806260097106,3.963075004799273,3.983626472903773,3.97389521760594,3.972806260097106,3.963075004799273,3.978588528903382,3.9771727312942726,3.9894087417100494,3.98799294410094,3.978588528903382,3.9771727312942726,1.7069088881551646,1.6531787500549295,1.5446690768780287,1.4776554144868426,14,11,0.015,0.014,49,33,0.017,0.024,13,9,0.664,0.783,0.0006318876783062156,0.0006318632849442873,0.000636722241475152,0.0006366978481132237,0.0006318876783062156,0.0006318632849442873,0.0006319621081587141,0.000632766174973847,0.0006367966713276505,0.0006376007381427834,0.0006319621081587141,0.000632766174973847,0.00042263896384011766,0.00042160372391481627,0.00042379005030891204,0.00042275481038361065,0.00042263896384011766,0.00042160372391481627,0.00042325409881950875,0.0004231034820525822,0.00042440518528830313,0.00042425456852137656,0.00042325409881950875,0.0004231034820525822
PAR_v2_F_r6_r2v1fix,valido,C_N1000_fijo,0.10050000000000002,0.12150000000000004,1000,1000,9400.0,9400.0,5.951749539639289,5.9337563886853655,5.997194433427292,5.979201282473368,5.951749539639289,5.9337563886853655,5.95514802746608,5.934852811406565,6.000592921254083,5.980297705194568,5.95514802746608,5.934852811406565,3.9911735881557546,3.986906319995462,4.001993800962421,3.997726532802129,3.9911735881557546,3.986906319995462,3.9897274792279123,3.9859518969368035,4.000547692034579,3.9967721097434707,3.9897274792279123,3.9859518969368035,1.8539396352556756,1.9864013625785013,1.535503027766139,1.6003978453303331,28,31,0.019,0.032,44,41,0.021,0.033,11,13,0.764,0.275,0.0006331648446424776,0.0006312506796473793,0.000637999407811414,0.0006360852428163158,0.0006331648446424776,0.0006312506796473793,0.0006335263859006469,0.0006313673203624005,0.0006383609490695833,0.000636201883531337,0.0006335263859006469,0.0006313673203624005,0.00042459293491018665,0.0004241389702122832,0.000425744021378981,0.00042529005668107757,0.00042459293491018665,0.0004241389702122832,0.0004244390935348843,0.0004240374358443408,0.0004255901800036786,0.0004251885223131352,0.0004244390935348843,0.0004240374358443408
PAR_v2_G_r12v1fix_r19,valido,C_N1000_fijo,0.06200000000000002,0.08700000000000001,1000,1000,9400.0,9400.0,5.95765303486745,5.950158965925091,6.003097928655452,5.995603859713094,5.95765303486745,5.950158965925091,5.967682602837824,5.96694474570467,6.013127496625827,6.012389639492673,5.967682602837824,5.96694474570467,3.9615943354617427,3.9883162432307184,3.97241454826841,3.9991364560373857,3.9615943354617427,3.9883162432307184,3.9715094085168197,3.986465164435275,3.982329621323487,3.9972853772419423,3.9715094085168197,3.986465164435275,1.6568851583332125,1.7580598225995268,1.4812203303909612,1.5176605923356488,2,20,0.005,0.016,32,40,0.017,0.036,11,14,0.563,0.732,0.0006337928760497287,0.000632995634672882,0.0006386274392186651,0.0006378301978418185,0.0006337928760497287,0.000632995634672882,0.000634859851365726,0.0006347813559260287,0.0006396944145346624,0.0006396159190949652,0.000634859851365726,0.0006347813559260287,0.0004214462059001854,0.0004242889620458211,0.00042259729236897975,0.0004254400485146155,0.0004214462059001854,0.0004242889620458211,0.00042250100090604465,0.00042409203876971014,0.00042365208737483903,0.0004252431252385045,0.00042250100090604465,0.00042409203876971014
PAR_v2_H_r9_r39,valido,C_N1000_fijo,0.08050000000000002,0.07850000000000001,1000,1000,9400.0,9400.0,5.934815958200683,5.951468088935851,5.980260851988685,5.996912982723853,5.934815958200683,5.951468088935851,5.945304335094271,5.957836757057234,5.990749228882273,6.003281650845237,5.945304335094271,5.957836757057234,3.979909189617884,3.9641735953467445,3.9907294024245514,3.9749938081534117,3.979909189617884,3.9641735953467445,3.9839925453714344,3.97802411131325,3.9948127581781017,3.9888443241199174,3.9839925453714344,3.97802411131325,1.7328040558679347,1.6667681153142493,1.5168792114956793,1.4963121509754056,13,13,0.012,0.008,45,47,0.012,0.014,17,7,0.544,0.77,0.0006313633998085833,0.000633134903078282,0.0006361979629775197,0.0006379694662472184,0.0006313633998085833,0.000633134903078282,0.0006324791845844969,0.0006338124209635355,0.0006373137477534333,0.000638646984132472,0.0006324791845844969,0.0006338124209635355,0.0004233945946402004,0.00042172059524965365,0.00042454568110899486,0.00042287168171844803,0.0004233945946402004,0.00042172059524965365,0.0004238289941884505,0.0004231940543950266,0.00042498008065724487,0.000424345140863821,0.0004238289941884505,0.0004231940543950266
A2-B0-C2-r9v2fix_vs_A2-B0-C2-r39,valido,C_N1000_fijo,0.07500000000000002,0.07850000000000001,1000,1000,9400.0,9400.0,5.946217170919629,5.951468088935851,5.991662064707632,5.996912982723853,5.946217170919629,5.951468088935851,5.948697582707466,5.957836757057234,5.994142476495469,6.003281650845237,5.948697582707466,5.957836757057234,3.9711316650718227,3.9641735953467445,3.98195187787849,3.9749938081534117,3.9711316650718227,3.9641735953467445,3.985551036139653,3.97802411131325,3.9963712489463203,3.9888443241199174,3.985551036139653,3.97802411131325,1.662422019276692,1.6667681153142493,1.4613902121943116,1.4963121509754056,4,13,0.007,0.008,42,47,0.014,0.014,9,7,0.817,0.77,0.000632576294778684,0.000633134903078282,0.0006374108579476204,0.0006379694662472184,0.000632576294778684,0.000633134903078282,0.0006328401683731347,0.0006338124209635355,0.0006376747315420711,0.000638646984132472,0.0006328401683731347,0.0006338124209635355,0.00042246081543317264,0.00042172059524965365,0.000423611901901967,0.00042287168171844803,0.00042246081543317264,0.00042172059524965365,0.0004239947910786865,0.0004231940543950266,0.0004251458775474809,0.000424345140863821,0.0004239947910786865,0.0004231940543950266
A2-B0-C2-batch3-r100_vs_A2-B0-C2-batch3-r0,roto_misma_clase,C_N1000_fijo,0.14999999999999994,0.15049999999999997,1000,1000,9400.0,9400.0,5.895465417501682,5.872364074405819,5.940910311289684,5.917808968193822,5.895465417501682,5.872364074405819,5.821677935511667,5.84498877548187,5.867122829299669,5.890433669269872,5.821677935511667,5.84498877548187,3.920875810060249,3.8872363086869015,3.9316960228669164,3.8980565214935687,3.920875810060249,3.8872363086869015,3.8836200424236758,3.8965232974444626,3.894440255230343,3.90734351025113,3.8836200424236758,3.8965232974444626,2.4376278140629335,2.492752933821962,1.651958469843303,1.7224822883942228,43,50,0.043,0.038,40,36,0.094,0.064,9,17,0.668,0.423,0.000627177172074647,0.0006247195823835978,0.0006320117352435835,0.0006295541455525343,0.000627177172074647,0.0006247195823835978,0.0006193274399480496,0.0006218073165406245,0.0006241620031169861,0.0006266418797095609,0.0006193274399480496,0.0006218073165406245,0.00041711444787874993,0.00041353577751988314,0.0004182655343475443,0.0004146868639886775,0.00041711444787874993,0.00041353577751988314,0.0004131510683429442,0.00041452375504728324,0.0004143021548117386,0.0004156748415160776,0.0004131510683429442,0.00041452375504728324
A2-B0-C2-batch3-r1_vs_A2-B0-C2-batch3-r69,valido,C_N1000_fijo,0.078,0.08800000000000001,1000,1000,9400.0,9400.0,5.952050062228318,5.9473134043290745,5.997494956016321,5.992758298117077,5.952050062228318,5.9473134043290745,5.952502674526865,5.956937641685106,5.997947568314868,6.002382535473108,5.952502674526865,5.956937641685106,3.963182164913681,3.9778945963520687,3.9740023777203484,3.988714809158736,3.963182164913681,3.9778945963520687,3.9818123987215075,3.980449765926793,3.9926326115281747,3.99126997873346,3.9818123987215075,3.980449765926793,1.6686514682020597,1.6981608658454894,1.4685172179891013,1.4953356272363343,9,20,0.009,0.016,40,44,0.019,0.021,17,11,0.321,0.671,0.0006331968151306722,0.0006326929153541569,0.0006380313782996086,0.0006375274785230933,0.0006331968151306722,0.0006326929153541569,0.0006332449653751984,0.0006337167703920325,0.0006380795285441348,0.000638551333560969,0.0006332449653751984,0.0006337167703920325,0.00042161512392698735,0.00042318027620766687,0.0004227662103957817,0.00042433136267646125,0.00042161512392698735,0.00042318027620766687,0.0004235970636937774,0.00042345210275816943,0.0004247481501625718,0.0004246031892269638,0.0004235970636937774,0.00042345210275816943
A2-B0-C2-batch3-r5_vs_A2-B0-C2-batch3-r114,valido,C_N1000_fijo,0.08100000000000003,0.09150000000000004,1000,1000,9400.0,9400.0,5.961445303616498,5.932636299950497,6.0068901974045,5.978081193738499,5.961445303616498,5.932636299950497,5.950482967904639,5.935297063994277,5.995927861692642,5.980741957782279,5.950482967904639,5.935297063994277,3.96071787139636,3.967233645111252,3.971538084203027,3.9780538579179194,3.96071787139636,3.967233645111252,3.973284750604744,3.979599415848916,3.9841049634114114,3.9904196286555833,3.973284750604744,3.979599415848916,1.6505227358269192,1.6814429328186196,1.4625759187043648,1.4898257281829594,11,11,0.009,0.016,47,40,0.016,0.02,10,23,0.796,0.493,0.0006341963088953721,0.0006311315212713294,0.0006390308720643085,0.0006359660844402659,0.0006341963088953721,0.0006311315212713294,0.0006330301029685787,0.0006314145812759869,0.0006378646661375151,0.0006362491444449233,0.0006330301029685787,0.0006314145812759869,0.0004213529650421659,0.00042204613245864386,0.0004225040515109603,0.00042319721892743824,0.0004213529650421659,0.00042204613245864386,0.00042268986708561107,0.00042336163998392726,0.00042384095355440545,0.00042451272645272164,0.00042268986708561107,0.00042336163998392726
A2-B0-C2-batch3-r44_vs_A2-B0-C2-batch3-r10,valido,C_N1000_fijo,0.10150000000000003,0.12000000000000002,1000,1000,9400.0,9400.0,5.932036386024096,5.952646280328642,5.977481279812099,5.998091174116644,5.932036386024096,5.952646280328642,5.930612347774021,5.950904358958356,5.976057241562024,5.996349252746358,5.930612347774021,5.950904358958356,3.989334503991229,3.986218263017374,4.000154716797896,3.9970384758240414,3.989334503991229,3.986218263017374,3.9894199044694023,3.9898860815797303,4.0002401172760695,4.000706294386397,3.9894199044694023,3.9898860815797303,1.8142345799774362,1.9264662303651667,1.5474536849253624,1.5686871549955312,30,34,0.025,0.033,44,41,0.039,0.034,9,10,0.433,0.744,0.0006310677006408613,0.0006332602425881534,0.0006359022638097977,0.0006380948057570898,0.0006310677006408613,0.0006332602425881534,0.0006309162072100022,0.0006330749318040804,0.0006357507703789387,0.0006379094949730169,0.0006309162072100022,0.0006330749318040804,0.0004243972876586414,0.0004240657726614228,0.0004255483741274357,0.0004252168591302172,0.0004243972876586414,0.0004240657726614228,0.0004244063728158939,0.00042445596612550324,0.00042555745928468826,0.00042560705259429756,0.0004244063728158939,0.00042445596612550324
A2-B0-C2-batch3-r86_vs_A2-B0-C2-batch3-r12,valido,C_N1000_fijo,0.09450000000000001,0.10150000000000003,1000,1000,9400.0,9400.0,5.946852976381985,5.919428164825401,5.992297870169987,5.964873058613404,5.946852976381985,5.919428164825401,5.9504790524277045,5.932085180262755,5.995923946215707,5.977530074050757,5.9504790524277045,5.932085180262755,3.99222125132996,3.9841238256677904,4.003041464136627,3.9949440384744577,3.99222125132996,3.9841238256677904,3.9873428129550046,3.985452440001745,3.998163025761672,3.996272652808412,3.9873428129550046,3.985452440001745,1.7815123412906324,1.9237664806921748,1.5238479356047447,1.6002780640762366,22,28,0.017,0.03,54,39,0.021,0.031,4,12,0.833,0.436,0.0006326439336576579,0.0006297264005133405,0.0006374784968265944,0.000634560963682277,0.0006326439336576579,0.0006297264005133405,0.0006330296864284792,0.0006310728915173144,0.0006378642495974157,0.0006359074546862508,0.0006330296864284792,0.0006310728915173144,0.0004247043884393575,0.0004238429601774245,0.00042585547490815186,0.0004249940466462189,0.0004247043884393575,0.0004238429601774245,0.00042418540563351115,0.0004239843021278452,0.00042533649210230553,0.00042513538859663955,0.00042418540563351115,0.0004239843021278452
A2-B0-C2-batch3-r50_vs_A2-B0-C2-batch3-r21,valido,C_N1000_fijo,0.10000000000000003,0.09650000000000004,1000,1000,9400.0,9400.0,5.9436929947018395,5.945255956244395,5.989137888489842,5.990700850032398,5.9436929947018395,5.945255956244395,5.943514382092124,5.948982045749888,5.988959275880126,5.994426939537891,5.943514382092124,5.948982045749888,3.9918337319803645,3.991355562401402,4.002653944787031,4.002175775208069,3.9918337319803645,3.991355562401402,3.991904513962311,3.985313190951246,4.002724726768978,3.9961334037579133,3.991904513962311,3.985313190951246,1.891479783669515,1.8636034647068236,1.5728808982119997,1.5735602490531966,37,31,0.017,0.023,46,43,0.028,0.027,10,14,0.653,0.543,0.0006323077653938127,0.0006324740378983399,0.0006371423285627491,0.0006373086010672763,0.0006323077653938127,0.0006324740378983399,0.0006322887640523536,0.0006328704303989243,0.0006371233272212901,0.0006377049935678607,0.0006322887640523536,0.0006328704303989243,0.0004246631629766345,0.00042461229387248954,0.0004258142494454289,0.0004257633803412839,0.0004246631629766345,0.00042461229387248954,0.0004246706929747139,0.00042396948839906875,0.0004258217794435083,0.00042512057486786313,0.0004246706929747139,0.00042396948839906875
A2-B0-C2-batch3-r48_vs_A2-B0-C2-batch3-r25,valido,C_N1000_fijo,0.09900000000000003,0.113,1000,1000,9400.0,9400.0,5.942089933342147,5.924266361472096,5.987534827130149,5.969711255260099,5.942089933342147,5.924266361472096,5.937436579102393,5.931915175004628,5.982881472890395,5.97736006879263,5.937436579102393,5.931915175004628,3.983670776987132,3.9939965128387915,3.9944909897937992,4.004816725645458,3.983670776987132,3.9939965128387915,3.9861360746754517,3.9899698587898813,3.996956287482119,4.0007900715965485,3.9861360746754517,3.9899698587898813,1.960608412607334,1.8621224576444007,1.57920955306369,1.5149387950275686,44,34,0.019,0.027,54,51,0.037,0.031,17,16,0.211,0.404,0.0006321372269512922,0.0006302411022842655,0.0006369717901202286,0.000635075665453202,0.0006321372269512922,0.0006302411022842655,0.0006316421892662119,0.0006310548058515561,0.0006364767524351484,0.0006358893690204926,0.0006316421892662119,0.0006310548058515561,0.0004237947635092694,0.00042489324604667996,0.00042494584997806377,0.0004260443325154743,0.0004237947635092694,0.00042489324604667996,0.00042405702922079276,0.0004244648785946682,0.00042520811568958714,0.0004256159650634626,0.00042405702922079276,0.0004244648785946682
A2-B0-C2-batch3-r35_vs_A2-B0-C2-batch3-r31,valido,C_N1000_fijo,0.09750000000000003,0.11700000000000002,1000,1000,9400.0,9400.0,5.927830774157495,5.930230931848831,5.973275667945497,5.975675825636833,5.927830774157495,5.930230931848831,5.936065065306391,5.939701207955482,5.981509959094393,5.985146101743484,5.936065065306391,5.939701207955482,3.9905884681813313,3.9856078408429294,4.001408680987998,3.9964280536495966,3.9905884681813313,3.9856078408429294,3.9947579348025832,3.993521546656993,4.00557814760925,4.00434175946366,3.9947579348025832,3.993521546656993,1.7916133963226029,1.927208121352285,1.531983860703395,1.6156001160454472,34,36,0.023,0.018,52,49,0.032,0.046,11,10,0.643,0.465,0.0006306202951231378,0.0006308756310477479,0.0006354548582920742,0.0006357101942166845,0.0006306202951231378,0.0006308756310477479,0.000631496283543233,0.0006318831072293066,0.0006363308467121695,0.000636717670398243,0.000631496283543233,0.0006318831072293066,0.0004245306881043969,0.0004240008341322265,0.0004256817745731913,0.0004251519206010209,0.0004245306881043969,0.0004240008341322265,0.00042497424838325353,0.0004248427177294673,0.00042612533485204785,0.0004259938041982617,0.00042497424838325353,0.0004248427177294673
A2-B0-C2-batch3-r9_vs_A2-B0-C2-batch3-r83,valido,C_N1000_fijo,0.07650000000000001,0.08700000000000001,1000,1000,9400.0,9400.0,5.948920693548738,5.94544734721085,5.99436558733674,5.9908922409988525,5.948920693548738,5.94544734721085,5.949873054857053,5.95050818517283,5.995317948645056,5.995953078960833,5.949873054857053,5.95050818517283,3.9666258878101983,3.986352402440887,3.9774461006168655,3.997172615247554,3.9666258878101983,3.986352402440887,3.9773665950015697,3.9829556248259257,3.988186807808237,3.993775837632593,3.9773665950015697,3.9829556248259257,1.6679253558628333,1.7883626577514515,1.4554549063000823,1.5225322328094997,8,22,0.008,0.021,43,47,0.033,0.03,8,8,0.833,0.791,0.0006328639035690146,0.0006324943986394521,0.000637698466737951,0.0006373289618083885,0.0006328639035690146,0.0006324943986394521,0.0006329652186018141,0.0006330327856566841,0.0006377997817707507,0.0006378673488256205,0.0006329652186018141,0.0006330327856566841,0.00042198147742661683,0.0004240800428128603,0.0004231325638954112,0.0004252311292816547,0.00042198147742661683,0.0004240800428128603,0.0004231241058512308,0.00042371868349211974,0.0004242751923200252,0.0004248697699609141,0.0004231241058512308,0.00042371868349211974
A2-B0-C2-batch3-r53_vs_A2-B0-C2-batch3-r23,valido,C_N1000_fijo,0.09600000000000003,0.11750000000000005,1000,1000,9400.0,9400.0,5.937476512380801,5.935449354615887,5.982921406168804,5.98089424840389,5.937476512380801,5.935449354615887,5.936102209357244,5.937641088338205,5.981547103145247,5.983085982126208,5.936102209357244,5.937641088338205,3.9912167175803175,3.9887684722825263,4.002036930386985,3.9995886850891935,3.9912167175803175,3.9887684722825263,3.9938980670266107,3.988042413980815,4.004718279833278,3.9988626267874823,3.9938980670266107,3.988042413980815,1.9130587240123103,1.8801237478236366,1.5697981780479258,1.5791587135162284,36,27,0.02,0.032,45,41,0.028,0.062,17,12,0.408,0.544,0.0006316464374873193,0.0006314307824059455,0.0006364810006562557,0.0006362653455748819,0.0006316464374873193,0.0006314307824059455,0.0006315002350380047,0.0006316639455678941,0.0006363347982069412,0.0006364985087368306,0.0006315002350380047,0.0006316639455678941,0.0004245975231468423,0.00042433707151941767,0.00042574860961563666,0.0004254881579882121,0.0004245975231468423,0.00042433707151941767,0.0004248827730879373,0.0004242598312745548,0.0004260338595567317,0.0004254109177433492,0.0004248827730879373,0.0004242598312745548
A2-B0-C2-batch3-r104_vs_A2-B0-C2-batch3-r60,valido,C_N1000_fijo,0.09850000000000003,0.12549999999999997,1000,1000,9400.0,9400.0,5.953092136158567,5.930161960093954,5.9985370299465695,5.975606853881956,5.953092136158567,5.930161960093954,5.95684291004002,5.945236060048382,6.002287803828023,5.990680953836384,5.95684291004002,5.945236060048382,3.9928815357132823,3.9846331054324757,4.0037017485199495,3.995453318239143,3.9928815357132823,3.9846331054324757,3.993801843951205,3.9796966028564187,4.004622056757872,3.990516815663086,3.993801843951205,3.9796966028564187,1.8415801019276403,1.9409806237419938,1.540920839693404,1.5447502703585698,25,32,0.031,0.032,47,43,0.036,0.037,13,13,0.723,0.642,0.000633307674059422,0.0006308682936270164,0.0006381422372283584,0.0006357028567959528,0.000633307674059422,0.0006308682936270164,0.0006337066925574489,0.0006324719212817427,0.0006385412557263854,0.0006373064844506791,0.0006337066925574489,0.0006324719212817427,0.0004247746314588598,0.0004238971388757953,0.0004259257179276542,0.0004250482253445897,0.0004247746314588598,0.0004238971388757953,0.0004248725365905537,0.0004233719790272786,0.000426023623059348,0.000424523065496073,0.0004248725365905537,0.0004233719790272786
A2-B0-C2-batch3-r59_vs_A2-B0-C2-batch3-r58,valido,C_N1000_fijo,0.10350000000000004,0.10250000000000004,1000,1000,9400.0,9400.0,5.941189914805762,5.9299900478868395,5.986634808593765,5.975434941674842,5.941189914805762,5.9299900478868395,5.939196278081372,5.933768800338359,5.984641171869375,5.979213694126361,5.939196278081372,5.933768800338359,3.991715310750818,3.984120711803274,4.002535523557485,3.994940924609941,3.991715310750818,3.984120711803274,3.9888159281378934,3.989815458661882,3.9996361409445607,4.000635671468549,3.9888159281378934,3.989815458661882,1.8840525204382055,1.900598900816769,1.5462634174161416,1.566132682427123,34,34,0.027,0.023,46,53,0.036,0.029,11,11,0.684,0.662,0.0006320414802984853,0.0006308500050943446,0.0006368760434674218,0.000635684568263281,0.0006320414802984853,0.0006308500050943446,0.0006318293912852523,0.0006312520000359956,0.0006366639544541887,0.000636086563204932,0.0006318293912852523,0.0006312520000359956,0.00042465056497349127,0.0004238426289152419,0.00042580165144228565,0.00042499371538403627,0.00042465056497349127,0.0004238426289152419,0.0004243421200146695,0.00042444845304913636,0.0004254932064834639,0.00042559953951793074,0.0004243421200146695,0.00042444845304913636
A2-B0-C2-batch3-r107_vs_A2-B0-C2-batch3-r71,valido,C_N1000_fijo,0.10650000000000004,0.13,1000,1000,9400.0,9400.0,5.952531127575371,5.922300636259012,5.997976021363374,5.967745530047014,5.952531127575371,5.922300636259012,5.958139847713098,5.916247696973522,6.0035847415011006,5.961692590761524,5.958139847713098,5.916247696973522,3.988178083436626,3.979240793170108,3.9989982962432933,3.9900610059767754,3.988178083436626,3.979240793170108,3.9896841096886764,3.981854846542552,4.000504322495344,3.992675059349219,3.9896841096886764,3.981854846542552,1.8604497103727466,1.9977849472934275,1.5291482266112213,1.5779283680044875,32,35,0.019,0.026,52,41,0.027,0.032,14,13,0.507,0.502,0.0006332479922952522,0.0006300319825807459,0.0006380825554641887,0.0006348665457496823,0.0006332479922952522,0.0006300319825807459,0.0006338446646503296,0.0006293880528695236,0.000638679227819266,0.0006342226160384601,0.0006338446646503296,0.0006293880528695236,0.00042427426419538577,0.0004233234886351179,0.00042542535066418015,0.0004244745751039123,0.00042427426419538577,0.0004233234886351179,0.0004244344797541145,0.0004236015794194204,0.0004255855662229089,0.00042475266588821477,0.0004244344797541145,0.0004236015794194204
A2-B0-C2-batch3-r112_vs_A2-B0-C2-batch3-r108,valido,C_N1000_fijo,0.10150000000000003,0.098,1000,1000,9400.0,9400.0,5.944082800833582,5.94620859872163,5.989527694621585,5.9916534925096325,5.944082800833582,5.94620859872163,5.934750357598798,5.950347481969004,5.9801952513868,5.995792375757007,5.934750357598798,5.950347481969004,3.986441482047894,3.9903652692505416,3.9972616948545614,4.001185482057209,3.986441482047894,3.9903652692505416,3.98596828943849,3.9938995450785137,3.996788502245157,4.004719757885181,3.98596828943849,3.9938995450785137,1.908562361956316,1.8743823378808246,1.583357370199086,1.5459105453500772,37,33,0.024,0.039,47,49,0.033,0.04,15,15,0.47,0.684,0.0006323492341312321,0.0006325753828427266,0.0006371837973001686,0.000637409946011663,0.0006323492341312321,0.0006325753828427266,0.0006313564210211487,0.0006330156895711707,0.0006361909841900851,0.0006378502527401071,0.0006313564210211487,0.0006330156895711707,0.00042408951936679723,0.00042450694353729165,0.0004252406058355916,0.00042565803000608603,0.00042408951936679723,0.00042450694353729165,0.0004240391797274989,0.00042488293032750147,0.0004251902661962933,0.00042603401679629585,0.0004240391797274989,0.00042488293032750147
A2-B0-C2-batch3-r120_vs_A2-B0-C2-batch3-r111,valido,C_N1000_fijo,0.09250000000000004,0.12200000000000003,1000,1000,9400.0,9400.0,5.94242093330416,5.93355627715388,5.987865827092163,5.979001170941882,5.94242093330416,5.93355627715388,5.949070336562952,5.936216816858958,5.994515230350954,5.981661710646961,5.949070336562952,5.936216816858958,3.9927873217855208,3.9859887044677187,4.003607534592188,3.996808917274386,3.9927873217855208,3.9859887044677187,3.9923639601345893,3.9824854495515236,4.003184172941256,3.993305662358191,3.9923639601345893,3.9824854495515236,1.8710156279680425,1.9279714239875674,1.583951659830774,1.6227328191434738,28,33,0.019,0.036,52,46,0.03,0.04,10,16,0.721,0.283,0.0006321724397132085,0.000631229391186583,0.000637007002882145,0.0006360639543555194,0.0006321724397132085,0.000631229391186583,0.0006328798230386119,0.0006315124273254211,0.0006377143862075483,0.0006363469904943575,0.0006328798230386119,0.0006315124273254211,0.00042476460870058733,0.000424041351539119,0.0004259156951693817,0.0004251924380079134,0.00042476460870058733,0.000424041351539119,0.000424719570227084,0.00042366866484590677,0.0004258706566958783,0.00042481975131470115,0.000424719570227084,0.00042366866484590677
A2-B0-C2-batch3-r76_vs_A2-B0-C2-batch3-r26,valido,C_N1000_fijo,0.10650000000000004,0.11150000000000004,1000,1000,9400.0,9400.0,5.939420681759826,5.945430054789671,5.984865575547828,5.990874948577673,5.939420681759826,5.945430054789671,5.943361194466765,5.945749243492534,5.988806088254767,5.991194137280536,5.943361194466765,5.945749243492534,3.991384205248952,3.986361747133695,4.002204418055619,3.997181959940362,3.991384205248952,3.986361747133695,3.9895939758393775,3.9932390180045405,4.000414188646045,4.004059230811207,3.9895939758393775,3.9932390180045405,1.864392173998296,1.9220458859944096,1.5908013685307196,1.6178573487028405,35,28,0.018,0.023,48,47,0.024,0.029,13,10,0.308,0.443,0.0006318532640170027,0.0006324925590201777,0.0006366878271859391,0.0006373271221891141,0.0006318532640170027,0.0006324925590201777,0.0006322724674964643,0.0006325265152651632,0.0006371070306654008,0.0006373610784340996,0.0006322724674964643,0.0006325265152651632,0.00042461534098393107,0.0004240810369291165,0.00042576642745272545,0.00042523212339791086,0.00042461534098393107,0.0004240810369291165,0.00042442489104674226,0.0004248126614898447,0.00042557597751553665,0.00042596374795863905,0.00042442489104674226,0.0004248126614898447
A2-B0-C2-batch3-r143_vs_A2-B0-C2-batch3-r70,invertido,C_N1000_fijo,0.10000000000000003,0.09500000000000004,1000,1000,9400.0,9400.0,5.94628872608696,5.948894247376613,5.991733619874963,5.994339141164615,5.94628872608696,5.948894247376613,5.949908904833324,5.9545624818698215,5.995353798621326,6.000007375657824,5.949908904833324,5.9545624818698215,3.980986207971527,3.98862515565869,3.991806420778194,3.999445368465357,3.980986207971527,3.98862515565869,3.9949113018442306,3.9882437434750506,4.005731514650898,3.999063956281718,3.9949113018442306,3.9882437434750506,1.8102055292508163,1.835129115008309,1.5497925566127273,1.504963597869816,22,36,0.026,0.012,36,51,0.039,0.024,9,13,0.444,0.497,0.0006325839070305277,0.0006328610901464481,0.0006374184701994642,0.0006376956533153846,0.0006325839070305277,0.0006328610901464481,0.0006329690324290769,0.0006334640938159384,0.0006378035955980134,0.0006382986569848748,0.0006329690324290769,0.0006334640938159384,0.0004235091710608007,0.00042432182507007337,0.00042466025752959513,0.00042547291153886775,0.0004235091710608007,0.00042432182507007337,0.000424990564025982,0.00042428124930585643,0.00042614165049477637,0.0004254323357746508,0.000424990564025982,0.00042428124930585643
A2-B0-C2-batch4-r11_vs_A2-B0-C2-batch4-r0,valido,C_N1000_fijo,0.08600000000000003,0.09000000000000002,1000,1000,9400.0,9400.0,5.950809466715057,5.9283618383001055,5.99625436050306,5.973806732088108,5.950809466715057,5.9283618383001055,5.957958171677497,5.931236478009145,6.003403065465499,5.976681371797148,5.957958171677497,5.931236478009145,3.9588544765710605,3.9768286336196543,3.9696746893777277,3.9876488464263216,3.9588544765710605,3.9768286336196543,3.9704784523285093,3.9822633046395115,3.9812986651351765,3.9930835174461787,3.9704784523285093,3.9822633046395115,1.674324289313005,1.6928797668157194,1.5154773058174162,1.517947241003177,14,16,0.015,0.012,44,44,0.021,0.03,5,9,0.719,0.813,0.0006330648368845805,0.0006306767913085219,0.000637899400053517,0.0006355113544774583,0.0006330648368845805,0.0006306767913085219,0.0006338253374124996,0.0006309826040435261,0.0006386599005814361,0.0006358171672124625,0.0006338253374124996,0.0006309826040435261,0.00042115473155011283,0.0004230668759169845,0.0004223058180189072,0.0004242179623857789,0.00042115473155011283,0.0004230668759169845,0.00042239132471579883,0.0004236450324084587,0.00042354241118459327,0.00042479611887725306,0.00042239132471579883,0.0004236450324084587
A2-B0-C2-batch4-r31_vs_A2-B0-C2-batch4-r1,valido,C_N1000_fijo,0.09850000000000003,0.10750000000000003,1000,1000,9400.0,9400.0,5.934331843808039,5.933107637202062,5.979776737596041,5.978552530990065,5.934331843808039,5.933107637202062,5.9412424840644436,5.930934995713972,5.986687377852446,5.976379889501975,5.9412424840644436,5.930934995713972,3.98623029720909,3.9922258008847487,3.9970505100157574,4.003046013691415,3.98623029720909,3.9922258008847487,3.9906839109712435,3.990965088159824,4.00150412377791,4.001785300966491,3.9906839109712435,3.990965088159824,1.853969748697641,1.8726285970652925,1.5896851642704322,1.57251922876261,32,30,0.032,0.021,47,42,0.034,0.038,15,14,0.561,0.511,0.000631311898277451,0.0006311816635321343,0.0006361464614463874,0.0006360162267010708,0.000631311898277451,0.0006311816635321343,0.0006320470727728131,0.0006309505314589332,0.0006368816359417496,0.0006357850946278697,0.0006320470727728131,0.0006309505314589332,0.00042406705289458403,0.0004247048724345477,0.00042521813936337847,0.0004258559589033421,0.00042406705289458403,0.0004247048724345477,0.00042454084159268546,0.0004245707540595557,0.00042569192806147984,0.0004257218405283501,0.00042454084159268546,0.0004245707540595557
A2-B0-C2-batch4-r3_vs_A2-B0-C2-batch4-r9,valido,C_N1000_fijo,0.07550000000000001,0.07950000000000002,1000,1000,9400.0,9400.0,5.943986177358409,5.930350610724592,5.989431071146411,5.975795504512594,5.943986177358409,5.930350610724592,5.956528811913482,5.938169994378111,6.001973705701484,5.983614888166113,5.956528811913482,5.938169994378111,3.9634123411315345,3.9785652222095367,3.9742325539382017,3.989385435016204,3.9634123411315345,3.9785652222095367,3.9798183862905248,3.988463059663529,3.990638599097192,3.9992832724701963,3.9798183862905248,3.988463059663529,1.6634096651369419,1.7097952447016604,1.4874649690710608,1.4667678557516561,9,21,0.006,0.013,33,55,0.022,0.025,14,9,0.737,0.814,0.0006323389550381285,0.0006308883628430417,0.000637173518207065,0.0006357229260119781,0.0006323389550381285,0.0006308883628430417,0.0006336732778631363,0.0006317202121678842,0.0006385078410320728,0.0006365547753368206,0.0006336732778631363,0.0006317202121678842,0.0004216396107586739,0.0004232516193839933,0.0004227906972274683,0.00042440270585278767,0.0004216396107586739,0.0004232516193839933,0.00042338493471175793,0.00042430458081526906,0.00042453602118055236,0.00042545566728406344,0.00042338493471175793,0.00042430458081526906
A2-B0-C2-batch4-r23_vs_A2-B0-C2-batch4-r10,valido,C_N1000_fijo,0.09550000000000002,0.12799999999999997,1000,1000,9400.0,9400.0,5.9422123536197855,5.932008289510051,5.987657247407788,5.977453183298054,5.9422123536197855,5.932008289510051,5.938798980089336,5.94517546497949,5.984243873877339,5.990620358767493,5.938798980089336,5.94517546497949,3.9924256948099734,3.984427012146232,4.00324590761664,3.9952472249528994,3.9924256948099734,3.984427012146232,3.9929403202726452,3.9866223864557027,4.003760533079312,3.99744259926237,3.9929403202726452,3.9866223864557027,1.8317164167997395,1.9926938105796461,1.542672807900741,1.6180700275745998,27,30,0.019,0.031,47,40,0.024,0.035,13,20,0.504,0.275,0.0006321502503850836,0.0006310647116500055,0.00063698481355402,0.0006358992748189419,0.0006321502503850836,0.0006310647116500055,0.0006317871255414187,0.0006324654749978181,0.0006366216887103552,0.0006373000381667545,0.0006317871255414187,0.0006324654749978181,0.00042472613774574184,0.0004238752140581098,0.0004258772242145362,0.0004250263005269042,0.00042472613774574184,0.0004238752140581098,0.00042478088513538776,0.0004241087645165641,0.00042593197160418214,0.0004252598509853585,0.00042478088513538776,0.0004241087645165641
A2-B0-C2-batch4-r15_vs_A2-B0-C2-batch4-r62,valido,C_N1000_fijo,0.10550000000000002,0.10250000000000004,1000,1000,9400.0,9400.0,5.938584088633503,5.938954130986252,5.984028982421505,5.9843990247742544,5.938584088633503,5.938954130986252,5.942199651831185,5.929363660941045,5.987644545619188,5.974808554729048,5.942199651831185,5.929363660941045,3.9724871145740384,3.98784477463614,3.9833073273807056,3.9986649874428073,3.9724871145740384,3.98784477463614,3.980181889297194,3.9829606751595783,3.9910021021038613,3.9937808879662455,3.980181889297194,3.9829606751595783,1.9565550635399676,1.9024558848513338,1.5822385597348678,1.5661651365987295,32,34,0.024,0.019,47,50,0.025,0.026,9,9,0.726,0.801,0.000631764264748245,0.0006318036309559842,0.0006365988279171815,0.0006366381941249207,0.000631764264748245,0.0006318036309559842,0.0006321488991309772,0.0006307833681852176,0.0006369834622999136,0.0006356179313541541,0.0006321488991309772,0.0006307833681852176,0.0004226050121887275,0.00042423880581235533,0.0004237560986575219,0.0004253898922811497,0.0004226050121887275,0.00042423880581235533,0.00042342360524438236,0.00042371922076165725,0.00042457469171317675,0.0004248703072304516,0.00042342360524438236,0.00042371922076165725
A2-B0-C2-batch4-r51_vs_A2-B0-C2-batch4-r36,roto_misma_clase,C_N1000_fijo,0.14499999999999996,0.15349999999999997,1000,1000,9400.0,9400.0,5.912804209492988,5.896814497037585,5.95824910328099,5.942259390825588,5.912804209492988,5.896814497037585,5.882567926085894,5.83203548019355,5.928012819873897,5.877480373981553,5.882567926085894,5.83203548019355,3.8914773985929942,3.906328974954634,3.9022976113996615,3.9171491877613014,3.8914773985929942,3.906328974954634,3.9187178942650327,3.8468663125490146,3.9295381070717,3.857686525355682,3.9187178942650327,3.8468663125490146,2.396131209313141,2.5645871463680194,1.7041974701423723,1.7264441924098457,41,39,0.037,0.061,36,32,0.057,0.073,14,12,0.454,0.66,0.0006290217244141476,0.0006273206911742112,0.0006338562875830841,0.0006321552543431477,0.0006290217244141476,0.0006273206911742112,0.000625805098519776,0.0006204293064035691,0.0006306396616887124,0.0006252638695725056,0.000625805098519776,0.0006204293064035691,0.00041398695729712707,0.0004155669122292164,0.00041513804376592145,0.0004167179986980108,0.00041398695729712707,0.0004155669122292164,0.0004168848823686205,0.0004092410970796824,0.0004180359688374149,0.0004103921835484768,0.0004168848823686205,0.0004092410970796824
A2-B0-C2-batch4-r38_vs_A2-B0-C2-batch4-r72,valido,C_N1000_fijo,0.09950000000000002,0.10150000000000003,1000,1000,9400.0,9400.0,5.945093999620353,5.945110930902074,5.990538893408355,5.990555824690077,5.945093999620353,5.945110930902074,5.9526549632282375,5.9449928315011125,5.99809985701624,5.990437725289115,5.9526549632282375,5.9449928315011125,3.9877004122705926,3.991834117479574,3.99852062507726,4.002654330286241,3.9877004122705926,3.991834117479574,3.988028558406978,3.993462207535811,3.998848771213645,4.004282420342478,3.988028558406978,3.993462207535811,1.8682151658058326,1.8738808981863897,1.599917894545366,1.5874032738071628,33,32,0.023,0.022,49,45,0.024,0.041,8,11,0.823,0.712,0.0006324568084702503,0.0006324586096704334,0.0006372913716391868,0.0006372931728393699,0.0006324568084702503,0.0006324586096704334,0.0006332611663008764,0.0006324460459043737,0.0006380957294698128,0.0006372806090733101,0.0006332611663008764,0.0006324460459043737,0.00042422344811389283,0.0004246632039871887,0.0004253745345826872,0.00042581429045598305,0.00042422344811389283,0.0004246632039871887,0.0004242583572773381,0.0004248364050570012,0.00042540944374613247,0.00042598749152579556,0.0004242583572773381,0.0004248364050570012
A2-B0-C2-batch4-r57_vs_A2-B0-C2-batch4-r43,valido,C_N1000_fijo,0.09950000000000002,0.09350000000000003,1000,1000,9400.0,9400.0,5.94601889471272,5.952933967140315,5.991463788500723,5.998378860928318,5.94601889471272,5.952933967140315,5.950003824453282,5.946620970841514,5.995448718241285,5.992065864629517,5.950003824453282,5.946620970841514,3.991229269939849,3.991206898708674,4.002049482746516,4.002027111515341,3.991229269939849,3.991206898708674,3.9919184064353974,3.9907917378117563,4.002738619242065,4.001611950618424,3.9919184064353974,3.9907917378117563,1.8770951083978267,1.8845802575275183,1.6001022019053202,1.5656751337332224,28,33,0.023,0.034,48,47,0.036,0.052,7,9,0.546,0.66,0.000632555201565183,0.0006332908475681187,0.0006373897647341195,0.0006381254107370551,0.000632555201565183,0.0006332908475681187,0.0006329791302609874,0.0006326192522171823,0.0006378136934299239,0.0006374538153861188,0.0006329791302609874,0.0006326192522171823,0.00042459885850423926,0.00042459647858602916,0.00042574994497303364,0.0004257475650548235,0.00042459885850423926,0.00042459647858602916,0.0004246721708973827,0.00042455231253316555,0.00042582325736617707,0.00042570339900195993,0.0004246721708973827,0.00042455231253316555
A2-B0-C2-batch4-r13_vs_A2-B0-C2-batch4-r94,valido,C_N1000_fijo,0.07650000000000001,0.08900000000000004,1000,1000,9400.0,9400.0,5.954764160100261,5.949302972229315,6.0002090538882635,5.994747866017318,5.954764160100261,5.949302972229315,5.95485644211063,5.950961494860965,6.000301335898633,5.996406388648968,5.95485644211063,5.950961494860965,3.9734863079605764,3.977116121461944,3.9843065207672437,3.9879363342686114,3.9734863079605764,3.977116121461944,3.9802063980522417,3.9773086538468894,3.991026610858909,3.9881288666535566,3.9802063980522417,3.9773086538468894,1.688732523855304,1.7308761587437391,1.4946640195231398,1.4953212633908821,8,24,0.01,0.021,39,42,0.021,0.028,8,8,0.829,0.784,0.0006334855489468363,0.0006329045715137569,0.0006383201121157727,0.0006377391346826934,0.0006334855489468363,0.0006329045715137569,0.000633495366181982,0.000633081010091592,0.0006383299293509184,0.0006379155732605284,0.000633495366181982,0.000633081010091592,0.00042271130935750813,0.0004230974597299941,0.0004238623958263025,0.00042424854619878846,0.00042271130935750813,0.0004230974597299941,0.0004234262125587491,0.00042311794189860526,0.0004245772990275435,0.00042426902836739964,0.0004234262125587491,0.00042311794189860526
A2-B0-C2-batch4-r41_vs_A2-B0-C2-batch4-r12,valido,C_N1000_fijo,0.09350000000000003,0.1005,1000,1000,9400.0,9400.0,5.960919279290658,5.933136535017056,6.00636417307866,5.978581428805058,5.960919279290658,5.933136535017056,5.96185081347215,5.941396451805678,6.007295707260153,5.986841345593681,5.96185081347215,5.941396451805678,3.995796863032515,3.9926412504140103,4.006617075839182,4.0034614632206775,3.995796863032515,3.9926412504140103,3.9919856714016806,3.98940085989204,4.002805884208348,4.000221072698707,3.9919856714016806,3.98940085989204,1.852017117921909,1.8230544093421475,1.5750116931792502,1.528678825906395,31,33,0.024,0.017,53,52,0.025,0.03,9,8,0.806,0.732,0.0006341403488607083,0.0006311847377677719,0.0006389749120296447,0.0006360193009367083,0.0006341403488607083,0.0006311847377677719,0.0006342394482417181,0.000632063452319753,0.0006390740114106545,0.0006368980154886894,0.0006342394482417181,0.000632063452319753,0.00042508477266303354,0.00042474906919297983,0.0004262358591318279,0.0004259001556617742,0.00042508477266303354,0.00042474906919297983,0.00042467932674485965,0.00042440434679702553,0.00042583041321365403,0.0004255554332658199,0.00042467932674485965,0.00042440434679702553
A2-B0-C2-batch4-r18_vs_A2-B0-C2-batch4-r19,valido,C_N1000_fijo,0.08200000000000002,0.09050000000000001,1000,1000,9400.0,9400.0,5.947656564034322,5.9422165260840725,5.993101457822324,5.987661419872075,5.947656564034322,5.9422165260840725,5.948754414136712,5.945061275354127,5.994199307924714,5.9905061691421295,5.948754414136712,5.945061275354127,3.9686519303791625,3.987145850775934,3.9794721431858298,3.9979660635826013,3.9686519303791625,3.987145850775934,3.983353624407484,3.9830482832755414,3.9941738372141513,3.9938684960822086,3.983353624407484,3.9830482832755414,1.6703504588864369,1.8101737158358047,1.4424916684259999,1.5503636305305233,8,26,0.012,0.028,46,46,0.019,0.029,9,15,0.829,0.417,0.0006327294217057789,0.000632150694264263,0.0006375639848747154,0.0006369852574331995,0.0006327294217057789,0.000632150694264263,0.000632846214269863,0.0006324533271653326,0.0006376807774387994,0.0006372878903342691,0.000632846214269863,0.0006324533271653326,0.00042219701387012366,0.00042416445221020574,0.00042334810033891804,0.0004253155386790001,0.00042219701387012366,0.00042416445221020574,0.0004237610238731366,0.0004237285407739938,0.000424912110341931,0.00042487962724278817,0.0004237610238731366,0.0004237285407739938
A2-B0-C2-batch4-r39_vs_A2-B0-C2-batch4-r26,valido,C_N1000_fijo,0.10150000000000003,0.10250000000000004,1000,1000,9400.0,9400.0,5.95127615236647,5.961006776276151,5.996721046154472,6.006451670064154,5.95127615236647,5.961006776276151,5.94562869433252,5.967608409546166,5.991073588120522,6.013053303334169,5.94562869433252,5.967608409546166,3.9851449893732642,3.9937488873212543,3.9959652021799315,4.004569100127921,3.9851449893732642,3.9937488873212543,3.9888160689066536,3.9955481635866477,3.999636281713321,4.006368376393315,3.9888160689066536,3.9955481635866477,1.9223150546576155,1.8645417249256646,1.5749621939814795,1.5683510336586193,31,30,0.037,0.035,47,39,0.043,0.04,14,12,0.32,0.281,0.0006331144842943052,0.0006341496570506544,0.0006379490474632417,0.0006389842202195908,0.0006331144842943052,0.0006341496570506544,0.0006325136908864382,0.0006348519584623581,0.0006373482540553746,0.0006396865216312946,0.0006325136908864382,0.0006348519584623581,0.00042395159461417706,0.0004248669029065164,0.00042510268108297144,0.00042601798937531073,0.00042395159461417706,0.0004248669029065164,0.00042434213499006955,0.0004250583152751753,0.00042549322145886393,0.0004262094017439697,0.00042434213499006955,0.0004250583152751753
A2-B0-C2-batch4-r70_vs_A2-B0-C2-batch4-r47,valido,C_N1000_fijo,0.098,0.09300000000000001,1000,1000,9400.0,9400.0,5.940822173065726,5.945521752998241,5.986267066853729,5.9909666467862435,5.940822173065726,5.945521752998241,5.9410512633875845,5.943709795609831,5.986496157175587,5.989154689397833,5.9410512633875845,5.943709795609831,3.98645613373245,3.98347402516455,3.9972763465391172,3.9942942379712174,3.98645613373245,3.98347402516455,3.9931984940271583,3.9937090052473754,4.0040187068338255,4.004529218054042,3.9931984940271583,3.9937090052473754,1.9044573428257978,1.9264644754684423,1.545560857448522,1.6468099035359303,34,34,0.02,0.036,43,50,0.035,0.04,12,13,0.355,0.695,0.0006320023588367794,0.0006325023141487491,0.0006368369220057158,0.0006373368773176855,0.0006320023588367794,0.0006325023141487491,0.0006320267301476154,0.00063230955272445,0.0006368612933165518,0.0006371441158933865,0.0006320267301476154,0.00063230955272445,0.00042409107805664364,0.00042377383246431386,0.000425242164525438,0.00042492491893310824,0.00042409107805664364,0.00042377383246431386,0.0004248083504284211,0.0004248626601326995,0.00042595943689721546,0.00042601374660149383,0.0004248083504284211,0.0004248626601326995
A2-B0-C2-batch4-r44_vs_A2-B0-C2-batch4-r28,valido,C_N1000_fijo,0.10000000000000003,0.10650000000000004,1000,1000,9400.0,9400.0,5.937755973662959,5.924740916678273,5.983200867450962,5.970185810466275,5.937755973662959,5.924740916678273,5.943913453374851,5.928503422249168,5.989358347162853,5.973948316037171,5.943913453374851,5.928503422249168,3.990190428057425,3.987823382161349,4.001010640864092,3.998643594968016,3.990190428057425,3.987823382161349,3.9937811664963556,3.9891804228175696,4.004601379303023,4.000000635624237,3.9937811664963556,3.9891804228175696,1.8737743111535103,1.8727381091589306,1.5702557325924689,1.5212022283005904,34,29,0.016,0.026,48,50,0.034,0.028,10,11,0.655,0.573,0.0006316761674109531,0.0006302915868806673,0.0006365107305798895,0.0006351261500496038,0.0006316761674109531,0.0006302915868806673,0.0006323312184441331,0.0006306918534307625,0.0006371657816130695,0.000635526416599699,0.0006323312184441331,0.0006306918534307625,0.0004244883434103644,0.0004242365300171648,0.00042563942987915875,0.0004253876164859592,0.0004244883434103644,0.0004242365300171648,0.00042487033686131444,0.0004243808960444223,0.0004260214233301088,0.00042553198251321666,0.00042487033686131444,0.0004243808960444223
