rule_id,seed,escala_b,n_cajas,diam_real_orig,diam_real_corr,diam_null_orig,diam_null_corr,giant_real,n_aristas,holon_real,holon_null_valor,tam_comp_medida,tam_gigante,n_componentes,n_aislados,descarrila
A0-B0-C0-r0,20260812,1,2000,5.0,5.0,4.0,4.0,1.0,14054,1.2028085271014024,1.3967466692556338,2000,2000,1,0,False
A0-B0-C0-r0,20260812,2,1046,4.0,4.0,3.0,3.0,1.0,12926,1.2028085271014024,1.3967466692556338,1046,1046,1,0,False
A0-B0-C0-r0,20260812,4,559,3.0,3.0,3.0,3.0,1.0,11874,1.2028085271014024,1.3967466692556338,559,559,1,0,False
A0-B0-C0-r0,20260812,8,322,3.0,3.0,3.0,3.0,1.0,10025,1.2028085271014024,1.3967466692556338,322,322,1,0,False
A0-B0-C0-r0,20260812,16,183,2.0,2.0,2.0,2.0,1.0,6277,1.2028085271014024,1.3967466692556338,183,183,1,0,False
A0-B0-C0-r1,20260909,1,2000,4.0,4.0,4.0,4.0,1.0,18114,1.9800684697637456,1.571587412965784,2000,2000,1,0,False
A0-B0-C0-r1,20260909,2,1037,3.0,3.0,3.0,3.0,1.0,16893,1.9800684697637456,1.571587412965784,1037,1037,1,0,False
A0-B0-C0-r1,20260909,4,543,3.0,3.0,3.0,3.0,1.0,15608,1.9800684697637456,1.571587412965784,543,543,1,0,False
A0-B0-C0-r1,20260909,8,303,2.0,2.0,2.0,2.0,1.0,12870,1.9800684697637456,1.571587412965784,303,303,1,0,False
A0-B0-C0-r1,20260909,16,179,2.0,2.0,2.0,2.0,1.0,7352,1.9800684697637456,1.571587412965784,179,179,1,0,False
A0-B0-C0-r2,20261006,1,2000,4.0,4.0,4.0,4.0,1.0,15574,1.9012913352558074,1.4964046260988295,2000,2000,1,0,False
A0-B0-C0-r2,20261006,2,1041,4.0,4.0,3.0,3.0,1.0,14405,1.9012913352558074,1.4964046260988295,1041,1041,1,0,False
A0-B0-C0-r2,20261006,4,557,3.0,3.0,3.0,3.0,1.0,13279,1.9012913352558074,1.4964046260988295,557,557,1,0,False
A0-B0-C0-r2,20261006,8,304,3.0,3.0,2.6666666666666665,2.6666666666666665,1.0,10978,1.9012913352558074,1.4964046260988295,304,304,1,0,False
A0-B0-C0-r2,20261006,16,193,2.0,2.0,2.0,2.0,1.0,6806,1.9012913352558074,1.4964046260988295,193,193,1,0,False
A0-B0-C0-r3,20261103,1,2000,4.0,4.0,4.0,4.0,1.0,19894,1.8045209216256086,1.5040541373343506,2000,2000,1,0,False
A0-B0-C0-r3,20261103,2,1033,3.0,3.0,3.0,3.0,1.0,18614,1.8045209216256086,1.5040541373343506,1033,1033,1,0,False
A0-B0-C0-r3,20261103,4,534,3.0,3.0,3.0,3.0,1.0,17207,1.8045209216256086,1.5040541373343506,534,534,1,0,False
A0-B0-C0-r3,20261103,8,296,2.0,2.0,2.0,2.0,1.0,14012,1.8045209216256086,1.5040541373343506,296,296,1,0,False
A0-B0-C0-r3,20261103,16,158,2.0,2.0,2.0,2.0,1.0,7469,1.8045209216256086,1.5040541373343506,158,158,1,0,False
A0-B0-C0-r4,20261200,1,2000,4.0,4.0,4.0,4.0,1.0,14930,1.8861694494924512,1.4977279177054788,2000,2000,1,0,False
A0-B0-C0-r4,20261200,2,1052,3.0,3.0,3.3333333333333335,3.3333333333333335,1.0,13798,1.8861694494924512,1.4977279177054788,1052,1052,1,0,False
A0-B0-C0-r4,20261200,4,562,3.0,3.0,3.3333333333333335,3.3333333333333335,1.0,12715,1.8861694494924512,1.4977279177054788,562,562,1,0,False
A0-B0-C0-r4,20261200,8,305,2.0,2.0,2.3333333333333335,2.3333333333333335,1.0,10550,1.8861694494924512,1.4977279177054788,305,305,1,0,False
A0-B0-C0-r4,20261200,16,178,2.0,2.0,2.0,2.0,1.0,6467,1.8861694494924512,1.4977279177054788,178,178,1,0,False
A0-B0-C0-r5,20261297,1,2000,5.0,5.0,5.0,5.0,1.0,11587,2.0734079863543684,1.5128613774189044,2000,2000,1,0,False
A0-B0-C0-r5,20261297,2,1058,4.0,4.0,4.0,4.0,1.0,10491,2.0734079863543684,1.5128613774189044,1058,1058,1,0,False
A0-B0-C0-r5,20261297,4,587,4.0,4.0,3.0,3.0,1.0,9573,2.0734079863543684,1.5128613774189044,587,587,1,0,False
A0-B0-C0-r5,20261297,8,332,3.0,3.0,3.0,3.0,1.0,8101,2.0734079863543684,1.5128613774189044,332,332,1,0,False
A0-B0-C0-r5,20261297,16,200,2.0,2.0,2.3333333333333335,2.3333333333333335,1.0,5324,2.0734079863543684,1.5128613774189044,200,200,1,0,False
A0-B0-C0-r6,20261394,1,2000,5.0,5.0,5.0,5.0,1.0,11988,2.115397899696916,1.4652431750780015,2000,2000,1,0,False
A0-B0-C0-r6,20261394,2,1056,4.0,4.0,4.333333333333333,4.333333333333333,1.0,10895,2.115397899696916,1.4652431750780015,1056,1056,1,0,False
A0-B0-C0-r6,20261394,4,574,4.0,4.0,3.3333333333333335,3.3333333333333335,1.0,9966,2.115397899696916,1.4652431750780015,574,574,1,0,False
A0-B0-C0-r6,20261394,8,336,3.0,3.0,3.0,3.0,1.0,8344,2.115397899696916,1.4652431750780015,336,336,1,0,False
A0-B0-C0-r6,20261394,16,208,3.0,3.0,2.6666666666666665,2.6666666666666665,1.0,5529,2.115397899696916,1.4652431750780015,208,208,1,0,False
A0-B0-C0-r7,20261491,1,2000,4.0,4.0,4.0,4.0,1.0,17573,1.4137702735972755,1.3876770107596232,2000,2000,1,0,False
A0-B0-C0-r7,20261491,2,1046,3.0,3.0,3.0,3.0,1.0,16360,1.4137702735972755,1.3876770107596232,1046,1046,1,0,False
A0-B0-C0-r7,20261491,4,557,3.0,3.0,3.0,3.0,1.0,15119,1.4137702735972755,1.3876770107596232,557,557,1,0,False
A0-B0-C0-r7,20261491,8,303,3.0,3.0,2.3333333333333335,2.3333333333333335,1.0,12451,1.4137702735972755,1.3876770107596232,303,303,1,0,False
A0-B0-C0-r7,20261491,16,182,2.0,2.0,2.0,2.0,1.0,7226,1.4137702735972755,1.3876770107596232,182,182,1,0,False
A0-B0-C0-r8,20261588,1,2000,4.0,4.0,4.0,4.0,1.0,17780,1.4510738892968802,1.424490940503186,2000,2000,1,0,False
A0-B0-C0-r8,20261588,2,1041,3.0,3.0,3.0,3.0,1.0,16594,1.4510738892968802,1.424490940503186,1041,1041,1,0,False
A0-B0-C0-r8,20261588,4,554,3.0,3.0,3.0,3.0,1.0,15332,1.4510738892968802,1.424490940503186,554,554,1,0,False
A0-B0-C0-r8,20261588,8,296,2.0,2.0,2.3333333333333335,2.3333333333333335,1.0,12647,1.4510738892968802,1.424490940503186,296,296,1,0,False
A0-B0-C0-r8,20261588,16,190,2.0,2.0,2.0,2.0,1.0,7277,1.4510738892968802,1.424490940503186,190,190,1,0,False
A0-B0-C0-r9,20261685,1,2000,4.0,4.0,4.0,4.0,1.0,20047,2.085494677551201,1.5632672249917285,2000,2000,1,0,False
A0-B0-C0-r9,20261685,2,1029,3.0,3.0,3.0,3.0,1.0,18822,2.085494677551201,1.5632672249917285,1029,1029,1,0,False
A0-B0-C0-r9,20261685,4,544,3.0,3.0,3.0,3.0,1.0,17289,2.085494677551201,1.5632672249917285,544,544,1,0,False
A0-B0-C0-r9,20261685,8,303,2.0,2.0,2.0,2.0,1.0,14088,2.085494677551201,1.5632672249917285,303,303,1,0,False
A0-B0-C0-r9,20261685,16,167,2.0,2.0,2.0,2.0,1.0,7541,2.085494677551201,1.5632672249917285,167,167,1,0,False
A0-B0-C0-r10,20261782,1,2000,4.0,4.0,4.0,4.0,1.0,17380,1.9459255422540895,1.4603579403536682,2000,2000,1,0,False
A0-B0-C0-r10,20261782,2,1034,3.0,3.0,3.0,3.0,1.0,16171,1.9459255422540895,1.4603579403536682,1034,1034,1,0,False
A0-B0-C0-r10,20261782,4,553,3.0,3.0,3.0,3.0,1.0,14973,1.9459255422540895,1.4603579403536682,553,553,1,0,False
A0-B0-C0-r10,20261782,8,298,2.0,2.0,2.3333333333333335,2.3333333333333335,1.0,12240,1.9459255422540895,1.4603579403536682,298,298,1,0,False
A0-B0-C0-r10,20261782,16,183,2.0,2.0,2.0,2.0,1.0,7230,1.9459255422540895,1.4603579403536682,183,183,1,0,False
A0-B0-C0-r11,20261879,1,2000,5.0,5.0,4.0,4.0,1.0,14805,1.8134650792600542,1.5188170768593146,2000,2000,1,0,False
A0-B0-C0-r11,20261879,2,1049,3.0,3.0,3.3333333333333335,3.3333333333333335,1.0,13665,1.8134650792600542,1.5188170768593146,1049,1049,1,0,False
A0-B0-C0-r11,20261879,4,560,3.0,3.0,3.0,3.0,1.0,12598,1.8134650792600542,1.5188170768593146,560,560,1,0,False
A0-B0-C0-r11,20261879,8,314,3.0,3.0,3.0,3.0,1.0,10603,1.8134650792600542,1.5188170768593146,314,314,1,0,False
A0-B0-C0-r11,20261879,16,187,2.0,2.0,2.0,2.0,1.0,6483,1.8134650792600542,1.5188170768593146,187,187,1,0,False
A0-B0-C0-r12,20261976,1,2000,5.0,5.0,5.0,5.0,1.0,11201,1.60793755327883,1.461222406498542,2000,2000,1,0,False
A0-B0-C0-r12,20261976,2,1066,4.0,4.0,4.0,4.0,1.0,10131,1.60793755327883,1.461222406498542,1066,1066,1,0,False
A0-B0-C0-r12,20261976,4,591,3.0,3.0,3.3333333333333335,3.3333333333333335,1.0,9224,1.60793755327883,1.461222406498542,591,591,1,0,False
A0-B0-C0-r12,20261976,8,339,3.0,3.0,3.0,3.0,1.0,7760,1.60793755327883,1.461222406498542,339,339,1,0,False
A0-B0-C0-r12,20261976,16,204,3.0,3.0,2.0,2.0,1.0,5067,1.60793755327883,1.461222406498542,204,204,1,0,False
A0-B0-C0-r13,20262073,1,2000,5.0,5.0,5.0,5.0,1.0,10766,1.5644892155542078,1.451388277630133,2000,2000,1,0,False
A0-B0-C0-r13,20262073,2,1057,4.0,4.0,4.0,4.0,1.0,9703,1.5644892155542078,1.451388277630133,1057,1057,1,0,False
A0-B0-C0-r13,20262073,4,581,4.0,4.0,3.0,3.0,1.0,8802,1.5644892155542078,1.451388277630133,581,581,1,0,False
A0-B0-C0-r13,20262073,8,339,4.0,4.0,3.3333333333333335,3.3333333333333335,1.0,7460,1.5644892155542078,1.451388277630133,339,339,1,0,False
A0-B0-C0-r13,20262073,16,217,3.0,3.0,2.3333333333333335,2.3333333333333335,1.0,5002,1.5644892155542078,1.451388277630133,217,217,1,0,False
A0-B0-C0-r14,20262170,1,2000,6.0,6.0,5.666666666666667,5.666666666666667,1.0,8958,1.3054938852475246,1.5662492784166253,2000,2000,1,0,False
A0-B0-C0-r14,20262170,2,1073,5.0,5.0,4.333333333333333,4.333333333333333,1.0,7896,1.3054938852475246,1.5662492784166253,1073,1073,1,0,False
A0-B0-C0-r14,20262170,4,588,5.0,5.0,3.3333333333333335,3.3333333333333335,1.0,7165,1.3054938852475246,1.5662492784166253,588,588,1,0,False
A0-B0-C0-r14,20262170,8,356,4.0,4.0,3.3333333333333335,3.3333333333333335,1.0,6017,1.3054938852475246,1.5662492784166253,356,356,1,0,False
A0-B0-C0-r14,20262170,16,234,3.0,3.0,3.3333333333333335,3.3333333333333335,1.0,4189,1.3054938852475246,1.5662492784166253,234,234,1,0,False
A0-B0-C0-r15,20262267,1,2000,4.0,4.0,4.0,4.0,1.0,18846,2.0887376223932868,1.4786162067271307,2000,2000,1,0,False
A0-B0-C0-r15,20262267,2,1038,3.0,3.0,3.0,3.0,1.0,17640,2.0887376223932868,1.4786162067271307,1038,1038,1,0,False
A0-B0-C0-r15,20262267,4,550,3.0,3.0,3.0,3.0,1.0,16234,2.0887376223932868,1.4786162067271307,550,550,1,0,False
A0-B0-C0-r15,20262267,8,289,2.0,2.0,2.3333333333333335,2.3333333333333335,1.0,13230,2.0887376223932868,1.4786162067271307,289,289,1,0,False
A0-B0-C0-r15,20262267,16,170,2.0,2.0,2.0,2.0,1.0,7454,2.0887376223932868,1.4786162067271307,170,170,1,0,False
A0-B0-C0-r16,20262364,1,2000,4.0,4.0,4.0,4.0,1.0,19224,2.1062944974837294,1.5085745339914125,2000,2000,1,0,False
A0-B0-C0-r16,20262364,2,1035,3.0,3.0,3.0,3.0,1.0,17994,2.1062944974837294,1.5085745339914125,1035,1035,1,0,False
A0-B0-C0-r16,20262364,4,548,3.0,3.0,3.0,3.0,1.0,16601,2.1062944974837294,1.5085745339914125,548,548,1,0,False
A0-B0-C0-r16,20262364,8,304,2.0,2.0,2.3333333333333335,2.3333333333333335,1.0,13642,2.1062944974837294,1.5085745339914125,304,304,1,0,False
A0-B0-C0-r16,20262364,16,180,2.0,2.0,2.0,2.0,1.0,7674,2.1062944974837294,1.5085745339914125,180,180,1,0,False
A0-B0-C0-r17,20262461,1,2000,4.0,4.0,4.0,4.0,1.0,20622,1.8467758229707596,1.5214840147444095,2000,2000,1,0,False
A0-B0-C0-r17,20262461,2,1035,3.0,3.0,3.0,3.0,1.0,19376,1.8467758229707596,1.5214840147444095,1035,1035,1,0,False
A0-B0-C0-r17,20262461,4,542,3.0,3.0,3.0,3.0,1.0,17866,1.8467758229707596,1.5214840147444095,542,542,1,0,False
A0-B0-C0-r17,20262461,8,294,2.0,2.0,2.0,2.0,1.0,14365,1.8467758229707596,1.5214840147444095,294,294,1,0,False
A0-B0-C0-r17,20262461,16,173,2.0,2.0,2.0,2.0,1.0,7649,1.8467758229707596,1.5214840147444095,173,173,1,0,False
A0-B0-C0-r18,20262558,1,2000,4.0,4.0,4.0,4.0,1.0,16196,1.7788438972678395,1.4923217328714582,2000,2000,1,0,False
A0-B0-C0-r18,20262558,2,1043,3.0,3.0,3.0,3.0,1.0,15018,1.7788438972678395,1.4923217328714582,1043,1043,1,0,False
A0-B0-C0-r18,20262558,4,551,3.0,3.0,3.0,3.0,1.0,13872,1.7788438972678395,1.4923217328714582,551,551,1,0,False
A0-B0-C0-r18,20262558,8,301,3.0,3.0,2.3333333333333335,2.3333333333333335,1.0,11497,1.7788438972678395,1.4923217328714582,301,301,1,0,False
A0-B0-C0-r18,20262558,16,185,2.0,2.0,2.0,2.0,1.0,6913,1.7788438972678395,1.4923217328714582,185,185,1,0,False
A0-B0-C0-r19,20262655,1,2000,4.0,4.0,4.0,4.0,1.0,18816,1.4498080991085494,1.3953972291783696,2000,2000,1,0,False
A0-B0-C0-r19,20262655,2,1040,3.0,3.0,3.0,3.0,1.0,17588,1.4498080991085494,1.3953972291783696,1040,1040,1,0,False
A0-B0-C0-r19,20262655,4,541,3.0,3.0,3.0,3.0,1.0,16216,1.4498080991085494,1.3953972291783696,541,541,1,0,False
A0-B0-C0-r19,20262655,8,300,2.0,2.0,2.0,2.0,1.0,13334,1.4498080991085494,1.3953972291783696,300,300,1,0,False
A0-B0-C0-r19,20262655,16,164,2.0,2.0,2.0,2.0,1.0,7468,1.4498080991085494,1.3953972291783696,164,164,1,0,False
A0-B0-C0-r20,20262752,1,2000,5.0,5.0,4.0,4.0,1.0,13886,1.958586317076332,1.5483101085052058,2000,2000,1,0,False
A0-B0-C0-r20,20262752,2,1052,4.0,4.0,3.0,3.0,1.0,12744,1.958586317076332,1.5483101085052058,1052,1052,1,0,False
A0-B0-C0-r20,20262752,4,562,3.0,3.0,3.0,3.0,1.0,11687,1.958586317076332,1.5483101085052058,562,562,1,0,False
A0-B0-C0-r20,20262752,8,315,3.0,3.0,3.0,3.0,1.0,9762,1.958586317076332,1.5483101085052058,315,315,1,0,False
A0-B0-C0-r20,20262752,16,201,2.0,2.0,2.0,2.0,1.0,6324,1.958586317076332,1.5483101085052058,201,201,1,0,False
A0-B0-C0-r21,20262849,1,2000,6.0,6.0,5.666666666666667,5.666666666666667,1.0,10010,1.2796078499935597,1.4780123240531335,2000,2000,1,0,False
A0-B0-C0-r21,20262849,2,1062,5.0,5.0,4.333333333333333,4.333333333333333,1.0,8938,1.2796078499935597,1.4780123240531335,1062,1062,1,0,False
A0-B0-C0-r21,20262849,4,580,5.0,5.0,3.3333333333333335,3.3333333333333335,1.0,8133,1.2796078499935597,1.4780123240531335,580,580,1,0,False
A0-B0-C0-r21,20262849,8,343,4.0,4.0,3.0,3.0,1.0,6902,1.2796078499935597,1.4780123240531335,343,343,1,0,False
A0-B0-C0-r21,20262849,16,228,3.0,3.0,3.0,3.0,1.0,4582,1.2796078499935597,1.4780123240531335,228,228,1,0,False
A0-B0-C0-r22,20262946,1,2000,6.0,6.0,5.333333333333333,5.333333333333333,1.0,9112,1.2204670229422498,1.434935475551375,2000,2000,1,0,False
A0-B0-C0-r22,20262946,2,1079,5.0,5.0,4.333333333333333,4.333333333333333,1.0,8095,1.2204670229422498,1.434935475551375,1079,1079,1,0,False
A0-B0-C0-r22,20262946,4,604,5.0,5.0,3.6666666666666665,3.6666666666666665,1.0,7290,1.2204670229422498,1.434935475551375,604,604,1,0,False
A0-B0-C0-r22,20262946,8,363,4.0,4.0,3.3333333333333335,3.3333333333333335,1.0,6159,1.2204670229422498,1.434935475551375,363,363,1,0,False
A0-B0-C0-r22,20262946,16,222,4.0,4.0,3.0,3.0,1.0,4153,1.2204670229422498,1.434935475551375,222,222,1,0,False
A0-B0-C0-r23,20263043,1,2000,4.0,4.0,4.0,4.0,1.0,20173,2.1128693653632618,1.474478562000007,2000,2000,1,0,False
A0-B0-C0-r23,20263043,2,1034,3.0,3.0,3.0,3.0,1.0,18947,2.1128693653632618,1.474478562000007,1034,1034,1,0,False
A0-B0-C0-r23,20263043,4,549,3.0,3.0,3.0,3.0,1.0,17506,2.1128693653632618,1.474478562000007,549,549,1,0,False
A0-B0-C0-r23,20263043,8,298,2.0,2.0,2.0,2.0,1.0,14165,2.1128693653632618,1.474478562000007,298,298,1,0,False
A0-B0-C0-r23,20263043,16,173,2.0,2.0,2.0,2.0,1.0,7667,2.1128693653632618,1.474478562000007,173,173,1,0,False
A0-B0-C0-r24,20263140,1,2000,4.0,4.0,4.0,4.0,1.0,16343,1.972176835124025,1.5237234029547349,2000,2000,1,0,False
A0-B0-C0-r24,20263140,2,1040,3.0,3.0,3.0,3.0,1.0,15185,1.972176835124025,1.5237234029547349,1040,1040,1,0,False
A0-B0-C0-r24,20263140,4,562,3.0,3.0,3.0,3.0,1.0,13999,1.972176835124025,1.5237234029547349,562,562,1,0,False
A0-B0-C0-r24,20263140,8,302,3.0,3.0,2.6666666666666665,2.6666666666666665,1.0,11524,1.972176835124025,1.5237234029547349,302,302,1,0,False
A0-B0-C0-r24,20263140,16,192,2.0,2.0,2.0,2.0,1.0,7150,1.972176835124025,1.5237234029547349,192,192,1,0,False
A0-B0-C0-r25,20263237,1,2000,4.0,4.0,4.0,4.0,1.0,19113,1.801905304637322,1.4935255684651114,2000,2000,1,0,False
A0-B0-C0-r25,20263237,2,1033,3.0,3.0,3.0,3.0,1.0,17889,1.801905304637322,1.4935255684651114,1033,1033,1,0,False
A0-B0-C0-r25,20263237,4,545,3.0,3.0,3.0,3.0,1.0,16493,1.801905304637322,1.4935255684651114,545,545,1,0,False
A0-B0-C0-r25,20263237,8,297,2.0,2.0,2.0,2.0,1.0,13458,1.801905304637322,1.4935255684651114,297,297,1,0,False
A0-B0-C0-r25,20263237,16,178,2.0,2.0,2.0,2.0,1.0,7556,1.801905304637322,1.4935255684651114,178,178,1,0,False
A0-B0-C0-r26,20263334,1,2000,6.0,6.0,5.666666666666667,5.666666666666667,1.0,9510,0.9109426183891323,1.3557630867116626,2000,2000,1,0,False
A0-B0-C0-r26,20263334,2,1081,4.0,4.0,4.0,4.0,1.0,8476,0.9109426183891323,1.3557630867116626,1081,1081,1,0,False
A0-B0-C0-r26,20263334,4,588,4.0,4.0,3.3333333333333335,3.3333333333333335,1.0,7676,0.9109426183891323,1.3557630867116626,588,588,1,0,False
A0-B0-C0-r26,20263334,8,346,4.0,4.0,3.6666666666666665,3.6666666666666665,1.0,6466,0.9109426183891323,1.3557630867116626,346,346,1,0,False
A0-B0-C0-r26,20263334,16,220,3.0,3.0,3.3333333333333335,3.3333333333333335,1.0,4400,0.9109426183891323,1.3557630867116626,220,220,1,0,False
A0-B0-C0-r27,20263431,1,2000,6.0,6.0,5.0,5.0,0.9995,9616,1.7999443618839106,1.4941871459765537,1999,1999,1,1,False
A0-B0-C0-r27,20263431,2,1066,4.0,4.0,4.333333333333333,4.333333333333333,0.99906191369606,8574,1.7999443618839106,1.4941871459765537,1065,1065,1,1,False
A0-B0-C0-r27,20263431,4,591,5.0,5.0,3.0,3.0,0.9983079526226735,7787,1.7999443618839106,1.4941871459765537,590,590,1,1,False
A0-B0-C0-r27,20263431,8,348,4.0,4.0,3.0,3.0,0.9971264367816092,6591,1.7999443618839106,1.4941871459765537,347,347,1,1,False
A0-B0-C0-r27,20263431,16,228,4.0,4.0,3.0,3.0,0.9956140350877193,4513,1.7999443618839106,1.4941871459765537,227,227,1,1,False
A0-B0-C0-r28,20263528,1,2000,6.0,6.0,5.666666666666667,5.666666666666667,1.0,10168,1.7683291174754028,1.4553048567295919,2000,2000,1,0,False
A0-B0-C0-r28,20263528,2,1065,5.0,5.0,4.0,4.0,1.0,9120,1.7683291174754028,1.4553048567295919,1065,1065,1,0,False
A0-B0-C0-r28,20263528,4,599,3.0,3.0,3.6666666666666665,3.6666666666666665,1.0,8267,1.7683291174754028,1.4553048567295919,599,599,1,0,False
A0-B0-C0-r28,20263528,8,349,3.0,3.0,3.0,3.0,1.0,7010,1.7683291174754028,1.4553048567295919,349,349,1,0,False
A0-B0-C0-r28,20263528,16,223,3.0,3.0,2.6666666666666665,2.6666666666666665,1.0,4643,1.7683291174754028,1.4553048567295919,223,223,1,0,False
A0-B0-C0-r29,20263625,1,2000,5.0,5.0,5.0,5.0,1.0,11602,1.683773834350427,1.5532124347423104,2000,2000,1,0,False
A0-B0-C0-r29,20263625,2,1058,4.0,4.0,4.0,4.0,1.0,10507,1.683773834350427,1.5532124347423104,1058,1058,1,0,False
A0-B0-C0-r29,20263625,4,572,3.0,3.0,3.6666666666666665,3.6666666666666665,1.0,9572,1.683773834350427,1.5532124347423104,572,572,1,0,False
A0-B0-C0-r29,20263625,8,334,3.0,3.0,3.3333333333333335,3.3333333333333335,1.0,8089,1.683773834350427,1.5532124347423104,334,334,1,0,False
A0-B0-C0-r29,20263625,16,201,3.0,3.0,2.6666666666666665,2.6666666666666665,1.0,5394,1.683773834350427,1.5532124347423104,201,201,1,0,False
A0-B0-C0-r30,20263722,1,2000,4.0,4.0,4.0,4.0,1.0,20134,2.1176384199900653,1.5133042703349766,2000,2000,1,0,False
A0-B0-C0-r30,20263722,2,1034,3.0,3.0,3.0,3.0,1.0,18903,2.1176384199900653,1.5133042703349766,1034,1034,1,0,False
A0-B0-C0-r30,20263722,4,539,3.0,3.0,3.0,3.0,1.0,17413,2.1176384199900653,1.5133042703349766,539,539,1,0,False
A0-B0-C0-r30,20263722,8,295,2.0,2.0,2.0,2.0,1.0,14138,2.1176384199900653,1.5133042703349766,295,295,1,0,False
A0-B0-C0-r30,20263722,16,168,2.0,2.0,2.0,2.0,1.0,7679,2.1176384199900653,1.5133042703349766,168,168,1,0,False
A0-B0-C0-r31,20263819,1,2000,4.0,4.0,4.0,4.0,1.0,18427,1.9115667989605032,1.486840952038596,2000,2000,1,0,False
A0-B0-C0-r31,20263819,2,1038,3.0,3.0,3.0,3.0,1.0,17192,1.9115667989605032,1.486840952038596,1038,1038,1,0,False
A0-B0-C0-r31,20263819,4,549,3.0,3.0,3.0,3.0,1.0,15899,1.9115667989605032,1.486840952038596,549,549,1,0,False
A0-B0-C0-r31,20263819,8,293,2.0,2.0,2.0,2.0,1.0,13023,1.9115667989605032,1.486840952038596,293,293,1,0,False
A0-B0-C0-r31,20263819,16,182,2.0,2.0,2.0,2.0,1.0,7469,1.9115667989605032,1.486840952038596,182,182,1,0,False
A0-B0-C0-r32,20263916,1,2000,5.0,5.0,4.333333333333333,4.333333333333333,1.0,14520,1.7094868796231397,1.500305501851357,2000,2000,1,0,False
A0-B0-C0-r32,20263916,2,1053,4.0,4.0,3.3333333333333335,3.3333333333333335,1.0,13413,1.7094868796231397,1.500305501851357,1053,1053,1,0,False
A0-B0-C0-r32,20263916,4,561,3.0,3.0,3.3333333333333335,3.3333333333333335,1.0,12290,1.7094868796231397,1.500305501851357,561,561,1,0,False
A0-B0-C0-r32,20263916,8,320,3.0,3.0,3.0,3.0,1.0,10386,1.7094868796231397,1.500305501851357,320,320,1,0,False
A0-B0-C0-r32,20263916,16,183,2.0,2.0,2.0,2.0,1.0,6406,1.7094868796231397,1.500305501851357,183,183,1,0,False
A0-B0-C0-r33,20264013,1,2000,4.0,4.0,4.0,4.0,1.0,16011,2.021942884132092,1.553944164477676,2000,2000,1,0,False
A0-B0-C0-r33,20264013,2,1045,3.0,3.0,3.0,3.0,1.0,14842,2.021942884132092,1.553944164477676,1045,1045,1,0,False
A0-B0-C0-r33,20264013,4,565,3.0,3.0,3.0,3.0,1.0,13676,2.021942884132092,1.553944164477676,565,565,1,0,False
A0-B0-C0-r33,20264013,8,310,2.0,2.0,2.3333333333333335,2.3333333333333335,1.0,11407,2.021942884132092,1.553944164477676,310,310,1,0,False
A0-B0-C0-r33,20264013,16,201,2.0,2.0,2.0,2.0,1.0,7018,2.021942884132092,1.553944164477676,201,201,1,0,False
A0-B0-C0-r34,20264110,1,2000,4.0,4.0,4.333333333333333,4.333333333333333,1.0,15053,1.9155017887979267,1.4687503674197349,2000,2000,1,0,False
A0-B0-C0-r34,20264110,2,1050,3.0,3.0,3.3333333333333335,3.3333333333333335,1.0,13918,1.9155017887979267,1.4687503674197349,1050,1050,1,0,False
A0-B0-C0-r34,20264110,4,562,3.0,3.0,3.0,3.0,1.0,12839,1.9155017887979267,1.4687503674197349,562,562,1,0,False
A0-B0-C0-r34,20264110,8,315,2.0,2.0,2.6666666666666665,2.6666666666666665,1.0,10812,1.9155017887979267,1.4687503674197349,315,315,1,0,False
A0-B0-C0-r34,20264110,16,188,2.0,2.0,2.0,2.0,1.0,6638,1.9155017887979267,1.4687503674197349,188,188,1,0,False
A0-B0-C0-r35,20264207,1,2000,4.0,4.0,4.0,4.0,1.0,18628,2.0465510194264893,1.4865719897630278,2000,2000,1,0,False
A0-B0-C0-r35,20264207,2,1033,3.0,3.0,3.0,3.0,1.0,17413,2.0465510194264893,1.4865719897630278,1033,1033,1,0,False
A0-B0-C0-r35,20264207,4,553,3.0,3.0,3.0,3.0,1.0,16160,2.0465510194264893,1.4865719897630278,553,553,1,0,False
A0-B0-C0-r35,20264207,8,306,2.0,2.0,2.0,2.0,1.0,13196,2.0465510194264893,1.4865719897630278,306,306,1,0,False
A0-B0-C0-r35,20264207,16,182,2.0,2.0,2.0,2.0,1.0,7496,2.0465510194264893,1.4865719897630278,182,182,1,0,False
A0-B0-C0-r36,20264304,1,2000,6.0,6.0,5.333333333333333,5.333333333333333,1.0,10163,1.33559004004926,1.5049824814220845,2000,2000,1,0,False
A0-B0-C0-r36,20264304,2,1070,4.0,4.0,4.333333333333333,4.333333333333333,1.0,9114,1.33559004004926,1.5049824814220845,1070,1070,1,0,False
A0-B0-C0-r36,20264304,4,588,4.0,4.0,3.3333333333333335,3.3333333333333335,1.0,8283,1.33559004004926,1.5049824814220845,588,588,1,0,False
A0-B0-C0-r36,20264304,8,343,4.0,4.0,3.3333333333333335,3.3333333333333335,1.0,7017,1.33559004004926,1.5049824814220845,343,343,1,0,False
A0-B0-C0-r36,20264304,16,217,3.0,3.0,2.3333333333333335,2.3333333333333335,1.0,4779,1.33559004004926,1.5049824814220845,217,217,1,0,False
A0-B0-C0-r37,20264401,1,2000,5.0,5.0,4.333333333333333,4.333333333333333,1.0,12504,1.4935968759188571,1.4856002307006853,2000,2000,1,0,False
A0-B0-C0-r37,20264401,2,1055,4.0,4.0,4.0,4.0,1.0,11394,1.4935968759188571,1.4856002307006853,1055,1055,1,0,False
A0-B0-C0-r37,20264401,4,586,3.0,3.0,3.3333333333333335,3.3333333333333335,1.0,10452,1.4935968759188571,1.4856002307006853,586,586,1,0,False
A0-B0-C0-r37,20264401,8,333,4.0,4.0,3.0,3.0,1.0,8928,1.4935968759188571,1.4856002307006853,333,333,1,0,False
A0-B0-C0-r37,20264401,16,199,2.0,2.0,2.3333333333333335,2.3333333333333335,1.0,5741,1.4935968759188571,1.4856002307006853,199,199,1,0,False
A0-B0-C0-r38,20264498,1,2000,4.0,4.0,4.0,4.0,1.0,16631,1.873960332143467,1.5286796480566196,2000,2000,1,0,False
A0-B0-C0-r38,20264498,2,1037,3.0,3.0,3.0,3.0,1.0,15450,1.873960332143467,1.5286796480566196,1037,1037,1,0,False
A0-B0-C0-r38,20264498,4,562,3.0,3.0,3.0,3.0,1.0,14299,1.873960332143467,1.5286796480566196,562,562,1,0,False
A0-B0-C0-r38,20264498,8,314,2.0,2.0,2.3333333333333335,2.3333333333333335,1.0,11892,1.873960332143467,1.5286796480566196,314,314,1,0,False
A0-B0-C0-r38,20264498,16,182,2.0,2.0,2.0,2.0,1.0,7067,1.873960332143467,1.5286796480566196,182,182,1,0,False
A0-B0-C0-r39,20264595,1,2000,4.0,4.0,4.0,4.0,1.0,18009,1.9708782385439687,1.48473106143212,2000,2000,1,0,False
A0-B0-C0-r39,20264595,2,1040,3.0,3.0,3.0,3.0,1.0,16794,1.9708782385439687,1.48473106143212,1040,1040,1,0,False
A0-B0-C0-r39,20264595,4,547,3.0,3.0,3.0,3.0,1.0,15494,1.9708782385439687,1.48473106143212,547,547,1,0,False
A0-B0-C0-r39,20264595,8,294,2.0,2.0,2.3333333333333335,2.3333333333333335,1.0,12723,1.9708782385439687,1.48473106143212,294,294,1,0,False
A0-B0-C0-r39,20264595,16,173,2.0,2.0,2.0,2.0,1.0,7282,1.9708782385439687,1.48473106143212,173,173,1,0,False
A0-B0-C0-r40,20264692,1,2000,6.0,6.0,5.0,5.0,1.0,9861,1.2929101585224805,1.5255759751833733,2000,2000,1,0,False
A0-B0-C0-r40,20264692,2,1068,5.0,5.0,4.0,4.0,1.0,8799,1.2929101585224805,1.5255759751833733,1068,1068,1,0,False
A0-B0-C0-r40,20264692,4,585,4.0,4.0,3.3333333333333335,3.3333333333333335,1.0,8009,1.2929101585224805,1.5255759751833733,585,585,1,0,False
A0-B0-C0-r40,20264692,8,344,3.0,3.0,3.6666666666666665,3.6666666666666665,1.0,6743,1.2929101585224805,1.5255759751833733,344,344,1,0,False
A0-B0-C0-r40,20264692,16,208,3.0,3.0,3.0,3.0,1.0,4484,1.2929101585224805,1.5255759751833733,208,208,1,0,False
A0-B0-C0-r41,20264789,1,2000,5.0,5.0,4.0,4.0,1.0,13842,2.1356430116989684,1.5232854656212218,2000,2000,1,0,False
A0-B0-C0-r41,20264789,2,1045,3.0,3.0,3.3333333333333335,3.3333333333333335,1.0,12702,2.1356430116989684,1.5232854656212218,1045,1045,1,0,False
A0-B0-C0-r41,20264789,4,570,3.0,3.0,3.0,3.0,1.0,11676,2.1356430116989684,1.5232854656212218,570,570,1,0,False
A0-B0-C0-r41,20264789,8,323,3.0,3.0,3.0,3.0,1.0,9862,2.1356430116989684,1.5232854656212218,323,323,1,0,False
A0-B0-C0-r41,20264789,16,191,2.0,2.0,2.0,2.0,1.0,6234,2.1356430116989684,1.5232854656212218,191,191,1,0,False
A0-B0-C0-r42,20264886,1,2000,4.0,4.0,4.666666666666667,4.666666666666667,1.0,14331,1.9217725245052504,1.5524263979525308,2000,2000,1,0,False
A0-B0-C0-r42,20264886,2,1047,3.0,3.0,3.3333333333333335,3.3333333333333335,1.0,13216,1.9217725245052504,1.5524263979525308,1047,1047,1,0,False
A0-B0-C0-r42,20264886,4,574,3.0,3.0,3.0,3.0,1.0,12143,1.9217725245052504,1.5524263979525308,574,574,1,0,False
A0-B0-C0-r42,20264886,8,318,3.0,3.0,2.6666666666666665,2.6666666666666665,1.0,10201,1.9217725245052504,1.5524263979525308,318,318,1,0,False
A0-B0-C0-r42,20264886,16,196,2.0,2.0,2.0,2.0,1.0,6495,1.9217725245052504,1.5524263979525308,196,196,1,0,False
A0-B0-C0-r43,20264983,1,2000,4.0,4.0,4.0,4.0,1.0,16932,1.937902523799561,1.5637119548339202,2000,2000,1,0,False
A0-B0-C0-r43,20264983,2,1037,3.0,3.0,3.3333333333333335,3.3333333333333335,1.0,15751,1.937902523799561,1.5637119548339202,1037,1037,1,0,False
A0-B0-C0-r43,20264983,4,555,3.0,3.0,3.0,3.0,1.0,14517,1.937902523799561,1.5637119548339202,555,555,1,0,False
A0-B0-C0-r43,20264983,8,314,3.0,3.0,2.3333333333333335,2.3333333333333335,1.0,12074,1.937902523799561,1.5637119548339202,314,314,1,0,False
A0-B0-C0-r43,20264983,16,174,2.0,2.0,2.0,2.0,1.0,7077,1.937902523799561,1.5637119548339202,174,174,1,0,False
A0-B0-C0-r44,20265080,1,2000,4.0,4.0,4.0,4.0,1.0,20432,2.0772467727383335,1.4921951313221113,2000,2000,1,0,False
A0-B0-C0-r44,20265080,2,1033,3.0,3.0,3.0,3.0,1.0,19167,2.0772467727383335,1.4921951313221113,1033,1033,1,0,False
A0-B0-C0-r44,20265080,4,552,3.0,3.0,3.0,3.0,1.0,17724,2.0772467727383335,1.4921951313221113,552,552,1,0,False
A0-B0-C0-r44,20265080,8,298,2.0,2.0,2.0,2.0,1.0,14318,2.0772467727383335,1.4921951313221113,298,298,1,0,False
A0-B0-C0-r44,20265080,16,171,2.0,2.0,2.0,2.0,1.0,7603,2.0772467727383335,1.4921951313221113,171,171,1,0,False
A0-B0-C0-r45,20265177,1,2000,4.0,4.0,4.0,4.0,1.0,16358,2.036165004230531,1.4642500766010604,2000,2000,1,0,False
A0-B0-C0-r45,20265177,2,1038,3.0,3.0,3.3333333333333335,3.3333333333333335,1.0,15191,2.036165004230531,1.4642500766010604,1038,1038,1,0,False
A0-B0-C0-r45,20265177,4,555,3.0,3.0,3.0,3.0,1.0,13991,2.036165004230531,1.4642500766010604,555,555,1,0,False
A0-B0-C0-r45,20265177,8,309,3.0,3.0,2.3333333333333335,2.3333333333333335,1.0,11663,2.036165004230531,1.4642500766010604,309,309,1,0,False
A0-B0-C0-r45,20265177,16,185,2.0,2.0,2.0,2.0,1.0,6982,2.036165004230531,1.4642500766010604,185,185,1,0,False
A0-B0-C0-r46,20265274,1,2000,4.0,4.0,4.0,4.0,1.0,19376,2.1229858721278063,1.5518772908161254,2000,2000,1,0,False
A0-B0-C0-r46,20265274,2,1032,3.0,3.0,3.0,3.0,1.0,18132,2.1229858721278063,1.5518772908161254,1032,1032,1,0,False
A0-B0-C0-r46,20265274,4,543,3.0,3.0,3.0,3.0,1.0,16766,2.1229858721278063,1.5518772908161254,543,543,1,0,False
A0-B0-C0-r46,20265274,8,290,2.0,2.0,2.0,2.0,1.0,13690,2.1229858721278063,1.5518772908161254,290,290,1,0,False
A0-B0-C0-r46,20265274,16,175,2.0,2.0,2.0,2.0,1.0,7430,2.1229858721278063,1.5518772908161254,175,175,1,0,False
A0-B0-C0-r47,20265371,1,2000,4.0,4.0,4.0,4.0,1.0,18872,1.8109031952761308,1.5215067814980934,2000,2000,1,0,False
A0-B0-C0-r47,20265371,2,1027,3.0,3.0,3.0,3.0,1.0,17623,1.8109031952761308,1.5215067814980934,1027,1027,1,0,False
A0-B0-C0-r47,20265371,4,547,3.0,3.0,3.0,3.0,1.0,16311,1.8109031952761308,1.5215067814980934,547,547,1,0,False
A0-B0-C0-r47,20265371,8,312,2.0,2.0,2.0,2.0,1.0,13458,1.8109031952761308,1.5215067814980934,312,312,1,0,False
A0-B0-C0-r47,20265371,16,175,2.0,2.0,2.0,2.0,1.0,7496,1.8109031952761308,1.5215067814980934,175,175,1,0,False
A0-B0-C0-r48,20265468,1,2000,6.0,6.0,5.666666666666667,5.666666666666667,1.0,9070,1.3754954505023307,1.5299829329441823,2000,2000,1,0,False
A0-B0-C0-r48,20265468,2,1079,5.0,5.0,4.333333333333333,4.333333333333333,1.0,8037,1.3754954505023307,1.5299829329441823,1079,1079,1,0,False
A0-B0-C0-r48,20265468,4,595,4.0,4.0,3.3333333333333335,3.3333333333333335,1.0,7245,1.3754954505023307,1.5299829329441823,595,595,1,0,False
A0-B0-C0-r48,20265468,8,361,3.0,3.0,3.3333333333333335,3.3333333333333335,1.0,6140,1.3754954505023307,1.5299829329441823,361,361,1,0,False
A0-B0-C0-r48,20265468,16,243,4.0,4.0,3.0,3.0,1.0,4232,1.3754954505023307,1.5299829329441823,243,243,1,0,False
A0-B0-C0-r49,20265565,1,2000,6.0,6.0,5.0,5.0,1.0,9509,1.4573446110541688,1.4727112005230116,2000,2000,1,0,False
A0-B0-C0-r49,20265565,2,1070,5.0,5.0,4.0,4.0,1.0,8473,1.4573446110541688,1.4727112005230116,1070,1070,1,0,False
A0-B0-C0-r49,20265565,4,603,4.0,4.0,3.3333333333333335,3.3333333333333335,1.0,7652,1.4573446110541688,1.4727112005230116,603,603,1,0,False
A0-B0-C0-r49,20265565,8,351,3.0,3.0,3.3333333333333335,3.3333333333333335,1.0,6485,1.4573446110541688,1.4727112005230116,351,351,1,0,False
A0-B0-C0-r49,20265565,16,239,3.0,3.0,3.0,3.0,1.0,4434,1.4573446110541688,1.4727112005230116,239,239,1,0,False
A0-B0-C0-r50,20265662,1,2000,5.0,5.0,5.0,5.0,1.0,11427,1.4635761386641082,1.547215482812825,2000,2000,1,0,False
A0-B0-C0-r50,20265662,2,1061,4.0,4.0,4.0,4.0,1.0,10347,1.4635761386641082,1.547215482812825,1061,1061,1,0,False
A0-B0-C0-r50,20265662,4,576,3.0,3.0,3.3333333333333335,3.3333333333333335,1.0,9460,1.4635761386641082,1.547215482812825,576,576,1,0,False
A0-B0-C0-r50,20265662,8,341,3.0,3.0,3.0,3.0,1.0,8088,1.4635761386641082,1.547215482812825,341,341,1,0,False
A0-B0-C0-r50,20265662,16,203,3.0,3.0,2.0,2.0,1.0,5212,1.4635761386641082,1.547215482812825,203,203,1,0,False
A0-B0-C0-r51,20265759,1,2000,4.0,4.0,4.0,4.0,1.0,18447,1.9373547193964122,1.5602074251132765,2000,2000,1,0,False
A0-B0-C0-r51,20265759,2,1038,3.0,3.0,3.0,3.0,1.0,17245,1.9373547193964122,1.5602074251132765,1038,1038,1,0,False
A0-B0-C0-r51,20265759,4,550,3.0,3.0,3.0,3.0,1.0,15940,1.9373547193964122,1.5602074251132765,550,550,1,0,False
A0-B0-C0-r51,20265759,8,302,2.0,2.0,2.3333333333333335,2.3333333333333335,1.0,13111,1.9373547193964122,1.5602074251132765,302,302,1,0,False
A0-B0-C0-r51,20265759,16,175,2.0,2.0,2.0,2.0,1.0,7396,1.9373547193964122,1.5602074251132765,175,175,1,0,False
A0-B0-C0-r52,20265856,1,2000,5.0,5.0,5.0,5.0,1.0,11105,1.5563899876971996,1.5994469472623596,2000,2000,1,0,False
A0-B0-C0-r52,20265856,2,1054,4.0,4.0,4.0,4.0,1.0,10013,1.5563899876971996,1.5994469472623596,1054,1054,1,0,False
A0-B0-C0-r52,20265856,4,573,3.0,3.0,3.3333333333333335,3.3333333333333335,1.0,9127,1.5563899876971996,1.5994469472623596,573,573,1,0,False
A0-B0-C0-r52,20265856,8,337,3.0,3.0,3.0,3.0,1.0,7727,1.5563899876971996,1.5994469472623596,337,337,1,0,False
A0-B0-C0-r52,20265856,16,201,3.0,3.0,2.0,2.0,1.0,5027,1.5563899876971996,1.5994469472623596,201,201,1,0,False
A0-B0-C0-r53,20265953,1,2000,4.0,4.0,4.0,4.0,1.0,15570,1.956253139997172,1.4923528038792766,2000,2000,1,0,False
A0-B0-C0-r53,20265953,2,1046,3.0,3.0,3.0,3.0,1.0,14420,1.956253139997172,1.4923528038792766,1046,1046,1,0,False
A0-B0-C0-r53,20265953,4,566,3.0,3.0,3.0,3.0,1.0,13304,1.956253139997172,1.4923528038792766,566,566,1,0,False
A0-B0-C0-r53,20265953,8,319,3.0,3.0,3.0,3.0,1.0,11120,1.956253139997172,1.4923528038792766,319,319,1,0,False
A0-B0-C0-r53,20265953,16,179,2.0,2.0,2.0,2.0,1.0,6655,1.956253139997172,1.4923528038792766,179,179,1,0,False
A0-B0-C0-r54,20266050,1,2000,6.0,6.0,6.0,6.0,1.0,9105,0.8109401074914971,1.4939245786312858,2000,2000,1,0,False
A0-B0-C0-r54,20266050,2,1069,5.0,5.0,4.0,4.0,1.0,8060,0.8109401074914971,1.4939245786312858,1069,1069,1,0,False
A0-B0-C0-r54,20266050,4,594,4.0,4.0,3.3333333333333335,3.3333333333333335,1.0,7284,0.8109401074914971,1.4939245786312858,594,594,1,0,False
A0-B0-C0-r54,20266050,8,355,3.0,3.0,3.6666666666666665,3.6666666666666665,1.0,6156,0.8109401074914971,1.4939245786312858,355,355,1,0,False
A0-B0-C0-r54,20266050,16,231,4.0,4.0,3.0,3.0,1.0,4265,0.8109401074914971,1.4939245786312858,231,231,1,0,False
A0-B0-C0-r55,20266147,1,2000,4.0,4.0,4.0,4.0,1.0,19420,2.1025047960954075,1.5053134335967238,2000,2000,1,0,False
A0-B0-C0-r55,20266147,2,1033,3.0,3.0,3.0,3.0,1.0,18191,2.1025047960954075,1.5053134335967238,1033,1033,1,0,False
A0-B0-C0-r55,20266147,4,547,3.0,3.0,3.0,3.0,1.0,16750,2.1025047960954075,1.5053134335967238,547,547,1,0,False
A0-B0-C0-r55,20266147,8,303,2.0,2.0,2.3333333333333335,2.3333333333333335,1.0,13719,2.1025047960954075,1.5053134335967238,303,303,1,0,False
A0-B0-C0-r55,20266147,16,175,2.0,2.0,2.0,2.0,1.0,7563,2.1025047960954075,1.5053134335967238,175,175,1,0,False
A0-B0-C0-r56,20266244,1,2000,5.0,5.0,4.666666666666667,4.666666666666667,1.0,12912,1.6223509529725242,1.494378516781764,2000,2000,1,0,False
A0-B0-C0-r56,20266244,2,1054,4.0,4.0,4.0,4.0,1.0,11788,1.6223509529725242,1.494378516781764,1054,1054,1,0,False
A0-B0-C0-r56,20266244,4,559,3.0,3.0,3.0,3.0,1.0,10792,1.6223509529725242,1.494378516781764,559,559,1,0,False
A0-B0-C0-r56,20266244,8,331,3.0,3.0,3.0,3.0,1.0,9041,1.6223509529725242,1.494378516781764,331,331,1,0,False
A0-B0-C0-r56,20266244,16,185,2.0,2.0,2.0,2.0,1.0,5807,1.6223509529725242,1.494378516781764,185,185,1,0,False
A0-B0-C0-r57,20266341,1,2000,4.0,4.0,4.0,4.0,1.0,17307,1.9683372523210625,1.5072790270704108,2000,2000,1,0,False
A0-B0-C0-r57,20266341,2,1037,3.0,3.0,3.0,3.0,1.0,16115,1.9683372523210625,1.5072790270704108,1037,1037,1,0,False
A0-B0-C0-r57,20266341,4,549,3.0,3.0,3.0,3.0,1.0,14917,1.9683372523210625,1.5072790270704108,549,549,1,0,False
A0-B0-C0-r57,20266341,8,311,2.0,2.0,2.0,2.0,1.0,12366,1.9683372523210625,1.5072790270704108,311,311,1,0,False
A0-B0-C0-r57,20266341,16,195,2.0,2.0,2.0,2.0,1.0,7276,1.9683372523210625,1.5072790270704108,195,195,1,0,False
A0-B0-C0-r58,20266438,1,2000,4.0,4.0,4.0,4.0,1.0,14448,1.7217433420129176,1.4878393204566904,2000,2000,1,0,False
A0-B0-C0-r58,20266438,2,1047,3.0,3.0,3.6666666666666665,3.6666666666666665,1.0,13303,1.7217433420129176,1.4878393204566904,1047,1047,1,0,False
A0-B0-C0-r58,20266438,4,570,3.0,3.0,3.3333333333333335,3.3333333333333335,1.0,12271,1.7217433420129176,1.4878393204566904,570,570,1,0,False
A0-B0-C0-r58,20266438,8,322,3.0,3.0,3.0,3.0,1.0,10271,1.7217433420129176,1.4878393204566904,322,322,1,0,False
A0-B0-C0-r58,20266438,16,200,2.0,2.0,2.0,2.0,1.0,6497,1.7217433420129176,1.4878393204566904,200,200,1,0,False
A0-B0-C0-r59,20266535,1,2000,4.0,4.0,4.0,4.0,1.0,19757,1.4506463748033647,1.425737516821843,2000,2000,1,0,False
A0-B0-C0-r59,20266535,2,1035,3.0,3.0,3.0,3.0,1.0,18494,1.4506463748033647,1.425737516821843,1035,1035,1,0,False
A0-B0-C0-r59,20266535,4,545,3.0,3.0,3.0,3.0,1.0,17040,1.4506463748033647,1.425737516821843,545,545,1,0,False
A0-B0-C0-r59,20266535,8,294,2.0,2.0,2.3333333333333335,2.3333333333333335,1.0,13815,1.4506463748033647,1.425737516821843,294,294,1,0,False
A0-B0-C0-r59,20266535,16,176,2.0,2.0,2.0,2.0,1.0,7616,1.4506463748033647,1.425737516821843,176,176,1,0,False
A0-B0-C0-r60,20266632,1,2000,4.0,4.0,4.0,4.0,1.0,16614,2.0507096880838023,1.502112817570786,2000,2000,1,0,False
A0-B0-C0-r60,20266632,2,1032,3.0,3.0,3.0,3.0,1.0,15415,2.0507096880838023,1.502112817570786,1032,1032,1,0,False
A0-B0-C0-r60,20266632,4,554,3.0,3.0,3.0,3.0,1.0,14225,2.0507096880838023,1.502112817570786,554,554,1,0,False
A0-B0-C0-r60,20266632,8,305,2.0,2.0,2.3333333333333335,2.3333333333333335,1.0,11781,2.0507096880838023,1.502112817570786,305,305,1,0,False
A0-B0-C0-r60,20266632,16,181,2.0,2.0,2.0,2.0,1.0,7025,2.0507096880838023,1.502112817570786,181,181,1,0,False
A0-B0-C0-r61,20266729,1,2000,5.0,5.0,5.333333333333333,5.333333333333333,1.0,12289,1.6687982974071622,1.5392381353833493,2000,2000,1,0,False
A0-B0-C0-r61,20266729,2,1056,4.0,4.0,4.0,4.0,1.0,11189,1.6687982974071622,1.5392381353833493,1056,1056,1,0,False
A0-B0-C0-r61,20266729,4,573,3.0,3.0,3.0,3.0,1.0,10255,1.6687982974071622,1.5392381353833493,573,573,1,0,False
A0-B0-C0-r61,20266729,8,319,3.0,3.0,3.0,3.0,1.0,8599,1.6687982974071622,1.5392381353833493,319,319,1,0,False
A0-B0-C0-r61,20266729,16,217,3.0,3.0,2.0,2.0,1.0,5658,1.6687982974071622,1.5392381353833493,217,217,1,0,False
A0-B0-C0-r62,20266826,1,2000,7.0,7.0,5.0,5.0,1.0,9044,1.1845010199760306,1.501437256955264,2000,2000,1,0,False
A0-B0-C0-r62,20266826,2,1074,5.0,5.0,4.333333333333333,4.333333333333333,1.0,8006,1.1845010199760306,1.501437256955264,1074,1074,1,0,False
A0-B0-C0-r62,20266826,4,589,5.0,5.0,3.6666666666666665,3.6666666666666665,1.0,7194,1.1845010199760306,1.501437256955264,589,589,1,0,False
A0-B0-C0-r62,20266826,8,354,4.0,4.0,3.3333333333333335,3.3333333333333335,1.0,6103,1.1845010199760306,1.501437256955264,354,354,1,0,False
A0-B0-C0-r62,20266826,16,224,3.0,3.0,3.3333333333333335,3.3333333333333335,1.0,4215,1.1845010199760306,1.501437256955264,224,224,1,0,False
A0-B0-C0-r63,20266923,1,2000,4.0,4.0,4.0,4.0,1.0,16062,1.9280979164382124,1.5314205727581705,2000,2000,1,0,False
A0-B0-C0-r63,20266923,2,1048,3.0,3.0,3.0,3.0,1.0,14915,1.9280979164382124,1.5314205727581705,1048,1048,1,0,False
A0-B0-C0-r63,20266923,4,563,3.0,3.0,3.0,3.0,1.0,13775,1.9280979164382124,1.5314205727581705,563,563,1,0,False
A0-B0-C0-r63,20266923,8,316,2.0,2.0,3.0,3.0,1.0,11515,1.9280979164382124,1.5314205727581705,316,316,1,0,False
A0-B0-C0-r63,20266923,16,178,2.0,2.0,2.0,2.0,1.0,6849,1.9280979164382124,1.5314205727581705,178,178,1,0,False
A0-B0-C0-r64,20267020,1,2000,5.0,5.0,4.666666666666667,4.666666666666667,1.0,12432,1.694979106103292,1.5157154222967417,2000,2000,1,0,False
A0-B0-C0-r64,20267020,2,1053,4.0,4.0,4.0,4.0,1.0,11342,1.694979106103292,1.5157154222967417,1053,1053,1,0,False
A0-B0-C0-r64,20267020,4,579,3.0,3.0,3.0,3.0,1.0,10406,1.694979106103292,1.5157154222967417,579,579,1,0,False
A0-B0-C0-r64,20267020,8,323,3.0,3.0,3.0,3.0,1.0,8800,1.694979106103292,1.5157154222967417,323,323,1,0,False
A0-B0-C0-r64,20267020,16,191,3.0,3.0,2.0,2.0,1.0,5684,1.694979106103292,1.5157154222967417,191,191,1,0,False
A0-B0-C0-r65,20267117,1,2000,4.0,4.0,4.0,4.0,1.0,19610,2.117962479896145,1.503321634069266,2000,2000,1,0,False
A0-B0-C0-r65,20267117,2,1034,3.0,3.0,3.0,3.0,1.0,18324,2.117962479896145,1.503321634069266,1034,1034,1,0,False
A0-B0-C0-r65,20267117,4,545,3.0,3.0,3.0,3.0,1.0,16952,2.117962479896145,1.503321634069266,545,545,1,0,False
A0-B0-C0-r65,20267117,8,299,2.0,2.0,2.0,2.0,1.0,13844,2.117962479896145,1.503321634069266,299,299,1,0,False
A0-B0-C0-r65,20267117,16,174,2.0,2.0,2.0,2.0,1.0,7633,2.117962479896145,1.503321634069266,174,174,1,0,False
A0-B0-C0-r66,20267214,1,2000,4.0,4.0,4.0,4.0,1.0,17615,1.837898905259265,1.501554124776401,2000,2000,1,0,False
A0-B0-C0-r66,20267214,2,1045,3.0,3.0,3.0,3.0,1.0,16454,1.837898905259265,1.501554124776401,1045,1045,1,0,False
A0-B0-C0-r66,20267214,4,552,3.0,3.0,3.0,3.0,1.0,15159,1.837898905259265,1.501554124776401,552,552,1,0,False
A0-B0-C0-r66,20267214,8,302,2.0,2.0,2.6666666666666665,2.6666666666666665,1.0,12409,1.837898905259265,1.501554124776401,302,302,1,0,False
A0-B0-C0-r66,20267214,16,181,2.0,2.0,2.0,2.0,1.0,7266,1.837898905259265,1.501554124776401,181,181,1,0,False
A0-B0-C0-r67,20267311,1,2000,4.0,4.0,4.0,4.0,1.0,19196,1.7235446856133192,1.5681306443715863,2000,2000,1,0,False
A0-B0-C0-r67,20267311,2,1034,3.0,3.0,3.0,3.0,1.0,17948,1.7235446856133192,1.5681306443715863,1034,1034,1,0,False
A0-B0-C0-r67,20267311,4,540,3.0,3.0,3.0,3.0,1.0,16565,1.7235446856133192,1.5681306443715863,540,540,1,0,False
A0-B0-C0-r67,20267311,8,292,2.0,2.0,2.0,2.0,1.0,13491,1.7235446856133192,1.5681306443715863,292,292,1,0,False
A0-B0-C0-r67,20267311,16,179,2.0,2.0,2.0,2.0,1.0,7509,1.7235446856133192,1.5681306443715863,179,179,1,0,False
A0-B0-C0-r68,20267408,1,2000,7.0,7.0,5.0,5.0,1.0,9482,1.3900959702174411,1.4328011476424785,2000,2000,1,0,False
A0-B0-C0-r68,20267408,2,1070,5.0,5.0,4.0,4.0,1.0,8433,1.3900959702174411,1.4328011476424785,1070,1070,1,0,False
A0-B0-C0-r68,20267408,4,582,4.0,4.0,3.6666666666666665,3.6666666666666665,1.0,7633,1.3900959702174411,1.4328011476424785,582,582,1,0,False
A0-B0-C0-r68,20267408,8,347,3.0,3.0,3.3333333333333335,3.3333333333333335,1.0,6464,1.3900959702174411,1.4328011476424785,347,347,1,0,False
A0-B0-C0-r68,20267408,16,204,3.0,3.0,2.6666666666666665,2.6666666666666665,1.0,4324,1.3900959702174411,1.4328011476424785,204,204,1,0,False
A0-B0-C0-r69,20267505,1,2000,4.0,4.0,4.0,4.0,1.0,15614,1.7870744909772103,1.5554709017319335,2000,2000,1,0,False
A0-B0-C0-r69,20267505,2,1045,3.0,3.0,3.0,3.0,1.0,14438,1.7870744909772103,1.5554709017319335,1045,1045,1,0,False
A0-B0-C0-r69,20267505,4,566,3.0,3.0,3.0,3.0,1.0,13354,1.7870744909772103,1.5554709017319335,566,566,1,0,False
A0-B0-C0-r69,20267505,8,305,2.0,2.0,2.6666666666666665,2.6666666666666665,1.0,11052,1.7870744909772103,1.5554709017319335,305,305,1,0,False
A0-B0-C0-r69,20267505,16,197,2.0,2.0,2.0,2.0,1.0,6951,1.7870744909772103,1.5554709017319335,197,197,1,0,False
A0-B0-C0-r70,20267602,1,2000,5.0,5.0,5.333333333333333,5.333333333333333,1.0,11385,1.4467121278889081,1.6074374198795205,2000,2000,1,0,False
A0-B0-C0-r70,20267602,2,1057,4.0,4.0,4.0,4.0,1.0,10299,1.4467121278889081,1.6074374198795205,1057,1057,1,0,False
A0-B0-C0-r70,20267602,4,577,3.0,3.0,3.3333333333333335,3.3333333333333335,1.0,9380,1.4467121278889081,1.6074374198795205,577,577,1,0,False
A0-B0-C0-r70,20267602,8,343,3.0,3.0,3.0,3.0,1.0,7936,1.4467121278889081,1.6074374198795205,343,343,1,0,False
A0-B0-C0-r70,20267602,16,195,2.0,2.0,2.0,2.0,1.0,5245,1.4467121278889081,1.6074374198795205,195,195,1,0,False
A0-B0-C0-r71,20267699,1,2000,5.0,5.0,4.333333333333333,4.333333333333333,1.0,13456,1.7148970630769302,1.4873629649047253,2000,2000,1,0,False
A0-B0-C0-r71,20267699,2,1045,4.0,4.0,3.3333333333333335,3.3333333333333335,1.0,12319,1.7148970630769302,1.4873629649047253,1045,1045,1,0,False
A0-B0-C0-r71,20267699,4,571,3.0,3.0,3.0,3.0,1.0,11327,1.7148970630769302,1.4873629649047253,571,571,1,0,False
A0-B0-C0-r71,20267699,8,320,3.0,3.0,3.0,3.0,1.0,9543,1.7148970630769302,1.4873629649047253,320,320,1,0,False
A0-B0-C0-r71,20267699,16,199,3.0,3.0,2.0,2.0,1.0,6082,1.7148970630769302,1.4873629649047253,199,199,1,0,False
A0-B0-C0-r72,20267796,1,2000,6.0,6.0,5.333333333333333,5.333333333333333,1.0,8976,1.683258760427429,1.4536268521157214,2000,2000,1,0,False
A0-B0-C0-r72,20267796,2,1071,5.0,5.0,4.333333333333333,4.333333333333333,1.0,7938,1.683258760427429,1.4536268521157214,1071,1071,1,0,False
A0-B0-C0-r72,20267796,4,591,4.0,4.0,4.0,4.0,1.0,7152,1.683258760427429,1.4536268521157214,591,591,1,0,False
A0-B0-C0-r72,20267796,8,367,4.0,4.0,3.3333333333333335,3.3333333333333335,1.0,6071,1.683258760427429,1.4536268521157214,367,367,1,0,False
A0-B0-C0-r72,20267796,16,246,3.0,3.0,3.0,3.0,1.0,4262,1.683258760427429,1.4536268521157214,246,246,1,0,False
A0-B0-C0-r73,20267893,1,2000,6.0,6.0,5.0,5.0,1.0,9261,1.0969597903409152,1.6105704695323453,2000,2000,1,0,False
A0-B0-C0-r73,20267893,2,1073,5.0,5.0,4.333333333333333,4.333333333333333,1.0,8211,1.0969597903409152,1.6105704695323453,1073,1073,1,0,False
A0-B0-C0-r73,20267893,4,596,4.0,4.0,3.0,3.0,1.0,7448,1.0969597903409152,1.6105704695323453,596,596,1,0,False
A0-B0-C0-r73,20267893,8,355,4.0,4.0,3.0,3.0,1.0,6280,1.0969597903409152,1.6105704695323453,355,355,1,0,False
A0-B0-C0-r73,20267893,16,215,4.0,4.0,2.6666666666666665,2.6666666666666665,1.0,4177,1.0969597903409152,1.6105704695323453,215,215,1,0,False
A0-B0-C0-r74,20267990,1,2000,4.0,4.0,4.0,4.0,1.0,17616,1.9506596489767722,1.5679705371693795,2000,2000,1,0,False
A0-B0-C0-r74,20267990,2,1036,3.0,3.0,3.0,3.0,1.0,16396,1.9506596489767722,1.5679705371693795,1036,1036,1,0,False
A0-B0-C0-r74,20267990,4,561,3.0,3.0,3.0,3.0,1.0,15160,1.9506596489767722,1.5679705371693795,561,561,1,0,False
A0-B0-C0-r74,20267990,8,299,2.0,2.0,2.0,2.0,1.0,12512,1.9506596489767722,1.5679705371693795,299,299,1,0,False
A0-B0-C0-r74,20267990,16,183,2.0,2.0,2.0,2.0,1.0,7310,1.9506596489767722,1.5679705371693795,183,183,1,0,False
A0-B0-C0-r75,20268087,1,2000,5.0,5.0,4.666666666666667,4.666666666666667,1.0,13022,1.708591101082039,1.508692401904132,2000,2000,1,0,False
A0-B0-C0-r75,20268087,2,1049,4.0,4.0,4.0,4.0,1.0,11886,1.708591101082039,1.508692401904132,1049,1049,1,0,False
A0-B0-C0-r75,20268087,4,574,3.0,3.0,3.0,3.0,1.0,10935,1.708591101082039,1.508692401904132,574,574,1,0,False
A0-B0-C0-r75,20268087,8,327,3.0,3.0,3.0,3.0,1.0,9250,1.708591101082039,1.508692401904132,327,327,1,0,False
A0-B0-C0-r75,20268087,16,195,2.0,2.0,2.0,2.0,1.0,5968,1.708591101082039,1.508692401904132,195,195,1,0,False
A0-B0-C0-r76,20268184,1,2000,4.0,4.0,4.0,4.0,1.0,17621,2.066434908300177,1.4650364304514556,2000,2000,1,0,False
A0-B0-C0-r76,20268184,2,1040,3.0,3.0,3.0,3.0,1.0,16434,2.066434908300177,1.4650364304514556,1040,1040,1,0,False
A0-B0-C0-r76,20268184,4,554,3.0,3.0,3.0,3.0,1.0,15153,2.066434908300177,1.4650364304514556,554,554,1,0,False
A0-B0-C0-r76,20268184,8,303,2.0,2.0,2.3333333333333335,2.3333333333333335,1.0,12585,2.066434908300177,1.4650364304514556,303,303,1,0,False
A0-B0-C0-r76,20268184,16,177,2.0,2.0,2.0,2.0,1.0,7152,2.066434908300177,1.4650364304514556,177,177,1,0,False
A0-B0-C0-r77,20268281,1,2000,5.0,5.0,4.333333333333333,4.333333333333333,1.0,13175,2.188572693221395,1.457563841670247,2000,2000,1,0,False
A0-B0-C0-r77,20268281,2,1055,4.0,4.0,4.0,4.0,1.0,12078,2.188572693221395,1.457563841670247,1055,1055,1,0,False
A0-B0-C0-r77,20268281,4,575,3.0,3.0,3.0,3.0,1.0,11111,2.188572693221395,1.457563841670247,575,575,1,0,False
A0-B0-C0-r77,20268281,8,328,3.0,3.0,3.0,3.0,1.0,9322,2.188572693221395,1.457563841670247,328,328,1,0,False
A0-B0-C0-r77,20268281,16,193,2.0,2.0,2.0,2.0,1.0,6062,2.188572693221395,1.457563841670247,193,193,1,0,False
A0-B0-C0-r78,20268378,1,2000,5.0,5.0,5.0,5.0,1.0,11522,1.6050803060579824,1.5201407757639287,2000,2000,1,0,False
A0-B0-C0-r78,20268378,2,1060,4.0,4.0,4.0,4.0,1.0,10424,1.6050803060579824,1.5201407757639287,1060,1060,1,0,False
A0-B0-C0-r78,20268378,4,580,4.0,4.0,3.6666666666666665,3.6666666666666665,1.0,9514,1.6050803060579824,1.5201407757639287,580,580,1,0,False
A0-B0-C0-r78,20268378,8,340,3.0,3.0,3.0,3.0,1.0,8116,1.6050803060579824,1.5201407757639287,340,340,1,0,False
A0-B0-C0-r78,20268378,16,197,3.0,3.0,2.0,2.0,1.0,5272,1.6050803060579824,1.5201407757639287,197,197,1,0,False
A0-B0-C0-r79,20268475,1,2000,4.0,4.0,4.0,4.0,1.0,17712,2.0042998317662373,1.4979682328665882,2000,2000,1,0,False
A0-B0-C0-r79,20268475,2,1036,3.0,3.0,3.0,3.0,1.0,16531,2.0042998317662373,1.4979682328665882,1036,1036,1,0,False
A0-B0-C0-r79,20268475,4,545,3.0,3.0,3.0,3.0,1.0,15186,2.0042998317662373,1.4979682328665882,545,545,1,0,False
A0-B0-C0-r79,20268475,8,302,2.0,2.0,2.0,2.0,1.0,12534,2.0042998317662373,1.4979682328665882,302,302,1,0,False
A0-B0-C0-r79,20268475,16,185,2.0,2.0,2.0,2.0,1.0,7287,2.0042998317662373,1.4979682328665882,185,185,1,0,False
A0-B0-C0-r80,20268572,1,2000,4.0,4.0,4.0,4.0,1.0,19152,2.1579852636881025,1.4909097077228792,2000,2000,1,0,False
A0-B0-C0-r80,20268572,2,1033,3.0,3.0,3.0,3.0,1.0,17925,2.1579852636881025,1.4909097077228792,1033,1033,1,0,False
A0-B0-C0-r80,20268572,4,546,3.0,3.0,3.0,3.0,1.0,16543,2.1579852636881025,1.4909097077228792,546,546,1,0,False
A0-B0-C0-r80,20268572,8,305,2.0,2.0,2.0,2.0,1.0,13575,2.1579852636881025,1.4909097077228792,305,305,1,0,False
A0-B0-C0-r80,20268572,16,162,2.0,2.0,2.3333333333333335,2.3333333333333335,1.0,7369,2.1579852636881025,1.4909097077228792,162,162,1,0,False
A0-B0-C0-r81,20268669,1,2000,4.0,4.0,4.0,4.0,1.0,18129,2.0908484888212526,1.5042177322097339,2000,2000,1,0,False
A0-B0-C0-r81,20268669,2,1038,3.0,3.0,3.0,3.0,1.0,16934,2.0908484888212526,1.5042177322097339,1038,1038,1,0,False
A0-B0-C0-r81,20268669,4,548,3.0,3.0,3.0,3.0,1.0,15619,2.0908484888212526,1.5042177322097339,548,548,1,0,False
A0-B0-C0-r81,20268669,8,302,2.0,2.0,2.0,2.0,1.0,12894,2.0908484888212526,1.5042177322097339,302,302,1,0,False
A0-B0-C0-r81,20268669,16,188,2.0,2.0,2.0,2.0,1.0,7346,2.0908484888212526,1.5042177322097339,188,188,1,0,False
A0-B0-C0-r82,20268766,1,2000,4.0,4.0,4.0,4.0,1.0,20139,1.717461057884133,1.51587197962545,2000,2000,1,0,False
A0-B0-C0-r82,20268766,2,1039,3.0,3.0,3.0,3.0,1.0,18905,1.717461057884133,1.51587197962545,1039,1039,1,0,False
A0-B0-C0-r82,20268766,4,545,3.0,3.0,3.0,3.0,1.0,17447,1.717461057884133,1.51587197962545,545,545,1,0,False
A0-B0-C0-r82,20268766,8,290,3.0,3.0,2.0,2.0,1.0,13988,1.717461057884133,1.51587197962545,290,290,1,0,False
A0-B0-C0-r82,20268766,16,160,2.0,2.0,2.0,2.0,1.0,7472,1.717461057884133,1.51587197962545,160,160,1,0,False
A0-B0-C0-r83,20268863,1,2000,4.0,4.0,4.0,4.0,1.0,15056,1.7617701581581675,1.4497196847182319,2000,2000,1,0,False
A0-B0-C0-r83,20268863,2,1047,3.0,3.0,3.3333333333333335,3.3333333333333335,1.0,13900,1.7617701581581675,1.4497196847182319,1047,1047,1,0,False
A0-B0-C0-r83,20268863,4,548,3.0,3.0,3.0,3.0,1.0,12743,1.7617701581581675,1.4497196847182319,548,548,1,0,False
A0-B0-C0-r83,20268863,8,312,3.0,3.0,2.6666666666666665,2.6666666666666665,1.0,10699,1.7617701581581675,1.4497196847182319,312,312,1,0,False
A0-B0-C0-r83,20268863,16,194,2.0,2.0,2.0,2.0,1.0,6625,1.7617701581581675,1.4497196847182319,194,194,1,0,False
A0-B0-C0-r84,20268960,1,2000,5.0,5.0,4.666666666666667,4.666666666666667,1.0,12984,1.8555527272205499,1.467890572964198,2000,2000,1,0,False
A0-B0-C0-r84,20268960,2,1053,4.0,4.0,3.6666666666666665,3.6666666666666665,1.0,11882,1.8555527272205499,1.467890572964198,1053,1053,1,0,False
A0-B0-C0-r84,20268960,4,570,4.0,4.0,3.0,3.0,1.0,10915,1.8555527272205499,1.467890572964198,570,570,1,0,False
A0-B0-C0-r84,20268960,8,323,3.0,3.0,3.0,3.0,1.0,9181,1.8555527272205499,1.467890572964198,323,323,1,0,False
A0-B0-C0-r84,20268960,16,194,2.0,2.0,2.0,2.0,1.0,5868,1.8555527272205499,1.467890572964198,194,194,1,0,False
A0-B0-C0-r85,20269057,1,2000,6.0,6.0,5.333333333333333,5.333333333333333,1.0,9194,1.1368806982356074,1.443337204666238,2000,2000,1,0,False
A0-B0-C0-r85,20269057,2,1075,4.0,4.0,4.333333333333333,4.333333333333333,1.0,8158,1.1368806982356074,1.443337204666238,1075,1075,1,0,False
A0-B0-C0-r85,20269057,4,598,4.0,4.0,3.6666666666666665,3.6666666666666665,1.0,7390,1.1368806982356074,1.443337204666238,598,598,1,0,False
A0-B0-C0-r85,20269057,8,354,4.0,4.0,3.0,3.0,1.0,6291,1.1368806982356074,1.443337204666238,354,354,1,0,False
A0-B0-C0-r85,20269057,16,235,3.0,3.0,3.0,3.0,1.0,4264,1.1368806982356074,1.443337204666238,235,235,1,0,False
A0-B0-C0-r86,20269154,1,2000,6.0,6.0,5.0,5.0,1.0,10620,1.5383281183932536,1.4549213780045664,2000,2000,1,0,False
A0-B0-C0-r86,20269154,2,1061,4.0,4.0,4.0,4.0,1.0,9554,1.5383281183932536,1.4549213780045664,1061,1061,1,0,False
A0-B0-C0-r86,20269154,4,585,4.0,4.0,3.3333333333333335,3.3333333333333335,1.0,8693,1.5383281183932536,1.4549213780045664,585,585,1,0,False
A0-B0-C0-r86,20269154,8,327,3.0,3.0,3.3333333333333335,3.3333333333333335,1.0,7297,1.5383281183932536,1.4549213780045664,327,327,1,0,False
A0-B0-C0-r86,20269154,16,219,3.0,3.0,2.3333333333333335,2.3333333333333335,1.0,4929,1.5383281183932536,1.4549213780045664,219,219,1,0,False
A0-B0-C0-r87,20269251,1,2000,4.0,4.0,4.0,4.0,1.0,19802,1.7258888872804794,1.5175580617140385,2000,2000,1,0,False
A0-B0-C0-r87,20269251,2,1031,3.0,3.0,3.0,3.0,1.0,18541,1.7258888872804794,1.5175580617140385,1031,1031,1,0,False
A0-B0-C0-r87,20269251,4,545,3.0,3.0,3.0,3.0,1.0,17149,1.7258888872804794,1.5175580617140385,545,545,1,0,False
A0-B0-C0-r87,20269251,8,297,2.0,2.0,2.0,2.0,1.0,13852,1.7258888872804794,1.5175580617140385,297,297,1,0,False
A0-B0-C0-r87,20269251,16,177,2.0,2.0,2.0,2.0,1.0,7671,1.7258888872804794,1.5175580617140385,177,177,1,0,False
A0-B0-C0-r88,20269348,1,2000,5.0,5.0,5.0,5.0,1.0,12141,1.1074164376149318,1.3823526100808439,2000,2000,1,0,False
A0-B0-C0-r88,20269348,2,1054,4.0,4.0,4.0,4.0,1.0,11042,1.1074164376149318,1.3823526100808439,1054,1054,1,0,False
A0-B0-C0-r88,20269348,4,576,3.0,3.0,3.0,3.0,1.0,10102,1.1074164376149318,1.3823526100808439,576,576,1,0,False
A0-B0-C0-r88,20269348,8,334,3.0,3.0,3.0,3.0,1.0,8620,1.1074164376149318,1.3823526100808439,334,334,1,0,False
A0-B0-C0-r88,20269348,16,206,2.0,2.0,2.0,2.0,1.0,5693,1.1074164376149318,1.3823526100808439,206,206,1,0,False
A0-B0-C0-r89,20269445,1,2000,5.0,5.0,4.0,4.0,1.0,13718,1.713641406747883,1.48348981914532,2000,2000,1,0,False
A0-B0-C0-r89,20269445,2,1041,4.0,4.0,3.6666666666666665,3.6666666666666665,1.0,12567,1.713641406747883,1.48348981914532,1041,1041,1,0,False
A0-B0-C0-r89,20269445,4,566,3.0,3.0,3.0,3.0,1.0,11540,1.713641406747883,1.48348981914532,566,566,1,0,False
A0-B0-C0-r89,20269445,8,314,3.0,3.0,3.0,3.0,1.0,9780,1.713641406747883,1.48348981914532,314,314,1,0,False
A0-B0-C0-r89,20269445,16,198,2.0,2.0,2.0,2.0,1.0,6237,1.713641406747883,1.48348981914532,198,198,1,0,False
A0-B0-C0-r90,20269542,1,2000,6.0,6.0,5.333333333333333,5.333333333333333,1.0,9889,1.2344291493002464,1.4643166361665785,2000,2000,1,0,False
A0-B0-C0-r90,20269542,2,1072,5.0,5.0,4.0,4.0,1.0,8852,1.2344291493002464,1.4643166361665785,1072,1072,1,0,False
A0-B0-C0-r90,20269542,4,587,4.0,4.0,3.6666666666666665,3.6666666666666665,1.0,7990,1.2344291493002464,1.4643166361665785,587,587,1,0,False
A0-B0-C0-r90,20269542,8,352,4.0,4.0,3.3333333333333335,3.3333333333333335,1.0,6763,1.2344291493002464,1.4643166361665785,352,352,1,0,False
A0-B0-C0-r90,20269542,16,226,4.0,4.0,3.0,3.0,1.0,4618,1.2344291493002464,1.4643166361665785,226,226,1,0,False
A0-B0-C0-r91,20269639,1,2000,4.0,4.0,4.0,4.0,1.0,19660,2.07364620183544,1.490467346465793,2000,2000,1,0,False
A0-B0-C0-r91,20269639,2,1024,3.0,3.0,3.0,3.0,1.0,18416,2.07364620183544,1.490467346465793,1024,1024,1,0,False
A0-B0-C0-r91,20269639,4,543,3.0,3.0,3.0,3.0,1.0,17066,2.07364620183544,1.490467346465793,543,543,1,0,False
A0-B0-C0-r91,20269639,8,300,2.0,2.0,2.0,2.0,1.0,13861,2.07364620183544,1.490467346465793,300,300,1,0,False
A0-B0-C0-r91,20269639,16,169,2.0,2.0,2.0,2.0,1.0,7514,2.07364620183544,1.490467346465793,169,169,1,0,False
A0-B0-C0-r92,20269736,1,2000,4.0,4.0,4.0,4.0,1.0,19751,1.7495292378393663,1.5209822764886631,2000,2000,1,0,False
A0-B0-C0-r92,20269736,2,1034,3.0,3.0,3.0,3.0,1.0,18481,1.7495292378393663,1.5209822764886631,1034,1034,1,0,False
A0-B0-C0-r92,20269736,4,549,3.0,3.0,3.0,3.0,1.0,17065,1.7495292378393663,1.5209822764886631,549,549,1,0,False
A0-B0-C0-r92,20269736,8,301,2.0,2.0,2.0,2.0,1.0,13932,1.7495292378393663,1.5209822764886631,301,301,1,0,False
A0-B0-C0-r92,20269736,16,179,2.0,2.0,2.0,2.0,1.0,7611,1.7495292378393663,1.5209822764886631,179,179,1,0,False
A0-B0-C0-r93,20269833,1,2000,6.0,6.0,6.0,6.0,1.0,9087,1.3110980278431192,1.5316577401874047,2000,2000,1,0,False
A0-B0-C0-r93,20269833,2,1077,5.0,5.0,4.666666666666667,4.666666666666667,1.0,8053,1.3110980278431192,1.5316577401874047,1077,1077,1,0,False
A0-B0-C0-r93,20269833,4,615,4.0,4.0,3.6666666666666665,3.6666666666666665,1.0,7302,1.3110980278431192,1.5316577401874047,615,615,1,0,False
A0-B0-C0-r93,20269833,8,354,4.0,4.0,4.0,4.0,1.0,6188,1.3110980278431192,1.5316577401874047,354,354,1,0,False
A0-B0-C0-r93,20269833,16,227,4.0,4.0,3.6666666666666665,3.6666666666666665,1.0,4148,1.3110980278431192,1.5316577401874047,227,227,1,0,False
A0-B0-C0-r94,20269930,1,2000,4.0,4.0,4.0,4.0,1.0,15304,1.9009021280414606,1.4973646035606634,2000,2000,1,0,False
A0-B0-C0-r94,20269930,2,1037,3.0,3.0,3.3333333333333335,3.3333333333333335,1.0,14149,1.9009021280414606,1.4973646035606634,1037,1037,1,0,False
A0-B0-C0-r94,20269930,4,553,3.0,3.0,3.0,3.0,1.0,13022,1.9009021280414606,1.4973646035606634,553,553,1,0,False
A0-B0-C0-r94,20269930,8,311,3.0,3.0,3.0,3.0,1.0,10922,1.9009021280414606,1.4973646035606634,311,311,1,0,False
A0-B0-C0-r94,20269930,16,193,2.0,2.0,2.0,2.0,1.0,6778,1.9009021280414606,1.4973646035606634,193,193,1,0,False
A0-B0-C0-r95,20270027,1,2000,4.0,4.0,4.0,4.0,1.0,17508,1.3606063213530128,1.455875957871593,2000,2000,1,0,False
A0-B0-C0-r95,20270027,2,1036,3.0,3.0,3.0,3.0,1.0,16312,1.3606063213530128,1.455875957871593,1036,1036,1,0,False
A0-B0-C0-r95,20270027,4,555,3.0,3.0,3.0,3.0,1.0,15042,1.3606063213530128,1.455875957871593,555,555,1,0,False
A0-B0-C0-r95,20270027,8,309,2.0,2.0,2.0,2.0,1.0,12442,1.3606063213530128,1.455875957871593,309,309,1,0,False
A0-B0-C0-r95,20270027,16,187,2.0,2.0,2.0,2.0,1.0,7322,1.3606063213530128,1.455875957871593,187,187,1,0,False
A0-B0-C0-r96,20270124,1,2000,4.0,4.0,4.0,4.0,1.0,17976,1.8165532817452466,1.5308718628976992,2000,2000,1,0,False
A0-B0-C0-r96,20270124,2,1042,3.0,3.0,3.3333333333333335,3.3333333333333335,1.0,16772,1.8165532817452466,1.5308718628976992,1042,1042,1,0,False
A0-B0-C0-r96,20270124,4,552,3.0,3.0,3.0,3.0,1.0,15503,1.8165532817452466,1.5308718628976992,552,552,1,0,False
A0-B0-C0-r96,20270124,8,302,2.0,2.0,2.3333333333333335,2.3333333333333335,1.0,12676,1.8165532817452466,1.5308718628976992,302,302,1,0,False
A0-B0-C0-r96,20270124,16,189,2.0,2.0,2.0,2.0,1.0,7434,1.8165532817452466,1.5308718628976992,189,189,1,0,False
A0-B0-C0-r97,20270221,1,2000,4.0,4.0,4.0,4.0,1.0,17093,1.9116192346433891,1.5262784330479844,2000,2000,1,0,False
A0-B0-C0-r97,20270221,2,1038,3.0,3.0,3.0,3.0,1.0,15888,1.9116192346433891,1.5262784330479844,1038,1038,1,0,False
A0-B0-C0-r97,20270221,4,559,3.0,3.0,3.0,3.0,1.0,14655,1.9116192346433891,1.5262784330479844,559,559,1,0,False
A0-B0-C0-r97,20270221,8,308,3.0,3.0,2.3333333333333335,2.3333333333333335,1.0,12115,1.9116192346433891,1.5262784330479844,308,308,1,0,False
A0-B0-C0-r97,20270221,16,177,2.0,2.0,2.0,2.0,1.0,7077,1.9116192346433891,1.5262784330479844,177,177,1,0,False
A0-B0-C0-r98,20270318,1,2000,5.0,5.0,5.0,5.0,1.0,11709,1.6498454279334338,1.4449935760547306,2000,2000,1,0,False
A0-B0-C0-r98,20270318,2,1056,4.0,4.0,4.0,4.0,1.0,10628,1.6498454279334338,1.4449935760547306,1056,1056,1,0,False
A0-B0-C0-r98,20270318,4,586,3.0,3.0,3.3333333333333335,3.3333333333333335,1.0,9725,1.6498454279334338,1.4449935760547306,586,586,1,0,False
A0-B0-C0-r98,20270318,8,332,3.0,3.0,3.3333333333333335,3.3333333333333335,1.0,8155,1.6498454279334338,1.4449935760547306,332,332,1,0,False
A0-B0-C0-r98,20270318,16,210,3.0,3.0,2.3333333333333335,2.3333333333333335,1.0,5416,1.6498454279334338,1.4449935760547306,210,210,1,0,False
A0-B0-C0-r99,20270415,1,2000,4.0,4.0,4.333333333333333,4.333333333333333,1.0,15315,1.9076506048256925,1.452794204887669,2000,2000,1,0,False
A0-B0-C0-r99,20270415,2,1044,3.0,3.0,3.0,3.0,1.0,14155,1.9076506048256925,1.452794204887669,1044,1044,1,0,False
A0-B0-C0-r99,20270415,4,555,3.0,3.0,3.0,3.0,1.0,12992,1.9076506048256925,1.452794204887669,555,555,1,0,False
A0-B0-C0-r99,20270415,8,311,3.0,3.0,3.0,3.0,1.0,10906,1.9076506048256925,1.452794204887669,311,311,1,0,False
A0-B0-C0-r99,20270415,16,187,2.0,2.0,2.0,2.0,1.0,6634,1.9076506048256925,1.452794204887669,187,187,1,0,False
A0-B0-C0-r100,20270512,1,2000,4.0,4.0,4.0,4.0,1.0,15269,1.8430671185657912,1.5301214914937245,2000,2000,1,0,False
A0-B0-C0-r100,20270512,2,1049,4.0,4.0,3.0,3.0,1.0,14110,1.8430671185657912,1.5301214914937245,1049,1049,1,0,False
A0-B0-C0-r100,20270512,4,559,3.0,3.0,3.0,3.0,1.0,12976,1.8430671185657912,1.5301214914937245,559,559,1,0,False
A0-B0-C0-r100,20270512,8,316,3.0,3.0,3.0,3.0,1.0,10872,1.8430671185657912,1.5301214914937245,316,316,1,0,False
A0-B0-C0-r100,20270512,16,194,2.0,2.0,2.0,2.0,1.0,6668,1.8430671185657912,1.5301214914937245,194,194,1,0,False
A0-B0-C0-r101,20270609,1,2000,4.0,4.0,4.0,4.0,1.0,14771,1.818336452768439,1.5242709416800093,2000,2000,1,0,False
A0-B0-C0-r101,20270609,2,1044,3.0,3.0,3.6666666666666665,3.6666666666666665,1.0,13612,1.818336452768439,1.5242709416800093,1044,1044,1,0,False
A0-B0-C0-r101,20270609,4,564,3.0,3.0,3.0,3.0,1.0,12498,1.818336452768439,1.5242709416800093,564,564,1,0,False
A0-B0-C0-r101,20270609,8,315,3.0,3.0,3.0,3.0,1.0,10530,1.818336452768439,1.5242709416800093,315,315,1,0,False
A0-B0-C0-r101,20270609,16,180,2.0,2.0,2.0,2.0,1.0,6422,1.818336452768439,1.5242709416800093,180,180,1,0,False
A0-B0-C0-r102,20270706,1,2000,4.0,4.0,4.0,4.0,1.0,18696,1.8410653688052416,1.5024601140913632,2000,2000,1,0,False
A0-B0-C0-r102,20270706,2,1042,3.0,3.0,3.0,3.0,1.0,17479,1.8410653688052416,1.5024601140913632,1042,1042,1,0,False
A0-B0-C0-r102,20270706,4,551,3.0,3.0,3.0,3.0,1.0,16116,1.8410653688052416,1.5024601140913632,551,551,1,0,False
A0-B0-C0-r102,20270706,8,304,2.0,2.0,2.3333333333333335,2.3333333333333335,1.0,13246,1.8410653688052416,1.5024601140913632,304,304,1,0,False
A0-B0-C0-r102,20270706,16,184,2.0,2.0,2.0,2.0,1.0,7546,1.8410653688052416,1.5024601140913632,184,184,1,0,False
A0-B0-C0-r103,20270803,1,2000,5.0,5.0,4.333333333333333,4.333333333333333,1.0,14105,2.1868015302800963,1.5466096939959406,2000,2000,1,0,False
A0-B0-C0-r103,20270803,2,1048,4.0,4.0,3.3333333333333335,3.3333333333333335,1.0,12971,2.1868015302800963,1.5466096939959406,1048,1048,1,0,False
A0-B0-C0-r103,20270803,4,559,3.0,3.0,3.0,3.0,1.0,11961,2.1868015302800963,1.5466096939959406,559,559,1,0,False
A0-B0-C0-r103,20270803,8,327,3.0,3.0,3.0,3.0,1.0,10035,2.1868015302800963,1.5466096939959406,327,327,1,0,False
A0-B0-C0-r103,20270803,16,205,2.0,2.0,2.0,2.0,1.0,6311,2.1868015302800963,1.5466096939959406,205,205,1,0,False
A0-B0-C0-r104,20270900,1,2000,4.0,4.0,4.0,4.0,1.0,17223,1.7945355494657633,1.485625158447139,2000,2000,1,0,False
A0-B0-C0-r104,20270900,2,1036,3.0,3.0,3.0,3.0,1.0,16037,1.7945355494657633,1.485625158447139,1036,1036,1,0,False
A0-B0-C0-r104,20270900,4,547,3.0,3.0,3.0,3.0,1.0,14778,1.7945355494657633,1.485625158447139,547,547,1,0,False
A0-B0-C0-r104,20270900,8,306,2.0,2.0,2.3333333333333335,2.3333333333333335,1.0,12241,1.7945355494657633,1.485625158447139,306,306,1,0,False
A0-B0-C0-r104,20270900,16,177,2.0,2.0,2.0,2.0,1.0,7109,1.7945355494657633,1.485625158447139,177,177,1,0,False
A0-B0-C0-r105,20270997,1,2000,4.0,4.0,4.0,4.0,1.0,19589,1.5062491402017057,1.456931467283403,2000,2000,1,0,False
A0-B0-C0-r105,20270997,2,1036,3.0,3.0,3.0,3.0,1.0,18372,1.5062491402017057,1.456931467283403,1036,1036,1,0,False
A0-B0-C0-r105,20270997,4,548,3.0,3.0,3.0,3.0,1.0,16982,1.5062491402017057,1.456931467283403,548,548,1,0,False
A0-B0-C0-r105,20270997,8,296,2.0,2.0,2.0,2.0,1.0,13777,1.5062491402017057,1.456931467283403,296,296,1,0,False
A0-B0-C0-r105,20270997,16,176,2.0,2.0,2.0,2.0,1.0,7624,1.5062491402017057,1.456931467283403,176,176,1,0,False
A0-B0-C0-r106,20271094,1,2000,4.0,4.0,4.0,4.0,1.0,17699,1.931654008868957,1.5205373431081002,2000,2000,1,0,False
A0-B0-C0-r106,20271094,2,1036,3.0,3.0,3.0,3.0,1.0,16505,1.931654008868957,1.5205373431081002,1036,1036,1,0,False
A0-B0-C0-r106,20271094,4,552,3.0,3.0,3.0,3.0,1.0,15279,1.931654008868957,1.5205373431081002,552,552,1,0,False
A0-B0-C0-r106,20271094,8,308,3.0,3.0,2.3333333333333335,2.3333333333333335,1.0,12540,1.931654008868957,1.5205373431081002,308,308,1,0,False
A0-B0-C0-r106,20271094,16,180,2.0,2.0,2.0,2.0,1.0,7311,1.931654008868957,1.5205373431081002,180,180,1,0,False
A0-B0-C0-r107,20271191,1,2000,5.0,5.0,5.0,5.0,1.0,11232,1.0240187190436134,1.4134332282487487,2000,2000,1,0,False
A0-B0-C0-r107,20271191,2,1065,4.0,4.0,4.0,4.0,1.0,10160,1.0240187190436134,1.4134332282487487,1065,1065,1,0,False
A0-B0-C0-r107,20271191,4,583,3.0,3.0,3.0,3.0,1.0,9247,1.0240187190436134,1.4134332282487487,583,583,1,0,False
A0-B0-C0-r107,20271191,8,331,3.0,3.0,3.0,3.0,1.0,7816,1.0240187190436134,1.4134332282487487,331,331,1,0,False
A0-B0-C0-r107,20271191,16,213,3.0,3.0,2.6666666666666665,2.6666666666666665,1.0,5247,1.0240187190436134,1.4134332282487487,213,213,1,0,False
A0-B0-C0-r108,20271288,1,2000,6.0,6.0,5.0,5.0,0.9995,10242,1.4909535181283893,1.5438178971478245,1999,1999,1,1,False
A0-B0-C0-r108,20271288,2,1065,4.0,4.0,4.333333333333333,4.333333333333333,0.9990610328638497,9197,1.4909535181283893,1.5438178971478245,1064,1064,1,1,False
A0-B0-C0-r108,20271288,4,592,4.0,4.0,3.6666666666666665,3.6666666666666665,0.9983108108108109,8399,1.4909535181283893,1.5438178971478245,591,591,1,1,False
A0-B0-C0-r108,20271288,8,357,3.0,3.0,3.0,3.0,0.9971988795518207,7116,1.4909535181283893,1.5438178971478245,356,356,1,1,False
A0-B0-C0-r108,20271288,16,229,3.0,3.0,3.0,3.0,0.9956331877729258,4819,1.4909535181283893,1.5438178971478245,228,228,1,1,False
A0-B0-C0-r109,20271385,1,2000,4.0,4.0,4.333333333333333,4.333333333333333,1.0,14867,1.9652670213126107,1.4665857292891353,2000,2000,1,0,False
A0-B0-C0-r109,20271385,2,1043,3.0,3.0,3.3333333333333335,3.3333333333333335,1.0,13725,1.9652670213126107,1.4665857292891353,1043,1043,1,0,False
A0-B0-C0-r109,20271385,4,555,3.0,3.0,3.0,3.0,1.0,12619,1.9652670213126107,1.4665857292891353,555,555,1,0,False
A0-B0-C0-r109,20271385,8,325,2.0,2.0,2.0,2.0,1.0,10539,1.9652670213126107,1.4665857292891353,325,325,1,0,False
A0-B0-C0-r109,20271385,16,179,2.0,2.0,2.0,2.0,1.0,6545,1.9652670213126107,1.4665857292891353,179,179,1,0,False
A0-B0-C0-r110,20271482,1,2000,4.0,4.0,4.333333333333333,4.333333333333333,1.0,13939,1.7169443870082324,1.4713105795776762,2000,2000,1,0,False
A0-B0-C0-r110,20271482,2,1047,4.0,4.0,3.0,3.0,1.0,12806,1.7169443870082324,1.4713105795776762,1047,1047,1,0,False
A0-B0-C0-r110,20271482,4,569,3.0,3.0,3.0,3.0,1.0,11832,1.7169443870082324,1.4713105795776762,569,569,1,0,False
A0-B0-C0-r110,20271482,8,329,3.0,3.0,3.0,3.0,1.0,9914,1.7169443870082324,1.4713105795776762,329,329,1,0,False
A0-B0-C0-r110,20271482,16,189,2.0,2.0,2.0,2.0,1.0,6324,1.7169443870082324,1.4713105795776762,189,189,1,0,False
A0-B0-C0-r111,20271579,1,2000,4.0,4.0,4.0,4.0,1.0,20401,1.748315348779465,1.5326350190536413,2000,2000,1,0,False
A0-B0-C0-r111,20271579,2,1030,3.0,3.0,3.0,3.0,1.0,19121,1.748315348779465,1.5326350190536413,1030,1030,1,0,False
A0-B0-C0-r111,20271579,4,543,3.0,3.0,3.0,3.0,1.0,17660,1.748315348779465,1.5326350190536413,543,543,1,0,False
A0-B0-C0-r111,20271579,8,304,2.0,2.0,2.0,2.0,1.0,14344,1.748315348779465,1.5326350190536413,304,304,1,0,False
A0-B0-C0-r111,20271579,16,170,2.0,2.0,2.0,2.0,1.0,7677,1.748315348779465,1.5326350190536413,170,170,1,0,False
A0-B0-C0-r112,20271676,1,2000,4.0,4.0,4.0,4.0,1.0,18413,2.088580663294788,1.5113681209305436,2000,2000,1,0,False
A0-B0-C0-r112,20271676,2,1038,3.0,3.0,3.0,3.0,1.0,17217,2.088580663294788,1.5113681209305436,1038,1038,1,0,False
A0-B0-C0-r112,20271676,4,548,3.0,3.0,3.0,3.0,1.0,15884,2.088580663294788,1.5113681209305436,548,548,1,0,False
A0-B0-C0-r112,20271676,8,308,2.0,2.0,2.0,2.0,1.0,13050,2.088580663294788,1.5113681209305436,308,308,1,0,False
A0-B0-C0-r112,20271676,16,175,2.0,2.0,2.0,2.0,1.0,7315,2.088580663294788,1.5113681209305436,175,175,1,0,False
A0-B0-C0-r113,20271773,1,2000,6.0,6.0,5.0,5.0,1.0,10775,1.4854827530782244,1.4979587718208625,2000,2000,1,0,False
A0-B0-C0-r113,20271773,2,1064,4.0,4.0,4.0,4.0,1.0,9706,1.4854827530782244,1.4979587718208625,1064,1064,1,0,False
A0-B0-C0-r113,20271773,4,569,3.0,3.0,3.0,3.0,1.0,8848,1.4854827530782244,1.4979587718208625,569,569,1,0,False
A0-B0-C0-r113,20271773,8,338,3.0,3.0,3.0,3.0,1.0,7536,1.4854827530782244,1.4979587718208625,338,338,1,0,False
A0-B0-C0-r113,20271773,16,212,3.0,3.0,2.3333333333333335,2.3333333333333335,1.0,4962,1.4854827530782244,1.4979587718208625,212,212,1,0,False
A0-B0-C0-r114,20271870,1,2000,5.0,5.0,5.0,5.0,1.0,11188,1.4686733843225566,1.5310037032823987,2000,2000,1,0,False
A0-B0-C0-r114,20271870,2,1057,4.0,4.0,4.0,4.0,1.0,10118,1.4686733843225566,1.5310037032823987,1057,1057,1,0,False
A0-B0-C0-r114,20271870,4,584,3.0,3.0,3.3333333333333335,3.3333333333333335,1.0,9238,1.4686733843225566,1.5310037032823987,584,584,1,0,False
A0-B0-C0-r114,20271870,8,354,3.0,3.0,3.0,3.0,1.0,7827,1.4686733843225566,1.5310037032823987,354,354,1,0,False
A0-B0-C0-r114,20271870,16,203,3.0,3.0,2.3333333333333335,2.3333333333333335,1.0,5041,1.4686733843225566,1.5310037032823987,203,203,1,0,False
A0-B0-C0-r115,20271967,1,2000,4.0,4.0,4.0,4.0,1.0,20697,2.1062567936712786,1.487219538032544,2000,2000,1,0,False
A0-B0-C0-r115,20271967,2,1034,3.0,3.0,3.0,3.0,1.0,19422,2.1062567936712786,1.487219538032544,1034,1034,1,0,False
A0-B0-C0-r115,20271967,4,540,3.0,3.0,3.0,3.0,1.0,17894,2.1062567936712786,1.487219538032544,540,540,1,0,False
A0-B0-C0-r115,20271967,8,296,2.0,2.0,2.0,2.0,1.0,14384,2.1062567936712786,1.487219538032544,296,296,1,0,False
A0-B0-C0-r115,20271967,16,168,2.0,2.0,2.0,2.0,1.0,7693,2.1062567936712786,1.487219538032544,168,168,1,0,False
A0-B0-C0-r116,20272064,1,2000,4.0,4.0,4.333333333333333,4.333333333333333,1.0,16812,1.9335165239670793,1.4681253795154898,2000,2000,1,0,False
A0-B0-C0-r116,20272064,2,1042,4.0,4.0,3.0,3.0,1.0,15616,1.9335165239670793,1.4681253795154898,1042,1042,1,0,False
A0-B0-C0-r116,20272064,4,556,3.0,3.0,3.0,3.0,1.0,14429,1.9335165239670793,1.4681253795154898,556,556,1,0,False
A0-B0-C0-r116,20272064,8,307,2.0,2.0,2.3333333333333335,2.3333333333333335,1.0,11962,1.9335165239670793,1.4681253795154898,307,307,1,0,False
A0-B0-C0-r116,20272064,16,164,2.0,2.0,2.0,2.0,1.0,6988,1.9335165239670793,1.4681253795154898,164,164,1,0,False
A0-B0-C0-r117,20272161,1,2000,5.0,5.0,4.0,4.0,1.0,13836,1.6969651183901913,1.441995771313667,2000,2000,1,0,False
A0-B0-C0-r117,20272161,2,1050,4.0,4.0,3.3333333333333335,3.3333333333333335,1.0,12712,1.6969651183901913,1.441995771313667,1050,1050,1,0,False
A0-B0-C0-r117,20272161,4,580,3.0,3.0,3.0,3.0,1.0,11721,1.6969651183901913,1.441995771313667,580,580,1,0,False
A0-B0-C0-r117,20272161,8,320,3.0,3.0,2.6666666666666665,2.6666666666666665,1.0,9823,1.6969651183901913,1.441995771313667,320,320,1,0,False
A0-B0-C0-r117,20272161,16,195,2.0,2.0,2.0,2.0,1.0,6172,1.6969651183901913,1.441995771313667,195,195,1,0,False
A0-B0-C0-r118,20272258,1,2000,4.0,4.0,4.0,4.0,1.0,17262,2.0551681770079817,1.5065815596792635,2000,2000,1,0,False
A0-B0-C0-r118,20272258,2,1038,3.0,3.0,3.0,3.0,1.0,16059,2.0551681770079817,1.5065815596792635,1038,1038,1,0,False
A0-B0-C0-r118,20272258,4,553,3.0,3.0,3.0,3.0,1.0,14793,2.0551681770079817,1.5065815596792635,553,553,1,0,False
A0-B0-C0-r118,20272258,8,308,2.0,2.0,2.0,2.0,1.0,12284,2.0551681770079817,1.5065815596792635,308,308,1,0,False
A0-B0-C0-r118,20272258,16,188,2.0,2.0,2.0,2.0,1.0,7263,2.0551681770079817,1.5065815596792635,188,188,1,0,False
A0-B0-C0-r119,20272355,1,2000,6.0,6.0,5.0,5.0,1.0,10202,1.328957966436809,1.4174938087105742,2000,2000,1,0,False
A0-B0-C0-r119,20272355,2,1064,4.0,4.0,4.0,4.0,1.0,9150,1.328957966436809,1.4174938087105742,1064,1064,1,0,False
A0-B0-C0-r119,20272355,4,586,4.0,4.0,3.3333333333333335,3.3333333333333335,1.0,8268,1.328957966436809,1.4174938087105742,586,586,1,0,False
A0-B0-C0-r119,20272355,8,341,3.0,3.0,3.0,3.0,1.0,7028,1.328957966436809,1.4174938087105742,341,341,1,0,False
A0-B0-C0-r119,20272355,16,214,3.0,3.0,3.0,3.0,1.0,4759,1.328957966436809,1.4174938087105742,214,214,1,0,False
A0-B0-C0-r120,20272452,1,2000,5.0,5.0,4.666666666666667,4.666666666666667,1.0,12830,1.6404635442670852,1.532930301502916,2000,2000,1,0,False
A0-B0-C0-r120,20272452,2,1060,4.0,4.0,4.0,4.0,1.0,11725,1.6404635442670852,1.532930301502916,1060,1060,1,0,False
A0-B0-C0-r120,20272452,4,579,3.0,3.0,3.3333333333333335,3.3333333333333335,1.0,10772,1.6404635442670852,1.532930301502916,579,579,1,0,False
A0-B0-C0-r120,20272452,8,334,3.0,3.0,3.0,3.0,1.0,9068,1.6404635442670852,1.532930301502916,334,334,1,0,False
A0-B0-C0-r120,20272452,16,202,2.0,2.0,2.0,2.0,1.0,5866,1.6404635442670852,1.532930301502916,202,202,1,0,False
A0-B0-C0-r121,20272549,1,2000,4.0,4.0,4.0,4.0,1.0,20478,1.7184356990061185,1.5500374403434996,2000,2000,1,0,False
A0-B0-C0-r121,20272549,2,1033,3.0,3.0,3.0,3.0,1.0,19205,1.7184356990061185,1.5500374403434996,1033,1033,1,0,False
A0-B0-C0-r121,20272549,4,548,3.0,3.0,3.0,3.0,1.0,17740,1.7184356990061185,1.5500374403434996,548,548,1,0,False
A0-B0-C0-r121,20272549,8,301,2.0,2.0,2.0,2.0,1.0,14416,1.7184356990061185,1.5500374403434996,301,301,1,0,False
A0-B0-C0-r121,20272549,16,179,2.0,2.0,2.0,2.0,1.0,7821,1.7184356990061185,1.5500374403434996,179,179,1,0,False
A0-B0-C0-r122,20272646,1,2000,4.0,4.0,4.0,4.0,1.0,15793,1.803762419594353,1.4781413731926323,2000,2000,1,0,False
A0-B0-C0-r122,20272646,2,1035,4.0,4.0,3.0,3.0,1.0,14625,1.803762419594353,1.4781413731926323,1035,1035,1,0,False
A0-B0-C0-r122,20272646,4,570,3.0,3.0,3.0,3.0,1.0,13486,1.803762419594353,1.4781413731926323,570,570,1,0,False
A0-B0-C0-r122,20272646,8,312,3.0,3.0,2.3333333333333335,2.3333333333333335,1.0,11242,1.803762419594353,1.4781413731926323,312,312,1,0,False
A0-B0-C0-r122,20272646,16,194,2.0,2.0,2.0,2.0,1.0,6919,1.803762419594353,1.4781413731926323,194,194,1,0,False
A0-B0-C0-r123,20272743,1,2000,4.0,4.0,4.0,4.0,1.0,17934,1.8115319473370115,1.5050688255884224,2000,2000,1,0,False
A0-B0-C0-r123,20272743,2,1039,3.0,3.0,3.0,3.0,1.0,16727,1.8115319473370115,1.5050688255884224,1039,1039,1,0,False
A0-B0-C0-r123,20272743,4,546,3.0,3.0,3.0,3.0,1.0,15449,1.8115319473370115,1.5050688255884224,546,546,1,0,False
A0-B0-C0-r123,20272743,8,302,2.0,2.0,2.3333333333333335,2.3333333333333335,1.0,12731,1.8115319473370115,1.5050688255884224,302,302,1,0,False
A0-B0-C0-r123,20272743,16,181,2.0,2.0,2.0,2.0,1.0,7363,1.8115319473370115,1.5050688255884224,181,181,1,0,False
A0-B0-C0-r124,20272840,1,2000,5.0,5.0,5.0,5.0,1.0,10709,1.370644433433843,1.462319634214913,2000,2000,1,0,False
A0-B0-C0-r124,20272840,2,1060,4.0,4.0,4.333333333333333,4.333333333333333,1.0,9650,1.370644433433843,1.462319634214913,1060,1060,1,0,False
A0-B0-C0-r124,20272840,4,589,3.0,3.0,3.0,3.0,1.0,8740,1.370644433433843,1.462319634214913,589,589,1,0,False
A0-B0-C0-r124,20272840,8,332,3.0,3.0,3.3333333333333335,3.3333333333333335,1.0,7445,1.370644433433843,1.462319634214913,332,332,1,0,False
A0-B0-C0-r124,20272840,16,218,3.0,3.0,2.3333333333333335,2.3333333333333335,1.0,4986,1.370644433433843,1.462319634214913,218,218,1,0,False
A0-B0-C0-r125,20272937,1,2000,5.0,5.0,4.333333333333333,4.333333333333333,1.0,12322,1.637980817361493,1.4394062944048114,2000,2000,1,0,False
A0-B0-C0-r125,20272937,2,1052,4.0,4.0,4.333333333333333,4.333333333333333,1.0,11225,1.637980817361493,1.4394062944048114,1052,1052,1,0,False
A0-B0-C0-r125,20272937,4,581,3.0,3.0,3.0,3.0,1.0,10297,1.637980817361493,1.4394062944048114,581,581,1,0,False
A0-B0-C0-r125,20272937,8,327,3.0,3.0,3.3333333333333335,3.3333333333333335,1.0,8704,1.637980817361493,1.4394062944048114,327,327,1,0,False
A0-B0-C0-r125,20272937,16,211,2.0,2.0,2.3333333333333335,2.3333333333333335,1.0,5716,1.637980817361493,1.4394062944048114,211,211,1,0,False
A0-B0-C0-r126,20273034,1,2000,4.0,4.0,4.0,4.0,1.0,15940,1.8689677697554536,1.4640815175936772,2000,2000,1,0,False
A0-B0-C0-r126,20273034,2,1042,4.0,4.0,3.3333333333333335,3.3333333333333335,1.0,14748,1.8689677697554536,1.4640815175936772,1042,1042,1,0,False
A0-B0-C0-r126,20273034,4,562,3.0,3.0,3.0,3.0,1.0,13629,1.8689677697554536,1.4640815175936772,562,562,1,0,False
A0-B0-C0-r126,20273034,8,304,2.0,2.0,2.6666666666666665,2.6666666666666665,1.0,11348,1.8689677697554536,1.4640815175936772,304,304,1,0,False
A0-B0-C0-r126,20273034,16,173,2.0,2.0,2.0,2.0,1.0,6679,1.8689677697554536,1.4640815175936772,173,173,1,0,False
A0-B0-C0-r127,20273131,1,2000,5.0,5.0,5.0,5.0,1.0,11940,1.4874233297715842,1.5072349281404873,2000,2000,1,0,False
A0-B0-C0-r127,20273131,2,1054,4.0,4.0,4.0,4.0,1.0,10838,1.4874233297715842,1.5072349281404873,1054,1054,1,0,False
A0-B0-C0-r127,20273131,4,570,3.0,3.0,3.0,3.0,1.0,9917,1.4874233297715842,1.5072349281404873,570,570,1,0,False
A0-B0-C0-r127,20273131,8,323,3.0,3.0,3.0,3.0,1.0,8407,1.4874233297715842,1.5072349281404873,323,323,1,0,False
A0-B0-C0-r127,20273131,16,220,2.0,2.0,2.0,2.0,1.0,5587,1.4874233297715842,1.5072349281404873,220,220,1,0,False
A0-B0-C0-r128,20273228,1,2000,4.0,4.0,4.0,4.0,1.0,19321,2.093151350081462,1.505539317322747,2000,2000,1,0,False
A0-B0-C0-r128,20273228,2,1041,3.0,3.0,3.0,3.0,1.0,18105,2.093151350081462,1.505539317322747,1041,1041,1,0,False
A0-B0-C0-r128,20273228,4,547,3.0,3.0,3.0,3.0,1.0,16677,2.093151350081462,1.505539317322747,547,547,1,0,False
A0-B0-C0-r128,20273228,8,311,2.0,2.0,2.0,2.0,1.0,13663,2.093151350081462,1.505539317322747,311,311,1,0,False
A0-B0-C0-r128,20273228,16,177,2.0,2.0,2.0,2.0,1.0,7469,2.093151350081462,1.505539317322747,177,177,1,0,False
A0-B0-C0-r129,20273325,1,2000,6.0,6.0,5.333333333333333,5.333333333333333,1.0,9282,1.3593497841933675,1.368309775357147,2000,2000,1,0,False
A0-B0-C0-r129,20273325,2,1062,5.0,5.0,4.333333333333333,4.333333333333333,1.0,8232,1.3593497841933675,1.368309775357147,1062,1062,1,0,False
A0-B0-C0-r129,20273325,4,595,4.0,4.0,3.0,3.0,1.0,7436,1.3593497841933675,1.368309775357147,595,595,1,0,False
A0-B0-C0-r129,20273325,8,357,3.0,3.0,3.0,3.0,1.0,6306,1.3593497841933675,1.368309775357147,357,357,1,0,False
A0-B0-C0-r129,20273325,16,224,3.0,3.0,2.6666666666666665,2.6666666666666665,1.0,4249,1.3593497841933675,1.368309775357147,224,224,1,0,False
A0-B0-C0-r130,20273422,1,2000,5.0,5.0,5.0,5.0,1.0,11727,2.0383920292992497,1.55136376294507,2000,2000,1,0,False
A0-B0-C0-r130,20273422,2,1057,4.0,4.0,4.0,4.0,1.0,10654,2.0383920292992497,1.55136376294507,1057,1057,1,0,False
A0-B0-C0-r130,20273422,4,571,3.0,3.0,3.0,3.0,1.0,9674,2.0383920292992497,1.55136376294507,571,571,1,0,False
A0-B0-C0-r130,20273422,8,332,3.0,3.0,3.0,3.0,1.0,8263,2.0383920292992497,1.55136376294507,332,332,1,0,False
A0-B0-C0-r130,20273422,16,208,2.0,2.0,2.3333333333333335,2.3333333333333335,1.0,5457,2.0383920292992497,1.55136376294507,208,208,1,0,False
A0-B0-C0-r131,20273519,1,2000,5.0,5.0,5.0,5.0,1.0,11184,1.3939803023811408,1.5061193298506126,2000,2000,1,0,False
A0-B0-C0-r131,20273519,2,1058,4.0,4.0,4.0,4.0,1.0,10109,1.3939803023811408,1.5061193298506126,1058,1058,1,0,False
A0-B0-C0-r131,20273519,4,568,4.0,4.0,3.3333333333333335,3.3333333333333335,1.0,9168,1.3939803023811408,1.5061193298506126,568,568,1,0,False
A0-B0-C0-r131,20273519,8,339,3.0,3.0,3.3333333333333335,3.3333333333333335,1.0,7797,1.3939803023811408,1.5061193298506126,339,339,1,0,False
A0-B0-C0-r131,20273519,16,204,3.0,3.0,2.3333333333333335,2.3333333333333335,1.0,5103,1.3939803023811408,1.5061193298506126,204,204,1,0,False
A0-B0-C0-r132,20273616,1,2000,5.0,5.0,4.333333333333333,4.333333333333333,1.0,12889,1.5712018937247412,1.5034493089133563,2000,2000,1,0,False
A0-B0-C0-r132,20273616,2,1051,4.0,4.0,4.0,4.0,1.0,11796,1.5712018937247412,1.5034493089133563,1051,1051,1,0,False
A0-B0-C0-r132,20273616,4,570,3.0,3.0,3.0,3.0,1.0,10798,1.5712018937247412,1.5034493089133563,570,570,1,0,False
A0-B0-C0-r132,20273616,8,325,3.0,3.0,3.0,3.0,1.0,9090,1.5712018937247412,1.5034493089133563,325,325,1,0,False
A0-B0-C0-r132,20273616,16,203,2.0,2.0,2.0,2.0,1.0,5852,1.5712018937247412,1.5034493089133563,203,203,1,0,False
A0-B0-C0-r133,20273713,1,2000,5.0,5.0,5.0,5.0,1.0,13358,1.761551737218719,1.5282881673920226,2000,2000,1,0,False
A0-B0-C0-r133,20273713,2,1049,4.0,4.0,4.0,4.0,1.0,12245,1.761551737218719,1.5282881673920226,1049,1049,1,0,False
A0-B0-C0-r133,20273713,4,570,4.0,4.0,3.3333333333333335,3.3333333333333335,1.0,11212,1.761551737218719,1.5282881673920226,570,570,1,0,False
A0-B0-C0-r133,20273713,8,323,3.0,3.0,3.0,3.0,1.0,9438,1.761551737218719,1.5282881673920226,323,323,1,0,False
A0-B0-C0-r133,20273713,16,213,2.0,2.0,2.0,2.0,1.0,6200,1.761551737218719,1.5282881673920226,213,213,1,0,False
A0-B0-C0-r134,20273810,1,2000,5.0,5.0,5.0,5.0,1.0,10994,1.3336006951043926,1.5435750855296295,2000,2000,1,0,False
A0-B0-C0-r134,20273810,2,1072,4.0,4.0,4.0,4.0,1.0,9936,1.3336006951043926,1.5435750855296295,1072,1072,1,0,False
A0-B0-C0-r134,20273810,4,578,3.0,3.0,3.0,3.0,1.0,9074,1.3336006951043926,1.5435750855296295,578,578,1,0,False
A0-B0-C0-r134,20273810,8,341,3.0,3.0,3.0,3.0,1.0,7644,1.3336006951043926,1.5435750855296295,341,341,1,0,False
A0-B0-C0-r134,20273810,16,196,3.0,3.0,3.0,3.0,1.0,4945,1.3336006951043926,1.5435750855296295,196,196,1,0,False
A0-B0-C0-r135,20273907,1,2000,4.0,4.0,4.0,4.0,1.0,17247,1.9620987245817298,1.4620468317272979,2000,2000,1,0,False
A0-B0-C0-r135,20273907,2,1039,3.0,3.0,3.3333333333333335,3.3333333333333335,1.0,16033,1.9620987245817298,1.4620468317272979,1039,1039,1,0,False
A0-B0-C0-r135,20273907,4,560,3.0,3.0,3.0,3.0,1.0,14827,1.9620987245817298,1.4620468317272979,560,560,1,0,False
A0-B0-C0-r135,20273907,8,306,2.0,2.0,2.0,2.0,1.0,12258,1.9620987245817298,1.4620468317272979,306,306,1,0,False
A0-B0-C0-r135,20273907,16,181,2.0,2.0,2.0,2.0,1.0,7192,1.9620987245817298,1.4620468317272979,181,181,1,0,False
A0-B0-C0-r136,20274004,1,2000,4.0,4.0,4.0,4.0,1.0,17802,2.0556778410623315,1.5071856525571163,2000,2000,1,0,False
A0-B0-C0-r136,20274004,2,1033,3.0,3.0,3.0,3.0,1.0,16587,2.0556778410623315,1.5071856525571163,1033,1033,1,0,False
A0-B0-C0-r136,20274004,4,546,3.0,3.0,3.0,3.0,1.0,15318,2.0556778410623315,1.5071856525571163,546,546,1,0,False
A0-B0-C0-r136,20274004,8,310,2.0,2.0,2.3333333333333335,2.3333333333333335,1.0,12691,2.0556778410623315,1.5071856525571163,310,310,1,0,False
A0-B0-C0-r136,20274004,16,173,2.0,2.0,2.0,2.0,1.0,7278,2.0556778410623315,1.5071856525571163,173,173,1,0,False
A0-B0-C0-r137,20274101,1,2000,5.0,5.0,5.0,5.0,1.0,12717,1.5678972779841454,1.512814110389567,2000,2000,1,0,False
A0-B0-C0-r137,20274101,2,1047,4.0,4.0,3.6666666666666665,3.6666666666666665,1.0,11632,1.5678972779841454,1.512814110389567,1047,1047,1,0,False
A0-B0-C0-r137,20274101,4,569,3.0,3.0,3.0,3.0,1.0,10637,1.5678972779841454,1.512814110389567,569,569,1,0,False
A0-B0-C0-r137,20274101,8,327,3.0,3.0,3.0,3.0,1.0,8959,1.5678972779841454,1.512814110389567,327,327,1,0,False
A0-B0-C0-r137,20274101,16,200,2.0,2.0,2.0,2.0,1.0,5835,1.5678972779841454,1.512814110389567,200,200,1,0,False
A0-B0-C0-r138,20274198,1,2000,4.0,4.0,4.0,4.0,1.0,19951,1.885738085830802,1.5125830163433123,2000,2000,1,0,False
A0-B0-C0-r138,20274198,2,1036,3.0,3.0,3.0,3.0,1.0,18706,1.885738085830802,1.5125830163433123,1036,1036,1,0,False
A0-B0-C0-r138,20274198,4,545,3.0,3.0,3.0,3.0,1.0,17299,1.885738085830802,1.5125830163433123,545,545,1,0,False
A0-B0-C0-r138,20274198,8,298,2.0,2.0,2.0,2.0,1.0,14085,1.885738085830802,1.5125830163433123,298,298,1,0,False
A0-B0-C0-r138,20274198,16,171,2.0,2.0,2.0,2.0,1.0,7613,1.885738085830802,1.5125830163433123,171,171,1,0,False
A0-B0-C0-r139,20274295,1,2000,6.0,6.0,5.333333333333333,5.333333333333333,1.0,9353,1.7307365255947038,1.4893781244954905,2000,2000,1,0,False
A0-B0-C0-r139,20274295,2,1073,5.0,5.0,4.333333333333333,4.333333333333333,1.0,8305,1.7307365255947038,1.4893781244954905,1073,1073,1,0,False
A0-B0-C0-r139,20274295,4,601,4.0,4.0,4.0,4.0,1.0,7500,1.7307365255947038,1.4893781244954905,601,601,1,0,False
A0-B0-C0-r139,20274295,8,349,3.0,3.0,3.6666666666666665,3.6666666666666665,1.0,6334,1.7307365255947038,1.4893781244954905,349,349,1,0,False
A0-B0-C0-r139,20274295,16,230,3.0,3.0,3.3333333333333335,3.3333333333333335,1.0,4269,1.7307365255947038,1.4893781244954905,230,230,1,0,False
A0-B0-C0-r140,20274392,1,2000,4.0,4.0,4.0,4.0,1.0,20802,1.7378816728816358,1.5141980146934744,2000,2000,1,0,False
A0-B0-C0-r140,20274392,2,1032,3.0,3.0,3.0,3.0,1.0,19533,1.7378816728816358,1.5141980146934744,1032,1032,1,0,False
A0-B0-C0-r140,20274392,4,543,3.0,3.0,3.0,3.0,1.0,18057,1.7378816728816358,1.5141980146934744,543,543,1,0,False
A0-B0-C0-r140,20274392,8,296,2.0,2.0,2.0,2.0,1.0,14554,1.7378816728816358,1.5141980146934744,296,296,1,0,False
A0-B0-C0-r140,20274392,16,171,2.0,2.0,2.0,2.0,1.0,7737,1.7378816728816358,1.5141980146934744,171,171,1,0,False
A0-B0-C0-r141,20274489,1,2000,6.0,6.0,5.666666666666667,5.666666666666667,1.0,9643,1.1869766732586873,1.5121635177301378,2000,2000,1,0,False
A0-B0-C0-r141,20274489,2,1071,6.0,6.0,4.333333333333333,4.333333333333333,1.0,8622,1.1869766732586873,1.5121635177301378,1071,1071,1,0,False
A0-B0-C0-r141,20274489,4,585,4.0,4.0,3.0,3.0,1.0,7779,1.1869766732586873,1.5121635177301378,585,585,1,0,False
A0-B0-C0-r141,20274489,8,349,4.0,4.0,3.6666666666666665,3.6666666666666665,1.0,6552,1.1869766732586873,1.5121635177301378,349,349,1,0,False
A0-B0-C0-r141,20274489,16,226,3.0,3.0,3.3333333333333335,3.3333333333333335,1.0,4492,1.1869766732586873,1.5121635177301378,226,226,1,0,False
A0-B0-C0-r142,20274586,1,2000,6.0,6.0,5.333333333333333,5.333333333333333,1.0,9077,1.118643282258704,1.397190982108716,2000,2000,1,0,False
A0-B0-C0-r142,20274586,2,1078,6.0,6.0,4.0,4.0,1.0,8042,1.118643282258704,1.397190982108716,1078,1078,1,0,False
A0-B0-C0-r142,20274586,4,608,4.0,4.0,4.0,4.0,1.0,7301,1.118643282258704,1.397190982108716,608,608,1,0,False
A0-B0-C0-r142,20274586,8,360,4.0,4.0,3.6666666666666665,3.6666666666666665,1.0,6117,1.118643282258704,1.397190982108716,360,360,1,0,False
A0-B0-C0-r142,20274586,16,211,3.0,3.0,3.3333333333333335,3.3333333333333335,1.0,4202,1.118643282258704,1.397190982108716,211,211,1,0,False
A0-B0-C0-r143,20274683,1,2000,6.0,6.0,5.0,5.0,1.0,9260,1.3230126966419746,1.4845792791321697,2000,2000,1,0,False
A0-B0-C0-r143,20274683,2,1076,5.0,5.0,4.333333333333333,4.333333333333333,1.0,8228,1.3230126966419746,1.4845792791321697,1076,1076,1,0,False
A0-B0-C0-r143,20274683,4,595,4.0,4.0,3.3333333333333335,3.3333333333333335,1.0,7445,1.3230126966419746,1.4845792791321697,595,595,1,0,False
A0-B0-C0-r143,20274683,8,348,3.0,3.0,4.0,4.0,1.0,6350,1.3230126966419746,1.4845792791321697,348,348,1,0,False
A0-B0-C0-r143,20274683,16,226,3.0,3.0,3.0,3.0,1.0,4244,1.3230126966419746,1.4845792791321697,226,226,1,0,False
A0-B0-C0-r144,20274780,1,2000,5.0,5.0,5.0,5.0,1.0,10723,0.9858040229216467,1.3412925238358637,2000,2000,1,0,False
A0-B0-C0-r144,20274780,2,1061,4.0,4.0,4.333333333333333,4.333333333333333,1.0,9665,0.9858040229216467,1.3412925238358637,1061,1061,1,0,False
A0-B0-C0-r144,20274780,4,597,4.0,4.0,3.3333333333333335,3.3333333333333335,1.0,8805,0.9858040229216467,1.3412925238358637,597,597,1,0,False
A0-B0-C0-r144,20274780,8,340,3.0,3.0,3.3333333333333335,3.3333333333333335,1.0,7456,0.9858040229216467,1.3412925238358637,340,340,1,0,False
A0-B0-C0-r144,20274780,16,214,3.0,3.0,2.6666666666666665,2.6666666666666665,1.0,4985,0.9858040229216467,1.3412925238358637,214,214,1,0,False
A0-B0-C0-r145,20274877,1,2000,5.0,5.0,5.0,5.0,1.0,10773,1.3544095410800365,1.4938875499245765,2000,2000,1,0,False
A0-B0-C0-r145,20274877,2,1061,4.0,4.0,4.0,4.0,1.0,9707,1.3544095410800365,1.4938875499245765,1061,1061,1,0,False
A0-B0-C0-r145,20274877,4,593,3.0,3.0,3.3333333333333335,3.3333333333333335,1.0,8891,1.3544095410800365,1.4938875499245765,593,593,1,0,False
A0-B0-C0-r145,20274877,8,344,3.0,3.0,3.0,3.0,1.0,7487,1.3544095410800365,1.4938875499245765,344,344,1,0,False
A0-B0-C0-r145,20274877,16,202,3.0,3.0,2.0,2.0,1.0,4883,1.3544095410800365,1.4938875499245765,202,202,1,0,False
A0-B0-C0-r146,20274974,1,2000,4.0,4.0,4.0,4.0,1.0,15112,1.7787500132953105,1.4933245270998439,2000,2000,1,0,False
A0-B0-C0-r146,20274974,2,1042,3.0,3.0,3.0,3.0,1.0,13949,1.7787500132953105,1.4933245270998439,1042,1042,1,0,False
A0-B0-C0-r146,20274974,4,565,3.0,3.0,3.0,3.0,1.0,12849,1.7787500132953105,1.4933245270998439,565,565,1,0,False
A0-B0-C0-r146,20274974,8,308,3.0,3.0,2.6666666666666665,2.6666666666666665,1.0,10769,1.7787500132953105,1.4933245270998439,308,308,1,0,False
A0-B0-C0-r146,20274974,16,180,2.0,2.0,2.0,2.0,1.0,6637,1.7787500132953105,1.4933245270998439,180,180,1,0,False
A0-B0-C0-r147,20275071,1,2000,4.0,4.0,4.0,4.0,1.0,13751,1.2009142465737923,1.411388525004843,2000,2000,1,0,False
A0-B0-C0-r147,20275071,2,1047,4.0,4.0,3.6666666666666665,3.6666666666666665,1.0,12603,1.2009142465737923,1.411388525004843,1047,1047,1,0,False
A0-B0-C0-r147,20275071,4,565,3.0,3.0,3.0,3.0,1.0,11619,1.2009142465737923,1.411388525004843,565,565,1,0,False
A0-B0-C0-r147,20275071,8,320,3.0,3.0,3.0,3.0,1.0,9695,1.2009142465737923,1.411388525004843,320,320,1,0,False
A0-B0-C0-r147,20275071,16,192,2.0,2.0,2.0,2.0,1.0,6162,1.2009142465737923,1.411388525004843,192,192,1,0,False
A0-B0-C0-r148,20275168,1,2000,4.0,4.0,4.0,4.0,1.0,15892,1.899080835721311,1.4075154415543631,2000,2000,1,0,False
A0-B0-C0-r148,20275168,2,1041,3.0,3.0,3.0,3.0,1.0,14732,1.899080835721311,1.4075154415543631,1041,1041,1,0,False
A0-B0-C0-r148,20275168,4,552,3.0,3.0,3.0,3.0,1.0,13484,1.899080835721311,1.4075154415543631,552,552,1,0,False
A0-B0-C0-r148,20275168,8,310,3.0,3.0,2.3333333333333335,2.3333333333333335,1.0,11375,1.899080835721311,1.4075154415543631,310,310,1,0,False
A0-B0-C0-r148,20275168,16,181,2.0,2.0,2.0,2.0,1.0,6886,1.899080835721311,1.4075154415543631,181,181,1,0,False
A0-B0-C0-r149,20275265,1,2000,4.0,4.0,4.0,4.0,1.0,18873,1.8823251517043242,1.5389713730065673,2000,2000,1,0,False
A0-B0-C0-r149,20275265,2,1040,3.0,3.0,3.0,3.0,1.0,17648,1.8823251517043242,1.5389713730065673,1040,1040,1,0,False
A0-B0-C0-r149,20275265,4,545,3.0,3.0,3.0,3.0,1.0,16307,1.8823251517043242,1.5389713730065673,545,545,1,0,False
A0-B0-C0-r149,20275265,8,301,2.0,2.0,2.3333333333333335,2.3333333333333335,1.0,13353,1.8823251517043242,1.5389713730065673,301,301,1,0,False
A0-B0-C0-r149,20275265,16,171,2.0,2.0,2.0,2.0,1.0,7424,1.8823251517043242,1.5389713730065673,171,171,1,0,False
A0-B0-C0-r150,20275362,1,2000,6.0,6.0,5.333333333333333,5.333333333333333,1.0,9947,1.2830112634010375,1.5376151669084381,2000,2000,1,0,False
A0-B0-C0-r150,20275362,2,1069,5.0,5.0,4.0,4.0,1.0,8894,1.2830112634010375,1.5376151669084381,1069,1069,1,0,False
A0-B0-C0-r150,20275362,4,604,4.0,4.0,3.3333333333333335,3.3333333333333335,1.0,8099,1.2830112634010375,1.5376151669084381,604,604,1,0,False
A0-B0-C0-r150,20275362,8,350,4.0,4.0,3.0,3.0,1.0,6801,1.2830112634010375,1.5376151669084381,350,350,1,0,False
A0-B0-C0-r150,20275362,16,229,3.0,3.0,2.3333333333333335,2.3333333333333335,1.0,4482,1.2830112634010375,1.5376151669084381,229,229,1,0,False
A0-B0-C0-r151,20275459,1,2000,7.0,7.0,5.666666666666667,5.666666666666667,1.0,9277,1.1995559429479985,1.5728771013212584,2000,2000,1,0,False
A0-B0-C0-r151,20275459,2,1071,5.0,5.0,4.333333333333333,4.333333333333333,1.0,8236,1.1995559429479985,1.5728771013212584,1071,1071,1,0,False
A0-B0-C0-r151,20275459,4,599,5.0,5.0,3.6666666666666665,3.6666666666666665,1.0,7433,1.1995559429479985,1.5728771013212584,599,599,1,0,False
A0-B0-C0-r151,20275459,8,349,4.0,4.0,3.3333333333333335,3.3333333333333335,1.0,6337,1.1995559429479985,1.5728771013212584,349,349,1,0,False
A0-B0-C0-r151,20275459,16,211,3.0,3.0,4.0,4.0,1.0,4185,1.1995559429479985,1.5728771013212584,211,211,1,0,False
A0-B0-C0-r152,20275556,1,2000,6.0,6.0,5.666666666666667,5.666666666666667,1.0,9565,1.372741504254013,1.5230995511448084,2000,2000,1,0,False
A0-B0-C0-r152,20275556,2,1074,5.0,5.0,4.0,4.0,1.0,8527,1.372741504254013,1.5230995511448084,1074,1074,1,0,False
A0-B0-C0-r152,20275556,4,590,4.0,4.0,3.3333333333333335,3.3333333333333335,1.0,7686,1.372741504254013,1.5230995511448084,590,590,1,0,False
A0-B0-C0-r152,20275556,8,360,4.0,4.0,3.0,3.0,1.0,6521,1.372741504254013,1.5230995511448084,360,360,1,0,False
A0-B0-C0-r152,20275556,16,222,4.0,4.0,3.3333333333333335,3.3333333333333335,1.0,4380,1.372741504254013,1.5230995511448084,222,222,1,0,False
A0-B0-C0-r153,20275653,1,2000,4.0,4.0,4.0,4.0,1.0,17045,1.9550851034671675,1.542706430737763,2000,2000,1,0,False
A0-B0-C0-r153,20275653,2,1043,3.0,3.0,3.0,3.0,1.0,15860,1.9550851034671675,1.542706430737763,1043,1043,1,0,False
A0-B0-C0-r153,20275653,4,557,3.0,3.0,3.0,3.0,1.0,14659,1.9550851034671675,1.542706430737763,557,557,1,0,False
A0-B0-C0-r153,20275653,8,295,3.0,3.0,2.0,2.0,1.0,12071,1.9550851034671675,1.542706430737763,295,295,1,0,False
A0-B0-C0-r153,20275653,16,180,2.0,2.0,2.0,2.0,1.0,7031,1.9550851034671675,1.542706430737763,180,180,1,0,False
A0-B0-C0-r154,20275750,1,2000,4.0,4.0,4.0,4.0,1.0,20113,1.7241463872635028,1.534553157724049,2000,2000,1,0,False
A0-B0-C0-r154,20275750,2,1034,3.0,3.0,3.0,3.0,1.0,18882,1.7241463872635028,1.534553157724049,1034,1034,1,0,False
A0-B0-C0-r154,20275750,4,544,3.0,3.0,3.0,3.0,1.0,17398,1.7241463872635028,1.534553157724049,544,544,1,0,False
A0-B0-C0-r154,20275750,8,291,2.0,2.0,2.0,2.0,1.0,14108,1.7241463872635028,1.534553157724049,291,291,1,0,False
A0-B0-C0-r154,20275750,16,166,2.0,2.0,2.0,2.0,1.0,7607,1.7241463872635028,1.534553157724049,166,166,1,0,False
A0-B0-C0-r155,20275847,1,2000,5.0,5.0,5.0,5.0,1.0,12086,1.4757070200409756,1.5371513209276915,2000,2000,1,0,False
A0-B0-C0-r155,20275847,2,1050,4.0,4.0,4.0,4.0,1.0,10977,1.4757070200409756,1.5371513209276915,1050,1050,1,0,False
A0-B0-C0-r155,20275847,4,571,4.0,4.0,3.3333333333333335,3.3333333333333335,1.0,10062,1.4757070200409756,1.5371513209276915,571,571,1,0,False
A0-B0-C0-r155,20275847,8,327,3.0,3.0,3.0,3.0,1.0,8412,1.4757070200409756,1.5371513209276915,327,327,1,0,False
A0-B0-C0-r155,20275847,16,199,2.0,2.0,2.0,2.0,1.0,5493,1.4757070200409756,1.5371513209276915,199,199,1,0,False
A0-B0-C0-r156,20275944,1,2000,6.0,6.0,5.0,5.0,1.0,8938,1.6527103425199439,1.4079931808875772,2000,2000,1,0,False
A0-B0-C0-r156,20275944,2,1076,5.0,5.0,4.333333333333333,4.333333333333333,1.0,7922,1.6527103425199439,1.4079931808875772,1076,1076,1,0,False
A0-B0-C0-r156,20275944,4,597,4.0,4.0,4.0,4.0,1.0,7159,1.6527103425199439,1.4079931808875772,597,597,1,0,False
A0-B0-C0-r156,20275944,8,367,3.0,3.0,3.6666666666666665,3.6666666666666665,1.0,6071,1.6527103425199439,1.4079931808875772,367,367,1,0,False
A0-B0-C0-r156,20275944,16,211,3.0,3.0,3.0,3.0,1.0,4060,1.6527103425199439,1.4079931808875772,211,211,1,0,False
A0-B0-C0-r157,20276041,1,2000,5.0,5.0,4.0,4.0,1.0,13032,1.863750807601964,1.4760448842095584,2000,2000,1,0,False
A0-B0-C0-r157,20276041,2,1042,4.0,4.0,3.6666666666666665,3.6666666666666665,1.0,11911,1.863750807601964,1.4760448842095584,1042,1042,1,0,False
A0-B0-C0-r157,20276041,4,569,4.0,4.0,3.0,3.0,1.0,10922,1.863750807601964,1.4760448842095584,569,569,1,0,False
A0-B0-C0-r157,20276041,8,336,3.0,3.0,3.0,3.0,1.0,9276,1.863750807601964,1.4760448842095584,336,336,1,0,False
A0-B0-C0-r157,20276041,16,185,2.0,2.0,2.0,2.0,1.0,5841,1.863750807601964,1.4760448842095584,185,185,1,0,False
A0-B0-C0-r158,20276138,1,2000,5.0,5.0,5.0,5.0,1.0,10371,0.9581777155383879,1.33131642928768,2000,2000,1,0,False
A0-B0-C0-r158,20276138,2,1066,4.0,4.0,4.333333333333333,4.333333333333333,1.0,9300,0.9581777155383879,1.33131642928768,1066,1066,1,0,False
A0-B0-C0-r158,20276138,4,580,3.0,3.0,3.3333333333333335,3.3333333333333335,1.0,8484,0.9581777155383879,1.33131642928768,580,580,1,0,False
A0-B0-C0-r158,20276138,8,349,3.0,3.0,3.3333333333333335,3.3333333333333335,1.0,7252,0.9581777155383879,1.33131642928768,349,349,1,0,False
A0-B0-C0-r158,20276138,16,220,3.0,3.0,3.0,3.0,1.0,4915,0.9581777155383879,1.33131642928768,220,220,1,0,False
A0-B0-C0-r159,20276235,1,2000,5.0,5.0,5.0,5.0,1.0,12541,1.5680748552538195,1.5112812186897864,2000,2000,1,0,False
A0-B0-C0-r159,20276235,2,1048,4.0,4.0,4.0,4.0,1.0,11427,1.5680748552538195,1.5112812186897864,1048,1048,1,0,False
A0-B0-C0-r159,20276235,4,566,4.0,4.0,3.0,3.0,1.0,10451,1.5680748552538195,1.5112812186897864,566,566,1,0,False
A0-B0-C0-r159,20276235,8,328,3.0,3.0,3.0,3.0,1.0,8837,1.5680748552538195,1.5112812186897864,328,328,1,0,False
A0-B0-C0-r159,20276235,16,222,2.0,2.0,2.3333333333333335,2.3333333333333335,1.0,5912,1.5680748552538195,1.5112812186897864,222,222,1,0,False
A0-B0-C0-r160,20276332,1,2000,5.0,5.0,4.666666666666667,4.666666666666667,1.0,11897,2.140730602826037,1.4969032440955756,2000,2000,1,0,False
A0-B0-C0-r160,20276332,2,1059,4.0,4.0,4.0,4.0,1.0,10798,2.140730602826037,1.4969032440955756,1059,1059,1,0,False
A0-B0-C0-r160,20276332,4,574,3.0,3.0,3.0,3.0,1.0,9865,2.140730602826037,1.4969032440955756,574,574,1,0,False
A0-B0-C0-r160,20276332,8,317,3.0,3.0,3.0,3.0,1.0,8321,2.140730602826037,1.4969032440955756,317,317,1,0,False
A0-B0-C0-r160,20276332,16,202,2.0,2.0,2.0,2.0,1.0,5456,2.140730602826037,1.4969032440955756,202,202,1,0,False
A0-B0-C0-r161,20276429,1,2000,4.0,4.0,4.0,4.0,1.0,16603,1.9983924129904047,1.4331953912889925,2000,2000,1,0,False
A0-B0-C0-r161,20276429,2,1043,3.0,3.0,3.0,3.0,1.0,15413,1.9983924129904047,1.4331953912889925,1043,1043,1,0,False
A0-B0-C0-r161,20276429,4,552,3.0,3.0,3.0,3.0,1.0,14180,1.9983924129904047,1.4331953912889925,552,552,1,0,False
A0-B0-C0-r161,20276429,8,311,2.0,2.0,2.6666666666666665,2.6666666666666665,1.0,11838,1.9983924129904047,1.4331953912889925,311,311,1,0,False
A0-B0-C0-r161,20276429,16,196,2.0,2.0,2.0,2.0,1.0,7115,1.9983924129904047,1.4331953912889925,196,196,1,0,False
A0-B0-C0-r162,20276526,1,2000,4.0,4.0,4.0,4.0,1.0,15819,1.9579949496510685,1.4935886968937733,2000,2000,1,0,False
A0-B0-C0-r162,20276526,2,1038,3.0,3.0,3.3333333333333335,3.3333333333333335,1.0,14616,1.9579949496510685,1.4935886968937733,1038,1038,1,0,False
A0-B0-C0-r162,20276526,4,553,3.0,3.0,3.0,3.0,1.0,13504,1.9579949496510685,1.4935886968937733,553,553,1,0,False
A0-B0-C0-r162,20276526,8,310,2.0,2.0,2.3333333333333335,2.3333333333333335,1.0,11319,1.9579949496510685,1.4935886968937733,310,310,1,0,False
A0-B0-C0-r162,20276526,16,185,2.0,2.0,2.0,2.0,1.0,6863,1.9579949496510685,1.4935886968937733,185,185,1,0,False
A0-B0-C0-r163,20276623,1,2000,4.0,4.0,4.333333333333333,4.333333333333333,1.0,15836,1.959688848172899,1.4941878460913571,2000,2000,1,0,False
A0-B0-C0-r163,20276623,2,1038,4.0,4.0,3.0,3.0,1.0,14647,1.959688848172899,1.4941878460913571,1038,1038,1,0,False
A0-B0-C0-r163,20276623,4,556,3.0,3.0,3.0,3.0,1.0,13529,1.959688848172899,1.4941878460913571,556,556,1,0,False
A0-B0-C0-r163,20276623,8,315,2.0,2.0,2.6666666666666665,2.6666666666666665,1.0,11271,1.959688848172899,1.4941878460913571,315,315,1,0,False
A0-B0-C0-r163,20276623,16,195,2.0,2.0,2.0,2.0,1.0,6881,1.959688848172899,1.4941878460913571,195,195,1,0,False
A0-B0-C0-r164,20276720,1,2000,5.0,5.0,4.0,4.0,1.0,13744,1.6247217865007924,1.49053829005781,2000,2000,1,0,False
A0-B0-C0-r164,20276720,2,1052,4.0,4.0,4.0,4.0,1.0,12579,1.6247217865007924,1.49053829005781,1052,1052,1,0,False
A0-B0-C0-r164,20276720,4,556,3.0,3.0,3.0,3.0,1.0,11577,1.6247217865007924,1.49053829005781,556,556,1,0,False
A0-B0-C0-r164,20276720,8,320,3.0,3.0,3.0,3.0,1.0,9754,1.6247217865007924,1.49053829005781,320,320,1,0,False
A0-B0-C0-r164,20276720,16,189,2.0,2.0,2.0,2.0,1.0,6267,1.6247217865007924,1.49053829005781,189,189,1,0,False
A0-B0-C0-r165,20276817,1,2000,4.0,4.0,4.0,4.0,1.0,17557,1.7844372646485227,1.5281245417865394,2000,2000,1,0,False
A0-B0-C0-r165,20276817,2,1032,3.0,3.0,3.0,3.0,1.0,16339,1.7844372646485227,1.5281245417865394,1032,1032,1,0,False
A0-B0-C0-r165,20276817,4,548,3.0,3.0,3.0,3.0,1.0,15098,1.7844372646485227,1.5281245417865394,548,548,1,0,False
A0-B0-C0-r165,20276817,8,297,2.0,2.0,2.0,2.0,1.0,12515,1.7844372646485227,1.5281245417865394,297,297,1,0,False
A0-B0-C0-r165,20276817,16,180,2.0,2.0,2.0,2.0,1.0,7297,1.7844372646485227,1.5281245417865394,180,180,1,0,False
A0-B0-C0-r166,20276914,1,2000,4.0,4.0,4.0,4.0,1.0,14965,1.8003941476815652,1.52061670742922,2000,2000,1,0,False
A0-B0-C0-r166,20276914,2,1039,3.0,3.0,3.3333333333333335,3.3333333333333335,1.0,13800,1.8003941476815652,1.52061670742922,1039,1039,1,0,False
A0-B0-C0-r166,20276914,4,556,3.0,3.0,3.0,3.0,1.0,12735,1.8003941476815652,1.52061670742922,556,556,1,0,False
A0-B0-C0-r166,20276914,8,313,2.0,2.0,2.6666666666666665,2.6666666666666665,1.0,10675,1.8003941476815652,1.52061670742922,313,313,1,0,False
A0-B0-C0-r166,20276914,16,200,2.0,2.0,2.0,2.0,1.0,6618,1.8003941476815652,1.52061670742922,200,200,1,0,False
A0-B0-C0-r167,20277011,1,2000,4.0,4.0,4.0,4.0,1.0,17417,1.9836862364582506,1.5056863207121767,2000,2000,1,0,False
A0-B0-C0-r167,20277011,2,1034,3.0,3.0,3.0,3.0,1.0,16204,1.9836862364582506,1.5056863207121767,1034,1034,1,0,False
A0-B0-C0-r167,20277011,4,548,3.0,3.0,3.0,3.0,1.0,14937,1.9836862364582506,1.5056863207121767,548,548,1,0,False
A0-B0-C0-r167,20277011,8,304,2.0,2.0,2.6666666666666665,2.6666666666666665,1.0,12385,1.9836862364582506,1.5056863207121767,304,304,1,0,False
A0-B0-C0-r167,20277011,16,180,2.0,2.0,2.0,2.0,1.0,7074,1.9836862364582506,1.5056863207121767,180,180,1,0,False
A0-B0-C0-r168,20277108,1,2000,4.0,4.0,4.0,4.0,1.0,20219,2.0999439249554115,1.4638238720005832,2000,2000,1,0,False
A0-B0-C0-r168,20277108,2,1030,3.0,3.0,3.0,3.0,1.0,18980,2.0999439249554115,1.4638238720005832,1030,1030,1,0,False
A0-B0-C0-r168,20277108,4,547,3.0,3.0,3.0,3.0,1.0,17571,2.0999439249554115,1.4638238720005832,547,547,1,0,False
A0-B0-C0-r168,20277108,8,295,2.0,2.0,2.0,2.0,1.0,14242,2.0999439249554115,1.4638238720005832,295,295,1,0,False
A0-B0-C0-r168,20277108,16,177,2.0,2.0,2.0,2.0,1.0,7685,2.0999439249554115,1.4638238720005832,177,177,1,0,False
A0-B0-C0-r169,20277205,1,2000,4.0,4.0,4.0,4.0,1.0,17086,2.1053706365916516,1.4957390259180878,2000,2000,1,0,False
A0-B0-C0-r169,20277205,2,1034,3.0,3.0,3.0,3.0,1.0,15885,2.1053706365916516,1.4957390259180878,1034,1034,1,0,False
A0-B0-C0-r169,20277205,4,552,3.0,3.0,3.0,3.0,1.0,14659,2.1053706365916516,1.4957390259180878,552,552,1,0,False
A0-B0-C0-r169,20277205,8,299,2.0,2.0,2.0,2.0,1.0,12141,2.1053706365916516,1.4957390259180878,299,299,1,0,False
A0-B0-C0-r169,20277205,16,172,2.0,2.0,2.0,2.0,1.0,7066,2.1053706365916516,1.4957390259180878,172,172,1,0,False
A0-B0-C0-r170,20277302,1,2000,4.0,4.0,4.0,4.0,1.0,17745,2.0062497288579433,1.4807645761953165,2000,2000,1,0,False
A0-B0-C0-r170,20277302,2,1034,3.0,3.0,3.0,3.0,1.0,16530,2.0062497288579433,1.4807645761953165,1034,1034,1,0,False
A0-B0-C0-r170,20277302,4,552,3.0,3.0,3.0,3.0,1.0,15271,2.0062497288579433,1.4807645761953165,552,552,1,0,False
A0-B0-C0-r170,20277302,8,305,2.0,2.0,2.3333333333333335,2.3333333333333335,1.0,12545,2.0062497288579433,1.4807645761953165,305,305,1,0,False
A0-B0-C0-r170,20277302,16,183,2.0,2.0,2.0,2.0,1.0,7246,2.0062497288579433,1.4807645761953165,183,183,1,0,False
A0-B0-C0-r171,20277399,1,2000,4.0,4.0,4.0,4.0,1.0,16238,1.9204865442243295,1.4229143895703595,2000,2000,1,0,False
A0-B0-C0-r171,20277399,2,1047,3.0,3.0,3.0,3.0,1.0,15067,1.9204865442243295,1.4229143895703595,1047,1047,1,0,False
A0-B0-C0-r171,20277399,4,563,3.0,3.0,3.0,3.0,1.0,13874,1.9204865442243295,1.4229143895703595,563,563,1,0,False
A0-B0-C0-r171,20277399,8,314,2.0,2.0,2.3333333333333335,2.3333333333333335,1.0,11593,1.9204865442243295,1.4229143895703595,314,314,1,0,False
A0-B0-C0-r171,20277399,16,191,2.0,2.0,2.0,2.0,1.0,6962,1.9204865442243295,1.4229143895703595,191,191,1,0,False
A0-B0-C0-r172,20277496,1,2000,4.0,4.0,4.0,4.0,1.0,19298,1.461781205838514,1.3941145839654412,2000,2000,1,0,False
A0-B0-C0-r172,20277496,2,1027,3.0,3.0,3.0,3.0,1.0,18074,1.461781205838514,1.3941145839654412,1027,1027,1,0,False
A0-B0-C0-r172,20277496,4,548,3.0,3.0,3.0,3.0,1.0,16654,1.461781205838514,1.3941145839654412,548,548,1,0,False
A0-B0-C0-r172,20277496,8,287,2.0,2.0,2.0,2.0,1.0,13567,1.461781205838514,1.3941145839654412,287,287,1,0,False
A0-B0-C0-r172,20277496,16,174,2.0,2.0,2.0,2.0,1.0,7543,1.461781205838514,1.3941145839654412,174,174,1,0,False
A0-B0-C0-r173,20277593,1,2000,5.0,5.0,5.0,5.0,1.0,11168,1.5648143197996678,1.497487898111212,2000,2000,1,0,False
A0-B0-C0-r173,20277593,2,1063,4.0,4.0,4.0,4.0,1.0,10085,1.5648143197996678,1.497487898111212,1063,1063,1,0,False
A0-B0-C0-r173,20277593,4,588,3.0,3.0,3.0,3.0,1.0,9206,1.5648143197996678,1.497487898111212,588,588,1,0,False
A0-B0-C0-r173,20277593,8,340,3.0,3.0,3.3333333333333335,3.3333333333333335,1.0,7782,1.5648143197996678,1.497487898111212,340,340,1,0,False
A0-B0-C0-r173,20277593,16,201,3.0,3.0,2.3333333333333335,2.3333333333333335,1.0,5103,1.5648143197996678,1.497487898111212,201,201,1,0,False
A0-B0-C0-r174,20277690,1,2000,6.0,6.0,5.333333333333333,5.333333333333333,1.0,9522,0.9354057842798283,1.3968024196699078,2000,2000,1,0,False
A0-B0-C0-r174,20277690,2,1063,5.0,5.0,4.333333333333333,4.333333333333333,1.0,8455,0.9354057842798283,1.3968024196699078,1063,1063,1,0,False
A0-B0-C0-r174,20277690,4,597,4.0,4.0,3.6666666666666665,3.6666666666666665,1.0,7681,0.9354057842798283,1.3968024196699078,597,597,1,0,False
A0-B0-C0-r174,20277690,8,341,4.0,4.0,4.0,4.0,1.0,6525,0.9354057842798283,1.3968024196699078,341,341,1,0,False
A0-B0-C0-r174,20277690,16,218,3.0,3.0,2.6666666666666665,2.6666666666666665,1.0,4456,0.9354057842798283,1.3968024196699078,218,218,1,0,False
A0-B0-C0-r175,20277787,1,2000,4.0,4.0,4.0,4.0,1.0,17411,1.967502021089193,1.483767893557698,2000,2000,1,0,False
A0-B0-C0-r175,20277787,2,1039,3.0,3.0,3.0,3.0,1.0,16243,1.967502021089193,1.483767893557698,1039,1039,1,0,False
A0-B0-C0-r175,20277787,4,556,3.0,3.0,3.0,3.0,1.0,15015,1.967502021089193,1.483767893557698,556,556,1,0,False
A0-B0-C0-r175,20277787,8,303,2.0,2.0,2.0,2.0,1.0,12402,1.967502021089193,1.483767893557698,303,303,1,0,False
A0-B0-C0-r175,20277787,16,173,2.0,2.0,2.0,2.0,1.0,7155,1.967502021089193,1.483767893557698,173,173,1,0,False
A0-B0-C0-r176,20277884,1,2000,4.0,4.0,4.0,4.0,1.0,18829,1.8629110933576019,1.4951986196230589,2000,2000,1,0,False
A0-B0-C0-r176,20277884,2,1041,3.0,3.0,3.0,3.0,1.0,17588,1.8629110933576019,1.4951986196230589,1041,1041,1,0,False
A0-B0-C0-r176,20277884,4,542,3.0,3.0,3.0,3.0,1.0,16214,1.8629110933576019,1.4951986196230589,542,542,1,0,False
A0-B0-C0-r176,20277884,8,295,2.0,2.0,2.0,2.0,1.0,13218,1.8629110933576019,1.4951986196230589,295,295,1,0,False
A0-B0-C0-r176,20277884,16,181,2.0,2.0,2.0,2.0,1.0,7509,1.8629110933576019,1.4951986196230589,181,181,1,0,False
A0-B0-C0-r177,20277981,1,2000,4.0,4.0,4.0,4.0,1.0,15680,1.832847533345513,1.5104195650832244,2000,2000,1,0,False
A0-B0-C0-r177,20277981,2,1042,3.0,3.0,3.0,3.0,1.0,14511,1.832847533345513,1.5104195650832244,1042,1042,1,0,False
A0-B0-C0-r177,20277981,4,551,3.0,3.0,3.0,3.0,1.0,13324,1.832847533345513,1.5104195650832244,551,551,1,0,False
A0-B0-C0-r177,20277981,8,309,3.0,3.0,2.3333333333333335,2.3333333333333335,1.0,11253,1.832847533345513,1.5104195650832244,309,309,1,0,False
A0-B0-C0-r177,20277981,16,179,2.0,2.0,2.0,2.0,1.0,6827,1.832847533345513,1.5104195650832244,179,179,1,0,False
A0-B0-C0-r178,20278078,1,2000,6.0,6.0,5.0,5.0,1.0,10002,0.975102920069092,1.4012910943078591,2000,2000,1,0,False
A0-B0-C0-r178,20278078,2,1065,4.0,4.0,4.333333333333333,4.333333333333333,1.0,8943,0.975102920069092,1.4012910943078591,1065,1065,1,0,False
A0-B0-C0-r178,20278078,4,593,4.0,4.0,3.0,3.0,1.0,8135,0.975102920069092,1.4012910943078591,593,593,1,0,False
A0-B0-C0-r178,20278078,8,347,3.0,3.0,3.0,3.0,1.0,6899,0.975102920069092,1.4012910943078591,347,347,1,0,False
A0-B0-C0-r178,20278078,16,251,3.0,3.0,2.6666666666666665,2.6666666666666665,1.0,4808,0.975102920069092,1.4012910943078591,251,251,1,0,False
A0-B0-C0-r179,20278175,1,2000,5.0,5.0,4.0,4.0,1.0,13492,1.6008001236763154,1.5141858834153654,2000,2000,1,0,False
A0-B0-C0-r179,20278175,2,1053,4.0,4.0,3.3333333333333335,3.3333333333333335,1.0,12379,1.6008001236763154,1.5141858834153654,1053,1053,1,0,False
A0-B0-C0-r179,20278175,4,567,3.0,3.0,3.0,3.0,1.0,11367,1.6008001236763154,1.5141858834153654,567,567,1,0,False
A0-B0-C0-r179,20278175,8,329,3.0,3.0,3.0,3.0,1.0,9560,1.6008001236763154,1.5141858834153654,329,329,1,0,False
A0-B0-C0-r179,20278175,16,187,2.0,2.0,2.0,2.0,1.0,6030,1.6008001236763154,1.5141858834153654,187,187,1,0,False
A0-B0-C0-r180,20278272,1,2000,5.0,5.0,4.0,4.0,1.0,14074,1.606321147225998,1.5077492156216228,2000,2000,1,0,False
A0-B0-C0-r180,20278272,2,1048,4.0,4.0,3.3333333333333335,3.3333333333333335,1.0,12924,1.606321147225998,1.5077492156216228,1048,1048,1,0,False
A0-B0-C0-r180,20278272,4,563,3.0,3.0,3.0,3.0,1.0,11864,1.606321147225998,1.5077492156216228,563,563,1,0,False
A0-B0-C0-r180,20278272,8,325,3.0,3.0,2.6666666666666665,2.6666666666666665,1.0,9914,1.606321147225998,1.5077492156216228,325,325,1,0,False
A0-B0-C0-r180,20278272,16,191,2.0,2.0,2.0,2.0,1.0,6228,1.606321147225998,1.5077492156216228,191,191,1,0,False
A0-B0-C0-r181,20278369,1,2000,4.0,4.0,4.0,4.0,1.0,15654,1.8234609833660897,1.4841301979777637,2000,2000,1,0,False
A0-B0-C0-r181,20278369,2,1045,3.0,3.0,3.0,3.0,1.0,14507,1.8234609833660897,1.4841301979777637,1045,1045,1,0,False
A0-B0-C0-r181,20278369,4,558,3.0,3.0,3.0,3.0,1.0,13390,1.8234609833660897,1.4841301979777637,558,558,1,0,False
A0-B0-C0-r181,20278369,8,320,3.0,3.0,2.6666666666666665,2.6666666666666665,1.0,11186,1.8234609833660897,1.4841301979777637,320,320,1,0,False
A0-B0-C0-r181,20278369,16,192,2.0,2.0,2.0,2.0,1.0,6881,1.8234609833660897,1.4841301979777637,192,192,1,0,False
A0-B0-C0-r182,20278466,1,2000,4.0,4.0,4.0,4.0,1.0,18671,2.0964392892772237,1.523761749203705,2000,2000,1,0,False
A0-B0-C0-r182,20278466,2,1032,3.0,3.0,3.0,3.0,1.0,17463,2.0964392892772237,1.523761749203705,1032,1032,1,0,False
A0-B0-C0-r182,20278466,4,546,3.0,3.0,3.0,3.0,1.0,16139,2.0964392892772237,1.523761749203705,546,546,1,0,False
A0-B0-C0-r182,20278466,8,306,2.0,2.0,2.0,2.0,1.0,13273,2.0964392892772237,1.523761749203705,306,306,1,0,False
A0-B0-C0-r182,20278466,16,179,2.0,2.0,2.0,2.0,1.0,7517,2.0964392892772237,1.523761749203705,179,179,1,0,False
A0-B0-C0-r183,20278563,1,2000,5.0,5.0,4.333333333333333,4.333333333333333,1.0,13013,1.7978113491141388,1.4437473880043192,2000,2000,1,0,False
A0-B0-C0-r183,20278563,2,1051,4.0,4.0,3.3333333333333335,3.3333333333333335,1.0,11886,1.7978113491141388,1.4437473880043192,1051,1051,1,0,False
A0-B0-C0-r183,20278563,4,567,3.0,3.0,3.0,3.0,1.0,10934,1.7978113491141388,1.4437473880043192,567,567,1,0,False
A0-B0-C0-r183,20278563,8,319,3.0,3.0,3.0,3.0,1.0,9151,1.7978113491141388,1.4437473880043192,319,319,1,0,False
A0-B0-C0-r183,20278563,16,186,2.0,2.0,2.0,2.0,1.0,5847,1.7978113491141388,1.4437473880043192,186,186,1,0,False
A0-B0-C0-r184,20278660,1,2000,4.0,4.0,4.0,4.0,1.0,16145,2.0785355603472238,1.5131437911195669,2000,2000,1,0,False
A0-B0-C0-r184,20278660,2,1041,3.0,3.0,3.0,3.0,1.0,14953,2.0785355603472238,1.5131437911195669,1041,1041,1,0,False
A0-B0-C0-r184,20278660,4,560,3.0,3.0,3.0,3.0,1.0,13838,2.0785355603472238,1.5131437911195669,560,560,1,0,False
A0-B0-C0-r184,20278660,8,301,3.0,3.0,2.6666666666666665,2.6666666666666665,1.0,11467,2.0785355603472238,1.5131437911195669,301,301,1,0,False
A0-B0-C0-r184,20278660,16,178,2.0,2.0,2.0,2.0,1.0,6889,2.0785355603472238,1.5131437911195669,178,178,1,0,False
A0-B0-C0-r185,20278757,1,2000,4.0,4.0,4.0,4.0,1.0,14236,1.7854744420016389,1.5143377844678945,2000,2000,1,0,False
A0-B0-C0-r185,20278757,2,1052,4.0,4.0,3.0,3.0,1.0,13105,1.7854744420016389,1.5143377844678945,1052,1052,1,0,False
A0-B0-C0-r185,20278757,4,568,3.0,3.0,3.0,3.0,1.0,12078,1.7854744420016389,1.5143377844678945,568,568,1,0,False
A0-B0-C0-r185,20278757,8,324,3.0,3.0,3.0,3.0,1.0,10059,1.7854744420016389,1.5143377844678945,324,324,1,0,False
A0-B0-C0-r185,20278757,16,211,2.0,2.0,2.0,2.0,1.0,6548,1.7854744420016389,1.5143377844678945,211,211,1,0,False
A0-B0-C0-r186,20278854,1,2000,5.0,5.0,5.0,5.0,1.0,10615,1.379532780919362,1.5187665815378901,2000,2000,1,0,False
A0-B0-C0-r186,20278854,2,1070,4.0,4.0,4.333333333333333,4.333333333333333,1.0,9550,1.379532780919362,1.5187665815378901,1070,1070,1,0,False
A0-B0-C0-r186,20278854,4,579,3.0,3.0,3.6666666666666665,3.6666666666666665,1.0,8697,1.379532780919362,1.5187665815378901,579,579,1,0,False
A0-B0-C0-r186,20278854,8,344,4.0,4.0,3.0,3.0,1.0,7271,1.379532780919362,1.5187665815378901,344,344,1,0,False
A0-B0-C0-r186,20278854,16,230,3.0,3.0,2.3333333333333335,2.3333333333333335,1.0,4985,1.379532780919362,1.5187665815378901,230,230,1,0,False
A0-B0-C0-r187,20278951,1,2000,5.0,5.0,5.0,5.0,1.0,13478,1.8796074938153748,1.4854198019661362,2000,2000,1,0,False
A0-B0-C0-r187,20278951,2,1047,4.0,4.0,3.6666666666666665,3.6666666666666665,1.0,12344,1.8796074938153748,1.4854198019661362,1047,1047,1,0,False
A0-B0-C0-r187,20278951,4,560,3.0,3.0,3.0,3.0,1.0,11382,1.8796074938153748,1.4854198019661362,560,560,1,0,False
A0-B0-C0-r187,20278951,8,305,3.0,3.0,3.0,3.0,1.0,9456,1.8796074938153748,1.4854198019661362,305,305,1,0,False
A0-B0-C0-r187,20278951,16,205,2.0,2.0,2.0,2.0,1.0,6122,1.8796074938153748,1.4854198019661362,205,205,1,0,False
A0-B0-C0-r188,20279048,1,2000,5.0,5.0,4.666666666666667,4.666666666666667,1.0,12487,2.1062169450631054,1.5201699571602743,2000,2000,1,0,False
A0-B0-C0-r188,20279048,2,1048,4.0,4.0,4.0,4.0,1.0,11366,2.1062169450631054,1.5201699571602743,1048,1048,1,0,False
A0-B0-C0-r188,20279048,4,573,3.0,3.0,3.3333333333333335,3.3333333333333335,1.0,10401,2.1062169450631054,1.5201699571602743,573,573,1,0,False
A0-B0-C0-r188,20279048,8,324,3.0,3.0,3.0,3.0,1.0,8904,2.1062169450631054,1.5201699571602743,324,324,1,0,False
A0-B0-C0-r188,20279048,16,198,2.0,2.0,2.0,2.0,1.0,5760,2.1062169450631054,1.5201699571602743,198,198,1,0,False
A0-B0-C0-r189,20279145,1,2000,6.0,6.0,5.0,5.0,1.0,9872,0.9104111838410106,1.393572174922262,2000,2000,1,0,False
A0-B0-C0-r189,20279145,2,1075,5.0,5.0,4.0,4.0,1.0,8825,0.9104111838410106,1.393572174922262,1075,1075,1,0,False
A0-B0-C0-r189,20279145,4,588,4.0,4.0,4.0,4.0,1.0,7999,0.9104111838410106,1.393572174922262,588,588,1,0,False
A0-B0-C0-r189,20279145,8,354,4.0,4.0,3.3333333333333335,3.3333333333333335,1.0,6741,0.9104111838410106,1.393572174922262,354,354,1,0,False
A0-B0-C0-r189,20279145,16,229,3.0,3.0,2.6666666666666665,2.6666666666666665,1.0,4591,0.9104111838410106,1.393572174922262,229,229,1,0,False
A0-B0-C0-r190,20279242,1,2000,4.0,4.0,4.0,4.0,1.0,16527,2.082490803431593,1.4594251366261766,2000,2000,1,0,False
A0-B0-C0-r190,20279242,2,1042,3.0,3.0,3.0,3.0,1.0,15337,2.082490803431593,1.4594251366261766,1042,1042,1,0,False
A0-B0-C0-r190,20279242,4,561,3.0,3.0,3.0,3.0,1.0,14191,2.082490803431593,1.4594251366261766,561,561,1,0,False
A0-B0-C0-r190,20279242,8,310,2.0,2.0,3.0,3.0,1.0,11769,2.082490803431593,1.4594251366261766,310,310,1,0,False
A0-B0-C0-r190,20279242,16,174,2.0,2.0,2.0,2.0,1.0,6982,2.082490803431593,1.4594251366261766,174,174,1,0,False
A0-B0-C0-r191,20279339,1,2000,6.0,6.0,5.0,5.0,1.0,9827,1.2508942784920327,1.5162377374173006,2000,2000,1,0,False
A0-B0-C0-r191,20279339,2,1078,5.0,5.0,4.0,4.0,1.0,8775,1.2508942784920327,1.5162377374173006,1078,1078,1,0,False
A0-B0-C0-r191,20279339,4,593,5.0,5.0,3.0,3.0,1.0,7977,1.2508942784920327,1.5162377374173006,593,593,1,0,False
A0-B0-C0-r191,20279339,8,350,3.0,3.0,3.0,3.0,1.0,6715,1.2508942784920327,1.5162377374173006,350,350,1,0,False
A0-B0-C0-r191,20279339,16,220,4.0,4.0,3.6666666666666665,3.6666666666666665,1.0,4549,1.2508942784920327,1.5162377374173006,220,220,1,0,False
A0-B0-C0-r192,20279436,1,2000,5.0,5.0,4.666666666666667,4.666666666666667,1.0,13596,1.1926443226898065,1.4153989944580498,2000,2000,1,0,False
A0-B0-C0-r192,20279436,2,1050,4.0,4.0,4.0,4.0,1.0,12468,1.1926443226898065,1.4153989944580498,1050,1050,1,0,False
A0-B0-C0-r192,20279436,4,567,3.0,3.0,3.0,3.0,1.0,11467,1.1926443226898065,1.4153989944580498,567,567,1,0,False
A0-B0-C0-r192,20279436,8,310,3.0,3.0,3.0,3.0,1.0,9593,1.1926443226898065,1.4153989944580498,310,310,1,0,False
A0-B0-C0-r192,20279436,16,196,2.0,2.0,2.0,2.0,1.0,6245,1.1926443226898065,1.4153989944580498,196,196,1,0,False
A0-B0-C0-r193,20279533,1,2000,5.0,5.0,4.0,4.0,1.0,14351,1.7264044849741222,1.501982995074311,2000,2000,1,0,False
A0-B0-C0-r193,20279533,2,1046,4.0,4.0,3.6666666666666665,3.6666666666666665,1.0,13224,1.7264044849741222,1.501982995074311,1046,1046,1,0,False
A0-B0-C0-r193,20279533,4,560,3.0,3.0,3.0,3.0,1.0,12187,1.7264044849741222,1.501982995074311,560,560,1,0,False
A0-B0-C0-r193,20279533,8,328,3.0,3.0,3.0,3.0,1.0,10297,1.7264044849741222,1.501982995074311,328,328,1,0,False
A0-B0-C0-r193,20279533,16,186,2.0,2.0,2.0,2.0,1.0,6426,1.7264044849741222,1.501982995074311,186,186,1,0,False
A0-B0-C0-r194,20279630,1,2000,4.0,4.0,4.0,4.0,1.0,18666,1.8677484224756338,1.5742499266310237,2000,2000,1,0,False
A0-B0-C0-r194,20279630,2,1035,3.0,3.0,3.0,3.0,1.0,17406,1.8677484224756338,1.5742499266310237,1035,1035,1,0,False
A0-B0-C0-r194,20279630,4,556,3.0,3.0,3.0,3.0,1.0,16153,1.8677484224756338,1.5742499266310237,556,556,1,0,False
A0-B0-C0-r194,20279630,8,295,2.0,2.0,2.0,2.0,1.0,13263,1.8677484224756338,1.5742499266310237,295,295,1,0,False
A0-B0-C0-r194,20279630,16,184,2.0,2.0,2.0,2.0,1.0,7520,1.8677484224756338,1.5742499266310237,184,184,1,0,False
A0-B0-C0-r195,20279727,1,2000,6.0,6.0,5.333333333333333,5.333333333333333,1.0,8828,1.1762918603280779,1.5856700315990189,2000,2000,1,0,False
A0-B0-C0-r195,20279727,2,1074,5.0,5.0,4.666666666666667,4.666666666666667,1.0,7806,1.1762918603280779,1.5856700315990189,1074,1074,1,0,False
A0-B0-C0-r195,20279727,4,603,4.0,4.0,4.0,4.0,1.0,7055,1.1762918603280779,1.5856700315990189,603,603,1,0,False
A0-B0-C0-r195,20279727,8,354,3.0,3.0,3.3333333333333335,3.3333333333333335,1.0,5977,1.1762918603280779,1.5856700315990189,354,354,1,0,False
A0-B0-C0-r195,20279727,16,244,4.0,4.0,3.0,3.0,1.0,4228,1.1762918603280779,1.5856700315990189,244,244,1,0,False
A0-B0-C0-r196,20279824,1,2000,5.0,5.0,4.0,4.0,1.0,13556,1.561674976408939,1.4800000332160252,2000,2000,1,0,False
A0-B0-C0-r196,20279824,2,1044,4.0,4.0,3.6666666666666665,3.6666666666666665,1.0,12415,1.561674976408939,1.4800000332160252,1044,1044,1,0,False
A0-B0-C0-r196,20279824,4,567,3.0,3.0,3.0,3.0,1.0,11452,1.561674976408939,1.4800000332160252,567,567,1,0,False
A0-B0-C0-r196,20279824,8,317,3.0,3.0,3.0,3.0,1.0,9531,1.561674976408939,1.4800000332160252,317,317,1,0,False
A0-B0-C0-r196,20279824,16,194,3.0,3.0,2.0,2.0,1.0,6054,1.561674976408939,1.4800000332160252,194,194,1,0,False
A0-B0-C0-r197,20279921,1,2000,5.0,5.0,4.333333333333333,4.333333333333333,1.0,13732,1.665809110864404,1.464459579627181,2000,2000,1,0,False
A0-B0-C0-r197,20279921,2,1054,4.0,4.0,4.0,4.0,1.0,12605,1.665809110864404,1.464459579627181,1054,1054,1,0,False
A0-B0-C0-r197,20279921,4,568,3.0,3.0,3.0,3.0,1.0,11513,1.665809110864404,1.464459579627181,568,568,1,0,False
A0-B0-C0-r197,20279921,8,324,3.0,3.0,3.0,3.0,1.0,9704,1.665809110864404,1.464459579627181,324,324,1,0,False
A0-B0-C0-r197,20279921,16,196,2.0,2.0,2.0,2.0,1.0,6100,1.665809110864404,1.464459579627181,196,196,1,0,False
A0-B0-C0-r198,20280018,1,2000,5.0,5.0,4.333333333333333,4.333333333333333,1.0,13505,2.100061311318777,1.5079984098902002,2000,2000,1,0,False
A0-B0-C0-r198,20280018,2,1050,4.0,4.0,4.0,4.0,1.0,12405,2.100061311318777,1.5079984098902002,1050,1050,1,0,False
A0-B0-C0-r198,20280018,4,566,3.0,3.0,3.3333333333333335,3.3333333333333335,1.0,11355,2.100061311318777,1.5079984098902002,566,566,1,0,False
A0-B0-C0-r198,20280018,8,321,3.0,3.0,3.0,3.0,1.0,9556,2.100061311318777,1.5079984098902002,321,321,1,0,False
A0-B0-C0-r198,20280018,16,191,2.0,2.0,2.0,2.0,1.0,6075,2.100061311318777,1.5079984098902002,191,191,1,0,False
A0-B0-C0-r199,20280115,1,2000,5.0,5.0,4.333333333333333,4.333333333333333,1.0,14175,1.7574598996886837,1.5211356535638134,2000,2000,1,0,False
A0-B0-C0-r199,20280115,2,1040,3.0,3.0,3.6666666666666665,3.6666666666666665,1.0,13026,1.7574598996886837,1.5211356535638134,1040,1040,1,0,False
A0-B0-C0-r199,20280115,4,560,3.0,3.0,3.0,3.0,1.0,11991,1.7574598996886837,1.5211356535638134,560,560,1,0,False
A0-B0-C0-r199,20280115,8,309,3.0,3.0,2.6666666666666665,2.6666666666666665,1.0,10065,1.7574598996886837,1.5211356535638134,309,309,1,0,False
A0-B0-C0-r199,20280115,16,194,2.0,2.0,2.0,2.0,1.0,6286,1.7574598996886837,1.5211356535638134,194,194,1,0,False
A0-B0-C0-r200,20280212,1,2000,4.0,4.0,4.0,4.0,1.0,18757,1.3860900374985106,1.400116044840462,2000,2000,1,0,False
A0-B0-C0-r200,20280212,2,1037,3.0,3.0,3.0,3.0,1.0,17505,1.3860900374985106,1.400116044840462,1037,1037,1,0,False
A0-B0-C0-r200,20280212,4,551,3.0,3.0,3.0,3.0,1.0,16227,1.3860900374985106,1.400116044840462,551,551,1,0,False
A0-B0-C0-r200,20280212,8,294,2.0,2.0,2.0,2.0,1.0,13122,1.3860900374985106,1.400116044840462,294,294,1,0,False
A0-B0-C0-r200,20280212,16,193,2.0,2.0,2.0,2.0,1.0,7604,1.3860900374985106,1.400116044840462,193,193,1,0,False
A0-B0-C0-r201,20280309,1,2000,5.0,5.0,5.0,5.0,1.0,11402,1.6465685333733364,1.5277770280526703,2000,2000,1,0,False
A0-B0-C0-r201,20280309,2,1056,4.0,4.0,4.333333333333333,4.333333333333333,1.0,10319,1.6465685333733364,1.5277770280526703,1056,1056,1,0,False
A0-B0-C0-r201,20280309,4,579,4.0,4.0,3.6666666666666665,3.6666666666666665,1.0,9417,1.6465685333733364,1.5277770280526703,579,579,1,0,False
A0-B0-C0-r201,20280309,8,334,3.0,3.0,3.3333333333333335,3.3333333333333335,1.0,7958,1.6465685333733364,1.5277770280526703,334,334,1,0,False
A0-B0-C0-r201,20280309,16,207,3.0,3.0,2.3333333333333335,2.3333333333333335,1.0,5287,1.6465685333733364,1.5277770280526703,207,207,1,0,False
A0-B0-C0-r202,20280406,1,2000,5.0,5.0,5.333333333333333,5.333333333333333,1.0,11170,1.423993714382582,1.4963184243111722,2000,2000,1,0,False
A0-B0-C0-r202,20280406,2,1056,4.0,4.0,4.0,4.0,1.0,10094,1.423993714382582,1.4963184243111722,1056,1056,1,0,False
A0-B0-C0-r202,20280406,4,581,4.0,4.0,3.3333333333333335,3.3333333333333335,1.0,9160,1.423993714382582,1.4963184243111722,581,581,1,0,False
A0-B0-C0-r202,20280406,8,331,3.0,3.0,3.0,3.0,1.0,7745,1.423993714382582,1.4963184243111722,331,331,1,0,False
A0-B0-C0-r202,20280406,16,203,3.0,3.0,2.6666666666666665,2.6666666666666665,1.0,5151,1.423993714382582,1.4963184243111722,203,203,1,0,False
A0-B0-C0-r203,20280503,1,2000,4.0,4.0,4.0,4.0,1.0,18949,2.0966844030263245,1.486340964197319,2000,2000,1,0,False
A0-B0-C0-r203,20280503,2,1030,3.0,3.0,3.0,3.0,1.0,17733,2.0966844030263245,1.486340964197319,1030,1030,1,0,False
A0-B0-C0-r203,20280503,4,540,3.0,3.0,3.0,3.0,1.0,16349,2.0966844030263245,1.486340964197319,540,540,1,0,False
A0-B0-C0-r203,20280503,8,302,2.0,2.0,2.0,2.0,1.0,13378,2.0966844030263245,1.486340964197319,302,302,1,0,False
A0-B0-C0-r203,20280503,16,185,2.0,2.0,2.0,2.0,1.0,7573,2.0966844030263245,1.486340964197319,185,185,1,0,False
A0-B0-C0-r204,20280600,1,2000,6.0,6.0,5.0,5.0,1.0,9779,1.459325511254342,1.5355440057192957,2000,2000,1,0,False
A0-B0-C0-r204,20280600,2,1060,5.0,5.0,4.666666666666667,4.666666666666667,1.0,8713,1.459325511254342,1.5355440057192957,1060,1060,1,0,False
A0-B0-C0-r204,20280600,4,584,4.0,4.0,4.333333333333333,4.333333333333333,1.0,7886,1.459325511254342,1.5355440057192957,584,584,1,0,False
A0-B0-C0-r204,20280600,8,348,4.0,4.0,3.3333333333333335,3.3333333333333335,1.0,6617,1.459325511254342,1.5355440057192957,348,348,1,0,False
A0-B0-C0-r204,20280600,16,213,4.0,4.0,3.0,3.0,1.0,4431,1.459325511254342,1.5355440057192957,213,213,1,0,False
A0-B0-C0-r205,20280697,1,2000,4.0,4.0,4.0,4.0,1.0,14159,1.6795503743998141,1.4932243593259167,2000,2000,1,0,False
A0-B0-C0-r205,20280697,2,1040,4.0,4.0,3.6666666666666665,3.6666666666666665,1.0,13018,1.6795503743998141,1.4932243593259167,1040,1040,1,0,False
A0-B0-C0-r205,20280697,4,558,3.0,3.0,3.0,3.0,1.0,11921,1.6795503743998141,1.4932243593259167,558,558,1,0,False
A0-B0-C0-r205,20280697,8,320,3.0,3.0,3.0,3.0,1.0,10000,1.6795503743998141,1.4932243593259167,320,320,1,0,False
A0-B0-C0-r205,20280697,16,196,2.0,2.0,2.3333333333333335,2.3333333333333335,1.0,6306,1.6795503743998141,1.4932243593259167,196,196,1,0,False
A0-B0-C0-r206,20280794,1,2000,4.0,4.0,4.0,4.0,1.0,18789,1.4775392126729991,1.4330755885738176,2000,2000,1,0,False
A0-B0-C0-r206,20280794,2,1031,3.0,3.0,3.3333333333333335,3.3333333333333335,1.0,17565,1.4775392126729991,1.4330755885738176,1031,1031,1,0,False
A0-B0-C0-r206,20280794,4,547,3.0,3.0,3.0,3.0,1.0,16195,1.4775392126729991,1.4330755885738176,547,547,1,0,False
A0-B0-C0-r206,20280794,8,304,2.0,2.0,2.0,2.0,1.0,13294,1.4775392126729991,1.4330755885738176,304,304,1,0,False
A0-B0-C0-r206,20280794,16,162,2.0,2.0,2.0,2.0,1.0,7312,1.4775392126729991,1.4330755885738176,162,162,1,0,False
A0-B0-C0-r207,20280891,1,2000,4.0,4.0,4.0,4.0,1.0,16308,2.058130548470145,1.54029785286375,2000,2000,1,0,False
A0-B0-C0-r207,20280891,2,1040,3.0,3.0,3.3333333333333335,3.3333333333333335,1.0,15136,2.058130548470145,1.54029785286375,1040,1040,1,0,False
A0-B0-C0-r207,20280891,4,547,3.0,3.0,3.0,3.0,1.0,13952,2.058130548470145,1.54029785286375,547,547,1,0,False
A0-B0-C0-r207,20280891,8,314,3.0,3.0,2.6666666666666665,2.6666666666666665,1.0,11533,2.058130548470145,1.54029785286375,314,314,1,0,False
A0-B0-C0-r207,20280891,16,188,2.0,2.0,2.0,2.0,1.0,7021,2.058130548470145,1.54029785286375,188,188,1,0,False
A0-B0-C0-r208,20280988,1,2000,4.0,4.0,4.0,4.0,1.0,18836,1.8223243418785227,1.5020752022588306,2000,2000,1,0,False
A0-B0-C0-r208,20280988,2,1034,3.0,3.0,3.0,3.0,1.0,17628,1.8223243418785227,1.5020752022588306,1034,1034,1,0,False
A0-B0-C0-r208,20280988,4,542,3.0,3.0,3.0,3.0,1.0,16252,1.8223243418785227,1.5020752022588306,542,542,1,0,False
A0-B0-C0-r208,20280988,8,288,2.0,2.0,2.3333333333333335,2.3333333333333335,1.0,13226,1.8223243418785227,1.5020752022588306,288,288,1,0,False
A0-B0-C0-r208,20280988,16,174,2.0,2.0,2.0,2.0,1.0,7411,1.8223243418785227,1.5020752022588306,174,174,1,0,False
A0-B0-C0-r209,20281085,1,2000,5.0,5.0,4.0,4.0,1.0,13957,1.7447253587550267,1.4500056571092683,2000,2000,1,0,False
A0-B0-C0-r209,20281085,2,1049,4.0,4.0,3.3333333333333335,3.3333333333333335,1.0,12823,1.7447253587550267,1.4500056571092683,1049,1049,1,0,False
A0-B0-C0-r209,20281085,4,567,3.0,3.0,3.0,3.0,1.0,11747,1.7447253587550267,1.4500056571092683,567,567,1,0,False
A0-B0-C0-r209,20281085,8,314,3.0,3.0,3.0,3.0,1.0,9901,1.7447253587550267,1.4500056571092683,314,314,1,0,False
A0-B0-C0-r209,20281085,16,188,2.0,2.0,2.0,2.0,1.0,6189,1.7447253587550267,1.4500056571092683,188,188,1,0,False
A0-B0-C0-r210,20281182,1,2000,4.0,4.0,4.0,4.0,1.0,18843,2.0825396080552863,1.5084419703656888,2000,2000,1,0,False
A0-B0-C0-r210,20281182,2,1031,3.0,3.0,3.0,3.0,1.0,17621,2.0825396080552863,1.5084419703656888,1031,1031,1,0,False
A0-B0-C0-r210,20281182,4,551,3.0,3.0,3.0,3.0,1.0,16292,2.0825396080552863,1.5084419703656888,551,551,1,0,False
A0-B0-C0-r210,20281182,8,289,3.0,3.0,2.0,2.0,1.0,13266,2.0825396080552863,1.5084419703656888,289,289,1,0,False
A0-B0-C0-r210,20281182,16,170,2.0,2.0,2.0,2.0,1.0,7445,2.0825396080552863,1.5084419703656888,170,170,1,0,False
A0-B0-C0-r211,20281279,1,2000,4.0,4.0,4.333333333333333,4.333333333333333,1.0,13854,1.6523563482564148,1.49213376956905,2000,2000,1,0,False
A0-B0-C0-r211,20281279,2,1051,4.0,4.0,3.6666666666666665,3.6666666666666665,1.0,12749,1.6523563482564148,1.49213376956905,1051,1051,1,0,False
A0-B0-C0-r211,20281279,4,575,3.0,3.0,3.0,3.0,1.0,11714,1.6523563482564148,1.49213376956905,575,575,1,0,False
A0-B0-C0-r211,20281279,8,309,3.0,3.0,3.0,3.0,1.0,9757,1.6523563482564148,1.49213376956905,309,309,1,0,False
A0-B0-C0-r211,20281279,16,196,2.0,2.0,2.0,2.0,1.0,6292,1.6523563482564148,1.49213376956905,196,196,1,0,False
A0-B0-C0-r212,20281376,1,2000,5.0,5.0,4.0,4.0,1.0,13769,1.8975491278738434,1.5460754463076483,2000,2000,1,0,False
A0-B0-C0-r212,20281376,2,1047,4.0,4.0,3.6666666666666665,3.6666666666666665,1.0,12612,1.8975491278738434,1.5460754463076483,1047,1047,1,0,False
A0-B0-C0-r212,20281376,4,564,3.0,3.0,3.0,3.0,1.0,11653,1.8975491278738434,1.5460754463076483,564,564,1,0,False
A0-B0-C0-r212,20281376,8,314,3.0,3.0,3.0,3.0,1.0,9801,1.8975491278738434,1.5460754463076483,314,314,1,0,False
A0-B0-C0-r212,20281376,16,203,2.0,2.0,2.0,2.0,1.0,6291,1.8975491278738434,1.5460754463076483,203,203,1,0,False
A0-B0-C0-r213,20281473,1,2000,5.0,5.0,5.0,5.0,1.0,10450,1.5763768507026907,1.5511037741944826,2000,2000,1,0,False
A0-B0-C0-r213,20281473,2,1066,4.0,4.0,4.0,4.0,1.0,9399,1.5763768507026907,1.5511037741944826,1066,1066,1,0,False
A0-B0-C0-r213,20281473,4,588,4.0,4.0,3.0,3.0,1.0,8557,1.5763768507026907,1.5511037741944826,588,588,1,0,False
A0-B0-C0-r213,20281473,8,331,3.0,3.0,3.0,3.0,1.0,7219,1.5763768507026907,1.5511037741944826,331,331,1,0,False
A0-B0-C0-r213,20281473,16,201,3.0,3.0,2.3333333333333335,2.3333333333333335,1.0,4728,1.5763768507026907,1.5511037741944826,201,201,1,0,False
A0-B0-C0-r214,20281570,1,2000,5.0,5.0,4.0,4.0,1.0,13457,1.7107055911173163,1.5419344245839188,2000,2000,1,0,False
A0-B0-C0-r214,20281570,2,1048,4.0,4.0,3.6666666666666665,3.6666666666666665,1.0,12348,1.7107055911173163,1.5419344245839188,1048,1048,1,0,False
A0-B0-C0-r214,20281570,4,566,3.0,3.0,3.0,3.0,1.0,11314,1.7107055911173163,1.5419344245839188,566,566,1,0,False
A0-B0-C0-r214,20281570,8,311,3.0,3.0,3.0,3.0,1.0,9508,1.7107055911173163,1.5419344245839188,311,311,1,0,False
A0-B0-C0-r214,20281570,16,203,2.0,2.0,2.0,2.0,1.0,6183,1.7107055911173163,1.5419344245839188,203,203,1,0,False
A0-B0-C0-r215,20281667,1,2000,4.0,4.0,4.333333333333333,4.333333333333333,1.0,13829,1.6762012178867072,1.541840267968208,2000,2000,1,0,False
A0-B0-C0-r215,20281667,2,1044,4.0,4.0,3.6666666666666665,3.6666666666666665,1.0,12681,1.6762012178867072,1.541840267968208,1044,1044,1,0,False
A0-B0-C0-r215,20281667,4,575,3.0,3.0,3.0,3.0,1.0,11660,1.6762012178867072,1.541840267968208,575,575,1,0,False
A0-B0-C0-r215,20281667,8,316,3.0,3.0,3.0,3.0,1.0,9838,1.6762012178867072,1.541840267968208,316,316,1,0,False
A0-B0-C0-r215,20281667,16,192,2.0,2.0,2.0,2.0,1.0,6209,1.6762012178867072,1.541840267968208,192,192,1,0,False
A0-B0-C0-r216,20281764,1,2000,4.0,4.0,4.0,4.0,1.0,14043,1.198912557102952,1.4578405108064754,2000,2000,1,0,False
A0-B0-C0-r216,20281764,2,1047,3.0,3.0,3.3333333333333335,3.3333333333333335,1.0,12905,1.198912557102952,1.4578405108064754,1047,1047,1,0,False
A0-B0-C0-r216,20281764,4,558,3.0,3.0,3.3333333333333335,3.3333333333333335,1.0,11849,1.198912557102952,1.4578405108064754,558,558,1,0,False
A0-B0-C0-r216,20281764,8,326,3.0,3.0,3.0,3.0,1.0,10070,1.198912557102952,1.4578405108064754,326,326,1,0,False
A0-B0-C0-r216,20281764,16,191,2.0,2.0,2.3333333333333335,2.3333333333333335,1.0,6283,1.198912557102952,1.4578405108064754,191,191,1,0,False
A0-B0-C0-r217,20281861,1,2000,4.0,4.0,4.0,4.0,1.0,18207,2.06414833862798,1.489226727615612,2000,2000,1,0,False
A0-B0-C0-r217,20281861,2,1038,3.0,3.0,3.0,3.0,1.0,16966,2.06414833862798,1.489226727615612,1038,1038,1,0,False
A0-B0-C0-r217,20281861,4,544,3.0,3.0,3.0,3.0,1.0,15673,2.06414833862798,1.489226727615612,544,544,1,0,False
A0-B0-C0-r217,20281861,8,301,2.0,2.0,2.3333333333333335,2.3333333333333335,1.0,12893,2.06414833862798,1.489226727615612,301,301,1,0,False
A0-B0-C0-r217,20281861,16,174,2.0,2.0,2.0,2.0,1.0,7312,2.06414833862798,1.489226727615612,174,174,1,0,False
A0-B0-C0-r218,20281958,1,2000,5.0,5.0,5.0,5.0,1.0,12873,1.7104810708329623,1.5201052927670484,2000,2000,1,0,False
A0-B0-C0-r218,20281958,2,1052,4.0,4.0,4.0,4.0,1.0,11743,1.7104810708329623,1.5201052927670484,1052,1052,1,0,False
A0-B0-C0-r218,20281958,4,567,3.0,3.0,3.0,3.0,1.0,10763,1.7104810708329623,1.5201052927670484,567,567,1,0,False
A0-B0-C0-r218,20281958,8,323,3.0,3.0,3.3333333333333335,3.3333333333333335,1.0,9182,1.7104810708329623,1.5201052927670484,323,323,1,0,False
A0-B0-C0-r218,20281958,16,199,2.0,2.0,2.0,2.0,1.0,5974,1.7104810708329623,1.5201052927670484,199,199,1,0,False
A0-B0-C0-r219,20282055,1,2000,4.0,4.0,4.0,4.0,1.0,17429,2.000468903813573,1.5907845983143898,2000,2000,1,0,False
A0-B0-C0-r219,20282055,2,1040,3.0,3.0,3.0,3.0,1.0,16233,2.000468903813573,1.5907845983143898,1040,1040,1,0,False
A0-B0-C0-r219,20282055,4,551,3.0,3.0,3.0,3.0,1.0,14966,2.000468903813573,1.5907845983143898,551,551,1,0,False
A0-B0-C0-r219,20282055,8,302,2.0,2.0,2.3333333333333335,2.3333333333333335,1.0,12454,2.000468903813573,1.5907845983143898,302,302,1,0,False
A0-B0-C0-r219,20282055,16,174,2.0,2.0,2.0,2.0,1.0,7181,2.000468903813573,1.5907845983143898,174,174,1,0,False
A0-B0-C0-r220,20282152,1,2000,6.0,6.0,5.0,5.0,1.0,10274,1.2771810188908608,1.4682585196520683,2000,2000,1,0,False
A0-B0-C0-r220,20282152,2,1068,4.0,4.0,4.0,4.0,1.0,9213,1.2771810188908608,1.4682585196520683,1068,1068,1,0,False
A0-B0-C0-r220,20282152,4,593,4.0,4.0,3.6666666666666665,3.6666666666666665,1.0,8365,1.2771810188908608,1.4682585196520683,593,593,1,0,False
A0-B0-C0-r220,20282152,8,347,3.0,3.0,3.0,3.0,1.0,7068,1.2771810188908608,1.4682585196520683,347,347,1,0,False
A0-B0-C0-r220,20282152,16,209,3.0,3.0,3.0,3.0,1.0,4746,1.2771810188908608,1.4682585196520683,209,209,1,0,False
A0-B0-C0-r221,20282249,1,2000,4.0,4.0,4.0,4.0,1.0,15513,1.9321015744174759,1.5280518755662984,2000,2000,1,0,False
A0-B0-C0-r221,20282249,2,1042,3.0,3.0,3.0,3.0,1.0,14328,1.9321015744174759,1.5280518755662984,1042,1042,1,0,False
A0-B0-C0-r221,20282249,4,550,3.0,3.0,3.0,3.0,1.0,13208,1.9321015744174759,1.5280518755662984,550,550,1,0,False
A0-B0-C0-r221,20282249,8,316,2.0,2.0,2.6666666666666665,2.6666666666666665,1.0,11087,1.9321015744174759,1.5280518755662984,316,316,1,0,False
A0-B0-C0-r221,20282249,16,196,2.0,2.0,2.0,2.0,1.0,6773,1.9321015744174759,1.5280518755662984,196,196,1,0,False
A0-B0-C0-r222,20282346,1,2000,4.0,4.0,4.0,4.0,1.0,14075,1.9560539400497503,1.5081921537859282,2000,2000,1,0,False
A0-B0-C0-r222,20282346,2,1049,3.0,3.0,3.3333333333333335,3.3333333333333335,1.0,12960,1.9560539400497503,1.5081921537859282,1049,1049,1,0,False
A0-B0-C0-r222,20282346,4,570,3.0,3.0,3.0,3.0,1.0,11943,1.9560539400497503,1.5081921537859282,570,570,1,0,False
A0-B0-C0-r222,20282346,8,327,3.0,3.0,3.0,3.0,1.0,9987,1.9560539400497503,1.5081921537859282,327,327,1,0,False
A0-B0-C0-r222,20282346,16,191,2.0,2.0,2.0,2.0,1.0,6251,1.9560539400497503,1.5081921537859282,191,191,1,0,False
A0-B0-C0-r223,20282443,1,2000,4.0,4.0,4.333333333333333,4.333333333333333,1.0,14528,1.201297712904624,1.497314460545829,2000,2000,1,0,False
A0-B0-C0-r223,20282443,2,1047,4.0,4.0,3.3333333333333335,3.3333333333333335,1.0,13387,1.201297712904624,1.497314460545829,1047,1047,1,0,False
A0-B0-C0-r223,20282443,4,553,3.0,3.0,3.0,3.0,1.0,12254,1.201297712904624,1.497314460545829,553,553,1,0,False
A0-B0-C0-r223,20282443,8,325,3.0,3.0,2.6666666666666665,2.6666666666666665,1.0,10352,1.201297712904624,1.497314460545829,325,325,1,0,False
A0-B0-C0-r223,20282443,16,212,2.0,2.0,2.0,2.0,1.0,6526,1.201297712904624,1.497314460545829,212,212,1,0,False
A0-B0-C0-r224,20282540,1,2000,5.0,5.0,4.0,4.0,1.0,13259,1.625170913511158,1.521255448441145,2000,2000,1,0,False
A0-B0-C0-r224,20282540,2,1053,4.0,4.0,4.0,4.0,1.0,12121,1.625170913511158,1.521255448441145,1053,1053,1,0,False
A0-B0-C0-r224,20282540,4,576,3.0,3.0,3.0,3.0,1.0,11156,1.625170913511158,1.521255448441145,576,576,1,0,False
A0-B0-C0-r224,20282540,8,323,3.0,3.0,3.0,3.0,1.0,9297,1.625170913511158,1.521255448441145,323,323,1,0,False
A0-B0-C0-r224,20282540,16,193,2.0,2.0,2.0,2.0,1.0,5885,1.625170913511158,1.521255448441145,193,193,1,0,False
A0-B0-C0-r225,20282637,1,2000,5.0,5.0,5.0,5.0,1.0,11638,1.3932515241402368,1.5422807599242239,2000,2000,1,0,False
A0-B0-C0-r225,20282637,2,1053,4.0,4.0,4.0,4.0,1.0,10547,1.3932515241402368,1.5422807599242239,1053,1053,1,0,False
A0-B0-C0-r225,20282637,4,574,3.0,3.0,3.0,3.0,1.0,9643,1.3932515241402368,1.5422807599242239,574,574,1,0,False
A0-B0-C0-r225,20282637,8,336,3.0,3.0,3.0,3.0,1.0,8121,1.3932515241402368,1.5422807599242239,336,336,1,0,False
A0-B0-C0-r225,20282637,16,215,3.0,3.0,2.3333333333333335,2.3333333333333335,1.0,5372,1.3932515241402368,1.5422807599242239,215,215,1,0,False
A0-B0-C0-r226,20282734,1,2000,6.0,6.0,5.0,5.0,1.0,9896,1.4168657970029186,1.4557274093271075,2000,2000,1,0,False
A0-B0-C0-r226,20282734,2,1071,5.0,5.0,4.0,4.0,1.0,8845,1.4168657970029186,1.4557274093271075,1071,1071,1,0,False
A0-B0-C0-r226,20282734,4,582,4.0,4.0,3.6666666666666665,3.6666666666666665,1.0,7993,1.4168657970029186,1.4557274093271075,582,582,1,0,False
A0-B0-C0-r226,20282734,8,346,3.0,3.0,3.6666666666666665,3.6666666666666665,1.0,6781,1.4168657970029186,1.4557274093271075,346,346,1,0,False
A0-B0-C0-r226,20282734,16,231,3.0,3.0,3.0,3.0,1.0,4639,1.4168657970029186,1.4557274093271075,231,231,1,0,False
A0-B0-C0-r227,20282831,1,2000,4.0,4.0,4.0,4.0,1.0,19396,1.8085900186422472,1.4706419695474937,2000,2000,1,0,False
A0-B0-C0-r227,20282831,2,1029,3.0,3.0,3.0,3.0,1.0,18176,1.8085900186422472,1.4706419695474937,1029,1029,1,0,False
A0-B0-C0-r227,20282831,4,540,3.0,3.0,3.0,3.0,1.0,16746,1.8085900186422472,1.4706419695474937,540,540,1,0,False
A0-B0-C0-r227,20282831,8,296,2.0,2.0,2.3333333333333335,2.3333333333333335,1.0,13686,1.8085900186422472,1.4706419695474937,296,296,1,0,False
A0-B0-C0-r227,20282831,16,175,2.0,2.0,2.0,2.0,1.0,7589,1.8085900186422472,1.4706419695474937,175,175,1,0,False
A0-B0-C0-r228,20282928,1,2000,4.0,4.0,4.0,4.0,1.0,19115,1.8731900313017114,1.4878110793187556,2000,2000,1,0,False
A0-B0-C0-r228,20282928,2,1031,3.0,3.0,3.0,3.0,1.0,17877,1.8731900313017114,1.4878110793187556,1031,1031,1,0,False
A0-B0-C0-r228,20282928,4,543,3.0,3.0,3.0,3.0,1.0,16503,1.8731900313017114,1.4878110793187556,543,543,1,0,False
A0-B0-C0-r228,20282928,8,302,2.0,2.0,2.0,2.0,1.0,13471,1.8731900313017114,1.4878110793187556,302,302,1,0,False
A0-B0-C0-r228,20282928,16,171,2.0,2.0,2.0,2.0,1.0,7521,1.8731900313017114,1.4878110793187556,171,171,1,0,False
A0-B0-C0-r229,20283025,1,2000,4.0,4.0,4.0,4.0,1.0,15925,1.811970772081775,1.4784881876047484,2000,2000,1,0,False
A0-B0-C0-r229,20283025,2,1039,3.0,3.0,3.0,3.0,1.0,14780,1.811970772081775,1.4784881876047484,1039,1039,1,0,False
A0-B0-C0-r229,20283025,4,552,3.0,3.0,3.0,3.0,1.0,13656,1.811970772081775,1.4784881876047484,552,552,1,0,False
A0-B0-C0-r229,20283025,8,315,2.0,2.0,2.3333333333333335,2.3333333333333335,1.0,11416,1.811970772081775,1.4784881876047484,315,315,1,0,False
A0-B0-C0-r229,20283025,16,184,2.0,2.0,2.0,2.0,1.0,6861,1.811970772081775,1.4784881876047484,184,184,1,0,False
A0-B0-C0-r230,20283122,1,2000,5.0,5.0,4.333333333333333,4.333333333333333,1.0,13249,1.7844024750667171,1.5244180652829948,2000,2000,1,0,False
A0-B0-C0-r230,20283122,2,1051,4.0,4.0,3.6666666666666665,3.6666666666666665,1.0,12122,1.7844024750667171,1.5244180652829948,1051,1051,1,0,False
A0-B0-C0-r230,20283122,4,562,3.0,3.0,3.0,3.0,1.0,11142,1.7844024750667171,1.5244180652829948,562,562,1,0,False
A0-B0-C0-r230,20283122,8,324,3.0,3.0,3.0,3.0,1.0,9376,1.7844024750667171,1.5244180652829948,324,324,1,0,False
A0-B0-C0-r230,20283122,16,212,2.0,2.0,2.0,2.0,1.0,6066,1.7844024750667171,1.5244180652829948,212,212,1,0,False
A0-B0-C0-r231,20283219,1,2000,5.0,5.0,5.0,5.0,1.0,11020,1.396617917620399,1.5356915685852606,2000,2000,1,0,False
A0-B0-C0-r231,20283219,2,1066,4.0,4.0,4.0,4.0,1.0,9934,1.396617917620399,1.5356915685852606,1066,1066,1,0,False
A0-B0-C0-r231,20283219,4,581,4.0,4.0,3.3333333333333335,3.3333333333333335,1.0,9059,1.396617917620399,1.5356915685852606,581,581,1,0,False
A0-B0-C0-r231,20283219,8,344,3.0,3.0,3.0,3.0,1.0,7665,1.396617917620399,1.5356915685852606,344,344,1,0,False
A0-B0-C0-r231,20283219,16,206,3.0,3.0,2.6666666666666665,2.6666666666666665,1.0,5040,1.396617917620399,1.5356915685852606,206,206,1,0,False
A0-B0-C0-r232,20283316,1,2000,5.0,5.0,4.666666666666667,4.666666666666667,1.0,12223,1.763034193093744,1.4988513579978469,2000,2000,1,0,False
A0-B0-C0-r232,20283316,2,1052,4.0,4.0,4.0,4.0,1.0,11118,1.763034193093744,1.4988513579978469,1052,1052,1,0,False
A0-B0-C0-r232,20283316,4,571,3.0,3.0,3.0,3.0,1.0,10190,1.763034193093744,1.4988513579978469,571,571,1,0,False
A0-B0-C0-r232,20283316,8,333,3.0,3.0,3.0,3.0,1.0,8603,1.763034193093744,1.4988513579978469,333,333,1,0,False
A0-B0-C0-r232,20283316,16,197,2.0,2.0,2.0,2.0,1.0,5562,1.763034193093744,1.4988513579978469,197,197,1,0,False
A0-B0-C0-r233,20283413,1,2000,4.0,4.0,4.0,4.0,1.0,17402,1.9352192506171861,1.5061847279917169,2000,2000,1,0,False
A0-B0-C0-r233,20283413,2,1039,3.0,3.0,3.0,3.0,1.0,16163,1.9352192506171861,1.5061847279917169,1039,1039,1,0,False
A0-B0-C0-r233,20283413,4,553,3.0,3.0,3.0,3.0,1.0,14924,1.9352192506171861,1.5061847279917169,553,553,1,0,False
A0-B0-C0-r233,20283413,8,298,2.0,2.0,2.3333333333333335,2.3333333333333335,1.0,12379,1.9352192506171861,1.5061847279917169,298,298,1,0,False
A0-B0-C0-r233,20283413,16,171,2.0,2.0,2.0,2.0,1.0,7122,1.9352192506171861,1.5061847279917169,171,171,1,0,False
A0-B0-C0-r234,20283510,1,2000,5.0,5.0,4.666666666666667,4.666666666666667,1.0,11642,1.4529295248042629,1.5654918457012639,2000,2000,1,0,False
A0-B0-C0-r234,20283510,2,1059,4.0,4.0,4.0,4.0,1.0,10570,1.4529295248042629,1.5654918457012639,1059,1059,1,0,False
A0-B0-C0-r234,20283510,4,585,3.0,3.0,3.0,3.0,1.0,9687,1.4529295248042629,1.5654918457012639,585,585,1,0,False
A0-B0-C0-r234,20283510,8,342,3.0,3.0,3.0,3.0,1.0,8151,1.4529295248042629,1.5654918457012639,342,342,1,0,False
A0-B0-C0-r234,20283510,16,210,2.0,2.0,2.0,2.0,1.0,5424,1.4529295248042629,1.5654918457012639,210,210,1,0,False
A0-B0-C0-r235,20283607,1,2000,4.0,4.0,4.0,4.0,1.0,18917,2.0676837257336445,1.4447115607406267,2000,2000,1,0,False
A0-B0-C0-r235,20283607,2,1034,3.0,3.0,3.0,3.0,1.0,17639,2.0676837257336445,1.4447115607406267,1034,1034,1,0,False
A0-B0-C0-r235,20283607,4,543,3.0,3.0,3.0,3.0,1.0,16305,2.0676837257336445,1.4447115607406267,543,543,1,0,False
A0-B0-C0-r235,20283607,8,294,2.0,2.0,2.3333333333333335,2.3333333333333335,1.0,13319,2.0676837257336445,1.4447115607406267,294,294,1,0,False
A0-B0-C0-r235,20283607,16,179,2.0,2.0,2.0,2.0,1.0,7562,2.0676837257336445,1.4447115607406267,179,179,1,0,False
A0-B0-C0-r236,20283704,1,2000,5.0,5.0,5.0,5.0,1.0,10655,1.9593674780505246,1.4958501795581893,2000,2000,1,0,False
A0-B0-C0-r236,20283704,2,1054,4.0,4.0,4.0,4.0,1.0,9571,1.9593674780505246,1.4958501795581893,1054,1054,1,0,False
A0-B0-C0-r236,20283704,4,589,4.0,4.0,3.3333333333333335,3.3333333333333335,1.0,8737,1.9593674780505246,1.4958501795581893,589,589,1,0,False
A0-B0-C0-r236,20283704,8,337,4.0,4.0,3.0,3.0,1.0,7432,1.9593674780505246,1.4958501795581893,337,337,1,0,False
A0-B0-C0-r236,20283704,16,206,3.0,3.0,2.0,2.0,1.0,4877,1.9593674780505246,1.4958501795581893,206,206,1,0,False
A0-B0-C0-r237,20283801,1,2000,4.0,4.0,4.0,4.0,1.0,16743,2.025260468690187,1.532728213207509,2000,2000,1,0,False
A0-B0-C0-r237,20283801,2,1035,3.0,3.0,3.0,3.0,1.0,15585,2.025260468690187,1.532728213207509,1035,1035,1,0,False
A0-B0-C0-r237,20283801,4,548,3.0,3.0,3.0,3.0,1.0,14332,2.025260468690187,1.532728213207509,548,548,1,0,False
A0-B0-C0-r237,20283801,8,308,3.0,3.0,2.3333333333333335,2.3333333333333335,1.0,12018,2.025260468690187,1.532728213207509,308,308,1,0,False
A0-B0-C0-r237,20283801,16,187,2.0,2.0,2.0,2.0,1.0,7050,2.025260468690187,1.532728213207509,187,187,1,0,False
A0-B0-C0-r238,20283898,1,2000,5.0,5.0,5.333333333333333,5.333333333333333,1.0,11204,1.5448428745111522,1.4656447850760599,2000,2000,1,0,False
A0-B0-C0-r238,20283898,2,1055,4.0,4.0,4.0,4.0,1.0,10101,1.5448428745111522,1.4656447850760599,1055,1055,1,0,False
A0-B0-C0-r238,20283898,4,574,3.0,3.0,3.3333333333333335,3.3333333333333335,1.0,9206,1.5448428745111522,1.4656447850760599,574,574,1,0,False
A0-B0-C0-r238,20283898,8,336,3.0,3.0,3.0,3.0,1.0,7802,1.5448428745111522,1.4656447850760599,336,336,1,0,False
A0-B0-C0-r238,20283898,16,227,2.0,2.0,2.3333333333333335,2.3333333333333335,1.0,5286,1.5448428745111522,1.4656447850760599,227,227,1,0,False
A0-B0-C0-r239,20283995,1,2000,4.0,4.0,4.0,4.0,1.0,16098,1.9716493550389023,1.4453135662871344,2000,2000,1,0,False
A0-B0-C0-r239,20283995,2,1038,3.0,3.0,3.0,3.0,1.0,14930,1.9716493550389023,1.4453135662871344,1038,1038,1,0,False
A0-B0-C0-r239,20283995,4,555,3.0,3.0,3.0,3.0,1.0,13788,1.9716493550389023,1.4453135662871344,555,555,1,0,False
A0-B0-C0-r239,20283995,8,320,3.0,3.0,2.3333333333333335,2.3333333333333335,1.0,11492,1.9716493550389023,1.4453135662871344,320,320,1,0,False
A0-B0-C0-r239,20283995,16,186,2.0,2.0,2.0,2.0,1.0,7012,1.9716493550389023,1.4453135662871344,186,186,1,0,False
A0-B0-C0-r240,20284092,1,2000,5.0,5.0,4.333333333333333,4.333333333333333,1.0,12953,1.5513916502975205,1.47180386834892,2000,2000,1,0,False
A0-B0-C0-r240,20284092,2,1051,4.0,4.0,4.0,4.0,1.0,11841,1.5513916502975205,1.47180386834892,1051,1051,1,0,False
A0-B0-C0-r240,20284092,4,571,4.0,4.0,3.0,3.0,1.0,10836,1.5513916502975205,1.47180386834892,571,571,1,0,False
A0-B0-C0-r240,20284092,8,330,3.0,3.0,3.3333333333333335,3.3333333333333335,1.0,9110,1.5513916502975205,1.47180386834892,330,330,1,0,False
A0-B0-C0-r240,20284092,16,200,3.0,3.0,2.0,2.0,1.0,5799,1.5513916502975205,1.47180386834892,200,200,1,0,False
A0-B0-C0-r241,20284189,1,2000,5.0,5.0,4.333333333333333,4.333333333333333,1.0,13702,2.1980355423949165,1.5554043493781105,2000,2000,1,0,False
A0-B0-C0-r241,20284189,2,1048,4.0,4.0,3.3333333333333335,3.3333333333333335,1.0,12565,2.1980355423949165,1.5554043493781105,1048,1048,1,0,False
A0-B0-C0-r241,20284189,4,560,3.0,3.0,3.0,3.0,1.0,11540,2.1980355423949165,1.5554043493781105,560,560,1,0,False
A0-B0-C0-r241,20284189,8,327,3.0,3.0,3.0,3.0,1.0,9781,2.1980355423949165,1.5554043493781105,327,327,1,0,False
A0-B0-C0-r241,20284189,16,184,2.0,2.0,2.0,2.0,1.0,6085,2.1980355423949165,1.5554043493781105,184,184,1,0,False
A0-B0-C0-r242,20284286,1,2000,4.0,4.0,4.0,4.0,1.0,19871,1.80478842844451,1.4838262371567725,2000,2000,1,0,False
A0-B0-C0-r242,20284286,2,1032,3.0,3.0,3.0,3.0,1.0,18610,1.80478842844451,1.4838262371567725,1032,1032,1,0,False
A0-B0-C0-r242,20284286,4,543,3.0,3.0,3.0,3.0,1.0,17198,1.80478842844451,1.4838262371567725,543,543,1,0,False
A0-B0-C0-r242,20284286,8,291,2.0,2.0,2.0,2.0,1.0,13889,1.80478842844451,1.4838262371567725,291,291,1,0,False
A0-B0-C0-r242,20284286,16,170,2.0,2.0,2.0,2.0,1.0,7589,1.80478842844451,1.4838262371567725,170,170,1,0,False
A0-B0-C0-r243,20284383,1,2000,5.0,5.0,4.0,4.0,1.0,14290,1.6951581523570038,1.491913184373348,2000,2000,1,0,False
A0-B0-C0-r243,20284383,2,1044,4.0,4.0,3.0,3.0,1.0,13149,1.6951581523570038,1.491913184373348,1044,1044,1,0,False
A0-B0-C0-r243,20284383,4,567,3.0,3.0,3.3333333333333335,3.3333333333333335,1.0,12106,1.6951581523570038,1.491913184373348,567,567,1,0,False
A0-B0-C0-r243,20284383,8,308,3.0,3.0,3.0,3.0,1.0,10065,1.6951581523570038,1.491913184373348,308,308,1,0,False
A0-B0-C0-r243,20284383,16,195,2.0,2.0,2.0,2.0,1.0,6438,1.6951581523570038,1.491913184373348,195,195,1,0,False
A0-B0-C0-r244,20284480,1,2000,4.0,4.0,4.0,4.0,1.0,17340,2.0198441659628457,1.5123314952719769,2000,2000,1,0,False
A0-B0-C0-r244,20284480,2,1039,3.0,3.0,3.0,3.0,1.0,16150,2.0198441659628457,1.5123314952719769,1039,1039,1,0,False
A0-B0-C0-r244,20284480,4,548,3.0,3.0,3.0,3.0,1.0,14935,2.0198441659628457,1.5123314952719769,548,548,1,0,False
A0-B0-C0-r244,20284480,8,299,2.0,2.0,2.6666666666666665,2.6666666666666665,1.0,12440,2.0198441659628457,1.5123314952719769,299,299,1,0,False
A0-B0-C0-r244,20284480,16,179,2.0,2.0,2.0,2.0,1.0,7242,2.0198441659628457,1.5123314952719769,179,179,1,0,False
A0-B0-C0-r245,20284577,1,2000,4.0,4.0,4.0,4.0,1.0,18181,1.8837415818816199,1.5015161236552819,2000,2000,1,0,False
A0-B0-C0-r245,20284577,2,1033,3.0,3.0,3.0,3.0,1.0,16925,1.8837415818816199,1.5015161236552819,1033,1033,1,0,False
A0-B0-C0-r245,20284577,4,541,3.0,3.0,3.0,3.0,1.0,15626,1.8837415818816199,1.5015161236552819,541,541,1,0,False
A0-B0-C0-r245,20284577,8,293,2.0,2.0,2.0,2.0,1.0,12899,1.8837415818816199,1.5015161236552819,293,293,1,0,False
A0-B0-C0-r245,20284577,16,184,2.0,2.0,2.0,2.0,1.0,7372,1.8837415818816199,1.5015161236552819,184,184,1,0,False
A0-B0-C0-r246,20284674,1,2000,4.0,4.0,4.0,4.0,1.0,17867,1.9401344516841619,1.4904464699190478,2000,2000,1,0,False
A0-B0-C0-r246,20284674,2,1040,3.0,3.0,3.0,3.0,1.0,16666,1.9401344516841619,1.4904464699190478,1040,1040,1,0,False
A0-B0-C0-r246,20284674,4,558,3.0,3.0,3.0,3.0,1.0,15444,1.9401344516841619,1.4904464699190478,558,558,1,0,False
A0-B0-C0-r246,20284674,8,298,2.0,2.0,2.6666666666666665,2.6666666666666665,1.0,12690,1.9401344516841619,1.4904464699190478,298,298,1,0,False
A0-B0-C0-r246,20284674,16,179,2.0,2.0,2.0,2.0,1.0,7284,1.9401344516841619,1.4904464699190478,179,179,1,0,False
A0-B0-C0-r247,20284771,1,2000,5.0,5.0,5.0,5.0,1.0,12310,1.5583609943331016,1.5148635275934992,2000,2000,1,0,False
A0-B0-C0-r247,20284771,2,1053,4.0,4.0,4.333333333333333,4.333333333333333,1.0,11202,1.5583609943331016,1.5148635275934992,1053,1053,1,0,False
A0-B0-C0-r247,20284771,4,583,3.0,3.0,3.3333333333333335,3.3333333333333335,1.0,10291,1.5583609943331016,1.5148635275934992,583,583,1,0,False
A0-B0-C0-r247,20284771,8,321,3.0,3.0,3.3333333333333335,3.3333333333333335,1.0,8636,1.5583609943331016,1.5148635275934992,321,321,1,0,False
A0-B0-C0-r247,20284771,16,203,3.0,3.0,2.0,2.0,1.0,5702,1.5583609943331016,1.5148635275934992,203,203,1,0,False
A0-B0-C0-r248,20284868,1,2000,5.0,5.0,4.0,4.0,1.0,14145,1.6912706298727918,1.4993418119205948,2000,2000,1,0,False
A0-B0-C0-r248,20284868,2,1045,4.0,4.0,3.0,3.0,1.0,12994,1.6912706298727918,1.4993418119205948,1045,1045,1,0,False
A0-B0-C0-r248,20284868,4,562,3.0,3.0,3.0,3.0,1.0,11923,1.6912706298727918,1.4993418119205948,562,562,1,0,False
A0-B0-C0-r248,20284868,8,313,3.0,3.0,3.0,3.0,1.0,10098,1.6912706298727918,1.4993418119205948,313,313,1,0,False
A0-B0-C0-r248,20284868,16,193,2.0,2.0,2.0,2.0,1.0,6313,1.6912706298727918,1.4993418119205948,193,193,1,0,False
A0-B0-C0-r249,20284965,1,2000,5.0,5.0,5.0,5.0,1.0,11192,1.9466344403393696,1.50576886981349,2000,2000,1,0,False
A0-B0-C0-r249,20284965,2,1056,4.0,4.0,4.0,4.0,1.0,10107,1.9466344403393696,1.50576886981349,1056,1056,1,0,False
A0-B0-C0-r249,20284965,4,580,4.0,4.0,3.3333333333333335,3.3333333333333335,1.0,9213,1.9466344403393696,1.50576886981349,580,580,1,0,False
A0-B0-C0-r249,20284965,8,346,3.0,3.0,3.0,3.0,1.0,7795,1.9466344403393696,1.50576886981349,346,346,1,0,False
A0-B0-C0-r249,20284965,16,204,3.0,3.0,2.6666666666666665,2.6666666666666665,1.0,5163,1.9466344403393696,1.50576886981349,204,204,1,0,False
A0-B0-C0-r250,20285062,1,2000,4.0,4.0,4.0,4.0,1.0,14003,2.147927746047463,1.5239751429839623,2000,2000,1,0,False
A0-B0-C0-r250,20285062,2,1047,3.0,3.0,3.6666666666666665,3.6666666666666665,1.0,12866,2.147927746047463,1.5239751429839623,1047,1047,1,0,False
A0-B0-C0-r250,20285062,4,566,3.0,3.0,3.0,3.0,1.0,11802,2.147927746047463,1.5239751429839623,566,566,1,0,False
A0-B0-C0-r250,20285062,8,314,3.0,3.0,3.0,3.0,1.0,9958,2.147927746047463,1.5239751429839623,314,314,1,0,False
A0-B0-C0-r250,20285062,16,185,2.0,2.0,2.0,2.0,1.0,6195,2.147927746047463,1.5239751429839623,185,185,1,0,False
A0-B0-C0-r251,20285159,1,2000,4.0,4.0,4.0,4.0,1.0,15475,1.9176506769950992,1.497983001493881,2000,2000,1,0,False
A0-B0-C0-r251,20285159,2,1037,3.0,3.0,3.3333333333333335,3.3333333333333335,1.0,14313,1.9176506769950992,1.497983001493881,1037,1037,1,0,False
A0-B0-C0-r251,20285159,4,554,3.0,3.0,3.0,3.0,1.0,13156,1.9176506769950992,1.497983001493881,554,554,1,0,False
A0-B0-C0-r251,20285159,8,316,3.0,3.0,2.0,2.0,1.0,11015,1.9176506769950992,1.497983001493881,316,316,1,0,False
A0-B0-C0-r251,20285159,16,188,2.0,2.0,2.0,2.0,1.0,6664,1.9176506769950992,1.497983001493881,188,188,1,0,False
A0-B0-C0-r252,20285256,1,2000,6.0,6.0,5.0,5.0,0.999,9158,1.20615314799245,1.5764225433268702,1998,1998,1,2,False
A0-B0-C0-r252,20285256,2,1072,6.0,6.0,4.333333333333333,4.333333333333333,0.9981343283582089,8136,1.20615314799245,1.5764225433268702,1070,1070,1,2,False
A0-B0-C0-r252,20285256,4,611,4.0,4.0,3.6666666666666665,3.6666666666666665,0.9967266775777414,7349,1.20615314799245,1.5764225433268702,609,609,1,2,False
A0-B0-C0-r252,20285256,8,354,3.0,3.0,3.3333333333333335,3.3333333333333335,0.9943502824858758,6241,1.20615314799245,1.5764225433268702,352,352,1,2,False
A0-B0-C0-r252,20285256,16,236,4.0,4.0,3.0,3.0,0.9915254237288136,4249,1.20615314799245,1.5764225433268702,234,234,1,2,False
A0-B0-C0-r253,20285353,1,2000,6.0,6.0,5.666666666666667,5.666666666666667,1.0,9365,1.3499450243761932,1.4999191308988982,2000,2000,1,0,False
A0-B0-C0-r253,20285353,2,1067,4.0,4.0,4.0,4.0,1.0,8320,1.3499450243761932,1.4999191308988982,1067,1067,1,0,False
A0-B0-C0-r253,20285353,4,607,4.0,4.0,4.0,4.0,1.0,7567,1.3499450243761932,1.4999191308988982,607,607,1,0,False
A0-B0-C0-r253,20285353,8,338,3.0,3.0,3.3333333333333335,3.3333333333333335,1.0,6326,1.3499450243761932,1.4999191308988982,338,338,1,0,False
A0-B0-C0-r253,20285353,16,238,3.0,3.0,3.0,3.0,1.0,4399,1.3499450243761932,1.4999191308988982,238,238,1,0,False
A0-B0-C0-r254,20285450,1,2000,4.0,4.0,4.0,4.0,1.0,14923,1.747882663280437,1.464896210785715,2000,2000,1,0,False
A0-B0-C0-r254,20285450,2,1044,3.0,3.0,3.0,3.0,1.0,13725,1.747882663280437,1.464896210785715,1044,1044,1,0,False
A0-B0-C0-r254,20285450,4,563,3.0,3.0,3.0,3.0,1.0,12698,1.747882663280437,1.464896210785715,563,563,1,0,False
A0-B0-C0-r254,20285450,8,325,3.0,3.0,2.6666666666666665,2.6666666666666665,1.0,10692,1.747882663280437,1.464896210785715,325,325,1,0,False
A0-B0-C0-r254,20285450,16,184,2.0,2.0,2.0,2.0,1.0,6565,1.747882663280437,1.464896210785715,184,184,1,0,False
A0-B0-C0-r255,20285547,1,2000,6.0,6.0,5.333333333333333,5.333333333333333,0.9995,9688,1.3952006050618224,1.5059961292099675,1999,1999,1,1,False
A0-B0-C0-r255,20285547,2,1071,5.0,5.0,4.0,4.0,0.9990662931839402,8642,1.3952006050618224,1.5059961292099675,1070,1070,1,1,False
A0-B0-C0-r255,20285547,4,597,4.0,4.0,3.3333333333333335,3.3333333333333335,0.998324958123953,7861,1.3952006050618224,1.5059961292099675,596,596,1,1,False
A0-B0-C0-r255,20285547,8,346,4.0,4.0,4.0,4.0,0.9971098265895953,6593,1.3952006050618224,1.5059961292099675,345,345,1,1,False
A0-B0-C0-r255,20285547,16,219,3.0,3.0,3.0,3.0,0.9954337899543378,4511,1.3952006050618224,1.5059961292099675,218,218,1,1,False
A0-B0-C0-r256,20285644,1,2000,4.0,4.0,4.0,4.0,1.0,19432,1.7670733281673856,1.514158668129426,2000,2000,1,0,False
A0-B0-C0-r256,20285644,2,1035,3.0,3.0,3.0,3.0,1.0,18202,1.7670733281673856,1.514158668129426,1035,1035,1,0,False
A0-B0-C0-r256,20285644,4,550,3.0,3.0,3.0,3.0,1.0,16816,1.7670733281673856,1.514158668129426,550,550,1,0,False
A0-B0-C0-r256,20285644,8,295,2.0,2.0,2.0,2.0,1.0,13623,1.7670733281673856,1.514158668129426,295,295,1,0,False
A0-B0-C0-r256,20285644,16,180,2.0,2.0,2.0,2.0,1.0,7555,1.7670733281673856,1.514158668129426,180,180,1,0,False
A0-B0-C0-r257,20285741,1,2000,5.0,5.0,5.0,5.0,1.0,10803,1.5035998124516763,1.6226154522845502,2000,2000,1,0,False
A0-B0-C0-r257,20285741,2,1062,4.0,4.0,4.0,4.0,1.0,9738,1.5035998124516763,1.6226154522845502,1062,1062,1,0,False
A0-B0-C0-r257,20285741,4,587,4.0,4.0,3.3333333333333335,3.3333333333333335,1.0,8896,1.5035998124516763,1.6226154522845502,587,587,1,0,False
A0-B0-C0-r257,20285741,8,341,3.0,3.0,3.0,3.0,1.0,7532,1.5035998124516763,1.6226154522845502,341,341,1,0,False
A0-B0-C0-r257,20285741,16,208,3.0,3.0,2.0,2.0,1.0,4984,1.5035998124516763,1.6226154522845502,208,208,1,0,False
A0-B0-C0-r258,20285838,1,2000,4.0,4.0,4.0,4.0,1.0,20385,2.1266422883642826,1.5039032410152504,2000,2000,1,0,False
A0-B0-C0-r258,20285838,2,1030,3.0,3.0,3.0,3.0,1.0,19120,2.1266422883642826,1.5039032410152504,1030,1030,1,0,False
A0-B0-C0-r258,20285838,4,538,3.0,3.0,3.0,3.0,1.0,17678,2.1266422883642826,1.5039032410152504,538,538,1,0,False
A0-B0-C0-r258,20285838,8,298,2.0,2.0,2.0,2.0,1.0,14248,2.1266422883642826,1.5039032410152504,298,298,1,0,False
A0-B0-C0-r258,20285838,16,166,2.0,2.0,2.0,2.0,1.0,7587,2.1266422883642826,1.5039032410152504,166,166,1,0,False
A0-B0-C0-r259,20285935,1,2000,4.0,4.0,4.333333333333333,4.333333333333333,1.0,14326,1.7991316066203558,1.4412709884564625,2000,2000,1,0,False
A0-B0-C0-r259,20285935,2,1049,3.0,3.0,3.3333333333333335,3.3333333333333335,1.0,13191,1.7991316066203558,1.4412709884564625,1049,1049,1,0,False
A0-B0-C0-r259,20285935,4,553,3.0,3.0,3.3333333333333335,3.3333333333333335,1.0,12118,1.7991316066203558,1.4412709884564625,553,553,1,0,False
A0-B0-C0-r259,20285935,8,312,3.0,3.0,3.0,3.0,1.0,10174,1.7991316066203558,1.4412709884564625,312,312,1,0,False
A0-B0-C0-r259,20285935,16,186,2.0,2.0,2.0,2.0,1.0,6472,1.7991316066203558,1.4412709884564625,186,186,1,0,False
A0-B0-C0-r260,20286032,1,2000,4.0,4.0,4.0,4.0,1.0,19376,2.052985732630578,1.4894986664041276,2000,2000,1,0,False
A0-B0-C0-r260,20286032,2,1034,3.0,3.0,3.0,3.0,1.0,18121,2.052985732630578,1.4894986664041276,1034,1034,1,0,False
A0-B0-C0-r260,20286032,4,543,3.0,3.0,3.0,3.0,1.0,16802,2.052985732630578,1.4894986664041276,543,543,1,0,False
A0-B0-C0-r260,20286032,8,302,2.0,2.0,2.0,2.0,1.0,13600,2.052985732630578,1.4894986664041276,302,302,1,0,False
A0-B0-C0-r260,20286032,16,166,2.0,2.0,2.0,2.0,1.0,7498,2.052985732630578,1.4894986664041276,166,166,1,0,False
A0-B0-C0-r261,20286129,1,2000,6.0,6.0,5.666666666666667,5.666666666666667,1.0,9158,1.774470916516228,1.4513942066886734,2000,2000,1,0,False
A0-B0-C0-r261,20286129,2,1081,5.0,5.0,4.333333333333333,4.333333333333333,1.0,8153,1.774470916516228,1.4513942066886734,1081,1081,1,0,False
A0-B0-C0-r261,20286129,4,597,4.0,4.0,3.6666666666666665,3.6666666666666665,1.0,7319,1.774470916516228,1.4513942066886734,597,597,1,0,False
A0-B0-C0-r261,20286129,8,358,4.0,4.0,3.6666666666666665,3.6666666666666665,1.0,6244,1.774470916516228,1.4513942066886734,358,358,1,0,False
A0-B0-C0-r261,20286129,16,228,3.0,3.0,3.3333333333333335,3.3333333333333335,1.0,4246,1.774470916516228,1.4513942066886734,228,228,1,0,False
A0-B0-C0-r262,20286226,1,2000,4.0,4.0,4.0,4.0,1.0,17357,1.8056048576134247,1.490135554576634,2000,2000,1,0,False
A0-B0-C0-r262,20286226,2,1042,3.0,3.0,3.0,3.0,1.0,16148,1.8056048576134247,1.490135554576634,1042,1042,1,0,False
A0-B0-C0-r262,20286226,4,546,3.0,3.0,3.0,3.0,1.0,14899,1.8056048576134247,1.490135554576634,546,546,1,0,False
A0-B0-C0-r262,20286226,8,312,2.0,2.0,2.0,2.0,1.0,12435,1.8056048576134247,1.490135554576634,312,312,1,0,False
A0-B0-C0-r262,20286226,16,187,2.0,2.0,2.0,2.0,1.0,7260,1.8056048576134247,1.490135554576634,187,187,1,0,False
A0-B0-C0-r263,20286323,1,2000,4.0,4.0,4.0,4.0,1.0,17122,1.9914173655390295,1.445138358491973,2000,2000,1,0,False
A0-B0-C0-r263,20286323,2,1042,3.0,3.0,3.0,3.0,1.0,15936,1.9914173655390295,1.445138358491973,1042,1042,1,0,False
A0-B0-C0-r263,20286323,4,552,3.0,3.0,3.0,3.0,1.0,14678,1.9914173655390295,1.445138358491973,552,552,1,0,False
A0-B0-C0-r263,20286323,8,293,2.0,2.0,2.0,2.0,1.0,12151,1.9914173655390295,1.445138358491973,293,293,1,0,False
A0-B0-C0-r263,20286323,16,182,2.0,2.0,2.0,2.0,1.0,7171,1.9914173655390295,1.445138358491973,182,182,1,0,False
A0-B0-C0-r264,20286420,1,2000,6.0,6.0,5.333333333333333,5.333333333333333,1.0,11074,1.4104788456295267,1.4382088000795792,2000,2000,1,0,False
A0-B0-C0-r264,20286420,2,1065,4.0,4.0,4.0,4.0,1.0,9977,1.4104788456295267,1.4382088000795792,1065,1065,1,0,False
A0-B0-C0-r264,20286420,4,583,3.0,3.0,3.3333333333333335,3.3333333333333335,1.0,9107,1.4104788456295267,1.4382088000795792,583,583,1,0,False
A0-B0-C0-r264,20286420,8,350,3.0,3.0,3.0,3.0,1.0,7725,1.4104788456295267,1.4382088000795792,350,350,1,0,False
A0-B0-C0-r264,20286420,16,219,3.0,3.0,3.0,3.0,1.0,5145,1.4104788456295267,1.4382088000795792,219,219,1,0,False
A0-B0-C0-r265,20286517,1,2000,4.0,4.0,4.0,4.0,1.0,16785,2.005158620998821,1.5180684484841065,2000,2000,1,0,False
A0-B0-C0-r265,20286517,2,1041,3.0,3.0,3.0,3.0,1.0,15600,2.005158620998821,1.5180684484841065,1041,1041,1,0,False
A0-B0-C0-r265,20286517,4,558,3.0,3.0,3.0,3.0,1.0,14370,2.005158620998821,1.5180684484841065,558,558,1,0,False
A0-B0-C0-r265,20286517,8,302,3.0,3.0,2.0,2.0,1.0,11898,2.005158620998821,1.5180684484841065,302,302,1,0,False
A0-B0-C0-r265,20286517,16,187,2.0,2.0,2.0,2.0,1.0,7059,2.005158620998821,1.5180684484841065,187,187,1,0,False
A0-B0-C0-r266,20286614,1,2000,4.0,4.0,4.0,4.0,1.0,16294,1.8465228003145515,1.5356052873833426,2000,2000,1,0,False
A0-B0-C0-r266,20286614,2,1038,3.0,3.0,3.0,3.0,1.0,15101,1.8465228003145515,1.5356052873833426,1038,1038,1,0,False
A0-B0-C0-r266,20286614,4,563,3.0,3.0,3.0,3.0,1.0,13983,1.8465228003145515,1.5356052873833426,563,563,1,0,False
A0-B0-C0-r266,20286614,8,304,2.0,2.0,2.6666666666666665,2.6666666666666665,1.0,11597,1.8465228003145515,1.5356052873833426,304,304,1,0,False
A0-B0-C0-r266,20286614,16,186,2.0,2.0,2.0,2.0,1.0,7005,1.8465228003145515,1.5356052873833426,186,186,1,0,False
A0-B0-C0-r267,20286711,1,2000,4.0,4.0,4.0,4.0,1.0,17577,2.0069075602925137,1.5130478787310853,2000,2000,1,0,False
A0-B0-C0-r267,20286711,2,1041,3.0,3.0,3.0,3.0,1.0,16368,2.0069075602925137,1.5130478787310853,1041,1041,1,0,False
A0-B0-C0-r267,20286711,4,545,3.0,3.0,3.0,3.0,1.0,15060,2.0069075602925137,1.5130478787310853,545,545,1,0,False
A0-B0-C0-r267,20286711,8,302,2.0,2.0,2.3333333333333335,2.3333333333333335,1.0,12473,2.0069075602925137,1.5130478787310853,302,302,1,0,False
A0-B0-C0-r267,20286711,16,178,2.0,2.0,2.0,2.0,1.0,7159,2.0069075602925137,1.5130478787310853,178,178,1,0,False
A0-B0-C0-r268,20286808,1,2000,4.0,4.0,4.0,4.0,1.0,20111,2.0729971250164825,1.484566555682185,2000,2000,1,0,False
A0-B0-C0-r268,20286808,2,1032,3.0,3.0,3.0,3.0,1.0,18862,2.0729971250164825,1.484566555682185,1032,1032,1,0,False
A0-B0-C0-r268,20286808,4,548,3.0,3.0,3.0,3.0,1.0,17364,2.0729971250164825,1.484566555682185,548,548,1,0,False
A0-B0-C0-r268,20286808,8,287,2.0,2.0,2.0,2.0,1.0,14072,2.0729971250164825,1.484566555682185,287,287,1,0,False
A0-B0-C0-r268,20286808,16,175,2.0,2.0,2.0,2.0,1.0,7665,2.0729971250164825,1.484566555682185,175,175,1,0,False
A0-B0-C0-r269,20286905,1,2000,5.0,5.0,5.0,5.0,1.0,11657,1.5853098002042807,1.476926831113608,2000,2000,1,0,False
A0-B0-C0-r269,20286905,2,1056,4.0,4.0,4.0,4.0,1.0,10571,1.5853098002042807,1.476926831113608,1056,1056,1,0,False
A0-B0-C0-r269,20286905,4,584,3.0,3.0,3.0,3.0,1.0,9690,1.5853098002042807,1.476926831113608,584,584,1,0,False
A0-B0-C0-r269,20286905,8,338,4.0,4.0,3.0,3.0,1.0,8145,1.5853098002042807,1.476926831113608,338,338,1,0,False
A0-B0-C0-r269,20286905,16,215,2.0,2.0,2.3333333333333335,2.3333333333333335,1.0,5347,1.5853098002042807,1.476926831113608,215,215,1,0,False
A0-B0-C0-r270,20287002,1,2000,6.0,6.0,5.0,5.0,1.0,10117,1.2541997988309108,1.4684294613925049,2000,2000,1,0,False
A0-B0-C0-r270,20287002,2,1067,4.0,4.0,4.0,4.0,1.0,9069,1.2541997988309108,1.4684294613925049,1067,1067,1,0,False
A0-B0-C0-r270,20287002,4,585,4.0,4.0,4.0,4.0,1.0,8203,1.2541997988309108,1.4684294613925049,585,585,1,0,False
A0-B0-C0-r270,20287002,8,343,4.0,4.0,3.3333333333333335,3.3333333333333335,1.0,6915,1.2541997988309108,1.4684294613925049,343,343,1,0,False
A0-B0-C0-r270,20287002,16,227,3.0,3.0,2.3333333333333335,2.3333333333333335,1.0,4653,1.2541997988309108,1.4684294613925049,227,227,1,0,False
A0-B0-C0-r271,20287099,1,2000,4.0,4.0,4.0,4.0,1.0,14968,2.1041329792768946,1.5350120953910633,2000,2000,1,0,False
A0-B0-C0-r271,20287099,2,1040,3.0,3.0,3.3333333333333335,3.3333333333333335,1.0,13803,2.1041329792768946,1.5350120953910633,1040,1040,1,0,False
A0-B0-C0-r271,20287099,4,559,3.0,3.0,3.0,3.0,1.0,12784,2.1041329792768946,1.5350120953910633,559,559,1,0,False
A0-B0-C0-r271,20287099,8,311,3.0,3.0,3.0,3.0,1.0,10682,2.1041329792768946,1.5350120953910633,311,311,1,0,False
A0-B0-C0-r271,20287099,16,185,2.0,2.0,2.0,2.0,1.0,6523,2.1041329792768946,1.5350120953910633,185,185,1,0,False
A0-B0-C0-r272,20287196,1,2000,4.0,4.0,4.0,4.0,1.0,15389,1.8795118570497051,1.5151578223973143,2000,2000,1,0,False
A0-B0-C0-r272,20287196,2,1045,3.0,3.0,3.0,3.0,1.0,14229,1.8795118570497051,1.5151578223973143,1045,1045,1,0,False
A0-B0-C0-r272,20287196,4,557,3.0,3.0,3.0,3.0,1.0,13104,1.8795118570497051,1.5151578223973143,557,557,1,0,False
A0-B0-C0-r272,20287196,8,309,3.0,3.0,3.0,3.0,1.0,10991,1.8795118570497051,1.5151578223973143,309,309,1,0,False
A0-B0-C0-r272,20287196,16,194,2.0,2.0,2.0,2.0,1.0,6705,1.8795118570497051,1.5151578223973143,194,194,1,0,False
A0-B0-C0-r273,20287293,1,2000,4.0,4.0,4.0,4.0,1.0,17306,1.9644844320878019,1.5157750913060706,2000,2000,1,0,False
A0-B0-C0-r273,20287293,2,1038,3.0,3.0,3.0,3.0,1.0,16107,1.9644844320878019,1.5157750913060706,1038,1038,1,0,False
A0-B0-C0-r273,20287293,4,550,3.0,3.0,3.0,3.0,1.0,14902,1.9644844320878019,1.5157750913060706,550,550,1,0,False
A0-B0-C0-r273,20287293,8,304,2.0,2.0,2.0,2.0,1.0,12288,1.9644844320878019,1.5157750913060706,304,304,1,0,False
A0-B0-C0-r273,20287293,16,189,2.0,2.0,2.0,2.0,1.0,7281,1.9644844320878019,1.5157750913060706,189,189,1,0,False
A0-B0-C0-r274,20287390,1,2000,6.0,6.0,5.333333333333333,5.333333333333333,1.0,9822,1.7962390848445768,1.5350383978530777,2000,2000,1,0,False
A0-B0-C0-r274,20287390,2,1069,5.0,5.0,4.666666666666667,4.666666666666667,1.0,8776,1.7962390848445768,1.5350383978530777,1069,1069,1,0,False
A0-B0-C0-r274,20287390,4,585,4.0,4.0,3.3333333333333335,3.3333333333333335,1.0,7930,1.7962390848445768,1.5350383978530777,585,585,1,0,False
A0-B0-C0-r274,20287390,8,341,3.0,3.0,3.0,3.0,1.0,6716,1.7962390848445768,1.5350383978530777,341,341,1,0,False
A0-B0-C0-r274,20287390,16,225,4.0,4.0,2.6666666666666665,2.6666666666666665,1.0,4621,1.7962390848445768,1.5350383978530777,225,225,1,0,False
A0-B0-C0-r275,20287487,1,2000,4.0,4.0,4.0,4.0,1.0,16626,1.8888571190888828,1.4662629457781702,2000,2000,1,0,False
A0-B0-C0-r275,20287487,2,1038,3.0,3.0,3.0,3.0,1.0,15438,1.8888571190888828,1.4662629457781702,1038,1038,1,0,False
A0-B0-C0-r275,20287487,4,552,3.0,3.0,3.0,3.0,1.0,14255,1.8888571190888828,1.4662629457781702,552,552,1,0,False
A0-B0-C0-r275,20287487,8,294,3.0,3.0,2.3333333333333335,2.3333333333333335,1.0,11802,1.8888571190888828,1.4662629457781702,294,294,1,0,False
A0-B0-C0-r275,20287487,16,183,2.0,2.0,2.0,2.0,1.0,6990,1.8888571190888828,1.4662629457781702,183,183,1,0,False
A0-B0-C0-r276,20287584,1,2000,5.0,5.0,5.333333333333333,5.333333333333333,1.0,10566,1.3912204013099123,1.5311571744952919,2000,2000,1,0,False
A0-B0-C0-r276,20287584,2,1063,5.0,5.0,4.333333333333333,4.333333333333333,1.0,9507,1.3912204013099123,1.5311571744952919,1063,1063,1,0,False
A0-B0-C0-r276,20287584,4,600,5.0,5.0,3.0,3.0,1.0,8669,1.3912204013099123,1.5311571744952919,600,600,1,0,False
A0-B0-C0-r276,20287584,8,339,3.0,3.0,3.0,3.0,1.0,7299,1.3912204013099123,1.5311571744952919,339,339,1,0,False
A0-B0-C0-r276,20287584,16,220,3.0,3.0,2.6666666666666665,2.6666666666666665,1.0,4920,1.3912204013099123,1.5311571744952919,220,220,1,0,False
A0-B0-C0-r277,20287681,1,2000,5.0,5.0,5.0,5.0,1.0,11896,1.4754105742230872,1.4918569486142783,2000,2000,1,0,False
A0-B0-C0-r277,20287681,2,1059,4.0,4.0,4.0,4.0,1.0,10821,1.4754105742230872,1.4918569486142783,1059,1059,1,0,False
A0-B0-C0-r277,20287681,4,574,3.0,3.0,3.0,3.0,1.0,9833,1.4754105742230872,1.4918569486142783,574,574,1,0,False
A0-B0-C0-r277,20287681,8,335,3.0,3.0,3.0,3.0,1.0,8340,1.4754105742230872,1.4918569486142783,335,335,1,0,False
A0-B0-C0-r277,20287681,16,214,2.0,2.0,2.3333333333333335,2.3333333333333335,1.0,5549,1.4754105742230872,1.4918569486142783,214,214,1,0,False
A0-B0-C0-r278,20287778,1,2000,4.0,4.0,4.0,4.0,1.0,20863,1.5412081026345676,1.3621450233088328,2000,2000,1,0,False
A0-B0-C0-r278,20287778,2,1038,3.0,3.0,3.0,3.0,1.0,19602,1.5412081026345676,1.3621450233088328,1038,1038,1,0,False
A0-B0-C0-r278,20287778,4,543,3.0,3.0,3.0,3.0,1.0,18061,1.5412081026345676,1.3621450233088328,543,543,1,0,False
A0-B0-C0-r278,20287778,8,298,2.0,2.0,2.0,2.0,1.0,14554,1.5412081026345676,1.3621450233088328,298,298,1,0,False
A0-B0-C0-r278,20287778,16,164,2.0,2.0,2.0,2.0,1.0,7622,1.5412081026345676,1.3621450233088328,164,164,1,0,False
A0-B0-C0-r279,20287875,1,2000,4.0,4.0,4.0,4.0,1.0,18734,1.787224794150308,1.5679145884680195,2000,2000,1,0,False
A0-B0-C0-r279,20287875,2,1036,3.0,3.0,3.0,3.0,1.0,17497,1.787224794150308,1.5679145884680195,1036,1036,1,0,False
A0-B0-C0-r279,20287875,4,539,3.0,3.0,3.0,3.0,1.0,16170,1.787224794150308,1.5679145884680195,539,539,1,0,False
A0-B0-C0-r279,20287875,8,304,2.0,2.0,2.0,2.0,1.0,13250,1.787224794150308,1.5679145884680195,304,304,1,0,False
A0-B0-C0-r279,20287875,16,183,2.0,2.0,2.0,2.0,1.0,7533,1.787224794150308,1.5679145884680195,183,183,1,0,False
A0-B0-C0-r280,20287972,1,2000,4.0,4.0,4.0,4.0,1.0,17657,2.0761634827496716,1.4522637998061145,2000,2000,1,0,False
A0-B0-C0-r280,20287972,2,1033,3.0,3.0,3.0,3.0,1.0,16449,2.0761634827496716,1.4522637998061145,1033,1033,1,0,False
A0-B0-C0-r280,20287972,4,555,3.0,3.0,3.0,3.0,1.0,15207,2.0761634827496716,1.4522637998061145,555,555,1,0,False
A0-B0-C0-r280,20287972,8,293,2.0,2.0,2.0,2.0,1.0,12465,2.0761634827496716,1.4522637998061145,293,293,1,0,False
A0-B0-C0-r280,20287972,16,171,2.0,2.0,2.0,2.0,1.0,7198,2.0761634827496716,1.4522637998061145,171,171,1,0,False
A0-B0-C0-r281,20288069,1,2000,4.0,4.0,4.0,4.0,1.0,15819,1.899093929858825,1.491104039129261,2000,2000,1,0,False
A0-B0-C0-r281,20288069,2,1047,3.0,3.0,3.0,3.0,1.0,14642,1.899093929858825,1.491104039129261,1047,1047,1,0,False
A0-B0-C0-r281,20288069,4,556,3.0,3.0,3.0,3.0,1.0,13481,1.899093929858825,1.491104039129261,556,556,1,0,False
A0-B0-C0-r281,20288069,8,317,3.0,3.0,3.0,3.0,1.0,11281,1.899093929858825,1.491104039129261,317,317,1,0,False
A0-B0-C0-r281,20288069,16,184,2.0,2.0,2.0,2.0,1.0,6695,1.899093929858825,1.491104039129261,184,184,1,0,False
A0-B0-C0-r282,20288166,1,2000,4.0,4.0,4.0,4.0,1.0,18884,2.09329911283081,1.5477791045375684,2000,2000,1,0,False
A0-B0-C0-r282,20288166,2,1041,3.0,3.0,3.0,3.0,1.0,17638,2.09329911283081,1.5477791045375684,1041,1041,1,0,False
A0-B0-C0-r282,20288166,4,549,3.0,3.0,3.0,3.0,1.0,16313,2.09329911283081,1.5477791045375684,549,549,1,0,False
A0-B0-C0-r282,20288166,8,297,2.0,2.0,2.0,2.0,1.0,13269,2.09329911283081,1.5477791045375684,297,297,1,0,False
A0-B0-C0-r282,20288166,16,179,2.0,2.0,2.0,2.0,1.0,7521,2.09329911283081,1.5477791045375684,179,179,1,0,False
A0-B0-C0-r283,20288263,1,2000,7.0,7.0,5.0,5.0,1.0,9143,1.7229922122984873,1.564074545320559,2000,2000,1,0,False
A0-B0-C0-r283,20288263,2,1074,6.0,6.0,4.333333333333333,4.333333333333333,1.0,8093,1.7229922122984873,1.564074545320559,1074,1074,1,0,False
A0-B0-C0-r283,20288263,4,624,4.0,4.0,3.3333333333333335,3.3333333333333335,1.0,7343,1.7229922122984873,1.564074545320559,624,624,1,0,False
A0-B0-C0-r283,20288263,8,363,3.0,3.0,3.0,3.0,1.0,6202,1.7229922122984873,1.564074545320559,363,363,1,0,False
A0-B0-C0-r283,20288263,16,231,4.0,4.0,2.6666666666666665,2.6666666666666665,1.0,4130,1.7229922122984873,1.564074545320559,231,231,1,0,False
A0-B0-C0-r284,20288360,1,2000,7.0,7.0,5.0,5.0,1.0,10172,1.4771081528196501,1.504277963605341,2000,2000,1,0,False
A0-B0-C0-r284,20288360,2,1068,4.0,4.0,4.0,4.0,1.0,9132,1.4771081528196501,1.504277963605341,1068,1068,1,0,False
A0-B0-C0-r284,20288360,4,595,4.0,4.0,3.3333333333333335,3.3333333333333335,1.0,8291,1.4771081528196501,1.504277963605341,595,595,1,0,False
A0-B0-C0-r284,20288360,8,341,4.0,4.0,3.3333333333333335,3.3333333333333335,1.0,6985,1.4771081528196501,1.504277963605341,341,341,1,0,False
A0-B0-C0-r284,20288360,16,220,4.0,4.0,2.6666666666666665,2.6666666666666665,1.0,4656,1.4771081528196501,1.504277963605341,220,220,1,0,False
A0-B0-C0-r285,20288457,1,2000,5.0,5.0,5.0,5.0,1.0,12992,1.6928491382485797,1.4607514736563467,2000,2000,1,0,False
A0-B0-C0-r285,20288457,2,1055,4.0,4.0,4.0,4.0,1.0,11883,1.6928491382485797,1.4607514736563467,1055,1055,1,0,False
A0-B0-C0-r285,20288457,4,574,3.0,3.0,3.6666666666666665,3.6666666666666665,1.0,10891,1.6928491382485797,1.4607514736563467,574,574,1,0,False
A0-B0-C0-r285,20288457,8,321,3.0,3.0,3.0,3.0,1.0,9138,1.6928491382485797,1.4607514736563467,321,321,1,0,False
A0-B0-C0-r285,20288457,16,196,2.0,2.0,2.0,2.0,1.0,5887,1.6928491382485797,1.4607514736563467,196,196,1,0,False
A0-B0-C0-r286,20288554,1,2000,5.0,5.0,5.0,5.0,1.0,12676,1.607809380615452,1.5291680770437355,2000,2000,1,0,False
A0-B0-C0-r286,20288554,2,1057,4.0,4.0,4.0,4.0,1.0,11574,1.607809380615452,1.5291680770437355,1057,1057,1,0,False
A0-B0-C0-r286,20288554,4,571,4.0,4.0,3.0,3.0,1.0,10620,1.607809380615452,1.5291680770437355,571,571,1,0,False
A0-B0-C0-r286,20288554,8,324,3.0,3.0,3.0,3.0,1.0,8912,1.607809380615452,1.5291680770437355,324,324,1,0,False
A0-B0-C0-r286,20288554,16,212,2.0,2.0,2.0,2.0,1.0,5978,1.607809380615452,1.5291680770437355,212,212,1,0,False
A0-B0-C0-r287,20288651,1,2000,4.0,4.0,4.0,4.0,1.0,17766,1.9783450961792253,1.510278327821861,2000,2000,1,0,False
A0-B0-C0-r287,20288651,2,1036,3.0,3.0,3.3333333333333335,3.3333333333333335,1.0,16547,1.9783450961792253,1.510278327821861,1036,1036,1,0,False
A0-B0-C0-r287,20288651,4,545,3.0,3.0,3.0,3.0,1.0,15335,1.9783450961792253,1.510278327821861,545,545,1,0,False
A0-B0-C0-r287,20288651,8,314,2.0,2.0,2.0,2.0,1.0,12578,1.9783450961792253,1.510278327821861,314,314,1,0,False
A0-B0-C0-r287,20288651,16,188,2.0,2.0,2.0,2.0,1.0,7406,1.9783450961792253,1.510278327821861,188,188,1,0,False
A0-B0-C0-r288,20288748,1,2000,4.0,4.0,4.0,4.0,1.0,19046,1.8276301595392457,1.465193515492844,2000,2000,1,0,False
A0-B0-C0-r288,20288748,2,1032,3.0,3.0,3.0,3.0,1.0,17827,1.8276301595392457,1.465193515492844,1032,1032,1,0,False
A0-B0-C0-r288,20288748,4,549,3.0,3.0,3.0,3.0,1.0,16437,1.8276301595392457,1.465193515492844,549,549,1,0,False
A0-B0-C0-r288,20288748,8,290,2.0,2.0,2.0,2.0,1.0,13421,1.8276301595392457,1.465193515492844,290,290,1,0,False
A0-B0-C0-r288,20288748,16,176,2.0,2.0,2.0,2.0,1.0,7500,1.8276301595392457,1.465193515492844,176,176,1,0,False
A0-B0-C0-r289,20288845,1,2000,4.0,4.0,4.0,4.0,1.0,15214,1.7634636491245002,1.503442886819647,2000,2000,1,0,False
A0-B0-C0-r289,20288845,2,1045,3.0,3.0,3.0,3.0,1.0,14044,1.7634636491245002,1.503442886819647,1045,1045,1,0,False
A0-B0-C0-r289,20288845,4,553,3.0,3.0,3.0,3.0,1.0,12928,1.7634636491245002,1.503442886819647,553,553,1,0,False
A0-B0-C0-r289,20288845,8,316,3.0,3.0,2.6666666666666665,2.6666666666666665,1.0,10794,1.7634636491245002,1.503442886819647,316,316,1,0,False
A0-B0-C0-r289,20288845,16,182,2.0,2.0,2.0,2.0,1.0,6696,1.7634636491245002,1.503442886819647,182,182,1,0,False
A0-B0-C0-r290,20288942,1,2000,4.0,4.0,4.0,4.0,1.0,19646,1.8650587950564605,1.5108524110105856,2000,2000,1,0,False
A0-B0-C0-r290,20288942,2,1035,3.0,3.0,3.0,3.0,1.0,18410,1.8650587950564605,1.5108524110105856,1035,1035,1,0,False
A0-B0-C0-r290,20288942,4,547,3.0,3.0,3.0,3.0,1.0,17016,1.8650587950564605,1.5108524110105856,547,547,1,0,False
A0-B0-C0-r290,20288942,8,295,2.0,2.0,2.0,2.0,1.0,13840,1.8650587950564605,1.5108524110105856,295,295,1,0,False
A0-B0-C0-r290,20288942,16,178,2.0,2.0,2.0,2.0,1.0,7642,1.8650587950564605,1.5108524110105856,178,178,1,0,False
A0-B0-C0-r291,20289039,1,2000,4.0,4.0,4.0,4.0,1.0,17879,2.1038302782668623,1.5331021084327507,2000,2000,1,0,False
A0-B0-C0-r291,20289039,2,1034,3.0,3.0,3.0,3.0,1.0,16651,2.1038302782668623,1.5331021084327507,1034,1034,1,0,False
A0-B0-C0-r291,20289039,4,549,3.0,3.0,3.0,3.0,1.0,15433,2.1038302782668623,1.5331021084327507,549,549,1,0,False
A0-B0-C0-r291,20289039,8,301,2.0,2.0,2.0,2.0,1.0,12688,2.1038302782668623,1.5331021084327507,301,301,1,0,False
A0-B0-C0-r291,20289039,16,176,2.0,2.0,2.0,2.0,1.0,7295,2.1038302782668623,1.5331021084327507,176,176,1,0,False
A0-B0-C0-r292,20289136,1,2000,6.0,6.0,5.666666666666667,5.666666666666667,1.0,9856,0.9370216549900313,1.4102731266182804,2000,2000,1,0,False
A0-B0-C0-r292,20289136,2,1065,4.0,4.0,4.333333333333333,4.333333333333333,1.0,8790,0.9370216549900313,1.4102731266182804,1065,1065,1,0,False
A0-B0-C0-r292,20289136,4,586,4.0,4.0,3.6666666666666665,3.6666666666666665,1.0,7983,0.9370216549900313,1.4102731266182804,586,586,1,0,False
A0-B0-C0-r292,20289136,8,342,3.0,3.0,3.0,3.0,1.0,6762,0.9370216549900313,1.4102731266182804,342,342,1,0,False
A0-B0-C0-r292,20289136,16,241,3.0,3.0,2.0,2.0,1.0,4663,0.9370216549900313,1.4102731266182804,241,241,1,0,False
A0-B0-C0-r293,20289233,1,2000,4.0,4.0,4.0,4.0,1.0,15994,2.0121179336143604,1.5481352962639,2000,2000,1,0,False
A0-B0-C0-r293,20289233,2,1041,3.0,3.0,3.0,3.0,1.0,14854,2.0121179336143604,1.5481352962639,1041,1041,1,0,False
A0-B0-C0-r293,20289233,4,560,3.0,3.0,3.0,3.0,1.0,13662,2.0121179336143604,1.5481352962639,560,560,1,0,False
A0-B0-C0-r293,20289233,8,304,2.0,2.0,2.6666666666666665,2.6666666666666665,1.0,11382,2.0121179336143604,1.5481352962639,304,304,1,0,False
A0-B0-C0-r293,20289233,16,184,2.0,2.0,2.0,2.0,1.0,7035,2.0121179336143604,1.5481352962639,184,184,1,0,False
A0-B0-C0-r294,20289330,1,2000,4.0,4.0,4.0,4.0,1.0,16795,1.8745725842053174,1.465084240082464,2000,2000,1,0,False
A0-B0-C0-r294,20289330,2,1038,3.0,3.0,3.0,3.0,1.0,15614,1.8745725842053174,1.465084240082464,1038,1038,1,0,False
A0-B0-C0-r294,20289330,4,552,3.0,3.0,3.0,3.0,1.0,14397,1.8745725842053174,1.465084240082464,552,552,1,0,False
A0-B0-C0-r294,20289330,8,297,2.0,2.0,2.3333333333333335,2.3333333333333335,1.0,11953,1.8745725842053174,1.465084240082464,297,297,1,0,False
A0-B0-C0-r294,20289330,16,169,2.0,2.0,2.0,2.0,1.0,6936,1.8745725842053174,1.465084240082464,169,169,1,0,False
A0-B0-C0-r295,20289427,1,2000,6.0,6.0,5.666666666666667,5.666666666666667,1.0,9123,1.155917875560388,1.4633729174662202,2000,2000,1,0,False
A0-B0-C0-r295,20289427,2,1073,5.0,5.0,4.0,4.0,1.0,8087,1.155917875560388,1.4633729174662202,1073,1073,1,0,False
A0-B0-C0-r295,20289427,4,601,4.0,4.0,4.0,4.0,1.0,7303,1.155917875560388,1.4633729174662202,601,601,1,0,False
A0-B0-C0-r295,20289427,8,357,4.0,4.0,3.3333333333333335,3.3333333333333335,1.0,6143,1.155917875560388,1.4633729174662202,357,357,1,0,False
A0-B0-C0-r295,20289427,16,232,3.0,3.0,3.6666666666666665,3.6666666666666665,1.0,4209,1.155917875560388,1.4633729174662202,232,232,1,0,False
A0-B0-C0-r296,20289524,1,2000,5.0,5.0,5.0,5.0,1.0,12192,1.7611148885702554,1.4754376904552051,2000,2000,1,0,False
A0-B0-C0-r296,20289524,2,1057,4.0,4.0,4.0,4.0,1.0,11108,1.7611148885702554,1.4754376904552051,1057,1057,1,0,False
A0-B0-C0-r296,20289524,4,566,3.0,3.0,3.6666666666666665,3.6666666666666665,1.0,10130,1.7611148885702554,1.4754376904552051,566,566,1,0,False
A0-B0-C0-r296,20289524,8,331,3.0,3.0,3.0,3.0,1.0,8573,1.7611148885702554,1.4754376904552051,331,331,1,0,False
A0-B0-C0-r296,20289524,16,201,2.0,2.0,2.0,2.0,1.0,5630,1.7611148885702554,1.4754376904552051,201,201,1,0,False
A0-B0-C0-r297,20289621,1,2000,5.0,5.0,5.0,5.0,1.0,11522,1.4224868633632615,1.473135107727741,2000,2000,1,0,False
A0-B0-C0-r297,20289621,2,1058,4.0,4.0,4.0,4.0,1.0,10431,1.4224868633632615,1.473135107727741,1058,1058,1,0,False
A0-B0-C0-r297,20289621,4,575,4.0,4.0,3.0,3.0,1.0,9552,1.4224868633632615,1.473135107727741,575,575,1,0,False
A0-B0-C0-r297,20289621,8,333,3.0,3.0,3.0,3.0,1.0,8032,1.4224868633632615,1.473135107727741,333,333,1,0,False
A0-B0-C0-r297,20289621,16,205,3.0,3.0,2.0,2.0,1.0,5267,1.4224868633632615,1.473135107727741,205,205,1,0,False
A0-B0-C0-r298,20289718,1,2000,5.0,5.0,4.333333333333333,4.333333333333333,1.0,14074,1.7876429414914468,1.5177659390783536,2000,2000,1,0,False
A0-B0-C0-r298,20289718,2,1047,3.0,3.0,3.6666666666666665,3.6666666666666665,1.0,12931,1.7876429414914468,1.5177659390783536,1047,1047,1,0,False
A0-B0-C0-r298,20289718,4,564,3.0,3.0,3.0,3.0,1.0,11908,1.7876429414914468,1.5177659390783536,564,564,1,0,False
A0-B0-C0-r298,20289718,8,324,3.0,3.0,3.0,3.0,1.0,10035,1.7876429414914468,1.5177659390783536,324,324,1,0,False
A0-B0-C0-r298,20289718,16,190,2.0,2.0,2.0,2.0,1.0,6236,1.7876429414914468,1.5177659390783536,190,190,1,0,False
A0-B0-C0-r299,20289815,1,2000,4.0,4.0,4.0,4.0,1.0,19969,2.1133963144196635,1.5405911323242272,2000,2000,1,0,False
A0-B0-C0-r299,20289815,2,1033,3.0,3.0,3.0,3.0,1.0,18744,2.1133963144196635,1.5405911323242272,1033,1033,1,0,False
A0-B0-C0-r299,20289815,4,545,3.0,3.0,3.0,3.0,1.0,17309,2.1133963144196635,1.5405911323242272,545,545,1,0,False
A0-B0-C0-r299,20289815,8,295,2.0,2.0,2.0,2.0,1.0,14080,2.1133963144196635,1.5405911323242272,295,295,1,0,False
A0-B0-C0-r299,20289815,16,174,2.0,2.0,2.0,2.0,1.0,7640,2.1133963144196635,1.5405911323242272,174,174,1,0,False
A0-B0-C0-r300,20289912,1,2000,5.0,5.0,4.666666666666667,4.666666666666667,1.0,11910,1.4857731253757915,1.472635400158356,2000,2000,1,0,False
A0-B0-C0-r300,20289912,2,1055,4.0,4.0,4.0,4.0,1.0,10827,1.4857731253757915,1.472635400158356,1055,1055,1,0,False
A0-B0-C0-r300,20289912,4,575,3.0,3.0,3.0,3.0,1.0,9902,1.4857731253757915,1.472635400158356,575,575,1,0,False
A0-B0-C0-r300,20289912,8,326,3.0,3.0,3.0,3.0,1.0,8291,1.4857731253757915,1.472635400158356,326,326,1,0,False
A0-B0-C0-r300,20289912,16,209,3.0,3.0,2.3333333333333335,2.3333333333333335,1.0,5479,1.4857731253757915,1.472635400158356,209,209,1,0,False
A0-B0-C0-r301,20290009,1,2000,5.0,5.0,5.0,5.0,1.0,10981,1.421328155324192,1.4911522808743862,2000,2000,1,0,False
A0-B0-C0-r301,20290009,2,1054,4.0,4.0,4.0,4.0,1.0,9892,1.421328155324192,1.4911522808743862,1054,1054,1,0,False
A0-B0-C0-r301,20290009,4,577,3.0,3.0,3.0,3.0,1.0,9023,1.421328155324192,1.4911522808743862,577,577,1,0,False
A0-B0-C0-r301,20290009,8,348,3.0,3.0,3.0,3.0,1.0,7668,1.421328155324192,1.4911522808743862,348,348,1,0,False
A0-B0-C0-r301,20290009,16,215,3.0,3.0,2.3333333333333335,2.3333333333333335,1.0,5113,1.421328155324192,1.4911522808743862,215,215,1,0,False
A0-B0-C0-r302,20290106,1,2000,4.0,4.0,4.0,4.0,1.0,17786,1.9977570358958632,1.477148571257736,2000,2000,1,0,False
A0-B0-C0-r302,20290106,2,1037,3.0,3.0,3.0,3.0,1.0,16568,1.9977570358958632,1.477148571257736,1037,1037,1,0,False
A0-B0-C0-r302,20290106,4,551,3.0,3.0,3.0,3.0,1.0,15326,1.9977570358958632,1.477148571257736,551,551,1,0,False
A0-B0-C0-r302,20290106,8,299,2.0,2.0,2.0,2.0,1.0,12602,1.9977570358958632,1.477148571257736,299,299,1,0,False
A0-B0-C0-r302,20290106,16,181,2.0,2.0,2.0,2.0,1.0,7253,1.9977570358958632,1.477148571257736,181,181,1,0,False
A0-B0-C0-r303,20290203,1,2000,4.0,4.0,4.333333333333333,4.333333333333333,1.0,13564,1.6989262082778016,1.4793094999016512,2000,2000,1,0,False
A0-B0-C0-r303,20290203,2,1050,4.0,4.0,4.0,4.0,1.0,12455,1.6989262082778016,1.4793094999016512,1050,1050,1,0,False
A0-B0-C0-r303,20290203,4,558,3.0,3.0,3.0,3.0,1.0,11389,1.6989262082778016,1.4793094999016512,558,558,1,0,False
A0-B0-C0-r303,20290203,8,327,3.0,3.0,3.0,3.0,1.0,9599,1.6989262082778016,1.4793094999016512,327,327,1,0,False
A0-B0-C0-r303,20290203,16,205,2.0,2.0,2.0,2.0,1.0,6116,1.6989262082778016,1.4793094999016512,205,205,1,0,False
A0-B0-C0-r304,20290300,1,2000,6.0,6.0,5.333333333333333,5.333333333333333,1.0,10517,1.360409739213102,1.5151508909569407,2000,2000,1,0,False
A0-B0-C0-r304,20290300,2,1060,4.0,4.0,4.0,4.0,1.0,9459,1.360409739213102,1.5151508909569407,1060,1060,1,0,False
A0-B0-C0-r304,20290300,4,588,4.0,4.0,3.0,3.0,1.0,8625,1.360409739213102,1.5151508909569407,588,588,1,0,False
A0-B0-C0-r304,20290300,8,330,3.0,3.0,3.0,3.0,1.0,7304,1.360409739213102,1.5151508909569407,330,330,1,0,False
A0-B0-C0-r304,20290300,16,225,3.0,3.0,3.0,3.0,1.0,4968,1.360409739213102,1.5151508909569407,225,225,1,0,False
A0-B0-C0-r305,20290397,1,2000,4.0,4.0,4.0,4.0,1.0,15696,2.0044774675550987,1.4084963134084785,2000,2000,1,0,False
A0-B0-C0-r305,20290397,2,1044,3.0,3.0,3.0,3.0,1.0,14533,2.0044774675550987,1.4084963134084785,1044,1044,1,0,False
A0-B0-C0-r305,20290397,4,562,3.0,3.0,3.0,3.0,1.0,13419,2.0044774675550987,1.4084963134084785,562,562,1,0,False
A0-B0-C0-r305,20290397,8,307,2.0,2.0,2.6666666666666665,2.6666666666666665,1.0,11204,2.0044774675550987,1.4084963134084785,307,307,1,0,False
A0-B0-C0-r305,20290397,16,183,2.0,2.0,2.0,2.0,1.0,6774,2.0044774675550987,1.4084963134084785,183,183,1,0,False
A0-B0-C0-r306,20290494,1,2000,5.0,5.0,4.0,4.0,1.0,14100,1.7350922691940918,1.5584474691836245,2000,2000,1,0,False
A0-B0-C0-r306,20290494,2,1048,3.0,3.0,3.6666666666666665,3.6666666666666665,1.0,12978,1.7350922691940918,1.5584474691836245,1048,1048,1,0,False
A0-B0-C0-r306,20290494,4,560,3.0,3.0,3.0,3.0,1.0,11882,1.7350922691940918,1.5584474691836245,560,560,1,0,False
A0-B0-C0-r306,20290494,8,318,3.0,3.0,2.6666666666666665,2.6666666666666665,1.0,9983,1.7350922691940918,1.5584474691836245,318,318,1,0,False
A0-B0-C0-r306,20290494,16,199,2.0,2.0,2.0,2.0,1.0,6291,1.7350922691940918,1.5584474691836245,199,199,1,0,False
A0-B0-C0-r307,20290591,1,2000,4.0,4.0,4.0,4.0,1.0,19129,2.1173741249852007,1.4392868857094114,2000,2000,1,0,False
A0-B0-C0-r307,20290591,2,1034,3.0,3.0,3.0,3.0,1.0,17901,2.1173741249852007,1.4392868857094114,1034,1034,1,0,False
A0-B0-C0-r307,20290591,4,552,3.0,3.0,3.0,3.0,1.0,16558,2.1173741249852007,1.4392868857094114,552,552,1,0,False
A0-B0-C0-r307,20290591,8,302,2.0,2.0,2.0,2.0,1.0,13531,2.1173741249852007,1.4392868857094114,302,302,1,0,False
A0-B0-C0-r307,20290591,16,181,2.0,2.0,2.0,2.0,1.0,7586,2.1173741249852007,1.4392868857094114,181,181,1,0,False
A0-B0-C0-r308,20290688,1,2000,5.0,5.0,5.0,5.0,1.0,11244,1.0207893711967435,1.3803831467499577,2000,2000,1,0,False
A0-B0-C0-r308,20290688,2,1057,4.0,4.0,4.0,4.0,1.0,10163,1.0207893711967435,1.3803831467499577,1057,1057,1,0,False
A0-B0-C0-r308,20290688,4,587,3.0,3.0,3.3333333333333335,3.3333333333333335,1.0,9282,1.0207893711967435,1.3803831467499577,587,587,1,0,False
A0-B0-C0-r308,20290688,8,342,3.0,3.0,3.3333333333333335,3.3333333333333335,1.0,7794,1.0207893711967435,1.3803831467499577,342,342,1,0,False
A0-B0-C0-r308,20290688,16,210,3.0,3.0,2.0,2.0,1.0,5147,1.0207893711967435,1.3803831467499577,210,210,1,0,False
A0-B0-C0-r309,20290785,1,2000,5.0,5.0,5.0,5.0,1.0,11899,1.4604732531438394,1.4591354454548489,2000,2000,1,0,False
A0-B0-C0-r309,20290785,2,1056,4.0,4.0,4.0,4.0,1.0,10794,1.4604732531438394,1.4591354454548489,1056,1056,1,0,False
A0-B0-C0-r309,20290785,4,578,3.0,3.0,3.0,3.0,1.0,9863,1.4604732531438394,1.4591354454548489,578,578,1,0,False
A0-B0-C0-r309,20290785,8,331,3.0,3.0,3.0,3.0,1.0,8339,1.4604732531438394,1.4591354454548489,331,331,1,0,False
A0-B0-C0-r309,20290785,16,204,3.0,3.0,2.0,2.0,1.0,5474,1.4604732531438394,1.4591354454548489,204,204,1,0,False
A0-B0-C0-r310,20290882,1,2000,4.0,4.0,4.0,4.0,1.0,15084,2.1763452419797207,1.5887011157503006,2000,2000,1,0,False
A0-B0-C0-r310,20290882,2,1045,3.0,3.0,3.0,3.0,1.0,13941,2.1763452419797207,1.5887011157503006,1045,1045,1,0,False
A0-B0-C0-r310,20290882,4,558,3.0,3.0,3.0,3.0,1.0,12839,2.1763452419797207,1.5887011157503006,558,558,1,0,False
A0-B0-C0-r310,20290882,8,312,3.0,3.0,3.0,3.0,1.0,10734,2.1763452419797207,1.5887011157503006,312,312,1,0,False
A0-B0-C0-r310,20290882,16,185,2.0,2.0,2.0,2.0,1.0,6541,2.1763452419797207,1.5887011157503006,185,185,1,0,False
A0-B0-C0-r311,20290979,1,2000,5.0,5.0,5.0,5.0,1.0,10595,1.9459689866785699,1.4654181086933655,2000,2000,1,0,False
A0-B0-C0-r311,20290979,2,1057,4.0,4.0,4.0,4.0,1.0,9536,1.9459689866785699,1.4654181086933655,1057,1057,1,0,False
A0-B0-C0-r311,20290979,4,594,3.0,3.0,3.3333333333333335,3.3333333333333335,1.0,8728,1.9459689866785699,1.4654181086933655,594,594,1,0,False
A0-B0-C0-r311,20290979,8,351,4.0,4.0,3.0,3.0,1.0,7354,1.9459689866785699,1.4654181086933655,351,351,1,0,False
A0-B0-C0-r311,20290979,16,218,3.0,3.0,2.6666666666666665,2.6666666666666665,1.0,4910,1.9459689866785699,1.4654181086933655,218,218,1,0,False
A0-B0-C0-r312,20291076,1,2000,4.0,4.0,4.0,4.0,1.0,17320,1.983824436892886,1.542167332637131,2000,2000,1,0,False
A0-B0-C0-r312,20291076,2,1040,3.0,3.0,3.3333333333333335,3.3333333333333335,1.0,16124,1.983824436892886,1.542167332637131,1040,1040,1,0,False
A0-B0-C0-r312,20291076,4,563,3.0,3.0,3.0,3.0,1.0,14879,1.983824436892886,1.542167332637131,563,563,1,0,False
A0-B0-C0-r312,20291076,8,308,3.0,3.0,2.3333333333333335,2.3333333333333335,1.0,12234,1.983824436892886,1.542167332637131,308,308,1,0,False
A0-B0-C0-r312,20291076,16,179,2.0,2.0,2.0,2.0,1.0,7160,1.983824436892886,1.542167332637131,179,179,1,0,False
A0-B0-C0-r313,20291173,1,2000,4.0,4.0,4.0,4.0,1.0,15112,1.759740387370508,1.4663131009833887,2000,2000,1,0,False
A0-B0-C0-r313,20291173,2,1040,4.0,4.0,3.3333333333333335,3.3333333333333335,1.0,13980,1.759740387370508,1.4663131009833887,1040,1040,1,0,False
A0-B0-C0-r313,20291173,4,565,3.0,3.0,3.0,3.0,1.0,12908,1.759740387370508,1.4663131009833887,565,565,1,0,False
A0-B0-C0-r313,20291173,8,307,3.0,3.0,3.0,3.0,1.0,10730,1.759740387370508,1.4663131009833887,307,307,1,0,False
A0-B0-C0-r313,20291173,16,190,2.0,2.0,2.3333333333333335,2.3333333333333335,1.0,6698,1.759740387370508,1.4663131009833887,190,190,1,0,False
A0-B0-C0-r314,20291270,1,2000,6.0,6.0,5.333333333333333,5.333333333333333,1.0,9371,1.2812414907428507,1.4056955472194348,2000,2000,1,0,False
A0-B0-C0-r314,20291270,2,1065,5.0,5.0,4.0,4.0,1.0,8322,1.2812414907428507,1.4056955472194348,1065,1065,1,0,False
A0-B0-C0-r314,20291270,4,601,4.0,4.0,3.3333333333333335,3.3333333333333335,1.0,7536,1.2812414907428507,1.4056955472194348,601,601,1,0,False
A0-B0-C0-r314,20291270,8,353,3.0,3.0,3.3333333333333335,3.3333333333333335,1.0,6442,1.2812414907428507,1.4056955472194348,353,353,1,0,False
A0-B0-C0-r314,20291270,16,211,3.0,3.0,3.0,3.0,1.0,4251,1.2812414907428507,1.4056955472194348,211,211,1,0,False
A0-B0-C0-r315,20291367,1,2000,6.0,6.0,5.333333333333333,5.333333333333333,1.0,9643,1.7937548005175343,1.53023889633946,2000,2000,1,0,False
A0-B0-C0-r315,20291367,2,1064,4.0,4.0,4.0,4.0,1.0,8591,1.7937548005175343,1.53023889633946,1064,1064,1,0,False
A0-B0-C0-r315,20291367,4,584,4.0,4.0,3.3333333333333335,3.3333333333333335,1.0,7757,1.7937548005175343,1.53023889633946,584,584,1,0,False
A0-B0-C0-r315,20291367,8,341,4.0,4.0,3.6666666666666665,3.6666666666666665,1.0,6526,1.7937548005175343,1.53023889633946,341,341,1,0,False
A0-B0-C0-r315,20291367,16,227,3.0,3.0,3.0,3.0,1.0,4495,1.7937548005175343,1.53023889633946,227,227,1,0,False
A0-B0-C0-r316,20291464,1,2000,4.0,4.0,4.0,4.0,1.0,18872,2.0646582299835505,1.5144858194999025,2000,2000,1,0,False
A0-B0-C0-r316,20291464,2,1038,3.0,3.0,3.0,3.0,1.0,17662,2.0646582299835505,1.5144858194999025,1038,1038,1,0,False
A0-B0-C0-r316,20291464,4,549,3.0,3.0,3.0,3.0,1.0,16211,2.0646582299835505,1.5144858194999025,549,549,1,0,False
A0-B0-C0-r316,20291464,8,298,2.0,2.0,2.3333333333333335,2.3333333333333335,1.0,13328,2.0646582299835505,1.5144858194999025,298,298,1,0,False
A0-B0-C0-r316,20291464,16,171,2.0,2.0,2.0,2.0,1.0,7419,2.0646582299835505,1.5144858194999025,171,171,1,0,False
A0-B0-C0-r317,20291561,1,2000,4.0,4.0,4.0,4.0,1.0,20616,2.113510631314472,1.4818193851773092,2000,2000,1,0,False
A0-B0-C0-r317,20291561,2,1036,3.0,3.0,3.0,3.0,1.0,19359,2.113510631314472,1.4818193851773092,1036,1036,1,0,False
A0-B0-C0-r317,20291561,4,544,3.0,3.0,3.0,3.0,1.0,17871,2.113510631314472,1.4818193851773092,544,544,1,0,False
A0-B0-C0-r317,20291561,8,298,2.0,2.0,2.0,2.0,1.0,14457,2.113510631314472,1.4818193851773092,298,298,1,0,False
A0-B0-C0-r317,20291561,16,168,2.0,2.0,2.0,2.0,1.0,7675,2.113510631314472,1.4818193851773092,168,168,1,0,False
A0-B0-C0-r318,20291658,1,2000,5.0,5.0,4.666666666666667,4.666666666666667,1.0,12106,2.071365561650181,1.486376725124621,2000,2000,1,0,False
A0-B0-C0-r318,20291658,2,1065,4.0,4.0,3.6666666666666665,3.6666666666666665,1.0,11010,2.071365561650181,1.486376725124621,1065,1065,1,0,False
A0-B0-C0-r318,20291658,4,582,3.0,3.0,3.0,3.0,1.0,10118,2.071365561650181,1.486376725124621,582,582,1,0,False
A0-B0-C0-r318,20291658,8,327,3.0,3.0,3.0,3.0,1.0,8524,2.071365561650181,1.486376725124621,327,327,1,0,False
A0-B0-C0-r318,20291658,16,189,3.0,3.0,2.0,2.0,1.0,5521,2.071365561650181,1.486376725124621,189,189,1,0,False
A0-B0-C0-r319,20291755,1,2000,6.0,6.0,5.0,5.0,1.0,10540,1.4617927088032372,1.4903909663508241,2000,2000,1,0,False
A0-B0-C0-r319,20291755,2,1060,5.0,5.0,4.333333333333333,4.333333333333333,1.0,9486,1.4617927088032372,1.4903909663508241,1060,1060,1,0,False
A0-B0-C0-r319,20291755,4,593,3.0,3.0,3.0,3.0,1.0,8602,1.4617927088032372,1.4903909663508241,593,593,1,0,False
A0-B0-C0-r319,20291755,8,336,4.0,4.0,3.0,3.0,1.0,7261,1.4617927088032372,1.4903909663508241,336,336,1,0,False
A0-B0-C0-r319,20291755,16,228,3.0,3.0,2.0,2.0,1.0,4850,1.4617927088032372,1.4903909663508241,228,228,1,0,False
A0-B0-C0-r320,20291852,1,2000,4.0,4.0,4.0,4.0,1.0,19849,2.1196949774854996,1.5075446103540555,2000,2000,1,0,False
A0-B0-C0-r320,20291852,2,1030,3.0,3.0,3.0,3.0,1.0,18583,2.1196949774854996,1.5075446103540555,1030,1030,1,0,False
A0-B0-C0-r320,20291852,4,551,3.0,3.0,3.0,3.0,1.0,17228,2.1196949774854996,1.5075446103540555,551,551,1,0,False
A0-B0-C0-r320,20291852,8,301,2.0,2.0,2.0,2.0,1.0,13949,2.1196949774854996,1.5075446103540555,301,301,1,0,False
A0-B0-C0-r320,20291852,16,177,2.0,2.0,2.0,2.0,1.0,7632,2.1196949774854996,1.5075446103540555,177,177,1,0,False
A0-B0-C0-r321,20291949,1,2000,4.0,4.0,4.0,4.0,1.0,20340,2.105764062889485,1.5000088469224593,2000,2000,1,0,False
A0-B0-C0-r321,20291949,2,1033,3.0,3.0,3.0,3.0,1.0,19108,2.105764062889485,1.5000088469224593,1033,1033,1,0,False
A0-B0-C0-r321,20291949,4,545,3.0,3.0,3.0,3.0,1.0,17603,2.105764062889485,1.5000088469224593,545,545,1,0,False
A0-B0-C0-r321,20291949,8,292,2.0,2.0,2.0,2.0,1.0,14275,2.105764062889485,1.5000088469224593,292,292,1,0,False
A0-B0-C0-r321,20291949,16,176,2.0,2.0,2.0,2.0,1.0,7789,2.105764062889485,1.5000088469224593,176,176,1,0,False
A0-B0-C0-r322,20292046,1,2000,4.0,4.0,4.0,4.0,1.0,19848,1.4998853951832987,1.4344135771320776,2000,2000,1,0,False
A0-B0-C0-r322,20292046,2,1031,3.0,3.0,3.0,3.0,1.0,18565,1.4998853951832987,1.4344135771320776,1031,1031,1,0,False
A0-B0-C0-r322,20292046,4,546,3.0,3.0,3.0,3.0,1.0,17140,1.4998853951832987,1.4344135771320776,546,546,1,0,False
A0-B0-C0-r322,20292046,8,301,2.0,2.0,2.0,2.0,1.0,14006,1.4998853951832987,1.4344135771320776,301,301,1,0,False
A0-B0-C0-r322,20292046,16,169,2.0,2.0,2.0,2.0,1.0,7592,1.4998853951832987,1.4344135771320776,169,169,1,0,False
A0-B0-C0-r323,20292143,1,2000,4.0,4.0,4.0,4.0,1.0,16250,1.9917776349184946,1.5178453080032395,2000,2000,1,0,False
A0-B0-C0-r323,20292143,2,1035,3.0,3.0,3.0,3.0,1.0,15042,1.9917776349184946,1.5178453080032395,1035,1035,1,0,False
A0-B0-C0-r323,20292143,4,563,3.0,3.0,3.0,3.0,1.0,13903,1.9917776349184946,1.5178453080032395,563,563,1,0,False
A0-B0-C0-r323,20292143,8,320,3.0,3.0,2.6666666666666665,2.6666666666666665,1.0,11591,1.9917776349184946,1.5178453080032395,320,320,1,0,False
A0-B0-C0-r323,20292143,16,178,2.0,2.0,2.0,2.0,1.0,6970,1.9917776349184946,1.5178453080032395,178,178,1,0,False
A0-B0-C0-r324,20292240,1,2000,4.0,4.0,4.333333333333333,4.333333333333333,1.0,15050,1.9521573133246033,1.4794206390370415,2000,2000,1,0,False
A0-B0-C0-r324,20292240,2,1045,3.0,3.0,3.6666666666666665,3.6666666666666665,1.0,13910,1.9521573133246033,1.4794206390370415,1045,1045,1,0,False
A0-B0-C0-r324,20292240,4,564,3.0,3.0,3.0,3.0,1.0,12789,1.9521573133246033,1.4794206390370415,564,564,1,0,False
A0-B0-C0-r324,20292240,8,318,3.0,3.0,2.6666666666666665,2.6666666666666665,1.0,10746,1.9521573133246033,1.4794206390370415,318,318,1,0,False
A0-B0-C0-r324,20292240,16,183,2.0,2.0,2.0,2.0,1.0,6623,1.9521573133246033,1.4794206390370415,183,183,1,0,False
A0-B0-C0-r325,20292337,1,2000,4.0,4.0,4.0,4.0,1.0,17108,2.012090267192438,1.5290189394629305,2000,2000,1,0,False
A0-B0-C0-r325,20292337,2,1037,3.0,3.0,3.0,3.0,1.0,15914,2.012090267192438,1.5290189394629305,1037,1037,1,0,False
A0-B0-C0-r325,20292337,4,553,3.0,3.0,3.0,3.0,1.0,14667,2.012090267192438,1.5290189394629305,553,553,1,0,False
A0-B0-C0-r325,20292337,8,310,3.0,3.0,2.3333333333333335,2.3333333333333335,1.0,12264,2.012090267192438,1.5290189394629305,310,310,1,0,False
A0-B0-C0-r325,20292337,16,181,2.0,2.0,2.0,2.0,1.0,7131,2.012090267192438,1.5290189394629305,181,181,1,0,False
A0-B0-C0-r326,20292434,1,2000,4.0,4.0,4.0,4.0,1.0,20626,2.131735407580026,1.5200971889783126,2000,2000,1,0,False
A0-B0-C0-r326,20292434,2,1034,3.0,3.0,3.0,3.0,1.0,19348,2.131735407580026,1.5200971889783126,1034,1034,1,0,False
A0-B0-C0-r326,20292434,4,542,3.0,3.0,3.0,3.0,1.0,17794,2.131735407580026,1.5200971889783126,542,542,1,0,False
A0-B0-C0-r326,20292434,8,295,2.0,2.0,2.0,2.0,1.0,14376,2.131735407580026,1.5200971889783126,295,295,1,0,False
A0-B0-C0-r326,20292434,16,164,2.0,2.0,2.0,2.0,1.0,7548,2.131735407580026,1.5200971889783126,164,164,1,0,False
A0-B0-C0-r327,20292531,1,2000,5.0,5.0,5.0,5.0,1.0,12639,1.102972867062522,1.3531907327615056,2000,2000,1,0,False
A0-B0-C0-r327,20292531,2,1049,4.0,4.0,4.0,4.0,1.0,11518,1.102972867062522,1.3531907327615056,1049,1049,1,0,False
A0-B0-C0-r327,20292531,4,579,3.0,3.0,3.6666666666666665,3.6666666666666665,1.0,10596,1.102972867062522,1.3531907327615056,579,579,1,0,False
A0-B0-C0-r327,20292531,8,319,3.0,3.0,3.0,3.0,1.0,8889,1.102972867062522,1.3531907327615056,319,319,1,0,False
A0-B0-C0-r327,20292531,16,212,2.0,2.0,2.3333333333333335,2.3333333333333335,1.0,5822,1.102972867062522,1.3531907327615056,212,212,1,0,False
A0-B0-C0-r328,20292628,1,2000,4.0,4.0,4.333333333333333,4.333333333333333,1.0,13796,1.822093077532141,1.5273154716305906,2000,2000,1,0,False
A0-B0-C0-r328,20292628,2,1045,4.0,4.0,3.3333333333333335,3.3333333333333335,1.0,12664,1.822093077532141,1.5273154716305906,1045,1045,1,0,False
A0-B0-C0-r328,20292628,4,569,3.0,3.0,3.0,3.0,1.0,11650,1.822093077532141,1.5273154716305906,569,569,1,0,False
A0-B0-C0-r328,20292628,8,317,3.0,3.0,3.0,3.0,1.0,9778,1.822093077532141,1.5273154716305906,317,317,1,0,False
A0-B0-C0-r328,20292628,16,191,2.0,2.0,2.0,2.0,1.0,6224,1.822093077532141,1.5273154716305906,191,191,1,0,False
A0-B0-C0-r329,20292725,1,2000,4.0,4.0,4.0,4.0,1.0,20477,1.7327018540983665,1.493436757703634,2000,2000,1,0,False
A0-B0-C0-r329,20292725,2,1027,3.0,3.0,3.0,3.0,1.0,19227,1.7327018540983665,1.493436757703634,1027,1027,1,0,False
A0-B0-C0-r329,20292725,4,542,3.0,3.0,3.0,3.0,1.0,17728,1.7327018540983665,1.493436757703634,542,542,1,0,False
A0-B0-C0-r329,20292725,8,301,2.0,2.0,2.0,2.0,1.0,14345,1.7327018540983665,1.493436757703634,301,301,1,0,False
A0-B0-C0-r329,20292725,16,165,2.0,2.0,2.0,2.0,1.0,7643,1.7327018540983665,1.493436757703634,165,165,1,0,False
A0-B0-C0-r330,20292822,1,2000,6.0,6.0,5.333333333333333,5.333333333333333,1.0,11642,1.446420964237488,1.5773517096328875,2000,2000,1,0,False
A0-B0-C0-r330,20292822,2,1058,4.0,4.0,4.333333333333333,4.333333333333333,1.0,10566,1.446420964237488,1.5773517096328875,1058,1058,1,0,False
A0-B0-C0-r330,20292822,4,578,4.0,4.0,3.3333333333333335,3.3333333333333335,1.0,9662,1.446420964237488,1.5773517096328875,578,578,1,0,False
A0-B0-C0-r330,20292822,8,321,3.0,3.0,3.3333333333333335,3.3333333333333335,1.0,8188,1.446420964237488,1.5773517096328875,321,321,1,0,False
A0-B0-C0-r330,20292822,16,207,3.0,3.0,2.6666666666666665,2.6666666666666665,1.0,5475,1.446420964237488,1.5773517096328875,207,207,1,0,False
A0-B0-C0-r331,20292919,1,2000,5.0,5.0,4.666666666666667,4.666666666666667,1.0,12421,2.111533958511133,1.4936987892559046,2000,2000,1,0,False
A0-B0-C0-r331,20292919,2,1057,4.0,4.0,4.0,4.0,1.0,11344,2.111533958511133,1.4936987892559046,1057,1057,1,0,False
A0-B0-C0-r331,20292919,4,569,3.0,3.0,3.0,3.0,1.0,10334,2.111533958511133,1.4936987892559046,569,569,1,0,False
A0-B0-C0-r331,20292919,8,336,3.0,3.0,3.0,3.0,1.0,8763,2.111533958511133,1.4936987892559046,336,336,1,0,False
A0-B0-C0-r331,20292919,16,207,2.0,2.0,2.0,2.0,1.0,5719,2.111533958511133,1.4936987892559046,207,207,1,0,False
A0-B0-C0-r332,20293016,1,2000,4.0,4.0,4.0,4.0,1.0,17906,2.0590870516412414,1.509604188428572,2000,2000,1,0,False
A0-B0-C0-r332,20293016,2,1041,3.0,3.0,3.0,3.0,1.0,16678,2.0590870516412414,1.509604188428572,1041,1041,1,0,False
A0-B0-C0-r332,20293016,4,548,3.0,3.0,3.0,3.0,1.0,15416,2.0590870516412414,1.509604188428572,548,548,1,0,False
A0-B0-C0-r332,20293016,8,306,2.0,2.0,3.0,3.0,1.0,12675,2.0590870516412414,1.509604188428572,306,306,1,0,False
A0-B0-C0-r332,20293016,16,178,2.0,2.0,2.0,2.0,1.0,7304,2.0590870516412414,1.509604188428572,178,178,1,0,False
A0-B0-C0-r333,20293113,1,2000,6.0,6.0,5.333333333333333,5.333333333333333,1.0,9149,1.7236448536559956,1.5027625086165592,2000,2000,1,0,False
A0-B0-C0-r333,20293113,2,1067,6.0,6.0,4.333333333333333,4.333333333333333,1.0,8119,1.7236448536559956,1.5027625086165592,1067,1067,1,0,False
A0-B0-C0-r333,20293113,4,596,4.0,4.0,3.3333333333333335,3.3333333333333335,1.0,7349,1.7236448536559956,1.5027625086165592,596,596,1,0,False
A0-B0-C0-r333,20293113,8,361,4.0,4.0,3.0,3.0,1.0,6223,1.7236448536559956,1.5027625086165592,361,361,1,0,False
A0-B0-C0-r333,20293113,16,233,3.0,3.0,3.0,3.0,1.0,4279,1.7236448536559956,1.5027625086165592,233,233,1,0,False
A0-B0-C0-r334,20293210,1,2000,5.0,5.0,4.333333333333333,4.333333333333333,1.0,12581,1.8465348923338394,1.4953614357372846,2000,2000,1,0,False
A0-B0-C0-r334,20293210,2,1051,4.0,4.0,4.0,4.0,1.0,11467,1.8465348923338394,1.4953614357372846,1051,1051,1,0,False
A0-B0-C0-r334,20293210,4,560,3.0,3.0,3.3333333333333335,3.3333333333333335,1.0,10504,1.8465348923338394,1.4953614357372846,560,560,1,0,False
A0-B0-C0-r334,20293210,8,319,3.0,3.0,3.0,3.0,1.0,8843,1.8465348923338394,1.4953614357372846,319,319,1,0,False
A0-B0-C0-r334,20293210,16,202,3.0,3.0,2.3333333333333335,2.3333333333333335,1.0,5669,1.8465348923338394,1.4953614357372846,202,202,1,0,False
A0-B0-C0-r335,20293307,1,2000,4.0,4.0,4.0,4.0,1.0,15331,1.8743897414560045,1.4401002420067737,2000,2000,1,0,False
A0-B0-C0-r335,20293307,2,1046,3.0,3.0,3.0,3.0,1.0,14167,1.8743897414560045,1.4401002420067737,1046,1046,1,0,False
A0-B0-C0-r335,20293307,4,565,3.0,3.0,3.0,3.0,1.0,13063,1.8743897414560045,1.4401002420067737,565,565,1,0,False
A0-B0-C0-r335,20293307,8,304,3.0,3.0,3.0,3.0,1.0,10861,1.8743897414560045,1.4401002420067737,304,304,1,0,False
A0-B0-C0-r335,20293307,16,184,2.0,2.0,2.0,2.0,1.0,6723,1.8743897414560045,1.4401002420067737,184,184,1,0,False
A0-B0-C0-r336,20293404,1,2000,4.0,4.0,4.0,4.0,1.0,15284,1.8771448773136024,1.5085359836470282,2000,2000,1,0,False
A0-B0-C0-r336,20293404,2,1047,3.0,3.0,3.3333333333333335,3.3333333333333335,1.0,14130,1.8771448773136024,1.5085359836470282,1047,1047,1,0,False
A0-B0-C0-r336,20293404,4,559,3.0,3.0,3.0,3.0,1.0,13031,1.8771448773136024,1.5085359836470282,559,559,1,0,False
A0-B0-C0-r336,20293404,8,308,2.0,2.0,3.0,3.0,1.0,10906,1.8771448773136024,1.5085359836470282,308,308,1,0,False
A0-B0-C0-r336,20293404,16,179,2.0,2.0,2.0,2.0,1.0,6630,1.8771448773136024,1.5085359836470282,179,179,1,0,False
A0-B0-C0-r337,20293501,1,2000,6.0,6.0,5.666666666666667,5.666666666666667,1.0,9816,1.3685391458416782,1.4113482108279136,2000,2000,1,0,False
A0-B0-C0-r337,20293501,2,1059,4.0,4.0,4.333333333333333,4.333333333333333,1.0,8768,1.3685391458416782,1.4113482108279136,1059,1059,1,0,False
A0-B0-C0-r337,20293501,4,587,4.0,4.0,3.3333333333333335,3.3333333333333335,1.0,7983,1.3685391458416782,1.4113482108279136,587,587,1,0,False
A0-B0-C0-r337,20293501,8,351,4.0,4.0,3.6666666666666665,3.6666666666666665,1.0,6669,1.3685391458416782,1.4113482108279136,351,351,1,0,False
A0-B0-C0-r337,20293501,16,228,3.0,3.0,2.3333333333333335,2.3333333333333335,1.0,4536,1.3685391458416782,1.4113482108279136,228,228,1,0,False
A0-B0-C0-r338,20293598,1,2000,4.0,4.0,4.0,4.0,1.0,15320,1.2393851128529463,1.401886569303043,2000,2000,1,0,False
A0-B0-C0-r338,20293598,2,1050,4.0,4.0,3.0,3.0,1.0,14181,1.2393851128529463,1.401886569303043,1050,1050,1,0,False
A0-B0-C0-r338,20293598,4,558,3.0,3.0,3.0,3.0,1.0,13098,1.2393851128529463,1.401886569303043,558,558,1,0,False
A0-B0-C0-r338,20293598,8,315,3.0,3.0,2.6666666666666665,2.6666666666666665,1.0,10957,1.2393851128529463,1.401886569303043,315,315,1,0,False
A0-B0-C0-r338,20293598,16,177,2.0,2.0,2.0,2.0,1.0,6727,1.2393851128529463,1.401886569303043,177,177,1,0,False
A0-B0-C0-r339,20293695,1,2000,4.0,4.0,4.333333333333333,4.333333333333333,1.0,14133,1.6854892015981322,1.4050413156979351,2000,2000,1,0,False
A0-B0-C0-r339,20293695,2,1048,4.0,4.0,3.3333333333333335,3.3333333333333335,1.0,13007,1.6854892015981322,1.4050413156979351,1048,1048,1,0,False
A0-B0-C0-r339,20293695,4,563,3.0,3.0,3.0,3.0,1.0,11925,1.6854892015981322,1.4050413156979351,563,563,1,0,False
A0-B0-C0-r339,20293695,8,328,3.0,3.0,3.0,3.0,1.0,10061,1.6854892015981322,1.4050413156979351,328,328,1,0,False
A0-B0-C0-r339,20293695,16,187,2.0,2.0,2.0,2.0,1.0,6311,1.6854892015981322,1.4050413156979351,187,187,1,0,False
A0-B0-C0-r340,20293792,1,2000,4.0,4.0,4.0,4.0,1.0,16099,2.0074927106567975,1.4939023452929547,2000,2000,1,0,False
A0-B0-C0-r340,20293792,2,1041,3.0,3.0,3.0,3.0,1.0,14920,2.0074927106567975,1.4939023452929547,1041,1041,1,0,False
A0-B0-C0-r340,20293792,4,560,3.0,3.0,3.0,3.0,1.0,13782,2.0074927106567975,1.4939023452929547,560,560,1,0,False
A0-B0-C0-r340,20293792,8,304,3.0,3.0,3.0,3.0,1.0,11493,2.0074927106567975,1.4939023452929547,304,304,1,0,False
A0-B0-C0-r340,20293792,16,174,2.0,2.0,2.0,2.0,1.0,6973,2.0074927106567975,1.4939023452929547,174,174,1,0,False
A0-B0-C0-r341,20293889,1,2000,4.0,4.0,4.0,4.0,1.0,15088,1.8927283135076813,1.4898934615866335,2000,2000,1,0,False
A0-B0-C0-r341,20293889,2,1042,3.0,3.0,3.0,3.0,1.0,13915,1.8927283135076813,1.4898934615866335,1042,1042,1,0,False
A0-B0-C0-r341,20293889,4,561,3.0,3.0,3.0,3.0,1.0,12846,1.8927283135076813,1.4898934615866335,561,561,1,0,False
A0-B0-C0-r341,20293889,8,325,3.0,3.0,3.0,3.0,1.0,10768,1.8927283135076813,1.4898934615866335,325,325,1,0,False
A0-B0-C0-r341,20293889,16,184,2.0,2.0,2.0,2.0,1.0,6630,1.8927283135076813,1.4898934615866335,184,184,1,0,False
A0-B0-C0-r342,20293986,1,2000,4.0,4.0,4.0,4.0,1.0,17927,1.986695338682776,1.539310505187115,2000,2000,1,0,False
A0-B0-C0-r342,20293986,2,1033,3.0,3.0,3.0,3.0,1.0,16743,1.986695338682776,1.539310505187115,1033,1033,1,0,False
A0-B0-C0-r342,20293986,4,548,3.0,3.0,3.0,3.0,1.0,15416,1.986695338682776,1.539310505187115,548,548,1,0,False
A0-B0-C0-r342,20293986,8,309,2.0,2.0,2.0,2.0,1.0,12727,1.986695338682776,1.539310505187115,309,309,1,0,False
A0-B0-C0-r342,20293986,16,185,2.0,2.0,2.0,2.0,1.0,7434,1.986695338682776,1.539310505187115,185,185,1,0,False
A0-B0-C0-r343,20294083,1,2000,4.0,4.0,4.0,4.0,1.0,18564,1.7763143535099735,1.4747655888222957,2000,2000,1,0,False
A0-B0-C0-r343,20294083,2,1039,3.0,3.0,3.0,3.0,1.0,17356,1.7763143535099735,1.4747655888222957,1039,1039,1,0,False
A0-B0-C0-r343,20294083,4,544,3.0,3.0,3.0,3.0,1.0,16048,1.7763143535099735,1.4747655888222957,544,544,1,0,False
A0-B0-C0-r343,20294083,8,300,2.0,2.0,2.0,2.0,1.0,13131,1.7763143535099735,1.4747655888222957,300,300,1,0,False
A0-B0-C0-r343,20294083,16,174,2.0,2.0,2.0,2.0,1.0,7381,1.7763143535099735,1.4747655888222957,174,174,1,0,False
A0-B0-C0-r344,20294180,1,2000,4.0,4.0,4.0,4.0,1.0,20873,1.7972475155014593,1.495607938657718,2000,2000,1,0,False
A0-B0-C0-r344,20294180,2,1033,3.0,3.0,3.0,3.0,1.0,19562,1.7972475155014593,1.495607938657718,1033,1033,1,0,False
A0-B0-C0-r344,20294180,4,546,3.0,3.0,3.0,3.0,1.0,18067,1.7972475155014593,1.495607938657718,546,546,1,0,False
A0-B0-C0-r344,20294180,8,300,2.0,2.0,2.0,2.0,1.0,14511,1.7972475155014593,1.495607938657718,300,300,1,0,False
A0-B0-C0-r344,20294180,16,179,2.0,2.0,2.0,2.0,1.0,7832,1.7972475155014593,1.495607938657718,179,179,1,0,False
A0-B0-C0-r345,20294277,1,2000,4.0,4.0,4.0,4.0,1.0,18247,1.875409635480694,1.4935188031778985,2000,2000,1,0,False
A0-B0-C0-r345,20294277,2,1033,3.0,3.0,3.0,3.0,1.0,17016,1.875409635480694,1.4935188031778985,1033,1033,1,0,False
A0-B0-C0-r345,20294277,4,541,3.0,3.0,3.0,3.0,1.0,15686,1.875409635480694,1.4935188031778985,541,541,1,0,False
A0-B0-C0-r345,20294277,8,301,2.0,2.0,2.3333333333333335,2.3333333333333335,1.0,12896,1.875409635480694,1.4935188031778985,301,301,1,0,False
A0-B0-C0-r345,20294277,16,168,2.0,2.0,2.0,2.0,1.0,7265,1.875409635480694,1.4935188031778985,168,168,1,0,False
A0-B0-C0-r346,20294374,1,2000,7.0,7.0,5.333333333333333,5.333333333333333,1.0,8857,1.7554057385565602,1.5633613532751396,2000,2000,1,0,False
A0-B0-C0-r346,20294374,2,1076,5.0,5.0,4.0,4.0,1.0,7829,1.7554057385565602,1.5633613532751396,1076,1076,1,0,False
A0-B0-C0-r346,20294374,4,595,4.0,4.0,4.0,4.0,1.0,7079,1.7554057385565602,1.5633613532751396,595,595,1,0,False
A0-B0-C0-r346,20294374,8,369,3.0,3.0,3.3333333333333335,3.3333333333333335,1.0,6025,1.7554057385565602,1.5633613532751396,369,369,1,0,False
A0-B0-C0-r346,20294374,16,236,3.0,3.0,3.3333333333333335,3.3333333333333335,1.0,4160,1.7554057385565602,1.5633613532751396,236,236,1,0,False
A0-B0-C0-r347,20294471,1,2000,6.0,6.0,5.333333333333333,5.333333333333333,1.0,9507,1.157581009604412,1.4949194462808295,2000,2000,1,0,False
A0-B0-C0-r347,20294471,2,1068,4.0,4.0,4.0,4.0,1.0,8459,1.157581009604412,1.4949194462808295,1068,1068,1,0,False
A0-B0-C0-r347,20294471,4,592,4.0,4.0,3.6666666666666665,3.6666666666666665,1.0,7636,1.157581009604412,1.4949194462808295,592,592,1,0,False
A0-B0-C0-r347,20294471,8,355,4.0,4.0,3.6666666666666665,3.6666666666666665,1.0,6513,1.157581009604412,1.4949194462808295,355,355,1,0,False
A0-B0-C0-r347,20294471,16,222,3.0,3.0,3.6666666666666665,3.6666666666666665,1.0,4436,1.157581009604412,1.4949194462808295,222,222,1,0,False
A0-B0-C0-r348,20294568,1,2000,6.0,6.0,5.0,5.0,1.0,10348,1.3358046068819767,1.4754365538736403,2000,2000,1,0,False
A0-B0-C0-r348,20294568,2,1065,4.0,4.0,4.0,4.0,1.0,9303,1.3358046068819767,1.4754365538736403,1065,1065,1,0,False
A0-B0-C0-r348,20294568,4,589,3.0,3.0,3.0,3.0,1.0,8479,1.3358046068819767,1.4754365538736403,589,589,1,0,False
A0-B0-C0-r348,20294568,8,341,3.0,3.0,3.3333333333333335,3.3333333333333335,1.0,7101,1.3358046068819767,1.4754365538736403,341,341,1,0,False
A0-B0-C0-r348,20294568,16,209,3.0,3.0,2.6666666666666665,2.6666666666666665,1.0,4815,1.3358046068819767,1.4754365538736403,209,209,1,0,False
A0-B0-C0-r349,20294665,1,2000,7.0,7.0,5.666666666666667,5.666666666666667,1.0,9180,1.2139194648576155,1.4623848169993132,2000,2000,1,0,False
A0-B0-C0-r349,20294665,2,1075,5.0,5.0,4.0,4.0,1.0,8153,1.2139194648576155,1.4623848169993132,1075,1075,1,0,False
A0-B0-C0-r349,20294665,4,594,5.0,5.0,3.6666666666666665,3.6666666666666665,1.0,7378,1.2139194648576155,1.4623848169993132,594,594,1,0,False
A0-B0-C0-r349,20294665,8,356,4.0,4.0,3.6666666666666665,3.6666666666666665,1.0,6207,1.2139194648576155,1.4623848169993132,356,356,1,0,False
A0-B0-C0-r349,20294665,16,236,3.0,3.0,3.6666666666666665,3.6666666666666665,1.0,4177,1.2139194648576155,1.4623848169993132,236,236,1,0,False
A0-B0-C0-r350,20294762,1,2000,5.0,5.0,4.333333333333333,4.333333333333333,1.0,14308,1.8509987188408517,1.5277625315193157,2000,2000,1,0,False
A0-B0-C0-r350,20294762,2,1045,3.0,3.0,3.3333333333333335,3.3333333333333335,1.0,13163,1.8509987188408517,1.5277625315193157,1045,1045,1,0,False
A0-B0-C0-r350,20294762,4,562,3.0,3.0,3.0,3.0,1.0,12110,1.8509987188408517,1.5277625315193157,562,562,1,0,False
A0-B0-C0-r350,20294762,8,325,3.0,3.0,3.0,3.0,1.0,10153,1.8509987188408517,1.5277625315193157,325,325,1,0,False
A0-B0-C0-r350,20294762,16,200,2.0,2.0,2.0,2.0,1.0,6425,1.8509987188408517,1.5277625315193157,200,200,1,0,False
A0-B0-C0-r351,20294859,1,2000,4.0,4.0,4.0,4.0,1.0,15005,1.8528545258448375,1.4557362361956763,2000,2000,1,0,False
A0-B0-C0-r351,20294859,2,1053,3.0,3.0,3.0,3.0,1.0,13870,1.8528545258448375,1.4557362361956763,1053,1053,1,0,False
A0-B0-C0-r351,20294859,4,560,3.0,3.0,3.0,3.0,1.0,12754,1.8528545258448375,1.4557362361956763,560,560,1,0,False
A0-B0-C0-r351,20294859,8,310,2.0,2.0,3.0,3.0,1.0,10809,1.8528545258448375,1.4557362361956763,310,310,1,0,False
A0-B0-C0-r351,20294859,16,193,2.0,2.0,2.0,2.0,1.0,6668,1.8528545258448375,1.4557362361956763,193,193,1,0,False
A0-B0-C0-r352,20294956,1,2000,6.0,6.0,5.0,5.0,1.0,9911,1.2438248459663024,1.4913515762755192,2000,2000,1,0,False
A0-B0-C0-r352,20294956,2,1061,4.0,4.0,4.333333333333333,4.333333333333333,1.0,8849,1.2438248459663024,1.4913515762755192,1061,1061,1,0,False
A0-B0-C0-r352,20294956,4,583,4.0,4.0,3.0,3.0,1.0,8019,1.2438248459663024,1.4913515762755192,583,583,1,0,False
A0-B0-C0-r352,20294956,8,342,4.0,4.0,4.0,4.0,1.0,6815,1.2438248459663024,1.4913515762755192,342,342,1,0,False
A0-B0-C0-r352,20294956,16,222,4.0,4.0,3.0,3.0,1.0,4664,1.2438248459663024,1.4913515762755192,222,222,1,0,False
A0-B0-C0-r353,20295053,1,2000,4.0,4.0,4.0,4.0,1.0,18791,1.8470124278801867,1.5215058038904201,2000,2000,1,0,False
A0-B0-C0-r353,20295053,2,1036,3.0,3.0,3.0,3.0,1.0,17585,1.8470124278801867,1.5215058038904201,1036,1036,1,0,False
A0-B0-C0-r353,20295053,4,551,3.0,3.0,3.0,3.0,1.0,16198,1.8470124278801867,1.5215058038904201,551,551,1,0,False
A0-B0-C0-r353,20295053,8,316,2.0,2.0,2.0,2.0,1.0,13400,1.8470124278801867,1.5215058038904201,316,316,1,0,False
A0-B0-C0-r353,20295053,16,167,2.0,2.0,2.0,2.0,1.0,7272,1.8470124278801867,1.5215058038904201,167,167,1,0,False
A0-B0-C0-r354,20295150,1,2000,4.0,4.0,4.0,4.0,1.0,14918,2.1418162247997548,1.5520601870978377,2000,2000,1,0,False
A0-B0-C0-r354,20295150,2,1044,3.0,3.0,3.0,3.0,1.0,13783,2.1418162247997548,1.5520601870978377,1044,1044,1,0,False
A0-B0-C0-r354,20295150,4,555,3.0,3.0,3.0,3.0,1.0,12656,2.1418162247997548,1.5520601870978377,555,555,1,0,False
A0-B0-C0-r354,20295150,8,315,2.0,2.0,3.0,3.0,1.0,10626,2.1418162247997548,1.5520601870978377,315,315,1,0,False
A0-B0-C0-r354,20295150,16,177,2.0,2.0,2.0,2.0,1.0,6464,2.1418162247997548,1.5520601870978377,177,177,1,0,False
A0-B0-C0-r355,20295247,1,2000,4.0,4.0,4.0,4.0,1.0,16304,1.8954491717709607,1.501968487110351,2000,2000,1,0,False
A0-B0-C0-r355,20295247,2,1040,3.0,3.0,3.0,3.0,1.0,15112,1.8954491717709607,1.501968487110351,1040,1040,1,0,False
A0-B0-C0-r355,20295247,4,560,3.0,3.0,3.0,3.0,1.0,13919,1.8954491717709607,1.501968487110351,560,560,1,0,False
A0-B0-C0-r355,20295247,8,314,3.0,3.0,2.3333333333333335,2.3333333333333335,1.0,11646,1.8954491717709607,1.501968487110351,314,314,1,0,False
A0-B0-C0-r355,20295247,16,192,2.0,2.0,2.0,2.0,1.0,7018,1.8954491717709607,1.501968487110351,192,192,1,0,False
A0-B0-C0-r356,20295344,1,2000,5.0,5.0,5.0,5.0,1.0,12932,1.5196576744898391,1.5534435980326629,2000,2000,1,0,False
A0-B0-C0-r356,20295344,2,1046,4.0,4.0,4.0,4.0,1.0,11787,1.5196576744898391,1.5534435980326629,1046,1046,1,0,False
A0-B0-C0-r356,20295344,4,564,3.0,3.0,3.0,3.0,1.0,10827,1.5196576744898391,1.5534435980326629,564,564,1,0,False
A0-B0-C0-r356,20295344,8,314,3.0,3.0,3.0,3.0,1.0,9156,1.5196576744898391,1.5534435980326629,314,314,1,0,False
A0-B0-C0-r356,20295344,16,191,3.0,3.0,2.0,2.0,1.0,5800,1.5196576744898391,1.5534435980326629,191,191,1,0,False
A0-B0-C0-r357,20295441,1,2000,4.0,4.0,4.0,4.0,1.0,14978,1.9042687320906935,1.5728179409307261,2000,2000,1,0,False
A0-B0-C0-r357,20295441,2,1045,4.0,4.0,3.3333333333333335,3.3333333333333335,1.0,13803,1.9042687320906935,1.5728179409307261,1045,1045,1,0,False
A0-B0-C0-r357,20295441,4,563,3.0,3.0,3.3333333333333335,3.3333333333333335,1.0,12745,1.9042687320906935,1.5728179409307261,563,563,1,0,False
A0-B0-C0-r357,20295441,8,310,2.0,2.0,3.0,3.0,1.0,10651,1.9042687320906935,1.5728179409307261,310,310,1,0,False
A0-B0-C0-r357,20295441,16,184,2.0,2.0,2.0,2.0,1.0,6593,1.9042687320906935,1.5728179409307261,184,184,1,0,False
A0-B0-C0-r358,20295538,1,2000,4.0,4.0,4.0,4.0,1.0,15227,1.8919244305189593,1.4797554442725283,2000,2000,1,0,False
A0-B0-C0-r358,20295538,2,1041,3.0,3.0,3.3333333333333335,3.3333333333333335,1.0,14052,1.8919244305189593,1.4797554442725283,1041,1041,1,0,False
A0-B0-C0-r358,20295538,4,568,3.0,3.0,3.0,3.0,1.0,12953,1.8919244305189593,1.4797554442725283,568,568,1,0,False
A0-B0-C0-r358,20295538,8,305,3.0,3.0,3.0,3.0,1.0,10841,1.8919244305189593,1.4797554442725283,305,305,1,0,False
A0-B0-C0-r358,20295538,16,175,2.0,2.0,2.0,2.0,1.0,6568,1.8919244305189593,1.4797554442725283,175,175,1,0,False
A0-B0-C0-r359,20295635,1,2000,5.0,5.0,5.0,5.0,1.0,10139,1.8193984429153063,1.5096149017832243,2000,2000,1,0,False
A0-B0-C0-r359,20295635,2,1058,5.0,5.0,4.0,4.0,1.0,9075,1.8193984429153063,1.5096149017832243,1058,1058,1,0,False
A0-B0-C0-r359,20295635,4,601,4.0,4.0,3.6666666666666665,3.6666666666666665,1.0,8275,1.8193984429153063,1.5096149017832243,601,601,1,0,False
A0-B0-C0-r359,20295635,8,343,3.0,3.0,3.0,3.0,1.0,6939,1.8193984429153063,1.5096149017832243,343,343,1,0,False
A0-B0-C0-r359,20295635,16,220,3.0,3.0,2.6666666666666665,2.6666666666666665,1.0,4688,1.8193984429153063,1.5096149017832243,220,220,1,0,False
A0-B0-C0-r360,20295732,1,2000,5.0,5.0,5.0,5.0,1.0,11513,2.051744707611022,1.492492090630788,2000,2000,1,0,False
A0-B0-C0-r360,20295732,2,1062,4.0,4.0,4.0,4.0,1.0,10432,2.051744707611022,1.492492090630788,1062,1062,1,0,False
A0-B0-C0-r360,20295732,4,571,3.0,3.0,3.6666666666666665,3.6666666666666665,1.0,9540,2.051744707611022,1.492492090630788,571,571,1,0,False
A0-B0-C0-r360,20295732,8,332,3.0,3.0,3.3333333333333335,3.3333333333333335,1.0,8077,2.051744707611022,1.492492090630788,332,332,1,0,False
A0-B0-C0-r360,20295732,16,216,2.0,2.0,2.0,2.0,1.0,5357,2.051744707611022,1.492492090630788,216,216,1,0,False
A0-B0-C0-r361,20295829,1,2000,4.0,4.0,4.0,4.0,1.0,18517,1.9380856757183271,1.4970982210571702,2000,2000,1,0,False
A0-B0-C0-r361,20295829,2,1031,3.0,3.0,3.0,3.0,1.0,17298,1.9380856757183271,1.4970982210571702,1031,1031,1,0,False
A0-B0-C0-r361,20295829,4,546,3.0,3.0,3.0,3.0,1.0,15956,1.9380856757183271,1.4970982210571702,546,546,1,0,False
A0-B0-C0-r361,20295829,8,307,2.0,2.0,2.6666666666666665,2.6666666666666665,1.0,13163,1.9380856757183271,1.4970982210571702,307,307,1,0,False
A0-B0-C0-r361,20295829,16,172,2.0,2.0,2.0,2.0,1.0,7308,1.9380856757183271,1.4970982210571702,172,172,1,0,False
A0-B0-C0-r362,20295926,1,2000,4.0,4.0,4.0,4.0,1.0,20811,1.8487935990787028,1.544994763386162,2000,2000,1,0,False
A0-B0-C0-r362,20295926,2,1029,3.0,3.0,3.0,3.0,1.0,19560,1.8487935990787028,1.544994763386162,1029,1029,1,0,False
A0-B0-C0-r362,20295926,4,547,3.0,3.0,3.0,3.0,1.0,18007,1.8487935990787028,1.544994763386162,547,547,1,0,False
A0-B0-C0-r362,20295926,8,304,2.0,2.0,2.0,2.0,1.0,14565,1.8487935990787028,1.544994763386162,304,304,1,0,False
A0-B0-C0-r362,20295926,16,168,2.0,2.0,2.0,2.0,1.0,7711,1.8487935990787028,1.544994763386162,168,168,1,0,False
A0-B0-C0-r363,20296023,1,2000,4.0,4.0,4.0,4.0,1.0,18043,2.0282621370052607,1.5218923781466944,2000,2000,1,0,False
A0-B0-C0-r363,20296023,2,1037,3.0,3.0,3.0,3.0,1.0,16839,2.0282621370052607,1.5218923781466944,1037,1037,1,0,False
A0-B0-C0-r363,20296023,4,553,3.0,3.0,3.0,3.0,1.0,15543,2.0282621370052607,1.5218923781466944,553,553,1,0,False
A0-B0-C0-r363,20296023,8,306,3.0,3.0,2.0,2.0,1.0,12886,2.0282621370052607,1.5218923781466944,306,306,1,0,False
A0-B0-C0-r363,20296023,16,173,2.0,2.0,2.0,2.0,1.0,7225,2.0282621370052607,1.5218923781466944,173,173,1,0,False
A0-B0-C0-r364,20296120,1,2000,4.0,4.0,4.0,4.0,1.0,20213,2.134726528510629,1.533774192380905,2000,2000,1,0,False
A0-B0-C0-r364,20296120,2,1034,3.0,3.0,3.0,3.0,1.0,18973,2.134726528510629,1.533774192380905,1034,1034,1,0,False
A0-B0-C0-r364,20296120,4,545,3.0,3.0,3.0,3.0,1.0,17495,2.134726528510629,1.533774192380905,545,545,1,0,False
A0-B0-C0-r364,20296120,8,295,2.0,2.0,2.0,2.0,1.0,14122,2.134726528510629,1.533774192380905,295,295,1,0,False
A0-B0-C0-r364,20296120,16,165,2.0,2.0,2.0,2.0,1.0,7453,2.134726528510629,1.533774192380905,165,165,1,0,False
A0-B0-C0-r365,20296217,1,2000,4.0,4.0,4.0,4.0,1.0,17089,1.8808304197921148,1.458926242424727,2000,2000,1,0,False
A0-B0-C0-r365,20296217,2,1039,3.0,3.0,3.0,3.0,1.0,15896,1.8808304197921148,1.458926242424727,1039,1039,1,0,False
A0-B0-C0-r365,20296217,4,546,3.0,3.0,3.0,3.0,1.0,14639,1.8808304197921148,1.458926242424727,546,546,1,0,False
A0-B0-C0-r365,20296217,8,310,2.0,2.0,2.3333333333333335,2.3333333333333335,1.0,12231,1.8808304197921148,1.458926242424727,310,310,1,0,False
A0-B0-C0-r365,20296217,16,183,2.0,2.0,2.0,2.0,1.0,7143,1.8808304197921148,1.458926242424727,183,183,1,0,False
A0-B0-C0-r366,20296314,1,2000,4.0,4.0,4.0,4.0,1.0,18503,1.8657935448018022,1.552000206384963,2000,2000,1,0,False
A0-B0-C0-r366,20296314,2,1038,3.0,3.0,3.0,3.0,1.0,17296,1.8657935448018022,1.552000206384963,1038,1038,1,0,False
A0-B0-C0-r366,20296314,4,538,3.0,3.0,3.0,3.0,1.0,15927,1.8657935448018022,1.552000206384963,538,538,1,0,False
A0-B0-C0-r366,20296314,8,303,2.0,2.0,2.3333333333333335,2.3333333333333335,1.0,13104,1.8657935448018022,1.552000206384963,303,303,1,0,False
A0-B0-C0-r366,20296314,16,171,2.0,2.0,2.0,2.0,1.0,7292,1.8657935448018022,1.552000206384963,171,171,1,0,False
A0-B0-C0-r367,20296411,1,2000,4.0,4.0,4.0,4.0,1.0,15058,1.9084202268511805,1.4967396259218653,2000,2000,1,0,False
A0-B0-C0-r367,20296411,2,1046,3.0,3.0,3.3333333333333335,3.3333333333333335,1.0,13915,1.9084202268511805,1.4967396259218653,1046,1046,1,0,False
A0-B0-C0-r367,20296411,4,562,3.0,3.0,3.0,3.0,1.0,12810,1.9084202268511805,1.4967396259218653,562,562,1,0,False
A0-B0-C0-r367,20296411,8,311,3.0,3.0,2.6666666666666665,2.6666666666666665,1.0,10728,1.9084202268511805,1.4967396259218653,311,311,1,0,False
A0-B0-C0-r367,20296411,16,187,2.0,2.0,2.0,2.0,1.0,6505,1.9084202268511805,1.4967396259218653,187,187,1,0,False
A0-B0-C0-r368,20296508,1,2000,4.0,4.0,4.0,4.0,1.0,20492,2.1109682241203385,1.4789533917523499,2000,2000,1,0,False
A0-B0-C0-r368,20296508,2,1032,3.0,3.0,3.0,3.0,1.0,19237,2.1109682241203385,1.4789533917523499,1032,1032,1,0,False
A0-B0-C0-r368,20296508,4,546,3.0,3.0,3.0,3.0,1.0,17698,2.1109682241203385,1.4789533917523499,546,546,1,0,False
A0-B0-C0-r368,20296508,8,304,2.0,2.0,2.0,2.0,1.0,14346,2.1109682241203385,1.4789533917523499,304,304,1,0,False
A0-B0-C0-r368,20296508,16,182,2.0,2.0,2.0,2.0,1.0,7815,2.1109682241203385,1.4789533917523499,182,182,1,0,False
A0-B0-C0-r369,20296605,1,2000,5.0,5.0,4.333333333333333,4.333333333333333,1.0,13659,1.705412969999742,1.5145185861400787,2000,2000,1,0,False
A0-B0-C0-r369,20296605,2,1046,4.0,4.0,3.0,3.0,1.0,12525,1.705412969999742,1.5145185861400787,1046,1046,1,0,False
A0-B0-C0-r369,20296605,4,556,3.0,3.0,3.3333333333333335,3.3333333333333335,1.0,11509,1.705412969999742,1.5145185861400787,556,556,1,0,False
A0-B0-C0-r369,20296605,8,313,3.0,3.0,3.0,3.0,1.0,9697,1.705412969999742,1.5145185861400787,313,313,1,0,False
A0-B0-C0-r369,20296605,16,188,2.0,2.0,2.0,2.0,1.0,6056,1.705412969999742,1.5145185861400787,188,188,1,0,False
A0-B0-C0-r370,20296702,1,2000,6.0,6.0,5.0,5.0,1.0,10228,1.5353995301862358,1.5752488094385115,2000,2000,1,0,False
A0-B0-C0-r370,20296702,2,1066,4.0,4.0,4.0,4.0,1.0,9156,1.5353995301862358,1.5752488094385115,1066,1066,1,0,False
A0-B0-C0-r370,20296702,4,591,4.0,4.0,3.3333333333333335,3.3333333333333335,1.0,8371,1.5353995301862358,1.5752488094385115,591,591,1,0,False
A0-B0-C0-r370,20296702,8,355,3.0,3.0,3.3333333333333335,3.3333333333333335,1.0,7088,1.5353995301862358,1.5752488094385115,355,355,1,0,False
A0-B0-C0-r370,20296702,16,216,3.0,3.0,2.6666666666666665,2.6666666666666665,1.0,4742,1.5353995301862358,1.5752488094385115,216,216,1,0,False
A0-B0-C0-r371,20296799,1,2000,4.0,4.0,4.0,4.0,1.0,14073,1.849691703175639,1.488246853586409,2000,2000,1,0,False
A0-B0-C0-r371,20296799,2,1048,4.0,4.0,3.3333333333333335,3.3333333333333335,1.0,12950,1.849691703175639,1.488246853586409,1048,1048,1,0,False
A0-B0-C0-r371,20296799,4,571,3.0,3.0,3.0,3.0,1.0,11878,1.849691703175639,1.488246853586409,571,571,1,0,False
A0-B0-C0-r371,20296799,8,329,3.0,3.0,3.0,3.0,1.0,10043,1.849691703175639,1.488246853586409,329,329,1,0,False
A0-B0-C0-r371,20296799,16,184,2.0,2.0,2.0,2.0,1.0,6282,1.849691703175639,1.488246853586409,184,184,1,0,False
A0-B0-C0-r372,20296896,1,2000,4.0,4.0,4.0,4.0,1.0,20633,1.7420053986405388,1.4795681788282382,2000,2000,1,0,False
A0-B0-C0-r372,20296896,2,1033,3.0,3.0,3.0,3.0,1.0,19373,1.7420053986405388,1.4795681788282382,1033,1033,1,0,False
A0-B0-C0-r372,20296896,4,541,3.0,3.0,3.0,3.0,1.0,17798,1.7420053986405388,1.4795681788282382,541,541,1,0,False
A0-B0-C0-r372,20296896,8,304,2.0,2.0,2.0,2.0,1.0,14431,1.7420053986405388,1.4795681788282382,304,304,1,0,False
A0-B0-C0-r372,20296896,16,176,2.0,2.0,2.0,2.0,1.0,7796,1.7420053986405388,1.4795681788282382,176,176,1,0,False
A0-B0-C0-r373,20296993,1,2000,4.0,4.0,4.0,4.0,1.0,19442,2.0454224709391946,1.5146687796592668,2000,2000,1,0,False
A0-B0-C0-r373,20296993,2,1036,3.0,3.0,3.0,3.0,1.0,18243,2.0454224709391946,1.5146687796592668,1036,1036,1,0,False
A0-B0-C0-r373,20296993,4,548,3.0,3.0,3.0,3.0,1.0,16843,2.0454224709391946,1.5146687796592668,548,548,1,0,False
A0-B0-C0-r373,20296993,8,300,2.0,2.0,2.0,2.0,1.0,13649,2.0454224709391946,1.5146687796592668,300,300,1,0,False
A0-B0-C0-r373,20296993,16,176,2.0,2.0,2.0,2.0,1.0,7627,2.0454224709391946,1.5146687796592668,176,176,1,0,False
A0-B0-C0-r374,20297090,1,2000,5.0,5.0,5.0,5.0,1.0,12014,2.067491039102982,1.5040270297507243,2000,2000,1,0,False
A0-B0-C0-r374,20297090,2,1053,4.0,4.0,4.0,4.0,1.0,10924,2.067491039102982,1.5040270297507243,1053,1053,1,0,False
A0-B0-C0-r374,20297090,4,576,3.0,3.0,3.0,3.0,1.0,10009,2.067491039102982,1.5040270297507243,576,576,1,0,False
A0-B0-C0-r374,20297090,8,326,3.0,3.0,3.0,3.0,1.0,8439,2.067491039102982,1.5040270297507243,326,326,1,0,False
A0-B0-C0-r374,20297090,16,200,2.0,2.0,2.3333333333333335,2.3333333333333335,1.0,5536,2.067491039102982,1.5040270297507243,200,200,1,0,False
A0-B0-C0-r375,20297187,1,2000,5.0,5.0,4.666666666666667,4.666666666666667,1.0,13279,1.5603240138571928,1.5102218583735072,2000,2000,1,0,False
A0-B0-C0-r375,20297187,2,1055,4.0,4.0,3.3333333333333335,3.3333333333333335,1.0,12158,1.5603240138571928,1.5102218583735072,1055,1055,1,0,False
A0-B0-C0-r375,20297187,4,569,3.0,3.0,3.0,3.0,1.0,11164,1.5603240138571928,1.5102218583735072,569,569,1,0,False
A0-B0-C0-r375,20297187,8,315,3.0,3.0,3.0,3.0,1.0,9375,1.5603240138571928,1.5102218583735072,315,315,1,0,False
A0-B0-C0-r375,20297187,16,212,2.0,2.0,2.3333333333333335,2.3333333333333335,1.0,6074,1.5603240138571928,1.5102218583735072,212,212,1,0,False
A0-B0-C0-r376,20297284,1,2000,4.0,4.0,4.0,4.0,1.0,18521,1.8687958519151082,1.451741466921856,2000,2000,1,0,False
A0-B0-C0-r376,20297284,2,1035,3.0,3.0,3.0,3.0,1.0,17267,1.8687958519151082,1.451741466921856,1035,1035,1,0,False
A0-B0-C0-r376,20297284,4,557,3.0,3.0,3.0,3.0,1.0,15985,1.8687958519151082,1.451741466921856,557,557,1,0,False
A0-B0-C0-r376,20297284,8,298,2.0,2.0,2.3333333333333335,2.3333333333333335,1.0,13091,1.8687958519151082,1.451741466921856,298,298,1,0,False
A0-B0-C0-r376,20297284,16,180,2.0,2.0,2.0,2.0,1.0,7418,1.8687958519151082,1.451741466921856,180,180,1,0,False
A0-B0-C0-r377,20297381,1,2000,4.0,4.0,4.0,4.0,1.0,19601,1.8730895355369221,1.5236320972528261,2000,2000,1,0,False
A0-B0-C0-r377,20297381,2,1034,3.0,3.0,3.0,3.0,1.0,18387,1.8730895355369221,1.5236320972528261,1034,1034,1,0,False
A0-B0-C0-r377,20297381,4,545,3.0,3.0,3.0,3.0,1.0,16959,1.8730895355369221,1.5236320972528261,545,545,1,0,False
A0-B0-C0-r377,20297381,8,303,2.0,2.0,2.0,2.0,1.0,13818,1.8730895355369221,1.5236320972528261,303,303,1,0,False
A0-B0-C0-r377,20297381,16,171,2.0,2.0,2.0,2.0,1.0,7546,1.8730895355369221,1.5236320972528261,171,171,1,0,False
A0-B0-C0-r378,20297478,1,2000,4.0,4.0,4.0,4.0,1.0,19359,2.093218883571144,1.4904694020026752,2000,2000,1,0,False
A0-B0-C0-r378,20297478,2,1028,3.0,3.0,3.0,3.0,1.0,18122,2.093218883571144,1.4904694020026752,1028,1028,1,0,False
A0-B0-C0-r378,20297478,4,541,3.0,3.0,3.0,3.0,1.0,16739,2.093218883571144,1.4904694020026752,541,541,1,0,False
A0-B0-C0-r378,20297478,8,301,2.0,2.0,2.0,2.0,1.0,13646,2.093218883571144,1.4904694020026752,301,301,1,0,False
A0-B0-C0-r378,20297478,16,172,2.0,2.0,2.0,2.0,1.0,7530,2.093218883571144,1.4904694020026752,172,172,1,0,False
A0-B0-C0-r379,20297575,1,2000,7.0,7.0,5.333333333333333,5.333333333333333,1.0,9014,1.139397037326123,1.547675300228777,2000,2000,1,0,False
A0-B0-C0-r379,20297575,2,1067,5.0,5.0,4.333333333333333,4.333333333333333,1.0,7995,1.139397037326123,1.547675300228777,1067,1067,1,0,False
A0-B0-C0-r379,20297575,4,600,4.0,4.0,4.0,4.0,1.0,7243,1.139397037326123,1.547675300228777,600,600,1,0,False
A0-B0-C0-r379,20297575,8,364,4.0,4.0,3.0,3.0,1.0,6105,1.139397037326123,1.547675300228777,364,364,1,0,False
A0-B0-C0-r379,20297575,16,245,3.0,3.0,3.0,3.0,1.0,4279,1.139397037326123,1.547675300228777,245,245,1,0,False
A0-B0-C0-r380,20297672,1,2000,5.0,5.0,4.0,4.0,1.0,15498,1.9017942194022728,1.493564964634079,2000,2000,1,0,False
A0-B0-C0-r380,20297672,2,1037,3.0,3.0,3.3333333333333335,3.3333333333333335,1.0,14328,1.9017942194022728,1.493564964634079,1037,1037,1,0,False
A0-B0-C0-r380,20297672,4,556,3.0,3.0,3.0,3.0,1.0,13201,1.9017942194022728,1.493564964634079,556,556,1,0,False
A0-B0-C0-r380,20297672,8,309,2.0,2.0,3.0,3.0,1.0,11043,1.9017942194022728,1.493564964634079,309,309,1,0,False
A0-B0-C0-r380,20297672,16,194,2.0,2.0,2.0,2.0,1.0,6768,1.9017942194022728,1.493564964634079,194,194,1,0,False
A0-B0-C0-r381,20297769,1,2000,4.0,4.0,4.0,4.0,1.0,17578,1.9292387335014851,1.525030962405535,2000,2000,1,0,False
A0-B0-C0-r381,20297769,2,1036,3.0,3.0,3.0,3.0,1.0,16393,1.9292387335014851,1.525030962405535,1036,1036,1,0,False
A0-B0-C0-r381,20297769,4,550,3.0,3.0,3.0,3.0,1.0,15095,1.9292387335014851,1.525030962405535,550,550,1,0,False
A0-B0-C0-r381,20297769,8,311,2.0,2.0,2.0,2.0,1.0,12591,1.9292387335014851,1.525030962405535,311,311,1,0,False
A0-B0-C0-r381,20297769,16,170,2.0,2.0,2.0,2.0,1.0,7156,1.9292387335014851,1.525030962405535,170,170,1,0,False
A0-B0-C0-r382,20297866,1,2000,5.0,5.0,4.0,4.0,1.0,14828,1.7643824603479683,1.4732623216654792,2000,2000,1,0,False
A0-B0-C0-r382,20297866,2,1043,3.0,3.0,3.3333333333333335,3.3333333333333335,1.0,13701,1.7643824603479683,1.4732623216654792,1043,1043,1,0,False
A0-B0-C0-r382,20297866,4,548,3.0,3.0,3.0,3.0,1.0,12583,1.7643824603479683,1.4732623216654792,548,548,1,0,False
A0-B0-C0-r382,20297866,8,319,3.0,3.0,3.0,3.0,1.0,10514,1.7643824603479683,1.4732623216654792,319,319,1,0,False
A0-B0-C0-r382,20297866,16,187,2.0,2.0,2.0,2.0,1.0,6642,1.7643824603479683,1.4732623216654792,187,187,1,0,False
A0-B0-C0-r383,20297963,1,2000,4.0,4.0,4.0,4.0,1.0,16446,2.0076946604030286,1.5278053051287177,2000,2000,1,0,False
A0-B0-C0-r383,20297963,2,1044,3.0,3.0,3.0,3.0,1.0,15276,2.0076946604030286,1.5278053051287177,1044,1044,1,0,False
A0-B0-C0-r383,20297963,4,547,3.0,3.0,3.0,3.0,1.0,14044,2.0076946604030286,1.5278053051287177,547,547,1,0,False
A0-B0-C0-r383,20297963,8,305,3.0,3.0,2.6666666666666665,2.6666666666666665,1.0,11650,2.0076946604030286,1.5278053051287177,305,305,1,0,False
A0-B0-C0-r383,20297963,16,180,2.0,2.0,2.0,2.0,1.0,7002,2.0076946604030286,1.5278053051287177,180,180,1,0,False
A0-B0-C0-r384,20298060,1,2000,6.0,6.0,5.333333333333333,5.333333333333333,1.0,9890,1.800326982594724,1.5696052574596684,2000,2000,1,0,False
A0-B0-C0-r384,20298060,2,1058,4.0,4.0,4.0,4.0,1.0,8827,1.800326982594724,1.5696052574596684,1058,1058,1,0,False
A0-B0-C0-r384,20298060,4,588,4.0,4.0,3.3333333333333335,3.3333333333333335,1.0,8002,1.800326982594724,1.5696052574596684,588,588,1,0,False
A0-B0-C0-r384,20298060,8,344,3.0,3.0,3.3333333333333335,3.3333333333333335,1.0,6781,1.800326982594724,1.5696052574596684,344,344,1,0,False
A0-B0-C0-r384,20298060,16,219,3.0,3.0,2.6666666666666665,2.6666666666666665,1.0,4551,1.800326982594724,1.5696052574596684,219,219,1,0,False
A0-B0-C0-r385,20298157,1,2000,4.0,4.0,4.0,4.0,1.0,16854,1.9475478461450713,1.5085494628123994,2000,2000,1,0,False
A0-B0-C0-r385,20298157,2,1042,3.0,3.0,3.0,3.0,1.0,15644,1.9475478461450713,1.5085494628123994,1042,1042,1,0,False
A0-B0-C0-r385,20298157,4,557,3.0,3.0,3.0,3.0,1.0,14474,1.9475478461450713,1.5085494628123994,557,557,1,0,False
A0-B0-C0-r385,20298157,8,310,2.0,2.0,2.3333333333333335,2.3333333333333335,1.0,11986,1.9475478461450713,1.5085494628123994,310,310,1,0,False
A0-B0-C0-r385,20298157,16,166,2.0,2.0,2.0,2.0,1.0,6936,1.9475478461450713,1.5085494628123994,166,166,1,0,False
A0-B0-C0-r386,20298254,1,2000,5.0,5.0,4.0,4.0,1.0,14330,1.8417674493395904,1.5052758918520504,2000,2000,1,0,False
A0-B0-C0-r386,20298254,2,1040,4.0,4.0,3.0,3.0,1.0,13180,1.8417674493395904,1.5052758918520504,1040,1040,1,0,False
A0-B0-C0-r386,20298254,4,560,3.0,3.0,3.0,3.0,1.0,12107,1.8417674493395904,1.5052758918520504,560,560,1,0,False
A0-B0-C0-r386,20298254,8,304,3.0,3.0,3.0,3.0,1.0,10122,1.8417674493395904,1.5052758918520504,304,304,1,0,False
A0-B0-C0-r386,20298254,16,199,2.0,2.0,2.0,2.0,1.0,6416,1.8417674493395904,1.5052758918520504,199,199,1,0,False
A0-B0-C0-r387,20298351,1,2000,6.0,6.0,5.666666666666667,5.666666666666667,1.0,9844,1.2770654580187772,1.5449897151762788,2000,2000,1,0,False
A0-B0-C0-r387,20298351,2,1071,4.0,4.0,4.666666666666667,4.666666666666667,1.0,8799,1.2770654580187772,1.5449897151762788,1071,1071,1,0,False
A0-B0-C0-r387,20298351,4,594,4.0,4.0,3.3333333333333335,3.3333333333333335,1.0,7963,1.2770654580187772,1.5449897151762788,594,594,1,0,False
A0-B0-C0-r387,20298351,8,357,4.0,4.0,3.3333333333333335,3.3333333333333335,1.0,6778,1.2770654580187772,1.5449897151762788,357,357,1,0,False
A0-B0-C0-r387,20298351,16,229,3.0,3.0,3.3333333333333335,3.3333333333333335,1.0,4589,1.2770654580187772,1.5449897151762788,229,229,1,0,False
A0-B0-C0-r388,20298448,1,2000,4.0,4.0,4.0,4.0,1.0,16252,1.985533350157763,1.5042588402051655,2000,2000,1,0,False
A0-B0-C0-r388,20298448,2,1044,3.0,3.0,3.0,3.0,1.0,15079,1.985533350157763,1.5042588402051655,1044,1044,1,0,False
A0-B0-C0-r388,20298448,4,558,3.0,3.0,3.0,3.0,1.0,13902,1.985533350157763,1.5042588402051655,558,558,1,0,False
A0-B0-C0-r388,20298448,8,306,2.0,2.0,2.3333333333333335,2.3333333333333335,1.0,11579,1.985533350157763,1.5042588402051655,306,306,1,0,False
A0-B0-C0-r388,20298448,16,168,2.0,2.0,2.0,2.0,1.0,6838,1.985533350157763,1.5042588402051655,168,168,1,0,False
A0-B0-C0-r389,20298545,1,2000,5.0,5.0,5.0,5.0,1.0,11141,1.3250681573190584,1.4218242948392952,2000,2000,1,0,False
A0-B0-C0-r389,20298545,2,1060,4.0,4.0,4.0,4.0,1.0,10051,1.3250681573190584,1.4218242948392952,1060,1060,1,0,False
A0-B0-C0-r389,20298545,4,586,4.0,4.0,3.3333333333333335,3.3333333333333335,1.0,9135,1.3250681573190584,1.4218242948392952,586,586,1,0,False
A0-B0-C0-r389,20298545,8,339,3.0,3.0,3.0,3.0,1.0,7796,1.3250681573190584,1.4218242948392952,339,339,1,0,False
A0-B0-C0-r389,20298545,16,198,3.0,3.0,2.3333333333333335,2.3333333333333335,1.0,5068,1.3250681573190584,1.4218242948392952,198,198,1,0,False
A0-B0-C0-r390,20298642,1,2000,5.0,5.0,5.0,5.0,1.0,11565,1.6097141288460417,1.5027632553837835,2000,2000,1,0,False
A0-B0-C0-r390,20298642,2,1059,4.0,4.0,4.0,4.0,1.0,10463,1.6097141288460417,1.5027632553837835,1059,1059,1,0,False
A0-B0-C0-r390,20298642,4,586,3.0,3.0,3.3333333333333335,3.3333333333333335,1.0,9605,1.6097141288460417,1.5027632553837835,586,586,1,0,False
A0-B0-C0-r390,20298642,8,337,3.0,3.0,3.0,3.0,1.0,8074,1.6097141288460417,1.5027632553837835,337,337,1,0,False
A0-B0-C0-r390,20298642,16,220,3.0,3.0,2.0,2.0,1.0,5428,1.6097141288460417,1.5027632553837835,220,220,1,0,False
A0-B0-C0-r391,20298739,1,2000,4.0,4.0,4.0,4.0,1.0,18831,2.1343466962744113,1.5186079363369567,2000,2000,1,0,False
A0-B0-C0-r391,20298739,2,1035,3.0,3.0,3.0,3.0,1.0,17621,2.1343466962744113,1.5186079363369567,1035,1035,1,0,False
A0-B0-C0-r391,20298739,4,548,3.0,3.0,3.0,3.0,1.0,16269,2.1343466962744113,1.5186079363369567,548,548,1,0,False
A0-B0-C0-r391,20298739,8,295,2.0,2.0,2.0,2.0,1.0,13305,2.1343466962744113,1.5186079363369567,295,295,1,0,False
A0-B0-C0-r391,20298739,16,178,2.0,2.0,2.0,2.0,1.0,7497,2.1343466962744113,1.5186079363369567,178,178,1,0,False
A0-B0-C0-r392,20298836,1,2000,4.0,4.0,4.0,4.0,1.0,19832,2.108406049246193,1.499383141504258,2000,2000,1,0,False
A0-B0-C0-r392,20298836,2,1037,3.0,3.0,3.0,3.0,1.0,18603,2.108406049246193,1.499383141504258,1037,1037,1,0,False
A0-B0-C0-r392,20298836,4,554,3.0,3.0,3.0,3.0,1.0,17137,2.108406049246193,1.499383141504258,554,554,1,0,False
A0-B0-C0-r392,20298836,8,290,2.0,2.0,2.3333333333333335,2.3333333333333335,1.0,13942,2.108406049246193,1.499383141504258,290,290,1,0,False
A0-B0-C0-r392,20298836,16,179,2.0,2.0,2.0,2.0,1.0,7629,2.108406049246193,1.499383141504258,179,179,1,0,False
A0-B0-C0-r393,20298933,1,2000,6.0,6.0,5.0,5.0,1.0,10587,1.381423649277423,1.5398207981497816,2000,2000,1,0,False
A0-B0-C0-r393,20298933,2,1063,4.0,4.0,4.0,4.0,1.0,9506,1.381423649277423,1.5398207981497816,1063,1063,1,0,False
A0-B0-C0-r393,20298933,4,585,3.0,3.0,3.0,3.0,1.0,8654,1.381423649277423,1.5398207981497816,585,585,1,0,False
A0-B0-C0-r393,20298933,8,336,3.0,3.0,3.3333333333333335,3.3333333333333335,1.0,7297,1.381423649277423,1.5398207981497816,336,336,1,0,False
A0-B0-C0-r393,20298933,16,235,3.0,3.0,2.6666666666666665,2.6666666666666665,1.0,5059,1.381423649277423,1.5398207981497816,235,235,1,0,False
A0-B0-C0-r394,20299030,1,2000,5.0,5.0,5.0,5.0,1.0,11678,1.484761798406876,1.4899845805625442,2000,2000,1,0,False
A0-B0-C0-r394,20299030,2,1053,4.0,4.0,4.0,4.0,1.0,10606,1.484761798406876,1.4899845805625442,1053,1053,1,0,False
A0-B0-C0-r394,20299030,4,572,3.0,3.0,3.0,3.0,1.0,9642,1.484761798406876,1.4899845805625442,572,572,1,0,False
A0-B0-C0-r394,20299030,8,331,3.0,3.0,3.3333333333333335,3.3333333333333335,1.0,8127,1.484761798406876,1.4899845805625442,331,331,1,0,False
A0-B0-C0-r394,20299030,16,220,2.0,2.0,2.3333333333333335,2.3333333333333335,1.0,5481,1.484761798406876,1.4899845805625442,220,220,1,0,False
A0-B0-C0-r395,20299127,1,2000,6.0,6.0,5.333333333333333,5.333333333333333,1.0,10657,1.002060403631271,1.3028335659327597,2000,2000,1,0,False
A0-B0-C0-r395,20299127,2,1064,4.0,4.0,4.0,4.0,1.0,9601,1.002060403631271,1.3028335659327597,1064,1064,1,0,False
A0-B0-C0-r395,20299127,4,581,4.0,4.0,3.3333333333333335,3.3333333333333335,1.0,8721,1.002060403631271,1.3028335659327597,581,581,1,0,False
A0-B0-C0-r395,20299127,8,334,3.0,3.0,3.0,3.0,1.0,7372,1.002060403631271,1.3028335659327597,334,334,1,0,False
A0-B0-C0-r395,20299127,16,222,3.0,3.0,2.6666666666666665,2.6666666666666665,1.0,5064,1.002060403631271,1.3028335659327597,222,222,1,0,False
A0-B0-C0-r396,20299224,1,2000,4.0,4.0,4.0,4.0,1.0,20587,2.0859267787571873,1.562845344228159,2000,2000,1,0,False
A0-B0-C0-r396,20299224,2,1035,3.0,3.0,3.0,3.0,1.0,19330,2.0859267787571873,1.562845344228159,1035,1035,1,0,False
A0-B0-C0-r396,20299224,4,542,3.0,3.0,3.0,3.0,1.0,17773,2.0859267787571873,1.562845344228159,542,542,1,0,False
A0-B0-C0-r396,20299224,8,295,2.0,2.0,2.0,2.0,1.0,14366,2.0859267787571873,1.562845344228159,295,295,1,0,False
A0-B0-C0-r396,20299224,16,179,2.0,2.0,2.0,2.0,1.0,7952,2.0859267787571873,1.562845344228159,179,179,1,0,False
A0-B0-C0-r397,20299321,1,2000,5.0,5.0,4.333333333333333,4.333333333333333,1.0,13522,1.823663255330188,1.533264136587551,2000,2000,1,0,False
A0-B0-C0-r397,20299321,2,1052,4.0,4.0,4.0,4.0,1.0,12408,1.823663255330188,1.533264136587551,1052,1052,1,0,False
A0-B0-C0-r397,20299321,4,562,4.0,4.0,3.0,3.0,1.0,11369,1.823663255330188,1.533264136587551,562,562,1,0,False
A0-B0-C0-r397,20299321,8,310,3.0,3.0,3.0,3.0,1.0,9566,1.823663255330188,1.533264136587551,310,310,1,0,False
A0-B0-C0-r397,20299321,16,188,2.0,2.0,2.0,2.0,1.0,6059,1.823663255330188,1.533264136587551,188,188,1,0,False
A0-B0-C0-r398,20299418,1,2000,5.0,5.0,5.0,5.0,1.0,12118,1.4345966821661904,1.4922258626615463,2000,2000,1,0,False
A0-B0-C0-r398,20299418,2,1052,4.0,4.0,4.0,4.0,1.0,10997,1.4345966821661904,1.4922258626615463,1052,1052,1,0,False
A0-B0-C0-r398,20299418,4,575,3.0,3.0,3.3333333333333335,3.3333333333333335,1.0,10091,1.4345966821661904,1.4922258626615463,575,575,1,0,False
A0-B0-C0-r398,20299418,8,331,3.0,3.0,3.0,3.0,1.0,8489,1.4345966821661904,1.4922258626615463,331,331,1,0,False
A0-B0-C0-r398,20299418,16,209,2.0,2.0,2.3333333333333335,2.3333333333333335,1.0,5555,1.4345966821661904,1.4922258626615463,209,209,1,0,False
A0-B0-C0-r399,20299515,1,2000,4.0,4.0,4.0,4.0,1.0,16264,1.86245106791657,1.514279109433288,2000,2000,1,0,False
A0-B0-C0-r399,20299515,2,1040,3.0,3.0,3.0,3.0,1.0,15069,1.86245106791657,1.514279109433288,1040,1040,1,0,False
A0-B0-C0-r399,20299515,4,555,3.0,3.0,3.0,3.0,1.0,13919,1.86245106791657,1.514279109433288,555,555,1,0,False
A0-B0-C0-r399,20299515,8,294,2.0,2.0,2.3333333333333335,2.3333333333333335,1.0,11600,1.86245106791657,1.514279109433288,294,294,1,0,False
A0-B0-C0-r399,20299515,16,193,2.0,2.0,2.0,2.0,1.0,7064,1.86245106791657,1.514279109433288,193,193,1,0,False
