combo,eje_A,eje_B,eje_C,rule_id,seed,K,J,noise,meandeg,sim_thr_frac,kcap,escala_b,N,diam_real_viejo,diam_real_corr,diam_null_viejo,diam_null_corr,diam_null_std_viejo,diam_null_std_corr,giant_real,holon_real,holon_null_valor,n_aristas,n_triangulos,tam_comp_medida,tam_gigante,n_componentes,n_aislados,descarrila,difiere_real,difiere_null
A0-B0-C0,A0,B0,C0,A0-B0-C0-r0,620001,5,0.402,0.348,7.62,0.34,6,1,2000,4.0,4.0,4.0,4.0,1e-09,1e-09,1.0,2.1291071385411002,1.4628423235984298,20154,1500,2000,2000,1,0,False,False,False
A0-B0-C0,A0,B0,C0,A0-B0-C0-r0,620001,5,0.402,0.348,7.62,0.34,6,2,1032,3.0,3.0,3.0,3.0,1e-09,1e-09,1.0,2.1291071385411002,1.4628423235984298,18887,1500,1032,1032,1,0,False,False,False
A0-B0-C0,A0,B0,C0,A0-B0-C0-r0,620001,5,0.402,0.348,7.62,0.34,6,4,543,3.0,3.0,3.0,3.0,1e-09,1e-09,1.0,2.1291071385411002,1.4628423235984298,17427,1500,543,543,1,0,False,False,False
A0-B0-C0,A0,B0,C0,A0-B0-C0-r0,620001,5,0.402,0.348,7.62,0.34,6,8,302,2.0,2.0,2.0,2.0,1e-09,1e-09,1.0,2.1291071385411002,1.4628423235984298,14125,1500,302,302,1,0,False,False,False
A0-B0-C0,A0,B0,C0,A0-B0-C0-r0,620001,5,0.402,0.348,7.62,0.34,6,16,176,2.0,2.0,2.0,2.0,1e-09,1e-09,1.0,2.1291071385411002,1.4628423235984298,7652,1500,176,176,1,0,False,False,False
A0-B0-C0,A0,B0,C0,A0-B0-C0-r1,620098,7,0.774,0.191,6.12,0.163,6,1,2000,6.0,6.0,5.0,5.0,1e-09,1e-09,0.9995,1.4878400598783572,1.522765539290009,9882,1122,1999,1999,1,1,False,False,False
A0-B0-C0,A0,B0,C0,A0-B0-C0-r1,620098,7,0.774,0.191,6.12,0.163,6,2,1072,5.0,5.0,4.0,4.0,1e-09,1e-09,0.9990671641791045,1.4878400598783572,1.522765539290009,8824,1122,1071,1071,1,1,False,False,False
A0-B0-C0,A0,B0,C0,A0-B0-C0-r1,620098,7,0.774,0.191,6.12,0.163,6,4,587,4.0,4.0,3.3333333333333335,3.3333333333333335,0.4714045217910317,0.4714045217910317,0.9982964224872232,1.4878400598783572,1.522765539290009,7982,1122,586,586,1,1,False,False,False
A0-B0-C0,A0,B0,C0,A0-B0-C0-r1,620098,7,0.774,0.191,6.12,0.163,6,8,334,3.0,3.0,3.0,3.0,1e-09,1e-09,0.9970059880239521,1.4878400598783572,1.522765539290009,6762,1122,333,333,1,1,False,False,False
A0-B0-C0,A0,B0,C0,A0-B0-C0-r1,620098,7,0.774,0.191,6.12,0.163,6,16,216,3.0,3.0,2.3333333333333335,2.3333333333333335,0.4714045217910317,0.4714045217910317,0.9953703703703703,1.4878400598783572,1.522765539290009,4535,1122,215,215,1,1,False,False,False
A0-B0-C0,A0,B0,C0,A0-B0-C0-r2,620195,5,0.53,0.125,7.06,0.185,5,1,2000,5.0,5.0,5.0,5.0,1e-09,1e-09,1.0,1.3407909950616923,1.449003012593172,10852,1146,2000,2000,1,0,False,False,False
A0-B0-C0,A0,B0,C0,A0-B0-C0-r2,620195,5,0.53,0.125,7.06,0.185,5,2,1055,4.0,4.0,4.0,4.0,1e-09,1e-09,1.0,1.3407909950616923,1.449003012593172,9781,1146,1055,1055,1,0,False,False,False
A0-B0-C0,A0,B0,C0,A0-B0-C0-r2,620195,5,0.53,0.125,7.06,0.185,5,4,585,3.0,3.0,3.3333333333333335,3.3333333333333335,0.4714045217910317,0.4714045217910317,1.0,1.3407909950616923,1.449003012593172,8922,1146,585,585,1,0,False,False,False
A0-B0-C0,A0,B0,C0,A0-B0-C0-r2,620195,5,0.53,0.125,7.06,0.185,5,8,331,3.0,3.0,3.0,3.0,1e-09,1e-09,1.0,1.3407909950616923,1.449003012593172,7514,1146,331,331,1,0,False,False,False
A0-B0-C0,A0,B0,C0,A0-B0-C0-r2,620195,5,0.53,0.125,7.06,0.185,5,16,229,3.0,3.0,2.0,2.0,1e-09,1e-09,1.0,1.3407909950616923,1.449003012593172,5138,1146,229,229,1,0,False,False,False
A0-B0-C0,A0,B0,C0,A0-B0-C0-r3,620292,5,0.573,0.13,6.07,0.168,6,1,2000,6.0,6.0,5.333333333333333,5.333333333333333,0.4714045217910317,0.4714045217910317,1.0,1.2294653472670414,1.5324858616315442,10037,1131,2000,2000,1,0,False,False,False
A0-B0-C0,A0,B0,C0,A0-B0-C0-r3,620292,5,0.573,0.13,6.07,0.168,6,2,1065,5.0,5.0,4.0,4.0,1e-09,1e-09,1.0,1.2294653472670414,1.5324858616315442,8990,1131,1065,1065,1,0,False,False,False
A0-B0-C0,A0,B0,C0,A0-B0-C0-r3,620292,5,0.573,0.13,6.07,0.168,6,4,591,3.0,3.0,3.0,3.0,1e-09,1e-09,1.0,1.2294653472670414,1.5324858616315442,8178,1131,591,591,1,0,False,False,False
A0-B0-C0,A0,B0,C0,A0-B0-C0-r3,620292,5,0.573,0.13,6.07,0.168,6,8,354,4.0,4.0,3.3333333333333335,3.3333333333333335,0.4714045217910317,0.4714045217910317,1.0,1.2294653472670414,1.5324858616315442,6857,1131,354,354,1,0,False,False,False
A0-B0-C0,A0,B0,C0,A0-B0-C0-r3,620292,5,0.573,0.13,6.07,0.168,6,16,230,3.0,3.0,2.3333333333333335,2.3333333333333335,0.4714045217910317,0.4714045217910317,1.0,1.2294653472670414,1.5324858616315442,4631,1131,230,230,1,0,False,False,False
A0-B0-C0,A0,B0,C0,A0-B0-C0-r4,620389,7,0.367,0.199,7.35,0.283,5,1,2000,4.0,4.0,4.0,4.0,1e-09,1e-09,1.0,1.8486653153565942,1.494042584329762,16808,1500,2000,2000,1,0,False,False,False
A0-B0-C0,A0,B0,C0,A0-B0-C0-r4,620389,7,0.367,0.199,7.35,0.283,5,2,1040,3.0,3.0,3.0,3.0,1e-09,1e-09,1.0,1.8486653153565942,1.494042584329762,15616,1500,1040,1040,1,0,False,False,False
A0-B0-C0,A0,B0,C0,A0-B0-C0-r4,620389,7,0.367,0.199,7.35,0.283,5,4,550,3.0,3.0,3.0,3.0,1e-09,1e-09,1.0,1.8486653153565942,1.494042584329762,14380,1500,550,550,1,0,False,False,False
A0-B0-C0,A0,B0,C0,A0-B0-C0-r4,620389,7,0.367,0.199,7.35,0.283,5,8,310,3.0,3.0,2.3333333333333335,2.3333333333333335,0.4714045217910317,0.4714045217910317,1.0,1.8486653153565942,1.494042584329762,12019,1500,310,310,1,0,False,False,False
A0-B0-C0,A0,B0,C0,A0-B0-C0-r4,620389,7,0.367,0.199,7.35,0.283,5,16,172,2.0,2.0,2.0,2.0,1e-09,1e-09,1.0,1.8486653153565942,1.494042584329762,7047,1500,172,172,1,0,False,False,False
A0-B0-C0,A0,B0,C0,A0-B0-C0-r5,620486,5,0.594,0.148,6.21,0.257,4,1,2000,4.0,4.0,4.0,4.0,1e-09,1e-09,1.0,1.8569835672889634,1.466329770948295,15316,1500,2000,2000,1,0,False,False,False
A0-B0-C0,A0,B0,C0,A0-B0-C0-r5,620486,5,0.594,0.148,6.21,0.257,4,2,1049,3.0,3.0,3.6666666666666665,3.6666666666666665,0.4714045217910317,0.4714045217910317,1.0,1.8569835672889634,1.466329770948295,14152,1500,1049,1049,1,0,False,False,False
A0-B0-C0,A0,B0,C0,A0-B0-C0-r5,620486,5,0.594,0.148,6.21,0.257,4,4,565,3.0,3.0,3.0,3.0,1e-09,1e-09,1.0,1.8569835672889634,1.466329770948295,13044,1500,565,565,1,0,False,False,False
A0-B0-C0,A0,B0,C0,A0-B0-C0-r5,620486,5,0.594,0.148,6.21,0.257,4,8,310,3.0,3.0,2.6666666666666665,2.6666666666666665,0.4714045217910317,0.4714045217910317,1.0,1.8569835672889634,1.466329770948295,10905,1500,310,310,1,0,False,False,False
A0-B0-C0,A0,B0,C0,A0-B0-C0-r5,620486,5,0.594,0.148,6.21,0.257,4,16,177,2.0,2.0,2.0,2.0,1e-09,1e-09,1.0,1.8569835672889634,1.466329770948295,6643,1500,177,177,1,0,False,False,False
A0-B0-C0,A0,B0,C0,A0-B0-C0-r6,620583,6,0.79,0.229,7.65,0.177,5,1,2000,5.0,5.0,5.0,5.0,1e-09,1e-09,1.0,1.298089484874736,1.5098918508894987,10567,1197,2000,2000,1,0,False,False,False
A0-B0-C0,A0,B0,C0,A0-B0-C0-r6,620583,6,0.79,0.229,7.65,0.177,5,2,1063,4.0,4.0,4.333333333333333,4.333333333333333,0.4714045217910317,0.4714045217910317,1.0,1.298089484874736,1.5098918508894987,9499,1197,1063,1063,1,0,False,False,False
A0-B0-C0,A0,B0,C0,A0-B0-C0-r6,620583,6,0.79,0.229,7.65,0.177,5,4,581,3.0,3.0,3.3333333333333335,3.3333333333333335,0.4714045217910317,0.4714045217910317,1.0,1.298089484874736,1.5098918508894987,8621,1197,581,581,1,0,False,False,False
A0-B0-C0,A0,B0,C0,A0-B0-C0-r6,620583,6,0.79,0.229,7.65,0.177,5,8,339,3.0,3.0,3.3333333333333335,3.3333333333333335,0.4714045217910317,0.4714045217910317,1.0,1.298089484874736,1.5098918508894987,7216,1197,339,339,1,0,False,False,False
A0-B0-C0,A0,B0,C0,A0-B0-C0-r6,620583,6,0.79,0.229,7.65,0.177,5,16,215,3.0,3.0,2.6666666666666665,2.6666666666666665,0.4714045217910317,0.4714045217910317,1.0,1.298089484874736,1.5098918508894987,4942,1197,215,215,1,0,False,False,False
A0-B0-C0,A0,B0,C0,A0-B0-C0-r7,620680,7,0.528,0.226,6.02,0.259,5,1,2000,4.0,4.0,4.0,4.0,1e-09,1e-09,1.0,1.9890330026632268,1.5455272654699523,15356,1500,2000,2000,1,0,False,False,False
A0-B0-C0,A0,B0,C0,A0-B0-C0-r7,620680,7,0.528,0.226,6.02,0.259,5,2,1039,3.0,3.0,3.0,3.0,1e-09,1e-09,1.0,1.9890330026632268,1.5455272654699523,14210,1500,1039,1039,1,0,False,False,False
A0-B0-C0,A0,B0,C0,A0-B0-C0-r7,620680,7,0.528,0.226,6.02,0.259,5,4,568,3.0,3.0,3.0,3.0,1e-09,1e-09,1.0,1.9890330026632268,1.5455272654699523,13153,1500,568,568,1,0,False,False,False
A0-B0-C0,A0,B0,C0,A0-B0-C0-r7,620680,7,0.528,0.226,6.02,0.259,5,8,308,3.0,3.0,2.6666666666666665,2.6666666666666665,0.4714045217910317,0.4714045217910317,1.0,1.9890330026632268,1.5455272654699523,10927,1500,308,308,1,0,False,False,False
A0-B0-C0,A0,B0,C0,A0-B0-C0-r7,620680,7,0.528,0.226,6.02,0.259,5,16,191,2.0,2.0,2.0,2.0,1e-09,1e-09,1.0,1.9890330026632268,1.5455272654699523,6780,1500,191,191,1,0,False,False,False
A0-B0-C0,A0,B0,C0,A0-B0-C0-r8,620777,5,0.658,0.259,5.52,0.201,5,1,2000,5.0,5.0,5.0,5.0,1e-09,1e-09,1.0,1.418437431098319,1.510581448840463,12204,1500,2000,2000,1,0,False,False,False
A0-B0-C0,A0,B0,C0,A0-B0-C0-r8,620777,5,0.658,0.259,5.52,0.201,5,2,1056,4.0,4.0,3.6666666666666665,3.6666666666666665,0.4714045217910317,0.4714045217910317,1.0,1.418437431098319,1.510581448840463,11083,1500,1056,1056,1,0,False,False,False
A0-B0-C0,A0,B0,C0,A0-B0-C0-r8,620777,5,0.658,0.259,5.52,0.201,5,4,569,3.0,3.0,3.3333333333333335,3.3333333333333335,0.4714045217910317,0.4714045217910317,1.0,1.418437431098319,1.510581448840463,10151,1500,569,569,1,0,False,False,False
A0-B0-C0,A0,B0,C0,A0-B0-C0-r8,620777,5,0.658,0.259,5.52,0.201,5,8,337,3.0,3.0,3.0,3.0,1e-09,1e-09,1.0,1.418437431098319,1.510581448840463,8570,1500,337,337,1,0,False,False,False
A0-B0-C0,A0,B0,C0,A0-B0-C0-r8,620777,5,0.658,0.259,5.52,0.201,5,16,201,2.0,2.0,2.3333333333333335,2.3333333333333335,0.4714045217910317,0.4714045217910317,1.0,1.418437431098319,1.510581448840463,5477,1500,201,201,1,0,False,False,False
A0-B0-C0,A0,B0,C0,A0-B0-C0-r9,620874,4,0.518,0.178,5.89,0.296,6,1,2000,4.0,4.0,4.0,4.0,1e-09,1e-09,1.0,1.2849483231850678,1.4314591659447282,17672,1500,2000,2000,1,0,False,False,False
A0-B0-C0,A0,B0,C0,A0-B0-C0-r9,620874,4,0.518,0.178,5.89,0.296,6,2,1037,3.0,3.0,3.0,3.0,1e-09,1e-09,1.0,1.2849483231850678,1.4314591659447282,16483,1500,1037,1037,1,0,False,False,False
A0-B0-C0,A0,B0,C0,A0-B0-C0-r9,620874,4,0.518,0.178,5.89,0.296,6,4,550,3.0,3.0,3.0,3.0,1e-09,1e-09,1.0,1.2849483231850678,1.4314591659447282,15206,1500,550,550,1,0,False,False,False
A0-B0-C0,A0,B0,C0,A0-B0-C0-r9,620874,4,0.518,0.178,5.89,0.296,6,8,305,2.0,2.0,2.3333333333333335,2.3333333333333335,0.4714045217910317,0.4714045217910317,1.0,1.2849483231850678,1.4314591659447282,12462,1500,305,305,1,0,False,False,False
A0-B0-C0,A0,B0,C0,A0-B0-C0-r9,620874,4,0.518,0.178,5.89,0.296,6,16,178,2.0,2.0,2.0,2.0,1e-09,1e-09,1.0,1.2849483231850678,1.4314591659447282,7249,1500,178,178,1,0,False,False,False
A0-B0-C1,A0,B0,C1,A0-B0-C1-r0,625001,6,0.577,0.14,7.63,0.162,5,1,2000,6.0,6.0,5.333333333333333,5.333333333333333,0.4714045217910317,0.4714045217910317,0.9995,1.1993332163396189,1.5105380411180602,9713,948,1999,1999,1,1,False,False,False
A0-B0-C1,A0,B0,C1,A0-B0-C1-r0,625001,6,0.577,0.14,7.63,0.162,5,2,1066,4.0,4.0,4.666666666666667,4.666666666666667,0.4714045217910317,0.4714045217910317,0.99906191369606,1.1993332163396189,1.5105380411180602,8671,948,1065,1065,1,1,False,False,False
A0-B0-C1,A0,B0,C1,A0-B0-C1-r0,625001,6,0.577,0.14,7.63,0.162,5,4,584,4.0,4.0,3.0,3.0,1e-09,1e-09,0.9982876712328768,1.1993332163396189,1.5105380411180602,7869,948,583,583,1,1,False,False,False
A0-B0-C1,A0,B0,C1,A0-B0-C1-r0,625001,6,0.577,0.14,7.63,0.162,5,8,346,4.0,4.0,3.0,3.0,1e-09,1e-09,0.9971098265895953,1.1993332163396189,1.5105380411180602,6669,948,345,345,1,1,False,False,False
A0-B0-C1,A0,B0,C1,A0-B0-C1-r0,625001,6,0.577,0.14,7.63,0.162,5,16,220,4.0,4.0,2.6666666666666665,2.6666666666666665,0.4714045217910317,0.4714045217910317,0.9954545454545455,1.1993332163396189,1.5105380411180602,4440,948,219,219,1,1,False,False,False
A0-B0-C1,A0,B0,C1,A0-B0-C1-r1,625098,5,0.486,0.135,5.46,0.227,5,1,2000,4.0,4.0,4.666666666666667,4.666666666666667,0.4714045217910317,0.4714045217910317,1.0,1.5951962901031311,1.5385035305923929,13484,1500,2000,2000,1,0,False,False,False
A0-B0-C1,A0,B0,C1,A0-B0-C1-r1,625098,5,0.486,0.135,5.46,0.227,5,2,1049,4.0,4.0,3.6666666666666665,3.6666666666666665,0.4714045217910317,0.4714045217910317,1.0,1.5951962901031311,1.5385035305923929,12336,1500,1049,1049,1,0,False,False,False
A0-B0-C1,A0,B0,C1,A0-B0-C1-r1,625098,5,0.486,0.135,5.46,0.227,5,4,566,3.0,3.0,3.0,3.0,1e-09,1e-09,1.0,1.5951962901031311,1.5385035305923929,11369,1500,566,566,1,0,False,False,False
A0-B0-C1,A0,B0,C1,A0-B0-C1-r1,625098,5,0.486,0.135,5.46,0.227,5,8,319,3.0,3.0,3.0,3.0,1e-09,1e-09,1.0,1.5951962901031311,1.5385035305923929,9559,1500,319,319,1,0,False,False,False
A0-B0-C1,A0,B0,C1,A0-B0-C1-r1,625098,5,0.486,0.135,5.46,0.227,5,16,199,2.0,2.0,2.0,2.0,1e-09,1e-09,1.0,1.5951962901031311,1.5385035305923929,6157,1500,199,199,1,0,False,False,False
A0-B0-C1,A0,B0,C1,A0-B0-C1-r2,625195,4,0.419,0.149,5.89,0.326,7,1,2000,4.0,4.0,4.0,4.0,1e-09,1e-09,1.0,1.4960706819458534,1.3811461448567695,19544,1500,2000,2000,1,0,False,False,False
A0-B0-C1,A0,B0,C1,A0-B0-C1-r2,625195,4,0.419,0.149,5.89,0.326,7,2,1036,3.0,3.0,3.0,3.0,1e-09,1e-09,1.0,1.4960706819458534,1.3811461448567695,18303,1500,1036,1036,1,0,False,False,False
A0-B0-C1,A0,B0,C1,A0-B0-C1-r2,625195,4,0.419,0.149,5.89,0.326,7,4,545,3.0,3.0,3.0,3.0,1e-09,1e-09,1.0,1.4960706819458534,1.3811461448567695,16924,1500,545,545,1,0,False,False,False
A0-B0-C1,A0,B0,C1,A0-B0-C1-r2,625195,4,0.419,0.149,5.89,0.326,7,8,298,2.0,2.0,2.0,2.0,1e-09,1e-09,1.0,1.4960706819458534,1.3811461448567695,13736,1500,298,298,1,0,False,False,False
A0-B0-C1,A0,B0,C1,A0-B0-C1-r2,625195,4,0.419,0.149,5.89,0.326,7,16,165,2.0,2.0,2.0,2.0,1e-09,1e-09,1.0,1.4960706819458534,1.3811461448567695,7550,1500,165,165,1,0,False,False,False
A0-B0-C1,A0,B0,C1,A0-B0-C1-r3,625292,8,0.381,0.165,6.36,0.236,5,1,2000,4.0,4.0,4.666666666666667,4.666666666666667,0.4714045217910317,0.4714045217910317,1.0,2.162658889491942,1.5450302620133551,13998,1500,2000,2000,1,0,False,False,False
A0-B0-C1,A0,B0,C1,A0-B0-C1-r3,625292,8,0.381,0.165,6.36,0.236,5,2,1045,3.0,3.0,3.3333333333333335,3.3333333333333335,0.4714045217910317,0.4714045217910317,1.0,2.162658889491942,1.5450302620133551,12880,1500,1045,1045,1,0,False,False,False
A0-B0-C1,A0,B0,C1,A0-B0-C1-r3,625292,8,0.381,0.165,6.36,0.236,5,4,573,3.0,3.0,3.0,3.0,1e-09,1e-09,1.0,2.162658889491942,1.5450302620133551,11859,1500,573,573,1,0,False,False,False
A0-B0-C1,A0,B0,C1,A0-B0-C1-r3,625292,8,0.381,0.165,6.36,0.236,5,8,327,3.0,3.0,3.0,3.0,1e-09,1e-09,1.0,2.162658889491942,1.5450302620133551,9994,1500,327,327,1,0,False,False,False
A0-B0-C1,A0,B0,C1,A0-B0-C1-r3,625292,8,0.381,0.165,6.36,0.236,5,16,198,2.0,2.0,2.0,2.0,1e-09,1e-09,1.0,2.162658889491942,1.5450302620133551,6249,1500,198,198,1,0,False,False,False
A0-B0-C1,A0,B0,C1,A0-B0-C1-r4,625389,5,0.52,0.247,5.14,0.338,6,1,2000,4.0,4.0,4.0,4.0,1e-09,1e-09,1.0,2.1055978683685597,1.5514893924320403,20109,1500,2000,2000,1,0,False,False,False
A0-B0-C1,A0,B0,C1,A0-B0-C1-r4,625389,5,0.52,0.247,5.14,0.338,6,2,1031,3.0,3.0,3.0,3.0,1e-09,1e-09,1.0,2.1055978683685597,1.5514893924320403,18876,1500,1031,1031,1,0,False,False,False
A0-B0-C1,A0,B0,C1,A0-B0-C1-r4,625389,5,0.52,0.247,5.14,0.338,6,4,542,3.0,3.0,3.0,3.0,1e-09,1e-09,1.0,2.1055978683685597,1.5514893924320403,17441,1500,542,542,1,0,False,False,False
A0-B0-C1,A0,B0,C1,A0-B0-C1-r4,625389,5,0.52,0.247,5.14,0.338,6,8,305,3.0,3.0,2.3333333333333335,2.3333333333333335,0.4714045217910317,0.4714045217910317,1.0,2.1055978683685597,1.5514893924320403,14228,1500,305,305,1,0,False,False,False
A0-B0-C1,A0,B0,C1,A0-B0-C1-r4,625389,5,0.52,0.247,5.14,0.338,6,16,185,2.0,2.0,2.0,2.0,1e-09,1e-09,1.0,2.1055978683685597,1.5514893924320403,7904,1500,185,185,1,0,False,False,False
A0-B0-C1,A0,B0,C1,A0-B0-C1-r5,625486,5,0.568,0.17,6.12,0.196,5,1,2000,5.0,5.0,4.666666666666667,4.666666666666667,0.4714045217910317,0.4714045217910317,1.0,1.5351815908038269,1.4900649168047742,11824,1482,2000,2000,1,0,False,False,False
A0-B0-C1,A0,B0,C1,A0-B0-C1-r5,625486,5,0.568,0.17,6.12,0.196,5,2,1057,4.0,4.0,4.0,4.0,1e-09,1e-09,1.0,1.5351815908038269,1.4900649168047742,10731,1482,1057,1057,1,0,False,False,False
A0-B0-C1,A0,B0,C1,A0-B0-C1-r5,625486,5,0.568,0.17,6.12,0.196,5,4,585,3.0,3.0,3.0,3.0,1e-09,1e-09,1.0,1.5351815908038269,1.4900649168047742,9821,1482,585,585,1,0,False,False,False
A0-B0-C1,A0,B0,C1,A0-B0-C1-r5,625486,5,0.568,0.17,6.12,0.196,5,8,346,3.0,3.0,3.0,3.0,1e-09,1e-09,1.0,1.5351815908038269,1.4900649168047742,8311,1482,346,346,1,0,False,False,False
A0-B0-C1,A0,B0,C1,A0-B0-C1-r5,625486,5,0.568,0.17,6.12,0.196,5,16,215,2.0,2.0,2.0,2.0,1e-09,1e-09,1.0,1.5351815908038269,1.4900649168047742,5406,1482,215,215,1,0,False,False,False
A0-B0-C1,A0,B0,C1,A0-B0-C1-r6,625583,6,0.592,0.331,6.9,0.278,5,1,2000,4.0,4.0,4.0,4.0,1e-09,1e-09,1.0,2.017307184103643,1.5096285538179088,16359,1500,2000,2000,1,0,False,False,False
A0-B0-C1,A0,B0,C1,A0-B0-C1-r6,625583,6,0.592,0.331,6.9,0.278,5,2,1042,3.0,3.0,3.0,3.0,1e-09,1e-09,1.0,2.017307184103643,1.5096285538179088,15178,1500,1042,1042,1,0,False,False,False
A0-B0-C1,A0,B0,C1,A0-B0-C1-r6,625583,6,0.592,0.331,6.9,0.278,5,4,552,3.0,3.0,3.0,3.0,1e-09,1e-09,1.0,2.017307184103643,1.5096285538179088,14026,1500,552,552,1,0,False,False,False
A0-B0-C1,A0,B0,C1,A0-B0-C1-r6,625583,6,0.592,0.331,6.9,0.278,5,8,300,2.0,2.0,2.3333333333333335,2.3333333333333335,0.4714045217910317,0.4714045217910317,1.0,2.017307184103643,1.5096285538179088,11690,1500,300,300,1,0,False,False,False
A0-B0-C1,A0,B0,C1,A0-B0-C1-r6,625583,6,0.592,0.331,6.9,0.278,5,16,174,2.0,2.0,2.0,2.0,1e-09,1e-09,1.0,2.017307184103643,1.5096285538179088,7000,1500,174,174,1,0,False,False,False
A0-B0-C1,A0,B0,C1,A0-B0-C1-r7,625680,6,0.383,0.281,6.43,0.256,6,1,2000,4.0,4.0,4.0,4.0,1e-09,1e-09,1.0,1.8766157555670184,1.4748773017777173,15279,1500,2000,2000,1,0,False,False,False
A0-B0-C1,A0,B0,C1,A0-B0-C1-r7,625680,6,0.383,0.281,6.43,0.256,6,2,1044,3.0,3.0,3.0,3.0,1e-09,1e-09,1.0,1.8766157555670184,1.4748773017777173,14140,1500,1044,1044,1,0,False,False,False
A0-B0-C1,A0,B0,C1,A0-B0-C1-r7,625680,6,0.383,0.281,6.43,0.256,6,4,560,3.0,3.0,3.0,3.0,1e-09,1e-09,1.0,1.8766157555670184,1.4748773017777173,13047,1500,560,560,1,0,False,False,False
A0-B0-C1,A0,B0,C1,A0-B0-C1-r7,625680,6,0.383,0.281,6.43,0.256,6,8,303,3.0,3.0,2.6666666666666665,2.6666666666666665,0.4714045217910317,0.4714045217910317,1.0,1.8766157555670184,1.4748773017777173,10859,1500,303,303,1,0,False,False,False
A0-B0-C1,A0,B0,C1,A0-B0-C1-r7,625680,6,0.383,0.281,6.43,0.256,6,16,197,2.0,2.0,2.0,2.0,1e-09,1e-09,1.0,1.8766157555670184,1.4748773017777173,6673,1500,197,197,1,0,False,False,False
A0-B0-C1,A0,B0,C1,A0-B0-C1-r8,625777,6,0.432,0.16,7.71,0.276,7,1,2000,4.0,4.0,4.0,4.0,1e-09,1e-09,1.0,1.943280184525857,1.5018100042722695,16422,1500,2000,2000,1,0,False,False,False
A0-B0-C1,A0,B0,C1,A0-B0-C1-r8,625777,6,0.432,0.16,7.71,0.276,7,2,1035,3.0,3.0,3.0,3.0,1e-09,1e-09,1.0,1.943280184525857,1.5018100042722695,15224,1500,1035,1035,1,0,False,False,False
A0-B0-C1,A0,B0,C1,A0-B0-C1-r8,625777,6,0.432,0.16,7.71,0.276,7,4,554,3.0,3.0,3.0,3.0,1e-09,1e-09,1.0,1.943280184525857,1.5018100042722695,14059,1500,554,554,1,0,False,False,False
A0-B0-C1,A0,B0,C1,A0-B0-C1-r8,625777,6,0.432,0.16,7.71,0.276,7,8,304,2.0,2.0,2.3333333333333335,2.3333333333333335,0.4714045217910317,0.4714045217910317,1.0,1.943280184525857,1.5018100042722695,11762,1500,304,304,1,0,False,False,False
A0-B0-C1,A0,B0,C1,A0-B0-C1-r8,625777,6,0.432,0.16,7.71,0.276,7,16,179,2.0,2.0,2.0,2.0,1e-09,1e-09,1.0,1.943280184525857,1.5018100042722695,6933,1500,179,179,1,0,False,False,False
A0-B0-C1,A0,B0,C1,A0-B0-C1-r9,625874,6,0.652,0.303,5.17,0.2,6,1,2000,5.0,5.0,5.0,5.0,1e-09,1e-09,1.0,1.5733043930656998,1.5412002699469691,12129,1500,2000,2000,1,0,False,False,False
A0-B0-C1,A0,B0,C1,A0-B0-C1-r9,625874,6,0.652,0.303,5.17,0.2,6,2,1053,4.0,4.0,4.0,4.0,1e-09,1e-09,1.0,1.5733043930656998,1.5412002699469691,11005,1500,1053,1053,1,0,False,False,False
A0-B0-C1,A0,B0,C1,A0-B0-C1-r9,625874,6,0.652,0.303,5.17,0.2,6,4,574,3.0,3.0,3.3333333333333335,3.3333333333333335,0.4714045217910317,0.4714045217910317,1.0,1.5733043930656998,1.5412002699469691,10082,1500,574,574,1,0,False,False,False
A0-B0-C1,A0,B0,C1,A0-B0-C1-r9,625874,6,0.652,0.303,5.17,0.2,6,8,333,3.0,3.0,3.0,3.0,1e-09,1e-09,1.0,1.5733043930656998,1.5412002699469691,8505,1500,333,333,1,0,False,False,False
A0-B0-C1,A0,B0,C1,A0-B0-C1-r9,625874,6,0.652,0.303,5.17,0.2,6,16,216,2.0,2.0,2.3333333333333335,2.3333333333333335,0.4714045217910317,0.4714045217910317,1.0,1.5733043930656998,1.5412002699469691,5648,1500,216,216,1,0,False,False,False
A0-B0-C2,A0,B0,C2,A0-B0-C2-r0,630001,7,0.521,0.225,7.67,0.16,6,1,2000,6.0,6.0,5.666666666666667,5.666666666666667,0.4714045217910317,0.4714045217910317,1.0,1.4660200654143658,1.446372230092199,9671,861,2000,2000,1,0,False,False,False
A0-B0-C2,A0,B0,C2,A0-B0-C2-r0,630001,7,0.521,0.225,7.67,0.16,6,2,1063,4.0,4.0,4.0,4.0,1e-09,1e-09,1.0,1.4660200654143658,1.446372230092199,8625,861,1063,1063,1,0,False,False,False
A0-B0-C2,A0,B0,C2,A0-B0-C2-r0,630001,7,0.521,0.225,7.67,0.16,6,4,590,5.0,5.0,4.0,4.0,1e-09,1e-09,1.0,1.4660200654143658,1.446372230092199,7833,861,590,590,1,0,False,False,False
A0-B0-C2,A0,B0,C2,A0-B0-C2-r0,630001,7,0.521,0.225,7.67,0.16,6,8,351,4.0,4.0,3.6666666666666665,3.6666666666666665,0.4714045217910317,0.4714045217910317,1.0,1.4660200654143658,1.446372230092199,6581,861,351,351,1,0,False,False,False
A0-B0-C2,A0,B0,C2,A0-B0-C2-r0,630001,7,0.521,0.225,7.67,0.16,6,16,220,3.0,3.0,3.0,3.0,0.816496581927726,0.816496581927726,1.0,1.4660200654143658,1.446372230092199,4540,861,220,220,1,0,False,False,False
A0-B0-C2,A0,B0,C2,A0-B0-C2-r1,630098,6,0.696,0.306,4.25,0.313,4,1,2000,4.0,4.0,4.0,4.0,1e-09,1e-09,1.0,2.107297225224274,1.5209156081385409,18700,1500,2000,2000,1,0,False,False,False
A0-B0-C2,A0,B0,C2,A0-B0-C2-r1,630098,6,0.696,0.306,4.25,0.313,4,2,1029,3.0,3.0,3.0,3.0,1e-09,1e-09,1.0,2.107297225224274,1.5209156081385409,17450,1500,1029,1029,1,0,False,False,False
A0-B0-C2,A0,B0,C2,A0-B0-C2-r1,630098,6,0.696,0.306,4.25,0.313,4,4,545,3.0,3.0,3.0,3.0,1e-09,1e-09,1.0,2.107297225224274,1.5209156081385409,16152,1500,545,545,1,0,False,False,False
A0-B0-C2,A0,B0,C2,A0-B0-C2-r1,630098,6,0.696,0.306,4.25,0.313,4,8,300,2.0,2.0,2.6666666666666665,2.6666666666666665,0.4714045217910317,0.4714045217910317,1.0,2.107297225224274,1.5209156081385409,13319,1500,300,300,1,0,False,False,False
A0-B0-C2,A0,B0,C2,A0-B0-C2-r1,630098,6,0.696,0.306,4.25,0.313,4,16,178,2.0,2.0,2.0,2.0,1e-09,1e-09,1.0,2.107297225224274,1.5209156081385409,7425,1500,178,178,1,0,False,False,False
A0-B0-C2,A0,B0,C2,A0-B0-C2-r2,630195,7,0.446,0.286,4.17,0.349,5,1,2000,4.0,4.0,4.0,4.0,1e-09,1e-09,1.0,1.7860952714321123,1.4864152164796052,20754,1500,2000,2000,1,0,False,False,False
A0-B0-C2,A0,B0,C2,A0-B0-C2-r2,630195,7,0.446,0.286,4.17,0.349,5,2,1024,3.0,3.0,3.0,3.0,1e-09,1e-09,1.0,1.7860952714321123,1.4864152164796052,19463,1500,1024,1024,1,0,False,False,False
A0-B0-C2,A0,B0,C2,A0-B0-C2-r2,630195,7,0.446,0.286,4.17,0.349,5,4,544,3.0,3.0,3.0,3.0,1e-09,1e-09,1.0,1.7860952714321123,1.4864152164796052,17984,1500,544,544,1,0,False,False,False
A0-B0-C2,A0,B0,C2,A0-B0-C2-r2,630195,7,0.446,0.286,4.17,0.349,5,8,297,2.0,2.0,2.0,2.0,1e-09,1e-09,1.0,1.7860952714321123,1.4864152164796052,14477,1500,297,297,1,0,False,False,False
A0-B0-C2,A0,B0,C2,A0-B0-C2-r2,630195,7,0.446,0.286,4.17,0.349,5,16,170,2.0,2.0,2.0,2.0,1e-09,1e-09,1.0,1.7860952714321123,1.4864152164796052,7818,1500,170,170,1,0,False,False,False
A0-B0-C2,A0,B0,C2,A0-B0-C2-r3,630292,5,0.49,0.213,7.62,0.327,5,1,2000,4.0,4.0,4.0,4.0,1e-09,1e-09,1.0,2.137706275392175,1.5304281387956828,19450,1500,2000,2000,1,0,False,False,False
A0-B0-C2,A0,B0,C2,A0-B0-C2-r3,630292,5,0.49,0.213,7.62,0.327,5,2,1032,3.0,3.0,3.0,3.0,1e-09,1e-09,1.0,2.137706275392175,1.5304281387956828,18202,1500,1032,1032,1,0,False,False,False
A0-B0-C2,A0,B0,C2,A0-B0-C2-r3,630292,5,0.49,0.213,7.62,0.327,5,4,550,3.0,3.0,3.0,3.0,1e-09,1e-09,1.0,2.137706275392175,1.5304281387956828,16812,1500,550,550,1,0,False,False,False
A0-B0-C2,A0,B0,C2,A0-B0-C2-r3,630292,5,0.49,0.213,7.62,0.327,5,8,293,2.0,2.0,2.0,2.0,1e-09,1e-09,1.0,2.137706275392175,1.5304281387956828,13697,1500,293,293,1,0,False,False,False
A0-B0-C2,A0,B0,C2,A0-B0-C2-r3,630292,5,0.49,0.213,7.62,0.327,5,16,175,2.0,2.0,2.0,2.0,1e-09,1e-09,1.0,2.137706275392175,1.5304281387956828,7615,1500,175,175,1,0,False,False,False
A0-B0-C2,A0,B0,C2,A0-B0-C2-r4,630389,6,0.684,0.327,5.2,0.163,5,1,2000,6.0,6.0,6.0,6.0,0.816496581927726,0.816496581927726,1.0,1.2676395150542517,1.4149357031108298,9618,981,2000,2000,1,0,False,False,False
A0-B0-C2,A0,B0,C2,A0-B0-C2-r4,630389,6,0.684,0.327,5.2,0.163,5,2,1070,4.0,4.0,4.0,4.0,1e-09,1e-09,1.0,1.2676395150542517,1.4149357031108298,8560,981,1070,1070,1,0,False,False,False
A0-B0-C2,A0,B0,C2,A0-B0-C2-r4,630389,6,0.684,0.327,5.2,0.163,5,4,592,4.0,4.0,3.6666666666666665,3.6666666666666665,0.4714045217910317,0.4714045217910317,1.0,1.2676395150542517,1.4149357031108298,7772,981,592,592,1,0,False,False,False
A0-B0-C2,A0,B0,C2,A0-B0-C2-r4,630389,6,0.684,0.327,5.2,0.163,5,8,355,4.0,4.0,3.6666666666666665,3.6666666666666665,0.4714045217910317,0.4714045217910317,1.0,1.2676395150542517,1.4149357031108298,6606,981,355,355,1,0,False,False,False
A0-B0-C2,A0,B0,C2,A0-B0-C2-r4,630389,6,0.684,0.327,5.2,0.163,5,16,221,3.0,3.0,3.0,3.0,1e-09,1e-09,1.0,1.2676395150542517,1.4149357031108298,4405,981,221,221,1,0,False,False,False
A0-B0-C2,A0,B0,C2,A0-B0-C2-r5,630486,8,0.482,0.343,6.4,0.184,7,1,2000,5.0,5.0,5.0,5.0,1e-09,1e-09,1.0,1.972216525042225,1.4563142212968145,10856,1290,2000,2000,1,0,False,False,False
A0-B0-C2,A0,B0,C2,A0-B0-C2-r5,630486,8,0.482,0.343,6.4,0.184,7,2,1062,4.0,4.0,4.0,4.0,1e-09,1e-09,1.0,1.972216525042225,1.4563142212968145,9789,1290,1062,1062,1,0,False,False,False
A0-B0-C2,A0,B0,C2,A0-B0-C2-r5,630486,8,0.482,0.343,6.4,0.184,7,4,581,3.0,3.0,3.6666666666666665,3.6666666666666665,0.4714045217910317,0.4714045217910317,1.0,1.972216525042225,1.4563142212968145,8918,1290,581,581,1,0,False,False,False
A0-B0-C2,A0,B0,C2,A0-B0-C2-r5,630486,8,0.482,0.343,6.4,0.184,7,8,330,3.0,3.0,3.0,3.0,1e-09,1e-09,1.0,1.972216525042225,1.4563142212968145,7505,1290,330,330,1,0,False,False,False
A0-B0-C2,A0,B0,C2,A0-B0-C2-r5,630486,8,0.482,0.343,6.4,0.184,7,16,211,3.0,3.0,2.6666666666666665,2.6666666666666665,0.4714045217910317,0.4714045217910317,1.0,1.972216525042225,1.4563142212968145,5060,1290,211,211,1,0,False,False,False
A0-B0-C2,A0,B0,C2,A0-B0-C2-r6,630583,7,0.523,0.233,7.93,0.189,7,1,2000,5.0,5.0,5.0,5.0,1e-09,1e-09,1.0,1.6134204997271464,1.5352483926455447,11315,1299,2000,2000,1,0,False,False,False
A0-B0-C2,A0,B0,C2,A0-B0-C2-r6,630583,7,0.523,0.233,7.93,0.189,7,2,1055,4.0,4.0,4.0,4.0,1e-09,1e-09,1.0,1.6134204997271464,1.5352483926455447,10233,1299,1055,1055,1,0,False,False,False
A0-B0-C2,A0,B0,C2,A0-B0-C2-r6,630583,7,0.523,0.233,7.93,0.189,7,4,587,3.0,3.0,3.0,3.0,1e-09,1e-09,1.0,1.6134204997271464,1.5352483926455447,9321,1299,587,587,1,0,False,False,False
A0-B0-C2,A0,B0,C2,A0-B0-C2-r6,630583,7,0.523,0.233,7.93,0.189,7,8,333,3.0,3.0,3.0,3.0,1e-09,1e-09,1.0,1.6134204997271464,1.5352483926455447,7949,1299,333,333,1,0,False,False,False
A0-B0-C2,A0,B0,C2,A0-B0-C2-r6,630583,7,0.523,0.233,7.93,0.189,7,16,200,2.0,2.0,2.0,2.0,1e-09,1e-09,1.0,1.6134204997271464,1.5352483926455447,5222,1299,200,200,1,0,False,False,False
A0-B0-C2,A0,B0,C2,A0-B0-C2-r7,630680,4,0.307,0.161,7.55,0.195,6,1,2000,5.0,5.0,5.0,5.0,1e-09,1e-09,1.0,1.054770835745079,1.4685415464287208,11532,1404,2000,2000,1,0,False,False,False
A0-B0-C2,A0,B0,C2,A0-B0-C2-r7,630680,4,0.307,0.161,7.55,0.195,6,2,1055,4.0,4.0,4.0,4.0,1e-09,1e-09,1.0,1.054770835745079,1.4685415464287208,10431,1404,1055,1055,1,0,False,False,False
A0-B0-C2,A0,B0,C2,A0-B0-C2-r7,630680,4,0.307,0.161,7.55,0.195,6,4,575,3.0,3.0,3.3333333333333335,3.3333333333333335,0.4714045217910317,0.4714045217910317,1.0,1.054770835745079,1.4685415464287208,9575,1404,575,575,1,0,False,False,False
A0-B0-C2,A0,B0,C2,A0-B0-C2-r7,630680,4,0.307,0.161,7.55,0.195,6,8,335,3.0,3.0,3.0,3.0,1e-09,1e-09,1.0,1.054770835745079,1.4685415464287208,8062,1404,335,335,1,0,False,False,False
A0-B0-C2,A0,B0,C2,A0-B0-C2-r7,630680,4,0.307,0.161,7.55,0.195,6,16,203,3.0,3.0,2.3333333333333335,2.3333333333333335,0.4714045217910317,0.4714045217910317,1.0,1.054770835745079,1.4685415464287208,5255,1404,203,203,1,0,False,False,False
A0-B0-C2,A0,B0,C2,A0-B0-C2-r8,630777,8,0.636,0.283,5.89,0.331,5,1,2000,4.0,4.0,4.0,4.0,1e-09,1e-09,1.0,1.7275613852477163,1.441415313352771,19638,1500,2000,2000,1,0,False,False,False
A0-B0-C2,A0,B0,C2,A0-B0-C2-r8,630777,8,0.636,0.283,5.89,0.331,5,2,1032,3.0,3.0,3.0,3.0,1e-09,1e-09,1.0,1.7275613852477163,1.441415313352771,18392,1500,1032,1032,1,0,False,False,False
A0-B0-C2,A0,B0,C2,A0-B0-C2-r8,630777,8,0.636,0.283,5.89,0.331,5,4,537,3.0,3.0,3.0,3.0,1e-09,1e-09,1.0,1.7275613852477163,1.441415313352771,17006,1500,537,537,1,0,False,False,False
A0-B0-C2,A0,B0,C2,A0-B0-C2-r8,630777,8,0.636,0.283,5.89,0.331,5,8,296,2.0,2.0,2.0,2.0,1e-09,1e-09,1.0,1.7275613852477163,1.441415313352771,13757,1500,296,296,1,0,False,False,False
A0-B0-C2,A0,B0,C2,A0-B0-C2-r8,630777,8,0.636,0.283,5.89,0.331,5,16,175,2.0,2.0,2.0,2.0,1e-09,1e-09,1.0,1.7275613852477163,1.441415313352771,7609,1500,175,175,1,0,False,False,False
A0-B0-C2,A0,B0,C2,A0-B0-C2-r9,630874,7,0.314,0.119,7.37,0.32,6,1,2000,4.0,4.0,4.0,4.0,1e-09,1e-09,1.0,1.8166745323157396,1.4951934868188406,19022,1500,2000,2000,1,0,False,False,False
A0-B0-C2,A0,B0,C2,A0-B0-C2-r9,630874,7,0.314,0.119,7.37,0.32,6,2,1031,3.0,3.0,3.0,3.0,1e-09,1e-09,1.0,1.8166745323157396,1.4951934868188406,17781,1500,1031,1031,1,0,False,False,False
A0-B0-C2,A0,B0,C2,A0-B0-C2-r9,630874,7,0.314,0.119,7.37,0.32,6,4,552,3.0,3.0,3.0,3.0,1e-09,1e-09,1.0,1.8166745323157396,1.4951934868188406,16431,1500,552,552,1,0,False,False,False
A0-B0-C2,A0,B0,C2,A0-B0-C2-r9,630874,7,0.314,0.119,7.37,0.32,6,8,301,2.0,2.0,2.0,2.0,1e-09,1e-09,1.0,1.8166745323157396,1.4951934868188406,13427,1500,301,301,1,0,False,False,False
A0-B0-C2,A0,B0,C2,A0-B0-C2-r9,630874,7,0.314,0.119,7.37,0.32,6,16,176,2.0,2.0,2.0,2.0,1e-09,1e-09,1.0,1.8166745323157396,1.4951934868188406,7457,1500,176,176,1,0,False,False,False
A1-B0-C0,A1,B0,C0,A1-B0-C0-r0,650001,7,0.619,0.175,7.89,0.339,7,1,2000,6.0,6.0,6.333333333333333,6.333333333333333,0.4714045217910317,0.4714045217910317,0.9995,0.6867976523091008,1.336940823852224,7890,207,1999,1999,1,1,False,False,False
A1-B0-C0,A1,B0,C0,A1-B0-C0-r0,650001,7,0.619,0.175,7.89,0.339,7,2,1095,4.0,4.0,4.666666666666667,4.666666666666667,0.9428090425820633,0.9428090425820633,0.9990867579908675,0.6867976523091008,1.336940823852224,6959,207,1094,1094,1,1,False,False,False
A1-B0-C0,A1,B0,C0,A1-B0-C0-r0,650001,7,0.619,0.175,7.89,0.339,7,4,611,4.0,4.0,5.0,5.0,1e-09,1e-09,0.9983633387888707,0.6867976523091008,1.336940823852224,6369,207,610,610,1,1,False,False,False
A1-B0-C0,A1,B0,C0,A1-B0-C0-r0,650001,7,0.619,0.175,7.89,0.339,7,8,386,4.0,4.0,3.6666666666666665,3.6666666666666665,0.4714045217910317,0.4714045217910317,0.9974093264248705,0.6867976523091008,1.336940823852224,5752,207,385,385,1,1,False,False,False
A1-B0-C0,A1,B0,C0,A1-B0-C0-r0,650001,7,0.619,0.175,7.89,0.339,7,16,247,3.0,3.0,3.6666666666666665,3.6666666666666665,0.4714045217910317,0.4714045217910317,0.9959514170040485,0.6867976523091008,1.336940823852224,4439,207,246,246,1,1,False,False,False
A1-B0-C0,A1,B0,C0,A1-B0-C0-r1,650098,5,0.599,0.238,7.67,0.289,5,1,2000,7.0,7.0,7.0,7.0,0.816496581927726,0.816496581927726,1.0,0.8887286740813483,1.500049623521768,7670,171,2000,2000,1,0,False,False,False
A1-B0-C0,A1,B0,C0,A1-B0-C0-r1,650098,5,0.599,0.238,7.67,0.289,5,2,1089,5.0,5.0,5.666666666666667,5.666666666666667,0.4714045217910317,0.4714045217910317,1.0,0.8887286740813483,1.500049623521768,6736,171,1089,1089,1,0,False,False,False
A1-B0-C0,A1,B0,C0,A1-B0-C0-r1,650098,5,0.599,0.238,7.67,0.289,5,4,637,5.0,5.0,4.666666666666667,4.666666666666667,0.4714045217910317,0.4714045217910317,1.0,0.8887286740813483,1.500049623521768,6175,171,637,637,1,0,False,False,False
A1-B0-C0,A1,B0,C0,A1-B0-C0-r1,650098,5,0.599,0.238,7.67,0.289,5,8,386,4.0,4.0,4.0,4.0,1e-09,1e-09,1.0,0.8887286740813483,1.500049623521768,5542,171,386,386,1,0,False,False,False
A1-B0-C0,A1,B0,C0,A1-B0-C0-r1,650098,5,0.599,0.238,7.67,0.289,5,16,260,4.0,4.0,4.0,4.0,1e-09,1e-09,1.0,0.8887286740813483,1.500049623521768,4319,171,260,260,1,0,False,False,False
A1-B0-C0,A1,B0,C0,A1-B0-C0-r2,650195,4,0.61,0.109,5.65,0.286,7,1,2000,7.0,7.0,9.0,9.0,1e-09,1e-09,0.993,0.3903178982625298,1.2266455957634703,5650,84,1986,1986,1,14,False,False,False
A1-B0-C0,A1,B0,C0,A1-B0-C0-r2,650195,4,0.61,0.109,5.65,0.286,7,2,1139,6.0,6.0,6.333333333333333,6.333333333333333,0.4714045217910317,0.4714045217910317,0.9877085162423178,0.3903178982625298,1.2266455957634703,4778,84,1125,1125,1,14,False,False,False
A1-B0-C0,A1,B0,C0,A1-B0-C0-r2,650195,4,0.61,0.109,5.65,0.286,7,4,670,5.0,5.0,5.0,5.0,1e-09,1e-09,0.9791044776119403,0.3903178982625298,1.2266455957634703,4267,84,656,656,1,14,False,False,False
A1-B0-C0,A1,B0,C0,A1-B0-C0-r2,650195,4,0.61,0.109,5.65,0.286,7,8,442,4.0,4.0,4.0,4.0,1e-09,1e-09,0.9683257918552036,0.3903178982625298,1.2266455957634703,3885,84,428,428,1,14,False,False,False
A1-B0-C0,A1,B0,C0,A1-B0-C0-r2,650195,4,0.61,0.109,5.65,0.286,7,16,311,4.0,4.0,3.6666666666666665,3.6666666666666665,0.4714045217910317,0.4714045217910317,0.954983922829582,0.3903178982625298,1.2266455957634703,3226,84,297,297,1,14,False,False,False
A1-B0-C0,A1,B0,C0,A1-B0-C0-r3,650292,8,0.682,0.282,6.12,0.249,6,1,2000,7.0,7.0,7.0,7.0,1e-09,1e-09,0.9975,0.9816470007851009,1.6121658226010973,6120,108,1995,1995,1,5,False,False,False
A1-B0-C0,A1,B0,C0,A1-B0-C0-r3,650292,8,0.682,0.282,6.12,0.249,6,2,1117,6.0,6.0,5.666666666666667,5.666666666666667,0.4714045217910317,0.4714045217910317,0.9955237242614146,0.9816470007851009,1.6121658226010973,5219,108,1112,1112,1,5,False,False,False
A1-B0-C0,A1,B0,C0,A1-B0-C0-r3,650292,8,0.682,0.282,6.12,0.249,6,4,661,5.0,5.0,5.0,5.0,1e-09,1e-09,0.9924357034795764,0.9816470007851009,1.6121658226010973,4712,108,656,656,1,5,False,False,False
A1-B0-C0,A1,B0,C0,A1-B0-C0-r3,650292,8,0.682,0.282,6.12,0.249,6,8,394,4.0,4.0,4.333333333333333,4.333333333333333,0.4714045217910317,0.4714045217910317,0.9873096446700508,0.9816470007851009,1.6121658226010973,4208,108,389,389,1,5,False,False,False
A1-B0-C0,A1,B0,C0,A1-B0-C0-r3,650292,8,0.682,0.282,6.12,0.249,6,16,287,3.0,3.0,3.3333333333333335,3.3333333333333335,0.4714045217910317,0.4714045217910317,0.9825783972125436,0.9816470007851009,1.6121658226010973,3494,108,282,282,1,5,False,False,False
A1-B0-C0,A1,B0,C0,A1-B0-C0-r4,650389,7,0.314,0.103,5.38,0.282,7,1,2000,8.0,8.0,8.666666666666666,8.666666666666666,0.4714045217910317,0.4714045217910317,0.9945,1.3913567262166489,1.5642609109480672,5380,78,1989,1989,1,11,False,False,False
A1-B0-C0,A1,B0,C0,A1-B0-C0-r4,650389,7,0.314,0.103,5.38,0.282,7,2,1134,6.0,6.0,6.333333333333333,6.333333333333333,0.4714045217910317,0.4714045217910317,0.9902998236331569,1.3913567262166489,1.5642609109480672,4505,78,1123,1123,1,11,False,False,False
A1-B0-C0,A1,B0,C0,A1-B0-C0-r4,650389,7,0.314,0.103,5.38,0.282,7,4,666,5.0,5.0,5.0,5.0,1e-09,1e-09,0.9834834834834835,1.3913567262166489,1.5642609109480672,3998,78,655,655,1,11,False,False,False
A1-B0-C0,A1,B0,C0,A1-B0-C0-r4,650389,7,0.314,0.103,5.38,0.282,7,8,419,4.0,4.0,4.333333333333333,4.333333333333333,0.4714045217910317,0.4714045217910317,0.9737470167064439,1.3913567262166489,1.5642609109480672,3625,78,408,408,1,11,False,False,False
A1-B0-C0,A1,B0,C0,A1-B0-C0-r4,650389,7,0.314,0.103,5.38,0.282,7,16,328,4.0,4.0,4.0,4.0,1e-09,1e-09,0.9664634146341463,1.3913567262166489,1.5642609109480672,3034,78,317,317,1,11,False,False,False
A1-B0-C0,A1,B0,C0,A1-B0-C0-r5,650486,6,0.555,0.122,7.98,0.171,6,1,2000,7.0,7.0,6.666666666666667,6.666666666666667,0.4714045217910317,0.4714045217910317,1.0,1.2707150338859707,1.611120730767231,7980,264,2000,2000,1,0,False,False,False
A1-B0-C0,A1,B0,C0,A1-B0-C0-r5,650486,6,0.555,0.122,7.98,0.171,6,2,1089,4.0,4.0,5.0,5.0,1e-09,1e-09,1.0,1.2707150338859707,1.611120730767231,7039,264,1089,1089,1,0,False,False,False
A1-B0-C0,A1,B0,C0,A1-B0-C0-r5,650486,6,0.555,0.122,7.98,0.171,6,4,617,4.0,4.0,4.333333333333333,4.333333333333333,0.4714045217910317,0.4714045217910317,1.0,1.2707150338859707,1.611120730767231,6455,264,617,617,1,0,False,False,False
A1-B0-C0,A1,B0,C0,A1-B0-C0-r5,650486,6,0.555,0.122,7.98,0.171,6,8,382,4.0,4.0,3.6666666666666665,3.6666666666666665,0.4714045217910317,0.4714045217910317,1.0,1.2707150338859707,1.611120730767231,5805,264,382,382,1,0,False,False,False
A1-B0-C0,A1,B0,C0,A1-B0-C0-r5,650486,6,0.555,0.122,7.98,0.171,6,16,253,3.0,3.0,4.0,4.0,1e-09,1e-09,1.0,1.2707150338859707,1.611120730767231,4487,264,253,253,1,0,False,False,False
A1-B0-C0,A1,B0,C0,A1-B0-C0-r6,650583,7,0.75,0.169,7.73,0.242,7,1,2000,6.0,6.0,6.666666666666667,6.666666666666667,0.4714045217910317,0.4714045217910317,0.9995,0.6668236100978993,1.4566557847419377,7730,189,1999,1999,1,1,False,False,False
A1-B0-C0,A1,B0,C0,A1-B0-C0-r6,650583,7,0.75,0.169,7.73,0.242,7,2,1092,4.0,4.0,4.666666666666667,4.666666666666667,0.4714045217910317,0.4714045217910317,0.9990842490842491,0.6668236100978993,1.4566557847419377,6799,189,1091,1091,1,1,False,False,False
A1-B0-C0,A1,B0,C0,A1-B0-C0-r6,650583,7,0.75,0.169,7.73,0.242,7,4,621,5.0,5.0,4.0,4.0,1e-09,1e-09,0.998389694041868,0.6668236100978993,1.4566557847419377,6236,189,620,620,1,1,False,False,False
A1-B0-C0,A1,B0,C0,A1-B0-C0-r6,650583,7,0.75,0.169,7.73,0.242,7,8,394,4.0,4.0,3.6666666666666665,3.6666666666666665,0.4714045217910317,0.4714045217910317,0.9974619289340102,0.6668236100978993,1.4566557847419377,5640,189,393,393,1,1,False,False,False
A1-B0-C0,A1,B0,C0,A1-B0-C0-r6,650583,7,0.75,0.169,7.73,0.242,7,16,264,3.0,3.0,3.3333333333333335,3.3333333333333335,0.4714045217910317,0.4714045217910317,0.9962121212121212,0.6668236100978993,1.4566557847419377,4400,189,263,263,1,1,False,False,False
A1-B0-C0,A1,B0,C0,A1-B0-C0-r7,650680,7,0.333,0.23,6.5,0.225,5,1,2000,7.0,7.0,7.0,7.0,1e-09,1e-09,0.9975,1.5143221815237669,1.366509527835503,6500,126,1995,1995,1,5,False,False,False
A1-B0-C0,A1,B0,C0,A1-B0-C0-r7,650680,7,0.333,0.23,6.5,0.225,5,2,1111,6.0,6.0,5.333333333333333,5.333333333333333,0.4714045217910317,0.4714045217910317,0.9954995499549955,1.5143221815237669,1.366509527835503,5598,126,1106,1106,1,5,False,False,False
A1-B0-C0,A1,B0,C0,A1-B0-C0-r7,650680,7,0.333,0.23,6.5,0.225,5,4,640,4.0,4.0,4.333333333333333,4.333333333333333,0.4714045217910317,0.4714045217910317,0.9921875,1.5143221815237669,1.366509527835503,5058,126,635,635,1,5,False,False,False
A1-B0-C0,A1,B0,C0,A1-B0-C0-r7,650680,7,0.333,0.23,6.5,0.225,5,8,400,4.0,4.0,4.0,4.0,1e-09,1e-09,0.9875,1.5143221815237669,1.366509527835503,4581,126,395,395,1,5,False,False,False
A1-B0-C0,A1,B0,C0,A1-B0-C0-r7,650680,7,0.333,0.23,6.5,0.225,5,16,281,4.0,4.0,3.6666666666666665,3.6666666666666665,0.4714045217910317,0.4714045217910317,0.9822064056939501,1.5143221815237669,1.366509527835503,3736,126,276,276,1,5,False,False,False
A1-B0-C0,A1,B0,C0,A1-B0-C0-r8,650777,5,0.337,0.181,5.51,0.166,7,1,2000,8.0,8.0,8.666666666666666,8.666666666666666,0.9428090425820633,0.9428090425820633,0.994,1.287385031485166,1.3172340053564482,5510,72,1988,1988,1,12,False,False,False
A1-B0-C0,A1,B0,C0,A1-B0-C0-r8,650777,5,0.337,0.181,5.51,0.166,7,2,1124,6.0,6.0,6.0,6.0,1e-09,1e-09,0.9893238434163701,1.287385031485166,1.3172340053564482,4619,72,1112,1112,1,12,False,False,False
A1-B0-C0,A1,B0,C0,A1-B0-C0-r8,650777,5,0.337,0.181,5.51,0.166,7,4,691,5.0,5.0,5.0,5.0,1e-09,1e-09,0.9826338639652678,1.287385031485166,1.3172340053564482,4132,72,679,679,1,12,False,False,False
A1-B0-C0,A1,B0,C0,A1-B0-C0-r8,650777,5,0.337,0.181,5.51,0.166,7,8,439,4.0,4.0,4.0,4.0,1e-09,1e-09,0.9726651480637813,1.287385031485166,1.3172340053564482,3707,72,427,427,1,12,False,False,False
A1-B0-C0,A1,B0,C0,A1-B0-C0-r8,650777,5,0.337,0.181,5.51,0.166,7,16,312,4.0,4.0,4.0,4.0,1e-09,1e-09,0.9615384615384616,1.287385031485166,1.3172340053564482,3130,72,300,300,1,12,False,False,False
A1-B0-C0,A1,B0,C0,A1-B0-C0-r9,650874,5,0.691,0.284,5.4,0.295,4,1,2000,9.0,9.0,8.333333333333334,8.333333333333334,0.4714045217910317,0.4714045217910317,0.994,1.0203120744527348,1.337774360903657,5400,69,1988,1988,1,12,False,False,False
A1-B0-C0,A1,B0,C0,A1-B0-C0-r9,650874,5,0.691,0.284,5.4,0.295,4,2,1121,6.0,6.0,6.0,6.0,0.816496581927726,0.816496581927726,0.9892952720785013,1.0203120744527348,1.337774360903657,4510,69,1109,1109,1,12,False,False,False
A1-B0-C0,A1,B0,C0,A1-B0-C0-r9,650874,5,0.691,0.284,5.4,0.295,4,4,666,5.0,5.0,5.0,5.0,1e-09,1e-09,0.9819819819819819,1.0203120744527348,1.337774360903657,4012,69,654,654,1,12,False,False,False
A1-B0-C0,A1,B0,C0,A1-B0-C0-r9,650874,5,0.691,0.284,5.4,0.295,4,8,457,4.0,4.0,4.0,4.0,1e-09,1e-09,0.973741794310722,1.0203120744527348,1.337774360903657,3656,69,445,445,1,12,False,False,False
A1-B0-C0,A1,B0,C0,A1-B0-C0-r9,650874,5,0.691,0.284,5.4,0.295,4,16,329,4.0,4.0,4.0,4.0,1e-09,1e-09,0.9635258358662614,1.0203120744527348,1.337774360903657,3094,69,317,317,1,12,False,False,False
A1-B0-C1,A1,B0,C1,A1-B0-C1-r0,655001,7,0.526,0.333,6.87,0.201,5,1,2000,6.0,6.0,6.333333333333333,6.333333333333333,0.4714045217910317,0.4714045217910317,0.9985,0.878490304384013,1.3422358950525033,6762,84,1997,1997,1,3,False,False,False
A1-B0-C1,A1,B0,C1,A1-B0-C1-r0,655001,7,0.526,0.333,6.87,0.201,5,2,1110,5.0,5.0,5.666666666666667,5.666666666666667,0.4714045217910317,0.4714045217910317,0.9972972972972973,0.878490304384013,1.3422358950525033,5855,84,1107,1107,1,3,False,False,False
A1-B0-C1,A1,B0,C1,A1-B0-C1-r0,655001,7,0.526,0.333,6.87,0.201,5,4,637,4.0,4.0,4.333333333333333,4.333333333333333,0.4714045217910317,0.4714045217910317,0.9952904238618524,0.878490304384013,1.3422358950525033,5320,84,634,634,1,3,False,False,False
A1-B0-C1,A1,B0,C1,A1-B0-C1-r0,655001,7,0.526,0.333,6.87,0.201,5,8,379,4.0,4.0,4.0,4.0,1e-09,1e-09,0.9920844327176781,0.878490304384013,1.3422358950525033,4780,84,376,376,1,3,False,False,False
A1-B0-C1,A1,B0,C1,A1-B0-C1-r0,655001,7,0.526,0.333,6.87,0.201,5,16,279,4.0,4.0,4.0,4.0,1e-09,1e-09,0.989247311827957,0.878490304384013,1.3422358950525033,3938,84,276,276,1,3,False,False,False
A1-B0-C1,A1,B0,C1,A1-B0-C1-r1,655098,4,0.545,0.109,5.43,0.198,6,1,2000,7.0,7.0,8.666666666666666,8.666666666666666,0.4714045217910317,0.4714045217910317,0.9965,0.24416895017862406,1.454841822264601,5373,63,1993,1993,2,5,False,False,False
A1-B0-C1,A1,B0,C1,A1-B0-C1-r1,655098,4,0.545,0.109,5.43,0.198,6,2,1117,6.0,6.0,6.0,6.0,1e-09,1e-09,0.9946284691136974,0.24416895017862406,1.454841822264601,4477,63,1111,1111,1,6,False,False,False
A1-B0-C1,A1,B0,C1,A1-B0-C1-r1,655098,4,0.545,0.109,5.43,0.198,6,4,680,5.0,5.0,5.0,5.0,0.816496581927726,0.816496581927726,0.9911764705882353,0.24416895017862406,1.454841822264601,4005,63,674,674,1,6,False,False,False
A1-B0-C1,A1,B0,C1,A1-B0-C1-r1,655098,4,0.545,0.109,5.43,0.198,6,8,428,5.0,5.0,4.333333333333333,4.333333333333333,0.4714045217910317,0.4714045217910317,0.985981308411215,0.24416895017862406,1.454841822264601,3606,63,422,422,1,6,False,False,False
A1-B0-C1,A1,B0,C1,A1-B0-C1-r1,655098,4,0.545,0.109,5.43,0.198,6,16,307,4.0,4.0,4.0,4.0,1e-09,1e-09,0.9804560260586319,0.24416895017862406,1.454841822264601,3003,63,301,301,1,6,False,False,False
A1-B0-C1,A1,B0,C1,A1-B0-C1-r2,655195,5,0.371,0.173,5.03,0.334,5,1,2000,9.0,9.0,8.666666666666666,8.666666666666666,0.4714045217910317,0.4714045217910317,0.993,0.8612957124373465,1.7041014826178378,5015,24,1986,1986,1,14,False,False,False
A1-B0-C1,A1,B0,C1,A1-B0-C1-r2,655195,5,0.371,0.173,5.03,0.334,5,2,1136,7.0,7.0,7.0,7.0,1e-09,1e-09,0.9876760563380281,0.8612957124373465,1.7041014826178378,4146,24,1122,1122,1,14,False,False,False
A1-B0-C1,A1,B0,C1,A1-B0-C1-r2,655195,5,0.371,0.173,5.03,0.334,5,4,695,4.0,4.0,5.333333333333333,5.333333333333333,0.4714045217910317,0.4714045217910317,0.9798561151079137,0.8612957124373465,1.7041014826178378,3677,24,681,681,1,14,False,False,False
A1-B0-C1,A1,B0,C1,A1-B0-C1-r2,655195,5,0.371,0.173,5.03,0.334,5,8,463,5.0,5.0,5.0,5.0,1e-09,1e-09,0.9697624190064795,0.8612957124373465,1.7041014826178378,3320,24,449,449,1,14,False,False,False
A1-B0-C1,A1,B0,C1,A1-B0-C1-r2,655195,5,0.371,0.173,5.03,0.334,5,16,332,4.0,4.0,4.0,4.0,1e-09,1e-09,0.9578313253012049,0.8612957124373465,1.7041014826178378,2776,24,318,318,1,14,False,False,False
A1-B0-C1,A1,B0,C1,A1-B0-C1-r3,655292,7,0.555,0.119,5.22,0.214,5,1,2000,8.0,8.0,8.666666666666666,8.666666666666666,0.4714045217910317,0.4714045217910317,0.9955,0.5485841557205539,1.4962540776808047,5187,60,1991,1991,1,9,False,False,False
A1-B0-C1,A1,B0,C1,A1-B0-C1-r3,655292,7,0.555,0.119,5.22,0.214,5,2,1133,7.0,7.0,6.666666666666667,6.666666666666667,0.4714045217910317,0.4714045217910317,0.9920564872021183,0.5485841557205539,1.4962540776808047,4308,60,1124,1124,1,9,False,False,False
A1-B0-C1,A1,B0,C1,A1-B0-C1-r3,655292,7,0.555,0.119,5.22,0.214,5,4,677,6.0,6.0,5.0,5.0,1e-09,1e-09,0.9867060561299852,0.5485841557205539,1.4962540776808047,3812,60,668,668,1,9,False,False,False
A1-B0-C1,A1,B0,C1,A1-B0-C1-r3,655292,7,0.555,0.119,5.22,0.214,5,8,421,5.0,5.0,4.333333333333333,4.333333333333333,0.4714045217910317,0.4714045217910317,0.9786223277909739,0.5485841557205539,1.4962540776808047,3412,60,412,412,1,9,False,False,False
A1-B0-C1,A1,B0,C1,A1-B0-C1-r3,655292,7,0.555,0.119,5.22,0.214,5,16,316,4.0,4.0,4.0,4.0,1e-09,1e-09,0.9715189873417721,0.5485841557205539,1.4962540776808047,2919,60,307,307,1,9,False,False,False
A1-B0-C1,A1,B0,C1,A1-B0-C1-r4,655389,6,0.599,0.168,5.75,0.348,7,1,2000,8.0,8.0,8.0,8.0,1e-09,1e-09,0.996,0.7376674490681924,1.1490811130539753,5714,48,1992,1992,1,8,False,False,False
A1-B0-C1,A1,B0,C1,A1-B0-C1-r4,655389,6,0.599,0.168,5.75,0.348,7,2,1121,6.0,6.0,5.666666666666667,5.666666666666667,0.4714045217910317,0.4714045217910317,0.9928635147190009,0.7376674490681924,1.1490811130539753,4821,48,1113,1113,1,8,False,False,False
A1-B0-C1,A1,B0,C1,A1-B0-C1-r4,655389,6,0.599,0.168,5.75,0.348,7,4,667,5.0,5.0,4.666666666666667,4.666666666666667,0.4714045217910317,0.4714045217910317,0.9880059970014993,0.7376674490681924,1.1490811130539753,4322,48,659,659,1,8,False,False,False
A1-B0-C1,A1,B0,C1,A1-B0-C1-r4,655389,6,0.599,0.168,5.75,0.348,7,8,417,4.0,4.0,4.0,4.0,1e-09,1e-09,0.9808153477218226,0.7376674490681924,1.1490811130539753,3910,48,409,409,1,8,False,False,False
A1-B0-C1,A1,B0,C1,A1-B0-C1-r4,655389,6,0.599,0.168,5.75,0.348,7,16,291,4.0,4.0,3.6666666666666665,3.6666666666666665,0.4714045217910317,0.4714045217910317,0.9725085910652921,0.7376674490681924,1.1490811130539753,3280,48,283,283,1,8,False,False,False
A1-B0-C1,A1,B0,C1,A1-B0-C1-r5,655486,6,0.689,0.243,5.54,0.252,6,1,2000,8.0,8.0,9.333333333333334,9.333333333333334,0.4714045217910317,0.4714045217910317,0.996,1.0226999875660805,1.965605297310003,5501,48,1992,1992,1,8,False,False,False
A1-B0-C1,A1,B0,C1,A1-B0-C1-r5,655486,6,0.689,0.243,5.54,0.252,6,2,1127,6.0,6.0,6.0,6.0,1e-09,1e-09,0.9929015084294588,1.0226999875660805,1.965605297310003,4621,48,1119,1119,1,8,False,False,False
A1-B0-C1,A1,B0,C1,A1-B0-C1-r5,655486,6,0.689,0.243,5.54,0.252,6,4,681,5.0,5.0,5.0,5.0,1e-09,1e-09,0.9882525697503671,1.0226999875660805,1.965605297310003,4128,48,673,673,1,8,False,False,False
A1-B0-C1,A1,B0,C1,A1-B0-C1-r5,655486,6,0.689,0.243,5.54,0.252,6,8,422,4.0,4.0,4.0,4.0,1e-09,1e-09,0.981042654028436,1.0226999875660805,1.965605297310003,3713,48,414,414,1,8,False,False,False
A1-B0-C1,A1,B0,C1,A1-B0-C1-r5,655486,6,0.689,0.243,5.54,0.252,6,16,317,4.0,4.0,4.0,4.0,1e-09,1e-09,0.9747634069400631,1.0226999875660805,1.965605297310003,3145,48,309,309,1,8,False,False,False
A1-B0-C1,A1,B0,C1,A1-B0-C1-r6,655583,6,0.793,0.105,6.87,0.229,5,1,2000,7.0,7.0,7.0,7.0,0.816496581927726,0.816496581927726,1.0,0.21225288579884455,1.5412188043939532,6795,75,2000,2000,1,0,False,False,False
A1-B0-C1,A1,B0,C1,A1-B0-C1-r6,655583,6,0.793,0.105,6.87,0.229,5,2,1095,5.0,5.0,5.333333333333333,5.333333333333333,0.4714045217910317,0.4714045217910317,1.0,0.21225288579884455,1.5412188043939532,5880,75,1095,1095,1,0,False,False,False
A1-B0-C1,A1,B0,C1,A1-B0-C1-r6,655583,6,0.793,0.105,6.87,0.229,5,4,635,5.0,5.0,4.666666666666667,4.666666666666667,0.4714045217910317,0.4714045217910317,1.0,0.21225288579884455,1.5412188043939532,5350,75,635,635,1,0,False,False,False
A1-B0-C1,A1,B0,C1,A1-B0-C1-r6,655583,6,0.793,0.105,6.87,0.229,5,8,395,4.0,4.0,4.0,4.0,1e-09,1e-09,1.0,0.21225288579884455,1.5412188043939532,4837,75,395,395,1,0,False,False,False
A1-B0-C1,A1,B0,C1,A1-B0-C1-r6,655583,6,0.793,0.105,6.87,0.229,5,16,264,4.0,4.0,3.6666666666666665,3.6666666666666665,0.4714045217910317,0.4714045217910317,1.0,0.21225288579884455,1.5412188043939532,3861,75,264,264,1,0,False,False,False
A1-B0-C1,A1,B0,C1,A1-B0-C1-r7,655680,6,0.639,0.104,7.13,0.344,7,1,2000,7.0,7.0,6.333333333333333,6.333333333333333,0.4714045217910317,0.4714045217910317,0.9995,0.7956133497430077,1.7005559726315627,7048,90,1999,1999,1,1,False,False,False
A1-B0-C1,A1,B0,C1,A1-B0-C1-r7,655680,6,0.639,0.104,7.13,0.344,7,2,1099,5.0,5.0,5.333333333333333,5.333333333333333,0.4714045217910317,0.4714045217910317,0.9990900818926297,0.7956133497430077,1.7005559726315627,6129,90,1098,1098,1,1,False,False,False
A1-B0-C1,A1,B0,C1,A1-B0-C1-r7,655680,6,0.639,0.104,7.13,0.344,7,4,638,4.0,4.0,5.0,5.0,1e-09,1e-09,0.9984326018808778,0.7956133497430077,1.7005559726315627,5585,90,637,637,1,1,False,False,False
A1-B0-C1,A1,B0,C1,A1-B0-C1-r7,655680,6,0.639,0.104,7.13,0.344,7,8,394,4.0,4.0,4.0,4.0,1e-09,1e-09,0.9974619289340102,0.7956133497430077,1.7005559726315627,5069,90,393,393,1,1,False,False,False
A1-B0-C1,A1,B0,C1,A1-B0-C1-r7,655680,6,0.639,0.104,7.13,0.344,7,16,279,4.0,4.0,3.3333333333333335,3.3333333333333335,0.4714045217910317,0.4714045217910317,0.996415770609319,0.7956133497430077,1.7005559726315627,4100,90,278,278,1,1,False,False,False
A1-B0-C1,A1,B0,C1,A1-B0-C1-r8,655777,5,0.721,0.227,4.86,0.246,5,1,2000,10.0,10.0,9.333333333333334,9.333333333333334,0.9428090425820633,0.9428090425820633,0.989,0.46775968958199005,1.5427716341307487,4830,24,1978,1978,1,22,False,False,False
A1-B0-C1,A1,B0,C1,A1-B0-C1-r8,655777,5,0.721,0.227,4.86,0.246,5,2,1145,7.0,7.0,6.666666666666667,6.666666666666667,0.4714045217910317,0.4714045217910317,0.9807860262008734,0.46775968958199005,1.5427716341307487,3970,24,1123,1123,1,22,False,False,False
A1-B0-C1,A1,B0,C1,A1-B0-C1-r8,655777,5,0.721,0.227,4.86,0.246,5,4,700,5.0,5.0,5.0,5.0,1e-09,1e-09,0.9685714285714285,0.46775968958199005,1.5427716341307487,3490,24,678,678,1,22,False,False,False
A1-B0-C1,A1,B0,C1,A1-B0-C1-r8,655777,5,0.721,0.227,4.86,0.246,5,8,484,5.0,5.0,5.0,5.0,1e-09,1e-09,0.9545454545454546,0.46775968958199005,1.5427716341307487,3176,24,462,462,1,22,False,False,False
A1-B0-C1,A1,B0,C1,A1-B0-C1-r8,655777,5,0.721,0.227,4.86,0.246,5,16,355,4.0,4.0,4.0,4.0,1e-09,1e-09,0.9380281690140845,0.46775968958199005,1.5427716341307487,2691,24,333,333,1,22,False,False,False
A1-B0-C1,A1,B0,C1,A1-B0-C1-r9,655874,7,0.308,0.244,7.64,0.28,6,1,2000,7.0,7.0,6.333333333333333,6.333333333333333,0.4714045217910317,0.4714045217910317,1.0,1.1497845512752318,1.5545667235897762,7540,84,2000,2000,1,0,False,False,False
A1-B0-C1,A1,B0,C1,A1-B0-C1-r9,655874,7,0.308,0.244,7.64,0.28,6,2,1087,5.0,5.0,5.666666666666667,5.666666666666667,0.4714045217910317,0.4714045217910317,1.0,1.1497845512752318,1.5545667235897762,6609,84,1087,1087,1,0,False,False,False
A1-B0-C1,A1,B0,C1,A1-B0-C1-r9,655874,7,0.308,0.244,7.64,0.28,6,4,625,5.0,5.0,4.666666666666667,4.666666666666667,0.4714045217910317,0.4714045217910317,1.0,1.1497845512752318,1.5545667235897762,6063,84,625,625,1,0,False,False,False
A1-B0-C1,A1,B0,C1,A1-B0-C1-r9,655874,7,0.308,0.244,7.64,0.28,6,8,380,4.0,4.0,4.0,4.0,1e-09,1e-09,1.0,1.1497845512752318,1.5545667235897762,5436,84,380,380,1,0,False,False,False
A1-B0-C1,A1,B0,C1,A1-B0-C1-r9,655874,7,0.308,0.244,7.64,0.28,6,16,265,4.0,4.0,3.3333333333333335,3.3333333333333335,0.4714045217910317,0.4714045217910317,1.0,1.1497845512752318,1.5545667235897762,4270,84,265,265,1,0,False,False,False
A1-B0-C2,A1,B0,C2,A1-B0-C2-r0,660001,7,0.761,0.137,6.22,0.296,7,1,2000,9.0,9.0,9.0,9.0,0.816496581927726,0.816496581927726,0.9955,0.446266847853352,1.1516203585694218,5040,81,1991,1991,1,9,False,False,False
A1-B0-C2,A1,B0,C2,A1-B0-C2-r0,660001,7,0.761,0.137,6.22,0.296,7,2,1119,7.0,7.0,6.666666666666667,6.666666666666667,0.4714045217910317,0.4714045217910317,0.9919571045576407,0.446266847853352,1.1516203585694218,4141,81,1110,1110,1,9,False,False,False
A1-B0-C2,A1,B0,C2,A1-B0-C2-r0,660001,7,0.761,0.137,6.22,0.296,7,4,655,5.0,5.0,5.0,5.0,1e-09,1e-09,0.9862595419847329,0.446266847853352,1.1516203585694218,3637,81,646,646,1,9,False,False,False
A1-B0-C2,A1,B0,C2,A1-B0-C2-r0,660001,7,0.761,0.137,6.22,0.296,7,8,411,5.0,5.0,4.333333333333333,4.333333333333333,0.4714045217910317,0.4714045217910317,0.9781021897810219,0.446266847853352,1.1516203585694218,3267,81,402,402,1,9,False,False,False
A1-B0-C2,A1,B0,C2,A1-B0-C2-r0,660001,7,0.761,0.137,6.22,0.296,7,16,286,4.0,4.0,4.0,4.0,1e-09,1e-09,0.9685314685314685,0.446266847853352,1.1516203585694218,2763,81,277,277,1,9,False,False,False
A1-B0-C2,A1,B0,C2,A1-B0-C2-r1,660098,5,0.651,0.296,5.7,0.153,6,1,2000,11.0,11.0,11.0,11.0,1.4142135633730952,1.4142135633730952,0.986,0.7104570975661936,1.8647159326344165,4211,39,1972,1972,3,24,False,False,False
A1-B0-C2,A1,B0,C2,A1-B0-C2-r1,660098,5,0.651,0.296,5.7,0.153,6,2,1144,10.0,10.0,8.333333333333334,8.333333333333334,0.4714045217910317,0.4714045217910317,0.9772727272727273,0.7104570975661936,1.8647159326344165,3347,39,1118,1118,1,26,False,False,False
A1-B0-C2,A1,B0,C2,A1-B0-C2-r1,660098,5,0.651,0.296,5.7,0.153,6,4,685,6.0,6.0,6.0,6.0,1e-09,1e-09,0.962043795620438,0.7104570975661936,1.8647159326344165,2867,39,659,659,1,26,False,False,False
A1-B0-C2,A1,B0,C2,A1-B0-C2-r1,660098,5,0.651,0.296,5.7,0.153,6,8,460,5.0,5.0,5.0,5.0,1e-09,1e-09,0.9434782608695652,0.7104570975661936,1.8647159326344165,2572,39,434,434,1,26,False,False,False
A1-B0-C2,A1,B0,C2,A1-B0-C2-r1,660098,5,0.651,0.296,5.7,0.153,6,16,328,4.0,4.0,4.0,4.0,1e-09,1e-09,0.9207317073170732,0.7104570975661936,1.8647159326344165,2242,39,302,302,1,26,False,False,False
A1-B0-C2,A1,B0,C2,A1-B0-C2-r2,660195,4,0.478,0.345,6.75,0.196,5,1,2000,14.0,14.0,13.0,13.0,0.816496581927726,0.816496581927726,0.95,1.0603056663711277,1.3357616203040017,3300,72,1900,1900,7,88,False,False,False
A1-B0-C2,A1,B0,C2,A1-B0-C2-r2,660195,4,0.478,0.345,6.75,0.196,5,2,1202,10.0,10.0,9.0,9.0,1e-09,1e-09,0.9217970049916805,1.0603056663711277,1.3357616203040017,2483,72,1108,1108,1,94,False,False,False
A1-B0-C2,A1,B0,C2,A1-B0-C2-r2,660195,4,0.478,0.345,6.75,0.196,5,4,770,7.0,7.0,6.666666666666667,6.666666666666667,0.4714045217910317,0.4714045217910317,0.8779220779220779,1.0603056663711277,1.3357616203040017,2039,72,676,676,1,94,False,False,False
A1-B0-C2,A1,B0,C2,A1-B0-C2-r2,660195,4,0.478,0.345,6.75,0.196,5,8,535,6.0,6.0,5.333333333333333,5.333333333333333,0.4714045217910317,0.4714045217910317,0.8242990654205608,1.0603056663711277,1.3357616203040017,1768,72,441,441,1,94,False,False,False
A1-B0-C2,A1,B0,C2,A1-B0-C2-r2,660195,4,0.478,0.345,6.75,0.196,5,16,393,4.0,4.0,4.333333333333333,4.333333333333333,0.4714045217910317,0.4714045217910317,0.7608142493638677,1.0603056663711277,1.3357616203040017,1510,72,299,299,1,94,False,False,False
A1-B0-C2,A1,B0,C2,A1-B0-C2-r3,660292,6,0.407,0.134,6.06,0.222,6,1,2000,12.0,12.0,9.666666666666666,9.666666666666666,0.9428090425820633,0.9428090425820633,0.9855,0.6755998029416247,1.3293418368737504,4215,66,1971,1971,2,27,False,False,False
A1-B0-C2,A1,B0,C2,A1-B0-C2-r3,660292,6,0.407,0.134,6.06,0.222,6,2,1148,7.0,7.0,7.666666666666667,7.666666666666667,0.4714045217910317,0.4714045217910317,0.975609756097561,0.6755998029416247,1.3293418368737504,3346,66,1120,1120,1,28,False,False,False
A1-B0-C2,A1,B0,C2,A1-B0-C2-r3,660292,6,0.407,0.134,6.06,0.222,6,4,692,6.0,6.0,5.666666666666667,5.666666666666667,0.4714045217910317,0.4714045217910317,0.9595375722543352,0.6755998029416247,1.3293418368737504,2869,66,664,664,1,28,False,False,False
A1-B0-C2,A1,B0,C2,A1-B0-C2-r3,660292,6,0.407,0.134,6.06,0.222,6,8,442,5.0,5.0,5.0,5.0,1e-09,1e-09,0.9366515837104072,0.6755998029416247,1.3293418368737504,2554,66,414,414,1,28,False,False,False
A1-B0-C2,A1,B0,C2,A1-B0-C2-r3,660292,6,0.407,0.134,6.06,0.222,6,16,328,4.0,4.0,4.0,4.0,1e-09,1e-09,0.9146341463414634,0.6755998029416247,1.3293418368737504,2246,66,300,300,1,28,False,False,False
A1-B0-C2,A1,B0,C2,A1-B0-C2-r4,660389,7,0.441,0.3,7.59,0.342,7,1,2000,9.0,9.0,9.333333333333334,9.333333333333334,1.2472191299246471,1.2472191299246471,0.9915,1.0165772587109554,1.7820045775291937,5023,126,1983,1983,1,17,False,False,False
A1-B0-C2,A1,B0,C2,A1-B0-C2-r4,660389,7,0.441,0.3,7.59,0.342,7,2,1126,6.0,6.0,6.666666666666667,6.666666666666667,0.4714045217910317,0.4714045217910317,0.9849023090586145,1.0165772587109554,1.7820045775291937,4126,126,1109,1109,1,17,False,False,False
A1-B0-C2,A1,B0,C2,A1-B0-C2-r4,660389,7,0.441,0.3,7.59,0.342,7,4,677,6.0,6.0,4.666666666666667,4.666666666666667,0.4714045217910317,0.4714045217910317,0.9748892171344166,1.0165772587109554,1.7820045775291937,3639,126,660,660,1,17,False,False,False
A1-B0-C2,A1,B0,C2,A1-B0-C2-r4,660389,7,0.441,0.3,7.59,0.342,7,8,414,5.0,5.0,4.666666666666667,4.666666666666667,0.4714045217910317,0.4714045217910317,0.9589371980676329,1.0165772587109554,1.7820045775291937,3255,126,397,397,1,17,False,False,False
A1-B0-C2,A1,B0,C2,A1-B0-C2-r4,660389,7,0.441,0.3,7.59,0.342,7,16,297,4.0,4.0,4.0,4.0,1e-09,1e-09,0.9427609427609428,1.0165772587109554,1.7820045775291937,2772,126,280,280,1,17,False,False,False
A1-B0-C2,A1,B0,C2,A1-B0-C2-r5,660486,7,0.397,0.172,7.43,0.193,6,1,2000,12.0,12.0,10.666666666666666,10.666666666666666,1.2472191299246471,1.2472191299246471,0.98,0.6764545121942895,1.2544587811783077,4141,111,1960,1960,3,36,False,False,False
A1-B0-C2,A1,B0,C2,A1-B0-C2-r5,660486,7,0.397,0.172,7.43,0.193,6,2,1160,8.0,8.0,7.333333333333333,7.333333333333333,0.4714045217910317,0.4714045217910317,0.9672413793103448,0.6764545121942895,1.2544587811783077,3278,111,1122,1122,1,38,False,False,False
A1-B0-C2,A1,B0,C2,A1-B0-C2-r5,660486,7,0.397,0.172,7.43,0.193,6,4,707,6.0,6.0,6.0,6.0,1e-09,1e-09,0.9462517680339463,0.6764545121942895,1.2544587811783077,2795,111,669,669,1,38,False,False,False
A1-B0-C2,A1,B0,C2,A1-B0-C2-r5,660486,7,0.397,0.172,7.43,0.193,6,8,478,5.0,5.0,5.0,5.0,1e-09,1e-09,0.9205020920502092,0.6764545121942895,1.2544587811783077,2494,111,440,440,1,38,False,False,False
A1-B0-C2,A1,B0,C2,A1-B0-C2-r5,660486,7,0.397,0.172,7.43,0.193,6,16,352,4.0,4.0,4.0,4.0,1e-09,1e-09,0.8920454545454546,0.6764545121942895,1.2544587811783077,2161,111,314,314,1,38,False,False,False
A1-B0-C2,A1,B0,C2,A1-B0-C2-r6,660583,5,0.324,0.297,7.58,0.235,7,1,2000,9.0,9.0,9.0,9.0,1e-09,1e-09,0.991,1.16765705546388,1.4505700037609035,5034,111,1982,1982,3,14,False,False,False
A1-B0-C2,A1,B0,C2,A1-B0-C2-r6,660583,5,0.324,0.297,7.58,0.235,7,2,1116,6.0,6.0,6.333333333333333,6.333333333333333,0.4714045217910317,0.4714045217910317,0.985663082437276,1.16765705546388,1.4505700037609035,4125,111,1100,1100,1,16,False,False,False
A1-B0-C2,A1,B0,C2,A1-B0-C2-r6,660583,5,0.324,0.297,7.58,0.235,7,4,669,6.0,6.0,4.666666666666667,4.666666666666667,0.4714045217910317,0.4714045217910317,0.976083707025411,1.16765705546388,1.4505700037609035,3649,111,653,653,1,16,False,False,False
A1-B0-C2,A1,B0,C2,A1-B0-C2-r6,660583,5,0.324,0.297,7.58,0.235,7,8,431,5.0,5.0,5.0,5.0,1e-09,1e-09,0.962877030162413,1.16765705546388,1.4505700037609035,3300,111,415,415,1,16,False,False,False
A1-B0-C2,A1,B0,C2,A1-B0-C2-r6,660583,5,0.324,0.297,7.58,0.235,7,16,308,4.0,4.0,4.0,4.0,1e-09,1e-09,0.948051948051948,1.16765705546388,1.4505700037609035,2796,111,292,292,1,16,False,False,False
A1-B0-C2,A1,B0,C2,A1-B0-C2-r7,660680,7,0.696,0.145,5.48,0.17,6,1,2000,11.0,11.0,11.0,11.0,1e-09,1e-09,0.986,0.43649568344570583,1.6195793057331198,4177,54,1972,1972,4,22,False,False,False
A1-B0-C2,A1,B0,C2,A1-B0-C2-r7,660680,7,0.696,0.145,5.48,0.17,6,2,1142,9.0,9.0,7.333333333333333,7.333333333333333,0.4714045217910317,0.4714045217910317,0.978108581436077,0.43649568344570583,1.6195793057331198,3311,54,1117,1117,1,25,False,False,False
A1-B0-C2,A1,B0,C2,A1-B0-C2-r7,660680,7,0.696,0.145,5.48,0.17,6,4,671,6.0,6.0,6.0,6.0,1e-09,1e-09,0.96274217585693,0.43649568344570583,1.6195793057331198,2821,54,646,646,1,25,False,False,False
A1-B0-C2,A1,B0,C2,A1-B0-C2-r7,660680,7,0.696,0.145,5.48,0.17,6,8,448,5.0,5.0,5.0,5.0,1e-09,1e-09,0.9441964285714286,0.43649568344570583,1.6195793057331198,2529,54,423,423,1,25,False,False,False
A1-B0-C2,A1,B0,C2,A1-B0-C2-r7,660680,7,0.696,0.145,5.48,0.17,6,16,328,4.0,4.0,4.0,4.0,1e-09,1e-09,0.9237804878048781,0.43649568344570583,1.6195793057331198,2192,54,303,303,1,25,False,False,False
A1-B0-C2,A1,B0,C2,A1-B0-C2-r8,660777,6,0.789,0.317,7.71,0.284,5,1,2000,13.0,13.0,14.0,14.0,0.816496581927726,0.816496581927726,0.9115,0.863167993539957,1.7164012476364927,3107,114,1823,1823,11,153,False,False,False
A1-B0-C2,A1,B0,C2,A1-B0-C2-r8,660777,6,0.789,0.317,7.71,0.284,5,2,1247,9.0,9.0,10.666666666666666,10.666666666666666,0.4714045217910317,0.4714045217910317,0.8660785886126704,0.863167993539957,1.7164012476364927,2317,114,1080,1080,5,159,False,False,False
A1-B0-C2,A1,B0,C2,A1-B0-C2-r8,660777,6,0.789,0.317,7.71,0.284,5,4,823,7.0,7.0,6.666666666666667,6.666666666666667,0.4714045217910317,0.4714045217910317,0.8019441069258809,0.863167993539957,1.7164012476364927,1881,114,660,660,1,163,False,False,False
A1-B0-C2,A1,B0,C2,A1-B0-C2-r8,660777,6,0.789,0.317,7.71,0.284,5,8,620,5.0,5.0,5.0,5.0,1e-09,1e-09,0.7370967741935484,0.863167993539957,1.7164012476364927,1661,114,457,457,1,163,False,False,False
A1-B0-C2,A1,B0,C2,A1-B0-C2-r8,660777,6,0.789,0.317,7.71,0.284,5,16,482,5.0,5.0,4.333333333333333,4.333333333333333,0.4714045217910317,0.4714045217910317,0.6618257261410788,0.863167993539957,1.7164012476364927,1434,114,319,319,1,163,False,False,False
A1-B0-C2,A1,B0,C2,A1-B0-C2-r9,660874,6,0.506,0.291,6.45,0.155,6,1,2000,11.0,11.0,10.666666666666666,10.666666666666666,0.4714045217910317,0.4714045217910317,0.985,0.6833118899691173,1.609004765313405,4219,57,1970,1970,3,26,False,False,False
A1-B0-C2,A1,B0,C2,A1-B0-C2-r9,660874,6,0.506,0.291,6.45,0.155,6,2,1144,8.0,8.0,7.666666666666667,7.666666666666667,0.4714045217910317,0.4714045217910317,0.9755244755244755,0.6833118899691173,1.609004765313405,3352,57,1116,1116,1,28,False,False,False
A1-B0-C2,A1,B0,C2,A1-B0-C2-r9,660874,6,0.506,0.291,6.45,0.155,6,4,687,6.0,6.0,6.0,6.0,1e-09,1e-09,0.9592430858806404,0.6833118899691173,1.609004765313405,2867,57,659,659,1,28,False,False,False
A1-B0-C2,A1,B0,C2,A1-B0-C2-r9,660874,6,0.506,0.291,6.45,0.155,6,8,466,5.0,5.0,5.0,5.0,1e-09,1e-09,0.9399141630901288,0.6833118899691173,1.609004765313405,2591,57,438,438,1,28,False,False,False
A1-B0-C2,A1,B0,C2,A1-B0-C2-r9,660874,6,0.506,0.291,6.45,0.155,6,16,343,4.0,4.0,4.0,4.0,1e-09,1e-09,0.9183673469387755,0.6833118899691173,1.609004765313405,2242,57,315,315,1,28,False,False,False
A1-B1-C0,A1,B1,C0,A1-B1-C0-r0,665001,6,0.707,0.118,4.78,0.177,6,1,2000,11.0,11.0,10.333333333333334,10.333333333333334,0.4714045217910317,0.4714045217910317,0.9905,1.4185720273456128,1.671533844522518,4780,57,1981,1981,2,17,False,False,False
A1-B1-C0,A1,B1,C0,A1-B1-C0-r0,665001,6,0.707,0.118,4.78,0.177,6,2,1142,8.0,8.0,7.0,7.0,1e-09,1e-09,0.9842381786339754,1.4185720273456128,1.671533844522518,3910,57,1124,1124,1,18,False,False,False
A1-B1-C0,A1,B1,C0,A1-B1-C0-r0,665001,6,0.707,0.118,4.78,0.177,6,4,693,6.0,6.0,5.333333333333333,5.333333333333333,0.4714045217910317,0.4714045217910317,0.974025974025974,1.4185720273456128,1.671533844522518,3421,57,675,675,1,18,False,False,False
A1-B1-C0,A1,B1,C0,A1-B1-C0-r0,665001,6,0.707,0.118,4.78,0.177,6,8,468,5.0,5.0,4.666666666666667,4.666666666666667,0.4714045217910317,0.4714045217910317,0.9615384615384616,1.4185720273456128,1.671533844522518,3115,57,450,450,1,18,False,False,False
A1-B1-C0,A1,B1,C0,A1-B1-C0-r0,665001,6,0.707,0.118,4.78,0.177,6,16,355,4.0,4.0,4.0,4.0,1e-09,1e-09,0.9492957746478873,1.4185720273456128,1.671533844522518,2664,57,337,337,1,18,False,False,False
A1-B1-C0,A1,B1,C0,A1-B1-C0-r1,665098,7,0.697,0.219,6.63,0.214,4,1,2000,7.0,7.0,7.0,7.0,1e-09,1e-09,0.9965,1.5494617968066593,1.4369563126773182,6630,153,1993,1993,1,7,False,False,False
A1-B1-C0,A1,B1,C0,A1-B1-C0-r1,665098,7,0.697,0.219,6.63,0.214,4,2,1116,6.0,6.0,5.333333333333333,5.333333333333333,0.4714045217910317,0.4714045217910317,0.9937275985663082,1.5494617968066593,1.4369563126773182,5731,153,1109,1109,1,7,False,False,False
A1-B1-C0,A1,B1,C0,A1-B1-C0-r1,665098,7,0.697,0.219,6.63,0.214,4,4,650,5.0,5.0,4.666666666666667,4.666666666666667,0.4714045217910317,0.4714045217910317,0.9892307692307692,1.5494617968066593,1.4369563126773182,5195,153,643,643,1,7,False,False,False
A1-B1-C0,A1,B1,C0,A1-B1-C0-r1,665098,7,0.697,0.219,6.63,0.214,4,8,413,4.0,4.0,4.0,4.0,1e-09,1e-09,0.9830508474576272,1.5494617968066593,1.4369563126773182,4702,153,406,406,1,7,False,False,False
A1-B1-C0,A1,B1,C0,A1-B1-C0-r1,665098,7,0.697,0.219,6.63,0.214,4,16,282,4.0,4.0,4.0,4.0,1e-09,1e-09,0.975177304964539,1.5494617968066593,1.4369563126773182,3843,153,275,275,1,7,False,False,False
A1-B1-C0,A1,B1,C0,A1-B1-C0-r2,665195,7,0.503,0.26,6.91,0.171,6,1,2000,7.0,7.0,6.666666666666667,6.666666666666667,0.4714045217910317,0.4714045217910317,0.9995,1.3020125023404834,1.4903564869757304,6910,177,1999,1999,1,1,False,False,False
A1-B1-C0,A1,B1,C0,A1-B1-C0-r2,665195,7,0.503,0.26,6.91,0.171,6,2,1092,5.0,5.0,6.0,6.0,1e-09,1e-09,0.9990842490842491,1.3020125023404834,1.4903564869757304,5983,177,1091,1091,1,1,False,False,False
A1-B1-C0,A1,B1,C0,A1-B1-C0-r2,665195,7,0.503,0.26,6.91,0.171,6,4,636,5.0,5.0,4.333333333333333,4.333333333333333,0.4714045217910317,0.4714045217910317,0.9984276729559748,1.3020125023404834,1.4903564869757304,5447,177,635,635,1,1,False,False,False
A1-B1-C0,A1,B1,C0,A1-B1-C0-r2,665195,7,0.503,0.26,6.91,0.171,6,8,398,4.0,4.0,4.0,4.0,1e-09,1e-09,0.9974874371859297,1.3020125023404834,1.4903564869757304,4949,177,397,397,1,1,False,False,False
A1-B1-C0,A1,B1,C0,A1-B1-C0-r2,665195,7,0.503,0.26,6.91,0.171,6,16,266,3.0,3.0,3.6666666666666665,3.6666666666666665,0.4714045217910317,0.4714045217910317,0.9962406015037594,1.3020125023404834,1.4903564869757304,4008,177,265,265,1,1,False,False,False
A1-B1-C0,A1,B1,C0,A1-B1-C0-r3,665292,7,0.317,0.205,4.86,0.308,5,1,2000,10.0,10.0,9.0,9.0,0.816496581927726,0.816496581927726,0.9935,1.4644098673180257,1.3005335903160131,4860,54,1987,1987,1,13,False,False,False
A1-B1-C0,A1,B1,C0,A1-B1-C0-r3,665292,7,0.317,0.205,4.86,0.308,5,2,1133,7.0,7.0,6.666666666666667,6.666666666666667,0.4714045217910317,0.4714045217910317,0.9885260370697264,1.4644098673180257,1.3005335903160131,3984,54,1120,1120,1,13,False,False,False
A1-B1-C0,A1,B1,C0,A1-B1-C0-r3,665292,7,0.317,0.205,4.86,0.308,5,4,703,5.0,5.0,5.0,5.0,1e-09,1e-09,0.9815078236130867,1.4644098673180257,1.3005335903160131,3525,54,690,690,1,13,False,False,False
A1-B1-C0,A1,B1,C0,A1-B1-C0-r3,665292,7,0.317,0.205,4.86,0.308,5,8,455,5.0,5.0,5.0,5.0,1e-09,1e-09,0.9714285714285714,1.4644098673180257,1.3005335903160131,3179,54,442,442,1,13,False,False,False
A1-B1-C0,A1,B1,C0,A1-B1-C0-r3,665292,7,0.317,0.205,4.86,0.308,5,16,337,4.0,4.0,4.0,4.0,1e-09,1e-09,0.9614243323442137,1.4644098673180257,1.3005335903160131,2713,54,324,324,1,13,False,False,False
A1-B1-C0,A1,B1,C0,A1-B1-C0-r4,665389,7,0.57,0.103,5.45,0.171,5,1,2000,8.0,8.0,7.666666666666667,7.666666666666667,0.4714045217910317,0.4714045217910317,0.996,1.807407998664733,1.5645815762968371,5450,99,1992,1992,1,8,False,False,False
A1-B1-C0,A1,B1,C0,A1-B1-C0-r4,665389,7,0.57,0.103,5.45,0.171,5,2,1134,6.0,6.0,6.0,6.0,1e-09,1e-09,0.9929453262786596,1.807407998664733,1.5645815762968371,4567,99,1126,1126,1,8,False,False,False
A1-B1-C0,A1,B1,C0,A1-B1-C0-r4,665389,7,0.57,0.103,5.45,0.171,5,4,686,5.0,5.0,5.0,5.0,1e-09,1e-09,0.9883381924198251,1.807407998664733,1.5645815762968371,4073,99,678,678,1,8,False,False,False
A1-B1-C0,A1,B1,C0,A1-B1-C0-r4,665389,7,0.57,0.103,5.45,0.171,5,8,450,4.0,4.0,4.0,4.0,0.816496581927726,0.816496581927726,0.9822222222222222,1.807407998664733,1.5645815762968371,3667,99,442,442,1,8,False,False,False
A1-B1-C0,A1,B1,C0,A1-B1-C0-r4,665389,7,0.57,0.103,5.45,0.171,5,16,327,4.0,4.0,4.0,4.0,1e-09,1e-09,0.9755351681957186,1.807407998664733,1.5645815762968371,3096,99,319,319,1,8,False,False,False
A1-B1-C0,A1,B1,C0,A1-B1-C0-r5,665486,4,0.65,0.313,5.51,0.293,6,1,2000,9.0,9.0,8.666666666666666,8.666666666666666,0.4714045217910317,0.4714045217910317,0.995,0.660264576927704,1.4793089195364257,5510,72,1990,1990,1,10,False,False,False
A1-B1-C0,A1,B1,C0,A1-B1-C0-r5,665486,4,0.65,0.313,5.51,0.293,6,2,1113,6.0,6.0,6.0,6.0,1e-09,1e-09,0.9910152740341419,0.660264576927704,1.4793089195364257,4612,72,1103,1103,1,10,False,False,False
A1-B1-C0,A1,B1,C0,A1-B1-C0-r5,665486,4,0.65,0.313,5.51,0.293,6,4,665,5.0,5.0,5.0,5.0,1e-09,1e-09,0.9849624060150376,0.660264576927704,1.4793089195364257,4118,72,655,655,1,10,False,False,False
A1-B1-C0,A1,B1,C0,A1-B1-C0-r5,665486,4,0.65,0.313,5.51,0.293,6,8,434,5.0,5.0,4.333333333333333,4.333333333333333,0.4714045217910317,0.4714045217910317,0.9769585253456221,0.660264576927704,1.4793089195364257,3715,72,424,424,1,10,False,False,False
A1-B1-C0,A1,B1,C0,A1-B1-C0-r5,665486,4,0.65,0.313,5.51,0.293,6,16,303,4.0,4.0,4.0,4.0,1e-09,1e-09,0.966996699669967,0.660264576927704,1.4793089195364257,3122,72,293,293,1,10,False,False,False
A1-B1-C0,A1,B1,C0,A1-B1-C0-r6,665583,5,0.666,0.227,6.39,0.193,4,1,2000,8.0,8.0,7.333333333333333,7.333333333333333,0.4714045217910317,0.4714045217910317,0.999,1.6230675485408712,1.329948036151287,6390,132,1998,1998,1,2,False,False,False
A1-B1-C0,A1,B1,C0,A1-B1-C0-r6,665583,5,0.666,0.227,6.39,0.193,4,2,1107,6.0,6.0,5.333333333333333,5.333333333333333,0.4714045217910317,0.4714045217910317,0.998193315266486,1.6230675485408712,1.329948036151287,5470,132,1105,1105,1,2,False,False,False
A1-B1-C0,A1,B1,C0,A1-B1-C0-r6,665583,5,0.666,0.227,6.39,0.193,4,4,633,5.0,5.0,4.666666666666667,4.666666666666667,0.4714045217910317,0.4714045217910317,0.9968404423380727,1.6230675485408712,1.329948036151287,4928,132,631,631,1,2,False,False,False
A1-B1-C0,A1,B1,C0,A1-B1-C0-r6,665583,5,0.666,0.227,6.39,0.193,4,8,404,4.0,4.0,3.6666666666666665,3.6666666666666665,0.4714045217910317,0.4714045217910317,0.995049504950495,1.6230675485408712,1.329948036151287,4491,132,402,402,1,2,False,False,False
A1-B1-C0,A1,B1,C0,A1-B1-C0-r6,665583,5,0.666,0.227,6.39,0.193,4,16,301,3.0,3.0,4.0,4.0,1e-09,1e-09,0.9933554817275747,1.6230675485408712,1.329948036151287,3699,132,299,299,1,2,False,False,False
A1-B1-C0,A1,B1,C0,A1-B1-C0-r7,665680,6,0.469,0.324,6.0,0.18,5,1,2000,8.0,8.0,8.0,8.0,1e-09,1e-09,0.9965,1.452096919905895,1.896091034134187,6000,117,1993,1993,1,7,False,False,False
A1-B1-C0,A1,B1,C0,A1-B1-C0-r7,665680,6,0.469,0.324,6.0,0.18,5,2,1124,6.0,6.0,5.666666666666667,5.666666666666667,0.4714045217910317,0.4714045217910317,0.9937722419928826,1.452096919905895,1.896091034134187,5104,117,1117,1117,1,7,False,False,False
A1-B1-C0,A1,B1,C0,A1-B1-C0-r7,665680,6,0.469,0.324,6.0,0.18,5,4,670,5.0,5.0,4.666666666666667,4.666666666666667,0.4714045217910317,0.4714045217910317,0.9895522388059701,1.452096919905895,1.896091034134187,4594,117,663,663,1,7,False,False,False
A1-B1-C0,A1,B1,C0,A1-B1-C0-r7,665680,6,0.469,0.324,6.0,0.18,5,8,440,4.0,4.0,4.0,4.0,1e-09,1e-09,0.9840909090909091,1.452096919905895,1.896091034134187,4161,117,433,433,1,7,False,False,False
A1-B1-C0,A1,B1,C0,A1-B1-C0-r7,665680,6,0.469,0.324,6.0,0.18,5,16,308,4.0,4.0,3.6666666666666665,3.6666666666666665,0.4714045217910317,0.4714045217910317,0.9772727272727273,1.452096919905895,1.896091034134187,3458,117,301,301,1,7,False,False,False
A1-B1-C0,A1,B1,C0,A1-B1-C0-r8,665777,5,0.543,0.144,5.64,0.23,4,1,2000,9.0,9.0,8.666666666666666,8.666666666666666,0.4714045217910317,0.4714045217910317,0.9975,1.5238301415748996,1.7254042362085091,5640,81,1995,1995,1,5,False,False,False
A1-B1-C0,A1,B1,C0,A1-B1-C0-r8,665777,5,0.543,0.144,5.64,0.23,4,2,1138,7.0,7.0,6.0,6.0,1e-09,1e-09,0.9956063268892794,1.5238301415748996,1.7254042362085091,4768,81,1133,1133,1,5,False,False,False
A1-B1-C0,A1,B1,C0,A1-B1-C0-r8,665777,5,0.543,0.144,5.64,0.23,4,4,673,4.0,4.0,5.0,5.0,1e-09,1e-09,0.9925705794947994,1.5238301415748996,1.7254042362085091,4242,81,668,668,1,5,False,False,False
A1-B1-C0,A1,B1,C0,A1-B1-C0-r8,665777,5,0.543,0.144,5.64,0.23,4,8,428,4.0,4.0,4.333333333333333,4.333333333333333,0.4714045217910317,0.4714045217910317,0.9883177570093458,1.5238301415748996,1.7254042362085091,3871,81,423,423,1,5,False,False,False
A1-B1-C0,A1,B1,C0,A1-B1-C0-r8,665777,5,0.543,0.144,5.64,0.23,4,16,304,4.0,4.0,4.0,4.0,1e-09,1e-09,0.9835526315789473,1.5238301415748996,1.7254042362085091,3241,81,299,299,1,5,False,False,False
A1-B1-C0,A1,B1,C0,A1-B1-C0-r9,665874,6,0.583,0.211,4.2,0.292,5,1,2000,11.0,11.0,11.0,11.0,1e-09,1e-09,0.986,1.456822319009389,1.2889451853120777,4200,60,1972,1972,2,26,False,False,False
A1-B1-C0,A1,B1,C0,A1-B1-C0-r9,665874,6,0.583,0.211,4.2,0.292,5,2,1171,7.0,7.0,7.666666666666667,7.666666666666667,0.4714045217910317,0.4714045217910317,0.9769427839453458,1.456822319009389,1.2889451853120777,3355,60,1144,1144,1,27,False,False,False
A1-B1-C0,A1,B1,C0,A1-B1-C0-r9,665874,6,0.583,0.211,4.2,0.292,5,4,725,4.0,4.0,5.666666666666667,5.666666666666667,0.4714045217910317,0.4714045217910317,0.9627586206896551,1.456822319009389,1.2889451853120777,2890,60,698,698,1,27,False,False,False
A1-B1-C0,A1,B1,C0,A1-B1-C0-r9,665874,6,0.583,0.211,4.2,0.292,5,8,503,5.0,5.0,5.0,5.0,1e-09,1e-09,0.9463220675944334,1.456822319009389,1.2889451853120777,2594,60,476,476,1,27,False,False,False
A1-B1-C0,A1,B1,C0,A1-B1-C0-r9,665874,6,0.583,0.211,4.2,0.292,5,16,373,4.0,4.0,4.0,4.0,1e-09,1e-09,0.9276139410187667,1.456822319009389,1.2889451853120777,2237,60,346,346,1,27,False,False,False
A1-B1-C1,A1,B1,C1,A1-B1-C1-r0,670001,8,0.662,0.348,5.08,0.295,5,1,2000,9.0,9.0,8.666666666666666,8.666666666666666,0.9428090425820633,0.9428090425820633,0.993,2.246085442304166,1.8380726412892017,5044,42,1986,1986,1,14,False,False,False
A1-B1-C1,A1,B1,C1,A1-B1-C1-r0,670001,8,0.662,0.348,5.08,0.295,5,2,1136,7.0,7.0,6.333333333333333,6.333333333333333,0.4714045217910317,0.4714045217910317,0.9876760563380281,2.246085442304166,1.8380726412892017,4168,42,1122,1122,1,14,False,False,False
A1-B1-C1,A1,B1,C1,A1-B1-C1-r0,670001,8,0.662,0.348,5.08,0.295,5,4,678,5.0,5.0,5.0,5.0,1e-09,1e-09,0.9793510324483776,2.246085442304166,1.8380726412892017,3668,42,664,664,1,14,False,False,False
A1-B1-C1,A1,B1,C1,A1-B1-C1-r0,670001,8,0.662,0.348,5.08,0.295,5,8,448,5.0,5.0,4.666666666666667,4.666666666666667,0.4714045217910317,0.4714045217910317,0.96875,2.246085442304166,1.8380726412892017,3349,42,434,434,1,14,False,False,False
A1-B1-C1,A1,B1,C1,A1-B1-C1-r0,670001,8,0.662,0.348,5.08,0.295,5,16,331,4.0,4.0,4.0,4.0,1e-09,1e-09,0.9577039274924471,2.246085442304166,1.8380726412892017,2875,42,317,317,1,14,False,False,False
A1-B1-C1,A1,B1,C1,A1-B1-C1-r1,670098,8,0.75,0.328,7.04,0.254,6,1,2000,7.0,7.0,6.666666666666667,6.666666666666667,0.4714045217910317,0.4714045217910317,1.0,2.399498412239059,1.4383031033339109,6962,81,2000,2000,1,0,False,False,False
A1-B1-C1,A1,B1,C1,A1-B1-C1-r1,670098,8,0.75,0.328,7.04,0.254,6,2,1095,5.0,5.0,5.0,5.0,1e-09,1e-09,1.0,2.399498412239059,1.4383031033339109,6040,81,1095,1095,1,0,False,False,False
A1-B1-C1,A1,B1,C1,A1-B1-C1-r1,670098,8,0.75,0.328,7.04,0.254,6,4,632,5.0,5.0,5.0,5.0,1e-09,1e-09,1.0,2.399498412239059,1.4383031033339109,5511,81,632,632,1,0,False,False,False
A1-B1-C1,A1,B1,C1,A1-B1-C1-r1,670098,8,0.75,0.328,7.04,0.254,6,8,391,4.0,4.0,4.0,4.0,1e-09,1e-09,1.0,2.399498412239059,1.4383031033339109,4960,81,391,391,1,0,False,False,False
A1-B1-C1,A1,B1,C1,A1-B1-C1-r1,670098,8,0.75,0.328,7.04,0.254,6,16,261,4.0,4.0,4.0,4.0,1e-09,1e-09,1.0,2.399498412239059,1.4383031033339109,3961,81,261,261,1,0,False,False,False
A1-B1-C1,A1,B1,C1,A1-B1-C1-r2,670195,5,0.727,0.208,4.23,0.204,5,1,2000,11.0,11.0,10.0,10.0,0.816496581927726,0.816496581927726,0.9845,1.5162663880915068,1.5134279549087166,4203,18,1969,1969,2,29,False,False,False
A1-B1-C1,A1,B1,C1,A1-B1-C1-r2,670195,5,0.727,0.208,4.23,0.204,5,2,1161,7.0,7.0,6.666666666666667,6.666666666666667,0.4714045217910317,0.4714045217910317,0.9741602067183462,1.5162663880915068,1.5134279549087166,3357,18,1131,1131,1,30,False,False,False
A1-B1-C1,A1,B1,C1,A1-B1-C1-r2,670195,5,0.727,0.208,4.23,0.204,5,4,723,6.0,6.0,5.333333333333333,5.333333333333333,0.4714045217910317,0.4714045217910317,0.9585062240663901,1.5162663880915068,1.5134279549087166,2903,18,693,693,1,30,False,False,False
A1-B1-C1,A1,B1,C1,A1-B1-C1-r2,670195,5,0.727,0.208,4.23,0.204,5,8,489,5.0,5.0,5.0,5.0,1e-09,1e-09,0.9386503067484663,1.5162663880915068,1.5134279549087166,2622,18,459,459,1,30,False,False,False
A1-B1-C1,A1,B1,C1,A1-B1-C1-r2,670195,5,0.727,0.208,4.23,0.204,5,16,380,4.0,4.0,4.0,4.0,1e-09,1e-09,0.9210526315789473,1.5162663880915068,1.5134279549087166,2251,18,350,350,1,30,False,False,False
A1-B1-C1,A1,B1,C1,A1-B1-C1-r3,670292,7,0.556,0.286,6.35,0.336,6,1,2000,8.0,8.0,8.0,8.0,0.816496581927726,0.816496581927726,0.9985,0.9512760105880969,1.3991579024802145,6287,63,1997,1997,1,3,False,False,False
A1-B1-C1,A1,B1,C1,A1-B1-C1-r3,670292,7,0.556,0.286,6.35,0.336,6,2,1114,6.0,6.0,5.333333333333333,5.333333333333333,0.4714045217910317,0.4714045217910317,0.9973070017953322,0.9512760105880969,1.3991579024802145,5385,63,1111,1111,1,3,False,False,False
A1-B1-C1,A1,B1,C1,A1-B1-C1-r3,670292,7,0.556,0.286,6.35,0.336,6,4,646,5.0,5.0,5.0,5.0,1e-09,1e-09,0.9953560371517027,0.9512760105880969,1.3991579024802145,4860,63,643,643,1,3,False,False,False
A1-B1-C1,A1,B1,C1,A1-B1-C1-r3,670292,7,0.556,0.286,6.35,0.336,6,8,416,4.0,4.0,4.0,4.0,1e-09,1e-09,0.9927884615384616,0.9512760105880969,1.3991579024802145,4414,63,413,413,1,3,False,False,False
A1-B1-C1,A1,B1,C1,A1-B1-C1-r3,670292,7,0.556,0.286,6.35,0.336,6,16,295,4.0,4.0,3.6666666666666665,3.6666666666666665,0.4714045217910317,0.4714045217910317,0.9898305084745763,0.9512760105880969,1.3991579024802145,3630,63,292,292,1,3,False,False,False
A1-B1-C1,A1,B1,C1,A1-B1-C1-r4,670389,7,0.316,0.112,4.75,0.323,7,1,2000,10.0,10.0,10.0,10.0,1e-09,1e-09,0.988,1.2945224991530029,1.3797562801833394,4729,24,1976,1976,2,22,False,False,False
A1-B1-C1,A1,B1,C1,A1-B1-C1-r4,670389,7,0.316,0.112,4.75,0.323,7,2,1147,7.0,7.0,7.0,7.0,1e-09,1e-09,0.979947689625109,1.2945224991530029,1.3797562801833394,3872,24,1124,1124,1,23,False,False,False
A1-B1-C1,A1,B1,C1,A1-B1-C1-r4,670389,7,0.316,0.112,4.75,0.323,7,4,703,6.0,6.0,5.0,5.0,0.816496581927726,0.816496581927726,0.9672830725462305,1.2945224991530029,1.3797562801833394,3386,24,680,680,1,23,False,False,False
A1-B1-C1,A1,B1,C1,A1-B1-C1-r4,670389,7,0.316,0.112,4.75,0.323,7,8,475,4.0,4.0,5.0,5.0,1e-09,1e-09,0.9515789473684211,1.2945224991530029,1.3797562801833394,3069,24,452,452,1,23,False,False,False
A1-B1-C1,A1,B1,C1,A1-B1-C1-r4,670389,7,0.316,0.112,4.75,0.323,7,16,337,4.0,4.0,4.0,4.0,1e-09,1e-09,0.9317507418397626,1.2945224991530029,1.3797562801833394,2587,24,314,314,1,23,False,False,False
A1-B1-C1,A1,B1,C1,A1-B1-C1-r5,670486,6,0.429,0.159,5.2,0.295,5,1,2000,8.0,8.0,9.0,9.0,1e-09,1e-09,0.995,0.8402054279293699,1.2952050224413785,5173,36,1990,1990,1,10,False,False,False
A1-B1-C1,A1,B1,C1,A1-B1-C1-r5,670486,6,0.429,0.159,5.2,0.295,5,2,1131,5.0,5.0,6.666666666666667,6.666666666666667,0.4714045217910317,0.4714045217910317,0.9911582670203359,0.8402054279293699,1.2952050224413785,4297,36,1121,1121,1,10,False,False,False
A1-B1-C1,A1,B1,C1,A1-B1-C1-r5,670486,6,0.429,0.159,5.2,0.295,5,4,678,6.0,6.0,5.0,5.0,1e-09,1e-09,0.9852507374631269,0.8402054279293699,1.2952050224413785,3817,36,668,668,1,10,False,False,False
A1-B1-C1,A1,B1,C1,A1-B1-C1-r5,670486,6,0.429,0.159,5.2,0.295,5,8,438,5.0,5.0,4.666666666666667,4.666666666666667,0.4714045217910317,0.4714045217910317,0.9771689497716894,0.8402054279293699,1.2952050224413785,3438,36,428,428,1,10,False,False,False
A1-B1-C1,A1,B1,C1,A1-B1-C1-r5,670486,6,0.429,0.159,5.2,0.295,5,16,311,4.0,4.0,4.0,4.0,1e-09,1e-09,0.9678456591639871,0.8402054279293699,1.2952050224413785,2887,36,301,301,1,10,False,False,False
A1-B1-C1,A1,B1,C1,A1-B1-C1-r6,670583,6,0.597,0.259,5.96,0.234,6,1,2000,9.0,9.0,8.333333333333334,8.333333333333334,0.9428090425820633,0.9428090425820633,0.998,0.6554899116093046,1.7768211289767353,5916,36,1996,1996,1,4,False,False,False
A1-B1-C1,A1,B1,C1,A1-B1-C1-r6,670583,6,0.597,0.259,5.96,0.234,6,2,1106,6.0,6.0,5.666666666666667,5.666666666666667,0.4714045217910317,0.4714045217910317,0.9963833634719711,0.6554899116093046,1.7768211289767353,5012,36,1102,1102,1,4,False,False,False
A1-B1-C1,A1,B1,C1,A1-B1-C1-r6,670583,6,0.597,0.259,5.96,0.234,6,4,666,5.0,5.0,5.0,5.0,1e-09,1e-09,0.993993993993994,0.6554899116093046,1.7768211289767353,4525,36,662,662,1,4,False,False,False
A1-B1-C1,A1,B1,C1,A1-B1-C1-r6,670583,6,0.597,0.259,5.96,0.234,6,8,437,4.0,4.0,4.0,4.0,1e-09,1e-09,0.9908466819221968,0.6554899116093046,1.7768211289767353,4135,36,433,433,1,4,False,False,False
A1-B1-C1,A1,B1,C1,A1-B1-C1-r6,670583,6,0.597,0.259,5.96,0.234,6,16,302,4.0,4.0,4.0,4.0,1e-09,1e-09,0.9867549668874173,0.6554899116093046,1.7768211289767353,3404,36,298,298,1,4,False,False,False
A1-B1-C1,A1,B1,C1,A1-B1-C1-r7,670680,7,0.643,0.214,6.64,0.243,4,1,2000,7.0,7.0,7.0,7.0,0.816496581927726,0.816496581927726,0.9985,0.9181188537221827,1.574306485197325,6580,69,1997,1997,1,3,False,False,False
A1-B1-C1,A1,B1,C1,A1-B1-C1-r7,670680,7,0.643,0.214,6.64,0.243,4,2,1096,5.0,5.0,5.666666666666667,5.666666666666667,0.4714045217910317,0.4714045217910317,0.9972627737226277,0.9181188537221827,1.574306485197325,5666,69,1093,1093,1,3,False,False,False
A1-B1-C1,A1,B1,C1,A1-B1-C1-r7,670680,7,0.643,0.214,6.64,0.243,4,4,665,5.0,5.0,5.0,5.0,1e-09,1e-09,0.9954887218045113,0.9181188537221827,1.574306485197325,5169,69,662,662,1,3,False,False,False
A1-B1-C1,A1,B1,C1,A1-B1-C1-r7,670680,7,0.643,0.214,6.64,0.243,4,8,398,4.0,4.0,4.0,4.0,1e-09,1e-09,0.992462311557789,0.9181188537221827,1.574306485197325,4666,69,395,395,1,3,False,False,False
A1-B1-C1,A1,B1,C1,A1-B1-C1-r7,670680,7,0.643,0.214,6.64,0.243,4,16,265,4.0,4.0,4.0,4.0,1e-09,1e-09,0.9886792452830189,0.9181188537221827,1.574306485197325,3732,69,262,262,1,3,False,False,False
A1-B1-C1,A1,B1,C1,A1-B1-C1-r8,670777,8,0.496,0.227,5.58,0.162,5,1,2000,9.0,9.0,8.333333333333334,8.333333333333334,0.4714045217910317,0.4714045217910317,0.9955,2.1213512760641953,1.4945332930036204,5538,45,1991,1991,1,9,False,False,False
A1-B1-C1,A1,B1,C1,A1-B1-C1-r8,670777,8,0.496,0.227,5.58,0.162,5,2,1131,6.0,6.0,6.0,6.0,1e-09,1e-09,0.9920424403183024,2.1213512760641953,1.4945332930036204,4659,45,1122,1122,1,9,False,False,False
A1-B1-C1,A1,B1,C1,A1-B1-C1-r8,670777,8,0.496,0.227,5.58,0.162,5,4,676,4.0,4.0,4.333333333333333,4.333333333333333,0.4714045217910317,0.4714045217910317,0.9866863905325444,2.1213512760641953,1.4945332930036204,4161,45,667,667,1,9,False,False,False
A1-B1-C1,A1,B1,C1,A1-B1-C1-r8,670777,8,0.496,0.227,5.58,0.162,5,8,430,4.0,4.0,4.0,4.0,1e-09,1e-09,0.9790697674418605,2.1213512760641953,1.4945332930036204,3783,45,421,421,1,9,False,False,False
A1-B1-C1,A1,B1,C1,A1-B1-C1-r8,670777,8,0.496,0.227,5.58,0.162,5,16,311,4.0,4.0,4.0,4.0,1e-09,1e-09,0.9710610932475884,2.1213512760641953,1.4945332930036204,3169,45,302,302,1,9,False,False,False
A1-B1-C1,A1,B1,C1,A1-B1-C1-r9,670874,4,0.372,0.157,6.84,0.162,7,1,2000,7.0,7.0,6.666666666666667,6.666666666666667,0.4714045217910317,0.4714045217910317,0.9995,0.7639790003852603,1.3377314652094172,6751,66,1999,1999,1,1,False,False,False
A1-B1-C1,A1,B1,C1,A1-B1-C1-r9,670874,4,0.372,0.157,6.84,0.162,7,2,1104,6.0,6.0,5.666666666666667,5.666666666666667,0.4714045217910317,0.4714045217910317,0.9990942028985508,0.7639790003852603,1.3377314652094172,5845,66,1103,1103,1,1,False,False,False
A1-B1-C1,A1,B1,C1,A1-B1-C1-r9,670874,4,0.372,0.157,6.84,0.162,7,4,642,5.0,5.0,4.666666666666667,4.666666666666667,0.4714045217910317,0.4714045217910317,0.9984423676012462,0.7639790003852603,1.3377314652094172,5313,66,641,641,1,1,False,False,False
A1-B1-C1,A1,B1,C1,A1-B1-C1-r9,670874,4,0.372,0.157,6.84,0.162,7,8,403,4.0,4.0,3.3333333333333335,3.3333333333333335,0.4714045217910317,0.4714045217910317,0.9975186104218362,0.7639790003852603,1.3377314652094172,4782,66,402,402,1,1,False,False,False
A1-B1-C1,A1,B1,C1,A1-B1-C1-r9,670874,4,0.372,0.157,6.84,0.162,7,16,265,4.0,4.0,3.6666666666666665,3.6666666666666665,0.4714045217910317,0.4714045217910317,0.9962264150943396,0.7639790003852603,1.3377314652094172,3880,66,264,264,1,1,False,False,False
A1-B1-C2,A1,B1,C2,A1-B1-C2-r0,675001,4,0.56,0.332,7.24,0.164,4,1,2000,7.0,7.0,6.666666666666667,6.666666666666667,0.4714045217910317,0.4714045217910317,0.9985,0.9735917255515144,1.309753864669931,7139,90,1997,1997,1,3,False,False,False
A1-B1-C2,A1,B1,C2,A1-B1-C2-r0,675001,4,0.56,0.332,7.24,0.164,4,2,1097,5.0,5.0,5.666666666666667,5.666666666666667,0.4714045217910317,0.4714045217910317,0.9972652689152234,0.9735917255515144,1.309753864669931,6214,90,1094,1094,1,3,False,False,False
A1-B1-C2,A1,B1,C2,A1-B1-C2-r0,675001,4,0.56,0.332,7.24,0.164,4,4,621,4.0,4.0,4.666666666666667,4.666666666666667,0.4714045217910317,0.4714045217910317,0.9951690821256038,0.9735917255515144,1.309753864669931,5654,90,618,618,1,3,False,False,False
A1-B1-C2,A1,B1,C2,A1-B1-C2-r0,675001,4,0.56,0.332,7.24,0.164,4,8,401,4.0,4.0,3.6666666666666665,3.6666666666666665,0.4714045217910317,0.4714045217910317,0.9925187032418953,0.9735917255515144,1.309753864669931,5147,90,398,398,1,3,False,False,False
A1-B1-C2,A1,B1,C2,A1-B1-C2-r0,675001,4,0.56,0.332,7.24,0.164,4,16,269,4.0,4.0,3.3333333333333335,3.3333333333333335,0.4714045217910317,0.4714045217910317,0.9888475836431226,0.9735917255515144,1.309753864669931,4115,90,266,266,1,3,False,False,False
A1-B1-C2,A1,B1,C2,A1-B1-C2-r1,675098,7,0.657,0.216,5.13,0.234,4,1,2000,8.0,8.0,8.666666666666666,8.666666666666666,0.4714045217910317,0.4714045217910317,0.993,1.1368453104765097,1.357139640328272,5106,21,1986,1986,2,12,False,False,False
A1-B1-C2,A1,B1,C2,A1-B1-C2-r1,675098,7,0.657,0.216,5.13,0.234,4,2,1138,6.0,6.0,6.666666666666667,6.666666666666667,0.4714045217910317,0.4714045217910317,0.9885764499121266,1.1368453104765097,1.357139640328272,4243,21,1125,1125,1,13,False,False,False
A1-B1-C2,A1,B1,C2,A1-B1-C2-r1,675098,7,0.657,0.216,5.13,0.234,4,4,680,6.0,6.0,5.0,5.0,1e-09,1e-09,0.9808823529411764,1.1368453104765097,1.357139640328272,3745,21,667,667,1,13,False,False,False
A1-B1-C2,A1,B1,C2,A1-B1-C2-r1,675098,7,0.657,0.216,5.13,0.234,4,8,437,5.0,5.0,4.0,4.0,1e-09,1e-09,0.9702517162471396,1.1368453104765097,1.357139640328272,3371,21,424,424,1,13,False,False,False
A1-B1-C2,A1,B1,C2,A1-B1-C2-r1,675098,7,0.657,0.216,5.13,0.234,4,16,334,4.0,4.0,4.0,4.0,1e-09,1e-09,0.9610778443113772,1.1368453104765097,1.357139640328272,2885,21,321,321,1,13,False,False,False
A1-B1-C2,A1,B1,C2,A1-B1-C2-r2,675195,5,0.458,0.183,5.73,0.162,4,1,2000,7.0,7.0,8.333333333333334,8.333333333333334,0.4714045217910317,0.4714045217910317,0.9945,1.029782679910455,1.5549580853098324,5655,45,1989,1989,2,9,False,False,False
A1-B1-C2,A1,B1,C2,A1-B1-C2-r2,675195,5,0.458,0.183,5.73,0.162,4,2,1128,6.0,6.0,6.0,6.0,0.816496581927726,0.816496581927726,0.9911347517730497,1.029782679910455,1.5549580853098324,4774,45,1118,1118,1,10,False,False,False
A1-B1-C2,A1,B1,C2,A1-B1-C2-r2,675195,5,0.458,0.183,5.73,0.162,4,4,665,5.0,5.0,4.666666666666667,4.666666666666667,0.4714045217910317,0.4714045217910317,0.9849624060150376,1.029782679910455,1.5549580853098324,4266,45,655,655,1,10,False,False,False
A1-B1-C2,A1,B1,C2,A1-B1-C2-r2,675195,5,0.458,0.183,5.73,0.162,4,8,435,4.0,4.0,4.0,4.0,1e-09,1e-09,0.9770114942528736,1.029782679910455,1.5549580853098324,3886,45,425,425,1,10,False,False,False
A1-B1-C2,A1,B1,C2,A1-B1-C2-r2,675195,5,0.458,0.183,5.73,0.162,4,16,308,4.0,4.0,4.0,4.0,1e-09,1e-09,0.9675324675324676,1.029782679910455,1.5549580853098324,3259,45,298,298,1,10,False,False,False
A1-B1-C2,A1,B1,C2,A1-B1-C2-r3,675292,5,0.405,0.293,5.15,0.162,5,1,2000,8.0,8.0,9.0,9.0,0.816496581927726,0.816496581927726,0.994,1.5681619361692483,1.303923269617282,5117,21,1988,1988,1,12,False,False,False
A1-B1-C2,A1,B1,C2,A1-B1-C2-r3,675292,5,0.405,0.293,5.15,0.162,5,2,1138,6.0,6.0,6.333333333333333,6.333333333333333,0.4714045217910317,0.4714045217910317,0.9894551845342706,1.5681619361692483,1.303923269617282,4253,21,1126,1126,1,12,False,False,False
A1-B1-C2,A1,B1,C2,A1-B1-C2-r3,675292,5,0.405,0.293,5.15,0.162,5,4,688,5.0,5.0,5.0,5.0,1e-09,1e-09,0.9825581395348837,1.5681619361692483,1.303923269617282,3767,21,676,676,1,12,False,False,False
A1-B1-C2,A1,B1,C2,A1-B1-C2-r3,675292,5,0.405,0.293,5.15,0.162,5,8,460,3.0,3.0,4.666666666666667,4.666666666666667,0.4714045217910317,0.4714045217910317,0.9739130434782609,1.5681619361692483,1.303923269617282,3398,21,448,448,1,12,False,False,False
A1-B1-C2,A1,B1,C2,A1-B1-C2-r3,675292,5,0.405,0.293,5.15,0.162,5,16,343,4.0,4.0,4.0,4.0,1e-09,1e-09,0.9650145772594753,1.5681619361692483,1.303923269617282,2937,21,331,331,1,12,False,False,False
A1-B1-C2,A1,B1,C2,A1-B1-C2-r4,675389,5,0.514,0.29,5.7,0.171,6,1,2000,9.0,9.0,8.666666666666666,8.666666666666666,0.4714045217910317,0.4714045217910317,0.9945,2.0792854233264606,0.6549931353434056,5655,39,1989,1989,1,11,False,False,False
A1-B1-C2,A1,B1,C2,A1-B1-C2-r4,675389,5,0.514,0.29,5.7,0.171,6,2,1121,6.0,6.0,6.0,6.0,1e-09,1e-09,0.9901873327386262,2.0792854233264606,0.6549931353434056,4768,39,1110,1110,1,11,False,False,False
A1-B1-C2,A1,B1,C2,A1-B1-C2-r4,675389,5,0.514,0.29,5.7,0.171,6,4,683,5.0,5.0,4.333333333333333,4.333333333333333,0.4714045217910317,0.4714045217910317,0.9838945827232797,2.0792854233264606,0.6549931353434056,4274,39,672,672,1,11,False,False,False
A1-B1-C2,A1,B1,C2,A1-B1-C2-r4,675389,5,0.514,0.29,5.7,0.171,6,8,430,4.0,4.0,4.0,4.0,1e-09,1e-09,0.9744186046511628,2.0792854233264606,0.6549931353434056,3850,39,419,419,1,11,False,False,False
A1-B1-C2,A1,B1,C2,A1-B1-C2-r4,675389,5,0.514,0.29,5.7,0.171,6,16,301,4.0,4.0,4.0,4.0,1e-09,1e-09,0.9634551495016611,2.0792854233264606,0.6549931353434056,3193,39,290,290,1,11,False,False,False
A1-B1-C2,A1,B1,C2,A1-B1-C2-r5,675486,6,0.462,0.121,5.71,0.221,6,1,2000,9.0,9.0,8.666666666666666,8.666666666666666,0.4714045217910317,0.4714045217910317,0.997,0.9702939526584755,1.4466888097247435,5671,48,1994,1994,1,6,False,False,False
A1-B1-C2,A1,B1,C2,A1-B1-C2-r5,675486,6,0.462,0.121,5.71,0.221,6,2,1123,6.0,6.0,5.666666666666667,5.666666666666667,0.4714045217910317,0.4714045217910317,0.9946571682991986,0.9702939526584755,1.4466888097247435,4782,48,1117,1117,1,6,False,False,False
A1-B1-C2,A1,B1,C2,A1-B1-C2-r5,675486,6,0.462,0.121,5.71,0.221,6,4,667,5.0,5.0,5.0,5.0,1e-09,1e-09,0.9910044977511244,0.9702939526584755,1.4466888097247435,4277,48,661,661,1,6,False,False,False
A1-B1-C2,A1,B1,C2,A1-B1-C2-r5,675486,6,0.462,0.121,5.71,0.221,6,8,424,5.0,5.0,4.666666666666667,4.666666666666667,0.4714045217910317,0.4714045217910317,0.9858490566037735,0.9702939526584755,1.4466888097247435,3903,48,418,418,1,6,False,False,False
A1-B1-C2,A1,B1,C2,A1-B1-C2-r5,675486,6,0.462,0.121,5.71,0.221,6,16,302,4.0,4.0,4.0,4.0,1e-09,1e-09,0.9801324503311258,0.9702939526584755,1.4466888097247435,3230,48,296,296,1,6,False,False,False
A1-B1-C2,A1,B1,C2,A1-B1-C2-r6,675583,6,0.499,0.346,4.98,0.31,4,1,2000,10.0,10.0,10.0,10.0,1.4142135633730952,1.4142135633730952,0.9925,0.4740245758269446,1.4734921261157934,4948,30,1985,1985,1,15,False,False,False
A1-B1-C2,A1,B1,C2,A1-B1-C2-r6,675583,6,0.499,0.346,4.98,0.31,4,2,1131,7.0,7.0,7.0,7.0,1e-09,1e-09,0.986737400530504,0.4740245758269446,1.4734921261157934,4073,30,1116,1116,1,15,False,False,False
A1-B1-C2,A1,B1,C2,A1-B1-C2-r6,675583,6,0.499,0.346,4.98,0.31,4,4,687,5.0,5.0,5.0,5.0,1e-09,1e-09,0.9781659388646288,0.4740245758269446,1.4734921261157934,3588,30,672,672,1,15,False,False,False
A1-B1-C2,A1,B1,C2,A1-B1-C2-r6,675583,6,0.499,0.346,4.98,0.31,4,8,464,5.0,5.0,4.0,4.0,1e-09,1e-09,0.9676724137931034,0.4740245758269446,1.4734921261157934,3266,30,449,449,1,15,False,False,False
A1-B1-C2,A1,B1,C2,A1-B1-C2-r6,675583,6,0.499,0.346,4.98,0.31,4,16,343,4.0,4.0,4.0,4.0,1e-09,1e-09,0.956268221574344,0.4740245758269446,1.4734921261157934,2777,30,328,328,1,15,False,False,False
A1-B1-C2,A1,B1,C2,A1-B1-C2-r7,675680,7,0.382,0.198,6.13,0.196,4,1,2000,8.0,8.0,8.0,8.0,0.816496581927726,0.816496581927726,0.999,1.6167216006863354,1.5540038371978042,6076,60,1998,1998,1,2,False,False,False
A1-B1-C2,A1,B1,C2,A1-B1-C2-r7,675680,7,0.382,0.198,6.13,0.196,4,2,1125,5.0,5.0,5.666666666666667,5.666666666666667,0.4714045217910317,0.4714045217910317,0.9982222222222222,1.6167216006863354,1.5540038371978042,5193,60,1123,1123,1,2,False,False,False
A1-B1-C2,A1,B1,C2,A1-B1-C2-r7,675680,7,0.382,0.198,6.13,0.196,4,4,661,5.0,5.0,4.666666666666667,4.666666666666667,0.4714045217910317,0.4714045217910317,0.9969742813918305,1.6167216006863354,1.5540038371978042,4675,60,659,659,1,2,False,False,False
A1-B1-C2,A1,B1,C2,A1-B1-C2-r7,675680,7,0.382,0.198,6.13,0.196,4,8,405,4.0,4.0,4.0,4.0,1e-09,1e-09,0.9950617283950617,1.6167216006863354,1.5540038371978042,4227,60,403,403,1,2,False,False,False
A1-B1-C2,A1,B1,C2,A1-B1-C2-r7,675680,7,0.382,0.198,6.13,0.196,4,16,279,4.0,4.0,4.0,4.0,1e-09,1e-09,0.992831541218638,1.6167216006863354,1.5540038371978042,3457,60,277,277,1,2,False,False,False
A1-B1-C2,A1,B1,C2,A1-B1-C2-r8,675777,5,0.718,0.209,7.41,0.216,5,1,2000,7.0,7.0,6.666666666666667,6.666666666666667,0.4714045217910317,0.4714045217910317,1.0,1.851306445481388,1.425996890337333,7277,81,2000,2000,1,0,False,False,False
A1-B1-C2,A1,B1,C2,A1-B1-C2-r8,675777,5,0.718,0.209,7.41,0.216,5,2,1099,5.0,5.0,5.333333333333333,5.333333333333333,0.4714045217910317,0.4714045217910317,1.0,1.851306445481388,1.425996890337333,6359,81,1099,1099,1,0,False,False,False
A1-B1-C2,A1,B1,C2,A1-B1-C2-r8,675777,5,0.718,0.209,7.41,0.216,5,4,631,4.0,4.0,4.666666666666667,4.666666666666667,0.4714045217910317,0.4714045217910317,1.0,1.851306445481388,1.425996890337333,5811,81,631,631,1,0,False,False,False
A1-B1-C2,A1,B1,C2,A1-B1-C2-r8,675777,5,0.718,0.209,7.41,0.216,5,8,387,3.0,3.0,4.0,4.0,1e-09,1e-09,1.0,1.851306445481388,1.425996890337333,5238,81,387,387,1,0,False,False,False
A1-B1-C2,A1,B1,C2,A1-B1-C2-r8,675777,5,0.718,0.209,7.41,0.216,5,16,261,4.0,4.0,3.6666666666666665,3.6666666666666665,0.4714045217910317,0.4714045217910317,1.0,1.851306445481388,1.425996890337333,4166,81,261,261,1,0,False,False,False
A1-B1-C2,A1,B1,C2,A1-B1-C2-r9,675874,7,0.509,0.293,6.57,0.168,5,1,2000,7.0,7.0,6.666666666666667,6.666666666666667,0.4714045217910317,0.4714045217910317,0.9985,0.7586633712160491,1.2194029023339883,6493,75,1997,1997,1,3,False,False,False
A1-B1-C2,A1,B1,C2,A1-B1-C2-r9,675874,7,0.509,0.293,6.57,0.168,5,2,1111,6.0,6.0,6.0,6.0,1e-09,1e-09,0.9972997299729973,0.7586633712160491,1.2194029023339883,5587,75,1108,1108,1,3,False,False,False
A1-B1-C2,A1,B1,C2,A1-B1-C2-r9,675874,7,0.509,0.293,6.57,0.168,5,4,638,5.0,5.0,5.0,5.0,1e-09,1e-09,0.9952978056426333,0.7586633712160491,1.2194029023339883,5062,75,635,635,1,3,False,False,False
A1-B1-C2,A1,B1,C2,A1-B1-C2-r9,675874,7,0.509,0.293,6.57,0.168,5,8,414,4.0,4.0,4.0,4.0,1e-09,1e-09,0.9927536231884058,0.7586633712160491,1.2194029023339883,4582,75,411,411,1,3,False,False,False
A1-B1-C2,A1,B1,C2,A1-B1-C2-r9,675874,7,0.509,0.293,6.57,0.168,5,16,274,4.0,4.0,3.6666666666666665,3.6666666666666665,0.4714045217910317,0.4714045217910317,0.9890510948905109,0.7586633712160491,1.2194029023339883,3671,75,271,271,1,3,False,False,False
A2-B0-C0,A2,B0,C0,A2-B0-C0-r0,680001,6,0.567,0.169,6.96,0.349,4,1,2000,8.0,8.0,7.0,7.0,1e-09,1e-09,0.9995,1.5410543022217713,1.5958866918494283,6960,183,1999,1999,1,1,False,False,False
A2-B0-C0,A2,B0,C0,A2-B0-C0-r0,680001,6,0.567,0.169,6.96,0.349,4,2,1091,6.0,6.0,5.666666666666667,5.666666666666667,0.4714045217910317,0.4714045217910317,0.999083409715857,1.5410543022217713,1.5958866918494283,6009,183,1090,1090,1,1,False,False,False
A2-B0-C0,A2,B0,C0,A2-B0-C0-r0,680001,6,0.567,0.169,6.96,0.349,4,4,627,5.0,5.0,4.666666666666667,4.666666666666667,0.4714045217910317,0.4714045217910317,0.9984051036682615,1.5410543022217713,1.5958866918494283,5478,183,626,626,1,1,False,False,False
A2-B0-C0,A2,B0,C0,A2-B0-C0-r0,680001,6,0.567,0.169,6.96,0.349,4,8,401,4.0,4.0,4.0,4.0,1e-09,1e-09,0.9975062344139651,1.5410543022217713,1.5958866918494283,4985,183,400,400,1,1,False,False,False
A2-B0-C0,A2,B0,C0,A2-B0-C0-r0,680001,6,0.567,0.169,6.96,0.349,4,16,271,4.0,4.0,3.3333333333333335,3.3333333333333335,0.4714045217910317,0.4714045217910317,0.996309963099631,1.5410543022217713,1.5958866918494283,4035,183,270,270,1,1,False,False,False
A2-B0-C0,A2,B0,C0,A2-B0-C0-r1,680098,6,0.507,0.212,4.39,0.216,6,1,2000,10.0,10.0,10.666666666666666,10.666666666666666,0.4714045217910317,0.4714045217910317,0.9885,1.3952136774076924,1.3747775881544386,4390,39,1977,1977,1,23,False,False,False
A2-B0-C0,A2,B0,C0,A2-B0-C0-r1,680098,6,0.507,0.212,4.39,0.216,6,2,1163,7.0,7.0,7.0,7.0,1e-09,1e-09,0.9802235597592434,1.3952136774076924,1.3747775881544386,3541,39,1140,1140,1,23,False,False,False
A2-B0-C0,A2,B0,C0,A2-B0-C0-r1,680098,6,0.507,0.212,4.39,0.216,6,4,718,5.0,5.0,6.0,6.0,1e-09,1e-09,0.967966573816156,1.3952136774076924,1.3747775881544386,3074,39,695,695,1,23,False,False,False
A2-B0-C0,A2,B0,C0,A2-B0-C0-r1,680098,6,0.507,0.212,4.39,0.216,6,8,487,5.0,5.0,5.0,5.0,1e-09,1e-09,0.9527720739219713,1.3952136774076924,1.3747775881544386,2769,39,464,464,1,23,False,False,False
A2-B0-C0,A2,B0,C0,A2-B0-C0-r1,680098,6,0.507,0.212,4.39,0.216,6,16,359,4.0,4.0,4.0,4.0,1e-09,1e-09,0.935933147632312,1.3952136774076924,1.3747775881544386,2384,39,336,336,1,23,False,False,False
A2-B0-C0,A2,B0,C0,A2-B0-C0-r2,680195,7,0.658,0.285,7.83,0.276,6,1,2000,6.0,6.0,6.666666666666667,6.666666666666667,0.4714045217910317,0.4714045217910317,0.9995,0.9173013803619232,1.448814746793745,7830,276,1999,1999,1,1,False,False,False
A2-B0-C0,A2,B0,C0,A2-B0-C0-r2,680195,7,0.658,0.285,7.83,0.276,6,2,1079,4.0,4.0,5.0,5.0,0.816496581927726,0.816496581927726,0.9990732159406858,0.9173013803619232,1.448814746793745,6871,276,1078,1078,1,1,False,False,False
A2-B0-C0,A2,B0,C0,A2-B0-C0-r2,680195,7,0.658,0.285,7.83,0.276,6,4,628,4.0,4.0,4.333333333333333,4.333333333333333,0.4714045217910317,0.4714045217910317,0.9984076433121019,0.9173013803619232,1.448814746793745,6317,276,627,627,1,1,False,False,False
A2-B0-C0,A2,B0,C0,A2-B0-C0-r2,680195,7,0.658,0.285,7.83,0.276,6,8,392,3.0,3.0,4.0,4.0,1e-09,1e-09,0.9974489795918368,0.9173013803619232,1.448814746793745,5737,276,391,391,1,1,False,False,False
A2-B0-C0,A2,B0,C0,A2-B0-C0-r2,680195,7,0.658,0.285,7.83,0.276,6,16,262,4.0,4.0,3.6666666666666665,3.6666666666666665,0.4714045217910317,0.4714045217910317,0.9961832061068703,0.9173013803619232,1.448814746793745,4427,276,261,261,1,1,False,False,False
A2-B0-C0,A2,B0,C0,A2-B0-C0-r3,680292,5,0.313,0.315,5.7,0.175,6,1,2000,8.0,8.0,9.0,9.0,0.816496581927726,0.816496581927726,0.999,1.595109787015151,1.2912716817367071,5700,90,1998,1998,1,2,False,False,False
A2-B0-C0,A2,B0,C0,A2-B0-C0-r3,680292,5,0.313,0.315,5.7,0.175,6,2,1115,6.0,6.0,6.0,6.0,1e-09,1e-09,0.9982062780269059,1.595109787015151,1.2912716817367071,4797,90,1113,1113,1,2,False,False,False
A2-B0-C0,A2,B0,C0,A2-B0-C0-r3,680292,5,0.313,0.315,5.7,0.175,6,4,677,5.0,5.0,5.0,5.0,1e-09,1e-09,0.9970457902511078,1.595109787015151,1.2912716817367071,4322,90,675,675,1,2,False,False,False
A2-B0-C0,A2,B0,C0,A2-B0-C0-r3,680292,5,0.313,0.315,5.7,0.175,6,8,441,5.0,5.0,4.0,4.0,1e-09,1e-09,0.9954648526077098,1.595109787015151,1.2912716817367071,3910,90,439,439,1,2,False,False,False
A2-B0-C0,A2,B0,C0,A2-B0-C0-r3,680292,5,0.313,0.315,5.7,0.175,6,16,278,4.0,4.0,4.0,4.0,1e-09,1e-09,0.9928057553956835,1.595109787015151,1.2912716817367071,3245,90,276,276,1,2,False,False,False
A2-B0-C0,A2,B0,C0,A2-B0-C0-r4,680389,5,0.653,0.138,4.83,0.295,4,1,2000,9.0,9.0,9.0,9.0,0.816496581927726,0.816496581927726,0.9925,0.48219728387717026,0.9422814510160596,4830,54,1985,1985,1,15,False,False,False
A2-B0-C0,A2,B0,C0,A2-B0-C0-r4,680389,5,0.653,0.138,4.83,0.295,4,2,1141,7.0,7.0,6.666666666666667,6.666666666666667,0.4714045217910317,0.4714045217910317,0.9868536371603857,0.48219728387717026,0.9422814510160596,3965,54,1126,1126,1,15,False,False,False
A2-B0-C0,A2,B0,C0,A2-B0-C0-r4,680389,5,0.653,0.138,4.83,0.295,4,4,699,5.0,5.0,5.333333333333333,5.333333333333333,0.4714045217910317,0.4714045217910317,0.9785407725321889,0.48219728387717026,0.9422814510160596,3489,54,684,684,1,15,False,False,False
A2-B0-C0,A2,B0,C0,A2-B0-C0-r4,680389,5,0.653,0.138,4.83,0.295,4,8,456,5.0,5.0,4.666666666666667,4.666666666666667,0.4714045217910317,0.4714045217910317,0.9671052631578947,0.48219728387717026,0.9422814510160596,3120,54,441,441,1,15,False,False,False
A2-B0-C0,A2,B0,C0,A2-B0-C0-r4,680389,5,0.653,0.138,4.83,0.295,4,16,345,4.0,4.0,4.0,4.0,1e-09,1e-09,0.9565217391304348,0.48219728387717026,0.9422814510160596,2721,54,330,330,1,15,False,False,False
A2-B0-C0,A2,B0,C0,A2-B0-C0-r5,680486,7,0.369,0.321,4.11,0.293,6,1,2000,11.0,11.0,11.666666666666666,11.666666666666666,0.4714045217910317,0.4714045217910317,0.988,1.366945616456682,1.7595945659330336,4110,27,1976,1976,2,22,False,False,False
A2-B0-C0,A2,B0,C0,A2-B0-C0-r5,680486,7,0.369,0.321,4.11,0.293,6,2,1162,8.0,8.0,8.333333333333334,8.333333333333334,0.4714045217910317,0.4714045217910317,0.9802065404475043,1.366945616456682,1.7595945659330336,3265,27,1139,1139,1,23,False,False,False
A2-B0-C0,A2,B0,C0,A2-B0-C0-r5,680486,7,0.369,0.321,4.11,0.293,6,4,717,6.0,6.0,6.0,6.0,1e-09,1e-09,0.9679218967921897,1.366945616456682,1.7595945659330336,2809,27,694,694,1,23,False,False,False
A2-B0-C0,A2,B0,C0,A2-B0-C0-r5,680486,7,0.369,0.321,4.11,0.293,6,8,484,5.0,5.0,4.666666666666667,4.666666666666667,0.4714045217910317,0.4714045217910317,0.9524793388429752,1.366945616456682,1.7595945659330336,2520,27,461,461,1,23,False,False,False
A2-B0-C0,A2,B0,C0,A2-B0-C0-r5,680486,7,0.369,0.321,4.11,0.293,6,16,374,4.0,4.0,4.0,4.0,1e-09,1e-09,0.9385026737967914,1.366945616456682,1.7595945659330336,2209,27,351,351,1,23,False,False,False
A2-B0-C0,A2,B0,C0,A2-B0-C0-r6,680583,6,0.433,0.221,5.42,0.243,5,1,2000,8.0,8.0,8.0,8.0,1e-09,1e-09,0.9935,1.6161934957965807,1.5115854449389807,5420,87,1987,1987,2,11,False,False,False
A2-B0-C0,A2,B0,C0,A2-B0-C0-r6,680583,6,0.433,0.221,5.42,0.243,5,2,1115,6.0,6.0,6.333333333333333,6.333333333333333,0.9428090425820633,0.9428090425820633,0.989237668161435,1.6161934957965807,1.5115854449389807,4519,87,1103,1103,1,12,False,False,False
A2-B0-C0,A2,B0,C0,A2-B0-C0-r6,680583,6,0.433,0.221,5.42,0.243,5,4,662,4.0,4.0,5.0,5.0,1e-09,1e-09,0.9818731117824774,1.6161934957965807,1.5115854449389807,4035,87,650,650,1,12,False,False,False
A2-B0-C0,A2,B0,C0,A2-B0-C0-r6,680583,6,0.433,0.221,5.42,0.243,5,8,432,3.0,3.0,4.0,4.0,1e-09,1e-09,0.9722222222222222,1.6161934957965807,1.5115854449389807,3653,87,420,420,1,12,False,False,False
A2-B0-C0,A2,B0,C0,A2-B0-C0-r6,680583,6,0.433,0.221,5.42,0.243,5,16,320,4.0,4.0,4.0,4.0,1e-09,1e-09,0.9625,1.6161934957965807,1.5115854449389807,3082,87,308,308,1,12,False,False,False
A2-B0-C0,A2,B0,C0,A2-B0-C0-r7,680680,7,0.728,0.262,4.65,0.189,6,1,2000,10.0,10.0,10.0,10.0,0.816496581927726,0.816496581927726,0.9925,0.6848404039052184,1.3601995603751422,4650,48,1985,1985,1,15,False,False,False
A2-B0-C0,A2,B0,C0,A2-B0-C0-r7,680680,7,0.728,0.262,4.65,0.189,6,2,1145,7.0,7.0,7.0,7.0,1e-09,1e-09,0.9868995633187773,0.6848404039052184,1.3601995603751422,3784,48,1130,1130,1,15,False,False,False
A2-B0-C0,A2,B0,C0,A2-B0-C0-r7,680680,7,0.728,0.262,4.65,0.189,6,4,689,6.0,6.0,5.333333333333333,5.333333333333333,0.4714045217910317,0.4714045217910317,0.9782293178519593,0.6848404039052184,1.3601995603751422,3299,48,674,674,1,15,False,False,False
A2-B0-C0,A2,B0,C0,A2-B0-C0-r7,680680,7,0.728,0.262,4.65,0.189,6,8,461,5.0,5.0,5.0,5.0,1e-09,1e-09,0.9674620390455532,0.6848404039052184,1.3601995603751422,2972,48,446,446,1,15,False,False,False
A2-B0-C0,A2,B0,C0,A2-B0-C0-r7,680680,7,0.728,0.262,4.65,0.189,6,16,347,4.0,4.0,4.0,4.0,1e-09,1e-09,0.9567723342939481,0.6848404039052184,1.3601995603751422,2581,48,332,332,1,15,False,False,False
A2-B0-C0,A2,B0,C0,A2-B0-C0-r8,680777,7,0.431,0.139,7.6,0.267,4,1,2000,7.0,7.0,6.333333333333333,6.333333333333333,0.4714045217910317,0.4714045217910317,1.0,0.9145831101066046,1.5258937400427746,7600,180,2000,2000,1,0,False,False,False
A2-B0-C0,A2,B0,C0,A2-B0-C0-r8,680777,7,0.431,0.139,7.6,0.267,4,2,1095,5.0,5.0,6.0,6.0,1e-09,1e-09,1.0,0.9145831101066046,1.5258937400427746,6672,180,1095,1095,1,0,False,False,False
A2-B0-C0,A2,B0,C0,A2-B0-C0-r8,680777,7,0.431,0.139,7.6,0.267,4,4,634,4.0,4.0,4.666666666666667,4.666666666666667,0.4714045217910317,0.4714045217910317,1.0,0.9145831101066046,1.5258937400427746,6096,180,634,634,1,0,False,False,False
A2-B0-C0,A2,B0,C0,A2-B0-C0-r8,680777,7,0.431,0.139,7.6,0.267,4,8,390,4.0,4.0,4.0,4.0,1e-09,1e-09,1.0,0.9145831101066046,1.5258937400427746,5515,180,390,390,1,0,False,False,False
A2-B0-C0,A2,B0,C0,A2-B0-C0-r8,680777,7,0.431,0.139,7.6,0.267,4,16,253,4.0,4.0,4.0,4.0,1e-09,1e-09,1.0,0.9145831101066046,1.5258937400427746,4302,180,253,253,1,0,False,False,False
A2-B0-C0,A2,B0,C0,A2-B0-C0-r9,680874,5,0.574,0.299,7.93,0.206,6,1,2000,6.0,6.0,6.333333333333333,6.333333333333333,0.4714045217910317,0.4714045217910317,1.0,1.0174798100339748,1.5015845374793817,7930,234,2000,2000,1,0,False,False,False
A2-B0-C0,A2,B0,C0,A2-B0-C0-r9,680874,5,0.574,0.299,7.93,0.206,6,2,1085,4.0,4.0,5.0,5.0,0.816496581927726,0.816496581927726,1.0,1.0174798100339748,1.5015845374793817,6990,234,1085,1085,1,0,False,False,False
A2-B0-C0,A2,B0,C0,A2-B0-C0-r9,680874,5,0.574,0.299,7.93,0.206,6,4,619,5.0,5.0,4.0,4.0,1e-09,1e-09,1.0,1.0174798100339748,1.5015845374793817,6397,234,619,619,1,0,False,False,False
A2-B0-C0,A2,B0,C0,A2-B0-C0-r9,680874,5,0.574,0.299,7.93,0.206,6,8,368,4.0,4.0,3.6666666666666665,3.6666666666666665,0.4714045217910317,0.4714045217910317,1.0,1.0174798100339748,1.5015845374793817,5746,234,368,368,1,0,False,False,False
A2-B0-C0,A2,B0,C0,A2-B0-C0-r9,680874,5,0.574,0.299,7.93,0.206,6,16,255,4.0,4.0,3.3333333333333335,3.3333333333333335,0.4714045217910317,0.4714045217910317,1.0,1.0174798100339748,1.5015845374793817,4447,234,255,255,1,0,False,False,False
A2-B0-C1,A2,B0,C1,A2-B0-C1-r0,685001,6,0.697,0.235,4.62,0.314,5,1,2000,11.0,11.0,10.666666666666666,10.666666666666666,0.9428090425820633,0.9428090425820633,0.989,0.9101712203142848,1.224262322172878,4497,24,1978,1978,2,20,False,False,False
A2-B0-C1,A2,B0,C1,A2-B0-C1-r0,685001,6,0.697,0.235,4.62,0.314,5,2,1135,8.0,8.0,6.333333333333333,6.333333333333333,0.4714045217910317,0.4714045217910317,0.9814977973568282,0.9101712203142848,1.224262322172878,3626,24,1114,1114,1,21,False,False,False
A2-B0-C1,A2,B0,C1,A2-B0-C1-r0,685001,6,0.697,0.235,4.62,0.314,5,4,705,6.0,6.0,5.666666666666667,5.666666666666667,0.4714045217910317,0.4714045217910317,0.9702127659574468,0.9101712203142848,1.224262322172878,3183,24,684,684,1,21,False,False,False
A2-B0-C1,A2,B0,C1,A2-B0-C1-r0,685001,6,0.697,0.235,4.62,0.314,5,8,465,5.0,5.0,4.666666666666667,4.666666666666667,0.4714045217910317,0.4714045217910317,0.9548387096774194,0.9101712203142848,1.224262322172878,2869,24,444,444,1,21,False,False,False
A2-B0-C1,A2,B0,C1,A2-B0-C1-r0,685001,6,0.697,0.235,4.62,0.314,5,16,364,4.0,4.0,4.0,4.0,1e-09,1e-09,0.9423076923076923,0.9101712203142848,1.224262322172878,2467,24,343,343,1,21,False,False,False
A2-B0-C1,A2,B0,C1,A2-B0-C1-r1,685098,5,0.775,0.268,4.36,0.322,5,1,2000,10.0,10.0,10.666666666666666,10.666666666666666,0.9428090425820633,0.9428090425820633,0.982,0.7983513062099706,1.2934693914759356,4289,24,1964,1964,2,34,False,False,False
A2-B0-C1,A2,B0,C1,A2-B0-C1-r1,685098,5,0.775,0.268,4.36,0.322,5,2,1165,7.0,7.0,7.333333333333333,7.333333333333333,0.4714045217910317,0.4714045217910317,0.9699570815450643,0.7983513062099706,1.2934693914759356,3452,24,1130,1130,1,35,False,False,False
A2-B0-C1,A2,B0,C1,A2-B0-C1-r1,685098,5,0.775,0.268,4.36,0.322,5,4,729,6.0,6.0,5.333333333333333,5.333333333333333,0.4714045217910317,0.4714045217910317,0.9519890260631001,0.7983513062099706,1.2934693914759356,2979,24,694,694,1,35,False,False,False
A2-B0-C1,A2,B0,C1,A2-B0-C1-r1,685098,5,0.775,0.268,4.36,0.322,5,8,505,5.0,5.0,5.0,5.0,1e-09,1e-09,0.9306930693069307,0.7983513062099706,1.2934693914759356,2691,24,470,470,1,35,False,False,False
A2-B0-C1,A2,B0,C1,A2-B0-C1-r1,685098,5,0.775,0.268,4.36,0.322,5,16,361,4.0,4.0,4.0,4.0,1e-09,1e-09,0.9030470914127424,0.7983513062099706,1.2934693914759356,2309,24,326,326,1,35,False,False,False
A2-B0-C1,A2,B0,C1,A2-B0-C1-r2,685195,6,0.655,0.287,4.14,0.325,4,1,2000,10.0,10.0,11.333333333333334,11.333333333333334,0.4714045217910317,0.4714045217910317,0.9815,0.6178606172676344,1.50122389774202,4022,12,1963,1963,2,35,False,False,False
A2-B0-C1,A2,B0,C1,A2-B0-C1-r2,685195,6,0.655,0.287,4.14,0.325,4,2,1168,8.0,8.0,7.0,7.0,1e-09,1e-09,0.9691780821917808,0.6178606172676344,1.50122389774202,3186,12,1132,1132,1,36,False,False,False
A2-B0-C1,A2,B0,C1,A2-B0-C1-r2,685195,6,0.655,0.287,4.14,0.325,4,4,724,6.0,6.0,6.0,6.0,1e-09,1e-09,0.9502762430939227,0.6178606172676344,1.50122389774202,2723,12,688,688,1,36,False,False,False
A2-B0-C1,A2,B0,C1,A2-B0-C1-r2,685195,6,0.655,0.287,4.14,0.325,4,8,510,5.0,5.0,5.0,5.0,1e-09,1e-09,0.9294117647058824,0.6178606172676344,1.50122389774202,2443,12,474,474,1,36,False,False,False
A2-B0-C1,A2,B0,C1,A2-B0-C1-r2,685195,6,0.655,0.287,4.14,0.325,4,16,361,4.0,4.0,4.0,4.0,1e-09,1e-09,0.9002770083102493,0.6178606172676344,1.50122389774202,2097,12,325,325,1,36,False,False,False
A2-B0-C1,A2,B0,C1,A2-B0-C1-r3,685292,7,0.444,0.251,4.24,0.348,6,1,2000,11.0,11.0,11.333333333333334,11.333333333333334,0.4714045217910317,0.4714045217910317,0.9845,0.9146331636726218,1.5016155504199442,4093,21,1969,1969,2,29,False,False,False
A2-B0-C1,A2,B0,C1,A2-B0-C1-r3,685292,7,0.444,0.251,4.24,0.348,6,2,1164,8.0,8.0,7.333333333333333,7.333333333333333,0.4714045217910317,0.4714045217910317,0.9742268041237113,0.9146331636726218,1.5016155504199442,3249,21,1134,1134,1,30,False,False,False
A2-B0-C1,A2,B0,C1,A2-B0-C1-r3,685292,7,0.444,0.251,4.24,0.348,6,4,726,5.0,5.0,5.666666666666667,5.666666666666667,0.4714045217910317,0.4714045217910317,0.9586776859504132,0.9146331636726218,1.5016155504199442,2794,21,696,696,1,30,False,False,False
A2-B0-C1,A2,B0,C1,A2-B0-C1-r3,685292,7,0.444,0.251,4.24,0.348,6,8,476,5.0,5.0,5.0,5.0,1e-09,1e-09,0.9369747899159664,0.9146331636726218,1.5016155504199442,2485,21,446,446,1,30,False,False,False
A2-B0-C1,A2,B0,C1,A2-B0-C1-r3,685292,7,0.444,0.251,4.24,0.348,6,16,355,4.0,4.0,4.0,4.0,1e-09,1e-09,0.9154929577464789,0.9146331636726218,1.5016155504199442,2151,21,325,325,1,30,False,False,False
A2-B0-C1,A2,B0,C1,A2-B0-C1-r4,685389,7,0.335,0.199,6.38,0.264,7,1,2000,7.0,7.0,8.0,8.0,1e-09,1e-09,0.9985,1.1112681511639755,1.2341483009740801,6060,66,1997,1997,1,3,False,False,False
A2-B0-C1,A2,B0,C1,A2-B0-C1-r4,685389,7,0.335,0.199,6.38,0.264,7,2,1112,6.0,6.0,6.0,6.0,0.816496581927726,0.816496581927726,0.9973021582733813,1.1112681511639755,1.2341483009740801,5159,66,1109,1109,1,3,False,False,False
A2-B0-C1,A2,B0,C1,A2-B0-C1-r4,685389,7,0.335,0.199,6.38,0.264,7,4,659,4.0,4.0,5.0,5.0,1e-09,1e-09,0.9954476479514416,1.1112681511639755,1.2341483009740801,4656,66,656,656,1,3,False,False,False
A2-B0-C1,A2,B0,C1,A2-B0-C1-r4,685389,7,0.335,0.199,6.38,0.264,7,8,430,4.0,4.0,4.0,4.0,1e-09,1e-09,0.9930232558139535,1.1112681511639755,1.2341483009740801,4214,66,427,427,1,3,False,False,False
A2-B0-C1,A2,B0,C1,A2-B0-C1-r4,685389,7,0.335,0.199,6.38,0.264,7,16,305,4.0,4.0,4.0,4.0,1e-09,1e-09,0.9901639344262295,1.1112681511639755,1.2341483009740801,3471,66,302,302,1,3,False,False,False
A2-B0-C1,A2,B0,C1,A2-B0-C1-r5,685486,5,0.789,0.111,6.42,0.291,5,1,2000,8.0,8.0,7.0,7.0,1e-09,1e-09,0.9985,0.26321649253671603,1.209779513279659,6310,57,1997,1997,1,3,False,False,False
A2-B0-C1,A2,B0,C1,A2-B0-C1-r5,685486,5,0.789,0.111,6.42,0.291,5,2,1110,5.0,5.0,5.666666666666667,5.666666666666667,0.4714045217910317,0.4714045217910317,0.9972972972972973,0.26321649253671603,1.209779513279659,5414,57,1107,1107,1,3,False,False,False
A2-B0-C1,A2,B0,C1,A2-B0-C1-r5,685486,5,0.789,0.111,6.42,0.291,5,4,654,5.0,5.0,4.666666666666667,4.666666666666667,0.4714045217910317,0.4714045217910317,0.9954128440366973,0.26321649253671603,1.209779513279659,4885,57,651,651,1,3,False,False,False
A2-B0-C1,A2,B0,C1,A2-B0-C1-r5,685486,5,0.789,0.111,6.42,0.291,5,8,414,4.0,4.0,4.0,4.0,1e-09,1e-09,0.9927536231884058,0.26321649253671603,1.209779513279659,4430,57,411,411,1,3,False,False,False
A2-B0-C1,A2,B0,C1,A2-B0-C1-r5,685486,5,0.789,0.111,6.42,0.291,5,16,296,4.0,4.0,3.6666666666666665,3.6666666666666665,0.4714045217910317,0.4714045217910317,0.9898648648648649,0.26321649253671603,1.209779513279659,3638,57,293,293,1,3,False,False,False
A2-B0-C1,A2,B0,C1,A2-B0-C1-r6,685583,7,0.695,0.133,4.99,0.177,6,1,2000,9.0,9.0,9.0,9.0,0.816496581927726,0.816496581927726,0.9915,0.39528437160910807,1.3360598242722914,4897,45,1983,1983,1,17,False,False,False
A2-B0-C1,A2,B0,C1,A2-B0-C1-r6,685583,7,0.695,0.133,4.99,0.177,6,2,1146,7.0,7.0,7.333333333333333,7.333333333333333,0.4714045217910317,0.4714045217910317,0.9851657940663177,0.39528437160910807,1.3360598242722914,4035,45,1129,1129,1,17,False,False,False
A2-B0-C1,A2,B0,C1,A2-B0-C1-r6,685583,7,0.695,0.133,4.99,0.177,6,4,687,5.0,5.0,5.333333333333333,5.333333333333333,0.4714045217910317,0.4714045217910317,0.975254730713246,0.39528437160910807,1.3360598242722914,3527,45,670,670,1,17,False,False,False
A2-B0-C1,A2,B0,C1,A2-B0-C1-r6,685583,7,0.695,0.133,4.99,0.177,6,8,470,3.0,3.0,4.666666666666667,4.666666666666667,0.4714045217910317,0.4714045217910317,0.9638297872340426,0.39528437160910807,1.3360598242722914,3209,45,453,453,1,17,False,False,False
A2-B0-C1,A2,B0,C1,A2-B0-C1-r6,685583,7,0.695,0.133,4.99,0.177,6,16,338,4.0,4.0,4.0,4.0,1e-09,1e-09,0.9497041420118343,0.39528437160910807,1.3360598242722914,2757,45,321,321,1,17,False,False,False
A2-B0-C1,A2,B0,C1,A2-B0-C1-r7,685680,7,0.697,0.2,6.08,0.321,6,1,2000,8.0,8.0,7.333333333333333,7.333333333333333,0.4714045217910317,0.4714045217910317,0.9955,0.4540769082175497,1.6223859427710636,5936,63,1991,1991,1,9,False,False,False
A2-B0-C1,A2,B0,C1,A2-B0-C1-r7,685680,7,0.697,0.2,6.08,0.321,6,2,1124,5.0,5.0,6.0,6.0,1e-09,1e-09,0.9919928825622776,0.4540769082175497,1.6223859427710636,5048,63,1115,1115,1,9,False,False,False
A2-B0-C1,A2,B0,C1,A2-B0-C1-r7,685680,7,0.697,0.2,6.08,0.321,6,4,655,4.0,4.0,4.666666666666667,4.666666666666667,0.4714045217910317,0.4714045217910317,0.9862595419847329,0.4540769082175497,1.6223859427710636,4530,63,646,646,1,9,False,False,False
A2-B0-C1,A2,B0,C1,A2-B0-C1-r7,685680,7,0.697,0.2,6.08,0.321,6,8,442,4.0,4.0,3.6666666666666665,3.6666666666666665,0.4714045217910317,0.4714045217910317,0.9796380090497737,0.4540769082175497,1.6223859427710636,4120,63,433,433,1,9,False,False,False
A2-B0-C1,A2,B0,C1,A2-B0-C1-r7,685680,7,0.697,0.2,6.08,0.321,6,16,295,4.0,4.0,4.0,4.0,1e-09,1e-09,0.9694915254237289,0.4540769082175497,1.6223859427710636,3405,63,286,286,1,9,False,False,False
A2-B0-C1,A2,B0,C1,A2-B0-C1-r8,685777,5,0.672,0.12,6.19,0.229,5,1,2000,8.0,8.0,7.333333333333333,7.333333333333333,0.4714045217910317,0.4714045217910317,0.998,0.2512351178567816,1.7428742823621182,6084,48,1996,1996,1,4,False,False,False
A2-B0-C1,A2,B0,C1,A2-B0-C1-r8,685777,5,0.672,0.12,6.19,0.229,5,2,1112,6.0,6.0,6.0,6.0,1e-09,1e-09,0.9964028776978417,0.2512351178567816,1.7428742823621182,5184,48,1108,1108,1,4,False,False,False
A2-B0-C1,A2,B0,C1,A2-B0-C1-r8,685777,5,0.672,0.12,6.19,0.229,5,4,663,5.0,5.0,5.0,5.0,1e-09,1e-09,0.9939668174962293,0.2512351178567816,1.7428742823621182,4670,48,659,659,1,4,False,False,False
A2-B0-C1,A2,B0,C1,A2-B0-C1-r8,685777,5,0.672,0.12,6.19,0.229,5,8,427,4.0,4.0,4.0,4.0,1e-09,1e-09,0.990632318501171,0.2512351178567816,1.7428742823621182,4237,48,423,423,1,4,False,False,False
A2-B0-C1,A2,B0,C1,A2-B0-C1-r8,685777,5,0.672,0.12,6.19,0.229,5,16,282,4.0,4.0,4.0,4.0,1e-09,1e-09,0.9858156028368794,0.2512351178567816,1.7428742823621182,3493,48,278,278,1,4,False,False,False
A2-B0-C1,A2,B0,C1,A2-B0-C1-r9,685874,4,0.454,0.31,6.26,0.209,5,1,2000,7.0,7.0,7.666666666666667,7.666666666666667,0.4714045217910317,0.4714045217910317,0.9985,0.6976858636057345,1.2473602822940275,6084,51,1997,1997,1,3,False,False,False
A2-B0-C1,A2,B0,C1,A2-B0-C1-r9,685874,4,0.454,0.31,6.26,0.209,5,2,1117,6.0,6.0,5.666666666666667,5.666666666666667,0.4714045217910317,0.4714045217910317,0.9973142345568488,0.6976858636057345,1.2473602822940275,5190,51,1114,1114,1,3,False,False,False
A2-B0-C1,A2,B0,C1,A2-B0-C1-r9,685874,4,0.454,0.31,6.26,0.209,5,4,656,5.0,5.0,4.666666666666667,4.666666666666667,0.4714045217910317,0.4714045217910317,0.9954268292682927,0.6976858636057345,1.2473602822940275,4662,51,653,653,1,3,False,False,False
A2-B0-C1,A2,B0,C1,A2-B0-C1-r9,685874,4,0.454,0.31,6.26,0.209,5,8,431,4.0,4.0,4.333333333333333,4.333333333333333,0.4714045217910317,0.4714045217910317,0.9930394431554525,0.6976858636057345,1.2473602822940275,4255,51,428,428,1,3,False,False,False
A2-B0-C1,A2,B0,C1,A2-B0-C1-r9,685874,4,0.454,0.31,6.26,0.209,5,16,300,4.0,4.0,3.3333333333333335,3.3333333333333335,0.4714045217910317,0.4714045217910317,0.99,0.6976858636057345,1.2473602822940275,3515,51,297,297,1,3,False,False,False
A2-B0-C2,A2,B0,C2,A2-B0-C2-r0,690001,4,0.396,0.27,5.5,0.193,5,1,2000,16.0,16.0,14.0,14.0,0.816496581927726,0.816496581927726,0.973,0.6002633439787409,1.2721061886450176,3358,54,1946,1946,4,47,False,False,False
A2-B0-C2,A2,B0,C2,A2-B0-C2-r0,690001,4,0.396,0.27,5.5,0.193,5,2,1165,10.0,10.0,9.0,9.0,1e-09,1e-09,0.9562231759656652,0.6002633439787409,1.2721061886450176,2515,54,1114,1114,2,49,False,False,False
A2-B0-C2,A2,B0,C2,A2-B0-C2-r0,690001,4,0.396,0.27,5.5,0.193,5,4,736,6.0,6.0,6.666666666666667,6.666666666666667,0.4714045217910317,0.4714045217910317,0.9320652173913043,0.6002633439787409,1.2721061886450176,2066,54,686,686,1,50,False,False,False
A2-B0-C2,A2,B0,C2,A2-B0-C2-r0,690001,4,0.396,0.27,5.5,0.193,5,8,507,6.0,6.0,5.0,5.0,1e-09,1e-09,0.9013806706114399,0.6002633439787409,1.2721061886450176,1806,54,457,457,1,50,False,False,False
A2-B0-C2,A2,B0,C2,A2-B0-C2-r0,690001,4,0.396,0.27,5.5,0.193,5,16,396,4.0,4.0,4.0,4.0,1e-09,1e-09,0.8737373737373737,0.6002633439787409,1.2721061886450176,1613,54,346,346,1,50,False,False,False
A2-B0-C2,A2,B0,C2,A2-B0-C2-r1,690098,8,0.368,0.285,7.92,0.346,6,1,2000,13.0,13.0,12.0,12.0,0.816496581927726,0.816496581927726,0.963,1.131183028317365,1.536725184129807,3842,81,1926,1926,7,62,False,False,False
A2-B0-C2,A2,B0,C2,A2-B0-C2-r1,690098,8,0.368,0.285,7.92,0.346,6,2,1180,9.0,9.0,8.333333333333334,8.333333333333334,0.4714045217910317,0.4714045217910317,0.9423728813559322,1.131183028317365,1.536725184129807,3003,81,1112,1112,1,68,False,False,False
A2-B0-C2,A2,B0,C2,A2-B0-C2-r1,690098,8,0.368,0.285,7.92,0.346,6,4,747,6.0,6.0,6.0,6.0,1e-09,1e-09,0.9089692101740294,1.131183028317365,1.536725184129807,2556,81,679,679,1,68,False,False,False
A2-B0-C2,A2,B0,C2,A2-B0-C2-r1,690098,8,0.368,0.285,7.92,0.346,6,8,505,5.0,5.0,5.0,5.0,1e-09,1e-09,0.8653465346534653,1.131183028317365,1.536725184129807,2262,81,437,437,1,68,False,False,False
A2-B0-C2,A2,B0,C2,A2-B0-C2-r1,690098,8,0.368,0.285,7.92,0.346,6,16,376,4.0,4.0,4.0,4.0,1e-09,1e-09,0.8191489361702128,1.131183028317365,1.536725184129807,1957,81,308,308,1,68,False,False,False
A2-B0-C2,A2,B0,C2,A2-B0-C2-r2,690195,5,0.453,0.306,6.98,0.198,4,1,2000,20.0,20.0,14.333333333333334,20.666666666666668,9.428090416820634,0.4714045217910317,0.827,0.8201319871960263,1.3869865289247698,2298,99,1654,1654,24,279,False,False,True
A2-B0-C2,A2,B0,C2,A2-B0-C2-r2,690195,5,0.453,0.306,6.98,0.198,4,2,1303,15.0,15.0,14.333333333333334,14.333333333333334,0.4714045217910317,0.4714045217910317,0.7544128933231006,0.8201319871960263,1.3869865289247698,1573,99,983,983,14,289,False,False,False
A2-B0-C2,A2,B0,C2,A2-B0-C2-r2,690195,5,0.453,0.306,6.98,0.198,4,4,913,9.0,9.0,10.0,10.0,0.816496581927726,0.816496581927726,0.6659364731653888,0.8201319871960263,1.3869865289247698,1180,99,608,608,4,299,False,False,False
A2-B0-C2,A2,B0,C2,A2-B0-C2-r2,690195,5,0.453,0.306,6.98,0.198,4,8,706,7.0,7.0,6.0,6.0,1e-09,1e-09,0.5722379603399433,0.8201319871960263,1.3869865289247698,958,99,404,404,1,302,False,False,False
A2-B0-C2,A2,B0,C2,A2-B0-C2-r2,690195,5,0.453,0.306,6.98,0.198,4,16,588,5.0,5.0,5.0,5.0,1e-09,1e-09,0.48639455782312924,0.8201319871960263,1.3869865289247698,814,99,286,286,1,302,False,False,False
A2-B0-C2,A2,B0,C2,A2-B0-C2-r3,690292,4,0.678,0.104,4.92,0.167,5,1,2000,14.0,14.0,13.0,13.0,0.816496581927726,0.816496581927726,0.977,0.2900544398280359,1.5115150532013697,3436,21,1954,1954,2,44,False,False,False
A2-B0-C2,A2,B0,C2,A2-B0-C2-r3,690292,4,0.678,0.104,4.92,0.167,5,2,1179,9.0,9.0,8.666666666666666,8.666666666666666,0.4714045217910317,0.4714045217910317,0.9618320610687023,0.2900544398280359,1.5115150532013697,2612,21,1134,1134,1,45,False,False,False
A2-B0-C2,A2,B0,C2,A2-B0-C2-r3,690292,4,0.678,0.104,4.92,0.167,5,4,716,7.0,7.0,6.0,6.0,1e-09,1e-09,0.9371508379888268,0.2900544398280359,1.5115150532013697,2142,21,671,671,1,45,False,False,False
A2-B0-C2,A2,B0,C2,A2-B0-C2-r3,690292,4,0.678,0.104,4.92,0.167,5,8,481,5.0,5.0,5.333333333333333,5.333333333333333,0.4714045217910317,0.4714045217910317,0.9064449064449065,0.2900544398280359,1.5115150532013697,1877,21,436,436,1,45,False,False,False
A2-B0-C2,A2,B0,C2,A2-B0-C2-r3,690292,4,0.678,0.104,4.92,0.167,5,16,346,4.0,4.0,4.666666666666667,4.666666666666667,0.4714045217910317,0.4714045217910317,0.869942196531792,0.2900544398280359,1.5115150532013697,1631,21,301,301,1,45,False,False,False
A2-B0-C2,A2,B0,C2,A2-B0-C2-r4,690389,5,0.629,0.121,7.53,0.252,5,1,2000,13.0,13.0,14.333333333333334,14.333333333333334,1.2472191299246471,1.2472191299246471,0.92,0.2946631760783806,1.4560515925055872,3148,105,1840,1840,11,131,False,False,False
A2-B0-C2,A2,B0,C2,A2-B0-C2-r4,690389,5,0.629,0.121,7.53,0.252,5,2,1211,10.0,10.0,9.666666666666666,9.666666666666666,0.4714045217910317,0.4714045217910317,0.8777869529314616,0.2946631760783806,1.4560515925055872,2324,105,1063,1063,7,135,False,False,False
A2-B0-C2,A2,B0,C2,A2-B0-C2-r4,690389,5,0.629,0.121,7.53,0.252,5,4,806,7.0,7.0,6.666666666666667,6.666666666666667,0.4714045217910317,0.4714045217910317,0.8238213399503722,0.2946631760783806,1.4560515925055872,1917,105,664,664,2,140,False,False,False
A2-B0-C2,A2,B0,C2,A2-B0-C2-r4,690389,5,0.629,0.121,7.53,0.252,5,8,560,5.0,5.0,5.0,5.0,1e-09,1e-09,0.7482142857142857,0.2946631760783806,1.4560515925055872,1639,105,419,419,1,141,False,False,False
A2-B0-C2,A2,B0,C2,A2-B0-C2-r4,690389,5,0.629,0.121,7.53,0.252,5,16,436,5.0,5.0,4.666666666666667,4.666666666666667,0.4714045217910317,0.4714045217910317,0.676605504587156,0.2946631760783806,1.4560515925055872,1432,105,295,295,1,141,False,False,False
A2-B0-C2,A2,B0,C2,A2-B0-C2-r5,690486,5,0.635,0.327,5.76,0.259,7,1,2000,11.0,11.0,9.333333333333334,9.333333333333334,0.4714045217910317,0.4714045217910317,0.9945,0.6180487003901266,1.5108408090431196,4799,63,1989,1989,1,11,False,False,False
A2-B0-C2,A2,B0,C2,A2-B0-C2-r5,690486,5,0.635,0.327,5.76,0.259,7,2,1128,7.0,7.0,6.0,6.0,1e-09,1e-09,0.9902482269503546,0.6180487003901266,1.5108408090431196,3916,63,1117,1117,1,11,False,False,False
A2-B0-C2,A2,B0,C2,A2-B0-C2-r5,690486,5,0.635,0.327,5.76,0.259,7,4,673,5.0,5.0,5.333333333333333,5.333333333333333,0.4714045217910317,0.4714045217910317,0.9836552748885586,0.6180487003901266,1.5108408090431196,3436,63,662,662,1,11,False,False,False
A2-B0-C2,A2,B0,C2,A2-B0-C2-r5,690486,5,0.635,0.327,5.76,0.259,7,8,425,5.0,5.0,4.666666666666667,4.666666666666667,0.4714045217910317,0.4714045217910317,0.9741176470588235,0.6180487003901266,1.5108408090431196,3085,63,414,414,1,11,False,False,False
A2-B0-C2,A2,B0,C2,A2-B0-C2-r5,690486,5,0.635,0.327,5.76,0.259,7,16,313,4.0,4.0,4.0,4.0,1e-09,1e-09,0.9648562300319489,0.6180487003901266,1.5108408090431196,2644,63,302,302,1,11,False,False,False
A2-B0-C2,A2,B0,C2,A2-B0-C2-r6,690583,5,0.459,0.302,7.05,0.249,7,1,2000,11.0,11.0,10.0,10.0,0.816496581927726,0.816496581927726,0.9925,0.7109021921860841,1.186971139105926,4906,81,1985,1985,1,15,False,False,False
A2-B0-C2,A2,B0,C2,A2-B0-C2-r6,690583,5,0.459,0.302,7.05,0.249,7,2,1124,7.0,7.0,7.0,7.0,1e-09,1e-09,0.9866548042704626,0.7109021921860841,1.186971139105926,4013,81,1109,1109,1,15,False,False,False
A2-B0-C2,A2,B0,C2,A2-B0-C2-r6,690583,5,0.459,0.302,7.05,0.249,7,4,685,5.0,5.0,5.0,5.0,1e-09,1e-09,0.9781021897810219,0.7109021921860841,1.186971139105926,3538,81,670,670,1,15,False,False,False
A2-B0-C2,A2,B0,C2,A2-B0-C2-r6,690583,5,0.459,0.302,7.05,0.249,7,8,438,5.0,5.0,5.0,5.0,1e-09,1e-09,0.9657534246575342,0.7109021921860841,1.186971139105926,3197,81,423,423,1,15,False,False,False
A2-B0-C2,A2,B0,C2,A2-B0-C2-r6,690583,5,0.459,0.302,7.05,0.249,7,16,311,4.0,4.0,4.0,4.0,1e-09,1e-09,0.9517684887459807,0.7109021921860841,1.186971139105926,2728,81,296,296,1,15,False,False,False
A2-B0-C2,A2,B0,C2,A2-B0-C2-r7,690680,5,0.758,0.329,6.45,0.258,6,1,2000,11.0,11.0,10.666666666666666,10.666666666666666,0.9428090425820633,0.9428090425820633,0.981,0.7810995890441341,1.3599008484848412,4152,60,1962,1962,6,28,False,False,False
A2-B0-C2,A2,B0,C2,A2-B0-C2-r7,690680,5,0.758,0.329,6.45,0.258,6,2,1154,8.0,8.0,7.333333333333333,7.333333333333333,0.4714045217910317,0.4714045217910317,0.9714038128249567,0.7810995890441341,1.3599008484848412,3290,60,1121,1121,1,33,False,False,False
A2-B0-C2,A2,B0,C2,A2-B0-C2-r7,690680,5,0.758,0.329,6.45,0.258,6,4,681,6.0,6.0,6.333333333333333,6.333333333333333,0.4714045217910317,0.4714045217910317,0.9515418502202643,0.7810995890441341,1.3599008484848412,2806,60,648,648,1,33,False,False,False
A2-B0-C2,A2,B0,C2,A2-B0-C2-r7,690680,5,0.758,0.329,6.45,0.258,6,8,473,5.0,5.0,5.0,5.0,1e-09,1e-09,0.9302325581395349,0.7810995890441341,1.3599008484848412,2539,60,440,440,1,33,False,False,False
A2-B0-C2,A2,B0,C2,A2-B0-C2-r7,690680,5,0.758,0.329,6.45,0.258,6,16,352,4.0,4.0,4.0,4.0,1e-09,1e-09,0.90625,0.7810995890441341,1.3599008484848412,2200,60,319,319,1,33,False,False,False
A2-B0-C2,A2,B0,C2,A2-B0-C2-r8,690777,5,0.687,0.192,6.4,0.162,7,1,2000,9.0,9.0,8.666666666666666,8.666666666666666,0.4714045217910317,0.4714045217910317,0.995,0.40610869500893537,1.4367808420988537,5020,57,1990,1990,1,10,False,False,False
A2-B0-C2,A2,B0,C2,A2-B0-C2-r8,690777,5,0.687,0.192,6.4,0.162,7,2,1123,6.0,6.0,6.666666666666667,6.666666666666667,0.4714045217910317,0.4714045217910317,0.9910952804986642,0.40610869500893537,1.4367808420988537,4135,57,1113,1113,1,10,False,False,False
A2-B0-C2,A2,B0,C2,A2-B0-C2-r8,690777,5,0.687,0.192,6.4,0.162,7,4,644,5.0,5.0,5.333333333333333,5.333333333333333,0.4714045217910317,0.4714045217910317,0.984472049689441,0.40610869500893537,1.4367808420988537,3620,57,634,634,1,10,False,False,False
A2-B0-C2,A2,B0,C2,A2-B0-C2-r8,690777,5,0.687,0.192,6.4,0.162,7,8,406,5.0,5.0,4.333333333333333,4.333333333333333,0.4714045217910317,0.4714045217910317,0.9753694581280788,0.40610869500893537,1.4367808420988537,3286,57,396,396,1,10,False,False,False
A2-B0-C2,A2,B0,C2,A2-B0-C2-r8,690777,5,0.687,0.192,6.4,0.162,7,16,291,4.0,4.0,4.0,4.0,1e-09,1e-09,0.9656357388316151,0.40610869500893537,1.4367808420988537,2777,57,281,281,1,10,False,False,False
A2-B0-C2,A2,B0,C2,A2-B0-C2-r9,690874,6,0.454,0.346,6.28,0.197,5,1,2000,14.0,14.0,9.666666666666666,13.666666666666666,6.128258771283411,0.4714045217910317,0.949,1.174917765009748,1.850622329123254,3242,81,1898,1898,8,85,False,False,True
A2-B0-C2,A2,B0,C2,A2-B0-C2-r9,690874,6,0.454,0.346,6.28,0.197,5,2,1198,9.0,9.0,9.333333333333334,9.333333333333334,0.9428090425820633,0.9428090425820633,0.9207011686143572,1.174917765009748,1.850622329123254,2420,81,1103,1103,4,89,False,False,False
A2-B0-C2,A2,B0,C2,A2-B0-C2-r9,690874,6,0.454,0.346,6.28,0.197,5,4,747,8.0,8.0,6.666666666666667,6.666666666666667,0.9428090425820633,0.9428090425820633,0.8768406961178046,1.174917765009748,1.850622329123254,1959,81,655,655,1,92,False,False,False
A2-B0-C2,A2,B0,C2,A2-B0-C2-r9,690874,6,0.454,0.346,6.28,0.197,5,8,541,5.0,5.0,5.0,5.0,1e-09,1e-09,0.8299445471349353,1.174917765009748,1.850622329123254,1721,81,449,449,1,92,False,False,False
A2-B0-C2,A2,B0,C2,A2-B0-C2-r9,690874,6,0.454,0.346,6.28,0.197,5,16,415,4.0,4.0,4.666666666666667,4.666666666666667,0.4714045217910317,0.4714045217910317,0.7783132530120482,1.174917765009748,1.850622329123254,1507,81,323,323,1,92,False,False,False
A2-B1-C0,A2,B1,C0,A2-B1-C0-r0,695001,5,0.468,0.209,7.71,0.332,4,1,2000,6.0,6.0,6.666666666666667,6.666666666666667,0.4714045217910317,0.4714045217910317,0.9995,1.6760481461390004,1.5017177140956897,7710,201,1999,1999,1,1,False,False,False
A2-B1-C0,A2,B1,C0,A2-B1-C0-r0,695001,5,0.468,0.209,7.71,0.332,4,2,1091,5.0,5.0,5.333333333333333,5.333333333333333,0.4714045217910317,0.4714045217910317,0.999083409715857,1.6760481461390004,1.5017177140956897,6763,201,1090,1090,1,1,False,False,False
A2-B1-C0,A2,B1,C0,A2-B1-C0-r0,695001,5,0.468,0.209,7.71,0.332,4,4,638,4.0,4.0,4.333333333333333,4.333333333333333,0.4714045217910317,0.4714045217910317,0.9984326018808778,1.6760481461390004,1.5017177140956897,6224,201,637,637,1,1,False,False,False
A2-B1-C0,A2,B1,C0,A2-B1-C0-r0,695001,5,0.468,0.209,7.71,0.332,4,8,386,3.0,3.0,4.0,4.0,1e-09,1e-09,0.9974093264248705,1.6760481461390004,1.5017177140956897,5608,201,385,385,1,1,False,False,False
A2-B1-C0,A2,B1,C0,A2-B1-C0-r0,695001,5,0.468,0.209,7.71,0.332,4,16,260,3.0,3.0,3.0,3.0,1e-09,1e-09,0.9961538461538462,1.6760481461390004,1.5017177140956897,4393,201,259,259,1,1,False,False,False
A2-B1-C0,A2,B1,C0,A2-B1-C0-r1,695098,7,0.499,0.166,5.34,0.189,4,1,2000,10.0,10.0,8.666666666666666,8.666666666666666,0.4714045217910317,0.4714045217910317,0.995,1.8265362424739295,1.2481452449489359,5340,72,1990,1990,1,10,False,False,False
A2-B1-C0,A2,B1,C0,A2-B1-C0-r1,695098,7,0.499,0.166,5.34,0.189,4,2,1129,6.0,6.0,5.666666666666667,5.666666666666667,0.4714045217910317,0.4714045217910317,0.9911426040744021,1.8265362424739295,1.2481452449489359,4448,72,1119,1119,1,10,False,False,False
A2-B1-C0,A2,B1,C0,A2-B1-C0-r1,695098,7,0.499,0.166,5.34,0.189,4,4,683,5.0,5.0,5.0,5.0,1e-09,1e-09,0.9853587115666179,1.8265362424739295,1.2481452449489359,3962,72,673,673,1,10,False,False,False
A2-B1-C0,A2,B1,C0,A2-B1-C0-r1,695098,7,0.499,0.166,5.34,0.189,4,8,435,4.0,4.0,4.0,4.0,1e-09,1e-09,0.9770114942528736,1.8265362424739295,1.2481452449489359,3565,72,425,425,1,10,False,False,False
A2-B1-C0,A2,B1,C0,A2-B1-C0-r1,695098,7,0.499,0.166,5.34,0.189,4,16,315,4.0,4.0,4.0,4.0,1e-09,1e-09,0.9682539682539683,1.8265362424739295,1.2481452449489359,3003,72,305,305,1,10,False,False,False
A2-B1-C0,A2,B1,C0,A2-B1-C0-r2,695195,7,0.66,0.326,7.62,0.22,4,1,2000,6.0,6.0,6.333333333333333,6.333333333333333,0.4714045217910317,0.4714045217910317,0.999,1.3921238324412388,1.5860524486415246,7620,222,1998,1998,1,2,False,False,False
A2-B1-C0,A2,B1,C0,A2-B1-C0-r2,695195,7,0.66,0.326,7.62,0.22,4,2,1087,5.0,5.0,5.333333333333333,5.333333333333333,0.4714045217910317,0.4714045217910317,0.9981600735970562,1.3921238324412388,1.5860524486415246,6674,222,1085,1085,1,2,False,False,False
A2-B1-C0,A2,B1,C0,A2-B1-C0-r2,695195,7,0.66,0.326,7.62,0.22,4,4,642,4.0,4.0,5.0,5.0,1e-09,1e-09,0.9968847352024922,1.3921238324412388,1.5860524486415246,6103,222,640,640,1,2,False,False,False
A2-B1-C0,A2,B1,C0,A2-B1-C0-r2,695195,7,0.66,0.326,7.62,0.22,4,8,397,4.0,4.0,3.3333333333333335,3.3333333333333335,0.4714045217910317,0.4714045217910317,0.9949622166246851,1.3921238324412388,1.5860524486415246,5521,222,395,395,1,2,False,False,False
A2-B1-C0,A2,B1,C0,A2-B1-C0-r2,695195,7,0.66,0.326,7.62,0.22,4,16,260,4.0,4.0,3.3333333333333335,3.3333333333333335,0.4714045217910317,0.4714045217910317,0.9923076923076923,1.3921238324412388,1.5860524486415246,4292,222,258,258,1,2,False,False,False
A2-B1-C0,A2,B1,C0,A2-B1-C0-r3,695292,5,0.648,0.143,5.8,0.249,7,1,2000,8.0,8.0,8.666666666666666,8.666666666666666,0.4714045217910317,0.4714045217910317,0.998,1.6070436425699495,1.5339390718672432,5800,108,1996,1996,1,4,False,False,False
A2-B1-C0,A2,B1,C0,A2-B1-C0-r3,695292,5,0.648,0.143,5.8,0.249,7,2,1123,6.0,6.0,6.0,6.0,1e-09,1e-09,0.9964381121994658,1.6070436425699495,1.5339390718672432,4902,108,1119,1119,1,4,False,False,False
A2-B1-C0,A2,B1,C0,A2-B1-C0-r3,695292,5,0.648,0.143,5.8,0.249,7,4,662,5.0,5.0,5.0,5.0,1e-09,1e-09,0.9939577039274925,1.6070436425699495,1.5339390718672432,4385,108,658,658,1,4,False,False,False
A2-B1-C0,A2,B1,C0,A2-B1-C0-r3,695292,5,0.648,0.143,5.8,0.249,7,8,432,4.0,4.0,4.0,4.0,1e-09,1e-09,0.9907407407407407,1.6070436425699495,1.5339390718672432,3967,108,428,428,1,4,False,False,False
A2-B1-C0,A2,B1,C0,A2-B1-C0-r3,695292,5,0.648,0.143,5.8,0.249,7,16,296,4.0,4.0,3.6666666666666665,3.6666666666666665,0.4714045217910317,0.4714045217910317,0.9864864864864865,1.6070436425699495,1.5339390718672432,3271,108,292,292,1,4,False,False,False
A2-B1-C0,A2,B1,C0,A2-B1-C0-r4,695389,5,0.507,0.124,7.94,0.257,4,1,2000,6.0,6.0,5.666666666666667,5.666666666666667,0.4714045217910317,0.4714045217910317,0.9995,1.472722834258259,1.4884104621806913,7940,291,1999,1999,1,1,False,False,False
A2-B1-C0,A2,B1,C0,A2-B1-C0-r4,695389,5,0.507,0.124,7.94,0.257,4,2,1090,5.0,5.0,4.666666666666667,4.666666666666667,0.4714045217910317,0.4714045217910317,0.9990825688073395,1.472722834258259,1.4884104621806913,6990,291,1089,1089,1,1,False,False,False
A2-B1-C0,A2,B1,C0,A2-B1-C0-r4,695389,5,0.507,0.124,7.94,0.257,4,4,625,4.0,4.0,4.333333333333333,4.333333333333333,0.4714045217910317,0.4714045217910317,0.9984,1.472722834258259,1.4884104621806913,6414,291,624,624,1,1,False,False,False
A2-B1-C0,A2,B1,C0,A2-B1-C0-r4,695389,5,0.507,0.124,7.94,0.257,4,8,383,4.0,4.0,4.0,4.0,1e-09,1e-09,0.9973890339425587,1.472722834258259,1.4884104621806913,5788,291,382,382,1,1,False,False,False
A2-B1-C0,A2,B1,C0,A2-B1-C0-r4,695389,5,0.507,0.124,7.94,0.257,4,16,266,3.0,3.0,3.0,3.0,1e-09,1e-09,0.9962406015037594,1.472722834258259,1.4884104621806913,4519,291,265,265,1,1,False,False,False
A2-B1-C0,A2,B1,C0,A2-B1-C0-r5,695486,5,0.668,0.292,5.73,0.168,6,1,2000,8.0,8.0,8.333333333333334,8.333333333333334,0.4714045217910317,0.4714045217910317,0.9955,1.3751498791769752,1.4420951840811043,5730,111,1991,1991,1,9,False,False,False
A2-B1-C0,A2,B1,C0,A2-B1-C0-r5,695486,5,0.668,0.292,5.73,0.168,6,2,1128,6.0,6.0,5.0,5.0,1e-09,1e-09,0.9920212765957447,1.3751498791769752,1.4420951840811043,4842,111,1119,1119,1,9,False,False,False
A2-B1-C0,A2,B1,C0,A2-B1-C0-r5,695486,5,0.668,0.292,5.73,0.168,6,4,660,5.0,5.0,5.0,5.0,1e-09,1e-09,0.9863636363636363,1.3751498791769752,1.4420951840811043,4319,111,651,651,1,9,False,False,False
A2-B1-C0,A2,B1,C0,A2-B1-C0-r5,695486,5,0.668,0.292,5.73,0.168,6,8,446,4.0,4.0,4.0,4.0,1e-09,1e-09,0.9798206278026906,1.3751498791769752,1.4420951840811043,3935,111,437,437,1,9,False,False,False
A2-B1-C0,A2,B1,C0,A2-B1-C0-r5,695486,5,0.668,0.292,5.73,0.168,6,16,308,4.0,4.0,3.6666666666666665,3.6666666666666665,0.4714045217910317,0.4714045217910317,0.9707792207792207,1.3751498791769752,1.4420951840811043,3262,111,299,299,1,9,False,False,False
A2-B1-C0,A2,B1,C0,A2-B1-C0-r6,695583,4,0.752,0.225,5.91,0.274,7,1,2000,8.0,8.0,8.0,8.0,1e-09,1e-09,0.9985,0.3686079424059827,1.6548149383989668,5910,132,1997,1997,1,3,False,False,False
A2-B1-C0,A2,B1,C0,A2-B1-C0-r6,695583,4,0.752,0.225,5.91,0.274,7,2,1100,5.0,5.0,6.0,6.0,1e-09,1e-09,0.9972727272727273,0.3686079424059827,1.6548149383989668,4980,132,1097,1097,1,3,False,False,False
A2-B1-C0,A2,B1,C0,A2-B1-C0-r6,695583,4,0.752,0.225,5.91,0.274,7,4,653,4.0,4.0,5.0,5.0,1e-09,1e-09,0.9954058192955589,0.3686079424059827,1.6548149383989668,4498,132,650,650,1,3,False,False,False
A2-B1-C0,A2,B1,C0,A2-B1-C0-r6,695583,4,0.752,0.225,5.91,0.274,7,8,427,4.0,4.0,4.0,4.0,1e-09,1e-09,0.9929742388758782,0.3686079424059827,1.6548149383989668,4073,132,424,424,1,3,False,False,False
A2-B1-C0,A2,B1,C0,A2-B1-C0-r6,695583,4,0.752,0.225,5.91,0.274,7,16,277,4.0,4.0,4.0,4.0,1e-09,1e-09,0.9891696750902527,0.3686079424059827,1.6548149383989668,3333,132,274,274,1,3,False,False,False
A2-B1-C0,A2,B1,C0,A2-B1-C0-r7,695680,4,0.732,0.334,4.42,0.187,4,1,2000,10.0,10.0,9.666666666666666,9.666666666666666,0.4714045217910317,0.4714045217910317,0.9865,0.420021844827732,1.2496786668387438,4420,54,1973,1973,2,25,False,False,False
A2-B1-C0,A2,B1,C0,A2-B1-C0-r7,695680,4,0.732,0.334,4.42,0.187,4,2,1152,7.0,7.0,7.333333333333333,7.333333333333333,0.4714045217910317,0.4714045217910317,0.9774305555555556,0.420021844827732,1.2496786668387438,3568,54,1126,1126,1,26,False,False,False
A2-B1-C0,A2,B1,C0,A2-B1-C0-r7,695680,4,0.732,0.334,4.42,0.187,4,4,712,6.0,6.0,6.0,6.0,1e-09,1e-09,0.9634831460674157,0.420021844827732,1.2496786668387438,3092,54,686,686,1,26,False,False,False
A2-B1-C0,A2,B1,C0,A2-B1-C0-r7,695680,4,0.732,0.334,4.42,0.187,4,8,499,5.0,5.0,5.0,5.0,1e-09,1e-09,0.9478957915831663,0.420021844827732,1.2496786668387438,2816,54,473,473,1,26,False,False,False
A2-B1-C0,A2,B1,C0,A2-B1-C0-r7,695680,4,0.732,0.334,4.42,0.187,4,16,357,4.0,4.0,3.6666666666666665,3.6666666666666665,0.4714045217910317,0.4714045217910317,0.927170868347339,0.420021844827732,1.2496786668387438,2392,54,331,331,1,26,False,False,False
A2-B1-C0,A2,B1,C0,A2-B1-C0-r8,695777,7,0.607,0.286,5.58,0.194,6,1,2000,9.0,9.0,8.0,8.0,0.816496581927726,0.816496581927726,0.995,1.3778559320280488,1.6369364792280123,5580,87,1990,1990,1,10,False,False,False
A2-B1-C0,A2,B1,C0,A2-B1-C0-r8,695777,7,0.607,0.286,5.58,0.194,6,2,1124,6.0,6.0,5.666666666666667,5.666666666666667,0.4714045217910317,0.4714045217910317,0.9911032028469751,1.3778559320280488,1.6369364792280123,4684,87,1114,1114,1,10,False,False,False
A2-B1-C0,A2,B1,C0,A2-B1-C0-r8,695777,7,0.607,0.286,5.58,0.194,6,4,669,5.0,5.0,4.666666666666667,4.666666666666667,0.4714045217910317,0.4714045217910317,0.9850523168908819,1.3778559320280488,1.6369364792280123,4186,87,659,659,1,10,False,False,False
A2-B1-C0,A2,B1,C0,A2-B1-C0-r8,695777,7,0.607,0.286,5.58,0.194,6,8,423,4.0,4.0,4.0,4.0,1e-09,1e-09,0.9763593380614657,1.3778559320280488,1.6369364792280123,3805,87,413,413,1,10,False,False,False
A2-B1-C0,A2,B1,C0,A2-B1-C0-r8,695777,7,0.607,0.286,5.58,0.194,6,16,308,4.0,4.0,4.0,4.0,1e-09,1e-09,0.9675324675324676,1.3778559320280488,1.6369364792280123,3198,87,298,298,1,10,False,False,False
A2-B1-C0,A2,B1,C0,A2-B1-C0-r9,695874,6,0.799,0.335,4.86,0.302,5,1,2000,9.0,9.0,9.333333333333334,9.333333333333334,0.9428090425820633,0.9428090425820633,0.9965,1.414648918712262,1.57992808690951,4860,75,1993,1993,1,7,False,False,False
A2-B1-C0,A2,B1,C0,A2-B1-C0-r9,695874,6,0.799,0.335,4.86,0.302,5,2,1122,6.0,6.0,6.333333333333333,6.333333333333333,0.4714045217910317,0.4714045217910317,0.9937611408199644,1.414648918712262,1.57992808690951,3970,75,1115,1115,1,7,False,False,False
A2-B1-C0,A2,B1,C0,A2-B1-C0-r9,695874,6,0.799,0.335,4.86,0.302,5,4,687,5.0,5.0,5.333333333333333,5.333333333333333,0.4714045217910317,0.4714045217910317,0.9898107714701602,1.414648918712262,1.57992808690951,3502,75,680,680,1,7,False,False,False
A2-B1-C0,A2,B1,C0,A2-B1-C0-r9,695874,6,0.799,0.335,4.86,0.302,5,8,439,5.0,5.0,5.0,5.0,1e-09,1e-09,0.9840546697038725,1.414648918712262,1.57992808690951,3148,75,432,432,1,7,False,False,False
A2-B1-C0,A2,B1,C0,A2-B1-C0-r9,695874,6,0.799,0.335,4.86,0.302,5,16,333,4.0,4.0,4.0,4.0,1e-09,1e-09,0.978978978978979,1.414648918712262,1.57992808690951,2738,75,326,326,1,7,False,False,False
A2-B1-C1,A2,B1,C1,A2-B1-C1-r0,700001,6,0.786,0.169,5.67,0.28,5,1,2000,8.0,8.0,8.666666666666666,8.666666666666666,1.2472191299246471,1.2472191299246471,0.9965,0.7560400667358209,1.3542322620640366,5469,42,1993,1993,1,7,False,False,False
A2-B1-C1,A2,B1,C1,A2-B1-C1-r0,700001,6,0.786,0.169,5.67,0.28,5,2,1120,7.0,7.0,6.0,6.0,1e-09,1e-09,0.99375,0.7560400667358209,1.3542322620640366,4581,42,1113,1113,1,7,False,False,False
A2-B1-C1,A2,B1,C1,A2-B1-C1-r0,700001,6,0.786,0.169,5.67,0.28,5,4,660,5.0,5.0,4.666666666666667,4.666666666666667,0.4714045217910317,0.4714045217910317,0.9893939393939394,0.7560400667358209,1.3542322620640366,4071,42,653,653,1,7,False,False,False
A2-B1-C1,A2,B1,C1,A2-B1-C1-r0,700001,6,0.786,0.169,5.67,0.28,5,8,429,4.0,4.0,4.333333333333333,4.333333333333333,0.4714045217910317,0.4714045217910317,0.9836829836829837,0.7560400667358209,1.3542322620640366,3692,42,422,422,1,7,False,False,False
A2-B1-C1,A2,B1,C1,A2-B1-C1-r0,700001,6,0.786,0.169,5.67,0.28,5,16,309,4.0,4.0,4.0,4.0,1e-09,1e-09,0.9773462783171522,0.7560400667358209,1.3542322620640366,3105,42,302,302,1,7,False,False,False
A2-B1-C1,A2,B1,C1,A2-B1-C1-r1,700098,8,0.767,0.157,4.58,0.202,5,1,2000,10.0,10.0,11.333333333333334,11.333333333333334,0.9428090425820633,0.9428090425820633,0.9855,2.852348113871377,0.6077614855414027,4558,12,1971,1971,1,29,False,False,False
A2-B1-C1,A2,B1,C1,A2-B1-C1-r1,700098,8,0.767,0.157,4.58,0.202,5,2,1159,6.0,6.0,7.333333333333333,7.333333333333333,0.4714045217910317,0.4714045217910317,0.9749784296807593,2.852348113871377,0.6077614855414027,3711,12,1130,1130,1,29,False,False,False
A2-B1-C1,A2,B1,C1,A2-B1-C1-r1,700098,8,0.767,0.157,4.58,0.202,5,4,724,6.0,6.0,6.0,6.0,1e-09,1e-09,0.9599447513812155,2.852348113871377,0.6077614855414027,3246,12,695,695,1,29,False,False,False
A2-B1-C1,A2,B1,C1,A2-B1-C1-r1,700098,8,0.767,0.157,4.58,0.202,5,8,486,4.0,4.0,4.666666666666667,4.666666666666667,0.4714045217910317,0.4714045217910317,0.9403292181069959,2.852348113871377,0.6077614855414027,2933,12,457,457,1,29,False,False,False
A2-B1-C1,A2,B1,C1,A2-B1-C1-r1,700098,8,0.767,0.157,4.58,0.202,5,16,330,4.0,4.0,4.0,4.0,1e-09,1e-09,0.9121212121212121,2.852348113871377,0.6077614855414027,2464,12,301,301,1,29,False,False,False
A2-B1-C1,A2,B1,C1,A2-B1-C1-r2,700195,6,0.766,0.189,6.64,0.253,4,1,2000,8.0,8.0,7.0,7.0,1e-09,1e-09,0.9985,0.7967862739847147,1.4837161742977654,6367,78,1997,1997,1,3,False,False,False
A2-B1-C1,A2,B1,C1,A2-B1-C1-r2,700195,6,0.766,0.189,6.64,0.253,4,2,1116,7.0,7.0,5.666666666666667,5.666666666666667,0.4714045217910317,0.4714045217910317,0.9973118279569892,0.7967862739847147,1.4837161742977654,5474,78,1113,1113,1,3,False,False,False
A2-B1-C1,A2,B1,C1,A2-B1-C1-r2,700195,6,0.766,0.189,6.64,0.253,4,4,641,5.0,5.0,4.333333333333333,4.333333333333333,0.4714045217910317,0.4714045217910317,0.9953198127925117,0.7967862739847147,1.4837161742977654,4930,78,638,638,1,3,False,False,False
A2-B1-C1,A2,B1,C1,A2-B1-C1-r2,700195,6,0.766,0.189,6.64,0.253,4,8,406,4.0,4.0,3.6666666666666665,3.6666666666666665,0.4714045217910317,0.4714045217910317,0.9926108374384236,0.7967862739847147,1.4837161742977654,4491,78,403,403,1,3,False,False,False
A2-B1-C1,A2,B1,C1,A2-B1-C1-r2,700195,6,0.766,0.189,6.64,0.253,4,16,298,4.0,4.0,4.0,4.0,1e-09,1e-09,0.9899328859060402,0.7967862739847147,1.4837161742977654,3707,78,295,295,1,3,False,False,False
A2-B1-C1,A2,B1,C1,A2-B1-C1-r3,700292,4,0.738,0.238,4.86,0.288,4,1,2000,8.0,8.0,10.0,10.0,1e-09,1e-09,0.993,0.8569777387632151,1.302611398528061,4826,33,1986,1986,1,14,False,False,False
A2-B1-C1,A2,B1,C1,A2-B1-C1-r3,700292,4,0.738,0.238,4.86,0.288,4,2,1133,6.0,6.0,6.0,6.0,0.816496581927726,0.816496581927726,0.9876434245366285,0.8569777387632151,1.302611398528061,3945,33,1119,1119,1,14,False,False,False
A2-B1-C1,A2,B1,C1,A2-B1-C1-r3,700292,4,0.738,0.238,4.86,0.288,4,4,692,5.0,5.0,5.333333333333333,5.333333333333333,0.4714045217910317,0.4714045217910317,0.9797687861271677,0.8569777387632151,1.302611398528061,3483,33,678,678,1,14,False,False,False
A2-B1-C1,A2,B1,C1,A2-B1-C1-r3,700292,4,0.738,0.238,4.86,0.288,4,8,450,5.0,5.0,4.666666666666667,4.666666666666667,0.4714045217910317,0.4714045217910317,0.9688888888888889,0.8569777387632151,1.302611398528061,3145,33,436,436,1,14,False,False,False
A2-B1-C1,A2,B1,C1,A2-B1-C1-r3,700292,4,0.738,0.238,4.86,0.288,4,16,335,4.0,4.0,4.0,4.0,1e-09,1e-09,0.9582089552238806,0.8569777387632151,1.302611398528061,2711,33,321,321,1,14,False,False,False
A2-B1-C1,A2,B1,C1,A2-B1-C1-r4,700389,7,0.318,0.135,6.73,0.175,7,1,2000,8.0,8.0,7.333333333333333,7.333333333333333,0.4714045217910317,0.4714045217910317,0.9965,0.9054339081988495,1.194466050084024,6491,69,1993,1993,1,7,False,False,False
A2-B1-C1,A2,B1,C1,A2-B1-C1-r4,700389,7,0.318,0.135,6.73,0.175,7,2,1108,6.0,6.0,5.666666666666667,5.666666666666667,0.4714045217910317,0.4714045217910317,0.9936823104693141,0.9054339081988495,1.194466050084024,5581,69,1101,1101,1,7,False,False,False
A2-B1-C1,A2,B1,C1,A2-B1-C1-r4,700389,7,0.318,0.135,6.73,0.175,7,4,648,4.0,4.0,5.0,5.0,1e-09,1e-09,0.9891975308641975,0.9054339081988495,1.194466050084024,5081,69,641,641,1,7,False,False,False
A2-B1-C1,A2,B1,C1,A2-B1-C1-r4,700389,7,0.318,0.135,6.73,0.175,7,8,380,4.0,4.0,4.0,4.0,1e-09,1e-09,0.9815789473684211,0.9054339081988495,1.194466050084024,4536,69,373,373,1,7,False,False,False
A2-B1-C1,A2,B1,C1,A2-B1-C1-r4,700389,7,0.318,0.135,6.73,0.175,7,16,270,4.0,4.0,4.0,4.0,1e-09,1e-09,0.9740740740740741,0.9054339081988495,1.194466050084024,3732,69,263,263,1,7,False,False,False
A2-B1-C1,A2,B1,C1,A2-B1-C1-r5,700486,8,0.413,0.219,5.2,0.272,7,1,2000,10.0,10.0,9.333333333333334,9.333333333333334,0.4714045217910317,0.4714045217910317,0.9955,1.4498124477881411,2.180429618893084,5120,42,1991,1991,1,9,False,False,False
A2-B1-C1,A2,B1,C1,A2-B1-C1-r5,700486,8,0.413,0.219,5.2,0.272,7,2,1143,6.0,6.0,6.666666666666667,6.666666666666667,0.4714045217910317,0.4714045217910317,0.9921259842519685,1.4498124477881411,2.180429618893084,4257,42,1134,1134,1,9,False,False,False
A2-B1-C1,A2,B1,C1,A2-B1-C1-r5,700486,8,0.413,0.219,5.2,0.272,7,4,695,4.0,4.0,5.333333333333333,5.333333333333333,0.4714045217910317,0.4714045217910317,0.9870503597122302,1.4498124477881411,2.180429618893084,3759,42,686,686,1,9,False,False,False
A2-B1-C1,A2,B1,C1,A2-B1-C1-r5,700486,8,0.413,0.219,5.2,0.272,7,8,450,4.0,4.0,4.333333333333333,4.333333333333333,0.4714045217910317,0.4714045217910317,0.98,1.4498124477881411,2.180429618893084,3379,42,441,441,1,9,False,False,False
A2-B1-C1,A2,B1,C1,A2-B1-C1-r5,700486,8,0.413,0.219,5.2,0.272,7,16,327,4.0,4.0,4.0,4.0,1e-09,1e-09,0.9724770642201835,1.4498124477881411,2.180429618893084,2904,42,318,318,1,9,False,False,False
A2-B1-C1,A2,B1,C1,A2-B1-C1-r6,700583,6,0.552,0.328,7.02,0.339,6,1,2000,6.0,6.0,7.0,7.0,0.816496581927726,0.816496581927726,1.0,0.6848251383445119,1.62534552890136,6779,102,2000,2000,1,0,False,False,False
A2-B1-C1,A2,B1,C1,A2-B1-C1-r6,700583,6,0.552,0.328,7.02,0.339,6,2,1111,6.0,6.0,5.666666666666667,5.666666666666667,0.4714045217910317,0.4714045217910317,1.0,0.6848251383445119,1.62534552890136,5861,102,1111,1111,1,0,False,False,False
A2-B1-C1,A2,B1,C1,A2-B1-C1-r6,700583,6,0.552,0.328,7.02,0.339,6,4,626,5.0,5.0,4.666666666666667,4.666666666666667,0.4714045217910317,0.4714045217910317,1.0,0.6848251383445119,1.62534552890136,5316,102,626,626,1,0,False,False,False
A2-B1-C1,A2,B1,C1,A2-B1-C1-r6,700583,6,0.552,0.328,7.02,0.339,6,8,393,4.0,4.0,4.0,4.0,1e-09,1e-09,1.0,0.6848251383445119,1.62534552890136,4838,102,393,393,1,0,False,False,False
A2-B1-C1,A2,B1,C1,A2-B1-C1-r6,700583,6,0.552,0.328,7.02,0.339,6,16,264,3.0,3.0,3.6666666666666665,3.6666666666666665,0.4714045217910317,0.4714045217910317,1.0,0.6848251383445119,1.62534552890136,3877,102,264,264,1,0,False,False,False
A2-B1-C1,A2,B1,C1,A2-B1-C1-r7,700680,8,0.647,0.217,6.6,0.277,6,1,2000,8.0,8.0,7.333333333333333,7.333333333333333,0.4714045217910317,0.4714045217910317,0.9985,2.414115625335758,1.621460858553418,6495,81,1997,1997,1,3,False,False,False
A2-B1-C1,A2,B1,C1,A2-B1-C1-r7,700680,8,0.647,0.217,6.6,0.277,6,2,1116,5.0,5.0,5.666666666666667,5.666666666666667,0.4714045217910317,0.4714045217910317,0.9973118279569892,2.414115625335758,1.621460858553418,5594,81,1113,1113,1,3,False,False,False
A2-B1-C1,A2,B1,C1,A2-B1-C1-r7,700680,8,0.647,0.217,6.6,0.277,6,4,646,5.0,5.0,4.666666666666667,4.666666666666667,0.4714045217910317,0.4714045217910317,0.9953560371517027,2.414115625335758,1.621460858553418,5057,81,643,643,1,3,False,False,False
A2-B1-C1,A2,B1,C1,A2-B1-C1-r7,700680,8,0.647,0.217,6.6,0.277,6,8,398,4.0,4.0,4.0,4.0,1e-09,1e-09,0.992462311557789,2.414115625335758,1.621460858553418,4576,81,395,395,1,3,False,False,False
A2-B1-C1,A2,B1,C1,A2-B1-C1-r7,700680,8,0.647,0.217,6.6,0.277,6,16,300,4.0,4.0,4.0,4.0,1e-09,1e-09,0.99,2.414115625335758,1.621460858553418,3787,81,297,297,1,3,False,False,False
A2-B1-C1,A2,B1,C1,A2-B1-C1-r8,700777,6,0.368,0.263,5.05,0.319,6,1,2000,8.0,8.0,10.0,10.0,0.816496581927726,0.816496581927726,0.993,0.3521482337863186,1.52103953105163,4897,27,1986,1986,1,14,False,False,False
A2-B1-C1,A2,B1,C1,A2-B1-C1-r8,700777,6,0.368,0.263,5.05,0.319,6,2,1142,6.0,6.0,7.0,7.0,1e-09,1e-09,0.9877408056042032,0.3521482337863186,1.52103953105163,4030,27,1128,1128,1,14,False,False,False
A2-B1-C1,A2,B1,C1,A2-B1-C1-r8,700777,6,0.368,0.263,5.05,0.319,6,4,705,5.0,5.0,5.0,5.0,1e-09,1e-09,0.9801418439716312,0.3521482337863186,1.52103953105163,3560,27,691,691,1,14,False,False,False
A2-B1-C1,A2,B1,C1,A2-B1-C1-r8,700777,6,0.368,0.263,5.05,0.319,6,8,449,4.0,4.0,4.666666666666667,4.666666666666667,0.4714045217910317,0.4714045217910317,0.9688195991091314,0.3521482337863186,1.52103953105163,3197,27,435,435,1,14,False,False,False
A2-B1-C1,A2,B1,C1,A2-B1-C1-r8,700777,6,0.368,0.263,5.05,0.319,6,16,335,4.0,4.0,4.0,4.0,1e-09,1e-09,0.9582089552238806,0.3521482337863186,1.52103953105163,2750,27,321,321,1,14,False,False,False
A2-B1-C1,A2,B1,C1,A2-B1-C1-r9,700874,6,0.676,0.182,5.31,0.316,6,1,2000,8.0,8.0,9.666666666666666,9.666666666666666,1.2472191299246471,1.2472191299246471,0.9965,0.9147407587847927,1.5118559555101005,5125,60,1993,1993,1,7,False,False,False
A2-B1-C1,A2,B1,C1,A2-B1-C1-r9,700874,6,0.676,0.182,5.31,0.316,6,2,1127,7.0,7.0,6.333333333333333,6.333333333333333,0.4714045217910317,0.4714045217910317,0.9937888198757764,0.9147407587847927,1.5118559555101005,4241,60,1120,1120,1,7,False,False,False
A2-B1-C1,A2,B1,C1,A2-B1-C1-r9,700874,6,0.676,0.182,5.31,0.316,6,4,678,5.0,5.0,5.0,5.0,1e-09,1e-09,0.9896755162241888,0.9147407587847927,1.5118559555101005,3744,60,671,671,1,7,False,False,False
A2-B1-C1,A2,B1,C1,A2-B1-C1-r9,700874,6,0.676,0.182,5.31,0.316,6,8,446,4.0,4.0,4.666666666666667,4.666666666666667,0.4714045217910317,0.4714045217910317,0.984304932735426,0.9147407587847927,1.5118559555101005,3377,60,439,439,1,7,False,False,False
A2-B1-C1,A2,B1,C1,A2-B1-C1-r9,700874,6,0.676,0.182,5.31,0.316,6,16,330,4.0,4.0,4.0,4.0,1e-09,1e-09,0.9787878787878788,0.9147407587847927,1.5118559555101005,2877,60,323,323,1,7,False,False,False
A2-B1-C2,A2,B1,C2,A2-B1-C2-r0,705001,6,0.339,0.315,6.54,0.214,7,1,2000,8.0,8.0,7.666666666666667,7.666666666666667,0.4714045217910317,0.4714045217910317,0.9995,0.7626589140462517,1.3430106018478876,6350,81,1999,1999,1,1,False,False,False
A2-B1-C2,A2,B1,C2,A2-B1-C2-r0,705001,6,0.339,0.315,6.54,0.214,7,2,1116,5.0,5.0,5.333333333333333,5.333333333333333,0.4714045217910317,0.4714045217910317,0.9991039426523297,0.7626589140462517,1.3430106018478876,5450,81,1115,1115,1,1,False,False,False
A2-B1-C2,A2,B1,C2,A2-B1-C2-r0,705001,6,0.339,0.315,6.54,0.214,7,4,672,5.0,5.0,5.0,5.0,1e-09,1e-09,0.9985119047619048,0.7626589140462517,1.3430106018478876,4940,81,671,671,1,1,False,False,False
A2-B1-C2,A2,B1,C2,A2-B1-C2-r0,705001,6,0.339,0.315,6.54,0.214,7,8,419,4.0,4.0,4.0,4.0,1e-09,1e-09,0.9976133651551312,0.7626589140462517,1.3430106018478876,4447,81,418,418,1,1,False,False,False
A2-B1-C2,A2,B1,C2,A2-B1-C2-r0,705001,6,0.339,0.315,6.54,0.214,7,16,295,4.0,4.0,4.0,4.0,1e-09,1e-09,0.9966101694915255,0.7626589140462517,1.3430106018478876,3638,81,294,294,1,1,False,False,False
A2-B1-C2,A2,B1,C2,A2-B1-C2-r1,705098,7,0.443,0.142,5.91,0.273,5,1,2000,8.0,8.0,8.333333333333334,8.333333333333334,1.8856180841641268,1.8856180841641268,0.9985,1.2679105403809172,1.4997783208255444,5707,42,1997,1997,1,3,False,False,False
A2-B1-C2,A2,B1,C2,A2-B1-C2-r1,705098,7,0.443,0.142,5.91,0.273,5,2,1112,6.0,6.0,6.333333333333333,6.333333333333333,0.4714045217910317,0.4714045217910317,0.9973021582733813,1.2679105403809172,1.4997783208255444,4811,42,1109,1109,1,3,False,False,False
A2-B1-C2,A2,B1,C2,A2-B1-C2-r1,705098,7,0.443,0.142,5.91,0.273,5,4,645,5.0,5.0,5.0,5.0,1e-09,1e-09,0.9953488372093023,1.2679105403809172,1.4997783208255444,4293,42,642,642,1,3,False,False,False
A2-B1-C2,A2,B1,C2,A2-B1-C2-r1,705098,7,0.443,0.142,5.91,0.273,5,8,424,3.0,3.0,4.0,4.0,1e-09,1e-09,0.9929245283018868,1.2679105403809172,1.4997783208255444,3907,42,421,421,1,3,False,False,False
A2-B1-C2,A2,B1,C2,A2-B1-C2-r1,705098,7,0.443,0.142,5.91,0.273,5,16,292,4.0,4.0,4.0,4.0,1e-09,1e-09,0.9897260273972602,1.2679105403809172,1.4997783208255444,3251,42,289,289,1,3,False,False,False
A2-B1-C2,A2,B1,C2,A2-B1-C2-r2,705195,5,0.511,0.235,4.06,0.315,5,1,2000,11.0,11.0,10.666666666666666,10.666666666666666,0.4714045217910317,0.4714045217910317,0.9795,1.8673448586316372,1.5797225807136799,3997,18,1959,1959,3,36,False,False,False
A2-B1-C2,A2,B1,C2,A2-B1-C2-r2,705195,5,0.511,0.235,4.06,0.315,5,2,1171,7.0,7.0,7.666666666666667,7.666666666666667,0.4714045217910317,0.4714045217910317,0.9666951323654995,1.8673448586316372,1.5797225807136799,3159,18,1132,1132,2,37,False,False,False
A2-B1-C2,A2,B1,C2,A2-B1-C2-r2,705195,5,0.511,0.235,4.06,0.315,5,4,737,6.0,6.0,6.0,6.0,1e-09,1e-09,0.9484396200814111,1.8673448586316372,1.5797225807136799,2716,18,699,699,1,38,False,False,False
A2-B1-C2,A2,B1,C2,A2-B1-C2-r2,705195,5,0.511,0.235,4.06,0.315,5,8,481,5.0,5.0,5.0,5.0,1e-09,1e-09,0.920997920997921,1.8673448586316372,1.5797225807136799,2393,18,443,443,1,38,False,False,False
A2-B1-C2,A2,B1,C2,A2-B1-C2-r2,705195,5,0.511,0.235,4.06,0.315,5,16,379,4.0,4.0,4.0,4.0,1e-09,1e-09,0.899736147757256,1.8673448586316372,1.5797225807136799,2096,18,341,341,1,38,False,False,False
A2-B1-C2,A2,B1,C2,A2-B1-C2-r3,705292,4,0.598,0.284,6.27,0.344,5,1,2000,7.0,7.0,7.666666666666667,7.666666666666667,0.4714045217910317,0.4714045217910317,0.9965,0.9650713658757367,1.1645233701638198,6189,54,1993,1993,1,7,False,False,False
A2-B1-C2,A2,B1,C2,A2-B1-C2-r3,705292,4,0.598,0.284,6.27,0.344,5,2,1119,6.0,6.0,6.0,6.0,1e-09,1e-09,0.9937444146559428,0.9650713658757367,1.1645233701638198,5296,54,1112,1112,1,7,False,False,False
A2-B1-C2,A2,B1,C2,A2-B1-C2-r3,705292,4,0.598,0.284,6.27,0.344,5,4,658,5.0,5.0,5.0,5.0,1e-09,1e-09,0.9893617021276596,0.9650713658757367,1.1645233701638198,4772,54,651,651,1,7,False,False,False
A2-B1-C2,A2,B1,C2,A2-B1-C2-r3,705292,4,0.598,0.284,6.27,0.344,5,8,406,4.0,4.0,4.0,4.0,1e-09,1e-09,0.9827586206896551,0.9650713658757367,1.1645233701638198,4318,54,399,399,1,7,False,False,False
A2-B1-C2,A2,B1,C2,A2-B1-C2-r3,705292,4,0.598,0.284,6.27,0.344,5,16,289,4.0,4.0,3.3333333333333335,3.3333333333333335,0.4714045217910317,0.4714045217910317,0.9757785467128027,0.9650713658757367,1.1645233701638198,3546,54,282,282,1,7,False,False,False
A2-B1-C2,A2,B1,C2,A2-B1-C2-r4,705389,5,0.772,0.153,7.46,0.272,4,1,2000,7.0,7.0,6.666666666666667,6.666666666666667,0.4714045217910317,0.4714045217910317,0.9995,1.837635281356009,1.4824785319932292,7311,105,1999,1999,1,1,False,False,False
A2-B1-C2,A2,B1,C2,A2-B1-C2-r4,705389,5,0.772,0.153,7.46,0.272,4,2,1099,5.0,5.0,5.666666666666667,5.666666666666667,0.4714045217910317,0.4714045217910317,0.9990900818926297,1.837635281356009,1.4824785319932292,6398,105,1098,1098,1,1,False,False,False
A2-B1-C2,A2,B1,C2,A2-B1-C2-r4,705389,5,0.772,0.153,7.46,0.272,4,4,643,5.0,5.0,5.0,5.0,1e-09,1e-09,0.9984447900466563,1.837635281356009,1.4824785319932292,5835,105,642,642,1,1,False,False,False
A2-B1-C2,A2,B1,C2,A2-B1-C2-r4,705389,5,0.772,0.153,7.46,0.272,4,8,410,4.0,4.0,4.0,4.0,1e-09,1e-09,0.9975609756097561,1.837635281356009,1.4824785319932292,5326,105,409,409,1,1,False,False,False
A2-B1-C2,A2,B1,C2,A2-B1-C2-r4,705389,5,0.772,0.153,7.46,0.272,4,16,270,3.0,3.0,3.6666666666666665,3.6666666666666665,0.4714045217910317,0.4714045217910317,0.9962962962962963,1.837635281356009,1.4824785319932292,4173,105,269,269,1,1,False,False,False
A2-B1-C2,A2,B1,C2,A2-B1-C2-r5,705486,8,0.418,0.267,4.79,0.214,7,1,2000,9.0,9.0,9.333333333333334,9.333333333333334,0.9428090425820633,0.9428090425820633,0.9905,1.9491462265580022,1.6363847820969772,4735,24,1981,1981,1,19,False,False,False
A2-B1-C2,A2,B1,C2,A2-B1-C2-r5,705486,8,0.418,0.267,4.79,0.214,7,2,1140,7.0,7.0,7.0,7.0,1e-09,1e-09,0.9833333333333333,1.9491462265580022,1.6363847820969772,3868,24,1121,1121,1,19,False,False,False
A2-B1-C2,A2,B1,C2,A2-B1-C2-r5,705486,8,0.418,0.267,4.79,0.214,7,4,701,5.0,5.0,4.666666666666667,4.666666666666667,0.4714045217910317,0.4714045217910317,0.9728958630527818,1.9491462265580022,1.6363847820969772,3394,24,682,682,1,19,False,False,False
A2-B1-C2,A2,B1,C2,A2-B1-C2-r5,705486,8,0.418,0.267,4.79,0.214,7,8,473,5.0,5.0,4.666666666666667,4.666666666666667,0.4714045217910317,0.4714045217910317,0.959830866807611,1.9491462265580022,1.6363847820969772,3077,24,454,454,1,19,False,False,False
A2-B1-C2,A2,B1,C2,A2-B1-C2-r5,705486,8,0.418,0.267,4.79,0.214,7,16,335,4.0,4.0,4.0,4.0,1e-09,1e-09,0.9432835820895522,1.9491462265580022,1.6363847820969772,2618,24,316,316,1,19,False,False,False
A2-B1-C2,A2,B1,C2,A2-B1-C2-r6,705583,5,0.694,0.127,5.95,0.317,7,1,2000,8.0,8.0,8.333333333333334,8.333333333333334,0.4714045217910317,0.4714045217910317,0.9965,1.0099402723050555,1.9220148109257418,5883,30,1993,1993,1,7,False,False,False
A2-B1-C2,A2,B1,C2,A2-B1-C2-r6,705583,5,0.694,0.127,5.95,0.317,7,2,1110,6.0,6.0,5.666666666666667,5.666666666666667,0.4714045217910317,0.4714045217910317,0.9936936936936936,1.0099402723050555,1.9220148109257418,4983,30,1103,1103,1,7,False,False,False
A2-B1-C2,A2,B1,C2,A2-B1-C2-r6,705583,5,0.694,0.127,5.95,0.317,7,4,663,5.0,5.0,4.666666666666667,4.666666666666667,0.4714045217910317,0.4714045217910317,0.9894419306184012,1.0099402723050555,1.9220148109257418,4491,30,656,656,1,7,False,False,False
A2-B1-C2,A2,B1,C2,A2-B1-C2-r6,705583,5,0.694,0.127,5.95,0.317,7,8,418,4.0,4.0,4.0,4.0,0.816496581927726,0.816496581927726,0.9832535885167464,1.0099402723050555,1.9220148109257418,4053,30,411,411,1,7,False,False,False
A2-B1-C2,A2,B1,C2,A2-B1-C2-r6,705583,5,0.694,0.127,5.95,0.317,7,16,302,4.0,4.0,4.0,4.0,1e-09,1e-09,0.9768211920529801,1.0099402723050555,1.9220148109257418,3391,30,295,295,1,7,False,False,False
A2-B1-C2,A2,B1,C2,A2-B1-C2-r7,705680,7,0.535,0.174,5.96,0.199,6,1,2000,8.0,8.0,7.666666666666667,7.666666666666667,0.4714045217910317,0.4714045217910317,0.9965,1.3429732856753656,1.1946272140868017,5745,57,1993,1993,1,7,False,False,False
A2-B1-C2,A2,B1,C2,A2-B1-C2-r7,705680,7,0.535,0.174,5.96,0.199,6,2,1118,6.0,6.0,6.0,6.0,1e-09,1e-09,0.9937388193202147,1.3429732856753656,1.1946272140868017,4849,57,1111,1111,1,7,False,False,False
A2-B1-C2,A2,B1,C2,A2-B1-C2-r7,705680,7,0.535,0.174,5.96,0.199,6,4,666,4.0,4.0,4.666666666666667,4.666666666666667,0.4714045217910317,0.4714045217910317,0.9894894894894894,1.3429732856753656,1.1946272140868017,4338,57,659,659,1,7,False,False,False
A2-B1-C2,A2,B1,C2,A2-B1-C2-r7,705680,7,0.535,0.174,5.96,0.199,6,8,437,4.0,4.0,4.0,4.0,1e-09,1e-09,0.9839816933638444,1.3429732856753656,1.1946272140868017,3969,57,430,430,1,7,False,False,False
A2-B1-C2,A2,B1,C2,A2-B1-C2-r7,705680,7,0.535,0.174,5.96,0.199,6,16,307,3.0,3.0,4.0,4.0,1e-09,1e-09,0.9771986970684039,1.3429732856753656,1.1946272140868017,3272,57,300,300,1,7,False,False,False
A2-B1-C2,A2,B1,C2,A2-B1-C2-r8,705777,8,0.374,0.212,6.94,0.219,7,1,2000,6.0,6.0,7.333333333333333,7.333333333333333,0.4714045217910317,0.4714045217910317,0.9985,1.5027583163130107,1.6007596441013723,6811,87,1997,1997,1,3,False,False,False
A2-B1-C2,A2,B1,C2,A2-B1-C2-r8,705777,8,0.374,0.212,6.94,0.219,7,2,1100,5.0,5.0,5.666666666666667,5.666666666666667,0.4714045217910317,0.4714045217910317,0.9972727272727273,1.5027583163130107,1.6007596441013723,5899,87,1097,1097,1,3,False,False,False
A2-B1-C2,A2,B1,C2,A2-B1-C2-r8,705777,8,0.374,0.212,6.94,0.219,7,4,649,5.0,5.0,4.666666666666667,4.666666666666667,0.4714045217910317,0.4714045217910317,0.9953775038520801,1.5027583163130107,1.6007596441013723,5372,87,646,646,1,3,False,False,False
A2-B1-C2,A2,B1,C2,A2-B1-C2-r8,705777,8,0.374,0.212,6.94,0.219,7,8,408,4.0,4.0,4.0,4.0,1e-09,1e-09,0.9926470588235294,1.5027583163130107,1.6007596441013723,4881,87,405,405,1,3,False,False,False
A2-B1-C2,A2,B1,C2,A2-B1-C2-r8,705777,8,0.374,0.212,6.94,0.219,7,16,290,4.0,4.0,3.6666666666666665,3.6666666666666665,0.4714045217910317,0.4714045217910317,0.9896551724137931,1.5027583163130107,1.6007596441013723,3959,87,287,287,1,3,False,False,False
A2-B1-C2,A2,B1,C2,A2-B1-C2-r9,705874,7,0.33,0.289,4.62,0.184,4,1,2000,11.0,11.0,9.666666666666666,9.666666666666666,0.4714045217910317,0.4714045217910317,0.9845,1.6970145428904553,1.2986138392541753,4491,27,1969,1969,3,27,False,False,False
A2-B1-C2,A2,B1,C2,A2-B1-C2-r9,705874,7,0.33,0.289,4.62,0.184,4,2,1147,8.0,8.0,7.0,7.0,1e-09,1e-09,0.974716652136007,1.6970145428904553,1.2986138392541753,3632,27,1118,1118,1,29,False,False,False
A2-B1-C2,A2,B1,C2,A2-B1-C2-r9,705874,7,0.33,0.289,4.62,0.184,4,4,724,6.0,6.0,5.333333333333333,5.333333333333333,0.4714045217910317,0.4714045217910317,0.9599447513812155,1.6970145428904553,1.2986138392541753,3176,27,695,695,1,29,False,False,False
A2-B1-C2,A2,B1,C2,A2-B1-C2-r9,705874,7,0.33,0.289,4.62,0.184,4,8,480,5.0,5.0,5.0,5.0,1e-09,1e-09,0.9395833333333333,1.6970145428904553,1.2986138392541753,2867,27,451,451,1,29,False,False,False
A2-B1-C2,A2,B1,C2,A2-B1-C2-r9,705874,7,0.33,0.289,4.62,0.184,4,16,351,4.0,4.0,4.0,4.0,1e-09,1e-09,0.9173789173789174,1.6970145428904553,1.2986138392541753,2421,27,322,322,1,29,False,False,False
