genealogia,seed_base,rule_id,brazo,clase,es_clase_III,es_clase_III_o_IV,pendiente,z_agg,holon_ratio,diam_b1,giant_b1,grado_medio_b1,n_aristas_b1,diams_por_escala,K,J,noise,meandeg,kcap,seed,seg
H00_113477,113477,A2-B0-C2-r0,C2-hard,II,0,0,0.410446,0.9142,1.2407,9.0,0.991,4.309,4309,9|7|6|5|4,6,0.416,0.324,4.96,7,113478,2.17
H00_113477,113477,A2-B0-C2-r0,C2-hibrido,I,0,0,0.502287,0.8485,0.814,10.0,0.9945,4.734,4734,10|6|5|4|4,6,0.416,0.324,4.96,7,113478,2.67
H00_113477,113477,A2-B0-C2-r1,C2-hard,III,1,1,0.787907,1.0337,1.6841,15.0,0.9665,3.282,3282,15|10|8|5|4,7,0.456,0.324,5.43,5,113575,2.28
H00_113477,113477,A2-B0-C2-r1,C2-hibrido,II,0,0,0.442019,0.7071,1.3359,9.0,0.9895,4.483,4483,9|7|6|5|4,7,0.456,0.324,5.43,5,113575,2.49
H00_113477,113477,A2-B0-C2-r2,C2-hard,I,0,0,0.588946,0.4243,2.4294,12.0,0.9865,4.13,4130,12|8|6|5|4,4,0.674,0.283,6.14,6,113672,2.24
H00_113477,113477,A2-B0-C2-r2,C2-hibrido,II,0,0,0.390008,0.1414,1.92,8.0,0.997,5.943,5943,8|6|5|4|4,4,0.674,0.283,6.14,6,113672,2.65
H00_113477,113477,A2-B0-C2-r3,C2-hard,III,1,1,0.936993,1.9816,3.2586,21.0,0.927,2.634,2634,21|13|9|6|5,7,0.74,0.152,4.07,4,113769,1.83
H00_113477,113477,A2-B0-C2-r3,C2-hibrido,I,0,0,0.593419,0.1949,3.1093,11.0,0.971,3.938,3938,11|8|6|5|4,7,0.74,0.152,4.07,4,113769,2.47
H00_113477,113477,A2-B0-C2-r4,C2-hard,III,1,1,0.891848,0.6364,1.5719,18.0,0.9185,2.519,2519,18|13|8|6|5,7,0.321,0.214,4.27,4,113866,2.02
H00_113477,113477,A2-B0-C2-r4,C2-hibrido,I,0,0,0.605333,0.1414,1.1704,11.0,0.971,3.82,3820,11|8|6|5|4,7,0.321,0.214,4.27,4,113866,2.3
H00_113477,113477,A2-B0-C2-r5,C2-hard,I,0,0,0.599046,0.3519,1.4542,11.0,0.9705,3.967,3967,11|9|6|5|4,7,0.514,0.282,7.43,6,113963,2.46
H00_113477,113477,A2-B0-C2-r5,C2-hibrido,I,0,0,0.638339,0.0,1.5336,10.0,0.9495,4.568,4568,10|7|5|4|4,7,0.514,0.282,7.43,6,113963,2.53
H00_113477,113477,A2-B0-C2-r6,C2-hard,III,1,1,0.967605,1.1435,4.6369,17.0,0.9145,3.048,3048,17|13|8|5|5,8,0.734,0.15,8.0,5,114060,2.14
H00_113477,113477,A2-B0-C2-r6,C2-hibrido,III,1,1,1.00386,0.6726,4.5109,13.0,0.8325,3.151,3151,13|9|7|5|4,8,0.734,0.15,8.0,5,114060,2.37
H00_113477,113477,A2-B0-C2-r7,C2-hard,III,1,1,0.89629,1.5177,1.4147,14.0,0.9105,2.991,2991,14|10|8|5|4,7,0.536,0.326,7.91,5,114157,2.54
H00_113477,113477,A2-B0-C2-r7,C2-hibrido,III,1,1,0.936353,1.1314,1.5321,13.0,0.847,3.177,3177,13|10|7|6|4,7,0.536,0.326,7.91,5,114157,2.48
H00_113477,113477,A2-B0-C2-r8,C2-hard,III,1,1,0.729232,0.8485,2.9663,13.0,0.961,3.396,3396,13|10|6|5|4,4,0.314,0.157,5.61,5,114254,2.2
H00_113477,113477,A2-B0-C2-r8,C2-hibrido,I,0,0,0.617023,0.9899,2.2045,12.0,0.9795,4.233,4233,12|8|6|5|4,4,0.314,0.157,5.61,5,114254,2.52
H00_113477,113477,A2-B0-C2-r9,C2-hard,I,0,0,0.599563,1.197,2.6393,12.0,0.987,4.136,4136,12|9|6|5|4,6,0.765,0.113,6.97,6,114351,2.36
H00_113477,113477,A2-B0-C2-r9,C2-hibrido,I,0,0,0.56017,0.9554,2.6704,10.0,0.982,4.93,4930,10|7|6|4|4,6,0.765,0.113,6.97,6,114351,2.86
H00_113477,113477,A2-B0-C2-r10,C2-hard,III,1,1,0.74155,0.7071,2.346,15.0,0.963,3.337,3337,15|10|6|6|4,6,0.597,0.289,5.64,5,114448,2.31
H00_113477,113477,A2-B0-C2-r10,C2-hibrido,I,0,0,0.635765,0.1414,1.0352,12.0,0.975,4.203,4203,12|8|6|5|4,6,0.597,0.289,5.64,5,114448,2.73
H00_113477,113477,A2-B0-C2-r11,C2-hard,III,1,1,1.253025,0.3221,1.9545,22.0,0.769,2.118,2118,22|16|9|8|5,6,0.598,0.228,7.82,4,114545,2.06
H00_113477,113477,A2-B0-C2-r11,C2-hibrido,III,1,1,1.148671,1.7299,2.6486,16.0,0.7535,2.309,2309,16|11|9|6|5,6,0.598,0.228,7.82,4,114545,2.02
H00_113477,113477,A2-B0-C2-r12,C2-hard,III,1,1,1.000274,0.6313,1.7572,16.0,0.906,3.095,3095,16|12|8|5|4,4,0.752,0.28,7.67,5,114642,2.4
H00_113477,113477,A2-B0-C2-r12,C2-hibrido,III,1,1,0.827387,1.0177,2.5167,11.0,0.872,3.447,3447,11|9|6|5|4,4,0.752,0.28,7.67,5,114642,2.43
H00_113477,113477,A2-B0-C2-r13,C2-hard,I,0,0,0.545543,0.4243,5.2337,10.0,0.9735,4.084,4084,10|8|6|5|4,5,0.633,0.109,7.96,6,114739,3.25
H00_113477,113477,A2-B0-C2-r13,C2-hibrido,I,0,0,0.638277,0.8485,6.0279,10.0,0.942,4.662,4662,10|7|6|4|4,5,0.633,0.109,7.96,6,114739,3.24
H00_113477,113477,A2-B0-C2-r14,C2-hard,I,0,0,0.5901,0.2121,1.2673,11.0,0.9735,3.934,3934,11|8|6|5|4,7,0.386,0.258,7.55,6,114836,2.74
H00_113477,113477,A2-B0-C2-r14,C2-hibrido,I,0,0,0.504575,0.5657,1.3686,9.0,0.9575,4.575,4575,9|7|5|5|4,7,0.386,0.258,7.55,6,114836,2.52
H00_113477,113477,A2-B0-C2-r15,C2-hard,I,0,0,0.471931,0.6726,1.8373,10.0,0.991,4.505,4505,10|7|6|5|4,6,0.459,0.167,5.47,7,114933,2.59
H00_113477,113477,A2-B0-C2-r15,C2-hibrido,II,0,0,0.395704,1.6971,2.1179,8.0,0.9895,5.191,5191,8|6|5|4|4,6,0.459,0.167,5.47,7,114933,3.43
H00_113477,113477,A2-B0-C2-r16,C2-hard,I,0,0,0.539012,0.4243,1.7702,10.0,0.9705,4.026,4026,10|8|6|5|4,7,0.533,0.234,7.68,6,115030,2.75
H00_113477,113477,A2-B0-C2-r16,C2-hibrido,I,0,0,0.589619,0.7071,1.9033,10.0,0.9495,4.525,4525,10|8|6|5|4,7,0.533,0.234,7.68,6,115030,3.25
H00_113477,113477,A2-B0-C2-r17,C2-hard,I,0,0,0.551243,0.3363,1.3865,11.0,0.9825,4.051,4051,11|8|6|5|4,6,0.361,0.185,6.1,6,115127,3.61
H00_113477,113477,A2-B0-C2-r17,C2-hibrido,I,0,0,0.491785,0.8485,1.3448,9.0,0.9935,5.577,5577,9|7|4|4|4,6,0.361,0.185,6.1,6,115127,3.19
H00_113477,113477,A2-B0-C2-r18,C2-hard,I,0,0,0.677932,0.0,5.3843,13.0,0.9685,3.326,3326,13|9|7|5|4,4,0.356,0.121,4.46,5,115224,2.37
H00_113477,113477,A2-B0-C2-r18,C2-hibrido,I,0,0,0.547299,0.4243,3.2998,11.0,0.9885,4.309,4309,11|7|6|5|4,4,0.356,0.121,4.46,5,115224,2.52
H00_113477,113477,A2-B0-C2-r19,C2-hard,I,0,0,0.602274,0.2923,2.0284,11.0,0.969,3.985,3985,11|9|6|5|4,6,0.633,0.132,7.93,6,115321,2.74
H00_113477,113477,A2-B0-C2-r19,C2-hibrido,III,1,1,0.709992,0.7071,3.0864,12.0,0.9415,4.593,4593,12|8|6|5|4,6,0.633,0.132,7.93,6,115321,2.74
H05_905683,905683,A2-B0-C2-r0,C2-hard,III,1,1,0.873062,1.4041,2.5068,18.0,0.944,3.174,3174,18|10|7|5|5,5,0.687,0.332,7.1,5,905684,2.33
H05_905683,905683,A2-B0-C2-r0,C2-hibrido,III,1,1,0.856547,0.2828,2.4309,13.0,0.9035,3.623,3623,13|9|6|5|4,5,0.687,0.332,7.1,5,905684,2.44
H05_905683,905683,A2-B0-C2-r1,C2-hard,III,1,1,1.179681,0.4933,1.8041,22.0,0.8645,2.383,2383,22|15|10|6|5,7,0.512,0.25,6.37,4,905781,2.11
H05_905683,905683,A2-B0-C2-r1,C2-hibrido,III,1,1,1.201283,0.3742,1.5626,16.0,0.826,2.602,2602,16|13|8|6|4,7,0.512,0.25,6.37,4,905781,2.13
H05_905683,905683,A2-B0-C2-r2,C2-hard,I,0,0,0.578698,0.9899,2.7034,11.0,0.982,4.034,4034,11|9|6|5|4,7,0.499,0.154,5.07,6,905878,2.41
H05_905683,905683,A2-B0-C2-r2,C2-hibrido,II,0,0,0.444823,0.495,2.0254,9.0,0.987,4.871,4871,9|7|5|5|4,7,0.499,0.154,5.07,6,905878,2.29
H05_905683,905683,A2-B0-C2-r3,C2-hard,III,1,1,0.860514,2.0455,2.2568,17.0,0.913,2.578,2578,17|12|7|6|5,5,0.717,0.263,5.27,4,905975,2.01
H05_905683,905683,A2-B0-C2-r3,C2-hibrido,III,1,1,0.939478,0.5501,2.3973,15.0,0.9235,3.195,3195,15|10|7|5|4,5,0.717,0.263,5.27,4,905975,2.14
H05_905683,905683,A2-B0-C2-r4,C2-hard,III,1,1,1.012779,1.3435,2.2607,18.0,0.9215,3.064,3064,18|12|8|6|4,7,0.714,0.219,7.59,5,906072,2.39
H05_905683,905683,A2-B0-C2-r4,C2-hibrido,III,1,1,0.814426,1.6971,2.2873,11.0,0.865,3.428,3428,11|8|6|5|4,7,0.714,0.219,7.59,5,906072,2.24
H05_905683,905683,A2-B0-C2-r5,C2-hard,III,1,1,0.738992,0.7606,1.7593,14.0,0.96,3.313,3313,14|9|6|5|4,7,0.598,0.277,5.9,5,906169,2.31
H05_905683,905683,A2-B0-C2-r5,C2-hibrido,I,0,0,0.554108,0.4571,1.6382,10.0,0.9655,4.074,4074,10|7|6|5|4,7,0.598,0.277,5.9,5,906169,2.8
H05_905683,905683,A2-B0-C2-r6,C2-hard,III,1,1,0.798812,0.319,1.7373,15.0,0.948,3.268,3268,15|9|7|5|4,5,0.399,0.347,6.42,5,906266,2.52
H05_905683,905683,A2-B0-C2-r6,C2-hibrido,III,1,1,0.747957,0.5278,1.5601,12.0,0.9385,3.717,3717,12|9|6|5|4,5,0.399,0.347,6.42,5,906266,2.65
H05_905683,905683,A2-B0-C2-r7,C2-hard,III,1,1,0.817509,1.4798,2.2973,16.0,0.969,3.349,3349,16|11|7|5|4,5,0.46,0.17,5.54,5,906363,2.56
H05_905683,905683,A2-B0-C2-r7,C2-hibrido,I,0,0,0.499694,0.9899,2.3598,10.0,0.991,4.461,4461,10|8|6|5|4,5,0.46,0.17,5.54,5,906363,2.94
H05_905683,905683,A2-B0-C2-r8,C2-hard,I,0,0,0.672162,0.2121,5.0192,12.0,0.985,3.937,3937,12|8|6|4|4,8,0.781,0.104,4.91,6,906460,2.59
H05_905683,905683,A2-B0-C2-r8,C2-hibrido,I,0,0,0.455749,0.1414,9.576,9.0,0.9905,4.82,4820,9|7|5|5|4,8,0.781,0.104,4.91,6,906460,3.13
H05_905683,905683,A2-B0-C2-r9,C2-hard,I,0,0,0.652827,0.0535,2.0697,12.0,0.9675,3.962,3962,12|8|6|5|4,7,0.634,0.25,7.76,6,906557,2.51
H05_905683,905683,A2-B0-C2-r9,C2-hibrido,I,0,0,0.580189,0.2828,1.788,10.0,0.939,4.562,4562,10|7|6|5|4,7,0.634,0.25,7.76,6,906557,2.88
H05_905683,905683,A2-B0-C2-r10,C2-hard,I,0,0,0.507026,0.5657,1.5401,11.0,0.9905,4.863,4863,11|7|6|5|4,6,0.597,0.348,7.63,7,906654,3.24
H05_905683,905683,A2-B0-C2-r10,C2-hibrido,II,0,0,0.378595,0.1414,1.362,8.0,0.997,5.941,5941,8|6|5|4|4,6,0.597,0.348,7.63,7,906654,3.9
H05_905683,905683,A2-B0-C2-r11,C2-hard,III,1,1,0.737433,0.7071,2.788,13.0,0.934,3.247,3247,13|8|6|5|4,4,0.653,0.307,6.96,5,906751,3.2
H05_905683,905683,A2-B0-C2-r11,C2-hibrido,III,1,1,0.876715,0.6313,2.0632,13.0,0.9065,3.605,3605,13|9|6|5|4,4,0.653,0.307,6.96,5,906751,3.64
H05_905683,905683,A2-B0-C2-r12,C2-hard,III,1,1,0.995866,0.8795,1.446,18.0,0.8085,2.187,2187,18|15|10|7|6,7,0.338,0.291,7.4,4,906848,2.92
H05_905683,905683,A2-B0-C2-r12,C2-hibrido,III,1,1,1.375304,2.7147,1.2783,18.0,0.738,2.176,2176,18|13|9|6|5,7,0.338,0.291,7.4,4,906848,3.09
H05_905683,905683,A2-B0-C2-r13,C2-hard,III,1,1,0.984237,0.1949,1.9166,20.0,0.855,2.355,2355,20|13|9|6|6,5,0.36,0.346,6.34,4,906945,2.92
H05_905683,905683,A2-B0-C2-r13,C2-hibrido,III,1,1,0.946973,1.9487,2.1369,15.0,0.8345,2.599,2599,15|11|7|6|5,5,0.36,0.346,6.34,4,906945,2.97
H05_905683,905683,A2-B0-C2-r14,C2-hard,III,1,1,0.718434,0.3613,2.9202,13.0,0.966,3.367,3367,13|9|7|5|4,6,0.651,0.145,5.45,5,907042,2.96
H05_905683,905683,A2-B0-C2-r14,C2-hibrido,I,0,0,0.579362,0.7071,2.4811,10.0,0.9875,4.599,4599,10|8|6|4|4,6,0.651,0.145,5.45,5,907042,3.41
H05_905683,905683,A2-B0-C2-r15,C2-hard,III,1,1,0.889612,0.4116,1.2544,20.0,0.9245,2.602,2602,20|13|8|6|5,7,0.665,0.344,4.29,4,907139,3.13
H05_905683,905683,A2-B0-C2-r15,C2-hibrido,I,0,0,0.632844,0.0,1.3892,12.0,0.9805,3.97,3970,12|8|6|5|4,7,0.665,0.344,4.29,4,907139,3.47
H05_905683,905683,A2-B0-C2-r16,C2-hard,I,0,0,0.518541,0.7778,1.5455,11.0,0.982,4.11,4110,11|7|6|5|4,7,0.4,0.289,6.39,6,907236,3.56
H05_905683,905683,A2-B0-C2-r16,C2-hibrido,II,0,0,0.361857,0.5278,1.6586,8.0,0.9945,5.431,5431,8|7|5|5|4,7,0.4,0.289,6.39,6,907236,4.24
H05_905683,905683,A2-B0-C2-r17,C2-hard,I,0,0,0.626773,0.2828,1.4747,12.0,0.9755,3.655,3655,12|8|6|5|4,7,0.472,0.124,4.27,6,907333,3.48
H05_905683,905683,A2-B0-C2-r17,C2-hibrido,I,0,0,0.590441,0.9899,2.173,11.0,0.9755,4.121,4121,11|8|7|5|4,7,0.472,0.124,4.27,6,907333,3.95
H05_905683,905683,A2-B0-C2-r18,C2-hard,III,1,1,0.958674,2.9874,3.7256,20.0,0.889,2.468,2468,20|17|9|9|5,4,0.632,0.139,5.93,4,907430,3.23
H05_905683,905683,A2-B0-C2-r18,C2-hibrido,III,1,1,1.128208,1.7901,4.5189,15.0,0.8465,2.732,2732,15|11|9|5|4,4,0.632,0.139,5.93,4,907430,4.33
H05_905683,905683,A2-B0-C2-r19,C2-hard,II,0,0,0.381339,0.9899,2.4013,9.0,0.9915,4.937,4937,9|6|5|5|4,6,0.769,0.207,6.68,7,907527,4.78
H05_905683,905683,A2-B0-C2-r19,C2-hibrido,I,0,0,0.287762,0.5657,1.8398,7.0,0.9965,6.233,6233,7|5|5|4|4,6,0.769,0.207,6.68,7,907527,4.54
H10_2043761,2043761,A2-B0-C2-r0,C2-hard,III,1,1,0.768829,0.5985,2.0323,14.0,0.959,3.364,3364,14|10|6|5|4,5,0.773,0.334,6.36,5,2043762,3.72
H10_2043761,2043761,A2-B0-C2-r0,C2-hibrido,I,0,0,0.681272,0.4243,2.7741,11.0,0.9545,4.062,4062,11|7|6|4|4,5,0.773,0.334,6.36,5,2043762,3.94
H10_2043761,2043761,A2-B0-C2-r1,C2-hard,I,0,0,0.653373,0.8485,2.1137,12.0,0.965,3.938,3938,12|9|7|5|4,5,0.39,0.204,7.99,6,2043859,4.66
H10_2043761,2043761,A2-B0-C2-r1,C2-hibrido,I,0,0,0.644133,0.495,2.1023,11.0,0.938,4.537,4537,11|7|5|5|4,5,0.39,0.204,7.99,6,2043859,4.41
H10_2043761,2043761,A2-B0-C2-r2,C2-hard,I,0,0,0.688944,1.2349,2.0314,13.0,0.965,3.919,3919,13|9|6|5|4,6,0.451,0.217,7.96,6,2043956,4.09
H10_2043761,2043761,A2-B0-C2-r2,C2-hibrido,I,0,0,0.583034,0.2828,1.3131,10.0,0.944,4.494,4494,10|7|5|5|4,6,0.451,0.217,7.96,6,2043956,4.9
H10_2043761,2043761,A2-B0-C2-r3,C2-hard,I,0,0,0.635165,0.6364,1.8784,13.0,0.9805,3.896,3896,13|8|6|5|4,6,0.59,0.254,5.01,6,2044053,4.48
H10_2043761,2043761,A2-B0-C2-r3,C2-hibrido,I,0,0,0.543338,0.9521,1.4855,9.0,0.987,4.794,4794,9|6|5|3|4,6,0.59,0.254,5.01,6,2044053,4.51
H10_2043761,2043761,A2-B0-C2-r4,C2-hard,III,1,1,0.862915,0.8986,3.5337,16.0,0.953,3.242,3242,16|10|9|5|4,7,0.64,0.103,6.66,5,2044150,4.29
H10_2043761,2043761,A2-B0-C2-r4,C2-hibrido,I,0,0,0.650184,0.1414,3.812,11.0,0.935,3.937,3937,11|7|6|5|4,7,0.64,0.103,6.66,5,2044150,3.77
H10_2043761,2043761,A2-B0-C2-r5,C2-hard,I,0,0,0.586366,0.8485,1.894,11.0,0.978,4.172,4172,11|9|6|5|4,5,0.763,0.258,7.07,6,2044247,4.56
H10_2043761,2043761,A2-B0-C2-r5,C2-hibrido,I,0,0,0.527937,0.5657,2.8245,10.0,0.9735,5.003,5003,10|7|5|5|4,5,0.763,0.258,7.07,6,2044247,5.37
H10_2043761,2043761,A2-B0-C2-r6,C2-hard,III,1,1,1.088328,0.4967,2.9002,20.0,0.852,2.359,2359,20|15|9|7|5,6,0.636,0.267,6.3,4,2044344,4.38
H10_2043761,2043761,A2-B0-C2-r6,C2-hibrido,III,1,1,1.343945,1.5177,1.8957,17.0,0.821,2.617,2617,17|12|7|5|4,6,0.636,0.267,6.3,4,2044344,3.62
H10_2043761,2043761,A2-B0-C2-r7,C2-hard,I,0,0,0.585014,0.5657,6.5812,12.0,0.9805,3.826,3826,12|7|6|5|4,4,0.708,0.101,4.54,6,2044441,4.01
H10_2043761,2043761,A2-B0-C2-r7,C2-hibrido,I,0,0,0.514659,0.2828,7.6991,10.0,0.9905,4.49,4490,10|7|6|5|4,4,0.708,0.101,4.54,6,2044441,4.5
H10_2043761,2043761,A2-B0-C2-r8,C2-hard,I,0,0,0.693702,1.0935,1.4591,14.0,0.94,3.168,3168,14|9|7|5|5,5,0.359,0.332,6.65,5,2044538,3.29
H10_2043761,2043761,A2-B0-C2-r8,C2-hibrido,III,1,1,0.761573,0.2828,1.1089,12.0,0.924,3.748,3748,12|8|6|5|4,5,0.359,0.332,6.65,5,2044538,3.73
H10_2043761,2043761,A2-B0-C2-r9,C2-hard,III,1,1,0.766367,0.2828,1.6598,14.0,0.964,3.364,3364,14|10|6|5|4,8,0.627,0.246,5.49,5,2044635,3.7
H10_2043761,2043761,A2-B0-C2-r9,C2-hibrido,I,0,0,0.608883,0.9899,1.7555,12.0,0.989,4.448,4448,12|8|5|5|4,8,0.627,0.246,5.49,5,2044635,3.66
H10_2043761,2043761,A2-B0-C2-r10,C2-hard,III,1,1,0.767706,1.1314,2.3879,15.0,0.9585,3.262,3262,15|8|7|5|4,6,0.364,0.156,6.35,5,2044732,3.41
H10_2043761,2043761,A2-B0-C2-r10,C2-hibrido,III,1,1,0.789969,1.1314,1.3089,14.0,0.9545,3.878,3878,14|8|6|5|4,6,0.364,0.156,6.35,5,2044732,3.27
H10_2043761,2043761,A2-B0-C2-r11,C2-hard,I,0,0,0.68829,0.1949,1.7729,13.0,0.969,3.38,3380,13|9|7|5|4,7,0.594,0.16,5.14,5,2044829,2.74
H10_2043761,2043761,A2-B0-C2-r11,C2-hibrido,I,0,0,0.532159,0.5278,2.5269,10.0,0.988,4.873,4873,10|6|5|4|4,7,0.594,0.16,5.14,5,2044829,4.0
H10_2043761,2043761,A2-B0-C2-r12,C2-hard,III,1,1,0.813048,0.7399,1.7916,16.0,0.9335,3.108,3108,16|10|7|5|5,6,0.325,0.263,6.98,5,2044926,3.17
H10_2043761,2043761,A2-B0-C2-r12,C2-hibrido,III,1,1,1.015199,1.4798,1.4928,15.0,0.9035,3.48,3480,15|11|7|5|4,6,0.325,0.263,6.98,5,2044926,3.62
H10_2043761,2043761,A2-B0-C2-r13,C2-hard,I,0,0,0.590997,0.4243,1.5678,12.0,0.9825,4.041,4041,12|8|6|5|4,7,0.443,0.289,6.68,6,2045023,3.8
H10_2043761,2043761,A2-B0-C2-r13,C2-hibrido,I,0,0,0.512301,0.9899,1.1059,10.0,0.984,4.855,4855,10|7|5|5|4,7,0.443,0.289,6.68,6,2045023,3.7
H10_2043761,2043761,A2-B0-C2-r14,C2-hard,II,0,0,0.369613,0.5657,2.2991,9.0,0.991,4.848,4848,9|6|6|5|4,7,0.778,0.28,6.08,7,2045120,3.43
H10_2043761,2043761,A2-B0-C2-r14,C2-hibrido,II,0,0,0.392161,0.4243,2.8212,8.0,0.994,5.907,5907,8|6|4|4|4,7,0.778,0.28,6.08,7,2045120,3.75
H10_2043761,2043761,A2-B0-C2-r15,C2-hard,I,0,0,0.582229,0.2984,2.0606,11.0,0.9845,4.081,4081,11|9|7|5|4,5,0.47,0.238,7.06,6,2045217,3.9
H10_2043761,2043761,A2-B0-C2-r15,C2-hibrido,I,0,0,0.550858,0.8485,3.0079,9.0,0.971,4.852,4852,9|7|5|4|4,5,0.47,0.238,7.06,6,2045217,3.48
H10_2043761,2043761,A2-B0-C2-r16,C2-hard,I,0,0,0.450356,0.1069,2.6192,10.0,0.9945,4.944,4944,10|7|6|5|4,7,0.542,0.168,7.92,7,2045314,3.79
H10_2043761,2043761,A2-B0-C2-r16,C2-hibrido,I,0,0,0.541139,1.5556,2.8232,11.0,0.987,5.887,5887,11|6|5|4|4,7,0.542,0.168,7.92,7,2045314,3.95
H10_2043761,2043761,A2-B0-C2-r17,C2-hard,III,1,1,0.705507,0.4087,2.0284,15.0,0.9515,3.262,3262,15|11|7|6|5,7,0.434,0.112,6.56,5,2045411,3.37
H10_2043761,2043761,A2-B0-C2-r17,C2-hibrido,III,1,1,0.788619,0.2449,2.3543,13.0,0.93,3.801,3801,13|8|6|5|4,7,0.434,0.112,6.56,5,2045411,3.06
H10_2043761,2043761,A2-B0-C2-r18,C2-hard,IV,0,1,1.019325,0.5657,6.4863,20.0,0.881,2.485,2485,20|13|9|6|5,4,0.48,0.105,6.04,4,2045508,2.88
H10_2043761,2043761,A2-B0-C2-r18,C2-hibrido,IV,0,1,1.034406,1.458,5.5999,15.0,0.8585,2.799,2799,15|9|7|5|4,4,0.48,0.105,6.04,4,2045508,2.6
H10_2043761,2043761,A2-B0-C2-r19,C2-hard,III,1,1,0.74769,0.7071,0.8731,14.0,0.9785,3.76,3760,14|10|6|5|4,6,0.58,0.221,4.55,6,2045605,3.66
H10_2043761,2043761,A2-B0-C2-r19,C2-hibrido,I,0,0,0.535225,0.4243,1.9763,10.0,0.985,4.401,4401,10|8|6|5|4,6,0.58,0.221,4.55,6,2045605,3.45
H15_3389417,3389417,A2-B0-C2-r0,C2-hard,III,1,1,0.712693,0.495,2.6252,13.0,0.969,3.3,3300,13|10|7|5|4,6,0.415,0.347,5.31,5,3389418,3.85
H15_3389417,3389417,A2-B0-C2-r0,C2-hibrido,I,0,0,0.483078,0.4243,1.4709,10.0,0.9905,4.634,4634,10|7|6|5|4,6,0.415,0.347,5.31,5,3389418,3.26
H15_3389417,3389417,A2-B0-C2-r1,C2-hard,IV,0,1,0.839843,1.0935,5.532,14.0,0.9265,3.203,3203,14|10|6|5|4,4,0.518,0.118,7.29,5,3389515,2.98
H15_3389417,3389417,A2-B0-C2-r1,C2-hibrido,III,1,1,0.757249,1.6592,4.3298,10.0,0.874,3.394,3394,10|9|6|5|4,4,0.518,0.118,7.29,5,3389515,3.59
H15_3389417,3389417,A2-B0-C2-r2,C2-hard,III,1,1,1.285643,1.1314,2.1727,21.0,0.778,2.114,2114,21|16|11|7|5,7,0.629,0.23,7.77,4,3389612,2.76
H15_3389417,3389417,A2-B0-C2-r2,C2-hibrido,III,1,1,1.399526,2.0044,1.9501,15.0,0.73,2.317,2317,15|12|8|5|4,7,0.629,0.23,7.77,4,3389612,2.85
H15_3389417,3389417,A2-B0-C2-r3,C2-hard,III,1,1,1.051267,0.9933,3.2336,20.0,0.874,2.4,2400,20|14|9|6|5,6,0.55,0.315,5.99,4,3389709,3.24
H15_3389417,3389417,A2-B0-C2-r3,C2-hibrido,III,1,1,1.134357,0.6313,2.1988,17.0,0.848,2.713,2713,17|10|7|6|4,6,0.55,0.315,5.99,4,3389709,3.74
H15_3389417,3389417,A2-B0-C2-r4,C2-hard,III,1,1,0.729948,0.9209,1.4658,14.0,0.9655,3.271,3271,14|9|6|5|4,7,0.37,0.152,5.35,5,3389806,3.52
H15_3389417,3389417,A2-B0-C2-r4,C2-hibrido,I,0,0,0.532057,0.1949,1.7013,11.0,0.99,4.573,4573,11|7|6|5|4,7,0.37,0.152,5.35,5,3389806,3.63
H15_3389417,3389417,A2-B0-C2-r5,C2-hard,III,1,1,0.76308,0.7071,4.5699,15.0,0.948,3.344,3344,15|8|7|5|4,4,0.726,0.148,6.34,5,3389903,3.16
H15_3389417,3389417,A2-B0-C2-r5,C2-hibrido,I,0,0,0.674183,1.2728,3.6794,12.0,0.949,4.077,4077,12|9|6|6|4,4,0.726,0.148,6.34,5,3389903,4.07
H15_3389417,3389417,A2-B0-C2-r6,C2-hard,I,0,0,0.611552,0.1414,2.6005,11.0,0.9705,3.589,3589,11|8|6|5|4,6,0.775,0.317,4.04,6,3390000,3.23
H15_3389417,3389417,A2-B0-C2-r6,C2-hibrido,I,0,0,0.654245,0.5657,1.1002,12.0,0.978,3.945,3945,12|8|6|5|4,6,0.775,0.317,4.04,6,3390000,4.03
H15_3389417,3389417,A2-B0-C2-r7,C2-hard,III,1,1,0.756617,0.1949,2.1199,14.0,0.962,3.339,3339,14|9|7|5|4,5,0.577,0.315,5.92,5,3390097,3.42
H15_3389417,3389417,A2-B0-C2-r7,C2-hibrido,I,0,0,0.575956,0.5278,1.7567,11.0,0.966,4.16,4160,11|7|6|5|4,5,0.577,0.315,5.92,5,3390097,3.44
H15_3389417,3389417,A2-B0-C2-r8,C2-hard,III,1,1,0.742974,0.8106,1.9476,14.0,0.9135,3.107,3107,14|11|7|6|5,7,0.646,0.208,7.92,5,3390194,3.52
H15_3389417,3389417,A2-B0-C2-r8,C2-hibrido,III,1,1,1.011784,0.5657,2.989,13.0,0.84,3.228,3228,13|9|6|5|4,7,0.646,0.208,7.92,5,3390194,2.49
H15_3389417,3389417,A2-B0-C2-r9,C2-hard,I,0,0,0.568459,0.5657,1.7929,13.0,0.9775,3.602,3602,13|8|6|5|5,4,0.589,0.31,4.05,6,3390291,3.08
H15_3389417,3389417,A2-B0-C2-r9,C2-hibrido,I,0,0,0.534625,0.1414,1.0982,10.0,0.9815,3.989,3989,10|7|5|5|4,4,0.589,0.31,4.05,6,3390291,3.34
H15_3389417,3389417,A2-B0-C2-r10,C2-hard,I,0,0,0.575412,0.3864,2.1826,11.0,0.985,4.048,4048,11|9|6|5|4,5,0.363,0.195,6.44,6,3390388,3.96
H15_3389417,3389417,A2-B0-C2-r10,C2-hibrido,II,0,0,0.440405,0.495,1.9312,9.0,0.9945,5.394,5394,9|6|5|4|4,5,0.363,0.195,6.44,6,3390388,4.81
H15_3389417,3389417,A2-B0-C2-r11,C2-hard,III,1,1,0.750733,0.4899,2.4487,14.0,0.9655,3.369,3369,14|10|6|5|4,5,0.378,0.1,5.12,5,3390485,4.13
H15_3389417,3389417,A2-B0-C2-r11,C2-hibrido,I,0,0,0.466208,1.6971,4.1522,9.0,0.99,4.777,4777,9|8|6|5|4,5,0.378,0.1,5.12,5,3390485,3.78
H15_3389417,3389417,A2-B0-C2-r12,C2-hard,III,1,1,1.404229,0.7883,2.5845,22.0,0.768,2.111,2111,22|15|10|6|5,5,0.398,0.245,7.85,4,3390582,3.3
H15_3389417,3389417,A2-B0-C2-r12,C2-hibrido,III,1,1,1.278516,1.8082,2.4652,17.0,0.7345,2.303,2303,17|12|8|6|5,5,0.398,0.245,7.85,4,3390582,2.55
H15_3389417,3389417,A2-B0-C2-r13,C2-hard,I,0,0,0.68395,0.9521,4.8031,13.0,0.982,3.419,3419,13|10|7|5|4,8,0.772,0.177,4.96,5,3390679,3.25
H15_3389417,3389417,A2-B0-C2-r13,C2-hibrido,I,0,0,0.594274,1.0556,2.9937,11.0,0.996,4.813,4813,11|7|5|4|4,8,0.772,0.177,4.96,5,3390679,3.22
H15_3389417,3389417,A2-B0-C2-r14,C2-hard,III,1,1,0.716116,0.4398,3.0552,12.0,0.938,3.263,3263,12|9|6|5|4,5,0.535,0.154,6.98,5,3390776,3.03
H15_3389417,3389417,A2-B0-C2-r14,C2-hibrido,III,1,1,0.891448,0.9899,3.0031,13.0,0.9065,3.611,3611,13|10|6|5|4,5,0.535,0.154,6.98,5,3390776,3.4
H15_3389417,3389417,A2-B0-C2-r15,C2-hard,III,1,1,0.717115,0.8329,2.4066,13.0,0.9295,3.135,3135,13|10|7|5|5,7,0.671,0.156,7.36,5,3390873,3.08
H15_3389417,3389417,A2-B0-C2-r15,C2-hibrido,III,1,1,1.036601,0.1569,2.9006,14.0,0.8775,3.364,3364,14|11|6|5|4,7,0.671,0.156,7.36,5,3390873,2.99
H15_3389417,3389417,A2-B0-C2-r16,C2-hard,I,0,0,0.61619,0.2121,1.7127,14.0,0.959,3.351,3351,14|8|7|5|5,6,0.702,0.141,6.14,5,3390970,3.12
H15_3389417,3389417,A2-B0-C2-r16,C2-hibrido,I,0,0,0.648075,0.5657,2.2,11.0,0.9565,4.077,4077,11|8|6|5|4,6,0.702,0.141,6.14,5,3390970,3.55
H15_3389417,3389417,A2-B0-C2-r17,C2-hard,II,0,0,0.374508,0.495,1.3665,8.0,0.987,4.752,4752,8|7|5|5|4,6,0.355,0.342,7.54,7,3391067,3.85
H15_3389417,3389417,A2-B0-C2-r17,C2-hibrido,I,0,0,0.331755,0.2828,1.4204,8.0,0.995,5.725,5725,8|6|5|5|4,6,0.355,0.342,7.54,7,3391067,3.72
H15_3389417,3389417,A2-B0-C2-r18,C2-hard,III,1,1,0.70002,0.8106,1.67,13.0,0.972,3.281,3281,13|10|7|5|4,6,0.558,0.322,4.46,5,3391164,3.1
H15_3389417,3389417,A2-B0-C2-r18,C2-hibrido,I,0,0,0.510151,0.7071,1.1296,10.0,0.983,4.241,4241,10|7|6|5|4,6,0.558,0.322,4.46,5,3391164,2.87
H15_3389417,3389417,A2-B0-C2-r19,C2-hard,III,1,1,0.743528,1.0935,2.9119,15.0,0.9405,3.286,3286,15|10|6|5|5,4,0.525,0.169,6.55,5,3391261,2.99
H15_3389417,3389417,A2-B0-C2-r19,C2-hibrido,I,0,0,0.673316,0.4243,3.1432,11.0,0.9345,3.907,3907,11|8|6|5|4,4,0.525,0.169,6.55,5,3391261,3.05
H01_218903,218903,A2-B0-C2-r0,C2-hard,III,1,1,0.988168,0.9783,3.0867,18.0,0.856,2.416,2416,18|13|10|6|5,4,0.763,0.164,6.54,4,218904,1.67
H01_218903,218903,A2-B0-C2-r0,C2-hibrido,III,1,1,1.400765,0.9495,3.1255,18.0,0.7995,2.574,2574,18|11|9|5|4,4,0.763,0.164,6.54,4,218904,1.84
H01_218903,218903,A2-B0-C2-r1,C2-hard,III,1,1,0.70323,0.6313,2.8461,14.0,0.969,3.346,3346,14|8|7|5|4,8,0.799,0.273,4.56,5,219001,2.16
H01_218903,218903,A2-B0-C2-r1,C2-hibrido,I,0,0,0.545999,0.4243,1.2634,11.0,0.9875,4.438,4438,11|7|5|5|4,8,0.799,0.273,4.56,5,219001,2.52
H01_218903,218903,A2-B0-C2-r2,C2-hard,I,0,0,0.569822,0.1414,2.7176,11.0,0.974,4.029,4029,11|8|6|5|4,7,0.611,0.104,7.46,6,219098,2.49
H01_218903,218903,A2-B0-C2-r2,C2-hibrido,I,0,0,0.554823,0.8485,2.6359,10.0,0.9585,4.672,4672,10|7|6|5|4,7,0.611,0.104,7.46,6,219098,2.47
H01_218903,218903,A2-B0-C2-r3,C2-hard,III,1,1,0.848063,2.4042,1.2859,15.0,0.94,3.148,3148,15|12|8|6|4,8,0.319,0.322,6.62,5,219195,2.06
H01_218903,218903,A2-B0-C2-r3,C2-hibrido,III,1,1,0.824454,0.2483,1.3519,13.0,0.931,3.733,3733,13|9|6|5|4,8,0.319,0.322,6.62,5,219195,2.19
H01_218903,218903,A2-B0-C2-r4,C2-hard,III,1,1,1.36137,0.5714,1.3095,21.0,0.7625,2.078,2078,21|14|10|6|5,7,0.446,0.297,7.77,4,219292,2.1
H01_218903,218903,A2-B0-C2-r4,C2-hibrido,III,1,1,1.219359,1.0839,1.9804,15.0,0.73,2.27,2270,15|11|9|7|4,7,0.446,0.297,7.77,4,219292,1.82
H01_218903,218903,A2-B0-C2-r5,C2-hard,III,1,1,0.890849,0.8106,2.7287,14.0,0.9205,3.109,3109,14|11|7|5|4,5,0.414,0.14,7.75,5,219389,2.23
H01_218903,218903,A2-B0-C2-r5,C2-hibrido,III,1,1,0.921451,0.5657,3.0103,13.0,0.8595,3.285,3285,13|9|7|5|4,5,0.414,0.14,7.75,5,219389,2.21
H01_218903,218903,A2-B0-C2-r6,C2-hard,III,1,1,1.096887,0.7071,4.5953,19.0,0.8005,2.217,2217,19|12|10|7|5,4,0.351,0.115,7.34,4,219486,1.97
H01_218903,218903,A2-B0-C2-r6,C2-hibrido,III,1,1,1.349401,2.6163,3.886,15.0,0.733,2.292,2292,15|9|7|5|4,4,0.351,0.115,7.34,4,219486,1.74
H01_218903,218903,A2-B0-C2-r7,C2-hard,I,0,0,0.592819,0.1414,2.4743,11.0,0.9775,3.644,3644,11|8|6|5|4,4,0.667,0.322,4.09,6,219583,2.28
H01_218903,218903,A2-B0-C2-r7,C2-hibrido,I,0,0,0.600986,0.5657,1.6536,10.0,0.9795,4.045,4045,10|7|5|4|4,4,0.667,0.322,4.09,6,219583,2.68
H01_218903,218903,A2-B0-C2-r8,C2-hard,III,1,1,0.801715,0.2121,1.5782,14.0,0.943,3.302,3302,14|9|7|5|4,4,0.59,0.32,6.58,5,219680,2.38
H01_218903,218903,A2-B0-C2-r8,C2-hibrido,III,1,1,0.840413,0.657,1.3501,14.0,0.937,3.893,3893,14|9|7|5|4,4,0.59,0.32,6.58,5,219680,2.47
H01_218903,218903,A2-B0-C2-r9,C2-hard,III,1,1,0.816314,1.0935,2.1881,15.0,0.9645,3.361,3361,15|10|7|5|4,6,0.641,0.136,6.12,5,219777,2.24
H01_218903,218903,A2-B0-C2-r9,C2-hibrido,I,0,0,0.620742,0.7071,3.281,11.0,0.9565,4.029,4029,11|7|6|5|4,6,0.641,0.136,6.12,5,219777,2.41
H01_218903,218903,A2-B0-C2-r10,C2-hard,I,0,0,0.65829,1.4142,1.7954,12.0,0.9825,3.897,3897,12|10|6|5|4,5,0.368,0.161,4.98,6,219874,2.41
H01_218903,218903,A2-B0-C2-r10,C2-hibrido,II,0,0,0.356687,1.0607,2.5095,8.0,0.9885,4.757,4757,8|6|5|5|4,5,0.368,0.161,4.98,6,219874,2.52
H01_218903,218903,A2-B0-C2-r11,C2-hard,IV,0,1,0.807826,1.0623,5.5149,14.0,0.9495,3.3,3300,14|11|7|5|4,5,0.688,0.153,6.82,5,219971,2.53
H01_218903,218903,A2-B0-C2-r11,C2-hibrido,III,1,1,0.812132,0.2449,3.8445,12.0,0.917,3.698,3698,12|9|6|5|4,5,0.688,0.153,6.82,5,219971,2.48
H01_218903,218903,A2-B0-C2-r12,C2-hard,I,0,0,0.626619,0.495,2.2181,12.0,0.975,4.022,4022,12|8|6|5|4,4,0.525,0.341,7.5,6,220068,2.7
H01_218903,218903,A2-B0-C2-r12,C2-hibrido,I,0,0,0.564567,0.1414,2.2001,10.0,0.9545,4.686,4686,10|7|5|5|4,4,0.525,0.341,7.5,6,220068,2.76
H01_218903,218903,A2-B0-C2-r13,C2-hard,I,0,0,0.699107,0.5278,1.4618,14.0,0.9655,3.11,3110,14|11|7|5|5,7,0.352,0.25,4.32,5,220165,2.09
H01_218903,218903,A2-B0-C2-r13,C2-hibrido,I,0,0,0.628413,0.2828,0.4926,12.0,0.9745,4.03,4030,12|7|6|5|4,7,0.352,0.25,4.32,5,220165,3.15
H01_218903,218903,A2-B0-C2-r14,C2-hard,III,1,1,0.71162,0.2673,1.6697,13.0,0.9725,3.997,3997,13|10|6|5|4,5,0.412,0.284,7.42,6,220262,2.97
H01_218903,218903,A2-B0-C2-r14,C2-hibrido,I,0,0,0.583122,0.495,1.9441,10.0,0.956,4.593,4593,10|8|6|5|4,5,0.412,0.284,7.42,6,220262,2.82
H01_218903,218903,A2-B0-C2-r15,C2-hard,III,1,1,0.737338,0.9832,1.8477,14.0,0.971,4.048,4048,14|9|6|5|4,6,0.768,0.224,7.87,6,220359,2.43
H01_218903,218903,A2-B0-C2-r15,C2-hibrido,I,0,0,0.662824,0.7778,2.7036,10.0,0.9415,4.552,4552,10|8|6|4|4,6,0.768,0.224,7.87,6,220359,2.69
H01_218903,218903,A2-B0-C2-r16,C2-hard,I,0,0,0.642963,1.2728,2.5447,13.0,0.9815,3.875,3875,13|7|6|5|4,5,0.643,0.159,4.12,7,220456,2.92
H01_218903,218903,A2-B0-C2-r16,C2-hibrido,III,1,1,0.708518,1.4142,3.1548,13.0,0.985,4.067,4067,13|9|6|5|4,5,0.643,0.159,4.12,7,220456,2.6
H01_218903,218903,A2-B0-C2-r17,C2-hard,I,0,0,0.692733,0.1414,2.0886,13.0,0.9795,3.591,3591,13|9|6|5|4,7,0.33,0.211,4.31,6,220553,2.45
H01_218903,218903,A2-B0-C2-r17,C2-hibrido,I,0,0,0.519018,0.8106,1.4423,10.0,0.977,4.098,4098,10|7|6|5|4,7,0.33,0.211,4.31,6,220553,3.12
H01_218903,218903,A2-B0-C2-r18,C2-hard,I,0,0,0.586614,0.1242,2.1737,11.0,0.9855,3.996,3996,11|8|6|5|4,6,0.655,0.226,4.36,7,220650,3.24
H01_218903,218903,A2-B0-C2-r18,C2-hibrido,I,0,0,0.570765,0.4777,2.4945,11.0,0.9865,4.233,4233,11|7|5|5|4,6,0.655,0.226,4.36,7,220650,2.64
H01_218903,218903,A2-B0-C2-r19,C2-hard,I,0,0,0.473188,1.0813,1.288,10.0,0.989,3.944,3944,10|7|6|5|4,6,0.489,0.276,4.95,6,220747,2.61
H01_218903,218903,A2-B0-C2-r19,C2-hibrido,II,0,0,0.435676,0.8813,1.7403,9.0,0.992,4.716,4716,9|7|5|5|4,6,0.489,0.276,4.95,6,220747,2.5
H06_1128409,1128409,A2-B0-C2-r0,C2-hard,III,1,1,0.865263,1.628,1.248,17.0,0.959,3.26,3260,17|11|8|5|4,7,0.441,0.31,5.65,5,1128410,2.57
H06_1128409,1128409,A2-B0-C2-r0,C2-hibrido,I,0,0,0.611089,0.2514,1.1379,11.0,0.9765,4.146,4146,11|8|5|5|4,7,0.441,0.31,5.65,5,1128410,2.35
H06_1128409,1128409,A2-B0-C2-r1,C2-hard,II,0,0,0.43248,0.3536,2.1044,9.0,0.9915,4.599,4599,9|7|5|5|4,7,0.758,0.266,5.51,7,1128507,2.46
H06_1128409,1128409,A2-B0-C2-r1,C2-hibrido,II,0,0,0.385627,0.7071,1.3245,8.0,0.9935,5.368,5368,8|6|5|4|4,7,0.758,0.266,5.51,7,1128507,2.68
H06_1128409,1128409,A2-B0-C2-r2,C2-hard,III,1,1,0.761936,1.0177,2.2285,15.0,0.976,3.41,3410,15|10|7|5|4,5,0.512,0.289,5.61,5,1128604,2.42
H06_1128409,1128409,A2-B0-C2-r2,C2-hibrido,I,0,0,0.500554,0.0535,2.0041,10.0,0.985,4.262,4262,10|7|6|5|4,5,0.512,0.289,5.61,5,1128604,2.5
H06_1128409,1128409,A2-B0-C2-r3,C2-hard,III,1,1,0.719103,0.6726,2.8313,14.0,0.973,3.415,3415,14|9|7|5|4,4,0.756,0.202,4.79,5,1128701,2.19
H06_1128409,1128409,A2-B0-C2-r3,C2-hibrido,I,0,0,0.511974,0.5657,3.2257,9.0,0.989,4.698,4698,9|7|5|4|4,4,0.756,0.202,4.79,5,1128701,2.26
H06_1128409,1128409,A2-B0-C2-r4,C2-hard,I,0,0,0.661421,0.8485,1.4787,13.0,0.9915,3.89,3890,13|9|6|5|4,7,0.362,0.246,5.02,6,1128798,2.16
H06_1128409,1128409,A2-B0-C2-r4,C2-hibrido,II,0,0,0.408956,0.8485,1.041,9.0,0.9945,4.74,4740,9|6|5|5|4,7,0.362,0.246,5.02,6,1128798,2.74
H06_1128409,1128409,A2-B0-C2-r5,C2-hard,I,0,0,0.473891,0.3536,1.5466,10.0,0.991,4.66,4660,10|7|5|5|4,5,0.313,0.201,5.91,7,1128895,2.56
H06_1128409,1128409,A2-B0-C2-r5,C2-hibrido,I,0,0,0.468504,0.3864,1.3161,10.0,0.994,5.612,5612,10|7|5|5|4,5,0.313,0.201,5.91,7,1128895,2.65
H06_1128409,1128409,A2-B0-C2-r6,C2-hard,III,1,1,0.868574,0.6882,2.6095,16.0,0.928,3.113,3113,16|10|7|6|4,8,0.4,0.206,7.15,5,1128992,2.56
H06_1128409,1128409,A2-B0-C2-r6,C2-hibrido,III,1,1,0.807927,0.7678,2.3626,11.0,0.881,3.4,3400,11|9|6|5|4,8,0.4,0.206,7.15,5,1128992,2.45
H06_1128409,1128409,A2-B0-C2-r7,C2-hard,III,1,1,0.957009,2.187,1.5349,18.0,0.9325,3.152,3152,18|11|7|6|4,4,0.497,0.332,7.07,5,1129089,2.54
H06_1128409,1128409,A2-B0-C2-r7,C2-hibrido,III,1,1,0.780002,0.9899,1.8176,12.0,0.892,3.593,3593,12|7|6|5|4,4,0.497,0.332,7.07,5,1129089,2.56
H06_1128409,1128409,A2-B0-C2-r8,C2-hard,III,1,1,0.897379,1.2626,1.8707,16.0,0.964,3.389,3389,16|10|6|4|4,4,0.49,0.246,5.44,5,1129186,2.52
H06_1128409,1128409,A2-B0-C2-r8,C2-hibrido,I,0,0,0.497953,0.2828,2.3798,9.0,0.989,4.693,4693,9|7|5|4|4,4,0.49,0.246,5.44,5,1129186,3.01
H06_1128409,1128409,A2-B0-C2-r9,C2-hard,III,1,1,0.782998,0.7341,1.8373,16.0,0.963,3.123,3123,16|10|7|5|5,6,0.733,0.287,4.03,5,1129283,2.46
H06_1128409,1128409,A2-B0-C2-r9,C2-hibrido,I,0,0,0.628272,0.4243,2.3609,11.0,0.974,3.928,3928,11|8|6|5|4,6,0.733,0.287,4.03,5,1129283,2.54
H06_1128409,1128409,A2-B0-C2-r10,C2-hard,III,1,1,1.204748,0.7071,1.8674,20.0,0.81,2.243,2243,20|14|10|6|5,7,0.668,0.292,7.19,4,1129380,1.85
H06_1128409,1128409,A2-B0-C2-r10,C2-hibrido,III,1,1,1.561843,1.3919,1.9699,19.0,0.761,2.313,2313,19|14|9|5|4,7,0.668,0.292,7.19,4,1129380,2.21
H06_1128409,1128409,A2-B0-C2-r11,C2-hard,III,1,1,0.779671,0.8519,1.6771,15.0,0.9705,3.389,3389,15|10|7|5|4,5,0.698,0.277,4.92,5,1129477,2.73
H06_1128409,1128409,A2-B0-C2-r11,C2-hibrido,I,0,0,0.528605,0.5657,2.9827,11.0,0.9915,4.734,4734,11|7|5|5|4,5,0.698,0.277,4.92,5,1129477,3.02
H06_1128409,1128409,A2-B0-C2-r12,C2-hard,I,0,0,0.698469,0.4276,2.5611,13.0,0.9615,3.327,3327,13|9|7|5|4,5,0.425,0.271,5.32,5,1129574,2.92
H06_1128409,1128409,A2-B0-C2-r12,C2-hibrido,I,0,0,0.534355,0.7071,1.581,11.0,0.9905,4.791,4791,11|7|5|5|4,5,0.425,0.271,5.32,5,1129574,4.18
H06_1128409,1128409,A2-B0-C2-r13,C2-hard,III,1,1,1.158708,1.2079,2.8891,18.0,0.7975,2.21,2210,18|13|9|6|5,4,0.648,0.285,7.94,4,1129671,2.77
H06_1128409,1128409,A2-B0-C2-r13,C2-hibrido,III,1,1,1.289133,3.2527,2.0872,14.0,0.7565,2.414,2414,14|11|7|5|4,4,0.648,0.285,7.94,4,1129671,2.98
H06_1128409,1128409,A2-B0-C2-r14,C2-hard,I,0,0,0.476987,0.1414,1.6746,10.0,0.983,3.924,3924,10|7|6|5|4,6,0.332,0.288,5.23,6,1129768,3.65
H06_1128409,1128409,A2-B0-C2-r14,C2-hibrido,II,0,0,0.410666,0.8106,1.5758,9.0,0.988,4.859,4859,9|6|5|5|4,6,0.332,0.288,5.23,6,1129768,3.85
H06_1128409,1128409,A2-B0-C2-r15,C2-hard,III,1,1,0.94749,1.3662,2.3154,20.0,0.922,2.556,2556,20|15|10|6|5,7,0.726,0.324,4.76,4,1129865,2.74
H06_1128409,1128409,A2-B0-C2-r15,C2-hibrido,III,1,1,0.822675,0.5657,1.6453,14.0,0.959,3.383,3383,14|10|7|5|4,7,0.726,0.324,4.76,4,1129865,3.03
H06_1128409,1128409,A2-B0-C2-r16,C2-hard,III,1,1,0.943556,0.7399,2.8481,15.0,0.9205,3.084,3084,15|11|6|5|4,6,0.429,0.131,7.44,5,1129962,3.26
H06_1128409,1128409,A2-B0-C2-r16,C2-hibrido,III,1,1,0.743612,0.8627,2.5142,11.0,0.8655,3.298,3298,11|7|8|5|4,6,0.429,0.131,7.44,5,1129962,3.31
H06_1128409,1128409,A2-B0-C2-r17,C2-hard,I,0,0,0.590084,0.0707,3.1449,11.0,0.968,4.036,4036,11|8|6|5|4,5,0.403,0.152,7.72,6,1130059,3.67
H06_1128409,1128409,A2-B0-C2-r17,C2-hibrido,I,0,0,0.529327,0.2828,2.8796,9.0,0.948,4.597,4597,9|8|6|5|4,5,0.403,0.152,7.72,6,1130059,3.67
H06_1128409,1128409,A2-B0-C2-r18,C2-hard,I,0,0,0.576556,0.5278,1.8788,12.0,0.984,4.168,4168,12|7|6|5|4,8,0.598,0.322,6.75,6,1130156,4.03
H06_1128409,1128409,A2-B0-C2-r18,C2-hibrido,II,0,0,0.448504,0.9899,1.5727,9.0,0.986,5.027,5027,9|7|6|5|4,8,0.598,0.322,6.75,6,1130156,4.42
H06_1128409,1128409,A2-B0-C2-r19,C2-hard,I,0,0,0.514017,0.2828,2.8335,10.0,0.9865,4.929,4929,10|7|5|4|4,4,0.387,0.217,7.5,7,1130253,4.68
H06_1128409,1128409,A2-B0-C2-r19,C2-hibrido,II,0,0,0.379284,0.3864,2.0014,8.0,0.9945,6.317,6317,8|6|5|4|4,4,0.387,0.217,7.5,7,1130253,6.04
H11_2296589,2296589,A2-B0-C2-r0,C2-hard,I,0,0,0.543017,0.4243,2.0645,11.0,0.9815,4.009,4009,11|8|7|5|4,8,0.437,0.25,7.04,6,2296590,3.89
H11_2296589,2296589,A2-B0-C2-r0,C2-hibrido,I,0,0,0.596116,0.4243,2.0993,10.0,0.975,4.906,4906,10|7|5|4|4,8,0.437,0.25,7.04,6,2296590,4.32
H11_2296589,2296589,A2-B0-C2-r1,C2-hard,III,1,1,0.723532,0.4243,1.7302,14.0,0.968,3.32,3320,14|9|7|5|4,6,0.53,0.194,5.18,5,2296687,3.64
H11_2296589,2296589,A2-B0-C2-r1,C2-hibrido,II,0,0,0.432629,0.2828,3.2531,9.0,0.9925,4.766,4766,9|7|6|5|4,6,0.53,0.194,5.18,5,2296687,4.61
H11_2296589,2296589,A2-B0-C2-r2,C2-hard,IV,0,1,0.841729,1.4142,6.2998,15.0,0.9085,3.076,3076,15|11|7|5|5,4,0.568,0.106,7.64,5,2296784,3.63
H11_2296589,2296589,A2-B0-C2-r2,C2-hibrido,IV,0,1,0.86851,1.3763,5.0604,12.0,0.87,3.47,3470,12|8|6|5|4,4,0.568,0.106,7.64,5,2296784,3.64
H11_2296589,2296589,A2-B0-C2-r3,C2-hard,I,0,0,0.682524,1.1169,1.4084,16.0,0.9695,3.354,3354,16|9|8|5|5,4,0.382,0.184,5.99,5,2296881,3.74
H11_2296589,2296589,A2-B0-C2-r3,C2-hibrido,I,0,0,0.537326,0.1414,2.7212,10.0,0.973,4.239,4239,10|7|6|5|4,4,0.382,0.184,5.99,5,2296881,4.59
H11_2296589,2296589,A2-B0-C2-r4,C2-hard,I,0,0,0.56877,0.1414,1.7735,12.0,0.9775,3.961,3961,12|7|6|5|4,5,0.623,0.273,5.02,6,2296978,4.29
H11_2296589,2296589,A2-B0-C2-r4,C2-hibrido,I,0,0,0.453466,0.2828,2.2061,9.0,0.99,4.892,4892,9|7|5|5|4,5,0.623,0.273,5.02,6,2296978,4.42
H11_2296589,2296589,A2-B0-C2-r5,C2-hard,I,0,0,0.595693,0.1604,2.3055,11.0,0.964,3.952,3952,11|8|6|5|4,8,0.356,0.114,7.8,6,2297075,4.59
H11_2296589,2296589,A2-B0-C2-r5,C2-hibrido,I,0,0,0.575,0.4243,1.9342,10.0,0.9355,4.43,4430,10|7|6|5|4,8,0.356,0.114,7.8,6,2297075,4.2
H11_2296589,2296589,A2-B0-C2-r6,C2-hard,I,0,0,0.467114,0.4243,3.1016,10.0,0.987,4.191,4191,10|7|5|5|4,8,0.791,0.233,6.19,6,2297172,4.3
H11_2296589,2296589,A2-B0-C2-r6,C2-hibrido,II,0,0,0.390901,1.5556,3.0421,9.0,0.9965,5.935,5935,9|6|5|5|4,8,0.791,0.233,6.19,6,2297172,5.53
H11_2296589,2296589,A2-B0-C2-r7,C2-hard,I,0,0,0.583895,0.2449,1.4613,12.0,0.9875,4.079,4079,12|8|6|5|4,5,0.71,0.348,5.06,6,2297269,5.01
H11_2296589,2296589,A2-B0-C2-r7,C2-hibrido,I,0,0,0.478079,0.8485,1.9065,10.0,0.9905,4.971,4971,10|7|6|5|4,5,0.71,0.348,5.06,6,2297269,4.83
H11_2296589,2296589,A2-B0-C2-r8,C2-hard,III,1,1,0.703977,0.4648,2.5542,13.0,0.968,3.332,3332,13|9|6|5|4,6,0.451,0.162,4.94,5,2297366,3.83
H11_2296589,2296589,A2-B0-C2-r8,C2-hibrido,I,0,0,0.450426,0.5657,1.314,9.0,0.983,4.52,4520,9|7|6|5|4,6,0.451,0.162,4.94,5,2297366,3.87
H11_2296589,2296589,A2-B0-C2-r9,C2-hard,I,0,0,0.487762,0.5278,1.896,10.0,0.9865,4.056,4056,10|8|6|5|4,6,0.595,0.212,5.25,6,2297463,3.82
H11_2296589,2296589,A2-B0-C2-r9,C2-hibrido,I,0,0,0.481582,0.4243,1.9191,9.0,0.9895,5.043,5043,9|7|5|4|4,6,0.595,0.212,5.25,6,2297463,4.24
H11_2296589,2296589,A2-B0-C2-r10,C2-hard,I,0,0,0.485479,0.1414,4.7399,10.0,0.9825,4.186,4186,10|7|6|5|4,4,0.485,0.141,6.26,6,2297560,3.54
H11_2296589,2296589,A2-B0-C2-r10,C2-hibrido,II,0,0,0.380225,0.0,4.2243,8.0,0.998,5.98,5980,8|6|5|4|4,4,0.485,0.141,6.26,6,2297560,4.19
H11_2296589,2296589,A2-B0-C2-r11,C2-hard,I,0,0,0.637855,0.3864,1.6849,13.0,0.965,3.229,3229,13|9|7|6|4,7,0.415,0.129,4.29,5,2297657,2.85
H11_2296589,2296589,A2-B0-C2-r11,C2-hibrido,I,0,0,0.650672,0.8485,1.817,12.0,0.9795,4.086,4086,12|9|6|5|4,7,0.415,0.129,4.29,5,2297657,2.95
H11_2296589,2296589,A2-B0-C2-r12,C2-hard,I,0,0,0.689414,0.5312,1.9731,14.0,0.9655,3.195,3195,14|10|6|5|5,5,0.43,0.234,4.18,5,2297754,2.97
H11_2296589,2296589,A2-B0-C2-r12,C2-hibrido,III,1,1,0.723811,0.4243,3.0694,12.0,0.982,4.055,4055,12|9|6|4|4,5,0.43,0.234,4.18,5,2297754,3.37
H11_2296589,2296589,A2-B0-C2-r13,C2-hard,III,1,1,0.800587,0.7795,2.4939,15.0,0.9695,3.149,3149,15|10|7|5|4,6,0.56,0.318,4.03,5,2297851,3.32
H11_2296589,2296589,A2-B0-C2-r13,C2-hibrido,I,0,0,0.627986,0.2828,0.7191,11.0,0.982,3.892,3892,11|9|6|5|4,6,0.56,0.318,4.03,5,2297851,3.65
H11_2296589,2296589,A2-B0-C2-r14,C2-hard,I,0,0,0.500529,0.2121,5.7237,10.0,0.9975,4.83,4830,10|7|5|4|4,8,0.586,0.121,6.24,7,2297948,3.77
H11_2296589,2296589,A2-B0-C2-r14,C2-hibrido,II,0,0,0.386645,0.3536,4.4271,8.0,0.9975,6.013,6013,8|6|5|4|4,8,0.586,0.121,6.24,7,2297948,3.8
H11_2296589,2296589,A2-B0-C2-r15,C2-hard,I,0,0,0.640541,0.4398,1.6519,12.0,0.973,3.924,3924,12|9|7|5|4,8,0.442,0.345,7.56,6,2298045,3.24
H11_2296589,2296589,A2-B0-C2-r15,C2-hibrido,I,0,0,0.621522,0.9899,1.4706,10.0,0.9515,4.543,4543,10|7|5|4|4,8,0.442,0.345,7.56,6,2298045,3.72
H11_2296589,2296589,A2-B0-C2-r16,C2-hard,I,0,0,0.591638,1.1314,1.6641,13.0,0.961,3.263,3263,13|9|8|5|5,5,0.374,0.322,5.1,5,2298142,3.11
H11_2296589,2296589,A2-B0-C2-r16,C2-hibrido,I,0,0,0.565006,0.8485,1.706,11.0,0.989,4.625,4625,11|7|5|5|4,5,0.374,0.322,5.1,5,2298142,3.75
H11_2296589,2296589,A2-B0-C2-r17,C2-hard,II,0,0,0.432188,0.2828,2.575,10.0,0.9915,4.551,4551,10|6|6|5|4,5,0.491,0.189,5.38,7,2298239,3.12
H11_2296589,2296589,A2-B0-C2-r17,C2-hibrido,I,0,0,0.487229,0.2828,1.9175,9.0,0.992,5.229,5229,9|7|5|4|4,5,0.491,0.189,5.38,7,2298239,3.55
H11_2296589,2296589,A2-B0-C2-r18,C2-hard,IV,0,1,0.802876,0.7071,6.9936,15.0,0.9465,3.23,3230,15|11|7|6|4,5,0.747,0.102,6.9,5,2298336,3.17
H11_2296589,2296589,A2-B0-C2-r18,C2-hibrido,IV,0,1,0.814252,0.7071,5.1505,12.0,0.909,3.73,3730,12|10|7|5|4,5,0.747,0.102,6.9,5,2298336,3.06
H11_2296589,2296589,A2-B0-C2-r19,C2-hard,III,1,1,0.922687,1.3435,1.7254,18.0,0.901,2.997,2997,18|10|7|6|5,6,0.483,0.335,7.8,5,2298433,3.01
H11_2296589,2296589,A2-B0-C2-r19,C2-hibrido,III,1,1,1.113787,0.2828,1.9152,14.0,0.834,3.127,3127,14|10|7|5|4,6,0.483,0.335,7.8,5,2298433,2.76
H16_3670213,3670213,A2-B0-C2-r0,C2-hard,III,1,1,0.895451,0.495,3.5809,15.0,0.9175,3.169,3169,15|10|7|5|4,4,0.66,0.163,7.43,5,3670214,3.22
H16_3670213,3670213,A2-B0-C2-r0,C2-hibrido,III,1,1,1.003502,0.8485,3.1318,14.0,0.862,3.415,3415,14|10|6|5|4,4,0.66,0.163,7.43,5,3670214,3.06
H16_3670213,3670213,A2-B0-C2-r1,C2-hard,I,0,0,0.673714,0.2121,1.017,13.0,0.975,3.632,3632,13|8|6|5|4,5,0.756,0.349,4.06,6,3670311,3.81
H16_3670213,3670213,A2-B0-C2-r1,C2-hibrido,I,0,0,0.594366,0.3363,5.3207,11.0,0.979,4.002,4002,11|8|6|5|4,5,0.756,0.349,4.06,6,3670311,3.01
H16_3670213,3670213,A2-B0-C2-r2,C2-hard,I,0,0,0.550179,0.2121,3.6705,11.0,0.9815,4.124,4124,11|8|6|5|4,5,0.458,0.142,7.08,6,3670408,3.47
H16_3670213,3670213,A2-B0-C2-r2,C2-hibrido,I,0,0,0.559925,0.2828,3.6529,11.0,0.976,4.896,4896,11|7|6|5|4,5,0.458,0.142,7.08,6,3670408,4.0
H16_3670213,3670213,A2-B0-C2-r3,C2-hard,I,0,0,0.59798,0.1949,2.1221,11.0,0.965,3.883,3883,11|8|6|5|4,5,0.316,0.198,7.99,6,3670505,3.63
H16_3670213,3670213,A2-B0-C2-r3,C2-hibrido,I,0,0,0.581051,0.1949,1.6277,10.0,0.9425,4.511,4511,10|7|5|5|4,5,0.316,0.198,7.99,6,3670505,3.92
H16_3670213,3670213,A2-B0-C2-r4,C2-hard,I,0,0,0.47463,0.2828,1.7689,10.0,0.989,4.592,4592,10|7|5|5|4,7,0.534,0.32,5.55,7,3670602,4.55
H16_3670213,3670213,A2-B0-C2-r4,C2-hibrido,I,0,0,0.34059,0.4243,2.6935,8.0,0.9925,5.315,5315,8|6|5|5|4,7,0.534,0.32,5.55,7,3670602,3.95
H16_3670213,3670213,A2-B0-C2-r5,C2-hard,I,0,0,0.553018,1.5556,4.1059,11.0,0.9805,3.678,3678,11|7|6|5|4,7,0.472,0.265,4.29,6,3670699,3.42
H16_3670213,3670213,A2-B0-C2-r5,C2-hibrido,I,0,0,0.580915,0.9899,1.8255,11.0,0.9825,4.135,4135,11|8|6|5|4,7,0.472,0.265,4.29,6,3670699,3.44
H16_3670213,3670213,A2-B0-C2-r6,C2-hard,III,1,1,0.868343,1.1212,2.3839,16.0,0.958,3.359,3359,16|10|8|5|4,6,0.785,0.24,6.38,5,3670796,3.69
H16_3670213,3670213,A2-B0-C2-r6,C2-hibrido,III,1,1,0.729369,0.4243,2.4869,12.0,0.9375,3.841,3841,12|8|6|5|4,6,0.785,0.24,6.38,5,3670796,3.45
H16_3670213,3670213,A2-B0-C2-r7,C2-hard,III,1,1,0.726912,1.8385,4.335,13.0,0.969,4.033,4033,13|10|6|5|4,4,0.606,0.128,7.82,6,3670893,4.2
H16_3670213,3670213,A2-B0-C2-r7,C2-hibrido,I,0,0,0.694091,0.7778,5.1549,10.0,0.938,4.616,4616,10|8|5|4|4,4,0.606,0.128,7.82,6,3670893,3.67
H16_3670213,3670213,A2-B0-C2-r8,C2-hard,I,0,0,0.47381,0.3536,5.2439,10.0,0.9915,5.005,5005,10|7|5|5|4,4,0.448,0.108,7.79,7,3670990,3.75
H16_3670213,3670213,A2-B0-C2-r8,C2-hibrido,I,0,0,0.519859,0.2828,5.4086,8.0,0.9915,6.019,6019,8|8|5|3|4,4,0.448,0.108,7.79,7,3670990,4.17
H16_3670213,3670213,A2-B0-C2-r9,C2-hard,III,1,1,0.720168,0.3552,3.1231,13.0,0.9535,3.337,3337,13|9|7|5|4,4,0.799,0.216,6.48,5,3671087,3.04
H16_3670213,3670213,A2-B0-C2-r9,C2-hibrido,III,1,1,0.729692,0.2673,3.8637,12.0,0.9425,3.923,3923,12|8|6|5|4,4,0.799,0.216,6.48,5,3671087,3.34
H16_3670213,3670213,A2-B0-C2-r10,C2-hard,I,0,0,0.675997,0.9899,1.8463,14.0,0.9575,3.251,3251,14|11|7|5|5,7,0.447,0.252,5.66,5,3671184,3.49
H16_3670213,3670213,A2-B0-C2-r10,C2-hibrido,I,0,0,0.587797,0.2828,1.6023,11.0,0.9785,4.18,4180,11|8|6|5|4,7,0.447,0.252,5.66,5,3671184,3.74
H16_3670213,3670213,A2-B0-C2-r11,C2-hard,II,0,0,0.373933,0.7071,1.3797,9.0,0.995,4.719,4719,9|6|6|5|4,6,0.352,0.121,6.25,7,3671281,4.97
H16_3670213,3670213,A2-B0-C2-r11,C2-hibrido,II,0,0,0.416595,0.9899,1.4635,9.0,0.998,5.788,5788,9|7|5|5|4,6,0.352,0.121,6.25,7,3671281,4.26
H16_3670213,3670213,A2-B0-C2-r12,C2-hard,I,0,0,0.606208,0.5657,2.7299,12.0,0.979,4.146,4146,12|8|6|5|4,5,0.718,0.237,7.42,6,3671378,4.29
H16_3670213,3670213,A2-B0-C2-r12,C2-hibrido,I,0,0,0.640629,0.2828,3.157,12.0,0.9605,4.784,4784,12|7|6|5|4,5,0.718,0.237,7.42,6,3671378,3.6
H16_3670213,3670213,A2-B0-C2-r13,C2-hard,III,1,1,1.21743,0.9137,2.9514,21.0,0.761,2.127,2127,21|12|11|7|5,6,0.689,0.233,7.99,4,3671475,2.71
H16_3670213,3670213,A2-B0-C2-r13,C2-hibrido,III,1,1,1.362859,2.6769,2.7245,17.0,0.7425,2.315,2315,17|12|9|5|5,6,0.689,0.233,7.99,4,3671475,2.36
H16_3670213,3670213,A2-B0-C2-r14,C2-hard,I,0,0,0.696751,0.1414,2.0094,13.0,0.968,3.482,3482,13|9|7|5|4,7,0.39,0.266,4.03,6,3671572,3.06
H16_3670213,3670213,A2-B0-C2-r14,C2-hibrido,I,0,0,0.684574,0.7778,1.5323,13.0,0.974,3.845,3845,13|8|6|5|4,7,0.39,0.266,4.03,6,3671572,3.06
H16_3670213,3670213,A2-B0-C2-r15,C2-hard,I,0,0,0.645756,0.495,2.3758,12.0,0.967,3.319,3319,12|9|6|5|4,8,0.621,0.162,5.62,5,3671669,3.32
H16_3670213,3670213,A2-B0-C2-r15,C2-hibrido,I,0,0,0.509213,0.3864,2.4488,10.0,0.9755,4.199,4199,10|7|6|5|4,8,0.621,0.162,5.62,5,3671669,3.22
H16_3670213,3670213,A2-B0-C2-r16,C2-hard,I,0,0,0.47695,0.7071,2.777,10.0,0.992,4.954,4954,10|8|5|5|4,5,0.597,0.245,7.44,7,3671766,3.75
H16_3670213,3670213,A2-B0-C2-r16,C2-hibrido,II,0,0,0.364474,0.4243,2.9397,8.0,0.9975,6.504,6504,8|6|5|4|4,5,0.597,0.245,7.44,7,3671766,4.4
H16_3670213,3670213,A2-B0-C2-r17,C2-hard,III,1,1,0.784913,0.9192,2.08,14.0,0.937,3.199,3199,14|11|8|6|4,7,0.749,0.283,7.28,5,3671863,3.15
H16_3670213,3670213,A2-B0-C2-r17,C2-hibrido,III,1,1,0.939358,0.9899,1.5983,14.0,0.891,3.384,3384,14|9|8|5|4,7,0.749,0.283,7.28,5,3671863,2.9
H16_3670213,3670213,A2-B0-C2-r18,C2-hard,I,0,0,0.495333,0.2828,1.8185,10.0,0.994,4.821,4821,10|7|6|4|4,7,0.406,0.142,7.6,7,3671960,3.6
H16_3670213,3670213,A2-B0-C2-r18,C2-hibrido,II,0,0,0.392072,0.1414,1.7633,8.0,0.9945,5.897,5897,8|6|5|4|4,7,0.406,0.142,7.6,7,3671960,3.43
H16_3670213,3670213,A2-B0-C2-r19,C2-hard,II,0,0,0.409598,0.7071,2.291,9.0,0.992,4.894,4894,9|7|6|5|4,5,0.398,0.185,7.53,7,3672057,3.58
H16_3670213,3670213,A2-B0-C2-r19,C2-hibrido,I,0,0,0.341324,0.5657,2.2745,8.0,0.998,6.221,6221,8|5|5|4|4,5,0.398,0.185,7.53,7,3672057,4.12
H02_344251,344251,A2-B0-C2-r0,C2-hard,I,0,0,0.589833,0.4243,1.4014,12.0,0.981,3.919,3919,12|8|6|5|4,5,0.609,0.326,4.94,6,344252,2.05
H02_344251,344251,A2-B0-C2-r0,C2-hibrido,I,0,0,0.545324,0.8485,1.7151,10.0,0.991,4.818,4818,10|7|5|4|4,5,0.609,0.326,4.94,6,344252,2.61
H02_344251,344251,A2-B0-C2-r1,C2-hard,I,0,0,0.461499,0.7416,3.7697,10.0,0.9885,4.236,4236,10|7|6|5|4,4,0.578,0.16,6.59,6,344349,2.52
H02_344251,344251,A2-B0-C2-r1,C2-hibrido,II,0,0,0.438107,0.6692,3.6146,9.0,0.996,5.296,5296,9|6|5|4|4,4,0.578,0.16,6.59,6,344349,2.65
H02_344251,344251,A2-B0-C2-r2,C2-hard,III,1,1,0.702248,0.4777,1.6529,13.0,0.9685,3.343,3343,13|9|6|5|4,7,0.747,0.275,4.74,5,344446,2.03
H02_344251,344251,A2-B0-C2-r2,C2-hibrido,I,0,0,0.567992,0.2828,1.442,11.0,0.991,4.554,4554,11|7|5|5|4,7,0.747,0.275,4.74,5,344446,2.39
H02_344251,344251,A2-B0-C2-r3,C2-hard,III,1,1,0.728686,0.1949,1.931,14.0,0.94,3.23,3230,14|10|6|5|5,6,0.465,0.229,6.49,5,344543,2.03
H02_344251,344251,A2-B0-C2-r3,C2-hibrido,III,1,1,0.838319,0.7071,1.3248,13.0,0.9245,3.735,3735,13|10|6|5|4,6,0.465,0.229,6.49,5,344543,2.5
H02_344251,344251,A2-B0-C2-r4,C2-hard,I,0,0,0.484346,0.5657,1.42,10.0,0.9895,4.432,4432,10|7|6|5|4,7,0.684,0.258,5.03,7,344640,2.42
H02_344251,344251,A2-B0-C2-r4,C2-hibrido,I,0,0,0.491474,0.8485,2.1779,10.0,0.994,4.946,4946,10|6|5|4|4,7,0.684,0.258,5.03,7,344640,2.57
H02_344251,344251,A2-B0-C2-r5,C2-hard,III,1,1,0.745239,0.6692,2.1269,14.0,0.9715,3.247,3247,14|10|7|5|4,5,0.725,0.243,4.25,5,344737,2.16
H02_344251,344251,A2-B0-C2-r5,C2-hibrido,I,0,0,0.644619,1.2728,1.8875,12.0,0.985,4.177,4177,12|8|6|5|4,5,0.725,0.243,4.25,5,344737,2.4
H02_344251,344251,A2-B0-C2-r6,C2-hard,I,0,0,0.680604,1.3452,2.0143,13.0,0.9765,4.058,4058,13|10|7|5|4,6,0.64,0.167,7.2,6,344834,2.31
H02_344251,344251,A2-B0-C2-r6,C2-hibrido,I,0,0,0.645303,1.2021,1.6874,12.0,0.977,4.87,4870,12|8|6|5|4,6,0.64,0.167,7.2,6,344834,3.07
H02_344251,344251,A2-B0-C2-r7,C2-hard,III,1,1,0.810045,2.2627,2.7225,17.0,0.967,3.246,3246,17|11|7|5|5,5,0.726,0.287,4.2,5,344931,2.32
H02_344251,344251,A2-B0-C2-r7,C2-hibrido,I,0,0,0.508959,0.2828,1.3774,10.0,0.984,4.126,4126,10|7|6|5|4,5,0.726,0.287,4.2,5,344931,2.5
H02_344251,344251,A2-B0-C2-r8,C2-hard,I,0,0,0.505913,0.6692,3.4156,11.0,0.992,4.592,4592,11|7|6|5|4,7,0.689,0.101,5.29,7,345028,2.46
H02_344251,344251,A2-B0-C2-r8,C2-hibrido,I,0,0,0.515951,1.2021,5.7987,11.0,0.995,5.168,5168,11|7|5|5|4,7,0.689,0.101,5.29,7,345028,2.67
H02_344251,344251,A2-B0-C2-r9,C2-hard,I,0,0,0.577077,0.1414,1.6618,11.0,0.9735,3.989,3989,11|8|6|5|4,5,0.331,0.246,7.26,6,345125,2.45
H02_344251,344251,A2-B0-C2-r9,C2-hibrido,I,0,0,0.620497,0.7071,1.4601,10.0,0.9645,4.66,4660,10|7|5|4|4,5,0.331,0.246,7.26,6,345125,2.56
H02_344251,344251,A2-B0-C2-r10,C2-hard,I,0,0,0.607985,1.7627,1.5581,12.0,0.9645,3.23,3230,12|11|6|5|5,8,0.392,0.199,4.73,5,345222,2.5
H02_344251,344251,A2-B0-C2-r10,C2-hibrido,I,0,0,0.633662,0.4087,1.6922,12.0,0.984,4.324,4324,12|8|6|5|4,8,0.392,0.199,4.73,5,345222,2.61
H02_344251,344251,A2-B0-C2-r11,C2-hard,I,0,0,0.615321,0.4243,2.6,12.0,0.979,4.069,4069,12|8|6|5|4,5,0.539,0.202,7.19,6,345319,2.64
H02_344251,344251,A2-B0-C2-r11,C2-hibrido,I,0,0,0.492289,0.5657,2.6699,10.0,0.9755,5.043,5043,10|6|5|5|4,5,0.539,0.202,7.19,6,345319,2.85
H02_344251,344251,A2-B0-C2-r12,C2-hard,III,1,1,0.751384,0.5657,2.1747,14.0,0.9765,3.408,3408,14|9|6|5|4,4,0.597,0.269,5.26,5,345416,2.29
H02_344251,344251,A2-B0-C2-r12,C2-hibrido,I,0,0,0.345886,0.5657,3.5034,8.0,0.995,5.091,5091,8|6|5|5|4,4,0.597,0.269,5.26,5,345416,3.43
H02_344251,344251,A2-B0-C2-r13,C2-hard,III,1,1,0.713223,0.4243,2.9079,14.0,0.979,3.379,3379,14|9|6|5|4,7,0.732,0.305,5.09,5,345513,2.73
H02_344251,344251,A2-B0-C2-r13,C2-hibrido,II,0,0,0.441463,0.0,2.1156,9.0,0.9915,4.844,4844,9|7|5|5|4,7,0.732,0.305,5.09,5,345513,2.89
H02_344251,344251,A2-B0-C2-r14,C2-hard,III,1,1,0.995447,0.1718,2.1675,19.0,0.8895,2.487,2487,19|14|8|6|5,7,0.344,0.109,5.39,4,345610,1.95
H02_344251,344251,A2-B0-C2-r14,C2-hibrido,III,1,1,1.06568,0.5657,1.8146,16.0,0.875,2.83,2830,16|11|7|6|4,7,0.344,0.109,5.39,4,345610,2.33
H02_344251,344251,A2-B0-C2-r15,C2-hard,I,0,0,0.466897,0.1414,2.2398,9.0,0.9965,4.868,4868,9|7|5|4|4,7,0.703,0.223,6.31,7,345707,3.05
H02_344251,344251,A2-B0-C2-r15,C2-hibrido,I,0,0,0.286286,0.5657,2.9632,7.0,0.9985,6.124,6124,7|5|5|4|4,7,0.703,0.223,6.31,7,345707,3.25
H02_344251,344251,A2-B0-C2-r16,C2-hard,III,1,1,0.768929,0.7071,1.4565,14.0,0.95,3.266,3266,14|9|6|5|4,5,0.486,0.343,6.25,5,345804,2.77
H02_344251,344251,A2-B0-C2-r16,C2-hibrido,III,1,1,0.714123,0.3864,1.8225,12.0,0.9405,3.955,3955,12|8|6|5|4,5,0.486,0.343,6.25,5,345804,3.23
H02_344251,344251,A2-B0-C2-r17,C2-hard,I,0,0,0.594998,0.0707,1.6461,12.0,0.985,3.919,3919,12|8|6|5|4,5,0.375,0.151,5.26,6,345901,3.23
H02_344251,344251,A2-B0-C2-r17,C2-hibrido,II,0,0,0.414059,0.495,2.5235,9.0,0.9905,5.022,5022,9|6|5|5|4,5,0.375,0.151,5.26,6,345901,2.79
H02_344251,344251,A2-B0-C2-r18,C2-hard,I,0,0,0.647152,0.5657,3.3941,12.0,0.9775,3.728,3728,12|9|6|5|4,4,0.771,0.228,4.16,6,345998,2.68
H02_344251,344251,A2-B0-C2-r18,C2-hibrido,I,0,0,0.564326,0.4243,2.8568,11.0,0.9815,4.115,4115,11|7|5|5|4,4,0.771,0.228,4.16,6,345998,2.35
H02_344251,344251,A2-B0-C2-r19,C2-hard,I,0,0,0.591652,0.4567,1.9689,12.0,0.979,4.04,4040,12|8|6|5|4,6,0.574,0.299,7.63,6,346095,2.97
H02_344251,344251,A2-B0-C2-r19,C2-hibrido,I,0,0,0.521693,0.2828,1.5068,10.0,0.9555,4.617,4617,10|6|5|5|4,6,0.574,0.299,7.63,6,346095,2.54
H07_1357061,1357061,A2-B0-C2-r0,C2-hard,III,1,1,0.71129,0.4596,3.0852,15.0,0.955,3.337,3337,15|9|6|5|5,7,0.776,0.183,6.13,5,1357062,2.29
H07_1357061,1357061,A2-B0-C2-r0,C2-hibrido,I,0,0,0.594501,0.6692,4.3565,10.0,0.957,4.09,4090,10|8|6|5|4,7,0.776,0.183,6.13,5,1357062,2.58
H07_1357061,1357061,A2-B0-C2-r1,C2-hard,III,1,1,0.877267,0.9142,2.0627,14.0,0.9055,3.1,3100,14|9|7|5|4,5,0.57,0.286,7.77,5,1357159,2.38
H07_1357061,1357061,A2-B0-C2-r1,C2-hibrido,III,1,1,0.936293,0.3363,2.0036,12.0,0.8625,3.335,3335,12|10|6|5|4,5,0.57,0.286,7.77,5,1357159,2.22
H07_1357061,1357061,A2-B0-C2-r2,C2-hard,I,0,0,0.672646,0.4243,2.3356,14.0,0.917,3.034,3034,14|9|8|6|5,6,0.495,0.145,7.84,5,1357256,2.1
H07_1357061,1357061,A2-B0-C2-r2,C2-hibrido,III,1,1,1.058055,0.4398,2.0651,14.0,0.844,3.174,3174,14|9|6|5|4,6,0.495,0.145,7.84,5,1357256,2.13
H07_1357061,1357061,A2-B0-C2-r3,C2-hard,I,0,0,0.588069,0.0392,1.5676,12.0,0.986,4.004,4004,12|8|6|5|4,6,0.337,0.223,5.62,6,1357353,2.34
H07_1357061,1357061,A2-B0-C2-r3,C2-hibrido,II,0,0,0.405775,1.4142,1.6484,8.0,0.993,5.082,5082,8|6|5|4|4,6,0.337,0.223,5.62,6,1357353,2.85
H07_1357061,1357061,A2-B0-C2-r4,C2-hard,I,0,0,0.688517,0.6364,2.4653,12.0,0.974,3.581,3581,12|10|6|5|4,5,0.733,0.256,4.02,6,1357450,2.35
H07_1357061,1357061,A2-B0-C2-r4,C2-hibrido,I,0,0,0.660909,0.0,1.0423,12.0,0.98,3.964,3964,12|8|6|5|4,5,0.733,0.256,4.02,6,1357450,2.24
H07_1357061,1357061,A2-B0-C2-r5,C2-hard,II,0,0,0.358131,0.7071,2.071,8.0,0.994,4.923,4923,8|7|5|5|4,4,0.303,0.21,6.73,7,1357547,3.05
H07_1357061,1357061,A2-B0-C2-r5,C2-hibrido,II,0,0,0.440204,1.2728,2.7086,9.0,0.996,6.261,6261,9|6|5|4|4,4,0.303,0.21,6.73,7,1357547,3.51
H07_1357061,1357061,A2-B0-C2-r6,C2-hard,III,1,1,0.91291,0.2828,2.7163,14.0,0.916,3.023,3023,14|10|7|5|4,4,0.305,0.208,7.76,5,1357644,2.51
H07_1357061,1357061,A2-B0-C2-r6,C2-hibrido,III,1,1,0.869754,1.0177,2.7902,11.0,0.8575,3.259,3259,11|9|6|5|4,4,0.305,0.208,7.76,5,1357644,2.38
H07_1357061,1357061,A2-B0-C2-r7,C2-hard,III,1,1,0.701343,0.6915,2.1737,13.0,0.968,3.965,3965,13|9|6|5|4,7,0.478,0.264,7.66,6,1357741,3.23
H07_1357061,1357061,A2-B0-C2-r7,C2-hibrido,I,0,0,0.635654,0.9899,1.7024,10.0,0.9385,4.462,4462,10|9|5|5|4,7,0.478,0.264,7.66,6,1357741,2.68
H07_1357061,1357061,A2-B0-C2-r8,C2-hard,III,1,1,0.846474,0.8485,2.4596,14.0,0.93,3.205,3205,14|10|7|5|4,7,0.784,0.191,7.32,5,1357838,2.74
H07_1357061,1357061,A2-B0-C2-r8,C2-hibrido,III,1,1,0.853763,0.2828,3.4107,12.0,0.88,3.478,3478,12|8|6|5|4,7,0.784,0.191,7.32,5,1357838,2.15
H07_1357061,1357061,A2-B0-C2-r9,C2-hard,III,1,1,1.066205,0.8313,3.0996,21.0,0.8505,2.379,2379,21|13|8|7|5,7,0.569,0.18,6.38,4,1357935,2.3
H07_1357061,1357061,A2-B0-C2-r9,C2-hibrido,III,1,1,1.088846,1.6592,3.0735,16.0,0.8235,2.637,2637,16|10|7|5|5,7,0.569,0.18,6.38,4,1357935,2.56
H07_1357061,1357061,A2-B0-C2-r10,C2-hard,III,1,1,1.025705,3.1113,2.3537,22.0,0.905,2.507,2507,22|15|11|6|5,7,0.427,0.263,5.15,4,1358032,2.48
H07_1357061,1357061,A2-B0-C2-r10,C2-hibrido,III,1,1,0.761834,0.8435,1.5421,13.0,0.914,3.064,3064,13|10|7|5|5,7,0.427,0.263,5.15,4,1358032,2.81
H07_1357061,1357061,A2-B0-C2-r11,C2-hard,I,0,0,0.516061,0.3536,2.5048,11.0,0.9915,4.408,4408,11|7|6|5|4,5,0.323,0.134,5.32,7,1358129,4.06
H07_1357061,1357061,A2-B0-C2-r11,C2-hibrido,I,0,0,0.45818,0.9899,2.5233,10.0,0.992,5.103,5103,10|6|5|5|4,5,0.323,0.134,5.32,7,1358129,3.67
H07_1357061,1357061,A2-B0-C2-r12,C2-hard,III,1,1,0.888798,2.1213,2.439,17.0,0.91,2.958,2958,17|12|7|6|5,5,0.44,0.224,7.74,5,1358226,3.44
H07_1357061,1357061,A2-B0-C2-r12,C2-hibrido,III,1,1,0.894635,0.6364,2.4916,14.0,0.8645,3.275,3275,14|9|6|5|5,5,0.44,0.224,7.74,5,1358226,3.39
H07_1357061,1357061,A2-B0-C2-r13,C2-hard,III,1,1,1.348096,1.3982,2.4866,21.0,0.75,2.069,2069,21|17|9|7|5,7,0.399,0.17,7.94,4,1358323,3.09
H07_1357061,1357061,A2-B0-C2-r13,C2-hibrido,III,1,1,1.275223,1.8385,2.1496,16.0,0.76,2.349,2349,16|12|9|5|5,7,0.399,0.17,7.94,4,1358323,2.6
H07_1357061,1357061,A2-B0-C2-r14,C2-hard,III,1,1,0.739973,1.2098,1.8621,14.0,0.935,3.13,3130,14|11|8|5|5,7,0.675,0.276,7.59,5,1358420,3.27
H07_1357061,1357061,A2-B0-C2-r14,C2-hibrido,III,1,1,0.940135,0.495,2.2704,13.0,0.87,3.435,3435,13|9|6|5|4,7,0.675,0.276,7.59,5,1358420,3.28
H07_1357061,1357061,A2-B0-C2-r15,C2-hard,III,1,1,1.275223,1.3435,2.5493,23.0,0.781,2.129,2129,23|16|12|6|6,7,0.373,0.19,7.68,4,1358517,3.15
H07_1357061,1357061,A2-B0-C2-r15,C2-hibrido,III,1,1,1.319214,1.9798,2.5978,16.0,0.735,2.251,2251,16|11|8|5|5,7,0.373,0.19,7.68,4,1358517,2.89
H07_1357061,1357061,A2-B0-C2-r16,C2-hard,I,0,0,0.477165,0.8106,2.1508,10.0,0.9885,4.216,4216,10|7|6|5|4,6,0.342,0.105,4.84,7,1358614,3.42
H07_1357061,1357061,A2-B0-C2-r16,C2-hibrido,I,0,0,0.466,0.4243,1.4052,9.0,0.99,4.654,4654,9|8|6|5|4,6,0.342,0.105,4.84,7,1358614,3.92
H07_1357061,1357061,A2-B0-C2-r17,C2-hard,I,0,0,0.467552,0.4243,2.1884,10.0,0.991,4.648,4648,10|7|6|5|4,8,0.452,0.162,5.82,7,1358711,4.06
H07_1357061,1357061,A2-B0-C2-r17,C2-hibrido,II,0,0,0.431006,0.7071,2.6515,8.0,0.994,5.607,5607,8|7|5|4|4,8,0.452,0.162,5.82,7,1358711,4.43
H07_1357061,1357061,A2-B0-C2-r18,C2-hard,III,1,1,0.839846,0.9899,2.7091,15.0,0.9505,3.203,3203,15|11|9|5|4,8,0.485,0.22,6.63,5,1358808,4.38
H07_1357061,1357061,A2-B0-C2-r18,C2-hibrido,III,1,1,0.855456,0.9142,2.3596,13.0,0.933,3.847,3847,13|10|6|5|4,8,0.485,0.22,6.63,5,1358808,4.64
H07_1357061,1357061,A2-B0-C2-r19,C2-hard,III,1,1,0.796574,0.6692,3.0964,15.0,0.964,3.362,3362,15|10|8|5|4,4,0.55,0.184,6.04,5,1358905,3.65
H07_1357061,1357061,A2-B0-C2-r19,C2-hibrido,I,0,0,0.557503,0.8485,3.3075,10.0,0.9575,4.041,4041,10|7|6|5|4,4,0.55,0.184,6.04,5,1358905,3.67
H12_2571043,2571043,A2-B0-C2-r0,C2-hard,I,0,0,0.466391,0.7071,1.285,10.0,0.9945,4.855,4855,10|7|5|5|4,6,0.774,0.297,6.37,7,2571044,4.15
H12_2571043,2571043,A2-B0-C2-r0,C2-hibrido,I,0,0,0.283883,0.6692,2.3412,7.0,0.9975,6.084,6084,7|5|5|4|4,6,0.774,0.297,6.37,7,2571044,5.3
H12_2571043,2571043,A2-B0-C2-r1,C2-hard,I,0,0,0.501955,0.2828,3.2726,10.0,0.9925,4.801,4801,10|7|6|4|4,8,0.573,0.23,6.09,7,2571141,4.16
H12_2571043,2571043,A2-B0-C2-r1,C2-hibrido,I,0,0,0.33796,0.4243,2.6957,8.0,0.997,5.899,5899,8|6|5|5|4,8,0.573,0.23,6.09,7,2571141,4.62
H12_2571043,2571043,A2-B0-C2-r2,C2-hard,III,1,1,0.946255,1.2728,2.1531,20.0,0.897,2.527,2527,20|11|8|6|5,5,0.702,0.269,5.66,4,2571238,3.71
H12_2571043,2571043,A2-B0-C2-r2,C2-hibrido,III,1,1,1.004277,0.6313,3.6648,14.0,0.8825,2.989,2989,14|10|7|5|4,5,0.702,0.269,5.66,4,2571238,3.89
H12_2571043,2571043,A2-B0-C2-r3,C2-hard,I,0,0,0.668154,0.5657,1.983,12.0,0.975,3.412,3412,12|10|6|5|4,4,0.7,0.255,5.18,5,2571335,4.29
H12_2571043,2571043,A2-B0-C2-r3,C2-hibrido,II,0,0,0.440203,0.1414,2.9809,10.0,0.9945,5.087,5087,10|6|6|5|4,4,0.7,0.255,5.18,5,2571335,4.24
H12_2571043,2571043,A2-B0-C2-r4,C2-hard,III,1,1,1.139157,0.9899,2.2801,20.0,0.843,2.307,2307,20|15|11|6|5,5,0.486,0.226,6.63,4,2571432,3.53
H12_2571043,2571043,A2-B0-C2-r4,C2-hibrido,III,1,1,1.341948,1.7282,2.0138,16.0,0.784,2.434,2434,16|12|7|5|4,5,0.486,0.226,6.63,4,2571432,3.36
H12_2571043,2571043,A2-B0-C2-r5,C2-hard,I,0,0,0.617205,0.4899,2.462,12.0,0.9705,3.565,3565,12|7|6|5|4,8,0.545,0.156,4.1,6,2571529,4.06
H12_2571043,2571043,A2-B0-C2-r5,C2-hibrido,I,0,0,0.58401,0.6313,2.3396,11.0,0.9725,3.984,3984,11|7|6|5|4,8,0.545,0.156,4.1,6,2571529,4.73
H12_2571043,2571043,A2-B0-C2-r6,C2-hard,III,1,1,0.839602,0.5657,3.5168,15.0,0.969,3.276,3276,15|12|6|5|4,5,0.521,0.173,4.35,5,2571626,4.54
H12_2571043,2571043,A2-B0-C2-r6,C2-hibrido,I,0,0,0.584822,0.4243,3.5346,11.0,0.986,4.225,4225,11|8|6|5|4,5,0.521,0.173,4.35,5,2571626,4.98
H12_2571043,2571043,A2-B0-C2-r7,C2-hard,III,1,1,0.965584,1.3763,2.4857,16.0,0.914,3.075,3075,16|10|8|5|4,6,0.58,0.136,7.74,5,2571723,3.75
H12_2571043,2571043,A2-B0-C2-r7,C2-hibrido,III,1,1,0.944619,0.5657,2.2559,13.0,0.8525,3.284,3284,13|9|6|5|4,6,0.58,0.136,7.74,5,2571723,3.92
H12_2571043,2571043,A2-B0-C2-r8,C2-hard,III,1,1,0.862183,1.4091,1.1355,14.0,0.875,2.883,2883,14|9|7|6|4,5,0.334,0.337,7.98,5,2571820,3.3
H12_2571043,2571043,A2-B0-C2-r8,C2-hibrido,III,1,1,1.150466,0.6718,1.5449,15.0,0.8415,3.135,3135,15|11|7|5|4,5,0.334,0.337,7.98,5,2571820,3.49
H12_2571043,2571043,A2-B0-C2-r9,C2-hard,III,1,1,1.018362,0.9777,1.5233,23.0,0.9235,2.6,2600,23|15|9|6|5,5,0.372,0.248,4.6,4,2571917,3.53
H12_2571043,2571043,A2-B0-C2-r9,C2-hibrido,III,1,1,0.795124,0.1069,0.9417,14.0,0.951,3.267,3267,14|9|8|5|4,5,0.372,0.248,4.6,4,2571917,3.14
H12_2571043,2571043,A2-B0-C2-r10,C2-hard,III,1,1,1.168237,0.8252,1.8416,19.0,0.788,2.111,2111,19|15|10|7|5,8,0.328,0.271,7.69,4,2572014,2.96
H12_2571043,2571043,A2-B0-C2-r10,C2-hibrido,III,1,1,1.277316,1.8354,1.4502,17.0,0.733,2.22,2220,17|12|9|6|5,8,0.328,0.271,7.69,4,2572014,2.83
H12_2571043,2571043,A2-B0-C2-r11,C2-hard,II,0,0,0.411994,0.4243,1.9501,9.0,0.992,4.841,4841,9|7|5|5|4,6,0.339,0.128,7.07,7,2572111,3.45
H12_2571043,2571043,A2-B0-C2-r11,C2-hibrido,II,0,0,0.387366,0.3864,1.6624,8.0,0.997,6.246,6246,8|6|4|4|4,6,0.339,0.128,7.07,7,2572111,3.91
H12_2571043,2571043,A2-B0-C2-r12,C2-hard,I,0,0,0.591934,1.0935,2.941,11.0,0.992,4.119,4119,11|9|6|5|4,7,0.392,0.186,4.59,7,2572208,3.57
H12_2571043,2571043,A2-B0-C2-r12,C2-hibrido,I,0,0,0.542118,1.2728,2.2561,11.0,0.993,4.421,4421,11|7|6|5|4,7,0.392,0.186,4.59,7,2572208,3.59
H12_2571043,2571043,A2-B0-C2-r13,C2-hard,I,0,0,0.611721,0.3536,3.2158,13.0,0.9855,4.001,4001,13|7|6|5|4,4,0.586,0.171,4.96,6,2572305,3.63
H12_2571043,2571043,A2-B0-C2-r13,C2-hibrido,I,0,0,0.465906,0.8485,2.3913,10.0,0.9915,4.889,4889,10|6|6|5|4,4,0.586,0.171,4.96,6,2572305,3.43
H12_2571043,2571043,A2-B0-C2-r14,C2-hard,I,0,0,0.656649,0.5657,1.7613,12.0,0.973,3.527,3527,12|9|6|5|4,6,0.664,0.311,4.0,6,2572402,3.04
H12_2571043,2571043,A2-B0-C2-r14,C2-hibrido,I,0,0,0.577971,0.0,1.2656,11.0,0.978,3.896,3896,11|7|6|5|4,6,0.664,0.311,4.0,6,2572402,3.07
H12_2571043,2571043,A2-B0-C2-r15,C2-hard,I,0,0,0.559046,0.9899,1.2159,12.0,0.9885,4.02,4020,12|7|6|5|4,7,0.5,0.16,5.23,6,2572499,3.49
H12_2571043,2571043,A2-B0-C2-r15,C2-hibrido,I,0,0,0.506311,1.2728,1.5417,10.0,0.9945,4.999,4999,10|6|5|4|4,7,0.5,0.16,5.23,6,2572499,3.64
H12_2571043,2571043,A2-B0-C2-r16,C2-hard,III,1,1,0.726892,0.7307,2.1255,13.0,0.9615,3.257,3257,13|9|6|5|4,6,0.424,0.315,4.92,5,2572596,3.23
H12_2571043,2571043,A2-B0-C2-r16,C2-hibrido,I,0,0,0.564059,0.4243,1.3317,10.0,0.9815,4.505,4505,10|7|5|4|4,6,0.424,0.315,4.92,5,2572596,3.29
H12_2571043,2571043,A2-B0-C2-r17,C2-hard,I,0,0,0.525107,0.4243,1.4797,10.0,0.9735,4.039,4039,10|8|6|5|4,7,0.386,0.191,7.2,6,2572693,3.58
H12_2571043,2571043,A2-B0-C2-r17,C2-hibrido,I,0,0,0.509229,0.8485,1.5823,9.0,0.9715,4.799,4799,9|8|6|5|4,7,0.386,0.191,7.2,6,2572693,3.86
H12_2571043,2571043,A2-B0-C2-r18,C2-hard,I,0,0,0.498285,0.7071,3.9194,10.0,0.99,4.151,4151,10|8|6|5|4,5,0.64,0.203,6.01,6,2572790,3.23
H12_2571043,2571043,A2-B0-C2-r18,C2-hibrido,I,0,0,0.526001,0.0,2.5385,8.0,0.997,5.732,5732,8|7|5|4|3,5,0.64,0.203,6.01,6,2572790,3.66
H12_2571043,2571043,A2-B0-C2-r19,C2-hard,III,1,1,1.076012,0.9675,2.5611,19.0,0.835,2.326,2326,19|12|8|6|5,6,0.705,0.286,6.85,4,2572887,2.9
H12_2571043,2571043,A2-B0-C2-r19,C2-hibrido,III,1,1,0.923623,1.1314,2.6307,13.0,0.8075,2.526,2526,13|9|8|5|5,6,0.705,0.286,6.85,4,2572887,2.91
H17_3948071,3948071,A2-B0-C2-r0,C2-hard,I,0,0,0.65883,0.0,1.8323,14.0,0.9685,3.336,3336,14|9|6|5|5,5,0.777,0.32,4.73,5,3948072,3.18
H17_3948071,3948071,A2-B0-C2-r0,C2-hibrido,I,0,0,0.627042,1.1591,1.8482,12.0,0.988,4.585,4585,12|8|6|5|4,5,0.777,0.32,4.73,5,3948072,3.88
H17_3948071,3948071,A2-B0-C2-r1,C2-hard,I,0,0,0.519436,0.1414,1.6313,11.0,0.986,4.133,4133,11|7|6|5|4,7,0.656,0.303,6.15,6,3948169,3.17
H17_3948071,3948071,A2-B0-C2-r1,C2-hibrido,II,0,0,0.439389,0.9899,1.5192,8.0,0.997,5.791,5791,8|6|5|3|4,7,0.656,0.303,6.15,6,3948169,3.47
H17_3948071,3948071,A2-B0-C2-r2,C2-hard,I,0,0,0.474622,0.5657,1.6129,10.0,0.984,4.093,4093,10|7|6|5|4,4,0.424,0.325,6.0,6,3948266,3.85
H17_3948071,3948071,A2-B0-C2-r2,C2-hibrido,I,0,0,0.557621,0.2828,1.2259,9.0,0.9955,5.608,5608,9|6|5|4|3,4,0.424,0.325,6.0,6,3948266,4.05
H17_3948071,3948071,A2-B0-C2-r3,C2-hard,III,1,1,0.737174,1.1314,1.1737,15.0,0.964,3.213,3213,15|11|7|5|5,7,0.599,0.298,4.38,5,3948363,3.43
H17_3948071,3948071,A2-B0-C2-r3,C2-hibrido,I,0,0,0.560642,0.1949,1.9253,11.0,0.9845,4.199,4199,11|7|6|5|4,7,0.599,0.298,4.38,5,3948363,4.34
H17_3948071,3948071,A2-B0-C2-r4,C2-hard,I,0,0,0.503635,0.4243,2.0101,10.0,0.983,4.189,4189,10|8|6|5|4,8,0.687,0.28,6.25,6,3948460,3.5
H17_3948071,3948071,A2-B0-C2-r4,C2-hibrido,I,0,0,0.323768,0.3536,2.3014,7.0,0.9975,5.972,5972,7|6|5|4|4,8,0.687,0.28,6.25,6,3948460,4.16
H17_3948071,3948071,A2-B0-C2-r5,C2-hard,III,1,1,0.839513,1.2728,2.1645,13.0,0.9055,3.054,3054,13|9|7|5|4,7,0.537,0.208,7.84,5,3948557,3.27
H17_3948071,3948071,A2-B0-C2-r5,C2-hibrido,III,1,1,0.925285,1.9799,2.0012,13.0,0.852,3.189,3189,13|8|7|5|4,7,0.537,0.208,7.84,5,3948557,3.52
H17_3948071,3948071,A2-B0-C2-r6,C2-hard,I,0,0,0.575544,0.1414,1.8932,11.0,0.9805,4.071,4071,11|9|6|5|4,6,0.697,0.26,6.62,6,3948654,3.66
H17_3948071,3948071,A2-B0-C2-r6,C2-hibrido,II,0,0,0.442551,0.4243,1.9657,9.0,0.989,5.151,5151,9|7|5|5|4,6,0.697,0.26,6.62,6,3948654,4.37
H17_3948071,3948071,A2-B0-C2-r7,C2-hard,II,0,0,0.425756,0.569,3.3485,9.0,0.9875,4.317,4317,9|7|6|5|4,8,0.504,0.107,4.96,7,3948751,3.79
H17_3948071,3948071,A2-B0-C2-r7,C2-hibrido,I,0,0,0.524067,0.4398,3.8566,10.0,0.987,4.792,4792,10|8|5|5|4,8,0.504,0.107,4.96,7,3948751,3.63
H17_3948071,3948071,A2-B0-C2-r8,C2-hard,I,0,0,0.689125,0.9933,3.156,12.0,0.9515,3.333,3333,12|9|6|5|4,5,0.612,0.124,6.49,5,3948848,3.07
H17_3948071,3948071,A2-B0-C2-r8,C2-hibrido,III,1,1,0.820652,0.9521,2.6095,13.0,0.9225,3.835,3835,13|9|6|5|4,5,0.612,0.124,6.49,5,3948848,3.09
H17_3948071,3948071,A2-B0-C2-r9,C2-hard,I,0,0,0.677967,0.2449,2.9466,13.0,0.972,4.079,4079,13|8|6|5|4,5,0.62,0.261,7.69,6,3948945,3.56
H17_3948071,3948071,A2-B0-C2-r9,C2-hibrido,I,0,0,0.659143,1.4142,3.1048,11.0,0.9435,4.609,4609,11|8|5|5|4,5,0.62,0.261,7.69,6,3948945,4.09
H17_3948071,3948071,A2-B0-C2-r10,C2-hard,I,0,0,0.546004,0.4243,2.206,10.0,0.989,4.688,4688,10|8|5|4|4,6,0.357,0.345,6.97,7,3949042,4.32
H17_3948071,3948071,A2-B0-C2-r10,C2-hibrido,II,0,0,0.444219,0.9899,2.096,9.0,0.998,6.155,6155,9|6|5|4|4,6,0.357,0.345,6.97,7,3949042,5.4
H17_3948071,3948071,A2-B0-C2-r11,C2-hard,III,1,1,0.870484,1.4142,2.5784,15.0,0.9405,3.223,3223,15|10|6|5|4,4,0.75,0.26,7.04,5,3949139,3.35
H17_3948071,3948071,A2-B0-C2-r11,C2-hibrido,III,1,1,0.784689,0.2828,2.0035,12.0,0.904,3.682,3682,12|8|7|5|4,4,0.75,0.26,7.04,5,3949139,3.86
H17_3948071,3948071,A2-B0-C2-r12,C2-hard,I,0,0,0.335564,0.9175,0.941,9.0,0.9965,4.823,4823,9|5|6|5|4,7,0.554,0.326,6.51,7,3949236,3.5
H17_3948071,3948071,A2-B0-C2-r12,C2-hibrido,I,0,0,0.328193,0.2828,1.7468,7.0,0.997,6.101,6101,7|6|5|4|4,7,0.554,0.326,6.51,7,3949236,3.76
H17_3948071,3948071,A2-B0-C2-r13,C2-hard,I,0,0,0.601889,0.6364,1.5824,12.0,0.9835,4.07,4070,12|8|6|5|4,7,0.343,0.113,6.52,6,3949333,3.4
H17_3948071,3948071,A2-B0-C2-r13,C2-hibrido,II,0,0,0.393528,0.9899,1.8457,8.0,0.9915,5.123,5123,8|6|5|4|4,7,0.343,0.113,6.52,6,3949333,3.41
H17_3948071,3948071,A2-B0-C2-r14,C2-hard,I,0,0,0.598704,0.8485,1.5968,12.0,0.99,4.199,4199,12|8|6|5|4,6,0.407,0.196,4.67,7,3949430,3.64
H17_3948071,3948071,A2-B0-C2-r14,C2-hibrido,I,0,0,0.506682,0.7778,1.5035,11.0,0.9905,4.489,4489,11|6|6|5|4,6,0.407,0.196,4.67,7,3949430,3.42
H17_3948071,3948071,A2-B0-C2-r15,C2-hard,III,1,1,0.849719,0.2828,1.6873,19.0,0.9415,2.609,2609,19|12|8|6|5,8,0.606,0.165,4.04,4,3949527,2.87
H17_3948071,3948071,A2-B0-C2-r15,C2-hibrido,I,0,0,0.637486,0.2828,3.8069,12.0,0.9785,3.809,3809,12|8|6|5|4,8,0.606,0.165,4.04,4,3949527,3.22
H17_3948071,3948071,A2-B0-C2-r16,C2-hard,I,0,0,0.662824,0.7071,3.4017,13.0,0.973,3.645,3645,13|8|6|5|4,5,0.51,0.172,4.23,6,3949624,3.17
H17_3948071,3948071,A2-B0-C2-r16,C2-hibrido,I,0,0,0.551121,0.3519,2.6658,11.0,0.981,4.128,4128,11|7|6|5|4,5,0.51,0.172,4.23,6,3949624,3.22
H17_3948071,3948071,A2-B0-C2-r17,C2-hard,III,1,1,1.079048,1.0623,2.3211,19.0,0.814,2.224,2224,19|16|10|8|5,5,0.606,0.292,7.13,4,3949721,2.47
H17_3948071,3948071,A2-B0-C2-r17,C2-hibrido,III,1,1,1.280449,3.1769,2.3619,17.0,0.751,2.252,2252,17|13|9|6|5,5,0.606,0.292,7.13,4,3949721,2.84
H17_3948071,3948071,A2-B0-C2-r18,C2-hard,III,1,1,0.874712,0.7071,1.8936,15.0,0.9425,3.155,3155,15|11|7|5|4,5,0.357,0.136,6.77,5,3949818,2.52
H17_3948071,3948071,A2-B0-C2-r18,C2-hibrido,III,1,1,0.768462,0.5278,2.5633,11.0,0.911,3.613,3613,11|9|6|5|4,5,0.357,0.136,6.77,5,3949818,3.08
H17_3948071,3948071,A2-B0-C2-r19,C2-hard,I,0,0,0.588265,0.4571,1.7179,12.0,0.981,4.105,4105,12|8|6|5|4,7,0.457,0.133,6.31,6,3949915,3.13
H17_3948071,3948071,A2-B0-C2-r19,C2-hibrido,II,0,0,0.391097,0.2121,1.895,8.0,0.9955,5.679,5679,8|6|5|4|4,7,0.457,0.133,6.31,6,3949915,3.96
H03_662819,662819,A2-B0-C2-r0,C2-hard,I,0,0,0.462007,0.4552,2.2109,9.0,0.9775,3.852,3852,9|7|6|5|4,6,0.403,0.114,4.21,7,662820,2.04
H03_662819,662819,A2-B0-C2-r0,C2-hibrido,I,0,0,0.511288,0.9521,2.2544,10.0,0.98,4.065,4065,10|7|6|5|4,6,0.403,0.114,4.21,7,662820,2.44
H03_662819,662819,A2-B0-C2-r1,C2-hard,III,1,1,0.717585,1.1158,1.6113,16.0,0.9685,3.319,3319,16|10|7|5|5,6,0.623,0.287,5.14,5,662917,2.25
H03_662819,662819,A2-B0-C2-r1,C2-hibrido,I,0,0,0.544074,0.6692,1.5201,11.0,0.994,4.741,4741,11|7|5|5|4,6,0.623,0.287,5.14,5,662917,2.59
H03_662819,662819,A2-B0-C2-r2,C2-hard,I,0,0,0.563351,0.1414,1.683,12.0,0.987,4.072,4072,12|7|6|5|4,6,0.571,0.334,6.16,6,663014,2.25
H03_662819,662819,A2-B0-C2-r2,C2-hibrido,I,0,0,0.335307,0.2828,1.3229,8.0,0.9975,5.634,5634,8|5|5|4|4,6,0.571,0.334,6.16,6,663014,2.57
H03_662819,662819,A2-B0-C2-r3,C2-hard,III,1,1,1.139554,0.6002,2.6126,19.0,0.828,2.268,2268,19|14|8|7|5,6,0.753,0.292,7.11,4,663111,1.8
H03_662819,662819,A2-B0-C2-r3,C2-hibrido,III,1,1,1.320105,2.9198,2.2019,17.0,0.7875,2.396,2396,17|10|7|6|4,6,0.753,0.292,7.11,4,663111,2.07
H03_662819,662819,A2-B0-C2-r4,C2-hard,III,1,1,0.868619,0.5657,1.8376,15.0,0.935,3.206,3206,15|12|7|5|4,6,0.621,0.31,6.74,5,663208,2.41
H03_662819,662819,A2-B0-C2-r4,C2-hibrido,III,1,1,0.764039,0.7984,1.6749,12.0,0.9105,3.529,3529,12|8|6|5|4,6,0.621,0.31,6.74,5,663208,2.24
H03_662819,662819,A2-B0-C2-r5,C2-hard,III,1,1,0.880865,1.0935,1.6184,16.0,0.9285,3.053,3053,16|11|7|6|4,6,0.425,0.157,7.21,5,663305,2.39
H03_662819,662819,A2-B0-C2-r5,C2-hibrido,III,1,1,0.922086,0.1414,1.9111,13.0,0.89,3.436,3436,13|10|6|5|4,6,0.425,0.157,7.21,5,663305,2.22
H03_662819,662819,A2-B0-C2-r6,C2-hard,I,0,0,0.501749,0.1414,1.5488,10.0,0.9865,4.254,4254,10|7|5|5|4,5,0.73,0.134,4.73,7,663402,2.3
H03_662819,662819,A2-B0-C2-r6,C2-hibrido,I,0,0,0.508204,0.7071,4.8145,10.0,0.9885,4.659,4659,10|7|5|5|4,5,0.73,0.134,4.73,7,663402,2.55
H03_662819,662819,A2-B0-C2-r7,C2-hard,III,1,1,1.088615,1.447,2.2179,17.0,0.9015,2.989,2989,17|12|7|5|4,7,0.323,0.136,8.0,5,663499,2.64
H03_662819,662819,A2-B0-C2-r7,C2-hibrido,III,1,1,1.168894,1.1591,1.3795,16.0,0.843,3.144,3144,16|9|6|5|4,7,0.323,0.136,8.0,5,663499,2.41
H03_662819,662819,A2-B0-C2-r8,C2-hard,III,1,1,1.004571,1.4297,1.0956,21.0,0.9115,2.564,2564,21|14|8|6|5,6,0.554,0.313,5.0,4,663596,2.14
H03_662819,662819,A2-B0-C2-r8,C2-hibrido,III,1,1,0.93589,0.5278,1.1739,15.0,0.9295,3.193,3193,15|10|7|5|4,6,0.554,0.313,5.0,4,663596,2.16
H03_662819,662819,A2-B0-C2-r9,C2-hard,III,1,1,0.752143,0.3864,1.8801,15.0,0.9445,3.163,3163,15|10|6|5|5,8,0.31,0.205,6.86,5,663693,2.24
H03_662819,662819,A2-B0-C2-r9,C2-hibrido,III,1,1,0.832908,0.1414,1.6772,13.0,0.903,3.537,3537,13|8|6|5|4,8,0.31,0.205,6.86,5,663693,2.44
H03_662819,662819,A2-B0-C2-r10,C2-hard,III,1,1,0.940057,1.8385,2.2139,16.0,0.9085,3.065,3065,16|11|7|6|4,6,0.743,0.341,7.81,5,663790,2.19
H03_662819,662819,A2-B0-C2-r10,C2-hibrido,III,1,1,1.043187,0.4243,1.53,14.0,0.8435,3.178,3178,14|9|6|5|4,6,0.743,0.341,7.81,5,663790,2.48
H03_662819,662819,A2-B0-C2-r11,C2-hard,I,0,0,0.697279,1.2021,1.5433,15.0,0.9545,3.183,3183,15|10|6|6|5,8,0.358,0.25,6.16,5,663887,2.52
H03_662819,662819,A2-B0-C2-r11,C2-hibrido,III,1,1,0.751576,0.6364,1.5624,13.0,0.9505,3.74,3740,13|7|6|5|4,8,0.358,0.25,6.16,5,663887,2.45
H03_662819,662819,A2-B0-C2-r12,C2-hard,III,1,1,0.788116,1.0935,1.8074,15.0,0.956,3.247,3247,15|11|6|6|4,7,0.471,0.241,5.55,5,663984,2.35
H03_662819,662819,A2-B0-C2-r12,C2-hibrido,I,0,0,0.568558,0.1768,1.6675,11.0,0.9835,4.337,4337,11|8|6|5|4,7,0.471,0.241,5.55,5,663984,2.58
H03_662819,662819,A2-B0-C2-r13,C2-hard,I,0,0,0.590913,1.1314,2.0487,11.0,0.9805,3.617,3617,11|8|6|5|4,7,0.368,0.216,4.23,6,664081,2.49
H03_662819,662819,A2-B0-C2-r13,C2-hibrido,I,0,0,0.60233,0.5657,0.8635,12.0,0.9835,4.035,4035,12|7|6|5|4,7,0.368,0.216,4.23,6,664081,3.24
H03_662819,662819,A2-B0-C2-r14,C2-hard,III,1,1,0.704757,0.7727,1.6247,13.0,0.971,3.216,3216,13|10|9|5|4,6,0.507,0.28,4.12,5,664178,2.54
H03_662819,662819,A2-B0-C2-r14,C2-hibrido,I,0,0,0.536283,0.7348,3.599,10.0,0.986,3.976,3976,10|8|6|5|4,6,0.507,0.28,4.12,5,664178,2.41
H03_662819,662819,A2-B0-C2-r15,C2-hard,III,1,1,1.049949,1.2349,2.1936,19.0,0.84,2.322,2322,19|14|9|7|5,5,0.738,0.328,6.6,4,664275,1.93
H03_662819,662819,A2-B0-C2-r15,C2-hibrido,III,1,1,1.359655,0.4243,2.191,18.0,0.7875,2.441,2441,18|13|8|7|4,5,0.738,0.328,6.6,4,664275,2.15
H03_662819,662819,A2-B0-C2-r16,C2-hard,III,1,1,0.870117,0.8763,3.9972,16.0,0.953,3.318,3318,16|11|7|5|4,8,0.768,0.158,6.43,5,664372,2.89
H03_662819,662819,A2-B0-C2-r16,C2-hibrido,III,1,1,0.769632,1.0935,4.8227,13.0,0.9475,3.894,3894,13|9|7|5|4,8,0.768,0.158,6.43,5,664372,2.66
H03_662819,662819,A2-B0-C2-r17,C2-hard,I,0,0,0.643395,1.197,1.5085,13.0,0.984,4.159,4159,13|9|6|5|4,7,0.636,0.285,6.02,6,664469,2.86
H03_662819,662819,A2-B0-C2-r17,C2-hibrido,I,0,0,0.477743,0.9899,1.8314,9.0,0.9935,5.709,5709,9|7|5|4|4,7,0.636,0.285,6.02,6,664469,4.08
H03_662819,662819,A2-B0-C2-r18,C2-hard,I,0,0,0.483856,0.4243,2.3471,10.0,0.9825,4.148,4148,10|7|6|5|4,7,0.529,0.124,6.32,6,664566,3.02
H03_662819,662819,A2-B0-C2-r18,C2-hibrido,II,0,0,0.390197,0.6364,3.58,8.0,0.9965,5.675,5675,8|6|5|4|4,7,0.529,0.124,6.32,6,664566,2.92
H03_662819,662819,A2-B0-C2-r19,C2-hard,II,0,0,0.375998,1.0935,2.902,9.0,0.9915,4.97,4970,9|6|6|5|4,5,0.664,0.285,7.91,7,664663,3.08
H03_662819,662819,A2-B0-C2-r19,C2-hibrido,II,0,0,0.394187,0.2828,1.9338,8.0,0.9895,6.081,6081,8|6|5|4|4,5,0.664,0.285,7.91,7,664663,3.13
H08_1604923,1604923,A2-B0-C2-r0,C2-hard,I,0,0,0.604581,0.2828,2.0658,11.0,0.9675,4.042,4042,11|8|6|5|4,4,0.625,0.302,7.96,6,1604924,2.43
H08_1604923,1604923,A2-B0-C2-r0,C2-hibrido,I,0,0,0.649492,0.9899,1.7642,11.0,0.944,4.667,4667,11|8|6|5|4,4,0.625,0.302,7.96,6,1604924,2.67
H08_1604923,1604923,A2-B0-C2-r1,C2-hard,I,0,0,0.562012,0.0707,1.6534,11.0,0.981,3.808,3808,11|8|6|5|4,7,0.335,0.103,4.74,6,1605021,2.48
H08_1604923,1604923,A2-B0-C2-r1,C2-hibrido,I,0,0,0.576319,0.4243,1.384,11.0,0.9875,4.461,4461,11|8|6|5|4,7,0.335,0.103,4.74,6,1605021,2.69
H08_1604923,1604923,A2-B0-C2-r2,C2-hard,I,0,0,0.6354,0.6347,2.1693,13.0,0.967,3.257,3257,13|10|7|5|5,6,0.606,0.177,4.21,5,1605118,2.18
H08_1604923,1604923,A2-B0-C2-r2,C2-hibrido,I,0,0,0.69925,0.8485,0.8328,13.0,0.979,4.09,4090,13|9|6|5|4,6,0.606,0.177,4.21,5,1605118,2.43
H08_1604923,1604923,A2-B0-C2-r3,C2-hard,I,0,0,0.507328,1.1212,1.9614,12.0,0.9645,3.152,3152,12|9|7|6|5,6,0.437,0.114,4.06,5,1605215,1.99
H08_1604923,1604923,A2-B0-C2-r3,C2-hibrido,I,0,0,0.608561,0.3864,3.3009,11.0,0.9755,3.878,3878,11|8|6|5|4,6,0.437,0.114,4.06,5,1605215,2.18
H08_1604923,1604923,A2-B0-C2-r4,C2-hard,I,0,0,0.498685,0.8106,2.024,11.0,0.99,4.569,4569,11|6|5|5|4,7,0.328,0.184,5.67,7,1605312,2.71
H08_1604923,1604923,A2-B0-C2-r4,C2-hibrido,II,0,0,0.398725,0.5657,1.6422,9.0,0.99,5.363,5363,9|6|5|5|4,7,0.328,0.184,5.67,7,1605312,2.7
H08_1604923,1604923,A2-B0-C2-r5,C2-hard,III,1,1,0.760611,1.6263,1.8561,14.0,0.969,3.889,3889,14|10|6|5|4,5,0.319,0.259,7.87,6,1605409,2.39
H08_1604923,1604923,A2-B0-C2-r5,C2-hibrido,I,0,0,0.669078,0.4087,1.8997,11.0,0.9415,4.401,4401,11|8|6|5|4,5,0.319,0.259,7.87,6,1605409,2.89
H08_1604923,1604923,A2-B0-C2-r6,C2-hard,II,0,0,0.427404,0.3864,1.7036,9.0,0.9915,4.625,4625,9|7|6|5|4,6,0.407,0.182,5.98,7,1605506,2.79
H08_1604923,1604923,A2-B0-C2-r6,C2-hibrido,II,0,0,0.38561,0.0,1.7783,8.0,0.992,5.676,5676,8|6|5|4|4,6,0.407,0.182,5.98,7,1605506,3.08
H08_1604923,1604923,A2-B0-C2-r7,C2-hard,I,0,0,0.515115,0.495,1.1383,10.0,0.982,4.023,4023,10|8|6|5|4,8,0.39,0.271,6.11,6,1605603,2.7
H08_1604923,1604923,A2-B0-C2-r7,C2-hibrido,I,0,0,0.454017,0.2828,1.8568,9.0,0.9945,5.436,5436,9|6|5|4|4,8,0.39,0.271,6.11,6,1605603,3.54
H08_1604923,1604923,A2-B0-C2-r8,C2-hard,III,1,1,0.91069,1.6971,1.417,17.0,0.974,3.165,3165,17|12|6|5|4,7,0.504,0.26,4.13,5,1605700,2.34
H08_1604923,1604923,A2-B0-C2-r8,C2-hibrido,III,1,1,0.809609,2.5456,0.8892,14.0,0.976,3.959,3959,14|11|6|5|4,7,0.504,0.26,4.13,5,1605700,2.78
H08_1604923,1604923,A2-B0-C2-r9,C2-hard,II,0,0,0.411192,0.569,2.3067,8.0,0.9935,4.688,4688,8|7|6|4|4,5,0.312,0.154,6.08,7,1605797,2.64
H08_1604923,1604923,A2-B0-C2-r9,C2-hibrido,II,0,0,0.392745,0.7071,1.4554,8.0,0.9945,5.709,5709,8|6|5|4|4,5,0.312,0.154,6.08,7,1605797,3.49
H08_1604923,1604923,A2-B0-C2-r10,C2-hard,III,1,1,0.77923,0.7606,2.1247,14.0,0.9675,3.273,3273,14|11|7|5|4,8,0.556,0.163,4.47,5,1605894,2.7
H08_1604923,1604923,A2-B0-C2-r10,C2-hibrido,I,0,0,0.59609,0.4243,3.3388,10.0,0.9835,4.274,4274,10|8|6|4|4,8,0.556,0.163,4.47,5,1605894,3.09
H08_1604923,1604923,A2-B0-C2-r11,C2-hard,I,0,0,0.533309,0.7071,1.9172,11.0,0.9825,4.157,4157,11|8|6|5|4,4,0.652,0.311,5.93,6,1605991,3.61
H08_1604923,1604923,A2-B0-C2-r11,C2-hibrido,II,0,0,0.448077,0.4243,3.0762,9.0,0.9975,5.762,5762,9|6|5|4|4,4,0.652,0.311,5.93,6,1605991,4.05
H08_1604923,1604923,A2-B0-C2-r12,C2-hard,III,1,1,0.776924,1.3763,2.105,15.0,0.965,3.397,3397,15|10|7|5|4,7,0.72,0.292,6.06,5,1606088,3.52
H08_1604923,1604923,A2-B0-C2-r12,C2-hibrido,III,1,1,0.712069,0.2449,2.0063,12.0,0.96,4.061,4061,12|8|6|5|4,7,0.72,0.292,6.06,5,1606088,3.83
H08_1604923,1604923,A2-B0-C2-r13,C2-hard,III,1,1,0.788359,0.1414,3.5494,14.0,0.9485,3.262,3262,14|9|6|5|4,4,0.343,0.127,6.7,5,1606185,3.54
H08_1604923,1604923,A2-B0-C2-r13,C2-hibrido,III,1,1,0.71365,0.9209,3.4312,11.0,0.91,3.65,3650,11|8|6|5|4,4,0.343,0.127,6.7,5,1606185,3.07
H08_1604923,1604923,A2-B0-C2-r14,C2-hard,III,1,1,1.409824,0.8435,4.204,24.0,0.779,2.102,2102,24|18|10|7|5,5,0.454,0.125,7.68,4,1606282,2.68
H08_1604923,1604923,A2-B0-C2-r14,C2-hibrido,III,1,1,1.296584,2.0506,3.9653,18.0,0.7295,2.282,2282,18|12|8|7|5,5,0.454,0.125,7.68,4,1606282,2.72
H08_1604923,1604923,A2-B0-C2-r15,C2-hard,I,0,0,0.529723,0.7071,4.2626,10.0,0.991,4.896,4896,10|7|5|4|4,5,0.496,0.177,6.5,7,1606379,4.06
H08_1604923,1604923,A2-B0-C2-r15,C2-hibrido,II,0,0,0.432325,0.8485,3.3869,9.0,0.997,6.208,6208,9|6|5|4|4,5,0.496,0.177,6.5,7,1606379,4.13
H08_1604923,1604923,A2-B0-C2-r16,C2-hard,III,1,1,0.968967,0.5493,3.1013,19.0,0.881,2.443,2443,19|13|9|6|5,4,0.593,0.204,5.98,4,1606476,2.92
H08_1604923,1604923,A2-B0-C2-r16,C2-hibrido,III,1,1,1.071733,0.8106,3.5927,15.0,0.845,2.759,2759,15|9|8|5|4,4,0.593,0.204,5.98,4,1606476,3.3
H08_1604923,1604923,A2-B0-C2-r17,C2-hard,III,1,1,1.081704,1.4142,2.33,18.0,0.8195,2.274,2274,18|12|9|6|5,4,0.775,0.319,6.91,4,1606573,3.28
H08_1604923,1604923,A2-B0-C2-r17,C2-hibrido,III,1,1,1.329426,1.8759,1.9867,15.0,0.761,2.39,2390,15|10|7|5|4,4,0.775,0.319,6.91,4,1606573,3.15
H08_1604923,1604923,A2-B0-C2-r18,C2-hard,III,1,1,0.792017,1.4142,3.8757,16.0,0.969,3.211,3211,16|11|8|6|4,8,0.7,0.229,4.21,5,1606670,4.28
H08_1604923,1604923,A2-B0-C2-r18,C2-hibrido,I,0,0,0.639049,0.8485,2.5007,11.0,0.981,4.11,4110,11|9|6|5|4,8,0.7,0.229,4.21,5,1606670,5.06
H08_1604923,1604923,A2-B0-C2-r19,C2-hard,I,0,0,0.59458,0.1414,3.2256,13.0,0.973,3.417,3417,13|9|6|5|5,7,0.757,0.134,5.07,5,1606767,3.49
H08_1604923,1604923,A2-B0-C2-r19,C2-hibrido,I,0,0,0.486558,0.7071,3.5568,10.0,0.9925,4.872,4872,10|7|6|5|4,7,0.757,0.134,5.07,5,1606767,3.94
H13_2814697,2814697,A2-B0-C2-r0,C2-hard,I,0,0,0.638878,1.4142,1.4785,13.0,0.9865,4.01,4010,13|9|7|5|4,5,0.332,0.34,6.79,6,2814698,4.04
H13_2814697,2814697,A2-B0-C2-r0,C2-hibrido,I,0,0,0.499824,0.8485,1.4623,9.0,0.985,4.819,4819,9|7|6|4|4,5,0.332,0.34,6.79,6,2814698,4.35
H13_2814697,2814697,A2-B0-C2-r1,C2-hard,III,1,1,1.269787,0.3536,3.237,21.0,0.7525,2.114,2114,21|16|11|7|5,6,0.422,0.158,7.69,4,2814795,3.93
H13_2814697,2814697,A2-B0-C2-r1,C2-hibrido,III,1,1,1.425908,0.6448,3.6437,19.0,0.73,2.26,2260,19|13|8|6|5,6,0.422,0.158,7.69,4,2814795,3.13
H13_2814697,2814697,A2-B0-C2-r2,C2-hard,III,1,1,0.893972,0.814,2.3307,18.0,0.8885,2.5,2500,18|13|9|6|5,8,0.584,0.184,5.11,4,2814892,3.32
H13_2814697,2814697,A2-B0-C2-r2,C2-hibrido,III,1,1,0.998359,0.7778,3.0246,15.0,0.905,3.038,3038,15|11|7|5|4,8,0.584,0.184,5.11,4,2814892,3.73
H13_2814697,2814697,A2-B0-C2-r3,C2-hard,III,1,1,0.950419,1.0556,2.5792,20.0,0.9235,2.625,2625,20|14|9|6|5,7,0.583,0.132,4.79,4,2814989,3.82
H13_2814697,2814697,A2-B0-C2-r3,C2-hibrido,I,0,0,0.60715,0.7071,2.8936,13.0,0.9545,3.427,3427,13|8|7|5|5,7,0.583,0.132,4.79,4,2814989,4.23
H13_2814697,2814697,A2-B0-C2-r4,C2-hard,III,1,1,0.711735,0.5657,1.5348,14.0,0.973,3.279,3279,14|9|7|5|4,7,0.342,0.199,4.43,5,2815086,3.64
H13_2814697,2814697,A2-B0-C2-r4,C2-hibrido,I,0,0,0.509825,0.7071,1.0655,10.0,0.9855,4.184,4184,10|7|5|5|4,7,0.342,0.199,4.43,5,2815086,4.5
H13_2814697,2814697,A2-B0-C2-r5,C2-hard,III,1,1,1.263944,0.5027,2.1031,22.0,0.8115,2.174,2174,22|15|10|6|5,5,0.307,0.23,7.34,4,2815183,3.11
H13_2814697,2814697,A2-B0-C2-r5,C2-hibrido,III,1,1,1.467799,1.988,1.6035,17.0,0.7345,2.19,2190,17|13|9|6|4,5,0.307,0.23,7.34,4,2815183,3.38
H13_2814697,2814697,A2-B0-C2-r6,C2-hard,I,0,0,0.510795,0.8485,1.8748,10.0,0.985,4.106,4106,10|8|6|5|4,4,0.446,0.304,6.14,6,2815280,5.31
H13_2814697,2814697,A2-B0-C2-r6,C2-hibrido,I,0,0,0.324989,0.2828,1.2774,7.0,0.9985,5.754,5754,7|6|5|4|4,4,0.446,0.304,6.14,6,2815280,5.67
H13_2814697,2814697,A2-B0-C2-r7,C2-hard,II,0,0,0.42232,0.5278,1.2146,9.0,0.9825,4.085,4085,9|7|6|5|4,4,0.336,0.29,5.47,6,2815377,4.87
H13_2814697,2814697,A2-B0-C2-r7,C2-hibrido,II,0,0,0.419238,0.9209,1.8358,8.0,0.992,5.201,5201,8|7|5|4|4,4,0.336,0.29,5.47,6,2815377,4.45
H13_2814697,2814697,A2-B0-C2-r8,C2-hard,III,1,1,1.037429,3.9598,1.8339,23.0,0.921,2.57,2570,23|16|10|6|5,5,0.397,0.131,4.41,4,2815474,3.38
H13_2814697,2814697,A2-B0-C2-r8,C2-hibrido,IV,0,1,0.725966,0.0535,5.2032,13.0,0.973,3.622,3622,13|9|6|5|4,5,0.397,0.131,4.41,4,2815474,3.63
H13_2814697,2814697,A2-B0-C2-r9,C2-hard,I,0,0,0.57932,0.5657,1.9195,11.0,0.9815,3.7,3700,11|8|6|5|4,6,0.577,0.274,4.39,6,2815571,3.84
H13_2814697,2814697,A2-B0-C2-r9,C2-hibrido,I,0,0,0.628719,1.8385,2.1025,13.0,0.9855,4.247,4247,13|7|7|5|4,6,0.577,0.274,4.39,6,2815571,3.26
H13_2814697,2814697,A2-B0-C2-r10,C2-hard,II,0,0,0.413345,0.5657,2.0712,9.0,0.9945,4.839,4839,9|7|4|5|4,6,0.622,0.133,6.51,7,2815668,4.02
H13_2814697,2814697,A2-B0-C2-r10,C2-hibrido,II,0,0,0.39014,0.495,2.3342,8.0,0.999,6.09,6090,8|6|5|4|4,6,0.622,0.133,6.51,7,2815668,4.22
H13_2814697,2814697,A2-B0-C2-r11,C2-hard,I,0,0,0.517113,0.3864,1.2847,11.0,0.986,4.092,4092,11|7|6|5|4,6,0.516,0.246,6.06,6,2815765,3.17
H13_2814697,2814697,A2-B0-C2-r11,C2-hibrido,II,0,0,0.391922,0.4243,1.6953,8.0,0.9945,5.493,5493,8|6|5|4|4,6,0.516,0.246,6.06,6,2815765,3.61
H13_2814697,2814697,A2-B0-C2-r12,C2-hard,III,1,1,0.776332,0.9744,4.1633,14.0,0.958,3.351,3351,14|10|6|5|4,5,0.634,0.186,6.16,5,2815862,3.19
H13_2814697,2814697,A2-B0-C2-r12,C2-hibrido,I,0,0,0.612063,0.5278,3.9845,10.0,0.9455,3.955,3955,10|8|6|5|4,5,0.634,0.186,6.16,5,2815862,3.6
H13_2814697,2814697,A2-B0-C2-r13,C2-hard,I,0,0,0.539343,0.8485,2.3814,11.0,0.985,3.95,3950,11|7|6|5|4,4,0.561,0.211,4.77,6,2815959,3.57
H13_2814697,2814697,A2-B0-C2-r13,C2-hibrido,I,0,0,0.529168,0.8485,2.6122,10.0,0.9895,4.707,4707,10|6|5|4|4,4,0.561,0.211,4.77,6,2815959,3.48
H13_2814697,2814697,A2-B0-C2-r14,C2-hard,III,1,1,1.011969,1.7678,1.9793,21.0,0.9065,2.538,2538,21|14|9|6|5,6,0.76,0.34,5.41,4,2816056,2.8
H13_2814697,2814697,A2-B0-C2-r14,C2-hibrido,III,1,1,0.994633,0.7399,1.6322,15.0,0.889,2.885,2885,15|11|7|6|4,6,0.76,0.34,5.41,4,2816056,2.84
H13_2814697,2814697,A2-B0-C2-r15,C2-hard,I,0,0,0.694445,1.4849,1.4502,16.0,0.967,3.14,3140,16|9|7|6|5,7,0.315,0.109,4.2,5,2816153,2.9
H13_2814697,2814697,A2-B0-C2-r15,C2-hibrido,I,0,0,0.573629,0.6191,1.8143,10.0,0.977,3.966,3966,10|8|6|5|4,7,0.315,0.109,4.2,5,2816153,3.53
H13_2814697,2814697,A2-B0-C2-r16,C2-hard,III,1,1,1.184829,1.2694,2.7433,22.0,0.834,2.3,2300,22|13|10|6|5,7,0.404,0.12,6.85,4,2816250,2.64
H13_2814697,2814697,A2-B0-C2-r16,C2-hibrido,III,1,1,1.227596,2.4975,1.8976,15.0,0.7935,2.5,2500,15|10|7|5|4,7,0.404,0.12,6.85,4,2816250,3.09
H13_2814697,2814697,A2-B0-C2-r17,C2-hard,I,0,0,0.695052,0.4243,1.0645,15.0,0.956,3.169,3169,15|11|7|6|5,7,0.367,0.313,4.3,5,2816347,2.71
H13_2814697,2814697,A2-B0-C2-r17,C2-hibrido,I,0,0,0.556653,0.7795,1.1166,10.0,0.9725,4.022,4022,10|7|6|5|4,7,0.367,0.313,4.3,5,2816347,3.5
H13_2814697,2814697,A2-B0-C2-r18,C2-hard,I,0,0,0.45026,0.8485,1.3843,10.0,0.994,4.669,4669,10|7|6|5|4,5,0.37,0.295,5.85,7,2816444,3.57
H13_2814697,2814697,A2-B0-C2-r18,C2-hibrido,I,0,0,0.490553,0.5657,1.7716,8.0,0.995,5.529,5529,8|6|5|4|3,5,0.37,0.295,5.85,7,2816444,3.7
H13_2814697,2814697,A2-B0-C2-r19,C2-hard,I,0,0,0.465506,0.2828,1.9472,10.0,0.9915,4.849,4849,10|7|5|5|4,5,0.371,0.22,6.89,7,2816541,3.57
H13_2814697,2814697,A2-B0-C2-r19,C2-hibrido,II,0,0,0.377197,0.2828,2.4177,8.0,0.9975,6.238,6238,8|6|5|4|4,5,0.371,0.22,6.89,7,2816541,4.38
H18_4213589,4213589,A2-B0-C2-r0,C2-hard,I,0,0,0.534812,0.1414,2.4483,11.0,0.989,4.056,4056,11|8|6|5|4,5,0.516,0.239,5.32,6,4213590,3.22
H18_4213589,4213589,A2-B0-C2-r0,C2-hibrido,I,0,0,0.453987,0.8485,3.2371,9.0,0.9925,5.129,5129,9|6|5|4|4,5,0.516,0.239,5.32,6,4213590,4.46
H18_4213589,4213589,A2-B0-C2-r1,C2-hard,I,0,0,0.680512,0.9798,1.3616,13.0,0.985,4.042,4042,13|10|6|5|4,8,0.316,0.324,6.21,6,4213687,3.21
H18_4213589,4213589,A2-B0-C2-r1,C2-hibrido,I,0,0,0.451616,0.2828,1.179,8.0,0.995,5.483,5483,8|8|5|4|4,8,0.316,0.324,6.21,6,4213687,3.55
H18_4213589,4213589,A2-B0-C2-r2,C2-hard,I,0,0,0.651573,1.4142,3.3239,14.0,0.961,3.317,3317,14|8|7|6|4,5,0.318,0.151,5.69,5,4213784,3.42
H18_4213589,4213589,A2-B0-C2-r2,C2-hibrido,I,0,0,0.592316,0.2828,2.1548,11.0,0.978,4.228,4228,11|8|6|5|4,5,0.318,0.151,5.69,5,4213784,3.74
H18_4213589,4213589,A2-B0-C2-r3,C2-hard,I,0,0,0.670198,0.495,1.1636,13.0,0.9775,3.584,3584,13|8|7|5|4,7,0.46,0.326,4.17,6,4213881,3.1
H18_4213589,4213589,A2-B0-C2-r3,C2-hibrido,I,0,0,0.607594,0.8485,2.6054,12.0,0.974,3.99,3990,12|7|6|5|4,7,0.46,0.326,4.17,6,4213881,4.56
H18_4213589,4213589,A2-B0-C2-r4,C2-hard,I,0,0,0.595026,0.2828,2.3054,13.0,0.9625,3.365,3365,13|8|6|5|5,5,0.761,0.285,6.14,5,4213978,3.61
H18_4213589,4213589,A2-B0-C2-r4,C2-hibrido,I,0,0,0.673072,0.8485,2.3358,11.0,0.9595,4.126,4126,11|9|6|5|4,5,0.761,0.285,6.14,5,4213978,3.27
H18_4213589,4213589,A2-B0-C2-r5,C2-hard,I,0,0,0.578422,0.2828,2.3857,11.0,0.9845,3.786,3786,11|8|6|5|4,7,0.702,0.305,4.45,6,4214075,3.53
H18_4213589,4213589,A2-B0-C2-r5,C2-hibrido,I,0,0,0.519866,0.5657,1.7634,10.0,0.988,4.339,4339,10|7|5|5|4,7,0.702,0.305,4.45,6,4214075,3.67
H18_4213589,4213589,A2-B0-C2-r6,C2-hard,I,0,0,0.586989,0.3207,1.4752,11.0,0.9775,3.642,3642,11|8|6|5|4,4,0.416,0.321,4.28,6,4214172,3.48
H18_4213589,4213589,A2-B0-C2-r6,C2-hibrido,I,0,0,0.609651,0.9899,2.052,11.0,0.9825,4.175,4175,11|9|6|5|4,4,0.416,0.321,4.28,6,4214172,3.75
H18_4213589,4213589,A2-B0-C2-r7,C2-hard,III,1,1,1.123522,0.4959,2.0586,22.0,0.8185,2.229,2229,22|14|10|7|6,7,0.738,0.302,7.09,4,4214269,3.09
H18_4213589,4213589,A2-B0-C2-r7,C2-hibrido,III,1,1,1.271024,3.884,1.9373,16.0,0.7755,2.444,2444,16|9|7|6|4,7,0.738,0.302,7.09,4,4214269,2.91
H18_4213589,4213589,A2-B0-C2-r8,C2-hard,III,1,1,0.772007,0.4243,2.1452,16.0,0.924,2.577,2577,16|12|10|6|5,5,0.425,0.185,4.17,4,4214366,2.7
H18_4213589,4213589,A2-B0-C2-r8,C2-hibrido,III,1,1,0.711132,0.5657,2.9899,13.0,0.981,3.901,3901,13|8|6|5|4,5,0.425,0.185,4.17,4,4214366,3.58
H18_4213589,4213589,A2-B0-C2-r9,C2-hard,II,0,0,0.434127,0.5657,3.422,9.0,0.9915,4.629,4629,9|7|5|5|4,7,0.67,0.17,5.48,7,4214463,3.07
H18_4213589,4213589,A2-B0-C2-r9,C2-hibrido,II,0,0,0.386411,0.3536,2.8709,8.0,0.996,5.345,5345,8|6|5|4|4,7,0.67,0.17,5.48,7,4214463,3.82
H18_4213589,4213589,A2-B0-C2-r10,C2-hard,IV,0,1,0.746254,0.1414,5.6959,15.0,0.97,3.396,3396,15|9|7|5|4,5,0.785,0.247,5.08,5,4214560,3.45
H18_4213589,4213589,A2-B0-C2-r10,C2-hibrido,II,0,0,0.410963,0.5657,2.6898,9.0,0.991,4.918,4918,9|6|5|5|4,5,0.785,0.247,5.08,5,4214560,4.14
H18_4213589,4213589,A2-B0-C2-r11,C2-hard,I,0,0,0.523959,0.6191,1.9413,10.0,0.9775,4.091,4091,10|8|6|5|4,6,0.761,0.162,7.22,6,4214657,4.85
H18_4213589,4213589,A2-B0-C2-r11,C2-hibrido,I,0,0,0.549838,0.8485,1.8877,10.0,0.9635,4.784,4784,10|7|5|5|4,6,0.761,0.162,7.22,6,4214657,4.02
H18_4213589,4213589,A2-B0-C2-r12,C2-hard,I,0,0,0.673159,0.8813,4.4469,14.0,0.9635,3.339,3339,14|8|6|6|4,8,0.599,0.11,5.5,5,4214754,3.79
H18_4213589,4213589,A2-B0-C2-r12,C2-hibrido,I,0,0,0.452293,0.4243,4.3083,9.0,0.987,4.432,4432,9|7|5|5|4,8,0.599,0.11,5.5,5,4214754,3.45
H18_4213589,4213589,A2-B0-C2-r13,C2-hard,I,0,0,0.465036,0.2828,1.1359,9.0,0.9935,4.917,4917,9|7|5|4|4,6,0.793,0.318,6.72,7,4214851,3.73
H18_4213589,4213589,A2-B0-C2-r13,C2-hibrido,II,0,0,0.372775,0.1414,1.8212,8.0,0.9975,6.177,6177,8|6|5|4|4,6,0.793,0.318,6.72,7,4214851,3.77
H18_4213589,4213589,A2-B0-C2-r14,C2-hard,I,0,0,0.456264,0.5278,1.6429,10.0,0.994,4.737,4737,10|7|6|5|4,8,0.377,0.275,6.18,7,4214948,3.3
H18_4213589,4213589,A2-B0-C2-r14,C2-hibrido,II,0,0,0.435399,0.9899,1.3126,9.0,0.9965,5.816,5816,9|6|5|4|4,8,0.377,0.275,6.18,7,4214948,4.27
H18_4213589,4213589,A2-B0-C2-r15,C2-hard,III,1,1,0.952292,1.2728,2.5029,18.0,0.8935,2.519,2519,18|14|9|6|5,5,0.528,0.206,5.82,4,4215045,2.77
H18_4213589,4213589,A2-B0-C2-r15,C2-hibrido,III,1,1,1.14069,1.9092,2.6844,16.0,0.838,2.677,2677,16|9|7|5|4,5,0.528,0.206,5.82,4,4215045,3.0
H18_4213589,4213589,A2-B0-C2-r16,C2-hard,III,1,1,0.780815,0.5657,4.9381,14.0,0.9645,3.315,3315,14|10|7|5|4,4,0.41,0.166,4.79,5,4215142,2.98
H18_4213589,4213589,A2-B0-C2-r16,C2-hibrido,I,0,0,0.485434,0.7071,2.7806,10.0,0.9875,4.559,4559,10|6|5|5|4,4,0.41,0.166,4.79,5,4215142,3.54
H18_4213589,4213589,A2-B0-C2-r17,C2-hard,I,0,0,0.689932,0.3536,2.2608,13.0,0.9775,3.969,3969,13|9|6|5|4,5,0.448,0.223,7.73,6,4215239,3.38
H18_4213589,4213589,A2-B0-C2-r17,C2-hibrido,I,0,0,0.595292,0.1069,2.675,10.0,0.956,4.546,4546,10|8|5|5|4,5,0.448,0.223,7.73,6,4215239,3.26
H18_4213589,4213589,A2-B0-C2-r18,C2-hard,I,0,0,0.664253,1.0556,1.6584,13.0,0.9445,3.207,3207,13|10|7|5|5,6,0.312,0.314,6.68,5,4215336,3.32
H18_4213589,4213589,A2-B0-C2-r18,C2-hibrido,III,1,1,0.949461,0.6191,1.7456,15.0,0.915,3.433,3433,15|10|7|5|4,6,0.312,0.314,6.68,5,4215336,2.74
H18_4213589,4213589,A2-B0-C2-r19,C2-hard,I,0,0,0.60395,0.5657,3.8264,12.0,0.9845,3.974,3974,12|8|6|5|4,5,0.65,0.184,4.96,6,4215433,2.92
H18_4213589,4213589,A2-B0-C2-r19,C2-hibrido,II,0,0,0.414799,0.8485,4.6651,9.0,0.99,4.866,4866,9|6|5|5|4,5,0.65,0.184,4.96,6,4215433,3.43
H04_741037,741037,A2-B0-C2-r0,C2-hard,I,0,0,0.517009,0.5657,2.1268,11.0,0.989,4.091,4091,11|7|6|5|4,7,0.738,0.23,5.12,6,741038,2.09
H04_741037,741037,A2-B0-C2-r0,C2-hibrido,II,0,0,0.449527,0.6692,1.336,10.0,0.992,5.0,5000,10|6|5|5|4,7,0.738,0.23,5.12,6,741038,2.73
H04_741037,741037,A2-B0-C2-r1,C2-hard,I,0,0,0.626759,0.4053,1.3189,11.0,0.9835,3.793,3793,11|9|6|5|4,5,0.695,0.317,4.03,7,741135,2.32
H04_741037,741037,A2-B0-C2-r1,C2-hibrido,I,0,0,0.672304,0.5657,4.0757,12.0,0.9845,3.961,3961,12|7|6|4|4,5,0.695,0.317,4.03,7,741135,2.3
H04_741037,741037,A2-B0-C2-r2,C2-hard,III,1,1,1.108147,1.7627,3.168,23.0,0.881,2.461,2461,23|15|9|7|5,4,0.596,0.192,5.89,4,741232,1.86
H04_741037,741037,A2-B0-C2-r2,C2-hibrido,III,1,1,1.064682,0.5657,4.2788,16.0,0.845,2.698,2698,16|11|8|5|5,4,0.596,0.192,5.89,4,741232,1.99
H04_741037,741037,A2-B0-C2-r3,C2-hard,II,0,0,0.387303,0.5657,2.0064,9.0,0.9945,4.72,4720,9|6|5|5|4,6,0.592,0.222,6.01,7,741329,2.41
H04_741037,741037,A2-B0-C2-r3,C2-hibrido,II,0,0,0.396306,0.3864,1.5576,9.0,0.998,5.689,5689,9|6|5|5|4,6,0.592,0.222,6.01,7,741329,2.79
H04_741037,741037,A2-B0-C2-r4,C2-hard,II,0,0,0.436029,1.1314,1.4077,9.0,0.9925,4.524,4524,9|8|6|5|4,6,0.473,0.274,5.48,7,741426,2.52
H04_741037,741037,A2-B0-C2-r4,C2-hibrido,I,0,0,0.456012,0.2449,2.7905,9.0,0.9925,5.213,5213,9|6|5|4|4,6,0.473,0.274,5.48,7,741426,2.69
H04_741037,741037,A2-B0-C2-r5,C2-hard,I,0,0,0.557738,0.2828,1.7043,11.0,0.976,4.041,4041,11|8|6|5|4,7,0.463,0.28,5.87,6,741523,2.55
H04_741037,741037,A2-B0-C2-r5,C2-hibrido,II,0,0,0.409993,0.2828,1.6025,8.0,0.993,5.336,5336,8|6|5|4|4,7,0.463,0.28,5.87,6,741523,2.61
H04_741037,741037,A2-B0-C2-r6,C2-hard,III,1,1,0.743363,0.7071,3.1203,14.0,0.9705,3.368,3368,14|10|6|5|4,5,0.543,0.196,5.83,5,741620,2.33
H04_741037,741037,A2-B0-C2-r6,C2-hibrido,I,0,0,0.656219,0.9899,3.3332,12.0,0.973,4.174,4174,12|8|6|5|4,5,0.543,0.196,5.83,5,741620,2.84
H04_741037,741037,A2-B0-C2-r7,C2-hard,I,0,0,0.527861,0.2828,4.4549,11.0,0.9835,4.132,4132,11|7|5|5|4,8,0.751,0.235,5.5,6,741717,2.65
H04_741037,741037,A2-B0-C2-r7,C2-hibrido,I,0,0,0.487275,0.2828,3.818,9.0,0.992,5.351,5351,9|7|5|4|4,8,0.751,0.235,5.5,6,741717,2.8
H04_741037,741037,A2-B0-C2-r8,C2-hard,I,0,0,0.606486,0.369,3.0914,13.0,0.9575,3.353,3353,13|9|6|5|5,5,0.775,0.208,6.38,5,741814,2.27
H04_741037,741037,A2-B0-C2-r8,C2-hibrido,I,0,0,0.631127,1.0209,2.5183,10.0,0.941,3.857,3857,10|9|6|5|4,5,0.775,0.208,6.38,5,741814,2.28
H04_741037,741037,A2-B0-C2-r9,C2-hard,I,0,0,0.648417,1.1314,1.5218,14.0,0.9735,3.315,3315,14|11|7|5|5,6,0.36,0.251,4.7,5,741911,2.34
H04_741037,741037,A2-B0-C2-r9,C2-hibrido,I,0,0,0.543178,0.2828,0.6729,11.0,0.989,4.283,4283,11|7|6|5|4,6,0.36,0.251,4.7,5,741911,2.45
H04_741037,741037,A2-B0-C2-r10,C2-hard,III,1,1,0.868689,1.6213,3.063,16.0,0.949,3.257,3257,16|10|8|5|4,8,0.741,0.181,6.74,5,742008,2.55
H04_741037,741037,A2-B0-C2-r10,C2-hibrido,III,1,1,0.713869,0.0,3.6399,11.0,0.9125,3.637,3637,11|8|6|5|4,8,0.741,0.181,6.74,5,742008,2.5
H04_741037,741037,A2-B0-C2-r11,C2-hard,I,0,0,0.595336,0.5501,2.0523,12.0,0.986,4.181,4181,12|8|5|5|4,6,0.605,0.299,6.2,6,742105,2.6
H04_741037,741037,A2-B0-C2-r11,C2-hibrido,I,0,0,0.314023,0.2828,1.7766,7.0,0.997,5.723,5723,7|6|5|4|4,6,0.605,0.299,6.2,6,742105,3.02
H04_741037,741037,A2-B0-C2-r12,C2-hard,I,0,0,0.655376,0.8485,3.9123,13.0,0.988,4.106,4106,13|9|6|5|4,8,0.566,0.172,5.87,6,742202,2.61
H04_741037,741037,A2-B0-C2-r12,C2-hibrido,II,0,0,0.354263,0.2828,4.3489,8.0,0.996,5.482,5482,8|5|5|4|4,8,0.566,0.172,5.87,6,742202,3.6
H04_741037,741037,A2-B0-C2-r13,C2-hard,I,0,0,0.477841,0.9209,2.6967,10.0,0.974,4.148,4148,10|7|6|5|4,4,0.791,0.329,7.1,6,742299,2.99
H04_741037,741037,A2-B0-C2-r13,C2-hibrido,I,0,0,0.473736,1.1314,2.3281,10.0,0.9775,5.033,5033,10|6|6|5|4,4,0.791,0.329,7.1,6,742299,2.77
H04_741037,741037,A2-B0-C2-r14,C2-hard,I,0,0,0.463697,0.5657,1.6867,10.0,0.9935,4.801,4801,10|7|5|5|4,6,0.526,0.282,6.14,7,742396,2.7
H04_741037,741037,A2-B0-C2-r14,C2-hibrido,II,0,0,0.421714,0.4243,1.8649,9.0,0.997,5.846,5846,9|6|5|4|4,6,0.526,0.282,6.14,7,742396,3.05
H04_741037,741037,A2-B0-C2-r15,C2-hard,I,0,0,0.575671,0.8485,2.5242,12.0,0.9815,4.021,4021,12|7|6|5|4,6,0.75,0.107,5.25,6,742493,3.02
H04_741037,741037,A2-B0-C2-r15,C2-hibrido,I,0,0,0.619222,1.6971,2.4478,11.0,0.989,5.063,5063,11|7|5|4|4,6,0.75,0.107,5.25,6,742493,3.01
H04_741037,741037,A2-B0-C2-r16,C2-hard,III,1,1,1.156159,1.9041,2.5569,21.0,0.8425,2.352,2352,21|15|10|6|5,7,0.52,0.196,6.4,4,742590,2.73
H04_741037,741037,A2-B0-C2-r16,C2-hibrido,III,1,1,1.07505,0.5278,2.8508,16.0,0.8135,2.517,2517,16|11|7|6|5,7,0.52,0.196,6.4,4,742590,3.13
H04_741037,741037,A2-B0-C2-r17,C2-hard,III,1,1,0.79486,1.8713,3.8863,17.0,0.9515,3.303,3303,17|10|8|5|5,5,0.647,0.179,6.71,5,742687,2.57
H04_741037,741037,A2-B0-C2-r17,C2-hibrido,III,1,1,0.787818,0.3536,2.3827,12.0,0.918,3.617,3617,12|9|7|5|4,5,0.647,0.179,6.71,5,742687,2.51
H04_741037,741037,A2-B0-C2-r18,C2-hard,I,0,0,0.571733,0.5278,1.1311,11.0,0.9885,4.142,4142,11|8|6|5|4,7,0.476,0.26,4.74,7,742784,2.69
H04_741037,741037,A2-B0-C2-r18,C2-hibrido,I,0,0,0.644583,1.4142,1.2031,11.0,0.9865,4.533,4533,11|8|6|4|4,7,0.476,0.26,4.74,7,742784,2.63
H04_741037,741037,A2-B0-C2-r19,C2-hard,I,0,0,0.650824,1.1314,1.9376,14.0,0.9595,3.331,3331,14|9|7|5|5,7,0.708,0.287,6.15,5,742881,2.39
H04_741037,741037,A2-B0-C2-r19,C2-hibrido,I,0,0,0.636148,0.1414,2.0592,11.0,0.9515,4.085,4085,11|8|6|5|4,7,0.708,0.287,6.15,5,742881,2.35
H09_1889347,1889347,A2-B0-C2-r0,C2-hard,I,0,0,0.586995,0.9899,2.6822,12.0,0.966,3.364,3364,12|8|6|6|4,4,0.347,0.198,5.29,5,1889348,2.43
H09_1889347,1889347,A2-B0-C2-r0,C2-hibrido,II,0,0,0.407948,0.9521,3.254,9.0,0.991,4.964,4964,9|6|6|5|4,4,0.347,0.198,5.29,5,1889348,2.73
H09_1889347,1889347,A2-B0-C2-r1,C2-hard,I,0,0,0.509733,0.4243,2.8285,11.0,0.991,4.203,4203,11|7|6|5|4,5,0.771,0.201,5.71,6,1889445,2.53
H09_1889347,1889347,A2-B0-C2-r1,C2-hibrido,II,0,0,0.413534,0.4243,3.2307,8.0,0.998,5.551,5551,8|7|5|4|4,5,0.771,0.201,5.71,6,1889445,2.69
H09_1889347,1889347,A2-B0-C2-r2,C2-hard,I,0,0,0.577708,0.7071,4.3081,11.0,0.9815,3.988,3988,11|8|6|5|4,5,0.593,0.171,4.92,6,1889542,2.21
H09_1889347,1889347,A2-B0-C2-r2,C2-hibrido,II,0,0,0.388325,0.5657,3.6795,8.0,0.9905,4.822,4822,8|7|5|5|4,5,0.593,0.171,4.92,6,1889542,2.36
H09_1889347,1889347,A2-B0-C2-r3,C2-hard,I,0,0,0.511648,0.5657,6.3243,10.0,0.9745,4.03,4030,10|7|6|5|4,8,0.666,0.109,7.65,6,1889639,2.71
H09_1889347,1889347,A2-B0-C2-r3,C2-hibrido,I,0,0,0.649801,1.2728,6.3612,11.0,0.945,4.573,4573,11|7|5|5|4,8,0.666,0.109,7.65,6,1889639,2.59
H09_1889347,1889347,A2-B0-C2-r4,C2-hard,I,0,0,0.506927,0.5278,1.7132,11.0,0.9925,4.884,4884,11|7|5|5|4,5,0.523,0.323,7.36,7,1889736,2.59
H09_1889347,1889347,A2-B0-C2-r4,C2-hibrido,I,0,0,0.308663,0.1414,1.8371,7.0,0.999,6.661,6661,7|6|5|4|4,5,0.523,0.323,7.36,7,1889736,3.4
H09_1889347,1889347,A2-B0-C2-r5,C2-hard,I,0,0,0.635395,0.7606,1.598,13.0,0.9815,3.958,3958,13|7|6|5|4,4,0.318,0.313,4.44,7,1889833,2.59
H09_1889347,1889347,A2-B0-C2-r5,C2-hibrido,I,0,0,0.463452,0.8262,1.3422,9.0,0.986,4.249,4249,9|7|6|5|4,4,0.318,0.313,4.44,7,1889833,2.67
H09_1889347,1889347,A2-B0-C2-r6,C2-hard,I,0,0,0.521999,0.1414,2.0958,11.0,0.986,4.029,4029,11|7|6|5|4,7,0.545,0.34,5.66,6,1889930,2.83
H09_1889347,1889347,A2-B0-C2-r6,C2-hibrido,I,0,0,0.453978,0.7071,1.2011,10.0,0.991,5.209,5209,10|6|5|5|4,7,0.545,0.34,5.66,6,1889930,3.42
H09_1889347,1889347,A2-B0-C2-r7,C2-hard,II,0,0,0.426822,0.2828,3.4977,9.0,0.99,4.609,4609,9|7|5|5|4,4,0.545,0.189,5.38,7,1890027,2.64
H09_1889347,1889347,A2-B0-C2-r7,C2-hibrido,I,0,0,0.341866,0.2828,3.3388,8.0,0.993,5.264,5264,8|6|5|5|4,4,0.545,0.189,5.38,7,1890027,3.01
H09_1889347,1889347,A2-B0-C2-r8,C2-hard,I,0,0,0.676107,0.7795,1.5619,15.0,0.958,3.356,3356,15|9|7|5|5,7,0.341,0.194,5.83,5,1890124,2.1
H09_1889347,1889347,A2-B0-C2-r8,C2-hibrido,III,1,1,0.744123,0.7071,1.436,13.0,0.9605,3.998,3998,13|8|6|5|4,7,0.341,0.194,5.83,5,1890124,2.76
H09_1889347,1889347,A2-B0-C2-r9,C2-hard,I,0,0,0.665676,1.8385,1.5172,13.0,0.979,4.06,4060,13|9|6|5|4,6,0.781,0.338,7.62,6,1890221,2.97
H09_1889347,1889347,A2-B0-C2-r9,C2-hibrido,I,0,0,0.579663,0.7778,1.9845,10.0,0.96,4.754,4754,10|8|5|5|4,6,0.781,0.338,7.62,6,1890221,3.43
H09_1889347,1889347,A2-B0-C2-r10,C2-hard,III,1,1,0.847244,0.4571,2.2763,15.0,0.9645,3.293,3293,15|11|7|5|4,7,0.548,0.181,6.16,5,1890318,3.41
H09_1889347,1889347,A2-B0-C2-r10,C2-hibrido,III,1,1,0.733544,0.4243,2.4892,12.0,0.952,3.951,3951,12|9|6|5|4,7,0.548,0.181,6.16,5,1890318,3.67
H09_1889347,1889347,A2-B0-C2-r11,C2-hard,III,1,1,0.908361,3.1113,1.6986,17.0,0.952,3.203,3203,17|12|9|5|4,5,0.396,0.284,6.36,5,1890415,3.52
H09_1889347,1889347,A2-B0-C2-r11,C2-hibrido,I,0,0,0.664439,0.3536,1.8343,11.0,0.951,3.944,3944,11|8|6|5|4,5,0.396,0.284,6.36,5,1890415,3.59
H09_1889347,1889347,A2-B0-C2-r12,C2-hard,III,1,1,0.95047,2.4495,1.2779,24.0,0.929,2.544,2544,24|14|10|8|5,6,0.328,0.338,4.11,4,1890512,3.23
H09_1889347,1889347,A2-B0-C2-r12,C2-hibrido,I,0,0,0.649106,0.495,0.8058,12.0,0.979,3.745,3745,12|8|6|5|4,6,0.328,0.338,4.11,4,1890512,3.11
H09_1889347,1889347,A2-B0-C2-r13,C2-hard,III,1,1,0.978211,1.3384,3.0348,19.0,0.874,2.425,2425,19|15|9|7|5,5,0.626,0.264,6.3,4,1890609,3.03
H09_1889347,1889347,A2-B0-C2-r13,C2-hibrido,III,1,1,1.05008,0.6208,1.9673,17.0,0.8295,2.634,2634,17|12|8|6|5,5,0.626,0.264,6.3,4,1890609,2.46
H09_1889347,1889347,A2-B0-C2-r14,C2-hard,I,0,0,0.693278,1.6263,2.0955,13.0,0.9805,4.053,4053,13|10|6|5|4,8,0.502,0.193,6.15,6,1890706,3.81
H09_1889347,1889347,A2-B0-C2-r14,C2-hibrido,II,0,0,0.401396,0.4243,3.4578,8.0,0.9965,5.693,5693,8|6|5|4|4,8,0.502,0.193,6.15,6,1890706,4.16
H09_1889347,1889347,A2-B0-C2-r15,C2-hard,III,1,1,0.70559,0.7071,2.1807,14.0,0.959,3.282,3282,14|10|8|6|4,7,0.441,0.179,6.33,5,1890803,3.21
H09_1889347,1889347,A2-B0-C2-r15,C2-hibrido,I,0,0,0.663256,0.3864,2.9736,12.0,0.9445,3.873,3873,12|7|6|5|4,7,0.441,0.179,6.33,5,1890803,3.97
H09_1889347,1889347,A2-B0-C2-r16,C2-hard,I,0,0,0.507103,0.8485,1.6789,11.0,0.993,4.625,4625,11|7|6|5|4,6,0.501,0.303,5.86,7,1890900,4.22
H09_1889347,1889347,A2-B0-C2-r16,C2-hibrido,I,0,0,0.29868,0.5657,1.6334,8.0,0.994,5.587,5587,8|5|5|5|4,6,0.501,0.303,5.86,7,1890900,4.7
H09_1889347,1889347,A2-B0-C2-r17,C2-hard,III,1,1,0.897897,0.5657,1.501,16.0,0.95,3.229,3229,16|10|6|5|4,7,0.661,0.33,6.74,5,1890997,4.8
H09_1889347,1889347,A2-B0-C2-r17,C2-hibrido,III,1,1,0.715564,0.5657,1.9274,11.0,0.908,3.607,3607,11|8|6|5|4,7,0.661,0.33,6.74,5,1890997,4.33
H09_1889347,1889347,A2-B0-C2-r18,C2-hard,III,1,1,0.912631,0.5501,1.8059,16.0,0.9125,2.999,2999,16|10|7|6|4,5,0.432,0.234,7.9,5,1891094,3.71
H09_1889347,1889347,A2-B0-C2-r18,C2-hibrido,III,1,1,0.94367,0.2828,2.4715,13.0,0.8555,3.183,3183,13|9|8|5|4,5,0.432,0.234,7.9,5,1891094,3.3
H09_1889347,1889347,A2-B0-C2-r19,C2-hard,III,1,1,0.787368,1.0292,1.5577,14.0,0.939,3.253,3253,14|10|8|5|4,7,0.641,0.317,6.71,5,1891191,3.63
H09_1889347,1889347,A2-B0-C2-r19,C2-hibrido,III,1,1,0.787268,0.1069,1.4466,12.0,0.9085,3.624,3624,12|8|7|5|4,7,0.641,0.317,6.71,5,1891191,3.9
H14_3102859,3102859,A2-B0-C2-r0,C2-hard,I,0,0,0.608346,0.7727,2.4724,11.0,0.9695,3.522,3522,11|8|6|5|4,8,0.771,0.279,4.01,6,3102860,3.88
H14_3102859,3102859,A2-B0-C2-r0,C2-hibrido,I,0,0,0.511106,0.7348,3.6072,9.0,0.9765,3.926,3926,9|8|6|5|4,8,0.771,0.279,4.01,6,3102860,3.78
H14_3102859,3102859,A2-B0-C2-r1,C2-hard,I,0,0,0.516068,0.4243,1.3111,11.0,0.988,4.146,4146,11|7|6|5|4,6,0.384,0.246,6.27,6,3102957,4.29
H14_3102859,3102859,A2-B0-C2-r1,C2-hibrido,II,0,0,0.427768,0.5278,1.5046,8.0,0.994,5.601,5601,8|7|5|4|4,6,0.384,0.246,6.27,6,3102957,5.12
H14_3102859,3102859,A2-B0-C2-r2,C2-hard,II,0,0,0.407767,0.5657,1.5106,9.0,0.998,4.861,4861,9|7|5|5|4,7,0.42,0.278,6.9,7,3103054,5.11
H14_3102859,3102859,A2-B0-C2-r2,C2-hibrido,I,0,0,0.257211,1.4142,1.546,6.0,0.9985,6.221,6221,6|6|5|4|4,7,0.42,0.278,6.9,7,3103054,5.1
H14_3102859,3102859,A2-B0-C2-r3,C2-hard,III,1,1,1.150328,2.3335,2.0141,22.0,0.851,2.355,2355,22|15|11|7|5,7,0.604,0.308,6.54,4,3103151,3.29
H14_3102859,3102859,A2-B0-C2-r3,C2-hibrido,III,1,1,0.889393,2.2505,1.6315,14.0,0.815,2.564,2564,14|9|8|6|5,7,0.604,0.308,6.54,4,3103151,3.63
H14_3102859,3102859,A2-B0-C2-r4,C2-hard,I,0,0,0.480215,0.9899,1.8947,10.0,0.9915,4.941,4941,10|7|5|5|4,6,0.704,0.196,7.39,7,3103248,5.77
H14_3102859,3102859,A2-B0-C2-r4,C2-hibrido,II,0,0,0.392909,1.1314,1.7627,9.0,0.9975,6.449,6449,9|5|4|4|4,6,0.704,0.196,7.39,7,3103248,5.9
H14_3102859,3102859,A2-B0-C2-r5,C2-hard,III,1,1,1.024575,0.8763,1.7778,21.0,0.8915,2.476,2476,21|14|9|6|5,8,0.718,0.271,5.16,4,3103345,4.29
H14_3102859,3102859,A2-B0-C2-r5,C2-hibrido,III,1,1,0.906579,0.5657,2.5883,14.0,0.9165,3.117,3117,14|10|7|5|4,8,0.718,0.271,5.16,4,3103345,3.82
H14_3102859,3102859,A2-B0-C2-r6,C2-hard,I,0,0,0.456622,0.2828,1.7721,9.0,0.9935,4.959,4959,9|7|6|4|4,7,0.582,0.268,7.22,7,3103442,4.83
H14_3102859,3102859,A2-B0-C2-r6,C2-hibrido,I,0,0,0.338293,0.1414,2.5783,7.0,0.999,6.673,6673,7|5|5|3|4,7,0.582,0.268,7.22,7,3103442,4.53
H14_3102859,3102859,A2-B0-C2-r7,C2-hard,I,0,0,0.576764,0.9899,2.2219,11.0,0.978,3.671,3671,11|8|7|5|4,6,0.608,0.188,4.27,6,3103539,3.96
H14_3102859,3102859,A2-B0-C2-r7,C2-hibrido,I,0,0,0.556319,0.4777,1.2936,11.0,0.982,4.136,4136,11|7|6|5|4,6,0.608,0.188,4.27,6,3103539,3.45
H14_3102859,3102859,A2-B0-C2-r8,C2-hard,I,0,0,0.520734,0.5657,3.1363,11.0,0.99,4.071,4071,11|7|6|5|4,7,0.748,0.131,5.23,6,3103636,3.49
H14_3102859,3102859,A2-B0-C2-r8,C2-hibrido,II,0,0,0.433226,0.2828,5.0105,9.0,0.993,5.114,5114,9|7|5|5|4,7,0.748,0.131,5.23,6,3103636,3.77
H14_3102859,3102859,A2-B0-C2-r9,C2-hard,I,0,0,0.699444,1.2703,3.4609,14.0,0.919,3.087,3087,14|9|6|6|5,5,0.557,0.14,7.63,5,3103733,2.96
H14_3102859,3102859,A2-B0-C2-r9,C2-hibrido,III,1,1,0.933328,0.2673,3.7748,12.0,0.87,3.439,3439,12|10|6|5|4,5,0.557,0.14,7.63,5,3103733,2.95
H14_3102859,3102859,A2-B0-C2-r10,C2-hard,II,0,0,0.434313,0.9899,4.0255,10.0,0.9915,4.596,4596,10|6|6|5|4,7,0.722,0.19,5.4,7,3103830,3.7
H14_3102859,3102859,A2-B0-C2-r10,C2-hibrido,II,0,0,0.365038,0.2828,2.5853,9.0,0.9965,5.269,5269,9|5|4|5|4,7,0.722,0.19,5.4,7,3103830,3.92
H14_3102859,3102859,A2-B0-C2-r11,C2-hard,I,0,0,0.500701,0.2483,1.9627,10.0,0.9925,4.638,4638,10|8|5|5|4,6,0.659,0.205,5.64,7,3103927,3.82
H14_3102859,3102859,A2-B0-C2-r11,C2-hibrido,I,0,0,0.477035,0.1414,1.6439,9.0,0.9945,5.44,5440,9|7|5|4|4,6,0.659,0.205,5.64,7,3103927,3.92
H14_3102859,3102859,A2-B0-C2-r12,C2-hard,III,1,1,0.883671,1.6263,3.239,17.0,0.909,2.578,2578,17|16|9|6|5,6,0.663,0.175,5.07,4,3104024,2.87
H14_3102859,3102859,A2-B0-C2-r12,C2-hibrido,III,1,1,0.879522,0.8813,1.8947,14.0,0.936,3.231,3231,14|10|7|5|4,6,0.663,0.175,5.07,4,3104024,2.93
H14_3102859,3102859,A2-B0-C2-r13,C2-hard,III,1,1,0.96416,1.6848,2.3778,18.0,0.933,3.209,3209,18|12|7|6|4,8,0.663,0.228,7.12,5,3104121,2.94
H14_3102859,3102859,A2-B0-C2-r13,C2-hibrido,III,1,1,0.765162,0.2449,2.4724,11.0,0.8925,3.603,3603,11|9|6|5|4,8,0.663,0.228,7.12,5,3104121,3.68
H14_3102859,3102859,A2-B0-C2-r14,C2-hard,III,1,1,0.724205,0.5657,1.6623,14.0,0.9765,3.377,3377,14|9|7|5|4,6,0.693,0.255,5.24,5,3104218,2.93
H14_3102859,3102859,A2-B0-C2-r14,C2-hibrido,I,0,0,0.454535,0.8485,1.6073,10.0,0.9945,4.897,4897,10|6|5|5|4,6,0.693,0.255,5.24,5,3104218,3.76
H14_3102859,3102859,A2-B0-C2-r15,C2-hard,III,1,1,0.985965,0.6881,1.5766,16.0,0.9235,3.096,3096,16|11|6|5|4,4,0.353,0.304,7.29,5,3104315,3.02
H14_3102859,3102859,A2-B0-C2-r15,C2-hibrido,III,1,1,0.959719,0.407,1.3468,13.0,0.871,3.342,3342,13|9|6|5|4,4,0.353,0.304,7.29,5,3104315,2.95
H14_3102859,3102859,A2-B0-C2-r16,C2-hard,I,0,0,0.61194,1.5556,2.9005,12.0,0.973,3.384,3384,12|8|7|5|4,4,0.756,0.218,4.73,5,3104412,3.33
H14_3102859,3102859,A2-B0-C2-r16,C2-hibrido,I,0,0,0.47634,0.6692,2.7509,10.0,0.99,4.641,4641,10|7|5|5|4,4,0.756,0.218,4.73,5,3104412,3.35
H14_3102859,3102859,A2-B0-C2-r17,C2-hard,III,1,1,0.94524,0.7709,2.9894,21.0,0.9375,2.613,2613,21|13|9|6|5,7,0.375,0.309,4.52,4,3104509,2.73
H14_3102859,3102859,A2-B0-C2-r17,C2-hibrido,III,1,1,0.761153,0.4243,1.4268,14.0,0.968,3.436,3436,14|9|6|5|4,7,0.375,0.309,4.52,4,3104509,3.42
H14_3102859,3102859,A2-B0-C2-r18,C2-hard,III,1,1,0.799898,2.2627,3.3982,14.0,0.9605,3.352,3352,14|12|7|5|4,5,0.605,0.154,5.7,5,3104606,3.4
H14_3102859,3102859,A2-B0-C2-r18,C2-hibrido,I,0,0,0.676606,1.4142,3.1779,12.0,0.978,4.339,4339,12|9|6|5|4,5,0.605,0.154,5.7,5,3104606,3.55
H14_3102859,3102859,A2-B0-C2-r19,C2-hard,III,1,1,0.740353,1.2728,2.3002,15.0,0.9575,3.331,3331,15|9|6|6|4,7,0.527,0.228,5.82,5,3104703,3.66
H14_3102859,3102859,A2-B0-C2-r19,C2-hibrido,I,0,0,0.629553,0.5278,1.8355,11.0,0.968,4.109,4109,11|8|6|5|4,7,0.527,0.228,5.82,5,3104703,3.17
H19_4507921,4507921,A2-B0-C2-r0,C2-hard,IV,0,1,0.83353,1.6971,5.3048,16.0,0.9455,3.301,3301,16|9|7|5|4,5,0.774,0.145,6.51,5,4507922,3.09
H19_4507921,4507921,A2-B0-C2-r0,C2-hibrido,I,0,0,0.672032,0.0,4.411,11.0,0.9385,3.929,3929,11|8|6|5|4,5,0.774,0.145,6.51,5,4507922,3.54
H19_4507921,4507921,A2-B0-C2-r1,C2-hard,I,0,0,0.665495,0.9933,2.8919,13.0,0.983,4.21,4210,13|9|6|5|4,5,0.644,0.225,6.95,6,4508019,3.69
H19_4507921,4507921,A2-B0-C2-r1,C2-hibrido,I,0,0,0.532308,0.1414,2.8966,9.0,0.9735,5.031,5031,9|7|5|4|4,5,0.644,0.225,6.95,6,4508019,4.48
H19_4507921,4507921,A2-B0-C2-r2,C2-hard,III,1,1,0.84126,0.8106,1.785,16.0,0.934,3.144,3144,16|8|8|5|4,7,0.327,0.147,6.72,5,4508116,4.04
H19_4507921,4507921,A2-B0-C2-r2,C2-hibrido,III,1,1,0.944705,0.5812,2.0875,14.0,0.9095,3.486,3486,14|10|6|5|4,7,0.327,0.147,6.72,5,4508116,3.17
H19_4507921,4507921,A2-B0-C2-r3,C2-hard,III,1,1,0.905604,1.285,4.4496,20.0,0.9355,2.622,2622,20|14|9|6|5,4,0.548,0.311,4.02,4,4508213,3.03
H19_4507921,4507921,A2-B0-C2-r3,C2-hibrido,I,0,0,0.592146,0.1414,5.1796,11.0,0.9865,3.907,3907,11|8|6|5|4,4,0.548,0.311,4.02,4,4508213,3.27
H19_4507921,4507921,A2-B0-C2-r4,C2-hard,I,0,0,0.675879,0.5278,2.5307,13.0,0.972,3.372,3372,13|8|6|5|4,6,0.574,0.216,5.46,5,4508310,3.82
H19_4507921,4507921,A2-B0-C2-r4,C2-hibrido,II,0,0,0.435262,1.1314,1.1861,9.0,0.9855,4.332,4332,9|7|6|5|4,6,0.574,0.216,5.46,5,4508310,3.78
H19_4507921,4507921,A2-B0-C2-r5,C2-hard,III,1,1,0.859416,2.5456,3.7277,18.0,0.9665,3.379,3379,18|10|7|5|4,5,0.537,0.115,5.72,5,4508407,3.87
H19_4507921,4507921,A2-B0-C2-r5,C2-hibrido,I,0,0,0.558165,0.6692,7.6821,10.0,0.9745,4.103,4103,10|8|6|5|4,5,0.537,0.115,5.72,5,4508407,3.29
H19_4507921,4507921,A2-B0-C2-r6,C2-hard,III,1,1,0.91451,1.6592,4.2588,19.0,0.917,2.598,2598,19|14|10|6|5,5,0.671,0.154,4.67,4,4508504,2.88
H19_4507921,4507921,A2-B0-C2-r6,C2-hibrido,III,1,1,0.860076,1.5177,3.049,14.0,0.9595,3.391,3391,14|11|7|5|4,5,0.671,0.154,4.67,4,4508504,3.76
H19_4507921,4507921,A2-B0-C2-r7,C2-hard,I,0,0,0.536064,0.1414,1.5036,11.0,0.9825,4.132,4132,11|7|6|5|4,5,0.514,0.265,4.46,7,4508601,2.67
H19_4507921,4507921,A2-B0-C2-r7,C2-hibrido,I,0,0,0.55084,0.2828,1.6028,11.0,0.9845,4.355,4355,11|7|6|5|4,5,0.514,0.265,4.46,7,4508601,3.59
H19_4507921,4507921,A2-B0-C2-r8,C2-hard,II,0,0,0.443256,0.9899,1.253,10.0,0.992,4.578,4578,10|6|5|5|4,5,0.471,0.349,5.51,7,4508698,3.79
H19_4507921,4507921,A2-B0-C2-r8,C2-hibrido,I,0,0,0.344497,0.6692,1.0341,8.0,0.993,5.297,5297,8|6|5|5|4,5,0.471,0.349,5.51,7,4508698,4.32
H19_4507921,4507921,A2-B0-C2-r9,C2-hard,III,1,1,0.95323,0.4777,1.9903,19.0,0.889,2.467,2467,19|12|9|6|5,6,0.662,0.263,5.91,4,4508795,3.96
H19_4507921,4507921,A2-B0-C2-r9,C2-hibrido,III,1,1,1.268268,1.0607,2.1487,18.0,0.8475,2.704,2704,18|11|9|5|4,6,0.662,0.263,5.91,4,4508795,3.47
H19_4507921,4507921,A2-B0-C2-r10,C2-hard,III,1,1,0.898139,0.2828,2.5776,16.0,0.936,3.226,3226,16|10|7|5|4,4,0.428,0.226,6.84,5,4508892,3.42
H19_4507921,4507921,A2-B0-C2-r10,C2-hibrido,III,1,1,0.767903,0.2121,2.9827,12.0,0.9225,3.728,3728,12|8|6|5|4,4,0.428,0.226,6.84,5,4508892,3.96
H19_4507921,4507921,A2-B0-C2-r11,C2-hard,III,1,1,0.739113,0.9899,1.9737,14.0,0.9665,3.318,3318,14|10|8|5|4,7,0.342,0.151,5.02,5,4508989,2.95
H19_4507921,4507921,A2-B0-C2-r11,C2-hibrido,I,0,0,0.466849,0.8485,1.5181,9.0,0.989,4.56,4560,9|8|6|5|4,7,0.342,0.151,5.02,5,4508989,3.39
H19_4507921,4507921,A2-B0-C2-r12,C2-hard,I,0,0,0.699658,0.7795,1.388,15.0,0.9705,3.246,3246,15|11|7|5|5,7,0.581,0.329,4.42,5,4509086,3.06
H19_4507921,4507921,A2-B0-C2-r12,C2-hibrido,I,0,0,0.601723,0.3864,1.2423,11.0,0.9865,4.23,4230,11|9|6|5|4,7,0.581,0.329,4.42,5,4509086,3.12
H19_4507921,4507921,A2-B0-C2-r13,C2-hard,I,0,0,0.692891,0.4243,2.5,13.0,0.9815,3.801,3801,13|9|6|5|4,6,0.449,0.1,4.77,6,4509183,3.52
H19_4507921,4507921,A2-B0-C2-r13,C2-hibrido,I,0,0,0.500248,0.4243,1.7698,10.0,0.986,4.577,4577,10|7|6|5|4,6,0.449,0.1,4.77,6,4509183,3.23
H19_4507921,4507921,A2-B0-C2-r14,C2-hard,III,1,1,0.987894,1.3081,2.1073,18.0,0.8535,2.402,2402,18|12|8|6|5,5,0.481,0.222,5.96,4,4509280,2.93
H19_4507921,4507921,A2-B0-C2-r14,C2-hibrido,III,1,1,1.286028,0.6191,1.579,17.0,0.8355,2.67,2670,17|12|7|5|4,5,0.481,0.222,5.96,4,4509280,2.71
H19_4507921,4507921,A2-B0-C2-r15,C2-hard,I,0,0,0.614146,0.5657,3.333,11.0,0.978,3.681,3681,11|9|6|5|4,5,0.789,0.251,4.22,6,4509377,3.31
H19_4507921,4507921,A2-B0-C2-r15,C2-hibrido,I,0,0,0.567534,0.8485,5.0668,11.0,0.9825,4.162,4162,11|7|6|5|4,5,0.789,0.251,4.22,6,4509377,3.55
H19_4507921,4507921,A2-B0-C2-r16,C2-hard,III,1,1,1.049965,0.9933,1.5171,20.0,0.8835,2.445,2445,20|14|10|6|5,4,0.601,0.32,6.04,4,4509474,2.6
H19_4507921,4507921,A2-B0-C2-r16,C2-hibrido,III,1,1,1.05997,1.3384,2.0735,15.0,0.851,2.777,2777,15|11|7|6|4,4,0.601,0.32,6.04,4,4509474,2.61
H19_4507921,4507921,A2-B0-C2-r17,C2-hard,I,0,0,0.544635,0.2828,2.6832,11.0,0.989,4.266,4266,11|8|6|5|4,4,0.603,0.22,6.21,6,4509571,3.3
H19_4507921,4507921,A2-B0-C2-r17,C2-hibrido,II,0,0,0.386853,0.7071,3.8744,8.0,0.999,6.061,6061,8|6|5|4|4,4,0.603,0.22,6.21,6,4509571,3.67
H19_4507921,4507921,A2-B0-C2-r18,C2-hard,I,0,0,0.609005,0.0707,2.8831,11.0,0.962,3.942,3942,11|8|6|5|4,7,0.405,0.108,7.92,6,4509668,3.17
H19_4507921,4507921,A2-B0-C2-r18,C2-hibrido,I,0,0,0.573812,0.2199,2.507,10.0,0.9395,4.507,4507,10|7|6|5|4,7,0.405,0.108,7.92,6,4509668,3.72
H19_4507921,4507921,A2-B0-C2-r19,C2-hard,I,0,0,0.643321,0.4243,2.9079,12.0,0.961,3.985,3985,12|8|6|5|4,5,0.465,0.144,7.91,6,4509765,3.03
H19_4507921,4507921,A2-B0-C2-r19,C2-hibrido,I,0,0,0.632268,1.3435,2.9379,10.0,0.936,4.551,4551,10|9|6|5|4,5,0.465,0.144,7.91,6,4509765,2.65
