rule_id,N,escala_b,dt,diam_real,giant_real,holon_real,n_aristas,n_triangulos,diam_null_topo,diam_null_topo_std,holon_null_valor,eje_A,eje_B,eje_C,clase_final,pendiente_real,z_agg,holon_ratio
A0-B0-C0-r0,2000,1,0.06,5.0,1.0,1.6109396849995756,13040,1500,4.666666666666667,0.4714045217910317,1.5203469847099464,A0,B0,C0,II,0.3547488761628143,0.14142135593730937,0.9437640644567937
A0-B0-C0-r0,1048,2,0.24,4.0,1.0,1.6109396849995756,11923,1500,4.0,1e-09,1.5203469847099464,A0,B0,C0,II,0.3547488761628143,0.14142135593730937,0.9437640644567937
A0-B0-C0-r0,580,4,0.38,4.0,1.0,1.6109396849995756,10925,1500,3.0,1e-09,1.5203469847099464,A0,B0,C0,II,0.3547488761628143,0.14142135593730937,0.9437640644567937
A0-B0-C0-r0,311,8,0.49,3.0,1.0,1.6109396849995756,9167,1500,3.0,1e-09,1.5203469847099464,A0,B0,C0,II,0.3547488761628143,0.14142135593730937,0.9437640644567937
A0-B0-C0-r0,193,16,0.59,2.0,1.0,1.6109396849995756,5924,1500,2.0,1e-09,1.5203469847099464,A0,B0,C0,II,0.3547488761628143,0.14142135593730937,0.9437640644567937
A0-B0-C0-r1,2000,1,0.04,7.0,1.0,1.6679899385238222,9256,924,6.0,1e-09,1.4936283088622582,A0,B0,C0,II,0.354161838829703,0.848528135623857,0.895466018328699
A0-B0-C0-r1,1075,2,0.19,5.0,1.0,1.6679899385238222,8225,924,4.333333333333333,0.4714045217910317,1.4936283088622582,A0,B0,C0,II,0.354161838829703,0.848528135623857,0.895466018328699
A0-B0-C0-r1,592,4,0.38,4.0,1.0,1.6679899385238222,7399,924,3.3333333333333335,0.4714045217910317,1.4936283088622582,A0,B0,C0,II,0.354161838829703,0.848528135623857,0.895466018328699
A0-B0-C0-r1,346,8,0.48,4.0,1.0,1.6679899385238222,6282,924,3.3333333333333335,0.4714045217910317,1.4936283088622582,A0,B0,C0,II,0.354161838829703,0.848528135623857,0.895466018328699
A0-B0-C0-r1,236,16,0.56,3.0,1.0,1.6679899385238222,4337,924,3.0,1e-09,1.4936283088622582,A0,B0,C0,II,0.354161838829703,0.848528135623857,0.895466018328699
A0-B0-C0-r2,2000,1,0.09,5.0,1.0,1.7921914212192933,13926,1500,4.333333333333333,0.4714045217910317,1.487812666018039,A0,B0,C0,I,0.3111156142485288,0.42426406781192866,0.8301639257964005
A0-B0-C0-r2,1042,2,0.28,3.0,1.0,1.7921914212192933,12791,1500,4.0,1e-09,1.487812666018039,A0,B0,C0,I,0.3111156142485288,0.42426406781192866,0.8301639257964005
A0-B0-C0-r2,562,4,0.42,3.0,1.0,1.7921914212192933,11796,1500,3.3333333333333335,0.4714045217910317,1.487812666018039,A0,B0,C0,I,0.3111156142485288,0.42426406781192866,0.8301639257964005
A0-B0-C0-r2,328,8,0.56,3.0,1.0,1.7921914212192933,9885,1500,3.0,1e-09,1.487812666018039,A0,B0,C0,I,0.3111156142485288,0.42426406781192866,0.8301639257964005
A0-B0-C0-r2,183,16,0.67,2.0,1.0,1.7921914212192933,6209,1500,2.0,1e-09,1.487812666018039,A0,B0,C0,I,0.3111156142485288,0.42426406781192866,0.8301639257964005
A0-B0-C0-r3,2000,1,0.06,5.0,1.0,1.8248932408016214,13923,1500,4.0,1e-09,1.390831169993775,A0,B0,C0,II,0.3534052794937803,0.14142135593730956,0.7621438552661985
A0-B0-C0-r3,1047,2,0.25,4.0,1.0,1.8248932408016214,12784,1500,3.6666666666666665,0.4714045217910317,1.390831169993775,A0,B0,C0,II,0.3534052794937803,0.14142135593730956,0.7621438552661985
A0-B0-C0-r3,567,4,0.37,3.0,1.0,1.8248932408016214,11762,1500,3.0,1e-09,1.390831169993775,A0,B0,C0,II,0.3534052794937803,0.14142135593730956,0.7621438552661985
A0-B0-C0-r3,312,8,0.49,3.0,1.0,1.8248932408016214,9870,1500,3.0,1e-09,1.390831169993775,A0,B0,C0,II,0.3534052794937803,0.14142135593730956,0.7621438552661985
A0-B0-C0-r3,185,16,0.58,2.0,1.0,1.8248932408016214,6168,1500,2.0,1e-09,1.390831169993775,A0,B0,C0,II,0.3534052794937803,0.14142135593730956,0.7621438552661985
A0-B0-C0-r4,2000,1,0.08,5.0,1.0,1.6259288735800586,12211,1467,5.0,1e-09,1.4943321216625025,A0,B0,C0,II,0.36003193777345605,0.14142135593730956,0.9190636478287029
A0-B0-C0-r4,1053,2,0.23,4.0,1.0,1.6259288735800586,11121,1467,4.0,1e-09,1.4943321216625025,A0,B0,C0,II,0.36003193777345605,0.14142135593730956,0.9190636478287029
A0-B0-C0-r4,563,4,0.38,4.0,1.0,1.6259288735800586,10185,1467,3.0,1e-09,1.4943321216625025,A0,B0,C0,II,0.36003193777345605,0.14142135593730956,0.9190636478287029
A0-B0-C0-r4,322,8,0.47,3.0,1.0,1.6259288735800586,8529,1467,3.0,1e-09,1.4943321216625025,A0,B0,C0,II,0.36003193777345605,0.14142135593730956,0.9190636478287029
A0-B0-C0-r4,204,16,0.59,2.0,1.0,1.6259288735800586,5678,1467,2.3333333333333335,0.4714045217910317,1.4943321216625025,A0,B0,C0,II,0.36003193777345605,0.14142135593730956,0.9190636478287029
A0-B0-C1-r0,2000,1,0.05,6.0,1.0,1.223619588570333,9993,1032,5.0,1e-09,1.4169078476065917,A0,B0,C1,I,0.30368422394206723,0.5656854237492379,1.1579643386243066
A0-B0-C1-r0,1070,2,0.2,4.0,1.0,1.223619588570333,8933,1032,4.333333333333333,0.4714045217910317,1.4169078476065917,A0,B0,C1,I,0.30368422394206723,0.5656854237492379,1.1579643386243066
A0-B0-C1-r0,596,4,0.33,4.0,1.0,1.223619588570333,8126,1032,3.0,1e-09,1.4169078476065917,A0,B0,C1,I,0.30368422394206723,0.5656854237492379,1.1579643386243066
A0-B0-C1-r0,356,8,0.43,3.0,1.0,1.223619588570333,6897,1032,3.3333333333333335,0.4714045217910317,1.4169078476065917,A0,B0,C1,I,0.30368422394206723,0.5656854237492379,1.1579643386243066
A0-B0-C1-r0,215,16,0.53,3.0,1.0,1.223619588570333,4583,1032,2.3333333333333335,0.4714045217910317,1.4169078476065917,A0,B0,C1,I,0.30368422394206723,0.5656854237492379,1.1579643386243066
A0-B0-C1-r1,2000,1,0.06,5.0,1.0,1.2528262956500968,10008,1104,5.333333333333333,0.4714045217910317,1.4494080537673553,A0,B0,C1,I,0.1912252245331948,0.7071067796865472,1.1569106258383979
A0-B0-C1-r1,1066,2,0.2,4.0,1.0,1.2528262956500968,8955,1104,4.333333333333333,0.4714045217910317,1.4494080537673553,A0,B0,C1,I,0.1912252245331948,0.7071067796865472,1.1569106258383979
A0-B0-C1-r1,591,4,0.29,3.0,1.0,1.2528262956500968,8123,1104,3.3333333333333335,0.4714045217910317,1.4494080537673553,A0,B0,C1,I,0.1912252245331948,0.7071067796865472,1.1569106258383979
A0-B0-C1-r1,346,8,0.39,4.0,1.0,1.2528262956500968,6892,1104,3.0,1e-09,1.4494080537673553,A0,B0,C1,I,0.1912252245331948,0.7071067796865472,1.1569106258383979
A0-B0-C1-r1,237,16,0.47,3.0,1.0,1.2528262956500968,4788,1104,2.3333333333333335,0.4714045217910317,1.4494080537673553,A0,B0,C1,I,0.1912252245331948,0.7071067796865472,1.1569106258383979
A0-B0-C1-r2,2000,1,0.08,4.0,1.0,2.0982573211737243,18300,1500,4.0,1e-09,1.4856417843693426,A0,B0,C1,I,0.29605140205784275,0.0,0.7080360303655718
A0-B0-C1-r2,1039,2,0.31,3.0,1.0,2.0982573211737243,17102,1500,3.0,1e-09,1.4856417843693426,A0,B0,C1,I,0.29605140205784275,0.0,0.7080360303655718
A0-B0-C1-r2,558,4,0.54,3.0,1.0,2.0982573211737243,15757,1500,3.0,1e-09,1.4856417843693426,A0,B0,C1,I,0.29605140205784275,0.0,0.7080360303655718
A0-B0-C1-r2,300,8,0.71,2.0,1.0,2.0982573211737243,12934,1500,2.0,1e-09,1.4856417843693426,A0,B0,C1,I,0.29605140205784275,0.0,0.7080360303655718
A0-B0-C1-r2,178,16,0.83,2.0,1.0,2.0982573211737243,7370,1500,2.0,1e-09,1.4856417843693426,A0,B0,C1,I,0.29605140205784275,0.0,0.7080360303655718
A0-B0-C1-r3,2000,1,0.04,5.0,1.0,0.9629895497286876,10506,1209,5.0,1e-09,1.3873610350337722,A0,B0,C1,I,0.24240808214122103,0.4242640678119285,1.4406812985921258
A0-B0-C1-r3,1062,2,0.16,4.0,1.0,0.9629895497286876,9434,1209,4.0,1e-09,1.3873610350337722,A0,B0,C1,I,0.24240808214122103,0.4242640678119285,1.4406812985921258
A0-B0-C1-r3,580,4,0.24,4.0,1.0,0.9629895497286876,8577,1209,3.3333333333333335,0.4714045217910317,1.3873610350337722,A0,B0,C1,I,0.24240808214122103,0.4242640678119285,1.4406812985921258
A0-B0-C1-r3,355,8,0.32,3.0,1.0,0.9629895497286876,7334,1209,3.0,1e-09,1.3873610350337722,A0,B0,C1,I,0.24240808214122103,0.4242640678119285,1.4406812985921258
A0-B0-C1-r3,233,16,0.39,3.0,1.0,0.9629895497286876,4896,1209,2.6666666666666665,0.4714045217910317,1.3873610350337722,A0,B0,C1,I,0.24240808214122103,0.4242640678119285,1.4406812985921258
A0-B0-C1-r4,2000,1,0.07,4.0,1.0,2.0137257646281883,18433,1500,4.0,1e-09,1.5068478364476756,A0,B0,C1,I,0.2914049354765769,0.0,0.7482885022955934
A0-B0-C1-r4,1033,2,0.27,3.0,1.0,2.0137257646281883,17223,1500,3.0,1e-09,1.5068478364476756,A0,B0,C1,I,0.2914049354765769,0.0,0.7482885022955934
A0-B0-C1-r4,540,4,0.42,3.0,1.0,2.0137257646281883,15866,1500,3.0,1e-09,1.5068478364476756,A0,B0,C1,I,0.2914049354765769,0.0,0.7482885022955934
A0-B0-C1-r4,305,8,0.55,2.0,1.0,2.0137257646281883,13057,1500,2.0,1e-09,1.5068478364476756,A0,B0,C1,I,0.2914049354765769,0.0,0.7482885022955934
A0-B0-C1-r4,171,16,0.66,2.0,1.0,2.0137257646281883,7277,1500,2.0,1e-09,1.5068478364476756,A0,B0,C1,I,0.2914049354765769,0.0,0.7482885022955934
A0-B0-C2-r0,2000,1,0.1,4.0,1.0,1.9590908337862096,17498,1500,4.0,1e-09,1.510599346428961,A0,B0,C2,I,0.30052430026606164,0.14142135593730956,0.7710716217836221
A0-B0-C2-r0,1031,2,0.32,3.0,1.0,1.9590908337862096,16293,1500,3.0,1e-09,1.510599346428961,A0,B0,C2,I,0.30052430026606164,0.14142135593730956,0.7710716217836221
A0-B0-C2-r0,552,4,0.51,3.0,1.0,1.9590908337862096,15016,1500,3.0,1e-09,1.510599346428961,A0,B0,C2,I,0.30052430026606164,0.14142135593730956,0.7710716217836221
A0-B0-C2-r0,303,8,0.68,2.0,1.0,1.9590908337862096,12403,1500,2.3333333333333335,0.4714045217910317,1.510599346428961,A0,B0,C2,I,0.30052430026606164,0.14142135593730956,0.7710716217836221
A0-B0-C2-r0,185,16,0.81,2.0,1.0,1.9590908337862096,7261,1500,2.0,1e-09,1.510599346428961,A0,B0,C2,I,0.30052430026606164,0.14142135593730956,0.7710716217836221
A0-B0-C2-r1,2000,1,0.04,5.0,1.0,1.8447840256649581,10622,1170,5.333333333333333,0.4714045217910317,1.493314733006711,A0,B0,C2,I,0.31626554618286784,0.7071067796865474,0.8094794362003656
A0-B0-C2-r1,1070,2,0.18,4.0,1.0,1.8447840256649581,9568,1170,5.0,1e-09,1.493314733006711,A0,B0,C2,I,0.31626554618286784,0.7071067796865474,0.8094794362003656
A0-B0-C2-r1,593,4,0.32,3.0,1.0,1.8447840256649581,8721,1170,3.3333333333333335,0.4714045217910317,1.493314733006711,A0,B0,C2,I,0.31626554618286784,0.7071067796865474,0.8094794362003656
A0-B0-C2-r1,347,8,0.43,4.0,1.0,1.8447840256649581,7403,1170,3.3333333333333335,0.4714045217910317,1.493314733006711,A0,B0,C2,I,0.31626554618286784,0.7071067796865474,0.8094794362003656
A0-B0-C2-r1,187,16,0.52,2.0,1.0,1.8447840256649581,4842,1170,2.3333333333333335,0.4714045217910317,1.493314733006711,A0,B0,C2,I,0.31626554618286784,0.7071067796865474,0.8094794362003656
A0-B0-C2-r2,2000,1,0.07,4.0,1.0,1.8236446147475187,15914,1500,4.0,1e-09,1.5737007150656646,A0,B0,C2,I,0.2918366734829293,0.14142135593730956,0.8629426492088434
A0-B0-C2-r2,1043,2,0.24,3.0,1.0,1.8236446147475187,14741,1500,3.3333333333333335,0.4714045217910317,1.5737007150656646,A0,B0,C2,I,0.2918366734829293,0.14142135593730956,0.8629426492088434
A0-B0-C2-r2,553,4,0.49,3.0,1.0,1.8236446147475187,13634,1500,3.0,1e-09,1.5737007150656646,A0,B0,C2,I,0.2918366734829293,0.14142135593730956,0.8629426492088434
A0-B0-C2-r2,310,8,0.69,2.0,1.0,1.8236446147475187,11372,1500,3.0,1e-09,1.5737007150656646,A0,B0,C2,I,0.2918366734829293,0.14142135593730956,0.8629426492088434
A0-B0-C2-r2,171,16,0.83,2.0,1.0,1.8236446147475187,6809,1500,2.0,1e-09,1.5737007150656646,A0,B0,C2,I,0.2918366734829293,0.14142135593730956,0.8629426492088434
A0-B0-C2-r3,2000,1,0.12,5.0,1.0,1.7380444114656037,14581,1500,4.0,1e-09,1.5336661991409373,A0,B0,C2,II,0.35525517482095803,0.4242640678119285,0.8824090966971754
A0-B0-C2-r3,1041,2,0.4,4.0,1.0,1.7380444114656037,13434,1500,3.3333333333333335,0.4714045217910317,1.5336661991409373,A0,B0,C2,II,0.35525517482095803,0.4242640678119285,0.8824090966971754
A0-B0-C2-r3,558,4,0.65,3.0,1.0,1.7380444114656037,12400,1500,3.0,1e-09,1.5336661991409373,A0,B0,C2,II,0.35525517482095803,0.4242640678119285,0.8824090966971754
A0-B0-C2-r3,306,8,0.82,3.0,1.0,1.7380444114656037,10432,1500,2.6666666666666665,0.4714045217910317,1.5336661991409373,A0,B0,C2,II,0.35525517482095803,0.4242640678119285,0.8824090966971754
A0-B0-C2-r3,192,16,0.94,2.0,1.0,1.7380444114656037,6535,1500,2.0,1e-09,1.5336661991409373,A0,B0,C2,II,0.35525517482095803,0.4242640678119285,0.8824090966971754
A0-B0-C2-r4,2000,1,0.09,4.0,1.0,2.1641189669294505,19105,1500,4.0,1e-09,1.4975688093774122,A0,B0,C2,I,0.2904825300221555,0.0,0.6919992996051554
A0-B0-C2-r4,1035,2,0.32,3.0,1.0,2.1641189669294505,17869,1500,3.0,1e-09,1.4975688093774122,A0,B0,C2,I,0.2904825300221555,0.0,0.6919992996051554
A0-B0-C2-r4,554,4,0.5,3.0,1.0,2.1641189669294505,16528,1500,3.0,1e-09,1.4975688093774122,A0,B0,C2,I,0.2904825300221555,0.0,0.6919992996051554
A0-B0-C2-r4,298,8,0.69,2.0,1.0,2.1641189669294505,13476,1500,2.0,1e-09,1.4975688093774122,A0,B0,C2,I,0.2904825300221555,0.0,0.6919992996051554
A0-B0-C2-r4,169,16,0.84,2.0,1.0,2.1641189669294505,7374,1500,2.0,1e-09,1.4975688093774122,A0,B0,C2,I,0.2904825300221555,0.0,0.6919992996051554
A1-B0-C0-r0,2000,1,0.04,8.0,0.9975,1.575362433400167,6410,144,8.333333333333334,0.4714045217910317,1.2533977578640854,A1,B0,C0,II,0.3706554439307624,0.42426406781192866,0.7956250138317869
A1-B0-C0-r0,1103,2,0.14,6.0,0.9954669084315503,1.575362433400167,5486,144,6.333333333333333,0.4714045217910317,1.2533977578640854,A1,B0,C0,II,0.3706554439307624,0.42426406781192866,0.7956250138317869
A1-B0-C0-r0,633,4,0.23,4.0,0.9921011058451816,1.575362433400167,4956,144,5.0,1e-09,1.2533977578640854,A1,B0,C0,II,0.3706554439307624,0.42426406781192866,0.7956250138317869
A1-B0-C0-r0,411,8,0.31,4.0,0.9878345498783455,1.575362433400167,4529,144,4.0,1e-09,1.2533977578640854,A1,B0,C0,II,0.3706554439307624,0.42426406781192866,0.7956250138317869
A1-B0-C0-r0,270,16,0.37,4.0,0.9814814814814815,1.575362433400167,3629,144,3.6666666666666665,0.4714045217910317,1.2533977578640854,A1,B0,C0,II,0.3706554439307624,0.42426406781192866,0.7956250138317869
A1-B0-C0-r1,2000,1,0.03,10.0,0.9925,0.7068960875689682,4850,54,9.333333333333334,0.9428090425820633,1.4962198223440282,A1,B0,C0,I,0.48847849629403395,0.42426406796192817,2.116605040904332
A1-B0-C0-r1,1144,2,0.1,7.0,0.9868881118881119,0.7068960875689682,3984,54,7.0,1e-09,1.4962198223440282,A1,B0,C0,I,0.48847849629403395,0.42426406796192817,2.116605040904332
A1-B0-C0-r1,684,4,0.16,5.0,0.9780701754385965,0.7068960875689682,3491,54,4.666666666666667,0.4714045217910317,1.4962198223440282,A1,B0,C0,I,0.48847849629403395,0.42426406796192817,2.116605040904332
A1-B0-C0-r1,448,8,0.22,5.0,0.9665178571428571,0.7068960875689682,3135,54,4.666666666666667,0.4714045217910317,1.4962198223440282,A1,B0,C0,I,0.48847849629403395,0.42426406796192817,2.116605040904332
A1-B0-C0-r1,339,16,0.26,4.0,0.9557522123893806,0.7068960875689682,2695,54,4.0,1e-09,1.4962198223440282,A1,B0,C0,I,0.48847849629403395,0.42426406796192817,2.116605040904332
A1-B0-C0-r2,2000,1,0.04,8.0,0.998,0.6003783246488003,6510,120,7.666666666666667,0.4714045217910317,1.4480330519448634,A1,B0,C0,I,0.33693002619899254,0.7071067796865476,2.411867638279431
A1-B0-C0-r2,1110,2,0.15,5.0,0.9963963963963964,0.6003783246488003,5597,120,5.666666666666667,0.4714045217910317,1.4480330519448634,A1,B0,C0,I,0.33693002619899254,0.7071067796865476,2.411867638279431
A1-B0-C0-r2,639,4,0.23,4.0,0.9937402190923318,0.6003783246488003,5074,120,4.666666666666667,0.4714045217910317,1.4480330519448634,A1,B0,C0,I,0.33693002619899254,0.7071067796865476,2.411867638279431
A1-B0-C0-r2,389,8,0.3,4.0,0.9897172236503856,0.6003783246488003,4597,120,4.0,1e-09,1.4480330519448634,A1,B0,C0,I,0.33693002619899254,0.7071067796865476,2.411867638279431
A1-B0-C0-r2,279,16,0.36,4.0,0.985663082437276,0.6003783246488003,3759,120,4.0,1e-09,1.4480330519448634,A1,B0,C0,I,0.33693002619899254,0.7071067796865476,2.411867638279431
A1-B0-C0-r3,2000,1,0.04,7.0,0.9995,1.208984590794873,7620,195,6.333333333333333,0.4714045217910317,1.3763037490559364,A1,B0,C0,I,0.2729203454895499,0.8485281356238568,1.1383964357652034
A1-B0-C0-r3,1092,2,0.17,5.0,0.9990842490842491,1.208984590794873,6687,195,4.666666666666667,0.4714045217910317,1.3763037490559364,A1,B0,C0,I,0.2729203454895499,0.8485281356238568,1.1383964357652034
A1-B0-C0-r3,626,4,0.29,4.0,0.9984025559105432,1.208984590794873,6119,195,4.333333333333333,0.4714045217910317,1.3763037490559364,A1,B0,C0,I,0.2729203454895499,0.8485281356238568,1.1383964357652034
A1-B0-C0-r3,368,8,0.38,4.0,0.9972826086956522,1.208984590794873,5516,195,4.0,1e-09,1.3763037490559364,A1,B0,C0,I,0.2729203454895499,0.8485281356238568,1.1383964357652034
A1-B0-C0-r3,267,16,0.5,4.0,0.9962546816479401,1.208984590794873,4289,195,3.3333333333333335,0.4714045217910317,1.3763037490559364,A1,B0,C0,I,0.2729203454895499,0.8485281356238568,1.1383964357652034
A1-B0-C0-r4,2000,1,0.05,11.0,0.981,0.4377379502043334,4240,45,11.0,1e-09,1.7024993766756795,A1,B0,C0,I,0.5764420156425485,0.14142135593730937,3.889311803742315
A1-B0-C0-r4,1160,2,0.16,7.0,0.968103448275862,0.4377379502043334,3392,45,7.333333333333333,0.4714045217910317,1.7024993766756795,A1,B0,C0,I,0.5764420156425485,0.14142135593730937,3.889311803742315
A1-B0-C0-r4,736,4,0.23,6.0,0.9497282608695652,0.4377379502043334,2946,45,6.0,1e-09,1.7024993766756795,A1,B0,C0,I,0.5764420156425485,0.14142135593730937,3.889311803742315
A1-B0-C0-r4,502,8,0.36,5.0,0.9262948207171314,0.4377379502043334,2630,45,5.0,1e-09,1.7024993766756795,A1,B0,C0,I,0.5764420156425485,0.14142135593730937,3.889311803742315
A1-B0-C0-r4,392,16,0.42,4.0,0.9056122448979592,0.4377379502043334,2275,45,4.0,1e-09,1.7024993766756795,A1,B0,C0,I,0.5764420156425485,0.14142135593730937,3.889311803742315
A1-B0-C1-r0,2000,1,0.05,7.0,0.999,0.5015256434183382,7049,78,7.0,1e-09,1.3218110481271121,A1,B0,C1,I,0.33377341469855526,1.2727922034357857,2.635580185128337
A1-B0-C1-r0,1096,2,0.18,4.0,0.9981751824817519,0.5015256434183382,6133,78,5.666666666666667,0.4714045217910317,1.3218110481271121,A1,B0,C1,I,0.33377341469855526,1.2727922034357857,2.635580185128337
A1-B0-C1-r0,625,4,0.3,4.0,0.9968,0.5015256434183382,5578,78,4.666666666666667,0.4714045217910317,1.3218110481271121,A1,B0,C1,I,0.33377341469855526,1.2727922034357857,2.635580185128337
A1-B0-C1-r0,400,8,0.4,4.0,0.995,0.5015256434183382,5065,78,4.0,1e-09,1.3218110481271121,A1,B0,C1,I,0.33377341469855526,1.2727922034357857,2.635580185128337
A1-B0-C1-r0,250,16,0.49,3.0,0.992,0.5015256434183382,3978,78,3.6666666666666665,0.4714045217910317,1.3218110481271121,A1,B0,C1,I,0.33377341469855526,1.2727922034357857,2.635580185128337
A1-B0-C1-r1,2000,1,0.04,11.0,0.994,0.40042621129267836,4931,39,9.666666666666666,0.4714045217910317,1.4183528199219855,A1,B0,C1,I,0.5815755015651385,0.9899494915611667,3.5421078339082235
A1-B0-C1-r1,1136,2,0.12,7.0,0.9894366197183099,0.40042621129267836,4058,39,7.333333333333333,0.4714045217910317,1.4183528199219855,A1,B0,C1,I,0.5815755015651385,0.9899494915611667,3.5421078339082235
A1-B0-C1-r1,685,4,0.19,5.0,0.9824817518248176,0.40042621129267836,3575,39,6.0,1e-09,1.4183528199219855,A1,B0,C1,I,0.5815755015651385,0.9899494915611667,3.5421078339082235
A1-B0-C1-r1,476,8,0.25,4.0,0.9747899159663865,0.40042621129267836,3253,39,4.666666666666667,0.4714045217910317,1.4183528199219855,A1,B0,C1,I,0.5815755015651385,0.9899494915611667,3.5421078339082235
A1-B0-C1-r1,321,16,0.3,4.0,0.9626168224299065,0.40042621129267836,2742,39,4.0,1e-09,1.4183528199219855,A1,B0,C1,I,0.5815755015651385,0.9899494915611667,3.5421078339082235
A1-B0-C1-r2,2000,1,0.05,7.0,0.998,0.3336381160708921,6396,93,7.0,1e-09,1.4177021432235126,A1,B0,C1,I,0.3117086195470303,0.28284271187461896,4.249221161895892
A1-B0-C1-r2,1109,2,0.16,6.0,0.9963931469792606,0.3336381160708921,5488,93,5.0,1e-09,1.4177021432235126,A1,B0,C1,I,0.3117086195470303,0.28284271187461896,4.249221161895892
A1-B0-C1-r2,663,4,0.28,5.0,0.9939668174962293,0.3336381160708921,4976,93,4.666666666666667,0.4714045217910317,1.4177021432235126,A1,B0,C1,I,0.3117086195470303,0.28284271187461896,4.249221161895892
A1-B0-C1-r2,407,8,0.4,4.0,0.9901719901719902,0.3336381160708921,4470,93,4.0,1e-09,1.4177021432235126,A1,B0,C1,I,0.3117086195470303,0.28284271187461896,4.249221161895892
A1-B0-C1-r2,281,16,0.48,4.0,0.9857651245551602,0.3336381160708921,3636,93,3.6666666666666665,0.4714045217910317,1.4177021432235126,A1,B0,C1,I,0.3117086195470303,0.28284271187461896,4.249221161895892
A1-B0-C1-r3,2000,1,0.05,7.0,0.9995,0.7773689820693649,7365,105,6.666666666666667,0.4714045217910317,1.4840316942571938,A1,B0,C1,I,0.2788464937321875,0.7071067796865472,1.909044132821823
A1-B0-C1-r3,1095,2,0.2,5.0,0.9990867579908675,0.7773689820693649,6436,105,5.333333333333333,0.4714045217910317,1.4840316942571938,A1,B0,C1,I,0.2788464937321875,0.7071067796865472,1.909044132821823
A1-B0-C1-r3,619,4,0.36,5.0,0.9983844911147012,0.7773689820693649,5869,105,4.0,1e-09,1.4840316942571938,A1,B0,C1,I,0.2788464937321875,0.7071067796865472,1.909044132821823
A1-B0-C1-r3,395,8,0.46,4.0,0.9974683544303797,0.7773689820693649,5307,105,3.3333333333333335,0.4714045217910317,1.4840316942571938,A1,B0,C1,I,0.2788464937321875,0.7071067796865472,1.909044132821823
A1-B0-C1-r3,289,16,0.55,4.0,0.9965397923875432,0.7773689820693649,4269,105,3.6666666666666665,0.4714045217910317,1.4840316942571938,A1,B0,C1,I,0.2788464937321875,0.7071067796865472,1.909044132821823
A1-B0-C1-r4,2000,1,0.11,7.0,0.998,0.8395444161314558,6348,51,7.333333333333333,0.4714045217910317,1.2737295021874329,A1,B0,C1,I,0.2821660452588176,0.28284271187461896,1.5171674990784434
A1-B0-C1-r4,1109,2,0.23,5.0,0.9963931469792606,0.8395444161314558,5451,51,6.0,1e-09,1.2737295021874329,A1,B0,C1,I,0.2821660452588176,0.28284271187461896,1.5171674990784434
A1-B0-C1-r4,642,4,0.36,5.0,0.9937694704049844,0.8395444161314558,4908,51,5.0,1e-09,1.2737295021874329,A1,B0,C1,I,0.2821660452588176,0.28284271187461896,1.5171674990784434
A1-B0-C1-r4,411,8,0.45,4.0,0.9902676399026764,0.8395444161314558,4468,51,3.6666666666666665,0.4714045217910317,1.2737295021874329,A1,B0,C1,I,0.2821660452588176,0.28284271187461896,1.5171674990784434
A1-B0-C1-r4,293,16,0.52,4.0,0.9863481228668942,0.8395444161314558,3673,51,4.0,1e-09,1.2737295021874329,A1,B0,C1,I,0.2821660452588176,0.28284271187461896,1.5171674990784434
A1-B0-C2-r0,2000,1,0.03,8.0,0.993,0.36466294412273503,5102,90,10.0,0.816496581927726,1.6632191311868354,A1,B0,C2,II,0.36452173908710256,0.914162015768564,4.56097653461341
A1-B0-C2-r0,1112,2,0.12,6.0,0.987410071942446,0.36466294412273503,4198,90,6.333333333333333,0.4714045217910317,1.6632191311868354,A1,B0,C2,II,0.36452173908710256,0.914162015768564,4.56097653461341
A1-B0-C2-r0,658,4,0.19,6.0,0.9787234042553191,0.36466294412273503,3709,90,5.0,1e-09,1.6632191311868354,A1,B0,C2,II,0.36452173908710256,0.914162015768564,4.56097653461341
A1-B0-C2-r0,399,8,0.26,4.0,0.9649122807017544,0.36466294412273503,3323,90,4.666666666666667,0.4714045217910317,1.6632191311868354,A1,B0,C2,II,0.36452173908710256,0.914162015768564,4.56097653461341
A1-B0-C2-r0,283,16,0.36,4.0,0.950530035335689,0.36466294412273503,2831,90,4.0,1e-09,1.6632191311868354,A1,B0,C2,II,0.36452173908710256,0.914162015768564,4.56097653461341
A1-B0-C2-r1,2000,1,0.05,11.0,0.9915,0.5838589726906075,4212,57,11.0,0.816496581927726,1.1015830914589164,A1,B0,C2,I,0.5107254597036163,0.28284271187461874,1.8867280336250924
A1-B0-C2-r1,1143,2,0.17,7.0,0.9860017497812773,0.5838589726906075,3343,57,8.0,1e-09,1.1015830914589164,A1,B0,C2,I,0.5107254597036163,0.28284271187461874,1.8867280336250924
A1-B0-C2-r1,680,4,0.26,6.0,0.9764705882352941,0.5838589726906075,2859,57,5.666666666666667,0.4714045217910317,1.1015830914589164,A1,B0,C2,I,0.5107254597036163,0.28284271187461874,1.8867280336250924
A1-B0-C2-r1,459,8,0.33,5.0,0.9651416122004357,0.5838589726906075,2577,57,4.666666666666667,0.4714045217910317,1.1015830914589164,A1,B0,C2,I,0.5107254597036163,0.28284271187461874,1.8867280336250924
A1-B0-C2-r1,309,16,0.43,4.0,0.948220064724919,0.5838589726906075,2216,57,4.0,1e-09,1.1015830914589164,A1,B0,C2,I,0.5107254597036163,0.28284271187461874,1.8867280336250924
A1-B0-C2-r2,2000,1,0.02,14.0,0.983,0.2707600862883567,4051,24,11.666666666666666,0.9428090425820633,1.6634117965115547,A1,B0,C2,I,0.6510194342133927,0.9192388141175118,6.143489682375261
A1-B0-C2-r2,1162,2,0.1,7.0,0.9707401032702238,0.2707600862883567,3208,24,7.666666666666667,0.4714045217910317,1.6634117965115547,A1,B0,C2,I,0.6510194342133927,0.9192388141175118,6.143489682375261
A1-B0-C2-r2,703,4,0.18,6.0,0.9516358463726885,0.2707600862883567,2728,24,5.666666666666667,0.4714045217910317,1.6634117965115547,A1,B0,C2,I,0.6510194342133927,0.9192388141175118,6.143489682375261
A1-B0-C2-r2,456,8,0.26,5.0,0.9254385964912281,0.2707600862883567,2431,24,5.0,1e-09,1.6634117965115547,A1,B0,C2,I,0.6510194342133927,0.9192388141175118,6.143489682375261
A1-B0-C2-r2,351,16,0.35,4.0,0.9031339031339032,0.2707600862883567,2141,24,4.0,1e-09,1.6634117965115547,A1,B0,C2,I,0.6510194342133927,0.9192388141175118,6.143489682375261
A1-B0-C2-r3,2000,1,0.02,20.0,0.7825,0.5791329314151571,2162,117,23.333333333333332,1.2472191299246471,1.465083380828193,A1,B0,C2,III,1.3236577537839191,1.7281273726680595,2.5297877246388767
A1-B0-C2-r3,1369,2,0.1,14.0,0.6975894813732652,0.5791329314151571,1498,117,15.333333333333334,1.2472191299246471,1.465083380828193,A1,B0,C2,III,1.3236577537839191,1.7281273726680595,2.5297877246388767
A1-B0-C2-r3,983,4,0.16,8.0,0.5859613428280773,0.5791329314151571,1110,117,10.0,0.816496581927726,1.465083380828193,A1,B0,C2,III,1.3236577537839191,1.7281273726680595,2.5297877246388767
A1-B0-C2-r3,779,8,0.21,6.0,0.48010269576379977,0.5791329314151571,887,117,8.0,0.816496581927726,1.465083380828193,A1,B0,C2,III,1.3236577537839191,1.7281273726680595,2.5297877246388767
A1-B0-C2-r3,680,16,0.26,5.0,0.40441176470588236,0.5791329314151571,755,117,5.0,1e-09,1.465083380828193,A1,B0,C2,III,1.3236577537839191,1.7281273726680595,2.5297877246388767
A1-B0-C2-r4,2000,1,0.02,21.0,0.776,0.7213331087215562,2134,162,23.0,0.816496581927726,1.6403657980180164,A1,B0,C2,III,1.3687344685838294,1.507587581766208,2.2740752894668788
A1-B0-C2-r4,1350,2,0.07,17.0,0.6933333333333334,0.7213331087215562,1434,162,15.0,0.816496581927726,1.6403657980180164,A1,B0,C2,III,1.3687344685838294,1.507587581766208,2.2740752894668788
A1-B0-C2-r4,971,4,0.11,11.0,0.5890834191555098,0.7213331087215562,1051,162,10.0,0.816496581927726,1.6403657980180164,A1,B0,C2,III,1.3687344685838294,1.507587581766208,2.2740752894668788
A1-B0-C2-r4,766,8,0.15,6.0,0.48172323759791125,0.7213331087215562,830,162,6.666666666666667,0.4714045217910317,1.6403657980180164,A1,B0,C2,III,1.3687344685838294,1.507587581766208,2.2740752894668788
A1-B0-C2-r4,670,16,0.18,5.0,0.40746268656716417,0.7213331087215562,705,162,5.0,1e-09,1.6403657980180164,A1,B0,C2,III,1.3687344685838294,1.507587581766208,2.2740752894668788
A1-B1-C0-r0,2000,1,0.04,7.0,0.9985,1.6256067121221245,6430,132,7.0,1e-09,1.5988832430910214,A1,B1,C0,I,0.32234137710396094,0.7071067796865474,0.9835609260026879
A1-B1-C0-r0,1099,2,0.15,6.0,0.997270245677889,1.6256067121221245,5504,132,5.333333333333333,0.4714045217910317,1.5988832430910214,A1,B1,C0,I,0.32234137710396094,0.7071067796865474,0.9835609260026879
A1-B1-C0-r0,651,4,0.29,5.0,0.9953917050691244,1.6256067121221245,4982,132,4.666666666666667,0.4714045217910317,1.5988832430910214,A1,B1,C0,I,0.32234137710396094,0.7071067796865474,0.9835609260026879
A1-B1-C0-r0,421,8,0.38,4.0,0.9928741092636579,1.6256067121221245,4524,132,4.0,1e-09,1.5988832430910214,A1,B1,C0,I,0.32234137710396094,0.7071067796865474,0.9835609260026879
A1-B1-C0-r0,300,16,0.46,4.0,0.99,1.6256067121221245,3751,132,3.3333333333333335,0.4714045217910317,1.5988832430910214,A1,B1,C0,I,0.32234137710396094,0.7071067796865474,0.9835609260026879
A1-B1-C0-r1,2000,1,0.03,11.0,0.988,1.4201845257707255,4510,42,10.666666666666666,0.4714045217910317,1.4092880092691538,A1,B1,C0,I,0.5621676243532893,0.14142135593730976,0.9923273938675974
A1-B1-C0-r1,1159,2,0.09,7.0,0.9792924935289042,1.4201845257707255,3662,42,7.0,1e-09,1.4092880092691538,A1,B1,C0,I,0.5621676243532893,0.14142135593730976,0.9923273938675974
A1-B1-C0-r1,700,4,0.15,5.0,0.9657142857142857,1.4201845257707255,3174,42,6.0,1e-09,1.4092880092691538,A1,B1,C0,I,0.5621676243532893,0.14142135593730976,0.9923273938675974
A1-B1-C0-r1,486,8,0.2,5.0,0.9506172839506173,1.4201845257707255,2873,42,5.0,1e-09,1.4092880092691538,A1,B1,C0,I,0.5621676243532893,0.14142135593730976,0.9923273938675974
A1-B1-C0-r1,363,16,0.24,4.0,0.9338842975206612,1.4201845257707255,2464,42,4.0,1e-09,1.4092880092691538,A1,B1,C0,I,0.5621676243532893,0.14142135593730976,0.9923273938675974
A1-B1-C0-r2,2000,1,0.03,10.0,0.9875,0.7517139376646631,4480,42,10.333333333333334,0.4714045217910317,1.6010547387076592,A1,B1,C0,I,0.5376165577764482,0.4242640678119288,2.1298723603311505
A1-B1-C0-r2,1157,2,0.13,7.0,0.9783923941227312,0.7517139376646631,3634,42,7.666666666666667,0.4714045217910317,1.6010547387076592,A1,B1,C0,I,0.5376165577764482,0.4242640678119288,2.1298723603311505
A1-B1-C0-r2,727,4,0.21,5.0,0.9656121045392022,0.7517139376646631,3175,42,5.0,1e-09,1.6010547387076592,A1,B1,C0,I,0.5376165577764482,0.4242640678119288,2.1298723603311505
A1-B1-C0-r2,505,8,0.31,5.0,0.9504950495049505,0.7517139376646631,2878,42,5.0,1e-09,1.6010547387076592,A1,B1,C0,I,0.5376165577764482,0.4242640678119288,2.1298723603311505
A1-B1-C0-r2,393,16,0.39,4.0,0.9363867684478372,0.7517139376646631,2521,42,4.0,1e-09,1.6010547387076592,A1,B1,C0,I,0.5376165577764482,0.4242640678119288,2.1298723603311505
A1-B1-C0-r3,2000,1,0.03,9.0,0.9865,2.455012508850333,4410,63,11.0,1e-09,1.736085534951431,A1,B1,C0,II,0.4421697513234396,0.14142135593730937,0.7071595475350262
A1-B1-C0-r3,1161,2,0.09,7.0,0.9776055124892334,2.455012508850333,3561,63,7.0,1e-09,1.736085534951431,A1,B1,C0,II,0.4421697513234396,0.14142135593730937,0.7071595475350262
A1-B1-C0-r3,719,4,0.16,6.0,0.9638386648122392,2.455012508850333,3091,63,5.666666666666667,0.4714045217910317,1.736085534951431,A1,B1,C0,II,0.4421697513234396,0.14142135593730937,0.7071595475350262
A1-B1-C0-r3,484,8,0.23,5.0,0.9462809917355371,2.455012508850333,2771,63,5.0,1e-09,1.736085534951431,A1,B1,C0,II,0.4421697513234396,0.14142135593730937,0.7071595475350262
A1-B1-C0-r3,344,16,0.28,4.0,0.9244186046511628,2.455012508850333,2387,63,4.0,1e-09,1.736085534951431,A1,B1,C0,II,0.4421697513234396,0.14142135593730937,0.7071595475350262
A1-B1-C0-r4,2000,1,0.04,10.0,0.9865,1.562862837898848,4390,48,10.333333333333334,0.4714045217910317,1.3418550043397666,A1,B1,C0,I,0.531031748604167,0.2828427118746191,0.8585878247279781
A1-B1-C0-r4,1156,2,0.16,8.0,0.9775086505190311,1.562862837898848,3535,48,7.0,1e-09,1.3418550043397666,A1,B1,C0,I,0.531031748604167,0.2828427118746191,0.8585878247279781
A1-B1-C0-r4,724,4,0.22,5.0,0.9640883977900553,1.562862837898848,3083,48,5.333333333333333,0.4714045217910317,1.3418550043397666,A1,B1,C0,I,0.531031748604167,0.2828427118746191,0.8585878247279781
A1-B1-C0-r4,474,8,0.28,5.0,0.9451476793248945,1.562862837898848,2753,48,5.0,1e-09,1.3418550043397666,A1,B1,C0,I,0.531031748604167,0.2828427118746191,0.8585878247279781
A1-B1-C0-r4,354,16,0.33,4.0,0.9265536723163842,1.562862837898848,2334,48,4.0,1e-09,1.3418550043397666,A1,B1,C0,I,0.531031748604167,0.2828427118746191,0.8585878247279781
A1-B1-C1-r0,2000,1,0.04,9.0,0.998,1.5422510120376687,6105,45,6.666666666666667,0.4714045217910317,1.3867780776105711,A1,B1,C1,II,0.42810212487583527,1.272792203435785,0.8991909013425239
A1-B1-C1-r0,1109,2,0.15,6.0,0.9963931469792606,1.5422510120376687,5202,45,5.666666666666667,0.4714045217910317,1.3867780776105711,A1,B1,C1,II,0.42810212487583527,1.272792203435785,0.8991909013425239
A1-B1-C1-r0,643,4,0.25,5.0,0.9937791601866252,1.5422510120376687,4684,45,4.666666666666667,0.4714045217910317,1.3867780776105711,A1,B1,C1,II,0.42810212487583527,1.272792203435785,0.8991909013425239
A1-B1-C1-r0,425,8,0.33,4.0,0.9905882352941177,1.5422510120376687,4249,45,4.0,1e-09,1.3867780776105711,A1,B1,C1,II,0.42810212487583527,1.272792203435785,0.8991909013425239
A1-B1-C1-r0,289,16,0.4,4.0,0.986159169550173,1.5422510120376687,3514,45,4.0,1e-09,1.3867780776105711,A1,B1,C1,II,0.42810212487583527,1.272792203435785,0.8991909013425239
A1-B1-C1-r1,2000,1,0.03,9.0,0.9985,1.7439157279041952,5969,45,7.666666666666667,0.4714045217910317,1.9091364144936658,A1,B1,C1,II,0.438954991652873,0.9899494915611664,1.094741210223518
A1-B1-C1-r1,1134,2,0.13,6.0,0.9973544973544973,1.7439157279041952,5096,45,6.0,1e-09,1.9091364144936658,A1,B1,C1,II,0.438954991652873,0.9899494915611664,1.094741210223518
A1-B1-C1-r1,659,4,0.22,4.0,0.9954476479514416,1.7439157279041952,4572,45,4.666666666666667,0.4714045217910317,1.9091364144936658,A1,B1,C1,II,0.438954991652873,0.9899494915611664,1.094741210223518
A1-B1-C1-r1,424,8,0.28,4.0,0.9929245283018868,1.7439157279041952,4168,45,4.333333333333333,0.4714045217910317,1.9091364144936658,A1,B1,C1,II,0.438954991652873,0.9899494915611664,1.094741210223518
A1-B1-C1-r1,297,16,0.33,4.0,0.98989898989899,1.7439157279041952,3451,45,4.0,1e-09,1.9091364144936658,A1,B1,C1,II,0.438954991652873,0.9899494915611664,1.094741210223518
A1-B1-C1-r2,2000,1,0.04,7.0,0.999,2.738800175419945,6029,66,7.666666666666667,0.4714045217910317,1.4320435687156043,A1,B1,C1,II,0.43207223879163537,0.2828427118746191,0.5228726000413764
A1-B1-C1-r2,1111,2,0.15,6.0,0.9981998199819982,2.738800175419945,5129,66,6.0,1e-09,1.4320435687156043,A1,B1,C1,II,0.43207223879163537,0.2828427118746191,0.5228726000413764
A1-B1-C1-r2,661,4,0.24,5.0,0.9969742813918305,2.738800175419945,4627,66,5.0,1e-09,1.4320435687156043,A1,B1,C1,II,0.43207223879163537,0.2828427118746191,0.5228726000413764
A1-B1-C1-r2,424,8,0.33,4.0,0.9952830188679245,2.738800175419945,4201,66,4.0,1e-09,1.4320435687156043,A1,B1,C1,II,0.43207223879163537,0.2828427118746191,0.5228726000413764
A1-B1-C1-r2,301,16,0.41,3.0,0.9933554817275747,2.738800175419945,3500,66,4.0,1e-09,1.4320435687156043,A1,B1,C1,II,0.43207223879163537,0.2828427118746191,0.5228726000413764
A1-B1-C1-r3,2000,1,0.03,7.0,0.998,1.170107811945227,6539,51,6.666666666666667,0.4714045217910317,1.3610718186295716,A1,B1,C1,I,0.3141307003807452,0.28284271187461874,1.163202061156125
A1-B1-C1-r3,1107,2,0.12,6.0,0.996386630532972,1.170107811945227,5633,51,5.666666666666667,0.4714045217910317,1.3610718186295716,A1,B1,C1,I,0.3141307003807452,0.28284271187461874,1.163202061156125
A1-B1-C1-r3,657,4,0.21,5.0,0.9939117199391172,1.170107811945227,5107,51,5.0,1e-09,1.3610718186295716,A1,B1,C1,I,0.3141307003807452,0.28284271187461874,1.163202061156125
A1-B1-C1-r3,403,8,0.31,4.0,0.9900744416873449,1.170107811945227,4617,51,4.0,1e-09,1.3610718186295716,A1,B1,C1,I,0.3141307003807452,0.28284271187461874,1.163202061156125
A1-B1-C1-r3,287,16,0.41,4.0,0.9860627177700348,1.170107811945227,3740,51,4.0,1e-09,1.3610718186295716,A1,B1,C1,I,0.3141307003807452,0.28284271187461874,1.163202061156125
A1-B1-C1-r4,2000,1,0.05,6.0,1.0,1.052509311356187,7724,90,6.333333333333333,0.4714045217910317,1.4035496399005563,A1,B1,C1,I,0.2684166886710425,0.7071067796865474,1.3335270526890106
A1-B1-C1-r4,1093,2,0.15,4.0,1.0,1.052509311356187,6790,90,4.666666666666667,0.4714045217910317,1.4035496399005563,A1,B1,C1,I,0.2684166886710425,0.7071067796865474,1.3335270526890106
A1-B1-C1-r4,624,4,0.24,4.0,1.0,1.052509311356187,6218,90,4.0,1e-09,1.4035496399005563,A1,B1,C1,I,0.2684166886710425,0.7071067796865474,1.3335270526890106
A1-B1-C1-r4,379,8,0.33,4.0,1.0,1.052509311356187,5644,90,4.0,1e-09,1.4035496399005563,A1,B1,C1,I,0.2684166886710425,0.7071067796865474,1.3335270526890106
A1-B1-C1-r4,258,16,0.4,3.0,1.0,1.052509311356187,4347,90,3.6666666666666665,0.4714045217910317,1.4035496399005563,A1,B1,C1,I,0.2684166886710425,0.7071067796865474,1.3335270526890106
A1-B1-C2-r0,2000,1,0.03,10.0,0.983,0.722618072860144,4208,18,11.0,1e-09,1.1663672472485698,A1,B1,C2,I,0.5485786794668177,0.0,1.6140853530441788
A1-B1-C2-r0,1162,2,0.16,8.0,0.9707401032702238,0.722618072860144,3364,18,8.0,0.816496581927726,1.1663672472485698,A1,B1,C2,I,0.5485786794668177,0.0,1.6140853530441788
A1-B1-C2-r0,722,4,0.22,6.0,0.9529085872576177,0.722618072860144,2898,18,6.0,1e-09,1.1663672472485698,A1,B1,C2,I,0.5485786794668177,0.0,1.6140853530441788
A1-B1-C2-r0,481,8,0.28,5.0,0.9293139293139293,0.722618072860144,2591,18,5.0,1e-09,1.1663672472485698,A1,B1,C2,I,0.5485786794668177,0.0,1.6140853530441788
A1-B1-C2-r0,398,16,0.32,4.0,0.914572864321608,0.722618072860144,2270,18,4.0,1e-09,1.1663672472485698,A1,B1,C2,I,0.5485786794668177,0.0,1.6140853530441788
A1-B1-C2-r1,2000,1,0.03,7.0,0.9975,0.9201031513995191,6227,54,8.0,1e-09,1.5819573581946174,A1,B1,C2,I,0.27829150526767343,0.8485281356238568,1.7193260948931512
A1-B1-C2-r1,1105,2,0.13,5.0,0.995475113122172,0.9201031513995191,5322,54,6.333333333333333,0.4714045217910317,1.5819573581946174,A1,B1,C2,I,0.27829150526767343,0.8485281356238568,1.7193260948931512
A1-B1-C2-r1,645,4,0.21,5.0,0.9922480620155039,0.9201031513995191,4798,54,4.666666666666667,0.4714045217910317,1.5819573581946174,A1,B1,C2,I,0.27829150526767343,0.8485281356238568,1.7193260948931512
A1-B1-C2-r1,398,8,0.3,4.0,0.9874371859296482,0.9201031513995191,4354,54,4.0,1e-09,1.5819573581946174,A1,B1,C2,I,0.27829150526767343,0.8485281356238568,1.7193260948931512
A1-B1-C2-r1,286,16,0.37,4.0,0.9825174825174825,0.9201031513995191,3570,54,3.6666666666666665,0.4714045217910317,1.5819573581946174,A1,B1,C2,I,0.27829150526767343,0.8485281356238568,1.7193260948931512
A1-B1-C2-r2,2000,1,0.03,9.0,0.9915,1.4587400604361305,4832,36,10.0,1.4142135633730952,0.9482263317785853,A1,B1,C2,I,0.5034700643615089,0.4242640680119284,0.6500310490513895
A1-B1-C2-r2,1136,2,0.11,7.0,0.9850352112676056,1.4587400604361305,3958,36,6.666666666666667,0.4714045217910317,0.9482263317785853,A1,B1,C2,I,0.5034700643615089,0.4242640680119284,0.6500310490513895
A1-B1-C2-r2,695,4,0.18,6.0,0.9755395683453237,1.4587400604361305,3480,36,5.0,1e-09,0.9482263317785853,A1,B1,C2,I,0.5034700643615089,0.4242640680119284,0.6500310490513895
A1-B1-C2-r2,467,8,0.24,4.0,0.9635974304068522,1.4587400604361305,3166,36,5.0,1e-09,0.9482263317785853,A1,B1,C2,I,0.5034700643615089,0.4242640680119284,0.6500310490513895
A1-B1-C2-r2,360,16,0.29,4.0,0.9527777777777777,1.4587400604361305,2714,36,3.6666666666666665,0.4714045217910317,0.9482263317785853,A1,B1,C2,I,0.5034700643615089,0.4242640680119284,0.6500310490513895
A1-B1-C2-r3,2000,1,0.04,8.0,0.999,0.5759280178866132,6833,78,7.0,1e-09,1.5850615855935168,A1,B1,C2,II,0.3599076891201685,0.565685423749238,2.7521869684512876
A1-B1-C2-r3,1097,2,0.14,6.0,0.9990884229717412,0.5759280178866132,5913,78,5.333333333333333,0.4714045217910317,1.5850615855935168,A1,B1,C2,II,0.3599076891201685,0.565685423749238,2.7521869684512876
A1-B1-C2-r3,633,4,0.23,5.0,0.9984202211690363,0.5759280178866132,5383,78,4.666666666666667,0.4714045217910317,1.5850615855935168,A1,B1,C2,II,0.3599076891201685,0.565685423749238,2.7521869684512876
A1-B1-C2-r3,400,8,0.3,4.0,0.9975,0.5759280178866132,4869,78,4.0,1e-09,1.5850615855935168,A1,B1,C2,II,0.3599076891201685,0.565685423749238,2.7521869684512876
A1-B1-C2-r3,266,16,0.37,4.0,0.9962406015037594,0.5759280178866132,3931,78,3.6666666666666665,0.4714045217910317,1.5850615855935168,A1,B1,C2,II,0.3599076891201685,0.565685423749238,2.7521869684512876
A1-B1-C2-r4,2000,1,0.04,9.0,0.997,0.9783947102010802,6359,81,7.666666666666667,0.9428090425820633,1.5692215224312134,A1,B1,C2,II,0.42651225800062964,0.7071067799865475,1.6038736780462624
A1-B1-C2-r4,1109,2,0.12,6.0,0.9945897204688909,0.9783947102010802,5448,81,6.666666666666667,0.4714045217910317,1.5692215224312134,A1,B1,C2,II,0.42651225800062964,0.7071067799865475,1.6038736780462624
A1-B1-C2-r4,662,4,0.23,5.0,0.9909365558912386,0.9783947102010802,4942,81,4.666666666666667,0.4714045217910317,1.5692215224312134,A1,B1,C2,II,0.42651225800062964,0.7071067799865475,1.6038736780462624
A1-B1-C2-r4,397,8,0.32,4.0,0.9848866498740554,0.9783947102010802,4421,81,4.0,1e-09,1.5692215224312134,A1,B1,C2,II,0.42651225800062964,0.7071067799865475,1.6038736780462624
A1-B1-C2-r4,294,16,0.39,4.0,0.9795918367346939,0.9783947102010802,3669,81,4.0,1e-09,1.5692215224312134,A1,B1,C2,II,0.42651225800062964,0.7071067799865475,1.6038736780462624
A2-B0-C0-r0,2000,1,0.04,8.0,0.9925,1.6948455223271062,4780,57,9.333333333333334,0.4714045217910317,1.5008509463686572,A2,B0,C0,I,0.34215134422250193,0.848528135623857,0.8855384910289141
A2-B0-C0-r0,1146,2,0.13,6.0,0.987783595113438,1.6948455223271062,3918,57,7.0,1e-09,1.5008509463686572,A2,B0,C0,I,0.34215134422250193,0.848528135623857,0.8855384910289141
A2-B0-C0-r0,679,4,0.19,6.0,0.979381443298969,1.6948455223271062,3418,57,5.666666666666667,0.4714045217910317,1.5008509463686572,A2,B0,C0,I,0.34215134422250193,0.848528135623857,0.8855384910289141
A2-B0-C0-r0,456,8,0.24,5.0,0.9692982456140351,1.6948455223271062,3090,57,4.666666666666667,0.4714045217910317,1.5008509463686572,A2,B0,C0,I,0.34215134422250193,0.848528135623857,0.8855384910289141
A2-B0-C0-r0,337,16,0.29,4.0,0.9584569732937686,1.6948455223271062,2657,57,4.0,1e-09,1.5008509463686572,A2,B0,C0,I,0.34215134422250193,0.848528135623857,0.8855384910289141
A2-B0-C0-r1,2000,1,0.03,9.0,0.996,1.3457955422082515,5970,102,8.666666666666666,0.4714045217910317,1.593447157597079,A2,B0,C0,II,0.39641932292327464,0.848528135623857,1.1840187514534843
A2-B0-C0-r1,1106,2,0.11,5.0,0.9927667269439421,1.3457955422082515,5060,102,6.333333333333333,0.4714045217910317,1.593447157597079,A2,B0,C0,II,0.39641932292327464,0.848528135623857,1.1840187514534843
A2-B0-C0-r1,649,4,0.18,5.0,0.987673343605547,1.3457955422082515,4539,102,4.666666666666667,0.4714045217910317,1.593447157597079,A2,B0,C0,II,0.39641932292327464,0.848528135623857,1.1840187514534843
A2-B0-C0-r1,404,8,0.23,4.0,0.9801980198019802,1.3457955422082515,4113,102,4.0,1e-09,1.593447157597079,A2,B0,C0,II,0.39641932292327464,0.848528135623857,1.1840187514534843
A2-B0-C0-r1,299,16,0.28,4.0,0.9732441471571907,1.3457955422082515,3433,102,4.0,1e-09,1.593447157597079,A2,B0,C0,II,0.39641932292327464,0.848528135623857,1.1840187514534843
A2-B0-C0-r2,2000,1,0.05,7.0,0.9995,1.6125226344443564,7010,219,7.0,1e-09,1.413198248726387,A2,B0,C0,II,0.3761835852498129,0.2828427118746191,0.8763897129501983
A2-B0-C0-r2,1090,2,0.15,5.0,0.9990825688073395,1.6125226344443564,6063,219,5.666666666666667,0.4714045217910317,1.413198248726387,A2,B0,C0,II,0.3761835852498129,0.2828427118746191,0.8763897129501983
A2-B0-C0-r2,635,4,0.23,5.0,0.9984251968503937,1.6125226344443564,5529,219,5.0,1e-09,1.413198248726387,A2,B0,C0,II,0.3761835852498129,0.2828427118746191,0.8763897129501983
A2-B0-C0-r2,395,8,0.29,4.0,0.9974683544303797,1.6125226344443564,4986,219,4.0,1e-09,1.413198248726387,A2,B0,C0,II,0.3761835852498129,0.2828427118746191,0.8763897129501983
A2-B0-C0-r2,268,16,0.35,3.0,0.996268656716418,1.6125226344443564,4038,219,4.0,1e-09,1.413198248726387,A2,B0,C0,II,0.3761835852498129,0.2828427118746191,0.8763897129501983
A2-B0-C0-r3,2000,1,0.03,12.0,0.9955,0.9720282766001438,4790,57,9.333333333333334,0.4714045217910317,1.5278872931518146,A2,B0,C0,I,0.6472547688928773,2.1213203390596425,1.571854780290852
A2-B0-C0-r3,1139,2,0.09,8.0,0.9920983318700615,0.9720282766001438,3920,57,6.333333333333333,0.4714045217910317,1.5278872931518146,A2,B0,C0,I,0.6472547688928773,2.1213203390596425,1.571854780290852
A2-B0-C0-r3,693,4,0.16,5.0,0.987012987012987,0.9720282766001438,3436,57,5.666666666666667,0.4714045217910317,1.5278872931518146,A2,B0,C0,I,0.6472547688928773,2.1213203390596425,1.571854780290852
A2-B0-C0-r3,451,8,0.21,4.0,0.9800443458980045,0.9720282766001438,3107,57,5.0,1e-09,1.5278872931518146,A2,B0,C0,I,0.6472547688928773,2.1213203390596425,1.571854780290852
A2-B0-C0-r3,325,16,0.26,4.0,0.9723076923076923,0.9720282766001438,2645,57,4.0,1e-09,1.5278872931518146,A2,B0,C0,I,0.6472547688928773,2.1213203390596425,1.571854780290852
A2-B0-C0-r4,2000,1,0.03,9.0,0.994,1.4946115735028855,5110,63,9.666666666666666,0.9428090425820633,1.3568535089353648,A2,B0,C0,I,0.45387673716871646,0.5656854238992375,0.9078301901244746
A2-B0-C0-r4,1125,2,0.1,6.0,0.9902222222222222,1.4946115735028855,4223,63,6.333333333333333,0.4714045217910317,1.3568535089353648,A2,B0,C0,I,0.45387673716871646,0.5656854238992375,0.9078301901244746
A2-B0-C0-r4,675,4,0.16,5.0,0.9837037037037037,1.4946115735028855,3741,63,5.333333333333333,0.4714045217910317,1.3568535089353648,A2,B0,C0,I,0.45387673716871646,0.5656854238992375,0.9078301901244746
A2-B0-C0-r4,448,8,0.23,4.0,0.9754464285714286,1.4946115735028855,3381,63,4.333333333333333,0.4714045217910317,1.3568535089353648,A2,B0,C0,I,0.45387673716871646,0.5656854238992375,0.9078301901244746
A2-B0-C0-r4,323,16,0.32,4.0,0.9659442724458205,1.4946115735028855,2890,63,4.0,1e-09,1.3568535089353648,A2,B0,C0,I,0.45387673716871646,0.5656854238992375,0.9078301901244746
A2-B0-C1-r0,2000,1,0.03,7.0,0.999,0.6150937184244385,6317,54,7.333333333333333,0.4714045217910317,1.5836682183826638,A2,B0,C1,I,0.3190811108774048,0.565685423749238,2.5746779245920886
A2-B0-C1-r0,1116,2,0.11,6.0,0.9982078853046595,0.6150937184244385,5420,54,5.333333333333333,0.4714045217910317,1.5836682183826638,A2,B0,C1,I,0.3190811108774048,0.565685423749238,2.5746779245920886
A2-B0-C1-r0,636,4,0.2,5.0,0.9968553459119497,0.6150937184244385,4880,54,5.0,1e-09,1.5836682183826638,A2,B0,C1,I,0.3190811108774048,0.565685423749238,2.5746779245920886
A2-B0-C1-r0,430,8,0.28,4.0,0.9953488372093023,0.6150937184244385,4490,54,4.0,1e-09,1.5836682183826638,A2,B0,C1,I,0.3190811108774048,0.565685423749238,2.5746779245920886
A2-B0-C1-r0,294,16,0.36,4.0,0.9931972789115646,0.6150937184244385,3616,54,3.6666666666666665,0.4714045217910317,1.5836682183826638,A2,B0,C1,I,0.3190811108774048,0.565685423749238,2.5746779245920886
A2-B0-C1-r1,2000,1,0.02,10.0,0.9835,0.7399905499798145,4151,15,10.666666666666666,0.9428090425820633,1.9470516001721876,A2,B0,C1,I,0.5406176153675916,0.42426406796192817,2.631184412051342
A2-B0-C1-r1,1171,2,0.08,8.0,0.9726729291204099,0.7399905499798145,3320,15,7.0,1e-09,1.9470516001721876,A2,B0,C1,I,0.5406176153675916,0.42426406796192817,2.631184412051342
A2-B0-C1-r1,725,4,0.13,6.0,0.9558620689655173,0.7399905499798145,2855,15,5.666666666666667,0.4714045217910317,1.9470516001721876,A2,B0,C1,I,0.5406176153675916,0.42426406796192817,2.631184412051342
A2-B0-C1-r1,511,8,0.17,5.0,0.9373776908023483,0.7399905499798145,2578,15,4.666666666666667,0.4714045217910317,1.9470516001721876,A2,B0,C1,I,0.5406176153675916,0.42426406796192817,2.631184412051342
A2-B0-C1-r1,365,16,0.2,4.0,0.9123287671232877,0.7399905499798145,2211,15,4.0,1e-09,1.9470516001721876,A2,B0,C1,I,0.5406176153675916,0.42426406796192817,2.631184412051342
A2-B0-C1-r2,2000,1,0.03,9.0,0.994,0.5859918857493278,5397,54,9.0,1e-09,1.8739344841034309,A2,B0,C1,II,0.4093961203247521,0.5656854237492379,3.1978846971697688
A2-B0-C1-r2,1118,2,0.11,5.0,0.9892665474060823,0.5859918857493278,4507,54,6.333333333333333,0.4714045217910317,1.8739344841034309,A2,B0,C1,II,0.4093961203247521,0.5656854237492379,3.1978846971697688
A2-B0-C1-r2,672,4,0.18,5.0,0.9821428571428571,0.5859918857493278,4004,54,5.0,1e-09,1.8739344841034309,A2,B0,C1,II,0.4093961203247521,0.5656854237492379,3.1978846971697688
A2-B0-C1-r2,420,8,0.25,4.0,0.9714285714285714,0.5859918857493278,3627,54,4.0,1e-09,1.8739344841034309,A2,B0,C1,II,0.4093961203247521,0.5656854237492379,3.1978846971697688
A2-B0-C1-r2,317,16,0.31,4.0,0.9621451104100947,0.5859918857493278,3067,54,4.0,1e-09,1.8739344841034309,A2,B0,C1,II,0.4093961203247521,0.5656854237492379,3.1978846971697688
A2-B0-C1-r3,2000,1,0.02,10.0,0.991,0.5704415491636655,4594,27,10.333333333333334,0.4714045217910317,1.6308355603568034,A2,B0,C1,I,0.45474854867641046,0.4242640678119288,2.858900377694788
A2-B0-C1-r3,1154,2,0.08,6.0,0.9844020797227037,0.5704415491636655,3741,27,7.0,1e-09,1.6308355603568034,A2,B0,C1,I,0.45474854867641046,0.4242640678119288,2.858900377694788
A2-B0-C1-r3,683,4,0.14,6.0,0.9736456808199122,0.5704415491636655,3247,27,5.333333333333333,0.4714045217910317,1.6308355603568034,A2,B0,C1,I,0.45474854867641046,0.4242640678119288,2.858900377694788
A2-B0-C1-r3,466,8,0.18,5.0,0.9613733905579399,0.5704415491636655,2935,27,5.0,1e-09,1.6308355603568034,A2,B0,C1,I,0.45474854867641046,0.4242640678119288,2.858900377694788
A2-B0-C1-r3,344,16,0.22,4.0,0.9476744186046512,0.5704415491636655,2520,27,4.0,1e-09,1.6308355603568034,A2,B0,C1,I,0.45474854867641046,0.4242640678119288,2.858900377694788
A2-B0-C1-r4,2000,1,0.04,7.0,0.9995,0.4504354450717065,7519,165,6.333333333333333,0.4714045217910317,1.4687243920205257,A2,B0,C1,I,0.2606877844442043,0.8485281356238572,3.2606767697571266
A2-B0-C1-r4,1082,2,0.13,5.0,0.9990757855822551,0.4504354450717065,6577,165,5.0,0.816496581927726,1.4687243920205257,A2,B0,C1,I,0.2606877844442043,0.8485281356238572,3.2606767697571266
A2-B0-C1-r4,617,4,0.2,5.0,0.9983792544570502,0.4504354450717065,6030,165,4.333333333333333,0.4714045217910317,1.4687243920205257,A2,B0,C1,I,0.2606877844442043,0.8485281356238572,3.2606767697571266
A2-B0-C1-r4,379,8,0.27,4.0,0.9973614775725593,0.4504354450717065,5436,165,4.0,1e-09,1.4687243920205257,A2,B0,C1,I,0.2606877844442043,0.8485281356238572,3.2606767697571266
A2-B0-C1-r4,248,16,0.32,4.0,0.9959677419354839,0.4504354450717065,4264,165,3.3333333333333335,0.4714045217910317,1.4687243920205257,A2,B0,C1,I,0.2606877844442043,0.8485281356238572,3.2606767697571266
A2-B0-C2-r0,2000,1,0.02,14.0,0.9835,0.7150134156939344,3730,24,12.666666666666666,1.2472191299246471,1.2636660605642511,A2,B0,C2,III,0.722456858582056,0.9209157730450587,1.7673319588526024
A2-B0-C2-r0,1159,2,0.08,10.0,0.9732528041415013,0.7150134156939344,2885,24,8.666666666666666,0.4714045217910317,1.2636660605642511,A2,B0,C2,III,0.722456858582056,0.9209157730450587,1.7673319588526024
A2-B0-C2-r0,718,4,0.12,6.0,0.9568245125348189,0.7150134156939344,2429,24,6.333333333333333,0.4714045217910317,1.2636660605642511,A2,B0,C2,III,0.722456858582056,0.9209157730450587,1.7673319588526024
A2-B0-C2-r0,465,8,0.15,5.0,0.9333333333333333,0.7150134156939344,2119,24,5.0,1e-09,1.2636660605642511,A2,B0,C2,III,0.722456858582056,0.9209157730450587,1.7673319588526024
A2-B0-C2-r0,342,16,0.19,4.0,0.9093567251461988,0.7150134156939344,1854,24,4.0,1e-09,1.2636660605642511,A2,B0,C2,III,0.722456858582056,0.9209157730450587,1.7673319588526024
A2-B0-C2-r1,2000,1,0.04,14.0,0.959,0.8748014838606039,3387,51,14.0,1.4142135633730952,1.1538502932949208,A2,B0,C2,III,0.7440775234439412,0.527791685852937,1.3189852950441294
A2-B0-C2-r1,1174,2,0.16,9.0,0.9327086882453152,0.8748014838606039,2547,51,10.0,0.816496581927726,1.1538502932949208,A2,B0,C2,III,0.7440775234439412,0.527791685852937,1.3189852950441294
A2-B0-C2-r1,755,4,0.24,6.0,0.895364238410596,0.8748014838606039,2118,51,6.666666666666667,0.4714045217910317,1.1538502932949208,A2,B0,C2,III,0.7440775234439412,0.527791685852937,1.3189852950441294
A2-B0-C2-r1,507,8,0.3,5.0,0.8441814595660749,0.8748014838606039,1833,51,5.0,1e-09,1.1538502932949208,A2,B0,C2,III,0.7440775234439412,0.527791685852937,1.3189852950441294
A2-B0-C2-r1,375,16,0.35,4.0,0.7893333333333333,0.8748014838606039,1594,51,4.0,1e-09,1.1538502932949208,A2,B0,C2,III,0.7440775234439412,0.527791685852937,1.3189852950441294
A2-B0-C2-r2,2000,1,0.03,19.0,0.923,0.44643412283791967,2606,15,16.333333333333332,0.4714045217910317,1.8873585998841582,A2,B0,C2,III,0.9127765177222188,2.2525880993490572,4.2276306924893685
A2-B0-C2-r2,1202,2,0.08,15.0,0.8901830282861897,0.44643412283791967,1801,15,12.0,0.816496581927726,1.8873585998841582,A2,B0,C2,III,0.9127765177222188,2.2525880993490572,4.2276306924893685
A2-B0-C2-r2,780,4,0.13,9.0,0.8384615384615385,0.44643412283791967,1375,15,8.0,0.816496581927726,1.8873585998841582,A2,B0,C2,III,0.9127765177222188,2.2525880993490572,4.2276306924893685
A2-B0-C2-r2,538,8,0.17,6.0,0.7676579925650557,0.44643412283791967,1117,15,6.333333333333333,0.4714045217910317,1.8873585998841582,A2,B0,C2,III,0.9127765177222188,2.2525880993490572,4.2276306924893685
A2-B0-C2-r2,427,16,0.22,5.0,0.7072599531615925,0.44643412283791967,971,15,5.0,1e-09,1.8873585998841582,A2,B0,C2,III,0.9127765177222188,2.2525880993490572,4.2276306924893685
A2-B0-C2-r3,2000,1,0.03,10.0,0.9825,0.35821392514859207,4021,36,11.666666666666666,0.4714045217910317,1.032606136577928,A2,B0,C2,I,0.4893766436859014,1.1313708474984758,2.88265213628864
A2-B0-C2-r3,1146,2,0.08,7.0,0.9703315881326352,0.35821392514859207,3161,36,7.666666666666667,0.4714045217910317,1.032606136577928,A2,B0,C2,I,0.4893766436859014,1.1313708474984758,2.88265213628864
A2-B0-C2-r3,688,4,0.13,6.0,0.9505813953488372,0.35821392514859207,2685,36,5.666666666666667,0.4714045217910317,1.032606136577928,A2,B0,C2,I,0.4893766436859014,1.1313708474984758,2.88265213628864
A2-B0-C2-r3,461,8,0.17,5.0,0.9262472885032538,0.35821392514859207,2392,36,5.0,1e-09,1.032606136577928,A2,B0,C2,I,0.4893766436859014,1.1313708474984758,2.88265213628864
A2-B0-C2-r3,349,16,0.22,4.0,0.9025787965616046,0.35821392514859207,2094,36,4.0,1e-09,1.032606136577928,A2,B0,C2,I,0.4893766436859014,1.1313708474984758,2.88265213628864
A2-B0-C2-r4,2000,1,0.04,10.0,0.9935,0.5621894700213215,4651,54,9.333333333333334,0.4714045217910317,1.4264173866883991,A2,B0,C2,I,0.49104344897799523,1.2727922034357855,2.537253831229356
A2-B0-C2-r4,1126,2,0.12,8.0,0.9893428063943162,0.5621894700213215,3771,54,6.333333333333333,0.4714045217910317,1.4264173866883991,A2,B0,C2,I,0.49104344897799523,1.2727922034357855,2.537253831229356
A2-B0-C2-r4,671,4,0.18,6.0,0.9821162444113264,0.5621894700213215,3279,54,5.333333333333333,0.4714045217910317,1.4264173866883991,A2,B0,C2,I,0.49104344897799523,1.2727922034357855,2.537253831229356
A2-B0-C2-r4,424,8,0.22,5.0,0.9716981132075472,0.5621894700213215,2928,54,5.0,1e-09,1.4264173866883991,A2,B0,C2,I,0.49104344897799523,1.2727922034357855,2.537253831229356
A2-B0-C2-r4,320,16,0.26,4.0,0.9625,0.5621894700213215,2574,54,4.0,1e-09,1.4264173866883991,A2,B0,C2,I,0.49104344897799523,1.2727922034357855,2.537253831229356
A2-B1-C0-r0,2000,1,0.04,9.0,0.995,1.1474193961838395,5300,81,9.0,0.816496581927726,1.284423667112743,A2,B1,C0,II,0.4464196873021748,0.14142135593730937,1.1194020873139856
A2-B1-C0-r0,1138,2,0.18,6.0,0.9912126537785588,1.1474193961838395,4423,81,6.0,1e-09,1.284423667112743,A2,B1,C0,II,0.4464196873021748,0.14142135593730937,1.1194020873139856
A2-B1-C0-r0,695,4,0.29,5.0,0.9856115107913669,1.1474193961838395,3931,81,5.0,1e-09,1.284423667112743,A2,B1,C0,II,0.4464196873021748,0.14142135593730937,1.1194020873139856
A2-B1-C0-r0,458,8,0.38,4.0,0.9781659388646288,1.1474193961838395,3566,81,4.333333333333333,0.4714045217910317,1.284423667112743,A2,B1,C0,II,0.4464196873021748,0.14142135593730937,1.1194020873139856
A2-B1-C0-r0,312,16,0.46,4.0,0.967948717948718,1.1474193961838395,2982,81,4.0,1e-09,1.284423667112743,A2,B1,C0,II,0.4464196873021748,0.14142135593730937,1.1194020873139856
A2-B1-C0-r1,2000,1,0.04,7.0,0.999,1.4341269017015883,7390,210,7.0,1e-09,1.34582430650125,A2,B1,C0,I,0.2797723211705921,0.28284271187461874,0.9384276279208155
A2-B1-C0-r1,1093,2,0.14,5.0,0.9981701738334858,1.4341269017015883,6459,210,5.333333333333333,0.4714045217910317,1.34582430650125,A2,B1,C0,I,0.2797723211705921,0.28284271187461874,0.9384276279208155
A2-B1-C0-r1,621,4,0.21,4.0,0.9967793880837359,1.4341269017015883,5889,210,4.333333333333333,0.4714045217910317,1.34582430650125,A2,B1,C0,I,0.2797723211705921,0.28284271187461874,0.9384276279208155
A2-B1-C0-r1,393,8,0.27,4.0,0.9949109414758269,1.4341269017015883,5318,210,4.0,1e-09,1.34582430650125,A2,B1,C0,I,0.2797723211705921,0.28284271187461874,0.9384276279208155
A2-B1-C0-r1,272,16,0.33,4.0,0.9926470588235294,1.4341269017015883,4246,210,3.0,1e-09,1.34582430650125,A2,B1,C0,I,0.2797723211705921,0.28284271187461874,0.9384276279208155
A2-B1-C0-r2,2000,1,0.02,9.0,0.9875,1.6378078872494362,4530,30,10.0,0.816496581927726,1.3433488016965296,A2,B1,C0,II,0.44662234648553645,0.669213041790246,0.8202114620125401
A2-B1-C0-r2,1158,2,0.08,7.0,0.9784110535405872,1.6378078872494362,3678,30,7.333333333333333,0.4714045217910317,1.3433488016965296,A2,B1,C0,II,0.44662234648553645,0.669213041790246,0.8202114620125401
A2-B1-C0-r2,715,4,0.13,5.0,0.965034965034965,1.6378078872494362,3217,30,5.333333333333333,0.4714045217910317,1.3433488016965296,A2,B1,C0,II,0.44662234648553645,0.669213041790246,0.8202114620125401
A2-B1-C0-r2,478,8,0.18,5.0,0.9476987447698745,1.6378078872494362,2885,30,4.666666666666667,0.4714045217910317,1.3433488016965296,A2,B1,C0,II,0.44662234648553645,0.669213041790246,0.8202114620125401
A2-B1-C0-r2,342,16,0.22,4.0,0.9269005847953217,1.6378078872494362,2466,30,4.0,1e-09,1.3433488016965296,A2,B1,C0,II,0.44662234648553645,0.669213041790246,0.8202114620125401
A2-B1-C0-r3,2000,1,0.03,7.0,0.9985,2.3915210889936387,7890,237,6.333333333333333,0.4714045217910317,1.6147748284233756,A2,B1,C0,I,0.31165490045241523,0.8106343977275559,0.6752082747064041
A2-B1-C0-r3,1092,2,0.1,6.0,0.9972527472527473,2.3915210889936387,6956,237,5.0,0.816496581927726,1.6147748284233756,A2,B1,C0,I,0.31165490045241523,0.8106343977275559,0.6752082747064041
A2-B1-C0-r3,629,4,0.17,4.0,0.9952305246422893,2.3915210889936387,6379,237,4.0,1e-09,1.6147748284233756,A2,B1,C0,I,0.31165490045241523,0.8106343977275559,0.6752082747064041
A2-B1-C0-r3,374,8,0.23,4.0,0.9919786096256684,2.3915210889936387,5743,237,4.0,1e-09,1.6147748284233756,A2,B1,C0,I,0.31165490045241523,0.8106343977275559,0.6752082747064041
A2-B1-C0-r3,275,16,0.28,4.0,0.9890909090909091,2.3915210889936387,4528,237,3.3333333333333335,0.4714045217910317,1.6147748284233756,A2,B1,C0,I,0.31165490045241523,0.8106343977275559,0.6752082747064041
A2-B1-C0-r4,2000,1,0.02,8.0,0.9975,1.3678788875021035,5850,75,8.0,1e-09,1.3963570969686965,A2,B1,C0,II,0.3798566055791932,0.2828427118746191,1.020819247761472
A2-B1-C0-r4,1113,2,0.09,6.0,0.995507637017071,1.3678788875021035,4948,75,5.333333333333333,0.4714045217910317,1.3963570969686965,A2,B1,C0,II,0.3798566055791932,0.2828427118746191,1.020819247761472
A2-B1-C0-r4,671,4,0.15,5.0,0.992548435171386,1.3678788875021035,4456,75,5.0,1e-09,1.3963570969686965,A2,B1,C0,II,0.3798566055791932,0.2828427118746191,1.020819247761472
A2-B1-C0-r4,432,8,0.21,4.0,0.9884259259259259,1.3678788875021035,4003,75,4.0,1e-09,1.3963570969686965,A2,B1,C0,II,0.3798566055791932,0.2828427118746191,1.020819247761472
A2-B1-C0-r4,294,16,0.27,4.0,0.9829931972789115,1.3678788875021035,3360,75,4.0,1e-09,1.3963570969686965,A2,B1,C0,II,0.3798566055791932,0.2828427118746191,1.020819247761472
A2-B1-C1-r0,2000,1,0.03,9.0,0.9885,2.341227442346055,4514,12,11.0,0.816496581927726,1.4311110776888292,A2,B1,C1,II,0.4495869142080478,0.7727406598312544,0.6112652926427204
A2-B1-C1-r0,1157,2,0.11,7.0,0.9818496110630942,2.341227442346055,3663,12,7.333333333333333,0.4714045217910317,1.4311110776888292,A2,B1,C1,II,0.4495869142080478,0.7727406598312544,0.6112652926427204
A2-B1-C1-r0,719,4,0.17,5.0,0.9707927677329624,2.341227442346055,3192,12,6.0,1e-09,1.4311110776888292,A2,B1,C1,II,0.4495869142080478,0.7727406598312544,0.6112652926427204
A2-B1-C1-r0,467,8,0.24,5.0,0.9550321199143469,2.341227442346055,2860,12,4.666666666666667,0.4714045217910317,1.4311110776888292,A2,B1,C1,II,0.4495869142080478,0.7727406598312544,0.6112652926427204
A2-B1-C1-r0,355,16,0.3,4.0,0.9408450704225352,2.341227442346055,2450,12,4.0,1e-09,1.4311110776888292,A2,B1,C1,II,0.4495869142080478,0.7727406598312544,0.6112652926427204
A2-B1-C1-r1,2000,1,0.03,9.0,0.993,1.258862021089588,5063,27,9.333333333333334,0.4714045217910317,0.9106096437791782,A2,B1,C1,I,0.45569730829137683,0.14142135593730976,0.7233593741997352
A2-B1-C1-r1,1139,2,0.1,6.0,0.9877085162423178,1.258862021089588,4199,27,6.0,1e-09,0.9106096437791782,A2,B1,C1,I,0.45569730829137683,0.14142135593730976,0.7233593741997352
A2-B1-C1-r1,694,4,0.16,5.0,0.9798270893371758,1.258862021089588,3709,27,5.0,1e-09,0.9106096437791782,A2,B1,C1,I,0.45569730829137683,0.14142135593730976,0.7233593741997352
A2-B1-C1-r1,473,8,0.21,4.0,0.9704016913319239,1.258862021089588,3351,27,5.0,1e-09,0.9106096437791782,A2,B1,C1,I,0.45569730829137683,0.14142135593730976,0.7233593741997352
A2-B1-C1-r1,322,16,0.25,4.0,0.9565217391304348,1.258862021089588,2832,27,4.0,1e-09,0.9106096437791782,A2,B1,C1,I,0.45569730829137683,0.14142135593730976,0.7233593741997352
A2-B1-C1-r2,2000,1,0.02,9.0,0.9905,1.08594411625875,4677,24,9.666666666666666,0.4714045217910317,1.322751766582632,A2,B1,C1,II,0.43957828415147465,0.42426406781192816,1.218066147952182
A2-B1-C1-r2,1146,2,0.07,7.0,0.9834205933682374,1.08594411625875,3813,24,7.0,1e-09,1.322751766582632,A2,B1,C1,II,0.43957828415147465,0.42426406781192816,1.218066147952182
A2-B1-C1-r2,696,4,0.12,6.0,0.9727011494252874,1.08594411625875,3344,24,5.0,1e-09,1.322751766582632,A2,B1,C1,II,0.43957828415147465,0.42426406781192816,1.218066147952182
A2-B1-C1-r2,469,8,0.16,5.0,0.9594882729211087,1.08594411625875,3009,24,4.666666666666667,0.4714045217910317,1.322751766582632,A2,B1,C1,II,0.43957828415147465,0.42426406781192816,1.218066147952182
A2-B1-C1-r2,347,16,0.19,4.0,0.9452449567723343,1.08594411625875,2604,24,4.0,1e-09,1.322751766582632,A2,B1,C1,II,0.43957828415147465,0.42426406781192816,1.218066147952182
A2-B1-C1-r3,2000,1,0.02,11.0,0.9795,0.7522979473738142,3951,9,11.0,0.816496581927726,1.6347387399848028,A2,B1,C1,I,0.5953928856606747,1.131370847498476,2.1729937529292593
A2-B1-C1-r3,1176,2,0.12,7.0,0.967687074829932,0.7522979473738142,3126,9,8.333333333333334,0.4714045217910317,1.6347387399848028,A2,B1,C1,I,0.5953928856606747,1.131370847498476,2.1729937529292593
A2-B1-C1-r3,744,4,0.2,5.0,0.9489247311827957,0.7522979473738142,2675,9,6.333333333333333,0.4714045217910317,1.6347387399848028,A2,B1,C1,I,0.5953928856606747,1.131370847498476,2.1729937529292593
A2-B1-C1-r3,525,8,0.29,5.0,0.9276190476190476,0.7522979473738142,2391,9,5.0,1e-09,1.6347387399848028,A2,B1,C1,I,0.5953928856606747,1.131370847498476,2.1729937529292593
A2-B1-C1-r3,396,16,0.33,4.0,0.9040404040404041,0.7522979473738142,2074,9,4.0,1e-09,1.6347387399848028,A2,B1,C1,I,0.5953928856606747,1.131370847498476,2.1729937529292593
A2-B1-C1-r4,2000,1,0.03,8.0,0.993,0.42612727414655294,5042,39,9.0,0.816496581927726,1.5174096235116894,A2,B1,C1,II,0.42958152188513943,0.9520557536648655,3.560930537832283
A2-B1-C1-r4,1141,2,0.12,7.0,0.9877300613496932,0.42612727414655294,4170,39,6.333333333333333,0.4714045217910317,1.5174096235116894,A2,B1,C1,II,0.42958152188513943,0.9520557536648655,3.560930537832283
A2-B1-C1-r4,680,4,0.19,6.0,0.9794117647058823,0.42612727414655294,3680,39,5.333333333333333,0.4714045217910317,1.5174096235116894,A2,B1,C1,II,0.42958152188513943,0.9520557536648655,3.560930537832283
A2-B1-C1-r4,451,8,0.24,4.0,0.9689578713968958,0.42612727414655294,3328,39,4.333333333333333,0.4714045217910317,1.5174096235116894,A2,B1,C1,II,0.42958152188513943,0.9520557536648655,3.560930537832283
A2-B1-C1-r4,339,16,0.3,4.0,0.9587020648967551,0.42612727414655294,2871,39,4.0,1e-09,1.5174096235116894,A2,B1,C1,II,0.42958152188513943,0.9520557536648655,3.560930537832283
A2-B1-C2-r0,2000,1,0.03,10.0,0.9905,1.4543517513082487,4818,15,8.666666666666666,0.4714045217910317,0.7813941678748726,A2,B1,C2,I,0.5037740702804717,0.9899494915611667,0.5372800405211302
A2-B1-C2-r0,1147,2,0.1,7.0,0.983435047951177,1.4543517513082487,3961,15,6.666666666666667,0.4714045217910317,0.7813941678748726,A2,B1,C2,I,0.5037740702804717,0.9899494915611667,0.5372800405211302
A2-B1-C2-r0,695,4,0.18,5.0,0.9726618705035971,1.4543517513082487,3481,15,5.0,1e-09,0.7813941678748726,A2,B1,C2,I,0.5037740702804717,0.9899494915611667,0.5372800405211302
A2-B1-C2-r0,457,8,0.25,5.0,0.9584245076586433,1.4543517513082487,3122,15,4.333333333333333,0.4714045217910317,0.7813941678748726,A2,B1,C2,I,0.5037740702804717,0.9899494915611667,0.5372800405211302
A2-B1-C2-r0,362,16,0.31,4.0,0.9475138121546961,1.4543517513082487,2688,15,4.0,1e-09,0.7813941678748726,A2,B1,C2,I,0.5037740702804717,0.9899494915611667,0.5372800405211302
A2-B1-C2-r1,2000,1,0.04,9.0,0.986,1.5957575509352369,4575,24,9.333333333333334,0.4714045217910317,1.408698982407884,A2,B1,C2,I,0.4592443826634408,0.14142135593730976,0.8827775758180042
A2-B1-C2-r1,1143,2,0.12,7.0,0.9763779527559056,1.5957575509352369,3712,24,7.0,1e-09,1.408698982407884,A2,B1,C2,I,0.4592443826634408,0.14142135593730976,0.8827775758180042
A2-B1-C2-r1,718,4,0.18,5.0,0.9623955431754875,1.5957575509352369,3265,24,5.0,1e-09,1.408698982407884,A2,B1,C2,I,0.4592443826634408,0.14142135593730976,0.8827775758180042
A2-B1-C2-r1,466,8,0.24,5.0,0.9420600858369099,1.5957575509352369,2919,24,5.0,1e-09,1.408698982407884,A2,B1,C2,I,0.4592443826634408,0.14142135593730976,0.8827775758180042
A2-B1-C2-r1,374,16,0.29,4.0,0.9278074866310161,1.5957575509352369,2551,24,4.0,1e-09,1.408698982407884,A2,B1,C2,I,0.4592443826634408,0.14142135593730976,0.8827775758180042
A2-B1-C2-r2,2000,1,0.03,11.0,0.9935,1.6114592589764944,4980,30,10.333333333333334,0.4714045217910317,1.2869463928104896,A2,B1,C2,I,0.5182879851208605,0.35355338991827345,0.798621737187376
A2-B1-C2-r2,1128,2,0.14,6.0,0.9884751773049646,1.6114592589764944,4105,30,6.333333333333333,0.9428090425820633,1.2869463928104896,A2,B1,C2,I,0.5182879851208605,0.35355338991827345,0.798621737187376
A2-B1-C2-r2,678,4,0.21,5.0,0.9808259587020649,1.6114592589764944,3618,30,5.0,1e-09,1.2869463928104896,A2,B1,C2,I,0.5182879851208605,0.35355338991827345,0.798621737187376
A2-B1-C2-r2,456,8,0.27,5.0,0.9714912280701754,1.6114592589764944,3264,30,5.0,1e-09,1.2869463928104896,A2,B1,C2,I,0.5182879851208605,0.35355338991827345,0.798621737187376
A2-B1-C2-r2,355,16,0.34,4.0,0.9633802816901409,1.6114592589764944,2825,30,4.0,1e-09,1.2869463928104896,A2,B1,C2,I,0.5182879851208605,0.35355338991827345,0.798621737187376
A2-B1-C2-r3,2000,1,0.03,8.0,0.993,2.42155162409949,5243,33,9.333333333333334,0.4714045217910317,1.4338548350015168,A2,B1,C2,I,0.34356675664420966,1.131370847498476,0.5921223486345161
A2-B1-C2-r3,1144,2,0.12,6.0,0.9895104895104895,2.42155162409949,4379,33,6.666666666666667,0.4714045217910317,1.4338548350015168,A2,B1,C2,I,0.34356675664420966,1.131370847498476,0.5921223486345161
A2-B1-C2-r3,699,4,0.23,5.0,0.9828326180257511,2.42155162409949,3892,33,4.666666666666667,0.4714045217910317,1.4338548350015168,A2,B1,C2,I,0.34356675664420966,1.131370847498476,0.5921223486345161
A2-B1-C2-r3,436,8,0.31,5.0,0.9724770642201835,2.42155162409949,3506,33,4.666666666666667,0.4714045217910317,1.4338548350015168,A2,B1,C2,I,0.34356675664420966,1.131370847498476,0.5921223486345161
A2-B1-C2-r3,333,16,0.38,4.0,0.963963963963964,2.42155162409949,3010,33,4.0,1e-09,1.4338548350015168,A2,B1,C2,I,0.34356675664420966,1.131370847498476,0.5921223486345161
A2-B1-C2-r4,2000,1,0.04,9.0,0.9965,1.3748214588693708,5465,36,9.333333333333334,0.4714045217910317,1.0454656745351052,A2,B1,C2,II,0.4016665950706751,0.848528135623857,0.7604374137387104
A2-B1-C2-r4,1128,2,0.13,5.0,0.9937943262411347,1.3748214588693708,4584,36,6.333333333333333,0.4714045217910317,1.0454656745351052,A2,B1,C2,II,0.4016665950706751,0.848528135623857,0.7604374137387104
A2-B1-C2-r4,689,4,0.19,5.0,0.9898403483309144,1.3748214588693708,4108,36,5.0,1e-09,1.0454656745351052,A2,B1,C2,II,0.4016665950706751,0.848528135623857,0.7604374137387104
A2-B1-C2-r4,441,8,0.26,4.0,0.9841269841269841,1.3748214588693708,3689,36,4.333333333333333,0.4714045217910317,1.0454656745351052,A2,B1,C2,II,0.4016665950706751,0.848528135623857,0.7604374137387104
A2-B1-C2-r4,301,16,0.32,4.0,0.9767441860465116,1.3748214588693708,3077,36,4.0,1e-09,1.0454656745351052,A2,B1,C2,II,0.4016665950706751,0.848528135623857,0.7604374137387104
A0-B0-C0-r0,2000,1,0.08,4.0,1.0,1.718231143134333,19895,1500,4.0,1e-09,1.5219307322600721,A0,B0,C0,I,0.29363245753020245,0.0,0.8857543633412576
A0-B0-C0-r0,1039,2,0.27,3.0,1.0,1.718231143134333,18645,1500,3.0,1e-09,1.5219307322600721,A0,B0,C0,I,0.29363245753020245,0.0,0.8857543633412576
A0-B0-C0-r0,547,4,0.44,3.0,1.0,1.718231143134333,17234,1500,3.0,1e-09,1.5219307322600721,A0,B0,C0,I,0.29363245753020245,0.0,0.8857543633412576
A0-B0-C0-r0,311,8,0.59,2.0,1.0,1.718231143134333,14068,1500,2.0,1e-09,1.5219307322600721,A0,B0,C0,I,0.29363245753020245,0.0,0.8857543633412576
A0-B0-C0-r0,174,16,0.73,2.0,1.0,1.718231143134333,7677,1500,2.0,1e-09,1.5219307322600721,A0,B0,C0,I,0.29363245753020245,0.0,0.8857543633412576
A0-B0-C0-r1,2000,1,0.08,4.0,1.0,2.047213434496784,17161,1500,4.0,1e-09,1.5027356312778897,A0,B0,C0,I,0.3045346763245109,0.14142135593730956,0.7340395514976044
A0-B0-C0-r1,1033,2,0.25,3.0,1.0,2.047213434496784,15952,1500,3.0,1e-09,1.5027356312778897,A0,B0,C0,I,0.3045346763245109,0.14142135593730956,0.7340395514976044
A0-B0-C0-r1,551,4,0.42,3.0,1.0,2.047213434496784,14709,1500,3.0,1e-09,1.5027356312778897,A0,B0,C0,I,0.3045346763245109,0.14142135593730956,0.7340395514976044
A0-B0-C0-r1,306,8,0.62,2.0,1.0,2.047213434496784,12237,1500,2.3333333333333335,0.4714045217910317,1.5027356312778897,A0,B0,C0,I,0.3045346763245109,0.14142135593730956,0.7340395514976044
A0-B0-C0-r1,192,16,0.72,2.0,1.0,2.047213434496784,7280,1500,2.0,1e-09,1.5027356312778897,A0,B0,C0,I,0.3045346763245109,0.14142135593730956,0.7340395514976044
A0-B0-C0-r2,2000,1,0.06,4.0,1.0,1.9037352853682499,15625,1500,4.0,1e-09,1.4937362560348102,A0,B0,C0,I,0.22844704563007995,0.28284271187461896,0.7846344329042936
A0-B0-C0-r2,1041,2,0.23,3.0,1.0,1.9037352853682499,14458,1500,3.0,1e-09,1.4937362560348102,A0,B0,C0,I,0.22844704563007995,0.28284271187461896,0.7846344329042936
A0-B0-C0-r2,553,4,0.42,3.0,1.0,1.9037352853682499,13327,1500,3.0,1e-09,1.4937362560348102,A0,B0,C0,I,0.22844704563007995,0.28284271187461896,0.7846344329042936
A0-B0-C0-r2,305,8,0.54,3.0,1.0,1.9037352853682499,11172,1500,2.3333333333333335,0.4714045217910317,1.4937362560348102,A0,B0,C0,I,0.22844704563007995,0.28284271187461896,0.7846344329042936
A0-B0-C0-r2,188,16,0.62,2.0,1.0,1.9037352853682499,6760,1500,2.0,1e-09,1.4937362560348102,A0,B0,C0,I,0.22844704563007995,0.28284271187461896,0.7846344329042936
A0-B0-C0-r3,2000,1,0.08,5.0,1.0,1.664567933393281,12480,1500,4.666666666666667,0.4714045217910317,1.4658298570153323,A0,B0,C0,II,0.36734838358274097,0.5656854237492379,0.8806068094963153
A0-B0-C0-r3,1054,2,0.24,4.0,1.0,1.664567933393281,11366,1500,3.6666666666666665,0.4714045217910317,1.4658298570153323,A0,B0,C0,II,0.36734838358274097,0.5656854237492379,0.8806068094963153
A0-B0-C0-r3,575,4,0.37,3.0,1.0,1.664567933393281,10439,1500,3.0,1e-09,1.4658298570153323,A0,B0,C0,II,0.36734838358274097,0.5656854237492379,0.8806068094963153
A0-B0-C0-r3,342,8,0.5,3.0,1.0,1.664567933393281,8735,1500,3.0,1e-09,1.4658298570153323,A0,B0,C0,II,0.36734838358274097,0.5656854237492379,0.8806068094963153
A0-B0-C0-r3,195,16,0.56,2.0,1.0,1.664567933393281,5597,1500,2.6666666666666665,0.4714045217910317,1.4658298570153323,A0,B0,C0,II,0.36734838358274097,0.5656854237492379,0.8806068094963153
A0-B0-C0-r4,2000,1,0.08,4.0,1.0,2.044604458547447,18238,1500,4.0,1e-09,1.4900655589847507,A0,B0,C0,I,0.2959343480943832,0.0,0.7287793747859383
A0-B0-C0-r4,1034,2,0.3,3.0,1.0,2.044604458547447,17004,1500,3.0,1e-09,1.4900655589847507,A0,B0,C0,I,0.2959343480943832,0.0,0.7287793747859383
A0-B0-C0-r4,545,4,0.5,3.0,1.0,2.044604458547447,15697,1500,3.0,1e-09,1.4900655589847507,A0,B0,C0,I,0.2959343480943832,0.0,0.7287793747859383
A0-B0-C0-r4,297,8,0.7,2.0,1.0,2.044604458547447,12935,1500,2.0,1e-09,1.4900655589847507,A0,B0,C0,I,0.2959343480943832,0.0,0.7287793747859383
A0-B0-C0-r4,179,16,0.83,2.0,1.0,2.044604458547447,7404,1500,2.0,1e-09,1.4900655589847507,A0,B0,C0,I,0.2959343480943832,0.0,0.7287793747859383
A0-B0-C1-r0,2000,1,0.07,5.0,1.0,1.5994972545383934,13278,1500,4.333333333333333,0.4714045217910317,1.5141762481997039,A0,B0,C1,II,0.3562898698634608,0.2828427118746191,0.9466576100105201
A0-B0-C1-r0,1053,2,0.2,4.0,1.0,1.5994972545383934,12167,1500,4.0,1e-09,1.5141762481997039,A0,B0,C1,II,0.3562898698634608,0.2828427118746191,0.9466576100105201
A0-B0-C1-r0,562,4,0.34,3.0,1.0,1.5994972545383934,11149,1500,3.0,1e-09,1.5141762481997039,A0,B0,C1,II,0.3562898698634608,0.2828427118746191,0.9466576100105201
A0-B0-C1-r0,327,8,0.5,3.0,1.0,1.5994972545383934,9475,1500,3.0,1e-09,1.5141762481997039,A0,B0,C1,II,0.3562898698634608,0.2828427118746191,0.9466576100105201
A0-B0-C1-r0,182,16,0.62,2.0,1.0,1.5994972545383934,5991,1500,2.0,1e-09,1.5141762481997039,A0,B0,C1,II,0.3562898698634608,0.2828427118746191,0.9466576100105201
A0-B0-C1-r1,2000,1,0.05,5.0,1.0,1.2857056267354476,10272,1122,5.333333333333333,0.4714045217910317,1.4747389756637166,A0,B0,C1,I,0.23872873985323464,0.8485281356238568,1.1470269282465895
A0-B0-C1-r1,1065,2,0.24,4.0,1.0,1.2857056267354476,9217,1122,4.333333333333333,0.4714045217910317,1.4747389756637166,A0,B0,C1,I,0.23872873985323464,0.8485281356238568,1.1470269282465895
A0-B0-C1-r1,588,4,0.36,3.0,1.0,1.2857056267354476,8346,1122,3.6666666666666665,0.4714045217910317,1.4747389756637166,A0,B0,C1,I,0.23872873985323464,0.8485281356238568,1.1470269282465895
A0-B0-C1-r1,348,8,0.5,3.0,1.0,1.2857056267354476,7100,1122,3.3333333333333335,0.4714045217910317,1.4747389756637166,A0,B0,C1,I,0.23872873985323464,0.8485281356238568,1.1470269282465895
A0-B0-C1-r1,212,16,0.57,3.0,1.0,1.2857056267354476,4784,1122,2.6666666666666665,0.4714045217910317,1.4747389756637166,A0,B0,C1,I,0.23872873985323464,0.8485281356238568,1.1470269282465895
A0-B0-C1-r2,2000,1,0.08,4.0,1.0,1.4837009559452092,18780,1500,4.0,1e-09,1.3680058018300791,A0,B0,C1,I,0.2966749835866238,0.0,0.9220225924560215
A0-B0-C1-r2,1038,2,0.28,3.0,1.0,1.4837009559452092,17585,1500,3.0,1e-09,1.3680058018300791,A0,B0,C1,I,0.2966749835866238,0.0,0.9220225924560215
A0-B0-C1-r2,546,4,0.49,3.0,1.0,1.4837009559452092,16229,1500,3.0,1e-09,1.3680058018300791,A0,B0,C1,I,0.2966749835866238,0.0,0.9220225924560215
A0-B0-C1-r2,311,8,0.67,2.0,1.0,1.4837009559452092,13301,1500,2.0,1e-09,1.3680058018300791,A0,B0,C1,I,0.2966749835866238,0.0,0.9220225924560215
A0-B0-C1-r2,179,16,0.8,2.0,1.0,1.4837009559452092,7521,1500,2.0,1e-09,1.3680058018300791,A0,B0,C1,I,0.2966749835866238,0.0,0.9220225924560215
A0-B0-C1-r3,2000,1,0.05,4.0,1.0,1.702487942727151,14726,1500,4.0,1e-09,1.4522695734507394,A0,B0,C1,I,0.22797059391771526,0.0,0.8530278171159342
A0-B0-C1-r3,1048,2,0.23,3.0,1.0,1.702487942727151,13586,1500,3.0,1e-09,1.4522695734507394,A0,B0,C1,I,0.22797059391771526,0.0,0.8530278171159342
A0-B0-C1-r3,562,4,0.43,3.0,1.0,1.702487942727151,12503,1500,3.0,1e-09,1.4522695734507394,A0,B0,C1,I,0.22797059391771526,0.0,0.8530278171159342
A0-B0-C1-r3,313,8,0.61,3.0,1.0,1.702487942727151,10505,1500,3.0,1e-09,1.4522695734507394,A0,B0,C1,I,0.22797059391771526,0.0,0.8530278171159342
A0-B0-C1-r3,177,16,0.75,2.0,1.0,1.702487942727151,6504,1500,2.0,1e-09,1.4522695734507394,A0,B0,C1,I,0.22797059391771526,0.0,0.8530278171159342
A0-B0-C1-r4,2000,1,0.06,6.0,1.0,1.1605941826827366,9219,936,5.0,1e-09,1.5065098444833118,A0,B0,C1,I,0.2953635590330815,0.28284271187461896,1.2980504873813723
A0-B0-C1-r4,1072,2,0.17,5.0,1.0,1.1605941826827366,8163,936,4.0,1e-09,1.5065098444833118,A0,B0,C1,I,0.2953635590330815,0.28284271187461896,1.2980504873813723
A0-B0-C1-r4,597,4,0.28,4.0,1.0,1.1605941826827366,7345,936,3.3333333333333335,0.4714045217910317,1.5065098444833118,A0,B0,C1,I,0.2953635590330815,0.28284271187461896,1.2980504873813723
A0-B0-C1-r4,362,8,0.37,4.0,1.0,1.1605941826827366,6254,936,3.0,1e-09,1.5065098444833118,A0,B0,C1,I,0.2953635590330815,0.28284271187461896,1.2980504873813723
A0-B0-C1-r4,227,16,0.46,3.0,1.0,1.1605941826827366,4238,936,3.0,1e-09,1.5065098444833118,A0,B0,C1,I,0.2953635590330815,0.28284271187461896,1.2980504873813723
A0-B0-C2-r0,2000,1,0.06,5.0,1.0,1.821552110497042,13194,1500,4.666666666666667,0.4714045217910317,1.4633241348801718,A0,B0,C2,I,0.2275359636807662,0.28284271187461896,0.8033391559030821
A0-B0-C2-r0,1048,2,0.21,4.0,1.0,1.821552110497042,12078,1500,4.0,1e-09,1.4633241348801718,A0,B0,C2,I,0.2275359636807662,0.28284271187461896,0.8033391559030821
A0-B0-C2-r0,569,4,0.33,3.0,1.0,1.821552110497042,11044,1500,3.3333333333333335,0.4714045217910317,1.4633241348801718,A0,B0,C2,I,0.2275359636807662,0.28284271187461896,0.8033391559030821
A0-B0-C2-r0,319,8,0.46,3.0,1.0,1.821552110497042,9336,1500,3.0,1e-09,1.4633241348801718,A0,B0,C2,I,0.2275359636807662,0.28284271187461896,0.8033391559030821
A0-B0-C2-r0,193,16,0.55,3.0,1.0,1.821552110497042,6017,1500,2.0,1e-09,1.4633241348801718,A0,B0,C2,I,0.2275359636807662,0.28284271187461896,0.8033391559030821
A0-B0-C2-r1,2000,1,0.08,4.0,1.0,2.1140065474858694,19042,1500,4.0,1e-09,1.4696326434237506,A0,B0,C2,I,0.2231211556397915,0.0,0.6951883120568121
A0-B0-C2-r1,1034,2,0.33,3.0,1.0,2.1140065474858694,17802,1500,3.0,1e-09,1.4696326434237506,A0,B0,C2,I,0.2231211556397915,0.0,0.6951883120568121
A0-B0-C2-r1,547,4,0.54,3.0,1.0,2.1140065474858694,16427,1500,3.0,1e-09,1.4696326434237506,A0,B0,C2,I,0.2231211556397915,0.0,0.6951883120568121
A0-B0-C2-r1,298,8,0.7,3.0,1.0,2.1140065474858694,13279,1500,2.0,1e-09,1.4696326434237506,A0,B0,C2,I,0.2231211556397915,0.0,0.6951883120568121
A0-B0-C2-r1,171,16,0.84,2.0,1.0,2.1140065474858694,7443,1500,2.0,1e-09,1.4696326434237506,A0,B0,C2,I,0.2231211556397915,0.0,0.6951883120568121
A0-B0-C2-r2,2000,1,0.06,4.0,1.0,2.0357323926812896,16809,1501,4.0,1e-09,1.5154839295995983,A0,B0,C2,I,0.30173538493592833,0.0,0.744441624571064
A0-B0-C2-r2,1047,2,0.22,3.0,1.0,2.0357323926812896,15661,1501,3.0,1e-09,1.5154839295995983,A0,B0,C2,I,0.30173538493592833,0.0,0.744441624571064
A0-B0-C2-r2,558,4,0.36,3.0,1.0,2.0357323926812896,14377,1501,3.0,1e-09,1.5154839295995983,A0,B0,C2,I,0.30173538493592833,0.0,0.744441624571064
A0-B0-C2-r2,305,8,0.48,2.0,1.0,2.0357323926812896,11966,1501,2.0,1e-09,1.5154839295995983,A0,B0,C2,I,0.30173538493592833,0.0,0.744441624571064
A0-B0-C2-r2,188,16,0.57,2.0,1.0,2.0357323926812896,7068,1501,2.0,1e-09,1.5154839295995983,A0,B0,C2,I,0.30173538493592833,0.0,0.744441624571064
A0-B0-C2-r3,2000,1,0.05,7.0,1.0,1.2385645430855419,9320,915,5.333333333333333,0.4714045217910317,1.5169271781859928,A0,B0,C2,II,0.35027323153350826,1.8384776271850236,1.2247461681786782
A0-B0-C2-r3,1072,2,0.17,5.0,1.0,1.2385645430855419,8277,915,4.333333333333333,0.4714045217910317,1.5169271781859928,A0,B0,C2,II,0.35027323153350826,1.8384776271850236,1.2247461681786782
A0-B0-C2-r3,597,4,0.28,4.0,1.0,1.2385645430855419,7480,915,3.3333333333333335,0.4714045217910317,1.5169271781859928,A0,B0,C2,II,0.35027323153350826,1.8384776271850236,1.2247461681786782
A0-B0-C2-r3,350,8,0.38,4.0,1.0,1.2385645430855419,6322,915,3.3333333333333335,0.4714045217910317,1.5169271781859928,A0,B0,C2,II,0.35027323153350826,1.8384776271850236,1.2247461681786782
A0-B0-C2-r3,225,16,0.45,3.0,1.0,1.2385645430855419,4287,915,3.6666666666666665,0.4714045217910317,1.5169271781859928,A0,B0,C2,II,0.35027323153350826,1.8384776271850236,1.2247461681786782
A0-B0-C2-r4,2000,1,0.09,4.0,1.0,1.898882056893299,14704,1501,4.0,1e-09,1.441423550901041,A0,B0,C2,I,0.27946573601439106,0.4242640678119285,0.7590906163278558
A0-B0-C2-r4,1048,2,0.25,4.0,1.0,1.898882056893299,13544,1501,3.3333333333333335,0.4714045217910317,1.441423550901041,A0,B0,C2,I,0.27946573601439106,0.4242640678119285,0.7590906163278558
A0-B0-C2-r4,567,4,0.41,3.0,1.0,1.898882056893299,12433,1501,3.0,1e-09,1.441423550901041,A0,B0,C2,I,0.27946573601439106,0.4242640678119285,0.7590906163278558
A0-B0-C2-r4,314,8,0.53,3.0,1.0,1.898882056893299,10433,1501,2.6666666666666665,0.4714045217910317,1.441423550901041,A0,B0,C2,I,0.27946573601439106,0.4242640678119285,0.7590906163278558
A0-B0-C2-r4,193,16,0.64,2.0,1.0,1.898882056893299,6542,1501,2.0,1e-09,1.441423550901041,A0,B0,C2,I,0.27946573601439106,0.4242640678119285,0.7590906163278558
A1-B0-C0-r0,2000,1,0.05,9.0,0.996,1.204681434135261,5110,63,8.666666666666666,0.4714045217910317,1.592697775407883,A1,B0,C0,II,0.44236565212323825,0.5656854237492382,1.3220904135134666
A1-B0-C0-r0,1146,2,0.13,6.0,0.9930191972076788,1.204681434135261,4244,63,6.333333333333333,0.4714045217910317,1.592697775407883,A1,B0,C0,II,0.44236565212323825,0.5656854237492382,1.3220904135134666
A1-B0-C0-r0,684,4,0.19,5.0,0.9883040935672515,1.204681434135261,3740,63,5.0,1e-09,1.592697775407883,A1,B0,C0,II,0.44236565212323825,0.5656854237492382,1.3220904135134666
A1-B0-C0-r0,438,8,0.24,4.0,0.9817351598173516,1.204681434135261,3374,63,4.666666666666667,0.4714045217910317,1.592697775407883,A1,B0,C0,II,0.44236565212323825,0.5656854237492382,1.3220904135134666
A1-B0-C0-r0,312,16,0.29,4.0,0.9743589743589743,1.204681434135261,2869,63,4.0,1e-09,1.592697775407883,A1,B0,C0,II,0.44236565212323825,0.5656854237492382,1.3220904135134666
A1-B0-C0-r1,2000,1,0.06,10.0,0.993,1.6324531213038493,5050,60,9.333333333333334,0.4714045217910317,1.5191398229113238,A1,B0,C0,I,0.4977899793135747,0.5277916858529366,0.9305871042091416
A1-B0-C0-r1,1135,2,0.14,7.0,0.9876651982378855,1.6324531213038493,4169,60,6.0,0.816496581927726,1.5191398229113238,A1,B0,C0,I,0.4977899793135747,0.5277916858529366,0.9305871042091416
A1-B0-C0-r1,669,4,0.2,5.0,0.9790732436472347,1.6324531213038493,3671,60,5.0,1e-09,1.5191398229113238,A1,B0,C0,I,0.4977899793135747,0.5277916858529366,0.9305871042091416
A1-B0-C0-r1,472,8,0.26,5.0,0.9703389830508474,1.6324531213038493,3362,60,5.0,1e-09,1.5191398229113238,A1,B0,C0,I,0.4977899793135747,0.5277916858529366,0.9305871042091416
A1-B0-C0-r1,338,16,0.33,4.0,0.9585798816568047,1.6324531213038493,2831,60,4.0,1e-09,1.5191398229113238,A1,B0,C0,I,0.4977899793135747,0.5277916858529366,0.9305871042091416
A1-B0-C0-r2,2000,1,0.04,7.0,0.9985,0.5701851002827844,6440,111,6.666666666666667,0.4714045217910317,1.4909600763886985,A1,B0,C0,II,0.4191492881246928,0.28284271187461874,2.614870286244334
A1-B0-C0-r2,1103,2,0.13,6.0,0.9972801450589301,0.5701851002827844,5528,111,5.666666666666667,0.4714045217910317,1.4909600763886985,A1,B0,C0,II,0.4191492881246928,0.28284271187461874,2.614870286244334
A1-B0-C0-r2,629,4,0.21,5.0,0.9952305246422893,0.5701851002827844,4981,111,5.0,1e-09,1.4909600763886985,A1,B0,C0,II,0.4191492881246928,0.28284271187461874,2.614870286244334
A1-B0-C0-r2,408,8,0.3,4.0,0.9926470588235294,0.5701851002827844,4520,111,4.0,1e-09,1.4909600763886985,A1,B0,C0,II,0.4191492881246928,0.28284271187461874,2.614870286244334
A1-B0-C0-r2,285,16,0.36,3.0,0.9894736842105263,0.5701851002827844,3724,111,4.0,1e-09,1.4909600763886985,A1,B0,C0,II,0.4191492881246928,0.28284271187461874,2.614870286244334
A1-B0-C0-r3,2000,1,0.03,9.0,0.989,1.5335535292018585,5040,69,9.0,0.816496581927726,1.5695291120814463,A1,B0,C0,II,0.41024260354815234,0.4242640678119285,1.0234589678120407
A1-B0-C0-r3,1145,2,0.11,6.0,0.9807860262008734,1.5335535292018585,4173,69,6.666666666666667,0.4714045217910317,1.5695291120814463,A1,B0,C0,II,0.41024260354815234,0.4242640678119285,1.0234589678120407
A1-B0-C0-r3,691,4,0.23,5.0,0.9681620839363242,1.5335535292018585,3688,69,5.0,1e-09,1.5695291120814463,A1,B0,C0,II,0.41024260354815234,0.4242640678119285,1.0234589678120407
A1-B0-C0-r3,457,8,0.31,5.0,0.9518599562363238,1.5335535292018585,3336,69,4.666666666666667,0.4714045217910317,1.5695291120814463,A1,B0,C0,II,0.41024260354815234,0.4242640678119285,1.0234589678120407
A1-B0-C0-r3,342,16,0.36,4.0,0.935672514619883,1.5335535292018585,2846,69,4.0,1e-09,1.5695291120814463,A1,B0,C0,II,0.41024260354815234,0.4242640678119285,1.0234589678120407
A1-B0-C0-r4,2000,1,0.03,7.0,1.0,0.8524424284984514,7540,228,6.666666666666667,0.4714045217910317,1.6462952128482085,A1,B0,C0,I,0.2714481254112983,0.4242640678119285,1.9312685030801457
A1-B0-C0-r4,1097,2,0.12,5.0,1.0,0.8524424284984514,6605,228,5.666666666666667,0.4714045217910317,1.6462952128482085,A1,B0,C0,I,0.2714481254112983,0.4242640678119285,1.9312685030801457
A1-B0-C0-r4,632,4,0.2,4.0,1.0,0.8524424284984514,6030,228,4.0,1e-09,1.6462952128482085,A1,B0,C0,I,0.2714481254112983,0.4242640678119285,1.9312685030801457
A1-B0-C0-r4,386,8,0.26,4.0,1.0,0.8524424284984514,5445,228,4.0,1e-09,1.6462952128482085,A1,B0,C0,I,0.2714481254112983,0.4242640678119285,1.9312685030801457
A1-B0-C0-r4,260,16,0.37,4.0,1.0,0.8524424284984514,4238,228,4.0,1e-09,1.6462952128482085,A1,B0,C0,I,0.2714481254112983,0.4242640678119285,1.9312685030801457
A1-B0-C1-r0,2000,1,0.04,7.0,0.9995,0.33827646827970254,7192,87,6.666666666666667,0.4714045217910317,1.4399105193377169,A1,B0,C1,II,0.41166180826717624,0.7071067796865476,4.256608586049008
A1-B0-C1-r0,1103,2,0.12,6.0,0.99909338168631,0.33827646827970254,6284,87,5.333333333333333,0.4714045217910317,1.4399105193377169,A1,B0,C1,II,0.41166180826717624,0.7071067796865476,4.256608586049008
A1-B0-C1-r0,632,4,0.18,5.0,0.9984177215189873,0.33827646827970254,5704,87,4.333333333333333,0.4714045217910317,1.4399105193377169,A1,B0,C1,II,0.41166180826717624,0.7071067796865476,4.256608586049008
A1-B0-C1-r0,384,8,0.24,4.0,0.9973958333333334,0.33827646827970254,5157,87,4.0,1e-09,1.4399105193377169,A1,B0,C1,II,0.41166180826717624,0.7071067796865476,4.256608586049008
A1-B0-C1-r0,283,16,0.33,3.0,0.9964664310954063,0.33827646827970254,4150,87,4.0,1e-09,1.4399105193377169,A1,B0,C1,II,0.41166180826717624,0.7071067796865476,4.256608586049008
A1-B0-C1-r1,2000,1,0.03,7.0,0.999,0.35653419085757354,6960,75,7.0,1e-09,1.5837998811471892,A1,B0,C1,I,0.30896803105101717,0.565685423749238,4.44221037353435
A1-B0-C1-r1,1089,2,0.13,6.0,0.9981634527089073,0.35653419085757354,6035,75,5.666666666666667,0.4714045217910317,1.5837998811471892,A1,B0,C1,I,0.30896803105101717,0.565685423749238,4.44221037353435
A1-B0-C1-r1,633,4,0.19,5.0,0.9968404423380727,0.35653419085757354,5517,75,4.333333333333333,0.4714045217910317,1.5837998811471892,A1,B0,C1,I,0.30896803105101717,0.565685423749238,4.44221037353435
A1-B0-C1-r1,405,8,0.25,4.0,0.9950617283950617,0.35653419085757354,5009,75,3.6666666666666665,0.4714045217910317,1.5837998811471892,A1,B0,C1,I,0.30896803105101717,0.565685423749238,4.44221037353435
A1-B0-C1-r1,275,16,0.3,4.0,0.9927272727272727,0.35653419085757354,4046,75,4.0,1e-09,1.5837998811471892,A1,B0,C1,I,0.30896803105101717,0.565685423749238,4.44221037353435
A1-B0-C1-r2,2000,1,0.02,9.0,0.9965,0.8756856672306683,5699,33,8.0,0.816496581927726,1.4312439545955757,A1,B0,C1,II,0.4369929436384161,0.6692130417902463,1.6344266078053387
A1-B0-C1-r2,1119,2,0.08,6.0,0.9937444146559428,0.8756856672306683,4812,33,6.666666666666667,0.4714045217910317,1.4312439545955757,A1,B0,C1,II,0.4369929436384161,0.6692130417902463,1.6344266078053387
A1-B0-C1-r2,659,4,0.14,5.0,0.9893778452200304,0.8756856672306683,4303,33,5.0,1e-09,1.4312439545955757,A1,B0,C1,II,0.4369929436384161,0.6692130417902463,1.6344266078053387
A1-B0-C1-r2,444,8,0.2,4.0,0.9842342342342343,0.8756856672306683,3934,33,4.333333333333333,0.4714045217910317,1.4312439545955757,A1,B0,C1,II,0.4369929436384161,0.6692130417902463,1.6344266078053387
A1-B0-C1-r2,299,16,0.28,4.0,0.9765886287625418,0.8756856672306683,3268,33,4.0,1e-09,1.4312439545955757,A1,B0,C1,II,0.4369929436384161,0.6692130417902463,1.6344266078053387
A1-B0-C1-r3,2000,1,0.02,8.0,0.998,0.7153887794642909,5888,36,7.666666666666667,0.4714045217910317,1.497915180855827,A1,B0,C1,II,0.3804441976330131,0.5656854237492379,2.093847742450644
A1-B0-C1-r3,1110,2,0.12,6.0,0.9963963963963964,0.7153887794642909,4991,36,6.0,1e-09,1.497915180855827,A1,B0,C1,II,0.3804441976330131,0.5656854237492379,2.093847742450644
A1-B0-C1-r3,675,4,0.2,5.0,0.9940740740740741,0.7153887794642909,4497,36,4.333333333333333,0.4714045217910317,1.497915180855827,A1,B0,C1,II,0.3804441976330131,0.5656854237492379,2.093847742450644
A1-B0-C1-r3,417,8,0.28,4.0,0.9904076738609112,0.7153887794642909,4049,36,4.333333333333333,0.4714045217910317,1.497915180855827,A1,B0,C1,II,0.3804441976330131,0.5656854237492379,2.093847742450644
A1-B0-C1-r3,298,16,0.36,4.0,0.9865771812080537,0.7153887794642909,3412,36,4.0,1e-09,1.497915180855827,A1,B0,C1,II,0.3804441976330131,0.5656854237492379,2.093847742450644
A1-B0-C1-r4,2000,1,0.02,8.0,0.999,0.7123108056241199,6628,66,6.666666666666667,0.4714045217910317,1.4574965933499626,A1,B0,C1,II,0.3752067709170894,0.7071067796865474,2.0461525809269707
A1-B0-C1-r4,1102,2,0.07,6.0,0.9981851179673321,0.7123108056241199,5719,66,6.0,1e-09,1.4574965933499626,A1,B0,C1,II,0.3752067709170894,0.7071067796865474,2.0461525809269707
A1-B0-C1-r4,631,4,0.12,5.0,0.9968304278922345,0.7123108056241199,5173,66,5.0,1e-09,1.4574965933499626,A1,B0,C1,II,0.3752067709170894,0.7071067796865474,2.0461525809269707
A1-B0-C1-r4,388,8,0.17,4.0,0.9948453608247423,0.7123108056241199,4663,66,4.0,1e-09,1.4574965933499626,A1,B0,C1,II,0.3752067709170894,0.7071067796865474,2.0461525809269707
A1-B0-C1-r4,297,16,0.21,4.0,0.9932659932659933,0.7123108056241199,3845,66,3.6666666666666665,0.4714045217910317,1.4574965933499626,A1,B0,C1,II,0.3752067709170894,0.7071067796865474,2.0461525809269707
A1-B0-C2-r0,2000,1,0.02,15.0,0.975,0.7467712958167741,3452,48,13.0,0.816496581927726,1.4652128522924797,A1,B0,C2,III,0.7689776172563869,1.441953701621501,1.9620637007611772
A1-B0-C2-r0,1165,2,0.08,10.0,0.9579399141630901,0.7467712958167741,2604,48,9.0,0.816496581927726,1.4652128522924797,A1,B0,C2,III,0.7689776172563869,1.441953701621501,1.9620637007611772
A1-B0-C2-r0,730,4,0.11,8.0,0.9328767123287671,0.7467712958167741,2160,48,6.333333333333333,0.4714045217910317,1.4652128522924797,A1,B0,C2,III,0.7689776172563869,1.441953701621501,1.9620637007611772
A1-B0-C2-r0,476,8,0.16,5.0,0.8970588235294118,0.7467712958167741,1872,48,5.0,1e-09,1.4652128522924797,A1,B0,C2,III,0.7689776172563869,1.441953701621501,1.9620637007611772
A1-B0-C2-r0,364,16,0.2,4.0,0.8653846153846154,0.7467712958167741,1647,48,4.0,1e-09,1.4652128522924797,A1,B0,C2,III,0.7689776172563869,1.441953701621501,1.9620637007611772
A1-B0-C2-r1,2000,1,0.02,10.0,0.986,0.7208361454088048,4256,63,10.666666666666666,0.9428090425820633,2.0030885154036975,A1,B0,C2,I,0.47332113362268785,0.35355339006827347,2.778840278975875
A1-B0-C2-r1,1141,2,0.08,7.0,0.9754601226993865,0.7208361454088048,3385,63,7.333333333333333,0.9428090425820633,2.0030885154036975,A1,B0,C2,I,0.47332113362268785,0.35355339006827347,2.778840278975875
A1-B0-C2-r1,682,4,0.12,6.0,0.9589442815249267,0.7208361454088048,2900,63,6.0,1e-09,2.0030885154036975,A1,B0,C2,I,0.47332113362268785,0.35355339006827347,2.778840278975875
A1-B0-C2-r1,464,8,0.19,5.0,0.9396551724137931,0.7208361454088048,2624,63,4.666666666666667,0.4714045217910317,2.0030885154036975,A1,B0,C2,I,0.47332113362268785,0.35355339006827347,2.778840278975875
A1-B0-C2-r1,317,16,0.24,4.0,0.9116719242902208,0.7208361454088048,2242,63,4.0,1e-09,2.0030885154036975,A1,B0,C2,I,0.47332113362268785,0.35355339006827347,2.778840278975875
A1-B0-C2-r2,2000,1,0.03,7.0,0.9925,0.259427262314308,5064,156,8.333333333333334,0.4714045217910317,1.612151523790751,A1,B0,C2,I,0.32182829834616117,0.8485281356238573,6.214271813258993
A1-B0-C2-r2,1126,2,0.1,6.0,0.9866785079928952,0.259427262314308,4163,156,6.666666666666667,0.4714045217910317,1.612151523790751,A1,B0,C2,I,0.32182829834616117,0.8485281356238573,6.214271813258993
A1-B0-C2-r2,661,4,0.16,5.0,0.9773071104387292,0.259427262314308,3661,156,5.0,1e-09,1.612151523790751,A1,B0,C2,I,0.32182829834616117,0.8485281356238573,6.214271813258993
A1-B0-C2-r2,417,8,0.21,4.0,0.9640287769784173,0.259427262314308,3292,156,5.0,1e-09,1.612151523790751,A1,B0,C2,I,0.32182829834616117,0.8485281356238573,6.214271813258993
A1-B0-C2-r2,302,16,0.25,4.0,0.9503311258278145,0.259427262314308,2830,156,4.0,1e-09,1.612151523790751,A1,B0,C2,I,0.32182829834616117,0.8485281356238573,6.214271813258993
A1-B0-C2-r3,2000,1,0.02,15.0,0.977,0.9218344549809011,3410,24,13.333333333333334,0.4714045217910317,1.8311348809808317,A1,B0,C2,I,0.6728478957887525,0.9554326323031119,1.986403167170368
A1-B0-C2-r3,1171,2,0.08,10.0,0.9624252775405636,0.9218344549809011,2578,24,9.333333333333334,1.2472191299246471,1.8311348809808317,A1,B0,C2,I,0.6728478957887525,0.9554326323031119,1.986403167170368
A1-B0-C2-r3,715,4,0.12,7.0,0.9384615384615385,0.9218344549809011,2112,24,7.0,1e-09,1.8311348809808317,A1,B0,C2,I,0.6728478957887525,0.9554326323031119,1.986403167170368
A1-B0-C2-r3,480,8,0.16,5.0,0.9083333333333333,0.9218344549809011,1833,24,5.333333333333333,0.4714045217910317,1.8311348809808317,A1,B0,C2,I,0.6728478957887525,0.9554326323031119,1.986403167170368
A1-B0-C2-r3,353,16,0.19,5.0,0.8753541076487252,0.9218344549809011,1628,24,4.0,1e-09,1.8311348809808317,A1,B0,C2,I,0.6728478957887525,0.9554326323031119,1.986403167170368
A1-B0-C2-r4,2000,1,0.02,10.0,0.9935,0.37403875621029353,4838,66,9.0,1e-09,1.4803704265027575,A1,B0,C2,II,0.43642434426987825,0.4242640678119285,3.957799564680559
A1-B0-C2-r4,1122,2,0.08,6.0,0.9884135472370766,0.37403875621029353,3947,66,7.0,1e-09,1.4803704265027575,A1,B0,C2,II,0.43642434426987825,0.4242640678119285,3.957799564680559
A1-B0-C2-r4,665,4,0.14,6.0,0.9804511278195489,0.37403875621029353,3457,66,5.333333333333333,0.4714045217910317,1.4803704265027575,A1,B0,C2,II,0.43642434426987825,0.4242640678119285,3.957799564680559
A1-B0-C2-r4,422,8,0.2,5.0,0.9691943127962085,0.37403875621029353,3093,66,4.666666666666667,0.4714045217910317,1.4803704265027575,A1,B0,C2,II,0.43642434426987825,0.4242640678119285,3.957799564680559
A1-B0-C2-r4,327,16,0.25,4.0,0.9602446483180428,0.37403875621029353,2665,66,4.0,1e-09,1.4803704265027575,A1,B0,C2,II,0.43642434426987825,0.4242640678119285,3.957799564680559
A1-B1-C0-r0,2000,1,0.03,7.0,0.9985,1.4060132628176172,6940,183,6.666666666666667,0.4714045217910317,1.629459877581986,A1,B1,C0,I,0.3077351552243139,0.7071067796865474,1.158922124473127
A1-B1-C0-r0,1100,2,0.11,6.0,0.9972727272727273,1.4060132628176172,6017,183,5.333333333333333,0.4714045217910317,1.629459877581986,A1,B1,C0,I,0.3077351552243139,0.7071067796865474,1.158922124473127
A1-B1-C0-r0,638,4,0.18,5.0,0.9952978056426333,1.4060132628176172,5469,183,4.666666666666667,0.4714045217910317,1.629459877581986,A1,B1,C0,I,0.3077351552243139,0.7071067796865474,1.158922124473127
A1-B1-C0-r0,396,8,0.24,4.0,0.9924242424242424,1.4060132628176172,4939,183,4.0,1e-09,1.629459877581986,A1,B1,C0,I,0.3077351552243139,0.7071067796865474,1.158922124473127
A1-B1-C0-r0,275,16,0.31,4.0,0.9890909090909091,1.4060132628176172,3977,183,3.6666666666666665,0.4714045217910317,1.629459877581986,A1,B1,C0,I,0.3077351552243139,0.7071067796865474,1.158922124473127
A1-B1-C0-r1,2000,1,0.03,9.0,0.9945,2.2820189178237777,5200,72,8.666666666666666,0.4714045217910317,1.4685614298197698,A1,B1,C0,II,0.4067279356568393,0.5656854237492382,0.6435360453629575
A1-B1-C0-r1,1138,2,0.1,6.0,0.9903339191564148,2.2820189178237777,4329,72,6.0,1e-09,1.4685614298197698,A1,B1,C0,II,0.4067279356568393,0.5656854237492382,0.6435360453629575
A1-B1-C0-r1,687,4,0.15,5.0,0.9839883551673945,2.2820189178237777,3832,72,4.666666666666667,0.4714045217910317,1.4685614298197698,A1,B1,C0,II,0.4067279356568393,0.5656854237492382,0.6435360453629575
A1-B1-C0-r1,458,8,0.21,5.0,0.9759825327510917,2.2820189178237777,3462,72,4.333333333333333,0.4714045217910317,1.4685614298197698,A1,B1,C0,II,0.4067279356568393,0.5656854237492382,0.6435360453629575
A1-B1-C0-r1,332,16,0.27,4.0,0.9668674698795181,2.2820189178237777,2926,72,4.0,1e-09,1.4685614298197698,A1,B1,C0,II,0.4067279356568393,0.5656854237492382,0.6435360453629575
A1-B1-C0-r2,2000,1,0.06,10.0,0.992,1.5300144427300044,4810,48,9.333333333333334,0.4714045217910317,1.611794835667789,A1,B1,C0,I,0.4707227395636992,0.848528135623857,1.0534507326557414
A1-B1-C0-r2,1141,2,0.19,6.0,0.985977212971078,1.5300144427300044,3943,48,6.666666666666667,0.4714045217910317,1.611794835667789,A1,B1,C0,I,0.4707227395636992,0.848528135623857,1.0534507326557414
A1-B1-C0-r2,712,4,0.26,5.0,0.9775280898876404,1.5300144427300044,3487,48,5.0,1e-09,1.611794835667789,A1,B1,C0,I,0.4707227395636992,0.848528135623857,1.0534507326557414
A1-B1-C0-r2,473,8,0.32,5.0,0.9661733615221987,1.5300144427300044,3128,48,4.333333333333333,0.4714045217910317,1.611794835667789,A1,B1,C0,I,0.4707227395636992,0.848528135623857,1.0534507326557414
A1-B1-C0-r2,349,16,0.37,4.0,0.9541547277936963,1.5300144427300044,2708,48,4.0,1e-09,1.611794835667789,A1,B1,C0,I,0.4707227395636992,0.848528135623857,1.0534507326557414
A1-B1-C0-r3,2000,1,0.03,11.0,0.983,1.5694090424240972,4280,48,11.0,0.816496581927726,1.361195515807862,A1,B1,C0,I,0.5565827738494437,0.3863703299156272,0.867329981548577
A1-B1-C0-r3,1159,2,0.19,7.0,0.9706643658326143,1.5694090424240972,3434,48,8.0,0.816496581927726,1.361195515807862,A1,B1,C0,I,0.5565827738494437,0.3863703299156272,0.867329981548577
A1-B1-C0-r3,732,4,0.3,6.0,0.953551912568306,1.5694090424240972,2982,48,6.0,1e-09,1.361195515807862,A1,B1,C0,I,0.5565827738494437,0.3863703299156272,0.867329981548577
A1-B1-C0-r3,492,8,0.35,5.0,0.9308943089430894,1.5694090424240972,2648,48,4.666666666666667,0.4714045217910317,1.361195515807862,A1,B1,C0,I,0.5565827738494437,0.3863703299156272,0.867329981548577
A1-B1-C0-r3,365,16,0.4,4.0,0.9068493150684932,1.5694090424240972,2278,48,4.0,1e-09,1.361195515807862,A1,B1,C0,I,0.5565827738494437,0.3863703299156272,0.867329981548577
A1-B1-C0-r4,2000,1,0.04,9.0,0.997,1.425857285183144,5670,81,8.0,0.816496581927726,1.2908375532336804,A1,B1,C0,I,0.5273372490905626,0.2449489739783178,0.90530627899964
A1-B1-C0-r4,1125,2,0.17,7.0,0.9946666666666667,1.425857285183144,4778,81,6.0,1e-09,1.2908375532336804,A1,B1,C0,I,0.5273372490905626,0.2449489739783178,0.90530627899964
A1-B1-C0-r4,670,4,0.24,5.0,0.991044776119403,1.425857285183144,4275,81,5.0,1e-09,1.2908375532336804,A1,B1,C0,I,0.5273372490905626,0.2449489739783178,0.90530627899964
A1-B1-C0-r4,426,8,0.31,5.0,0.9859154929577465,1.425857285183144,3859,81,4.0,1e-09,1.2908375532336804,A1,B1,C0,I,0.5273372490905626,0.2449489739783178,0.90530627899964
A1-B1-C0-r4,309,16,0.37,3.0,0.9805825242718447,1.425857285183144,3251,81,4.0,1e-09,1.2908375532336804,A1,B1,C0,I,0.5273372490905626,0.2449489739783178,0.90530627899964
A1-B1-C1-r0,2000,1,0.02,10.0,0.9925,1.5131860411159843,4709,21,9.666666666666666,0.4714045217910317,1.853381280802631,A1,B1,C1,I,0.47904738891798093,0.7071067796865476,1.2248204982354651
A1-B1-C1-r0,1147,2,0.1,7.0,0.986922406277245,1.5131860411159843,3851,21,6.666666666666667,0.4714045217910317,1.853381280802631,A1,B1,C1,I,0.47904738891798093,0.7071067796865476,1.2248204982354651
A1-B1-C1-r0,681,4,0.16,6.0,0.9779735682819384,1.5131860411159843,3352,21,5.333333333333333,0.4714045217910317,1.853381280802631,A1,B1,C1,I,0.47904738891798093,0.7071067796865476,1.2248204982354651
A1-B1-C1-r0,467,8,0.2,5.0,0.9678800856531049,1.5131860411159843,3059,21,4.666666666666667,0.4714045217910317,1.853381280802631,A1,B1,C1,I,0.47904738891798093,0.7071067796865476,1.2248204982354651
A1-B1-C1-r0,327,16,0.25,4.0,0.9541284403669725,1.5131860411159843,2614,21,4.0,1e-09,1.853381280802631,A1,B1,C1,I,0.47904738891798093,0.7071067796865476,1.2248204982354651
A1-B1-C1-r1,2000,1,0.03,7.0,0.995,1.8933802060187108,5746,48,8.333333333333334,0.4714045217910317,1.3791364173542753,A1,B1,C1,I,0.32002640425595547,0.5656854237492382,0.7283990890843011
A1-B1-C1-r1,1125,2,0.13,6.0,0.992,1.8933802060187108,4862,48,6.0,1e-09,1.3791364173542753,A1,B1,C1,I,0.32002640425595547,0.5656854237492382,0.7283990890843011
A1-B1-C1-r1,665,4,0.2,5.0,0.9864661654135338,1.8933802060187108,4352,48,5.0,1e-09,1.3791364173542753,A1,B1,C1,I,0.32002640425595547,0.5656854237492382,0.7283990890843011
A1-B1-C1-r1,436,8,0.27,4.0,0.9793577981651376,1.8933802060187108,3943,48,4.0,1e-09,1.3791364173542753,A1,B1,C1,I,0.32002640425595547,0.5656854237492382,0.7283990890843011
A1-B1-C1-r1,294,16,0.33,4.0,0.9693877551020408,1.8933802060187108,3245,48,4.0,1e-09,1.3791364173542753,A1,B1,C1,I,0.32002640425595547,0.5656854237492382,0.7283990890843011
A1-B1-C1-r2,2000,1,0.05,7.0,0.9995,0.8566799158706214,7573,111,6.333333333333333,0.4714045217910317,1.620147862816909,A1,B1,C1,I,0.2758817413263904,0.7071067796865478,1.8911939369681559
A1-B1-C1-r2,1097,2,0.17,5.0,0.9990884229717412,0.8566799158706214,6641,111,5.0,1e-09,1.620147862816909,A1,B1,C1,I,0.2758817413263904,0.7071067796865478,1.8911939369681559
A1-B1-C1-r2,626,4,0.26,4.0,0.9984025559105432,0.8566799158706214,6086,111,4.666666666666667,0.4714045217910317,1.620147862816909,A1,B1,C1,I,0.2758817413263904,0.7071067796865478,1.8911939369681559
A1-B1-C1-r2,392,8,0.33,4.0,0.9974489795918368,0.8566799158706214,5498,111,3.6666666666666665,0.4714045217910317,1.620147862816909,A1,B1,C1,I,0.2758817413263904,0.7071067796865478,1.8911939369681559
A1-B1-C1-r2,266,16,0.38,4.0,0.9962406015037594,0.8566799158706214,4379,111,3.0,1e-09,1.620147862816909,A1,B1,C1,I,0.2758817413263904,0.7071067796865478,1.8911939369681559
A1-B1-C1-r3,2000,1,0.03,9.0,0.9895,2.1635614409962995,4544,24,9.666666666666666,0.9428090425820633,1.8011405769959588,A1,B1,C1,I,0.46272540871220136,0.5656854238992379,0.8324887580574327
A1-B1-C1-r3,1157,2,0.08,7.0,0.982713915298185,2.1635614409962995,3699,24,7.0,1e-09,1.8011405769959588,A1,B1,C1,I,0.46272540871220136,0.5656854238992379,0.8324887580574327
A1-B1-C1-r3,718,4,0.12,5.0,0.9721448467966574,2.1635614409962995,3226,24,5.666666666666667,0.4714045217910317,1.8011405769959588,A1,B1,C1,I,0.46272540871220136,0.5656854238992379,0.8324887580574327
A1-B1-C1-r3,491,8,0.17,5.0,0.9592668024439919,2.1635614409962995,2908,24,4.666666666666667,0.4714045217910317,1.8011405769959588,A1,B1,C1,I,0.46272540871220136,0.5656854238992379,0.8324887580574327
A1-B1-C1-r3,365,16,0.2,4.0,0.9452054794520548,2.1635614409962995,2512,24,4.0,1e-09,1.8011405769959588,A1,B1,C1,I,0.46272540871220136,0.5656854238992379,0.8324887580574327
A1-B1-C1-r4,2000,1,0.02,7.0,0.9975,0.7299885427214118,6051,63,7.666666666666667,0.4714045217910317,1.1074940023267543,A1,B1,C1,I,0.2823006510045235,1.272792203435786,1.5171388830268413
A1-B1-C1-r4,1114,2,0.08,6.0,0.9955116696588869,0.7299885427214118,5149,63,5.333333333333333,0.4714045217910317,1.1074940023267543,A1,B1,C1,I,0.2823006510045235,1.272792203435786,1.5171388830268413
A1-B1-C1-r4,652,4,0.16,4.0,0.9923312883435583,0.7299885427214118,4639,63,5.0,1e-09,1.1074940023267543,A1,B1,C1,I,0.2823006510045235,1.272792203435786,1.5171388830268413
A1-B1-C1-r4,422,8,0.24,5.0,0.9881516587677726,0.7299885427214118,4197,63,3.6666666666666665,0.4714045217910317,1.1074940023267543,A1,B1,C1,I,0.2823006510045235,1.272792203435786,1.5171388830268413
A1-B1-C1-r4,308,16,0.3,4.0,0.9837662337662337,0.7299885427214118,3496,63,3.6666666666666665,0.4714045217910317,1.1074940023267543,A1,B1,C1,I,0.2823006510045235,1.272792203435786,1.5171388830268413
A1-B1-C2-r0,2000,1,0.03,8.0,0.998,2.736410977649602,5747,30,8.0,1e-09,1.828557330466049,A1,B1,C2,I,0.4577824731291876,0.2828427118746191,0.6682319817459073
A1-B1-C2-r0,1119,2,0.11,6.0,0.9964253798033958,2.736410977649602,4855,30,6.0,1e-09,1.828557330466049,A1,B1,C2,I,0.4577824731291876,0.2828427118746191,0.6682319817459073
A1-B1-C2-r0,679,4,0.17,4.0,0.9941089837997055,2.736410977649602,4372,30,4.666666666666667,0.4714045217910317,1.828557330466049,A1,B1,C2,I,0.4577824731291876,0.2828427118746191,0.6682319817459073
A1-B1-C2-r0,396,8,0.23,3.0,0.98989898989899,2.736410977649602,3913,30,4.0,1e-09,1.828557330466049,A1,B1,C2,I,0.4577824731291876,0.2828427118746191,0.6682319817459073
A1-B1-C2-r0,306,16,0.3,4.0,0.9869281045751634,2.736410977649602,3284,30,4.0,1e-09,1.828557330466049,A1,B1,C2,I,0.4577824731291876,0.2828427118746191,0.6682319817459073
A1-B1-C2-r1,2000,1,0.02,8.0,0.996,1.2471079823256006,5626,51,8.333333333333334,0.4714045217910317,1.3677312368979557,A1,B1,C2,II,0.3637173142436647,0.14142135593730976,1.0967223819283214
A1-B1-C2-r1,1133,2,0.1,5.0,0.9929390997352162,1.2471079823256006,4748,51,6.0,1e-09,1.3677312368979557,A1,B1,C2,II,0.3637173142436647,0.14142135593730976,1.0967223819283214
A1-B1-C2-r1,685,4,0.16,4.0,0.9883211678832117,1.2471079823256006,4253,51,5.0,1e-09,1.3677312368979557,A1,B1,C2,II,0.3637173142436647,0.14142135593730976,1.0967223819283214
A1-B1-C2-r1,440,8,0.25,4.0,0.9818181818181818,1.2471079823256006,3870,51,4.0,1e-09,1.3677312368979557,A1,B1,C2,II,0.3637173142436647,0.14142135593730976,1.0967223819283214
A1-B1-C2-r1,316,16,0.32,4.0,0.9746835443037974,1.2471079823256006,3248,51,4.0,1e-09,1.3677312368979557,A1,B1,C2,II,0.3637173142436647,0.14142135593730976,1.0967223819283214
A1-B1-C2-r2,2000,1,0.04,7.0,0.999,1.7781904246027298,6327,63,7.0,1e-09,1.2129360361796915,A1,B1,C2,I,0.3055890207886784,0.28284271187461896,0.6821181912790227
A1-B1-C2-r2,1112,2,0.11,6.0,0.9982014388489209,1.7781904246027298,5418,63,5.666666666666667,0.4714045217910317,1.2129360361796915,A1,B1,C2,I,0.3055890207886784,0.28284271187461896,0.6821181912790227
A1-B1-C2-r2,629,4,0.19,5.0,0.9968203497615262,1.7781904246027298,4862,63,5.0,1e-09,1.2129360361796915,A1,B1,C2,I,0.3055890207886784,0.28284271187461896,0.6821181912790227
A1-B1-C2-r2,396,8,0.29,4.0,0.9949494949494949,1.7781904246027298,4439,63,4.0,1e-09,1.2129360361796915,A1,B1,C2,I,0.3055890207886784,0.28284271187461896,0.6821181912790227
A1-B1-C2-r2,272,16,0.33,4.0,0.9926470588235294,1.7781904246027298,3614,63,3.6666666666666665,0.4714045217910317,1.2129360361796915,A1,B1,C2,I,0.3055890207886784,0.28284271187461896,0.6821181912790227
A1-B1-C2-r3,2000,1,0.03,7.0,0.999,1.255100842679376,6574,48,6.666666666666667,0.4714045217910317,1.3447961074975543,A1,B1,C2,I,0.31249278213197607,0.42426406781192816,1.0714645881574725
A1-B1-C2-r3,1108,2,0.11,6.0,0.9981949458483754,1.255100842679376,5664,48,5.666666666666667,0.4714045217910317,1.3447961074975543,A1,B1,C2,I,0.31249278213197607,0.42426406781192816,1.0714645881574725
A1-B1-C2-r3,640,4,0.23,5.0,0.996875,1.255100842679376,5140,48,4.666666666666667,0.4714045217910317,1.3447961074975543,A1,B1,C2,I,0.31249278213197607,0.42426406781192816,1.0714645881574725
A1-B1-C2-r3,400,8,0.3,4.0,0.995,1.255100842679376,4647,48,4.0,1e-09,1.3447961074975543,A1,B1,C2,I,0.31249278213197607,0.42426406781192816,1.0714645881574725
A1-B1-C2-r3,285,16,0.35,4.0,0.9929824561403509,1.255100842679376,3837,48,4.0,1e-09,1.3447961074975543,A1,B1,C2,I,0.31249278213197607,0.42426406781192816,1.0714645881574725
A1-B1-C2-r4,2000,1,0.03,7.0,0.998,0.820207443474316,6465,78,7.0,1e-09,1.6993659927799019,A1,B1,C2,I,0.31999032630735236,0.14142135593730937,2.071873409952925
A1-B1-C2-r4,1102,2,0.13,6.0,0.9963702359346642,0.820207443474316,5547,78,5.666666666666667,0.4714045217910317,1.6993659927799019,A1,B1,C2,I,0.31999032630735236,0.14142135593730937,2.071873409952925
A1-B1-C2-r4,652,4,0.24,5.0,0.9938650306748467,0.820207443474316,5045,78,5.0,1e-09,1.6993659927799019,A1,B1,C2,I,0.31999032630735236,0.14142135593730937,2.071873409952925
A1-B1-C2-r4,422,8,0.32,4.0,0.990521327014218,0.820207443474316,4575,78,4.0,1e-09,1.6993659927799019,A1,B1,C2,I,0.31999032630735236,0.14142135593730937,2.071873409952925
A1-B1-C2-r4,295,16,0.37,4.0,0.9864406779661017,0.820207443474316,3689,78,4.0,1e-09,1.6993659927799019,A1,B1,C2,I,0.31999032630735236,0.14142135593730937,2.071873409952925
A2-B0-C0-r0,2000,1,0.04,8.0,0.995,1.2776646447474498,5090,66,8.666666666666666,0.9428090425820633,1.314156198691152,A2,B0,C0,II,0.4255837087831858,0.5656854238992375,1.0285611362055929
A2-B0-C0-r0,1132,2,0.12,7.0,0.991166077738516,1.2776646447474498,4206,66,6.666666666666667,0.4714045217910317,1.314156198691152,A2,B0,C0,II,0.4255837087831858,0.5656854238992375,1.0285611362055929
A2-B0-C0-r0,677,4,0.2,5.0,0.9852289512555391,1.2776646447474498,3714,66,5.333333333333333,0.4714045217910317,1.314156198691152,A2,B0,C0,II,0.4255837087831858,0.5656854238992375,1.0285611362055929
A2-B0-C0-r0,452,8,0.3,4.0,0.9778761061946902,1.2776646447474498,3361,66,4.333333333333333,0.4714045217910317,1.314156198691152,A2,B0,C0,II,0.4255837087831858,0.5656854238992375,1.0285611362055929
A2-B0-C0-r0,317,16,0.35,4.0,0.9684542586750788,1.2776646447474498,2844,66,4.0,1e-09,1.314156198691152,A2,B0,C0,II,0.4255837087831858,0.5656854238992375,1.0285611362055929
A2-B0-C0-r1,2000,1,0.03,8.0,0.999,0.8221191935469649,6930,159,7.666666666666667,0.9428090425820633,1.3310785038546238,A2,B0,C0,II,0.43671523573055504,0.4949747458555834,1.6190821407681728
A2-B0-C0-r1,1102,2,0.11,5.0,0.9981851179673321,0.8221191935469649,6006,159,5.666666666666667,0.4714045217910317,1.3310785038546238,A2,B0,C0,II,0.43671523573055504,0.4949747458555834,1.6190821407681728
A2-B0-C0-r1,661,4,0.19,5.0,0.9969742813918305,0.8221191935469649,5480,159,5.0,1e-09,1.3310785038546238,A2,B0,C0,II,0.43671523573055504,0.4949747458555834,1.6190821407681728
A2-B0-C0-r1,384,8,0.27,4.0,0.9947916666666666,0.8221191935469649,4959,159,3.6666666666666665,0.4714045217910317,1.3310785038546238,A2,B0,C0,II,0.43671523573055504,0.4949747458555834,1.6190821407681728
A2-B0-C0-r1,284,16,0.34,3.0,0.9929577464788732,0.8221191935469649,3971,159,4.0,1e-09,1.3310785038546238,A2,B0,C0,II,0.43671523573055504,0.4949747458555834,1.6190821407681728
A2-B0-C0-r2,2000,1,0.04,8.0,1.0,1.6548322394774284,7140,171,6.333333333333333,0.4714045217910317,1.3794772677634268,A2,B0,C0,I,0.3269359051502888,1.272792203435786,0.8336055068633696
A2-B0-C0-r2,1093,2,0.14,5.0,1.0,1.6548322394774284,6212,171,5.666666666666667,0.4714045217910317,1.3794772677634268,A2,B0,C0,I,0.3269359051502888,1.272792203435786,0.8336055068633696
A2-B0-C0-r2,630,4,0.21,4.0,1.0,1.6548322394774284,5662,171,4.666666666666667,0.4714045217910317,1.3794772677634268,A2,B0,C0,I,0.3269359051502888,1.272792203435786,0.8336055068633696
A2-B0-C0-r2,379,8,0.28,4.0,1.0,1.6548322394774284,5101,171,4.0,1e-09,1.3794772677634268,A2,B0,C0,I,0.3269359051502888,1.272792203435786,0.8336055068633696
A2-B0-C0-r2,262,16,0.36,4.0,1.0,1.6548322394774284,4107,171,4.0,1e-09,1.3794772677634268,A2,B0,C0,I,0.3269359051502888,1.272792203435786,0.8336055068633696
A2-B0-C0-r3,2000,1,0.03,10.0,0.997,0.8289319665944908,5390,72,8.333333333333334,0.4714045217910317,1.489121269133255,A2,B0,C0,I,0.5093607218924938,0.9899494915611662,1.796433638879951
A2-B0-C0-r3,1135,2,0.11,7.0,0.9947136563876652,0.8289319665944908,4516,72,6.0,1e-09,1.489121269133255,A2,B0,C0,I,0.5093607218924938,0.9899494915611662,1.796433638879951
A2-B0-C0-r3,666,4,0.18,5.0,0.990990990990991,0.8289319665944908,3994,72,5.0,1e-09,1.489121269133255,A2,B0,C0,I,0.5093607218924938,0.9899494915611662,1.796433638879951
A2-B0-C0-r3,432,8,0.26,4.0,0.9861111111111112,0.8289319665944908,3616,72,4.333333333333333,0.4714045217910317,1.489121269133255,A2,B0,C0,I,0.5093607218924938,0.9899494915611662,1.796433638879951
A2-B0-C0-r3,297,16,0.31,4.0,0.9797979797979798,0.8289319665944908,3011,72,3.6666666666666665,0.4714045217910317,1.489121269133255,A2,B0,C0,I,0.5093607218924938,0.9899494915611662,1.796433638879951
A2-B0-C0-r4,2000,1,0.03,7.0,0.9955,0.9145772006750824,5410,78,8.666666666666666,0.4714045217910317,1.2097581368749848,A2,B0,C0,I,0.33809147060029077,0.989949491561166,1.3227512515969333
A2-B0-C0-r4,1127,2,0.12,6.0,0.9920141969831411,0.9145772006750824,4530,78,6.0,1e-09,1.2097581368749848,A2,B0,C0,I,0.33809147060029077,0.989949491561166,1.3227512515969333
A2-B0-C0-r4,676,4,0.19,5.0,0.9866863905325444,0.9145772006750824,4027,78,4.666666666666667,0.4714045217910317,1.2097581368749848,A2,B0,C0,I,0.33809147060029077,0.989949491561166,1.3227512515969333
A2-B0-C0-r4,441,8,0.25,4.0,0.9795918367346939,0.9145772006750824,3654,78,4.333333333333333,0.4714045217910317,1.2097581368749848,A2,B0,C0,I,0.33809147060029077,0.989949491561166,1.3227512515969333
A2-B0-C0-r4,331,16,0.3,4.0,0.972809667673716,0.9145772006750824,3083,78,4.0,1e-09,1.2097581368749848,A2,B0,C0,I,0.33809147060029077,0.989949491561166,1.3227512515969333
A2-B0-C1-r0,2000,1,0.03,7.0,1.0,1.1119545602971956,6760,99,7.0,1e-09,1.6008472468474195,A2,B0,C1,I,0.30482542973392635,0.4242640678119285,1.439669662777907
A2-B0-C1-r0,1097,2,0.13,6.0,1.0,1.1119545602971956,5838,99,5.333333333333333,0.4714045217910317,1.6008472468474195,A2,B0,C1,I,0.30482542973392635,0.4242640678119285,1.439669662777907
A2-B0-C1-r0,643,4,0.2,4.0,1.0,1.1119545602971956,5320,99,4.333333333333333,0.4714045217910317,1.6008472468474195,A2,B0,C1,I,0.30482542973392635,0.4242640678119285,1.439669662777907
A2-B0-C1-r0,396,8,0.25,4.0,1.0,1.1119545602971956,4790,99,4.0,1e-09,1.6008472468474195,A2,B0,C1,I,0.30482542973392635,0.4242640678119285,1.439669662777907
A2-B0-C1-r0,259,16,0.29,4.0,1.0,1.1119545602971956,3911,99,4.0,1e-09,1.6008472468474195,A2,B0,C1,I,0.30482542973392635,0.4242640678119285,1.439669662777907
A2-B0-C1-r1,2000,1,0.04,7.0,0.999,0.9549951964776978,6546,105,7.0,1e-09,1.4063639366230767,A2,B0,C1,I,0.31190826303204694,0.42426406781192866,1.4726398015510016
A2-B0-C1-r1,1095,2,0.13,6.0,0.9981735159817352,0.9549951964776978,5626,105,5.0,1e-09,1.4063639366230767,A2,B0,C1,I,0.31190826303204694,0.42426406781192866,1.4726398015510016
A2-B0-C1-r1,644,4,0.21,5.0,0.9968944099378882,0.9549951964776978,5103,105,4.333333333333333,0.4714045217910317,1.4063639366230767,A2,B0,C1,I,0.31190826303204694,0.42426406781192866,1.4726398015510016
A2-B0-C1-r1,393,8,0.29,4.0,0.9949109414758269,0.9549951964776978,4619,105,3.6666666666666665,0.4714045217910317,1.4063639366230767,A2,B0,C1,I,0.31190826303204694,0.42426406781192866,1.4726398015510016
A2-B0-C1-r1,284,16,0.34,4.0,0.9929577464788732,0.9549951964776978,3749,105,4.0,1e-09,1.4063639366230767,A2,B0,C1,I,0.31190826303204694,0.42426406781192866,1.4726398015510016
A2-B0-C1-r2,2000,1,0.03,7.0,0.999,0.46956645768204125,6929,96,6.666666666666667,0.4714045217910317,1.5141631938917215,A2,B0,C1,I,0.26631770043554875,0.42426406781192816,3.224598284481833
A2-B0-C1-r2,1101,2,0.18,5.0,0.9981834695731153,0.46956645768204125,6009,96,5.333333333333333,0.4714045217910317,1.5141631938917215,A2,B0,C1,I,0.26631770043554875,0.42426406781192816,3.224598284481833
A2-B0-C1-r2,638,4,0.29,5.0,0.9968652037617555,0.46956645768204125,5467,96,4.666666666666667,0.4714045217910317,1.5141631938917215,A2,B0,C1,I,0.26631770043554875,0.42426406781192816,3.224598284481833
A2-B0-C1-r2,402,8,0.39,4.0,0.9950248756218906,0.46956645768204125,4969,96,4.0,1e-09,1.5141631938917215,A2,B0,C1,I,0.26631770043554875,0.42426406781192816,3.224598284481833
A2-B0-C1-r2,258,16,0.46,4.0,0.9922480620155039,0.46956645768204125,3978,96,4.0,1e-09,1.5141631938917215,A2,B0,C1,I,0.26631770043554875,0.42426406781192816,3.224598284481833
A2-B0-C1-r3,2000,1,0.03,6.0,0.999,1.1437804284704278,6997,102,7.333333333333333,0.4714045217910317,1.4114197086203866,A2,B0,C1,I,0.2533247017772127,0.8485281356238568,1.2339953311737215
A2-B0-C1-r3,1097,2,0.11,6.0,0.9981768459434822,1.1437804284704278,6071,102,5.666666666666667,0.4714045217910317,1.4114197086203866,A2,B0,C1,I,0.2533247017772127,0.8485281356238568,1.2339953311737215
A2-B0-C1-r3,640,4,0.21,5.0,0.996875,1.1437804284704278,5544,102,5.0,1e-09,1.4114197086203866,A2,B0,C1,I,0.2533247017772127,0.8485281356238568,1.2339953311737215
A2-B0-C1-r3,396,8,0.28,4.0,0.9949494949494949,1.1437804284704278,5017,102,4.0,1e-09,1.4114197086203866,A2,B0,C1,I,0.2533247017772127,0.8485281356238568,1.2339953311737215
A2-B0-C1-r3,310,16,0.33,4.0,0.9935483870967742,1.1437804284704278,4063,102,3.6666666666666665,0.4714045217910317,1.4114197086203866,A2,B0,C1,I,0.2533247017772127,0.8485281356238568,1.2339953311737215
A2-B0-C1-r4,2000,1,0.03,8.0,0.9995,0.7055488788778681,7117,147,7.333333333333333,0.4714045217910317,1.3293813996246258,A2,B0,C1,II,0.36722150155902394,0.4242640678119285,1.8841804436553349
A2-B0-C1-r4,1092,2,0.1,6.0,0.9990842490842491,0.7055488788778681,6190,147,5.0,1e-09,1.3293813996246258,A2,B0,C1,II,0.36722150155902394,0.4242640678119285,1.8841804436553349
A2-B0-C1-r4,620,4,0.18,5.0,0.9983870967741936,0.7055488788778681,5628,147,4.666666666666667,0.4714045217910317,1.3293813996246258,A2,B0,C1,II,0.36722150155902394,0.4242640678119285,1.8841804436553349
A2-B0-C1-r4,392,8,0.26,4.0,0.9974489795918368,0.7055488788778681,5092,147,4.0,1e-09,1.3293813996246258,A2,B0,C1,II,0.36722150155902394,0.4242640678119285,1.8841804436553349
A2-B0-C1-r4,280,16,0.33,4.0,0.9964285714285714,0.7055488788778681,4052,147,4.0,1e-09,1.3293813996246258,A2,B0,C1,II,0.36722150155902394,0.4242640678119285,1.8841804436553349
A2-B0-C2-r0,2000,1,0.02,15.0,0.959,0.9736559879514332,3230,24,13.666666666666666,0.9428090425820633,1.5154555350204817,A2,B0,C2,I,0.6744723292487295,0.6725899207284936,1.5564589072255302
A2-B0-C2-r0,1179,2,0.07,9.0,0.9380831212892281,0.9736559879514332,2398,24,9.666666666666666,1.2472191299246471,1.5154555350204817,A2,B0,C2,I,0.6744723292487295,0.6725899207284936,1.5564589072255302
A2-B0-C2-r0,725,4,0.1,7.0,0.9020689655172414,0.9736559879514332,1943,24,6.333333333333333,0.4714045217910317,1.5154555350204817,A2,B0,C2,I,0.6744723292487295,0.6725899207284936,1.5564589072255302
A2-B0-C2-r0,500,8,0.14,5.0,0.858,0.9736559879514332,1689,24,5.0,1e-09,1.5154555350204817,A2,B0,C2,I,0.6744723292487295,0.6725899207284936,1.5564589072255302
A2-B0-C2-r0,375,16,0.18,5.0,0.8106666666666666,0.9736559879514332,1486,24,4.0,1e-09,1.5154555350204817,A2,B0,C2,I,0.6744723292487295,0.6725899207284936,1.5564589072255302
A2-B0-C2-r1,2000,1,0.03,11.0,0.9745,0.8449649455154301,4008,114,11.666666666666666,0.9428090425820633,1.5649549823526518,A2,B0,C2,I,0.5734787792188561,0.4242640679619285,1.852094563991677
A2-B0-C2-r1,1159,2,0.11,8.0,0.9585849870578085,0.8449649455154301,3141,114,7.333333333333333,0.4714045217910317,1.5649549823526518,A2,B0,C2,I,0.5734787792188561,0.4242640679619285,1.852094563991677
A2-B0-C2-r1,717,4,0.16,6.0,0.9330543933054394,0.8449649455154301,2678,114,6.0,1e-09,1.5649549823526518,A2,B0,C2,I,0.5734787792188561,0.4242640679619285,1.852094563991677
A2-B0-C2-r1,481,8,0.22,5.0,0.9002079002079002,0.8449649455154301,2377,114,5.0,1e-09,1.5649549823526518,A2,B0,C2,I,0.5734787792188561,0.4242640679619285,1.852094563991677
A2-B0-C2-r1,354,16,0.28,4.0,0.864406779661017,0.8449649455154301,2067,114,4.0,1e-09,1.5649549823526518,A2,B0,C2,I,0.5734787792188561,0.4242640679619285,1.852094563991677
A2-B0-C2-r2,2000,1,0.03,11.0,0.987,0.7155864903340693,4200,63,11.333333333333334,0.4714045217910317,1.3521801725319755,A2,B0,C2,I,0.5160156391825356,0.5656854237492382,1.8896110963479962
A2-B0-C2-r2,1159,2,0.12,7.0,0.9784296807592753,0.7155864903340693,3344,63,7.666666666666667,0.4714045217910317,1.3521801725319755,A2,B0,C2,I,0.5160156391825356,0.5656854237492382,1.8896110963479962
A2-B0-C2-r2,684,4,0.2,6.0,0.9649122807017544,0.7155864903340693,2859,63,6.0,1e-09,1.3521801725319755,A2,B0,C2,I,0.5160156391825356,0.5656854237492382,1.8896110963479962
A2-B0-C2-r2,455,8,0.27,5.0,0.9472527472527472,0.7155864903340693,2552,63,4.666666666666667,0.4714045217910317,1.3521801725319755,A2,B0,C2,I,0.5160156391825356,0.5656854237492382,1.8896110963479962
A2-B0-C2-r2,322,16,0.32,4.0,0.9254658385093167,0.7155864903340693,2173,63,4.0,1e-09,1.3521801725319755,A2,B0,C2,I,0.5160156391825356,0.5656854237492382,1.8896110963479962
A2-B0-C2-r3,2000,1,0.02,15.0,0.958,1.4766230161904899,3191,36,13.0,0.816496581927726,1.3785211624972296,A2,B0,C2,III,0.8271293462076427,0.9848726938122189,0.9335633722232292
A2-B0-C2-r3,1173,2,0.11,10.0,0.9360613810741688,1.4766230161904899,2353,36,9.666666666666666,0.9428090425820633,1.3785211624972296,A2,B0,C2,III,0.8271293462076427,0.9848726938122189,0.9335633722232292
A2-B0-C2-r3,735,4,0.15,7.0,0.8993197278911564,1.4766230161904899,1904,36,6.333333333333333,0.4714045217910317,1.3785211624972296,A2,B0,C2,III,0.8271293462076427,0.9848726938122189,0.9335633722232292
A2-B0-C2-r3,536,8,0.19,5.0,0.8619402985074627,1.4766230161904899,1685,36,5.0,1e-09,1.3785211624972296,A2,B0,C2,III,0.8271293462076427,0.9848726938122189,0.9335633722232292
A2-B0-C2-r3,398,16,0.24,4.0,0.8140703517587939,1.4766230161904899,1461,36,4.333333333333333,0.4714045217910317,1.3785211624972296,A2,B0,C2,III,0.8271293462076427,0.9848726938122189,0.9335633722232292
A2-B0-C2-r4,2000,1,0.02,14.0,0.9735,0.7669771336341926,3926,120,10.666666666666666,0.9428090425820633,1.6579984575358442,A2,B0,C2,III,0.7717505895752674,1.8384776279350237,2.161731275715739
A2-B0-C2-r4,1178,2,0.08,10.0,0.9558573853989814,0.7669771336341926,3080,120,7.333333333333333,0.4714045217910317,1.6579984575358442,A2,B0,C2,III,0.7717505895752674,1.8384776279350237,2.161731275715739
A2-B0-C2-r4,728,4,0.16,6.0,0.9285714285714286,0.7669771336341926,2605,120,6.0,1e-09,1.6579984575358442,A2,B0,C2,III,0.7717505895752674,1.8384776279350237,2.161731275715739
A2-B0-C2-r4,504,8,0.22,5.0,0.8968253968253969,0.7669771336341926,2316,120,5.0,1e-09,1.6579984575358442,A2,B0,C2,III,0.7717505895752674,1.8384776279350237,2.161731275715739
A2-B0-C2-r4,382,16,0.27,4.0,0.8638743455497382,0.7669771336341926,2018,120,4.0,1e-09,1.6579984575358442,A2,B0,C2,III,0.7717505895752674,1.8384776279350237,2.161731275715739
A2-B1-C0-r0,2000,1,0.05,8.0,1.0,2.092638995042338,7480,213,7.0,1e-09,1.6662388738530496,A2,B1,C0,I,0.29800095719550296,0.9899494915611665,0.7962380887484793
A2-B1-C0-r0,1107,2,0.15,4.0,1.0,2.092638995042338,6560,213,5.333333333333333,0.4714045217910317,1.6662388738530496,A2,B1,C0,I,0.29800095719550296,0.9899494915611665,0.7962380887484793
A2-B1-C0-r0,632,4,0.24,4.0,1.0,2.092638995042338,5995,213,4.666666666666667,0.4714045217910317,1.6662388738530496,A2,B1,C0,I,0.29800095719550296,0.9899494915611665,0.7962380887484793
A2-B1-C0-r0,400,8,0.32,4.0,1.0,2.092638995042338,5415,213,4.0,1e-09,1.6662388738530496,A2,B1,C0,I,0.29800095719550296,0.9899494915611665,0.7962380887484793
A2-B1-C0-r0,280,16,0.39,4.0,1.0,2.092638995042338,4304,213,3.6666666666666665,0.4714045217910317,1.6662388738530496,A2,B1,C0,I,0.29800095719550296,0.9899494915611665,0.7962380887484793
A2-B1-C0-r1,2000,1,0.04,6.0,1.0,1.4630317409895404,7200,153,7.0,1e-09,1.5042846348056595,A2,B1,C0,I,0.3401209063489979,0.5277916858529368,1.028196854969269
A2-B1-C0-r1,1098,2,0.14,6.0,1.0,1.4630317409895404,6274,153,5.0,0.816496581927726,1.5042846348056595,A2,B1,C0,I,0.3401209063489979,0.5277916858529368,1.028196854969269
A2-B1-C0-r1,632,4,0.23,5.0,1.0,1.4630317409895404,5730,153,5.0,1e-09,1.5042846348056595,A2,B1,C0,I,0.3401209063489979,0.5277916858529368,1.028196854969269
A2-B1-C0-r1,382,8,0.32,4.0,1.0,1.4630317409895404,5171,153,4.0,1e-09,1.5042846348056595,A2,B1,C0,I,0.3401209063489979,0.5277916858529368,1.028196854969269
A2-B1-C0-r1,264,16,0.37,3.0,1.0,1.4630317409895404,4096,153,3.6666666666666665,0.4714045217910317,1.5042846348056595,A2,B1,C0,I,0.3401209063489979,0.5277916858529368,1.028196854969269
A2-B1-C0-r2,2000,1,0.03,9.0,0.9895,1.4492475185956837,4780,60,9.666666666666666,0.4714045217910317,1.6953450348067052,A2,B1,C0,I,0.4998945420787043,0.7071067796865472,1.1698105486145591
A2-B1-C0-r2,1147,2,0.1,7.0,0.981691368788143,1.4492475185956837,3910,60,6.333333333333333,0.4714045217910317,1.6953450348067052,A2,B1,C0,I,0.4998945420787043,0.7071067796865472,1.1698105486145591
A2-B1-C0-r2,697,4,0.16,5.0,0.96987087517934,1.4492475185956837,3440,60,5.333333333333333,0.4714045217910317,1.6953450348067052,A2,B1,C0,I,0.4998945420787043,0.7071067796865472,1.1698105486145591
A2-B1-C0-r2,481,8,0.25,4.0,0.9563409563409564,1.4492475185956837,3122,60,5.0,1e-09,1.6953450348067052,A2,B1,C0,I,0.4998945420787043,0.7071067796865472,1.1698105486145591
A2-B1-C0-r2,339,16,0.34,4.0,0.9380530973451328,1.4492475185956837,2676,60,4.0,1e-09,1.6953450348067052,A2,B1,C0,I,0.4998945420787043,0.7071067796865472,1.1698105486145591
A2-B1-C0-r3,2000,1,0.04,9.0,0.995,1.7021220777175865,5150,60,8.333333333333334,0.4714045217910317,1.8480543889248002,A2,B1,C0,I,0.4913517761771265,0.5656854237492375,1.0857355139902172
A2-B1-C0-r3,1141,2,0.14,7.0,0.9921121822962313,1.7021220777175865,4284,60,6.666666666666667,0.4714045217910317,1.8480543889248002,A2,B1,C0,I,0.4913517761771265,0.5656854237492375,1.0857355139902172
A2-B1-C0-r3,677,4,0.22,5.0,0.9867060561299852,1.7021220777175865,3774,60,5.0,1e-09,1.8480543889248002,A2,B1,C0,I,0.4913517761771265,0.5656854237492375,1.0857355139902172
A2-B1-C0-r3,446,8,0.28,4.0,0.9798206278026906,1.7021220777175865,3414,60,4.333333333333333,0.4714045217910317,1.8480543889248002,A2,B1,C0,I,0.4913517761771265,0.5656854237492375,1.0857355139902172
A2-B1-C0-r3,335,16,0.32,4.0,0.9731343283582089,1.7021220777175865,2907,60,4.0,1e-09,1.8480543889248002,A2,B1,C0,I,0.4913517761771265,0.5656854237492375,1.0857355139902172
A2-B1-C0-r4,2000,1,0.03,8.0,0.9965,1.8360972184910738,5430,72,9.333333333333334,0.4714045217910317,1.5712096980113235,A2,B1,C0,I,0.3407059299582986,0.8485281356238573,0.8557333904696843
A2-B1-C0-r4,1128,2,0.09,6.0,0.9946808510638298,1.8360972184910738,4540,72,6.0,0.816496581927726,1.5712096980113235,A2,B1,C0,I,0.3407059299582986,0.8485281356238573,0.8557333904696843
A2-B1-C0-r4,665,4,0.15,5.0,0.9909774436090225,1.8360972184910738,4044,72,5.0,1e-09,1.5712096980113235,A2,B1,C0,I,0.3407059299582986,0.8485281356238573,0.8557333904696843
A2-B1-C0-r4,434,8,0.21,5.0,0.9861751152073732,1.8360972184910738,3675,72,4.333333333333333,0.4714045217910317,1.5712096980113235,A2,B1,C0,I,0.3407059299582986,0.8485281356238573,0.8557333904696843
A2-B1-C0-r4,321,16,0.28,4.0,0.9813084112149533,1.8360972184910738,3122,72,4.0,1e-09,1.5712096980113235,A2,B1,C0,I,0.3407059299582986,0.8485281356238573,0.8557333904696843
A2-B1-C1-r0,2000,1,0.05,7.0,1.0,1.8793379817661626,7278,93,7.0,1e-09,1.5038180868111577,A2,B1,C1,I,0.22305169610236875,0.7071067796865474,0.8001850127021329
A2-B1-C1-r0,1089,2,0.22,4.0,1.0,1.8793379817661626,6356,93,5.333333333333333,0.4714045217910317,1.5038180868111577,A2,B1,C1,I,0.22305169610236875,0.7071067796865474,0.8001850127021329
A2-B1-C1-r0,627,4,0.33,5.0,1.0,1.8793379817661626,5800,93,5.0,1e-09,1.5038180868111577,A2,B1,C1,I,0.22305169610236875,0.7071067796865474,0.8001850127021329
A2-B1-C1-r0,384,8,0.4,4.0,1.0,1.8793379817661626,5255,93,3.6666666666666665,0.4714045217910317,1.5038180868111577,A2,B1,C1,I,0.22305169610236875,0.7071067796865474,0.8001850127021329
A2-B1-C1-r0,254,16,0.46,4.0,1.0,1.8793379817661626,4159,93,4.0,1e-09,1.5038180868111577,A2,B1,C1,I,0.22305169610236875,0.7071067796865474,0.8001850127021329
A2-B1-C1-r1,2000,1,0.03,10.0,0.987,1.9971080169656619,4492,24,10.666666666666666,0.4714045217910317,1.2602754919003631,A2,B1,C1,I,0.5038785440585339,0.28284271187461874,0.6310502392430345
A2-B1-C1-r1,1147,2,0.1,7.0,0.978204010462075,1.9971080169656619,3633,24,7.0,0.816496581927726,1.2602754919003631,A2,B1,C1,I,0.5038785440585339,0.28284271187461874,0.6310502392430345
A2-B1-C1-r1,709,4,0.17,6.0,0.9647390691114246,1.9971080169656619,3172,24,6.0,1e-09,1.2602754919003631,A2,B1,C1,I,0.5038785440585339,0.28284271187461874,0.6310502392430345
A2-B1-C1-r1,495,8,0.25,5.0,0.9494949494949495,1.9971080169656619,2888,24,5.0,1e-09,1.2602754919003631,A2,B1,C1,I,0.5038785440585339,0.28284271187461874,0.6310502392430345
A2-B1-C1-r1,355,16,0.31,4.0,0.9295774647887324,1.9971080169656619,2470,24,4.0,1e-09,1.2602754919003631,A2,B1,C1,I,0.5038785440585339,0.28284271187461874,0.6310502392430345
A2-B1-C1-r2,2000,1,0.04,7.0,0.9985,2.2699301394727684,6652,54,7.333333333333333,0.4714045217910317,1.5691626596157433,A2,B1,C1,II,0.37901680284872097,0.7071067796865472,0.691282358134691
A2-B1-C1-r2,1102,2,0.11,6.0,0.9972776769509982,2.2699301394727684,5737,54,5.666666666666667,0.4714045217910317,1.5691626596157433,A2,B1,C1,II,0.37901680284872097,0.7071067796865472,0.691282358134691
A2-B1-C1-r2,636,4,0.2,4.0,0.9952830188679245,2.2699301394727684,5193,54,5.0,1e-09,1.5691626596157433,A2,B1,C1,II,0.37901680284872097,0.7071067796865472,0.691282358134691
A2-B1-C1-r2,398,8,0.29,3.0,0.992462311557789,2.2699301394727684,4724,54,3.6666666666666665,0.4714045217910317,1.5691626596157433,A2,B1,C1,II,0.37901680284872097,0.7071067796865472,0.691282358134691
A2-B1-C1-r2,277,16,0.35,4.0,0.9891696750902527,2.2699301394727684,3808,54,3.6666666666666665,0.4714045217910317,1.5691626596157433,A2,B1,C1,II,0.37901680284872097,0.7071067796865472,0.691282358134691
A2-B1-C1-r3,2000,1,0.03,9.0,0.99,2.5983655124935288,4963,36,9.666666666666666,0.9428090425820633,2.05873750749562,A2,B1,C1,I,0.469809617845441,1.1313708476484758,0.7923202096074415
A2-B1-C1-r3,1150,2,0.1,8.0,0.9826086956521739,2.5983655124935288,4105,36,6.666666666666667,0.4714045217910317,2.05873750749562,A2,B1,C1,I,0.469809617845441,1.1313708476484758,0.7923202096074415
A2-B1-C1-r3,699,4,0.16,5.0,0.9713876967095851,2.5983655124935288,3618,36,4.666666666666667,0.4714045217910317,2.05873750749562,A2,B1,C1,I,0.469809617845441,1.1313708476484758,0.7923202096074415
A2-B1-C1-r3,455,8,0.23,5.0,0.9560439560439561,2.5983655124935288,3275,36,4.333333333333333,0.4714045217910317,2.05873750749562,A2,B1,C1,I,0.469809617845441,1.1313708476484758,0.7923202096074415
A2-B1-C1-r3,345,16,0.3,4.0,0.9420289855072463,2.5983655124935288,2794,36,4.0,1e-09,2.05873750749562,A2,B1,C1,I,0.469809617845441,1.1313708476484758,0.7923202096074415
A2-B1-C1-r4,2000,1,0.05,7.0,0.999,1.6684332167772278,7498,87,6.333333333333333,0.4714045217910317,1.6116601281363045,A2,B1,C1,II,0.3533028892364137,1.131370847498476,0.9659722138890359
A2-B1-C1-r4,1096,2,0.2,6.0,0.9981751824817519,1.6684332167772278,6582,87,5.333333333333333,0.4714045217910317,1.6116601281363045,A2,B1,C1,II,0.3533028892364137,1.131370847498476,0.9659722138890359
A2-B1-C1-r4,635,4,0.31,5.0,0.9968503937007874,1.6684332167772278,6025,87,4.666666666666667,0.4714045217910317,1.6116601281363045,A2,B1,C1,II,0.3533028892364137,1.131370847498476,0.9659722138890359
A2-B1-C1-r4,392,8,0.38,3.0,0.9948979591836735,1.6684332167772278,5425,87,3.6666666666666665,0.4714045217910317,1.6116601281363045,A2,B1,C1,II,0.3533028892364137,1.131370847498476,0.9659722138890359
A2-B1-C1-r4,251,16,0.47,4.0,0.9920318725099602,1.6684332167772278,4291,87,3.6666666666666665,0.4714045217910317,1.6116601281363045,A2,B1,C1,II,0.3533028892364137,1.131370847498476,0.9659722138890359
A2-B1-C2-r0,2000,1,0.03,7.0,0.997,2.323114454150945,5572,63,8.0,0.816496581927726,1.5561090578498358,A2,B1,C2,I,0.3324310306335362,0.3863703299156272,0.6698374482020795
A2-B1-C2-r0,1124,2,0.1,6.0,0.994661921708185,2.323114454150945,4681,63,6.0,0.816496581927726,1.5561090578498358,A2,B1,C2,I,0.3324310306335362,0.3863703299156272,0.6698374482020795
A2-B1-C2-r0,669,4,0.16,5.0,0.9910313901345291,2.323114454150945,4190,63,4.666666666666667,0.4714045217910317,1.5561090578498358,A2,B1,C2,I,0.3324310306335362,0.3863703299156272,0.6698374482020795
A2-B1-C2-r0,444,8,0.21,4.0,0.9864864864864865,2.323114454150945,3812,63,4.0,1e-09,1.5561090578498358,A2,B1,C2,I,0.3324310306335362,0.3863703299156272,0.6698374482020795
A2-B1-C2-r0,318,16,0.29,4.0,0.9811320754716981,2.323114454150945,3217,63,4.0,1e-09,1.5561090578498358,A2,B1,C2,I,0.3324310306335362,0.3863703299156272,0.6698374482020795
A2-B1-C2-r1,2000,1,0.05,6.0,0.9995,0.5310884178789358,7744,93,6.333333333333333,0.4714045217910317,1.404125853635788,A2,B1,C2,II,0.36934787766242844,0.9899494915611664,2.6438645738944833
A2-B1-C2-r1,1090,2,0.15,5.0,0.9990825688073395,0.5310884178789358,6821,93,5.0,1e-09,1.404125853635788,A2,B1,C2,II,0.36934787766242844,0.9899494915611664,2.6438645738944833
A2-B1-C2-r1,629,4,0.24,5.0,0.9984101748807631,0.5310884178789358,6270,93,4.333333333333333,0.4714045217910317,1.404125853635788,A2,B1,C2,II,0.36934787766242844,0.9899494915611664,2.6438645738944833
A2-B1-C2-r1,390,8,0.34,3.0,0.9974358974358974,0.5310884178789358,5675,93,3.6666666666666665,0.4714045217910317,1.404125853635788,A2,B1,C2,II,0.36934787766242844,0.9899494915611664,2.6438645738944833
A2-B1-C2-r1,264,16,0.44,3.0,0.9962121212121212,0.5310884178789358,4453,93,3.6666666666666665,0.4714045217910317,1.404125853635788,A2,B1,C2,II,0.36934787766242844,0.9899494915611664,2.6438645738944833
A2-B1-C2-r2,2000,1,0.04,8.0,0.996,1.1645548644503223,5978,48,8.333333333333334,0.4714045217910317,1.6019045034985602,A2,B1,C2,II,0.3733727687545526,0.42426406781192866,1.3755509099647871
A2-B1-C2-r2,1114,2,0.15,6.0,0.992818671454219,1.1645548644503223,5077,48,5.666666666666667,0.4714045217910317,1.6019045034985602,A2,B1,C2,II,0.3733727687545526,0.42426406781192866,1.3755509099647871
A2-B1-C2-r2,660,4,0.22,5.0,0.9878787878787879,1.1645548644503223,4567,48,5.0,1e-09,1.6019045034985602,A2,B1,C2,II,0.3733727687545526,0.42426406781192866,1.3755509099647871
A2-B1-C2-r2,425,8,0.29,4.0,0.9811764705882353,1.1645548644503223,4156,48,4.0,1e-09,1.6019045034985602,A2,B1,C2,II,0.3733727687545526,0.42426406781192866,1.3755509099647871
A2-B1-C2-r2,285,16,0.35,4.0,0.9719298245614035,1.1645548644503223,3388,48,3.6666666666666665,0.4714045217910317,1.6019045034985602,A2,B1,C2,II,0.3733727687545526,0.42426406781192866,1.3755509099647871
A2-B1-C2-r3,2000,1,0.05,6.0,0.9995,2.0331516270931074,7623,99,6.333333333333333,0.4714045217910317,1.5547394620993134,A2,B1,C2,I,0.30898978841419117,0.5656854237492379,0.7646943008978615
A2-B1-C2-r3,1092,2,0.21,5.0,0.9990842490842491,2.0331516270931074,6695,99,4.666666666666667,0.4714045217910317,1.5547394620993134,A2,B1,C2,I,0.30898978841419117,0.5656854237492379,0.7646943008978615
A2-B1-C2-r3,615,4,0.31,4.0,0.9983739837398374,2.0331516270931074,6118,99,4.666666666666667,0.4714045217910317,1.5547394620993134,A2,B1,C2,I,0.30898978841419117,0.5656854237492379,0.7646943008978615
A2-B1-C2-r3,378,8,0.38,4.0,0.9973544973544973,2.0331516270931074,5492,99,4.0,1e-09,1.5547394620993134,A2,B1,C2,I,0.30898978841419117,0.5656854237492379,0.7646943008978615
A2-B1-C2-r3,257,16,0.44,3.0,0.9961089494163424,2.0331516270931074,4384,99,3.0,1e-09,1.5547394620993134,A2,B1,C2,I,0.30898978841419117,0.5656854237492379,0.7646943008978615
A2-B1-C2-r4,2000,1,0.03,12.0,0.988,0.6239456661909424,4307,21,10.333333333333334,0.4714045217910317,1.8030503262579818,A2,B1,C2,I,0.6061014717821165,0.9899494915611664,2.8897553488354624
A2-B1-C2-r4,1164,2,0.11,8.0,0.9802405498281787,0.6239456661909424,3468,21,7.333333333333333,0.4714045217910317,1.8030503262579818,A2,B1,C2,I,0.6061014717821165,0.9899494915611664,2.8897553488354624
A2-B1-C2-r4,705,4,0.19,6.0,0.9673758865248226,0.6239456661909424,2987,21,5.0,1e-09,1.8030503262579818,A2,B1,C2,I,0.6061014717821165,0.9899494915611664,2.8897553488354624
A2-B1-C2-r4,472,8,0.25,5.0,0.951271186440678,0.6239456661909424,2668,21,5.0,1e-09,1.8030503262579818,A2,B1,C2,I,0.6061014717821165,0.9899494915611664,2.8897553488354624
A2-B1-C2-r4,345,16,0.33,4.0,0.9333333333333333,0.6239456661909424,2305,21,4.0,1e-09,1.8030503262579818,A2,B1,C2,I,0.6061014717821165,0.9899494915611664,2.8897553488354624
