carpeta,bateria,corrida,prefijo,n_volcados,idx_primero,idx_ultimo,tmax,dtmax,idx_final_esperado,mb_volcados,n_intermedios,mb_liberables,podable,motivo,verificacion
/Users/alexis/phantom_cs073/test_massiva,phantom_cs073,test_massiva,sphere,6012,0,6011,200.0,0.031415926536,6366,3187.32,6010,3186.26,False,"INCOMPLETA: último volcado 6011 != final esperado 6366 (tmax/dtmax) -> NO se poda, queda intacta",
/Users/alexis/phantom_cs073/test_massiva_hires,phantom_cs073,test_massiva_hires,sphere,651,0,650,50.0,0.031415926536,1592,3007.72,649,2998.48,False,"INCOMPLETA: último volcado 650 != final esperado 1592 (tmax/dtmax) -> NO se poda, queda intacta",
/Users/alexis/phantom_cs073/test_sphereinbox,phantom_cs073,test_sphereinbox,sphere,564,0,563,50.0,0.0888576587635,563,379.87,562,378.52,True,"completa y verificada; se conservan sphere_00000, sphere_00563 y todos los archivos no-volcado (.sink/.ev/.in/.log/.txt/.json)",sarracen OK (8387 partículas)
/Users/alexis/phantom_cs073/test_BEsphere,phantom_cs073,test_BEsphere,sphere,361,0,360,150.0,0.416767161,360,208.34,359,207.19,True,"completa y verificada; se conservan sphere_00000, sphere_00360 y todos los archivos no-volcado (.sink/.ev/.in/.log/.txt/.json)",sarracen OK (7182 partículas)
/Users/alexis/phantom_cs073/test_apr,phantom_cs073,test_apr,sphere,253,0,252,50.0,0.031415926536,1592,135.81,251,134.73,False,"INCOMPLETA: último volcado 252 != final esperado 1592 (tmax/dtmax) -> NO se poda, queda intacta",
/Users/alexis/phantom_cs073/run_vel_hered_N2000_real,phantom_cs073,run_vel_hered_N2000_real,cosmog,501,0,500,0.5,0.001,500,78.81,499,78.5,True,"completa y verificada; se conservan cosmog_00000, cosmog_00500 y todos los archivos no-volcado (.sink/.ev/.in/.log/.txt/.json)",sarracen OK (1773 partículas)
/Users/alexis/phantom_cs073/run_vel_turb_N2000_real,phantom_cs073,run_vel_turb_N2000_real,cosmog,501,0,500,0.5,0.001,500,78.8,499,78.49,True,"completa y verificada; se conservan cosmog_00000, cosmog_00500 y todos los archivos no-volcado (.sink/.ev/.in/.log/.txt/.json)",sarracen OK (1756 partículas)
/Users/alexis/phantom_cs073/run_vel_hered_N2000_null,phantom_cs073,run_vel_hered_N2000_null,cosmog,501,0,500,0.5,0.001,500,78.21,499,77.9,True,"completa y verificada; se conservan cosmog_00000, cosmog_00500 y todos los archivos no-volcado (.sink/.ev/.in/.log/.txt/.json)",sarracen OK (1934 partículas)
/Users/alexis/phantom_cs073/run_vel_turb_N2000_null,phantom_cs073,run_vel_turb_N2000_null,cosmog,501,0,500,0.5,0.001,500,78.15,499,77.84,True,"completa y verificada; se conservan cosmog_00000, cosmog_00500 y todos los archivos no-volcado (.sink/.ev/.in/.log/.txt/.json)",sarracen OK (1938 partículas)
/Users/alexis/phantom_cs073/ON77_sistemaA_cierre/ic_N8000,ON77_sistemaA_cierre,ic_N8000,cosmog,362,0,361,0.5,0.001,500,67.06,360,66.31,False,"INCOMPLETA: último volcado 361 != final esperado 500 (tmax/dtmax) -> NO se poda, queda intacta",
/Users/alexis/phantom_cs073/test_apr_iso,phantom_cs073,test_apr_iso,sphere,126,0,125,50.0,0.003926990817,12732,61.04,124,60.02,False,"INCOMPLETA: último volcado 125 != final esperado 12732 (tmax/dtmax) -> NO se poda, queda intacta",
/Users/alexis/phantom_cs073/test_apr_iso2,phantom_cs073,test_apr_iso2,sphere,126,0,125,50.0,0.003926990817,12732,70.98,124,60.02,False,"INCOMPLETA: último volcado 125 != final esperado 12732 (tmax/dtmax) -> NO se poda, queda intacta",
/Users/alexis/phantom_cs073/ON77_sistemaA_cierre/ic_N4000,ON77_sistemaA_cierre,ic_N4000,cosmog,501,0,500,0.5,0.001,500,46.57,499,45.95,True,"completa y verificada; se conservan cosmog_00000, cosmog_00500 y todos los archivos no-volcado (.sink/.ev/.in/.log/.txt/.json)",sarracen OK (3587 partículas)
/Users/alexis/phantom_cs073/bateria_fase7_f702_escalera/A2-B0-C2-r14_s273187_f702_e4,bateria_fase7_f702_escalera,A2-B0-C2-r14_s273187_f702_e4,cosmog,501,0,500,0.5,0.001,500,24.16,499,23.85,True,"completa y verificada; se conservan cosmog_00000, cosmog_00500 y todos los archivos no-volcado (.sink/.ev/.in/.log/.txt/.json)",sarracen OK (1716 partículas)
/Users/alexis/phantom_cs073/bateria_fase5b_a2b0c2_escala_v4/A2-B0-C2-batch4-r36_III,bateria_fase5b_a2b0c2_escala_v4,A2-B0-C2-batch4-r36_III,cosmog,501,0,500,0.5,0.001,500,24.15,499,23.84,True,"completa y verificada; se conservan cosmog_00000, cosmog_00500 y todos los archivos no-volcado (.sink/.ev/.in/.log/.txt/.json)",sarracen OK (1693 partículas)
/Users/alexis/phantom_cs073/bateria_fase6_o3b_rewiring/A2-B0-C2-batch4-r36_orig,bateria_fase6_o3b_rewiring,A2-B0-C2-batch4-r36_orig,cosmog,501,0,500,0.5,0.001,500,24.15,499,23.84,True,"completa y verificada; se conservan cosmog_00000, cosmog_00500 y todos los archivos no-volcado (.sink/.ev/.in/.log/.txt/.json)",sarracen OK (1693 partículas)
/Users/alexis/phantom_cs073/bateria_fase6_outliers_negativos/A2-B0-C2-batch3-r40_pendNEG,bateria_fase6_outliers_negativos,A2-B0-C2-batch3-r40_pendNEG,cosmog,501,0,500,0.5,0.001,500,24.15,499,23.84,True,"completa y verificada; se conservan cosmog_00000, cosmog_00500 y todos los archivos no-volcado (.sink/.ev/.in/.log/.txt/.json)",sarracen OK (1688 partículas)
/Users/alexis/phantom_cs073/bateria_fase6_outliers_negativos/A2-B0-C2-batch4-r53_pendNEG,bateria_fase6_outliers_negativos,A2-B0-C2-batch4-r53_pendNEG,cosmog,501,0,500,0.5,0.001,500,24.15,499,23.84,True,"completa y verificada; se conservan cosmog_00000, cosmog_00500 y todos los archivos no-volcado (.sink/.ev/.in/.log/.txt/.json)",sarracen OK (1688 partículas)
/Users/alexis/phantom_cs073/bateria_fase6_outliers_negativos/A2-B0-C2-r0_pendNEG,bateria_fase6_outliers_negativos,A2-B0-C2-r0_pendNEG,cosmog,501,0,500,0.5,0.001,500,24.15,499,23.84,True,"completa y verificada; se conservan cosmog_00000, cosmog_00500 y todos los archivos no-volcado (.sink/.ev/.in/.log/.txt/.json)",sarracen OK (1717 partículas)
/Users/alexis/phantom_cs073/bateria_fase7_f702_escalera/A2-B0-C2-batch3-r0_s471829_f702_e4,bateria_fase7_f702_escalera,A2-B0-C2-batch3-r0_s471829_f702_e4,cosmog,501,0,500,0.5,0.001,500,24.15,499,23.84,True,"completa y verificada; se conservan cosmog_00000, cosmog_00500 y todos los archivos no-volcado (.sink/.ev/.in/.log/.txt/.json)",sarracen OK (1691 partículas)
/Users/alexis/phantom_cs073/bateria_fase7_f702_escalera/A2-B0-C2-batch4-r36_s575321_f702_e4,bateria_fase7_f702_escalera,A2-B0-C2-batch4-r36_s575321_f702_e4,cosmog,501,0,500,0.5,0.001,500,24.15,499,23.84,True,"completa y verificada; se conservan cosmog_00000, cosmog_00500 y todos los archivos no-volcado (.sink/.ev/.in/.log/.txt/.json)",sarracen OK (1690 partículas)
/Users/alexis/phantom_cs073/bateria_fase7_f702_escalera/A2-B0-C2-batch4-r36_s575321_f702_orig,bateria_fase7_f702_escalera,A2-B0-C2-batch4-r36_s575321_f702_orig,cosmog,501,0,500,0.5,0.001,500,24.15,499,23.84,True,"completa y verificada; se conservan cosmog_00000, cosmog_00500 y todos los archivos no-volcado (.sink/.ev/.in/.log/.txt/.json)",sarracen OK (1693 partículas)
/Users/alexis/phantom_cs073/bateria_fase5b_a2b0c2_escala_v3/A2-B0-C2-batch3-r0_III,bateria_fase5b_a2b0c2_escala_v3,A2-B0-C2-batch3-r0_III,cosmog,501,0,500,0.5,0.001,500,24.14,499,23.83,True,"completa y verificada; se conservan cosmog_00000, cosmog_00500 y todos los archivos no-volcado (.sink/.ev/.in/.log/.txt/.json)",sarracen OK (1699 partículas)
/Users/alexis/phantom_cs073/bateria_fase5b_a2b0c2_escala_v4/A2-B0-C2-batch4-r51_I,bateria_fase5b_a2b0c2_escala_v4,A2-B0-C2-batch4-r51_I,cosmog,501,0,500,0.5,0.001,500,24.14,499,23.83,True,"completa y verificada; se conservan cosmog_00000, cosmog_00500 y todos los archivos no-volcado (.sink/.ev/.in/.log/.txt/.json)",sarracen OK (1710 partículas)
/Users/alexis/phantom_cs073/bateria_fase5b_a2b0c2_escala_v4/A2-B0-C2-batch4-r72_III,bateria_fase5b_a2b0c2_escala_v4,A2-B0-C2-batch4-r72_III,cosmog,501,0,500,0.5,0.001,500,24.14,499,23.83,True,"completa y verificada; se conservan cosmog_00000, cosmog_00500 y todos los archivos no-volcado (.sink/.ev/.in/.log/.txt/.json)",sarracen OK (1797 partículas)
/Users/alexis/phantom_cs073/bateria_fase6_o3b_rewiring/A2-B0-C2-batch3-r0_orig,bateria_fase6_o3b_rewiring,A2-B0-C2-batch3-r0_orig,cosmog,501,0,500,0.5,0.001,500,24.14,499,23.83,True,"completa y verificada; se conservan cosmog_00000, cosmog_00500 y todos los archivos no-volcado (.sink/.ev/.in/.log/.txt/.json)",sarracen OK (1699 partículas)
/Users/alexis/phantom_cs073/bateria_fase6_o3b_rewiring/A2-B0-C2-batch4-r36_rewire,bateria_fase6_o3b_rewiring,A2-B0-C2-batch4-r36_rewire,cosmog,501,0,500,0.5,0.001,500,24.14,499,23.83,True,"completa y verificada; se conservan cosmog_00000, cosmog_00500 y todos los archivos no-volcado (.sink/.ev/.in/.log/.txt/.json)",sarracen OK (1712 partículas)
/Users/alexis/phantom_cs073/bateria_fase6_o3c_mecanistico/A2-B0-C2-mec-r0__c1-rigido-soporte,bateria_fase6_o3c_mecanistico,A2-B0-C2-mec-r0__c1-rigido-soporte,cosmog,501,0,500,0.5,0.001,500,24.14,499,23.83,True,"completa y verificada; se conservan cosmog_00000, cosmog_00500 y todos los archivos no-volcado (.sink/.ev/.in/.log/.txt/.json)",sarracen OK (1744 partículas)
/Users/alexis/phantom_cs073/bateria_fase6_o3c_mecanistico/A2-B0-C2-mec-r6__c1-rigido-soporte,bateria_fase6_o3c_mecanistico,A2-B0-C2-mec-r6__c1-rigido-soporte,cosmog,501,0,500,0.5,0.001,500,24.14,499,23.83,True,"completa y verificada; se conservan cosmog_00000, cosmog_00500 y todos los archivos no-volcado (.sink/.ev/.in/.log/.txt/.json)",sarracen OK (1724 partículas)
/Users/alexis/phantom_cs073/bateria_fase6_o3e_memoria/A2-B0-C2-o3e-s273381-mem,bateria_fase6_o3e_memoria,A2-B0-C2-o3e-s273381-mem,cosmog,501,0,500,0.5,0.001,500,24.14,499,23.83,True,"completa y verificada; se conservan cosmog_00000, cosmog_00500 y todos los archivos no-volcado (.sink/.ev/.in/.log/.txt/.json)",sarracen OK (1695 partículas)
/Users/alexis/phantom_cs073/bateria_fase6_o3e_memoria/A2-B0-C2-o3e-s586573-mem,bateria_fase6_o3e_memoria,A2-B0-C2-o3e-s586573-mem,cosmog,501,0,500,0.5,0.001,500,24.14,499,23.83,True,"completa y verificada; se conservan cosmog_00000, cosmog_00500 y todos los archivos no-volcado (.sink/.ev/.in/.log/.txt/.json)",sarracen OK (1685 partículas)
/Users/alexis/phantom_cs073/bateria_fase6_o3e_memoria/A2-B0-C2-o3e-s586573-nomem,bateria_fase6_o3e_memoria,A2-B0-C2-o3e-s586573-nomem,cosmog,501,0,500,0.5,0.001,500,24.14,499,23.83,True,"completa y verificada; se conservan cosmog_00000, cosmog_00500 y todos los archivos no-volcado (.sink/.ev/.in/.log/.txt/.json)",sarracen OK (1687 partículas)
/Users/alexis/phantom_cs073/bateria_fase6_outliers_negativos/A2-B0-C2-batch3-r45_pendNEG,bateria_fase6_outliers_negativos,A2-B0-C2-batch3-r45_pendNEG,cosmog,501,0,500,0.5,0.001,500,24.14,499,23.83,True,"completa y verificada; se conservan cosmog_00000, cosmog_00500 y todos los archivos no-volcado (.sink/.ev/.in/.log/.txt/.json)",sarracen OK (1694 partículas)
/Users/alexis/phantom_cs073/bateria_fase6_outliers_negativos/A2-B0-C2-batch4-r110_pendNEG,bateria_fase6_outliers_negativos,A2-B0-C2-batch4-r110_pendNEG,cosmog,501,0,500,0.5,0.001,500,24.14,499,23.83,True,"completa y verificada; se conservan cosmog_00000, cosmog_00500 y todos los archivos no-volcado (.sink/.ev/.in/.log/.txt/.json)",sarracen OK (1689 partículas)
/Users/alexis/phantom_cs073/bateria_fase6_outliers_negativos/A2-B0-C2-batch4-r156_pendNEG,bateria_fase6_outliers_negativos,A2-B0-C2-batch4-r156_pendNEG,cosmog,501,0,500,0.5,0.001,500,24.14,499,23.83,True,"completa y verificada; se conservan cosmog_00000, cosmog_00500 y todos los archivos no-volcado (.sink/.ev/.in/.log/.txt/.json)",sarracen OK (1735 partículas)
/Users/alexis/phantom_cs073/bateria_fase7_f702_escalera/A2-B0-C2-batch3-r0_s471829_f702_e1,bateria_fase7_f702_escalera,A2-B0-C2-batch3-r0_s471829_f702_e1,cosmog,501,0,500,0.5,0.001,500,24.14,499,23.83,True,"completa y verificada; se conservan cosmog_00000, cosmog_00500 y todos los archivos no-volcado (.sink/.ev/.in/.log/.txt/.json)",sarracen OK (1703 partículas)
/Users/alexis/phantom_cs073/bateria_fase7_f702_escalera/A2-B0-C2-batch3-r0_s471829_f702_orig,bateria_fase7_f702_escalera,A2-B0-C2-batch3-r0_s471829_f702_orig,cosmog,501,0,500,0.5,0.001,500,24.14,499,23.83,True,"completa y verificada; se conservan cosmog_00000, cosmog_00500 y todos los archivos no-volcado (.sink/.ev/.in/.log/.txt/.json)",sarracen OK (1699 partículas)
/Users/alexis/phantom_cs073/bateria_fase7_f702_escalera/A2-B0-C2-batch3-r111_s482596_f702_e1,bateria_fase7_f702_escalera,A2-B0-C2-batch3-r111_s482596_f702_e1,cosmog,501,0,500,0.5,0.001,500,24.14,499,23.83,True,"completa y verificada; se conservan cosmog_00000, cosmog_00500 y todos los archivos no-volcado (.sink/.ev/.in/.log/.txt/.json)",sarracen OK (1769 partículas)
/Users/alexis/phantom_cs073/bateria_fase7_f702_escalera/A2-B0-C2-batch3-r111_s482596_f702_e4,bateria_fase7_f702_escalera,A2-B0-C2-batch3-r111_s482596_f702_e4,cosmog,501,0,500,0.5,0.001,500,24.14,499,23.83,True,"completa y verificada; se conservan cosmog_00000, cosmog_00500 y todos los archivos no-volcado (.sink/.ev/.in/.log/.txt/.json)",sarracen OK (1706 partículas)
/Users/alexis/phantom_cs073/bateria_fase7_f702_escalera/A2-B0-C2-batch3-r60_s477649_f702_e3,bateria_fase7_f702_escalera,A2-B0-C2-batch3-r60_s477649_f702_e3,cosmog,501,0,500,0.5,0.001,500,24.14,499,23.83,True,"completa y verificada; se conservan cosmog_00000, cosmog_00500 y todos los archivos no-volcado (.sink/.ev/.in/.log/.txt/.json)",sarracen OK (1746 partículas)
/Users/alexis/phantom_cs073/bateria_fase7_f702_escalera/A2-B0-C2-batch3-r60_s477649_f702_e4,bateria_fase7_f702_escalera,A2-B0-C2-batch3-r60_s477649_f702_e4,cosmog,501,0,500,0.5,0.001,500,24.14,499,23.83,True,"completa y verificada; se conservan cosmog_00000, cosmog_00500 y todos los archivos no-volcado (.sink/.ev/.in/.log/.txt/.json)",sarracen OK (1703 partículas)
/Users/alexis/phantom_cs073/bateria_fase7_f702_escalera/A2-B0-C2-batch4-r10_s572799_f702_e3,bateria_fase7_f702_escalera,A2-B0-C2-batch4-r10_s572799_f702_e3,cosmog,501,0,500,0.5,0.001,500,24.14,499,23.83,True,"completa y verificada; se conservan cosmog_00000, cosmog_00500 y todos los archivos no-volcado (.sink/.ev/.in/.log/.txt/.json)",sarracen OK (1737 partículas)
/Users/alexis/phantom_cs073/bateria_fase7_f702_escalera/A2-B0-C2-batch4-r10_s572799_f702_e4,bateria_fase7_f702_escalera,A2-B0-C2-batch4-r10_s572799_f702_e4,cosmog,501,0,500,0.5,0.001,500,24.14,499,23.83,True,"completa y verificada; se conservan cosmog_00000, cosmog_00500 y todos los archivos no-volcado (.sink/.ev/.in/.log/.txt/.json)",sarracen OK (1687 partículas)
/Users/alexis/phantom_cs073/bateria_fase7_f702_escalera/A2-B0-C2-batch4-r36_s575321_f702_e2,bateria_fase7_f702_escalera,A2-B0-C2-batch4-r36_s575321_f702_e2,cosmog,501,0,500,0.5,0.001,500,24.14,499,23.83,True,"completa y verificada; se conservan cosmog_00000, cosmog_00500 y todos los archivos no-volcado (.sink/.ev/.in/.log/.txt/.json)",sarracen OK (1701 partículas)
/Users/alexis/phantom_cs073/bateria_fase7_f702_escalera/A2-B0-C2-batch4-r36_s575321_f702_e3,bateria_fase7_f702_escalera,A2-B0-C2-batch4-r36_s575321_f702_e3,cosmog,501,0,500,0.5,0.001,500,24.14,499,23.83,True,"completa y verificada; se conservan cosmog_00000, cosmog_00500 y todos los archivos no-volcado (.sink/.ev/.in/.log/.txt/.json)",sarracen OK (1698 partículas)
/Users/alexis/phantom_cs073/bateria_fase7_f702_escalera/A2-B0-C2-batch4-r62_s577843_f702_e4,bateria_fase7_f702_escalera,A2-B0-C2-batch4-r62_s577843_f702_e4,cosmog,501,0,500,0.5,0.001,500,24.14,499,23.83,True,"completa y verificada; se conservan cosmog_00000, cosmog_00500 y todos los archivos no-volcado (.sink/.ev/.in/.log/.txt/.json)",sarracen OK (1717 partículas)
/Users/alexis/phantom_cs073/bateria_fase7_f702_escalera/A2-B0-C2-r17_s273478_f702_e4,bateria_fase7_f702_escalera,A2-B0-C2-r17_s273478_f702_e4,cosmog,501,0,500,0.5,0.001,500,24.14,499,23.83,True,"completa y verificada; se conservan cosmog_00000, cosmog_00500 y todos los archivos no-volcado (.sink/.ev/.in/.log/.txt/.json)",sarracen OK (1714 partículas)
/Users/alexis/phantom_cs073/bateria_fase7_f702_escalera/A2-B0-C2-r19_s273672_f702_e4,bateria_fase7_f702_escalera,A2-B0-C2-r19_s273672_f702_e4,cosmog,501,0,500,0.5,0.001,500,24.15,499,23.83,True,"completa y verificada; se conservan cosmog_00000, cosmog_00500 y todos los archivos no-volcado (.sink/.ev/.in/.log/.txt/.json)",sarracen OK (1726 partículas)
/Users/alexis/phantom_cs073/bateria_fase7_f704_cortar_bien/A2-B0-C2-batch3-r100_f704_azar,bateria_fase7_f704_cortar_bien,A2-B0-C2-batch3-r100_f704_azar,cosmog,501,0,500,0.5,0.001,500,24.14,499,23.83,True,"completa y verificada; se conservan cosmog_00000, cosmog_00500 y todos los archivos no-volcado (.sink/.ev/.in/.log/.txt/.json)",sarracen OK (1700 partículas)
/Users/alexis/phantom_cs073/bateria_fase7_f704_cortar_bien/A2-B0-C2-batch3-r100_f704_c2,bateria_fase7_f704_cortar_bien,A2-B0-C2-batch3-r100_f704_c2,cosmog,501,0,500,0.5,0.001,500,24.14,499,23.83,True,"completa y verificada; se conservan cosmog_00000, cosmog_00500 y todos los archivos no-volcado (.sink/.ev/.in/.log/.txt/.json)",sarracen OK (1696 partículas)
/Users/alexis/phantom_cs073/bateria_fase7_f704_cortar_bien/A2-B0-C2-batch3-r100_f704_soporte,bateria_fase7_f704_cortar_bien,A2-B0-C2-batch3-r100_f704_soporte,cosmog,501,0,500,0.5,0.001,500,24.14,499,23.83,True,"completa y verificada; se conservan cosmog_00000, cosmog_00500 y todos los archivos no-volcado (.sink/.ev/.in/.log/.txt/.json)",sarracen OK (1703 partículas)
/Users/alexis/phantom_cs073/bateria_fase7_f704_cortar_bien/A2-B0-C2-batch4-r51_f704_anticosto,bateria_fase7_f704_cortar_bien,A2-B0-C2-batch4-r51_f704_anticosto,cosmog,501,0,500,0.5,0.001,500,24.14,499,23.83,True,"completa y verificada; se conservan cosmog_00000, cosmog_00500 y todos los archivos no-volcado (.sink/.ev/.in/.log/.txt/.json)",sarracen OK (1711 partículas)
/Users/alexis/phantom_cs073/bateria_fase7_f704_cortar_bien/A2-B0-C2-batch4-r51_f704_antisoporte,bateria_fase7_f704_cortar_bien,A2-B0-C2-batch4-r51_f704_antisoporte,cosmog,501,0,500,0.5,0.001,500,24.14,499,23.83,True,"completa y verificada; se conservan cosmog_00000, cosmog_00500 y todos los archivos no-volcado (.sink/.ev/.in/.log/.txt/.json)",sarracen OK (1712 partículas)
/Users/alexis/phantom_cs073/bateria_fase7_f704_cortar_bien/A2-B0-C2-batch4-r51_f704_azar,bateria_fase7_f704_cortar_bien,A2-B0-C2-batch4-r51_f704_azar,cosmog,501,0,500,0.5,0.001,500,24.14,499,23.83,True,"completa y verificada; se conservan cosmog_00000, cosmog_00500 y todos los archivos no-volcado (.sink/.ev/.in/.log/.txt/.json)",sarracen OK (1709 partículas)
/Users/alexis/phantom_cs073/bateria_real_extra_n2000/ic_real_s305,bateria_real_extra_n2000,ic_real_s305,cosmog,501,0,500,0.5,0.001,500,24.14,499,23.83,True,"completa y verificada; se conservan cosmog_00000, cosmog_00500 y todos los archivos no-volcado (.sink/.ev/.in/.log/.txt/.json)",sarracen OK (1756 partículas)
/Users/alexis/phantom_cs073/bateria_fase5b_a2b0c2_escala_v3/A2-B0-C2-batch3-r100_I,bateria_fase5b_a2b0c2_escala_v3,A2-B0-C2-batch3-r100_I,cosmog,501,0,500,0.5,0.001,500,24.14,499,23.82,True,"completa y verificada; se conservan cosmog_00000, cosmog_00500 y todos los archivos no-volcado (.sink/.ev/.in/.log/.txt/.json)",sarracen OK (1700 partículas)
/Users/alexis/phantom_cs073/bateria_fase5b_a2b0c2_escala_v3/A2-B0-C2-batch3-r10_III,bateria_fase5b_a2b0c2_escala_v3,A2-B0-C2-batch3-r10_III,cosmog,501,0,500,0.5,0.001,500,24.13,499,23.82,True,"completa y verificada; se conservan cosmog_00000, cosmog_00500 y todos los archivos no-volcado (.sink/.ev/.in/.log/.txt/.json)",sarracen OK (1760 partículas)
/Users/alexis/phantom_cs073/bateria_fase5b_a2b0c2_escala_v3/A2-B0-C2-batch3-r23_III,bateria_fase5b_a2b0c2_escala_v3,A2-B0-C2-batch3-r23_III,cosmog,501,0,500,0.5,0.001,500,24.14,499,23.82,True,"completa y verificada; se conservan cosmog_00000, cosmog_00500 y todos los archivos no-volcado (.sink/.ev/.in/.log/.txt/.json)",sarracen OK (1765 partículas)
/Users/alexis/phantom_cs073/bateria_fase5b_a2b0c2_escala_v3/A2-B0-C2-batch3-r25_III,bateria_fase5b_a2b0c2_escala_v3,A2-B0-C2-batch3-r25_III,cosmog,501,0,500,0.5,0.001,500,24.14,499,23.82,True,"completa y verificada; se conservan cosmog_00000, cosmog_00500 y todos los archivos no-volcado (.sink/.ev/.in/.log/.txt/.json)",sarracen OK (1774 partículas)
/Users/alexis/phantom_cs073/bateria_fase5b_a2b0c2_escala_v3/A2-B0-C2-batch3-r53_I,bateria_fase5b_a2b0c2_escala_v3,A2-B0-C2-batch3-r53_I,cosmog,501,0,500,0.5,0.001,500,24.13,499,23.82,True,"completa y verificada; se conservan cosmog_00000, cosmog_00500 y todos los archivos no-volcado (.sink/.ev/.in/.log/.txt/.json)",sarracen OK (1808 partículas)
/Users/alexis/phantom_cs073/bateria_fase5b_a2b0c2_escala_v3/A2-B0-C2-batch3-r60_III,bateria_fase5b_a2b0c2_escala_v3,A2-B0-C2-batch3-r60_III,cosmog,501,0,500,0.5,0.001,500,24.13,499,23.82,True,"completa y verificada; se conservan cosmog_00000, cosmog_00500 y todos los archivos no-volcado (.sink/.ev/.in/.log/.txt/.json)",sarracen OK (1749 partículas)
/Users/alexis/phantom_cs073/bateria_fase5b_a2b0c2_escala_v4/A2-B0-C2-batch3-r107_I,bateria_fase5b_a2b0c2_escala_v4,A2-B0-C2-batch3-r107_I,cosmog,501,0,500,0.5,0.001,500,24.13,499,23.82,True,"completa y verificada; se conservan cosmog_00000, cosmog_00500 y todos los archivos no-volcado (.sink/.ev/.in/.log/.txt/.json)",sarracen OK (1787 partículas)
/Users/alexis/phantom_cs073/bateria_fase5b_a2b0c2_escala_v4/A2-B0-C2-batch3-r26_III,bateria_fase5b_a2b0c2_escala_v4,A2-B0-C2-batch3-r26_III,cosmog,501,0,500,0.5,0.001,500,24.13,499,23.82,True,"completa y verificada; se conservan cosmog_00000, cosmog_00500 y todos los archivos no-volcado (.sink/.ev/.in/.log/.txt/.json)",sarracen OK (1777 partículas)
/Users/alexis/phantom_cs073/bateria_fase5b_a2b0c2_escala_v4/A2-B0-C2-batch3-r59_I,bateria_fase5b_a2b0c2_escala_v4,A2-B0-C2-batch3-r59_I,cosmog,501,0,500,0.5,0.001,500,24.13,499,23.82,True,"completa y verificada; se conservan cosmog_00000, cosmog_00500 y todos los archivos no-volcado (.sink/.ev/.in/.log/.txt/.json)",sarracen OK (1793 partículas)
/Users/alexis/phantom_cs073/bateria_fase5b_a2b0c2_escala_v4/A2-B0-C2-batch3-r71_III,bateria_fase5b_a2b0c2_escala_v4,A2-B0-C2-batch3-r71_III,cosmog,501,0,500,0.5,0.001,500,24.13,499,23.82,True,"completa y verificada; se conservan cosmog_00000, cosmog_00500 y todos los archivos no-volcado (.sink/.ev/.in/.log/.txt/.json)",sarracen OK (1740 partículas)
/Users/alexis/phantom_cs073/bateria_fase5b_a2b0c2_escala_v4/A2-B0-C2-batch3-r76_I,bateria_fase5b_a2b0c2_escala_v4,A2-B0-C2-batch3-r76_I,cosmog,501,0,500,0.5,0.001,500,24.13,499,23.82,True,"completa y verificada; se conservan cosmog_00000, cosmog_00500 y todos los archivos no-volcado (.sink/.ev/.in/.log/.txt/.json)",sarracen OK (1787 partículas)
/Users/alexis/phantom_cs073/bateria_fase5b_a2b0c2_escala_v4/A2-B0-C2-batch4-r10_III,bateria_fase5b_a2b0c2_escala_v4,A2-B0-C2-batch4-r10_III,cosmog,501,0,500,0.5,0.001,500,24.14,499,23.82,True,"completa y verificada; se conservan cosmog_00000, cosmog_00500 y todos los archivos no-volcado (.sink/.ev/.in/.log/.txt/.json)",sarracen OK (1744 partículas)
/Users/alexis/phantom_cs073/bateria_fase5b_a2b0c2_escala_v4/A2-B0-C2-batch4-r28_III,bateria_fase5b_a2b0c2_escala_v4,A2-B0-C2-batch4-r28_III,cosmog,501,0,500,0.5,0.001,500,24.13,499,23.82,True,"completa y verificada; se conservan cosmog_00000, cosmog_00500 y todos los archivos no-volcado (.sink/.ev/.in/.log/.txt/.json)",sarracen OK (1787 partículas)
/Users/alexis/phantom_cs073/bateria_fase5b_a2b0c2_escala_v4/A2-B0-C2-batch4-r57_I,bateria_fase5b_a2b0c2_escala_v4,A2-B0-C2-batch4-r57_I,cosmog,501,0,500,0.5,0.001,500,24.13,499,23.82,True,"completa y verificada; se conservan cosmog_00000, cosmog_00500 y todos los archivos no-volcado (.sink/.ev/.in/.log/.txt/.json)",sarracen OK (1801 partículas)
/Users/alexis/phantom_cs073/bateria_fase5b_a2b0c2_escala_v4/A2-B0-C2-batch4-r70_I,bateria_fase5b_a2b0c2_escala_v4,A2-B0-C2-batch4-r70_I,cosmog,501,0,500,0.5,0.001,500,24.13,499,23.82,True,"completa y verificada; se conservan cosmog_00000, cosmog_00500 y todos los archivos no-volcado (.sink/.ev/.in/.log/.txt/.json)",sarracen OK (1804 partículas)
/Users/alexis/phantom_cs073/bateria_fase5b_a2b0c2_piloto/A2-B0-C2-r17_III,bateria_fase5b_a2b0c2_piloto,A2-B0-C2-r17_III,cosmog,501,0,500,0.5,0.001,500,24.13,499,23.82,True,"completa y verificada; se conservan cosmog_00000, cosmog_00500 y todos los archivos no-volcado (.sink/.ev/.in/.log/.txt/.json)",sarracen OK (1758 partículas)
/Users/alexis/phantom_cs073/bateria_fase6_o3b_rewiring/A2-B0-C2-batch3-r0_rewire,bateria_fase6_o3b_rewiring,A2-B0-C2-batch3-r0_rewire,cosmog,501,0,500,0.5,0.001,500,24.13,499,23.82,True,"completa y verificada; se conservan cosmog_00000, cosmog_00500 y todos los archivos no-volcado (.sink/.ev/.in/.log/.txt/.json)",sarracen OK (1704 partículas)
/Users/alexis/phantom_cs073/bateria_fase6_o3b_rewiring/A2-B0-C2-batch3-r111_orig,bateria_fase6_o3b_rewiring,A2-B0-C2-batch3-r111_orig,cosmog,501,0,500,0.5,0.001,500,24.13,499,23.82,True,"completa y verificada; se conservan cosmog_00000, cosmog_00500 y todos los archivos no-volcado (.sink/.ev/.in/.log/.txt/.json)",sarracen OK (1751 partículas)
/Users/alexis/phantom_cs073/bateria_fase6_o3b_rewiring/A2-B0-C2-batch3-r60_orig,bateria_fase6_o3b_rewiring,A2-B0-C2-batch3-r60_orig,cosmog,501,0,500,0.5,0.001,500,24.13,499,23.82,True,"completa y verificada; se conservan cosmog_00000, cosmog_00500 y todos los archivos no-volcado (.sink/.ev/.in/.log/.txt/.json)",sarracen OK (1749 partículas)
/Users/alexis/phantom_cs073/bateria_fase6_o3b_rewiring/A2-B0-C2-batch3-r60_rewire,bateria_fase6_o3b_rewiring,A2-B0-C2-batch3-r60_rewire,cosmog,501,0,500,0.5,0.001,500,24.14,499,23.82,True,"completa y verificada; se conservan cosmog_00000, cosmog_00500 y todos los archivos no-volcado (.sink/.ev/.in/.log/.txt/.json)",sarracen OK (1767 partículas)
/Users/alexis/phantom_cs073/bateria_fase6_o3b_rewiring/A2-B0-C2-batch4-r10_orig,bateria_fase6_o3b_rewiring,A2-B0-C2-batch4-r10_orig,cosmog,501,0,500,0.5,0.001,500,24.14,499,23.82,True,"completa y verificada; se conservan cosmog_00000, cosmog_00500 y todos los archivos no-volcado (.sink/.ev/.in/.log/.txt/.json)",sarracen OK (1744 partículas)
/Users/alexis/phantom_cs073/bateria_fase6_o3b_rewiring/A2-B0-C2-batch4-r10_rewire,bateria_fase6_o3b_rewiring,A2-B0-C2-batch4-r10_rewire,cosmog,501,0,500,0.5,0.001,500,24.13,499,23.82,True,"completa y verificada; se conservan cosmog_00000, cosmog_00500 y todos los archivos no-volcado (.sink/.ev/.in/.log/.txt/.json)",sarracen OK (1761 partículas)
/Users/alexis/phantom_cs073/bateria_fase6_o3b_rewiring/A2-B0-C2-r14_rewire,bateria_fase6_o3b_rewiring,A2-B0-C2-r14_rewire,cosmog,501,0,500,0.5,0.001,500,24.13,499,23.82,True,"completa y verificada; se conservan cosmog_00000, cosmog_00500 y todos los archivos no-volcado (.sink/.ev/.in/.log/.txt/.json)",sarracen OK (1800 partículas)
/Users/alexis/phantom_cs073/bateria_fase6_o3b_rewiring/A2-B0-C2-r17_orig,bateria_fase6_o3b_rewiring,A2-B0-C2-r17_orig,cosmog,501,0,500,0.5,0.001,500,24.13,499,23.82,True,"completa y verificada; se conservan cosmog_00000, cosmog_00500 y todos los archivos no-volcado (.sink/.ev/.in/.log/.txt/.json)",sarracen OK (1758 partículas)
/Users/alexis/phantom_cs073/bateria_fase6_o3b_rewiring/A2-B0-C2-r17_rewire,bateria_fase6_o3b_rewiring,A2-B0-C2-r17_rewire,cosmog,501,0,500,0.5,0.001,500,24.13,499,23.82,True,"completa y verificada; se conservan cosmog_00000, cosmog_00500 y todos los archivos no-volcado (.sink/.ev/.in/.log/.txt/.json)",sarracen OK (1785 partículas)
/Users/alexis/phantom_cs073/bateria_fase6_o3c_mecanistico/A2-B0-C2-mec-r2__c1-rigido-soporte,bateria_fase6_o3c_mecanistico,A2-B0-C2-mec-r2__c1-rigido-soporte,cosmog,501,0,500,0.5,0.001,500,24.13,499,23.82,True,"completa y verificada; se conservan cosmog_00000, cosmog_00500 y todos los archivos no-volcado (.sink/.ev/.in/.log/.txt/.json)",sarracen OK (1760 partículas)
/Users/alexis/phantom_cs073/bateria_fase6_o3c_mecanistico/A2-B0-C2-mec-r7__c1-rigido-soporte,bateria_fase6_o3c_mecanistico,A2-B0-C2-mec-r7__c1-rigido-soporte,cosmog,501,0,500,0.5,0.001,500,24.14,499,23.82,True,"completa y verificada; se conservan cosmog_00000, cosmog_00500 y todos los archivos no-volcado (.sink/.ev/.in/.log/.txt/.json)",sarracen OK (1735 partículas)
/Users/alexis/phantom_cs073/bateria_fase6_o3e_memoria/A2-B0-C2-o3e-s273381-nomem,bateria_fase6_o3e_memoria,A2-B0-C2-o3e-s273381-nomem,cosmog,501,0,500,0.5,0.001,500,24.13,499,23.82,True,"completa y verificada; se conservan cosmog_00000, cosmog_00500 y todos los archivos no-volcado (.sink/.ev/.in/.log/.txt/.json)",sarracen OK (1692 partículas)
/Users/alexis/phantom_cs073/bateria_fase6_o3e_memoria/A2-B0-C2-o3e-s478716-mem,bateria_fase6_o3e_memoria,A2-B0-C2-o3e-s478716-mem,cosmog,501,0,500,0.5,0.001,500,24.13,499,23.82,True,"completa y verificada; se conservan cosmog_00000, cosmog_00500 y todos los archivos no-volcado (.sink/.ev/.in/.log/.txt/.json)",sarracen OK (1740 partículas)
/Users/alexis/phantom_cs073/bateria_fase6_o3e_memoria/A2-B0-C2-o3e-s478716-nomem,bateria_fase6_o3e_memoria,A2-B0-C2-o3e-s478716-nomem,cosmog,501,0,500,0.5,0.001,500,24.13,499,23.82,True,"completa y verificada; se conservan cosmog_00000, cosmog_00500 y todos los archivos no-volcado (.sink/.ev/.in/.log/.txt/.json)",sarracen OK (1747 partículas)
/Users/alexis/phantom_cs073/bateria_fase6_o3e_memoria/A2-B0-C2-o3e-s484633-mem,bateria_fase6_o3e_memoria,A2-B0-C2-o3e-s484633-mem,cosmog,501,0,500,0.5,0.001,500,24.13,499,23.82,True,"completa y verificada; se conservan cosmog_00000, cosmog_00500 y todos los archivos no-volcado (.sink/.ev/.in/.log/.txt/.json)",sarracen OK (1776 partículas)
/Users/alexis/phantom_cs073/bateria_fase6_o3e_memoria/A2-B0-C2-o3e-s484633-nomem,bateria_fase6_o3e_memoria,A2-B0-C2-o3e-s484633-nomem,cosmog,501,0,500,0.5,0.001,500,24.13,499,23.82,True,"completa y verificada; se conservan cosmog_00000, cosmog_00500 y todos los archivos no-volcado (.sink/.ev/.in/.log/.txt/.json)",sarracen OK (1774 partículas)
/Users/alexis/phantom_cs073/bateria_fase6_o3e_memoria/A2-B0-C2-o3e-s575709-mem,bateria_fase6_o3e_memoria,A2-B0-C2-o3e-s575709-mem,cosmog,501,0,500,0.5,0.001,500,24.13,499,23.82,True,"completa y verificada; se conservan cosmog_00000, cosmog_00500 y todos los archivos no-volcado (.sink/.ev/.in/.log/.txt/.json)",sarracen OK (1832 partículas)
/Users/alexis/phantom_cs073/bateria_fase6_o3e_memoria/A2-B0-C2-o3e-s577261-nomem,bateria_fase6_o3e_memoria,A2-B0-C2-o3e-s577261-nomem,cosmog,501,0,500,0.5,0.001,500,24.13,499,23.82,True,"completa y verificada; se conservan cosmog_00000, cosmog_00500 y todos los archivos no-volcado (.sink/.ev/.in/.log/.txt/.json)",sarracen OK (1789 partículas)
/Users/alexis/phantom_cs073/bateria_fase6_outliers_negativos/A2-B0-C2-batch4-r118_pendNEG,bateria_fase6_outliers_negativos,A2-B0-C2-batch4-r118_pendNEG,cosmog,501,0,500,0.5,0.001,500,24.13,499,23.82,True,"completa y verificada; se conservan cosmog_00000, cosmog_00500 y todos los archivos no-volcado (.sink/.ev/.in/.log/.txt/.json)",sarracen OK (1753 partículas)
/Users/alexis/phantom_cs073/bateria_fase6_outliers_negativos/A2-B0-C2-batch4-r178_pendNEG,bateria_fase6_outliers_negativos,A2-B0-C2-batch4-r178_pendNEG,cosmog,501,0,500,0.5,0.001,500,24.13,499,23.82,True,"completa y verificada; se conservan cosmog_00000, cosmog_00500 y todos los archivos no-volcado (.sink/.ev/.in/.log/.txt/.json)",sarracen OK (1696 partículas)
/Users/alexis/phantom_cs073/bateria_fase6_outliers_negativos/A2-B0-C2-batch4-r49_pendNEG,bateria_fase6_outliers_negativos,A2-B0-C2-batch4-r49_pendNEG,cosmog,501,0,500,0.5,0.001,500,24.13,499,23.82,True,"completa y verificada; se conservan cosmog_00000, cosmog_00500 y todos los archivos no-volcado (.sink/.ev/.in/.log/.txt/.json)",sarracen OK (1686 partículas)
/Users/alexis/phantom_cs073/bateria_fase7_f702_escalera/A2-B0-C2-batch3-r0_s471829_f702_e0,bateria_fase7_f702_escalera,A2-B0-C2-batch3-r0_s471829_f702_e0,cosmog,501,0,500,0.5,0.001,500,24.13,499,23.82,True,"completa y verificada; se conservan cosmog_00000, cosmog_00500 y todos los archivos no-volcado (.sink/.ev/.in/.log/.txt/.json)",sarracen OK (1707 partículas)
/Users/alexis/phantom_cs073/bateria_fase7_f702_escalera/A2-B0-C2-batch3-r0_s471829_f702_e2,bateria_fase7_f702_escalera,A2-B0-C2-batch3-r0_s471829_f702_e2,cosmog,501,0,500,0.5,0.001,500,24.13,499,23.82,True,"completa y verificada; se conservan cosmog_00000, cosmog_00500 y todos los archivos no-volcado (.sink/.ev/.in/.log/.txt/.json)",sarracen OK (1711 partículas)
/Users/alexis/phantom_cs073/bateria_fase7_f702_escalera/A2-B0-C2-batch3-r0_s471829_f702_e3,bateria_fase7_f702_escalera,A2-B0-C2-batch3-r0_s471829_f702_e3,cosmog,501,0,500,0.5,0.001,500,24.14,499,23.82,True,"completa y verificada; se conservan cosmog_00000, cosmog_00500 y todos los archivos no-volcado (.sink/.ev/.in/.log/.txt/.json)",sarracen OK (1702 partículas)
/Users/alexis/phantom_cs073/bateria_fase7_f702_escalera/A2-B0-C2-batch3-r111_s482596_f702_e0,bateria_fase7_f702_escalera,A2-B0-C2-batch3-r111_s482596_f702_e0,cosmog,501,0,500,0.5,0.001,500,24.13,499,23.82,True,"completa y verificada; se conservan cosmog_00000, cosmog_00500 y todos los archivos no-volcado (.sink/.ev/.in/.log/.txt/.json)",sarracen OK (1771 partículas)
/Users/alexis/phantom_cs073/bateria_fase7_f702_escalera/A2-B0-C2-batch3-r111_s482596_f702_e2,bateria_fase7_f702_escalera,A2-B0-C2-batch3-r111_s482596_f702_e2,cosmog,501,0,500,0.5,0.001,500,24.14,499,23.82,True,"completa y verificada; se conservan cosmog_00000, cosmog_00500 y todos los archivos no-volcado (.sink/.ev/.in/.log/.txt/.json)",sarracen OK (1766 partículas)
/Users/alexis/phantom_cs073/bateria_fase7_f702_escalera/A2-B0-C2-batch3-r111_s482596_f702_orig,bateria_fase7_f702_escalera,A2-B0-C2-batch3-r111_s482596_f702_orig,cosmog,501,0,500,0.5,0.001,500,24.13,499,23.82,True,"completa y verificada; se conservan cosmog_00000, cosmog_00500 y todos los archivos no-volcado (.sink/.ev/.in/.log/.txt/.json)",sarracen OK (1751 partículas)
/Users/alexis/phantom_cs073/bateria_fase7_f702_escalera/A2-B0-C2-batch3-r60_s477649_f702_e1,bateria_fase7_f702_escalera,A2-B0-C2-batch3-r60_s477649_f702_e1,cosmog,501,0,500,0.5,0.001,500,24.13,499,23.82,True,"completa y verificada; se conservan cosmog_00000, cosmog_00500 y todos los archivos no-volcado (.sink/.ev/.in/.log/.txt/.json)",sarracen OK (1768 partículas)
/Users/alexis/phantom_cs073/bateria_fase7_f702_escalera/A2-B0-C2-batch3-r60_s477649_f702_orig,bateria_fase7_f702_escalera,A2-B0-C2-batch3-r60_s477649_f702_orig,cosmog,501,0,500,0.5,0.001,500,24.13,499,23.82,True,"completa y verificada; se conservan cosmog_00000, cosmog_00500 y todos los archivos no-volcado (.sink/.ev/.in/.log/.txt/.json)",sarracen OK (1749 partículas)
/Users/alexis/phantom_cs073/bateria_fase7_f702_escalera/A2-B0-C2-batch4-r10_s572799_f702_e0,bateria_fase7_f702_escalera,A2-B0-C2-batch4-r10_s572799_f702_e0,cosmog,501,0,500,0.5,0.001,500,24.13,499,23.82,True,"completa y verificada; se conservan cosmog_00000, cosmog_00500 y todos los archivos no-volcado (.sink/.ev/.in/.log/.txt/.json)",sarracen OK (1761 partículas)
/Users/alexis/phantom_cs073/bateria_fase7_f702_escalera/A2-B0-C2-batch4-r10_s572799_f702_e1,bateria_fase7_f702_escalera,A2-B0-C2-batch4-r10_s572799_f702_e1,cosmog,501,0,500,0.5,0.001,500,24.13,499,23.82,True,"completa y verificada; se conservan cosmog_00000, cosmog_00500 y todos los archivos no-volcado (.sink/.ev/.in/.log/.txt/.json)",sarracen OK (1764 partículas)
/Users/alexis/phantom_cs073/bateria_fase7_f702_escalera/A2-B0-C2-batch4-r10_s572799_f702_e2,bateria_fase7_f702_escalera,A2-B0-C2-batch4-r10_s572799_f702_e2,cosmog,501,0,500,0.5,0.001,500,24.13,499,23.82,True,"completa y verificada; se conservan cosmog_00000, cosmog_00500 y todos los archivos no-volcado (.sink/.ev/.in/.log/.txt/.json)",sarracen OK (1744 partículas)
/Users/alexis/phantom_cs073/bateria_fase7_f702_escalera/A2-B0-C2-batch4-r10_s572799_f702_orig,bateria_fase7_f702_escalera,A2-B0-C2-batch4-r10_s572799_f702_orig,cosmog,501,0,500,0.5,0.001,500,24.14,499,23.82,True,"completa y verificada; se conservan cosmog_00000, cosmog_00500 y todos los archivos no-volcado (.sink/.ev/.in/.log/.txt/.json)",sarracen OK (1744 partículas)
/Users/alexis/phantom_cs073/bateria_fase7_f702_escalera/A2-B0-C2-batch4-r36_s575321_f702_e0,bateria_fase7_f702_escalera,A2-B0-C2-batch4-r36_s575321_f702_e0,cosmog,501,0,500,0.5,0.001,500,24.14,499,23.82,True,"completa y verificada; se conservan cosmog_00000, cosmog_00500 y todos los archivos no-volcado (.sink/.ev/.in/.log/.txt/.json)",sarracen OK (1716 partículas)
/Users/alexis/phantom_cs073/bateria_fase7_f702_escalera/A2-B0-C2-batch4-r36_s575321_f702_e1,bateria_fase7_f702_escalera,A2-B0-C2-batch4-r36_s575321_f702_e1,cosmog,501,0,500,0.5,0.001,500,24.14,499,23.82,True,"completa y verificada; se conservan cosmog_00000, cosmog_00500 y todos los archivos no-volcado (.sink/.ev/.in/.log/.txt/.json)",sarracen OK (1707 partículas)
/Users/alexis/phantom_cs073/bateria_fase7_f702_escalera/A2-B0-C2-batch4-r62_s577843_f702_e2,bateria_fase7_f702_escalera,A2-B0-C2-batch4-r62_s577843_f702_e2,cosmog,501,0,500,0.5,0.001,500,24.14,499,23.82,True,"completa y verificada; se conservan cosmog_00000, cosmog_00500 y todos los archivos no-volcado (.sink/.ev/.in/.log/.txt/.json)",sarracen OK (1789 partículas)
/Users/alexis/phantom_cs073/bateria_fase7_f702_escalera/A2-B0-C2-batch4-r62_s577843_f702_e3,bateria_fase7_f702_escalera,A2-B0-C2-batch4-r62_s577843_f702_e3,cosmog,501,0,500,0.5,0.001,500,24.14,499,23.82,True,"completa y verificada; se conservan cosmog_00000, cosmog_00500 y todos los archivos no-volcado (.sink/.ev/.in/.log/.txt/.json)",sarracen OK (1776 partículas)
/Users/alexis/phantom_cs073/bateria_fase7_f702_escalera/A2-B0-C2-r17_s273478_f702_e0,bateria_fase7_f702_escalera,A2-B0-C2-r17_s273478_f702_e0,cosmog,501,0,500,0.5,0.001,500,24.13,499,23.82,True,"completa y verificada; se conservan cosmog_00000, cosmog_00500 y todos los archivos no-volcado (.sink/.ev/.in/.log/.txt/.json)",sarracen OK (1784 partículas)
/Users/alexis/phantom_cs073/bateria_fase7_f702_escalera/A2-B0-C2-r17_s273478_f702_e1,bateria_fase7_f702_escalera,A2-B0-C2-r17_s273478_f702_e1,cosmog,501,0,500,0.5,0.001,500,24.13,499,23.82,True,"completa y verificada; se conservan cosmog_00000, cosmog_00500 y todos los archivos no-volcado (.sink/.ev/.in/.log/.txt/.json)",sarracen OK (1780 partículas)
/Users/alexis/phantom_cs073/bateria_fase7_f702_escalera/A2-B0-C2-r17_s273478_f702_e2,bateria_fase7_f702_escalera,A2-B0-C2-r17_s273478_f702_e2,cosmog,501,0,500,0.5,0.001,500,24.13,499,23.82,True,"completa y verificada; se conservan cosmog_00000, cosmog_00500 y todos los archivos no-volcado (.sink/.ev/.in/.log/.txt/.json)",sarracen OK (1774 partículas)
/Users/alexis/phantom_cs073/bateria_fase7_f702_escalera/A2-B0-C2-r17_s273478_f702_e3,bateria_fase7_f702_escalera,A2-B0-C2-r17_s273478_f702_e3,cosmog,501,0,500,0.5,0.001,500,24.13,499,23.82,True,"completa y verificada; se conservan cosmog_00000, cosmog_00500 y todos los archivos no-volcado (.sink/.ev/.in/.log/.txt/.json)",sarracen OK (1750 partículas)
/Users/alexis/phantom_cs073/bateria_fase7_f702_escalera/A2-B0-C2-r17_s273478_f702_orig,bateria_fase7_f702_escalera,A2-B0-C2-r17_s273478_f702_orig,cosmog,501,0,500,0.5,0.001,500,24.13,499,23.82,True,"completa y verificada; se conservan cosmog_00000, cosmog_00500 y todos los archivos no-volcado (.sink/.ev/.in/.log/.txt/.json)",sarracen OK (1758 partículas)
/Users/alexis/phantom_cs073/bateria_fase7_f702_escalera/A2-B0-C2-r28_s374545_f702_e3,bateria_fase7_f702_escalera,A2-B0-C2-r28_s374545_f702_e3,cosmog,501,0,500,0.5,0.001,500,24.14,499,23.82,True,"completa y verificada; se conservan cosmog_00000, cosmog_00500 y todos los archivos no-volcado (.sink/.ev/.in/.log/.txt/.json)",sarracen OK (1790 partículas)
/Users/alexis/phantom_cs073/bateria_fase7_f702_escalera/A2-B0-C2-r28_s374545_f702_e4,bateria_fase7_f702_escalera,A2-B0-C2-r28_s374545_f702_e4,cosmog,501,0,500,0.5,0.001,500,24.14,499,23.82,True,"completa y verificada; se conservan cosmog_00000, cosmog_00500 y todos los archivos no-volcado (.sink/.ev/.in/.log/.txt/.json)",sarracen OK (1726 partículas)
/Users/alexis/phantom_cs073/bateria_fase7_f702_escalera/A2-B0-C2-r39_s375612_f702_e3,bateria_fase7_f702_escalera,A2-B0-C2-r39_s375612_f702_e3,cosmog,501,0,500,0.5,0.001,500,24.13,499,23.82,True,"completa y verificada; se conservan cosmog_00000, cosmog_00500 y todos los archivos no-volcado (.sink/.ev/.in/.log/.txt/.json)",sarracen OK (1800 partículas)
/Users/alexis/phantom_cs073/bateria_fase7_f702_escalera/A2-B0-C2-r39_s375612_f702_e4,bateria_fase7_f702_escalera,A2-B0-C2-r39_s375612_f702_e4,cosmog,501,0,500,0.5,0.001,500,24.14,499,23.82,True,"completa y verificada; se conservan cosmog_00000, cosmog_00500 y todos los archivos no-volcado (.sink/.ev/.in/.log/.txt/.json)",sarracen OK (1714 partículas)
/Users/alexis/phantom_cs073/bateria_fase7_f704_cortar_bien/A2-B0-C2-batch3-r100_f704_anticosto,bateria_fase7_f704_cortar_bien,A2-B0-C2-batch3-r100_f704_anticosto,cosmog,501,0,500,0.5,0.001,500,24.13,499,23.82,True,"completa y verificada; se conservan cosmog_00000, cosmog_00500 y todos los archivos no-volcado (.sink/.ev/.in/.log/.txt/.json)",sarracen OK (1698 partículas)
/Users/alexis/phantom_cs073/bateria_fase7_f704_cortar_bien/A2-B0-C2-batch3-r100_f704_antisoporte,bateria_fase7_f704_cortar_bien,A2-B0-C2-batch3-r100_f704_antisoporte,cosmog,501,0,500,0.5,0.001,500,24.13,499,23.82,True,"completa y verificada; se conservan cosmog_00000, cosmog_00500 y todos los archivos no-volcado (.sink/.ev/.in/.log/.txt/.json)",sarracen OK (1699 partículas)
/Users/alexis/phantom_cs073/bateria_fase7_f704_cortar_bien/A2-B0-C2-batch3-r21_f704_azar,bateria_fase7_f704_cortar_bien,A2-B0-C2-batch3-r21_f704_azar,cosmog,501,0,500,0.5,0.001,500,24.13,499,23.82,True,"completa y verificada; se conservan cosmog_00000, cosmog_00500 y todos los archivos no-volcado (.sink/.ev/.in/.log/.txt/.json)",sarracen OK (1799 partículas)
/Users/alexis/phantom_cs073/bateria_fase7_f704_cortar_bien/A2-B0-C2-batch3-r21_f704_soporte,bateria_fase7_f704_cortar_bien,A2-B0-C2-batch3-r21_f704_soporte,cosmog,501,0,500,0.5,0.001,500,24.13,499,23.82,True,"completa y verificada; se conservan cosmog_00000, cosmog_00500 y todos los archivos no-volcado (.sink/.ev/.in/.log/.txt/.json)",sarracen OK (1793 partículas)
/Users/alexis/phantom_cs073/bateria_fase7_f704_cortar_bien/A2-B0-C2-batch4-r51_f704_c2,bateria_fase7_f704_cortar_bien,A2-B0-C2-batch4-r51_f704_c2,cosmog,501,0,500,0.5,0.001,500,24.13,499,23.82,True,"completa y verificada; se conservan cosmog_00000, cosmog_00500 y todos los archivos no-volcado (.sink/.ev/.in/.log/.txt/.json)",sarracen OK (1723 partículas)
/Users/alexis/phantom_cs073/bateria_fase7_f704_cortar_bien/A2-B0-C2-batch4-r51_f704_soporte,bateria_fase7_f704_cortar_bien,A2-B0-C2-batch4-r51_f704_soporte,cosmog,501,0,500,0.5,0.001,500,24.14,499,23.82,True,"completa y verificada; se conservan cosmog_00000, cosmog_00500 y todos los archivos no-volcado (.sink/.ev/.in/.log/.txt/.json)",sarracen OK (1712 partículas)
/Users/alexis/phantom_cs073/bateria_fase7_f704_cortar_bien/A2-B0-C2-r14_f704_c2,bateria_fase7_f704_cortar_bien,A2-B0-C2-r14_f704_c2,cosmog,501,0,500,0.5,0.001,500,24.13,499,23.82,True,"completa y verificada; se conservan cosmog_00000, cosmog_00500 y todos los archivos no-volcado (.sink/.ev/.in/.log/.txt/.json)",sarracen OK (1805 partículas)
/Users/alexis/phantom_cs073/bateria_null3_n2000/ic_null3_s504,bateria_null3_n2000,ic_null3_s504,cosmog,501,0,500,0.5,0.001,500,24.13,499,23.82,True,"completa y verificada; se conservan cosmog_00000, cosmog_00500 y todos los archivos no-volcado (.sink/.ev/.in/.log/.txt/.json)",sarracen OK (1766 partículas)
/Users/alexis/phantom_cs073/bateria_null3_n2000/ic_null3_s508,bateria_null3_n2000,ic_null3_s508,cosmog,501,0,500,0.5,0.001,500,24.13,499,23.82,True,"completa y verificada; se conservan cosmog_00000, cosmog_00500 y todos los archivos no-volcado (.sink/.ev/.in/.log/.txt/.json)",sarracen OK (1766 partículas)
/Users/alexis/phantom_cs073/bateria_null4_n2000/ic_null4_s603,bateria_null4_n2000,ic_null4_s603,cosmog,501,0,500,0.5,0.001,500,24.13,499,23.82,True,"completa y verificada; se conservan cosmog_00000, cosmog_00500 y todos los archivos no-volcado (.sink/.ev/.in/.log/.txt/.json)",sarracen OK (1773 partículas)
/Users/alexis/phantom_cs073/bateria_real_extra_n2000/ic_real_s301,bateria_real_extra_n2000,ic_real_s301,cosmog,501,0,500,0.5,0.001,500,24.13,499,23.82,True,"completa y verificada; se conservan cosmog_00000, cosmog_00500 y todos los archivos no-volcado (.sink/.ev/.in/.log/.txt/.json)",sarracen OK (1765 partículas)
/Users/alexis/phantom_cs073/bateria_real_extra_n2000/ic_real_s302,bateria_real_extra_n2000,ic_real_s302,cosmog,501,0,500,0.5,0.001,500,24.13,499,23.82,True,"completa y verificada; se conservan cosmog_00000, cosmog_00500 y todos los archivos no-volcado (.sink/.ev/.in/.log/.txt/.json)",sarracen OK (1765 partículas)
/Users/alexis/phantom_cs073/bateria_real_extra_n2000/ic_real_s303,bateria_real_extra_n2000,ic_real_s303,cosmog,501,0,500,0.5,0.001,500,24.13,499,23.82,True,"completa y verificada; se conservan cosmog_00000, cosmog_00500 y todos los archivos no-volcado (.sink/.ev/.in/.log/.txt/.json)",sarracen OK (1756 partículas)
/Users/alexis/phantom_cs073/ON77_sistemaA_cierre/ic_N2000,ON77_sistemaA_cierre,ic_N2000,cosmog,501,0,500,0.5,0.001,500,24.13,499,23.81,True,"completa y verificada; se conservan cosmog_00000, cosmog_00500 y todos los archivos no-volcado (.sink/.ev/.in/.log/.txt/.json)",sarracen OK (1868 partículas)
/Users/alexis/phantom_cs073/bateria_fase5b_a2b0c2_escala_v2/A2-B0-C2-r20_III,bateria_fase5b_a2b0c2_escala_v2,A2-B0-C2-r20_III,cosmog,501,0,500,0.5,0.001,500,24.12,499,23.81,True,"completa y verificada; se conservan cosmog_00000, cosmog_00500 y todos los archivos no-volcado (.sink/.ev/.in/.log/.txt/.json)",sarracen OK (1827 partículas)
/Users/alexis/phantom_cs073/bateria_fase5b_a2b0c2_escala_v2/A2-B0-C2-r28_III,bateria_fase5b_a2b0c2_escala_v2,A2-B0-C2-r28_III,cosmog,501,0,500,0.5,0.001,500,24.12,499,23.81,True,"completa y verificada; se conservan cosmog_00000, cosmog_00500 y todos los archivos no-volcado (.sink/.ev/.in/.log/.txt/.json)",sarracen OK (1821 partículas)
/Users/alexis/phantom_cs073/bateria_fase5b_a2b0c2_escala_v2/A2-B0-C2-r2v1fix_III,bateria_fase5b_a2b0c2_escala_v2,A2-B0-C2-r2v1fix_III,cosmog,501,0,500,0.5,0.001,500,24.12,499,23.81,True,"completa y verificada; se conservan cosmog_00000, cosmog_00500 y todos los archivos no-volcado (.sink/.ev/.in/.log/.txt/.json)",sarracen OK (1757 partículas)
/Users/alexis/phantom_cs073/bateria_fase5b_a2b0c2_escala_v3/A2-B0-C2-batch3-r104_I,bateria_fase5b_a2b0c2_escala_v3,A2-B0-C2-batch3-r104_I,cosmog,501,0,500,0.5,0.001,500,24.12,499,23.81,True,"completa y verificada; se conservan cosmog_00000, cosmog_00500 y todos los archivos no-volcado (.sink/.ev/.in/.log/.txt/.json)",sarracen OK (1803 partículas)
/Users/alexis/phantom_cs073/bateria_fase5b_a2b0c2_escala_v3/A2-B0-C2-batch3-r114_III,bateria_fase5b_a2b0c2_escala_v3,A2-B0-C2-batch3-r114_III,cosmog,501,0,500,0.5,0.001,500,24.12,499,23.81,True,"completa y verificada; se conservan cosmog_00000, cosmog_00500 y todos los archivos no-volcado (.sink/.ev/.in/.log/.txt/.json)",sarracen OK (1817 partículas)
/Users/alexis/phantom_cs073/bateria_fase5b_a2b0c2_escala_v3/A2-B0-C2-batch3-r12_III,bateria_fase5b_a2b0c2_escala_v3,A2-B0-C2-batch3-r12_III,cosmog,501,0,500,0.5,0.001,500,24.12,499,23.81,True,"completa y verificada; se conservan cosmog_00000, cosmog_00500 y todos los archivos no-volcado (.sink/.ev/.in/.log/.txt/.json)",sarracen OK (1797 partículas)
/Users/alexis/phantom_cs073/bateria_fase5b_a2b0c2_escala_v3/A2-B0-C2-batch3-r21_III,bateria_fase5b_a2b0c2_escala_v3,A2-B0-C2-batch3-r21_III,cosmog,501,0,500,0.5,0.001,500,24.12,499,23.81,True,"completa y verificada; se conservan cosmog_00000, cosmog_00500 y todos los archivos no-volcado (.sink/.ev/.in/.log/.txt/.json)",sarracen OK (1807 partículas)
/Users/alexis/phantom_cs073/bateria_fase5b_a2b0c2_escala_v3/A2-B0-C2-batch3-r31_III,bateria_fase5b_a2b0c2_escala_v3,A2-B0-C2-batch3-r31_III,cosmog,501,0,500,0.5,0.001,500,24.13,499,23.81,True,"completa y verificada; se conservan cosmog_00000, cosmog_00500 y todos los archivos no-volcado (.sink/.ev/.in/.log/.txt/.json)",sarracen OK (1766 partículas)
/Users/alexis/phantom_cs073/bateria_fase5b_a2b0c2_escala_v3/A2-B0-C2-batch3-r35_I,bateria_fase5b_a2b0c2_escala_v3,A2-B0-C2-batch3-r35_I,cosmog,501,0,500,0.5,0.001,500,24.12,499,23.81,True,"completa y verificada; se conservan cosmog_00000, cosmog_00500 y todos los archivos no-volcado (.sink/.ev/.in/.log/.txt/.json)",sarracen OK (1805 partículas)
/Users/alexis/phantom_cs073/bateria_fase5b_a2b0c2_escala_v3/A2-B0-C2-batch3-r44_I,bateria_fase5b_a2b0c2_escala_v3,A2-B0-C2-batch3-r44_I,cosmog,501,0,500,0.5,0.001,500,24.12,499,23.81,True,"completa y verificada; se conservan cosmog_00000, cosmog_00500 y todos los archivos no-volcado (.sink/.ev/.in/.log/.txt/.json)",sarracen OK (1797 partículas)
/Users/alexis/phantom_cs073/bateria_fase5b_a2b0c2_escala_v3/A2-B0-C2-batch3-r48_I,bateria_fase5b_a2b0c2_escala_v3,A2-B0-C2-batch3-r48_I,cosmog,501,0,500,0.5,0.001,500,24.12,499,23.81,True,"completa y verificada; se conservan cosmog_00000, cosmog_00500 y todos los archivos no-volcado (.sink/.ev/.in/.log/.txt/.json)",sarracen OK (1802 partículas)
/Users/alexis/phantom_cs073/bateria_fase5b_a2b0c2_escala_v3/A2-B0-C2-batch3-r50_I,bateria_fase5b_a2b0c2_escala_v3,A2-B0-C2-batch3-r50_I,cosmog,501,0,500,0.5,0.001,500,24.12,499,23.81,True,"completa y verificada; se conservan cosmog_00000, cosmog_00500 y todos los archivos no-volcado (.sink/.ev/.in/.log/.txt/.json)",sarracen OK (1800 partículas)
/Users/alexis/phantom_cs073/bateria_fase5b_a2b0c2_escala_v3/A2-B0-C2-batch3-r86_I,bateria_fase5b_a2b0c2_escala_v3,A2-B0-C2-batch3-r86_I,cosmog,501,0,500,0.5,0.001,500,24.12,499,23.81,True,"completa y verificada; se conservan cosmog_00000, cosmog_00500 y todos los archivos no-volcado (.sink/.ev/.in/.log/.txt/.json)",sarracen OK (1811 partículas)
/Users/alexis/phantom_cs073/bateria_fase5b_a2b0c2_escala_v4/A2-B0-C2-batch3-r108_III,bateria_fase5b_a2b0c2_escala_v4,A2-B0-C2-batch3-r108_III,cosmog,501,0,500,0.5,0.001,500,24.12,499,23.81,True,"completa y verificada; se conservan cosmog_00000, cosmog_00500 y todos los archivos no-volcado (.sink/.ev/.in/.log/.txt/.json)",sarracen OK (1804 partículas)
/Users/alexis/phantom_cs073/bateria_fase5b_a2b0c2_escala_v4/A2-B0-C2-batch3-r111_III,bateria_fase5b_a2b0c2_escala_v4,A2-B0-C2-batch3-r111_III,cosmog,501,0,500,0.5,0.001,500,24.13,499,23.81,True,"completa y verificada; se conservan cosmog_00000, cosmog_00500 y todos los archivos no-volcado (.sink/.ev/.in/.log/.txt/.json)",sarracen OK (1756 partículas)
/Users/alexis/phantom_cs073/bateria_fase5b_a2b0c2_escala_v4/A2-B0-C2-batch3-r120_I,bateria_fase5b_a2b0c2_escala_v4,A2-B0-C2-batch3-r120_I,cosmog,501,0,500,0.5,0.001,500,24.12,499,23.81,True,"completa y verificada; se conservan cosmog_00000, cosmog_00500 y todos los archivos no-volcado (.sink/.ev/.in/.log/.txt/.json)",sarracen OK (1815 partículas)
/Users/alexis/phantom_cs073/bateria_fase5b_a2b0c2_escala_v4/A2-B0-C2-batch3-r143_I,bateria_fase5b_a2b0c2_escala_v4,A2-B0-C2-batch3-r143_I,cosmog,501,0,500,0.5,0.001,500,24.12,499,23.81,True,"completa y verificada; se conservan cosmog_00000, cosmog_00500 y todos los archivos no-volcado (.sink/.ev/.in/.log/.txt/.json)",sarracen OK (1800 partículas)
/Users/alexis/phantom_cs073/bateria_fase5b_a2b0c2_escala_v4/A2-B0-C2-batch3-r58_III,bateria_fase5b_a2b0c2_escala_v4,A2-B0-C2-batch3-r58_III,cosmog,501,0,500,0.5,0.001,500,24.12,499,23.81,True,"completa y verificada; se conservan cosmog_00000, cosmog_00500 y todos los archivos no-volcado (.sink/.ev/.in/.log/.txt/.json)",sarracen OK (1795 partículas)
/Users/alexis/phantom_cs073/bateria_fase5b_a2b0c2_escala_v4/A2-B0-C2-batch3-r70_III,bateria_fase5b_a2b0c2_escala_v4,A2-B0-C2-batch3-r70_III,cosmog,501,0,500,0.5,0.001,500,24.12,499,23.81,True,"completa y verificada; se conservan cosmog_00000, cosmog_00500 y todos los archivos no-volcado (.sink/.ev/.in/.log/.txt/.json)",sarracen OK (1810 partículas)
/Users/alexis/phantom_cs073/bateria_fase5b_a2b0c2_escala_v4/A2-B0-C2-batch4-r0_III,bateria_fase5b_a2b0c2_escala_v4,A2-B0-C2-batch4-r0_III,cosmog,501,0,500,0.5,0.001,500,24.12,499,23.81,True,"completa y verificada; se conservan cosmog_00000, cosmog_00500 y todos los archivos no-volcado (.sink/.ev/.in/.log/.txt/.json)",sarracen OK (1820 partículas)
/Users/alexis/phantom_cs073/bateria_fase5b_a2b0c2_escala_v4/A2-B0-C2-batch4-r12_III,bateria_fase5b_a2b0c2_escala_v4,A2-B0-C2-batch4-r12_III,cosmog,501,0,500,0.5,0.001,500,24.12,499,23.81,True,"completa y verificada; se conservan cosmog_00000, cosmog_00500 y todos los archivos no-volcado (.sink/.ev/.in/.log/.txt/.json)",sarracen OK (1799 partículas)
/Users/alexis/phantom_cs073/bateria_fase5b_a2b0c2_escala_v4/A2-B0-C2-batch4-r15_I,bateria_fase5b_a2b0c2_escala_v4,A2-B0-C2-batch4-r15_I,cosmog,501,0,500,0.5,0.001,500,24.12,499,23.81,True,"completa y verificada; se conservan cosmog_00000, cosmog_00500 y todos los archivos no-volcado (.sink/.ev/.in/.log/.txt/.json)",sarracen OK (1789 partículas)
/Users/alexis/phantom_cs073/bateria_fase5b_a2b0c2_escala_v4/A2-B0-C2-batch4-r19_III,bateria_fase5b_a2b0c2_escala_v4,A2-B0-C2-batch4-r19_III,cosmog,501,0,500,0.5,0.001,500,24.12,499,23.81,True,"completa y verificada; se conservan cosmog_00000, cosmog_00500 y todos los archivos no-volcado (.sink/.ev/.in/.log/.txt/.json)",sarracen OK (1819 partículas)
/Users/alexis/phantom_cs073/bateria_fase5b_a2b0c2_escala_v4/A2-B0-C2-batch4-r1_III,bateria_fase5b_a2b0c2_escala_v4,A2-B0-C2-batch4-r1_III,cosmog,501,0,500,0.5,0.001,500,24.13,499,23.81,True,"completa y verificada; se conservan cosmog_00000, cosmog_00500 y todos los archivos no-volcado (.sink/.ev/.in/.log/.txt/.json)",sarracen OK (1785 partículas)
/Users/alexis/phantom_cs073/bateria_fase5b_a2b0c2_escala_v4/A2-B0-C2-batch4-r26_III,bateria_fase5b_a2b0c2_escala_v4,A2-B0-C2-batch4-r26_III,cosmog,501,0,500,0.5,0.001,500,24.12,499,23.81,True,"completa y verificada; se conservan cosmog_00000, cosmog_00500 y todos los archivos no-volcado (.sink/.ev/.in/.log/.txt/.json)",sarracen OK (1795 partículas)
/Users/alexis/phantom_cs073/bateria_fase5b_a2b0c2_escala_v4/A2-B0-C2-batch4-r31_I,bateria_fase5b_a2b0c2_escala_v4,A2-B0-C2-batch4-r31_I,cosmog,501,0,500,0.5,0.001,500,24.13,499,23.81,True,"completa y verificada; se conservan cosmog_00000, cosmog_00500 y todos los archivos no-volcado (.sink/.ev/.in/.log/.txt/.json)",sarracen OK (1803 partículas)
/Users/alexis/phantom_cs073/bateria_fase5b_a2b0c2_escala_v4/A2-B0-C2-batch4-r38_I,bateria_fase5b_a2b0c2_escala_v4,A2-B0-C2-batch4-r38_I,cosmog,501,0,500,0.5,0.001,500,24.12,499,23.81,True,"completa y verificada; se conservan cosmog_00000, cosmog_00500 y todos los archivos no-volcado (.sink/.ev/.in/.log/.txt/.json)",sarracen OK (1801 partículas)
/Users/alexis/phantom_cs073/bateria_fase5b_a2b0c2_escala_v4/A2-B0-C2-batch4-r39_I,bateria_fase5b_a2b0c2_escala_v4,A2-B0-C2-batch4-r39_I,cosmog,501,0,500,0.5,0.001,500,24.12,499,23.81,True,"completa y verificada; se conservan cosmog_00000, cosmog_00500 y todos los archivos no-volcado (.sink/.ev/.in/.log/.txt/.json)",sarracen OK (1797 partículas)
/Users/alexis/phantom_cs073/bateria_fase5b_a2b0c2_escala_v4/A2-B0-C2-batch4-r41_I,bateria_fase5b_a2b0c2_escala_v4,A2-B0-C2-batch4-r41_I,cosmog,501,0,500,0.5,0.001,500,24.12,499,23.81,True,"completa y verificada; se conservan cosmog_00000, cosmog_00500 y todos los archivos no-volcado (.sink/.ev/.in/.log/.txt/.json)",sarracen OK (1813 partículas)
/Users/alexis/phantom_cs073/bateria_fase5b_a2b0c2_escala_v4/A2-B0-C2-batch4-r43_III,bateria_fase5b_a2b0c2_escala_v4,A2-B0-C2-batch4-r43_III,cosmog,501,0,500,0.5,0.001,500,24.12,499,23.81,True,"completa y verificada; se conservan cosmog_00000, cosmog_00500 y todos los archivos no-volcado (.sink/.ev/.in/.log/.txt/.json)",sarracen OK (1813 partículas)
/Users/alexis/phantom_cs073/bateria_fase5b_a2b0c2_escala_v4/A2-B0-C2-batch4-r44_I,bateria_fase5b_a2b0c2_escala_v4,A2-B0-C2-batch4-r44_I,cosmog,501,0,500,0.5,0.001,500,24.12,499,23.81,True,"completa y verificada; se conservan cosmog_00000, cosmog_00500 y todos los archivos no-volcado (.sink/.ev/.in/.log/.txt/.json)",sarracen OK (1800 partículas)
/Users/alexis/phantom_cs073/bateria_fase5b_a2b0c2_escala_v4/A2-B0-C2-batch4-r47_III,bateria_fase5b_a2b0c2_escala_v4,A2-B0-C2-batch4-r47_III,cosmog,501,0,500,0.5,0.001,500,24.12,499,23.81,True,"completa y verificada; se conservan cosmog_00000, cosmog_00500 y todos los archivos no-volcado (.sink/.ev/.in/.log/.txt/.json)",sarracen OK (1814 partículas)
/Users/alexis/phantom_cs073/bateria_fase5b_a2b0c2_escala_v4/A2-B0-C2-batch4-r62_III,bateria_fase5b_a2b0c2_escala_v4,A2-B0-C2-batch4-r62_III,cosmog,501,0,500,0.5,0.001,500,24.12,499,23.81,True,"completa y verificada; se conservan cosmog_00000, cosmog_00500 y todos los archivos no-volcado (.sink/.ev/.in/.log/.txt/.json)",sarracen OK (1795 partículas)
/Users/alexis/phantom_cs073/bateria_fase5b_a2b0c2_escala_v4/A2-B0-C2-batch4-r94_III,bateria_fase5b_a2b0c2_escala_v4,A2-B0-C2-batch4-r94_III,cosmog,501,0,500,0.5,0.001,500,24.12,499,23.81,True,"completa y verificada; se conservan cosmog_00000, cosmog_00500 y todos los archivos no-volcado (.sink/.ev/.in/.log/.txt/.json)",sarracen OK (1822 partículas)
/Users/alexis/phantom_cs073/bateria_fase5b_a2b0c2_piloto/A2-B0-C2-r14_III,bateria_fase5b_a2b0c2_piloto,A2-B0-C2-r14_III,cosmog,501,0,500,0.5,0.001,500,24.12,499,23.81,True,"completa y verificada; se conservan cosmog_00000, cosmog_00500 y todos los archivos no-volcado (.sink/.ev/.in/.log/.txt/.json)",sarracen OK (1802 partículas)
/Users/alexis/phantom_cs073/bateria_fase5b_a2b0c2_piloto/A2-B0-C2-r6_I,bateria_fase5b_a2b0c2_piloto,A2-B0-C2-r6_I,cosmog,501,0,500,0.5,0.001,500,24.12,499,23.81,True,"completa y verificada; se conservan cosmog_00000, cosmog_00500 y todos los archivos no-volcado (.sink/.ev/.in/.log/.txt/.json)",sarracen OK (1799 partículas)
/Users/alexis/phantom_cs073/bateria_fase6_o3b_rewiring/A2-B0-C2-batch3-r111_rewire,bateria_fase6_o3b_rewiring,A2-B0-C2-batch3-r111_rewire,cosmog,501,0,500,0.5,0.001,500,24.12,499,23.81,True,"completa y verificada; se conservan cosmog_00000, cosmog_00500 y todos los archivos no-volcado (.sink/.ev/.in/.log/.txt/.json)",sarracen OK (1776 partículas)
/Users/alexis/phantom_cs073/bateria_fase6_o3b_rewiring/A2-B0-C2-batch4-r62_orig,bateria_fase6_o3b_rewiring,A2-B0-C2-batch4-r62_orig,cosmog,501,0,500,0.5,0.001,500,24.12,499,23.81,True,"completa y verificada; se conservan cosmog_00000, cosmog_00500 y todos los archivos no-volcado (.sink/.ev/.in/.log/.txt/.json)",sarracen OK (1795 partículas)
/Users/alexis/phantom_cs073/bateria_fase6_o3b_rewiring/A2-B0-C2-batch4-r62_rewire,bateria_fase6_o3b_rewiring,A2-B0-C2-batch4-r62_rewire,cosmog,501,0,500,0.5,0.001,500,24.12,499,23.81,True,"completa y verificada; se conservan cosmog_00000, cosmog_00500 y todos los archivos no-volcado (.sink/.ev/.in/.log/.txt/.json)",sarracen OK (1802 partículas)
/Users/alexis/phantom_cs073/bateria_fase6_o3b_rewiring/A2-B0-C2-r14_orig,bateria_fase6_o3b_rewiring,A2-B0-C2-r14_orig,cosmog,501,0,500,0.5,0.001,500,24.12,499,23.81,True,"completa y verificada; se conservan cosmog_00000, cosmog_00500 y todos los archivos no-volcado (.sink/.ev/.in/.log/.txt/.json)",sarracen OK (1802 partículas)
/Users/alexis/phantom_cs073/bateria_fase6_o3b_rewiring/A2-B0-C2-r19_orig,bateria_fase6_o3b_rewiring,A2-B0-C2-r19_orig,cosmog,501,0,500,0.5,0.001,500,24.12,499,23.81,True,"completa y verificada; se conservan cosmog_00000, cosmog_00500 y todos los archivos no-volcado (.sink/.ev/.in/.log/.txt/.json)",sarracen OK (1819 partículas)
/Users/alexis/phantom_cs073/bateria_fase6_o3b_rewiring/A2-B0-C2-r19_rewire,bateria_fase6_o3b_rewiring,A2-B0-C2-r19_rewire,cosmog,501,0,500,0.5,0.001,500,24.12,499,23.81,True,"completa y verificada; se conservan cosmog_00000, cosmog_00500 y todos los archivos no-volcado (.sink/.ev/.in/.log/.txt/.json)",sarracen OK (1818 partículas)
/Users/alexis/phantom_cs073/bateria_fase6_o3b_rewiring/A2-B0-C2-r20_rewire,bateria_fase6_o3b_rewiring,A2-B0-C2-r20_rewire,cosmog,501,0,500,0.5,0.001,500,24.13,499,23.81,True,"completa y verificada; se conservan cosmog_00000, cosmog_00500 y todos los archivos no-volcado (.sink/.ev/.in/.log/.txt/.json)",sarracen OK (1823 partículas)
/Users/alexis/phantom_cs073/bateria_fase6_o3b_rewiring/A2-B0-C2-r28_orig,bateria_fase6_o3b_rewiring,A2-B0-C2-r28_orig,cosmog,501,0,500,0.5,0.001,500,24.12,499,23.81,True,"completa y verificada; se conservan cosmog_00000, cosmog_00500 y todos los archivos no-volcado (.sink/.ev/.in/.log/.txt/.json)",sarracen OK (1821 partículas)
/Users/alexis/phantom_cs073/bateria_fase6_o3b_rewiring/A2-B0-C2-r28_rewire,bateria_fase6_o3b_rewiring,A2-B0-C2-r28_rewire,cosmog,501,0,500,0.5,0.001,500,24.12,499,23.81,True,"completa y verificada; se conservan cosmog_00000, cosmog_00500 y todos los archivos no-volcado (.sink/.ev/.in/.log/.txt/.json)",sarracen OK (1834 partículas)
/Users/alexis/phantom_cs073/bateria_fase6_o3c_mecanistico/A2-B0-C2-mec-r8__c3-elastico-soporte,bateria_fase6_o3c_mecanistico,A2-B0-C2-mec-r8__c3-elastico-soporte,cosmog,501,0,500,0.5,0.001,500,24.12,499,23.81,True,"completa y verificada; se conservan cosmog_00000, cosmog_00500 y todos los archivos no-volcado (.sink/.ev/.in/.log/.txt/.json)",sarracen OK (1844 partículas)
/Users/alexis/phantom_cs073/bateria_fase6_o3e_memoria/A2-B0-C2-o3e-s477455-mem,bateria_fase6_o3e_memoria,A2-B0-C2-o3e-s477455-mem,cosmog,501,0,500,0.5,0.001,500,24.12,499,23.81,True,"completa y verificada; se conservan cosmog_00000, cosmog_00500 y todos los archivos no-volcado (.sink/.ev/.in/.log/.txt/.json)",sarracen OK (1795 partículas)
/Users/alexis/phantom_cs073/bateria_fase6_o3e_memoria/A2-B0-C2-o3e-s477455-nomem,bateria_fase6_o3e_memoria,A2-B0-C2-o3e-s477455-nomem,cosmog,501,0,500,0.5,0.001,500,24.12,499,23.81,True,"completa y verificada; se conservan cosmog_00000, cosmog_00500 y todos los archivos no-volcado (.sink/.ev/.in/.log/.txt/.json)",sarracen OK (1803 partículas)
/Users/alexis/phantom_cs073/bateria_fase6_o3e_memoria/A2-B0-C2-o3e-s573963-mem,bateria_fase6_o3e_memoria,A2-B0-C2-o3e-s573963-mem,cosmog,501,0,500,0.5,0.001,500,24.12,499,23.81,True,"completa y verificada; se conservan cosmog_00000, cosmog_00500 y todos los archivos no-volcado (.sink/.ev/.in/.log/.txt/.json)",sarracen OK (1810 partículas)
/Users/alexis/phantom_cs073/bateria_fase6_o3e_memoria/A2-B0-C2-o3e-s573963-nomem,bateria_fase6_o3e_memoria,A2-B0-C2-o3e-s573963-nomem,cosmog,501,0,500,0.5,0.001,500,24.12,499,23.81,True,"completa y verificada; se conservan cosmog_00000, cosmog_00500 y todos los archivos no-volcado (.sink/.ev/.in/.log/.txt/.json)",sarracen OK (1818 partículas)
/Users/alexis/phantom_cs073/bateria_fase6_o3e_memoria/A2-B0-C2-o3e-s575709-nomem,bateria_fase6_o3e_memoria,A2-B0-C2-o3e-s575709-nomem,cosmog,501,0,500,0.5,0.001,500,24.12,499,23.81,True,"completa y verificada; se conservan cosmog_00000, cosmog_00500 y todos los archivos no-volcado (.sink/.ev/.in/.log/.txt/.json)",sarracen OK (1830 partículas)
/Users/alexis/phantom_cs073/bateria_fase6_o3e_memoria/A2-B0-C2-o3e-s576679-mem,bateria_fase6_o3e_memoria,A2-B0-C2-o3e-s576679-mem,cosmog,501,0,500,0.5,0.001,500,24.12,499,23.81,True,"completa y verificada; se conservan cosmog_00000, cosmog_00500 y todos los archivos no-volcado (.sink/.ev/.in/.log/.txt/.json)",sarracen OK (1798 partículas)
/Users/alexis/phantom_cs073/bateria_fase6_o3e_memoria/A2-B0-C2-o3e-s576679-nomem,bateria_fase6_o3e_memoria,A2-B0-C2-o3e-s576679-nomem,cosmog,501,0,500,0.5,0.001,500,24.12,499,23.81,True,"completa y verificada; se conservan cosmog_00000, cosmog_00500 y todos los archivos no-volcado (.sink/.ev/.in/.log/.txt/.json)",sarracen OK (1800 partículas)
/Users/alexis/phantom_cs073/bateria_fase6_o3e_memoria/A2-B0-C2-o3e-s577261-mem,bateria_fase6_o3e_memoria,A2-B0-C2-o3e-s577261-mem,cosmog,501,0,500,0.5,0.001,500,24.12,499,23.81,True,"completa y verificada; se conservan cosmog_00000, cosmog_00500 y todos los archivos no-volcado (.sink/.ev/.in/.log/.txt/.json)",sarracen OK (1787 partículas)
/Users/alexis/phantom_cs073/bateria_fase6_outliers_negativos/A2-B0-C2-batch4-r56_pendNEG,bateria_fase6_outliers_negativos,A2-B0-C2-batch4-r56_pendNEG,cosmog,501,0,500,0.5,0.001,500,24.12,499,23.81,True,"completa y verificada; se conservan cosmog_00000, cosmog_00500 y todos los archivos no-volcado (.sink/.ev/.in/.log/.txt/.json)",sarracen OK (1787 partículas)
/Users/alexis/phantom_cs073/bateria_fase7_f702_escalera/A2-B0-C2-batch3-r111_s482596_f702_e3,bateria_fase7_f702_escalera,A2-B0-C2-batch3-r111_s482596_f702_e3,cosmog,501,0,500,0.5,0.001,500,24.12,499,23.81,True,"completa y verificada; se conservan cosmog_00000, cosmog_00500 y todos los archivos no-volcado (.sink/.ev/.in/.log/.txt/.json)",sarracen OK (1749 partículas)
/Users/alexis/phantom_cs073/bateria_fase7_f702_escalera/A2-B0-C2-batch3-r60_s477649_f702_e0,bateria_fase7_f702_escalera,A2-B0-C2-batch3-r60_s477649_f702_e0,cosmog,501,0,500,0.5,0.001,500,24.12,499,23.81,True,"completa y verificada; se conservan cosmog_00000, cosmog_00500 y todos los archivos no-volcado (.sink/.ev/.in/.log/.txt/.json)",sarracen OK (1769 partículas)
/Users/alexis/phantom_cs073/bateria_fase7_f702_escalera/A2-B0-C2-batch3-r60_s477649_f702_e2,bateria_fase7_f702_escalera,A2-B0-C2-batch3-r60_s477649_f702_e2,cosmog,501,0,500,0.5,0.001,500,24.12,499,23.81,True,"completa y verificada; se conservan cosmog_00000, cosmog_00500 y todos los archivos no-volcado (.sink/.ev/.in/.log/.txt/.json)",sarracen OK (1764 partículas)
/Users/alexis/phantom_cs073/bateria_fase7_f702_escalera/A2-B0-C2-batch4-r62_s577843_f702_e0,bateria_fase7_f702_escalera,A2-B0-C2-batch4-r62_s577843_f702_e0,cosmog,501,0,500,0.5,0.001,500,24.12,499,23.81,True,"completa y verificada; se conservan cosmog_00000, cosmog_00500 y todos los archivos no-volcado (.sink/.ev/.in/.log/.txt/.json)",sarracen OK (1797 partículas)
/Users/alexis/phantom_cs073/bateria_fase7_f702_escalera/A2-B0-C2-batch4-r62_s577843_f702_e1,bateria_fase7_f702_escalera,A2-B0-C2-batch4-r62_s577843_f702_e1,cosmog,501,0,500,0.5,0.001,500,24.13,499,23.81,True,"completa y verificada; se conservan cosmog_00000, cosmog_00500 y todos los archivos no-volcado (.sink/.ev/.in/.log/.txt/.json)",sarracen OK (1795 partículas)
/Users/alexis/phantom_cs073/bateria_fase7_f702_escalera/A2-B0-C2-batch4-r62_s577843_f702_orig,bateria_fase7_f702_escalera,A2-B0-C2-batch4-r62_s577843_f702_orig,cosmog,501,0,500,0.5,0.001,500,24.12,499,23.81,True,"completa y verificada; se conservan cosmog_00000, cosmog_00500 y todos los archivos no-volcado (.sink/.ev/.in/.log/.txt/.json)",sarracen OK (1795 partículas)
/Users/alexis/phantom_cs073/bateria_fase7_f702_escalera/A2-B0-C2-r14_s273187_f702_e0,bateria_fase7_f702_escalera,A2-B0-C2-r14_s273187_f702_e0,cosmog,501,0,500,0.5,0.001,500,24.12,499,23.81,True,"completa y verificada; se conservan cosmog_00000, cosmog_00500 y todos los archivos no-volcado (.sink/.ev/.in/.log/.txt/.json)",sarracen OK (1814 partículas)
/Users/alexis/phantom_cs073/bateria_fase7_f702_escalera/A2-B0-C2-r14_s273187_f702_e1,bateria_fase7_f702_escalera,A2-B0-C2-r14_s273187_f702_e1,cosmog,501,0,500,0.5,0.001,500,24.13,499,23.81,True,"completa y verificada; se conservan cosmog_00000, cosmog_00500 y todos los archivos no-volcado (.sink/.ev/.in/.log/.txt/.json)",sarracen OK (1804 partículas)
/Users/alexis/phantom_cs073/bateria_fase7_f702_escalera/A2-B0-C2-r14_s273187_f702_e2,bateria_fase7_f702_escalera,A2-B0-C2-r14_s273187_f702_e2,cosmog,501,0,500,0.5,0.001,500,24.12,499,23.81,True,"completa y verificada; se conservan cosmog_00000, cosmog_00500 y todos los archivos no-volcado (.sink/.ev/.in/.log/.txt/.json)",sarracen OK (1797 partículas)
/Users/alexis/phantom_cs073/bateria_fase7_f702_escalera/A2-B0-C2-r14_s273187_f702_e3,bateria_fase7_f702_escalera,A2-B0-C2-r14_s273187_f702_e3,cosmog,501,0,500,0.5,0.001,500,24.12,499,23.81,True,"completa y verificada; se conservan cosmog_00000, cosmog_00500 y todos los archivos no-volcado (.sink/.ev/.in/.log/.txt/.json)",sarracen OK (1767 partículas)
/Users/alexis/phantom_cs073/bateria_fase7_f702_escalera/A2-B0-C2-r14_s273187_f702_orig,bateria_fase7_f702_escalera,A2-B0-C2-r14_s273187_f702_orig,cosmog,501,0,500,0.5,0.001,500,24.12,499,23.81,True,"completa y verificada; se conservan cosmog_00000, cosmog_00500 y todos los archivos no-volcado (.sink/.ev/.in/.log/.txt/.json)",sarracen OK (1802 partículas)
/Users/alexis/phantom_cs073/bateria_fase7_f702_escalera/A2-B0-C2-r19_s273672_f702_e1,bateria_fase7_f702_escalera,A2-B0-C2-r19_s273672_f702_e1,cosmog,501,0,500,0.5,0.001,500,24.12,499,23.81,True,"completa y verificada; se conservan cosmog_00000, cosmog_00500 y todos los archivos no-volcado (.sink/.ev/.in/.log/.txt/.json)",sarracen OK (1820 partículas)
/Users/alexis/phantom_cs073/bateria_fase7_f702_escalera/A2-B0-C2-r19_s273672_f702_e2,bateria_fase7_f702_escalera,A2-B0-C2-r19_s273672_f702_e2,cosmog,501,0,500,0.5,0.001,500,24.12,499,23.81,True,"completa y verificada; se conservan cosmog_00000, cosmog_00500 y todos los archivos no-volcado (.sink/.ev/.in/.log/.txt/.json)",sarracen OK (1806 partículas)
/Users/alexis/phantom_cs073/bateria_fase7_f702_escalera/A2-B0-C2-r19_s273672_f702_e3,bateria_fase7_f702_escalera,A2-B0-C2-r19_s273672_f702_e3,cosmog,501,0,500,0.5,0.001,500,24.12,499,23.81,True,"completa y verificada; se conservan cosmog_00000, cosmog_00500 y todos los archivos no-volcado (.sink/.ev/.in/.log/.txt/.json)",sarracen OK (1783 partículas)
/Users/alexis/phantom_cs073/bateria_fase7_f702_escalera/A2-B0-C2-r19_s273672_f702_orig,bateria_fase7_f702_escalera,A2-B0-C2-r19_s273672_f702_orig,cosmog,501,0,500,0.5,0.001,500,24.12,499,23.81,True,"completa y verificada; se conservan cosmog_00000, cosmog_00500 y todos los archivos no-volcado (.sink/.ev/.in/.log/.txt/.json)",sarracen OK (1819 partículas)
/Users/alexis/phantom_cs073/bateria_fase7_f702_escalera/A2-B0-C2-r20_s373769_f702_e1,bateria_fase7_f702_escalera,A2-B0-C2-r20_s373769_f702_e1,cosmog,501,0,500,0.5,0.001,500,24.13,499,23.81,True,"completa y verificada; se conservan cosmog_00000, cosmog_00500 y todos los archivos no-volcado (.sink/.ev/.in/.log/.txt/.json)",sarracen OK (1823 partículas)
/Users/alexis/phantom_cs073/bateria_fase7_f702_escalera/A2-B0-C2-r20_s373769_f702_e2,bateria_fase7_f702_escalera,A2-B0-C2-r20_s373769_f702_e2,cosmog,501,0,500,0.5,0.001,500,24.12,499,23.81,True,"completa y verificada; se conservan cosmog_00000, cosmog_00500 y todos los archivos no-volcado (.sink/.ev/.in/.log/.txt/.json)",sarracen OK (1815 partículas)
/Users/alexis/phantom_cs073/bateria_fase7_f702_escalera/A2-B0-C2-r20_s373769_f702_e3,bateria_fase7_f702_escalera,A2-B0-C2-r20_s373769_f702_e3,cosmog,501,0,500,0.5,0.001,500,24.12,499,23.81,True,"completa y verificada; se conservan cosmog_00000, cosmog_00500 y todos los archivos no-volcado (.sink/.ev/.in/.log/.txt/.json)",sarracen OK (1795 partículas)
/Users/alexis/phantom_cs073/bateria_fase7_f702_escalera/A2-B0-C2-r20_s373769_f702_e4,bateria_fase7_f702_escalera,A2-B0-C2-r20_s373769_f702_e4,cosmog,501,0,500,0.5,0.001,500,24.13,499,23.81,True,"completa y verificada; se conservan cosmog_00000, cosmog_00500 y todos los archivos no-volcado (.sink/.ev/.in/.log/.txt/.json)",sarracen OK (1724 partículas)
/Users/alexis/phantom_cs073/bateria_fase7_f702_escalera/A2-B0-C2-r28_s374545_f702_orig,bateria_fase7_f702_escalera,A2-B0-C2-r28_s374545_f702_orig,cosmog,501,0,500,0.5,0.001,500,24.12,499,23.81,True,"completa y verificada; se conservan cosmog_00000, cosmog_00500 y todos los archivos no-volcado (.sink/.ev/.in/.log/.txt/.json)",sarracen OK (1821 partículas)
/Users/alexis/phantom_cs073/bateria_fase7_f704_cortar_bien/A2-B0-C2-batch3-r21_f704_anticosto,bateria_fase7_f704_cortar_bien,A2-B0-C2-batch3-r21_f704_anticosto,cosmog,501,0,500,0.5,0.001,500,24.12,499,23.81,True,"completa y verificada; se conservan cosmog_00000, cosmog_00500 y todos los archivos no-volcado (.sink/.ev/.in/.log/.txt/.json)",sarracen OK (1802 partículas)
/Users/alexis/phantom_cs073/bateria_fase7_f704_cortar_bien/A2-B0-C2-batch3-r21_f704_antisoporte,bateria_fase7_f704_cortar_bien,A2-B0-C2-batch3-r21_f704_antisoporte,cosmog,501,0,500,0.5,0.001,500,24.12,499,23.81,True,"completa y verificada; se conservan cosmog_00000, cosmog_00500 y todos los archivos no-volcado (.sink/.ev/.in/.log/.txt/.json)",sarracen OK (1806 partículas)
/Users/alexis/phantom_cs073/bateria_fase7_f704_cortar_bien/A2-B0-C2-batch4-r43_f704_anticosto,bateria_fase7_f704_cortar_bien,A2-B0-C2-batch4-r43_f704_anticosto,cosmog,501,0,500,0.5,0.001,500,24.12,499,23.81,True,"completa y verificada; se conservan cosmog_00000, cosmog_00500 y todos los archivos no-volcado (.sink/.ev/.in/.log/.txt/.json)",sarracen OK (1814 partículas)
/Users/alexis/phantom_cs073/bateria_fase7_f704_cortar_bien/A2-B0-C2-batch4-r43_f704_azar,bateria_fase7_f704_cortar_bien,A2-B0-C2-batch4-r43_f704_azar,cosmog,501,0,500,0.5,0.001,500,24.12,499,23.81,True,"completa y verificada; se conservan cosmog_00000, cosmog_00500 y todos los archivos no-volcado (.sink/.ev/.in/.log/.txt/.json)",sarracen OK (1804 partículas)
/Users/alexis/phantom_cs073/bateria_fase7_f704_cortar_bien/A2-B0-C2-batch4-r43_f704_c2,bateria_fase7_f704_cortar_bien,A2-B0-C2-batch4-r43_f704_c2,cosmog,501,0,500,0.5,0.001,500,24.12,499,23.81,True,"completa y verificada; se conservan cosmog_00000, cosmog_00500 y todos los archivos no-volcado (.sink/.ev/.in/.log/.txt/.json)",sarracen OK (1816 partículas)
/Users/alexis/phantom_cs073/bateria_fase7_f704_cortar_bien/A2-B0-C2-batch4-r43_f704_soporte,bateria_fase7_f704_cortar_bien,A2-B0-C2-batch4-r43_f704_soporte,cosmog,501,0,500,0.5,0.001,500,24.12,499,23.81,True,"completa y verificada; se conservan cosmog_00000, cosmog_00500 y todos los archivos no-volcado (.sink/.ev/.in/.log/.txt/.json)",sarracen OK (1808 partículas)
/Users/alexis/phantom_cs073/bateria_fase7_f704_cortar_bien/A2-B0-C2-r14_f704_anticosto,bateria_fase7_f704_cortar_bien,A2-B0-C2-r14_f704_anticosto,cosmog,501,0,500,0.5,0.001,500,24.12,499,23.81,True,"completa y verificada; se conservan cosmog_00000, cosmog_00500 y todos los archivos no-volcado (.sink/.ev/.in/.log/.txt/.json)",sarracen OK (1801 partículas)
/Users/alexis/phantom_cs073/bateria_fase7_f704_cortar_bien/A2-B0-C2-r14_f704_antisoporte,bateria_fase7_f704_cortar_bien,A2-B0-C2-r14_f704_antisoporte,cosmog,501,0,500,0.5,0.001,500,24.12,499,23.81,True,"completa y verificada; se conservan cosmog_00000, cosmog_00500 y todos los archivos no-volcado (.sink/.ev/.in/.log/.txt/.json)",sarracen OK (1802 partículas)
/Users/alexis/phantom_cs073/bateria_fase7_f704_cortar_bien/A2-B0-C2-r14_f704_azar,bateria_fase7_f704_cortar_bien,A2-B0-C2-r14_f704_azar,cosmog,501,0,500,0.5,0.001,500,24.12,499,23.81,True,"completa y verificada; se conservan cosmog_00000, cosmog_00500 y todos los archivos no-volcado (.sink/.ev/.in/.log/.txt/.json)",sarracen OK (1801 partículas)
/Users/alexis/phantom_cs073/bateria_fase7_f704_cortar_bien/A2-B0-C2-r14_f704_soporte,bateria_fase7_f704_cortar_bien,A2-B0-C2-r14_f704_soporte,cosmog,501,0,500,0.5,0.001,500,24.12,499,23.81,True,"completa y verificada; se conservan cosmog_00000, cosmog_00500 y todos los archivos no-volcado (.sink/.ev/.in/.log/.txt/.json)",sarracen OK (1800 partículas)
/Users/alexis/phantom_cs073/bateria_fase7_f704_cortar_bien/A2-B0-C2-r19_f704_azar,bateria_fase7_f704_cortar_bien,A2-B0-C2-r19_f704_azar,cosmog,501,0,500,0.5,0.001,500,24.12,499,23.81,True,"completa y verificada; se conservan cosmog_00000, cosmog_00500 y todos los archivos no-volcado (.sink/.ev/.in/.log/.txt/.json)",sarracen OK (1822 partículas)
/Users/alexis/phantom_cs073/bateria_fase7_f704_cortar_bien/A2-B0-C2-r20_f704_c2,bateria_fase7_f704_cortar_bien,A2-B0-C2-r20_f704_c2,cosmog,501,0,500,0.5,0.001,500,24.12,499,23.81,True,"completa y verificada; se conservan cosmog_00000, cosmog_00500 y todos los archivos no-volcado (.sink/.ev/.in/.log/.txt/.json)",sarracen OK (1830 partículas)
/Users/alexis/phantom_cs073/bateria_fase7_f704_cortar_bien/A2-B0-C2-r28_f704_antisoporte,bateria_fase7_f704_cortar_bien,A2-B0-C2-r28_f704_antisoporte,cosmog,501,0,500,0.5,0.001,500,24.12,499,23.81,True,"completa y verificada; se conservan cosmog_00000, cosmog_00500 y todos los archivos no-volcado (.sink/.ev/.in/.log/.txt/.json)",sarracen OK (1824 partículas)
/Users/alexis/phantom_cs073/bateria_fase7_f704_cortar_bien/A2-B0-C2-r28_f704_azar,bateria_fase7_f704_cortar_bien,A2-B0-C2-r28_f704_azar,cosmog,501,0,500,0.5,0.001,500,24.13,499,23.81,True,"completa y verificada; se conservan cosmog_00000, cosmog_00500 y todos los archivos no-volcado (.sink/.ev/.in/.log/.txt/.json)",sarracen OK (1824 partículas)
/Users/alexis/phantom_cs073/bateria_fase7_f704_cortar_bien/A2-B0-C2-r28_f704_c2,bateria_fase7_f704_cortar_bien,A2-B0-C2-r28_f704_c2,cosmog,501,0,500,0.5,0.001,500,24.12,499,23.81,True,"completa y verificada; se conservan cosmog_00000, cosmog_00500 y todos los archivos no-volcado (.sink/.ev/.in/.log/.txt/.json)",sarracen OK (1818 partículas)
/Users/alexis/phantom_cs073/bateria_fase7_f704_cortar_bien/A2-B0-C2-r28_f704_soporte,bateria_fase7_f704_cortar_bien,A2-B0-C2-r28_f704_soporte,cosmog,501,0,500,0.5,0.001,500,24.13,499,23.81,True,"completa y verificada; se conservan cosmog_00000, cosmog_00500 y todos los archivos no-volcado (.sink/.ev/.in/.log/.txt/.json)",sarracen OK (1822 partículas)
/Users/alexis/phantom_cs073/bateria_fase7_f704_cortar_bien/A2-B0-C2-r9_f704_c2,bateria_fase7_f704_cortar_bien,A2-B0-C2-r9_f704_c2,cosmog,501,0,500,0.5,0.001,500,24.12,499,23.81,True,"completa y verificada; se conservan cosmog_00000, cosmog_00500 y todos los archivos no-volcado (.sink/.ev/.in/.log/.txt/.json)",sarracen OK (1837 partículas)
/Users/alexis/phantom_cs073/bateria_n2000/ic_real,bateria_n2000,ic_real,cosmog,501,0,500,0.5,0.001,500,24.12,499,23.81,True,"completa y verificada; se conservan cosmog_00000, cosmog_00500 y todos los archivos no-volcado (.sink/.ev/.in/.log/.txt/.json)",sarracen OK (1774 partículas)
/Users/alexis/phantom_cs073/bateria_null3_n2000/ic_null3_s501,bateria_null3_n2000,ic_null3_s501,cosmog,501,0,500,0.5,0.001,500,24.13,499,23.81,True,"completa y verificada; se conservan cosmog_00000, cosmog_00500 y todos los archivos no-volcado (.sink/.ev/.in/.log/.txt/.json)",sarracen OK (1768 partículas)
/Users/alexis/phantom_cs073/bateria_null3_n2000/ic_null3_s502,bateria_null3_n2000,ic_null3_s502,cosmog,501,0,500,0.5,0.001,500,24.12,499,23.81,True,"completa y verificada; se conservan cosmog_00000, cosmog_00500 y todos los archivos no-volcado (.sink/.ev/.in/.log/.txt/.json)",sarracen OK (1767 partículas)
/Users/alexis/phantom_cs073/bateria_null3_n2000/ic_null3_s503,bateria_null3_n2000,ic_null3_s503,cosmog,501,0,500,0.5,0.001,500,24.13,499,23.81,True,"completa y verificada; se conservan cosmog_00000, cosmog_00500 y todos los archivos no-volcado (.sink/.ev/.in/.log/.txt/.json)",sarracen OK (1761 partículas)
/Users/alexis/phantom_cs073/bateria_null3_n2000/ic_null3_s505,bateria_null3_n2000,ic_null3_s505,cosmog,501,0,500,0.5,0.001,500,24.12,499,23.81,True,"completa y verificada; se conservan cosmog_00000, cosmog_00500 y todos los archivos no-volcado (.sink/.ev/.in/.log/.txt/.json)",sarracen OK (1780 partículas)
/Users/alexis/phantom_cs073/bateria_null3_n2000/ic_null3_s506,bateria_null3_n2000,ic_null3_s506,cosmog,501,0,500,0.5,0.001,500,24.13,499,23.81,True,"completa y verificada; se conservan cosmog_00000, cosmog_00500 y todos los archivos no-volcado (.sink/.ev/.in/.log/.txt/.json)",sarracen OK (1763 partículas)
/Users/alexis/phantom_cs073/bateria_null3_n2000/ic_null3_s507,bateria_null3_n2000,ic_null3_s507,cosmog,501,0,500,0.5,0.001,500,24.12,499,23.81,True,"completa y verificada; se conservan cosmog_00000, cosmog_00500 y todos los archivos no-volcado (.sink/.ev/.in/.log/.txt/.json)",sarracen OK (1768 partículas)
/Users/alexis/phantom_cs073/bateria_null4_n2000/ic_null4_s601,bateria_null4_n2000,ic_null4_s601,cosmog,501,0,500,0.5,0.001,500,24.13,499,23.81,True,"completa y verificada; se conservan cosmog_00000, cosmog_00500 y todos los archivos no-volcado (.sink/.ev/.in/.log/.txt/.json)",sarracen OK (1776 partículas)
/Users/alexis/phantom_cs073/bateria_null4_n2000/ic_null4_s602,bateria_null4_n2000,ic_null4_s602,cosmog,501,0,500,0.5,0.001,500,24.13,499,23.81,True,"completa y verificada; se conservan cosmog_00000, cosmog_00500 y todos los archivos no-volcado (.sink/.ev/.in/.log/.txt/.json)",sarracen OK (1769 partículas)
/Users/alexis/phantom_cs073/bateria_null5_n2000/ic_null5_s801,bateria_null5_n2000,ic_null5_s801,cosmog,501,0,500,0.5,0.001,500,24.12,499,23.81,True,"completa y verificada; se conservan cosmog_00000, cosmog_00500 y todos los archivos no-volcado (.sink/.ev/.in/.log/.txt/.json)",sarracen OK (1774 partículas)
/Users/alexis/phantom_cs073/bateria_null5_n2000/ic_null5_s802,bateria_null5_n2000,ic_null5_s802,cosmog,501,0,500,0.5,0.001,500,24.12,499,23.81,True,"completa y verificada; se conservan cosmog_00000, cosmog_00500 y todos los archivos no-volcado (.sink/.ev/.in/.log/.txt/.json)",sarracen OK (1774 partículas)
/Users/alexis/phantom_cs073/bateria_real_extra_n2000/ic_real_s304,bateria_real_extra_n2000,ic_real_s304,cosmog,501,0,500,0.5,0.001,500,24.13,499,23.81,True,"completa y verificada; se conservan cosmog_00000, cosmog_00500 y todos los archivos no-volcado (.sink/.ev/.in/.log/.txt/.json)",sarracen OK (1782 partículas)
/Users/alexis/phantom_cs073/bateria_fase5b_a2b0c2_escala_v2/A2-B0-C2-r12_I,bateria_fase5b_a2b0c2_escala_v2,A2-B0-C2-r12_I,cosmog,501,0,500,0.5,0.001,500,24.12,499,23.8,True,"completa y verificada; se conservan cosmog_00000, cosmog_00500 y todos los archivos no-volcado (.sink/.ev/.in/.log/.txt/.json)",sarracen OK (1836 partículas)
/Users/alexis/phantom_cs073/bateria_fase5b_a2b0c2_escala_v3/A2-B0-C2-batch3-r5_I,bateria_fase5b_a2b0c2_escala_v3,A2-B0-C2-batch3-r5_I,cosmog,501,0,500,0.5,0.001,500,24.11,499,23.8,True,"completa y verificada; se conservan cosmog_00000, cosmog_00500 y todos los archivos no-volcado (.sink/.ev/.in/.log/.txt/.json)",sarracen OK (1838 partículas)
/Users/alexis/phantom_cs073/bateria_fase5b_a2b0c2_escala_v3/A2-B0-C2-batch3-r69_III,bateria_fase5b_a2b0c2_escala_v3,A2-B0-C2-batch3-r69_III,cosmog,501,0,500,0.5,0.001,500,24.11,499,23.8,True,"completa y verificada; se conservan cosmog_00000, cosmog_00500 y todos los archivos no-volcado (.sink/.ev/.in/.log/.txt/.json)",sarracen OK (1824 partículas)
/Users/alexis/phantom_cs073/bateria_fase5b_a2b0c2_escala_v3/A2-B0-C2-batch3-r83_III,bateria_fase5b_a2b0c2_escala_v3,A2-B0-C2-batch3-r83_III,cosmog,501,0,500,0.5,0.001,500,24.12,499,23.8,True,"completa y verificada; se conservan cosmog_00000, cosmog_00500 y todos los archivos no-volcado (.sink/.ev/.in/.log/.txt/.json)",sarracen OK (1826 partículas)
/Users/alexis/phantom_cs073/bateria_fase5b_a2b0c2_escala_v4/A2-B0-C2-batch3-r112_I,bateria_fase5b_a2b0c2_escala_v4,A2-B0-C2-batch3-r112_I,cosmog,501,0,500,0.5,0.001,500,24.12,499,23.8,True,"completa y verificada; se conservan cosmog_00000, cosmog_00500 y todos los archivos no-volcado (.sink/.ev/.in/.log/.txt/.json)",sarracen OK (1797 partículas)
/Users/alexis/phantom_cs073/bateria_fase5b_a2b0c2_escala_v4/A2-B0-C2-batch4-r11_I,bateria_fase5b_a2b0c2_escala_v4,A2-B0-C2-batch4-r11_I,cosmog,501,0,500,0.5,0.001,500,24.11,499,23.8,True,"completa y verificada; se conservan cosmog_00000, cosmog_00500 y todos los archivos no-volcado (.sink/.ev/.in/.log/.txt/.json)",sarracen OK (1828 partículas)
/Users/alexis/phantom_cs073/bateria_fase5b_a2b0c2_escala_v4/A2-B0-C2-batch4-r23_I,bateria_fase5b_a2b0c2_escala_v4,A2-B0-C2-batch4-r23_I,cosmog,501,0,500,0.5,0.001,500,24.12,499,23.8,True,"completa y verificada; se conservan cosmog_00000, cosmog_00500 y todos los archivos no-volcado (.sink/.ev/.in/.log/.txt/.json)",sarracen OK (1809 partículas)
/Users/alexis/phantom_cs073/bateria_fase5b_a2b0c2_piloto/A2-B0-C2-r19_III,bateria_fase5b_a2b0c2_piloto,A2-B0-C2-r19_III,cosmog,501,0,500,0.5,0.001,500,24.11,499,23.8,True,"completa y verificada; se conservan cosmog_00000, cosmog_00500 y todos los archivos no-volcado (.sink/.ev/.in/.log/.txt/.json)",sarracen OK (1826 partículas)
/Users/alexis/phantom_cs073/bateria_fase5b_a2b0c2_piloto/A2-B0-C2-r1_I,bateria_fase5b_a2b0c2_piloto,A2-B0-C2-r1_I,cosmog,501,0,500,0.5,0.001,500,24.12,499,23.8,True,"completa y verificada; se conservan cosmog_00000, cosmog_00500 y todos los archivos no-volcado (.sink/.ev/.in/.log/.txt/.json)",sarracen OK (1826 partículas)
/Users/alexis/phantom_cs073/bateria_fase5b_a2b0c2_piloto/A2-B0-C2-r9_I,bateria_fase5b_a2b0c2_piloto,A2-B0-C2-r9_I,cosmog,501,0,500,0.5,0.001,500,24.11,499,23.8,True,"completa y verificada; se conservan cosmog_00000, cosmog_00500 y todos los archivos no-volcado (.sink/.ev/.in/.log/.txt/.json)",sarracen OK (1839 partículas)
/Users/alexis/phantom_cs073/bateria_fase6_o3b_rewiring/A2-B0-C2-r20_orig,bateria_fase6_o3b_rewiring,A2-B0-C2-r20_orig,cosmog,501,0,500,0.5,0.001,500,24.12,499,23.8,True,"completa y verificada; se conservan cosmog_00000, cosmog_00500 y todos los archivos no-volcado (.sink/.ev/.in/.log/.txt/.json)",sarracen OK (1828 partículas)
/Users/alexis/phantom_cs073/bateria_fase6_o3c_mecanistico/A2-B0-C2-mec-r0__c4-elastico-azar,bateria_fase6_o3c_mecanistico,A2-B0-C2-mec-r0__c4-elastico-azar,cosmog,501,0,500,0.5,0.001,500,24.11,499,23.8,True,"completa y verificada; se conservan cosmog_00000, cosmog_00500 y todos los archivos no-volcado (.sink/.ev/.in/.log/.txt/.json)",sarracen OK (1834 partículas)
/Users/alexis/phantom_cs073/bateria_fase6_o3c_mecanistico/A2-B0-C2-mec-r11__c1-rigido-soporte,bateria_fase6_o3c_mecanistico,A2-B0-C2-mec-r11__c1-rigido-soporte,cosmog,501,0,500,0.5,0.001,500,24.11,499,23.8,True,"completa y verificada; se conservan cosmog_00000, cosmog_00500 y todos los archivos no-volcado (.sink/.ev/.in/.log/.txt/.json)",sarracen OK (1854 partículas)
/Users/alexis/phantom_cs073/bateria_fase6_o3c_mecanistico/A2-B0-C2-mec-r2__c4-elastico-azar,bateria_fase6_o3c_mecanistico,A2-B0-C2-mec-r2__c4-elastico-azar,cosmog,501,0,500,0.5,0.001,500,24.12,499,23.8,True,"completa y verificada; se conservan cosmog_00000, cosmog_00500 y todos los archivos no-volcado (.sink/.ev/.in/.log/.txt/.json)",sarracen OK (1831 partículas)
/Users/alexis/phantom_cs073/bateria_fase6_o3c_mecanistico/A2-B0-C2-mec-r3__c4-elastico-azar,bateria_fase6_o3c_mecanistico,A2-B0-C2-mec-r3__c4-elastico-azar,cosmog,501,0,500,0.5,0.001,500,24.11,499,23.8,True,"completa y verificada; se conservan cosmog_00000, cosmog_00500 y todos los archivos no-volcado (.sink/.ev/.in/.log/.txt/.json)",sarracen OK (1832 partículas)
/Users/alexis/phantom_cs073/bateria_fase6_o3c_mecanistico/A2-B0-C2-mec-r5__c3-elastico-soporte,bateria_fase6_o3c_mecanistico,A2-B0-C2-mec-r5__c3-elastico-soporte,cosmog,501,0,500,0.5,0.001,500,24.11,499,23.8,True,"completa y verificada; se conservan cosmog_00000, cosmog_00500 y todos los archivos no-volcado (.sink/.ev/.in/.log/.txt/.json)",sarracen OK (1847 partículas)
/Users/alexis/phantom_cs073/bateria_fase6_o3c_mecanistico/A2-B0-C2-mec-r5__c4-elastico-azar,bateria_fase6_o3c_mecanistico,A2-B0-C2-mec-r5__c4-elastico-azar,cosmog,501,0,500,0.5,0.001,500,24.11,499,23.8,True,"completa y verificada; se conservan cosmog_00000, cosmog_00500 y todos los archivos no-volcado (.sink/.ev/.in/.log/.txt/.json)",sarracen OK (1851 partículas)
/Users/alexis/phantom_cs073/bateria_fase6_o3c_mecanistico/A2-B0-C2-mec-r7__c4-elastico-azar,bateria_fase6_o3c_mecanistico,A2-B0-C2-mec-r7__c4-elastico-azar,cosmog,501,0,500,0.5,0.001,500,24.12,499,23.8,True,"completa y verificada; se conservan cosmog_00000, cosmog_00500 y todos los archivos no-volcado (.sink/.ev/.in/.log/.txt/.json)",sarracen OK (1827 partículas)
/Users/alexis/phantom_cs073/bateria_fase6_o3c_mecanistico/A2-B0-C2-mec-r8__c4-elastico-azar,bateria_fase6_o3c_mecanistico,A2-B0-C2-mec-r8__c4-elastico-azar,cosmog,501,0,500,0.5,0.001,500,24.11,499,23.8,True,"completa y verificada; se conservan cosmog_00000, cosmog_00500 y todos los archivos no-volcado (.sink/.ev/.in/.log/.txt/.json)",sarracen OK (1845 partículas)
/Users/alexis/phantom_cs073/bateria_fase6_o3e_memoria/A2-B0-C2-o3e-s475321-mem,bateria_fase6_o3e_memoria,A2-B0-C2-o3e-s475321-mem,cosmog,501,0,500,0.5,0.001,500,24.12,499,23.8,True,"completa y verificada; se conservan cosmog_00000, cosmog_00500 y todos los archivos no-volcado (.sink/.ev/.in/.log/.txt/.json)",sarracen OK (1817 partículas)
/Users/alexis/phantom_cs073/bateria_fase6_o3e_memoria/A2-B0-C2-o3e-s475321-nomem,bateria_fase6_o3e_memoria,A2-B0-C2-o3e-s475321-nomem,cosmog,501,0,500,0.5,0.001,500,24.11,499,23.8,True,"completa y verificada; se conservan cosmog_00000, cosmog_00500 y todos los archivos no-volcado (.sink/.ev/.in/.log/.txt/.json)",sarracen OK (1830 partículas)
/Users/alexis/phantom_cs073/bateria_fase7_f702_escalera/A2-B0-C2-r19_s273672_f702_e0,bateria_fase7_f702_escalera,A2-B0-C2-r19_s273672_f702_e0,cosmog,501,0,500,0.5,0.001,500,24.11,499,23.8,True,"completa y verificada; se conservan cosmog_00000, cosmog_00500 y todos los archivos no-volcado (.sink/.ev/.in/.log/.txt/.json)",sarracen OK (1820 partículas)
/Users/alexis/phantom_cs073/bateria_fase7_f702_escalera/A2-B0-C2-r20_s373769_f702_orig,bateria_fase7_f702_escalera,A2-B0-C2-r20_s373769_f702_orig,cosmog,501,0,500,0.5,0.001,500,24.12,499,23.8,True,"completa y verificada; se conservan cosmog_00000, cosmog_00500 y todos los archivos no-volcado (.sink/.ev/.in/.log/.txt/.json)",sarracen OK (1828 partículas)
/Users/alexis/phantom_cs073/bateria_fase7_f702_escalera/A2-B0-C2-r28_s374545_f702_e1,bateria_fase7_f702_escalera,A2-B0-C2-r28_s374545_f702_e1,cosmog,501,0,500,0.5,0.001,500,24.11,499,23.8,True,"completa y verificada; se conservan cosmog_00000, cosmog_00500 y todos los archivos no-volcado (.sink/.ev/.in/.log/.txt/.json)",sarracen OK (1833 partículas)
/Users/alexis/phantom_cs073/bateria_fase7_f702_escalera/A2-B0-C2-r39_s375612_f702_e1,bateria_fase7_f702_escalera,A2-B0-C2-r39_s375612_f702_e1,cosmog,501,0,500,0.5,0.001,500,24.11,499,23.8,True,"completa y verificada; se conservan cosmog_00000, cosmog_00500 y todos los archivos no-volcado (.sink/.ev/.in/.log/.txt/.json)",sarracen OK (1843 partículas)
/Users/alexis/phantom_cs073/bateria_fase7_f702_escalera/A2-B0-C2-r39_s375612_f702_e2,bateria_fase7_f702_escalera,A2-B0-C2-r39_s375612_f702_e2,cosmog,501,0,500,0.5,0.001,500,24.11,499,23.8,True,"completa y verificada; se conservan cosmog_00000, cosmog_00500 y todos los archivos no-volcado (.sink/.ev/.in/.log/.txt/.json)",sarracen OK (1837 partículas)
/Users/alexis/phantom_cs073/bateria_fase7_f704_cortar_bien/A2-B0-C2-batch3-r21_f704_c2,bateria_fase7_f704_cortar_bien,A2-B0-C2-batch3-r21_f704_c2,cosmog,501,0,500,0.5,0.001,500,24.11,499,23.8,True,"completa y verificada; se conservan cosmog_00000, cosmog_00500 y todos los archivos no-volcado (.sink/.ev/.in/.log/.txt/.json)",sarracen OK (1805 partículas)
/Users/alexis/phantom_cs073/bateria_fase7_f704_cortar_bien/A2-B0-C2-batch4-r18_f704_antisoporte,bateria_fase7_f704_cortar_bien,A2-B0-C2-batch4-r18_f704_antisoporte,cosmog,501,0,500,0.5,0.001,500,24.11,499,23.8,True,"completa y verificada; se conservan cosmog_00000, cosmog_00500 y todos los archivos no-volcado (.sink/.ev/.in/.log/.txt/.json)",sarracen OK (1846 partículas)
/Users/alexis/phantom_cs073/bateria_fase7_f704_cortar_bien/A2-B0-C2-batch4-r18_f704_c2,bateria_fase7_f704_cortar_bien,A2-B0-C2-batch4-r18_f704_c2,cosmog,501,0,500,0.5,0.001,500,24.11,499,23.8,True,"completa y verificada; se conservan cosmog_00000, cosmog_00500 y todos los archivos no-volcado (.sink/.ev/.in/.log/.txt/.json)",sarracen OK (1836 partículas)
/Users/alexis/phantom_cs073/bateria_fase7_f704_cortar_bien/A2-B0-C2-batch4-r18_f704_soporte,bateria_fase7_f704_cortar_bien,A2-B0-C2-batch4-r18_f704_soporte,cosmog,501,0,500,0.5,0.001,500,24.11,499,23.8,True,"completa y verificada; se conservan cosmog_00000, cosmog_00500 y todos los archivos no-volcado (.sink/.ev/.in/.log/.txt/.json)",sarracen OK (1843 partículas)
/Users/alexis/phantom_cs073/bateria_fase7_f704_cortar_bien/A2-B0-C2-batch4-r43_f704_antisoporte,bateria_fase7_f704_cortar_bien,A2-B0-C2-batch4-r43_f704_antisoporte,cosmog,501,0,500,0.5,0.001,500,24.11,499,23.8,True,"completa y verificada; se conservan cosmog_00000, cosmog_00500 y todos los archivos no-volcado (.sink/.ev/.in/.log/.txt/.json)",sarracen OK (1824 partículas)
/Users/alexis/phantom_cs073/bateria_fase7_f704_cortar_bien/A2-B0-C2-r19_f704_anticosto,bateria_fase7_f704_cortar_bien,A2-B0-C2-r19_f704_anticosto,cosmog,501,0,500,0.5,0.001,500,24.11,499,23.8,True,"completa y verificada; se conservan cosmog_00000, cosmog_00500 y todos los archivos no-volcado (.sink/.ev/.in/.log/.txt/.json)",sarracen OK (1827 partículas)
/Users/alexis/phantom_cs073/bateria_fase7_f704_cortar_bien/A2-B0-C2-r19_f704_antisoporte,bateria_fase7_f704_cortar_bien,A2-B0-C2-r19_f704_antisoporte,cosmog,501,0,500,0.5,0.001,500,24.11,499,23.8,True,"completa y verificada; se conservan cosmog_00000, cosmog_00500 y todos los archivos no-volcado (.sink/.ev/.in/.log/.txt/.json)",sarracen OK (1822 partículas)
/Users/alexis/phantom_cs073/bateria_fase7_f704_cortar_bien/A2-B0-C2-r19_f704_c2,bateria_fase7_f704_cortar_bien,A2-B0-C2-r19_f704_c2,cosmog,501,0,500,0.5,0.001,500,24.11,499,23.8,True,"completa y verificada; se conservan cosmog_00000, cosmog_00500 y todos los archivos no-volcado (.sink/.ev/.in/.log/.txt/.json)",sarracen OK (1823 partículas)
/Users/alexis/phantom_cs073/bateria_fase7_f704_cortar_bien/A2-B0-C2-r19_f704_soporte,bateria_fase7_f704_cortar_bien,A2-B0-C2-r19_f704_soporte,cosmog,501,0,500,0.5,0.001,500,24.11,499,23.8,True,"completa y verificada; se conservan cosmog_00000, cosmog_00500 y todos los archivos no-volcado (.sink/.ev/.in/.log/.txt/.json)",sarracen OK (1819 partículas)
/Users/alexis/phantom_cs073/bateria_fase7_f704_cortar_bien/A2-B0-C2-r20_f704_antisoporte,bateria_fase7_f704_cortar_bien,A2-B0-C2-r20_f704_antisoporte,cosmog,501,0,500,0.5,0.001,500,24.11,499,23.8,True,"completa y verificada; se conservan cosmog_00000, cosmog_00500 y todos los archivos no-volcado (.sink/.ev/.in/.log/.txt/.json)",sarracen OK (1834 partículas)
/Users/alexis/phantom_cs073/bateria_fase7_f704_cortar_bien/A2-B0-C2-r20_f704_azar,bateria_fase7_f704_cortar_bien,A2-B0-C2-r20_f704_azar,cosmog,501,0,500,0.5,0.001,500,24.11,499,23.8,True,"completa y verificada; se conservan cosmog_00000, cosmog_00500 y todos los archivos no-volcado (.sink/.ev/.in/.log/.txt/.json)",sarracen OK (1836 partículas)
/Users/alexis/phantom_cs073/bateria_fase7_f704_cortar_bien/A2-B0-C2-r20_f704_soporte,bateria_fase7_f704_cortar_bien,A2-B0-C2-r20_f704_soporte,cosmog,501,0,500,0.5,0.001,500,24.12,499,23.8,True,"completa y verificada; se conservan cosmog_00000, cosmog_00500 y todos los archivos no-volcado (.sink/.ev/.in/.log/.txt/.json)",sarracen OK (1829 partículas)
/Users/alexis/phantom_cs073/bateria_fase7_f704_cortar_bien/A2-B0-C2-r28_f704_anticosto,bateria_fase7_f704_cortar_bien,A2-B0-C2-r28_f704_anticosto,cosmog,501,0,500,0.5,0.001,500,24.12,499,23.8,True,"completa y verificada; se conservan cosmog_00000, cosmog_00500 y todos los archivos no-volcado (.sink/.ev/.in/.log/.txt/.json)",sarracen OK (1826 partículas)
/Users/alexis/phantom_cs073/bateria_fase7_f704_cortar_bien/A2-B0-C2-r2_f704_anticosto,bateria_fase7_f704_cortar_bien,A2-B0-C2-r2_f704_anticosto,cosmog,501,0,500,0.5,0.001,500,24.11,499,23.8,True,"completa y verificada; se conservan cosmog_00000, cosmog_00500 y todos los archivos no-volcado (.sink/.ev/.in/.log/.txt/.json)",sarracen OK (1846 partículas)
/Users/alexis/phantom_cs073/bateria_fase7_f704_cortar_bien/A2-B0-C2-r2_f704_antisoporte,bateria_fase7_f704_cortar_bien,A2-B0-C2-r2_f704_antisoporte,cosmog,501,0,500,0.5,0.001,500,24.11,499,23.8,True,"completa y verificada; se conservan cosmog_00000, cosmog_00500 y todos los archivos no-volcado (.sink/.ev/.in/.log/.txt/.json)",sarracen OK (1853 partículas)
/Users/alexis/phantom_cs073/bateria_fase7_f704_cortar_bien/A2-B0-C2-r2_f704_soporte,bateria_fase7_f704_cortar_bien,A2-B0-C2-r2_f704_soporte,cosmog,501,0,500,0.5,0.001,500,24.11,499,23.8,True,"completa y verificada; se conservan cosmog_00000, cosmog_00500 y todos los archivos no-volcado (.sink/.ev/.in/.log/.txt/.json)",sarracen OK (1846 partículas)
/Users/alexis/phantom_cs073/bateria_fase7_f704_cortar_bien/A2-B0-C2-r9_f704_antisoporte,bateria_fase7_f704_cortar_bien,A2-B0-C2-r9_f704_antisoporte,cosmog,501,0,500,0.5,0.001,500,24.11,499,23.8,True,"completa y verificada; se conservan cosmog_00000, cosmog_00500 y todos los archivos no-volcado (.sink/.ev/.in/.log/.txt/.json)",sarracen OK (1832 partículas)
/Users/alexis/phantom_cs073/bateria_fase7_f704_cortar_bien/A2-B0-C2-r9_f704_soporte,bateria_fase7_f704_cortar_bien,A2-B0-C2-r9_f704_soporte,cosmog,501,0,500,0.5,0.001,500,24.11,499,23.8,True,"completa y verificada; se conservan cosmog_00000, cosmog_00500 y todos los archivos no-volcado (.sink/.ev/.in/.log/.txt/.json)",sarracen OK (1840 partículas)
/Users/alexis/phantom_cs073/test_turbulencia_r9/turbseed_7,test_turbulencia_r9,turbseed_7,cosmog,501,0,500,0.5,0.001,500,24.11,499,23.8,True,"completa y verificada; se conservan cosmog_00000, cosmog_00500 y todos los archivos no-volcado (.sink/.ev/.in/.log/.txt/.json)",sarracen OK (1839 partículas)
/Users/alexis/phantom_cs073/test_turbulencia_r9/turbseed_99,test_turbulencia_r9,turbseed_99,cosmog,501,0,500,0.5,0.001,500,24.11,499,23.8,True,"completa y verificada; se conservan cosmog_00000, cosmog_00500 y todos los archivos no-volcado (.sink/.ev/.in/.log/.txt/.json)",sarracen OK (1841 partículas)
/Users/alexis/phantom_cs073/bateria_fase5b_a2b0c2_escala_v2/A2-B0-C2-r2_I,bateria_fase5b_a2b0c2_escala_v2,A2-B0-C2-r2_I,cosmog,501,0,500,0.5,0.001,500,24.1,499,23.79,True,"completa y verificada; se conservan cosmog_00000, cosmog_00500 y todos los archivos no-volcado (.sink/.ev/.in/.log/.txt/.json)",sarracen OK (1848 partículas)
/Users/alexis/phantom_cs073/bateria_fase5b_a2b0c2_escala_v2/A2-B0-C2-r2_III,bateria_fase5b_a2b0c2_escala_v2,A2-B0-C2-r2_III,cosmog,501,0,500,0.5,0.001,500,24.1,499,23.79,True,"completa y verificada; se conservan cosmog_00000, cosmog_00500 y todos los archivos no-volcado (.sink/.ev/.in/.log/.txt/.json)",sarracen OK (1848 partículas)
/Users/alexis/phantom_cs073/bateria_fase5b_a2b0c2_escala_v2/A2-B0-C2-r39_III,bateria_fase5b_a2b0c2_escala_v2,A2-B0-C2-r39_III,cosmog,501,0,500,0.5,0.001,500,24.1,499,23.79,True,"completa y verificada; se conservan cosmog_00000, cosmog_00500 y todos los archivos no-volcado (.sink/.ev/.in/.log/.txt/.json)",sarracen OK (1843 partículas)
/Users/alexis/phantom_cs073/bateria_fase5b_a2b0c2_escala_v3/A2-B0-C2-batch3-r9_I,bateria_fase5b_a2b0c2_escala_v3,A2-B0-C2-batch3-r9_I,cosmog,501,0,500,0.5,0.001,500,24.1,499,23.79,True,"completa y verificada; se conservan cosmog_00000, cosmog_00500 y todos los archivos no-volcado (.sink/.ev/.in/.log/.txt/.json)",sarracen OK (1847 partículas)
/Users/alexis/phantom_cs073/bateria_fase5b_a2b0c2_escala_v3/A2-B0-C2-r9v2fix_I,bateria_fase5b_a2b0c2_escala_v3,A2-B0-C2-r9v2fix_I,cosmog,501,0,500,0.5,0.001,500,24.1,499,23.79,True,"completa y verificada; se conservan cosmog_00000, cosmog_00500 y todos los archivos no-volcado (.sink/.ev/.in/.log/.txt/.json)",sarracen OK (1850 partículas)
/Users/alexis/phantom_cs073/bateria_fase5b_a2b0c2_escala_v4/A2-B0-C2-batch4-r13_I,bateria_fase5b_a2b0c2_escala_v4,A2-B0-C2-batch4-r13_I,cosmog,501,0,500,0.5,0.001,500,24.11,499,23.79,True,"completa y verificada; se conservan cosmog_00000, cosmog_00500 y todos los archivos no-volcado (.sink/.ev/.in/.log/.txt/.json)",sarracen OK (1847 partículas)
/Users/alexis/phantom_cs073/bateria_fase5b_a2b0c2_escala_v4/A2-B0-C2-batch4-r18_I,bateria_fase5b_a2b0c2_escala_v4,A2-B0-C2-batch4-r18_I,cosmog,501,0,500,0.5,0.001,500,24.1,499,23.79,True,"completa y verificada; se conservan cosmog_00000, cosmog_00500 y todos los archivos no-volcado (.sink/.ev/.in/.log/.txt/.json)",sarracen OK (1836 partículas)
/Users/alexis/phantom_cs073/bateria_fase5b_a2b0c2_escala_v4/A2-B0-C2-batch4-r3_I,bateria_fase5b_a2b0c2_escala_v4,A2-B0-C2-batch4-r3_I,cosmog,501,0,500,0.5,0.001,500,24.1,499,23.79,True,"completa y verificada; se conservan cosmog_00000, cosmog_00500 y todos los archivos no-volcado (.sink/.ev/.in/.log/.txt/.json)",sarracen OK (1849 partículas)
/Users/alexis/phantom_cs073/bateria_fase5b_a2b0c2_escala_v4/A2-B0-C2-batch4-r9_III,bateria_fase5b_a2b0c2_escala_v4,A2-B0-C2-batch4-r9_III,cosmog,501,0,500,0.5,0.001,500,24.1,499,23.79,True,"completa y verificada; se conservan cosmog_00000, cosmog_00500 y todos los archivos no-volcado (.sink/.ev/.in/.log/.txt/.json)",sarracen OK (1841 partículas)
/Users/alexis/phantom_cs073/bateria_fase6_o3b_rewiring/A2-B0-C2-r39_orig,bateria_fase6_o3b_rewiring,A2-B0-C2-r39_orig,cosmog,501,0,500,0.5,0.001,500,24.1,499,23.79,True,"completa y verificada; se conservan cosmog_00000, cosmog_00500 y todos los archivos no-volcado (.sink/.ev/.in/.log/.txt/.json)",sarracen OK (1843 partículas)
/Users/alexis/phantom_cs073/bateria_fase6_o3c_mecanistico/A2-B0-C2-mec-r0__c3-elastico-soporte,bateria_fase6_o3c_mecanistico,A2-B0-C2-mec-r0__c3-elastico-soporte,cosmog,501,0,500,0.5,0.001,500,24.1,499,23.79,True,"completa y verificada; se conservan cosmog_00000, cosmog_00500 y todos los archivos no-volcado (.sink/.ev/.in/.log/.txt/.json)",sarracen OK (1854 partículas)
/Users/alexis/phantom_cs073/bateria_fase6_o3c_mecanistico/A2-B0-C2-mec-r11__c4-elastico-azar,bateria_fase6_o3c_mecanistico,A2-B0-C2-mec-r11__c4-elastico-azar,cosmog,501,0,500,0.5,0.001,500,24.1,499,23.79,True,"completa y verificada; se conservan cosmog_00000, cosmog_00500 y todos los archivos no-volcado (.sink/.ev/.in/.log/.txt/.json)",sarracen OK (1868 partículas)
/Users/alexis/phantom_cs073/bateria_fase6_o3c_mecanistico/A2-B0-C2-mec-r4__c4-elastico-azar,bateria_fase6_o3c_mecanistico,A2-B0-C2-mec-r4__c4-elastico-azar,cosmog,501,0,500,0.5,0.001,500,24.1,499,23.79,True,"completa y verificada; se conservan cosmog_00000, cosmog_00500 y todos los archivos no-volcado (.sink/.ev/.in/.log/.txt/.json)",sarracen OK (1869 partículas)
/Users/alexis/phantom_cs073/bateria_fase6_o3c_mecanistico/A2-B0-C2-mec-r6__c2-rigido-azar,bateria_fase6_o3c_mecanistico,A2-B0-C2-mec-r6__c2-rigido-azar,cosmog,501,0,500,0.5,0.001,500,24.1,499,23.79,True,"completa y verificada; se conservan cosmog_00000, cosmog_00500 y todos los archivos no-volcado (.sink/.ev/.in/.log/.txt/.json)",sarracen OK (1844 partículas)
/Users/alexis/phantom_cs073/bateria_fase6_o3c_mecanistico/A2-B0-C2-mec-r6__c4-elastico-azar,bateria_fase6_o3c_mecanistico,A2-B0-C2-mec-r6__c4-elastico-azar,cosmog,501,0,500,0.5,0.001,500,24.1,499,23.79,True,"completa y verificada; se conservan cosmog_00000, cosmog_00500 y todos los archivos no-volcado (.sink/.ev/.in/.log/.txt/.json)",sarracen OK (1828 partículas)
/Users/alexis/phantom_cs073/bateria_fase6_o3c_mecanistico/A2-B0-C2-mec-r7__c2-rigido-azar,bateria_fase6_o3c_mecanistico,A2-B0-C2-mec-r7__c2-rigido-azar,cosmog,501,0,500,0.5,0.001,500,24.1,499,23.79,True,"completa y verificada; se conservan cosmog_00000, cosmog_00500 y todos los archivos no-volcado (.sink/.ev/.in/.log/.txt/.json)",sarracen OK (1852 partículas)
/Users/alexis/phantom_cs073/bateria_fase6_o3c_mecanistico/A2-B0-C2-mec-r8__c1-rigido-soporte,bateria_fase6_o3c_mecanistico,A2-B0-C2-mec-r8__c1-rigido-soporte,cosmog,501,0,500,0.5,0.001,500,24.11,499,23.79,True,"completa y verificada; se conservan cosmog_00000, cosmog_00500 y todos los archivos no-volcado (.sink/.ev/.in/.log/.txt/.json)",sarracen OK (1846 partículas)
/Users/alexis/phantom_cs073/bateria_fase6_o3c_mecanistico/A2-B0-C2-mec-r8__c2-rigido-azar,bateria_fase6_o3c_mecanistico,A2-B0-C2-mec-r8__c2-rigido-azar,cosmog,501,0,500,0.5,0.001,500,24.1,499,23.79,True,"completa y verificada; se conservan cosmog_00000, cosmog_00500 y todos los archivos no-volcado (.sink/.ev/.in/.log/.txt/.json)",sarracen OK (1841 partículas)
/Users/alexis/phantom_cs073/bateria_fase6_o3e_memoria/A2-B0-C2-o3e-s375224-mem,bateria_fase6_o3e_memoria,A2-B0-C2-o3e-s375224-mem,cosmog,501,0,500,0.5,0.001,500,24.1,499,23.79,True,"completa y verificada; se conservan cosmog_00000, cosmog_00500 y todos los archivos no-volcado (.sink/.ev/.in/.log/.txt/.json)",sarracen OK (1850 partículas)
/Users/alexis/phantom_cs073/bateria_fase6_o3e_memoria/A2-B0-C2-o3e-s375224-nomem,bateria_fase6_o3e_memoria,A2-B0-C2-o3e-s375224-nomem,cosmog,501,0,500,0.5,0.001,500,24.1,499,23.79,True,"completa y verificada; se conservan cosmog_00000, cosmog_00500 y todos los archivos no-volcado (.sink/.ev/.in/.log/.txt/.json)",sarracen OK (1854 partículas)
/Users/alexis/phantom_cs073/bateria_fase6_o3e_memoria/A2-B0-C2-o3e-s582111-nomem,bateria_fase6_o3e_memoria,A2-B0-C2-o3e-s582111-nomem,cosmog,501,0,500,0.5,0.001,500,24.1,499,23.79,True,"completa y verificada; se conservan cosmog_00000, cosmog_00500 y todos los archivos no-volcado (.sink/.ev/.in/.log/.txt/.json)",sarracen OK (1853 partículas)
/Users/alexis/phantom_cs073/bateria_fase6_outliers_negativos/A2-B0-C2-batch3-r15_pendNEG,bateria_fase6_outliers_negativos,A2-B0-C2-batch3-r15_pendNEG,cosmog,501,0,500,0.5,0.001,500,24.1,499,23.79,True,"completa y verificada; se conservan cosmog_00000, cosmog_00500 y todos los archivos no-volcado (.sink/.ev/.in/.log/.txt/.json)",sarracen OK (1846 partículas)
/Users/alexis/phantom_cs073/bateria_fase7_f702_escalera/A2-B0-C2-r20_s373769_f702_e0,bateria_fase7_f702_escalera,A2-B0-C2-r20_s373769_f702_e0,cosmog,501,0,500,0.5,0.001,500,24.1,499,23.79,True,"completa y verificada; se conservan cosmog_00000, cosmog_00500 y todos los archivos no-volcado (.sink/.ev/.in/.log/.txt/.json)",sarracen OK (1830 partículas)
/Users/alexis/phantom_cs073/bateria_fase7_f702_escalera/A2-B0-C2-r28_s374545_f702_e0,bateria_fase7_f702_escalera,A2-B0-C2-r28_s374545_f702_e0,cosmog,501,0,500,0.5,0.001,500,24.1,499,23.79,True,"completa y verificada; se conservan cosmog_00000, cosmog_00500 y todos los archivos no-volcado (.sink/.ev/.in/.log/.txt/.json)",sarracen OK (1843 partículas)
/Users/alexis/phantom_cs073/bateria_fase7_f702_escalera/A2-B0-C2-r28_s374545_f702_e2,bateria_fase7_f702_escalera,A2-B0-C2-r28_s374545_f702_e2,cosmog,501,0,500,0.5,0.001,500,24.1,499,23.79,True,"completa y verificada; se conservan cosmog_00000, cosmog_00500 y todos los archivos no-volcado (.sink/.ev/.in/.log/.txt/.json)",sarracen OK (1830 partículas)
/Users/alexis/phantom_cs073/bateria_fase7_f702_escalera/A2-B0-C2-r39_s375612_f702_orig,bateria_fase7_f702_escalera,A2-B0-C2-r39_s375612_f702_orig,cosmog,501,0,500,0.5,0.001,500,24.1,499,23.79,True,"completa y verificada; se conservan cosmog_00000, cosmog_00500 y todos los archivos no-volcado (.sink/.ev/.in/.log/.txt/.json)",sarracen OK (1843 partículas)
/Users/alexis/phantom_cs073/bateria_fase7_f704_cortar_bien/A2-B0-C2-batch3-r9_f704_anticosto,bateria_fase7_f704_cortar_bien,A2-B0-C2-batch3-r9_f704_anticosto,cosmog,501,0,500,0.5,0.001,500,24.1,499,23.79,True,"completa y verificada; se conservan cosmog_00000, cosmog_00500 y todos los archivos no-volcado (.sink/.ev/.in/.log/.txt/.json)",sarracen OK (1841 partículas)
/Users/alexis/phantom_cs073/bateria_fase7_f704_cortar_bien/A2-B0-C2-batch3-r9_f704_antisoporte,bateria_fase7_f704_cortar_bien,A2-B0-C2-batch3-r9_f704_antisoporte,cosmog,501,0,500,0.5,0.001,500,24.1,499,23.79,True,"completa y verificada; se conservan cosmog_00000, cosmog_00500 y todos los archivos no-volcado (.sink/.ev/.in/.log/.txt/.json)",sarracen OK (1847 partículas)
/Users/alexis/phantom_cs073/bateria_fase7_f704_cortar_bien/A2-B0-C2-batch3-r9_f704_azar,bateria_fase7_f704_cortar_bien,A2-B0-C2-batch3-r9_f704_azar,cosmog,501,0,500,0.5,0.001,500,24.1,499,23.79,True,"completa y verificada; se conservan cosmog_00000, cosmog_00500 y todos los archivos no-volcado (.sink/.ev/.in/.log/.txt/.json)",sarracen OK (1844 partículas)
/Users/alexis/phantom_cs073/bateria_fase7_f704_cortar_bien/A2-B0-C2-batch3-r9_f704_c2,bateria_fase7_f704_cortar_bien,A2-B0-C2-batch3-r9_f704_c2,cosmog,501,0,500,0.5,0.001,500,24.11,499,23.79,True,"completa y verificada; se conservan cosmog_00000, cosmog_00500 y todos los archivos no-volcado (.sink/.ev/.in/.log/.txt/.json)",sarracen OK (1851 partículas)
/Users/alexis/phantom_cs073/bateria_fase7_f704_cortar_bien/A2-B0-C2-batch3-r9_f704_soporte,bateria_fase7_f704_cortar_bien,A2-B0-C2-batch3-r9_f704_soporte,cosmog,501,0,500,0.5,0.001,500,24.1,499,23.79,True,"completa y verificada; se conservan cosmog_00000, cosmog_00500 y todos los archivos no-volcado (.sink/.ev/.in/.log/.txt/.json)",sarracen OK (1847 partículas)
/Users/alexis/phantom_cs073/bateria_fase7_f704_cortar_bien/A2-B0-C2-batch4-r18_f704_anticosto,bateria_fase7_f704_cortar_bien,A2-B0-C2-batch4-r18_f704_anticosto,cosmog,501,0,500,0.5,0.001,500,24.1,499,23.79,True,"completa y verificada; se conservan cosmog_00000, cosmog_00500 y todos los archivos no-volcado (.sink/.ev/.in/.log/.txt/.json)",sarracen OK (1846 partículas)
/Users/alexis/phantom_cs073/bateria_fase7_f704_cortar_bien/A2-B0-C2-batch4-r18_f704_azar,bateria_fase7_f704_cortar_bien,A2-B0-C2-batch4-r18_f704_azar,cosmog,501,0,500,0.5,0.001,500,24.1,499,23.79,True,"completa y verificada; se conservan cosmog_00000, cosmog_00500 y todos los archivos no-volcado (.sink/.ev/.in/.log/.txt/.json)",sarracen OK (1844 partículas)
/Users/alexis/phantom_cs073/bateria_fase7_f704_cortar_bien/A2-B0-C2-r20_f704_anticosto,bateria_fase7_f704_cortar_bien,A2-B0-C2-r20_f704_anticosto,cosmog,501,0,500,0.5,0.001,500,24.1,499,23.79,True,"completa y verificada; se conservan cosmog_00000, cosmog_00500 y todos los archivos no-volcado (.sink/.ev/.in/.log/.txt/.json)",sarracen OK (1834 partículas)
/Users/alexis/phantom_cs073/bateria_fase7_f704_cortar_bien/A2-B0-C2-r2_f704_c2,bateria_fase7_f704_cortar_bien,A2-B0-C2-r2_f704_c2,cosmog,501,0,500,0.5,0.001,500,24.1,499,23.79,True,"completa y verificada; se conservan cosmog_00000, cosmog_00500 y todos los archivos no-volcado (.sink/.ev/.in/.log/.txt/.json)",sarracen OK (1847 partículas)
/Users/alexis/phantom_cs073/bateria_fase7_f704_cortar_bien/A2-B0-C2-r9_f704_anticosto,bateria_fase7_f704_cortar_bien,A2-B0-C2-r9_f704_anticosto,cosmog,501,0,500,0.5,0.001,500,24.1,499,23.79,True,"completa y verificada; se conservan cosmog_00000, cosmog_00500 y todos los archivos no-volcado (.sink/.ev/.in/.log/.txt/.json)",sarracen OK (1835 partículas)
/Users/alexis/phantom_cs073/bateria_fase7_f704_cortar_bien/A2-B0-C2-r9_f704_azar,bateria_fase7_f704_cortar_bien,A2-B0-C2-r9_f704_azar,cosmog,501,0,500,0.5,0.001,500,24.11,499,23.79,True,"completa y verificada; se conservan cosmog_00000, cosmog_00500 y todos los archivos no-volcado (.sink/.ev/.in/.log/.txt/.json)",sarracen OK (1835 partículas)
/Users/alexis/phantom_cs073/bateria_fase5b_a2b0c2_escala_v3/A2-B0-C2-batch3-r1_I,bateria_fase5b_a2b0c2_escala_v3,A2-B0-C2-batch3-r1_I,cosmog,501,0,500,0.5,0.001,500,24.09,499,23.78,True,"completa y verificada; se conservan cosmog_00000, cosmog_00500 y todos los archivos no-volcado (.sink/.ev/.in/.log/.txt/.json)",sarracen OK (1844 partículas)
/Users/alexis/phantom_cs073/bateria_fase6_o3b_rewiring/A2-B0-C2-r39_rewire,bateria_fase6_o3b_rewiring,A2-B0-C2-r39_rewire,cosmog,501,0,500,0.5,0.001,500,24.1,499,23.78,True,"completa y verificada; se conservan cosmog_00000, cosmog_00500 y todos los archivos no-volcado (.sink/.ev/.in/.log/.txt/.json)",sarracen OK (1848 partículas)
/Users/alexis/phantom_cs073/bateria_fase6_o3c_mecanistico/A2-B0-C2-mec-r1__c3-elastico-soporte,bateria_fase6_o3c_mecanistico,A2-B0-C2-mec-r1__c3-elastico-soporte,cosmog,501,0,500,0.5,0.001,500,24.09,499,23.78,True,"completa y verificada; se conservan cosmog_00000, cosmog_00500 y todos los archivos no-volcado (.sink/.ev/.in/.log/.txt/.json)",sarracen OK (1871 partículas)
/Users/alexis/phantom_cs073/bateria_fase6_o3c_mecanistico/A2-B0-C2-mec-r2__c3-elastico-soporte,bateria_fase6_o3c_mecanistico,A2-B0-C2-mec-r2__c3-elastico-soporte,cosmog,501,0,500,0.5,0.001,500,24.1,499,23.78,True,"completa y verificada; se conservan cosmog_00000, cosmog_00500 y todos los archivos no-volcado (.sink/.ev/.in/.log/.txt/.json)",sarracen OK (1862 partículas)
/Users/alexis/phantom_cs073/bateria_fase6_o3c_mecanistico/A2-B0-C2-mec-r3__c3-elastico-soporte,bateria_fase6_o3c_mecanistico,A2-B0-C2-mec-r3__c3-elastico-soporte,cosmog,501,0,500,0.5,0.001,500,24.09,499,23.78,True,"completa y verificada; se conservan cosmog_00000, cosmog_00500 y todos los archivos no-volcado (.sink/.ev/.in/.log/.txt/.json)",sarracen OK (1864 partículas)
/Users/alexis/phantom_cs073/bateria_fase6_o3c_mecanistico/A2-B0-C2-mec-r5__c2-rigido-azar,bateria_fase6_o3c_mecanistico,A2-B0-C2-mec-r5__c2-rigido-azar,cosmog,501,0,500,0.5,0.001,500,24.1,499,23.78,True,"completa y verificada; se conservan cosmog_00000, cosmog_00500 y todos los archivos no-volcado (.sink/.ev/.in/.log/.txt/.json)",sarracen OK (1872 partículas)
/Users/alexis/phantom_cs073/bateria_fase6_o3c_mecanistico/A2-B0-C2-mec-r6__c3-elastico-soporte,bateria_fase6_o3c_mecanistico,A2-B0-C2-mec-r6__c3-elastico-soporte,cosmog,501,0,500,0.5,0.001,500,24.1,499,23.78,True,"completa y verificada; se conservan cosmog_00000, cosmog_00500 y todos los archivos no-volcado (.sink/.ev/.in/.log/.txt/.json)",sarracen OK (1852 partículas)
/Users/alexis/phantom_cs073/bateria_fase6_o3c_mecanistico/A2-B0-C2-mec-r7__c3-elastico-soporte,bateria_fase6_o3c_mecanistico,A2-B0-C2-mec-r7__c3-elastico-soporte,cosmog,501,0,500,0.5,0.001,500,24.09,499,23.78,True,"completa y verificada; se conservan cosmog_00000, cosmog_00500 y todos los archivos no-volcado (.sink/.ev/.in/.log/.txt/.json)",sarracen OK (1859 partículas)
/Users/alexis/phantom_cs073/bateria_fase6_o3e_memoria/A2-B0-C2-o3e-s582111-mem,bateria_fase6_o3e_memoria,A2-B0-C2-o3e-s582111-mem,cosmog,501,0,500,0.5,0.001,500,24.09,499,23.78,True,"completa y verificada; se conservan cosmog_00000, cosmog_00500 y todos los archivos no-volcado (.sink/.ev/.in/.log/.txt/.json)",sarracen OK (1854 partículas)
/Users/alexis/phantom_cs073/bateria_fase6_o3e_memoria/A2-B0-C2-o3e-s584342-mem,bateria_fase6_o3e_memoria,A2-B0-C2-o3e-s584342-mem,cosmog,501,0,500,0.5,0.001,500,24.09,499,23.78,True,"completa y verificada; se conservan cosmog_00000, cosmog_00500 y todos los archivos no-volcado (.sink/.ev/.in/.log/.txt/.json)",sarracen OK (1873 partículas)
/Users/alexis/phantom_cs073/bateria_fase7_f702_escalera/A2-B0-C2-r39_s375612_f702_e0,bateria_fase7_f702_escalera,A2-B0-C2-r39_s375612_f702_e0,cosmog,501,0,500,0.5,0.001,500,24.1,499,23.78,True,"completa y verificada; se conservan cosmog_00000, cosmog_00500 y todos los archivos no-volcado (.sink/.ev/.in/.log/.txt/.json)",sarracen OK (1847 partículas)
/Users/alexis/phantom_cs073/bateria_fase7_f704_cortar_bien/A2-B0-C2-r2_f704_azar,bateria_fase7_f704_cortar_bien,A2-B0-C2-r2_f704_azar,cosmog,501,0,500,0.5,0.001,500,24.1,499,23.78,True,"completa y verificada; se conservan cosmog_00000, cosmog_00500 y todos los archivos no-volcado (.sink/.ev/.in/.log/.txt/.json)",sarracen OK (1847 partículas)
/Users/alexis/phantom_cs073/bateria_grafo_random_n2000/ic_random_s705,bateria_grafo_random_n2000,ic_random_s705,cosmog,501,0,500,0.5,0.001,500,24.09,499,23.78,True,"completa y verificada; se conservan cosmog_00000, cosmog_00500 y todos los archivos no-volcado (.sink/.ev/.in/.log/.txt/.json)",sarracen OK (1877 partículas)
/Users/alexis/phantom_cs073/bateria_fase5b_a2b0c2_escala_v2/A2-B0-C2-r12v1fix_I,bateria_fase5b_a2b0c2_escala_v2,A2-B0-C2-r12v1fix_I,cosmog,501,0,500,0.5,0.001,500,24.08,499,23.77,True,"completa y verificada; se conservan cosmog_00000, cosmog_00500 y todos los archivos no-volcado (.sink/.ev/.in/.log/.txt/.json)",sarracen OK (1876 partículas)
/Users/alexis/phantom_cs073/bateria_fase6_o3c_mecanistico/A2-B0-C2-mec-r0__c2-rigido-azar,bateria_fase6_o3c_mecanistico,A2-B0-C2-mec-r0__c2-rigido-azar,cosmog,501,0,500,0.5,0.001,500,24.09,499,23.77,True,"completa y verificada; se conservan cosmog_00000, cosmog_00500 y todos los archivos no-volcado (.sink/.ev/.in/.log/.txt/.json)",sarracen OK (1868 partículas)
/Users/alexis/phantom_cs073/bateria_fase6_o3c_mecanistico/A2-B0-C2-mec-r11__c3-elastico-soporte,bateria_fase6_o3c_mecanistico,A2-B0-C2-mec-r11__c3-elastico-soporte,cosmog,501,0,500,0.5,0.001,500,24.08,499,23.77,True,"completa y verificada; se conservan cosmog_00000, cosmog_00500 y todos los archivos no-volcado (.sink/.ev/.in/.log/.txt/.json)",sarracen OK (1883 partículas)
/Users/alexis/phantom_cs073/bateria_fase6_o3c_mecanistico/A2-B0-C2-mec-r2__c2-rigido-azar,bateria_fase6_o3c_mecanistico,A2-B0-C2-mec-r2__c2-rigido-azar,cosmog,501,0,500,0.5,0.001,500,24.09,499,23.77,True,"completa y verificada; se conservan cosmog_00000, cosmog_00500 y todos los archivos no-volcado (.sink/.ev/.in/.log/.txt/.json)",sarracen OK (1863 partículas)
/Users/alexis/phantom_cs073/bateria_fase6_o3c_mecanistico/A2-B0-C2-mec-r3__c1-rigido-soporte,bateria_fase6_o3c_mecanistico,A2-B0-C2-mec-r3__c1-rigido-soporte,cosmog,501,0,500,0.5,0.001,500,24.08,499,23.77,True,"completa y verificada; se conservan cosmog_00000, cosmog_00500 y todos los archivos no-volcado (.sink/.ev/.in/.log/.txt/.json)",sarracen OK (1878 partículas)
/Users/alexis/phantom_cs073/bateria_fase6_o3c_mecanistico/A2-B0-C2-mec-r4__c3-elastico-soporte,bateria_fase6_o3c_mecanistico,A2-B0-C2-mec-r4__c3-elastico-soporte,cosmog,501,0,500,0.5,0.001,500,24.08,499,23.77,True,"completa y verificada; se conservan cosmog_00000, cosmog_00500 y todos los archivos no-volcado (.sink/.ev/.in/.log/.txt/.json)",sarracen OK (1873 partículas)
/Users/alexis/phantom_cs073/bateria_fase6_o3e_memoria/A2-B0-C2-o3e-s485506-nomem,bateria_fase6_o3e_memoria,A2-B0-C2-o3e-s485506-nomem,cosmog,501,0,500,0.5,0.001,500,24.08,499,23.77,True,"completa y verificada; se conservan cosmog_00000, cosmog_00500 y todos los archivos no-volcado (.sink/.ev/.in/.log/.txt/.json)",sarracen OK (1881 partículas)
/Users/alexis/phantom_cs073/bateria_grafo_random_masa_fija/ic_masaFija_N2000_s2,bateria_grafo_random_masa_fija,ic_masaFija_N2000_s2,cosmog,501,0,500,0.5,0.001,500,24.08,499,23.77,True,"completa y verificada; se conservan cosmog_00000, cosmog_00500 y todos los archivos no-volcado (.sink/.ev/.in/.log/.txt/.json)",sarracen OK (1882 partículas)
/Users/alexis/phantom_cs073/bateria_grafo_random_n2000/ic_random_s701,bateria_grafo_random_n2000,ic_random_s701,cosmog,501,0,500,0.5,0.001,500,24.08,499,23.77,True,"completa y verificada; se conservan cosmog_00000, cosmog_00500 y todos los archivos no-volcado (.sink/.ev/.in/.log/.txt/.json)",sarracen OK (1883 partículas)
/Users/alexis/phantom_cs073/bateria_grafo_random_n2000/ic_random_s702,bateria_grafo_random_n2000,ic_random_s702,cosmog,501,0,500,0.5,0.001,500,24.09,499,23.77,True,"completa y verificada; se conservan cosmog_00000, cosmog_00500 y todos los archivos no-volcado (.sink/.ev/.in/.log/.txt/.json)",sarracen OK (1876 partículas)
/Users/alexis/phantom_cs073/bateria_grafo_random_n2000/ic_random_s703,bateria_grafo_random_n2000,ic_random_s703,cosmog,501,0,500,0.5,0.001,500,24.08,499,23.77,True,"completa y verificada; se conservan cosmog_00000, cosmog_00500 y todos los archivos no-volcado (.sink/.ev/.in/.log/.txt/.json)",sarracen OK (1874 partículas)
/Users/alexis/phantom_cs073/bateria_grafo_random_n2000/ic_random_s706,bateria_grafo_random_n2000,ic_random_s706,cosmog,501,0,500,0.5,0.001,500,24.08,499,23.77,True,"completa y verificada; se conservan cosmog_00000, cosmog_00500 y todos los archivos no-volcado (.sink/.ev/.in/.log/.txt/.json)",sarracen OK (1876 partículas)
/Users/alexis/phantom_cs073/bateria_fase6_o3c_mecanistico/A2-B0-C2-mec-r11__c2-rigido-azar,bateria_fase6_o3c_mecanistico,A2-B0-C2-mec-r11__c2-rigido-azar,cosmog,501,0,500,0.5,0.001,500,24.07,499,23.76,True,"completa y verificada; se conservan cosmog_00000, cosmog_00500 y todos los archivos no-volcado (.sink/.ev/.in/.log/.txt/.json)",sarracen OK (1887 partículas)
/Users/alexis/phantom_cs073/bateria_fase6_o3c_mecanistico/A2-B0-C2-mec-r1__c4-elastico-azar,bateria_fase6_o3c_mecanistico,A2-B0-C2-mec-r1__c4-elastico-azar,cosmog,501,0,500,0.5,0.001,500,24.08,499,23.76,True,"completa y verificada; se conservan cosmog_00000, cosmog_00500 y todos los archivos no-volcado (.sink/.ev/.in/.log/.txt/.json)",sarracen OK (1885 partículas)
/Users/alexis/phantom_cs073/bateria_fase6_o3c_mecanistico/A2-B0-C2-mec-r4__c1-rigido-soporte,bateria_fase6_o3c_mecanistico,A2-B0-C2-mec-r4__c1-rigido-soporte,cosmog,501,0,500,0.5,0.001,500,24.08,499,23.76,True,"completa y verificada; se conservan cosmog_00000, cosmog_00500 y todos los archivos no-volcado (.sink/.ev/.in/.log/.txt/.json)",sarracen OK (1876 partículas)
/Users/alexis/phantom_cs073/bateria_fase6_o3c_mecanistico/A2-B0-C2-mec-r4__c2-rigido-azar,bateria_fase6_o3c_mecanistico,A2-B0-C2-mec-r4__c2-rigido-azar,cosmog,501,0,500,0.5,0.001,500,24.07,499,23.76,True,"completa y verificada; se conservan cosmog_00000, cosmog_00500 y todos los archivos no-volcado (.sink/.ev/.in/.log/.txt/.json)",sarracen OK (1876 partículas)
/Users/alexis/phantom_cs073/bateria_fase6_o3c_mecanistico/A2-B0-C2-mec-r5__c1-rigido-soporte,bateria_fase6_o3c_mecanistico,A2-B0-C2-mec-r5__c1-rigido-soporte,cosmog,501,0,500,0.5,0.001,500,24.07,499,23.76,True,"completa y verificada; se conservan cosmog_00000, cosmog_00500 y todos los archivos no-volcado (.sink/.ev/.in/.log/.txt/.json)",sarracen OK (1868 partículas)
/Users/alexis/phantom_cs073/bateria_fase6_o3c_mecanistico/A2-B0-C2-mec-r9__c1-rigido-soporte,bateria_fase6_o3c_mecanistico,A2-B0-C2-mec-r9__c1-rigido-soporte,cosmog,501,0,500,0.5,0.001,500,24.07,499,23.76,True,"completa y verificada; se conservan cosmog_00000, cosmog_00500 y todos los archivos no-volcado (.sink/.ev/.in/.log/.txt/.json)",sarracen OK (1880 partículas)
/Users/alexis/phantom_cs073/bateria_fase6_o3c_mecanistico/A2-B0-C2-mec-r9__c3-elastico-soporte,bateria_fase6_o3c_mecanistico,A2-B0-C2-mec-r9__c3-elastico-soporte,cosmog,501,0,500,0.5,0.001,500,24.08,499,23.76,True,"completa y verificada; se conservan cosmog_00000, cosmog_00500 y todos los archivos no-volcado (.sink/.ev/.in/.log/.txt/.json)",sarracen OK (1880 partículas)
/Users/alexis/phantom_cs073/bateria_fase6_o3c_mecanistico/A2-B0-C2-mec-r9__c4-elastico-azar,bateria_fase6_o3c_mecanistico,A2-B0-C2-mec-r9__c4-elastico-azar,cosmog,501,0,500,0.5,0.001,500,24.07,499,23.76,True,"completa y verificada; se conservan cosmog_00000, cosmog_00500 y todos los archivos no-volcado (.sink/.ev/.in/.log/.txt/.json)",sarracen OK (1886 partículas)
/Users/alexis/phantom_cs073/bateria_fase6_o3e_memoria/A2-B0-C2-o3e-s485506-mem,bateria_fase6_o3e_memoria,A2-B0-C2-o3e-s485506-mem,cosmog,501,0,500,0.5,0.001,500,24.07,499,23.76,True,"completa y verificada; se conservan cosmog_00000, cosmog_00500 y todos los archivos no-volcado (.sink/.ev/.in/.log/.txt/.json)",sarracen OK (1874 partículas)
/Users/alexis/phantom_cs073/bateria_fase6_o3e_memoria/A2-B0-C2-o3e-s588998-mem,bateria_fase6_o3e_memoria,A2-B0-C2-o3e-s588998-mem,cosmog,501,0,500,0.5,0.001,500,24.07,499,23.76,True,"completa y verificada; se conservan cosmog_00000, cosmog_00500 y todos los archivos no-volcado (.sink/.ev/.in/.log/.txt/.json)",sarracen OK (1876 partículas)
/Users/alexis/phantom_cs073/bateria_grafo_random_masa_fija/ic_masaFija_N2000_s1,bateria_grafo_random_masa_fija,ic_masaFija_N2000_s1,cosmog,501,0,500,0.5,0.001,500,24.07,499,23.76,True,"completa y verificada; se conservan cosmog_00000, cosmog_00500 y todos los archivos no-volcado (.sink/.ev/.in/.log/.txt/.json)",sarracen OK (1876 partículas)
/Users/alexis/phantom_cs073/bateria_grafo_random_n2000/ic_random_s704,bateria_grafo_random_n2000,ic_random_s704,cosmog,501,0,500,0.5,0.001,500,24.08,499,23.76,True,"completa y verificada; se conservan cosmog_00000, cosmog_00500 y todos los archivos no-volcado (.sink/.ev/.in/.log/.txt/.json)",sarracen OK (1883 partículas)
/Users/alexis/phantom_cs073/bateria_grafo_random_n2000/ic_random_s707,bateria_grafo_random_n2000,ic_random_s707,cosmog,501,0,500,0.5,0.001,500,24.07,499,23.76,True,"completa y verificada; se conservan cosmog_00000, cosmog_00500 y todos los archivos no-volcado (.sink/.ev/.in/.log/.txt/.json)",sarracen OK (1881 partículas)
/Users/alexis/phantom_cs073/bateria_grafo_random_n2000/ic_random_s708,bateria_grafo_random_n2000,ic_random_s708,cosmog,501,0,500,0.5,0.001,500,24.08,499,23.76,True,"completa y verificada; se conservan cosmog_00000, cosmog_00500 y todos los archivos no-volcado (.sink/.ev/.in/.log/.txt/.json)",sarracen OK (1877 partículas)
/Users/alexis/phantom_cs073/bateria_fase6_o3c_mecanistico/A2-B0-C2-mec-r9__c2-rigido-azar,bateria_fase6_o3c_mecanistico,A2-B0-C2-mec-r9__c2-rigido-azar,cosmog,501,0,500,0.5,0.001,500,24.07,499,23.75,True,"completa y verificada; se conservan cosmog_00000, cosmog_00500 y todos los archivos no-volcado (.sink/.ev/.in/.log/.txt/.json)",sarracen OK (1882 partículas)
/Users/alexis/phantom_cs073/bateria_fase6_o3e_memoria/A2-B0-C2-o3e-s584342-nomem,bateria_fase6_o3e_memoria,A2-B0-C2-o3e-s584342-nomem,cosmog,501,0,500,0.5,0.001,500,24.07,499,23.75,True,"completa y verificada; se conservan cosmog_00000, cosmog_00500 y todos los archivos no-volcado (.sink/.ev/.in/.log/.txt/.json)",sarracen OK (1876 partículas)
/Users/alexis/phantom_cs073/bateria_fase6_o3e_memoria/A2-B0-C2-o3e-s588998-nomem,bateria_fase6_o3e_memoria,A2-B0-C2-o3e-s588998-nomem,cosmog,501,0,500,0.5,0.001,500,24.07,499,23.75,True,"completa y verificada; se conservan cosmog_00000, cosmog_00500 y todos los archivos no-volcado (.sink/.ev/.in/.log/.txt/.json)",sarracen OK (1875 partículas)
/Users/alexis/phantom_cs073/bateria_fase6_o3c_mecanistico/A2-B0-C2-mec-r3__c2-rigido-azar,bateria_fase6_o3c_mecanistico,A2-B0-C2-mec-r3__c2-rigido-azar,cosmog,501,0,500,0.5,0.001,500,24.06,499,23.74,True,"completa y verificada; se conservan cosmog_00000, cosmog_00500 y todos los archivos no-volcado (.sink/.ev/.in/.log/.txt/.json)",sarracen OK (1876 partículas)
/Users/alexis/phantom_cs073/ON77_sistemaB_cierre/ic_H1,ON77_sistemaB_cierre,ic_H1,cosmog,501,0,500,0.5,0.001,500,24.04,499,23.73,True,"completa y verificada; se conservan cosmog_00000, cosmog_00500 y todos los archivos no-volcado (.sink/.ev/.in/.log/.txt/.json)",sarracen OK (1881 partículas)
/Users/alexis/phantom_cs073/bateria_fase6_o3c_mecanistico/A2-B0-C2-mec-r10__c3-elastico-soporte,bateria_fase6_o3c_mecanistico,A2-B0-C2-mec-r10__c3-elastico-soporte,cosmog,501,0,500,0.5,0.001,500,24.04,499,23.73,True,"completa y verificada; se conservan cosmog_00000, cosmog_00500 y todos los archivos no-volcado (.sink/.ev/.in/.log/.txt/.json)",sarracen OK (1884 partículas)
/Users/alexis/phantom_cs073/bateria_fase6_o3c_mecanistico/A2-B0-C2-mec-r10__c4-elastico-azar,bateria_fase6_o3c_mecanistico,A2-B0-C2-mec-r10__c4-elastico-azar,cosmog,501,0,500,0.5,0.001,500,24.05,499,23.73,True,"completa y verificada; se conservan cosmog_00000, cosmog_00500 y todos los archivos no-volcado (.sink/.ev/.in/.log/.txt/.json)",sarracen OK (1887 partículas)
/Users/alexis/phantom_cs073/bateria_fase6_o3c_mecanistico/A2-B0-C2-mec-r1__c1-rigido-soporte,bateria_fase6_o3c_mecanistico,A2-B0-C2-mec-r1__c1-rigido-soporte,cosmog,501,0,500,0.5,0.001,500,24.04,499,23.73,True,"completa y verificada; se conservan cosmog_00000, cosmog_00500 y todos los archivos no-volcado (.sink/.ev/.in/.log/.txt/.json)",sarracen OK (1890 partículas)
/Users/alexis/phantom_cs073/bateria_fase6_o3c_mecanistico/A2-B0-C2-mec-r1__c2-rigido-azar,bateria_fase6_o3c_mecanistico,A2-B0-C2-mec-r1__c2-rigido-azar,cosmog,501,0,500,0.5,0.001,500,24.04,499,23.73,True,"completa y verificada; se conservan cosmog_00000, cosmog_00500 y todos los archivos no-volcado (.sink/.ev/.in/.log/.txt/.json)",sarracen OK (1893 partículas)
/Users/alexis/phantom_cs073/ON77_sistemaB_cierre/ic_H2,ON77_sistemaB_cierre,ic_H2,cosmog,501,0,500,0.5,0.001,500,24.01,499,23.7,True,"completa y verificada; se conservan cosmog_00000, cosmog_00500 y todos los archivos no-volcado (.sink/.ev/.in/.log/.txt/.json)",sarracen OK (1894 partículas)
/Users/alexis/phantom_cs073/ON77_sistemaB_cierre/ic_H16,ON77_sistemaB_cierre,ic_H16,cosmog,501,0,500,0.5,0.001,500,23.99,499,23.67,True,"completa y verificada; se conservan cosmog_00000, cosmog_00500 y todos los archivos no-volcado (.sink/.ev/.in/.log/.txt/.json)",sarracen OK (1925 partículas)
/Users/alexis/phantom_cs073/ON77_sistemaB_cierre/ic_H4,ON77_sistemaB_cierre,ic_H4,cosmog,501,0,500,0.5,0.001,500,23.97,499,23.66,True,"completa y verificada; se conservan cosmog_00000, cosmog_00500 y todos los archivos no-volcado (.sink/.ev/.in/.log/.txt/.json)",sarracen OK (1911 partículas)
/Users/alexis/phantom_cs073/ON77_sistemaB_cierre/ic_H8,ON77_sistemaB_cierre,ic_H8,cosmog,501,0,500,0.5,0.001,500,23.96,499,23.65,True,"completa y verificada; se conservan cosmog_00000, cosmog_00500 y todos los archivos no-volcado (.sink/.ev/.in/.log/.txt/.json)",sarracen OK (1914 partículas)
/Users/alexis/phantom_cs073/bateria_fase6_o3c_mecanistico/A2-B0-C2-mec-r10__c2-rigido-azar,bateria_fase6_o3c_mecanistico,A2-B0-C2-mec-r10__c2-rigido-azar,cosmog,501,0,500,0.5,0.001,500,23.97,499,23.65,True,"completa y verificada; se conservan cosmog_00000, cosmog_00500 y todos los archivos no-volcado (.sink/.ev/.in/.log/.txt/.json)",sarracen OK (1910 partículas)
/Users/alexis/phantom_cs073/bateria_n2000/ic_null6,bateria_n2000,ic_null6,cosmog,501,0,500,0.5,0.001,500,23.9,499,23.59,True,"completa y verificada; se conservan cosmog_00000, cosmog_00500 y todos los archivos no-volcado (.sink/.ev/.in/.log/.txt/.json)",sarracen OK (1923 partículas)
/Users/alexis/phantom_cs073/bateria_n2000/ic_null3,bateria_n2000,ic_null3,cosmog,501,0,500,0.5,0.001,500,23.83,499,23.51,True,"completa y verificada; se conservan cosmog_00000, cosmog_00500 y todos los archivos no-volcado (.sink/.ev/.in/.log/.txt/.json)",sarracen OK (1923 partículas)
/Users/alexis/phantom_cs073/bateria_n2000/ic_null4,bateria_n2000,ic_null4,cosmog,501,0,500,0.5,0.001,500,23.82,499,23.51,True,"completa y verificada; se conservan cosmog_00000, cosmog_00500 y todos los archivos no-volcado (.sink/.ev/.in/.log/.txt/.json)",sarracen OK (1928 partículas)
/Users/alexis/phantom_cs073/bateria_n2000/ic_null7,bateria_n2000,ic_null7,cosmog,501,0,500,0.5,0.001,500,23.83,499,23.51,True,"completa y verificada; se conservan cosmog_00000, cosmog_00500 y todos los archivos no-volcado (.sink/.ev/.in/.log/.txt/.json)",sarracen OK (1918 partículas)
/Users/alexis/phantom_cs073/bateria_n2000/ic_null8,bateria_n2000,ic_null8,cosmog,501,0,500,0.5,0.001,500,23.82,499,23.51,True,"completa y verificada; se conservan cosmog_00000, cosmog_00500 y todos los archivos no-volcado (.sink/.ev/.in/.log/.txt/.json)",sarracen OK (1923 partículas)
/Users/alexis/phantom_cs073/bateria_n2000/ic_null1,bateria_n2000,ic_null1,cosmog,501,0,500,0.5,0.001,500,23.81,499,23.5,True,"completa y verificada; se conservan cosmog_00000, cosmog_00500 y todos los archivos no-volcado (.sink/.ev/.in/.log/.txt/.json)",sarracen OK (1922 partículas)
/Users/alexis/phantom_cs073/bateria_n2000/ic_null2,bateria_n2000,ic_null2,cosmog,501,0,500,0.5,0.001,500,23.81,499,23.5,True,"completa y verificada; se conservan cosmog_00000, cosmog_00500 y todos los archivos no-volcado (.sink/.ev/.in/.log/.txt/.json)",sarracen OK (1927 partículas)
/Users/alexis/phantom_cs073/bateria_n2000/ic_null5,bateria_n2000,ic_null5,cosmog,501,0,500,0.5,0.001,500,23.78,499,23.47,True,"completa y verificada; se conservan cosmog_00000, cosmog_00500 y todos los archivos no-volcado (.sink/.ev/.in/.log/.txt/.json)",sarracen OK (1923 partículas)
/Users/alexis/phantom_cs073/bateria_null1_n2000/ic_null1_s1,bateria_null1_n2000,ic_null1_s1,cosmog,501,0,500,0.5,0.001,500,23.19,499,22.88,True,"completa y verificada; se conservan cosmog_00000, cosmog_00500 y todos los archivos no-volcado (.sink/.ev/.in/.log/.txt/.json)",sarracen OK (2000 partículas)
/Users/alexis/phantom_cs073/bateria_null1_n2000/ic_null1_s2,bateria_null1_n2000,ic_null1_s2,cosmog,501,0,500,0.5,0.001,500,23.19,499,22.88,True,"completa y verificada; se conservan cosmog_00000, cosmog_00500 y todos los archivos no-volcado (.sink/.ev/.in/.log/.txt/.json)",sarracen OK (2000 partículas)
/Users/alexis/phantom_cs073/bateria_null1_n2000/ic_null1_s3,bateria_null1_n2000,ic_null1_s3,cosmog,501,0,500,0.5,0.001,500,23.19,499,22.88,True,"completa y verificada; se conservan cosmog_00000, cosmog_00500 y todos los archivos no-volcado (.sink/.ev/.in/.log/.txt/.json)",sarracen OK (2000 partículas)
/Users/alexis/phantom_cs073/bateria_null1_n2000/ic_null1_s4,bateria_null1_n2000,ic_null1_s4,cosmog,501,0,500,0.5,0.001,500,23.19,499,22.88,True,"completa y verificada; se conservan cosmog_00000, cosmog_00500 y todos los archivos no-volcado (.sink/.ev/.in/.log/.txt/.json)",sarracen OK (2000 partículas)
/Users/alexis/phantom_cs073/bateria_null1_n2000/ic_null1_s5,bateria_null1_n2000,ic_null1_s5,cosmog,501,0,500,0.5,0.001,500,23.19,499,22.88,True,"completa y verificada; se conservan cosmog_00000, cosmog_00500 y todos los archivos no-volcado (.sink/.ev/.in/.log/.txt/.json)",sarracen OK (2000 partículas)
/Users/alexis/phantom_cs073/bateria_null1_n2000/ic_null1_s6,bateria_null1_n2000,ic_null1_s6,cosmog,501,0,500,0.5,0.001,500,23.19,499,22.88,True,"completa y verificada; se conservan cosmog_00000, cosmog_00500 y todos los archivos no-volcado (.sink/.ev/.in/.log/.txt/.json)",sarracen OK (2000 partículas)
/Users/alexis/phantom_cs073/bateria_null1_n2000/ic_null1_s7,bateria_null1_n2000,ic_null1_s7,cosmog,501,0,500,0.5,0.001,500,23.19,499,22.88,True,"completa y verificada; se conservan cosmog_00000, cosmog_00500 y todos los archivos no-volcado (.sink/.ev/.in/.log/.txt/.json)",sarracen OK (2000 partículas)
/Users/alexis/phantom_cs073/bateria_null1_n2000/ic_null1_s8,bateria_null1_n2000,ic_null1_s8,cosmog,501,0,500,0.5,0.001,500,23.19,499,22.88,True,"completa y verificada; se conservan cosmog_00000, cosmog_00500 y todos los archivos no-volcado (.sink/.ev/.in/.log/.txt/.json)",sarracen OK (2000 partículas)
/Users/alexis/phantom_cs073/bateria_null2_n2000/ic_null2_s401,bateria_null2_n2000,ic_null2_s401,cosmog,501,0,500,0.5,0.001,500,23.19,499,22.88,True,"completa y verificada; se conservan cosmog_00000, cosmog_00500 y todos los archivos no-volcado (.sink/.ev/.in/.log/.txt/.json)",sarracen OK (2000 partículas)
/Users/alexis/phantom_cs073/bateria_null2_n2000/ic_null2_s402,bateria_null2_n2000,ic_null2_s402,cosmog,501,0,500,0.5,0.001,500,23.19,499,22.88,True,"completa y verificada; se conservan cosmog_00000, cosmog_00500 y todos los archivos no-volcado (.sink/.ev/.in/.log/.txt/.json)",sarracen OK (2000 partículas)
/Users/alexis/phantom_cs073/bateria_null2_n2000/ic_null2_s403,bateria_null2_n2000,ic_null2_s403,cosmog,501,0,500,0.5,0.001,500,23.19,499,22.88,True,"completa y verificada; se conservan cosmog_00000, cosmog_00500 y todos los archivos no-volcado (.sink/.ev/.in/.log/.txt/.json)",sarracen OK (2000 partículas)
/Users/alexis/phantom_cs073/bateria_null2_n2000/ic_null2_s404,bateria_null2_n2000,ic_null2_s404,cosmog,501,0,500,0.5,0.001,500,23.19,499,22.88,True,"completa y verificada; se conservan cosmog_00000, cosmog_00500 y todos los archivos no-volcado (.sink/.ev/.in/.log/.txt/.json)",sarracen OK (2000 partículas)
/Users/alexis/phantom_cs073/bateria_null2_n2000/ic_null2_s405,bateria_null2_n2000,ic_null2_s405,cosmog,501,0,500,0.5,0.001,500,23.19,499,22.88,True,"completa y verificada; se conservan cosmog_00000, cosmog_00500 y todos los archivos no-volcado (.sink/.ev/.in/.log/.txt/.json)",sarracen OK (2000 partículas)
/Users/alexis/phantom_cs073/bateria_null2_n2000/ic_null2_s406,bateria_null2_n2000,ic_null2_s406,cosmog,501,0,500,0.5,0.001,500,23.19,499,22.88,True,"completa y verificada; se conservan cosmog_00000, cosmog_00500 y todos los archivos no-volcado (.sink/.ev/.in/.log/.txt/.json)",sarracen OK (2000 partículas)
/Users/alexis/phantom_cs073/bateria_null2_n2000/ic_null2_s407,bateria_null2_n2000,ic_null2_s407,cosmog,501,0,500,0.5,0.001,500,23.19,499,22.88,True,"completa y verificada; se conservan cosmog_00000, cosmog_00500 y todos los archivos no-volcado (.sink/.ev/.in/.log/.txt/.json)",sarracen OK (2000 partículas)
/Users/alexis/phantom_cs073/bateria_null2_n2000/ic_null2_s408,bateria_null2_n2000,ic_null2_s408,cosmog,501,0,500,0.5,0.001,500,23.19,499,22.88,True,"completa y verificada; se conservan cosmog_00000, cosmog_00500 y todos los archivos no-volcado (.sink/.ev/.in/.log/.txt/.json)",sarracen OK (2000 partículas)
/Users/alexis/phantom_cs073/bateria_grafo_random_masa_fija/ic_masaFija_N1000_s1,bateria_grafo_random_masa_fija,ic_masaFija_N1000_s1,cosmog,404,0,403,0.5,0.001,500,10.03,402,9.93,False,"INCOMPLETA: último volcado 403 != final esperado 500 (tmax/dtmax) -> NO se poda, queda intacta",
/Users/alexis/phantom_cs073/run_vel_turb_N8550_null,phantom_cs073,run_vel_turb_N8550_null,cosmog,17,0,16,0.02,0.001,20,11.09,15,9.78,False,"INCOMPLETA: último volcado 16 != final esperado 20 (tmax/dtmax) -> NO se poda, queda intacta",
/Users/alexis/phantom_cs073/run_vel_hered_N8550_null,phantom_cs073,run_vel_hered_N8550_null,cosmog,16,0,15,0.02,0.001,20,10.44,14,9.13,False,"INCOMPLETA: último volcado 15 != final esperado 20 (tmax/dtmax) -> NO se poda, queda intacta",
/Users/alexis/phantom_cs073/piloto_null3_dosis/tol0.8_s1,piloto_null3_dosis,tol0.8_s1,cosmog,501,0,500,0.5,0.001,500,6.82,499,6.74,True,"completa y verificada; se conservan cosmog_00000, cosmog_00500 y todos los archivos no-volcado (.sink/.ev/.in/.log/.txt/.json)",sarracen OK (444 partículas)
/Users/alexis/phantom_cs073/piloto_null1/real,piloto_null1,real,cosmog,501,0,500,0.5,0.001,500,6.79,499,6.71,True,"completa y verificada; se conservan cosmog_00000, cosmog_00500 y todos los archivos no-volcado (.sink/.ev/.in/.log/.txt/.json)",sarracen OK (470 partículas)
/Users/alexis/phantom_cs073/piloto_null3/null3_s2,piloto_null3,null3_s2,cosmog,501,0,500,0.5,0.001,500,6.79,499,6.7,True,"completa y verificada; se conservan cosmog_00000, cosmog_00500 y todos los archivos no-volcado (.sink/.ev/.in/.log/.txt/.json)",sarracen OK (475 partículas)
/Users/alexis/phantom_cs073/piloto_null3_dosis/tol0.4_s1,piloto_null3_dosis,tol0.4_s1,cosmog,501,0,500,0.5,0.001,500,6.79,499,6.7,True,"completa y verificada; se conservan cosmog_00000, cosmog_00500 y todos los archivos no-volcado (.sink/.ev/.in/.log/.txt/.json)",sarracen OK (454 partículas)
/Users/alexis/phantom_cs073/piloto_null3/null3_s3,piloto_null3,null3_s3,cosmog,501,0,500,0.5,0.001,500,6.74,499,6.66,True,"completa y verificada; se conservan cosmog_00000, cosmog_00500 y todos los archivos no-volcado (.sink/.ev/.in/.log/.txt/.json)",sarracen OK (471 partículas)
/Users/alexis/phantom_cs073/piloto_null3/null3_s1,piloto_null3,null3_s1,cosmog,501,0,500,0.5,0.001,500,6.72,499,6.64,True,"completa y verificada; se conservan cosmog_00000, cosmog_00500 y todos los archivos no-volcado (.sink/.ev/.in/.log/.txt/.json)",sarracen OK (463 partículas)
/Users/alexis/phantom_cs073/bateria_grafo_random_masa_fija/ic_masaFija_N500_s1,bateria_grafo_random_masa_fija,ic_masaFija_N500_s1,cosmog,501,0,500,0.5,0.001,500,6.57,499,6.49,True,"completa y verificada; se conservan cosmog_00000, cosmog_00500 y todos los archivos no-volcado (.sink/.ev/.in/.log/.txt/.json)",sarracen OK (500 partículas)
/Users/alexis/phantom_cs073/bateria_grafo_random_masa_fija/ic_masaFija_N500_s2,bateria_grafo_random_masa_fija,ic_masaFija_N500_s2,cosmog,501,0,500,0.5,0.001,500,6.57,499,6.49,True,"completa y verificada; se conservan cosmog_00000, cosmog_00500 y todos los archivos no-volcado (.sink/.ev/.in/.log/.txt/.json)",sarracen OK (500 partículas)
/Users/alexis/phantom_cs073/piloto_grafo_random/random_s1,piloto_grafo_random,random_s1,cosmog,501,0,500,0.5,0.001,500,6.57,499,6.49,True,"completa y verificada; se conservan cosmog_00000, cosmog_00500 y todos los archivos no-volcado (.sink/.ev/.in/.log/.txt/.json)",sarracen OK (500 partículas)
/Users/alexis/phantom_cs073/piloto_grafo_random/random_s2,piloto_grafo_random,random_s2,cosmog,501,0,500,0.5,0.001,500,6.57,499,6.49,True,"completa y verificada; se conservan cosmog_00000, cosmog_00500 y todos los archivos no-volcado (.sink/.ev/.in/.log/.txt/.json)",sarracen OK (500 partículas)
/Users/alexis/phantom_cs073/piloto_grafo_random/random_s3,piloto_grafo_random,random_s3,cosmog,501,0,500,0.5,0.001,500,6.57,499,6.49,True,"completa y verificada; se conservan cosmog_00000, cosmog_00500 y todos los archivos no-volcado (.sink/.ev/.in/.log/.txt/.json)",sarracen OK (500 partículas)
/Users/alexis/phantom_cs073/piloto_null1/null1_s1,piloto_null1,null1_s1,cosmog,501,0,500,0.5,0.001,500,6.57,499,6.49,True,"completa y verificada; se conservan cosmog_00000, cosmog_00500 y todos los archivos no-volcado (.sink/.ev/.in/.log/.txt/.json)",sarracen OK (500 partículas)
/Users/alexis/phantom_cs073/piloto_null1/null1_s2,piloto_null1,null1_s2,cosmog,501,0,500,0.5,0.001,500,6.57,499,6.49,True,"completa y verificada; se conservan cosmog_00000, cosmog_00500 y todos los archivos no-volcado (.sink/.ev/.in/.log/.txt/.json)",sarracen OK (500 partículas)
/Users/alexis/phantom_cs073/piloto_null1/null1_s3,piloto_null1,null1_s3,cosmog,501,0,500,0.5,0.001,500,6.57,499,6.49,True,"completa y verificada; se conservan cosmog_00000, cosmog_00500 y todos los archivos no-volcado (.sink/.ev/.in/.log/.txt/.json)",sarracen OK (500 partículas)
/Users/alexis/phantom_cs073/piloto_null2/null2_s1,piloto_null2,null2_s1,cosmog,501,0,500,0.5,0.001,500,6.57,499,6.49,True,"completa y verificada; se conservan cosmog_00000, cosmog_00500 y todos los archivos no-volcado (.sink/.ev/.in/.log/.txt/.json)",sarracen OK (500 partículas)
/Users/alexis/phantom_cs073/piloto_null2/null2_s2,piloto_null2,null2_s2,cosmog,501,0,500,0.5,0.001,500,6.57,499,6.49,True,"completa y verificada; se conservan cosmog_00000, cosmog_00500 y todos los archivos no-volcado (.sink/.ev/.in/.log/.txt/.json)",sarracen OK (500 partículas)
/Users/alexis/phantom_cs073/piloto_null2/null2_s3,piloto_null2,null2_s3,cosmog,501,0,500,0.5,0.001,500,6.57,499,6.49,True,"completa y verificada; se conservan cosmog_00000, cosmog_00500 y todos los archivos no-volcado (.sink/.ev/.in/.log/.txt/.json)",sarracen OK (500 partículas)
/Users/alexis/phantom_cs073/piloto_null2_zeldovich/null2z_s1,piloto_null2_zeldovich,null2z_s1,cosmog,501,0,500,0.5,0.001,500,6.57,499,6.49,True,"completa y verificada; se conservan cosmog_00000, cosmog_00500 y todos los archivos no-volcado (.sink/.ev/.in/.log/.txt/.json)",sarracen OK (500 partículas)
/Users/alexis/phantom_cs073/piloto_null2_zeldovich/null2z_s2,piloto_null2_zeldovich,null2z_s2,cosmog,501,0,500,0.5,0.001,500,6.57,499,6.49,True,"completa y verificada; se conservan cosmog_00000, cosmog_00500 y todos los archivos no-volcado (.sink/.ev/.in/.log/.txt/.json)",sarracen OK (500 partículas)
/Users/alexis/phantom_cs073/piloto_null2_zeldovich/null2z_s3,piloto_null2_zeldovich,null2z_s3,cosmog,501,0,500,0.5,0.001,500,6.57,499,6.49,True,"completa y verificada; se conservan cosmog_00000, cosmog_00500 y todos los archivos no-volcado (.sink/.ev/.in/.log/.txt/.json)",sarracen OK (500 partículas)
/Users/alexis/phantom_cs073/bateria_grafo_random_masa_fija/ic_masaFija_N1000_s2,bateria_grafo_random_masa_fija,ic_masaFija_N1000_s2,cosmog,245,0,244,0.5,0.001,500,5.96,243,5.87,False,"INCOMPLETA: último volcado 244 != final esperado 500 (tmax/dtmax) -> NO se poda, queda intacta",
/Users/alexis/phantom_cs073/run_vel_turb_N8550_real,phantom_cs073,run_vel_turb_N8550_real,cosmog,11,0,10,0.02,0.001,20,7.17,9,5.87,False,"INCOMPLETA: último volcado 10 != final esperado 20 (tmax/dtmax) -> NO se poda, queda intacta",
/Users/alexis/phantom_cs073/ON77_sistemaA_corregido/ic_f4.0,ON77_sistemaA_corregido,ic_f4.0,cosmog,501,0,500,0.5,0.001,500,5.46,499,5.4,True,"completa y verificada; se conservan cosmog_00000, cosmog_00500 y todos los archivos no-volcado (.sink/.ev/.in/.log/.txt/.json)",sarracen OK (400 partículas)
/Users/alexis/phantom_cs073/run_vel_hered_N8550_real,phantom_cs073,run_vel_hered_N8550_real,cosmog,9,0,8,0.02,0.001,20,5.87,7,4.57,False,"INCOMPLETA: último volcado 8 != final esperado 20 (tmax/dtmax) -> NO se poda, queda intacta",
/Users/alexis/phantom_cs073/bateria_fase6_o3c_mecanistico/A2-B0-C2-mec-r10__c1-rigido-soporte,bateria_fase6_o3c_mecanistico,A2-B0-C2-mec-r10__c1-rigido-soporte,cosmog,101,0,100,0.5,0.001,500,4.78,99,4.47,False,"INCOMPLETA: último volcado 100 != final esperado 500 (tmax/dtmax) -> NO se poda, queda intacta",
/Users/alexis/phantom_cs073/ON77_sistemaA_corregido/ic_f2.0,ON77_sistemaA_corregido,ic_f2.0,cosmog,501,0,500,0.5,0.001,500,3.25,499,3.21,True,"completa y verificada; se conservan cosmog_00000, cosmog_00500 y todos los archivos no-volcado (.sink/.ev/.in/.log/.txt/.json)",sarracen OK (200 partículas)
/Users/alexis/phantom_cs073/ON77_sistemaB_corregido/ic_H1,ON77_sistemaB_corregido,ic_H1,cosmog,501,0,500,0.5,0.001,500,3.25,499,3.21,True,"completa y verificada; se conservan cosmog_00000, cosmog_00500 y todos los archivos no-volcado (.sink/.ev/.in/.log/.txt/.json)",sarracen OK (200 partículas)
/Users/alexis/phantom_cs073/ON77_sistemaB_corregido/ic_H16,ON77_sistemaB_corregido,ic_H16,cosmog,501,0,500,0.5,0.001,500,3.25,499,3.21,True,"completa y verificada; se conservan cosmog_00000, cosmog_00500 y todos los archivos no-volcado (.sink/.ev/.in/.log/.txt/.json)",sarracen OK (200 partículas)
/Users/alexis/phantom_cs073/ON77_sistemaB_corregido/ic_H2,ON77_sistemaB_corregido,ic_H2,cosmog,501,0,500,0.5,0.001,500,3.25,499,3.21,True,"completa y verificada; se conservan cosmog_00000, cosmog_00500 y todos los archivos no-volcado (.sink/.ev/.in/.log/.txt/.json)",sarracen OK (200 partículas)
/Users/alexis/phantom_cs073/ON77_sistemaB_corregido/ic_H4,ON77_sistemaB_corregido,ic_H4,cosmog,501,0,500,0.5,0.001,500,3.25,499,3.21,True,"completa y verificada; se conservan cosmog_00000, cosmog_00500 y todos los archivos no-volcado (.sink/.ev/.in/.log/.txt/.json)",sarracen OK (200 partículas)
/Users/alexis/phantom_cs073/ON77_sistemaB_corregido/ic_H8,ON77_sistemaB_corregido,ic_H8,cosmog,501,0,500,0.5,0.001,500,3.25,499,3.21,True,"completa y verificada; se conservan cosmog_00000, cosmog_00500 y todos los archivos no-volcado (.sink/.ev/.in/.log/.txt/.json)",sarracen OK (200 partículas)
/Users/alexis/phantom_cs073/bateria_grafo_random_masa_fija/ic_masaFija_N200_s1,bateria_grafo_random_masa_fija,ic_masaFija_N200_s1,cosmog,501,0,500,0.5,0.001,500,3.25,499,3.21,True,"completa y verificada; se conservan cosmog_00000, cosmog_00500 y todos los archivos no-volcado (.sink/.ev/.in/.log/.txt/.json)",sarracen OK (200 partículas)
/Users/alexis/phantom_cs073/bateria_grafo_random_masa_fija/ic_masaFija_N200_s2,bateria_grafo_random_masa_fija,ic_masaFija_N200_s2,cosmog,501,0,500,0.5,0.001,500,3.25,499,3.21,True,"completa y verificada; se conservan cosmog_00000, cosmog_00500 y todos los archivos no-volcado (.sink/.ev/.in/.log/.txt/.json)",sarracen OK (200 partículas)
/Users/alexis/phantom_cs073/ON77_sistemaA_corregido/ic_f1.0,ON77_sistemaA_corregido,ic_f1.0,cosmog,501,0,500,0.5,0.001,500,2.14,499,2.12,True,"completa y verificada; se conservan cosmog_00000, cosmog_00500 y todos los archivos no-volcado (.sink/.ev/.in/.log/.txt/.json)",sarracen OK (100 partículas)
/Users/alexis/phantom_cs073/bateria_n2000/pool_d_vel,bateria_n2000,pool_d_vel,cosmog,39,0,38,0.5,0.001,500,1.95,37,1.75,False,"INCOMPLETA: último volcado 38 != final esperado 500 (tmax/dtmax) -> NO se poda, queda intacta",
/Users/alexis/phantom_cs073/ON77_sistemaA_corregido/ic_f0.5,ON77_sistemaA_corregido,ic_f0.5,cosmog,501,0,500,0.5,0.001,500,1.59,499,1.58,True,"completa y verificada; se conservan cosmog_00000, cosmog_00500 y todos los archivos no-volcado (.sink/.ev/.in/.log/.txt/.json)",sarracen OK (50 partículas)
/Users/alexis/phantom_cs073/bateria_n2000/ic_real_apr_sink,bateria_n2000,ic_real_apr_sink,cosmog,9,450,458,1.0,0.001,1000,0.62,7,0.4,False,"INCOMPLETA: último volcado 458 != final esperado 1000 (tmax/dtmax) -> NO se poda, queda intacta",
/Users/alexis/phantom_cs073/run_control_N4000,phantom_cs073,run_control_N4000,cosmog,3,0,2,0.02,0.001,20,0.92,1,0.31,False,"INCOMPLETA: último volcado 2 != final esperado 20 (tmax/dtmax) -> NO se poda, queda intacta",
/Users/alexis/phantom_cs073/run_sweep_N500,phantom_cs073,run_sweep_N500,cosmog,9,0,8,0.02,0.001,20,0.35,7,0.27,False,"INCOMPLETA: último volcado 8 != final esperado 20 (tmax/dtmax) -> NO se poda, queda intacta",
/Users/alexis/phantom_cs073/run_n250_smoke2,phantom_cs073,run_n250_smoke2,cosmog,9,0,8,0.1,0.001,100,0.18,7,0.14,False,"INCOMPLETA: último volcado 8 != final esperado 100 (tmax/dtmax) -> NO se poda, queda intacta",
/Users/alexis/phantom_cs073/run_sweep_N1000,phantom_cs073,run_sweep_N1000,cosmog,3,0,2,0.02,0.001,20,0.22,1,0.07,False,"INCOMPLETA: último volcado 2 != final esperado 20 (tmax/dtmax) -> NO se poda, queda intacta",
/Users/alexis/phantom_cs073/bateria_n2000/pool_d,bateria_n2000,pool_d,cosmog,3,0,2,0.5,0.001,500,0.24,1,0.04,False,"INCOMPLETA: último volcado 2 != final esperado 500 (tmax/dtmax) -> NO se poda, queda intacta",
/Users/alexis/phantom_cs073/bateria_n2000/diag_layout222,bateria_n2000,diag_layout222,cosmog,3,0,2,0.5,0.001,500,0.22,1,0.03,False,"INCOMPLETA: último volcado 2 != final esperado 500 (tmax/dtmax) -> NO se poda, queda intacta",
/Users/alexis/phantom_cs073/run_smoke,phantom_cs073,run_smoke,cosmog,4,0,3,0.5,0.1,5,0.01,2,0.01,False,"INCOMPLETA: último volcado 3 != final esperado 5 (tmax/dtmax) -> NO se poda, queda intacta",
/Users/alexis/phantom_cs073/bateria_fase6_o3a_resolucion/N4000/A2-B0-C2-batch3-r0_III,N4000,A2-B0-C2-batch3-r0_III,cosmog,2,0,500,0.5,0.001,500,0.63,0,0.0,False,nada que podar (menos de 3 volcados),
/Users/alexis/phantom_cs073/bateria_fase6_o3a_resolucion/N4000/A2-B0-C2-batch3-r100_I,N4000,A2-B0-C2-batch3-r100_I,cosmog,2,0,500,0.5,0.001,500,0.63,0,0.0,False,nada que podar (menos de 3 volcados),
/Users/alexis/phantom_cs073/bateria_fase6_o3a_resolucion/N4000/A2-B0-C2-batch3-r108_III,N4000,A2-B0-C2-batch3-r108_III,cosmog,2,0,500,0.5,0.001,500,0.62,0,0.0,False,nada que podar (menos de 3 volcados),
/Users/alexis/phantom_cs073/bateria_fase6_o3a_resolucion/N4000/A2-B0-C2-batch3-r112_I,N4000,A2-B0-C2-batch3-r112_I,cosmog,2,0,500,0.5,0.001,500,0.62,0,0.0,False,nada que podar (menos de 3 volcados),
/Users/alexis/phantom_cs073/bateria_fase6_o3a_resolucion/N4000/A2-B0-C2-batch3-r114_III,N4000,A2-B0-C2-batch3-r114_III,cosmog,2,0,500,0.5,0.001,500,0.62,0,0.0,False,nada que podar (menos de 3 volcados),
/Users/alexis/phantom_cs073/bateria_fase6_o3a_resolucion/N4000/A2-B0-C2-batch3-r12_III,N4000,A2-B0-C2-batch3-r12_III,cosmog,2,0,500,0.5,0.001,500,0.62,0,0.0,False,nada que podar (menos de 3 volcados),
/Users/alexis/phantom_cs073/bateria_fase6_o3a_resolucion/N4000/A2-B0-C2-batch3-r26_III,N4000,A2-B0-C2-batch3-r26_III,cosmog,2,0,500,0.5,0.001,500,0.62,0,0.0,False,nada que podar (menos de 3 volcados),
/Users/alexis/phantom_cs073/bateria_fase6_o3a_resolucion/N4000/A2-B0-C2-batch3-r31_III,N4000,A2-B0-C2-batch3-r31_III,cosmog,2,0,500,0.5,0.001,500,0.62,0,0.0,False,nada que podar (menos de 3 volcados),
/Users/alexis/phantom_cs073/bateria_fase6_o3a_resolucion/N4000/A2-B0-C2-batch3-r35_I,N4000,A2-B0-C2-batch3-r35_I,cosmog,2,0,500,0.5,0.001,500,0.62,0,0.0,False,nada que podar (menos de 3 volcados),
/Users/alexis/phantom_cs073/bateria_fase6_o3a_resolucion/N4000/A2-B0-C2-batch3-r5_I,N4000,A2-B0-C2-batch3-r5_I,cosmog,2,0,500,0.5,0.001,500,0.62,0,0.0,False,nada que podar (menos de 3 volcados),
/Users/alexis/phantom_cs073/bateria_fase6_o3a_resolucion/N4000/A2-B0-C2-batch3-r76_I,N4000,A2-B0-C2-batch3-r76_I,cosmog,2,0,500,0.5,0.001,500,0.62,0,0.0,False,nada que podar (menos de 3 volcados),
/Users/alexis/phantom_cs073/bateria_fase6_o3a_resolucion/N4000/A2-B0-C2-batch3-r86_I,N4000,A2-B0-C2-batch3-r86_I,cosmog,2,0,500,0.5,0.001,500,0.62,0,0.0,False,nada que podar (menos de 3 volcados),
/Users/alexis/phantom_cs073/bateria_fase6_o3a_resolucion/N4000/A2-B0-C2-batch4-r10_III,N4000,A2-B0-C2-batch4-r10_III,cosmog,2,0,500,0.5,0.001,500,0.62,0,0.0,False,nada que podar (menos de 3 volcados),
/Users/alexis/phantom_cs073/bateria_fase6_o3a_resolucion/N4000/A2-B0-C2-batch4-r13_I,N4000,A2-B0-C2-batch4-r13_I,cosmog,2,0,500,0.5,0.001,500,0.62,0,0.0,False,nada que podar (menos de 3 volcados),
/Users/alexis/phantom_cs073/bateria_fase6_o3a_resolucion/N4000/A2-B0-C2-batch4-r18_I,N4000,A2-B0-C2-batch4-r18_I,cosmog,2,0,500,0.5,0.001,500,0.62,0,0.0,False,nada que podar (menos de 3 volcados),
/Users/alexis/phantom_cs073/bateria_fase6_o3a_resolucion/N4000/A2-B0-C2-batch4-r19_III,N4000,A2-B0-C2-batch4-r19_III,cosmog,2,0,500,0.5,0.001,500,0.62,0,0.0,False,nada que podar (menos de 3 volcados),
/Users/alexis/phantom_cs073/bateria_fase6_o3a_resolucion/N4000/A2-B0-C2-batch4-r23_I,N4000,A2-B0-C2-batch4-r23_I,cosmog,2,0,500,0.5,0.001,500,0.62,0,0.0,False,nada que podar (menos de 3 volcados),
/Users/alexis/phantom_cs073/bateria_fase6_o3a_resolucion/N4000/A2-B0-C2-batch4-r36_III,N4000,A2-B0-C2-batch4-r36_III,cosmog,2,0,500,0.5,0.001,500,0.63,0,0.0,False,nada que podar (menos de 3 volcados),
/Users/alexis/phantom_cs073/bateria_fase6_o3a_resolucion/N4000/A2-B0-C2-batch4-r43_III,N4000,A2-B0-C2-batch4-r43_III,cosmog,2,0,500,0.5,0.001,500,0.62,0,0.0,False,nada que podar (menos de 3 volcados),
/Users/alexis/phantom_cs073/bateria_fase6_o3a_resolucion/N4000/A2-B0-C2-batch4-r51_I,N4000,A2-B0-C2-batch4-r51_I,cosmog,2,0,500,0.5,0.001,500,0.63,0,0.0,False,nada que podar (menos de 3 volcados),
/Users/alexis/phantom_cs073/bateria_fase6_o3a_resolucion/N4000/A2-B0-C2-batch4-r57_I,N4000,A2-B0-C2-batch4-r57_I,cosmog,2,0,500,0.5,0.001,500,0.62,0,0.0,False,nada que podar (menos de 3 volcados),
/Users/alexis/phantom_cs073/bateria_fase6_o3a_resolucion/N4000/A2-B0-C2-batch4-r94_III,N4000,A2-B0-C2-batch4-r94_III,cosmog,2,0,500,0.5,0.001,500,0.62,0,0.0,False,nada que podar (menos de 3 volcados),
/Users/alexis/phantom_cs073/bateria_fase6_o3a_resolucion/N4000/A2-B0-C2-r12v1fix_I,N4000,A2-B0-C2-r12v1fix_I,cosmog,2,0,500,0.5,0.001,500,0.62,0,0.0,False,nada que podar (menos de 3 volcados),
/Users/alexis/phantom_cs073/bateria_fase6_o3a_resolucion/N4000/A2-B0-C2-r19_III,N4000,A2-B0-C2-r19_III,cosmog,2,0,500,0.5,0.001,500,0.62,0,0.0,False,nada que podar (menos de 3 volcados),
/Users/alexis/phantom_cs073/bateria_fase6_o3a_resolucion/N4000/A2-B0-C2-r39_III,N4000,A2-B0-C2-r39_III,cosmog,2,0,500,0.5,0.001,500,0.62,0,0.0,False,nada que podar (menos de 3 volcados),
/Users/alexis/phantom_cs073/bateria_fase6_o3a_resolucion/N4000/A2-B0-C2-r9v2fix_I,N4000,A2-B0-C2-r9v2fix_I,cosmog,2,0,500,0.5,0.001,500,0.62,0,0.0,False,nada que podar (menos de 3 volcados),
/Users/alexis/phantom_cs073/bateria_fase6_o3d_kcap/A2-B0-C2-kbar-r0,bateria_fase6_o3d_kcap,A2-B0-C2-kbar-r0,cosmog,2,0,500,0.5,0.001,500,0.31,0,0.0,False,nada que podar (menos de 3 volcados),
/Users/alexis/phantom_cs073/bateria_fase6_o3d_kcap/A2-B0-C2-kbar-r10,bateria_fase6_o3d_kcap,A2-B0-C2-kbar-r10,cosmog,2,0,500,0.5,0.001,500,0.31,0,0.0,False,nada que podar (menos de 3 volcados),
/Users/alexis/phantom_cs073/bateria_fase6_o3d_kcap/A2-B0-C2-kbar-r11,bateria_fase6_o3d_kcap,A2-B0-C2-kbar-r11,cosmog,2,0,500,0.5,0.001,500,0.31,0,0.0,False,nada que podar (menos de 3 volcados),
/Users/alexis/phantom_cs073/bateria_fase6_o3d_kcap/A2-B0-C2-kbar-r12,bateria_fase6_o3d_kcap,A2-B0-C2-kbar-r12,cosmog,2,0,500,0.5,0.001,500,0.31,0,0.0,False,nada que podar (menos de 3 volcados),
/Users/alexis/phantom_cs073/bateria_fase6_o3d_kcap/A2-B0-C2-kbar-r128,bateria_fase6_o3d_kcap,A2-B0-C2-kbar-r128,cosmog,2,0,500,0.5,0.001,500,0.31,0,0.0,False,nada que podar (menos de 3 volcados),
/Users/alexis/phantom_cs073/bateria_fase6_o3d_kcap/A2-B0-C2-kbar-r132,bateria_fase6_o3d_kcap,A2-B0-C2-kbar-r132,cosmog,2,0,500,0.5,0.001,500,0.31,0,0.0,False,nada que podar (menos de 3 volcados),
/Users/alexis/phantom_cs073/bateria_fase6_o3d_kcap/A2-B0-C2-kbar-r14,bateria_fase6_o3d_kcap,A2-B0-C2-kbar-r14,cosmog,2,0,500,0.5,0.001,500,0.31,0,0.0,False,nada que podar (menos de 3 volcados),
/Users/alexis/phantom_cs073/bateria_fase6_o3d_kcap/A2-B0-C2-kbar-r15,bateria_fase6_o3d_kcap,A2-B0-C2-kbar-r15,cosmog,2,0,500,0.5,0.001,500,0.31,0,0.0,False,nada que podar (menos de 3 volcados),
/Users/alexis/phantom_cs073/bateria_fase6_o3d_kcap/A2-B0-C2-kbar-r18,bateria_fase6_o3d_kcap,A2-B0-C2-kbar-r18,cosmog,2,0,500,0.5,0.001,500,0.31,0,0.0,False,nada que podar (menos de 3 volcados),
/Users/alexis/phantom_cs073/bateria_fase6_o3d_kcap/A2-B0-C2-kbar-r19,bateria_fase6_o3d_kcap,A2-B0-C2-kbar-r19,cosmog,2,0,500,0.5,0.001,500,0.31,0,0.0,False,nada que podar (menos de 3 volcados),
/Users/alexis/phantom_cs073/bateria_fase6_o3d_kcap/A2-B0-C2-kbar-r2,bateria_fase6_o3d_kcap,A2-B0-C2-kbar-r2,cosmog,2,0,500,0.5,0.001,500,0.31,0,0.0,False,nada que podar (menos de 3 volcados),
/Users/alexis/phantom_cs073/bateria_fase6_o3d_kcap/A2-B0-C2-kbar-r20,bateria_fase6_o3d_kcap,A2-B0-C2-kbar-r20,cosmog,2,0,500,0.5,0.001,500,0.31,0,0.0,False,nada que podar (menos de 3 volcados),
/Users/alexis/phantom_cs073/bateria_fase6_o3d_kcap/A2-B0-C2-kbar-r21,bateria_fase6_o3d_kcap,A2-B0-C2-kbar-r21,cosmog,2,0,500,0.5,0.001,500,0.31,0,0.0,False,nada que podar (menos de 3 volcados),
/Users/alexis/phantom_cs073/bateria_fase6_o3d_kcap/A2-B0-C2-kbar-r22,bateria_fase6_o3d_kcap,A2-B0-C2-kbar-r22,cosmog,2,0,500,0.5,0.001,500,0.31,0,0.0,False,nada que podar (menos de 3 volcados),
/Users/alexis/phantom_cs073/bateria_fase6_o3d_kcap/A2-B0-C2-kbar-r25,bateria_fase6_o3d_kcap,A2-B0-C2-kbar-r25,cosmog,2,0,500,0.5,0.001,500,0.31,0,0.0,False,nada que podar (menos de 3 volcados),
/Users/alexis/phantom_cs073/bateria_fase6_o3d_kcap/A2-B0-C2-kbar-r26,bateria_fase6_o3d_kcap,A2-B0-C2-kbar-r26,cosmog,2,0,500,0.5,0.001,500,0.31,0,0.0,False,nada que podar (menos de 3 volcados),
/Users/alexis/phantom_cs073/bateria_fase6_o3d_kcap/A2-B0-C2-kbar-r27,bateria_fase6_o3d_kcap,A2-B0-C2-kbar-r27,cosmog,2,0,500,0.5,0.001,500,0.31,0,0.0,False,nada que podar (menos de 3 volcados),
/Users/alexis/phantom_cs073/bateria_fase6_o3d_kcap/A2-B0-C2-kbar-r28,bateria_fase6_o3d_kcap,A2-B0-C2-kbar-r28,cosmog,2,0,500,0.5,0.001,500,0.31,0,0.0,False,nada que podar (menos de 3 volcados),
/Users/alexis/phantom_cs073/bateria_fase6_o3d_kcap/A2-B0-C2-kbar-r3,bateria_fase6_o3d_kcap,A2-B0-C2-kbar-r3,cosmog,2,0,500,0.5,0.001,500,0.31,0,0.0,False,nada que podar (menos de 3 volcados),
/Users/alexis/phantom_cs073/bateria_fase6_o3d_kcap/A2-B0-C2-kbar-r31,bateria_fase6_o3d_kcap,A2-B0-C2-kbar-r31,cosmog,2,0,500,0.5,0.001,500,0.31,0,0.0,False,nada que podar (menos de 3 volcados),
/Users/alexis/phantom_cs073/bateria_fase6_o3d_kcap/A2-B0-C2-kbar-r32,bateria_fase6_o3d_kcap,A2-B0-C2-kbar-r32,cosmog,2,0,500,0.5,0.001,500,0.31,0,0.0,False,nada que podar (menos de 3 volcados),
/Users/alexis/phantom_cs073/bateria_fase6_o3d_kcap/A2-B0-C2-kbar-r33,bateria_fase6_o3d_kcap,A2-B0-C2-kbar-r33,cosmog,2,0,500,0.5,0.001,500,0.31,0,0.0,False,nada que podar (menos de 3 volcados),
/Users/alexis/phantom_cs073/bateria_fase6_o3d_kcap/A2-B0-C2-kbar-r35,bateria_fase6_o3d_kcap,A2-B0-C2-kbar-r35,cosmog,2,0,500,0.5,0.001,500,0.31,0,0.0,False,nada que podar (menos de 3 volcados),
/Users/alexis/phantom_cs073/bateria_fase6_o3d_kcap/A2-B0-C2-kbar-r36,bateria_fase6_o3d_kcap,A2-B0-C2-kbar-r36,cosmog,2,0,500,0.5,0.001,500,0.31,0,0.0,False,nada que podar (menos de 3 volcados),
/Users/alexis/phantom_cs073/bateria_fase6_o3d_kcap/A2-B0-C2-kbar-r4,bateria_fase6_o3d_kcap,A2-B0-C2-kbar-r4,cosmog,2,0,500,0.5,0.001,500,0.31,0,0.0,False,nada que podar (menos de 3 volcados),
/Users/alexis/phantom_cs073/bateria_fase6_o3d_kcap/A2-B0-C2-kbar-r54,bateria_fase6_o3d_kcap,A2-B0-C2-kbar-r54,cosmog,2,0,500,0.5,0.001,500,0.31,0,0.0,False,nada que podar (menos de 3 volcados),
/Users/alexis/phantom_cs073/bateria_fase6_o3d_kcap/A2-B0-C2-kbar-r6,bateria_fase6_o3d_kcap,A2-B0-C2-kbar-r6,cosmog,2,0,500,0.5,0.001,500,0.31,0,0.0,False,nada que podar (menos de 3 volcados),
/Users/alexis/phantom_cs073/bateria_fase6_o3d_kcap/A2-B0-C2-kbar-r65,bateria_fase6_o3d_kcap,A2-B0-C2-kbar-r65,cosmog,2,0,500,0.5,0.001,500,0.31,0,0.0,False,nada que podar (menos de 3 volcados),
/Users/alexis/phantom_cs073/bateria_fase6_o3d_kcap/A2-B0-C2-kbar-r7,bateria_fase6_o3d_kcap,A2-B0-C2-kbar-r7,cosmog,2,0,500,0.5,0.001,500,0.31,0,0.0,False,nada que podar (menos de 3 volcados),
/Users/alexis/phantom_cs073/bateria_fase6_o3d_kcap/A2-B0-C2-kbar-r74,bateria_fase6_o3d_kcap,A2-B0-C2-kbar-r74,cosmog,2,0,500,0.5,0.001,500,0.31,0,0.0,False,nada que podar (menos de 3 volcados),
/Users/alexis/phantom_cs073/bateria_fase6_o3d_kcap/A2-B0-C2-kbar-r8,bateria_fase6_o3d_kcap,A2-B0-C2-kbar-r8,cosmog,2,0,500,0.5,0.001,500,0.31,0,0.0,False,nada que podar (menos de 3 volcados),
/Users/alexis/phantom_cs073/bateria_fase6_o3d_kcap/A2-B0-C2-kbar-r9,bateria_fase6_o3d_kcap,A2-B0-C2-kbar-r9,cosmog,2,0,500,0.5,0.001,500,0.31,0,0.0,False,nada que podar (menos de 3 volcados),
/Users/alexis/phantom_cs073/bateria_fase6_o3d_kcap/CONTROL-ER-a2321-s3000001,bateria_fase6_o3d_kcap,CONTROL-ER-a2321-s3000001,cosmog,2,0,500,0.5,0.001,500,0.31,0,0.0,False,nada que podar (menos de 3 volcados),
/Users/alexis/phantom_cs073/bateria_fase6_o3d_kcap/CONTROL-ER-a2321-s3000002,bateria_fase6_o3d_kcap,CONTROL-ER-a2321-s3000002,cosmog,2,0,500,0.5,0.001,500,0.31,0,0.0,False,nada que podar (menos de 3 volcados),
/Users/alexis/phantom_cs073/bateria_fase6_o3d_kcap/CONTROL-ER-a2321-s3000003,bateria_fase6_o3d_kcap,CONTROL-ER-a2321-s3000003,cosmog,2,0,500,0.5,0.001,500,0.31,0,0.0,False,nada que podar (menos de 3 volcados),
/Users/alexis/phantom_cs073/bateria_fase6_o3d_kcap/CONTROL-ER-a4608-s3000011,bateria_fase6_o3d_kcap,CONTROL-ER-a4608-s3000011,cosmog,2,0,500,0.5,0.001,500,0.31,0,0.0,False,nada que podar (menos de 3 volcados),
/Users/alexis/phantom_cs073/bateria_fase6_o3d_kcap/CONTROL-ER-a4608-s3000012,bateria_fase6_o3d_kcap,CONTROL-ER-a4608-s3000012,cosmog,2,0,500,0.5,0.001,500,0.31,0,0.0,False,nada que podar (menos de 3 volcados),
/Users/alexis/phantom_cs073/bateria_fase6_o3d_kcap/CONTROL-ER-a4608-s3000013,bateria_fase6_o3d_kcap,CONTROL-ER-a4608-s3000013,cosmog,2,0,500,0.5,0.001,500,0.31,0,0.0,False,nada que podar (menos de 3 volcados),
/Users/alexis/phantom_cs073/bateria_fase7_f701_kcapM/A2-B0-C2-f701-r1050,bateria_fase7_f701_kcapM,A2-B0-C2-f701-r1050,cosmog,2,0,500,0.5,0.001,500,0.31,0,0.0,False,nada que podar (menos de 3 volcados),
/Users/alexis/phantom_cs073/bateria_fase7_f701_kcapM/A2-B0-C2-f701-r1119,bateria_fase7_f701_kcapM,A2-B0-C2-f701-r1119,cosmog,2,0,500,0.5,0.001,500,0.31,0,0.0,False,nada que podar (menos de 3 volcados),
/Users/alexis/phantom_cs073/bateria_fase7_f701_kcapM/A2-B0-C2-f701-r1132,bateria_fase7_f701_kcapM,A2-B0-C2-f701-r1132,cosmog,2,0,500,0.5,0.001,500,0.31,0,0.0,False,nada que podar (menos de 3 volcados),
/Users/alexis/phantom_cs073/bateria_fase7_f701_kcapM/A2-B0-C2-f701-r1161,bateria_fase7_f701_kcapM,A2-B0-C2-f701-r1161,cosmog,2,0,500,0.5,0.001,500,0.31,0,0.0,False,nada que podar (menos de 3 volcados),
/Users/alexis/phantom_cs073/bateria_fase7_f701_kcapM/A2-B0-C2-f701-r1176,bateria_fase7_f701_kcapM,A2-B0-C2-f701-r1176,cosmog,2,0,500,0.5,0.001,500,0.31,0,0.0,False,nada que podar (menos de 3 volcados),
/Users/alexis/phantom_cs073/bateria_fase7_f701_kcapM/A2-B0-C2-f701-r1179,bateria_fase7_f701_kcapM,A2-B0-C2-f701-r1179,cosmog,2,0,500,0.5,0.001,500,0.31,0,0.0,False,nada que podar (menos de 3 volcados),
/Users/alexis/phantom_cs073/bateria_fase7_f701_kcapM/A2-B0-C2-f701-r1181,bateria_fase7_f701_kcapM,A2-B0-C2-f701-r1181,cosmog,2,0,500,0.5,0.001,500,0.31,0,0.0,False,nada que podar (menos de 3 volcados),
/Users/alexis/phantom_cs073/bateria_fase7_f701_kcapM/A2-B0-C2-f701-r12,bateria_fase7_f701_kcapM,A2-B0-C2-f701-r12,cosmog,2,0,500,0.5,0.001,500,0.31,0,0.0,False,nada que podar (menos de 3 volcados),
/Users/alexis/phantom_cs073/bateria_fase7_f701_kcapM/A2-B0-C2-f701-r141,bateria_fase7_f701_kcapM,A2-B0-C2-f701-r141,cosmog,2,0,500,0.5,0.001,500,0.31,0,0.0,False,nada que podar (menos de 3 volcados),
/Users/alexis/phantom_cs073/bateria_fase7_f701_kcapM/A2-B0-C2-f701-r157,bateria_fase7_f701_kcapM,A2-B0-C2-f701-r157,cosmog,2,0,500,0.5,0.001,500,0.31,0,0.0,False,nada que podar (menos de 3 volcados),
/Users/alexis/phantom_cs073/bateria_fase7_f701_kcapM/A2-B0-C2-f701-r190,bateria_fase7_f701_kcapM,A2-B0-C2-f701-r190,cosmog,2,0,500,0.5,0.001,500,0.31,0,0.0,False,nada que podar (menos de 3 volcados),
/Users/alexis/phantom_cs073/bateria_fase7_f701_kcapM/A2-B0-C2-f701-r203,bateria_fase7_f701_kcapM,A2-B0-C2-f701-r203,cosmog,2,0,500,0.5,0.001,500,0.31,0,0.0,False,nada que podar (menos de 3 volcados),
/Users/alexis/phantom_cs073/bateria_fase7_f701_kcapM/A2-B0-C2-f701-r308,bateria_fase7_f701_kcapM,A2-B0-C2-f701-r308,cosmog,2,0,500,0.5,0.001,500,0.31,0,0.0,False,nada que podar (menos de 3 volcados),
/Users/alexis/phantom_cs073/bateria_fase7_f701_kcapM/A2-B0-C2-f701-r336,bateria_fase7_f701_kcapM,A2-B0-C2-f701-r336,cosmog,2,0,500,0.5,0.001,500,0.31,0,0.0,False,nada que podar (menos de 3 volcados),
/Users/alexis/phantom_cs073/bateria_fase7_f701_kcapM/A2-B0-C2-f701-r343,bateria_fase7_f701_kcapM,A2-B0-C2-f701-r343,cosmog,2,0,500,0.5,0.001,500,0.31,0,0.0,False,nada que podar (menos de 3 volcados),
/Users/alexis/phantom_cs073/bateria_fase7_f701_kcapM/A2-B0-C2-f701-r352,bateria_fase7_f701_kcapM,A2-B0-C2-f701-r352,cosmog,2,0,500,0.5,0.001,500,0.31,0,0.0,False,nada que podar (menos de 3 volcados),
/Users/alexis/phantom_cs073/bateria_fase7_f701_kcapM/A2-B0-C2-f701-r368,bateria_fase7_f701_kcapM,A2-B0-C2-f701-r368,cosmog,2,0,500,0.5,0.001,500,0.31,0,0.0,False,nada que podar (menos de 3 volcados),
/Users/alexis/phantom_cs073/bateria_fase7_f701_kcapM/A2-B0-C2-f701-r454,bateria_fase7_f701_kcapM,A2-B0-C2-f701-r454,cosmog,2,0,500,0.5,0.001,500,0.31,0,0.0,False,nada que podar (menos de 3 volcados),
/Users/alexis/phantom_cs073/bateria_fase7_f701_kcapM/A2-B0-C2-f701-r463,bateria_fase7_f701_kcapM,A2-B0-C2-f701-r463,cosmog,2,0,500,0.5,0.001,500,0.31,0,0.0,False,nada que podar (menos de 3 volcados),
/Users/alexis/phantom_cs073/bateria_fase7_f701_kcapM/A2-B0-C2-f701-r470,bateria_fase7_f701_kcapM,A2-B0-C2-f701-r470,cosmog,2,0,500,0.5,0.001,500,0.31,0,0.0,False,nada que podar (menos de 3 volcados),
/Users/alexis/phantom_cs073/bateria_fase7_f701_kcapM/A2-B0-C2-f701-r48,bateria_fase7_f701_kcapM,A2-B0-C2-f701-r48,cosmog,2,0,500,0.5,0.001,500,0.31,0,0.0,False,nada que podar (menos de 3 volcados),
/Users/alexis/phantom_cs073/bateria_fase7_f701_kcapM/A2-B0-C2-f701-r52,bateria_fase7_f701_kcapM,A2-B0-C2-f701-r52,cosmog,2,0,500,0.5,0.001,500,0.31,0,0.0,False,nada que podar (menos de 3 volcados),
/Users/alexis/phantom_cs073/bateria_fase7_f701_kcapM/A2-B0-C2-f701-r598,bateria_fase7_f701_kcapM,A2-B0-C2-f701-r598,cosmog,2,0,500,0.5,0.001,500,0.31,0,0.0,False,nada que podar (menos de 3 volcados),
/Users/alexis/phantom_cs073/bateria_fase7_f701_kcapM/A2-B0-C2-f701-r68,bateria_fase7_f701_kcapM,A2-B0-C2-f701-r68,cosmog,2,0,500,0.5,0.001,500,0.31,0,0.0,False,nada que podar (menos de 3 volcados),
/Users/alexis/phantom_cs073/bateria_fase7_f701_kcapM/A2-B0-C2-f701-r7,bateria_fase7_f701_kcapM,A2-B0-C2-f701-r7,cosmog,2,0,500,0.5,0.001,500,0.31,0,0.0,False,nada que podar (menos de 3 volcados),
/Users/alexis/phantom_cs073/bateria_fase7_f701_kcapM/A2-B0-C2-f701-r73,bateria_fase7_f701_kcapM,A2-B0-C2-f701-r73,cosmog,2,0,500,0.5,0.001,500,0.31,0,0.0,False,nada que podar (menos de 3 volcados),
/Users/alexis/phantom_cs073/bateria_fase7_f701_kcapM/A2-B0-C2-f701-r732,bateria_fase7_f701_kcapM,A2-B0-C2-f701-r732,cosmog,2,0,500,0.5,0.001,500,0.31,0,0.0,False,nada que podar (menos de 3 volcados),
/Users/alexis/phantom_cs073/bateria_fase7_f701_kcapM/A2-B0-C2-f701-r75,bateria_fase7_f701_kcapM,A2-B0-C2-f701-r75,cosmog,2,0,500,0.5,0.001,500,0.31,0,0.0,False,nada que podar (menos de 3 volcados),
/Users/alexis/phantom_cs073/bateria_fase7_f701_kcapM/A2-B0-C2-f701-r822,bateria_fase7_f701_kcapM,A2-B0-C2-f701-r822,cosmog,2,0,500,0.5,0.001,500,0.31,0,0.0,False,nada que podar (menos de 3 volcados),
/Users/alexis/phantom_cs073/bateria_fase7_f701_kcapM/A2-B0-C2-f701-r875,bateria_fase7_f701_kcapM,A2-B0-C2-f701-r875,cosmog,2,0,500,0.5,0.001,500,0.31,0,0.0,False,nada que podar (menos de 3 volcados),
/Users/alexis/phantom_cs073/bateria_fase7_f701_kcapM/A2-B0-C2-f701-r894,bateria_fase7_f701_kcapM,A2-B0-C2-f701-r894,cosmog,2,0,500,0.5,0.001,500,0.31,0,0.0,False,nada que podar (menos de 3 volcados),
/Users/alexis/phantom_cs073/bateria_fase7_f701_kcapM/A2-B0-C2-f701-r949,bateria_fase7_f701_kcapM,A2-B0-C2-f701-r949,cosmog,2,0,500,0.5,0.001,500,0.31,0,0.0,False,nada que podar (menos de 3 volcados),
/Users/alexis/phantom_cs073/bateria_fase7_f701_kcapM/A2-B0-C2-f701-r954,bateria_fase7_f701_kcapM,A2-B0-C2-f701-r954,cosmog,2,0,500,0.5,0.001,500,0.31,0,0.0,False,nada que podar (menos de 3 volcados),
/Users/alexis/phantom_cs073/bateria_fase7_f701_kcapM/A2-B0-C2-f701-r964,bateria_fase7_f701_kcapM,A2-B0-C2-f701-r964,cosmog,2,0,500,0.5,0.001,500,0.31,0,0.0,False,nada que podar (menos de 3 volcados),
/Users/alexis/phantom_cs073/bateria_fase7_f701_kcapM/A2-B0-C2-f701-r976,bateria_fase7_f701_kcapM,A2-B0-C2-f701-r976,cosmog,2,0,500,0.5,0.001,500,0.31,0,0.0,False,nada que podar (menos de 3 volcados),
/Users/alexis/phantom_cs073/bateria_fase7_f701_kcapM/A2-B0-C2-f701-r991,bateria_fase7_f701_kcapM,A2-B0-C2-f701-r991,cosmog,2,0,500,0.5,0.001,500,0.31,0,0.0,False,nada que podar (menos de 3 volcados),
/Users/alexis/phantom_cs073/bateria_n2000/diag_layout111,bateria_n2000,diag_layout111,cosmog,2,0,1,0.5,0.001,500,0.19,0,0.0,False,nada que podar (menos de 3 volcados),
/Users/alexis/phantom_cs073/bateria_n2000/diag_layout333,bateria_n2000,diag_layout333,cosmog,2,0,1,0.5,0.001,500,0.19,0,0.0,False,nada que podar (menos de 3 volcados),
/Users/alexis/phantom_cs073/bateria_n2000/diag_real_nosinks,bateria_n2000,diag_real_nosinks,cosmog,2,0,1,0.5,0.001,500,0.19,0,0.0,False,nada que podar (menos de 3 volcados),
/Users/alexis/phantom_cs073/bateria_n2000/ic_real_apr,bateria_n2000,ic_real_apr,cosmog,1,0,0,0.5,1.0,0,0.16,0,0.0,False,nada que podar (menos de 3 volcados),
/Users/alexis/phantom_cs073/bateria_n2000/pool_b,bateria_n2000,pool_b,cosmog,2,0,1,0.5,0.001,500,0.19,0,0.0,False,nada que podar (menos de 3 volcados),
/Users/alexis/phantom_cs073/bateria_n2000/pool_c,bateria_n2000,pool_c,cosmog,2,0,1,0.5,0.001,500,0.19,0,0.0,False,nada que podar (menos de 3 volcados),
/Users/alexis/phantom_cs073/run_control_N2000,phantom_cs073,run_control_N2000,cosmog,2,0,1,0.02,0.001,20,0.31,0,0.0,False,nada que podar (menos de 3 volcados),
/Users/alexis/phantom_cs073/run_control_N8550,phantom_cs073,run_control_N8550,cosmog,1,0,0,0.02,0.001,20,0.65,0,0.0,False,nada que podar (menos de 3 volcados),
/Users/alexis/phantom_cs073/run_n1000_real0,phantom_cs073,run_n1000_real0,cosmog,1,0,0,2.0,0.2,10,0.07,0,0.0,False,nada que podar (menos de 3 volcados),
/Users/alexis/phantom_cs073/run_n8000_smoke,phantom_cs073,run_n8000_smoke,cosmog,1,0,0,0.02,0.001,20,0.65,0,0.0,False,nada que podar (menos de 3 volcados),
/Users/alexis/phantom_cs073/run_sweep_N2000,phantom_cs073,run_sweep_N2000,cosmog,2,0,1,0.02,0.001,20,0.31,0,0.0,False,nada que podar (menos de 3 volcados),
/Users/alexis/phantom_cs073/run_sweep_N4000,phantom_cs073,run_sweep_N4000,cosmog,1,0,0,0.02,0.001,20,0.31,0,0.0,False,nada que podar (menos de 3 volcados),
