MU,N,S0,S_final_max,alpha,alpha_c_teorico,barrido,brazo,delta_struct,k_micro,lambda_max_G,lambda_puro,n_aristas,n_vivos_fin,persiste_puro,precision,semilla,sobrevive_finito,sobrevive_ge2,tau_final
0.01,8,1.0,9.964024805848057e-07,1e-06,0.050505050505050504,A_alpha,REAL,0.003291910183369806,1375,4.0,-0.010050348348788278,0,0,0,float64,1,0,0,0
0.01,8,1.0,9.963339782047904e-07,1e-06,0.04576584235575484,A_alpha,REAL,0.0033002734459087633,1375,4.414213562373094,-0.010050371207213709,0,0,0,float64,2,0,0,0
0.01,8,1.0,9.963824113660558e-07,1e-06,0.04409824925923263,A_alpha,REAL,0.0035107029758202624,1375,4.581138830084192,-0.010050352901111358,0,0,0,float64,3,0,0,0
0.01,8,1.0,9.9657962694379e-07,1e-06,0.03858242537879851,A_alpha,REAL,0.003985133628379291,1375,5.236067977499788,-0.010050223342735452,0,0,0,float64,4,0,0,0
0.01,8,1.0,9.964225429462134e-07,1e-06,0.05449538250299351,A_alpha,REAL,0.0031519072122509115,1375,3.7071067811865483,-0.010050339509867872,0,0,0,float64,5,0,0,0
0.01,8,1.0,9.964792934706675e-07,1e-06,0.05449538250299351,A_alpha,REAL,0.0031647137781166805,1375,3.7071067811865483,-0.010050307185645582,0,0,0,float64,6,0,0,0
0.01,8,1.0,9.965194234706275e-07,1e-06,0.05449538250299351,A_alpha,REAL,0.0031828262555934875,1375,3.707106781186549,-0.010050279151551877,0,0,0,float64,7,0,0,0
0.01,8,1.0,9.962855422031521e-07,1e-06,0.03944689815669394,A_alpha,REAL,0.003918785251148165,1375,5.121320343559643,-0.010050382191906295,0,0,0,float64,8,0,0,0
0.01,8,1.0,9.96354040910821e-07,1e-06,0.05449538250299353,A_alpha,REAL,0.0031337958519617893,1375,3.707106781186547,-0.010050364512381416,0,0,0,float64,9,0,0,0
0.01,8,1.0,9.963540395324919e-07,1e-06,0.044098249259232634,A_alpha,REAL,0.00352689533986695,1375,4.581138830084191,-0.010050367545836887,0,0,0,float64,10,0,0,0
0.01,8,1.0,9.96291922677167e-07,1e-06,0.050505050505050504,A_alpha,BARAJADO,0.0032919090882053575,1375,4.0,-0.010050348353502003,0,0,0,float64,1,0,0,0
0.01,8,1.0,9.96259609628371e-07,1e-06,0.04576584235575484,A_alpha,BARAJADO,0.003300273729507815,1375,4.414213562373094,-0.0100503712088417,0,0,0,float64,2,0,0,0
0.01,8,1.0,9.962853310648647e-07,1e-06,0.04409824925923263,A_alpha,BARAJADO,0.0035107019961081775,1375,4.581138830084192,-0.010050352903014103,0,0,0,float64,3,0,0,0
0.01,8,1.0,9.964701803953826e-07,1e-06,0.03858242537879851,A_alpha,BARAJADO,0.00398512756622259,1375,5.236067977499788,-0.010050223353504174,0,0,0,float64,4,0,0,0
0.01,8,1.0,9.963046935417293e-07,1e-06,0.05449538250299351,A_alpha,BARAJADO,0.003151904995477251,1375,3.7071067811865483,-0.010050339514663552,0,0,0,float64,5,0,0,0
0.01,8,1.0,9.963486961094764e-07,1e-06,0.05449538250299351,A_alpha,BARAJADO,0.003164714762690914,1375,3.7071067811865483,-0.010050307192343151,0,0,0,float64,6,0,0,0
0.01,8,1.0,9.963941575485656e-07,1e-06,0.05449538250299351,A_alpha,BARAJADO,0.00318282507406381,1375,3.707106781186549,-0.010050279159328301,0,0,0,float64,7,0,0,0
0.01,8,1.0,9.962436709458517e-07,1e-06,0.03944689815669394,A_alpha,BARAJADO,0.003918785618636403,1375,5.121320343559643,-0.010050382192337497,0,0,0,float64,8,0,0,0
0.01,8,1.0,9.962708923015371e-07,1e-06,0.05449538250299353,A_alpha,BARAJADO,0.0031337958393167237,1375,3.707106781186547,-0.010050364514665924,0,0,0,float64,9,0,0,0
0.01,8,1.0,9.962634290639051e-07,1e-06,0.044098249259232634,A_alpha,BARAJADO,0.0035268936243441603,1375,4.581138830084191,-0.010050367547676712,0,0,0,float64,10,0,0,0
0.01,8,1.0,9.964778970028112e-07,1.778279410038923e-06,0.050505050505050504,A_alpha,REAL,0.005853931999011094,1375,4.0,-0.010050358067089118,0,0,0,float64,1,0,0,0
0.01,8,1.0,9.963560718134274e-07,1.778279410038923e-06,0.04576584235575484,A_alpha,REAL,0.005868791936729323,1375,4.414213562373094,-0.010050398720028293,0,0,0,float64,2,0,0,0
0.01,8,1.0,9.96442198355332e-07,1.778279410038923e-06,0.04409824925923263,A_alpha,REAL,0.006243003963025044,1375,4.581138830084192,-0.010050366166281353,0,0,0,float64,3,0,0,0
0.01,8,1.0,9.967929546771294e-07,1.778279410038923e-06,0.03858242537879851,A_alpha,REAL,0.007086750914044279,1375,5.236067977499788,-0.01005013576302269,0,0,0,float64,4,0,0,0
0.01,8,1.0,9.965135739638516e-07,1.778279410038923e-06,0.05449538250299351,A_alpha,REAL,0.0056049731784899755,1375,3.7071067811865483,-0.010050342348900544,0,0,0,float64,5,0,0,0
0.01,8,1.0,9.966145013497857e-07,1.778279410038923e-06,0.05449538250299351,A_alpha,REAL,0.005627756430023854,1375,3.7071067811865483,-0.01005028486478349,0,0,0,float64,6,0,0,0
0.01,8,1.0,9.966858719610726e-07,1.778279410038923e-06,0.05449538250299351,A_alpha,REAL,0.005659980792845392,1375,3.707106781186549,-0.010050235010830341,0,0,0,float64,7,0,0,0
0.01,8,1.0,9.962699362888197e-07,1.778279410038923e-06,0.03944689815669394,A_alpha,REAL,0.006968669739733342,1375,5.121320343559643,-0.010050418255537647,0,0,0,float64,8,0,0,0
0.01,8,1.0,9.96391749864374e-07,1.778279410038923e-06,0.05449538250299353,A_alpha,REAL,0.005572752348808604,1375,3.707106781186547,-0.010050386813834543,0,0,0,float64,9,0,0,0
0.01,8,1.0,9.963917455055594e-07,1.778279410038923e-06,0.044098249259232634,A_alpha,REAL,0.006271792413302441,1375,4.581138830084191,-0.010050392208784445,0,0,0,float64,10,0,0,0
0.01,8,1.0,9.96281277596074e-07,1.778279410038923e-06,0.050505050505050504,A_alpha,BARAJADO,0.005853928535517547,1375,4.0,-0.01005035808199586,0,0,0,float64,1,0,0,0
0.01,8,1.0,9.962238173483692e-07,1.778279410038923e-06,0.04576584235575484,A_alpha,BARAJADO,0.005868792833428713,1375,4.414213562373094,-0.010050398725176735,0,0,0,float64,2,0,0,0
0.01,8,1.0,9.962695560621968e-07,1.778279410038923e-06,0.04409824925923263,A_alpha,BARAJADO,0.006243000864774784,1375,4.581138830084192,-0.010050366172298493,0,0,0,float64,3,0,0,0
0.01,8,1.0,9.965982876642726e-07,1.778279410038923e-06,0.03858242537879851,A_alpha,BARAJADO,0.007086731742525864,1375,5.236067977499788,-0.010050135797076486,0,0,0,float64,4,0,0,0
0.01,8,1.0,9.963039876478623e-07,1.778279410038923e-06,0.05449538250299351,A_alpha,BARAJADO,0.00560496616815357,1375,3.7071067811865483,-0.01005034236406634,0,0,0,float64,5,0,0,0
0.01,8,1.0,9.963822377036935e-07,1.778279410038923e-06,0.05449538250299351,A_alpha,BARAJADO,0.005627759543226011,1375,3.7071067811865483,-0.010050284885963436,0,0,0,float64,6,0,0,0
0.01,8,1.0,9.964630845462357e-07,1.778279410038923e-06,0.05449538250299351,A_alpha,BARAJADO,0.0056599770560284285,1375,3.707106781186549,-0.010050235035421662,0,0,0,float64,7,0,0,0
0.01,8,1.0,9.961954751041746e-07,1.778279410038923e-06,0.03944689815669394,A_alpha,BARAJADO,0.006968670901792372,1375,5.121320343559643,-0.010050418256901285,0,0,0,float64,8,0,0,0
0.01,8,1.0,9.962438804660905e-07,1.778279410038923e-06,0.05449538250299353,A_alpha,BARAJADO,0.005572752308702563,1375,3.707106781186547,-0.010050386821059094,0,0,0,float64,9,0,0,0
0.01,8,1.0,9.962306091230487e-07,1.778279410038923e-06,0.044098249259232634,A_alpha,BARAJADO,0.0062717869882217905,1375,4.581138830084191,-0.01005039221460276,0,0,0,float64,10,0,0,0
0.01,8,1.0,9.966120445413925e-07,3.162277660168379e-06,0.050505050505050504,A_alpha,REAL,0.010409913778104065,1375,4.0,-0.010050375334835136,0,0,0,float64,1,0,0,4
0.01,8,1.0,9.963953774265965e-07,3.162277660168379e-06,0.04576584235575484,A_alpha,REAL,0.010436300066795147,1375,4.414213562373094,-0.010050447640630176,0,0,0,float64,2,0,0,5
0.01,8,1.0,9.965485308406548e-07,3.162277660168379e-06,0.04409824925923263,A_alpha,REAL,0.011101783731716587,1375,4.581138830084192,-0.010050389749764577,0,0,0,float64,3,0,0,11
0.01,8,1.0,9.971724378146429e-07,3.162277660168379e-06,0.03858242537879851,A_alpha,REAL,0.012602444086390018,1375,5.236067977499788,-0.010049979989603991,0,0,0,float64,4,0,0,24
0.01,8,1.0,9.966754896543461e-07,3.162277660168379e-06,0.05449538250299351,A_alpha,REAL,0.009967213080250748,1375,3.7071067811865483,-0.010050347383130176,0,0,0,float64,5,0,0,0
0.01,8,1.0,9.968549955187224e-07,3.162277660168379e-06,0.05449538250299351,A_alpha,REAL,0.010007758422778693,1375,3.7071067811865483,-0.010050245152029649,0,0,0,float64,6,0,0,1
0.01,8,1.0,9.9698193852854e-07,3.162277660168379e-06,0.05449538250299351,A_alpha,REAL,0.010065110781957556,1375,3.707106781186549,-0.010050156493023899,0,0,0,float64,7,0,0,1
0.01,8,1.0,9.962421956032337e-07,3.162277660168379e-06,0.03944689815669394,A_alpha,REAL,0.012392161640844479,1375,5.121320343559643,-0.010050482385463702,0,0,0,float64,8,0,0,22
0.01,8,1.0,9.964588259869242e-07,3.162277660168379e-06,0.05449538250299353,A_alpha,REAL,0.009909871895430711,1375,3.707106781186547,-0.010050426465208921,0,0,0,float64,9,0,0,0
0.01,8,1.0,9.964588122022117e-07,3.162277660168379e-06,0.044098249259232634,A_alpha,REAL,0.011152958358921041,1375,4.581138830084191,-0.01005043606089321,0,0,0,float64,10,0,0,11
0.01,8,1.0,9.962623479359005e-07,3.162277660168379e-06,0.050505050505050504,A_alpha,BARAJADO,0.01040990282400402,1375,4.0,-0.010050375381977873,0,0,0,float64,1,0,0,4
0.01,8,1.0,9.961601719294452e-07,3.162277660168379e-06,0.04576584235575484,A_alpha,BARAJADO,0.010436302901735379,1375,4.414213562373094,-0.010050447656912377,0,0,0,float64,2,0,0,5
0.01,8,1.0,9.962415043887651e-07,3.162277660168379e-06,0.04409824925923263,A_alpha,BARAJADO,0.011101773933465823,1375,4.581138830084192,-0.010050389768793104,0,0,0,float64,3,0,0,11
0.01,8,1.0,9.968261374612206e-07,3.162277660168379e-06,0.03858242537879851,A_alpha,BARAJADO,0.012602383453438597,1375,5.236067977499788,-0.010049980097292134,0,0,0,float64,4,0,0,24
0.01,8,1.0,9.963027323938193e-07,3.162277660168379e-06,0.05449538250299351,A_alpha,BARAJADO,0.009967190910031157,1375,3.7071067811865483,-0.01005034743109133,0,0,0,float64,5,0,0,0
0.01,8,1.0,9.964418866378745e-07,3.162277660168379e-06,0.05449538250299351,A_alpha,BARAJADO,0.010007768265929607,1375,3.7071067811865483,-0.010050245219008498,0,0,0,float64,6,0,0,1
0.01,8,1.0,9.965856666191243e-07,3.162277660168379e-06,0.05449538250299351,A_alpha,BARAJADO,0.010065098962337466,1375,3.707106781186549,-0.01005015657078908,0,0,0,float64,7,0,0,1
0.01,8,1.0,9.96109775252793e-07,3.162277660168379e-06,0.03944689815669394,A_alpha,BARAJADO,0.012392165315368589,1375,5.121320343559643,-0.01005048238977639,0,0,0,float64,8,0,0,22
0.01,8,1.0,9.96195847773843e-07,3.162277660168379e-06,0.05449538250299353,A_alpha,BARAJADO,0.009909871767936172,1375,3.707106781186547,-0.010050426488056558,0,0,0,float64,9,0,0,0
0.01,8,1.0,9.961722488155437e-07,3.162277660168379e-06,0.044098249259232634,A_alpha,BARAJADO,0.01115294120262768,1375,4.581138830084191,-0.010050436079293821,0,0,0,float64,10,0,0,11
0.01,8,1.0,9.96850710465681e-07,5.623413251903491e-06,0.050505050505050504,A_alpha,REAL,0.018511694343949243,1375,4.0,-0.010050405997086865,0,0,0,float64,1,0,0,62
0.01,8,1.0,9.96465327572853e-07,5.623413251903491e-06,0.04576584235575484,A_alpha,REAL,0.01855849373686521,1375,4.414213562373094,-0.010050534619725137,0,0,0,float64,2,0,0,62
0.01,8,1.0,9.967376656150163e-07,5.623413251903491e-06,0.04409824925923263,A_alpha,REAL,0.019742004893577494,1375,4.581138830084192,-0.010050431669774644,0,0,0,float64,3,0,0,68
0.01,8,1.0,9.97847666112843e-07,5.623413251903491e-06,0.03858242537879851,A_alpha,REAL,0.022411365284172792,1375,5.236067977499788,-0.010049702879054496,0,0,0,float64,4,0,0,81
0.01,8,1.0,9.96963538370855e-07,5.623413251903491e-06,0.05449538250299351,A_alpha,REAL,0.017724504611494947,1375,3.7071067811865483,-0.010050356289966311,0,0,0,float64,5,0,0,57
0.01,8,1.0,9.97282840969505e-07,5.623413251903491e-06,0.05449538250299351,A_alpha,REAL,0.017796701553167326,1375,3.7071067811865483,-0.010050174468328258,0,0,0,float64,6,0,0,58
0.01,8,1.0,9.975086637420934e-07,5.623413251903491e-06,0.05449538250299351,A_alpha,REAL,0.017898843256177084,1375,3.707106781186549,-0.010050016792836602,0,0,0,float64,7,0,0,58
0.01,8,1.0,9.96192899672837e-07,5.623413251903491e-06,0.03944689815669394,A_alpha,REAL,0.022036472052533465,1375,5.121320343559643,-0.010050596422319464,0,0,0,float64,8,0,0,79
0.01,8,1.0,9.965781663838672e-07,5.623413251903491e-06,0.05449538250299353,A_alpha,REAL,0.017622398253844405,1375,3.707106781186547,-0.010050496954794718,0,0,0,float64,9,0,0,57
0.01,8,1.0,9.965781227876298e-07,5.623413251903491e-06,0.044098249259232634,A_alpha,REAL,0.019832946708193726,1375,4.581138830084191,-0.010050514024788433,0,0,0,float64,10,0,0,69
0.01,8,1.0,9.962286865595076e-07,5.623413251903491e-06,0.050505050505050504,A_alpha,BARAJADO,0.018511659695204043,1375,4.0,-0.010050406146185065,0,0,0,float64,1,0,0,62
0.01,8,1.0,9.960470028859407e-07,5.623413251903491e-06,0.04576584235575484,A_alpha,BARAJADO,0.018558502697953276,1375,4.414213562373094,-0.01005053467122178,0,0,0,float64,2,0,0,62
0.01,8,1.0,9.961916228542202e-07,5.623413251903491e-06,0.04409824925923263,A_alpha,BARAJADO,0.019741973904721107,1375,4.581138830084192,-0.010050431729951664,0,0,0,float64,3,0,0,68
0.01,8,1.0,9.972314423028686e-07,5.623413251903491e-06,0.03858242537879851,A_alpha,BARAJADO,0.022411173504962096,1375,5.236067977499788,-0.010049703219597528,0,0,0,float64,4,0,0,81
0.01,8,1.0,9.963005002724458e-07,5.623413251903491e-06,0.05449538250299351,A_alpha,BARAJADO,0.017724434494167263,1375,3.7071067811865483,-0.010050356441648063,0,0,0,float64,5,0,0,57
0.01,8,1.0,9.965479673564456e-07,5.623413251903491e-06,0.05449538250299351,A_alpha,BARAJADO,0.017796732670615874,1375,3.7071067811865483,-0.010050174680145138,0,0,0,float64,6,0,0,58
0.01,8,1.0,9.968036853578442e-07,5.623413251903491e-06,0.05449538250299351,A_alpha,BARAJADO,0.01789880586369447,1375,3.707106781186549,-0.010050017038755157,0,0,0,float64,7,0,0,58
0.01,8,1.0,9.959573953790822e-07,5.623413251903491e-06,0.03944689815669394,A_alpha,BARAJADO,0.0220364836711097,1375,5.121320343559643,-0.010050596435959975,0,0,0,float64,8,0,0,79
0.01,8,1.0,9.961104382296377e-07,5.623413251903491e-06,0.05449538250299353,A_alpha,BARAJADO,0.017622397846914634,1375,3.707106781186547,-0.010050497027054383,0,0,0,float64,9,0,0,57
0.01,8,1.0,9.960684764753774e-07,5.623413251903491e-06,0.044098249259232634,A_alpha,BARAJADO,0.019832892451395513,1375,4.581138830084191,-0.010050514082984527,0,0,0,float64,10,0,0,69
0.01,8,1.0,9.97275486255998e-07,1e-05,0.050505050505050504,A_alpha,REAL,0.03291883531680808,1375,4.0,-0.010050460381957125,0,0,0,float64,1,0,0,119
0.01,8,1.0,9.965898886284238e-07,1e-05,0.04576584235575484,A_alpha,REAL,0.03300166937417231,1375,4.414213562373094,-0.010050689244122184,0,0,0,float64,2,0,0,119
0.01,8,1.0,9.97074145310647e-07,1e-05,0.04409824925923263,A_alpha,REAL,0.03510658411885237,1375,4.581138830084192,-0.01005050615829357,0,0,0,float64,3,0,0,125
0.01,8,1.0,9.990496806925616e-07,1e-05,0.03858242537879851,A_alpha,REAL,0.03985587843102145,1375,5.236067977499788,-0.01004920977686693,0,0,0,float64,4,0,0,138
0.01,8,1.0,9.974761408676796e-07,1e-05,0.05449538250299351,A_alpha,REAL,0.03151916848842675,1375,3.7071067811865483,-0.010050371985096734,0,0,0,float64,5,0,0,115
0.01,8,1.0,9.980442380958214e-07,1e-05,0.05449538250299351,A_alpha,REAL,0.031647858391461295,1375,3.7071067811865483,-0.010050048572658591,0,0,0,float64,6,0,0,115
0.01,8,1.0,9.98446075552471e-07,1e-05,0.05449538250299351,A_alpha,REAL,0.03182997933447754,1375,3.707106781186549,-0.01004976813415102,0,0,0,float64,7,0,0,116
0.01,8,1.0,9.96105347679467e-07,1e-05,0.03944689815669394,A_alpha,REAL,0.03918620184030895,1375,5.121320343559643,-0.01005079919882913,0,0,0,float64,8,0,0,136
0.01,8,1.0,9.967905777513548e-07,1e-05,0.05449538250299353,A_alpha,REAL,0.03133715936749592,1375,3.707106781186547,-0.010050622236523383,0,0,0,float64,9,0,0,114
0.01,8,1.0,9.96790439858857e-07,1e-05,0.044098249259232634,A_alpha,REAL,0.03526811127375914,1375,4.581138830084191,-0.01005065261130652,0,0,0,float64,10,0,0,126
0.01,8,1.0,9.961688299101881e-07,1e-05,0.050505050505050504,A_alpha,BARAJADO,0.032918725698148486,1375,4.0,-0.010050460853558313,0,0,0,float64,1,0,0,119
0.01,8,1.0,9.95845789255824e-07,1e-05,0.04576584235575484,A_alpha,BARAJADO,0.03300169769036461,1375,4.414213562373094,-0.010050689407012686,0,0,0,float64,2,0,0,119
0.01,8,1.0,9.96102926437709e-07,1e-05,0.04409824925923263,A_alpha,BARAJADO,0.03510648610061452,1375,4.581138830084192,-0.01005050634860987,0,0,0,float64,3,0,0,125
0.01,8,1.0,9.979525806045155e-07,1e-05,0.03858242537879851,A_alpha,BARAJADO,0.0398552717413936,1375,5.236067977499788,-0.01004921085377667,0,0,0,float64,4,0,0,138
0.01,8,1.0,9.962965311616428e-07,1e-05,0.05449538250299351,A_alpha,BARAJADO,0.03151894670770655,1375,3.7071067811865483,-0.010050372464842399,0,0,0,float64,5,0,0,115
0.01,8,1.0,9.96736634596453e-07,1e-05,0.05449538250299351,A_alpha,BARAJADO,0.03164795674101644,1375,3.7071067811865483,-0.010050049242545142,0,0,0,float64,6,0,0,115
0.01,8,1.0,9.971914897479283e-07,1e-05,0.05449538250299351,A_alpha,BARAJADO,0.03182986100154159,1375,3.707106781186549,-0.01004976891183329,0,0,0,float64,7,0,0,116
0.01,8,1.0,9.956864795866307e-07,1e-05,0.03944689815669394,A_alpha,BARAJADO,0.03918623857422315,1375,5.121320343559643,-0.010050799241978882,0,0,0,float64,8,0,0,136
0.01,8,1.0,9.959585751783043e-07,1e-05,0.05449538250299353,A_alpha,BARAJADO,0.031337158059545914,1375,3.707106781186547,-0.01005062246507964,0,0,0,float64,9,0,0,114
0.01,8,1.0,9.95883967429884e-07,1e-05,0.044098249259232634,A_alpha,BARAJADO,0.03526793967713194,1375,4.581138830084191,-0.010050652795385123,0,0,0,float64,10,0,0,126
0.01,8,1.0,9.98031999389463e-07,1.778279410038923e-05,0.050505050505050504,A_alpha,REAL,0.05853847747676475,1375,4.0,-0.0100505566466479,0,0,0,float64,1,0,0,176
0.01,8,1.0,9.968119314573422e-07,1.778279410038923e-05,0.04576584235575484,A_alpha,REAL,0.05868455148931695,1375,4.414213562373094,-0.010050964055246298,0,0,0,float64,2,0,0,177
0.01,8,1.0,9.976729597687904e-07,1.778279410038923e-05,0.04409824925923263,A_alpha,REAL,0.062428630545692164,1375,4.581138830084192,-0.010050638439469699,0,0,0,float64,3,0,0,183
0.01,8,1.0,9.91182833967533e-07,1.778279410038923e-05,0.03858242537879851,A_alpha,REAL,0.07088187552572557,1376,5.236067977499788,-0.010048331884448578,0,0,0,float64,4,0,0,195
0.01,8,1.0,9.98388866989911e-07,1.778279410038923e-05,0.05449538250299351,A_alpha,REAL,0.05605003679924522,1375,3.7071067811865483,-0.010050399440692477,0,0,0,float64,5,0,0,172
0.01,8,1.0,9.99400014278349e-07,1.778279410038923e-05,0.05449538250299351,A_alpha,REAL,0.05627984342095834,1375,3.7071067811865483,-0.010049824061382759,0,0,0,float64,6,0,0,172
0.01,8,1.0,9.901151474567113e-07,1.778279410038923e-05,0.05449538250299351,A_alpha,REAL,0.056605237626895635,1376,3.707106781186549,-0.010049325213547764,0,0,0,float64,7,0,0,173
0.01,8,1.0,9.959500035894008e-07,1.778279410038923e-05,0.03944689815669394,A_alpha,REAL,0.06968147775769826,1375,5.121320343559643,-0.010051159751335281,0,0,0,float64,8,0,0,194
0.01,8,1.0,9.971689083269505e-07,1.778279410038923e-05,0.05449538250299353,A_alpha,REAL,0.05572499652537895,1375,3.707106781186547,-0.010050844805820993,0,0,0,float64,9,0,0,171
0.01,8,1.0,9.971684721088886e-07,1.778279410038923e-05,0.044098249259232634,A_alpha,REAL,0.06271526130404256,1375,4.581138830084191,-0.010050898882559856,0,0,0,float64,10,0,0,183
0.01,8,1.0,9.960623965476784e-07,1.778279410038923e-05,0.050505050505050504,A_alpha,BARAJADO,0.05853813055259564,1375,4.0,-0.010050558138607512,0,0,0,float64,1,0,0,176
0.01,8,1.0,9.954880781078912e-07,1.778279410038923e-05,0.04576584235575484,A_alpha,BARAJADO,0.05868464091345116,1375,4.414213562373094,-0.010050964570597811,0,0,0,float64,2,0,0,177
0.01,8,1.0,9.959452212099847e-07,1.778279410038923e-05,0.04409824925923263,A_alpha,BARAJADO,0.0624283204562049,1375,4.581138830084192,-0.01005063904141402,0,0,0,float64,3,0,0,183
0.01,8,1.0,9.992362098686444e-07,1.778279410038923e-05,0.03858242537879851,A_alpha,BARAJADO,0.070879955337749,1375,5.236067977499788,-0.010048335290037342,0,0,0,float64,4,0,0,195
0.01,8,1.0,9.962894736841065e-07,1.778279410038923e-05,0.05449538250299351,A_alpha,BARAJADO,0.05604933518437195,1375,3.7071067811865483,-0.010050400958264247,0,0,0,float64,5,0,0,172
0.01,8,1.0,9.970722201599505e-07,1.778279410038923e-05,0.05449538250299351,A_alpha,BARAJADO,0.056280154134541835,1375,3.7071067811865483,-0.01004982618010248,0,0,0,float64,6,0,0,172
0.01,8,1.0,9.978814501295654e-07,1.778279410038923e-05,0.05449538250299351,A_alpha,BARAJADO,0.05660486289604053,1375,3.707106781186549,-0.010049327672904331,0,0,0,float64,7,0,0,173
0.01,8,1.0,9.952048995972674e-07,1.778279410038923e-05,0.03944689815669394,A_alpha,BARAJADO,0.06968159387976867,1375,5.121320343559643,-0.01005115988786937,0,0,0,float64,8,0,0,194
0.01,8,1.0,9.95688580258192e-07,1.778279410038923e-05,0.05449538250299353,A_alpha,BARAJADO,0.05572499227048877,1375,3.707106781186547,-0.010050845528866932,0,0,0,float64,9,0,0,171
0.01,8,1.0,9.955559446952623e-07,1.778279410038923e-05,0.044098249259232634,A_alpha,BARAJADO,0.06271471854658399,1375,4.581138830084191,-0.01005089946492864,0,0,0,float64,10,0,0,183
0.01,8,1.0,9.993824846369028e-07,3.1622776601683795e-05,0.050505050505050504,A_alpha,REAL,0.10409647483315454,1375,4.0,-0.010050726417266752,0,0,0,float64,1,0,0,234
0.01,8,1.0,9.972084907144016e-07,3.1622776601683795e-05,0.04576584235575484,A_alpha,REAL,0.10435235171868015,1375,4.414213562373094,-0.010051452257624507,0,0,0,float64,2,0,0,234
0.01,8,1.0,9.987408460406036e-07,3.1622776601683795e-05,0.04409824925923263,A_alpha,REAL,0.11101338205136413,1375,4.581138830084192,-0.01005087310209291,0,0,0,float64,3,0,0,240
0.01,8,1.0,9.949706176551768e-07,3.1622776601683795e-05,0.03858242537879851,A_alpha,REAL,0.1260698847361748,1376,5.236067977499788,-0.010046767523923049,0,0,0,float64,4,0,0,253
0.01,8,1.0,9.90018183267405e-07,3.1622776601683795e-05,0.05449538250299351,A_alpha,REAL,0.09967309677647297,1376,3.7071067811865483,-0.01005044682489918,0,0,0,float64,5,0,0,229
0.01,8,1.0,9.91802269711518e-07,3.1622776601683795e-05,0.05449538250299351,A_alpha,REAL,0.1000847932877009,1376,3.7071067811865483,-0.01004942281287648,0,0,0,float64,6,0,0,230
0.01,8,1.0,9.930676731406884e-07,3.1622776601683795e-05,0.05449538250299351,A_alpha,REAL,0.10066828233758601,1376,3.707106781186549,-0.01004853524923886,0,0,0,float64,7,0,0,230
0.01,8,1.0,9.956748590842925e-07,3.1622776601683795e-05,0.03944689815669394,A_alpha,REAL,0.12390511181339248,1375,5.121320343559643,-0.010051800785195473,0,0,0,float64,8,0,0,251
0.01,8,1.0,9.97843597829444e-07,3.1622776601683795e-05,0.05449538250299353,A_alpha,REAL,0.09909072899857649,1375,3.707106781186547,-0.010051239910294354,0,0,0,float64,9,0,0,229
0.01,8,1.0,9.978422174649374e-07,3.1622776601683795e-05,0.044098249259232634,A_alpha,REAL,0.11152116413069271,1375,4.581138830084191,-0.01005133626965262,0,0,0,float64,10,0,0,240
0.01,8,1.0,9.958731551179428e-07,3.1622776601683795e-05,0.050505050505050504,A_alpha,BARAJADO,0.10409537649170092,1375,4.0,-0.010050731138777358,0,0,0,float64,1,0,0,234
0.01,8,1.0,9.948522930259762e-07,3.1622776601683795e-05,0.04576584235575484,A_alpha,BARAJADO,0.10435263383051667,1375,4.414213562373094,-0.010051453888696563,0,0,0,float64,2,0,0,234
0.01,8,1.0,9.956648461223476e-07,3.1622776601683795e-05,0.04409824925923263,A_alpha,BARAJADO,0.11101240093632743,1375,4.581138830084192,-0.010050875006234259,0,0,0,float64,3,0,0,240
0.01,8,1.0,9.915138419032851e-07,3.1622776601683795e-05,0.03858242537879851,A_alpha,BARAJADO,0.1260638071376221,1376,5.236067977499788,-0.010046778293902152,0,0,0,float64,4,0,0,253
0.01,8,1.0,9.96276925763863e-07,3.1622776601683795e-05,0.05449538250299351,A_alpha,BARAJADO,0.09967087661846566,1375,3.7071067811865483,-0.010050451626597639,0,0,0,float64,5,0,0,229
0.01,8,1.0,9.976692460184516e-07,3.1622776601683795e-05,0.05449538250299351,A_alpha,BARAJADO,0.10008577431712552,1375,3.7071067811865483,-0.010049429514836491,0,0,0,float64,6,0,0,230
0.01,8,1.0,9.991094551271568e-07,3.1622776601683795e-05,0.05449538250299351,A_alpha,BARAJADO,0.10066709437342378,1375,3.707106781186549,-0.01004854302701795,0,0,0,float64,7,0,0,230
0.01,8,1.0,9.943490973153587e-07,3.1622776601683795e-05,0.03944689815669394,A_alpha,BARAJADO,0.12390547879440576,1375,5.121320343559643,-0.010051801217419163,0,0,0,float64,8,0,0,251
0.01,8,1.0,9.952086435807952e-07,3.1622776601683795e-05,0.05449538250299353,A_alpha,BARAJADO,0.09909071487549276,1375,3.707106781186547,-0.010051242198384642,0,0,0,float64,9,0,0,229
0.01,8,1.0,9.94972900163407e-07,3.1622776601683795e-05,0.044098249259232634,A_alpha,BARAJADO,0.11151944709889826,1375,4.581138830084191,-0.010051338112734001,0,0,0,float64,10,0,0,240
0.01,8,1.0,9.917846864943074e-07,5.623413251903491e-05,0.050505050505050504,A_alpha,REAL,0.18510853216855358,1376,4.0,-0.01005102383141823,0,0,0,float64,1,0,0,291
0.01,8,1.0,9.979246696220301e-07,5.623413251903491e-05,0.04576584235575484,A_alpha,REAL,0.18555126839983044,1375,4.414213562373094,-0.0100523188684198,0,0,0,float64,2,0,0,291
0.01,8,1.0,9.90636451837534e-07,5.623413251903491e-05,0.04409824925923263,A_alpha,REAL,0.1974059651904893,1376,4.581138830084192,-0.01005128859247469,0,0,0,float64,3,0,0,297
0.01,8,1.0,9.917380541486572e-07,5.623413251903491e-05,0.03858242537879851,A_alpha,REAL,0.22425743805029025,1377,5.236067977499788,-0.01004397546164967,0,0,0,float64,4,0,0,310
0.01,8,1.0,9.928998787490768e-07,5.623413251903491e-05,0.05449538250299351,A_alpha,REAL,0.17724810949830008,1376,3.7071067811865483,-0.010050526526529721,0,0,0,float64,5,0,0,287
0.01,8,1.0,9.96086320623775e-07,5.623413251903491e-05,0.05449538250299351,A_alpha,REAL,0.1779898239479241,1376,3.7071067811865483,-0.01004870293517758,0,0,0,float64,6,0,0,287
0.01,8,1.0,9.98336149795332e-07,5.623413251903491e-05,0.05449538250299351,A_alpha,REAL,0.1790427658699673,1376,3.707106781186549,-0.01004712310920209,0,0,0,float64,7,0,0,288
0.01,8,1.0,9.951946414980435e-07,5.623413251903491e-05,0.03944689815669394,A_alpha,REAL,0.22031253500166445,1375,5.121320343559643,-0.010052940312348567,0,0,0,float64,8,0,0,308
0.01,8,1.0,9.990542128145721e-07,5.623413251903491e-05,0.05449538250299353,A_alpha,REAL,0.1761987205539177,1375,3.707106781186547,-0.010051940342229669,0,0,0,float64,9,0,0,286
0.01,8,1.0,9.990490252079163e-07,5.623413251903491e-05,0.044098249259232634,A_alpha,REAL,0.19830284805328535,1375,4.581138830084191,-0.010052112315857587,0,0,0,float64,10,0,0,298
0.01,8,1.0,9.955367157981303e-07,5.623413251903491e-05,0.050505050505050504,A_alpha,BARAJADO,0.18510504943633696,1375,4.0,-0.01005103878195398,0,0,0,float64,1,0,0,291
0.01,8,1.0,9.937227173954945e-07,5.623413251903491e-05,0.04576584235575484,A_alpha,BARAJADO,0.1855521576084361,1375,4.414213562373094,-0.010052324034137519,0,0,0,float64,2,0,0,291
0.01,8,1.0,9.95166478590844e-07,5.623413251903491e-05,0.04409824925923263,A_alpha,BARAJADO,0.19740285829207557,1375,4.581138830084192,-0.010051294617421406,0,0,0,float64,3,0,0,297
0.01,8,1.0,9.955566606117087e-07,5.623413251903491e-05,0.03858242537879851,A_alpha,BARAJADO,0.22423817577443778,1376,5.236067977499788,-0.01004400952240518,0,0,0,float64,4,0,0,310
0.01,8,1.0,9.962546191603708e-07,5.623413251903491e-05,0.05449538250299351,A_alpha,BARAJADO,0.17724107990713694,1375,3.7071067811865483,-0.010050541726103876,0,0,0,float64,5,0,0,287
0.01,8,1.0,9.987317505331772e-07,5.623413251903491e-05,0.05449538250299351,A_alpha,BARAJADO,0.17799291663516711,1375,3.7071067811865483,-0.010048724139747865,0,0,0,float64,6,0,0,287
0.01,8,1.0,9.912922873867739e-07,5.623413251903491e-05,0.05449538250299351,A_alpha,BARAJADO,0.17903899582761276,1376,3.707106781186549,-0.010047147708094872,0,0,0,float64,7,0,0,288
0.01,8,1.0,9.92829078807673e-07,5.623413251903491e-05,0.03944689815669394,A_alpha,BARAJADO,0.2203136952372448,1375,5.121320343559643,-0.010052941681780836,0,0,0,float64,8,0,0,308
0.01,8,1.0,9.943557817035178e-07,5.623413251903491e-05,0.05449538250299353,A_alpha,BARAJADO,0.1761986732970965,1375,3.707106781186547,-0.010051947586916011,0,0,0,float64,9,0,0,286
0.01,8,1.0,9.939369421953045e-07,5.623413251903491e-05,0.044098249259232634,A_alpha,BARAJADO,0.19829741529444225,1375,4.581138830084191,-0.010052118152469536,0,0,0,float64,10,0,0,298
0.01,8,1.0,9.96081403057738e-07,0.0001,0.050505050505050504,A_alpha,REAL,0.32916180390351585,1376,4.0,-0.01005153846990347,0,0,0,float64,1,0,0,348
0.01,8,1.0,9.992196837085177e-07,0.0001,0.04576584235575484,A_alpha,REAL,0.32991026120665445,1375,4.414213562373094,-0.010053855019959233,0,0,0,float64,2,0,0,348
0.01,8,1.0,9.94004356420619e-07,0.0001,0.04409824925923263,A_alpha,REAL,0.35102133114921336,1376,4.581138830084192,-0.010052021730361838,0,0,0,float64,3,0,0,355
0.01,8,1.0,9.937878063248362e-07,0.0001,0.03858242537879851,A_alpha,REAL,0.3990139131280443,1378,5.236067977499788,-0.010038978155427107,0,0,0,float64,4,0,0,368
0.01,8,1.0,9.980716164312198e-07,0.0001,0.05449538250299351,A_alpha,REAL,0.31520142180501237,1376,3.7071067811865483,-0.010050653787712083,0,0,0,float64,5,0,0,344
0.01,8,1.0,9.937202556151564e-07,0.0001,0.05449538250299351,A_alpha,REAL,0.31655077220208105,1377,3.7071067811865483,-0.010047402689576322,0,0,0,float64,6,0,0,344
0.01,8,1.0,9.977211565332876e-07,0.0001,0.05449538250299351,A_alpha,REAL,0.3184717391605938,1377,3.707106781186549,-0.010044588636265452,0,0,0,float64,7,0,0,345
0.01,8,1.0,9.943496196106706e-07,0.0001,0.03944689815669394,A_alpha,REAL,0.3916970367278891,1375,5.121320343559643,-0.010054965404633132,0,0,0,float64,8,0,0,365
0.01,8,1.0,9.912226298432647e-07,0.0001,0.05449538250299353,A_alpha,REAL,0.31329174123487086,1376,3.707106781186547,-0.010053179001550805,0,0,0,float64,9,0,0,343
0.01,8,1.0,9.911941260085608e-07,0.0001,0.044098249259232634,A_alpha,REAL,0.3525969723094296,1376,4.581138830084191,-0.010053486781755168,0,0,0,float64,10,0,0,355
0.01,8,1.0,9.949387008040388e-07,0.0001,0.050505050505050504,A_alpha,BARAJADO,0.32915074236640535,1375,4.0,-0.010051585859173276,0,0,0,float64,1,0,0,348
0.01,8,1.0,9.917172625223414e-07,0.0001,0.04576584235575484,A_alpha,BARAJADO,0.3299130522317073,1375,4.414213562373094,-0.01005387139946472,0,0,0,float64,2,0,0,348
0.01,8,1.0,9.942809299074507e-07,0.0001,0.04409824925923263,A_alpha,BARAJADO,0.35101148354703154,1375,4.581138830084192,-0.010052040802738485,0,0,0,float64,3,0,0,354
0.01,8,1.0,9.927772635156544e-07,0.0001,0.03858242537879851,A_alpha,BARAJADO,0.39895277280530494,1377,5.236067977499788,-0.010039085881691218,0,0,0,float64,4,0,0,368
0.01,8,1.0,9.962149742530867e-07,0.0001,0.05449538250299351,A_alpha,BARAJADO,0.3151791419049075,1375,3.7071067811865483,-0.010050701938876354,0,0,0,float64,5,0,0,344
0.01,8,1.0,9.905950962512392e-07,0.0001,0.05449538250299351,A_alpha,BARAJADO,0.3165605034992198,1376,3.7071067811865483,-0.010047469806578686,0,0,0,float64,6,0,0,344
0.01,8,1.0,9.951600510173147e-07,0.0001,0.05449538250299351,A_alpha,BARAJADO,0.3184597284513246,1376,3.707106781186549,-0.01004466644350122,0,0,0,float64,7,0,0,345
0.01,8,1.0,9.901318604570814e-07,0.0001,0.03944689815669394,A_alpha,BARAJADO,0.3917006940780266,1375,5.121320343559643,-0.010054969749956899,0,0,0,float64,8,0,0,365
0.01,8,1.0,9.92841049263526e-07,0.0001,0.05449538250299353,A_alpha,BARAJADO,0.31329156938669905,1375,3.707106781186547,-0.010053201962581611,0,0,0,float64,9,0,0,343
0.01,8,1.0,9.920974298379651e-07,0.0001,0.044098249259232634,A_alpha,BARAJADO,0.3525797707564147,1375,4.581138830084191,-0.010053505285414432,0,0,0,float64,10,0,0,355
0.01,8,1.0,9.938294814712563e-07,0.00017782794100389227,0.050505050505050504,A_alpha,REAL,0.5853011050555205,1377,4.0,-0.010052408234143747,0,0,0,float64,1,0,0,405
0.01,8,1.0,9.915776882094032e-07,0.00017782794100389227,0.04576584235575484,A_alpha,REAL,0.5865091636602209,1376,4.414213562373094,-0.010056571013124285,0,0,0,float64,2,0,0,405
0.01,8,1.0,9.900514030809328e-07,0.00017782794100389227,0.04409824925923263,A_alpha,REAL,0.6241457026058502,1377,4.581138830084192,-0.01005330730302802,0,0,0,float64,3,0,0,412
0.01,8,1.0,9.953287646692324e-07,0.00017782794100389227,0.03858242537879851,A_alpha,REAL,0.7102604932020146,1380,5.236067977499788,-0.010029989553696037,0,0,0,float64,4,0,0,425
0.01,8,1.0,9.973330604078953e-07,0.00017782794100389227,0.05449538250299351,A_alpha,REAL,0.5605314363884991,1377,3.7071067811865483,-0.010050834061926911,0,0,0,float64,5,0,0,401
0.01,8,1.0,9.973757526533173e-07,0.00017782794100389227,0.05449538250299351,A_alpha,REAL,0.5630270650579267,1378,3.7071067811865483,-0.010045026727105286,0,0,0,float64,6,0,0,402
0.01,8,1.0,9.94463886003364e-07,0.00017782794100389227,0.05449538250299351,A_alpha,REAL,0.5665968489935536,1379,3.707106781186549,-0.010040007920277243,0,0,0,float64,7,0,0,403
0.01,8,1.0,9.928834677971422e-07,0.00017782794100389227,0.03944689815669394,A_alpha,REAL,0.6962932988687137,1375,5.121320343559643,-0.010058562409173768,0,0,0,float64,8,0,0,422
0.01,8,1.0,9.951240290899698e-07,0.00017782794100389227,0.05449538250299353,A_alpha,REAL,0.5569976273250761,1376,3.707106781186547,-0.010055359687188306,0,0,0,float64,9,0,0,400
0.01,8,1.0,9.95076527706122e-07,0.00017782794100389227,0.044098249259232634,A_alpha,REAL,0.6268867423818991,1376,4.581138830084191,-0.010055913231643057,0,0,0,float64,10,0,0,412
0.01,8,1.0,9.938761103774526e-07,0.00017782794100389227,0.050505050505050504,A_alpha,BARAJADO,0.5852658464969519,1375,4.0,-0.01005255872065612,0,0,0,float64,1,0,0,405
0.01,8,1.0,9.981463460455494e-07,0.00017782794100389227,0.04576584235575484,A_alpha,BARAJADO,0.5865178624499349,1374,4.414213562373094,-0.010056623058755374,0,0,0,float64,2,0,0,405
0.01,8,1.0,9.927083502337627e-07,0.00017782794100389227,0.04409824925923263,A_alpha,BARAJADO,0.6241144336927553,1375,4.581138830084192,-0.010053367726754182,0,0,0,float64,3,0,0,412
0.01,8,1.0,9.95622164802248e-07,0.00017782794100389227,0.03858242537879851,A_alpha,BARAJADO,0.7100658397659236,1378,5.236067977499788,-0.01003033030109311,0,0,0,float64,4,0,0,425
0.01,8,1.0,9.96144545572225e-07,0.00017782794100389227,0.05449538250299351,A_alpha,BARAJADO,0.560460699509516,1375,3.7071067811865483,-0.010050986812450037,0,0,0,float64,5,0,0,401
0.01,8,1.0,9.939166234767506e-07,0.00017782794100389227,0.05449538250299351,A_alpha,BARAJADO,0.5630575382236888,1376,3.7071067811865483,-0.010045239317585062,0,0,0,float64,6,0,0,402
0.01,8,1.0,9.92063389430257e-07,0.00017782794100389227,0.05449538250299351,A_alpha,BARAJADO,0.5665583703466716,1377,3.707106781186549,-0.010040254069661159,0,0,0,float64,7,0,0,402
0.01,8,1.0,9.953130603101188e-07,0.00017782794100389227,0.03944689815669394,A_alpha,BARAJADO,0.6963048302026049,1374,5.121320343559643,-0.010058576234116701,0,0,0,float64,8,0,0,422
0.01,8,1.0,9.901471879895755e-07,0.00017782794100389227,0.05449538250299353,A_alpha,BARAJADO,0.5569969600294425,1375,3.707106781186547,-0.010055432585885838,0,0,0,float64,9,0,0,400
0.01,8,1.0,9.98843405013812e-07,0.00017782794100389227,0.044098249259232634,A_alpha,BARAJADO,0.6268322177598402,1374,4.581138830084191,-0.010055972009084667,0,0,0,float64,10,0,0,412
0.01,8,1.0,9.978944917537753e-07,0.00031622776601683794,0.050505050505050504,A_alpha,REAL,1.0407017818112176,1378,4.0,-0.010053809329450514,0,0,0,float64,1,0,0,463
0.01,8,1.0,9.959427577388e-07,0.00031622776601683794,0.04576584235575484,A_alpha,REAL,1.0424610916546422,1376,4.414213562373094,-0.01006135031768872,0,0,0,float64,2,0,0,462
0.01,8,1.0,9.908632975493613e-07,0.00031622776601683794,0.04409824925923263,A_alpha,REAL,1.1096900449314044,1378,4.581138830084192,-0.01005553565698,0,0,0,float64,3,0,0,469
0.01,8,1.0,9.939874917187383e-07,0.00031622776601683794,0.03858242537879851,A_alpha,REAL,1.265272149976738,1384,5.236067977499788,-0.010013682568976478,0,0,0,float64,4,0,0,484
0.01,8,1.0,9.94061270772135e-07,0.00031622776601683794,0.05449538250299351,A_alpha,REAL,0.9968307858666732,1379,3.7071067811865483,-0.010051007545745987,0,0,0,float64,5,0,0,458
0.01,8,1.0,9.91869269500147e-07,0.00031622776601683794,0.05449538250299351,A_alpha,REAL,1.0015729055680305,1381,3.7071067811865483,-0.01004059888955085,0,0,0,float64,6,0,0,459
0.01,8,1.0,9.944214159645175e-07,0.00031622776601683794,0.05449538250299351,A_alpha,REAL,1.0084087333885623,1382,3.707106781186549,-0.010031628740964542,0,0,0,float64,7,0,0,460
0.01,8,1.0,9.904660605025012e-07,0.00031622776601683794,0.03944689815669394,A_alpha,REAL,1.2374034065736668,1375,5.121320343559643,-0.010064945413679202,0,0,0,float64,8,0,0,479
0.01,8,1.0,9.923126672920982e-07,0.00031622776601683794,0.05449538250299353,A_alpha,REAL,0.9901103245488576,1377,3.707106781186547,-0.010059167071057123,0,0,0,float64,9,0,0,457
0.01,8,1.0,9.92117872256012e-07,0.00031622776601683794,0.044098249259232634,A_alpha,REAL,1.1143720272856723,1377,4.581138830084191,-0.01006017120970096,0,0,0,float64,10,0,0,469
0.01,8,1.0,9.919892040913711e-07,0.00031622776601683794,0.050505050505050504,A_alpha,BARAJADO,1.0405887094442103,1375,4.0,-0.010054288756910001,0,0,0,float64,1,0,0,463
0.01,8,1.0,9.91794272530755e-07,0.00031622776601683794,0.04576584235575484,A_alpha,BARAJADO,1.0424879404122902,1374,4.414213562373094,-0.010061516313758546,0,0,0,float64,2,0,0,462
0.01,8,1.0,9.999198205286435e-07,0.00031622776601683794,0.04409824925923263,A_alpha,BARAJADO,1.1095904298985775,1374,4.581138830084192,-0.01005572736208065,0,0,0,float64,3,0,0,469
0.01,8,1.0,9.984531990657207e-07,0.00031622776601683794,0.03858242537879851,A_alpha,BARAJADO,1.2646491913172733,1380,5.236067977499788,-0.010014760527552978,0,0,0,float64,4,0,0,483
0.01,8,1.0,9.960195283318808e-07,0.00031622776601683794,0.05449538250299351,A_alpha,BARAJADO,0.9966055032804579,1375,3.7071067811865483,-0.010051493303887358,0,0,0,float64,5,0,0,458
0.01,8,1.0,9.998489625295706e-07,0.00031622776601683794,0.05449538250299351,A_alpha,BARAJADO,1.0016675997845448,1376,3.7071067811865483,-0.010041273093142577,0,0,0,float64,6,0,0,459
0.01,8,1.0,9.943304543281872e-07,0.00031622776601683794,0.05449538250299351,A_alpha,BARAJADO,1.0082842677173154,1378,3.707106781186549,-0.01003240766426308,0,0,0,float64,7,0,0,460
0.01,8,1.0,9.967719951805466e-07,0.00031622776601683794,0.03944689815669394,A_alpha,BARAJADO,1.2374396435343997,1373,5.121320343559643,-0.010064989609465553,0,0,0,float64,8,0,0,479
0.01,8,1.0,9.953352290176943e-07,0.00031622776601683794,0.05449538250299353,A_alpha,BARAJADO,0.990107558598641,1374,3.707106781186547,-0.010059399234633731,0,0,0,float64,9,0,0,457
0.01,8,1.0,9.930258050689461e-07,0.00031622776601683794,0.044098249259232634,A_alpha,BARAJADO,1.114198934623819,1374,4.581138830084191,-0.01006035857624402,0,0,0,float64,10,0,0,469
0.01,8,1.0,0.006704484662614295,0.0005623413251903491,0.050505050505050504,A_alpha,REAL,1.8381362463975501,500,4.0,-0.010055829139380891,0,8,0,float64,1,1,1,500
0.01,8,1.0,0.006610325558966856,0.0005623413251903491,0.04576584235575484,A_alpha,REAL,1.8401144733063772,500,4.414213562373094,-0.010069685000560238,0,8,0,float64,2,1,1,500
0.01,8,1.0,0.006675409157524773,0.0005623413251903491,0.04409824925923263,A_alpha,REAL,1.9597523911086376,500,4.581138830084192,-0.010059313662744056,0,8,0,float64,3,1,1,500
0.01,8,1.0,0.006951897303690008,0.0005623413251903491,0.03858242537879851,A_alpha,REAL,2.2417371985207173,500,5.236067977499788,-0.009983662971783406,0,8,0,float64,4,1,1,500
0.01,8,1.0,0.006731633668602603,0.0005623413251903491,0.05449538250299351,A_alpha,REAL,1.7611456075002025,500,3.7071067811865483,-0.010050842291102252,0,8,0,float64,5,1,1,500
0.01,8,1.0,0.0068099993553380166,0.0005623413251903491,0.05449538250299351,A_alpha,REAL,1.7704068438496936,500,3.7071067811865483,-0.010032078038194519,0,8,0,float64,6,1,1,500
0.01,8,1.0,0.006865783518709573,0.0005623413251903491,0.05449538250299351,A_alpha,REAL,1.783904229366618,500,3.707106781186549,-0.010015988906485852,0,8,0,float64,7,1,1,500
0.01,8,1.0,0.006544445246037444,0.0005623413251903491,0.03944689815669394,A_alpha,REAL,2.1836736539273853,500,5.121320343559643,-0.010076251998706072,0,8,0,float64,8,1,1,500
0.01,8,1.0,0.006637572623937902,0.0005623413251903491,0.05449538250299353,A_alpha,REAL,1.7480054867086976,500,3.707106781186547,-0.010065709501882226,0,8,0,float64,9,1,1,500
0.01,8,1.0,0.006637189246516341,0.0005623413251903491,0.044098249259232634,A_alpha,REAL,1.9674662426872935,500,4.581138830084191,-0.010067558206790417,0,8,0,float64,10,1,1,500
0.01,8,1.0,0.006557271834464019,0.0005623413251903491,0.050505050505050504,A_alpha,BARAJADO,1.8377862612371134,500,4.0,-0.010057365296819639,0,8,0,float64,1,1,1,500
0.01,8,1.0,0.006509600469196726,0.0005623413251903491,0.04576584235575484,A_alpha,BARAJADO,1.840193126163311,500,4.414213562373094,-0.010070218001624966,0,8,0,float64,2,1,1,500
0.01,8,1.0,0.006549241850117651,0.0005623413251903491,0.04409824925923263,A_alpha,BARAJADO,1.959446672393841,500,4.581138830084192,-0.010059923432415527,0,8,0,float64,3,1,1,500
0.01,8,1.0,0.0068020447801504244,0.0005623413251903491,0.03858242537879851,A_alpha,BARAJADO,2.2398135827189063,500,5.236067977499788,-0.009987073451975444,0,8,0,float64,4,1,1,500
0.01,8,1.0,0.006573413770411503,0.0005623413251903491,0.05449538250299351,A_alpha,BARAJADO,1.7604544354279306,500,3.7071067811865483,-0.010052393691440946,0,8,0,float64,5,1,1,500
0.01,8,1.0,0.0066353850534806354,0.0005623413251903491,0.05449538250299351,A_alpha,BARAJADO,1.770687235951323,500,3.7071067811865483,-0.010034220696064713,0,8,0,float64,6,1,1,500
0.01,8,1.0,0.006700688590166651,0.0005623413251903491,0.05449538250299351,A_alpha,BARAJADO,1.7835145926786273,500,3.707106781186549,-0.010018454669781707,0,8,0,float64,7,1,1,500
0.01,8,1.0,0.0064878562525315375,0.0005623413251903491,0.03944689815669394,A_alpha,BARAJADO,2.183782688830644,500,5.121320343559643,-0.010076394505524482,0,8,0,float64,8,1,1,500
0.01,8,1.0,0.006526338510268777,0.0005623413251903491,0.05449538250299353,A_alpha,BARAJADO,1.7479941475869445,500,3.707106781186547,-0.010066452971099543,0,8,0,float64,9,1,1,500
0.01,8,1.0,0.006516104875733798,0.0005623413251903491,0.044098249259232634,A_alpha,BARAJADO,1.966937590483495,500,4.581138830084191,-0.010068159254351035,0,8,0,float64,10,1,1,500
0.01,8,1.0,0.006813564222858947,0.001,0.050505050505050504,A_alpha,REAL,3.267545512584814,500,4.0,-0.010057864577240552,0,8,0,float64,1,1,1,500
0.01,8,1.0,0.006643564239109599,0.001,0.04576584235575484,A_alpha,REAL,3.2673167379234505,500,4.414213562373094,-0.010083960178103717,0,8,0,float64,2,1,1,500
0.01,8,1.0,0.006758969253958683,0.001,0.04409824925923263,A_alpha,REAL,3.482943111940537,500,4.581138830084192,-0.010065436849355576,0,8,0,float64,3,1,1,500
0.01,8,1.0,0.0072659258276936345,0.001,0.03858242537879851,A_alpha,REAL,5.008264960681156,500,5.236067977499788,-0.00992705193028562,10,8,0,float64,4,1,1,500
0.01,8,1.0,0.006861970503335063,0.001,0.05449538250299351,A_alpha,REAL,3.1323272627310477,500,3.7071067811865483,-0.010049001883345106,0,8,0,float64,5,1,1,500
0.01,8,1.0,0.007003959858305494,0.001,0.05449538250299351,A_alpha,REAL,3.1517292338136205,500,3.7071067811865483,-0.010014848571882244,0,8,0,float64,6,1,1,500
0.01,8,1.0,0.007105555605340176,0.001,0.05449538250299351,A_alpha,REAL,3.1804776303564832,500,3.707106781186549,-0.009985834726077461,0,8,0,float64,7,1,1,500
0.01,8,1.0,0.006525603082217544,0.001,0.03944689815669394,A_alpha,REAL,3.8755324288802853,500,5.121320343559643,-0.010096209240402932,0,8,0,float64,8,1,1,500
0.01,8,1.0,0.0066922887684416395,0.001,0.05449538250299353,A_alpha,REAL,3.104753751250109,500,3.707106781186547,-0.01007659193023082,0,8,0,float64,9,1,1,500
0.01,8,1.0,0.006691066881639488,0.001,0.044098249259232634,A_alpha,REAL,3.4948220074721266,500,4.581138830084191,-0.010080081420869665,0,8,0,float64,10,1,1,500
0.01,8,1.0,0.006547016329841563,0.001,0.050505050505050504,A_alpha,BARAJADO,3.2663950398054067,500,4.0,-0.010062836404617137,0,8,0,float64,1,1,1,500
0.01,8,1.0,0.00646262307347796,0.001,0.04576584235575484,A_alpha,BARAJADO,3.2675469090088343,500,4.414213562373094,-0.010085692389742006,0,8,0,float64,2,1,1,500
0.01,8,1.0,0.006532764582150982,0.001,0.04409824925923263,A_alpha,BARAJADO,3.481956323381325,500,4.581138830084192,-0.010067385149609677,0,8,0,float64,3,1,1,500
0.01,8,1.0,0.006987656396507164,0.001,0.03858242537879851,A_alpha,BARAJADO,4.001971342407083,500,5.236067977499788,-0.00993783931579583,0,8,0,float64,4,1,1,500
0.01,8,1.0,0.006575694393930464,0.001,0.05449538250299351,A_alpha,BARAJADO,3.1300972240307483,500,3.7071067811865483,-0.010053993894236033,0,8,0,float64,5,1,1,500
0.01,8,1.0,0.006686288340960355,0.001,0.05449538250299351,A_alpha,BARAJADO,3.1525694224960596,500,3.7071067811865483,-0.010021681643586218,0,8,0,float64,6,1,1,500
0.01,8,1.0,0.006803586412863335,0.001,0.05449538250299351,A_alpha,BARAJADO,3.179167071044364,500,3.707106781186549,-0.009993642781644514,0,8,0,float64,7,1,1,500
0.01,8,1.0,0.006424278162042798,0.001,0.03944689815669394,A_alpha,BARAJADO,3.875870917186991,500,5.121320343559643,-0.010096675985183146,0,8,0,float64,8,1,1,500
0.01,8,1.0,0.00649221369536058,0.001,0.05449538250299353,A_alpha,BARAJADO,3.1046994734810474,500,3.707106781186547,-0.010078996245585378,0,8,0,float64,9,1,1,500
0.01,8,1.0,0.006474107543114096,0.001,0.044098249259232634,A_alpha,BARAJADO,3.493131331987876,500,4.581138830084191,-0.010082031465788953,0,8,0,float64,10,1,1,500
0.01,8,1.0,0.007018400373873948,0.0017782794100389228,0.050505050505050504,A_alpha,REAL,10.807070265123196,500,4.0,-0.010056192107301166,10,8,0,float64,1,1,1,500
0.01,8,1.0,0.006707661938333887,0.0017782794100389228,0.04576584235575484,A_alpha,REAL,8.79477035441829,500,4.414213562373094,-0.010107457360129276,8,8,0,float64,2,1,1,500
0.01,8,1.0,0.006911794766968674,0.0017782794100389228,0.04409824925923263,A_alpha,REAL,8.187272592625469,500,4.581138830084192,-0.010074379151960699,9,8,0,float64,3,1,1,500
0.01,8,1.0,0.007864239102465241,0.0017782794100389228,0.03858242537879851,A_alpha,REAL,10.198446013183736,500,5.236067977499788,-0.009816234455104655,16,8,0,float64,4,1,1,500
0.01,8,1.0,0.007104872322266417,0.0017782794100389228,0.05449538250299351,A_alpha,REAL,11.57196299267714,500,3.7071067811865483,-0.010040567777790497,10,8,0,float64,5,1,1,500
0.01,8,1.0,0.007366027812634437,0.0017782794100389228,0.05449538250299351,A_alpha,REAL,8.615785550853408,500,3.7071067811865483,-0.009977485446619482,11,8,0,float64,6,1,1,500
0.01,8,1.0,0.007554585652220099,0.0017782794100389228,0.05449538250299351,A_alpha,REAL,8.682159730505793,500,3.707106781186549,-0.009924810879051007,13,8,0,float64,7,1,1,500
0.01,8,1.0,0.006495232250452646,0.0017782794100389228,0.03944689815669394,A_alpha,REAL,11.867733739488948,500,5.121320343559643,-0.010131169898117012,10,8,0,float64,8,1,1,500
0.01,8,1.0,0.006795188886931341,0.0017782794100389228,0.05449538250299353,A_alpha,REAL,10.50956261269757,500,3.707106781186547,-0.010093388919223557,9,8,0,float64,9,1,1,500
0.01,8,1.0,0.006791269712412018,0.0017782794100389228,0.044098249259232634,A_alpha,REAL,9.202614948041479,500,4.581138830084191,-0.010100243542401936,9,8,0,float64,10,1,1,500
0.01,8,1.0,0.00652883633105165,0.0017782794100389228,0.050505050505050504,A_alpha,BARAJADO,5.803185619189024,500,4.0,-0.010072566044692262,0,8,0,float64,1,1,1,500
0.01,8,1.0,0.0063799536621337105,0.0017782794100389228,0.04576584235575484,A_alpha,BARAJADO,5.795394267728783,500,4.414213562373094,-0.010113211286956185,0,8,0,float64,2,1,1,500
0.01,8,1.0,0.00650358039755028,0.0017782794100389228,0.04409824925923263,A_alpha,BARAJADO,6.184039651046992,500,4.581138830084192,-0.010080653933553587,0,8,0,float64,3,1,1,500
0.01,8,1.0,0.00732978763088193,0.0017782794100389228,0.03858242537879851,A_alpha,BARAJADO,8.177320038907046,500,5.236067977499788,-0.009850292026825382,1,8,0,float64,4,1,1,500
0.01,8,1.0,0.0065797493184677844,0.0017782794100389228,0.05449538250299351,A_alpha,BARAJADO,5.564660244061395,500,3.7071067811865483,-0.010056836521311514,0,8,0,float64,5,1,1,500
0.01,8,1.0,0.006777662096924727,0.0017782794100389228,0.05449538250299351,A_alpha,BARAJADO,5.6181787766868165,500,3.7071067811865483,-0.009999390274743968,0,8,0,float64,6,1,1,500
0.01,8,1.0,0.006990001253444953,0.0017782794100389228,0.05449538250299351,A_alpha,BARAJADO,5.677566573201162,500,3.707106781186549,-0.009949522213957604,0,8,0,float64,7,1,1,500
0.01,8,1.0,0.00631277285675862,0.0017782794100389228,0.03944689815669394,A_alpha,BARAJADO,6.868768858790726,500,5.121320343559643,-0.010132743347675223,0,8,0,float64,8,1,1,500
0.01,8,1.0,0.006432027653303739,0.0017782794100389228,0.05449538250299353,A_alpha,BARAJADO,5.509287835228009,500,3.707106781186547,-0.010101300888562474,0,8,0,float64,9,1,1,500
0.01,8,1.0,0.006400118924406089,0.0017782794100389228,0.044098249259232634,A_alpha,BARAJADO,6.197162011268359,500,4.581138830084191,-0.010106701458221522,0,8,0,float64,10,1,1,500
0.01,8,1.0,0.007419536594308041,0.0031622776601683794,0.050505050505050504,A_alpha,REAL,13.316392566132421,500,4.0,-0.01003435931400448,10,8,0,float64,1,1,1,500
0.01,8,1.0,0.006838262353559382,0.0031622776601683794,0.04576584235575484,A_alpha,REAL,12.256644974170218,500,4.414213562373094,-0.010142259216897273,8,8,0,float64,2,1,1,500
0.01,8,1.0,0.007197566007319642,0.0031622776601683794,0.04409824925923263,A_alpha,REAL,12.983055210964856,500,4.581138830084192,-0.010083756722803492,9,8,0,float64,3,1,1,500
0.01,8,1.0,0.009068263975285809,0.0031622776601683794,0.03858242537879851,A_alpha,REAL,16.033645902538094,500,5.236067977499788,-0.00958791469366169,16,8,0,float64,4,1,1,500
0.01,8,1.0,0.007574456132620011,0.0031622776601683794,0.05449538250299351,A_alpha,REAL,12.91520287689715,500,3.7071067811865483,-0.010007764097824839,10,8,0,float64,5,1,1,500
0.01,8,1.0,0.008068221638797663,0.0031622776601683794,0.05449538250299351,A_alpha,REAL,12.022872163529945,500,3.7071067811865483,-0.009889118587566468,11,8,0,float64,6,1,1,500
0.01,8,1.0,0.00843037567374376,0.0031622776601683794,0.05449538250299351,A_alpha,REAL,14.190554177580172,500,3.707106781186549,-0.009793208832411518,13,8,0,float64,7,1,1,500
0.01,8,1.0,0.006451444423189287,0.0031622776601683794,0.03944689815669394,A_alpha,REAL,15.137511149683752,500,5.121320343559643,-0.010191282780417348,10,8,0,float64,8,1,1,500
0.01,8,1.0,0.006996820760597715,0.0031622776601683794,0.05449538250299353,A_alpha,REAL,12.761590411612866,500,3.707106781186547,-0.010114113912322684,9,8,0,float64,9,1,1,500
0.01,8,1.0,0.006984100304684704,0.0031622776601683794,0.044098249259232634,A_alpha,REAL,13.992236104071058,500,4.581138830084191,-0.010128370579786473,9,8,0,float64,10,1,1,500
0.01,8,1.0,0.006496687210366155,0.0031622776601683794,0.050505050505050504,A_alpha,BARAJADO,12.302714971756219,500,4.0,-0.010089869444944615,2,8,0,float64,1,1,1,500
0.01,8,1.0,0.006235653351226185,0.0031622776601683794,0.04576584235575484,A_alpha,BARAJADO,10.258037123510595,500,4.414213562373094,-0.01016215101125944,0,8,0,float64,2,1,1,500
0.01,8,1.0,0.006452050723598964,0.0031622776601683794,0.04409824925923263,A_alpha,BARAJADO,13.97220052004789,500,4.581138830084192,-0.010104248694679413,3,8,0,float64,3,1,1,500
0.01,8,1.0,0.007978284798494746,0.0031622776601683794,0.03858242537879851,A_alpha,BARAJADO,34.95954059925526,500,5.236067977499788,-0.009694628129548353,28,8,0,float64,4,1,1,500
0.01,8,1.0,0.00658695797499261,0.0031622776601683794,0.05449538250299351,A_alpha,BARAJADO,9.890686110047733,500,3.7071067811865483,-0.010061881997240252,0,8,0,float64,5,1,1,500
0.01,8,1.0,0.006942882768983845,0.0031622776601683794,0.05449538250299351,A_alpha,BARAJADO,23.02893410007476,500,3.7071067811865483,-0.009959770723632935,13,8,0,float64,6,1,1,500
0.01,8,1.0,0.007332628260598518,0.0031622776601683794,0.05449538250299351,A_alpha,BARAJADO,34.17342441993907,500,3.707106781186549,-0.009871072310964114,25,8,0,float64,7,1,1,500
0.01,8,1.0,0.006119304077340995,0.0031622776601683794,0.03944689815669394,A_alpha,BARAJADO,16.140588279381614,500,5.121320343559643,-0.010196885059422013,4,8,0,float64,8,1,1,500
0.01,8,1.0,0.006326553995814365,0.0031622776601683794,0.05449538250299353,A_alpha,BARAJADO,9.760146000703998,500,3.707106781186547,-0.010140961972399767,0,8,0,float64,9,1,1,500
0.01,8,1.0,0.006270713206063563,0.0031622776601683794,0.044098249259232634,A_alpha,BARAJADO,10.974392097038645,500,4.581138830084191,-0.01015057565042093,0,8,0,float64,10,1,1,500
0.01,8,1.0,0.008265589309506202,0.005623413251903491,0.050505050505050504,A_alpha,REAL,20.318794919445896,500,4.0,-0.009924240001437925,10,8,0,float64,1,1,1,500
0.01,8,1.0,0.007128361589167618,0.005623413251903491,0.04576584235575484,A_alpha,REAL,20.09116438548646,500,4.414213562373094,-0.010175187507257011,8,8,0,float64,2,1,1,500
0.01,8,1.0,0.00775382326083733,0.005623413251903491,0.04409824925923263,A_alpha,REAL,21.472029032388647,500,4.581138830084192,-0.010077657205346632,9,8,0,float64,3,1,1,500
0.01,8,1.0,0.011744232718244579,0.005623413251903491,0.03858242537879851,A_alpha,REAL,26.971699854598995,500,5.236067977499788,-0.00909203983700412,16,8,0,float64,4,1,1,500
0.01,8,1.0,0.008543908683811541,0.005623413251903491,0.05449538250299351,A_alpha,REAL,20.65876280548046,500,3.7071067811865483,-0.009885662773324016,10,8,0,float64,5,1,1,500
0.01,8,1.0,0.009527143933472055,0.005623413251903491,0.05449538250299351,A_alpha,REAL,20.945873963996174,500,3.7071067811865483,-0.00966136969581221,11,8,0,float64,6,1,1,500
0.01,8,1.0,0.010267909617226517,0.005623413251903491,0.05449538250299351,A_alpha,REAL,21.40966874662457,500,3.707106781186549,-0.009490644023656696,13,8,0,float64,7,1,1,500
0.01,8,1.0,0.006407870624973522,0.005623413251903491,0.03944689815669394,A_alpha,REAL,23.35038197366678,500,5.121320343559643,-0.010288743414774633,10,8,0,float64,8,1,1,500
0.01,8,1.0,0.007420223707668154,0.005623413251903491,0.05449538250299353,A_alpha,REAL,19.248445358896557,500,3.707106781186547,-0.01011546612430455,9,8,0,float64,9,1,1,500
0.01,8,1.0,0.007377984840184881,0.005623413251903491,0.044098249259232634,A_alpha,REAL,21.43178357228808,500,4.581138830084191,-0.010146792070780921,9,8,0,float64,10,1,1,500
0.01,8,1.0,0.006440082152488641,0.005623413251903491,0.050505050505050504,A_alpha,BARAJADO,43.26763304310772,500,4.0,-0.010120643282459478,28,8,0,float64,1,1,1,500
0.01,8,1.0,0.005987389831805767,0.005623413251903491,0.04576584235575484,A_alpha,BARAJADO,42.092338579671726,500,4.414213562373094,-0.010249189911933621,27,8,0,float64,2,1,1,500
0.01,8,1.0,0.0063615688265691245,0.005623413251903491,0.04409824925923263,A_alpha,BARAJADO,43.43381399338579,500,4.581138830084192,-0.010146203501936997,28,8,0,float64,3,1,1,500
0.01,8,1.0,0.009270052969932942,0.005623413251903491,0.03858242537879851,A_alpha,BARAJADO,44.69169937464745,500,5.236067977499788,-0.00941789782657703,28,8,0,float64,4,1,1,500
0.01,8,1.0,0.006599770006318906,0.005623413251903491,0.05449538250299351,A_alpha,BARAJADO,41.573085920402185,500,3.7071067811865483,-0.010070823719041673,28,8,0,float64,5,1,1,500
0.01,8,1.0,0.00724552500312648,0.005623413251903491,0.05449538250299351,A_alpha,BARAJADO,39.95632737890865,500,3.7071067811865483,-0.009889381376912244,28,8,0,float64,6,1,1,500
0.01,8,1.0,0.00797868628248447,0.005623413251903491,0.05449538250299351,A_alpha,BARAJADO,41.33998474859103,500,3.707106781186549,-0.009731608154769485,28,8,0,float64,7,1,1,500
0.01,8,1.0,0.005789974635242193,0.005623413251903491,0.03944689815669394,A_alpha,BARAJADO,45.35903204026759,500,5.121320343559643,-0.010310959103067754,28,8,0,float64,8,1,1,500
0.01,8,1.0,0.006143801324588044,0.005623413251903491,0.05449538250299353,A_alpha,BARAJADO,43.24068650913084,500,3.707106781186547,-0.010211480053998532,28,8,0,float64,9,1,1,500
0.01,8,1.0,0.006047285040139928,0.005623413251903491,0.044098249259232634,A_alpha,BARAJADO,42.37196625311399,500,4.581138830084191,-0.010228608222121151,28,8,0,float64,10,1,1,500
0.01,8,1.0,0.010302824284251567,0.01,0.050505050505050504,A_alpha,REAL,34.52405003825776,500,4.0,-0.009455124156205221,10,8,0,float64,1,1,1,500
0.01,8,1.0,0.007864279209604523,0.01,0.04576584235575484,A_alpha,REAL,33.72551116619825,500,4.414213562373094,-0.01009096015878849,8,8,0,float64,2,1,1,500
0.01,8,1.0,0.008919758187301056,0.01,0.04409824925923263,A_alpha,REAL,36.459559626280566,500,4.581138830084192,-0.009982106655360114,9,8,0,float64,3,1,1,500
0.01,8,1.0,0.018886066502232693,0.01,0.03858242537879851,A_alpha,REAL,47.52555537270634,500,5.236067977499788,-0.008010836759683566,16,8,0,float64,4,1,1,500
0.01,8,1.0,0.010798331718542229,0.01,0.05449538250299351,A_alpha,REAL,33.51962805442938,500,3.7071067811865483,-0.009442304147480792,10,8,0,float64,5,1,1,500
0.01,8,1.0,0.012963369158964186,0.01,0.05449538250299351,A_alpha,REAL,34.342674147236046,500,3.7071067811865483,-0.009054991822614851,11,8,0,float64,6,1,1,500
0.01,8,1.0,0.014668092900878598,0.01,0.05449538250299351,A_alpha,REAL,35.746432093145444,500,3.707106781186549,-0.008779929491514165,13,8,0,float64,7,1,1,500
0.01,8,1.0,0.006453145552020798,0.01,0.03944689815669394,A_alpha,REAL,39.252922807158996,500,5.121320343559643,-0.010404012192245298,10,8,0,float64,8,1,1,500
0.01,8,1.0,0.008418265160796546,0.01,0.05449538250299353,A_alpha,REAL,32.341907750939356,500,3.707106781186547,-0.009965503956065188,9,8,0,float64,9,1,1,500
0.01,8,1.0,0.008271410507251642,0.01,0.044098249259232634,A_alpha,REAL,36.21174954738324,500,4.581138830084191,-0.010027112874331468,9,8,0,float64,10,1,1,500
0.01,8,1.0,0.006341186364645568,0.01,0.050505050505050504,A_alpha,BARAJADO,55.316936191638746,500,4.0,-0.01017537429216407,28,8,0,float64,1,1,1,500
0.01,8,1.0,0.005571078395452992,0.01,0.04576584235575484,A_alpha,BARAJADO,55.711031580060826,500,4.414213562373094,-0.010403999350557226,28,8,0,float64,2,1,1,500
0.01,8,1.0,0.006204247674385067,0.01,0.04409824925923263,A_alpha,BARAJADO,56.315105643968074,500,4.581138830084192,-0.010220796969700258,28,8,0,float64,3,1,1,500
0.01,8,1.0,0.012080637241107455,0.01,0.03858242537879851,A_alpha,BARAJADO,62.32791291007959,500,5.236067977499788,-0.008926144952191855,28,8,0,float64,4,1,1,500
0.01,8,1.0,0.006622530018769179,0.01,0.05449538250299351,A_alpha,BARAJADO,52.20125573832419,500,3.7071067811865483,-0.010086625327089474,28,8,0,float64,5,1,1,500
0.01,8,1.0,0.00781275834049053,0.01,0.05449538250299351,A_alpha,BARAJADO,50.323989652811626,500,3.7071067811865483,-0.009764414199933983,28,8,0,float64,6,1,1,500
0.01,8,1.0,0.009253283483171552,0.01,0.05449538250299351,A_alpha,BARAJADO,50.42906347614861,500,3.707106781186549,-0.0094837964966458,28,8,0,float64,7,1,1,500
0.01,8,1.0,0.005248046576913201,0.01,0.03944689815669394,A_alpha,BARAJADO,61.274077972289746,500,5.121320343559643,-0.010513852672127783,28,8,0,float64,8,1,1,500
0.01,8,1.0,0.00583345126980854,0.01,0.05449538250299353,A_alpha,BARAJADO,52.29949767222505,500,3.707106781186547,-0.01033683858521816,28,8,0,float64,9,1,1,500
0.01,8,1.0,0.005670255656655985,0.01,0.044098249259232634,A_alpha,BARAJADO,56.00334465789628,500,4.581138830084191,-0.01036740471384289,28,8,0,float64,10,1,1,500
0.01,8,1.0,0.013818982960526471,0.014999999999999996,0.050505050505050504,A_alpha,REAL,51.776013017845976,500,4.0,-0.008580011007169507,10,8,0,float64,1,1,1,500
0.01,8,1.0,0.009165105811923679,0.014999999999999996,0.04576584235575484,A_alpha,REAL,48.878065784628184,500,4.414213562373094,-0.00962974304987992,8,8,0,float64,2,1,1,500
0.01,8,1.0,0.010598469779296713,0.014999999999999996,0.04409824925923263,A_alpha,REAL,53.44576361855141,500,4.581138830084192,-0.009709879641495453,9,8,0,float64,3,1,1,500
0.01,8,1.0,0.03316073164580581,0.014999999999999996,0.03858242537879851,A_alpha,REAL,78.42461894093057,500,5.236067977499788,-0.006766240417810733,15,7,0,float64,4,1,1,500
0.01,8,1.0,0.014523674082715017,0.014999999999999996,0.05449538250299351,A_alpha,REAL,50.56326239486814,500,3.7071067811865483,-0.008619802254442564,10,8,0,float64,5,1,1,500
0.01,8,1.0,0.018744825948644045,0.014999999999999996,0.05449538250299351,A_alpha,REAL,51.36089095208428,500,3.7071067811865483,-0.008312591642214916,11,7,0,float64,6,1,1,500
0.01,8,1.0,0.022222911218977164,0.014999999999999996,0.05449538250299351,A_alpha,REAL,54.61683286949945,500,3.707106781186549,-0.007924853723468938,13,8,0,float64,7,1,1,500
0.01,8,1.0,0.006743708604725835,0.014999999999999996,0.03944689815669394,A_alpha,REAL,57.71230579325076,500,5.121320343559643,-0.010316975208881965,10,8,0,float64,8,1,1,500
0.01,8,1.0,0.010062310289278719,0.014999999999999996,0.05449538250299353,A_alpha,REAL,47.98884176098354,500,3.707106781186547,-0.00948022490852609,9,8,0,float64,9,1,1,500
0.01,8,1.0,0.009689612247861227,0.014999999999999996,0.044098249259232634,A_alpha,REAL,53.78053869645261,500,4.581138830084191,-0.00951094317057363,9,8,0,float64,10,1,1,500
0.01,8,1.0,0.006230915531037282,0.014999999999999996,0.050505050505050504,A_alpha,BARAJADO,70.18998178344941,500,4.0,-0.010237900389034871,28,8,0,float64,1,1,1,500
0.01,8,1.0,0.005132315640226918,0.014999999999999996,0.04576584235575484,A_alpha,BARAJADO,66.79716439730984,500,4.414213562373094,-0.010580899547288393,28,8,0,float64,2,1,1,500
0.01,8,1.0,0.006029988500024303,0.014999999999999996,0.04409824925923263,A_alpha,BARAJADO,68.06081289981381,500,4.581138830084192,-0.010305985302640925,28,8,0,float64,3,1,1,500
0.01,8,1.0,0.01630106260766829,0.014999999999999996,0.03858242537879851,A_alpha,BARAJADO,83.66570646159226,500,5.236067977499788,-0.008365010132967945,28,8,0,float64,4,1,1,500
0.01,8,1.0,0.0066484924770443855,0.014999999999999996,0.05449538250299351,A_alpha,BARAJADO,67.7182180165884,500,3.7071067811865483,-0.010104516115671093,28,8,0,float64,5,1,1,500
0.01,8,1.0,0.008508936549902939,0.014999999999999996,0.05449538250299351,A_alpha,BARAJADO,67.17466380926443,500,3.7071067811865483,-0.00962196280578069,28,8,0,float64,6,1,1,500
0.01,8,1.0,0.010929758343411112,0.014999999999999996,0.05449538250299351,A_alpha,BARAJADO,67.61241848593171,500,3.707106781186549,-0.009201090552835982,28,8,0,float64,7,1,1,500
0.01,8,1.0,0.004691521039226853,0.014999999999999996,0.03944689815669394,A_alpha,BARAJADO,73.7426071980025,500,5.121320343559643,-0.010745705407262213,28,8,0,float64,8,1,1,500
0.01,8,1.0,0.005500591233875645,0.014999999999999996,0.05449538250299353,A_alpha,BARAJADO,66.84785456379008,500,3.707106781186547,-0.010479963313993843,28,8,0,float64,9,1,1,500
0.01,8,1.0,0.0052694361610100045,0.014999999999999996,0.044098249259232634,A_alpha,BARAJADO,68.2612733858883,500,4.581138830084191,-0.010526009303766575,28,8,0,float64,10,1,1,500
0.01,8,1.0,0.01656552970005267,0.01778279410038923,0.050505050505050504,A_alpha,REAL,60.86326164128009,500,4.0,-0.00808516751183046,9,7,0,float64,1,1,1,500
0.01,8,1.0,0.010179261297454847,0.01778279410038923,0.04576584235575484,A_alpha,REAL,57.134605377565975,500,4.414213562373094,-0.009203982468298679,8,8,0,float64,2,1,1,500
0.01,8,1.0,0.011735468532592379,0.01778279410038923,0.04409824925923263,A_alpha,REAL,62.85181445934555,500,4.581138830084192,-0.009502002339158308,9,8,0,float64,3,1,1,500
0.01,8,1.0,0.04547993302163214,0.01778279410038923,0.03858242537879851,A_alpha,REAL,96.19617734534157,500,5.236067977499788,-0.006106708558912267,15,7,0,float64,4,1,1,500
0.01,8,1.0,0.01733599813111736,0.01778279410038923,0.05449538250299351,A_alpha,REAL,58.62350580049882,500,3.7071067811865483,-0.008140210182767492,10,8,0,float64,5,1,1,500
0.01,8,1.0,0.023036554482231707,0.01778279410038923,0.05449538250299351,A_alpha,REAL,61.169924246662966,500,3.7071067811865483,-0.00792672818129952,11,7,0,float64,6,1,1,500
0.01,8,1.0,0.028031436486606286,0.01778279410038923,0.05449538250299351,A_alpha,REAL,65.88264757220682,500,3.707106781186549,-0.007479331660989582,13,7,0,float64,7,1,1,500
0.01,8,1.0,0.007048297626391851,0.01778279410038923,0.03944689815669394,A_alpha,REAL,66.12246062908513,500,5.121320343559643,-0.010063184251391868,10,8,0,float64,8,1,1,500
0.01,8,1.0,0.011287283641723957,0.01778279410038923,0.05449538250299353,A_alpha,REAL,55.011689398741915,500,3.707106781186547,-0.009099257663443225,9,8,0,float64,9,1,1,500
0.01,8,1.0,0.010724232323981758,0.01778279410038923,0.044098249259232634,A_alpha,REAL,61.87529333537857,500,4.581138830084191,-0.00902496176264609,9,8,0,float64,10,1,1,500
0.01,8,1.0,0.0061707721436976715,0.01778279410038923,0.050505050505050504,A_alpha,BARAJADO,72.9432029952882,500,4.0,-0.010272693806626165,28,8,0,float64,1,1,1,500
0.01,8,1.0,0.0049039893981152344,0.01778279410038923,0.04576584235575484,A_alpha,BARAJADO,74.98330295384915,500,4.414213562373094,-0.010679368783281053,28,8,0,float64,2,1,1,500
0.01,8,1.0,0.005935466152338903,0.01778279410038923,0.04409824925923263,A_alpha,BARAJADO,79.26491550705194,500,4.581138830084192,-0.010353379099732083,28,8,0,float64,3,1,1,500
0.01,8,1.0,0.01923575921581658,0.01778279410038923,0.03858242537879851,A_alpha,BARAJADO,98.78178373634171,500,5.236067977499788,-0.008053039395146358,28,8,0,float64,4,1,1,500
0.01,8,1.0,0.006662922427275888,0.01778279410038923,0.05449538250299351,A_alpha,BARAJADO,74.32995374117306,500,3.7071067811865483,-0.010114395776904286,28,8,0,float64,5,1,1,500
0.01,8,1.0,0.008919956227829491,0.01778279410038923,0.05449538250299351,A_alpha,BARAJADO,75.76085158620822,500,3.7071067811865483,-0.009542824170264416,28,8,0,float64,6,1,1,500
0.01,8,1.0,0.011976851035508645,0.01778279410038923,0.05449538250299351,A_alpha,BARAJADO,76.19819318263826,500,3.707106781186549,-0.009043965155675649,28,8,0,float64,7,1,1,500
0.01,8,1.0,0.004408130544591569,0.01778279410038923,0.03944689815669394,A_alpha,BARAJADO,81.15108637315338,500,5.121320343559643,-0.010874771373428712,28,8,0,float64,8,1,1,500
0.01,8,1.0,0.005324803829500458,0.01778279410038923,0.05449538250299353,A_alpha,BARAJADO,72.77879889223532,500,3.707106781186547,-0.010559566049363032,28,8,0,float64,9,1,1,500
0.01,8,1.0,0.005059337269796279,0.01778279410038923,0.044098249259232634,A_alpha,BARAJADO,75.10538084197638,500,4.581138830084191,-0.010614291585651052,28,8,0,float64,10,1,1,500
0.01,8,1.0,0.016678714997564043,0.017883676526575774,0.050505050505050504,A_alpha,REAL,61.193509565870464,500,4.0,-0.008067857752201046,9,7,0,float64,1,1,1,500
0.01,8,1.0,0.010220823201130503,0.017883676526575774,0.04576584235575484,A_alpha,REAL,57.43170450978924,500,4.414213562373094,-0.00918828526940714,8,8,0,float64,2,1,1,500
0.01,8,1.0,0.011779866801402795,0.017883676526575774,0.04409824925923263,A_alpha,REAL,63.19229307694825,500,4.581138830084192,-0.009494149286194568,9,8,0,float64,3,1,1,500
0.01,8,1.0,0.0460032589525053,0.017883676526575774,0.03858242537879851,A_alpha,REAL,96.92155689142415,500,5.236067977499788,-0.0060830964607166615,15,7,0,float64,4,1,1,500
0.01,8,1.0,0.01745022133180272,0.017883676526575774,0.05449538250299351,A_alpha,REAL,58.95405047701721,500,3.7071067811865483,-0.008123257458849937,10,8,0,float64,5,1,1,500
0.01,8,1.0,0.02320747015067146,0.017883676526575774,0.05449538250299351,A_alpha,REAL,61.53124975844416,500,3.7071067811865483,-0.007913115444457297,11,7,0,float64,6,1,1,500
0.01,8,1.0,0.028266571784087098,0.017883676526575774,0.05449538250299351,A_alpha,REAL,66.3032640457843,500,3.707106781186549,-0.007463576038177013,13,7,0,float64,7,1,1,500
0.01,8,1.0,0.0070616461902639595,0.017883676526575774,0.03944689815669394,A_alpha,REAL,66.4596435396416,500,5.121320343559643,-0.010050090960513316,10,8,0,float64,8,1,1,500
0.01,8,1.0,0.0113367178683249,0.017883676526575774,0.05449538250299353,A_alpha,REAL,55.30092417278646,500,3.707106781186547,-0.0090848186320554,9,8,0,float64,9,1,1,500
0.01,8,1.0,0.010765728930701674,0.017883676526575774,0.044098249259232634,A_alpha,REAL,62.203467183506454,500,4.581138830084191,-0.00900574580596058,9,8,0,float64,10,1,1,500
0.01,8,1.0,0.006168608112618957,0.017883676526575774,0.050505050505050504,A_alpha,BARAJADO,72.25944572114092,500,4.0,-0.010273955012832878,28,8,0,float64,1,1,1,500
0.01,8,1.0,0.004895915735616735,0.017883676526575774,0.04576584235575484,A_alpha,BARAJADO,74.27731317931908,500,4.414213562373094,-0.01068293865426932,28,8,0,float64,2,1,1,500
0.01,8,1.0,0.005932072044256979,0.017883676526575774,0.04409824925923263,A_alpha,BARAJADO,79.59704596670989,500,4.581138830084192,-0.010355096939091675,28,8,0,float64,3,1,1,500
0.01,8,1.0,0.019351246718605927,0.017883676526575774,0.03858242537879851,A_alpha,BARAJADO,99.38738751586493,500,5.236067977499788,-0.008041734349991928,28,8,0,float64,4,1,1,500
0.01,8,1.0,0.006663445268030467,0.017883676526575774,0.05449538250299351,A_alpha,BARAJADO,73.64181965490955,500,3.7071067811865483,-0.010114752867998051,28,8,0,float64,5,1,1,500
0.01,8,1.0,0.008935184926728837,0.017883676526575774,0.05449538250299351,A_alpha,BARAJADO,76.11121850855264,500,3.7071067811865483,-0.009539957132867576,28,8,0,float64,6,1,1,500
0.01,8,1.0,0.01201645824162074,0.017883676526575774,0.05449538250299351,A_alpha,BARAJADO,76.58847515580074,500,3.707106781186549,-0.00903827209184646,28,8,0,float64,7,1,1,500
0.01,8,1.0,0.00439819009656012,0.017883676526575774,0.03944689815669394,A_alpha,BARAJADO,81.48808127417894,500,5.121320343559643,-0.010879450644886358,28,8,0,float64,8,1,1,500
0.01,8,1.0,0.005318553714469404,0.017883676526575774,0.05449538250299353,A_alpha,BARAJADO,73.06412579248315,500,3.707106781186547,-0.010562450965800383,28,8,0,float64,9,1,1,500
0.01,8,1.0,0.005051888113616825,0.017883676526575774,0.044098249259232634,A_alpha,BARAJADO,74.42331296373115,500,4.581138830084191,-0.010617492061841084,28,8,0,float64,10,1,1,500
0.01,8,1.0,0.02107470497255291,0.021321725740479826,0.050505050505050504,A_alpha,REAL,72.52018117658584,500,4.0,-0.00750613175454647,9,7,0,float64,1,1,1,500
0.01,8,1.0,0.011877465826438106,0.021321725740479826,0.04576584235575484,A_alpha,REAL,67.46880329483554,500,4.414213562373094,-0.008648770546901594,8,8,0,float64,2,1,1,500
0.01,8,1.0,0.013444732579560463,0.021321725740479826,0.04409824925923263,A_alpha,REAL,74.77873575520222,500,4.581138830084192,-0.00920802504803384,9,8,0,float64,3,1,1,500
0.01,8,1.0,0.06790468385978864,0.021321725740479826,0.03858242537879851,A_alpha,REAL,123.89586598486486,500,5.236067977499788,-0.005280207824105586,15,7,0,float64,4,1,1,500
0.01,8,1.0,0.02195744955458573,0.021321725740479826,0.05449538250299351,A_alpha,REAL,70.31839077751663,500,3.7071067811865483,-0.007565094191295362,10,7,0,float64,5,1,1,500
0.01,8,1.0,0.029768403931674285,0.021321725740479826,0.05449538250299351,A_alpha,REAL,74.12598407506016,500,3.7071067811865483,-0.007448594590827553,11,7,0,float64,6,1,1,500
0.01,8,1.0,0.03747881581628083,0.021321725740479826,0.05449538250299351,A_alpha,REAL,81.22345685748996,500,3.707106781186549,-0.00693676733973632,13,7,0,float64,7,1,1,500
0.01,8,1.0,0.007630548396908686,0.021321725740479826,0.03944689815669394,A_alpha,REAL,77.79052740872031,500,5.121320343559643,-0.009426964790135696,10,8,0,float64,8,1,1,500
0.01,8,1.0,0.013268322582936433,0.021321725740479826,0.05449538250299353,A_alpha,REAL,65.09440818420444,500,3.707106781186547,-0.008576647440498197,9,8,0,float64,9,1,1,500
0.01,8,1.0,0.012376573055817996,0.021321725740479826,0.044098249259232634,A_alpha,REAL,73.32934566425669,500,4.581138830084191,-0.00829743948552752,9,8,0,float64,10,1,1,500
0.01,8,1.0,0.006095533311346535,0.021321725740479826,0.050505050505050504,A_alpha,BARAJADO,86.9919830086144,500,4.0,-0.010316929325056004,28,8,0,float64,1,1,1,500
0.01,8,1.0,0.0046289814054327845,0.021321725740479826,0.04576584235575484,A_alpha,BARAJADO,85.18407558315245,500,4.414213562373094,-0.010804603426723318,28,8,0,float64,2,1,1,500
0.01,8,1.0,0.005817744298306474,0.021321725740479826,0.04409824925923263,A_alpha,BARAJADO,88.85221265504624,500,4.581138830084192,-0.010413626869454306,28,8,0,float64,3,1,1,500
0.01,8,1.0,0.023715785033124923,0.021321725740479826,0.03858242537879851,A_alpha,BARAJADO,120.98651651406087,500,5.236067977499788,-0.007656653467833414,28,8,0,float64,4,1,1,500
0.01,8,1.0,0.006681251564260659,0.021321725740479826,0.05449538250299351,A_alpha,BARAJADO,83.25635643415315,500,3.7071067811865483,-0.010126876886064881,28,8,0,float64,5,1,1,500
0.01,8,1.0,0.009468322925626953,0.021321725740479826,0.05449538250299351,A_alpha,BARAJADO,86.17259285074016,500,3.7071067811865483,-0.009442328452097965,28,8,0,float64,6,1,1,500
0.01,8,1.0,0.013439383848056891,0.021321725740479826,0.05449538250299351,A_alpha,BARAJADO,90.17161150388644,500,3.707106781186549,-0.008844385640348246,28,8,0,float64,7,1,1,500
0.01,8,1.0,0.00407269794198491,0.021321725740479826,0.03944689815669394,A_alpha,BARAJADO,94.80624246080134,500,5.121320343559643,-0.011038933249532718,28,8,0,float64,8,1,1,500
0.01,8,1.0,0.005110528665163781,0.021321725740479826,0.05449538250299353,A_alpha,BARAJADO,84.69793401330455,500,3.707106781186547,-0.010660727713667294,28,8,0,float64,9,1,1,500
0.01,8,1.0,0.004804799898140583,0.021321725740479826,0.044098249259232634,A_alpha,BARAJADO,85.14793828254686,500,4.581138830084191,-0.010726562550802867,28,8,0,float64,10,1,1,500
0.01,8,1.0,0.0279552281472988,0.02542072307540704,0.050505050505050504,A_alpha,REAL,86.29379160629219,500,4.0,-0.006895691937198502,9,6,0,float64,1,1,1,500
0.01,8,1.0,0.014616575457358671,0.02542072307540704,0.04576584235575484,A_alpha,REAL,80.22605202413656,500,4.414213562373094,-0.008004090605887483,7,6,0,float64,2,1,1,500
0.01,8,1.0,0.015859237521604928,0.02542072307540704,0.04409824925923263,A_alpha,REAL,88.56593616141126,500,4.581138830084192,-0.008799594108805842,9,7,0,float64,3,1,1,500
0.01,8,1.0,0.10792563024784223,0.02542072307540704,0.03858242537879851,A_alpha,REAL,163.22620936755794,500,5.236067977499788,-0.004328447938332497,15,7,0,float64,4,1,1,500
0.01,8,1.0,0.029031316789982393,0.02542072307540704,0.05449538250299351,A_alpha,REAL,85.20725422561588,500,3.7071067811865483,-0.0069507773739812895,9,6,0,float64,5,1,1,500
0.01,8,1.0,0.03979678025299689,0.02542072307540704,0.05449538250299351,A_alpha,REAL,89.99933767319253,500,3.7071067811865483,-0.006883949685007907,11,7,0,float64,6,1,1,500
0.01,8,1.0,0.05217101270928369,0.02542072307540704,0.05449538250299351,A_alpha,REAL,100.76044138128758,500,3.707106781186549,-0.006312492594701697,13,7,0,float64,7,1,1,500
0.01,8,1.0,0.008670144946515515,0.02542072307540704,0.03944689815669394,A_alpha,REAL,90.90759898939129,500,5.121320343559643,-0.008499141285310851,10,8,0,float64,8,1,1,500
0.01,8,1.0,0.016305560501607304,0.02542072307540704,0.05449538250299353,A_alpha,REAL,77.6248952264254,500,3.707106781186547,-0.007989973288019177,8,7,0,float64,9,1,1,500
0.01,8,1.0,0.014911314098787187,0.02542072307540704,0.044098249259232634,A_alpha,REAL,87.46467418525492,500,4.581138830084191,-0.007417869342624925,7,7,0,float64,10,1,1,500
0.01,8,1.0,0.006010103105074988,0.02542072307540704,0.050505050505050504,A_alpha,BARAJADO,95.6744946376158,500,4.0,-0.010368141047224633,28,8,0,float64,1,1,1,500
0.01,8,1.0,0.004330695702788962,0.02542072307540704,0.04576584235575484,A_alpha,BARAJADO,95.71490561676893,500,4.414213562373094,-0.010949663353233668,28,8,0,float64,2,1,1,500
0.01,8,1.0,0.0056847922250678395,0.02542072307540704,0.04409824925923263,A_alpha,BARAJADO,103.11100780842372,500,4.581138830084192,-0.010483369460160517,28,8,0,float64,3,1,1,500
0.01,8,1.0,0.030179382106016193,0.02542072307540704,0.03858242537879851,A_alpha,BARAJADO,147.4047985325163,500,5.236067977499788,-0.0071980289186258425,28,8,0,float64,4,1,1,500
0.01,8,1.0,0.006702449295518041,0.02542072307540704,0.05449538250299351,A_alpha,BARAJADO,93.87637351816818,500,3.7071067811865483,-0.010141213285263215,28,8,0,float64,5,1,1,500
0.01,8,1.0,0.010141198391425448,0.02542072307540704,0.05449538250299351,A_alpha,BARAJADO,101.86580585365928,500,3.7071067811865483,-0.009326130153127296,28,8,0,float64,6,1,1,500
0.01,8,1.0,0.015335390646860708,0.02542072307540704,0.05449538250299351,A_alpha,BARAJADO,107.11400938772731,500,3.707106781186549,-0.008613564395005529,28,8,0,float64,7,1,1,500
0.01,8,1.0,0.00371644875952358,0.02542072307540704,0.03944689815669394,A_alpha,BARAJADO,104.88986437946417,500,5.121320343559643,-0.011229110403360507,28,8,0,float64,8,1,1,500
0.01,8,1.0,0.004874710552301939,0.02542072307540704,0.05449538250299353,A_alpha,BARAJADO,90.9593481618536,500,3.707106781186547,-0.010777779280017113,28,8,0,float64,9,1,1,500
0.01,8,1.0,0.0045267595008777655,0.02542072307540704,0.044098249259232634,A_alpha,BARAJADO,94.65967737158596,500,4.581138830084191,-0.010856588364255291,28,8,0,float64,10,1,1,500
0.01,8,1.0,0.03901149760367946,0.030307732570149355,0.050505050505050504,A_alpha,REAL,103.37717236114779,500,4.0,-0.006203693369099444,9,6,0,float64,1,1,1,500
0.01,8,1.0,0.018931533775309647,0.030307732570149355,0.04576584235575484,A_alpha,REAL,94.05007635262551,500,4.414213562373094,-0.007257231477051964,7,6,0,float64,2,1,1,500
0.01,8,1.0,0.019284009899740526,0.030307732570149355,0.04409824925923263,A_alpha,REAL,105.03424190957706,500,4.581138830084192,-0.008161042442581068,9,7,0,float64,3,1,1,500
0.01,8,1.0,0.18734334329488495,0.030307732570149355,0.03858242537879851,A_alpha,REAL,224.78299471810888,500,5.236067977499788,-0.0032033804602816596,15,7,0,float64,4,1,1,500
0.01,8,1.0,0.04030936539995166,0.030307732570149355,0.05449538250299351,A_alpha,REAL,102.52637210452224,500,3.7071067811865483,-0.00626983981247595,9,6,0,float64,5,1,1,500
0.01,8,1.0,0.05585410719974313,0.030307732570149355,0.05449538250299351,A_alpha,REAL,110.51435004964895,500,3.7071067811865483,-0.006197648562890053,11,7,0,float64,6,1,1,500
0.01,8,1.0,0.07690067744043963,0.030307732570149355,0.05449538250299351,A_alpha,REAL,127.25600100110279,500,3.707106781186549,-0.005570911653687258,13,7,0,float64,7,1,1,500
0.01,8,1.0,0.010662782895262297,0.030307732570149355,0.03944689815669394,A_alpha,REAL,106.01848301218969,500,5.121320343559643,-0.007397151131467499,10,8,0,float64,8,1,1,500
0.01,8,1.0,0.021043887930159016,0.030307732570149355,0.05449538250299353,A_alpha,REAL,91.24694238582778,500,3.707106781186547,-0.007357527776370248,8,7,0,float64,9,1,1,500
0.01,8,1.0,0.019552870623599335,0.030307732570149355,0.044098249259232634,A_alpha,REAL,103.03683612377507,500,4.581138830084191,-0.0064802035273402205,7,7,0,float64,10,1,1,500
0.01,8,1.0,0.0059106083532759765,0.030307732570149355,0.050505050505050504,A_alpha,BARAJADO,110.63595112046922,500,4.0,-0.0104291498929845,28,8,0,float64,1,1,1,500
0.01,8,1.0,0.0040014908299699555,0.030307732570149355,0.04576584235575484,A_alpha,BARAJADO,106.07847212522906,500,4.414213562373094,-0.011122603857980948,28,8,0,float64,2,1,1,500
0.01,8,1.0,0.005530925362110487,0.030307732570149355,0.04409824925923263,A_alpha,BARAJADO,116.69517973414213,500,4.581138830084192,-0.01056645170805314,28,8,0,float64,3,1,1,500
0.01,8,1.0,0.04014978869865136,0.030307732570149355,0.03858242537879851,A_alpha,BARAJADO,185.67927271059273,500,5.236067977499788,-0.006651914610848546,28,8,0,float64,4,1,1,500
0.01,8,1.0,0.006727674080682615,0.030307732570149355,0.05449538250299351,A_alpha,BARAJADO,106.87233461905092,500,3.7071067811865483,-0.010158131151828531,28,8,0,float64,5,1,1,500
0.01,8,1.0,0.010999559135023056,0.030307732570149355,0.05449538250299351,A_alpha,BARAJADO,118.8429914695122,500,3.7071067811865483,-0.009187870811581487,28,8,0,float64,6,1,1,500
0.01,8,1.0,0.01791447489597431,0.030307732570149355,0.05449538250299351,A_alpha,BARAJADO,126.45268246623148,500,3.707106781186549,-0.008338849471866036,28,8,0,float64,7,1,1,500
0.01,8,1.0,0.0033328626579453837,0.030307732570149355,0.03944689815669394,A_alpha,BARAJADO,119.93297272258195,500,5.121320343559643,-0.011455894542192209,28,8,0,float64,8,1,1,500
0.01,8,1.0,0.00460992481525821,0.030307732570149355,0.05449538250299353,A_alpha,BARAJADO,104.07621532590599,500,3.707106781186547,-0.010917125185356041,28,8,0,float64,9,1,1,500
0.01,8,1.0,0.0042173377077119635,0.030307732570149355,0.044098249259232634,A_alpha,BARAJADO,113.19922828373751,500,4.581138830084191,-0.011011564715291949,28,8,0,float64,10,1,1,500
0.01,8,1.0,0.04263723570126803,0.03162277660168379,0.050505050505050504,A_alpha,REAL,108.14565906487186,500,4.0,-0.006021708600301545,9,6,0,float64,1,1,1,500
0.01,8,1.0,0.020290413695001307,0.03162277660168379,0.04576584235575484,A_alpha,REAL,97.75473111563066,500,4.414213562373094,-0.0070626673359363255,7,6,0,float64,2,1,1,500
0.01,8,1.0,0.020319876715393453,0.03162277660168379,0.04409824925923263,A_alpha,REAL,109.48157830624193,500,4.581138830084192,-0.007949103436481732,9,7,0,float64,3,1,1,500
0.01,8,1.0,0.21728680952812243,0.03162277660168379,0.03858242537879851,A_alpha,REAL,245.00581570833648,500,5.236067977499788,-0.0029023981722236768,15,7,0,float64,4,1,1,500
0.01,8,1.0,0.043999353719047396,0.03162277660168379,0.05449538250299351,A_alpha,REAL,107.37303625758373,500,3.7071067811865483,-0.00608692361291167,9,6,0,float64,5,1,1,500
0.01,8,1.0,0.06112208975867153,0.03162277660168379,0.05449538250299351,A_alpha,REAL,116.39431273636764,500,3.7071067811865483,-0.0060118444723148735,11,7,0,float64,6,1,1,500
0.01,8,1.0,0.08527979106811445,0.03162277660168379,0.05449538250299351,A_alpha,REAL,135.11202907724692,500,3.707106781186549,-0.005371892861486986,13,7,0,float64,7,1,1,500
0.01,8,1.0,0.011393510760746373,0.03162277660168379,0.03944689815669394,A_alpha,REAL,109.99011639683081,500,5.121320343559643,-0.007110752712479207,10,8,0,float64,8,1,1,500
0.01,8,1.0,0.022566723803387187,0.03162277660168379,0.05449538250299353,A_alpha,REAL,94.90167353348264,500,3.707106781186547,-0.007196913535482637,8,7,0,float64,9,1,1,500
0.01,8,1.0,0.021245713154497223,0.03162277660168379,0.044098249259232634,A_alpha,REAL,107.23009736466632,500,4.581138830084191,-0.0062521278688115545,7,7,0,float64,10,1,1,500
0.01,8,1.0,0.005884266274835336,0.03162277660168379,0.050505050505050504,A_alpha,BARAJADO,116.63263875313177,500,4.0,-0.010445555603806538,28,8,0,float64,1,1,1,500
0.01,8,1.0,0.003917529090912079,0.03162277660168379,0.04576584235575484,A_alpha,BARAJADO,109.60532157831467,500,4.414213562373094,-0.01116913657410442,28,8,0,float64,2,1,1,500
0.01,8,1.0,0.005490365323502787,0.03162277660168379,0.04409824925923263,A_alpha,BARAJADO,119.84781107805995,500,4.581138830084192,-0.010588793669495295,28,8,0,float64,3,1,1,500
0.01,8,1.0,0.0433412882781253,0.03162277660168379,0.03858242537879851,A_alpha,BARAJADO,195.90129467753877,500,5.236067977499788,-0.006505084225414202,28,8,0,float64,4,1,1,500
0.01,8,1.0,0.006734452412691052,0.03162277660168379,0.05449538250299351,A_alpha,BARAJADO,110.89822872393832,500,3.7071067811865483,-0.01016265015641443,28,8,0,float64,5,1,1,500
0.01,8,1.0,0.011241473607003248,0.03162277660168379,0.05449538250299351,A_alpha,BARAJADO,124.76802454141495,500,3.7071067811865483,-0.009150717341957196,28,8,0,float64,6,1,1,500
0.01,8,1.0,0.018673559626005542,0.03162277660168379,0.05449538250299351,A_alpha,BARAJADO,131.41880596895274,500,3.707106781186549,-0.008265014163099103,28,8,0,float64,7,1,1,500
0.01,8,1.0,0.0032367060593270084,0.03162277660168379,0.03944689815669394,A_alpha,BARAJADO,122.8817382069648,500,5.121320343559643,-0.011516927847213223,28,8,0,float64,8,1,1,500
0.01,8,1.0,0.004541570885534265,0.03162277660168379,0.05449538250299353,A_alpha,BARAJADO,107.54977230151523,500,3.707106781186547,-0.010954576158353983,28,8,0,float64,9,1,1,500
0.01,8,1.0,0.004137962197960432,0.03162277660168379,0.044098249259232634,A_alpha,BARAJADO,115.0434761331349,500,4.581138830084191,-0.011053253664216096,28,8,0,float64,10,1,1,500
0.01,8,1.0,0.057714624520426694,0.03613424570256774,0.050505050505050504,A_alpha,REAL,125.24308444126689,500,4.0,-0.0054030976575828935,9,6,0,float64,1,1,1,500
0.01,8,1.0,0.025729321751425633,0.03613424570256774,0.04576584235575484,A_alpha,REAL,110.48110302537125,500,4.414213562373094,-0.00636403807557179,7,6,0,float64,2,1,1,500
0.01,8,1.0,0.024321436012358005,0.03613424570256774,0.04409824925923263,A_alpha,REAL,124.82465048448775,500,4.581138830084192,-0.0070756044362224,9,7,0,float64,3,1,1,500
0.01,8,1.0,0.36125578666005126,0.03613424570256774,0.03858242537879851,A_alpha,REAL,331.57750958016277,500,5.236067977499788,-0.0018741282433040196,15,7,0,float64,4,1,1,500
0.01,8,1.0,0.05931334660361906,0.03613424570256774,0.05449538250299351,A_alpha,REAL,125.778103487521,500,3.7071067811865483,-0.0054602733199117705,9,6,0,float64,5,1,1,500
0.01,8,1.0,0.08303815400248532,0.03613424570256774,0.05449538250299351,A_alpha,REAL,138.97162034525851,500,3.7071067811865483,-0.005376032952153724,11,7,0,float64,6,1,1,500
0.01,8,1.0,0.1212812137185928,0.03613424570256774,0.05449538250299351,A_alpha,REAL,165.93967975902015,500,3.707106781186549,-0.004690724318155331,13,7,0,float64,7,1,1,500
0.01,8,1.0,0.014576487105195957,0.03613424570256774,0.03944689815669394,A_alpha,REAL,125.34928477420131,500,5.121320343559643,-0.006193997712430614,6,5,0,float64,8,1,1,500
0.01,8,1.0,0.02869620308986725,0.03613424570256774,0.05449538250299353,A_alpha,REAL,108.46156379797353,500,3.707106781186547,-0.00666536504771726,7,6,0,float64,9,1,1,500
0.01,8,1.0,0.02856581324378884,0.03613424570256774,0.044098249259232634,A_alpha,REAL,122.69460175606575,500,4.581138830084191,-0.005520242991268461,6,5,0,float64,10,1,1,500
0.01,8,1.0,0.0057952607382454335,0.03613424570256774,0.050505050505050504,A_alpha,BARAJADO,129.25046021390057,500,4.0,-0.010501794295911217,28,8,0,float64,1,1,1,500
0.01,8,1.0,0.0036434948523335,0.03613424570256774,0.04576584235575484,A_alpha,BARAJADO,119.48886190039329,500,4.414213562373094,-0.011328752130867712,28,8,0,float64,2,1,1,500
0.01,8,1.0,0.005353876541576296,0.03613424570256774,0.04409824925923263,A_alpha,BARAJADO,133.96423983024962,500,4.581138830084192,-0.010665387018889921,28,8,0,float64,3,1,1,500
0.01,8,1.0,0.05629153384107869,0.03613424570256774,0.03858242537879851,A_alpha,BARAJADO,237.79294206575162,500,5.236067977499788,-0.006001746804941226,28,8,0,float64,4,1,1,500
0.01,8,1.0,0.006757674707288941,0.03613424570256774,0.05449538250299351,A_alpha,BARAJADO,124.67937782399716,500,3.7071067811865483,-0.010178042275521153,28,8,0,float64,5,1,1,500
0.01,8,1.0,0.012108465190649152,0.03613424570256774,0.05449538250299351,A_alpha,BARAJADO,137.95416334257706,500,3.7071067811865483,-0.00902341696959909,28,8,0,float64,6,1,1,500
0.01,8,1.0,0.021509396957900644,0.03613424570256774,0.05449538250299351,A_alpha,BARAJADO,154.65410434807086,500,3.707106781186549,-0.008011983989379775,28,8,0,float64,7,1,1,500
0.01,8,1.0,0.002927801279280811,0.03613424570256774,0.03944689815669394,A_alpha,BARAJADO,135.12179386177155,500,5.121320343559643,-0.011726335798569071,28,8,0,float64,8,1,1,500
0.01,8,1.0,0.004315955922168449,0.03613424570256774,0.05449538250299353,A_alpha,BARAJADO,119.29031268034866,500,3.707106781186547,-0.0110828846613447,28,8,0,float64,9,1,1,500
0.01,8,1.0,0.0038775062459829443,0.03613424570256774,0.044098249259232634,A_alpha,BARAJADO,128.01818261637248,500,4.581138830084191,-0.011196210786310492,28,8,0,float64,10,1,1,500
0.01,8,1.0,0.09154470422934176,0.04308087744510216,0.050505050505050504,A_alpha,REAL,154.59901061032554,500,4.0,-0.004465446612572686,9,6,0,float64,1,1,1,500
0.01,8,1.0,0.03712489460668084,0.04308087744510216,0.04576584235575484,A_alpha,REAL,130.39631538060155,500,4.414213562373094,-0.00529331078776222,7,6,0,float64,2,1,1,500
0.01,8,1.0,0.032228133060078885,0.04308087744510216,0.04409824925923263,A_alpha,REAL,148.84477190223384,500,4.581138830084192,-0.005661969456784044,9,7,0,float64,3,1,1,500
0.01,8,1.0,0.7896456384781763,0.04308087744510216,0.03858242537879851,A_alpha,REAL,535.7868400312888,500,5.236067977499788,-0.00030046318893103585,15,6,0,float64,4,1,1,500
0.01,8,1.0,0.0935440481327917,0.04308087744510216,0.05449538250299351,A_alpha,REAL,154.71027091582164,500,3.7071067811865483,-0.004509050209924462,9,6,0,float64,5,1,1,500
0.01,8,1.0,0.13225237746780188,0.04308087744510216,0.05449538250299351,A_alpha,REAL,176.51508229705902,500,3.7071067811865483,-0.004402764196479508,11,7,0,float64,6,1,1,500
0.01,8,1.0,0.20724605808738708,0.04308087744510216,0.05449538250299351,A_alpha,REAL,222.04531201062449,500,3.707106781186549,-0.003646006584792636,13,7,0,float64,7,1,1,500
0.01,8,1.0,0.021491181389370728,0.04308087744510216,0.03944689815669394,A_alpha,REAL,145.36866913870512,500,5.121320343559643,-0.005075838970342967,6,5,0,float64,8,1,1,500
0.01,8,1.0,0.04134350713326915,0.04308087744510216,0.05449538250299353,A_alpha,REAL,128.11626414175484,500,3.707106781186547,-0.005905799887908636,7,6,0,float64,9,1,1,500
0.01,8,1.0,0.04522261240182659,0.04308087744510216,0.044098249259232634,A_alpha,REAL,145.65628748739812,500,4.581138830084191,-0.004528104396445088,6,5,0,float64,10,1,1,500
0.01,8,1.0,0.005662262412137801,0.04308087744510216,0.050505050505050504,A_alpha,BARAJADO,149.93913056126956,500,4.0,-0.010588226630901976,28,8,0,float64,1,1,1,500
0.01,8,1.0,0.0032609794633224254,0.04308087744510216,0.04576584235575484,A_alpha,BARAJADO,139.15710715147026,500,4.414213562373094,-0.011574411832364821,28,8,0,float64,2,1,1,500
0.01,8,1.0,0.005151551908345039,0.04308087744510216,0.04409824925923263,A_alpha,BARAJADO,152.31425199865032,500,4.581138830084192,-0.010783130106672303,28,8,0,float64,3,1,1,500
0.01,8,1.0,0.08396748406003837,0.04308087744510216,0.03858242537879851,A_alpha,BARAJADO,314.39980986575347,500,5.236067977499788,-0.005227861192901184,28,8,0,float64,4,1,1,500
0.01,8,1.0,0.006793329547853809,0.04308087744510216,0.05449538250299351,A_alpha,BARAJADO,145.80686428946012,500,3.7071067811865483,-0.010201394142573737,28,8,0,float64,5,1,1,500
0.01,8,1.0,0.013562610608647028,0.04308087744510216,0.05449538250299351,A_alpha,BARAJADO,166.32454510483902,500,3.7071067811865483,-0.008827879396734612,28,8,0,float64,6,1,1,500
0.01,8,1.0,0.02666685248667134,0.04308087744510216,0.05449538250299351,A_alpha,BARAJADO,187.8547707382822,500,3.707106781186549,-0.007623163481844274,28,8,0,float64,7,1,1,500
0.01,8,1.0,0.0025098431437384433,0.04308087744510216,0.03944689815669394,A_alpha,BARAJADO,153.62290864981864,500,5.121320343559643,-0.012048835813029783,28,8,0,float64,8,1,1,500
0.01,8,1.0,0.003993924972877082,0.04308087744510216,0.05449538250299353,A_alpha,BARAJADO,137.8509834202811,500,3.707106781186547,-0.011279817107025174,28,8,0,float64,9,1,1,500
0.01,8,1.0,0.0035100913656318806,0.04308087744510216,0.044098249259232634,A_alpha,BARAJADO,147.3708620928221,500,4.581138830084191,-0.011416053906110741,28,8,0,float64,10,1,1,500
0.01,8,1.0,0.15785911293074809,0.05136296511395076,0.050505050505050504,A_alpha,REAL,197.86094722800343,500,4.0,-0.003366072923062438,8,5,0,float64,1,1,1,500
0.01,8,1.0,0.05778456452330591,0.05136296511395076,0.04576584235575484,A_alpha,REAL,155.40419874425714,500,4.414213562373094,-0.00408859401151781,7,6,0,float64,2,1,1,500
0.01,8,1.0,0.04584838231505433,0.05136296511395076,0.04409824925923263,A_alpha,REAL,178.47968674400445,500,4.581138830084192,-0.004066043986119299,9,7,0,float64,3,1,1,500
0.01,8,1.0,2.003790455626964,0.05136296511395076,0.03858242537879851,A_alpha,REAL,999.8246094727224,500,5.236067977499788,0.0015657237749811654,15,6,1,float64,4,1,1,500
0.01,8,1.0,0.16034936007098707,0.05136296511395076,0.05449538250299351,A_alpha,REAL,197.76642093144213,500,3.7071067811865483,-0.0033943845632814816,9,6,0,float64,5,1,1,500
0.01,8,1.0,0.22887196307459695,0.05136296511395076,0.05449538250299351,A_alpha,REAL,235.27271398429056,500,3.7071067811865483,-0.003253022383841968,9,6,0,float64,6,1,1,500
0.01,8,1.0,0.3896311445457869,0.05136296511395076,0.05449538250299351,A_alpha,REAL,316.11114072295345,500,3.707106781186549,-0.0024053269134721887,13,7,0,float64,7,1,1,500
0.01,8,1.0,0.034278096798881615,0.05136296511395076,0.03944689815669394,A_alpha,REAL,168.96490712781323,500,5.121320343559643,-0.003955630981167804,6,5,0,float64,8,1,1,500
0.01,8,1.0,0.06350734575161802,0.05136296511395076,0.05449538250299353,A_alpha,REAL,152.68835676711507,500,3.707106781186547,-0.005036447292876738,7,6,0,float64,9,1,1,500
0.01,8,1.0,0.0778247470863946,0.05136296511395076,0.044098249259232634,A_alpha,REAL,175.42735753087942,500,4.581138830084191,-0.00345042079738134,6,4,0,float64,10,1,1,500
0.01,8,1.0,0.005509912248595516,0.05136296511395076,0.050505050505050504,A_alpha,BARAJADO,171.1699457270358,500,4.0,-0.010690938793435426,28,8,0,float64,1,1,1,500
0.01,8,1.0,0.0028607257650506714,0.05136296511395076,0.04576584235575484,A_alpha,BARAJADO,156.2796874225832,500,4.414213562373094,-0.011866986745286663,28,8,0,float64,2,1,1,500
0.01,8,1.0,0.00492224185579541,0.05136296511395076,0.04409824925923263,A_alpha,BARAJADO,178.17383475509345,500,4.581138830084192,-0.010923123924692767,28,8,0,float64,3,1,1,500
0.01,8,1.0,0.13476329301996287,0.05136296511395076,0.03858242537879851,A_alpha,BARAJADO,430.5836232854458,500,5.236067977499788,-0.0043069277666121335,28,8,0,float64,4,1,1,500
0.01,8,1.0,0.006835662745306902,0.05136296511395076,0.05449538250299351,A_alpha,BARAJADO,168.8484652285643,500,3.7071067811865483,-0.01022865273216775,28,8,0,float64,5,1,1,500
0.01,8,1.0,0.01550340923577638,0.05136296511395076,0.05449538250299351,A_alpha,BARAJADO,199.4707357215265,500,3.7071067811865483,-0.008595480097421804,28,8,0,float64,6,1,1,500
0.01,8,1.0,0.03432240410493197,0.05136296511395076,0.05449538250299351,A_alpha,BARAJADO,233.278326806231,500,3.707106781186549,-0.007160733194141127,28,8,0,float64,7,1,1,500
0.01,8,1.0,0.0020902638650297945,0.05136296511395076,0.03944689815669394,A_alpha,BARAJADO,174.56873248601747,500,5.121320343559643,-0.012433391856388946,28,8,0,float64,8,1,1,500
0.01,8,1.0,0.003646683943374202,0.05136296511395076,0.05449538250299353,A_alpha,BARAJADO,154.00567356734632,500,3.707106781186547,-0.0115132868611924,28,8,0,float64,9,1,1,500
0.01,8,1.0,0.003120203878871011,0.05136296511395076,0.044098249259232634,A_alpha,BARAJADO,168.5027283808073,500,4.581138830084191,-0.011677456507822186,28,8,0,float64,10,1,1,500
0.01,8,1.0,0.217117783589396,0.05623413251903491,0.050505050505050504,A_alpha,REAL,228.16006754390853,500,4.0,-0.0027268557314021422,8,5,0,float64,1,1,1,500
0.01,8,1.0,0.07527254570766094,0.05623413251903491,0.04576584235575484,A_alpha,REAL,171.22547192269369,500,4.414213562373094,-0.0034164728806188997,7,6,0,float64,2,1,1,500
0.01,8,1.0,0.05716742716956214,0.05623413251903491,0.04409824925923263,A_alpha,REAL,197.64380512346034,500,4.581138830084192,-0.0031951721739115414,6,4,0,float64,3,1,1,500
0.01,8,1.0,3.462871128749681,0.05623413251903491,0.03858242537879851,A_alpha,REAL,1482.496600077362,500,5.236067977499788,0.002660409079604481,15,6,1,float64,4,1,1,500
0.01,8,1.0,0.21987933821694483,0.05623413251903491,0.05449538250299351,A_alpha,REAL,229.5045693609515,500,3.7071067811865483,-0.002746984098476486,8,5,0,float64,5,1,1,500
0.01,8,1.0,0.3153777835067701,0.05623413251903491,0.05449538250299351,A_alpha,REAL,277.7850024584078,500,3.7071067811865483,-0.0025827531911646086,9,6,0,float64,6,1,1,500
0.01,8,1.0,0.56324227077914,0.05623413251903491,0.05449538250299351,A_alpha,REAL,390.8191481623662,500,3.707106781186549,-0.0016774379490418648,13,7,0,float64,7,1,1,500
0.01,8,1.0,0.045233467983295035,0.05623413251903491,0.03944689815669394,A_alpha,REAL,183.07512588665412,500,5.121320343559643,-0.0033280315665604786,6,4,0,float64,8,1,1,500
0.01,8,1.0,0.08154945083619658,0.05623413251903491,0.05449538250299353,A_alpha,REAL,169.10572428551995,500,3.707106781186547,-0.004534348363980017,6,5,0,float64,9,1,1,500
0.01,8,1.0,0.10690060066747678,0.05623413251903491,0.044098249259232634,A_alpha,REAL,195.03811036933604,500,4.581138830084191,-0.0028230393395841658,6,4,0,float64,10,1,1,500
0.01,8,1.0,0.005423363221875613,0.05623413251903491,0.050505050505050504,A_alpha,BARAJADO,186.20447004071414,500,4.0,-0.01075113435300197,28,8,0,float64,1,1,1,500
0.01,8,1.0,0.0026505467444314875,0.05623413251903491,0.04576584235575484,A_alpha,BARAJADO,166.66308780840856,500,4.414213562373094,-0.01203881898638597,28,8,0,float64,2,1,1,500
0.01,8,1.0,0.004793169542559511,0.05623413251903491,0.04409824925923263,A_alpha,BARAJADO,192.5014412236706,500,4.581138830084192,-0.011005220383764523,28,8,0,float64,3,1,1,500
0.01,8,1.0,0.17842037495206423,0.05623413251903491,0.03858242537879851,A_alpha,BARAJADO,514.3960311805856,500,5.236067977499788,-0.0037661190057022382,28,8,0,float64,4,1,1,500
0.01,8,1.0,0.006860464390556578,0.05623413251903491,0.05449538250299351,A_alpha,BARAJADO,183.50128110408963,500,3.7071067811865483,-0.010244373159089154,28,8,0,float64,5,1,1,500
0.01,8,1.0,0.016760365444027907,0.05623413251903491,0.05449538250299351,A_alpha,BARAJADO,219.3646278964932,500,3.7071067811865483,-0.00845915095264839,28,8,0,float64,6,1,1,500
0.01,8,1.0,0.03974542365858553,0.05623413251903491,0.05449538250299351,A_alpha,BARAJADO,263.1339519331899,500,3.707106781186549,-0.006889272875545543,28,8,0,float64,7,1,1,500
0.01,8,1.0,0.0018777834164175132,0.05623413251903491,0.03944689815669394,A_alpha,BARAJADO,186.86070240926418,500,5.121320343559643,-0.012659573010868593,28,8,0,float64,8,1,1,500
0.01,8,1.0,0.0034594392474266845,0.05623413251903491,0.05449538250299353,A_alpha,BARAJADO,163.4809018190325,500,3.707106781186547,-0.011649731769924974,28,8,0,float64,9,1,1,500
0.01,8,1.0,0.002912943214302057,0.05623413251903491,0.044098249259232634,A_alpha,BARAJADO,181.06579718835596,500,4.581138830084191,-0.01183066927589854,28,8,0,float64,10,1,1,500
0.01,8,1.0,0.3009110928280024,0.06123724356957945,0.050505050505050504,A_alpha,REAL,265.1380069882188,500,4.0,-0.0020744775451032784,8,5,0,float64,1,1,1,500
0.01,8,1.0,0.09913801662358672,0.06123724356957945,0.04576584235575484,A_alpha,REAL,189.77837124055398,500,4.414213562373094,-0.002753174910490115,6,4,0,float64,2,1,1,500
0.01,8,1.0,0.07261540322479343,0.06123724356957945,0.04409824925923263,A_alpha,REAL,217.2097901749808,500,4.581138830084192,-0.002366931392025826,6,4,0,float64,3,1,1,500
0.01,8,1.0,6.070457519215123,0.06123724356957945,0.03858242537879851,A_alpha,REAL,2267.0412028449014,500,5.236067977499788,0.00378349550987792,15,6,1,float64,4,1,1,500
0.01,8,1.0,0.3039188547709793,0.06123724356957945,0.05449538250299351,A_alpha,REAL,266.903981753498,500,3.7071067811865483,-0.0020873795206250117,8,5,0,float64,5,1,1,500
0.01,8,1.0,0.4379492274860613,0.06123724356957945,0.05449538250299351,A_alpha,REAL,330.52639613952886,500,3.7071067811865483,-0.0018989083945629031,9,6,0,float64,6,1,1,500
0.01,8,1.0,0.8210268386866567,0.06123724356957945,0.05449538250299351,A_alpha,REAL,488.8014781249226,500,3.707106781186549,-0.0009309363319887989,13,7,0,float64,7,1,1,500
0.01,8,1.0,0.06026995980139666,0.06123724356957945,0.03944689815669394,A_alpha,REAL,198.0894133076309,500,5.121320343559643,-0.0027021029781106863,6,4,0,float64,8,1,1,500
0.01,8,1.0,0.10527193445438587,0.06123724356957945,0.05449538250299353,A_alpha,REAL,186.01688387004813,500,3.707106781186547,-0.004023792630798359,6,5,0,float64,9,1,1,500
0.01,8,1.0,0.14793687292065466,0.06123724356957945,0.044098249259232634,A_alpha,REAL,217.62391804092556,500,4.581138830084191,-0.0021811827330076934,6,4,0,float64,10,1,1,500
0.01,8,1.0,0.005336758255287679,0.06123724356957945,0.050505050505050504,A_alpha,BARAJADO,200.4545981654675,500,4.0,-0.01081276074017266,28,8,0,float64,1,1,1,500
0.01,8,1.0,0.0024521857579458315,0.06123724356957945,0.04576584235575484,A_alpha,BARAJADO,179.02391840409663,500,4.414213562373094,-0.012215034588529261,28,8,0,float64,2,1,1,500
0.01,8,1.0,0.004664902630334973,0.06123724356957945,0.04409824925923263,A_alpha,BARAJADO,205.99635450870704,500,4.581138830084192,-0.011089317215202964,28,8,0,float64,3,1,1,500
0.01,8,1.0,0.2378858734533458,0.06123724356957945,0.03858242537879851,A_alpha,BARAJADO,616.7619154289838,500,5.236067977499788,-0.0032112944234147286,28,8,0,float64,4,1,1,500
0.01,8,1.0,0.006885857819944661,0.06123724356957945,0.05449538250299351,A_alpha,BARAJADO,200.49229298565086,500,3.7071067811865483,-0.010260267618416247,28,8,0,float64,5,1,1,500
0.01,8,1.0,0.01814816001896756,0.06123724356957945,0.05449538250299351,A_alpha,BARAJADO,239.48006874642735,500,3.7071067811865483,-0.00831939692144263,28,8,0,float64,6,1,1,500
0.01,8,1.0,0.046152896250059014,0.06123724356957945,0.05449538250299351,A_alpha,BARAJADO,295.9940829553172,500,3.707106781186549,-0.006610824121860789,28,8,0,float64,7,1,1,500
0.01,8,1.0,0.0016825593714056835,0.06123724356957945,0.03944689815669394,A_alpha,BARAJADO,199.04093262606244,500,5.121320343559643,-0.012891855797621123,28,8,0,float64,8,1,1,500
0.01,8,1.0,0.003279166786718659,0.06123724356957945,0.05449538250299353,A_alpha,BARAJADO,175.98689026699128,500,3.707106781186547,-0.011789030680533465,28,8,0,float64,9,1,1,500
0.01,8,1.0,0.0027155493498924525,0.06123724356957945,0.044098249259232634,A_alpha,BARAJADO,192.6350195422842,500,4.581138830084191,-0.0119874647954738,28,8,0,float64,10,1,1,500
0.01,8,1.0,0.6467223267051017,0.07300980369183277,0.050505050505050504,A_alpha,REAL,386.3849768259744,500,4.0,-0.0005434249316230829,8,5,0,float64,1,1,1,500
0.01,8,1.0,0.19201133863438477,0.07300980369183277,0.04576584235575484,A_alpha,REAL,238.48200409339537,500,4.414213562373094,-0.001290165893993209,6,4,0,float64,2,1,1,500
0.01,8,1.0,0.1392735887951797,0.07300980369183277,0.04409824925923263,A_alpha,REAL,268.62644798012604,500,4.581138830084192,-0.0007111817627647956,6,4,0,float64,3,1,1,500
0.01,8,1.0,22.69221837894542,0.07300980369183277,0.03858242537879851,A_alpha,REAL,6605.090187559466,500,5.236067977499788,0.006421198066092913,15,6,1,float64,4,1,1,500
0.01,8,1.0,0.6499091512599989,0.07300980369183277,0.05449538250299351,A_alpha,REAL,388.89749848398867,500,3.7071067811865483,-0.0005503727138868982,8,5,0,float64,5,1,1,500
0.01,8,1.0,0.9462479000658541,0.07300980369183277,0.05449538250299351,A_alpha,REAL,508.1007305087861,500,3.7071067811865483,-0.00029590284849448335,9,6,0,float64,6,1,1,500
0.01,8,1.0,1.9829927657218518,0.07300980369183277,0.05449538250299351,A_alpha,REAL,852.0461045558463,500,3.707106781186549,0.0008220449274124108,13,7,1,float64,7,1,1,500
0.01,8,1.0,0.11920940449222765,0.07300980369183277,0.03944689815669394,A_alpha,REAL,236.68804663837713,500,5.121320343559643,-0.0012795773617419657,6,4,0,float64,8,1,1,500
0.01,8,1.0,0.19108511559273722,0.07300980369183277,0.05449538250299353,A_alpha,REAL,231.13701890709427,500,3.707106781186547,-0.0028360913187575713,6,5,0,float64,9,1,1,500
0.01,8,1.0,0.31658558272376125,0.07300980369183277,0.044098249259232634,A_alpha,REAL,285.2747966346942,500,4.581138830084191,-0.0006734215722629688,6,4,0,float64,10,1,1,500
0.01,8,1.0,0.005141804918326806,0.07300980369183277,0.050505050505050504,A_alpha,BARAJADO,233.34093251776852,500,4.0,-0.010956795370314491,28,8,0,float64,1,1,1,500
0.01,8,1.0,0.0020472866777033315,0.07300980369183277,0.04576584235575484,A_alpha,BARAJADO,203.51058091192837,500,4.414213562373094,-0.012628079542879162,28,8,0,float64,2,1,1,500
0.01,8,1.0,0.004379512796720925,0.07300980369183277,0.04409824925923263,A_alpha,BARAJADO,238.24728477812187,500,4.581138830084192,-0.01128610295926936,28,8,0,float64,3,1,1,500
0.01,8,1.0,0.4668772509536848,0.07300980369183277,0.03858242537879851,A_alpha,BARAJADO,947.9396801415571,500,5.236067977499788,-0.0019082305604233808,28,8,0,float64,4,1,1,500
0.01,8,1.0,0.0069452642089838645,0.07300980369183277,0.05449538250299351,A_alpha,BARAJADO,234.5302054014449,500,3.7071067811865483,-0.010296606772008192,28,8,0,float64,5,1,1,500
0.01,8,1.0,0.02184155091942766,0.07300980369183277,0.05449538250299351,A_alpha,BARAJADO,294.29617244840273,500,3.7071067811865483,-0.007991582352517545,28,8,0,float64,6,1,1,500
0.01,8,1.0,0.0653265906419082,0.07300980369183277,0.05449538250299351,A_alpha,BARAJADO,382.37377146296717,500,3.707106781186549,-0.005956924225689834,28,8,0,float64,7,1,1,500
0.01,8,1.0,0.0013013809589913373,0.07300980369183277,0.03944689815669394,A_alpha,BARAJADO,227.05302689759728,500,5.121320343559643,-0.013438142231302273,28,8,0,float64,8,1,1,500
0.01,8,1.0,0.0028986069584299064,0.07300980369183277,0.05449538250299353,A_alpha,BARAJADO,201.99536219659112,500,3.707106781186547,-0.012112425984402066,28,8,0,float64,9,1,1,500
0.01,8,1.0,0.002306484369102612,0.07300980369183277,0.044098249259232634,A_alpha,BARAJADO,219.94564729786094,500,4.581138830084191,-0.01235314628847008,28,8,0,float64,10,1,1,500
0.01,8,1.0,1.6046247870548727,0.08704558083290234,0.050505050505050504,A_alpha,REAL,648.4545743411018,500,4.0,0.0012771066895441358,8,5,1,float64,1,1,1,500
0.01,8,1.0,0.42955753828685794,0.08704558083290234,0.04576584235575484,A_alpha,REAL,325.741053089683,500,4.414213562373094,0.0003955785341976761,6,4,1,float64,2,1,1,500
0.01,8,1.0,0.3515441937673942,0.08704558083290234,0.04409824925923263,A_alpha,REAL,353.9940698095189,500,4.581138830084192,0.001104377842487299,6,4,1,float64,3,1,1,500
0.01,8,1.0,108.83006107823935,0.08704558083290234,0.03858242537879851,A_alpha,REAL,25993.065134152566,500,5.236067977499788,0.009556914685866679,15,6,1,float64,4,1,1,500
0.01,8,1.0,1.6057567942428868,0.08704558083290234,0.05449538250299351,A_alpha,REAL,650.9032131132543,500,3.7071067811865483,0.0012732841885858242,8,5,1,float64,5,1,1,500
0.01,8,1.0,2.367893029106499,0.08704558083290234,0.05449538250299351,A_alpha,REAL,902.7282161729917,500,3.7071067811865483,0.001606321097218605,9,6,1,float64,6,1,1,500
0.01,8,1.0,5.638714643335266,0.08704558083290234,0.05449538250299351,A_alpha,REAL,1766.3454826932036,500,3.707106781186549,0.0029066006921907818,13,7,1,float64,7,1,1,500
0.01,8,1.0,0.27109922000758174,0.08704558083290234,0.03944689815669394,A_alpha,REAL,300.3067600126132,500,5.121320343559643,0.00040047195203779735,6,4,1,float64,8,1,1,500
0.01,8,1.0,0.38660879585878144,0.08704558083290234,0.05449538250299353,A_alpha,REAL,305.02458372252465,500,3.707106781186547,-0.001429674630311158,6,5,0,float64,9,1,1,500
0.01,8,1.0,0.7802728046867179,0.08704558083290234,0.044098249259232634,A_alpha,REAL,420.05513776666885,500,4.581138830084191,0.0011202846091750015,6,4,1,float64,10,1,1,500
0.01,8,1.0,0.004924780861245652,0.08704558083290234,0.050505050505050504,A_alpha,BARAJADO,269.39933903732305,500,4.0,-0.011126212636065134,28,8,0,float64,1,1,1,500
0.01,8,1.0,0.0016597263235055093,0.08704558083290234,0.04576584235575484,A_alpha,BARAJADO,230.79476483168438,500,4.414213562373094,-0.013115664267798135,28,8,0,float64,2,1,1,500
0.01,8,1.0,0.004067497662400323,0.08704558083290234,0.04409824925923263,A_alpha,BARAJADO,276.3853630354462,500,4.581138830084192,-0.011518060900509348,28,8,0,float64,3,1,1,500
0.01,8,1.0,1.0386838725030045,0.08704558083290234,0.03858242537879851,A_alpha,BARAJADO,1603.7776320459886,500,5.236067977499788,-0.00035906203829280686,28,8,0,float64,4,1,1,500
0.01,8,1.0,0.007015388336787308,0.08704558083290234,0.05449538250299351,A_alpha,BARAJADO,274.86482979812064,500,3.7071067811865483,-0.01033783988759759,28,8,0,float64,5,1,1,500
0.01,8,1.0,0.02715009573435826,0.08704558083290234,0.05449538250299351,A_alpha,BARAJADO,364.18957372256415,500,3.7071067811865483,-0.007602553197704857,28,8,0,float64,6,1,1,500
0.01,8,1.0,0.09820264974866894,0.08704558083290234,0.05449538250299351,A_alpha,BARAJADO,508.07124760184405,500,3.707106781186549,-0.005179389073099403,28,8,0,float64,7,1,1,500
0.01,8,1.0,0.0009608597536094916,0.08704558083290234,0.03944689815669394,A_alpha,BARAJADO,253.53408868590193,500,5.121320343559643,-0.014088135099384164,28,8,0,float64,8,1,1,500
0.01,8,1.0,0.0025145053768356363,0.08704558083290234,0.05449538250299353,A_alpha,BARAJADO,229.1796434391161,500,3.707106781186547,-0.012486486984591373,28,8,0,float64,9,1,1,500
0.01,8,1.0,0.0019056626113092,0.08704558083290234,0.044098249259232634,A_alpha,BARAJADO,251.54699903383323,500,4.581138830084191,-0.012779466202787727,28,8,0,float64,10,1,1,500
0.01,8,1.0,3.7041979350979197,0.1,0.050505050505050504,A_alpha,REAL,1121.9979763758786,500,4.0,0.0029534796219617145,8,5,1,float64,1,1,1,500
0.01,8,1.0,0.9125444803356778,0.1,0.04576584235575484,A_alpha,REAL,460.4159293875707,500,4.414213562373094,0.0019452345003201088,6,4,1,float64,2,1,1,500
0.01,8,1.0,0.8158270921923897,0.1,0.04409824925923263,A_alpha,REAL,480.56630626515107,500,4.581138830084192,0.00276539201475799,6,4,1,float64,3,1,1,500
0.01,8,1.0,460.5917442672679,0.1,0.03858242537879851,A_alpha,REAL,97373.49350804128,500,5.236067977499788,0.012442345065145667,15,6,1,float64,4,1,1,500
0.01,8,1.0,3.6968869855001847,0.1,0.05449538250299351,A_alpha,REAL,1122.4228085307193,500,3.7071067811865483,0.0029512929686390786,8,5,1,float64,5,1,1,500
0.01,8,1.0,5.523744073963741,0.1,0.05449538250299351,A_alpha,REAL,1636.8359498032464,500,3.7071067811865483,0.003353631481826368,9,6,1,float64,6,1,1,500
0.01,8,1.0,14.733247306718317,0.1,0.05449538250299351,A_alpha,REAL,3680.1568226344593,500,3.707106781186549,0.004825912294442929,13,7,1,float64,7,1,1,500
0.01,8,1.0,0.5815013006715111,0.1,0.03944689815669394,A_alpha,REAL,392.84519391887443,500,5.121320343559643,0.001947625355865182,6,4,1,float64,8,1,1,500
0.01,8,1.0,0.7379510009275996,0.1,0.05449538250299353,A_alpha,REAL,405.16062606508916,500,3.707106781186547,-0.00013645557927469053,6,5,0,float64,9,1,1,500
0.01,8,1.0,1.7877919376568583,0.1,0.044098249259232634,A_alpha,REAL,650.9713158116575,500,4.581138830084191,0.0027725272113881673,6,4,1,float64,10,1,1,500
0.01,8,1.0,0.004738434492247611,0.1,0.050505050505050504,A_alpha,BARAJADO,303.45378957907917,500,4.0,-0.011279628628435102,28,8,0,float64,1,1,1,500
0.01,8,1.0,0.001375499272340057,0.1,0.04576584235575484,A_alpha,BARAJADO,255.06955658152296,500,4.414213562373094,-0.013557370262562018,28,8,0,float64,2,1,1,500
0.01,8,1.0,0.0038046351718830545,0.1,0.04409824925923263,A_alpha,BARAJADO,310.20734298387345,500,4.581138830084192,-0.011728605472287277,28,8,0,float64,3,1,1,500
0.01,8,1.0,2.1647496127656622,0.1,0.03858242537879851,A_alpha,BARAJADO,2660.7530770000153,500,5.236067977499788,0.001066595390896432,28,8,1,float64,4,1,1,500
0.01,8,1.0,0.007079344623330344,0.1,0.05449538250299351,A_alpha,BARAJADO,312.58505205901093,500,3.7071067811865483,-0.010373696967692527,28,8,0,float64,5,1,1,500
0.01,8,1.0,0.03309239022965941,0.1,0.05449538250299351,A_alpha,BARAJADO,435.56745115186504,500,3.7071067811865483,-0.00724514336124803,28,8,0,float64,6,1,1,500
0.01,8,1.0,0.14231967092652215,0.1,0.05449538250299351,A_alpha,BARAJADO,653.0565437769444,500,3.707106781186549,-0.004463491136826461,28,8,0,float64,7,1,1,500
0.01,8,1.0,0.0007285759005150691,0.1,0.03944689815669394,A_alpha,BARAJADO,278.4307983356473,500,5.121320343559643,-0.014685076484343109,28,8,0,float64,8,1,1,500
0.01,8,1.0,0.002216358566300159,0.1,0.05449538250299353,A_alpha,BARAJADO,254.49914536843448,500,3.707106781186547,-0.01281488485366885,28,8,0,float64,9,1,1,500
0.01,8,1.0,0.0016044341210608825,0.1,0.044098249259232634,A_alpha,BARAJADO,278.8221449629168,500,4.581138830084191,-0.013156985446086601,28,8,0,float64,10,1,1,500
0.01,8,1.0,4.726811234043588,0.10377966737890204,0.050505050505050504,A_alpha,REAL,1334.0304426805653,500,4.0,0.0034419537756112473,8,5,1,float64,1,1,1,500
0.01,8,1.0,1.1383445298208739,0.10377966737890204,0.04576584235575484,A_alpha,REAL,517.1596460498447,500,4.414213562373094,0.002396545978857508,6,4,1,float64,2,1,1,500
0.01,8,1.0,1.0413389886589093,0.10377966737890204,0.04409824925923263,A_alpha,REAL,533.746981420909,500,4.581138830084192,0.0032483974285623008,6,4,1,float64,3,1,1,500
0.01,8,1.0,701.1270342982291,0.10377966737890204,0.03858242537879851,A_alpha,REAL,144100.8044824308,500,5.236067977499788,0.013282650731281997,15,6,1,float64,4,1,1,500
0.01,8,1.0,4.714606375789286,0.10377966737890204,0.05449538250299351,A_alpha,REAL,1333.256633583549,500,3.7071067811865483,0.0034400971933550586,8,5,1,float64,5,1,1,500
0.01,8,1.0,7.073615467219219,0.10377966737890204,0.05449538250299351,A_alpha,REAL,1970.4956462185992,500,3.7071067811865483,0.0038620511540903,9,6,1,float64,6,1,1,500
0.01,8,1.0,19.48717563467919,0.10377966737890204,0.05449538250299351,A_alpha,REAL,4605.486197436145,500,3.707106781186549,0.005385100982415339,13,7,1,float64,7,1,1,500
0.01,8,1.0,0.7269256740530698,0.10377966737890204,0.03944689815669394,A_alpha,REAL,431.3258770333579,500,5.121320343559643,0.0023984855151508605,6,4,1,float64,8,1,1,500
0.01,8,1.0,0.8906694364829116,0.10377966737890204,0.05449538250299353,A_alpha,REAL,444.15751694442855,500,3.707106781186547,0.00024012811016324207,6,5,1,float64,9,1,1,500
0.01,8,1.0,2.2759482355820286,0.10377966737890204,0.044098249259232634,A_alpha,REAL,752.8080100767139,500,4.581138830084191,0.0032540432733924028,6,4,1,float64,10,1,1,500
0.01,8,1.0,0.0046864647265643985,0.10377966737890204,0.050505050505050504,A_alpha,BARAJADO,314.20117101800406,500,4.0,-0.011323739290217563,28,8,0,float64,1,1,1,500
0.01,8,1.0,0.0013036714229927174,0.10377966737890204,0.04576584235575484,A_alpha,BARAJADO,260.84664226827334,500,4.414213562373094,-0.013683973422206643,28,8,0,float64,2,1,1,500
0.01,8,1.0,0.0037321964688512336,0.10377966737890204,0.04409824925923263,A_alpha,BARAJADO,319.8364019071563,500,4.581138830084192,-0.011789222552964648,28,8,0,float64,3,1,1,500
0.01,8,1.0,2.6803405873150994,0.10377966737890204,0.03858242537879851,A_alpha,BARAJADO,3098.3399112324364,500,5.236067977499788,0.0014818106948659168,28,8,1,float64,4,1,1,500
0.01,8,1.0,0.007097853558222723,0.10377966737890204,0.05449538250299351,A_alpha,BARAJADO,324.51196207284795,500,3.7071067811865483,-0.010383734774318334,28,8,0,float64,5,1,1,500
0.01,8,1.0,0.03504267521238342,0.10377966737890204,0.05449538250299351,A_alpha,BARAJADO,458.56410500956514,500,3.7071067811865483,-0.007141149016354148,28,8,0,float64,6,1,1,500
0.01,8,1.0,0.15851610193097038,0.10377966737890204,0.05449538250299351,A_alpha,BARAJADO,701.5780842541882,500,3.707106781186549,-0.004254904843114381,28,8,0,float64,7,1,1,500
0.01,8,1.0,0.0006724995839105683,0.10377966737890204,0.03944689815669394,A_alpha,BARAJADO,286.3160301112569,500,5.121320343559643,-0.01485829505992063,28,8,0,float64,8,1,1,500
0.01,8,1.0,0.002138228517208488,0.10377966737890204,0.05449538250299353,A_alpha,BARAJADO,262.61309993610735,500,3.707106781186547,-0.012906570975678463,28,8,0,float64,9,1,1,500
0.01,8,1.0,0.0015271337840760634,0.10377966737890204,0.044098249259232634,A_alpha,BARAJADO,287.462087929518,500,4.581138830084191,-0.013262897022597602,28,8,0,float64,10,1,1,500
0.01,8,1.0,17.08616494494084,0.12373080009599416,0.050505050505050504,A_alpha,REAL,3584.3464459052248,500,4.0,0.006015978835399407,8,5,1,float64,1,1,1,500
0.01,8,1.0,3.67800263877483,0.12373080009599416,0.04576584235575484,A_alpha,REAL,1052.996729671112,500,4.414213562373094,0.004773988222052558,6,4,1,float64,2,1,1,500
0.01,8,1.0,3.7459848347054177,0.12373080009599416,0.04409824925923263,A_alpha,REAL,1047.6457408538802,500,4.581138830084192,0.005790127664491833,6,4,1,float64,3,1,1,500
0.01,8,1.0,6404.365468140975,0.12373080009599416,0.03858242537879851,A_alpha,REAL,1175473.543190979,500,5.236067977499788,0.017706576085861958,15,6,1,float64,4,1,1,500
0.01,8,1.0,17.001774831004195,0.12373080009599416,0.05449538250299351,A_alpha,REAL,3567.7815963741086,500,3.7071067811865483,0.006015197585024196,8,5,1,float64,5,1,1,500
0.01,8,1.0,26.139454661986896,0.12373080009599416,0.05449538250299351,A_alpha,REAL,5626.894102056176,500,3.7071067811865483,0.006536657401557613,9,6,1,float64,6,1,1,500
0.01,8,1.0,84.9741313266098,0.12373080009599416,0.05449538250299351,A_alpha,REAL,15947.180479360743,500,3.707106781186549,0.008330966093241625,13,7,1,float64,7,1,1,500
0.01,8,1.0,2.3661948914439077,0.12373080009599416,0.03944689815669394,A_alpha,REAL,784.6551148990121,500,5.121320343559643,0.00477463107801803,6,4,1,float64,8,1,1,500
0.01,8,1.0,2.3967683199654632,0.12373080009599416,0.05449538250299353,A_alpha,REAL,756.6923946296947,500,3.707106781186547,0.0022231943247260615,6,5,1,float64,9,1,1,500
0.01,8,1.0,8.113915791080842,0.12373080009599416,0.044098249259232634,A_alpha,REAL,1802.407230612102,500,4.581138830084191,0.005791769945757919,6,4,1,float64,10,1,1,500
0.01,8,1.0,0.004429054144180946,0.12373080009599416,0.050505050505050504,A_alpha,BARAJADO,364.28711334238454,500,4.0,-0.01155049488383091,28,8,0,float64,1,1,1,500
0.01,8,1.0,0.0009919263463770431,0.12373080009599416,0.04576584235575484,A_alpha,BARAJADO,295.53458634123115,500,4.414213562373094,-0.014324364579918264,28,8,0,float64,2,1,1,500
0.01,8,1.0,0.003379321417578915,0.12373080009599416,0.04409824925923263,A_alpha,BARAJADO,366.95965035258723,500,4.581138830084192,-0.012101160001210708,28,8,0,float64,3,1,1,500
0.01,8,1.0,8.242743380977847,0.12373080009599416,0.03858242537879851,A_alpha,BARAJADO,7173.563466262763,500,5.236067977499788,0.003668017926142403,28,8,1,float64,4,1,1,500
0.01,8,1.0,0.007194299558545713,0.12373080009599416,0.05449538250299351,A_alpha,BARAJADO,380.59465056870727,500,3.7071067811865483,-0.010433307771025828,28,8,0,float64,5,1,1,500
0.01,8,1.0,0.04725211443861616,0.12373080009599416,0.05449538250299351,A_alpha,BARAJADO,583.4013434552708,500,3.7071067811865483,-0.0065942600371555445,28,8,0,float64,6,1,1,500
0.01,8,1.0,0.2805030752874704,0.12373080009599416,0.05449538250299351,A_alpha,BARAJADO,1017.9180440233584,500,3.707106781186549,-0.0031559214169732796,28,8,0,float64,7,1,1,500
0.01,8,1.0,0.0004430795570637798,0.12373080009599416,0.03944689815669394,A_alpha,BARAJADO,320.1271070552478,500,5.121320343559643,-0.01575860823525439,28,8,0,float64,8,1,1,500
0.01,8,1.0,0.0017821555284041944,0.12373080009599416,0.05449538250299353,A_alpha,BARAJADO,298.27003320110845,500,3.707106781186547,-0.013346666589341334,28,8,0,float64,9,1,1,500
0.01,8,1.0,0.0011848516506766248,0.12373080009599416,0.044098249259232634,A_alpha,BARAJADO,323.60140499117045,500,4.581138830084191,-0.013772501257838559,28,8,0,float64,10,1,1,500
0.01,8,1.0,78.77713764450641,0.1475174403527447,0.050505050505050504,A_alpha,REAL,13221.76521564057,500,4.0,0.0090756976430408,8,5,1,float64,1,1,1,500
0.01,8,1.0,14.977856458963393,0.1475174403527447,0.04576584235575484,A_alpha,REAL,3038.072174233796,500,4.414213562373094,0.007599675451729392,6,4,1,float64,2,1,1,500
0.01,8,1.0,17.035360182853704,0.1475174403527447,0.04409824925923263,A_alpha,REAL,3105.098772619371,500,4.581138830084192,0.008808463792128027,6,4,1,float64,3,1,1,500
0.01,8,1.0,88375.26539580776,0.1475174403527447,0.03858242537879851,A_alpha,REAL,14878884.789711894,500,5.236067977499788,0.022955529798650297,15,6,1,float64,4,1,1,500
0.01,8,1.0,78.26344137157842,0.1475174403527447,0.05449538250299351,A_alpha,REAL,13128.625155400618,500,3.7071067811865483,0.009075419250365783,8,5,1,float64,5,1,1,500
0.01,8,1.0,124.51389046432789,0.1475174403527447,0.05449538250299351,A_alpha,REAL,22108.00211810529,500,3.7071067811865483,0.009708579960650738,9,6,1,float64,6,1,1,500
0.01,8,1.0,488.51615167223434,0.1475174403527447,0.05449538250299351,A_alpha,REAL,76828.15158792115,500,3.707106781186549,0.01183067297173421,13,7,1,float64,7,1,1,500
0.01,8,1.0,9.67626615389059,0.1475174403527447,0.03944689815669394,A_alpha,REAL,2076.373241610414,500,5.121320343559643,0.007599848259521851,6,4,1,float64,8,1,1,500
0.01,8,1.0,7.764408089401876,0.1475174403527447,0.05449538250299353,A_alpha,REAL,1639.5518737964853,500,3.707106781186547,0.004578432761259493,6,5,1,float64,9,1,1,500
0.01,8,1.0,36.72807299985705,0.1475174403527447,0.044098249259232634,A_alpha,REAL,6169.622980066884,500,4.581138830084191,0.008808842084597472,6,4,1,float64,10,1,1,500
0.01,8,1.0,0.004156543412669156,0.1475174403527447,0.050505050505050504,A_alpha,BARAJADO,417.12361741247423,500,4.0,-0.011803432177840611,28,8,0,float64,1,1,1,500
0.01,8,1.0,0.0007338858511041434,0.1475174403527447,0.04576584235575484,A_alpha,BARAJADO,330.6135234756553,500,4.414213562373094,-0.01497466924641257,28,8,0,float64,2,1,1,500
0.01,8,1.0,0.003017327985846045,0.1475174403527447,0.04409824925923263,A_alpha,BARAJADO,421.006579044207,500,4.581138830084192,-0.0124481328231202,28,8,0,float64,3,1,1,500
0.01,8,1.0,31.18479520333418,0.1475174403527447,0.03858242537879851,A_alpha,BARAJADO,20992.76334080223,500,5.236067977499788,0.006262452458977514,28,8,1,float64,4,1,1,500
0.01,8,1.0,0.00730616485432562,0.1475174403527447,0.05449538250299351,A_alpha,BARAJADO,446.32326574347735,500,3.7071067811865483,-0.010484230445820713,28,8,0,float64,5,1,1,500
0.01,8,1.0,0.06703788873198124,0.1475174403527447,0.05449538250299351,A_alpha,BARAJADO,756.9820328869805,500,3.7071067811865483,-0.005946531108913515,28,8,0,float64,6,1,1,500
0.01,8,1.0,0.5498646874949354,0.1475174403527447,0.05449538250299351,A_alpha,BARAJADO,1581.0926505487967,500,3.707106781186549,-0.0018500700495589204,28,8,0,float64,7,1,1,500
0.01,8,1.0,0.0002732240394234811,0.1475174403527447,0.03944689815669394,A_alpha,BARAJADO,354.5938702834036,500,5.121320343559643,-0.016759017286607756,28,8,0,float64,8,1,1,500
0.01,8,1.0,0.0014583967317066985,0.1475174403527447,0.05449538250299353,A_alpha,BARAJADO,337.0034476278273,500,3.707106781186547,-0.013726334526311414,28,8,0,float64,9,1,1,500
0.01,8,1.0,0.0008968091029108752,0.1475174403527447,0.044098249259232634,A_alpha,BARAJADO,362.74343055537884,500,4.581138830084191,-0.014215047476693754,28,8,0,float64,10,1,1,500
0.01,8,1.0,484.6499633930927,0.17587694568646156,0.050505050505050504,A_alpha,REAL,69216.64342014598,500,4.0,0.012711183922028888,8,5,1,float64,1,1,1,500
0.01,8,1.0,79.96321437271855,0.17587694568646156,0.04576584235575484,A_alpha,REAL,12958.0570311353,500,4.414213562373094,0.010957619070004872,6,4,1,float64,2,1,1,500
0.01,8,1.0,102.59369147191263,0.17587694568646156,0.04409824925923263,A_alpha,REAL,14616.39546086528,500,4.581138830084192,0.012393966272150956,6,4,1,float64,3,1,1,500
0.01,8,1.0,1984080.0840858335,0.17587694568646156,0.03858242537879851,A_alpha,REAL,312352878.860235,500,5.236067977499788,0.02917777536825131,15,6,1,float64,4,1,1,500
0.01,8,1.0,481.0442777627893,0.17587694568646156,0.05449538250299351,A_alpha,REAL,68665.23997179703,500,3.7071067811865483,0.012711102248993357,8,5,1,float64,5,1,1,500
0.01,8,1.0,801.8691345136073,0.17587694568646156,0.05449538250299351,A_alpha,REAL,123933.33413253346,500,3.7071067811865483,0.0134711857077504,9,6,1,float64,6,1,1,500
0.01,8,1.0,3898.0812084418535,0.17587694568646156,0.05449538250299351,A_alpha,REAL,537096.4781307095,500,3.707106781186549,0.015986040172443542,13,7,1,float64,7,1,1,500
0.01,8,1.0,51.769050070867586,0.17587694568646156,0.03944689815669394,A_alpha,REAL,8511.603899998598,500,5.121320343559643,0.010957655377469445,6,4,1,float64,8,1,1,500
0.01,8,1.0,31.374210858682403,0.17587694568646156,0.05449538250299353,A_alpha,REAL,4861.589431565923,500,3.707106781186547,0.007375536088960564,6,5,1,float64,9,1,1,500
0.01,8,1.0,220.7661156071389,0.17587694568646156,0.044098249259232634,A_alpha,REAL,30859.31636794403,500,4.581138830084191,0.012394032489685425,6,4,1,float64,10,1,1,500
0.01,8,1.0,0.0038750519866985605,0.17587694568646156,0.050505050505050504,A_alpha,BARAJADO,480.0454833239473,500,4.0,-0.012069870979223742,28,8,0,float64,1,1,1,500
0.01,8,1.0,0.0005338573511334585,0.17587694568646156,0.04576584235575484,A_alpha,BARAJADO,366.7212991551226,500,4.414213562373094,-0.015403848435179003,28,8,0,float64,2,1,1,500
0.01,8,1.0,0.002657594019957006,0.17587694568646156,0.04409824925923263,A_alpha,BARAJADO,482.07454563887757,500,4.581138830084192,-0.012804928923002907,28,8,0,float64,3,1,1,500
0.01,8,1.0,150.6677285381443,0.17587694568646156,0.03858242537879851,A_alpha,BARAJADO,81701.15280716306,500,5.236067977499788,0.009338624780352751,28,8,1,float64,4,1,1,500
0.01,8,1.0,0.0074342407783214,0.17587694568646156,0.05449538250299351,A_alpha,BARAJADO,520.9529668004334,500,3.7071067811865483,-0.010531826996022987,28,8,0,float64,5,1,1,500
0.01,8,1.0,0.10089103571094123,0.17587694568646156,0.05449538250299351,A_alpha,BARAJADO,1008.3185541811702,500,3.7071067811865483,-0.005180058250566538,28,8,0,float64,6,1,1,500
0.01,8,1.0,1.2172251993996412,0.17587694568646156,0.05449538250299351,A_alpha,BARAJADO,2712.738211403534,500,3.707106781186549,-0.00029957050753271966,28,8,0,float64,7,1,1,500
0.01,8,1.0,0.00016266452561350728,0.17587694568646156,0.03944689815669394,A_alpha,BARAJADO,389.25270967162027,500,5.121320343559643,-0.01763430427898306,28,8,0,float64,8,1,1,500
0.01,8,1.0,0.0011772774545075455,0.17587694568646156,0.05449538250299353,A_alpha,BARAJADO,374.5278304481743,500,3.707106781186547,-0.013877768741520418,28,8,0,float64,9,1,1,500
0.01,8,1.0,0.0006691509384373028,0.17587694568646156,0.044098249259232634,A_alpha,BARAJADO,406.522141122145,500,4.581138830084191,-0.01460505648185479,28,8,0,float64,10,1,1,500
0.01,8,1.0,549.0527348790258,0.1778279410038923,0.050505050505050504,A_alpha,REAL,77749.555421943,500,4.0,0.012960798046721754,8,5,1,float64,1,1,1,500
0.01,8,1.0,89.72447378732456,0.1778279410038923,0.04576584235575484,A_alpha,REAL,14380.647583880882,500,4.414213562373094,0.011188207509049385,6,4,1,float64,2,1,1,500
0.01,8,1.0,116.04908698065117,0.1778279410038923,0.04409824925923263,A_alpha,REAL,16349.856603820663,500,4.581138830084192,0.012640144894929537,6,4,1,float64,3,1,1,500
0.01,8,1.0,2455816.4169500093,0.1778279410038923,0.03858242537879851,A_alpha,REAL,385190820.8298813,500,5.236067977499788,0.029604415429389314,15,6,1,float64,4,1,1,500
0.01,8,1.0,544.9445386794332,0.1778279410038923,0.05449538250299351,A_alpha,REAL,77127.90979989315,500,3.7071067811865483,0.012960722956800407,8,5,1,float64,5,1,1,500
0.01,8,1.0,911.4770476290074,0.1778279410038923,0.05449538250299351,A_alpha,REAL,139846.77211856918,500,3.7071067811865483,0.013729367061166835,9,6,1,float64,6,1,1,500
0.01,8,1.0,4495.196006028874,0.1778279410038923,0.05449538250299351,A_alpha,REAL,614988.0481984302,500,3.707106781186549,0.016271239744180186,13,7,1,float64,7,1,1,500
0.01,8,1.0,58.09168722356872,0.1778279410038923,0.03944689815669394,A_alpha,REAL,9433.787269739785,500,5.121320343559643,0.011188240135125342,6,4,1,float64,8,1,1,500
0.01,8,1.0,34.53218492237138,0.1778279410038923,0.05449538250299353,A_alpha,REAL,5264.994251203593,500,3.707106781186547,0.00756756852118355,6,5,1,float64,9,1,1,500
0.01,8,1.0,249.69402281725647,0.1778279410038923,0.044098249259232634,A_alpha,REAL,34581.13260760185,500,4.581138830084191,0.01264020364202636,6,4,1,float64,10,1,1,500
0.01,8,1.0,0.0038572730042069404,0.1778279410038923,0.050505050505050504,A_alpha,BARAJADO,484.2964429865539,500,4.0,-0.012086437748540896,28,8,0,float64,1,1,1,500
0.01,8,1.0,0.0005232394536475293,0.1778279410038923,0.04576584235575484,A_alpha,BARAJADO,369.16946892722365,500,4.414213562373094,-0.015412014776151934,28,8,0,float64,2,1,1,500
0.01,8,1.0,0.002635411375553863,0.1778279410038923,0.04409824925923263,A_alpha,BARAJADO,486.10543540811005,500,4.581138830084192,-0.012826369456809372,28,8,0,float64,3,1,1,500
0.01,8,1.0,167.8410797491312,0.1778279410038923,0.03858242537879851,A_alpha,BARAJADO,89915.38633792195,500,5.236067977499788,0.009549572230547225,28,8,1,float64,4,1,1,500
0.01,8,1.0,0.007442812045208035,0.1778279410038923,0.05449538250299351,A_alpha,BARAJADO,526.2153301286957,500,3.7071067811865483,-0.010534531680242896,28,8,0,float64,5,1,1,500
0.01,8,1.0,0.10373761104437564,0.1778279410038923,0.05449538250299351,A_alpha,BARAJADO,1027.6350316151397,500,3.7071067811865483,-0.005127552778116332,28,8,0,float64,6,1,1,500
0.01,8,1.0,1.2852900441135378,0.1778279410038923,0.05449538250299351,A_alpha,BARAJADO,2817.814871425195,500,3.707106781186549,-0.00019316843748369363,28,8,0,float64,7,1,1,500
0.01,8,1.0,0.0001575958575251752,0.1778279410038923,0.03944689815669394,A_alpha,BARAJADO,391.58045228791036,500,5.121320343559643,-0.01767028015649706,28,8,0,float64,8,1,1,500
0.01,8,1.0,0.001161246743251496,0.1778279410038923,0.05449538250299353,A_alpha,BARAJADO,377.2169273683487,500,3.707106781186547,-0.01387682424662961,28,8,0,float64,9,1,1,500
0.01,8,1.0,0.0006567943025405911,0.1778279410038923,0.044098249259232634,A_alpha,BARAJADO,409.3456564946026,500,4.581138830084191,-0.01462560063512214,28,8,0,float64,10,1,1,500
0.01,8,1.0,4195.165752988649,0.20968842700925439,0.050505050505050504,A_alpha,REAL,532237.5677222828,500,4.0,0.017028266521675935,8,5,1,float64,1,1,1,500
0.01,8,1.0,586.7517442372175,0.20968842700925439,0.04576584235575484,A_alpha,REAL,82150.78533359706,500,4.414213562373094,0.014946254271903166,6,4,1,float64,2,1,1,500
0.01,8,1.0,863.5890939694403,0.20968842700925439,0.04409824925923263,A_alpha,REAL,106753.05721725537,500,4.581138830084192,0.016651708310155378,6,4,1,float64,3,1,1,500
0.01,8,1.0,78998960.92806956,0.20968842700925439,0.03858242537879851,A_alpha,REAL,11794442591.903378,500,5.236067977499788,0.0365459733161509,15,6,1,float64,4,1,1,500
0.01,8,1.0,4161.700058910777,0.20968842700925439,0.05449538250299351,A_alpha,REAL,527842.1326011032,500,3.7071067811865483,0.017028247431317808,8,5,1,float64,5,1,1,500
0.01,8,1.0,7375.479799397053,0.20968842700925439,0.05449538250299351,A_alpha,REAL,1029297.2551907593,500,3.7071067811865483,0.017934611688608448,9,6,1,float64,6,1,1,500
0.01,8,1.0,45842.38848894262,0.20968842700925439,0.05449538250299351,A_alpha,REAL,5716762.803526938,500,3.707106781186549,0.02091671505782768,13,7,1,float64,7,1,1,500
0.01,8,1.0,380.18159079110103,0.20968842700925439,0.03944689815669394,A_alpha,REAL,53366.1790645861,500,5.121320343559643,0.014946259978300005,6,4,1,float64,8,1,1,500
0.01,8,1.0,164.86897817031047,0.20968842700925439,0.05449538250299353,A_alpha,REAL,20533.086021000057,500,3.707106781186547,0.010696970421671517,6,5,1,float64,9,1,1,500
0.01,8,1.0,1856.8746581072692,0.20968842700925439,0.044098249259232634,A_alpha,REAL,228858.6001120409,500,4.581138830084191,0.016651716693278622,6,4,1,float64,10,1,1,500
0.01,8,1.0,0.0035930248072267106,0.20968842700925439,0.050505050505050504,A_alpha,BARAJADO,551.1838474365077,500,4.0,-0.012316420130186762,28,8,0,float64,1,1,1,500
0.01,8,1.0,0.0003904845261799931,0.20968842700925439,0.04576584235575484,A_alpha,BARAJADO,406.3840721112179,500,4.414213562373094,-0.015333829203275529,28,8,0,float64,2,1,1,500
0.01,8,1.0,0.0023143161272548476,0.20968842700925439,0.04409824925923263,A_alpha,BARAJADO,549.0569891736625,500,4.581138830084192,-0.013097840027687803,28,8,0,float64,3,1,1,500
0.01,8,1.0,971.170439651417,0.20968842700925439,0.03858242537879851,A_alpha,BARAJADO,442137.54060236353,500,5.236067977499788,0.012982128700713903,28,8,1,float64,4,1,1,500
0.01,8,1.0,0.007577762891820593,0.20968842700925439,0.05449538250299351,A_alpha,BARAJADO,610.705563568507,500,3.7071067811865483,-0.010567326477066456,28,8,0,float64,5,1,1,500
0.01,8,1.0,0.16260086685690905,0.20968842700925439,0.05449538250299351,A_alpha,BARAJADO,1387.7411971520623,500,3.7071067811865483,-0.004274110467107037,28,8,0,float64,6,1,1,500
0.01,8,1.0,3.113008680772604,0.20968842700925439,0.05449538250299351,A_alpha,BARAJADO,5338.514303475405,500,3.707106781186549,0.0015393738770516432,28,8,1,float64,7,1,1,500
0.01,8,1.0,9.989662090795684e-05,0.20968842700925439,0.03944689815669394,A_alpha,BARAJADO,426.57062204724053,500,5.121320343559643,-0.017700577791499746,28,8,0,float64,8,1,1,500
0.01,8,1.0,0.0009459981698710403,0.20968842700925439,0.05449538250299353,A_alpha,BARAJADO,418.40911837229817,500,3.707106781186547,-0.013665049694084313,28,8,0,float64,9,1,1,500
0.01,8,1.0,0.0004974891892806944,0.20968842700925439,0.044098249259232634,A_alpha,BARAJADO,453.42329460241956,500,4.581138830084191,-0.014809955092166467,21,7,0,float64,10,1,1,500
0.01,8,1.0,54342.21642121262,0.25,0.050505050505050504,A_alpha,REAL,6304046.964764304,500,4.0,0.022151013255734694,8,5,1,float64,1,1,1,500
0.01,8,1.0,6260.552923117842,0.25,0.04576584235575484,A_alpha,REAL,790526.9214307856,500,4.414213562373094,0.019680945343546932,6,4,1,float64,2,1,1,500
0.01,8,1.0,10811.867641178764,0.25,0.04409824925923263,A_alpha,REAL,1215323.6625868585,500,4.581138830084192,0.02170433971220363,6,4,1,float64,3,1,1,500
0.01,8,1.0,6166116933.497072,0.25,0.03858242537879851,A_alpha,REAL,882368964454.8367,500,5.236067977499788,0.04526030653660421,15,6,1,float64,4,1,1,500
0.01,8,1.0,53904.31782420647,0.25,0.05449538250299351,A_alpha,REAL,6252578.203194035,500,3.7071067811865483,0.022151009840931088,8,5,1,float64,5,1,1,500
0.01,8,1.0,103218.55056721826,0.25,0.05449538250299351,A_alpha,REAL,13319118.091835953,500,3.7071067811865483,0.02322782124228263,9,6,1,float64,6,1,1,500
0.01,8,1.0,852264.1411827211,0.25,0.05449538250299351,A_alpha,REAL,98443096.20061998,500,3.707106781186549,0.026762839286885134,13,7,1,float64,7,1,1,500
0.01,8,1.0,4057.0757951897567,0.25,0.03944689815669394,A_alpha,REAL,512462.9742644277,500,5.121320343559643,0.01968094598040524,6,4,1,float64,8,1,1,500
0.01,8,1.0,1183.0718959618966,0.25,0.05449538250299353,A_alpha,REAL,126554.39959240158,500,3.707106781186547,0.014640088840537064,6,5,1,float64,9,1,1,500
0.01,8,1.0,23241.520750803225,0.25,0.044098249259232634,A_alpha,REAL,2611670.1394948172,500,4.581138830084191,0.021704340436824537,6,4,1,float64,10,1,1,500
0.01,8,1.0,0.0033212187428414484,0.25,0.050505050505050504,A_alpha,BARAJADO,629.3780910777793,500,4.0,-0.012461418240319535,28,8,0,float64,1,1,1,500
0.01,8,1.0,0.00029801533177496915,0.25,0.04576584235575484,A_alpha,BARAJADO,448.0320966664089,500,4.414213562373094,-0.014984202733673757,21,7,0,float64,2,1,1,500
0.01,8,1.0,0.0020041205933534136,0.25,0.04409824925923263,A_alpha,BARAJADO,621.5899890262318,500,4.581138830084192,-0.013161302378144507,28,8,0,float64,3,1,1,500
0.01,8,1.0,8788.505330518268,0.25,0.03858242537879851,A_alpha,BARAJADO,3475373.1477579116,500,5.236067977499788,0.017292187212180003,28,8,1,float64,4,1,1,500
0.01,8,1.0,0.0077324884552685755,0.25,0.05449538250299351,A_alpha,BARAJADO,713.6368948928873,500,3.7071067811865483,-0.01056881729760587,28,8,0,float64,5,1,1,500
0.01,8,1.0,0.28368669466172425,0.25,0.05449538250299351,A_alpha,BARAJADO,1996.5532073132172,500,3.7071067811865483,-0.0032049354528089504,28,8,0,float64,6,1,1,500
0.01,8,1.0,9.44677357824585,0.25,0.05449538250299351,A_alpha,BARAJADO,12622.985562213506,500,3.707106781186549,0.0037171862235445903,28,8,1,float64,7,1,1,500
0.01,8,1.0,6.787865770914882e-05,0.25,0.03944689815669394,A_alpha,BARAJADO,463.9731968185928,500,5.121320343559643,-0.016629308955896406,28,8,0,float64,8,1,1,500
0.01,8,1.0,0.0007683068528757411,0.25,0.05449538250299353,A_alpha,BARAJADO,465.06529172640415,500,3.707106781186547,-0.013185480249994308,15,6,0,float64,9,1,1,500
0.01,8,1.0,0.00036272008668030873,0.25,0.044098249259232634,A_alpha,BARAJADO,500.82677553499076,500,4.581138830084191,-0.0147807656477568,21,7,0,float64,10,1,1,500
0.01,8,1.0,3553356.3027483434,0.31622776601683794,0.050505050505050504,A_alpha,REAL,377013943.19508994,500,4.0,0.030510586366016498,8,5,1,float64,1,1,1,500
0.01,8,1.0,298901.75732537813,0.31622776601683794,0.04576584235575484,A_alpha,REAL,34141932.487322524,500,4.414213562373094,0.02741120398712022,6,4,1,float64,2,1,1,500
0.01,8,1.0,668365.6216304357,0.31622776601683794,0.04409824925923263,A_alpha,REAL,68555914.00489227,500,4.581138830084192,0.029950254161261857,6,4,1,float64,3,1,1,500
0.01,8,1.0,7305801149661.333,0.31622776601683794,0.03858242537879851,A_alpha,REAL,1000214436626017.2,500,5.236067977499788,0.059414218693800966,15,6,1,float64,4,1,1,500
0.01,8,1.0,3524388.1878746576,0.31622776601683794,0.05449538250299351,A_alpha,REAL,373933186.8561637,500,3.7071067811865483,0.03051058615769808,8,5,1,float64,5,1,1,500
0.01,8,1.0,7699030.54513067,0.31622776601683794,0.05449538250299351,A_alpha,REAL,916753507.2801558,500,3.7071067811865483,0.031861927687498674,9,6,1,float64,6,1,1,500
0.01,8,1.0,99986780.35628307,0.31622776601683794,0.05449538250299351,A_alpha,REAL,10693881275.90193,500,3.707106781186549,0.036292951539531035,13,7,1,float64,7,1,1,500
0.01,8,1.0,193684.6994698245,0.31622776601683794,0.03944689815669394,A_alpha,REAL,22123921.33704768,500,5.121320343559643,0.027411204005030835,6,4,1,float64,8,1,1,500
0.01,8,1.0,29629.211091155983,0.31622776601683794,0.05449538250299353,A_alpha,REAL,2755234.715074633,500,3.707106781186547,0.02108211698660113,6,5,1,float64,9,1,1,500
0.01,8,1.0,1436613.344086078,0.31622776601683794,0.044098249259232634,A_alpha,REAL,147355507.74749917,500,4.581138830084191,0.02995025417473805,6,4,1,float64,10,1,1,500
0.01,8,1.0,0.002996263785499988,0.31622776601683794,0.050505050505050504,A_alpha,BARAJADO,743.8543592119258,500,4.0,-0.012363052831264248,28,8,0,float64,1,1,1,500
0.01,8,1.0,0.00022768349466737703,0.31622776601683794,0.04576584235575484,A_alpha,BARAJADO,505.7819677739009,500,4.414213562373094,-0.014541300585019123,6,4,0,float64,2,1,1,500
0.01,8,1.0,0.0016734391228761952,0.31622776601683794,0.04409824925923263,A_alpha,BARAJADO,726.9708770533103,500,4.581138830084192,-0.012927403449455269,21,7,0,float64,3,1,1,500
0.01,8,1.0,314442.25975575176,0.31622776601683794,0.03858242537879851,A_alpha,BARAJADO,106901533.88334297,500,5.236067977499788,0.02429421227963695,28,8,1,float64,4,1,1,500
0.01,8,1.0,0.007932218806928227,0.31622776601683794,0.05449538250299351,A_alpha,BARAJADO,872.8457525186357,500,3.7071067811865483,-0.010614448268822518,28,8,0,float64,5,1,1,500
0.01,8,1.0,0.6902717123151817,0.31622776601683794,0.05449538250299351,A_alpha,BARAJADO,3584.0167681811295,500,3.7071067811865483,-0.001474267366834769,28,8,0,float64,6,1,1,500
0.01,8,1.0,57.42366236191991,0.31622776601683794,0.05449538250299351,A_alpha,BARAJADO,57788.15353185473,500,3.707106781186549,0.007258016264816302,28,8,1,float64,7,1,1,500
0.01,8,1.0,9.909358909545548e-07,0.31622776601683794,0.03944689815669394,A_alpha,BARAJADO,520.0853226771795,862,5.121320343559643,-0.014394053895229204,0,0,0,float64,8,0,0,474
0.01,8,1.0,0.0005916766939987064,0.31622776601683794,0.05449538250299353,A_alpha,BARAJADO,529.6114588078415,500,3.707106781186547,-0.012643045465913097,10,5,0,float64,9,1,1,500
0.01,8,1.0,0.00024120752361981145,0.31622776601683794,0.044098249259232634,A_alpha,BARAJADO,565.1810785335216,500,4.581138830084191,-0.014189985822063282,21,7,0,float64,10,1,1,500
0.01,8,1.0,14702742244983.285,0.5623413251903491,0.050505050505050504,A_alpha,REAL,1366918430233766.5,500,4.0,0.060977802527871876,8,5,1,float64,1,1,1,500
0.01,8,1.0,401463703979.7866,0.5623413251903491,0.04576584235575484,A_alpha,REAL,39618386515154.266,500,4.414213562373094,0.055625603208235994,6,4,1,float64,2,1,1,500
0.01,8,1.0,2260599702675.397,0.5623413251903491,0.04409824925923263,A_alpha,REAL,202694316245253.6,500,4.581138830084192,0.06001107928041617,6,4,1,float64,3,1,1,500
0.01,8,1.0,8.299839641330592e+23,0.5623413251903491,0.03858242537879851,A_alpha,REAL,1.0604850713948682e+26,500,5.236067977499788,0.11032388846548853,15,6,1,float64,4,1,1,500
0.01,8,1.0,14585153156183.658,0.5623413251903491,0.05449538250299351,A_alpha,REAL,1355986088485491.5,500,3.7071067811865483,0.06097780252786314,8,5,1,float64,5,1,1,500
0.01,8,1.0,51790663788480.84,0.5623413251903491,0.05449538250299351,A_alpha,REAL,5446117850390566.0,500,3.7071067811865483,0.06330783429109182,9,6,1,float64,6,1,1,500
0.01,8,1.0,3324073146948228.0,0.5623413251903491,0.05449538250299351,A_alpha,REAL,3.172488926309451e+17,500,3.707106781186549,0.07093149595294296,17,7,1,float64,7,1,1,500
0.01,8,1.0,259902173140.79614,0.5623413251903491,0.03944689815669394,A_alpha,REAL,25648407774146.516,500,5.121320343559643,0.05562560320823603,6,4,1,float64,8,1,1,500
0.01,8,1.0,3908002741.5812216,0.5623413251903491,0.05449538250299353,A_alpha,REAL,300180946688.15625,500,3.707106781186547,0.04465953492369148,6,5,1,float64,9,1,1,500
0.01,8,1.0,4860375804668.413,0.5623413251903491,0.044098249259232634,A_alpha,REAL,435800530564052.0,500,4.581138830084191,0.06001107928041621,6,4,1,float64,10,1,1,500
0.01,8,1.0,0.002949069793218741,0.5623413251903491,0.050505050505050504,A_alpha,BARAJADO,1052.414439568842,500,4.0,-0.010463506964671944,3,3,0,float64,1,1,1,500
0.01,8,1.0,9.9202921731382e-07,0.5623413251903491,0.04576584235575484,A_alpha,BARAJADO,635.475484078569,989,4.414213562373094,-0.01180477735072693,0,0,0,float64,2,0,0,462
0.01,8,1.0,0.0017150870697221585,0.5623413251903491,0.04409824925923263,A_alpha,BARAJADO,1005.0028418147817,500,4.581138830084192,-0.011642065772022443,6,4,0,float64,3,1,1,500
0.01,8,1.0,122757320214.73026,0.5623413251903491,0.03858242537879851,A_alpha,BARAJADO,31732457098492.445,500,5.236067977499788,0.049483604543038115,28,8,1,float64,4,1,1,500
0.01,8,1.0,0.0082482915003729,0.5623413251903491,0.05449538250299351,A_alpha,BARAJADO,1355.553169654747,500,3.7071067811865483,-0.010282449698018876,15,6,0,float64,5,1,1,500
0.01,8,1.0,15.645514118519058,0.5623413251903491,0.05449538250299351,A_alpha,BARAJADO,35722.55880588642,500,3.7071067811865483,0.004643274428865741,28,8,1,float64,6,1,1,500
0.01,8,1.0,38325.027446065666,0.5623413251903491,0.05449538250299351,A_alpha,BARAJADO,25028399.568682216,500,3.707106781186549,0.019978770943938497,28,8,1,float64,7,1,1,500
0.01,8,1.0,9.995675531881896e-07,0.5623413251903491,0.03944689815669394,A_alpha,BARAJADO,628.9362024770548,876,5.121320343559643,-0.010981709974757487,0,0,0,float64,8,0,0,387
0.01,8,1.0,0.0004957799788490993,0.5623413251903491,0.05449538250299353,A_alpha,BARAJADO,682.088221285425,527,3.707106781186547,-0.011666047901679551,1,2,0,float64,9,1,1,500
0.01,8,1.0,0.00012801558601899823,0.5623413251903491,0.044098249259232634,A_alpha,BARAJADO,719.5154240693585,510,4.581138830084191,-0.014708126127459233,3,3,0,float64,10,1,1,500
0.01,8,1.0,2.870769258933637e+24,1.0,0.050505050505050504,A_alpha,REAL,2.4952736101360093e+26,500,4.0,0.11296494277063555,8,5,1,float64,1,1,1,500
0.01,8,1.0,1.2325724033118955e+22,1.0,0.04576584235575484,A_alpha,REAL,1.1299112344566659e+24,500,4.414213562373094,0.10391268225641541,6,4,1,float64,2,1,1,500
0.01,8,1.0,3.165236138322165e+23,1.0,0.04409824925923263,A_alpha,REAL,2.650516838093499e+25,500,4.581138830084192,0.11133238338694262,6,4,1,float64,3,1,1,500
0.01,8,1.0,1.938071515400597e+42,1.0,0.03858242537879851,A_alpha,REAL,2.3867516112039197e+44,500,5.236067977499788,0.19490927546038755,15,6,1,float64,4,1,1,500
0.01,8,1.0,2.8468576048401666e+24,1.0,0.05449538250299351,A_alpha,REAL,2.4744895923137788e+26,500,3.7071067811865483,0.11296494277063551,10,5,1,float64,5,1,1,500
0.01,8,1.0,2.245853017249943e+25,1.0,0.05449538250299351,A_alpha,REAL,2.2135413674565193e+27,500,3.7071067811865483,0.11689534014348127,15,6,1,float64,6,1,1,500
0.01,8,1.0,1.9310538303727128e+28,1.0,0.05449538250299351,A_alpha,REAL,1.7392057541033638e+30,500,3.707106781186549,0.12971160651954797,19,7,1,float64,7,1,1,500
0.01,8,1.0,7.98313270698101e+21,1.0,0.03944689815669394,A_alpha,REAL,7.31821620177376e+23,500,5.121320343559643,0.1039126822564154,6,4,1,float64,8,1,1,500
0.01,8,1.0,2.566173975518691e+18,1.0,0.05449538250299353,A_alpha,REAL,1.7983432920835156e+20,500,3.707106781186547,0.0852598439480732,7,5,1,float64,9,1,1,500
0.01,8,1.0,6.810748477892525e+23,1.0,0.044098249259232634,A_alpha,REAL,5.703209091452763e+25,500,4.581138830084191,0.11133238338694244,6,4,1,float64,10,1,1,500
0.01,8,1.0,0.002543980353346172,1.0,0.050505050505050504,A_alpha,BARAJADO,1310.9819062613753,500,4.0,-0.00957111264370047,3,3,0,float64,1,1,1,500
0.01,8,1.0,9.924495111891543e-07,1.0,0.04576584235575484,A_alpha,BARAJADO,740.0444705978315,837,4.414213562373094,-0.011619241984859202,0,0,0,float64,2,0,0,395
0.01,8,1.0,0.0026353355827700184,1.0,0.04409824925923263,A_alpha,BARAJADO,1265.4770008356122,514,4.581138830084192,-0.012924101860031562,1,2,0,float64,3,1,1,500
0.01,8,1.0,2.1694361178068088e+20,1.0,0.03858242537879851,A_alpha,BARAJADO,4.624318305619154e+22,500,5.236067977499788,0.09116940873294764,28,8,1,float64,4,1,1,500
0.01,8,1.0,0.0057813100664956445,1.0,0.05449538250299351,A_alpha,BARAJADO,1738.8627967437628,500,3.7071067811865483,-0.010648955759742286,3,3,0,float64,5,1,1,500
0.01,8,1.0,847.1131699011694,1.0,0.05449538250299351,A_alpha,BARAJADO,1145549.5985793024,500,3.7071067811865483,0.005436203593679329,15,6,1,float64,6,1,1,500
0.01,8,1.0,527189627.0538807,1.0,0.05449538250299351,A_alpha,BARAJADO,246375913411.09244,500,3.707106781186549,0.03523867395838854,21,7,1,float64,7,1,1,500
0.01,8,1.0,9.946431614007914e-07,1.0,0.03944689815669394,A_alpha,BARAJADO,712.6400278209829,715,5.121320343559643,-0.011040000172718596,0,0,0,float64,8,0,0,297
0.01,8,1.0,9.990649215384491e-07,1.0,0.05449538250299353,A_alpha,BARAJADO,802.2467502850825,1179,3.707106781186547,-0.010050335853501452,0,0,0,float64,9,0,0,306
0.01,8,1.0,9.9821125765334e-07,1.0,0.044098249259232634,A_alpha,BARAJADO,843.0558306293663,1024,4.581138830084191,-0.010547307824999679,0,0,0,float64,10,0,0,378
0.01,8,1.0,1.54760416409827e+43,1.7782794100389228,0.050505050505050504,A_alpha,REAL,1.2976881601994121e+45,500,4.0,0.19922128101586614,8,5,1,float64,1,1,1,500
0.01,8,1.0,3.763205088301591e+39,1.7782794100389228,0.04576584235575484,A_alpha,REAL,3.3171873172775077e+41,500,4.414213562373094,0.1844116546298565,6,4,1,float64,2,1,1,500
0.01,8,1.0,1.0194810244795382e+42,1.7782794100389228,0.04409824925923263,A_alpha,REAL,8.231073102269304e+43,500,4.581138830084192,0.1965566789469491,6,4,1,float64,3,1,1,500
0.01,8,1.0,3.5057015199501986e+71,1.7782794100389228,0.03858242537879851,A_alpha,REAL,4.231249448206395e+73,500,5.236067977499788,0.32964169474480387,15,6,1,float64,4,1,1,500
0.01,8,1.0,1.5374030139412267e+43,1.7782794100389228,0.05449538250299351,A_alpha,REAL,1.2891343503258614e+45,500,3.7071067811865483,0.1992212810158663,10,5,1,float64,5,1,1,500
0.01,8,1.0,4.1625000611695166e+44,1.7782794100389228,0.05449538250299351,A_alpha,REAL,3.9627499750245626e+46,500,3.7071067811865483,0.20562508827980985,15,6,1,float64,6,1,1,500
0.01,8,1.0,1.908757986322511e+49,1.7782794100389228,0.05449538250299351,A_alpha,REAL,1.6664624831116366e+51,500,3.707106781186549,0.22639784426679063,19,7,1,float64,7,1,1,500
0.01,8,1.0,2.411633543659428e+39,1.7782794100389228,0.03944689815669394,A_alpha,REAL,2.1258050032448687e+41,500,5.121320343559643,0.1844116546298565,6,4,1,float64,8,1,1,500
0.01,8,1.0,1.7968908697717458e+33,1.7782794100389228,0.05449538250299353,A_alpha,REAL,1.2002161090435452e+35,500,3.707106781186547,0.15362167843971103,9,5,1,float64,9,1,1,500
0.01,8,1.0,2.1993603078941996e+42,1.7782794100389228,0.044098249259232634,A_alpha,REAL,1.7757167654737478e+44,500,4.581138830084191,0.1965566789469491,6,4,1,float64,10,1,1,500
0.01,8,1.0,9.950777477390403e-07,1.7782794100389228,0.050505050505050504,A_alpha,BARAJADO,1801.7534213860931,1194,4.0,-0.013327989527521738,0,0,0,float64,1,0,0,491
0.01,8,1.0,9.915322966244268e-07,1.7782794100389228,0.04576584235575484,A_alpha,BARAJADO,834.4600146913737,1053,4.414213562373094,-0.010050335853501452,0,0,0,float64,2,0,0,207
0.01,8,1.0,0.0011036110301719663,1.7782794100389228,0.04409824925923263,A_alpha,BARAJADO,1606.5539136170737,592,4.581138830084192,-0.0130250074318417,1,2,0,float64,3,1,1,500
0.01,8,1.0,1.9961086979546334e+24,1.7782794100389228,0.03858242537879851,A_alpha,BARAJADO,3.1248106453160584e+26,500,5.236067977499788,0.09254262820383127,10,5,1,float64,4,1,1,500
0.01,8,1.0,0.0015834709739228157,1.7782794100389228,0.05449538250299351,A_alpha,BARAJADO,2103.2450653689793,500,3.7071067811865483,-0.011747619295660103,3,3,0,float64,5,1,1,500
0.01,8,1.0,211.26789472893586,1.7782794100389228,0.05449538250299351,A_alpha,BARAJADO,357572.50864316575,500,3.7071067811865483,0.008952943547717602,10,5,1,float64,6,1,1,500
0.01,8,1.0,6657657991493.844,1.7782794100389228,0.05449538250299351,A_alpha,BARAJADO,2338171596914801.0,500,3.707106781186549,0.030008744725679125,10,5,1,float64,7,1,1,500
0.01,8,1.0,9.965101682212634e-07,1.7782794100389228,0.03944689815669394,A_alpha,BARAJADO,768.5469182649443,966,5.121320343559643,-0.010050335853501452,0,0,0,float64,8,0,0,141
0.01,8,1.0,9.967898792296513e-07,1.7782794100389228,0.05449538250299353,A_alpha,BARAJADO,875.3600053842133,1222,3.707106781186547,-0.010050335853501452,0,0,0,float64,9,0,0,130
0.01,8,1.0,9.905930716868919e-07,1.7782794100389228,0.044098249259232634,A_alpha,BARAJADO,913.4371590259309,1114,4.581138830084191,-0.010050335853501452,0,0,0,float64,10,0,0,183
0.01,8,1.0,9.232565193862321e+72,3.1622776601683795,0.050505050505050504,A_alpha,REAL,7.590936322236651e+74,500,4.0,0.336335116228622,8,5,1,float64,1,1,1,500
0.01,8,1.0,3.597181852529101e+67,3.1622776601683795,0.04576584235575484,A_alpha,REAL,3.103763884805453e+69,500,4.414213562373094,0.3132792567334112,6,4,1,float64,2,1,1,500
0.01,8,1.0,2.9203232690499064e+71,3.1622776601683795,0.04409824925923263,A_alpha,REAL,2.31123637542427e+73,500,4.581138830084192,0.33220080142999,6,4,1,float64,3,1,1,500
0.01,8,1.0,2.914870050852887e+115,3.1622776601683795,0.03858242537879851,A_alpha,REAL,3.479142144329237e+117,500,5.236067977499788,0.5318905404498624,15,6,1,float64,4,1,1,500
0.01,8,1.0,9.19009966063091e+72,3.1622776601683795,0.05449538250299351,A_alpha,REAL,7.556021523166097e+74,500,3.7071067811865483,0.3363351162286223,10,5,1,float64,5,1,1,500
0.01,8,1.0,1.4275429000279591e+75,3.1622776601683795,0.05449538250299351,A_alpha,REAL,1.3334739942648196e+77,500,3.7071067811865483,0.3462463519796887,15,6,1,float64,6,1,1,500
0.01,8,1.0,1.722362559026894e+82,3.1622776601683795,0.05449538250299351,A_alpha,REAL,1.4782638819030655e+84,500,3.707106781186549,0.3781612146551996,19,7,1,float64,7,1,1,500
0.01,8,1.0,2.3100351753008002e+67,3.1622776601683795,0.03944689815669394,A_alpha,REAL,1.993172445448629e+69,500,5.121320343559643,0.3132792567334112,6,4,1,float64,8,1,1,500
0.01,8,1.0,2.4094541188805486e+57,3.1622776601683795,0.05449538250299353,A_alpha,REAL,1.5680428303764342e+59,500,3.707106781186547,0.26471955655484386,9,5,1,float64,9,1,1,500
0.01,8,1.0,6.29925729139627e+71,3.1622776601683795,0.044098249259232634,A_alpha,REAL,4.9854318336367777e+73,500,4.581138830084191,0.33220080142999,6,4,1,float64,10,1,1,500
0.01,8,1.0,9.936164692892353e-07,3.1622776601683795,0.050505050505050504,A_alpha,BARAJADO,2683.140129987281,1460,4.0,-0.010050335853501452,0,0,0,float64,1,0,0,172
0.01,8,1.0,9.914433893593147e-07,3.1622776601683795,0.04576584235575484,A_alpha,BARAJADO,917.7159454619572,1106,4.414213562373094,-0.010050335853501452,0,0,0,float64,2,0,0,115
0.01,8,1.0,0.0001777910954030329,3.1622776601683795,0.04409824925923263,A_alpha,BARAJADO,1837.8568453828939,619,4.581138830084192,-0.019183985023697666,1,2,0,float64,3,1,1,500
0.01,8,1.0,6.109336177518715e+17,3.1622776601683795,0.03858242537879851,A_alpha,BARAJADO,1.5726610541244786e+20,500,5.236067977499788,0.07209459852028145,3,3,1,float64,4,1,1,500
0.01,8,1.0,9.992808863301915e-07,3.1622776601683795,0.05449538250299351,A_alpha,BARAJADO,2181.078905565276,1192,3.7071067811865483,-0.010050335853501452,0,0,0,float64,5,0,0,190
0.01,8,1.0,1.6373399622815008,3.1622776601683795,0.05449538250299351,A_alpha,BARAJADO,40751.5823545995,622,3.7071067811865483,-0.0030055814620412037,1,2,0,float64,6,1,1,500
0.01,8,1.0,5649999499146.445,3.1622776601683795,0.05449538250299351,A_alpha,BARAJADO,2703379163280039.0,500,3.707106781186549,0.014439952648815564,3,3,1,float64,7,1,1,500
0.01,8,1.0,9.979193032803303e-07,3.1622776601683795,0.03944689815669394,A_alpha,BARAJADO,803.3278875263973,1044,5.121320343559643,-0.010050335853501452,0,0,0,float64,8,0,0,83
0.01,8,1.0,9.954559709368297e-07,3.1622776601683795,0.05449538250299353,A_alpha,BARAJADO,876.6209810583618,1211,3.707106781186547,-0.010050335853501452,0,0,0,float64,9,0,0,76
0.01,8,1.0,9.99546767289947e-07,3.1622776601683795,0.044098249259232634,A_alpha,BARAJADO,907.7580861773253,1162,4.581138830084191,-0.010050335853501452,0,0,0,float64,10,0,0,92
0.01,8,1.0,3.458722260879425e+117,5.623413251903491,0.050505050505050504,A_alpha,REAL,2.8129394691563963e+119,500,4.0,0.5415991487875764,8,5,1,float64,1,1,1,500
0.01,8,1.0,6.959482499525631e+109,5.623413251903491,0.04576584235575484,A_alpha,REAL,5.934270535918053e+111,500,4.414213562373094,0.5080325066689972,6,4,1,float64,2,1,1,500
0.01,8,1.0,4.277001647988477e+115,5.623413251903491,0.04409824925923263,A_alpha,REAL,3.3477703969024193e+117,500,4.581138830084192,0.5356059066325419,6,4,1,float64,3,1,1,500
0.01,8,1.0,4.7644143378106336e+176,5.623413251903491,0.03858242537879851,A_alpha,REAL,5.651501902395798e+178,500,5.236067977499788,0.813769198522466,15,6,1,float64,4,1,1,500
0.01,8,1.0,3.4095352060306736e+117,5.623413251903491,0.05449538250299351,A_alpha,REAL,2.772936196988358e+119,500,3.7071067811865483,0.5415991487875764,10,5,1,float64,5,1,1,500
0.01,8,1.0,4.83935766456925e+120,5.623413251903491,0.05449538250299351,A_alpha,REAL,4.473148702693463e+122,500,3.7071067811865483,0.5559217833845052,15,6,1,float64,6,1,1,500
0.01,8,1.0,5.760787130011574e+130,5.623413251903491,0.05449538250299351,A_alpha,REAL,4.8977110117587564e+132,500,3.707106781186549,0.6016221055489198,19,7,1,float64,7,1,1,500
0.01,8,1.0,4.490632059865108e+109,5.623413251903491,0.03944689815669394,A_alpha,REAL,3.8291102136290905e+111,500,5.121320343559643,0.5080325066689972,6,4,1,float64,8,1,1,500
0.01,8,1.0,3.934325440392274e+94,5.623413251903491,0.05449538250299353,A_alpha,REAL,2.5239614792684915e+96,500,3.707106781186547,0.4361352097400004,9,5,1,float64,9,1,1,500
0.01,8,1.0,9.475118633213954e+115,5.623413251903491,0.044098249259232634,A_alpha,REAL,7.416532486568183e+117,500,4.581138830084191,0.5356059066325418,6,4,1,float64,10,1,1,500
0.01,8,1.0,9.980906786284856e-07,5.623413251903491,0.050505050505050504,A_alpha,BARAJADO,2203.0695587467876,1062,4.0,-0.010050335853501452,0,0,0,float64,1,0,0,270
0.01,8,1.0,9.958445403727397e-07,5.623413251903491,0.04576584235575484,A_alpha,BARAJADO,956.9543506200623,1110,4.414213562373094,-0.010050335853501452,0,0,0,float64,2,0,0,54
0.01,8,1.0,9.986908959325178e-07,5.623413251903491,0.04409824925923263,A_alpha,BARAJADO,2945.7789291872405,1101,4.581138830084192,-0.012514346272077809,0,0,0,float64,3,0,0,350
0.01,8,1.0,3.7526466222663224e+18,5.623413251903491,0.03858242537879851,A_alpha,BARAJADO,4.89516171608745e+20,542,5.236067977499788,0.05133022930694674,1,2,1,float64,4,1,1,500
0.01,8,1.0,9.95433200000504e-07,5.623413251903491,0.05449538250299351,A_alpha,BARAJADO,1868.865878397033,1418,3.7071067811865483,-0.010050335853501452,0,0,0,float64,5,0,0,70
0.01,8,1.0,0.14724417779781615,5.623413251903491,0.05449538250299351,A_alpha,BARAJADO,26471.190153789605,696,3.7071067811865483,-0.010636600876415252,1,2,0,float64,6,1,1,500
0.01,8,1.0,203076943.1632988,5.623413251903491,0.05449538250299351,A_alpha,BARAJADO,54017400664.31187,670,3.707106781186549,0.01883762927504692,1,2,1,float64,7,1,1,500
0.01,8,1.0,9.982892880962015e-07,5.623413251903491,0.03944689815669394,A_alpha,BARAJADO,803.9836110086386,986,5.121320343559643,-0.010050335853501452,0,0,0,float64,8,0,0,41
0.01,8,1.0,9.916704936628382e-07,5.623413251903491,0.05449538250299353,A_alpha,BARAJADO,742.5484438285317,1317,3.707106781186547,-0.010050335853501452,0,0,0,float64,9,0,0,22
0.01,8,1.0,9.966741508264502e-07,5.623413251903491,0.044098249259232634,A_alpha,BARAJADO,879.7204039785422,1267,4.581138830084191,-0.010050335853501452,0,0,0,float64,10,0,0,31
0.01,8,1.0,2.808289427497902e+179,10.0,0.050505050505050504,A_alpha,REAL,2.2701267322697944e+181,500,4.0,0.8267715545502162,8,5,1,float64,1,1,1,500
0.01,8,1.0,1.7693773862741514e+169,10.0,0.04576584235575484,A_alpha,REAL,1.4988190484584613e+171,500,4.414213562373094,0.7816321732078836,6,4,1,float64,2,1,1,500
0.01,8,1.0,1.1751737067142918e+177,10.0,0.04409824925923263,A_alpha,REAL,9.142053382529343e+178,500,4.581138830084192,0.8187501036604593,6,4,1,float64,3,1,1,500
0.01,8,1.0,2.323676532245336e+255,10.0,0.03858242537879851,A_alpha,REAL,2.7467543173851176e+257,500,5.236067977499788,1.1761926841419632,15,6,1,float64,4,1,1,500
0.01,8,1.0,2.837646906768378e+179,10.0,0.05449538250299351,A_alpha,REAL,2.2938583312394004e+181,500,3.7071067811865483,0.826771554550216,10,5,1,float64,5,1,1,500
0.01,8,1.0,4.22953452208343e+183,10.0,0.05449538250299351,A_alpha,REAL,3.8865958865139834e+185,500,3.7071067811865483,0.8458759313625519,15,6,1,float64,6,1,1,500
0.01,8,1.0,7.819109310519672e+196,10.0,0.05449538250299351,A_alpha,REAL,6.612580985723551e+198,500,3.707106781186549,0.9062403960206536,19,7,1,float64,7,1,1,500
0.01,8,1.0,1.0687558128697453e+169,10.0,0.03944689815669394,A_alpha,REAL,9.053306450654974e+170,500,5.121320343559643,0.7816321732078836,6,4,1,float64,8,1,1,500
0.01,8,1.0,1.627278431722614e+148,10.0,0.05449538250299353,A_alpha,REAL,1.0356464876177495e+150,500,3.707106781186547,0.6830968447064439,9,5,1,float64,9,1,1,500
0.01,8,1.0,2.9397051113597876e+177,10.0,0.044098249259232634,A_alpha,REAL,2.2868909424536145e+179,500,4.581138830084191,0.8187501036604593,6,4,1,float64,10,1,1,500
0.01,8,1.0,9.960544714392755e-07,10.0,0.050505050505050504,A_alpha,BARAJADO,6087.248501939976,1422,4.0,-0.010050335853501452,0,0,0,float64,1,0,0,57
0.01,8,1.0,9.901825218058086e-07,10.0,0.04576584235575484,A_alpha,BARAJADO,1028.2046387895043,1134,4.414213562373094,-0.010050335853501452,0,0,0,float64,2,0,0,28
0.01,8,1.0,9.91377664214991e-07,10.0,0.04409824925923263,A_alpha,BARAJADO,7269.18990406651,1324,4.581138830084192,-0.010050335853501452,0,0,0,float64,3,0,0,63
0.01,8,1.0,3.394924665326229e+27,10.0,0.03858242537879851,A_alpha,BARAJADO,2.4986911290463355e+29,525,5.236067977499788,0.08901750162760326,1,2,1,float64,4,1,1,500
0.01,8,1.0,9.975122653216204e-07,10.0,0.05449538250299351,A_alpha,BARAJADO,1443.8034589734623,1111,3.7071067811865483,-0.010050335853501452,0,0,0,float64,5,0,0,57
0.01,8,1.0,1.7472377639254248e-06,10.0,0.05449538250299351,A_alpha,BARAJADO,30702.659831774312,1500,3.7071067811865483,-0.010050335853501452,0,1,0,float64,6,1,0,135
0.01,8,1.0,8632.894385189593,10.0,0.05449538250299351,A_alpha,BARAJADO,4862584.545139849,674,3.707106781186549,0.019340541277454375,1,2,1,float64,7,1,1,500
0.01,8,1.0,9.972397196784841e-07,10.0,0.03944689815669394,A_alpha,BARAJADO,792.5441198972993,1170,5.121320343559643,-0.010050335853501452,0,0,0,float64,8,0,0,14
0.01,8,1.0,9.917095343791585e-07,10.0,0.05449538250299353,A_alpha,BARAJADO,726.3300413184533,1277,3.707106781186547,-0.010050335853501452,0,0,0,float64,9,0,0,11
0.01,8,1.0,9.9892255398888e-07,10.0,0.044098249259232634,A_alpha,BARAJADO,1172.1302767054065,1349,4.581138830084191,-0.010050335853501452,0,0,0,float64,10,0,0,14
0.01,8,1.0,9.963056005479228e-07,0.0,0.050505050505050504,A_alpha,ALFA_0,0.0,1375,4.0,-0.010050335853501452,0,0,0,float64,1,0,0,0
0.01,8,1.0,9.963056005479228e-07,0.0,0.04576584235575484,A_alpha,ALFA_0,0.0,1375,4.414213562373094,-0.010050335853501452,0,0,0,float64,2,0,0,0
0.01,8,1.0,9.963056005479228e-07,0.0,0.04409824925923263,A_alpha,ALFA_0,0.0,1375,4.581138830084192,-0.010050335853501452,0,0,0,float64,3,0,0,0
0.01,8,1.0,9.963056005479228e-07,0.0,0.03858242537879851,A_alpha,ALFA_0,0.0,1375,5.236067977499788,-0.010050335853501452,0,0,0,float64,4,0,0,0
0.01,8,1.0,9.963056005479228e-07,0.0,0.05449538250299351,A_alpha,ALFA_0,0.0,1375,3.7071067811865483,-0.010050335853501452,0,0,0,float64,5,0,0,0
0.01,8,1.0,9.963056005479228e-07,0.0,0.05449538250299351,A_alpha,ALFA_0,0.0,1375,3.7071067811865483,-0.010050335853501452,0,0,0,float64,6,0,0,0
0.01,8,1.0,9.963056005479228e-07,0.0,0.05449538250299351,A_alpha,ALFA_0,0.0,1375,3.707106781186549,-0.010050335853501452,0,0,0,float64,7,0,0,0
0.01,8,1.0,9.963056005479228e-07,0.0,0.03944689815669394,A_alpha,ALFA_0,0.0,1375,5.121320343559643,-0.010050335853501452,0,0,0,float64,8,0,0,0
0.01,8,1.0,9.963056005479228e-07,0.0,0.05449538250299353,A_alpha,ALFA_0,0.0,1375,3.707106781186547,-0.010050335853501452,0,0,0,float64,9,0,0,0
0.01,8,1.0,9.963056005479228e-07,0.0,0.044098249259232634,A_alpha,ALFA_0,0.0,1375,4.581138830084191,-0.010050335853501452,0,0,0,float64,10,0,0,0
0.01,8,1.0,9.964024805848155e-07,1e-06,0.050505050505050504,A_alpha,REAL,0.003291910183369806,1375,4.0,-0.010050348348788287,0,0,0,float80,1,0,0,0
0.01,8,1.0,9.96333978204806e-07,1e-06,0.04576584235575484,A_alpha,REAL,0.0033002734459087702,1375,4.414213562373094,-0.010050371207213703,0,0,0,float80,2,0,0,0
0.01,8,1.0,9.963824113660698e-07,1e-06,0.04409824925923263,A_alpha,REAL,0.003510702975820271,1375,4.581138830084192,-0.010050352901111366,0,0,0,float80,3,0,0,0
0.01,8,1.0,9.965796269437998e-07,1e-06,0.03858242537879851,A_alpha,REAL,0.003985133628379293,1375,5.236067977499788,-0.010050223342735462,0,0,0,float80,4,0,0,0
0.01,8,1.0,9.964225429462232e-07,1e-06,0.05449538250299351,A_alpha,REAL,0.0031519072122509133,1375,3.7071067811865483,-0.010050339509867872,0,0,0,float80,5,0,0,0
0.01,8,1.0,9.96291922677174e-07,1e-06,0.050505050505050504,A_alpha,BARAJADO,0.003291909088205369,1375,4.0,-0.01005034835350201,0,0,0,float80,1,0,0,0
0.01,8,1.0,9.962596096283826e-07,1e-06,0.04576584235575484,A_alpha,BARAJADO,0.0033002737295078142,1375,4.414213562373094,-0.010050371208841707,0,0,0,float80,2,0,0,0
0.01,8,1.0,9.962853310648744e-07,1e-06,0.04409824925923263,A_alpha,BARAJADO,0.0035107019961081835,1375,4.581138830084192,-0.010050352903014122,0,0,0,float80,3,0,0,0
0.01,8,1.0,9.964701803953958e-07,1e-06,0.03858242537879851,A_alpha,BARAJADO,0.003985127566222605,1375,5.236067977499788,-0.010050223353504188,0,0,0,float80,4,0,0,0
0.01,8,1.0,9.96304693541736e-07,1e-06,0.05449538250299351,A_alpha,BARAJADO,0.003151904995477259,1375,3.7071067811865483,-0.010050339514663564,0,0,0,float80,5,0,0,0
0.01,8,1.0,9.96612044541406e-07,3.162277660168379e-06,0.050505050505050504,A_alpha,REAL,0.010409913778104105,1375,4.0,-0.010050375334835144,0,0,0,float80,1,0,0,4
0.01,8,1.0,9.963953774266054e-07,3.162277660168379e-06,0.04576584235575484,A_alpha,REAL,0.010436300066795147,1375,4.414213562373094,-0.010050447640630176,0,0,0,float80,2,0,0,5
0.01,8,1.0,9.9654853084067e-07,3.162277660168379e-06,0.04409824925923263,A_alpha,REAL,0.011101783731716587,1375,4.581138830084192,-0.010050389749764575,0,0,0,float80,3,0,0,11
0.01,8,1.0,9.97172437814657e-07,3.162277660168379e-06,0.03858242537879851,A_alpha,REAL,0.012602444086390018,1375,5.236067977499788,-0.010049979989604002,0,0,0,float80,4,0,0,24
0.01,8,1.0,9.966754896543565e-07,3.162277660168379e-06,0.05449538250299351,A_alpha,REAL,0.009967213080250763,1375,3.7071067811865483,-0.010050347383130185,0,0,0,float80,5,0,0,0
0.01,8,1.0,9.962623479359144e-07,3.162277660168379e-06,0.050505050505050504,A_alpha,BARAJADO,0.010409902824004008,1375,4.0,-0.010050375381977885,0,0,0,float80,1,0,0,4
0.01,8,1.0,9.961601719294585e-07,3.162277660168379e-06,0.04576584235575484,A_alpha,BARAJADO,0.010436302901735367,1375,4.414213562373094,-0.010050447656912384,0,0,0,float80,2,0,0,5
0.01,8,1.0,9.962415043887776e-07,3.162277660168379e-06,0.04409824925923263,A_alpha,BARAJADO,0.011101773933465807,1375,4.581138830084192,-0.01005038976879311,0,0,0,float80,3,0,0,11
0.01,8,1.0,9.968261374612325e-07,3.162277660168379e-06,0.03858242537879851,A_alpha,BARAJADO,0.012602383453438589,1375,5.236067977499788,-0.010049980097292143,0,0,0,float80,4,0,0,24
0.01,8,1.0,9.963027323938314e-07,3.162277660168379e-06,0.05449538250299351,A_alpha,BARAJADO,0.009967190910031174,1375,3.7071067811865483,-0.010050347431091336,0,0,0,float80,5,0,0,0
0.01,8,1.0,9.9727548625601e-07,1e-05,0.050505050505050504,A_alpha,REAL,0.03291883531680816,1375,4.0,-0.010050460381957133,0,0,0,float80,1,0,0,119
0.01,8,1.0,9.965898886284382e-07,1e-05,0.04576584235575484,A_alpha,REAL,0.03300166937417233,1375,4.414213562373094,-0.010050689244122193,0,0,0,float80,2,0,0,119
0.01,8,1.0,9.970741453106613e-07,1e-05,0.04409824925923263,A_alpha,REAL,0.035106584118852396,1375,4.581138830084192,-0.010050506158293584,0,0,0,float80,3,0,0,125
0.01,8,1.0,9.990496806925751e-07,1e-05,0.03858242537879851,A_alpha,REAL,0.039855878431021445,1375,5.236067977499788,-0.010049209776866932,0,0,0,float80,4,0,0,138
0.01,8,1.0,9.974761408676906e-07,1e-05,0.05449538250299351,A_alpha,REAL,0.03151916848842675,1375,3.7071067811865483,-0.010050371985096746,0,0,0,float80,5,0,0,115
0.01,8,1.0,9.961688299102013e-07,1e-05,0.050505050505050504,A_alpha,BARAJADO,0.032918725698148577,1375,4.0,-0.010050460853558318,0,0,0,float80,1,0,0,119
0.01,8,1.0,9.958457892558372e-07,1e-05,0.04576584235575484,A_alpha,BARAJADO,0.03300169769036465,1375,4.414213562373094,-0.010050689407012694,0,0,0,float80,2,0,0,119
0.01,8,1.0,9.961029264377211e-07,1e-05,0.04409824925923263,A_alpha,BARAJADO,0.03510648610061442,1375,4.581138830084192,-0.010050506348609876,0,0,0,float80,3,0,0,125
0.01,8,1.0,9.979525806045242e-07,1e-05,0.03858242537879851,A_alpha,BARAJADO,0.03985527174139362,1375,5.236067977499788,-0.01004921085377668,0,0,0,float80,4,0,0,138
0.01,8,1.0,9.962965311616506e-07,1e-05,0.05449538250299351,A_alpha,BARAJADO,0.03151894670770658,1375,3.7071067811865483,-0.010050372464842406,0,0,0,float80,5,0,0,115
0.01,8,1.0,9.9938248463691e-07,3.1622776601683795e-05,0.050505050505050504,A_alpha,REAL,0.10409647483315479,1375,4.0,-0.01005072641726676,0,0,0,float80,1,0,0,234
0.01,8,1.0,9.972084907144154e-07,3.1622776601683795e-05,0.04576584235575484,A_alpha,REAL,0.10435235171868057,1375,4.414213562373094,-0.010051452257624511,0,0,0,float80,2,0,0,234
0.01,8,1.0,9.987408460406138e-07,3.1622776601683795e-05,0.04409824925923263,A_alpha,REAL,0.11101338205136413,1375,4.581138830084192,-0.010050873102092914,0,0,0,float80,3,0,0,240
0.01,8,1.0,9.949706176551874e-07,3.1622776601683795e-05,0.03858242537879851,A_alpha,REAL,0.12606988473617506,1376,5.236067977499788,-0.010046767523923052,0,0,0,float80,4,0,0,253
0.01,8,1.0,9.900181832674179e-07,3.1622776601683795e-05,0.05449538250299351,A_alpha,REAL,0.09967309677647299,1376,3.7071067811865483,-0.010050446824899186,0,0,0,float80,5,0,0,229
0.01,8,1.0,9.958731551179555e-07,3.1622776601683795e-05,0.050505050505050504,A_alpha,BARAJADO,0.10409537649170106,1375,4.0,-0.01005073113877736,0,0,0,float80,1,0,0,234
0.01,8,1.0,9.94852293025982e-07,3.1622776601683795e-05,0.04576584235575484,A_alpha,BARAJADO,0.10435263383051668,1375,4.414213562373094,-0.010051453888696571,0,0,0,float80,2,0,0,234
0.01,8,1.0,9.956648461223611e-07,3.1622776601683795e-05,0.04409824925923263,A_alpha,BARAJADO,0.11101240093632751,1375,4.581138830084192,-0.010050875006234276,0,0,0,float80,3,0,0,240
0.01,8,1.0,9.915138419032938e-07,3.1622776601683795e-05,0.03858242537879851,A_alpha,BARAJADO,0.12606380713762233,1376,5.236067977499788,-0.010046778293902166,0,0,0,float80,4,0,0,253
0.01,8,1.0,9.962769257638767e-07,3.1622776601683795e-05,0.05449538250299351,A_alpha,BARAJADO,0.0996708766184659,1375,3.7071067811865483,-0.010050451626597647,0,0,0,float80,5,0,0,229
0.01,8,1.0,9.960814030577461e-07,0.0001,0.050505050505050504,A_alpha,REAL,0.3291618039035166,1376,4.0,-0.010051538469903469,0,0,0,float80,1,0,0,348
0.01,8,1.0,9.99219683708528e-07,0.0001,0.04576584235575484,A_alpha,REAL,0.3299102612066541,1375,4.414213562373094,-0.010053855019959241,0,0,0,float80,2,0,0,348
0.01,8,1.0,9.940043564206303e-07,0.0001,0.04409824925923263,A_alpha,REAL,0.35102133114921297,1376,4.581138830084192,-0.010052021730361843,0,0,0,float80,3,0,0,355
0.01,8,1.0,9.937878063248498e-07,0.0001,0.03858242537879851,A_alpha,REAL,0.39901391312804463,1378,5.236067977499788,-0.010038978155427121,0,0,0,float80,4,0,0,368
0.01,8,1.0,9.980716164312268e-07,0.0001,0.05449538250299351,A_alpha,REAL,0.3152014218050131,1376,3.7071067811865483,-0.010050653787712084,0,0,0,float80,5,0,0,344
0.01,8,1.0,9.949387008040547e-07,0.0001,0.050505050505050504,A_alpha,BARAJADO,0.32915074236640507,1375,4.0,-0.010051585859173286,0,0,0,float80,1,0,0,348
0.01,8,1.0,9.917172625223537e-07,0.0001,0.04576584235575484,A_alpha,BARAJADO,0.3299130522317077,1375,4.414213562373094,-0.010053871399464726,0,0,0,float80,2,0,0,348
0.01,8,1.0,9.942809299074644e-07,0.0001,0.04409824925923263,A_alpha,BARAJADO,0.35101148354703177,1375,4.581138830084192,-0.010052040802738497,0,0,0,float80,3,0,0,354
0.01,8,1.0,9.927772635156663e-07,0.0001,0.03858242537879851,A_alpha,BARAJADO,0.39895277280530433,1377,5.236067977499788,-0.010039085881691232,0,0,0,float80,4,0,0,368
0.01,8,1.0,9.962149742530968e-07,0.0001,0.05449538250299351,A_alpha,BARAJADO,0.31517914190490787,1375,3.7071067811865483,-0.010050701938876368,0,0,0,float80,5,0,0,344
0.01,8,1.0,9.978944917537895e-07,0.00031622776601683794,0.050505050505050504,A_alpha,REAL,1.0407017818112154,1378,4.0,-0.010053809329450525,0,0,0,float80,1,0,0,463
0.01,8,1.0,9.959427577388114e-07,0.00031622776601683794,0.04576584235575484,A_alpha,REAL,1.042461091654643,1376,4.414213562373094,-0.010061350317688733,0,0,0,float80,2,0,0,462
0.01,8,1.0,9.908632975493765e-07,0.00031622776601683794,0.04409824925923263,A_alpha,REAL,1.1096900449314049,1378,4.581138830084192,-0.010055535656980016,0,0,0,float80,3,0,0,469
0.01,8,1.0,9.93987491718751e-07,0.00031622776601683794,0.03858242537879851,A_alpha,REAL,1.265272149976739,1384,5.236067977499788,-0.010013682568976483,0,0,0,float80,4,0,0,484
0.01,8,1.0,9.940612707721517e-07,0.00031622776601683794,0.05449538250299351,A_alpha,REAL,0.9968307858666751,1379,3.7071067811865483,-0.010051007545745994,0,0,0,float80,5,0,0,458
0.01,8,1.0,9.919892040913896e-07,0.00031622776601683794,0.050505050505050504,A_alpha,BARAJADO,1.0405887094442117,1375,4.0,-0.010054288756910017,0,0,0,float80,1,0,0,463
0.01,8,1.0,9.91794272530765e-07,0.00031622776601683794,0.04576584235575484,A_alpha,BARAJADO,1.0424879404122935,1374,4.414213562373094,-0.010061516313758557,0,0,0,float80,2,0,0,462
0.01,8,1.0,9.999198205286551e-07,0.00031622776601683794,0.04409824925923263,A_alpha,BARAJADO,1.1095904298985757,1374,4.581138830084192,-0.010055727362080658,0,0,0,float80,3,0,0,469
0.01,8,1.0,9.984531990657348e-07,0.00031622776601683794,0.03858242537879851,A_alpha,BARAJADO,1.2646491913172762,1380,5.236067977499788,-0.01001476052755299,0,0,0,float80,4,0,0,483
0.01,8,1.0,9.960195283318935e-07,0.00031622776601683794,0.05449538250299351,A_alpha,BARAJADO,0.9966055032804606,1375,3.7071067811865483,-0.010051493303887372,0,0,0,float80,5,0,0,458
0.01,8,1.0,0.006813564222858964,0.001,0.050505050505050504,A_alpha,REAL,3.2675455125848103,500,4.0,-0.010057864577240566,0,8,0,float80,1,1,1,500
0.01,8,1.0,0.006643564239109626,0.001,0.04576584235575484,A_alpha,REAL,3.2673167379234513,500,4.414213562373094,-0.010083960178103722,0,8,0,float80,2,1,1,500
0.01,8,1.0,0.006758969253958711,0.001,0.04409824925923263,A_alpha,REAL,3.482943111940538,500,4.581138830084192,-0.010065436849355592,0,8,0,float80,3,1,1,500
0.01,8,1.0,0.007265925827693669,0.001,0.03858242537879851,A_alpha,REAL,5.008264960681159,500,5.236067977499788,-0.009927051930285641,10,8,0,float80,4,1,1,500
0.01,8,1.0,0.006861970503335111,0.001,0.05449538250299351,A_alpha,REAL,3.1323272627310472,500,3.7071067811865483,-0.01004900188334511,0,8,0,float80,5,1,1,500
0.01,8,1.0,0.006547016329841592,0.001,0.050505050505050504,A_alpha,BARAJADO,3.2663950398054062,500,4.0,-0.010062836404617151,0,8,0,float80,1,1,1,500
0.01,8,1.0,0.006462623073477984,0.001,0.04576584235575484,A_alpha,BARAJADO,3.267546909008834,500,4.414213562373094,-0.010085692389742013,0,8,0,float80,2,1,1,500
0.01,8,1.0,0.006532764582151016,0.001,0.04409824925923263,A_alpha,BARAJADO,3.481956323381327,500,4.581138830084192,-0.010067385149609689,0,8,0,float80,3,1,1,500
0.01,8,1.0,0.006987656396507189,0.001,0.03858242537879851,A_alpha,BARAJADO,4.001971342407087,500,5.236067977499788,-0.009937839315795836,0,8,0,float80,4,1,1,500
0.01,8,1.0,0.006575694393930502,0.001,0.05449538250299351,A_alpha,BARAJADO,3.130097224030753,500,3.7071067811865483,-0.010053993894236042,0,8,0,float80,5,1,1,500
0.01,8,1.0,0.007419536594308093,0.0031622776601683794,0.050505050505050504,A_alpha,REAL,13.31639256613243,500,4.0,-0.010034359314004489,10,8,0,float80,1,1,1,500
0.01,8,1.0,0.006838262353559403,0.0031622776601683794,0.04576584235575484,A_alpha,REAL,12.256644974170232,500,4.414213562373094,-0.010142259216897279,8,8,0,float80,2,1,1,500
0.01,8,1.0,0.007197566007319655,0.0031622776601683794,0.04409824925923263,A_alpha,REAL,12.983055210964864,500,4.581138830084192,-0.010083756722803497,9,8,0,float80,3,1,1,500
0.01,8,1.0,0.009068263975285866,0.0031622776601683794,0.03858242537879851,A_alpha,REAL,16.03364590253809,500,5.236067977499788,-0.009587914693661699,16,8,0,float80,4,1,1,500
0.01,8,1.0,0.007574456132620058,0.0031622776601683794,0.05449538250299351,A_alpha,REAL,12.915202876897167,500,3.7071067811865483,-0.010007764097824848,10,8,0,float80,5,1,1,500
0.01,8,1.0,0.00649668721036617,0.0031622776601683794,0.050505050505050504,A_alpha,BARAJADO,12.302714971756224,500,4.0,-0.010089869444944626,2,8,0,float80,1,1,1,500
0.01,8,1.0,0.0062356533512262155,0.0031622776601683794,0.04576584235575484,A_alpha,BARAJADO,10.258037123510611,500,4.414213562373094,-0.010162151011259451,0,8,0,float80,2,1,1,500
0.01,8,1.0,0.006452050723598993,0.0031622776601683794,0.04409824925923263,A_alpha,BARAJADO,13.97220052004789,500,4.581138830084192,-0.010104248694679416,3,8,0,float80,3,1,1,500
0.01,8,1.0,0.007978284798494772,0.0031622776601683794,0.03858242537879851,A_alpha,BARAJADO,34.95954059925524,500,5.236067977499788,-0.009694628129548365,28,8,0,float80,4,1,1,500
0.01,8,1.0,0.0065869579749926275,0.0031622776601683794,0.05449538250299351,A_alpha,BARAJADO,9.890686110047726,500,3.7071067811865483,-0.010061881997240256,0,8,0,float80,5,1,1,500
0.01,8,1.0,0.010302824284251616,0.01,0.050505050505050504,A_alpha,REAL,34.524050038257776,500,4.0,-0.009455124156205223,10,8,0,float80,1,1,1,500
0.01,8,1.0,0.00786427920960455,0.01,0.04576584235575484,A_alpha,REAL,33.725511166198295,500,4.414213562373094,-0.010090960158788503,8,8,0,float80,2,1,1,500
0.01,8,1.0,0.008919758187301098,0.01,0.04409824925923263,A_alpha,REAL,36.45955962628058,500,4.581138830084192,-0.009982106655360125,9,8,0,float80,3,1,1,500
0.01,8,1.0,0.018886066502232755,0.01,0.03858242537879851,A_alpha,REAL,47.525555372706414,500,5.236067977499788,-0.00801083675968357,16,8,0,float80,4,1,1,500
0.01,8,1.0,0.010798331718542246,0.01,0.05449538250299351,A_alpha,REAL,33.51962805442944,500,3.7071067811865483,-0.0094423041474808,10,8,0,float80,5,1,1,500
0.01,8,1.0,0.006341186364645592,0.01,0.050505050505050504,A_alpha,BARAJADO,55.31693619163884,500,4.0,-0.010175374292164079,28,8,0,float80,1,1,1,500
0.01,8,1.0,0.00557107839545302,0.01,0.04576584235575484,A_alpha,BARAJADO,55.71103158006081,500,4.414213562373094,-0.010403999350557237,28,8,0,float80,2,1,1,500
0.01,8,1.0,0.006204247674385101,0.01,0.04409824925923263,A_alpha,BARAJADO,56.315105643968145,500,4.581138830084192,-0.010220796969700265,28,8,0,float80,3,1,1,500
0.01,8,1.0,0.01208063724110751,0.01,0.03858242537879851,A_alpha,BARAJADO,62.327912910079625,500,5.236067977499788,-0.008926144952191864,28,8,0,float80,4,1,1,500
0.01,8,1.0,0.006622530018769212,0.01,0.05449538250299351,A_alpha,BARAJADO,52.20125573832421,500,3.7071067811865483,-0.010086625327089475,28,8,0,float80,5,1,1,500
0.01,8,1.0,0.016565529700052723,0.01778279410038923,0.050505050505050504,A_alpha,REAL,60.863261641280154,500,4.0,-0.008085167511830462,9,7,0,float80,1,1,1,500
0.01,8,1.0,0.010179261297454879,0.01778279410038923,0.04576584235575484,A_alpha,REAL,57.13460537756603,500,4.414213562373094,-0.009203982468298686,8,8,0,float80,2,1,1,500
0.01,8,1.0,0.011735468532592419,0.01778279410038923,0.04409824925923263,A_alpha,REAL,62.85181445934565,500,4.581138830084192,-0.009502002339158322,9,8,0,float80,3,1,1,500
0.01,8,1.0,0.045479933021632384,0.01778279410038923,0.03858242537879851,A_alpha,REAL,96.19617734534175,500,5.236067977499788,-0.006106708558912289,15,7,0,float80,4,1,1,500
0.01,8,1.0,0.01733599813111744,0.01778279410038923,0.05449538250299351,A_alpha,REAL,58.62350580049891,500,3.7071067811865483,-0.008140210182767506,10,8,0,float80,5,1,1,500
0.01,8,1.0,0.006170772143697703,0.01778279410038923,0.050505050505050504,A_alpha,BARAJADO,72.94320299528835,500,4.0,-0.01027269380662617,28,8,0,float80,1,1,1,500
0.01,8,1.0,0.004903989398115253,0.01778279410038923,0.04576584235575484,A_alpha,BARAJADO,74.98330295384939,500,4.414213562373094,-0.010679368783281056,28,8,0,float80,2,1,1,500
0.01,8,1.0,0.005935466152338921,0.01778279410038923,0.04409824925923263,A_alpha,BARAJADO,79.26491550705192,500,4.581138830084192,-0.010353379099732092,28,8,0,float80,3,1,1,500
0.01,8,1.0,0.019235759215816644,0.01778279410038923,0.03858242537879851,A_alpha,BARAJADO,98.78178373634181,500,5.236067977499788,-0.008053039395146361,28,8,0,float80,4,1,1,500
0.01,8,1.0,0.006662922427275912,0.01778279410038923,0.05449538250299351,A_alpha,BARAJADO,74.32995374117313,500,3.7071067811865483,-0.010114395776904291,28,8,0,float80,5,1,1,500
0.01,8,1.0,0.021074704972553003,0.021321725740479826,0.050505050505050504,A_alpha,REAL,72.52018117658584,500,4.0,-0.007506131754546479,9,7,0,float80,1,1,1,500
0.01,8,1.0,0.011877465826438165,0.021321725740479826,0.04576584235575484,A_alpha,REAL,67.46880329483552,500,4.414213562373094,-0.008648770546901597,8,8,0,float80,2,1,1,500
0.01,8,1.0,0.013444732579560545,0.021321725740479826,0.04409824925923263,A_alpha,REAL,74.7787357552022,500,4.581138830084192,-0.00920802504803385,9,8,0,float80,3,1,1,500
0.01,8,1.0,0.06790468385978894,0.021321725740479826,0.03858242537879851,A_alpha,REAL,123.89586598486498,500,5.236067977499788,-0.005280207824105599,15,7,0,float80,4,1,1,500
0.01,8,1.0,0.021957449554585857,0.021321725740479826,0.05449538250299351,A_alpha,REAL,70.31839077751677,500,3.7071067811865483,-0.007565094191295375,10,7,0,float80,5,1,1,500
0.01,8,1.0,0.006095533311346565,0.021321725740479826,0.050505050505050504,A_alpha,BARAJADO,86.99198300861445,500,4.0,-0.01031692932505601,28,8,0,float80,1,1,1,500
0.01,8,1.0,0.004628981405432806,0.021321725740479826,0.04576584235575484,A_alpha,BARAJADO,85.18407558315239,500,4.414213562373094,-0.010804603426723323,28,8,0,float80,2,1,1,500
0.01,8,1.0,0.005817744298306495,0.021321725740479826,0.04409824925923263,A_alpha,BARAJADO,88.85221265504637,500,4.581138830084192,-0.010413626869454316,28,8,0,float80,3,1,1,500
0.01,8,1.0,0.023715785033125037,0.021321725740479826,0.03858242537879851,A_alpha,BARAJADO,120.986516514061,500,5.236067977499788,-0.007656653467833425,28,8,0,float80,4,1,1,500
0.01,8,1.0,0.006681251564260685,0.021321725740479826,0.05449538250299351,A_alpha,BARAJADO,83.2563564341534,500,3.7071067811865483,-0.010126876886064885,28,8,0,float80,5,1,1,500
0.01,8,1.0,0.039011497603679626,0.030307732570149355,0.050505050505050504,A_alpha,REAL,103.37717236114781,500,4.0,-0.0062036933690994564,9,6,0,float80,1,1,1,500
0.01,8,1.0,0.01893153377530972,0.030307732570149355,0.04576584235575484,A_alpha,REAL,94.05007635262548,500,4.414213562373094,-0.007257231477051973,7,6,0,float80,2,1,1,500
0.01,8,1.0,0.019284009899740634,0.030307732570149355,0.04409824925923263,A_alpha,REAL,105.03424190957723,500,4.581138830084192,-0.008161042442581062,9,7,0,float80,3,1,1,500
0.01,8,1.0,0.1873433432948855,0.030307732570149355,0.03858242537879851,A_alpha,REAL,224.7829947181092,500,5.236067977499788,-0.0032033804602816652,15,7,0,float80,4,1,1,500
0.01,8,1.0,0.04030936539995187,0.030307732570149355,0.05449538250299351,A_alpha,REAL,102.52637210452221,500,3.7071067811865483,-0.006269839812475959,9,6,0,float80,5,1,1,500
0.01,8,1.0,0.005910608353275995,0.030307732570149355,0.050505050505050504,A_alpha,BARAJADO,110.63595112046912,500,4.0,-0.010429149892984506,28,8,0,float80,1,1,1,500
0.01,8,1.0,0.0040014908299699685,0.030307732570149355,0.04576584235575484,A_alpha,BARAJADO,106.07847212522913,500,4.414213562373094,-0.01112260385798095,28,8,0,float80,2,1,1,500
0.01,8,1.0,0.00553092536211051,0.030307732570149355,0.04409824925923263,A_alpha,BARAJADO,116.6951797341422,500,4.581138830084192,-0.01056645170805315,28,8,0,float80,3,1,1,500
0.01,8,1.0,0.04014978869865158,0.030307732570149355,0.03858242537879851,A_alpha,BARAJADO,185.67927271059256,500,5.236067977499788,-0.006651914610848552,28,8,0,float80,4,1,1,500
0.01,8,1.0,0.006727674080682647,0.030307732570149355,0.05449538250299351,A_alpha,BARAJADO,106.87233461905093,500,3.7071067811865483,-0.01015813115182854,28,8,0,float80,5,1,1,500
0.01,8,1.0,0.057714624520426985,0.03613424570256774,0.050505050505050504,A_alpha,REAL,125.24308444126707,500,4.0,-0.005403097657582903,9,6,0,float80,1,1,1,500
0.01,8,1.0,0.025729321751425716,0.03613424570256774,0.04576584235575484,A_alpha,REAL,110.4811030253713,500,4.414213562373094,-0.006364038075571795,7,6,0,float80,2,1,1,500
0.01,8,1.0,0.024321436012358102,0.03613424570256774,0.04409824925923263,A_alpha,REAL,124.82465048448769,500,4.581138830084192,-0.007075604436222415,9,7,0,float80,3,1,1,500
0.01,8,1.0,0.3612557866600532,0.03613424570256774,0.03858242537879851,A_alpha,REAL,331.5775095801636,500,5.236067977499788,-0.0018741282433040213,15,7,0,float80,4,1,1,500
0.01,8,1.0,0.05931334660361933,0.03613424570256774,0.05449538250299351,A_alpha,REAL,125.77810348752107,500,3.7071067811865483,-0.00546027331991179,9,6,0,float80,5,1,1,500
0.01,8,1.0,0.005795260738245443,0.03613424570256774,0.050505050505050504,A_alpha,BARAJADO,129.25046021390088,500,4.0,-0.010501794295911233,28,8,0,float80,1,1,1,500
0.01,8,1.0,0.0036434948523335164,0.03613424570256774,0.04576584235575484,A_alpha,BARAJADO,119.48886190039339,500,4.414213562373094,-0.011328752130867724,28,8,0,float80,2,1,1,500
0.01,8,1.0,0.0053538765415763094,0.03613424570256774,0.04409824925923263,A_alpha,BARAJADO,133.96423983024948,500,4.581138830084192,-0.010665387018889924,28,8,0,float80,3,1,1,500
0.01,8,1.0,0.05629153384107892,0.03613424570256774,0.03858242537879851,A_alpha,BARAJADO,237.79294206575204,500,5.236067977499788,-0.00600174680494123,28,8,0,float80,4,1,1,500
0.01,8,1.0,0.0067576747072889826,0.03613424570256774,0.05449538250299351,A_alpha,BARAJADO,124.6793778239971,500,3.7071067811865483,-0.010178042275521161,28,8,0,float80,5,1,1,500
0.01,8,1.0,0.1578591129307488,0.05136296511395076,0.050505050505050504,A_alpha,REAL,197.86094722800357,500,4.0,-0.003366072923062447,8,5,0,float80,1,1,1,500
0.01,8,1.0,0.05778456452330618,0.05136296511395076,0.04576584235575484,A_alpha,REAL,155.4041987442574,500,4.414213562373094,-0.004088594011517812,7,6,0,float80,2,1,1,500
0.01,8,1.0,0.045848382315054545,0.05136296511395076,0.04409824925923263,A_alpha,REAL,178.4796867440045,500,4.581138830084192,-0.0040660439861193096,9,7,0,float80,3,1,1,500
0.01,8,1.0,2.003790455626974,0.05136296511395076,0.03858242537879851,A_alpha,REAL,999.8246094727255,500,5.236067977499788,0.0015657237749811537,15,6,1,float80,4,1,1,500
0.01,8,1.0,0.1603493600709878,0.05136296511395076,0.05449538250299351,A_alpha,REAL,197.76642093144235,500,3.7071067811865483,-0.0033943845632814886,9,6,0,float80,5,1,1,500
0.01,8,1.0,0.00550991224859553,0.05136296511395076,0.050505050505050504,A_alpha,BARAJADO,171.16994572703553,500,4.0,-0.010690938793435429,28,8,0,float80,1,1,1,500
0.01,8,1.0,0.0028607257650506905,0.05136296511395076,0.04576584235575484,A_alpha,BARAJADO,156.27968742258346,500,4.414213562373094,-0.011866986745286665,28,8,0,float80,2,1,1,500
0.01,8,1.0,0.004922241855795422,0.05136296511395076,0.04409824925923263,A_alpha,BARAJADO,178.17383475509357,500,4.581138830084192,-0.010923123924692775,28,8,0,float80,3,1,1,500
0.01,8,1.0,0.13476329301996354,0.05136296511395076,0.03858242537879851,A_alpha,BARAJADO,430.58362328544655,500,5.236067977499788,-0.004306927766612142,28,8,0,float80,4,1,1,500
0.01,8,1.0,0.006835662745306911,0.05136296511395076,0.05449538250299351,A_alpha,BARAJADO,168.8484652285645,500,3.7071067811865483,-0.010228652732167758,28,8,0,float80,5,1,1,500
0.01,8,1.0,0.30091109282800366,0.06123724356957945,0.050505050505050504,A_alpha,REAL,265.13800698821916,500,4.0,-0.0020744775451032953,8,5,0,float80,1,1,1,500
0.01,8,1.0,0.09913801662358716,0.06123724356957945,0.04576584235575484,A_alpha,REAL,189.77837124055418,500,4.414213562373094,-0.0027531749104901227,6,4,0,float80,2,1,1,500
0.01,8,1.0,0.0726154032247937,0.06123724356957945,0.04409824925923263,A_alpha,REAL,217.209790174981,500,4.581138830084192,-0.0023669313920258376,6,4,0,float80,3,1,1,500
0.01,8,1.0,6.070457519215154,0.06123724356957945,0.03858242537879851,A_alpha,REAL,2267.041202844909,500,5.236067977499788,0.003783495509877906,15,6,1,float80,4,1,1,500
0.01,8,1.0,0.3039188547709803,0.06123724356957945,0.05449538250299351,A_alpha,REAL,266.90398175349816,500,3.7071067811865483,-0.002087379520625028,8,5,0,float80,5,1,1,500
0.01,8,1.0,0.005336758255287701,0.06123724356957945,0.050505050505050504,A_alpha,BARAJADO,200.45459816546762,500,4.0,-0.010812760740172669,28,8,0,float80,1,1,1,500
0.01,8,1.0,0.0024521857579458436,0.06123724356957945,0.04576584235575484,A_alpha,BARAJADO,179.02391840409652,500,4.414213562373094,-0.012215034588529274,28,8,0,float80,2,1,1,500
0.01,8,1.0,0.004664902630334996,0.06123724356957945,0.04409824925923263,A_alpha,BARAJADO,205.99635450870733,500,4.581138830084192,-0.011089317215202971,28,8,0,float80,3,1,1,500
0.01,8,1.0,0.2378858734533468,0.06123724356957945,0.03858242537879851,A_alpha,BARAJADO,616.7619154289841,500,5.236067977499788,-0.003211294423414731,28,8,0,float80,4,1,1,500
0.01,8,1.0,0.006885857819944682,0.06123724356957945,0.05449538250299351,A_alpha,BARAJADO,200.4922929856508,500,3.7071067811865483,-0.01026026761841626,28,8,0,float80,5,1,1,500
0.01,8,1.0,1.6046247870548822,0.08704558083290234,0.050505050505050504,A_alpha,REAL,648.4545743411037,500,4.0,0.0012771066895441137,8,5,1,float80,1,1,1,500
0.01,8,1.0,0.42955753828686083,0.08704558083290234,0.04576584235575484,A_alpha,REAL,325.741053089683,500,4.414213562373094,0.00039557853419765616,6,4,1,float80,2,1,1,500
0.01,8,1.0,0.3515441937673956,0.08704558083290234,0.04409824925923263,A_alpha,REAL,353.9940698095193,500,4.581138830084192,0.0011043778424872795,6,4,1,float80,3,1,1,500
0.01,8,1.0,108.83006107823975,0.08704558083290234,0.03858242537879851,A_alpha,REAL,25993.065134152643,500,5.236067977499788,0.009556914685866674,15,6,1,float80,4,1,1,500
0.01,8,1.0,1.605756794242895,0.08704558083290234,0.05449538250299351,A_alpha,REAL,650.9032131132559,500,3.7071067811865483,0.0012732841885857971,8,5,1,float80,5,1,1,500
0.01,8,1.0,0.004924780861245676,0.08704558083290234,0.050505050505050504,A_alpha,BARAJADO,269.39933903732305,500,4.0,-0.011126212636065147,28,8,0,float80,1,1,1,500
0.01,8,1.0,0.001659726323505508,0.08704558083290234,0.04576584235575484,A_alpha,BARAJADO,230.79476483168457,500,4.414213562373094,-0.013115664267798142,28,8,0,float80,2,1,1,500
0.01,8,1.0,0.004067497662400344,0.08704558083290234,0.04409824925923263,A_alpha,BARAJADO,276.38536303544606,500,4.581138830084192,-0.011518060900509355,28,8,0,float80,3,1,1,500
0.01,8,1.0,1.038683872503008,0.08704558083290234,0.03858242537879851,A_alpha,BARAJADO,1603.7776320459923,500,5.236067977499788,-0.0003590620382928096,28,8,0,float80,4,1,1,500
0.01,8,1.0,0.007015388336787321,0.08704558083290234,0.05449538250299351,A_alpha,BARAJADO,274.864829798121,500,3.7071067811865483,-0.010337839887597589,28,8,0,float80,5,1,1,500
0.01,8,1.0,4.726811234043603,0.10377966737890204,0.050505050505050504,A_alpha,REAL,1334.0304426805694,500,4.0,0.0034419537756112182,8,5,1,float80,1,1,1,500
0.01,8,1.0,1.1383445298208765,0.10377966737890204,0.04576584235575484,A_alpha,REAL,517.1596460498447,500,4.414213562373094,0.002396545978857491,6,4,1,float80,2,1,1,500
0.01,8,1.0,1.0413389886589177,0.10377966737890204,0.04409824925923263,A_alpha,REAL,533.7469814209107,500,4.581138830084192,0.003248397428562275,6,4,1,float80,3,1,1,500
0.01,8,1.0,701.1270342982317,0.10377966737890204,0.03858242537879851,A_alpha,REAL,144100.8044824313,500,5.236067977499788,0.013282650731281981,15,6,1,float80,4,1,1,500
0.01,8,1.0,4.714606375789309,0.10377966737890204,0.05449538250299351,A_alpha,REAL,1333.2566335835527,500,3.7071067811865483,0.003440097193355035,8,5,1,float80,5,1,1,500
0.01,8,1.0,0.004686464726564406,0.10377966737890204,0.050505050505050504,A_alpha,BARAJADO,314.20117101800435,500,4.0,-0.011323739290217563,28,8,0,float80,1,1,1,500
0.01,8,1.0,0.0013036714229927196,0.10377966737890204,0.04576584235575484,A_alpha,BARAJADO,260.8466422682737,500,4.414213562373094,-0.013683973422206645,28,8,0,float80,2,1,1,500
0.01,8,1.0,0.003732196468851243,0.10377966737890204,0.04409824925923263,A_alpha,BARAJADO,319.83640190715715,500,4.581138830084192,-0.011789222552964653,28,8,0,float80,3,1,1,500
0.01,8,1.0,2.6803405873151136,0.10377966737890204,0.03858242537879851,A_alpha,BARAJADO,3098.339911232448,500,5.236067977499788,0.0014818106948658982,28,8,1,float80,4,1,1,500
0.01,8,1.0,0.00709785355822275,0.10377966737890204,0.05449538250299351,A_alpha,BARAJADO,324.5119620728482,500,3.7071067811865483,-0.01038373477431834,28,8,0,float80,5,1,1,500
0.01,8,1.0,78.77713764450682,0.1475174403527447,0.050505050505050504,A_alpha,REAL,13221.76521564062,500,4.0,0.00907569764304076,8,5,1,float80,1,1,1,500
0.01,8,1.0,14.977856458963453,0.1475174403527447,0.04576584235575484,A_alpha,REAL,3038.0721742338046,500,4.414213562373094,0.0075996754517293815,6,4,1,float80,2,1,1,500
0.01,8,1.0,17.035360182853843,0.1475174403527447,0.04409824925923263,A_alpha,REAL,3105.098772619391,500,4.581138830084192,0.008808463792128013,6,4,1,float80,3,1,1,500
0.01,8,1.0,88375.26539580825,0.1475174403527447,0.03858242537879851,A_alpha,REAL,14878884.789711973,500,5.236067977499788,0.02295552979865028,15,6,1,float80,4,1,1,500
0.01,8,1.0,78.26344137157871,0.1475174403527447,0.05449538250299351,A_alpha,REAL,13128.625155400658,500,3.7071067811865483,0.009075419250365748,8,5,1,float80,5,1,1,500
0.01,8,1.0,0.004156543412669178,0.1475174403527447,0.050505050505050504,A_alpha,BARAJADO,417.1236174124747,500,4.0,-0.01180343217784062,28,8,0,float80,1,1,1,500
0.01,8,1.0,0.0007338858511041453,0.1475174403527447,0.04576584235575484,A_alpha,BARAJADO,330.6135234756554,500,4.414213562373094,-0.014974669246412586,28,8,0,float80,2,1,1,500
0.01,8,1.0,0.003017327985846065,0.1475174403527447,0.04409824925923263,A_alpha,BARAJADO,421.0065790442075,500,4.581138830084192,-0.012448132823120201,28,8,0,float80,3,1,1,500
0.01,8,1.0,31.184795203334325,0.1475174403527447,0.03858242537879851,A_alpha,BARAJADO,20992.76334080231,500,5.236067977499788,0.006262452458977497,28,8,1,float80,4,1,1,500
0.01,8,1.0,0.007306164854325656,0.1475174403527447,0.05449538250299351,A_alpha,BARAJADO,446.3232657434783,500,3.7071067811865483,-0.010484230445820723,28,8,0,float80,5,1,1,500
0.01,8,1.0,549.0527348790283,0.1778279410038923,0.050505050505050504,A_alpha,REAL,77749.55542194327,500,4.0,0.012960798046721723,8,5,1,float80,1,1,1,500
0.01,8,1.0,89.7244737873249,0.1778279410038923,0.04576584235575484,A_alpha,REAL,14380.647583880933,500,4.414213562373094,0.011188207509049362,6,4,1,float80,2,1,1,500
0.01,8,1.0,116.04908698065168,0.1778279410038923,0.04409824925923263,A_alpha,REAL,16349.856603820712,500,4.581138830084192,0.012640144894929513,6,4,1,float80,3,1,1,500
0.01,8,1.0,2455816.4169500256,0.1778279410038923,0.03858242537879851,A_alpha,REAL,385190820.8298837,500,5.236067977499788,0.029604415429389276,15,6,1,float80,4,1,1,500
0.01,8,1.0,544.944538679436,0.1778279410038923,0.05449538250299351,A_alpha,REAL,77127.90979989346,500,3.7071067811865483,0.01296072295680038,8,5,1,float80,5,1,1,500
0.01,8,1.0,0.00385727300420696,0.1778279410038923,0.050505050505050504,A_alpha,BARAJADO,484.296442986554,500,4.0,-0.01208643774854091,28,8,0,float80,1,1,1,500
0.01,8,1.0,0.0005232394536475283,0.1778279410038923,0.04576584235575484,A_alpha,BARAJADO,369.16946892722314,500,4.414213562373094,-0.015412014776151959,28,8,0,float80,2,1,1,500
0.01,8,1.0,0.002635411375553872,0.1778279410038923,0.04409824925923263,A_alpha,BARAJADO,486.1054354081108,500,4.581138830084192,-0.012826369456809377,28,8,0,float80,3,1,1,500
0.01,8,1.0,167.841079749132,0.1778279410038923,0.03858242537879851,A_alpha,BARAJADO,89915.38633792235,500,5.236067977499788,0.009549572230547204,28,8,1,float80,4,1,1,500
0.01,8,1.0,0.007442812045208056,0.1778279410038923,0.05449538250299351,A_alpha,BARAJADO,526.2153301286954,500,3.7071067811865483,-0.010534531680242907,28,8,0,float80,5,1,1,500
0.01,8,1.0,54342.216421212936,0.25,0.050505050505050504,A_alpha,REAL,6304046.96476434,500,4.0,0.022151013255734656,8,5,1,float80,1,1,1,500
0.01,8,1.0,6260.552923117862,0.25,0.04576584235575484,A_alpha,REAL,790526.9214307874,500,4.414213562373094,0.019680945343546915,6,4,1,float80,2,1,1,500
0.01,8,1.0,10811.867641178831,0.25,0.04409824925923263,A_alpha,REAL,1215323.6625868648,500,4.581138830084192,0.021704339712203615,6,4,1,float80,3,1,1,500
0.01,8,1.0,6166116933.49711,0.25,0.03858242537879851,A_alpha,REAL,882368964454.8418,500,5.236067977499788,0.045260306536604185,15,6,1,float80,4,1,1,500
0.01,8,1.0,53904.317824206715,0.25,0.05449538250299351,A_alpha,REAL,6252578.203194059,500,3.7071067811865483,0.022151009840931074,8,5,1,float80,5,1,1,500
0.01,8,1.0,0.0033212187428414575,0.25,0.050505050505050504,A_alpha,BARAJADO,629.3780910777801,500,4.0,-0.012461418240319546,28,8,0,float80,1,1,1,500
0.01,8,1.0,0.0002980153317749694,0.25,0.04576584235575484,A_alpha,BARAJADO,448.0320966664094,500,4.414213562373094,-0.014984202733673773,21,7,0,float80,2,1,1,500
0.01,8,1.0,0.0020041205933534274,0.25,0.04409824925923263,A_alpha,BARAJADO,621.5899890262322,500,4.581138830084192,-0.013161302378144503,28,8,0,float80,3,1,1,500
0.01,8,1.0,8788.505330518321,0.25,0.03858242537879851,A_alpha,BARAJADO,3475373.1477579274,500,5.236067977499788,0.017292187212179976,28,8,1,float80,4,1,1,500
0.01,8,1.0,0.00773248845526861,0.25,0.05449538250299351,A_alpha,BARAJADO,713.6368948928873,500,3.7071067811865483,-0.010568817297605893,28,8,0,float80,5,1,1,500
0.01,8,1.0,14702742244983.38,0.5623413251903491,0.050505050505050504,A_alpha,REAL,1366918430233775.0,500,4.0,0.06097780252787187,8,5,1,float80,1,1,1,500
0.01,8,1.0,401463703979.78766,0.5623413251903491,0.04576584235575484,A_alpha,REAL,39618386515154.36,500,4.414213562373094,0.055625603208235994,6,4,1,float80,2,1,1,500
0.01,8,1.0,2260599702675.4097,0.5623413251903491,0.04409824925923263,A_alpha,REAL,202694316245254.66,500,4.581138830084192,0.060011079280416116,6,4,1,float80,3,1,1,500
0.01,8,1.0,8.299839641330648e+23,0.5623413251903491,0.03858242537879851,A_alpha,REAL,1.0604850713948752e+26,500,5.236067977499788,0.11032388846548845,15,6,1,float80,4,1,1,500
0.01,8,1.0,14585153156183.705,0.5623413251903491,0.05449538250299351,A_alpha,REAL,1355986088485495.5,500,3.7071067811865483,0.06097780252786314,8,5,1,float80,5,1,1,500
0.01,8,1.0,0.0029490697932187614,0.5623413251903491,0.050505050505050504,A_alpha,BARAJADO,1052.4144395688425,500,4.0,-0.010463506964671965,3,3,0,float80,1,1,1,500
0.01,8,1.0,9.920292173138304e-07,0.5623413251903491,0.04576584235575484,A_alpha,BARAJADO,635.4754840785696,989,4.414213562373094,-0.011804777350726959,0,0,0,float80,2,0,0,462
0.01,8,1.0,0.0017150870697221663,0.5623413251903491,0.04409824925923263,A_alpha,BARAJADO,1005.0028418147826,500,4.581138830084192,-0.01164206577202244,6,4,0,float80,3,1,1,500
0.01,8,1.0,122757320214.73116,0.5623413251903491,0.03858242537879851,A_alpha,BARAJADO,31732457098492.68,500,5.236067977499788,0.0494836045430381,28,8,1,float80,4,1,1,500
0.01,8,1.0,0.00824829150037293,0.5623413251903491,0.05449538250299351,A_alpha,BARAJADO,1355.5531696547478,500,3.7071067811865483,-0.010282449698018885,15,6,0,float80,5,1,1,500
0.01,8,1.0,1.5476041640982786e+43,1.7782794100389228,0.050505050505050504,A_alpha,REAL,1.2976881601994194e+45,500,4.0,0.1992212810158662,10,5,1,float80,1,1,1,500
0.01,8,1.0,3.7632050883015866e+39,1.7782794100389228,0.04576584235575484,A_alpha,REAL,3.3171873172775034e+41,500,4.414213562373094,0.1844116546298565,6,4,1,float80,2,1,1,500
0.01,8,1.0,1.019481024479539e+42,1.7782794100389228,0.04409824925923263,A_alpha,REAL,8.231073102269312e+43,500,4.581138830084192,0.19655667894694887,6,4,1,float80,3,1,1,500
0.01,8,1.0,3.50570151995025e+71,1.7782794100389228,0.03858242537879851,A_alpha,REAL,4.2312494482064565e+73,500,5.236067977499788,0.32964169474480387,15,6,1,float80,4,1,1,500
0.01,8,1.0,1.5374030139412232e+43,1.7782794100389228,0.05449538250299351,A_alpha,REAL,1.2891343503258589e+45,500,3.7071067811865483,0.1992212810158662,8,5,1,float80,5,1,1,500
0.01,8,1.0,9.950777477390458e-07,1.7782794100389228,0.050505050505050504,A_alpha,BARAJADO,1801.7534213860938,1194,4.0,-0.01332798952752178,0,0,0,float80,1,0,0,491
0.01,8,1.0,9.915322966244333e-07,1.7782794100389228,0.04576584235575484,A_alpha,BARAJADO,834.4600146913737,1053,4.414213562373094,-0.010050335853501452,0,0,0,float80,2,0,0,207
0.01,8,1.0,0.0011036110301719752,1.7782794100389228,0.04409824925923263,A_alpha,BARAJADO,1606.5539136170798,592,4.581138830084192,-0.013025007431841724,1,2,0,float80,3,1,1,500
0.01,8,1.0,1.9961086979546476e+24,1.7782794100389228,0.03858242537879851,A_alpha,BARAJADO,3.124810645316079e+26,500,5.236067977499788,0.09254262820383126,10,5,1,float80,4,1,1,500
0.01,8,1.0,0.001583470973922837,1.7782794100389228,0.05449538250299351,A_alpha,BARAJADO,2103.245065368979,500,3.7071067811865483,-0.011747619295660133,3,3,0,float80,5,1,1,500
0.01,8,1.0,3.4587222608794414e+117,5.623413251903491,0.050505050505050504,A_alpha,REAL,2.81293946915641e+119,500,4.0,0.5415991487875764,10,5,1,float80,1,1,1,500
0.01,8,1.0,6.959482499525552e+109,5.623413251903491,0.04576584235575484,A_alpha,REAL,5.934270535917986e+111,500,4.414213562373094,0.5080325066689972,6,4,1,float80,2,1,1,500
0.01,8,1.0,4.277001647988461e+115,5.623413251903491,0.04409824925923263,A_alpha,REAL,3.3477703969024076e+117,500,4.581138830084192,0.5356059066325417,6,4,1,float80,3,1,1,500
0.01,8,1.0,4.7644143378107163e+176,5.623413251903491,0.03858242537879851,A_alpha,REAL,5.651501902395897e+178,500,5.236067977499788,0.813769198522466,15,6,1,float80,4,1,1,500
0.01,8,1.0,3.409535206030633e+117,5.623413251903491,0.05449538250299351,A_alpha,REAL,2.772936196988325e+119,500,3.7071067811865483,0.5415991487875764,8,5,1,float80,5,1,1,500
0.01,8,1.0,9.980906786284032e-07,5.623413251903491,0.050505050505050504,A_alpha,BARAJADO,2203.0695587467862,1062,4.0,-0.010050335853501452,0,0,0,float80,1,0,0,270
0.01,8,1.0,9.95844540372743e-07,5.623413251903491,0.04576584235575484,A_alpha,BARAJADO,956.9543506200623,1110,4.414213562373094,-0.010050335853501452,0,0,0,float80,2,0,0,54
0.01,8,1.0,9.986908959326559e-07,5.623413251903491,0.04409824925923263,A_alpha,BARAJADO,2945.778929187241,1101,4.581138830084192,-0.012514346272077708,0,0,0,float80,3,0,0,350
0.01,8,1.0,1.5605606291646128e+19,5.623413251903491,0.03858242537879851,A_alpha,BARAJADO,2.6941927154190957e+21,575,5.236067977499788,0.05133022930694674,1,2,1,float80,4,1,1,500
0.01,8,1.0,9.954332000005137e-07,5.623413251903491,0.05449538250299351,A_alpha,BARAJADO,1868.865878397033,1418,3.7071067811865483,-0.010050335853501452,0,0,0,float80,5,0,0,70
0.01,8,1.0,9.963056005479347e-07,0.0,0.050505050505050504,A_alpha,ALFA_0,0.0,1375,4.0,-0.010050335853501452,0,0,0,float80,1,0,0,0
0.01,8,1.0,9.963056005479347e-07,0.0,0.04576584235575484,A_alpha,ALFA_0,0.0,1375,4.414213562373094,-0.010050335853501452,0,0,0,float80,2,0,0,0
0.01,8,1.0,9.963056005479347e-07,0.0,0.04409824925923263,A_alpha,ALFA_0,0.0,1375,4.581138830084192,-0.010050335853501452,0,0,0,float80,3,0,0,0
0.01,8,1.0,9.963056005479347e-07,0.0,0.03858242537879851,A_alpha,ALFA_0,0.0,1375,5.236067977499788,-0.010050335853501452,0,0,0,float80,4,0,0,0
0.01,8,1.0,9.963056005479347e-07,0.0,0.05449538250299351,A_alpha,ALFA_0,0.0,1375,3.7071067811865483,-0.010050335853501452,0,0,0,float80,5,0,0,0
1e-05,8,1.0,,0.05,,Ap_mu,REAL,,,4.0,0.006494507530294471,,,1,float64,1,,,
1e-05,8,1.0,,0.05,,Ap_mu,REAL,,,4.414213562373094,0.005758891596669427,,,1,float64,2,,,
1e-05,8,1.0,,0.05,,Ap_mu,REAL,,,4.581138830084192,0.005720649767927715,,,1,float64,3,,,
1e-05,8,1.0,,0.05,,Ap_mu,REAL,,,5.236067977499788,0.01129951680217233,,,1,float64,4,,,
1e-05,8,1.0,,0.05,,Ap_mu,REAL,,,3.7071067811865483,0.0064637901153966615,,,1,float64,5,,,
1e-05,8,1.0,,0.05,,Ap_mu,REAL,,,3.7071067811865483,0.006598960108759232,,,1,float64,6,,,
1e-05,8,1.0,,0.05,,Ap_mu,REAL,,,3.707106781186549,0.0074311255779850385,,,1,float64,7,,,
1e-05,8,1.0,,0.05,,Ap_mu,REAL,,,5.121320343559643,0.00590541486306188,,,1,float64,8,,,
1e-05,8,1.0,,0.05,,Ap_mu,REAL,,,3.707106781186547,0.0048623217493058545,,,1,float64,9,,,
1e-05,8,1.0,,0.05,,Ap_mu,REAL,,,4.581138830084191,0.006413629604578094,,,1,float64,10,,,
1e-05,8,1.0,,0.05,,Ap_mu,BARAJADO,,,4.0,-0.000633729440300935,,,0,float64,1,,,
1e-05,8,1.0,,0.05,,Ap_mu,BARAJADO,,,4.414213562373094,-0.0017785343212105527,,,0,float64,2,,,
1e-05,8,1.0,,0.05,,Ap_mu,BARAJADO,,,4.581138830084192,-0.0008597829698388467,,,0,float64,3,,,
1e-05,8,1.0,,0.05,,Ap_mu,BARAJADO,,,5.236067977499788,0.005581977685493273,,,1,float64,4,,,
1e-05,8,1.0,,0.05,,Ap_mu,BARAJADO,,,3.7071067811865483,-0.0001838762148000326,,,0,float64,5,,,
1e-05,8,1.0,,0.05,,Ap_mu,BARAJADO,,,3.7071067811865483,0.001406663525992063,,,1,float64,6,,,
1e-05,8,1.0,,0.05,,Ap_mu,BARAJADO,,,3.707106781186549,0.0028035807441742296,,,1,float64,7,,,
1e-05,8,1.0,,0.05,,Ap_mu,BARAJADO,,,5.121320343559643,-0.0023297687567022905,,,0,float64,8,,,
1e-05,8,1.0,,0.05,,Ap_mu,BARAJADO,,,3.707106781186547,-0.0014346476244943749,,,0,float64,9,,,
1e-05,8,1.0,,0.05,,Ap_mu,BARAJADO,,,4.581138830084191,-0.001594171557269139,,,0,float64,10,,,
1.584893192461114e-05,8,1.0,,0.05,,Ap_mu,REAL,,,4.0,0.006488658522774493,,,1,float64,1,,,
1.584893192461114e-05,8,1.0,,0.05,,Ap_mu,REAL,,,4.414213562373094,0.005753042589149434,,,1,float64,2,,,
1.584893192461114e-05,8,1.0,,0.05,,Ap_mu,REAL,,,4.581138830084192,0.005714800760407701,,,1,float64,3,,,
1.584893192461114e-05,8,1.0,,0.05,,Ap_mu,REAL,,,5.236067977499788,0.011293667794652334,,,1,float64,4,,,
1.584893192461114e-05,8,1.0,,0.05,,Ap_mu,REAL,,,3.7071067811865483,0.006457941107876659,,,1,float64,5,,,
1.584893192461114e-05,8,1.0,,0.05,,Ap_mu,REAL,,,3.7071067811865483,0.006593111101239231,,,1,float64,6,,,
1.584893192461114e-05,8,1.0,,0.05,,Ap_mu,REAL,,,3.707106781186549,0.00742527657046505,,,1,float64,7,,,
1.584893192461114e-05,8,1.0,,0.05,,Ap_mu,REAL,,,5.121320343559643,0.00589956585554189,,,1,float64,8,,,
1.584893192461114e-05,8,1.0,,0.05,,Ap_mu,REAL,,,3.707106781186547,0.004856472741785868,,,1,float64,9,,,
1.584893192461114e-05,8,1.0,,0.05,,Ap_mu,REAL,,,4.581138830084191,0.006407780597058102,,,1,float64,10,,,
1.584893192461114e-05,8,1.0,,0.05,,Ap_mu,BARAJADO,,,4.0,-0.0006395784478209427,,,0,float64,1,,,
1.584893192461114e-05,8,1.0,,0.05,,Ap_mu,BARAJADO,,,4.414213562373094,-0.0017843833287305509,,,0,float64,2,,,
1.584893192461114e-05,8,1.0,,0.05,,Ap_mu,BARAJADO,,,4.581138830084192,-0.000865631977358837,,,0,float64,3,,,
1.584893192461114e-05,8,1.0,,0.05,,Ap_mu,BARAJADO,,,5.236067977499788,0.005576128677973264,,,1,float64,4,,,
1.584893192461114e-05,8,1.0,,0.05,,Ap_mu,BARAJADO,,,3.7071067811865483,-0.00018972522232002604,,,0,float64,5,,,
1.584893192461114e-05,8,1.0,,0.05,,Ap_mu,BARAJADO,,,3.7071067811865483,0.0014008145184720667,,,1,float64,6,,,
1.584893192461114e-05,8,1.0,,0.05,,Ap_mu,BARAJADO,,,3.707106781186549,0.0027977317366542276,,,1,float64,7,,,
1.584893192461114e-05,8,1.0,,0.05,,Ap_mu,BARAJADO,,,5.121320343559643,-0.002335617764222285,,,0,float64,8,,,
1.584893192461114e-05,8,1.0,,0.05,,Ap_mu,BARAJADO,,,3.707106781186547,-0.0014404966320143715,,,0,float64,9,,,
1.584893192461114e-05,8,1.0,,0.05,,Ap_mu,BARAJADO,,,4.581138830084191,-0.0016000205647891275,,,0,float64,10,,,
2.5118864315095822e-05,8,1.0,,0.05,,Ap_mu,REAL,,,4.0,0.006479388400495696,,,1,float64,1,,,
2.5118864315095822e-05,8,1.0,,0.05,,Ap_mu,REAL,,,4.414213562373094,0.005743772466870633,,,1,float64,2,,,
2.5118864315095822e-05,8,1.0,,0.05,,Ap_mu,REAL,,,4.581138830084192,0.005705530638128906,,,1,float64,3,,,
2.5118864315095822e-05,8,1.0,,0.05,,Ap_mu,REAL,,,5.236067977499788,0.011284397672373556,,,1,float64,4,,,
2.5118864315095822e-05,8,1.0,,0.05,,Ap_mu,REAL,,,3.7071067811865483,0.006448670985597873,,,1,float64,5,,,
2.5118864315095822e-05,8,1.0,,0.05,,Ap_mu,REAL,,,3.7071067811865483,0.006583840978960458,,,1,float64,6,,,
2.5118864315095822e-05,8,1.0,,0.05,,Ap_mu,REAL,,,3.707106781186549,0.0074160064481862695,,,1,float64,7,,,
2.5118864315095822e-05,8,1.0,,0.05,,Ap_mu,REAL,,,5.121320343559643,0.005890295733263118,,,1,float64,8,,,
2.5118864315095822e-05,8,1.0,,0.05,,Ap_mu,REAL,,,3.707106781186547,0.004847202619507077,,,1,float64,9,,,
2.5118864315095822e-05,8,1.0,,0.05,,Ap_mu,REAL,,,4.581138830084191,0.006398510474779303,,,1,float64,10,,,
2.5118864315095822e-05,8,1.0,,0.05,,Ap_mu,BARAJADO,,,4.0,-0.0006488485700997254,,,0,float64,1,,,
2.5118864315095822e-05,8,1.0,,0.05,,Ap_mu,BARAJADO,,,4.414213562373094,-0.0017936534510093439,,,0,float64,2,,,
2.5118864315095822e-05,8,1.0,,0.05,,Ap_mu,BARAJADO,,,4.581138830084192,-0.0008749020996376134,,,0,float64,3,,,
2.5118864315095822e-05,8,1.0,,0.05,,Ap_mu,BARAJADO,,,5.236067977499788,0.005566858555694485,,,1,float64,4,,,
2.5118864315095822e-05,8,1.0,,0.05,,Ap_mu,BARAJADO,,,3.7071067811865483,-0.00019899534459880765,,,0,float64,5,,,
2.5118864315095822e-05,8,1.0,,0.05,,Ap_mu,BARAJADO,,,3.7071067811865483,0.0013915443961932882,,,1,float64,6,,,
2.5118864315095822e-05,8,1.0,,0.05,,Ap_mu,BARAJADO,,,3.707106781186549,0.002788461614375436,,,1,float64,7,,,
2.5118864315095822e-05,8,1.0,,0.05,,Ap_mu,BARAJADO,,,5.121320343559643,-0.0023448878865010674,,,0,float64,8,,,
2.5118864315095822e-05,8,1.0,,0.05,,Ap_mu,BARAJADO,,,3.707106781186547,-0.0014497667542931537,,,0,float64,9,,,
2.5118864315095822e-05,8,1.0,,0.05,,Ap_mu,BARAJADO,,,4.581138830084191,-0.0016092906870679177,,,0,float64,10,,,
3.9810717055349695e-05,8,1.0,,0.05,,Ap_mu,REAL,,,4.0,0.006464696070771755,,,1,float64,1,,,
3.9810717055349695e-05,8,1.0,,0.05,,Ap_mu,REAL,,,4.414213562373094,0.005729080137146687,,,1,float64,2,,,
3.9810717055349695e-05,8,1.0,,0.05,,Ap_mu,REAL,,,4.581138830084192,0.005690838308404953,,,1,float64,3,,,
3.9810717055349695e-05,8,1.0,,0.05,,Ap_mu,REAL,,,5.236067977499788,0.0112697053426496,,,1,float64,4,,,
3.9810717055349695e-05,8,1.0,,0.05,,Ap_mu,REAL,,,3.7071067811865483,0.006433978655873915,,,1,float64,5,,,
3.9810717055349695e-05,8,1.0,,0.05,,Ap_mu,REAL,,,3.7071067811865483,0.006569148649236487,,,1,float64,6,,,
3.9810717055349695e-05,8,1.0,,0.05,,Ap_mu,REAL,,,3.707106781186549,0.007401314118462321,,,1,float64,7,,,
3.9810717055349695e-05,8,1.0,,0.05,,Ap_mu,REAL,,,5.121320343559643,0.0058756034035391536,,,1,float64,8,,,
3.9810717055349695e-05,8,1.0,,0.05,,Ap_mu,REAL,,,3.707106781186547,0.004832510289783131,,,1,float64,9,,,
3.9810717055349695e-05,8,1.0,,0.05,,Ap_mu,REAL,,,4.581138830084191,0.006383818145055351,,,1,float64,10,,,
3.9810717055349695e-05,8,1.0,,0.05,,Ap_mu,BARAJADO,,,4.0,-0.0006635408998236722,,,0,float64,1,,,
3.9810717055349695e-05,8,1.0,,0.05,,Ap_mu,BARAJADO,,,4.414213562373094,-0.0018083457807332882,,,0,float64,2,,,
3.9810717055349695e-05,8,1.0,,0.05,,Ap_mu,BARAJADO,,,4.581138830084192,-0.0008895944293615742,,,0,float64,3,,,
3.9810717055349695e-05,8,1.0,,0.05,,Ap_mu,BARAJADO,,,5.236067977499788,0.0055521662259705425,,,1,float64,4,,,
3.9810717055349695e-05,8,1.0,,0.05,,Ap_mu,BARAJADO,,,3.7071067811865483,-0.00021368767432275893,,,0,float64,5,,,
3.9810717055349695e-05,8,1.0,,0.05,,Ap_mu,BARAJADO,,,3.7071067811865483,0.0013768520664693348,,,1,float64,6,,,
3.9810717055349695e-05,8,1.0,,0.05,,Ap_mu,BARAJADO,,,3.707106781186549,0.0027737692846514957,,,1,float64,7,,,
3.9810717055349695e-05,8,1.0,,0.05,,Ap_mu,BARAJADO,,,5.121320343559643,-0.0023595802162250106,,,0,float64,8,,,
3.9810717055349695e-05,8,1.0,,0.05,,Ap_mu,BARAJADO,,,3.707106781186547,-0.0014644590840171073,,,0,float64,9,,,
3.9810717055349695e-05,8,1.0,,0.05,,Ap_mu,BARAJADO,,,4.581138830084191,-0.001623983016791866,,,0,float64,10,,,
6.309573444801929e-05,8,1.0,,0.05,,Ap_mu,REAL,,,4.0,0.006441409855227125,,,1,float64,1,,,
6.309573444801929e-05,8,1.0,,0.05,,Ap_mu,REAL,,,4.414213562373094,0.005705793921602051,,,1,float64,2,,,
6.309573444801929e-05,8,1.0,,0.05,,Ap_mu,REAL,,,4.581138830084192,0.005667552092860355,,,1,float64,3,,,
6.309573444801929e-05,8,1.0,,0.05,,Ap_mu,REAL,,,5.236067977499788,0.011246419127104971,,,1,float64,4,,,
6.309573444801929e-05,8,1.0,,0.05,,Ap_mu,REAL,,,3.7071067811865483,0.006410692440329299,,,1,float64,5,,,
6.309573444801929e-05,8,1.0,,0.05,,Ap_mu,REAL,,,3.7071067811865483,0.006545862433691853,,,1,float64,6,,,
6.309573444801929e-05,8,1.0,,0.05,,Ap_mu,REAL,,,3.707106781186549,0.00737802790291767,,,1,float64,7,,,
6.309573444801929e-05,8,1.0,,0.05,,Ap_mu,REAL,,,5.121320343559643,0.005852317187994518,,,1,float64,8,,,
6.309573444801929e-05,8,1.0,,0.05,,Ap_mu,REAL,,,3.707106781186547,0.004809224074238498,,,1,float64,9,,,
6.309573444801929e-05,8,1.0,,0.05,,Ap_mu,REAL,,,4.581138830084191,0.0063605319295107045,,,1,float64,10,,,
6.309573444801929e-05,8,1.0,,0.05,,Ap_mu,BARAJADO,,,4.0,-0.000686827115368317,,,0,float64,1,,,
6.309573444801929e-05,8,1.0,,0.05,,Ap_mu,BARAJADO,,,4.414213562373094,-0.0018316319962779263,,,0,float64,2,,,
6.309573444801929e-05,8,1.0,,0.05,,Ap_mu,BARAJADO,,,4.581138830084192,-0.000912880644906216,,,0,float64,3,,,
6.309573444801929e-05,8,1.0,,0.05,,Ap_mu,BARAJADO,,,5.236067977499788,0.005528880010425896,,,1,float64,4,,,
6.309573444801929e-05,8,1.0,,0.05,,Ap_mu,BARAJADO,,,3.7071067811865483,-0.0002369738898674064,,,0,float64,5,,,
6.309573444801929e-05,8,1.0,,0.05,,Ap_mu,BARAJADO,,,3.7071067811865483,0.0013535658509247,,,1,float64,6,,,
6.309573444801929e-05,8,1.0,,0.05,,Ap_mu,BARAJADO,,,3.707106781186549,0.0027504830691068506,,,1,float64,7,,,
6.309573444801929e-05,8,1.0,,0.05,,Ap_mu,BARAJADO,,,5.121320343559643,-0.0023828664317696513,,,0,float64,8,,,
6.309573444801929e-05,8,1.0,,0.05,,Ap_mu,BARAJADO,,,3.707106781186547,-0.0014877452995617462,,,0,float64,9,,,
6.309573444801929e-05,8,1.0,,0.05,,Ap_mu,BARAJADO,,,4.581138830084191,-0.0016472692323365097,,,0,float64,10,,,
0.0001,8,1.0,,0.05,,Ap_mu,REAL,,,4.0,0.006404502579961422,,,1,float64,1,,,
0.0001,8,1.0,,0.05,,Ap_mu,REAL,,,4.414213562373094,0.00566888664633636,,,1,float64,2,,,
0.0001,8,1.0,,0.05,,Ap_mu,REAL,,,4.581138830084192,0.0056306448175946384,,,1,float64,3,,,
0.0001,8,1.0,,0.05,,Ap_mu,REAL,,,5.236067977499788,0.011209511851839276,,,1,float64,4,,,
0.0001,8,1.0,,0.05,,Ap_mu,REAL,,,3.7071067811865483,0.006373785165063592,,,1,float64,5,,,
0.0001,8,1.0,,0.05,,Ap_mu,REAL,,,3.7071067811865483,0.006508955158426175,,,1,float64,6,,,
0.0001,8,1.0,,0.05,,Ap_mu,REAL,,,3.707106781186549,0.007341120627651978,,,1,float64,7,,,
0.0001,8,1.0,,0.05,,Ap_mu,REAL,,,5.121320343559643,0.005815409912728819,,,1,float64,8,,,
0.0001,8,1.0,,0.05,,Ap_mu,REAL,,,3.707106781186547,0.004772316798972801,,,1,float64,9,,,
0.0001,8,1.0,,0.05,,Ap_mu,REAL,,,4.581138830084191,0.006323624654245023,,,1,float64,10,,,
0.0001,8,1.0,,0.05,,Ap_mu,BARAJADO,,,4.0,-0.0007237343906339991,,,0,float64,1,,,
0.0001,8,1.0,,0.05,,Ap_mu,BARAJADO,,,4.414213562373094,-0.0018685392715436166,,,0,float64,2,,,
0.0001,8,1.0,,0.05,,Ap_mu,BARAJADO,,,4.581138830084192,-0.0009497879201719088,,,0,float64,3,,,
0.0001,8,1.0,,0.05,,Ap_mu,BARAJADO,,,5.236067977499788,0.005491972735160203,,,1,float64,4,,,
0.0001,8,1.0,,0.05,,Ap_mu,BARAJADO,,,3.7071067811865483,-0.0002738811651331055,,,0,float64,5,,,
0.0001,8,1.0,,0.05,,Ap_mu,BARAJADO,,,3.7071067811865483,0.0013166585756590131,,,1,float64,6,,,
0.0001,8,1.0,,0.05,,Ap_mu,BARAJADO,,,3.707106781186549,0.002713575793841164,,,1,float64,7,,,
0.0001,8,1.0,,0.05,,Ap_mu,BARAJADO,,,5.121320343559643,-0.0024197737070353496,,,0,float64,8,,,
0.0001,8,1.0,,0.05,,Ap_mu,BARAJADO,,,3.707106781186547,-0.0015246525748274292,,,0,float64,9,,,
0.0001,8,1.0,,0.05,,Ap_mu,BARAJADO,,,4.581138830084191,-0.0016841765076021902,,,0,float64,10,,,
0.00015848931924611142,8,1.0,,0.05,,Ap_mu,REAL,,,4.0,0.006346005700289312,,,1,float64,1,,,
0.00015848931924611142,8,1.0,,0.05,,Ap_mu,REAL,,,4.414213562373094,0.005610389766664256,,,1,float64,2,,,
0.00015848931924611142,8,1.0,,0.05,,Ap_mu,REAL,,,4.581138830084192,0.005572147937922534,,,1,float64,3,,,
0.00015848931924611142,8,1.0,,0.05,,Ap_mu,REAL,,,5.236067977499788,0.011151014972167172,,,1,float64,4,,,
0.00015848931924611142,8,1.0,,0.05,,Ap_mu,REAL,,,3.7071067811865483,0.0063152882853914905,,,1,float64,5,,,
0.00015848931924611142,8,1.0,,0.05,,Ap_mu,REAL,,,3.7071067811865483,0.006450458278754067,,,1,float64,6,,,
0.00015848931924611142,8,1.0,,0.05,,Ap_mu,REAL,,,3.707106781186549,0.007282623747979884,,,1,float64,7,,,
0.00015848931924611142,8,1.0,,0.05,,Ap_mu,REAL,,,5.121320343559643,0.005756913033056712,,,1,float64,8,,,
0.00015848931924611142,8,1.0,,0.05,,Ap_mu,REAL,,,3.707106781186547,0.0047138199193006965,,,1,float64,9,,,
0.00015848931924611142,8,1.0,,0.05,,Ap_mu,REAL,,,4.581138830084191,0.006265127774572923,,,1,float64,10,,,
0.00015848931924611142,8,1.0,,0.05,,Ap_mu,BARAJADO,,,4.0,-0.0007822312703061043,,,0,float64,1,,,
0.00015848931924611142,8,1.0,,0.05,,Ap_mu,BARAJADO,,,4.414213562373094,-0.0019270361512157246,,,0,float64,2,,,
0.00015848931924611142,8,1.0,,0.05,,Ap_mu,BARAJADO,,,4.581138830084192,-0.0010082847998440067,,,0,float64,3,,,
0.00015848931924611142,8,1.0,,0.05,,Ap_mu,BARAJADO,,,5.236067977499788,0.005433475855488099,,,1,float64,4,,,
0.00015848931924611142,8,1.0,,0.05,,Ap_mu,BARAJADO,,,3.7071067811865483,-0.00033237804480519773,,,0,float64,5,,,
0.00015848931924611142,8,1.0,,0.05,,Ap_mu,BARAJADO,,,3.7071067811865483,0.001258161695986905,,,1,float64,6,,,
0.00015848931924611142,8,1.0,,0.05,,Ap_mu,BARAJADO,,,3.707106781186549,0.0026550789141690546,,,1,float64,7,,,
0.00015848931924611142,8,1.0,,0.05,,Ap_mu,BARAJADO,,,5.121320343559643,-0.0024782705867074516,,,0,float64,8,,,
0.00015848931924611142,8,1.0,,0.05,,Ap_mu,BARAJADO,,,3.707106781186547,-0.0015831494544995433,,,0,float64,9,,,
0.00015848931924611142,8,1.0,,0.05,,Ap_mu,BARAJADO,,,4.581138830084191,-0.0017426733872742959,,,0,float64,10,,,
0.0002511886431509582,8,1.0,,0.05,,Ap_mu,REAL,,,4.0,0.006253287383992579,,,1,float64,1,,,
0.0002511886431509582,8,1.0,,0.05,,Ap_mu,REAL,,,4.414213562373094,0.0055176714503675315,,,1,float64,2,,,
0.0002511886431509582,8,1.0,,0.05,,Ap_mu,REAL,,,4.581138830084192,0.005479429621625821,,,1,float64,3,,,
0.0002511886431509582,8,1.0,,0.05,,Ap_mu,REAL,,,5.236067977499788,0.01105829665587043,,,1,float64,4,,,
0.0002511886431509582,8,1.0,,0.05,,Ap_mu,REAL,,,3.7071067811865483,0.006222569969094759,,,1,float64,5,,,
0.0002511886431509582,8,1.0,,0.05,,Ap_mu,REAL,,,3.7071067811865483,0.006357739962457316,,,1,float64,6,,,
0.0002511886431509582,8,1.0,,0.05,,Ap_mu,REAL,,,3.707106781186549,0.007189905431683143,,,1,float64,7,,,
0.0002511886431509582,8,1.0,,0.05,,Ap_mu,REAL,,,5.121320343559643,0.005664194716759991,,,1,float64,8,,,
0.0002511886431509582,8,1.0,,0.05,,Ap_mu,REAL,,,3.707106781186547,0.004621101603003961,,,1,float64,9,,,
0.0002511886431509582,8,1.0,,0.05,,Ap_mu,REAL,,,4.581138830084191,0.006172409458276198,,,1,float64,10,,,
0.0002511886431509582,8,1.0,,0.05,,Ap_mu,BARAJADO,,,4.0,-0.0008749495866028396,,,0,float64,1,,,
0.0002511886431509582,8,1.0,,0.05,,Ap_mu,BARAJADO,,,4.414213562373094,-0.002019754467512457,,,0,float64,2,,,
0.0002511886431509582,8,1.0,,0.05,,Ap_mu,BARAJADO,,,4.581138830084192,-0.00110100311614074,,,0,float64,3,,,
0.0002511886431509582,8,1.0,,0.05,,Ap_mu,BARAJADO,,,5.236067977499788,0.005340757539191365,,,1,float64,4,,,
0.0002511886431509582,8,1.0,,0.05,,Ap_mu,BARAJADO,,,3.7071067811865483,-0.00042509636110194384,,,0,float64,5,,,
0.0002511886431509582,8,1.0,,0.05,,Ap_mu,BARAJADO,,,3.7071067811865483,0.0011654433796901636,,,1,float64,6,,,
0.0002511886431509582,8,1.0,,0.05,,Ap_mu,BARAJADO,,,3.707106781186549,0.0025623605978723264,,,1,float64,7,,,
0.0002511886431509582,8,1.0,,0.05,,Ap_mu,BARAJADO,,,5.121320343559643,-0.002570988903004187,,,0,float64,8,,,
0.0002511886431509582,8,1.0,,0.05,,Ap_mu,BARAJADO,,,3.707106781186547,-0.0016758677707962844,,,0,float64,9,,,
0.0002511886431509582,8,1.0,,0.05,,Ap_mu,BARAJADO,,,4.581138830084191,-0.0018353917035710344,,,0,float64,10,,,
0.00039810717055349735,8,1.0,,0.05,,Ap_mu,REAL,,,4.0,0.006106321144043394,,,1,float64,1,,,
0.00039810717055349735,8,1.0,,0.05,,Ap_mu,REAL,,,4.414213562373094,0.005370705210418346,,,1,float64,2,,,
0.00039810717055349735,8,1.0,,0.05,,Ap_mu,REAL,,,4.581138830084192,0.005332463381676623,,,1,float64,3,,,
0.00039810717055349735,8,1.0,,0.05,,Ap_mu,REAL,,,5.236067977499788,0.010911330415921254,,,1,float64,4,,,
0.00039810717055349735,8,1.0,,0.05,,Ap_mu,REAL,,,3.7071067811865483,0.0060756037291455735,,,1,float64,5,,,
0.00039810717055349735,8,1.0,,0.05,,Ap_mu,REAL,,,3.7071067811865483,0.00621077372250815,,,1,float64,6,,,
0.00039810717055349735,8,1.0,,0.05,,Ap_mu,REAL,,,3.707106781186549,0.0070429391917339644,,,1,float64,7,,,
0.00039810717055349735,8,1.0,,0.05,,Ap_mu,REAL,,,5.121320343559643,0.005517228476810805,,,1,float64,8,,,
0.00039810717055349735,8,1.0,,0.05,,Ap_mu,REAL,,,3.707106781186547,0.004474135363054778,,,1,float64,9,,,
0.00039810717055349735,8,1.0,,0.05,,Ap_mu,REAL,,,4.581138830084191,0.006025443218327011,,,1,float64,10,,,
0.00039810717055349735,8,1.0,,0.05,,Ap_mu,BARAJADO,,,4.0,-0.0010219158265520208,,,0,float64,1,,,
0.00039810717055349735,8,1.0,,0.05,,Ap_mu,BARAJADO,,,4.414213562373094,-0.0021667207074616414,,,0,float64,2,,,
0.00039810717055349735,8,1.0,,0.05,,Ap_mu,BARAJADO,,,4.581138830084192,-0.0012479693560899282,,,0,float64,3,,,
0.00039810717055349735,8,1.0,,0.05,,Ap_mu,BARAJADO,,,5.236067977499788,0.005193791299242187,,,1,float64,4,,,
0.00039810717055349735,8,1.0,,0.05,,Ap_mu,BARAJADO,,,3.7071067811865483,-0.0005720626010511179,,,0,float64,5,,,
0.00039810717055349735,8,1.0,,0.05,,Ap_mu,BARAJADO,,,3.7071067811865483,0.0010184771397409795,,,1,float64,6,,,
0.00039810717055349735,8,1.0,,0.05,,Ap_mu,BARAJADO,,,3.707106781186549,0.0024153943579231433,,,1,float64,7,,,
0.00039810717055349735,8,1.0,,0.05,,Ap_mu,BARAJADO,,,5.121320343559643,-0.002717955142953369,,,0,float64,8,,,
0.00039810717055349735,8,1.0,,0.05,,Ap_mu,BARAJADO,,,3.707106781186547,-0.0018228340107454566,,,0,float64,9,,,
0.00039810717055349735,8,1.0,,0.05,,Ap_mu,BARAJADO,,,4.581138830084191,-0.0019823579435202187,,,0,float64,10,,,
0.000630957344480193,8,1.0,,0.05,,Ap_mu,REAL,,,4.0,0.005873351098460144,,,1,float64,1,,,
0.000630957344480193,8,1.0,,0.05,,Ap_mu,REAL,,,4.414213562373094,0.005137735164835087,,,1,float64,2,,,
0.000630957344480193,8,1.0,,0.05,,Ap_mu,REAL,,,4.581138830084192,0.005099493336093359,,,1,float64,3,,,
0.000630957344480193,8,1.0,,0.05,,Ap_mu,REAL,,,5.236067977499788,0.010678360370338003,,,1,float64,4,,,
0.000630957344480193,8,1.0,,0.05,,Ap_mu,REAL,,,3.7071067811865483,0.005842633683562331,,,1,float64,5,,,
0.000630957344480193,8,1.0,,0.05,,Ap_mu,REAL,,,3.7071067811865483,0.0059778036769248975,,,1,float64,6,,,
0.000630957344480193,8,1.0,,0.05,,Ap_mu,REAL,,,3.707106781186549,0.006809969146150707,,,1,float64,7,,,
0.000630957344480193,8,1.0,,0.05,,Ap_mu,REAL,,,5.121320343559643,0.005284258431227551,,,1,float64,8,,,
0.000630957344480193,8,1.0,,0.05,,Ap_mu,REAL,,,3.707106781186547,0.004241165317471534,,,1,float64,9,,,
0.000630957344480193,8,1.0,,0.05,,Ap_mu,REAL,,,4.581138830084191,0.005792473172743754,,,1,float64,10,,,
0.000630957344480193,8,1.0,,0.05,,Ap_mu,BARAJADO,,,4.0,-0.001254885872135279,,,0,float64,1,,,
0.000630957344480193,8,1.0,,0.05,,Ap_mu,BARAJADO,,,4.414213562373094,-0.002399690753044902,,,0,float64,2,,,
0.000630957344480193,8,1.0,,0.05,,Ap_mu,BARAJADO,,,4.581138830084192,-0.0014809394016731816,,,0,float64,3,,,
0.000630957344480193,8,1.0,,0.05,,Ap_mu,BARAJADO,,,5.236067977499788,0.004960821253658949,,,1,float64,4,,,
0.000630957344480193,8,1.0,,0.05,,Ap_mu,BARAJADO,,,3.7071067811865483,-0.0008050326466343677,,,0,float64,5,,,
0.000630957344480193,8,1.0,,0.05,,Ap_mu,BARAJADO,,,3.7071067811865483,0.0007855070941577299,,,1,float64,6,,,
0.000630957344480193,8,1.0,,0.05,,Ap_mu,BARAJADO,,,3.707106781186549,0.0021824243123398984,,,1,float64,7,,,
0.000630957344480193,8,1.0,,0.05,,Ap_mu,BARAJADO,,,5.121320343559643,-0.002950925188536615,,,0,float64,8,,,
0.000630957344480193,8,1.0,,0.05,,Ap_mu,BARAJADO,,,3.707106781186547,-0.0020558040563287087,,,0,float64,9,,,
0.000630957344480193,8,1.0,,0.05,,Ap_mu,BARAJADO,,,4.581138830084191,-0.0022153279891034714,,,0,float64,10,,,
0.001,8,1.0,,0.05,,Ap_mu,REAL,,,4.0,0.005504007246711235,,,1,float64,1,,,
0.001,8,1.0,,0.05,,Ap_mu,REAL,,,4.414213562373094,0.004768391313086178,,,1,float64,2,,,
0.001,8,1.0,,0.05,,Ap_mu,REAL,,,4.581138830084192,0.004730149484344445,,,1,float64,3,,,
0.001,8,1.0,,0.05,,Ap_mu,REAL,,,5.236067977499788,0.010309016518589089,,,1,float64,4,,,
0.001,8,1.0,,0.05,,Ap_mu,REAL,,,3.7071067811865483,0.005473289831813397,,,1,float64,5,,,
0.001,8,1.0,,0.05,,Ap_mu,REAL,,,3.7071067811865483,0.00560845982517598,,,1,float64,6,,,
0.001,8,1.0,,0.05,,Ap_mu,REAL,,,3.707106781186549,0.006440625294401803,,,1,float64,7,,,
0.001,8,1.0,,0.05,,Ap_mu,REAL,,,5.121320343559643,0.00491491457947863,,,1,float64,8,,,
0.001,8,1.0,,0.05,,Ap_mu,REAL,,,3.707106781186547,0.003871821465722613,,,1,float64,9,,,
0.001,8,1.0,,0.05,,Ap_mu,REAL,,,4.581138830084191,0.00542312932099484,,,1,float64,10,,,
0.001,8,1.0,,0.05,,Ap_mu,BARAJADO,,,4.0,-0.0016242297238841885,,,0,float64,1,,,
0.001,8,1.0,,0.05,,Ap_mu,BARAJADO,,,4.414213562373094,-0.00276903460479381,,,0,float64,2,,,
0.001,8,1.0,,0.05,,Ap_mu,BARAJADO,,,4.581138830084192,-0.0018502832534220942,,,0,float64,3,,,
0.001,8,1.0,,0.05,,Ap_mu,BARAJADO,,,5.236067977499788,0.004591477401910033,,,1,float64,4,,,
0.001,8,1.0,,0.05,,Ap_mu,BARAJADO,,,3.7071067811865483,-0.0011743764983832858,,,0,float64,5,,,
0.001,8,1.0,,0.05,,Ap_mu,BARAJADO,,,3.7071067811865483,0.0004161632424088163,,,1,float64,6,,,
0.001,8,1.0,,0.05,,Ap_mu,BARAJADO,,,3.707106781186549,0.001813080460590975,,,1,float64,7,,,
0.001,8,1.0,,0.05,,Ap_mu,BARAJADO,,,5.121320343559643,-0.0033202690402855317,,,0,float64,8,,,
0.001,8,1.0,,0.05,,Ap_mu,BARAJADO,,,3.707106781186547,-0.002425147908077621,,,0,float64,9,,,
0.001,8,1.0,,0.05,,Ap_mu,BARAJADO,,,4.581138830084191,-0.002584671840852382,,,0,float64,10,,,
0.001584893192461114,8,1.0,,0.05,,Ap_mu,REAL,,,4.0,0.004918357116014578,,,1,float64,1,,,
0.001584893192461114,8,1.0,,0.05,,Ap_mu,REAL,,,4.414213562373094,0.0041827411823895195,,,1,float64,2,,,
0.001584893192461114,8,1.0,,0.05,,Ap_mu,REAL,,,4.581138830084192,0.004144499353647812,,,1,float64,3,,,
0.001584893192461114,8,1.0,,0.05,,Ap_mu,REAL,,,5.236067977499788,0.009723366387892427,,,1,float64,4,,,
0.001584893192461114,8,1.0,,0.05,,Ap_mu,REAL,,,3.7071067811865483,0.004887639701116749,,,1,float64,5,,,
0.001584893192461114,8,1.0,,0.05,,Ap_mu,REAL,,,3.7071067811865483,0.005022809694479319,,,1,float64,6,,,
0.001584893192461114,8,1.0,,0.05,,Ap_mu,REAL,,,3.707106781186549,0.005854975163705141,,,1,float64,7,,,
0.001584893192461114,8,1.0,,0.05,,Ap_mu,REAL,,,5.121320343559643,0.004329264448781991,,,1,float64,8,,,
0.001584893192461114,8,1.0,,0.05,,Ap_mu,REAL,,,3.707106781186547,0.003286171335025964,,,1,float64,9,,,
0.001584893192461114,8,1.0,,0.05,,Ap_mu,REAL,,,4.581138830084191,0.004837479190298191,,,1,float64,10,,,
0.001584893192461114,8,1.0,,0.05,,Ap_mu,BARAJADO,,,4.0,-0.002209879854580842,,,0,float64,1,,,
0.001584893192461114,8,1.0,,0.05,,Ap_mu,BARAJADO,,,4.414213562373094,-0.0033546847354904573,,,0,float64,2,,,
0.001584893192461114,8,1.0,,0.05,,Ap_mu,BARAJADO,,,4.581138830084192,-0.002435933384118742,,,0,float64,3,,,
0.001584893192461114,8,1.0,,0.05,,Ap_mu,BARAJADO,,,5.236067977499788,0.004005827271213371,,,1,float64,4,,,
0.001584893192461114,8,1.0,,0.05,,Ap_mu,BARAJADO,,,3.7071067811865483,-0.001760026629079937,,,0,float64,5,,,
0.001584893192461114,8,1.0,,0.05,,Ap_mu,BARAJADO,,,3.7071067811865483,-0.0001694868882878472,,,0,float64,6,,,
0.001584893192461114,8,1.0,,0.05,,Ap_mu,BARAJADO,,,3.707106781186549,0.0012274303298943226,,,1,float64,7,,,
0.001584893192461114,8,1.0,,0.05,,Ap_mu,BARAJADO,,,5.121320343559643,-0.0039059191709821923,,,0,float64,8,,,
0.001584893192461114,8,1.0,,0.05,,Ap_mu,BARAJADO,,,3.707106781186547,-0.0030107980387742723,,,0,float64,9,,,
0.001584893192461114,8,1.0,,0.05,,Ap_mu,BARAJADO,,,4.581138830084191,-0.003170321971549037,,,0,float64,10,,,
0.002511886431509582,8,1.0,,0.05,,Ap_mu,REAL,,,4.0,0.003989461069112763,,,1,float64,1,,,
0.002511886431509582,8,1.0,,0.05,,Ap_mu,REAL,,,4.414213562373094,0.0032538451354877057,,,1,float64,2,,,
0.002511886431509582,8,1.0,,0.05,,Ap_mu,REAL,,,4.581138830084192,0.0032156033067459885,,,1,float64,3,,,
0.002511886431509582,8,1.0,,0.05,,Ap_mu,REAL,,,5.236067977499788,0.008794470340990618,,,1,float64,4,,,
0.002511886431509582,8,1.0,,0.05,,Ap_mu,REAL,,,3.7071067811865483,0.003958743654214942,,,1,float64,5,,,
0.002511886431509582,8,1.0,,0.05,,Ap_mu,REAL,,,3.7071067811865483,0.004093913647577519,,,1,float64,6,,,
0.002511886431509582,8,1.0,,0.05,,Ap_mu,REAL,,,3.707106781186549,0.00492607911680334,,,1,float64,7,,,
0.002511886431509582,8,1.0,,0.05,,Ap_mu,REAL,,,5.121320343559643,0.003400368401880175,,,1,float64,8,,,
0.002511886431509582,8,1.0,,0.05,,Ap_mu,REAL,,,3.707106781186547,0.0023572752881241337,,,1,float64,9,,,
0.002511886431509582,8,1.0,,0.05,,Ap_mu,REAL,,,4.581138830084191,0.003908583143396372,,,1,float64,10,,,
0.002511886431509582,8,1.0,,0.05,,Ap_mu,BARAJADO,,,4.0,-0.0031387759014826575,,,0,float64,1,,,
0.002511886431509582,8,1.0,,0.05,,Ap_mu,BARAJADO,,,4.414213562373094,-0.004283580782392275,,,0,float64,2,,,
0.002511886431509582,8,1.0,,0.05,,Ap_mu,BARAJADO,,,4.581138830084192,-0.003364829431020552,,,0,float64,3,,,
0.002511886431509582,8,1.0,,0.05,,Ap_mu,BARAJADO,,,5.236067977499788,0.003076931224311557,,,1,float64,4,,,
0.002511886431509582,8,1.0,,0.05,,Ap_mu,BARAJADO,,,3.7071067811865483,-0.002688922675981751,,,0,float64,5,,,
0.002511886431509582,8,1.0,,0.05,,Ap_mu,BARAJADO,,,3.7071067811865483,-0.001098382935189658,,,0,float64,6,,,
0.002511886431509582,8,1.0,,0.05,,Ap_mu,BARAJADO,,,3.707106781186549,0.0002985342829925053,,,1,float64,7,,,
0.002511886431509582,8,1.0,,0.05,,Ap_mu,BARAJADO,,,5.121320343559643,-0.004834815217883996,,,0,float64,8,,,
0.002511886431509582,8,1.0,,0.05,,Ap_mu,BARAJADO,,,3.707106781186547,-0.003939694085676082,,,0,float64,9,,,
0.002511886431509582,8,1.0,,0.05,,Ap_mu,BARAJADO,,,4.581138830084191,-0.004099218018450843,,,0,float64,10,,,
0.003981071705534973,8,1.0,,0.05,,Ap_mu,REAL,,,4.0,0.002515490313888174,,,1,float64,1,,,
0.003981071705534973,8,1.0,,0.05,,Ap_mu,REAL,,,4.414213562373094,0.001779874380263132,,,1,float64,2,,,
0.003981071705534973,8,1.0,,0.05,,Ap_mu,REAL,,,4.581138830084192,0.0017416325515214408,,,1,float64,3,,,
0.003981071705534973,8,1.0,,0.05,,Ap_mu,REAL,,,5.236067977499788,0.0073204995857660445,,,1,float64,4,,,
0.003981071705534973,8,1.0,,0.05,,Ap_mu,REAL,,,3.7071067811865483,0.0024847728989903627,,,1,float64,5,,,
0.003981071705534973,8,1.0,,0.05,,Ap_mu,REAL,,,3.7071067811865483,0.0026199428923529265,,,1,float64,6,,,
0.003981071705534973,8,1.0,,0.05,,Ap_mu,REAL,,,3.707106781186549,0.003452108361578752,,,1,float64,7,,,
0.003981071705534973,8,1.0,,0.05,,Ap_mu,REAL,,,5.121320343559643,0.0019263976466555896,,,1,float64,8,,,
0.003981071705534973,8,1.0,,0.05,,Ap_mu,REAL,,,3.707106781186547,0.0008833045328995601,,,1,float64,9,,,
0.003981071705534973,8,1.0,,0.05,,Ap_mu,REAL,,,4.581138830084191,0.0024346123881717977,,,1,float64,10,,,
0.003981071705534973,8,1.0,,0.05,,Ap_mu,BARAJADO,,,4.0,-0.004612746656707238,,,0,float64,1,,,
0.003981071705534973,8,1.0,,0.05,,Ap_mu,BARAJADO,,,4.414213562373094,-0.005757551537616855,,,0,float64,2,,,
0.003981071705534973,8,1.0,,0.05,,Ap_mu,BARAJADO,,,4.581138830084192,-0.004838800186245142,,,0,float64,3,,,
0.003981071705534973,8,1.0,,0.05,,Ap_mu,BARAJADO,,,5.236067977499788,0.001602960469086986,,,1,float64,4,,,
0.003981071705534973,8,1.0,,0.05,,Ap_mu,BARAJADO,,,3.7071067811865483,-0.004162893431206331,,,0,float64,5,,,
0.003981071705534973,8,1.0,,0.05,,Ap_mu,BARAJADO,,,3.7071067811865483,-0.0025723536904142465,,,0,float64,6,,,
0.003981071705534973,8,1.0,,0.05,,Ap_mu,BARAJADO,,,3.707106781186549,-0.001175436472232093,,,0,float64,7,,,
0.003981071705534973,8,1.0,,0.05,,Ap_mu,BARAJADO,,,5.121320343559643,-0.006308785973108586,,,0,float64,8,,,
0.003981071705534973,8,1.0,,0.05,,Ap_mu,BARAJADO,,,3.707106781186547,-0.005413664840900667,,,0,float64,9,,,
0.003981071705534973,8,1.0,,0.05,,Ap_mu,BARAJADO,,,4.581138830084191,-0.005573188773675435,,,0,float64,10,,,
0.006309573444801936,8,1.0,,0.05,,Ap_mu,REAL,,,4.0,0.0001749446491835142,,,1,float64,1,,,
0.006309573444801936,8,1.0,,0.05,,Ap_mu,REAL,,,4.414213562373094,-0.0005606712844415549,,,0,float64,2,,,
0.006309573444801936,8,1.0,,0.05,,Ap_mu,REAL,,,4.581138830084192,-0.00059891311318327,,,0,float64,3,,,
0.006309573444801936,8,1.0,,0.05,,Ap_mu,REAL,,,5.236067977499788,0.00497995392106137,,,1,float64,4,,,
0.006309573444801936,8,1.0,,0.05,,Ap_mu,REAL,,,3.7071067811865483,0.00014422723428569436,,,1,float64,5,,,
0.006309573444801936,8,1.0,,0.05,,Ap_mu,REAL,,,3.7071067811865483,0.00027939722764826875,,,1,float64,6,,,
0.006309573444801936,8,1.0,,0.05,,Ap_mu,REAL,,,3.707106781186549,0.001111562696874083,,,1,float64,7,,,
0.006309573444801936,8,1.0,,0.05,,Ap_mu,REAL,,,5.121320343559643,-0.00041414801804909627,,,0,float64,8,,,
0.006309573444801936,8,1.0,,0.05,,Ap_mu,REAL,,,3.707106781186547,-0.0014572411318051282,,,0,float64,9,,,
0.006309573444801936,8,1.0,,0.05,,Ap_mu,REAL,,,4.581138830084191,9.406672346713658e-05,,,1,float64,10,,,
0.006309573444801936,8,1.0,,0.05,,Ap_mu,BARAJADO,,,4.0,-0.00695329232141191,,,0,float64,1,,,
0.006309573444801936,8,1.0,,0.05,,Ap_mu,BARAJADO,,,4.414213562373094,-0.008098097202321517,,,0,float64,2,,,
0.006309573444801936,8,1.0,,0.05,,Ap_mu,BARAJADO,,,4.581138830084192,-0.007179345850949807,,,0,float64,3,,,
0.006309573444801936,8,1.0,,0.05,,Ap_mu,BARAJADO,,,5.236067977499788,-0.0007375851956177129,,,0,float64,4,,,
0.006309573444801936,8,1.0,,0.05,,Ap_mu,BARAJADO,,,3.7071067811865483,-0.006503439095910994,,,0,float64,5,,,
0.006309573444801936,8,1.0,,0.05,,Ap_mu,BARAJADO,,,3.7071067811865483,-0.004912899355118914,,,0,float64,6,,,
0.006309573444801936,8,1.0,,0.05,,Ap_mu,BARAJADO,,,3.707106781186549,-0.0035159821369367583,,,0,float64,7,,,
0.006309573444801936,8,1.0,,0.05,,Ap_mu,BARAJADO,,,5.121320343559643,-0.008649331637813245,,,0,float64,8,,,
0.006309573444801936,8,1.0,,0.05,,Ap_mu,BARAJADO,,,3.707106781186547,-0.007754210505605339,,,0,float64,9,,,
0.006309573444801936,8,1.0,,0.05,,Ap_mu,BARAJADO,,,4.581138830084191,-0.007913734438380093,,,0,float64,10,,,
0.01,8,1.0,,0.05,,Ap_mu,REAL,,,4.0,-0.0035458282732067042,,,0,float64,1,,,
0.01,8,1.0,,0.05,,Ap_mu,REAL,,,4.414213562373094,-0.004281444206831758,,,0,float64,2,,,
0.01,8,1.0,,0.05,,Ap_mu,REAL,,,4.581138830084192,-0.004319686035573458,,,0,float64,3,,,
0.01,8,1.0,,0.05,,Ap_mu,REAL,,,5.236067977499788,0.001259180998671173,,,1,float64,4,,,
0.01,8,1.0,,0.05,,Ap_mu,REAL,,,3.7071067811865483,-0.0035765456881045217,,,0,float64,5,,,
0.01,8,1.0,,0.05,,Ap_mu,REAL,,,3.7071067811865483,-0.003441375694741955,,,0,float64,6,,,
0.01,8,1.0,,0.05,,Ap_mu,REAL,,,3.707106781186549,-0.002609210225516142,,,0,float64,7,,,
0.01,8,1.0,,0.05,,Ap_mu,REAL,,,5.121320343559643,-0.004134920940439291,,,0,float64,8,,,
0.01,8,1.0,,0.05,,Ap_mu,REAL,,,3.707106781186547,-0.005178014054195334,,,0,float64,9,,,
0.01,8,1.0,,0.05,,Ap_mu,REAL,,,4.581138830084191,-0.003626706198923095,,,0,float64,10,,,
0.01,8,1.0,,0.05,,Ap_mu,BARAJADO,,,4.0,-0.010674065243802114,,,0,float64,1,,,
0.01,8,1.0,,0.05,,Ap_mu,BARAJADO,,,4.414213562373094,-0.01181887012471173,,,0,float64,2,,,
0.01,8,1.0,,0.05,,Ap_mu,BARAJADO,,,4.581138830084192,-0.010900118773340002,,,0,float64,3,,,
0.01,8,1.0,,0.05,,Ap_mu,BARAJADO,,,5.236067977499788,-0.004458358118007909,,,0,float64,4,,,
0.01,8,1.0,,0.05,,Ap_mu,BARAJADO,,,3.7071067811865483,-0.010224212018301197,,,0,float64,5,,,
0.01,8,1.0,,0.05,,Ap_mu,BARAJADO,,,3.7071067811865483,-0.008633672277509115,,,0,float64,6,,,
0.01,8,1.0,,0.05,,Ap_mu,BARAJADO,,,3.707106781186549,-0.007236755059326958,,,0,float64,7,,,
0.01,8,1.0,,0.05,,Ap_mu,BARAJADO,,,5.121320343559643,-0.012370104560203458,,,0,float64,8,,,
0.01,8,1.0,,0.05,,Ap_mu,BARAJADO,,,3.707106781186547,-0.011474983427995538,,,0,float64,9,,,
0.01,8,1.0,,0.05,,Ap_mu,BARAJADO,,,4.581138830084191,-0.011634507360770305,,,0,float64,10,,,
0.01584893192461114,8,1.0,,0.05,,Ap_mu,REAL,,,4.0,-0.009471361666405182,,,0,float64,1,,,
0.01584893192461114,8,1.0,,0.05,,Ap_mu,REAL,,,4.414213562373094,-0.010206977600030248,,,0,float64,2,,,
0.01584893192461114,8,1.0,,0.05,,Ap_mu,REAL,,,4.581138830084192,-0.010245219428771955,,,0,float64,3,,,
0.01584893192461114,8,1.0,,0.05,,Ap_mu,REAL,,,5.236067977499788,-0.004666352394527326,,,0,float64,4,,,
0.01584893192461114,8,1.0,,0.05,,Ap_mu,REAL,,,3.7071067811865483,-0.009502079081303011,,,0,float64,5,,,
0.01584893192461114,8,1.0,,0.05,,Ap_mu,REAL,,,3.7071067811865483,-0.009366909087940432,,,0,float64,6,,,
0.01584893192461114,8,1.0,,0.05,,Ap_mu,REAL,,,3.707106781186549,-0.008534743618714626,,,0,float64,7,,,
0.01584893192461114,8,1.0,,0.05,,Ap_mu,REAL,,,5.121320343559643,-0.010060454333637775,,,0,float64,8,,,
0.01584893192461114,8,1.0,,0.05,,Ap_mu,REAL,,,3.707106781186547,-0.011103547447393818,,,0,float64,9,,,
0.01584893192461114,8,1.0,,0.05,,Ap_mu,REAL,,,4.581138830084191,-0.009552239592121588,,,0,float64,10,,,
0.01584893192461114,8,1.0,,0.05,,Ap_mu,BARAJADO,,,4.0,-0.01659959863700059,,,0,float64,1,,,
0.01584893192461114,8,1.0,,0.05,,Ap_mu,BARAJADO,,,4.414213562373094,-0.01774440351791021,,,0,float64,2,,,
0.01584893192461114,8,1.0,,0.05,,Ap_mu,BARAJADO,,,4.581138830084192,-0.016825652166538495,,,0,float64,3,,,
0.01584893192461114,8,1.0,,0.05,,Ap_mu,BARAJADO,,,5.236067977499788,-0.010383891511206394,,,0,float64,4,,,
0.01584893192461114,8,1.0,,0.05,,Ap_mu,BARAJADO,,,3.7071067811865483,-0.01614974541149967,,,0,float64,5,,,
0.01584893192461114,8,1.0,,0.05,,Ap_mu,BARAJADO,,,3.7071067811865483,-0.01455920567070759,,,0,float64,6,,,
0.01584893192461114,8,1.0,,0.05,,Ap_mu,BARAJADO,,,3.707106781186549,-0.013162288452525445,,,0,float64,7,,,
0.01584893192461114,8,1.0,,0.05,,Ap_mu,BARAJADO,,,5.121320343559643,-0.01829563795340193,,,0,float64,8,,,
0.01584893192461114,8,1.0,,0.05,,Ap_mu,BARAJADO,,,3.707106781186547,-0.017400516821194024,,,0,float64,9,,,
0.01584893192461114,8,1.0,,0.05,,Ap_mu,BARAJADO,,,4.581138830084191,-0.017560040753968775,,,0,float64,10,,,
0.025118864315095822,8,1.0,,0.05,,Ap_mu,REAL,,,4.0,-0.018935219953928394,,,0,float64,1,,,
0.025118864315095822,8,1.0,,0.05,,Ap_mu,REAL,,,4.414213562373094,-0.019670835887553455,,,0,float64,2,,,
0.025118864315095822,8,1.0,,0.05,,Ap_mu,REAL,,,4.581138830084192,-0.019709077716295157,,,0,float64,3,,,
0.025118864315095822,8,1.0,,0.05,,Ap_mu,REAL,,,5.236067977499788,-0.014130210682050543,,,0,float64,4,,,
0.025118864315095822,8,1.0,,0.05,,Ap_mu,REAL,,,3.7071067811865483,-0.018965937368826218,,,0,float64,5,,,
0.025118864315095822,8,1.0,,0.05,,Ap_mu,REAL,,,3.7071067811865483,-0.018830767375463648,,,0,float64,6,,,
0.025118864315095822,8,1.0,,0.05,,Ap_mu,REAL,,,3.707106781186549,-0.017998601906237838,,,0,float64,7,,,
0.025118864315095822,8,1.0,,0.05,,Ap_mu,REAL,,,5.121320343559643,-0.019524312621160993,,,0,float64,8,,,
0.025118864315095822,8,1.0,,0.05,,Ap_mu,REAL,,,3.707106781186547,-0.02056740573491702,,,0,float64,9,,,
0.025118864315095822,8,1.0,,0.05,,Ap_mu,REAL,,,4.581138830084191,-0.019016097879644787,,,0,float64,10,,,
0.025118864315095822,8,1.0,,0.05,,Ap_mu,BARAJADO,,,4.0,-0.0260634569245238,,,0,float64,1,,,
0.025118864315095822,8,1.0,,0.05,,Ap_mu,BARAJADO,,,4.414213562373094,-0.02720826180543341,,,0,float64,2,,,
0.025118864315095822,8,1.0,,0.05,,Ap_mu,BARAJADO,,,4.581138830084192,-0.026289510454061697,,,0,float64,3,,,
0.025118864315095822,8,1.0,,0.05,,Ap_mu,BARAJADO,,,5.236067977499788,-0.019847749798729598,,,0,float64,4,,,
0.025118864315095822,8,1.0,,0.05,,Ap_mu,BARAJADO,,,3.7071067811865483,-0.025613603699022894,,,0,float64,5,,,
0.025118864315095822,8,1.0,,0.05,,Ap_mu,BARAJADO,,,3.7071067811865483,-0.02402306395823081,,,0,float64,6,,,
0.025118864315095822,8,1.0,,0.05,,Ap_mu,BARAJADO,,,3.707106781186549,-0.02262614674004866,,,0,float64,7,,,
0.025118864315095822,8,1.0,,0.05,,Ap_mu,BARAJADO,,,5.121320343559643,-0.027759496240925143,,,0,float64,8,,,
0.025118864315095822,8,1.0,,0.05,,Ap_mu,BARAJADO,,,3.707106781186547,-0.026864375108717226,,,0,float64,9,,,
0.025118864315095822,8,1.0,,0.05,,Ap_mu,BARAJADO,,,4.581138830084191,-0.027023899041491998,,,0,float64,10,,,
0.039810717055349734,8,1.0,,0.05,,Ap_mu,REAL,,,4.0,-0.03412033664134707,,,0,float64,1,,,
0.039810717055349734,8,1.0,,0.05,,Ap_mu,REAL,,,4.414213562373094,-0.034855952574972114,,,0,float64,2,,,
0.039810717055349734,8,1.0,,0.05,,Ap_mu,REAL,,,4.581138830084192,-0.034894194403713844,,,0,float64,3,,,
0.039810717055349734,8,1.0,,0.05,,Ap_mu,REAL,,,5.236067977499788,-0.029315327369469197,,,0,float64,4,,,
0.039810717055349734,8,1.0,,0.05,,Ap_mu,REAL,,,3.7071067811865483,-0.034151054056244884,,,0,float64,5,,,
0.039810717055349734,8,1.0,,0.05,,Ap_mu,REAL,,,3.7071067811865483,-0.03401588406288231,,,0,float64,6,,,
0.039810717055349734,8,1.0,,0.05,,Ap_mu,REAL,,,3.707106781186549,-0.0331837185936565,,,0,float64,7,,,
0.039810717055349734,8,1.0,,0.05,,Ap_mu,REAL,,,5.121320343559643,-0.034709429308579655,,,0,float64,8,,,
0.039810717055349734,8,1.0,,0.05,,Ap_mu,REAL,,,3.707106781186547,-0.03575252242233568,,,0,float64,9,,,
0.039810717055349734,8,1.0,,0.05,,Ap_mu,REAL,,,4.581138830084191,-0.03420121456706346,,,0,float64,10,,,
0.039810717055349734,8,1.0,,0.05,,Ap_mu,BARAJADO,,,4.0,-0.041248573611942466,,,0,float64,1,,,
0.039810717055349734,8,1.0,,0.05,,Ap_mu,BARAJADO,,,4.414213562373094,-0.042393378492852095,,,0,float64,2,,,
0.039810717055349734,8,1.0,,0.05,,Ap_mu,BARAJADO,,,4.581138830084192,-0.041474627141480355,,,0,float64,3,,,
0.039810717055349734,8,1.0,,0.05,,Ap_mu,BARAJADO,,,5.236067977499788,-0.03503286648614827,,,0,float64,4,,,
0.039810717055349734,8,1.0,,0.05,,Ap_mu,BARAJADO,,,3.7071067811865483,-0.04079872038644156,,,0,float64,5,,,
0.039810717055349734,8,1.0,,0.05,,Ap_mu,BARAJADO,,,3.7071067811865483,-0.03920818064564947,,,0,float64,6,,,
0.039810717055349734,8,1.0,,0.05,,Ap_mu,BARAJADO,,,3.707106781186549,-0.037811263427467316,,,0,float64,7,,,
0.039810717055349734,8,1.0,,0.05,,Ap_mu,BARAJADO,,,5.121320343559643,-0.0429446129283438,,,0,float64,8,,,
0.039810717055349734,8,1.0,,0.05,,Ap_mu,BARAJADO,,,3.707106781186547,-0.04204949179613589,,,0,float64,9,,,
0.039810717055349734,8,1.0,,0.05,,Ap_mu,BARAJADO,,,4.581138830084191,-0.04220901572891066,,,0,float64,10,,,
0.06309573444801936,8,1.0,,0.05,,Ap_mu,REAL,,,4.0,-0.05866966561913623,,,0,float64,1,,,
0.06309573444801936,8,1.0,,0.05,,Ap_mu,REAL,,,4.414213562373094,-0.059405281552761285,,,0,float64,2,,,
0.06309573444801936,8,1.0,,0.05,,Ap_mu,REAL,,,4.581138830084192,-0.059443523381502994,,,0,float64,3,,,
0.06309573444801936,8,1.0,,0.05,,Ap_mu,REAL,,,5.236067977499788,-0.05386465634725837,,,0,float64,4,,,
0.06309573444801936,8,1.0,,0.05,,Ap_mu,REAL,,,3.7071067811865483,-0.058700383034034055,,,0,float64,5,,,
0.06309573444801936,8,1.0,,0.05,,Ap_mu,REAL,,,3.7071067811865483,-0.05856521304067147,,,0,float64,6,,,
0.06309573444801936,8,1.0,,0.05,,Ap_mu,REAL,,,3.707106781186549,-0.05773304757144567,,,0,float64,7,,,
0.06309573444801936,8,1.0,,0.05,,Ap_mu,REAL,,,5.121320343559643,-0.05925875828636881,,,0,float64,8,,,
0.06309573444801936,8,1.0,,0.05,,Ap_mu,REAL,,,3.707106781186547,-0.060301851400124847,,,0,float64,9,,,
0.06309573444801936,8,1.0,,0.05,,Ap_mu,REAL,,,4.581138830084191,-0.05875054354485263,,,0,float64,10,,,
0.06309573444801936,8,1.0,,0.05,,Ap_mu,BARAJADO,,,4.0,-0.06579790258973162,,,0,float64,1,,,
0.06309573444801936,8,1.0,,0.05,,Ap_mu,BARAJADO,,,4.414213562373094,-0.06694270747064125,,,0,float64,2,,,
0.06309573444801936,8,1.0,,0.05,,Ap_mu,BARAJADO,,,4.581138830084192,-0.06602395611926952,,,0,float64,3,,,
0.06309573444801936,8,1.0,,0.05,,Ap_mu,BARAJADO,,,5.236067977499788,-0.05958219546393742,,,0,float64,4,,,
0.06309573444801936,8,1.0,,0.05,,Ap_mu,BARAJADO,,,3.7071067811865483,-0.06534804936423072,,,0,float64,5,,,
0.06309573444801936,8,1.0,,0.05,,Ap_mu,BARAJADO,,,3.7071067811865483,-0.06375750962343864,,,0,float64,6,,,
0.06309573444801936,8,1.0,,0.05,,Ap_mu,BARAJADO,,,3.707106781186549,-0.06236059240525648,,,0,float64,7,,,
0.06309573444801936,8,1.0,,0.05,,Ap_mu,BARAJADO,,,5.121320343559643,-0.06749394190613298,,,0,float64,8,,,
0.06309573444801936,8,1.0,,0.05,,Ap_mu,BARAJADO,,,3.707106781186547,-0.06659882077392507,,,0,float64,9,,,
0.06309573444801936,8,1.0,,0.05,,Ap_mu,BARAJADO,,,4.581138830084191,-0.06675834470669982,,,0,float64,10,,,
0.1,8,1.0,,0.05,,Ap_mu,REAL,,,4.0,-0.09885600807753153,,,0,float64,1,,,
0.1,8,1.0,,0.05,,Ap_mu,REAL,,,4.414213562373094,-0.0995916240111566,,,0,float64,2,,,
0.1,8,1.0,,0.05,,Ap_mu,REAL,,,4.581138830084192,-0.09962986583989832,,,0,float64,3,,,
0.1,8,1.0,,0.05,,Ap_mu,REAL,,,5.236067977499788,-0.09405099880565367,,,0,float64,4,,,
0.1,8,1.0,,0.05,,Ap_mu,REAL,,,3.7071067811865483,-0.09888672549242936,,,0,float64,5,,,
0.1,8,1.0,,0.05,,Ap_mu,REAL,,,3.7071067811865483,-0.09875155549906678,,,0,float64,6,,,
0.1,8,1.0,,0.05,,Ap_mu,REAL,,,3.707106781186549,-0.09791939002984096,,,0,float64,7,,,
0.1,8,1.0,,0.05,,Ap_mu,REAL,,,5.121320343559643,-0.09944510074476412,,,0,float64,8,,,
0.1,8,1.0,,0.05,,Ap_mu,REAL,,,3.707106781186547,-0.10048819385852015,,,0,float64,9,,,
0.1,8,1.0,,0.05,,Ap_mu,REAL,,,4.581138830084191,-0.0989368860032479,,,0,float64,10,,,
0.1,8,1.0,,0.05,,Ap_mu,BARAJADO,,,4.0,-0.10598424504812694,,,0,float64,1,,,
0.1,8,1.0,,0.05,,Ap_mu,BARAJADO,,,4.414213562373094,-0.10712904992903656,,,0,float64,2,,,
0.1,8,1.0,,0.05,,Ap_mu,BARAJADO,,,4.581138830084192,-0.10621029857766484,,,0,float64,3,,,
0.1,8,1.0,,0.05,,Ap_mu,BARAJADO,,,5.236067977499788,-0.09976853792233274,,,0,float64,4,,,
0.1,8,1.0,,0.05,,Ap_mu,BARAJADO,,,3.7071067811865483,-0.10553439182262603,,,0,float64,5,,,
0.1,8,1.0,,0.05,,Ap_mu,BARAJADO,,,3.7071067811865483,-0.10394385208183393,,,0,float64,6,,,
0.1,8,1.0,,0.05,,Ap_mu,BARAJADO,,,3.707106781186549,-0.10254693486365177,,,0,float64,7,,,
0.1,8,1.0,,0.05,,Ap_mu,BARAJADO,,,5.121320343559643,-0.10768028436452827,,,0,float64,8,,,
0.1,8,1.0,,0.05,,Ap_mu,BARAJADO,,,3.707106781186547,-0.10678516323232037,,,0,float64,9,,,
0.1,8,1.0,,0.05,,Ap_mu,BARAJADO,,,4.581138830084191,-0.10694468716509511,,,0,float64,10,,,
