bateria,tag,clave,potencia_base,beta,t_optima,exponente_ptc,sigma,modo,n,r_huella_acoplamiento,r_huella_brecha
bateria,A,1,0.47,0.94,25,4.1,6.8,parada,60,0.4510399182913113,0.9130339096626157
bateria,A,2,0.47,0.94,25,4.1,6.8,parada,60,0.452240519135323,0.9141169179525381
bateria,A,3,0.47,0.94,25,4.1,6.8,parada,60,0.4569279908808704,0.9140040999338986
bateria,A,4,0.47,0.94,25,4.1,6.8,parada,60,0.45710371974349917,0.9136131352320009
bateria,A,5,0.47,0.94,25,4.1,6.8,parada,60,0.4530620711401893,0.9125806567880275
bateria,A,6,0.47,0.94,25,4.1,6.8,parada,60,0.44930254229784206,0.9122198731479668
bateria,A,7,0.47,0.94,25,4.1,6.8,parada,60,0.45520162110101026,0.9133738886854189
bateria,A,8,0.47,0.94,25,4.1,6.8,parada,60,0.44695559855309297,0.9113652588419472
bateria,A,9,0.47,0.94,25,4.1,6.8,parada,60,0.4544977859599801,0.9134866874553642
bateria,A,10,0.47,0.94,25,4.1,6.8,parada,60,0.4569515601346907,0.913850653586349
bateria,A,11,0.47,0.94,25,4.1,6.8,parada,60,0.4500783107633118,0.9121953024610037
bateria,A,12,0.47,0.94,25,4.1,6.8,parada,60,0.46021962520874976,0.9148621677279667
bateria,A,13,0.47,0.94,25,4.1,6.8,parada,60,0.4535834991536557,0.9125431697867273
bateria,A,14,0.47,0.94,25,4.1,6.8,parada,60,0.45350036490018575,0.9127989131156411
bateria,A,15,0.47,0.94,25,4.1,6.8,parada,60,0.44376264072117033,0.9118801075496382
bateria,A,16,0.47,0.94,25,4.1,6.8,parada,60,0.45042581163241785,0.9127615924011577
bateria,A,17,0.47,0.94,25,4.1,6.8,parada,60,0.4502753892710505,0.9120226992698848
bateria,A,18,0.47,0.94,25,4.1,6.8,parada,60,0.45283294252891165,0.9129670467507147
bateria,A,19,0.47,0.94,25,4.1,6.8,parada,60,0.45330196742041107,0.9126776024968587
bateria,A,20,0.47,0.94,25,4.1,6.8,parada,60,0.4552210879925595,0.9124664747948796
bateria,A,21,0.47,0.94,25,4.1,6.8,parada,60,0.4502728004863618,0.9123569293953603
bateria,A,22,0.47,0.94,25,4.1,6.8,parada,60,0.4507740985681087,0.9123372323167315
bateria,A,23,0.47,0.94,25,4.1,6.8,parada,60,0.4505201208396287,0.9126972927041481
bateria,A,24,0.47,0.94,25,4.1,6.8,parada,60,0.4501178548676069,0.9125459003939789
bateria,A,25,0.47,0.94,25,4.1,6.8,parada,60,0.4569967116232338,0.9127662721816788
bateria,A,26,0.47,0.94,25,4.1,6.8,parada,60,0.46046910685306564,0.9151720178914512
bateria,A,27,0.47,0.94,25,4.1,6.8,parada,60,0.44768624855496475,0.9119075746850699
bateria,A,28,0.47,0.94,25,4.1,6.8,parada,60,0.4588039899956306,0.9136119638662213
bateria,A,29,0.47,0.94,25,4.1,6.8,parada,60,0.453241708259279,0.913134620294727
bateria,A,30,0.47,0.94,25,4.1,6.8,parada,60,0.4536486620621196,0.913534121088681
bateria,B,0.8|3|0.3|1,0.3,0.8,25,4.1,3,parada,60,0.25183086634673163,0.9333507208944297
bateria,B,0.8|3|0.47|1,0.47,0.8,25,4.1,3,parada,60,0.28706606723882266,0.8998816771467555
bateria,B,0.8|3|0.65|1,0.65,0.8,25,4.1,3,parada,60,0.280558657456577,0.862532768251233
bateria,B,0.8|5|0.3|1,0.3,0.8,25,4.1,5,parada,60,0.25183086634673163,0.9333507208944297
bateria,B,0.8|5|0.47|1,0.47,0.8,25,4.1,5,parada,60,0.28706606723882266,0.8998816771467555
bateria,B,0.8|5|0.65|1,0.65,0.8,25,4.1,5,parada,60,0.280558657456577,0.862532768251233
bateria,B,0.8|6.8|0.3|1,0.3,0.8,25,4.1,6.8,parada,60,0.25183086634673163,0.9333507208944297
bateria,B,0.8|6.8|0.47|1,0.47,0.8,25,4.1,6.8,parada,60,0.28706606723882266,0.8998816771467555
bateria,B,0.8|6.8|0.65|1,0.65,0.8,25,4.1,6.8,parada,60,0.280558657456577,0.862532768251233
bateria,B,0.8|8|0.3|1,0.3,0.8,25,4.1,8,parada,60,0.25183086634673163,0.9333507208944297
bateria,B,0.8|8|0.47|1,0.47,0.8,25,4.1,8,parada,60,0.28706606723882266,0.8998816771467555
bateria,B,0.8|8|0.65|1,0.65,0.8,25,4.1,8,parada,60,0.280558657456577,0.862532768251233
bateria,B,0.88|3|0.3|1,0.3,0.88,25,4.1,3,parada,60,0.3665213254429699,0.9407205535956048
bateria,B,0.88|3|0.47|1,0.47,0.88,25,4.1,3,parada,60,0.37971638194161994,0.9065659180834875
bateria,B,0.88|3|0.65|1,0.65,0.88,25,4.1,3,parada,60,0.3574145723388493,0.8693631958558046
bateria,B,0.88|5|0.3|1,0.3,0.88,25,4.1,5,parada,60,0.3665213254429699,0.9407205535956048
bateria,B,0.88|5|0.47|1,0.47,0.88,25,4.1,5,parada,60,0.37971638194161994,0.9065659180834875
bateria,B,0.88|5|0.65|1,0.65,0.88,25,4.1,5,parada,60,0.3574145723388493,0.8693631958558046
bateria,B,0.88|6.8|0.3|1,0.3,0.88,25,4.1,6.8,parada,60,0.3665213254429699,0.9407205535956048
bateria,B,0.88|6.8|0.47|1,0.47,0.88,25,4.1,6.8,parada,60,0.37971638194161994,0.9065659180834875
bateria,B,0.88|6.8|0.65|1,0.65,0.88,25,4.1,6.8,parada,60,0.3574145723388493,0.8693631958558046
bateria,B,0.88|8|0.3|1,0.3,0.88,25,4.1,8,parada,60,0.3665213254429699,0.9407205535956048
bateria,B,0.88|8|0.47|1,0.47,0.88,25,4.1,8,parada,60,0.37971638194161994,0.9065659180834875
bateria,B,0.88|8|0.65|1,0.65,0.88,25,4.1,8,parada,60,0.3574145723388493,0.8693631958558046
bateria,B,0.94|3|0.3|1,0.3,0.94,25,4.1,3,parada,60,0.45563459157850306,0.9467201471118386
bateria,B,0.94|3|0.47|1,0.47,0.94,25,4.1,3,parada,60,0.4510399182913113,0.9130339096626157
bateria,B,0.94|3|0.65|1,0.65,0.94,25,4.1,3,parada,60,0.4097705768129476,0.8749465223474646
bateria,B,0.94|5|0.3|1,0.3,0.94,25,4.1,5,parada,60,0.45563459157850306,0.9467201471118386
bateria,B,0.94|5|0.47|1,0.47,0.94,25,4.1,5,parada,60,0.4510399182913113,0.9130339096626157
bateria,B,0.94|5|0.65|1,0.65,0.94,25,4.1,5,parada,60,0.4097705768129476,0.8749465223474646
bateria,B,0.94|6.8|0.3|1,0.3,0.94,25,4.1,6.8,parada,60,0.45563459157850306,0.9467201471118386
bateria,B,0.94|6.8|0.47|1,0.47,0.94,25,4.1,6.8,parada,60,0.4510399182913113,0.9130339096626157
bateria,B,0.94|6.8|0.65|1,0.65,0.94,25,4.1,6.8,parada,60,0.4097705768129476,0.8749465223474646
bateria,B,0.94|8|0.3|1,0.3,0.94,25,4.1,8,parada,60,0.45563459157850306,0.9467201471118386
bateria,B,0.94|8|0.47|1,0.47,0.94,25,4.1,8,parada,60,0.4510399182913113,0.9130339096626157
bateria,B,0.94|8|0.65|1,0.65,0.94,25,4.1,8,parada,60,0.4097705768129476,0.8749465223474646
bateria,B,0.98|3|0.3|1,0.3,0.98,25,4.1,3,parada,60,0.5141549474420222,0.9509685154753936
bateria,B,0.98|3|0.47|1,0.47,0.98,25,4.1,3,parada,60,0.49575526569218986,0.9178041626025594
bateria,B,0.98|3|0.65|1,0.65,0.98,25,4.1,3,parada,60,0.43269768259242436,0.876876023046848
bateria,B,0.98|5|0.3|1,0.3,0.98,25,4.1,5,parada,60,0.5141549474420222,0.9509685154753936
bateria,B,0.98|5|0.47|1,0.47,0.98,25,4.1,5,parada,60,0.49575526569218986,0.9178041626025594
bateria,B,0.98|5|0.65|1,0.65,0.98,25,4.1,5,parada,60,0.43269768259242436,0.876876023046848
bateria,B,0.98|6.8|0.3|1,0.3,0.98,25,4.1,6.8,parada,60,0.5141549474420222,0.9509685154753936
bateria,B,0.98|6.8|0.47|1,0.47,0.98,25,4.1,6.8,parada,60,0.49575526569218986,0.9178041626025594
bateria,B,0.98|6.8|0.65|1,0.65,0.98,25,4.1,6.8,parada,60,0.43269768259242436,0.876876023046848
bateria,B,0.98|8|0.3|1,0.3,0.98,25,4.1,8,parada,60,0.5141549474420222,0.9509685154753936
bateria,B,0.98|8|0.47|1,0.47,0.98,25,4.1,8,parada,60,0.49575526569218986,0.9178041626025594
bateria,B,0.98|8|0.65|1,0.65,0.98,25,4.1,8,parada,60,0.43269768259242436,0.876876023046848
bateria,B,0.8|3|0.3|2,0.3,0.8,25,4.1,3,parada,60,0.23718808184236362,0.9330017951081899
bateria,B,0.8|3|0.47|2,0.47,0.8,25,4.1,3,parada,60,0.27594690812784145,0.8988762700879753
bateria,B,0.8|3|0.65|2,0.65,0.8,25,4.1,3,parada,60,0.2773712663303873,0.8623085099944711
bateria,B,0.8|5|0.3|2,0.3,0.8,25,4.1,5,parada,60,0.23718808184236362,0.9330017951081899
bateria,B,0.8|5|0.47|2,0.47,0.8,25,4.1,5,parada,60,0.27594690812784145,0.8988762700879753
bateria,B,0.8|5|0.65|2,0.65,0.8,25,4.1,5,parada,60,0.2773712663303873,0.8623085099944711
bateria,B,0.8|6.8|0.3|2,0.3,0.8,25,4.1,6.8,parada,60,0.23718808184236362,0.9330017951081899
bateria,B,0.8|6.8|0.47|2,0.47,0.8,25,4.1,6.8,parada,60,0.27594690812784145,0.8988762700879753
bateria,B,0.8|6.8|0.65|2,0.65,0.8,25,4.1,6.8,parada,60,0.2773712663303873,0.8623085099944711
bateria,B,0.8|8|0.3|2,0.3,0.8,25,4.1,8,parada,60,0.23718808184236362,0.9330017951081899
bateria,B,0.8|8|0.47|2,0.47,0.8,25,4.1,8,parada,60,0.27594690812784145,0.8988762700879753
bateria,B,0.8|8|0.65|2,0.65,0.8,25,4.1,8,parada,60,0.2773712663303873,0.8623085099944711
bateria,B,0.88|3|0.3|2,0.3,0.88,25,4.1,3,parada,60,0.35082773020087726,0.9400223100992786
bateria,B,0.88|3|0.47|2,0.47,0.88,25,4.1,3,parada,60,0.37416103768495307,0.9062245296245719
bateria,B,0.88|3|0.65|2,0.65,0.88,25,4.1,3,parada,60,0.3596334332254358,0.8708294499100785
bateria,B,0.88|5|0.3|2,0.3,0.88,25,4.1,5,parada,60,0.35082773020087726,0.9400223100992786
bateria,B,0.88|5|0.47|2,0.47,0.88,25,4.1,5,parada,60,0.37416103768495307,0.9062245296245719
bateria,B,0.88|5|0.65|2,0.65,0.88,25,4.1,5,parada,60,0.3596334332254358,0.8708294499100785
bateria,B,0.88|6.8|0.3|2,0.3,0.88,25,4.1,6.8,parada,60,0.35082773020087726,0.9400223100992786
bateria,B,0.88|6.8|0.47|2,0.47,0.88,25,4.1,6.8,parada,60,0.37416103768495307,0.9062245296245719
bateria,B,0.88|6.8|0.65|2,0.65,0.88,25,4.1,6.8,parada,60,0.3596334332254358,0.8708294499100785
bateria,B,0.88|8|0.3|2,0.3,0.88,25,4.1,8,parada,60,0.35082773020087726,0.9400223100992786
bateria,B,0.88|8|0.47|2,0.47,0.88,25,4.1,8,parada,60,0.37416103768495307,0.9062245296245719
bateria,B,0.88|8|0.65|2,0.65,0.88,25,4.1,8,parada,60,0.3596334332254358,0.8708294499100785
bateria,B,0.94|3|0.3|2,0.3,0.94,25,4.1,3,parada,60,0.4423130693272506,0.9459360330727019
bateria,B,0.94|3|0.47|2,0.47,0.94,25,4.1,3,parada,60,0.452240519135323,0.9141169179525381
bateria,B,0.94|3|0.65|2,0.65,0.94,25,4.1,3,parada,60,0.4168428193438111,0.8775538088185671
bateria,B,0.94|5|0.3|2,0.3,0.94,25,4.1,5,parada,60,0.4423130693272506,0.9459360330727019
bateria,B,0.94|5|0.47|2,0.47,0.94,25,4.1,5,parada,60,0.452240519135323,0.9141169179525381
bateria,B,0.94|5|0.65|2,0.65,0.94,25,4.1,5,parada,60,0.4168428193438111,0.8775538088185671
bateria,B,0.94|6.8|0.3|2,0.3,0.94,25,4.1,6.8,parada,60,0.4423130693272506,0.9459360330727019
bateria,B,0.94|6.8|0.47|2,0.47,0.94,25,4.1,6.8,parada,60,0.452240519135323,0.9141169179525381
bateria,B,0.94|6.8|0.65|2,0.65,0.94,25,4.1,6.8,parada,60,0.4168428193438111,0.8775538088185671
bateria,B,0.94|8|0.3|2,0.3,0.94,25,4.1,8,parada,60,0.4423130693272506,0.9459360330727019
bateria,B,0.94|8|0.47|2,0.47,0.94,25,4.1,8,parada,60,0.452240519135323,0.9141169179525381
bateria,B,0.94|8|0.65|2,0.65,0.94,25,4.1,8,parada,60,0.4168428193438111,0.8775538088185671
bateria,B,0.98|3|0.3|2,0.3,0.98,25,4.1,3,parada,60,0.5087233350457486,0.9509908877531875
bateria,B,0.98|3|0.47|2,0.47,0.98,25,4.1,3,parada,60,0.5022640157362452,0.9198203402518608
bateria,B,0.98|3|0.65|2,0.65,0.98,25,4.1,3,parada,60,0.44205268070153086,0.8798551092080408
bateria,B,0.98|5|0.3|2,0.3,0.98,25,4.1,5,parada,60,0.5087233350457486,0.9509908877531875
bateria,B,0.98|5|0.47|2,0.47,0.98,25,4.1,5,parada,60,0.5022640157362452,0.9198203402518608
bateria,B,0.98|5|0.65|2,0.65,0.98,25,4.1,5,parada,60,0.44205268070153086,0.8798551092080408
bateria,B,0.98|6.8|0.3|2,0.3,0.98,25,4.1,6.8,parada,60,0.5087233350457486,0.9509908877531875
bateria,B,0.98|6.8|0.47|2,0.47,0.98,25,4.1,6.8,parada,60,0.5022640157362452,0.9198203402518608
bateria,B,0.98|6.8|0.65|2,0.65,0.98,25,4.1,6.8,parada,60,0.44205268070153086,0.8798551092080408
bateria,B,0.98|8|0.3|2,0.3,0.98,25,4.1,8,parada,60,0.5087233350457486,0.9509908877531875
bateria,B,0.98|8|0.47|2,0.47,0.98,25,4.1,8,parada,60,0.5022640157362452,0.9198203402518608
bateria,B,0.98|8|0.65|2,0.65,0.98,25,4.1,8,parada,60,0.44205268070153086,0.8798551092080408
bateria,B,0.8|3|0.3|3,0.3,0.8,25,4.1,3,parada,60,0.24860946345038665,0.9334526180376838
bateria,B,0.8|3|0.47|3,0.47,0.8,25,4.1,3,parada,60,0.2833232164446347,0.898890621570174
bateria,B,0.8|3|0.65|3,0.65,0.8,25,4.1,3,parada,60,0.2823793543582303,0.8623146890330327
bateria,B,0.8|5|0.3|3,0.3,0.8,25,4.1,5,parada,60,0.24860946345038665,0.9334526180376838
bateria,B,0.8|5|0.47|3,0.47,0.8,25,4.1,5,parada,60,0.2833232164446347,0.898890621570174
bateria,B,0.8|5|0.65|3,0.65,0.8,25,4.1,5,parada,60,0.2823793543582303,0.8623146890330327
bateria,B,0.8|6.8|0.3|3,0.3,0.8,25,4.1,6.8,parada,60,0.24860946345038665,0.9334526180376838
bateria,B,0.8|6.8|0.47|3,0.47,0.8,25,4.1,6.8,parada,60,0.2833232164446347,0.898890621570174
bateria,B,0.8|6.8|0.65|3,0.65,0.8,25,4.1,6.8,parada,60,0.2823793543582303,0.8623146890330327
bateria,B,0.8|8|0.3|3,0.3,0.8,25,4.1,8,parada,60,0.24860946345038665,0.9334526180376838
bateria,B,0.8|8|0.47|3,0.47,0.8,25,4.1,8,parada,60,0.2833232164446347,0.898890621570174
bateria,B,0.8|8|0.65|3,0.65,0.8,25,4.1,8,parada,60,0.2823793543582303,0.8623146890330327
bateria,B,0.88|3|0.3|3,0.3,0.88,25,4.1,3,parada,60,0.3612661375763385,0.9401780548029101
bateria,B,0.88|3|0.47|3,0.47,0.88,25,4.1,3,parada,60,0.380211660023211,0.9061477322996881
bateria,B,0.88|3|0.65|3,0.65,0.88,25,4.1,3,parada,60,0.3634650965471429,0.870679676018418
bateria,B,0.88|5|0.3|3,0.3,0.88,25,4.1,5,parada,60,0.3612661375763385,0.9401780548029101
bateria,B,0.88|5|0.47|3,0.47,0.88,25,4.1,5,parada,60,0.380211660023211,0.9061477322996881
bateria,B,0.88|5|0.65|3,0.65,0.88,25,4.1,5,parada,60,0.3634650965471429,0.870679676018418
bateria,B,0.88|6.8|0.3|3,0.3,0.88,25,4.1,6.8,parada,60,0.3612661375763385,0.9401780548029101
bateria,B,0.88|6.8|0.47|3,0.47,0.88,25,4.1,6.8,parada,60,0.380211660023211,0.9061477322996881
bateria,B,0.88|6.8|0.65|3,0.65,0.88,25,4.1,6.8,parada,60,0.3634650965471429,0.870679676018418
bateria,B,0.88|8|0.3|3,0.3,0.88,25,4.1,8,parada,60,0.3612661375763385,0.9401780548029101
bateria,B,0.88|8|0.47|3,0.47,0.88,25,4.1,8,parada,60,0.380211660023211,0.9061477322996881
bateria,B,0.88|8|0.65|3,0.65,0.88,25,4.1,8,parada,60,0.3634650965471429,0.870679676018418
bateria,B,0.94|3|0.3|3,0.3,0.94,25,4.1,3,parada,60,0.4506634846409706,0.9459386664360041
bateria,B,0.94|3|0.47|3,0.47,0.94,25,4.1,3,parada,60,0.4569279908808704,0.9140040999338986
bateria,B,0.94|3|0.65|3,0.65,0.94,25,4.1,3,parada,60,0.4175756576302948,0.8767789225961162
bateria,B,0.94|5|0.3|3,0.3,0.94,25,4.1,5,parada,60,0.4506634846409706,0.9459386664360041
bateria,B,0.94|5|0.47|3,0.47,0.94,25,4.1,5,parada,60,0.4569279908808704,0.9140040999338986
bateria,B,0.94|5|0.65|3,0.65,0.94,25,4.1,5,parada,60,0.4175756576302948,0.8767789225961162
bateria,B,0.94|6.8|0.3|3,0.3,0.94,25,4.1,6.8,parada,60,0.4506634846409706,0.9459386664360041
bateria,B,0.94|6.8|0.47|3,0.47,0.94,25,4.1,6.8,parada,60,0.4569279908808704,0.9140040999338986
bateria,B,0.94|6.8|0.65|3,0.65,0.94,25,4.1,6.8,parada,60,0.4175756576302948,0.8767789225961162
bateria,B,0.94|8|0.3|3,0.3,0.94,25,4.1,8,parada,60,0.4506634846409706,0.9459386664360041
bateria,B,0.94|8|0.47|3,0.47,0.94,25,4.1,8,parada,60,0.4569279908808704,0.9140040999338986
bateria,B,0.94|8|0.65|3,0.65,0.94,25,4.1,8,parada,60,0.4175756576302948,0.8767789225961162
bateria,B,0.98|3|0.3|3,0.3,0.98,25,4.1,3,parada,60,0.5152439010036188,0.9508876447711893
bateria,B,0.98|3|0.47|3,0.47,0.98,25,4.1,3,parada,60,0.5043065100325248,0.9193856898061682
bateria,B,0.98|3|0.65|3,0.65,0.98,25,4.1,3,parada,60,0.44071814194041947,0.8786861218711193
bateria,B,0.98|5|0.3|3,0.3,0.98,25,4.1,5,parada,60,0.5152439010036188,0.9508876447711893
bateria,B,0.98|5|0.47|3,0.47,0.98,25,4.1,5,parada,60,0.5043065100325248,0.9193856898061682
bateria,B,0.98|5|0.65|3,0.65,0.98,25,4.1,5,parada,60,0.44071814194041947,0.8786861218711193
bateria,B,0.98|6.8|0.3|3,0.3,0.98,25,4.1,6.8,parada,60,0.5152439010036188,0.9508876447711893
bateria,B,0.98|6.8|0.47|3,0.47,0.98,25,4.1,6.8,parada,60,0.5043065100325248,0.9193856898061682
bateria,B,0.98|6.8|0.65|3,0.65,0.98,25,4.1,6.8,parada,60,0.44071814194041947,0.8786861218711193
bateria,B,0.98|8|0.3|3,0.3,0.98,25,4.1,8,parada,60,0.5152439010036188,0.9508876447711893
bateria,B,0.98|8|0.47|3,0.47,0.98,25,4.1,8,parada,60,0.5043065100325248,0.9193856898061682
bateria,B,0.98|8|0.65|3,0.65,0.98,25,4.1,8,parada,60,0.44071814194041947,0.8786861218711193
bateria,B,0.8|3|0.3|4,0.3,0.8,25,4.1,3,parada,60,0.24508362217087895,0.9324826483408138
bateria,B,0.8|3|0.47|4,0.47,0.8,25,4.1,3,parada,60,0.28434854447266894,0.8983783683999697
bateria,B,0.8|3|0.65|4,0.65,0.8,25,4.1,3,parada,60,0.2824864449715237,0.8615772770597275
bateria,B,0.8|5|0.3|4,0.3,0.8,25,4.1,5,parada,60,0.24508362217087895,0.9324826483408138
bateria,B,0.8|5|0.47|4,0.47,0.8,25,4.1,5,parada,60,0.28434854447266894,0.8983783683999697
bateria,B,0.8|5|0.65|4,0.65,0.8,25,4.1,5,parada,60,0.2824864449715237,0.8615772770597275
bateria,B,0.8|6.8|0.3|4,0.3,0.8,25,4.1,6.8,parada,60,0.24508362217087895,0.9324826483408138
bateria,B,0.8|6.8|0.47|4,0.47,0.8,25,4.1,6.8,parada,60,0.28434854447266894,0.8983783683999697
bateria,B,0.8|6.8|0.65|4,0.65,0.8,25,4.1,6.8,parada,60,0.2824864449715237,0.8615772770597275
bateria,B,0.8|8|0.3|4,0.3,0.8,25,4.1,8,parada,60,0.24508362217087895,0.9324826483408138
bateria,B,0.8|8|0.47|4,0.47,0.8,25,4.1,8,parada,60,0.28434854447266894,0.8983783683999697
bateria,B,0.8|8|0.65|4,0.65,0.8,25,4.1,8,parada,60,0.2824864449715237,0.8615772770597275
bateria,B,0.88|3|0.3|4,0.3,0.88,25,4.1,3,parada,60,0.3604342769934729,0.9395686111076943
bateria,B,0.88|3|0.47|4,0.47,0.88,25,4.1,3,parada,60,0.3803645171710418,0.9055162912463682
bateria,B,0.88|3|0.65|4,0.65,0.88,25,4.1,3,parada,60,0.36372421759441964,0.8702509782661932
bateria,B,0.88|5|0.3|4,0.3,0.88,25,4.1,5,parada,60,0.3604342769934729,0.9395686111076943
bateria,B,0.88|5|0.47|4,0.47,0.88,25,4.1,5,parada,60,0.3803645171710418,0.9055162912463682
bateria,B,0.88|5|0.65|4,0.65,0.88,25,4.1,5,parada,60,0.36372421759441964,0.8702509782661932
bateria,B,0.88|6.8|0.3|4,0.3,0.88,25,4.1,6.8,parada,60,0.3604342769934729,0.9395686111076943
bateria,B,0.88|6.8|0.47|4,0.47,0.88,25,4.1,6.8,parada,60,0.3803645171710418,0.9055162912463682
bateria,B,0.88|6.8|0.65|4,0.65,0.88,25,4.1,6.8,parada,60,0.36372421759441964,0.8702509782661932
bateria,B,0.88|8|0.3|4,0.3,0.88,25,4.1,8,parada,60,0.3604342769934729,0.9395686111076943
bateria,B,0.88|8|0.47|4,0.47,0.88,25,4.1,8,parada,60,0.3803645171710418,0.9055162912463682
bateria,B,0.88|8|0.65|4,0.65,0.88,25,4.1,8,parada,60,0.36372421759441964,0.8702509782661932
bateria,B,0.94|3|0.3|4,0.3,0.94,25,4.1,3,parada,60,0.4513689715663805,0.9454909070552237
bateria,B,0.94|3|0.47|4,0.47,0.94,25,4.1,3,parada,60,0.45710371974349917,0.9136131352320009
bateria,B,0.94|3|0.65|4,0.65,0.94,25,4.1,3,parada,60,0.41689860676213775,0.8766544717596577
bateria,B,0.94|5|0.3|4,0.3,0.94,25,4.1,5,parada,60,0.4513689715663805,0.9454909070552237
bateria,B,0.94|5|0.47|4,0.47,0.94,25,4.1,5,parada,60,0.45710371974349917,0.9136131352320009
bateria,B,0.94|5|0.65|4,0.65,0.94,25,4.1,5,parada,60,0.41689860676213775,0.8766544717596577
bateria,B,0.94|6.8|0.3|4,0.3,0.94,25,4.1,6.8,parada,60,0.4513689715663805,0.9454909070552237
bateria,B,0.94|6.8|0.47|4,0.47,0.94,25,4.1,6.8,parada,60,0.45710371974349917,0.9136131352320009
bateria,B,0.94|6.8|0.65|4,0.65,0.94,25,4.1,6.8,parada,60,0.41689860676213775,0.8766544717596577
bateria,B,0.94|8|0.3|4,0.3,0.94,25,4.1,8,parada,60,0.4513689715663805,0.9454909070552237
bateria,B,0.94|8|0.47|4,0.47,0.94,25,4.1,8,parada,60,0.45710371974349917,0.9136131352320009
bateria,B,0.94|8|0.65|4,0.65,0.94,25,4.1,8,parada,60,0.41689860676213775,0.8766544717596577
bateria,B,0.98|3|0.3|4,0.3,0.98,25,4.1,3,parada,60,0.5156501410548174,0.9504651461017759
bateria,B,0.98|3|0.47|4,0.47,0.98,25,4.1,3,parada,60,0.5048229983130068,0.919327669056917
bateria,B,0.98|3|0.65|4,0.65,0.98,25,4.1,3,parada,60,0.4405863385910666,0.8786906776533504
bateria,B,0.98|5|0.3|4,0.3,0.98,25,4.1,5,parada,60,0.5156501410548174,0.9504651461017759
bateria,B,0.98|5|0.47|4,0.47,0.98,25,4.1,5,parada,60,0.5048229983130068,0.919327669056917
bateria,B,0.98|5|0.65|4,0.65,0.98,25,4.1,5,parada,60,0.4405863385910666,0.8786906776533504
bateria,B,0.98|6.8|0.3|4,0.3,0.98,25,4.1,6.8,parada,60,0.5156501410548174,0.9504651461017759
bateria,B,0.98|6.8|0.47|4,0.47,0.98,25,4.1,6.8,parada,60,0.5048229983130068,0.919327669056917
bateria,B,0.98|6.8|0.65|4,0.65,0.98,25,4.1,6.8,parada,60,0.4405863385910666,0.8786906776533504
bateria,B,0.98|8|0.3|4,0.3,0.98,25,4.1,8,parada,60,0.5156501410548174,0.9504651461017759
bateria,B,0.98|8|0.47|4,0.47,0.98,25,4.1,8,parada,60,0.5048229983130068,0.919327669056917
bateria,B,0.98|8|0.65|4,0.65,0.98,25,4.1,8,parada,60,0.4405863385910666,0.8786906776533504
bateria,B,0.8|3|0.3|5,0.3,0.8,25,4.1,3,parada,60,0.2410964822388161,0.9314919533370899
bateria,B,0.8|3|0.47|5,0.47,0.8,25,4.1,3,parada,60,0.27718482198981514,0.8971826197854872
bateria,B,0.8|3|0.65|5,0.65,0.8,25,4.1,3,parada,60,0.2770820470223772,0.8604197516955677
bateria,B,0.8|5|0.3|5,0.3,0.8,25,4.1,5,parada,60,0.2410964822388161,0.9314919533370899
bateria,B,0.8|5|0.47|5,0.47,0.8,25,4.1,5,parada,60,0.27718482198981514,0.8971826197854872
bateria,B,0.8|5|0.65|5,0.65,0.8,25,4.1,5,parada,60,0.2770820470223772,0.8604197516955677
bateria,B,0.8|6.8|0.3|5,0.3,0.8,25,4.1,6.8,parada,60,0.2410964822388161,0.9314919533370899
bateria,B,0.8|6.8|0.47|5,0.47,0.8,25,4.1,6.8,parada,60,0.27718482198981514,0.8971826197854872
bateria,B,0.8|6.8|0.65|5,0.65,0.8,25,4.1,6.8,parada,60,0.2770820470223772,0.8604197516955677
bateria,B,0.8|8|0.3|5,0.3,0.8,25,4.1,8,parada,60,0.2410964822388161,0.9314919533370899
bateria,B,0.8|8|0.47|5,0.47,0.8,25,4.1,8,parada,60,0.27718482198981514,0.8971826197854872
bateria,B,0.8|8|0.65|5,0.65,0.8,25,4.1,8,parada,60,0.2770820470223772,0.8604197516955677
bateria,B,0.88|3|0.3|5,0.3,0.88,25,4.1,3,parada,60,0.35492400648366457,0.9387270346607413
bateria,B,0.88|3|0.47|5,0.47,0.88,25,4.1,3,parada,60,0.3747441370193372,0.9046828583294729
bateria,B,0.88|3|0.65|5,0.65,0.88,25,4.1,3,parada,60,0.36056993401788084,0.8690883495719852
bateria,B,0.88|5|0.3|5,0.3,0.88,25,4.1,5,parada,60,0.35492400648366457,0.9387270346607413
bateria,B,0.88|5|0.47|5,0.47,0.88,25,4.1,5,parada,60,0.3747441370193372,0.9046828583294729
bateria,B,0.88|5|0.65|5,0.65,0.88,25,4.1,5,parada,60,0.36056993401788084,0.8690883495719852
bateria,B,0.88|6.8|0.3|5,0.3,0.88,25,4.1,6.8,parada,60,0.35492400648366457,0.9387270346607413
bateria,B,0.88|6.8|0.47|5,0.47,0.88,25,4.1,6.8,parada,60,0.3747441370193372,0.9046828583294729
bateria,B,0.88|6.8|0.65|5,0.65,0.88,25,4.1,6.8,parada,60,0.36056993401788084,0.8690883495719852
bateria,B,0.88|8|0.3|5,0.3,0.88,25,4.1,8,parada,60,0.35492400648366457,0.9387270346607413
bateria,B,0.88|8|0.47|5,0.47,0.88,25,4.1,8,parada,60,0.3747441370193372,0.9046828583294729
bateria,B,0.88|8|0.65|5,0.65,0.88,25,4.1,8,parada,60,0.36056993401788084,0.8690883495719852
bateria,B,0.94|3|0.3|5,0.3,0.94,25,4.1,3,parada,60,0.4463901735301295,0.9450413517923016
bateria,B,0.94|3|0.47|5,0.47,0.94,25,4.1,3,parada,60,0.4530620711401893,0.9125806567880275
bateria,B,0.94|3|0.65|5,0.65,0.94,25,4.1,3,parada,60,0.41466278114650384,0.87556404718751
bateria,B,0.94|5|0.3|5,0.3,0.94,25,4.1,5,parada,60,0.4463901735301295,0.9450413517923016
bateria,B,0.94|5|0.47|5,0.47,0.94,25,4.1,5,parada,60,0.4530620711401893,0.9125806567880275
bateria,B,0.94|5|0.65|5,0.65,0.94,25,4.1,5,parada,60,0.41466278114650384,0.87556404718751
bateria,B,0.94|6.8|0.3|5,0.3,0.94,25,4.1,6.8,parada,60,0.4463901735301295,0.9450413517923016
bateria,B,0.94|6.8|0.47|5,0.47,0.94,25,4.1,6.8,parada,60,0.4530620711401893,0.9125806567880275
bateria,B,0.94|6.8|0.65|5,0.65,0.94,25,4.1,6.8,parada,60,0.41466278114650384,0.87556404718751
bateria,B,0.94|8|0.3|5,0.3,0.94,25,4.1,8,parada,60,0.4463901735301295,0.9450413517923016
bateria,B,0.94|8|0.47|5,0.47,0.94,25,4.1,8,parada,60,0.4530620711401893,0.9125806567880275
bateria,B,0.94|8|0.65|5,0.65,0.94,25,4.1,8,parada,60,0.41466278114650384,0.87556404718751
bateria,B,0.98|3|0.3|5,0.3,0.98,25,4.1,3,parada,60,0.5101202619591939,0.949874269023352
bateria,B,0.98|3|0.47|5,0.47,0.98,25,4.1,3,parada,60,0.5024172239689187,0.918433726605507
bateria,B,0.98|3|0.65|5,0.65,0.98,25,4.1,3,parada,60,0.43742039250495907,0.8775484295201265
bateria,B,0.98|5|0.3|5,0.3,0.98,25,4.1,5,parada,60,0.5101202619591939,0.949874269023352
bateria,B,0.98|5|0.47|5,0.47,0.98,25,4.1,5,parada,60,0.5024172239689187,0.918433726605507
bateria,B,0.98|5|0.65|5,0.65,0.98,25,4.1,5,parada,60,0.43742039250495907,0.8775484295201265
bateria,B,0.98|6.8|0.3|5,0.3,0.98,25,4.1,6.8,parada,60,0.5101202619591939,0.949874269023352
bateria,B,0.98|6.8|0.47|5,0.47,0.98,25,4.1,6.8,parada,60,0.5024172239689187,0.918433726605507
bateria,B,0.98|6.8|0.65|5,0.65,0.98,25,4.1,6.8,parada,60,0.43742039250495907,0.8775484295201265
bateria,B,0.98|8|0.3|5,0.3,0.98,25,4.1,8,parada,60,0.5101202619591939,0.949874269023352
bateria,B,0.98|8|0.47|5,0.47,0.98,25,4.1,8,parada,60,0.5024172239689187,0.918433726605507
bateria,B,0.98|8|0.65|5,0.65,0.98,25,4.1,8,parada,60,0.43742039250495907,0.8775484295201265
bateria,B,0.8|3|0.3|6,0.3,0.8,25,4.1,3,parada,60,0.2585635214328631,0.933744379392865
bateria,B,0.8|3|0.47|6,0.47,0.8,25,4.1,3,parada,60,0.29016950433480315,0.8999851421263377
bateria,B,0.8|3|0.65|6,0.65,0.8,25,4.1,3,parada,60,0.27880292557595826,0.8610289625461998
bateria,B,0.8|5|0.3|6,0.3,0.8,25,4.1,5,parada,60,0.2585635214328631,0.933744379392865
bateria,B,0.8|5|0.47|6,0.47,0.8,25,4.1,5,parada,60,0.29016950433480315,0.8999851421263377
bateria,B,0.8|5|0.65|6,0.65,0.8,25,4.1,5,parada,60,0.27880292557595826,0.8610289625461998
bateria,B,0.8|6.8|0.3|6,0.3,0.8,25,4.1,6.8,parada,60,0.2585635214328631,0.933744379392865
bateria,B,0.8|6.8|0.47|6,0.47,0.8,25,4.1,6.8,parada,60,0.29016950433480315,0.8999851421263377
bateria,B,0.8|6.8|0.65|6,0.65,0.8,25,4.1,6.8,parada,60,0.27880292557595826,0.8610289625461998
bateria,B,0.8|8|0.3|6,0.3,0.8,25,4.1,8,parada,60,0.2585635214328631,0.933744379392865
bateria,B,0.8|8|0.47|6,0.47,0.8,25,4.1,8,parada,60,0.29016950433480315,0.8999851421263377
bateria,B,0.8|8|0.65|6,0.65,0.8,25,4.1,8,parada,60,0.27880292557595826,0.8610289625461998
bateria,B,0.88|3|0.3|6,0.3,0.88,25,4.1,3,parada,60,0.3731443564448573,0.9411474813855544
bateria,B,0.88|3|0.47|6,0.47,0.88,25,4.1,3,parada,60,0.37929293985955354,0.9058150680448225
bateria,B,0.88|3|0.65|6,0.65,0.88,25,4.1,3,parada,60,0.35567308157107774,0.8680875426168302
bateria,B,0.88|5|0.3|6,0.3,0.88,25,4.1,5,parada,60,0.3731443564448573,0.9411474813855544
bateria,B,0.88|5|0.47|6,0.47,0.88,25,4.1,5,parada,60,0.37929293985955354,0.9058150680448225
bateria,B,0.88|5|0.65|6,0.65,0.88,25,4.1,5,parada,60,0.35567308157107774,0.8680875426168302
bateria,B,0.88|6.8|0.3|6,0.3,0.88,25,4.1,6.8,parada,60,0.3731443564448573,0.9411474813855544
bateria,B,0.88|6.8|0.47|6,0.47,0.88,25,4.1,6.8,parada,60,0.37929293985955354,0.9058150680448225
bateria,B,0.88|6.8|0.65|6,0.65,0.88,25,4.1,6.8,parada,60,0.35567308157107774,0.8680875426168302
bateria,B,0.88|8|0.3|6,0.3,0.88,25,4.1,8,parada,60,0.3731443564448573,0.9411474813855544
bateria,B,0.88|8|0.47|6,0.47,0.88,25,4.1,8,parada,60,0.37929293985955354,0.9058150680448225
bateria,B,0.88|8|0.65|6,0.65,0.88,25,4.1,8,parada,60,0.35567308157107774,0.8680875426168302
bateria,B,0.94|3|0.3|6,0.3,0.94,25,4.1,3,parada,60,0.4596255475195499,0.9469504965100122
bateria,B,0.94|3|0.47|6,0.47,0.94,25,4.1,3,parada,60,0.44930254229784206,0.9122198731479668
bateria,B,0.94|3|0.65|6,0.65,0.94,25,4.1,3,parada,60,0.4071364125863021,0.8736738939138535
bateria,B,0.94|5|0.3|6,0.3,0.94,25,4.1,5,parada,60,0.4596255475195499,0.9469504965100122
bateria,B,0.94|5|0.47|6,0.47,0.94,25,4.1,5,parada,60,0.44930254229784206,0.9122198731479668
bateria,B,0.94|5|0.65|6,0.65,0.94,25,4.1,5,parada,60,0.4071364125863021,0.8736738939138535
bateria,B,0.94|6.8|0.3|6,0.3,0.94,25,4.1,6.8,parada,60,0.4596255475195499,0.9469504965100122
bateria,B,0.94|6.8|0.47|6,0.47,0.94,25,4.1,6.8,parada,60,0.44930254229784206,0.9122198731479668
bateria,B,0.94|6.8|0.65|6,0.65,0.94,25,4.1,6.8,parada,60,0.4071364125863021,0.8736738939138535
bateria,B,0.94|8|0.3|6,0.3,0.94,25,4.1,8,parada,60,0.4596255475195499,0.9469504965100122
bateria,B,0.94|8|0.47|6,0.47,0.94,25,4.1,8,parada,60,0.44930254229784206,0.9122198731479668
bateria,B,0.94|8|0.65|6,0.65,0.94,25,4.1,8,parada,60,0.4071364125863021,0.8736738939138535
bateria,B,0.98|3|0.3|6,0.3,0.98,25,4.1,3,parada,60,0.5144215002638577,0.9507278691066607
bateria,B,0.98|3|0.47|6,0.47,0.98,25,4.1,3,parada,60,0.49443694851693515,0.9171411306178081
bateria,B,0.98|3|0.65|6,0.65,0.98,25,4.1,3,parada,60,0.4284043326319659,0.8752823345686908
bateria,B,0.98|5|0.3|6,0.3,0.98,25,4.1,5,parada,60,0.5144215002638577,0.9507278691066607
bateria,B,0.98|5|0.47|6,0.47,0.98,25,4.1,5,parada,60,0.49443694851693515,0.9171411306178081
bateria,B,0.98|5|0.65|6,0.65,0.98,25,4.1,5,parada,60,0.4284043326319659,0.8752823345686908
bateria,B,0.98|6.8|0.3|6,0.3,0.98,25,4.1,6.8,parada,60,0.5144215002638577,0.9507278691066607
bateria,B,0.98|6.8|0.47|6,0.47,0.98,25,4.1,6.8,parada,60,0.49443694851693515,0.9171411306178081
bateria,B,0.98|6.8|0.65|6,0.65,0.98,25,4.1,6.8,parada,60,0.4284043326319659,0.8752823345686908
bateria,B,0.98|8|0.3|6,0.3,0.98,25,4.1,8,parada,60,0.5144215002638577,0.9507278691066607
bateria,B,0.98|8|0.47|6,0.47,0.98,25,4.1,8,parada,60,0.49443694851693515,0.9171411306178081
bateria,B,0.98|8|0.65|6,0.65,0.98,25,4.1,8,parada,60,0.4284043326319659,0.8752823345686908
bateria,B,0.8|3|0.3|7,0.3,0.8,25,4.1,3,parada,60,0.24427577728992544,0.9322150854028599
bateria,B,0.8|3|0.47|7,0.47,0.8,25,4.1,3,parada,60,0.28224098778663553,0.897976546524968
bateria,B,0.8|3|0.65|7,0.65,0.8,25,4.1,3,parada,60,0.28178229286532525,0.8618292880381774
bateria,B,0.8|5|0.3|7,0.3,0.8,25,4.1,5,parada,60,0.24427577728992544,0.9322150854028599
bateria,B,0.8|5|0.47|7,0.47,0.8,25,4.1,5,parada,60,0.28224098778663553,0.897976546524968
bateria,B,0.8|5|0.65|7,0.65,0.8,25,4.1,5,parada,60,0.28178229286532525,0.8618292880381774
bateria,B,0.8|6.8|0.3|7,0.3,0.8,25,4.1,6.8,parada,60,0.24427577728992544,0.9322150854028599
bateria,B,0.8|6.8|0.47|7,0.47,0.8,25,4.1,6.8,parada,60,0.28224098778663553,0.897976546524968
bateria,B,0.8|6.8|0.65|7,0.65,0.8,25,4.1,6.8,parada,60,0.28178229286532525,0.8618292880381774
bateria,B,0.8|8|0.3|7,0.3,0.8,25,4.1,8,parada,60,0.24427577728992544,0.9322150854028599
bateria,B,0.8|8|0.47|7,0.47,0.8,25,4.1,8,parada,60,0.28224098778663553,0.897976546524968
bateria,B,0.8|8|0.65|7,0.65,0.8,25,4.1,8,parada,60,0.28178229286532525,0.8618292880381774
bateria,B,0.88|3|0.3|7,0.3,0.88,25,4.1,3,parada,60,0.3581256359810444,0.9391777228383889
bateria,B,0.88|3|0.47|7,0.47,0.88,25,4.1,3,parada,60,0.3810474129041131,0.9058873891514848
bateria,B,0.88|3|0.65|7,0.65,0.88,25,4.1,3,parada,60,0.3597398976483353,0.8694350414350598
bateria,B,0.88|5|0.3|7,0.3,0.88,25,4.1,5,parada,60,0.3581256359810444,0.9391777228383889
bateria,B,0.88|5|0.47|7,0.47,0.88,25,4.1,5,parada,60,0.3810474129041131,0.9058873891514848
bateria,B,0.88|5|0.65|7,0.65,0.88,25,4.1,5,parada,60,0.3597398976483353,0.8694350414350598
bateria,B,0.88|6.8|0.3|7,0.3,0.88,25,4.1,6.8,parada,60,0.3581256359810444,0.9391777228383889
bateria,B,0.88|6.8|0.47|7,0.47,0.88,25,4.1,6.8,parada,60,0.3810474129041131,0.9058873891514848
bateria,B,0.88|6.8|0.65|7,0.65,0.88,25,4.1,6.8,parada,60,0.3597398976483353,0.8694350414350598
bateria,B,0.88|8|0.3|7,0.3,0.88,25,4.1,8,parada,60,0.3581256359810444,0.9391777228383889
bateria,B,0.88|8|0.47|7,0.47,0.88,25,4.1,8,parada,60,0.3810474129041131,0.9058873891514848
bateria,B,0.88|8|0.65|7,0.65,0.88,25,4.1,8,parada,60,0.3597398976483353,0.8694350414350598
bateria,B,0.94|3|0.3|7,0.3,0.94,25,4.1,3,parada,60,0.4523606633135124,0.9456282573873886
bateria,B,0.94|3|0.47|7,0.47,0.94,25,4.1,3,parada,60,0.45520162110101026,0.9133738886854189
bateria,B,0.94|3|0.65|7,0.65,0.94,25,4.1,3,parada,60,0.4108543275747959,0.8748238862602822
bateria,B,0.94|5|0.3|7,0.3,0.94,25,4.1,5,parada,60,0.4523606633135124,0.9456282573873886
bateria,B,0.94|5|0.47|7,0.47,0.94,25,4.1,5,parada,60,0.45520162110101026,0.9133738886854189
bateria,B,0.94|5|0.65|7,0.65,0.94,25,4.1,5,parada,60,0.4108543275747959,0.8748238862602822
bateria,B,0.94|6.8|0.3|7,0.3,0.94,25,4.1,6.8,parada,60,0.4523606633135124,0.9456282573873886
bateria,B,0.94|6.8|0.47|7,0.47,0.94,25,4.1,6.8,parada,60,0.45520162110101026,0.9133738886854189
bateria,B,0.94|6.8|0.65|7,0.65,0.94,25,4.1,6.8,parada,60,0.4108543275747959,0.8748238862602822
bateria,B,0.94|8|0.3|7,0.3,0.94,25,4.1,8,parada,60,0.4523606633135124,0.9456282573873886
bateria,B,0.94|8|0.47|7,0.47,0.94,25,4.1,8,parada,60,0.45520162110101026,0.9133738886854189
bateria,B,0.94|8|0.65|7,0.65,0.94,25,4.1,8,parada,60,0.4108543275747959,0.8748238862602822
bateria,B,0.98|3|0.3|7,0.3,0.98,25,4.1,3,parada,60,0.5178341869306713,0.9507620198642035
bateria,B,0.98|3|0.47|7,0.47,0.98,25,4.1,3,parada,60,0.49954471885317864,0.9181062578646667
bateria,B,0.98|3|0.65|7,0.65,0.98,25,4.1,3,parada,60,0.43314609473144894,0.876668312175656
bateria,B,0.98|5|0.3|7,0.3,0.98,25,4.1,5,parada,60,0.5178341869306713,0.9507620198642035
bateria,B,0.98|5|0.47|7,0.47,0.98,25,4.1,5,parada,60,0.49954471885317864,0.9181062578646667
bateria,B,0.98|5|0.65|7,0.65,0.98,25,4.1,5,parada,60,0.43314609473144894,0.876668312175656
bateria,B,0.98|6.8|0.3|7,0.3,0.98,25,4.1,6.8,parada,60,0.5178341869306713,0.9507620198642035
bateria,B,0.98|6.8|0.47|7,0.47,0.98,25,4.1,6.8,parada,60,0.49954471885317864,0.9181062578646667
bateria,B,0.98|6.8|0.65|7,0.65,0.98,25,4.1,6.8,parada,60,0.43314609473144894,0.876668312175656
bateria,B,0.98|8|0.3|7,0.3,0.98,25,4.1,8,parada,60,0.5178341869306713,0.9507620198642035
bateria,B,0.98|8|0.47|7,0.47,0.98,25,4.1,8,parada,60,0.49954471885317864,0.9181062578646667
bateria,B,0.98|8|0.65|7,0.65,0.98,25,4.1,8,parada,60,0.43314609473144894,0.876668312175656
bateria,B,0.8|3|0.3|8,0.3,0.8,25,4.1,3,parada,60,0.2457129669197078,0.9323839125365466
bateria,B,0.8|3|0.47|8,0.47,0.8,25,4.1,3,parada,60,0.2796265421636045,0.8979113203052331
bateria,B,0.8|3|0.65|8,0.65,0.8,25,4.1,3,parada,60,0.2751684365251511,0.8598192469107023
bateria,B,0.8|5|0.3|8,0.3,0.8,25,4.1,5,parada,60,0.2457129669197078,0.9323839125365466
bateria,B,0.8|5|0.47|8,0.47,0.8,25,4.1,5,parada,60,0.2796265421636045,0.8979113203052331
bateria,B,0.8|5|0.65|8,0.65,0.8,25,4.1,5,parada,60,0.2751684365251511,0.8598192469107023
bateria,B,0.8|6.8|0.3|8,0.3,0.8,25,4.1,6.8,parada,60,0.2457129669197078,0.9323839125365466
bateria,B,0.8|6.8|0.47|8,0.47,0.8,25,4.1,6.8,parada,60,0.2796265421636045,0.8979113203052331
bateria,B,0.8|6.8|0.65|8,0.65,0.8,25,4.1,6.8,parada,60,0.2751684365251511,0.8598192469107023
bateria,B,0.8|8|0.3|8,0.3,0.8,25,4.1,8,parada,60,0.2457129669197078,0.9323839125365466
bateria,B,0.8|8|0.47|8,0.47,0.8,25,4.1,8,parada,60,0.2796265421636045,0.8979113203052331
bateria,B,0.8|8|0.65|8,0.65,0.8,25,4.1,8,parada,60,0.2751684365251511,0.8598192469107023
bateria,B,0.88|3|0.3|8,0.3,0.88,25,4.1,3,parada,60,0.35768468478539556,0.9393840344668009
bateria,B,0.88|3|0.47|8,0.47,0.88,25,4.1,3,parada,60,0.37252716461630664,0.9041713213183928
bateria,B,0.88|3|0.65|8,0.65,0.88,25,4.1,3,parada,60,0.3546149291041166,0.8675090187486307
bateria,B,0.88|5|0.3|8,0.3,0.88,25,4.1,5,parada,60,0.35768468478539556,0.9393840344668009
bateria,B,0.88|5|0.47|8,0.47,0.88,25,4.1,5,parada,60,0.37252716461630664,0.9041713213183928
bateria,B,0.88|5|0.65|8,0.65,0.88,25,4.1,5,parada,60,0.3546149291041166,0.8675090187486307
bateria,B,0.88|6.8|0.3|8,0.3,0.88,25,4.1,6.8,parada,60,0.35768468478539556,0.9393840344668009
bateria,B,0.88|6.8|0.47|8,0.47,0.88,25,4.1,6.8,parada,60,0.37252716461630664,0.9041713213183928
bateria,B,0.88|6.8|0.65|8,0.65,0.88,25,4.1,6.8,parada,60,0.3546149291041166,0.8675090187486307
bateria,B,0.88|8|0.3|8,0.3,0.88,25,4.1,8,parada,60,0.35768468478539556,0.9393840344668009
bateria,B,0.88|8|0.47|8,0.47,0.88,25,4.1,8,parada,60,0.37252716461630664,0.9041713213183928
bateria,B,0.88|8|0.65|8,0.65,0.88,25,4.1,8,parada,60,0.3546149291041166,0.8675090187486307
bateria,B,0.94|3|0.3|8,0.3,0.94,25,4.1,3,parada,60,0.4449471758411145,0.9449091546809637
bateria,B,0.94|3|0.47|8,0.47,0.94,25,4.1,3,parada,60,0.44695559855309297,0.9113652588419472
bateria,B,0.94|3|0.65|8,0.65,0.94,25,4.1,3,parada,60,0.4062573339351168,0.8733645431247795
bateria,B,0.94|5|0.3|8,0.3,0.94,25,4.1,5,parada,60,0.4449471758411145,0.9449091546809637
bateria,B,0.94|5|0.47|8,0.47,0.94,25,4.1,5,parada,60,0.44695559855309297,0.9113652588419472
bateria,B,0.94|5|0.65|8,0.65,0.94,25,4.1,5,parada,60,0.4062573339351168,0.8733645431247795
bateria,B,0.94|6.8|0.3|8,0.3,0.94,25,4.1,6.8,parada,60,0.4449471758411145,0.9449091546809637
bateria,B,0.94|6.8|0.47|8,0.47,0.94,25,4.1,6.8,parada,60,0.44695559855309297,0.9113652588419472
bateria,B,0.94|6.8|0.65|8,0.65,0.94,25,4.1,6.8,parada,60,0.4062573339351168,0.8733645431247795
bateria,B,0.94|8|0.3|8,0.3,0.94,25,4.1,8,parada,60,0.4449471758411145,0.9449091546809637
bateria,B,0.94|8|0.47|8,0.47,0.94,25,4.1,8,parada,60,0.44695559855309297,0.9113652588419472
bateria,B,0.94|8|0.65|8,0.65,0.94,25,4.1,8,parada,60,0.4062573339351168,0.8733645431247795
bateria,B,0.98|3|0.3|8,0.3,0.98,25,4.1,3,parada,60,0.5041070464412866,0.9490718461695048
bateria,B,0.98|3|0.47|8,0.47,0.98,25,4.1,3,parada,60,0.4924382581781218,0.9165680567176001
bateria,B,0.98|3|0.65|8,0.65,0.98,25,4.1,3,parada,60,0.4283659983837988,0.8752027940193344
bateria,B,0.98|5|0.3|8,0.3,0.98,25,4.1,5,parada,60,0.5041070464412866,0.9490718461695048
bateria,B,0.98|5|0.47|8,0.47,0.98,25,4.1,5,parada,60,0.4924382581781218,0.9165680567176001
bateria,B,0.98|5|0.65|8,0.65,0.98,25,4.1,5,parada,60,0.4283659983837988,0.8752027940193344
bateria,B,0.98|6.8|0.3|8,0.3,0.98,25,4.1,6.8,parada,60,0.5041070464412866,0.9490718461695048
bateria,B,0.98|6.8|0.47|8,0.47,0.98,25,4.1,6.8,parada,60,0.4924382581781218,0.9165680567176001
bateria,B,0.98|6.8|0.65|8,0.65,0.98,25,4.1,6.8,parada,60,0.4283659983837988,0.8752027940193344
bateria,B,0.98|8|0.3|8,0.3,0.98,25,4.1,8,parada,60,0.5041070464412866,0.9490718461695048
bateria,B,0.98|8|0.47|8,0.47,0.98,25,4.1,8,parada,60,0.4924382581781218,0.9165680567176001
bateria,B,0.98|8|0.65|8,0.65,0.98,25,4.1,8,parada,60,0.4283659983837988,0.8752027940193344
bateria,B,0.8|3|0.3|9,0.3,0.8,25,4.1,3,parada,60,0.25826573099475286,0.9338404283572243
bateria,B,0.8|3|0.47|9,0.47,0.8,25,4.1,3,parada,60,0.29055961789082085,0.8998942360184009
bateria,B,0.8|3|0.65|9,0.65,0.8,25,4.1,3,parada,60,0.2832852739871658,0.8624529759271742
bateria,B,0.8|5|0.3|9,0.3,0.8,25,4.1,5,parada,60,0.25826573099475286,0.9338404283572243
bateria,B,0.8|5|0.47|9,0.47,0.8,25,4.1,5,parada,60,0.29055961789082085,0.8998942360184009
bateria,B,0.8|5|0.65|9,0.65,0.8,25,4.1,5,parada,60,0.2832852739871658,0.8624529759271742
bateria,B,0.8|6.8|0.3|9,0.3,0.8,25,4.1,6.8,parada,60,0.25826573099475286,0.9338404283572243
bateria,B,0.8|6.8|0.47|9,0.47,0.8,25,4.1,6.8,parada,60,0.29055961789082085,0.8998942360184009
bateria,B,0.8|6.8|0.65|9,0.65,0.8,25,4.1,6.8,parada,60,0.2832852739871658,0.8624529759271742
bateria,B,0.8|8|0.3|9,0.3,0.8,25,4.1,8,parada,60,0.25826573099475286,0.9338404283572243
bateria,B,0.8|8|0.47|9,0.47,0.8,25,4.1,8,parada,60,0.29055961789082085,0.8998942360184009
bateria,B,0.8|8|0.65|9,0.65,0.8,25,4.1,8,parada,60,0.2832852739871658,0.8624529759271742
bateria,B,0.88|3|0.3|9,0.3,0.88,25,4.1,3,parada,60,0.3710796386101752,0.9408911001870014
bateria,B,0.88|3|0.47|9,0.47,0.88,25,4.1,3,parada,60,0.38315382549697075,0.9067067404450518
bateria,B,0.88|3|0.65|9,0.65,0.88,25,4.1,3,parada,60,0.36025292861503644,0.8696728452723467
bateria,B,0.88|5|0.3|9,0.3,0.88,25,4.1,5,parada,60,0.3710796386101752,0.9408911001870014
bateria,B,0.88|5|0.47|9,0.47,0.88,25,4.1,5,parada,60,0.38315382549697075,0.9067067404450518
bateria,B,0.88|5|0.65|9,0.65,0.88,25,4.1,5,parada,60,0.36025292861503644,0.8696728452723467
bateria,B,0.88|6.8|0.3|9,0.3,0.88,25,4.1,6.8,parada,60,0.3710796386101752,0.9408911001870014
bateria,B,0.88|6.8|0.47|9,0.47,0.88,25,4.1,6.8,parada,60,0.38315382549697075,0.9067067404450518
bateria,B,0.88|6.8|0.65|9,0.65,0.88,25,4.1,6.8,parada,60,0.36025292861503644,0.8696728452723467
bateria,B,0.88|8|0.3|9,0.3,0.88,25,4.1,8,parada,60,0.3710796386101752,0.9408911001870014
bateria,B,0.88|8|0.47|9,0.47,0.88,25,4.1,8,parada,60,0.38315382549697075,0.9067067404450518
bateria,B,0.88|8|0.65|9,0.65,0.88,25,4.1,8,parada,60,0.36025292861503644,0.8696728452723467
bateria,B,0.94|3|0.3|9,0.3,0.94,25,4.1,3,parada,60,0.46045431563707584,0.9469533678908049
bateria,B,0.94|3|0.47|9,0.47,0.94,25,4.1,3,parada,60,0.4544977859599801,0.9134866874553642
bateria,B,0.94|3|0.65|9,0.65,0.94,25,4.1,3,parada,60,0.41056026806231166,0.8749416867244617
bateria,B,0.94|5|0.3|9,0.3,0.94,25,4.1,5,parada,60,0.46045431563707584,0.9469533678908049
bateria,B,0.94|5|0.47|9,0.47,0.94,25,4.1,5,parada,60,0.4544977859599801,0.9134866874553642
bateria,B,0.94|5|0.65|9,0.65,0.94,25,4.1,5,parada,60,0.41056026806231166,0.8749416867244617
bateria,B,0.94|6.8|0.3|9,0.3,0.94,25,4.1,6.8,parada,60,0.46045431563707584,0.9469533678908049
bateria,B,0.94|6.8|0.47|9,0.47,0.94,25,4.1,6.8,parada,60,0.4544977859599801,0.9134866874553642
bateria,B,0.94|6.8|0.65|9,0.65,0.94,25,4.1,6.8,parada,60,0.41056026806231166,0.8749416867244617
bateria,B,0.94|8|0.3|9,0.3,0.94,25,4.1,8,parada,60,0.46045431563707584,0.9469533678908049
bateria,B,0.94|8|0.47|9,0.47,0.94,25,4.1,8,parada,60,0.4544977859599801,0.9134866874553642
bateria,B,0.94|8|0.65|9,0.65,0.94,25,4.1,8,parada,60,0.41056026806231166,0.8749416867244617
bateria,B,0.98|3|0.3|9,0.3,0.98,25,4.1,3,parada,60,0.5181741758796331,0.951229007267376
bateria,B,0.98|3|0.47|9,0.47,0.98,25,4.1,3,parada,60,0.4989305086737931,0.9183631870325631
bateria,B,0.98|3|0.65|9,0.65,0.98,25,4.1,3,parada,60,0.431025326964553,0.8764829780129197
bateria,B,0.98|5|0.3|9,0.3,0.98,25,4.1,5,parada,60,0.5181741758796331,0.951229007267376
bateria,B,0.98|5|0.47|9,0.47,0.98,25,4.1,5,parada,60,0.4989305086737931,0.9183631870325631
bateria,B,0.98|5|0.65|9,0.65,0.98,25,4.1,5,parada,60,0.431025326964553,0.8764829780129197
bateria,B,0.98|6.8|0.3|9,0.3,0.98,25,4.1,6.8,parada,60,0.5181741758796331,0.951229007267376
bateria,B,0.98|6.8|0.47|9,0.47,0.98,25,4.1,6.8,parada,60,0.4989305086737931,0.9183631870325631
bateria,B,0.98|6.8|0.65|9,0.65,0.98,25,4.1,6.8,parada,60,0.431025326964553,0.8764829780129197
bateria,B,0.98|8|0.3|9,0.3,0.98,25,4.1,8,parada,60,0.5181741758796331,0.951229007267376
bateria,B,0.98|8|0.47|9,0.47,0.98,25,4.1,8,parada,60,0.4989305086737931,0.9183631870325631
bateria,B,0.98|8|0.65|9,0.65,0.98,25,4.1,8,parada,60,0.431025326964553,0.8764829780129197
bateria,B,0.8|3|0.3|10,0.3,0.8,25,4.1,3,parada,60,0.24493421984521077,0.9328275877459686
bateria,B,0.8|3|0.47|10,0.47,0.8,25,4.1,3,parada,60,0.2851866016266867,0.8993940738486457
bateria,B,0.8|3|0.65|10,0.65,0.8,25,4.1,3,parada,60,0.28438242398572905,0.8630397581524187
bateria,B,0.8|5|0.3|10,0.3,0.8,25,4.1,5,parada,60,0.24493421984521077,0.9328275877459686
bateria,B,0.8|5|0.47|10,0.47,0.8,25,4.1,5,parada,60,0.2851866016266867,0.8993940738486457
bateria,B,0.8|5|0.65|10,0.65,0.8,25,4.1,5,parada,60,0.28438242398572905,0.8630397581524187
bateria,B,0.8|6.8|0.3|10,0.3,0.8,25,4.1,6.8,parada,60,0.24493421984521077,0.9328275877459686
bateria,B,0.8|6.8|0.47|10,0.47,0.8,25,4.1,6.8,parada,60,0.2851866016266867,0.8993940738486457
bateria,B,0.8|6.8|0.65|10,0.65,0.8,25,4.1,6.8,parada,60,0.28438242398572905,0.8630397581524187
bateria,B,0.8|8|0.3|10,0.3,0.8,25,4.1,8,parada,60,0.24493421984521077,0.9328275877459686
bateria,B,0.8|8|0.47|10,0.47,0.8,25,4.1,8,parada,60,0.2851866016266867,0.8993940738486457
bateria,B,0.8|8|0.65|10,0.65,0.8,25,4.1,8,parada,60,0.28438242398572905,0.8630397581524187
bateria,B,0.88|3|0.3|10,0.3,0.88,25,4.1,3,parada,60,0.36072346090310903,0.9401534971813552
bateria,B,0.88|3|0.47|10,0.47,0.88,25,4.1,3,parada,60,0.38210658048042884,0.9067256437359387
bateria,B,0.88|3|0.65|10,0.65,0.88,25,4.1,3,parada,60,0.3639361181089646,0.870527316246189
bateria,B,0.88|5|0.3|10,0.3,0.88,25,4.1,5,parada,60,0.36072346090310903,0.9401534971813552
bateria,B,0.88|5|0.47|10,0.47,0.88,25,4.1,5,parada,60,0.38210658048042884,0.9067256437359387
bateria,B,0.88|5|0.65|10,0.65,0.88,25,4.1,5,parada,60,0.3639361181089646,0.870527316246189
bateria,B,0.88|6.8|0.3|10,0.3,0.88,25,4.1,6.8,parada,60,0.36072346090310903,0.9401534971813552
bateria,B,0.88|6.8|0.47|10,0.47,0.88,25,4.1,6.8,parada,60,0.38210658048042884,0.9067256437359387
bateria,B,0.88|6.8|0.65|10,0.65,0.88,25,4.1,6.8,parada,60,0.3639361181089646,0.870527316246189
bateria,B,0.88|8|0.3|10,0.3,0.88,25,4.1,8,parada,60,0.36072346090310903,0.9401534971813552
bateria,B,0.88|8|0.47|10,0.47,0.88,25,4.1,8,parada,60,0.38210658048042884,0.9067256437359387
bateria,B,0.88|8|0.65|10,0.65,0.88,25,4.1,8,parada,60,0.3639361181089646,0.870527316246189
bateria,B,0.94|3|0.3|10,0.3,0.94,25,4.1,3,parada,60,0.45268137446643286,0.9462418217893833
bateria,B,0.94|3|0.47|10,0.47,0.94,25,4.1,3,parada,60,0.4569515601346907,0.913850653586349
bateria,B,0.94|3|0.65|10,0.65,0.94,25,4.1,3,parada,60,0.41585365928252327,0.8763376089591144
bateria,B,0.94|5|0.3|10,0.3,0.94,25,4.1,5,parada,60,0.45268137446643286,0.9462418217893833
bateria,B,0.94|5|0.47|10,0.47,0.94,25,4.1,5,parada,60,0.4569515601346907,0.913850653586349
bateria,B,0.94|5|0.65|10,0.65,0.94,25,4.1,5,parada,60,0.41585365928252327,0.8763376089591144
bateria,B,0.94|6.8|0.3|10,0.3,0.94,25,4.1,6.8,parada,60,0.45268137446643286,0.9462418217893833
bateria,B,0.94|6.8|0.47|10,0.47,0.94,25,4.1,6.8,parada,60,0.4569515601346907,0.913850653586349
bateria,B,0.94|6.8|0.65|10,0.65,0.94,25,4.1,6.8,parada,60,0.41585365928252327,0.8763376089591144
bateria,B,0.94|8|0.3|10,0.3,0.94,25,4.1,8,parada,60,0.45268137446643286,0.9462418217893833
bateria,B,0.94|8|0.47|10,0.47,0.94,25,4.1,8,parada,60,0.4569515601346907,0.913850653586349
bateria,B,0.94|8|0.65|10,0.65,0.94,25,4.1,8,parada,60,0.41585365928252327,0.8763376089591144
bateria,B,0.98|3|0.3|10,0.3,0.98,25,4.1,3,parada,60,0.5163539429796559,0.9510426107780319
bateria,B,0.98|3|0.47|10,0.47,0.98,25,4.1,3,parada,60,0.5032841002492828,0.9189760172249243
bateria,B,0.98|3|0.65|10,0.65,0.98,25,4.1,3,parada,60,0.43768754604069476,0.8781453437338684
bateria,B,0.98|5|0.3|10,0.3,0.98,25,4.1,5,parada,60,0.5163539429796559,0.9510426107780319
bateria,B,0.98|5|0.47|10,0.47,0.98,25,4.1,5,parada,60,0.5032841002492828,0.9189760172249243
bateria,B,0.98|5|0.65|10,0.65,0.98,25,4.1,5,parada,60,0.43768754604069476,0.8781453437338684
bateria,B,0.98|6.8|0.3|10,0.3,0.98,25,4.1,6.8,parada,60,0.5163539429796559,0.9510426107780319
bateria,B,0.98|6.8|0.47|10,0.47,0.98,25,4.1,6.8,parada,60,0.5032841002492828,0.9189760172249243
bateria,B,0.98|6.8|0.65|10,0.65,0.98,25,4.1,6.8,parada,60,0.43768754604069476,0.8781453437338684
bateria,B,0.98|8|0.3|10,0.3,0.98,25,4.1,8,parada,60,0.5163539429796559,0.9510426107780319
bateria,B,0.98|8|0.47|10,0.47,0.98,25,4.1,8,parada,60,0.5032841002492828,0.9189760172249243
bateria,B,0.98|8|0.65|10,0.65,0.98,25,4.1,8,parada,60,0.43768754604069476,0.8781453437338684
bateria2,D,inicio|3,0.47,0.94,25,4.1,6.8,inicio,60,-0.3821453066788238,0.8275401754864383
bateria2,D,inicio|4,0.47,0.94,25,4.1,6.8,inicio,60,-0.3918258374375266,0.8278506804930253
bateria2,D,inicio|1,0.47,0.94,25,4.1,6.8,inicio,60,-0.38507400407661624,0.8289387076971552
bateria2,D,inicio|2,0.47,0.94,25,4.1,6.8,inicio,60,-0.3814177198777108,0.8284731026656332
bateria2,D,inicio|8,0.47,0.94,25,4.1,6.8,inicio,60,-0.382632838408837,0.8275480864072704
bateria2,D,inicio|7,0.47,0.94,25,4.1,6.8,inicio,60,-0.38211252378771154,0.8291605435859006
bateria2,D,inicio|5,0.47,0.94,25,4.1,6.8,inicio,60,-0.3878670212261705,0.828709815204034
bateria2,D,inicio|6,0.47,0.94,25,4.1,6.8,inicio,60,-0.38484321732542803,0.829974579298913
bateria2,D,inicio|9,0.47,0.94,25,4.1,6.8,inicio,60,-0.38641466739921343,0.8278969198429231
bateria2,D,inicio|10,0.47,0.94,25,4.1,6.8,inicio,60,-0.3892192369667445,0.8276957666175766
bateria2,D,parada|1,0.47,0.94,25,4.1,6.8,parada,60,0.45162915153838934,0.9599114174859
bateria2,D,parada|7,0.47,0.94,25,4.1,6.8,parada,60,0.45853054619902806,0.9597699892352464
bateria2,D,parada|4,0.47,0.94,25,4.1,6.8,parada,60,0.451136509141897,0.9603488432370936
bateria2,D,parada|8,0.47,0.94,25,4.1,6.8,parada,60,0.4463833485410116,0.9594696589142541
bateria2,D,parada|3,0.47,0.94,25,4.1,6.8,parada,60,0.4568493210581393,0.9603217137967643
bateria2,D,parada|10,0.47,0.94,25,4.1,6.8,parada,60,0.44762686274401586,0.9590013139859231
bateria2,D,parada|6,0.47,0.94,25,4.1,6.8,parada,60,0.45386095904083174,0.9606757460163743
bateria2,D,parada|5,0.47,0.94,25,4.1,6.8,parada,60,0.4475084212403181,0.9598288425876035
bateria2,D,parada|2,0.47,0.94,25,4.1,6.8,parada,60,0.4550003214051957,0.9597550413288765
bateria2,D,parada|9,0.47,0.94,25,4.1,6.8,parada,60,0.4578886271949024,0.9606536379423128
bateria2,Aprima,2,0.47,0.94,25,4.1,6.8,parada,60,0.4550003214051957,0.9597550413288765
bateria2,Aprima,1,0.47,0.94,25,4.1,6.8,parada,60,0.45162915153838934,0.9599114174859
bateria2,Aprima,3,0.47,0.94,25,4.1,6.8,parada,60,0.4568493210581393,0.9603217137967643
bateria2,Aprima,4,0.47,0.94,25,4.1,6.8,parada,60,0.451136509141897,0.9603488432370936
bateria2,Aprima,5,0.47,0.94,25,4.1,6.8,parada,60,0.4475084212403181,0.9598288425876035
bateria2,Aprima,8,0.47,0.94,25,4.1,6.8,parada,60,0.4463833485410116,0.9594696589142541
bateria2,Aprima,11,0.47,0.94,25,4.1,6.8,parada,60,0.44086701326499406,0.9598762313632577
bateria2,Aprima,13,0.47,0.94,25,4.1,6.8,parada,60,0.45152474941349524,0.9598477335564937
bateria2,Aprima,7,0.47,0.94,25,4.1,6.8,parada,60,0.45853054619902806,0.9597699892352464
bateria2,Aprima,12,0.47,0.94,25,4.1,6.8,parada,60,0.4490281684473472,0.9600695298927783
bateria2,Aprima,6,0.47,0.94,25,4.1,6.8,parada,60,0.45386095904083174,0.9606757460163743
bateria2,Aprima,9,0.47,0.94,25,4.1,6.8,parada,60,0.4578886271949024,0.9606536379423128
bateria2,Aprima,10,0.47,0.94,25,4.1,6.8,parada,60,0.44762686274401586,0.9590013139859231
bateria2,Aprima,14,0.47,0.94,25,4.1,6.8,parada,60,0.4453894596142944,0.9595845810503179
bateria2,Aprima,15,0.47,0.94,25,4.1,6.8,parada,60,0.4528531972376317,0.9592187395570516
bateria2,Aprima,16,0.47,0.94,25,4.1,6.8,parada,60,0.44864918706194834,0.9591667690030923
bateria2,Aprima,17,0.47,0.94,25,4.1,6.8,parada,60,0.45585844504392925,0.9602385039220374
bateria2,Aprima,18,0.47,0.94,25,4.1,6.8,parada,60,0.44925133765636344,0.9595178679332239
bateria2,Aprima,21,0.47,0.94,25,4.1,6.8,parada,60,0.44688947926791617,0.959778876777711
bateria2,Aprima,20,0.47,0.94,25,4.1,6.8,parada,60,0.4401458050456871,0.9593190383335654
bateria2,Aprima,22,0.47,0.94,25,4.1,6.8,parada,60,0.4496503022324929,0.9596091500259087
bateria2,Aprima,19,0.47,0.94,25,4.1,6.8,parada,60,0.45812251751828137,0.96029594058411
bateria2,Aprima,23,0.47,0.94,25,4.1,6.8,parada,60,0.44038099080410376,0.9593537079379897
bateria2,Aprima,24,0.47,0.94,25,4.1,6.8,parada,60,0.44974226898676006,0.9589494046362393
bateria2,Aprima,25,0.47,0.94,25,4.1,6.8,parada,60,0.44805791595647637,0.9596015419025201
bateria2,Aprima,26,0.47,0.94,25,4.1,6.8,parada,60,0.4600287416595235,0.9604699461724617
bateria2,Aprima,27,0.47,0.94,25,4.1,6.8,parada,60,0.4467031417236994,0.9598865989770189
bateria2,Aprima,28,0.47,0.94,25,4.1,6.8,parada,60,0.45900532374597874,0.960149465480457
bateria2,Aprima,29,0.47,0.94,25,4.1,6.8,parada,60,0.449106974371702,0.9588039905107387
bateria2,Aprima,30,0.47,0.94,25,4.1,6.8,parada,60,0.44747421677159993,0.9598522036372871
bateria2,Bprima,0.8|22|3|0.3|1,0.3,0.8,22,3,6.8,parada,60,0.6345310751861223,0.9623221265920493
bateria2,Bprima,0.8|22|3|0.3|2,0.3,0.8,22,3,6.8,parada,60,0.6438686934695841,0.9631840531366943
bateria2,Bprima,0.8|22|3|0.3|3,0.3,0.8,22,3,6.8,parada,60,0.6425566318989775,0.9628165578084591
bateria2,Bprima,0.8|22|3|0.3|5,0.3,0.8,22,3,6.8,parada,60,0.6365627323675127,0.9629586712048398
bateria2,Bprima,0.8|22|3|0.3|4,0.3,0.8,22,3,6.8,parada,60,0.6427230182373881,0.9633489016865514
bateria2,Bprima,0.8|22|3|0.3|6,0.3,0.8,22,3,6.8,parada,60,0.6339911875597984,0.9616799523813477
bateria2,Bprima,0.8|22|3|0.3|8,0.3,0.8,22,3,6.8,parada,60,0.6402962805538662,0.9627481447236568
bateria2,Bprima,0.8|22|3|0.3|7,0.3,0.8,22,3,6.8,parada,60,0.6377936614324005,0.9626877470174444
bateria2,Bprima,0.8|22|3|0.3|9,0.3,0.8,22,3,6.8,parada,60,0.6477830991045507,0.9635775768146885
bateria2,Bprima,0.8|22|3|0.3|10,0.3,0.8,22,3,6.8,parada,60,0.6392871205154351,0.9623927753800946
bateria2,Bprima,0.8|22|3|0.47|1,0.47,0.8,22,3,6.8,parada,60,0.5817612551974038,0.9503788636973894
bateria2,Bprima,0.8|22|3|0.47|2,0.47,0.8,22,3,6.8,parada,60,0.593427970425413,0.9517604230205868
bateria2,Bprima,0.8|22|3|0.47|3,0.47,0.8,22,3,6.8,parada,60,0.5862959724664479,0.9506789176048349
bateria2,Bprima,0.8|22|3|0.47|4,0.47,0.8,22,3,6.8,parada,60,0.5850750659811972,0.9506934696869213
bateria2,Bprima,0.8|22|3|0.47|5,0.47,0.8,22,3,6.8,parada,60,0.5805259893396132,0.9505503922044559
bateria2,Bprima,0.8|22|3|0.47|6,0.47,0.8,22,3,6.8,parada,60,0.5834298546253572,0.9502584473311881
bateria2,Bprima,0.8|22|3|0.47|7,0.47,0.8,22,3,6.8,parada,60,0.5874249427083451,0.9511758537611449
bateria2,Bprima,0.8|22|3|0.47|8,0.47,0.8,22,3,6.8,parada,60,0.5792809459186926,0.9500328864240896
bateria2,Bprima,0.8|22|3|0.47|9,0.47,0.8,22,3,6.8,parada,60,0.5913187402324257,0.951462131039243
bateria2,Bprima,0.8|22|3|0.47|10,0.47,0.8,22,3,6.8,parada,60,0.580792622169883,0.9502167117412759
bateria2,Bprima,0.8|22|3|0.65|1,0.65,0.8,22,3,6.8,parada,60,0.3539428929317489,0.9132766203260374
bateria2,Bprima,0.8|22|3|0.65|2,0.65,0.8,22,3,6.8,parada,60,0.365717751955332,0.9148842262938586
bateria2,Bprima,0.8|22|3|0.65|3,0.65,0.8,22,3,6.8,parada,60,0.35322443479695664,0.913711336254406
bateria2,Bprima,0.8|22|3|0.65|4,0.65,0.8,22,3,6.8,parada,60,0.35170040527646557,0.913629470411394
bateria2,Bprima,0.8|22|3|0.65|5,0.65,0.8,22,3,6.8,parada,60,0.3495890495988812,0.9136713595287913
bateria2,Bprima,0.8|22|3|0.65|6,0.65,0.8,22,3,6.8,parada,60,0.35848774648446946,0.913461225417169
bateria2,Bprima,0.8|22|3|0.65|7,0.65,0.8,22,3,6.8,parada,60,0.36061891753284386,0.9144366730976594
bateria2,Bprima,0.8|22|3|0.65|8,0.65,0.8,22,3,6.8,parada,60,0.34551758119031206,0.9123775824137096
bateria2,Bprima,0.8|22|3|0.65|9,0.65,0.8,22,3,6.8,parada,60,0.3586359983717005,0.9141827952303218
bateria2,Bprima,0.8|22|3|0.65|10,0.65,0.8,22,3,6.8,parada,60,0.34920061906870553,0.9130687451206603
bateria2,Bprima,0.8|22|4.1|0.3|1,0.3,0.8,22,4.1,6.8,parada,60,0.4952966038341991,0.9496552047249108
bateria2,Bprima,0.8|22|4.1|0.3|2,0.3,0.8,22,4.1,6.8,parada,60,0.502198520454952,0.9502568540951603
bateria2,Bprima,0.8|22|4.1|0.3|3,0.3,0.8,22,4.1,6.8,parada,60,0.5037456756385363,0.9501668910993968
bateria2,Bprima,0.8|22|4.1|0.3|4,0.3,0.8,22,4.1,6.8,parada,60,0.503190690773189,0.9508040908661065
bateria2,Bprima,0.8|22|4.1|0.3|5,0.3,0.8,22,4.1,6.8,parada,60,0.5011579154190493,0.9502173295864199
bateria2,Bprima,0.8|22|4.1|0.3|6,0.3,0.8,22,4.1,6.8,parada,60,0.49570506935640535,0.9489575775402886
bateria2,Bprima,0.8|22|4.1|0.3|8,0.3,0.8,22,4.1,6.8,parada,60,0.5043946222997926,0.9504489511176869
bateria2,Bprima,0.8|22|4.1|0.3|7,0.3,0.8,22,4.1,6.8,parada,60,0.49684134660287294,0.9496380841830356
bateria2,Bprima,0.8|22|4.1|0.3|9,0.3,0.8,22,4.1,6.8,parada,60,0.5091542461515224,0.9511261742993894
bateria2,Bprima,0.8|22|4.1|0.3|10,0.3,0.8,22,4.1,6.8,parada,60,0.5025079638501153,0.9498767738415679
bateria2,Bprima,0.8|22|4.1|0.47|1,0.47,0.8,22,4.1,6.8,parada,60,0.593766841682068,0.9555551111941569
bateria2,Bprima,0.8|22|4.1|0.47|2,0.47,0.8,22,4.1,6.8,parada,60,0.6035856988677653,0.956478368014884
bateria2,Bprima,0.8|22|4.1|0.47|3,0.47,0.8,22,4.1,6.8,parada,60,0.6013945606177179,0.9560156423682205
bateria2,Bprima,0.8|22|4.1|0.47|4,0.47,0.8,22,4.1,6.8,parada,60,0.60100038068743,0.9565890734326086
bateria2,Bprima,0.8|22|4.1|0.47|5,0.47,0.8,22,4.1,6.8,parada,60,0.5954847245153526,0.9561763984504845
bateria2,Bprima,0.8|22|4.1|0.47|6,0.47,0.8,22,4.1,6.8,parada,60,0.5938113590974978,0.9548555266735438
bateria2,Bprima,0.8|22|4.1|0.47|7,0.47,0.8,22,4.1,6.8,parada,60,0.5972985245691005,0.9559668186349001
bateria2,Bprima,0.8|22|4.1|0.47|9,0.47,0.8,22,4.1,6.8,parada,60,0.6065082505837383,0.9567650058063693
bateria2,Bprima,0.8|22|4.1|0.47|8,0.47,0.8,22,4.1,6.8,parada,60,0.5985102083709868,0.9558807045796041
bateria2,Bprima,0.8|22|4.1|0.47|10,0.47,0.8,22,4.1,6.8,parada,60,0.5981644373265295,0.955581307713077
bateria2,Bprima,0.8|22|4.1|0.65|1,0.65,0.8,22,4.1,6.8,parada,60,0.5633698175298831,0.9467862705930457
bateria2,Bprima,0.8|22|4.1|0.65|2,0.65,0.8,22,4.1,6.8,parada,60,0.5740471067020785,0.9480573961335904
bateria2,Bprima,0.8|22|4.1|0.65|3,0.65,0.8,22,4.1,6.8,parada,60,0.5698174716931911,0.9469390018807862
bateria2,Bprima,0.8|22|4.1|0.65|4,0.65,0.8,22,4.1,6.8,parada,60,0.5684167094677023,0.9472465777608567
bateria2,Bprima,0.8|22|4.1|0.65|5,0.65,0.8,22,4.1,6.8,parada,60,0.5640388986760335,0.9469616534455257
bateria2,Bprima,0.8|22|4.1|0.65|6,0.65,0.8,22,4.1,6.8,parada,60,0.5638107637940726,0.9465450122132507
bateria2,Bprima,0.8|22|4.1|0.65|7,0.65,0.8,22,4.1,6.8,parada,60,0.568821640184962,0.9472766603644572
bateria2,Bprima,0.8|22|4.1|0.65|8,0.65,0.8,22,4.1,6.8,parada,60,0.5632758765561531,0.9464960664833714
bateria2,Bprima,0.8|22|4.1|0.65|9,0.65,0.8,22,4.1,6.8,parada,60,0.5732955324545308,0.9479001477610216
bateria2,Bprima,0.8|22|4.1|0.65|10,0.65,0.8,22,4.1,6.8,parada,60,0.5650911809633435,0.9463500606981764
bateria2,Bprima,0.8|22|6|0.3|1,0.3,0.8,22,6,6.8,parada,60,0.30328355603337137,0.9371070335999433
bateria2,Bprima,0.8|22|6|0.3|2,0.3,0.8,22,6,6.8,parada,60,0.3073347085297005,0.9374234736559258
bateria2,Bprima,0.8|22|6|0.3|3,0.3,0.8,22,6,6.8,parada,60,0.3106189473866124,0.9374997362304985
bateria2,Bprima,0.8|22|6|0.3|4,0.3,0.8,22,6,6.8,parada,60,0.3098830210089569,0.9381326960912536
bateria2,Bprima,0.8|22|6|0.3|5,0.3,0.8,22,6,6.8,parada,60,0.30984269152908667,0.937771548705134
bateria2,Bprima,0.8|22|6|0.3|6,0.3,0.8,22,6,6.8,parada,60,0.30357911150939126,0.9361775899886227
bateria2,Bprima,0.8|22|6|0.3|7,0.3,0.8,22,6,6.8,parada,60,0.30115863486586775,0.9371011717476748
bateria2,Bprima,0.8|22|6|0.3|8,0.3,0.8,22,6,6.8,parada,60,0.31499279929936497,0.9378590994968785
bateria2,Bprima,0.8|22|6|0.3|9,0.3,0.8,22,6,6.8,parada,60,0.3127783201067996,0.9387385784129713
bateria2,Bprima,0.8|22|6|0.3|10,0.3,0.8,22,6,6.8,parada,60,0.3110593463189832,0.9373399527775719
bateria2,Bprima,0.8|22|6|0.47|1,0.47,0.8,22,6,6.8,parada,60,0.43939891778443796,0.949128810693436
bateria2,Bprima,0.8|22|6|0.47|2,0.47,0.8,22,6,6.8,parada,60,0.4463735665693789,0.9498316993012398
bateria2,Bprima,0.8|22|6|0.47|3,0.47,0.8,22,6,6.8,parada,60,0.44828629215648763,0.9497659002257746
bateria2,Bprima,0.8|22|6|0.47|4,0.47,0.8,22,6,6.8,parada,60,0.4467741780090366,0.9502467861770716
bateria2,Bprima,0.8|22|6|0.47|5,0.47,0.8,22,6,6.8,parada,60,0.44513895132136205,0.9496707320174955
bateria2,Bprima,0.8|22|6|0.47|6,0.47,0.8,22,6,6.8,parada,60,0.4396476721568928,0.9485808165932166
bateria2,Bprima,0.8|22|6|0.47|7,0.47,0.8,22,6,6.8,parada,60,0.4397159847864379,0.9494547530540491
bateria2,Bprima,0.8|22|6|0.47|8,0.47,0.8,22,6,6.8,parada,60,0.44834815341882994,0.949755183658453
bateria2,Bprima,0.8|22|6|0.47|9,0.47,0.8,22,6,6.8,parada,60,0.45196364521305826,0.9507735390283877
bateria2,Bprima,0.8|22|6|0.47|10,0.47,0.8,22,6,6.8,parada,60,0.44660573157250005,0.9494366255289332
bateria2,Bprima,0.8|22|6|0.65|1,0.65,0.8,22,6,6.8,parada,60,0.5181869394200631,0.9547463100490398
bateria2,Bprima,0.8|22|6|0.65|2,0.65,0.8,22,6,6.8,parada,60,0.5278306818462434,0.9555490328170982
bateria2,Bprima,0.8|22|6|0.65|3,0.65,0.8,22,6,6.8,parada,60,0.5271174650454982,0.9553571099374366
bateria2,Bprima,0.8|22|6|0.65|4,0.65,0.8,22,6,6.8,parada,60,0.5252896540039356,0.9556916586730079
bateria2,Bprima,0.8|22|6|0.65|5,0.65,0.8,22,6,6.8,parada,60,0.5210703126351259,0.955157340377623
bateria2,Bprima,0.8|22|6|0.65|6,0.65,0.8,22,6,6.8,parada,60,0.5191862688412715,0.9543632638564058
bateria2,Bprima,0.8|22|6|0.65|7,0.65,0.8,22,6,6.8,parada,60,0.5212332151935365,0.9549406275131543
bateria2,Bprima,0.8|22|6|0.65|8,0.65,0.8,22,6,6.8,parada,60,0.5247608164342462,0.9551915911348379
bateria2,Bprima,0.8|22|6|0.65|9,0.65,0.8,22,6,6.8,parada,60,0.5319037316188585,0.9561038970248101
bateria2,Bprima,0.8|22|6|0.65|10,0.65,0.8,22,6,6.8,parada,60,0.5242719164740968,0.9549272795836231
bateria2,Bprima,0.8|25|3|0.3|1,0.3,0.8,25,3,6.8,parada,60,0.5253723920363891,0.9637574482641815
bateria2,Bprima,0.8|25|3|0.3|2,0.3,0.8,25,3,6.8,parada,60,0.5269019626275706,0.9635914777198987
bateria2,Bprima,0.8|25|3|0.3|5,0.3,0.8,25,3,6.8,parada,60,0.5199726837964755,0.9631690013692623
bateria2,Bprima,0.8|25|3|0.3|3,0.3,0.8,25,3,6.8,parada,60,0.5280757716711172,0.9637290971981847
bateria2,Bprima,0.8|25|3|0.3|4,0.3,0.8,25,3,6.8,parada,60,0.5221366562154103,0.9632968175849201
bateria2,Bprima,0.8|25|3|0.3|6,0.3,0.8,25,3,6.8,parada,60,0.5273936884892475,0.9640587447430718
bateria2,Bprima,0.8|25|3|0.3|7,0.3,0.8,25,3,6.8,parada,60,0.5319500883609136,0.9633476676727742
bateria2,Bprima,0.8|25|3|0.3|8,0.3,0.8,25,3,6.8,parada,60,0.5198991796716391,0.9627591556696423
bateria2,Bprima,0.8|25|3|0.3|9,0.3,0.8,25,3,6.8,parada,60,0.5331141788598789,0.9645497193027978
bateria2,Bprima,0.8|25|3|0.3|10,0.3,0.8,25,3,6.8,parada,60,0.520339104893172,0.962560207659482
bateria2,Bprima,0.8|25|3|0.47|1,0.47,0.8,25,3,6.8,parada,60,0.45358162158137233,0.9440734596105731
bateria2,Bprima,0.8|25|3|0.47|2,0.47,0.8,25,3,6.8,parada,60,0.45331909564516254,0.9437678977543733
bateria2,Bprima,0.8|25|3|0.47|3,0.47,0.8,25,3,6.8,parada,60,0.4571571726089259,0.9443185332644954
bateria2,Bprima,0.8|25|3|0.47|4,0.47,0.8,25,3,6.8,parada,60,0.4532748566659396,0.9446084894934573
bateria2,Bprima,0.8|25|3|0.47|5,0.47,0.8,25,3,6.8,parada,60,0.44902441411253985,0.9440247979055002
bateria2,Bprima,0.8|25|3|0.47|6,0.47,0.8,25,3,6.8,parada,60,0.4559030513698657,0.9448335694496831
bateria2,Bprima,0.8|25|3|0.47|8,0.47,0.8,25,3,6.8,parada,60,0.4473214168305735,0.9433829333594906
bateria2,Bprima,0.8|25|3|0.47|7,0.47,0.8,25,3,6.8,parada,60,0.45566179770137455,0.9435656336615551
bateria2,Bprima,0.8|25|3|0.47|9,0.47,0.8,25,3,6.8,parada,60,0.45810833743893886,0.945028514097455
bateria2,Bprima,0.8|25|3|0.47|10,0.47,0.8,25,3,6.8,parada,60,0.4466392560275786,0.9428348954879188
bateria2,Bprima,0.8|25|3|0.65|1,0.65,0.8,25,3,6.8,parada,60,0.28189278437749776,0.9132118467219187
bateria2,Bprima,0.8|25|3|0.65|2,0.65,0.8,25,3,6.8,parada,60,0.2805649648096819,0.912633942187078
bateria2,Bprima,0.8|25|3|0.65|3,0.65,0.8,25,3,6.8,parada,60,0.28592677076627815,0.9136789238693587
bateria2,Bprima,0.8|25|3|0.65|4,0.65,0.8,25,3,6.8,parada,60,0.28956533106722143,0.9137299842284847
bateria2,Bprima,0.8|25|3|0.65|5,0.65,0.8,25,3,6.8,parada,60,0.28299107658990014,0.912878949141785
bateria2,Bprima,0.8|25|3|0.65|6,0.65,0.8,25,3,6.8,parada,60,0.2843421207532157,0.9140066682864404
bateria2,Bprima,0.8|25|3|0.65|7,0.65,0.8,25,3,6.8,parada,60,0.279753601632755,0.9126263787914256
bateria2,Bprima,0.8|25|3|0.65|8,0.65,0.8,25,3,6.8,parada,60,0.27784443253345603,0.9126549446409834
bateria2,Bprima,0.8|25|3|0.65|9,0.65,0.8,25,3,6.8,parada,60,0.285928210119993,0.9141058808946273
bateria2,Bprima,0.8|25|3|0.65|10,0.65,0.8,25,3,6.8,parada,60,0.2754118385542832,0.9119170868152362
bateria2,Bprima,0.8|25|4.1|0.3|1,0.3,0.8,25,4.1,6.8,parada,60,0.3988080606960942,0.9605658061720572
bateria2,Bprima,0.8|25|4.1|0.3|2,0.3,0.8,25,4.1,6.8,parada,60,0.39646542087290665,0.9605812463597928
bateria2,Bprima,0.8|25|4.1|0.3|3,0.3,0.8,25,4.1,6.8,parada,60,0.40178328671675645,0.9604676203241912
bateria2,Bprima,0.8|25|4.1|0.3|4,0.3,0.8,25,4.1,6.8,parada,60,0.39032321164274675,0.9599041419943974
bateria2,Bprima,0.8|25|4.1|0.3|5,0.3,0.8,25,4.1,6.8,parada,60,0.39057407892179025,0.9600799527077745
bateria2,Bprima,0.8|25|4.1|0.3|6,0.3,0.8,25,4.1,6.8,parada,60,0.3980115507026284,0.9607634536211433
bateria2,Bprima,0.8|25|4.1|0.3|7,0.3,0.8,25,4.1,6.8,parada,60,0.40716069967791424,0.9602254973993086
bateria2,Bprima,0.8|25|4.1|0.3|8,0.3,0.8,25,4.1,6.8,parada,60,0.39283749842999816,0.959739314843815
bateria2,Bprima,0.8|25|4.1|0.3|9,0.3,0.8,25,4.1,6.8,parada,60,0.4048596490085866,0.9613942781712178
bateria2,Bprima,0.8|25|4.1|0.3|10,0.3,0.8,25,4.1,6.8,parada,60,0.39460045091432255,0.9595846432933933
bateria2,Bprima,0.8|25|4.1|0.47|1,0.47,0.8,25,4.1,6.8,parada,60,0.44524769360781835,0.9534471916092275
bateria2,Bprima,0.8|25|4.1|0.47|2,0.47,0.8,25,4.1,6.8,parada,60,0.4459198378990901,0.9533175408979688
bateria2,Bprima,0.8|25|4.1|0.47|3,0.47,0.8,25,4.1,6.8,parada,60,0.4489967264976947,0.9534310466870644
bateria2,Bprima,0.8|25|4.1|0.47|4,0.47,0.8,25,4.1,6.8,parada,60,0.44253068815613633,0.9529810924743007
bateria2,Bprima,0.8|25|4.1|0.47|6,0.47,0.8,25,4.1,6.8,parada,60,0.4475998092569241,0.9538352011138537
bateria2,Bprima,0.8|25|4.1|0.47|5,0.47,0.8,25,4.1,6.8,parada,60,0.44107044954219154,0.952912141626813
bateria2,Bprima,0.8|25|4.1|0.47|7,0.47,0.8,25,4.1,6.8,parada,60,0.45185186310925285,0.9530773143675917
bateria2,Bprima,0.8|25|4.1|0.47|8,0.47,0.8,25,4.1,6.8,parada,60,0.4411189666234829,0.95247430488512
bateria2,Bprima,0.8|25|4.1|0.47|9,0.47,0.8,25,4.1,6.8,parada,60,0.4515506731113606,0.9542717856163271
bateria2,Bprima,0.8|25|4.1|0.47|10,0.47,0.8,25,4.1,6.8,parada,60,0.4414129068667421,0.9522558539609107
bateria2,Bprima,0.8|25|4.1|0.65|1,0.65,0.8,25,4.1,6.8,parada,60,0.41130759545032153,0.9395710258072436
bateria2,Bprima,0.8|25|4.1|0.65|2,0.65,0.8,25,4.1,6.8,parada,60,0.411144340104431,0.9394742751104342
bateria2,Bprima,0.8|25|4.1|0.65|3,0.65,0.8,25,4.1,6.8,parada,60,0.4136532805686967,0.9398296500939733
bateria2,Bprima,0.8|25|4.1|0.65|4,0.65,0.8,25,4.1,6.8,parada,60,0.40909686494342645,0.9396896256275034
bateria2,Bprima,0.8|25|4.1|0.65|5,0.65,0.8,25,4.1,6.8,parada,60,0.40657624336747133,0.9394471463138665
bateria2,Bprima,0.8|25|4.1|0.65|6,0.65,0.8,25,4.1,6.8,parada,60,0.4141312556854554,0.9401497443100609
bateria2,Bprima,0.8|25|4.1|0.65|8,0.65,0.8,25,4.1,6.8,parada,60,0.4062968557966822,0.9387779345020122
bateria2,Bprima,0.8|25|4.1|0.65|7,0.65,0.8,25,4.1,6.8,parada,60,0.4157794966507568,0.939085063938604
bateria2,Bprima,0.8|25|4.1|0.65|9,0.65,0.8,25,4.1,6.8,parada,60,0.4163409185145162,0.9404296847687428
bateria2,Bprima,0.8|25|4.1|0.65|10,0.65,0.8,25,4.1,6.8,parada,60,0.407001676905828,0.9383316236833574
bateria2,Bprima,0.8|25|6|0.3|1,0.3,0.8,25,6,6.8,parada,60,0.2129552126291115,0.9571093534068308
bateria2,Bprima,0.8|25|6|0.3|2,0.3,0.8,25,6,6.8,parada,60,0.2060796788008771,0.9569058935152659
bateria2,Bprima,0.8|25|6|0.3|3,0.3,0.8,25,6,6.8,parada,60,0.21565938066317303,0.956819644549081
bateria2,Bprima,0.8|25|6|0.3|4,0.3,0.8,25,6,6.8,parada,60,0.198642134188996,0.9564707896178815
bateria2,Bprima,0.8|25|6|0.3|5,0.3,0.8,25,6,6.8,parada,60,0.20167734860667733,0.9563811621137864
bateria2,Bprima,0.8|25|6|0.3|6,0.3,0.8,25,6,6.8,parada,60,0.20508219678523226,0.9571535617842956
bateria2,Bprima,0.8|25|6|0.3|7,0.3,0.8,25,6,6.8,parada,60,0.21827371478461785,0.9567593202978228
bateria2,Bprima,0.8|25|6|0.3|8,0.3,0.8,25,6,6.8,parada,60,0.20348213937930665,0.9562431873032521
bateria2,Bprima,0.8|25|6|0.3|9,0.3,0.8,25,6,6.8,parada,60,0.21665896058905929,0.9577364974537126
bateria2,Bprima,0.8|25|6|0.3|10,0.3,0.8,25,6,6.8,parada,60,0.2100613458646381,0.9562145344733662
bateria2,Bprima,0.8|25|6|0.47|1,0.47,0.8,25,6,6.8,parada,60,0.2985538285497859,0.9550484656924948
bateria2,Bprima,0.8|25|6|0.47|2,0.47,0.8,25,6,6.8,parada,60,0.2949921654068906,0.9550552170302102
bateria2,Bprima,0.8|25|6|0.47|3,0.47,0.8,25,6,6.8,parada,60,0.30266663076564965,0.9549470105819665
bateria2,Bprima,0.8|25|6|0.47|4,0.47,0.8,25,6,6.8,parada,60,0.28762125454381265,0.9545099694642242
bateria2,Bprima,0.8|25|6|0.47|5,0.47,0.8,25,6,6.8,parada,60,0.29096828220676696,0.9545421598051845
bateria2,Bprima,0.8|25|6|0.47|6,0.47,0.8,25,6,6.8,parada,60,0.29554633950876513,0.9553545659551341
bateria2,Bprima,0.8|25|6|0.47|7,0.47,0.8,25,6,6.8,parada,60,0.3067706687538931,0.9547762938428697
bateria2,Bprima,0.8|25|6|0.47|8,0.47,0.8,25,6,6.8,parada,60,0.2914951286349744,0.9543714692793381
bateria2,Bprima,0.8|25|6|0.47|9,0.47,0.8,25,6,6.8,parada,60,0.30351901378944995,0.9558710474899279
bateria2,Bprima,0.8|25|6|0.47|10,0.47,0.8,25,6,6.8,parada,60,0.2951453066003066,0.9541173187420321
bateria2,Bprima,0.8|25|6|0.65|1,0.65,0.8,25,6,6.8,parada,60,0.3432119720912419,0.951130426186532
bateria2,Bprima,0.8|25|6|0.65|2,0.65,0.8,25,6,6.8,parada,60,0.34077019018816235,0.9511439920697142
bateria2,Bprima,0.8|25|6|0.65|3,0.65,0.8,25,6,6.8,parada,60,0.34710256871761924,0.9511375188705009
bateria2,Bprima,0.8|25|6|0.65|4,0.65,0.8,25,6,6.8,parada,60,0.3360876948390117,0.9506620481189687
bateria2,Bprima,0.8|25|6|0.65|5,0.65,0.8,25,6,6.8,parada,60,0.33665023590415877,0.9507813695317204
bateria2,Bprima,0.8|25|6|0.65|6,0.65,0.8,25,6,6.8,parada,60,0.34295429855404264,0.9515312749360939
bateria2,Bprima,0.8|25|6|0.65|7,0.65,0.8,25,6,6.8,parada,60,0.3511907036834084,0.9507901264287608
bateria2,Bprima,0.8|25|6|0.65|8,0.65,0.8,25,6,6.8,parada,60,0.33778657510958576,0.9504718080449505
bateria2,Bprima,0.8|25|6|0.65|9,0.65,0.8,25,6,6.8,parada,60,0.34800315801151893,0.9520199712928674
bateria2,Bprima,0.8|25|6|0.65|10,0.65,0.8,25,6,6.8,parada,60,0.3395880404180505,0.9501814435074525
bateria2,Bprima,0.8|28|3|0.3|1,0.3,0.8,28,3,6.8,parada,60,0.3268528442410948,0.9505386091013874
bateria2,Bprima,0.8|28|3|0.3|2,0.3,0.8,28,3,6.8,parada,60,0.33921355842601814,0.9512596150795207
bateria2,Bprima,0.8|28|3|0.3|3,0.3,0.8,28,3,6.8,parada,60,0.3325363050759599,0.9508195788455093
bateria2,Bprima,0.8|28|3|0.3|4,0.3,0.8,28,3,6.8,parada,60,0.3399501583463019,0.9506314260551885
bateria2,Bprima,0.8|28|3|0.3|5,0.3,0.8,28,3,6.8,parada,60,0.33323995522087374,0.950088721392512
bateria2,Bprima,0.8|28|3|0.3|6,0.3,0.8,28,3,6.8,parada,60,0.3278586674886505,0.9497354682499886
bateria2,Bprima,0.8|28|3|0.3|7,0.3,0.8,28,3,6.8,parada,60,0.3308569045634763,0.9500485786484004
bateria2,Bprima,0.8|28|3|0.3|8,0.3,0.8,28,3,6.8,parada,60,0.3263054235161342,0.9496535959045684
bateria2,Bprima,0.8|28|3|0.3|9,0.3,0.8,28,3,6.8,parada,60,0.33767609636897783,0.9507359973810213
bateria2,Bprima,0.8|28|3|0.3|10,0.3,0.8,28,3,6.8,parada,60,0.3301018346336866,0.9501938033716387
bateria2,Bprima,0.8|28|3|0.47|1,0.47,0.8,28,3,6.8,parada,60,0.2663394292993809,0.9215950450057996
bateria2,Bprima,0.8|28|3|0.47|2,0.47,0.8,28,3,6.8,parada,60,0.2772250520808054,0.9223738431239485
bateria2,Bprima,0.8|28|3|0.47|4,0.47,0.8,28,3,6.8,parada,60,0.27451816609477525,0.9214960593231931
bateria2,Bprima,0.8|28|3|0.47|3,0.47,0.8,28,3,6.8,parada,60,0.2710943473692598,0.9219376232847275
bateria2,Bprima,0.8|28|3|0.47|5,0.47,0.8,28,3,6.8,parada,60,0.268008135177926,0.9210859480588021
bateria2,Bprima,0.8|28|3|0.47|6,0.47,0.8,28,3,6.8,parada,60,0.26757617609066037,0.9210069971369539
bateria2,Bprima,0.8|28|3|0.47|7,0.47,0.8,28,3,6.8,parada,60,0.2676565170534637,0.9206697774982622
bateria2,Bprima,0.8|28|3|0.47|8,0.47,0.8,28,3,6.8,parada,60,0.2633079282139507,0.9205415792435936
bateria2,Bprima,0.8|28|3|0.47|9,0.47,0.8,28,3,6.8,parada,60,0.27303726250056376,0.9217849484777976
bateria2,Bprima,0.8|28|3|0.47|10,0.47,0.8,28,3,6.8,parada,60,0.2665009221415084,0.9213694644660418
bateria2,Bprima,0.8|28|3|0.65|1,0.65,0.8,28,3,6.8,parada,60,0.14748709976061913,0.8891242976046001
bateria2,Bprima,0.8|28|3|0.65|2,0.65,0.8,28,3,6.8,parada,60,0.15336105892782337,0.890419650031821
bateria2,Bprima,0.8|28|3|0.65|3,0.65,0.8,28,3,6.8,parada,60,0.1528715892699156,0.8893370693976658
bateria2,Bprima,0.8|28|3|0.65|4,0.65,0.8,28,3,6.8,parada,60,0.14984429934707444,0.8887934803862073
bateria2,Bprima,0.8|28|3|0.65|5,0.65,0.8,28,3,6.8,parada,60,0.1483594664489016,0.8885782413334804
bateria2,Bprima,0.8|28|3|0.65|7,0.65,0.8,28,3,6.8,parada,60,0.1446249672119306,0.8877820433296761
bateria2,Bprima,0.8|28|3|0.65|6,0.65,0.8,28,3,6.8,parada,60,0.15096930954622895,0.8885147583748239
bateria2,Bprima,0.8|28|3|0.65|8,0.65,0.8,28,3,6.8,parada,60,0.1450391953681048,0.8878311050627155
bateria2,Bprima,0.8|28|3|0.65|9,0.65,0.8,28,3,6.8,parada,60,0.151465994101743,0.8892563126507724
bateria2,Bprima,0.8|28|3|0.65|10,0.65,0.8,28,3,6.8,parada,60,0.15014566932148085,0.8889156102683393
bateria2,Bprima,0.8|28|4.1|0.3|1,0.3,0.8,28,4.1,6.8,parada,60,0.22862504956743945,0.9559424868197368
bateria2,Bprima,0.8|28|4.1|0.3|2,0.3,0.8,28,4.1,6.8,parada,60,0.2348556093788752,0.9566478226349265
bateria2,Bprima,0.8|28|4.1|0.3|3,0.3,0.8,28,4.1,6.8,parada,60,0.22949561204814709,0.956169215464451
bateria2,Bprima,0.8|28|4.1|0.3|4,0.3,0.8,28,4.1,6.8,parada,60,0.24148264655019067,0.9561281646587492
bateria2,Bprima,0.8|28|4.1|0.3|5,0.3,0.8,28,4.1,6.8,parada,60,0.2316756258436495,0.9556129569281053
bateria2,Bprima,0.8|28|4.1|0.3|6,0.3,0.8,28,4.1,6.8,parada,60,0.22205265738783944,0.9552526117521716
bateria2,Bprima,0.8|28|4.1|0.3|7,0.3,0.8,28,4.1,6.8,parada,60,0.23365275367553243,0.9556370620689256
bateria2,Bprima,0.8|28|4.1|0.3|8,0.3,0.8,28,4.1,6.8,parada,60,0.2252767980889524,0.9552826129701233
bateria2,Bprima,0.8|28|4.1|0.3|9,0.3,0.8,28,4.1,6.8,parada,60,0.23330336426152076,0.9563450872575027
bateria2,Bprima,0.8|28|4.1|0.3|10,0.3,0.8,28,4.1,6.8,parada,60,0.2276804581470241,0.9557731479391157
bateria2,Bprima,0.8|28|4.1|0.47|1,0.47,0.8,28,4.1,6.8,parada,60,0.24220370102956307,0.9371986488350093
bateria2,Bprima,0.8|28|4.1|0.47|2,0.47,0.8,28,4.1,6.8,parada,60,0.2507272480548664,0.9380097502370143
bateria2,Bprima,0.8|28|4.1|0.47|3,0.47,0.8,28,4.1,6.8,parada,60,0.2447184569524431,0.9375599803300778
bateria2,Bprima,0.8|28|4.1|0.47|4,0.47,0.8,28,4.1,6.8,parada,60,0.25238269434948185,0.9374141715042538
bateria2,Bprima,0.8|28|4.1|0.47|5,0.47,0.8,28,4.1,6.8,parada,60,0.2468979268994265,0.9368001764521513
bateria2,Bprima,0.8|28|4.1|0.47|6,0.47,0.8,28,4.1,6.8,parada,60,0.24120478169570414,0.9365018421032554
bateria2,Bprima,0.8|28|4.1|0.47|7,0.47,0.8,28,4.1,6.8,parada,60,0.2442463733062102,0.9368444588668721
bateria2,Bprima,0.8|28|4.1|0.47|8,0.47,0.8,28,4.1,6.8,parada,60,0.24114806900434027,0.936310721389784
bateria2,Bprima,0.8|28|4.1|0.47|9,0.47,0.8,28,4.1,6.8,parada,60,0.2503601358678341,0.9375330788623915
bateria2,Bprima,0.8|28|4.1|0.47|10,0.47,0.8,28,4.1,6.8,parada,60,0.24529371662806185,0.9368956701084666
bateria2,Bprima,0.8|28|4.1|0.65|1,0.65,0.8,28,4.1,6.8,parada,60,0.21537132747309432,0.9160512822794116
bateria2,Bprima,0.8|28|4.1|0.65|2,0.65,0.8,28,4.1,6.8,parada,60,0.22656565194378683,0.9168838809465798
bateria2,Bprima,0.8|28|4.1|0.65|3,0.65,0.8,28,4.1,6.8,parada,60,0.22115631167898347,0.9163552780738305
bateria2,Bprima,0.8|28|4.1|0.65|4,0.65,0.8,28,4.1,6.8,parada,60,0.22515414746526327,0.9160395738303354
bateria2,Bprima,0.8|28|4.1|0.65|5,0.65,0.8,28,4.1,6.8,parada,60,0.221093987662645,0.9155541510990506
bateria2,Bprima,0.8|28|4.1|0.65|6,0.65,0.8,28,4.1,6.8,parada,60,0.2179390855223633,0.9154854394854927
bateria2,Bprima,0.8|28|4.1|0.65|7,0.65,0.8,28,4.1,6.8,parada,60,0.21921514922827617,0.9154455432871428
bateria2,Bprima,0.8|28|4.1|0.65|8,0.65,0.8,28,4.1,6.8,parada,60,0.21430295104368535,0.9149744547390952
bateria2,Bprima,0.8|28|4.1|0.65|9,0.65,0.8,28,4.1,6.8,parada,60,0.22397709026356555,0.9162823672929084
bateria2,Bprima,0.8|28|4.1|0.65|10,0.65,0.8,28,4.1,6.8,parada,60,0.21744322728601229,0.9157132009127945
bateria2,Bprima,0.8|28|6|0.3|1,0.3,0.8,28,6,6.8,parada,60,0.1082814600179027,0.9629782888200907
bateria2,Bprima,0.8|28|6|0.3|2,0.3,0.8,28,6,6.8,parada,60,0.10909385240726262,0.9634281937692613
bateria2,Bprima,0.8|28|6|0.3|3,0.3,0.8,28,6,6.8,parada,60,0.10423731753459245,0.9631651460211417
bateria2,Bprima,0.8|28|6|0.3|4,0.3,0.8,28,6,6.8,parada,60,0.12418563821203492,0.9633729211381679
bateria2,Bprima,0.8|28|6|0.3|5,0.3,0.8,28,6,6.8,parada,60,0.10934403847128726,0.9627246431433842
bateria2,Bprima,0.8|28|6|0.3|6,0.3,0.8,28,6,6.8,parada,60,0.0967615862806587,0.9623916537453138
bateria2,Bprima,0.8|28|6|0.3|7,0.3,0.8,28,6,6.8,parada,60,0.1141441736106512,0.9626928933348391
bateria2,Bprima,0.8|28|6|0.3|8,0.3,0.8,28,6,6.8,parada,60,0.10795390107686893,0.9625989981261903
bateria2,Bprima,0.8|28|6|0.3|9,0.3,0.8,28,6,6.8,parada,60,0.11086117200776026,0.963012688528091
bateria2,Bprima,0.8|28|6|0.3|10,0.3,0.8,28,6,6.8,parada,60,0.10445408100205095,0.96287167790057
bateria2,Bprima,0.8|28|6|0.47|1,0.47,0.8,28,6,6.8,parada,60,0.14949477920167106,0.9497296489592423
bateria2,Bprima,0.8|28|6|0.47|2,0.47,0.8,28,6,6.8,parada,60,0.1545649780176389,0.9502858374227819
bateria2,Bprima,0.8|28|6|0.47|3,0.47,0.8,28,6,6.8,parada,60,0.14985250418049226,0.9499488267384304
bateria2,Bprima,0.8|28|6|0.47|4,0.47,0.8,28,6,6.8,parada,60,0.16416905940468743,0.9500649047148615
bateria2,Bprima,0.8|28|6|0.47|5,0.47,0.8,28,6,6.8,parada,60,0.1527983217298856,0.9495180163149406
bateria2,Bprima,0.8|28|6|0.47|6,0.47,0.8,28,6,6.8,parada,60,0.14202335394816668,0.9491607465825017
bateria2,Bprima,0.8|28|6|0.47|7,0.47,0.8,28,6,6.8,parada,60,0.15490600139828706,0.9493770136135973
bateria2,Bprima,0.8|28|6|0.47|8,0.47,0.8,28,6,6.8,parada,60,0.14749291137293097,0.9492744793573814
bateria2,Bprima,0.8|28|6|0.47|9,0.47,0.8,28,6,6.8,parada,60,0.15351011547713359,0.9499773044920007
bateria2,Bprima,0.8|28|6|0.47|10,0.47,0.8,28,6,6.8,parada,60,0.14804309503095106,0.949545791080717
bateria2,Bprima,0.8|28|6|0.65|1,0.65,0.8,28,6,6.8,parada,60,0.16992543913316036,0.9365085849553657
bateria2,Bprima,0.8|28|6|0.65|2,0.65,0.8,28,6,6.8,parada,60,0.17520757217432467,0.9372120579301496
bateria2,Bprima,0.8|28|6|0.65|3,0.65,0.8,28,6,6.8,parada,60,0.17088306841692572,0.9367919236571207
bateria2,Bprima,0.8|28|6|0.65|4,0.65,0.8,28,6,6.8,parada,60,0.1803741151501687,0.9367694985170596
bateria2,Bprima,0.88|22|3|0.3|1,0.3,0.88,22,3,6.8,parada,60,0.7137083714600226,0.9764188501471385
bateria2,Bprima,0.88|22|3|0.3|2,0.3,0.88,22,3,6.8,parada,60,0.7265942445073322,0.9774462692054804
bateria2,Bprima,0.8|28|6|0.65|5,0.65,0.8,28,6,6.8,parada,60,0.17282732802452525,0.9361934063482263
bateria2,Bprima,0.8|28|6|0.65|6,0.65,0.8,28,6,6.8,parada,60,0.16465373564922187,0.935916877165854
bateria2,Bprima,0.88|22|3|0.3|3,0.3,0.88,22,3,6.8,parada,60,0.7213443611550099,0.9767737278357084
bateria2,Bprima,0.88|22|3|0.3|4,0.3,0.88,22,3,6.8,parada,60,0.7192856514316137,0.9768411712371158
bateria2,Bprima,0.8|28|6|0.65|7,0.65,0.8,28,6,6.8,parada,60,0.17425335309018133,0.9361968912669251
bateria2,Bprima,0.88|22|3|0.3|5,0.3,0.88,22,3,6.8,parada,60,0.712778825892534,0.9764527771141158
bateria2,Bprima,0.88|22|3|0.3|6,0.3,0.88,22,3,6.8,parada,60,0.7156494540474929,0.9763443704345459
bateria2,Bprima,0.8|28|6|0.65|8,0.65,0.8,28,6,6.8,parada,60,0.16673813235426557,0.9357738326651969
bateria2,Bprima,0.88|22|3|0.3|7,0.3,0.88,22,3,6.8,parada,60,0.72013776760696,0.976867078354981
bateria2,Bprima,0.88|22|3|0.3|8,0.3,0.88,22,3,6.8,parada,60,0.7137357858935711,0.9763815524440825
bateria2,Bprima,0.8|28|6|0.65|9,0.65,0.8,28,6,6.8,parada,60,0.17412994576189253,0.936978037718625
bateria2,Bprima,0.8|28|6|0.65|10,0.65,0.8,28,6,6.8,parada,60,0.16940257004677337,0.9363943011777545
bateria2,Bprima,0.88|22|3|0.3|9,0.3,0.88,22,3,6.8,parada,60,0.725627489901154,0.9773592107099577
bateria2,Bprima,0.88|22|3|0.3|10,0.3,0.88,22,3,6.8,parada,60,0.7153764886150388,0.9762963348598402
bateria2,Bprima,0.88|22|3|0.47|1,0.47,0.88,22,3,6.8,parada,60,0.47645961007849746,0.94487322520913
bateria2,Bprima,0.88|22|3|0.47|2,0.47,0.88,22,3,6.8,parada,60,0.48989541848157886,0.9462623090911276
bateria2,Bprima,0.88|22|3|0.47|3,0.47,0.88,22,3,6.8,parada,60,0.47750336627900836,0.9454071953413126
bateria2,Bprima,0.88|22|3|0.47|4,0.47,0.88,22,3,6.8,parada,60,0.4731754232124992,0.9450225298661616
bateria2,Bprima,0.88|22|3|0.47|6,0.47,0.88,22,3,6.8,parada,60,0.4827347818076233,0.9451305910589587
bateria2,Bprima,0.88|22|3|0.47|5,0.47,0.88,22,3,6.8,parada,60,0.47007021880246946,0.9448473668971413
bateria2,Bprima,0.88|22|3|0.47|7,0.47,0.88,22,3,6.8,parada,60,0.4839699564773428,0.9459432757672321
bateria2,Bprima,0.88|22|3|0.47|8,0.47,0.88,22,3,6.8,parada,60,0.4678233452588811,0.9439114962301117
bateria2,Bprima,0.88|22|3|0.47|9,0.47,0.88,22,3,6.8,parada,60,0.4818896295059641,0.9458817589078068
bateria2,Bprima,0.88|22|3|0.47|10,0.47,0.88,22,3,6.8,parada,60,0.47228957792979465,0.9447548081098096
bateria2,Bprima,0.88|22|3|0.65|1,0.65,0.88,22,3,6.8,parada,60,0.15544445401623802,0.894576594433047
bateria2,Bprima,0.88|22|3|0.65|2,0.65,0.88,22,3,6.8,parada,60,0.1659559821391908,0.8965106647427229
bateria2,Bprima,0.88|22|3|0.65|3,0.65,0.88,22,3,6.8,parada,60,0.15226534605682904,0.8950123020130524
bateria2,Bprima,0.88|22|3|0.65|4,0.65,0.88,22,3,6.8,parada,60,0.14917407065493646,0.8948255024385036
bateria2,Bprima,0.88|22|3|0.65|5,0.65,0.88,22,3,6.8,parada,60,0.1498065979731823,0.8945287398312013
bateria2,Bprima,0.88|22|3|0.65|6,0.65,0.88,22,3,6.8,parada,60,0.16175792779824863,0.8953994108234185
bateria2,Bprima,0.88|22|3|0.65|7,0.65,0.88,22,3,6.8,parada,60,0.16192669253675893,0.8960300269673056
bateria2,Bprima,0.88|22|3|0.65|8,0.65,0.88,22,3,6.8,parada,60,0.14294182476803596,0.8933614650754919
bateria2,Bprima,0.88|22|3|0.65|9,0.65,0.88,22,3,6.8,parada,60,0.15702622158869523,0.8951022652140417
bateria2,Bprima,0.88|22|4.1|0.3|1,0.3,0.88,22,4.1,6.8,parada,60,0.6620681418082363,0.9745093474163266
bateria2,Bprima,0.88|22|3|0.65|10,0.65,0.88,22,3,6.8,parada,60,0.14887627015485558,0.8943788011630514
bateria2,Bprima,0.88|22|4.1|0.3|2,0.3,0.88,22,4.1,6.8,parada,60,0.6729794198281754,0.9751702083553271
bateria2,Bprima,0.88|22|4.1|0.3|3,0.3,0.88,22,4.1,6.8,parada,60,0.6721847016117114,0.9749876720958081
bateria2,Bprima,0.88|22|4.1|0.3|4,0.3,0.88,22,4.1,6.8,parada,60,0.6700511919146539,0.9753916763271644
bateria2,Bprima,0.88|22|4.1|0.3|5,0.3,0.88,22,4.1,6.8,parada,60,0.6655127995406908,0.974898241310222
bateria2,Bprima,0.88|22|4.1|0.3|6,0.3,0.88,22,4.1,6.8,parada,60,0.6644723884462476,0.9740122908124004
bateria2,Bprima,0.88|22|4.1|0.3|7,0.3,0.88,22,4.1,6.8,parada,60,0.6650291634299903,0.9746812332162036
bateria2,Bprima,0.88|22|4.1|0.3|8,0.3,0.88,22,4.1,6.8,parada,60,0.6685836251155145,0.9748906008847943
bateria2,Bprima,0.88|22|4.1|0.3|9,0.3,0.88,22,4.1,6.8,parada,60,0.677548586028169,0.9754812033539276
bateria2,Bprima,0.88|22|4.1|0.3|10,0.3,0.88,22,4.1,6.8,parada,60,0.6684199926245903,0.9746181673843115
bateria2,Bprima,0.88|22|4.1|0.47|1,0.47,0.88,22,4.1,6.8,parada,60,0.6443386861503149,0.9674394279862698
bateria2,Bprima,0.88|22|4.1|0.47|3,0.47,0.88,22,4.1,6.8,parada,60,0.6522081455603207,0.9677368444010302
bateria2,Bprima,0.88|22|4.1|0.47|4,0.47,0.88,22,4.1,6.8,parada,60,0.6492978233306995,0.9678319907953374
bateria2,Bprima,0.88|22|4.1|0.47|2,0.47,0.88,22,4.1,6.8,parada,60,0.657146646468032,0.9685604452182978
bateria2,Bprima,0.88|22|4.1|0.47|5,0.47,0.88,22,4.1,6.8,parada,60,0.6435584068981993,0.9674498352953645
bateria2,Bprima,0.88|22|4.1|0.47|7,0.47,0.88,22,4.1,6.8,parada,60,0.6508424985875645,0.9678845381114777
bateria2,Bprima,0.88|22|4.1|0.47|6,0.47,0.88,22,4.1,6.8,parada,60,0.6464440812130298,0.9673342549258098
bateria2,Bprima,0.88|22|4.1|0.47|8,0.47,0.88,22,4.1,6.8,parada,60,0.6439625261846136,0.9672217840568901
bateria2,Bprima,0.88|22|4.1|0.47|9,0.47,0.88,22,4.1,6.8,parada,60,0.6553254620951077,0.96834059625675
bateria2,Bprima,0.88|22|4.1|0.47|10,0.47,0.88,22,4.1,6.8,parada,60,0.6468481553366633,0.967152548464214
bateria2,Bprima,0.88|22|4.1|0.65|1,0.65,0.88,22,4.1,6.8,parada,60,0.5064934254966047,0.94556454551287
bateria2,Bprima,0.88|22|4.1|0.65|2,0.65,0.88,22,4.1,6.8,parada,60,0.5187210920990438,0.9469288161766937
bateria2,Bprima,0.88|22|4.1|0.65|3,0.65,0.88,22,4.1,6.8,parada,60,0.5102726068968249,0.945771518925581
bateria2,Bprima,0.88|22|4.1|0.65|4,0.65,0.88,22,4.1,6.8,parada,60,0.5069174650352494,0.9455065410054174
bateria2,Bprima,0.88|22|4.1|0.65|5,0.65,0.88,22,4.1,6.8,parada,60,0.502335183402837,0.9454225511982475
bateria2,Bprima,0.88|22|4.1|0.65|7,0.65,0.88,22,4.1,6.8,parada,60,0.5124277043047277,0.9464153558781677
bateria2,Bprima,0.88|22|4.1|0.65|6,0.65,0.88,22,4.1,6.8,parada,60,0.5109582794932211,0.9457731617539972
bateria2,Bprima,0.88|22|4.1|0.65|8,0.65,0.88,22,4.1,6.8,parada,60,0.5002290176941074,0.9447970483044486
bateria2,Bprima,0.88|22|4.1|0.65|9,0.65,0.88,22,4.1,6.8,parada,60,0.5137401731791507,0.9462919092432058
bateria2,Bprima,0.88|22|4.1|0.65|10,0.65,0.88,22,4.1,6.8,parada,60,0.5040498862907431,0.9452765215462782
bateria2,Bprima,0.88|22|6|0.3|1,0.3,0.88,22,6,6.8,parada,60,0.4881896940670425,0.9671315936902519
bateria2,Bprima,0.88|22|6|0.3|2,0.3,0.88,22,6,6.8,parada,60,0.49570037405086353,0.9677334518791937
bateria2,Bprima,0.88|22|6|0.3|3,0.3,0.88,22,6,6.8,parada,60,0.49812038040993206,0.9677788189086195
bateria2,Bprima,0.88|22|6|0.3|4,0.3,0.88,22,6,6.8,parada,60,0.49604404782049083,0.968099047901901
bateria2,Bprima,0.88|22|6|0.3|5,0.3,0.88,22,6,6.8,parada,60,0.49455843617749146,0.9676876056990464
bateria2,Bprima,0.88|22|6|0.3|6,0.3,0.88,22,6,6.8,parada,60,0.48960029466146654,0.9667521809678769
bateria2,Bprima,0.88|22|6|0.3|7,0.3,0.88,22,6,6.8,parada,60,0.4873395542884961,0.9673360488588262
bateria2,Bprima,0.88|22|6|0.3|8,0.3,0.88,22,6,6.8,parada,60,0.4994333634100238,0.9676812021863487
bateria2,Bprima,0.88|22|6|0.3|9,0.3,0.88,22,6,6.8,parada,60,0.5021302558658967,0.9685113790896189
bateria2,Bprima,0.88|22|6|0.3|10,0.3,0.88,22,6,6.8,parada,60,0.49720506667511755,0.9674317254665316
bateria2,Bprima,0.88|22|6|0.47|1,0.47,0.88,22,6,6.8,parada,60,0.5873105542658087,0.9714505358114319
bateria2,Bprima,0.88|22|6|0.47|2,0.47,0.88,22,6,6.8,parada,60,0.5986704180976515,0.9721985628916424
bateria2,Bprima,0.88|22|6|0.47|3,0.47,0.88,22,6,6.8,parada,60,0.5982974160108882,0.9720254840323035
bateria2,Bprima,0.88|22|6|0.47|4,0.47,0.88,22,6,6.8,parada,60,0.594365983942959,0.9721774981949456
bateria2,Bprima,0.88|22|6|0.47|5,0.47,0.88,22,6,6.8,parada,60,0.5908456648140389,0.9716579473011192
bateria2,Bprima,0.88|22|6|0.47|6,0.47,0.88,22,6,6.8,parada,60,0.5903066412897536,0.9712490342597875
bateria2,Bprima,0.88|22|6|0.47|7,0.47,0.88,22,6,6.8,parada,60,0.5905001214029144,0.971633755846204
bateria2,Bprima,0.88|22|6|0.47|8,0.47,0.88,22,6,6.8,parada,60,0.5938776031138497,0.9717745522772698
bateria2,Bprima,0.88|22|6|0.47|9,0.47,0.88,22,6,6.8,parada,60,0.6027161390701041,0.972611923541774
bateria2,Bprima,0.88|22|6|0.47|10,0.47,0.88,22,6,6.8,parada,60,0.5944558811952382,0.9716215493527187
bateria2,Bprima,0.88|22|6|0.65|1,0.65,0.88,22,6,6.8,parada,60,0.5970396564296042,0.9687009513640313
bateria2,Bprima,0.88|22|6|0.65|2,0.65,0.88,22,6,6.8,parada,60,0.6099717017901476,0.9694728662110329
bateria2,Bprima,0.88|22|6|0.65|3,0.65,0.88,22,6,6.8,parada,60,0.6069929950010273,0.9691803690488425
bateria2,Bprima,0.88|22|6|0.65|4,0.65,0.88,22,6,6.8,parada,60,0.6018420190150381,0.9693068764810444
bateria2,Bprima,0.88|22|6|0.65|5,0.65,0.88,22,6,6.8,parada,60,0.5963458886339171,0.9688509983803629
bateria2,Bprima,0.88|22|6|0.65|6,0.65,0.88,22,6,6.8,parada,60,0.6016233329783879,0.9684615515412336
bateria2,Bprima,0.88|22|6|0.65|7,0.65,0.88,22,6,6.8,parada,60,0.602045508147189,0.969038454915091
bateria2,Bprima,0.88|22|6|0.65|8,0.65,0.88,22,6,6.8,parada,60,0.5996481622172928,0.9686448122383821
bateria2,Bprima,0.88|22|6|0.65|9,0.65,0.88,22,6,6.8,parada,60,0.610653695030637,0.9694905830989186
bateria2,Bprima,0.88|22|6|0.65|10,0.65,0.88,22,6,6.8,parada,60,0.6021712938948254,0.968704324669008
bateria2,Bprima,0.88|25|3|0.3|1,0.3,0.88,25,3,6.8,parada,60,0.5670982106110805,0.970468483283228
bateria2,Bprima,0.88|25|3|0.3|2,0.3,0.88,25,3,6.8,parada,60,0.5695290620787461,0.9703199772952533
bateria2,Bprima,0.88|25|3|0.3|3,0.3,0.88,25,3,6.8,parada,60,0.5707754825007308,0.97070235706523
bateria2,Bprima,0.88|25|3|0.3|4,0.3,0.88,25,3,6.8,parada,60,0.5647171882445873,0.9705883059415605
bateria2,Bprima,0.88|25|3|0.3|5,0.3,0.88,25,3,6.8,parada,60,0.560995265255921,0.970153664683923
bateria2,Bprima,0.88|25|3|0.3|6,0.3,0.88,25,3,6.8,parada,60,0.5690008920242046,0.9710009473958368
bateria2,Bprima,0.88|25|3|0.3|7,0.3,0.88,25,3,6.8,parada,60,0.5728398804790935,0.9702472662894069
bateria2,Bprima,0.88|25|3|0.3|8,0.3,0.88,25,3,6.8,parada,60,0.5599049708570154,0.9698153094442518
bateria2,Bprima,0.88|25|3|0.3|9,0.3,0.88,25,3,6.8,parada,60,0.5754366558870616,0.9712252832177626
bateria2,Bprima,0.88|25|3|0.3|10,0.3,0.88,25,3,6.8,parada,60,0.5611466153595054,0.9694349609425941
bateria2,Bprima,0.88|25|3|0.47|1,0.47,0.88,25,3,6.8,parada,60,0.39619230231415026,0.9430968596739489
bateria2,Bprima,0.88|25|3|0.47|2,0.47,0.88,25,3,6.8,parada,60,0.3959712191318889,0.9427874732553586
bateria2,Bprima,0.88|25|3|0.47|3,0.47,0.88,25,3,6.8,parada,60,0.40185561020890487,0.9434557160206907
bateria2,Bprima,0.88|25|3|0.47|4,0.47,0.88,25,3,6.8,parada,60,0.40387128391106597,0.9436898826601701
bateria2,Bprima,0.88|25|3|0.47|5,0.47,0.88,25,3,6.8,parada,60,0.3962468041469484,0.9429787572522796
bateria2,Bprima,0.88|25|3|0.47|6,0.47,0.88,25,3,6.8,parada,60,0.39960026304749513,0.9440499779916801
bateria2,Bprima,0.88|25|3|0.47|7,0.47,0.88,25,3,6.8,parada,60,0.39639644623390596,0.9428958964660105
bateria2,Bprima,0.88|25|3|0.47|8,0.47,0.88,25,3,6.8,parada,60,0.39137501626973875,0.9427030215568274
bateria2,Bprima,0.88|25|3|0.47|9,0.47,0.88,25,3,6.8,parada,60,0.401500706002304,0.9440106165671166
bateria2,Bprima,0.88|25|3|0.47|10,0.47,0.88,25,3,6.8,parada,60,0.38961381241834936,0.9420811495618214
bateria2,Bprima,0.88|25|3|0.65|1,0.65,0.88,25,3,6.8,parada,60,0.16860889528644557,0.9078769080137904
bateria2,Bprima,0.88|25|3|0.65|2,0.65,0.88,25,3,6.8,parada,60,0.16657226960927546,0.9073778185415917
bateria2,Bprima,0.88|25|3|0.65|3,0.65,0.88,25,3,6.8,parada,60,0.17442541657880659,0.90840714273934
bateria2,Bprima,0.88|25|3|0.65|4,0.65,0.88,25,3,6.8,parada,60,0.17933788084331173,0.9085049144237212
bateria2,Bprima,0.88|25|3|0.65|5,0.65,0.88,25,3,6.8,parada,60,0.17067143856576672,0.9076194940998988
bateria2,Bprima,0.88|25|3|0.65|6,0.65,0.88,25,3,6.8,parada,60,0.17313083720415276,0.9084887064789048
bateria2,Bprima,0.88|25|3|0.65|7,0.65,0.88,25,3,6.8,parada,60,0.1658520945733315,0.9076457494203635
bateria2,Bprima,0.88|25|3|0.65|8,0.65,0.88,25,3,6.8,parada,60,0.16819368825877845,0.9071861728580218
bateria2,Bprima,0.88|25|3|0.65|9,0.65,0.88,25,3,6.8,parada,60,0.17451343777023268,0.9083331038458619
bateria2,Bprima,0.88|25|3|0.65|10,0.65,0.88,25,3,6.8,parada,60,0.16326527319960155,0.9066978349271334
bateria2,Bprima,0.88|25|4.1|0.3|1,0.3,0.88,25,4.1,6.8,parada,60,0.4991052783425406,0.9719700860468596
bateria2,Bprima,0.88|25|4.1|0.3|2,0.3,0.88,25,4.1,6.8,parada,60,0.4989167461319025,0.9719953946546852
bateria2,Bprima,0.88|25|4.1|0.3|3,0.3,0.88,25,4.1,6.8,parada,60,0.5045523930229072,0.9719706304178981
bateria2,Bprima,0.88|25|4.1|0.3|4,0.3,0.88,25,4.1,6.8,parada,60,0.49329405217443995,0.9715090309736022
bateria2,Bprima,0.88|25|4.1|0.3|5,0.3,0.88,25,4.1,6.8,parada,60,0.49231223405063157,0.9715181910136028
bateria2,Bprima,0.88|25|4.1|0.3|6,0.3,0.88,25,4.1,6.8,parada,60,0.5004420115157793,0.972199524240995
bateria2,Bprima,0.88|25|4.1|0.3|7,0.3,0.88,25,4.1,6.8,parada,60,0.5084533135984274,0.9717796022206381
bateria2,Bprima,0.88|25|4.1|0.3|8,0.3,0.88,25,4.1,6.8,parada,60,0.494234139487073,0.9711575097641181
bateria2,Bprima,0.88|25|4.1|0.3|9,0.3,0.88,25,4.1,6.8,parada,60,0.5071096750687702,0.9726910021095951
bateria2,Bprima,0.88|25|4.1|0.3|10,0.3,0.88,25,4.1,6.8,parada,60,0.4951673970967257,0.9710630265874367
bateria2,Bprima,0.88|25|4.1|0.47|1,0.47,0.88,25,4.1,6.8,parada,60,0.47658505120609984,0.9596201479056501
bateria2,Bprima,0.88|25|4.1|0.47|2,0.47,0.88,25,4.1,6.8,parada,60,0.4785387210956766,0.9594694093785985
bateria2,Bprima,0.88|25|4.1|0.47|3,0.47,0.88,25,4.1,6.8,parada,60,0.4804986239472572,0.959843770342151
bateria2,Bprima,0.88|25|4.1|0.47|4,0.47,0.88,25,4.1,6.8,parada,60,0.47508907123833666,0.9595591534394691
bateria2,Bprima,0.88|25|4.1|0.47|5,0.47,0.88,25,4.1,6.8,parada,60,0.4724152828594204,0.9592664543538607
bateria2,Bprima,0.88|25|4.1|0.47|6,0.47,0.88,25,4.1,6.8,parada,60,0.47968369151044016,0.9601281189958822
bateria2,Bprima,0.88|25|4.1|0.47|7,0.47,0.88,25,4.1,6.8,parada,60,0.4843910242180506,0.9593001712405699
bateria2,Bprima,0.88|25|4.1|0.47|8,0.47,0.88,25,4.1,6.8,parada,60,0.47198418469459386,0.958862909074421
bateria2,Bprima,0.88|25|4.1|0.47|9,0.47,0.88,25,4.1,6.8,parada,60,0.48366063061338727,0.9603527936610887
bateria2,Bprima,0.88|25|4.1|0.47|10,0.47,0.88,25,4.1,6.8,parada,60,0.47313026358158344,0.9585277546314611
bateria2,Bprima,0.88|25|4.1|0.65|1,0.65,0.88,25,4.1,6.8,parada,60,0.3874636893393998,0.940161797494444
bateria2,Bprima,0.88|25|4.1|0.65|2,0.65,0.88,25,4.1,6.8,parada,60,0.3886097642485921,0.9400151161541511
bateria2,Bprima,0.88|25|4.1|0.65|3,0.65,0.88,25,4.1,6.8,parada,60,0.3918998905746403,0.9405769578465355
bateria2,Bprima,0.88|25|4.1|0.65|4,0.65,0.88,25,4.1,6.8,parada,60,0.38715606960101884,0.9408409062548169
bateria2,Bprima,0.88|25|4.1|0.65|5,0.65,0.88,25,4.1,6.8,parada,60,0.38365277112223145,0.9403250529572447
bateria2,Bprima,0.88|25|4.1|0.65|6,0.65,0.88,25,4.1,6.8,parada,60,0.38977921500296137,0.9409895032994058
bateria2,Bprima,0.88|25|4.1|0.65|7,0.65,0.88,25,4.1,6.8,parada,60,0.39173145673431126,0.9398351667680375
bateria2,Bprima,0.88|25|4.1|0.65|8,0.65,0.88,25,4.1,6.8,parada,60,0.3824703205849934,0.9396862658102463
bateria2,Bprima,0.88|25|4.1|0.65|10,0.65,0.88,25,4.1,6.8,parada,60,0.3826231998232519,0.9391405634783055
bateria2,Bprima,0.88|25|4.1|0.65|9,0.65,0.88,25,4.1,6.8,parada,60,0.3915189966863647,0.9410409348666258
bateria2,Bprima,0.88|25|6|0.3|1,0.3,0.88,25,6,6.8,parada,60,0.3339850274210599,0.9707355860026562
bateria2,Bprima,0.88|25|6|0.3|2,0.3,0.88,25,6,6.8,parada,60,0.32858348693616296,0.9706786970938299
bateria2,Bprima,0.88|25|6|0.3|3,0.3,0.88,25,6,6.8,parada,60,0.33957425422440035,0.9706270966916939
bateria2,Bprima,0.88|25|6|0.3|4,0.3,0.88,25,6,6.8,parada,60,0.319773068819642,0.9702226478706221
bateria2,Bprima,0.88|25|6|0.3|5,0.3,0.88,25,6,6.8,parada,60,0.32337455290617123,0.9702073926631332
bateria2,Bprima,0.88|25|6|0.3|6,0.3,0.88,25,6,6.8,parada,60,0.32755003832331403,0.970896146590591
bateria2,Bprima,0.88|25|6|0.3|7,0.3,0.88,25,6,6.8,parada,60,0.3435258398178599,0.970541352630356
bateria2,Bprima,0.88|25|6|0.3|8,0.3,0.88,25,6,6.8,parada,60,0.3247145656946516,0.9700734153008413
bateria2,Bprima,0.88|25|6|0.3|10,0.3,0.88,25,6,6.8,parada,60,0.33100332235391405,0.969962647243807
bateria2,Bprima,0.88|25|6|0.3|9,0.3,0.88,25,6,6.8,parada,60,0.33999528345174085,0.971378890238789
bateria2,Bprima,0.88|25|6|0.47|1,0.47,0.88,25,6,6.8,parada,60,0.3921476231294121,0.9660442178106224
bateria2,Bprima,0.88|25|6|0.47|2,0.47,0.88,25,6,6.8,parada,60,0.38920885036266933,0.966115585670787
bateria2,Bprima,0.88|25|6|0.47|3,0.47,0.88,25,6,6.8,parada,60,0.3977023123294454,0.9661026042364439
bateria2,Bprima,0.88|25|6|0.47|4,0.47,0.88,25,6,6.8,parada,60,0.38344335415067865,0.9656334191427558
bateria2,Bprima,0.88|25|6|0.47|5,0.47,0.88,25,6,6.8,parada,60,0.3845951696628202,0.9656757577417314
bateria2,Bprima,0.88|25|6|0.47|6,0.47,0.88,25,6,6.8,parada,60,0.3912747590440861,0.9663648357641995
bateria2,Bprima,0.88|25|6|0.47|7,0.47,0.88,25,6,6.8,parada,60,0.40262626540334123,0.9658309966427029
bateria2,Bprima,0.88|25|6|0.47|8,0.47,0.88,25,6,6.8,parada,60,0.3861821338712515,0.9654545591266143
bateria2,Bprima,0.88|25|6|0.47|9,0.47,0.88,25,6,6.8,parada,60,0.39782813677370266,0.966857881275257
bateria2,Bprima,0.88|25|6|0.47|10,0.47,0.88,25,6,6.8,parada,60,0.3888464338452605,0.9652365971157011
bateria2,Bprima,0.88|25|6|0.65|1,0.65,0.88,25,6,6.8,parada,60,0.40017848690739316,0.9587375861119669
bateria2,Bprima,0.88|25|6|0.65|2,0.65,0.88,25,6,6.8,parada,60,0.3986958214642707,0.9588419432169842
bateria2,Bprima,0.88|25|6|0.65|3,0.65,0.88,25,6,6.8,parada,60,0.4058559864180193,0.958903486010508
bateria2,Bprima,0.88|25|6|0.65|4,0.65,0.88,25,6,6.8,parada,60,0.39632803970810787,0.9584891741378492
bateria2,Bprima,0.88|25|6|0.65|5,0.65,0.88,25,6,6.8,parada,60,0.3945168501928874,0.9585226523996221
bateria2,Bprima,0.88|25|6|0.65|6,0.65,0.88,25,6,6.8,parada,60,0.4018318978893477,0.9591908224326555
bateria2,Bprima,0.88|25|6|0.65|7,0.65,0.88,25,6,6.8,parada,60,0.40975652319001504,0.9585029993865328
bateria2,Bprima,0.88|25|6|0.65|8,0.65,0.88,25,6,6.8,parada,60,0.39695764019997815,0.9581100236333289
bateria2,Bprima,0.88|25|6|0.65|9,0.65,0.88,25,6,6.8,parada,60,0.40625068170542117,0.9595326001673548
bateria2,Bprima,0.88|25|6|0.65|10,0.65,0.88,25,6,6.8,parada,60,0.39738506439939564,0.9578731065430803
bateria2,Bprima,0.88|28|3|0.3|1,0.3,0.88,28,3,6.8,parada,60,0.37697154870443916,0.956252786215846
bateria2,Bprima,0.88|28|3|0.3|2,0.3,0.88,28,3,6.8,parada,60,0.39340921179176325,0.9568314723695166
bateria2,Bprima,0.88|28|3|0.3|3,0.3,0.88,28,3,6.8,parada,60,0.38504773631656974,0.9564974761086549
bateria2,Bprima,0.88|28|3|0.3|4,0.3,0.88,28,3,6.8,parada,60,0.3902182975291254,0.9563121939940655
bateria2,Bprima,0.88|28|3|0.3|5,0.3,0.88,28,3,6.8,parada,60,0.3837556669098762,0.9557685543270076
bateria2,Bprima,0.88|28|3|0.3|6,0.3,0.88,28,3,6.8,parada,60,0.38034629709095047,0.9554440674039494
bateria2,Bprima,0.88|28|3|0.3|7,0.3,0.88,28,3,6.8,parada,60,0.38401424706766096,0.9556147758812494
bateria2,Bprima,0.88|28|3|0.3|8,0.3,0.88,28,3,6.8,parada,60,0.3766815337039652,0.9554188638742911
bateria2,Bprima,0.88|28|3|0.3|9,0.3,0.88,28,3,6.8,parada,60,0.3897291523574047,0.9564206147357998
bateria2,Bprima,0.88|28|3|0.3|10,0.3,0.88,28,3,6.8,parada,60,0.3793826904789885,0.9560143095182274
bateria2,Bprima,0.88|28|3|0.47|1,0.47,0.88,28,3,6.8,parada,60,0.27401556631833807,0.9263511700714413
bateria2,Bprima,0.88|28|3|0.47|2,0.47,0.88,28,3,6.8,parada,60,0.28118926047409787,0.9272654745745952
bateria2,Bprima,0.88|28|3|0.47|3,0.47,0.88,28,3,6.8,parada,60,0.2805903055798603,0.9266502159673112
bateria2,Bprima,0.88|28|3|0.47|4,0.47,0.88,28,3,6.8,parada,60,0.2793107377214998,0.926295793498347
bateria2,Bprima,0.88|28|3|0.47|6,0.47,0.88,28,3,6.8,parada,60,0.27679561550579695,0.925727544589906
bateria2,Bprima,0.88|28|3|0.47|5,0.47,0.88,28,3,6.8,parada,60,0.2759552545209725,0.9258152809785108
bateria2,Bprima,0.88|28|3|0.47|7,0.47,0.88,28,3,6.8,parada,60,0.2724350926478761,0.9254284142310675
bateria2,Bprima,0.88|28|3|0.47|8,0.47,0.88,28,3,6.8,parada,60,0.2712223816686111,0.9253228767966233
bateria2,Bprima,0.88|28|3|0.47|9,0.47,0.88,28,3,6.8,parada,60,0.27972585666147903,0.9265893425543875
bateria2,Bprima,0.88|28|3|0.47|10,0.47,0.88,28,3,6.8,parada,60,0.2765203614844058,0.9261429188001308
bateria2,Bprima,0.88|28|3|0.65|1,0.65,0.88,28,3,6.8,parada,60,0.12997968634024723,0.8939365279384838
bateria2,Bprima,0.88|28|3|0.65|2,0.65,0.88,28,3,6.8,parada,60,0.1365094753959944,0.8953229049184349
bateria2,Bprima,0.88|28|3|0.65|4,0.65,0.88,28,3,6.8,parada,60,0.13271110177014464,0.8936399071611022
bateria2,Bprima,0.88|28|3|0.65|3,0.65,0.88,28,3,6.8,parada,60,0.13580571713704787,0.8941535637675266
bateria2,Bprima,0.88|28|3|0.65|5,0.65,0.88,28,3,6.8,parada,60,0.13101554689753947,0.8933850009978175
bateria2,Bprima,0.88|28|3|0.65|6,0.65,0.88,28,3,6.8,parada,60,0.13408200105920007,0.8933405085927304
bateria2,Bprima,0.88|28|3|0.65|7,0.65,0.88,28,3,6.8,parada,60,0.12670046273447255,0.8926494744606086
bateria2,Bprima,0.88|28|3|0.65|8,0.65,0.88,28,3,6.8,parada,60,0.12830777984613814,0.8925570153314396
bateria2,Bprima,0.88|28|3|0.65|9,0.65,0.88,28,3,6.8,parada,60,0.13498255155262656,0.8940815908177343
bateria2,Bprima,0.88|28|3|0.65|10,0.65,0.88,28,3,6.8,parada,60,0.1338381959060976,0.8936990006990536
bateria2,Bprima,0.88|28|4.1|0.3|1,0.3,0.88,28,4.1,6.8,parada,60,0.30394907913126007,0.9619570769998478
bateria2,Bprima,0.88|28|4.1|0.3|2,0.3,0.88,28,4.1,6.8,parada,60,0.3126430048280963,0.9626363380163168
bateria2,Bprima,0.88|28|4.1|0.3|3,0.3,0.88,28,4.1,6.8,parada,60,0.3064259747089394,0.9622158774063035
bateria2,Bprima,0.88|28|4.1|0.3|4,0.3,0.88,28,4.1,6.8,parada,60,0.31740919823374886,0.9621707710752248
bateria2,Bprima,0.88|28|4.1|0.3|5,0.3,0.88,28,4.1,6.8,parada,60,0.30894565689583436,0.9616254235122611
bateria2,Bprima,0.88|28|4.1|0.3|6,0.3,0.88,28,4.1,6.8,parada,60,0.300122044642523,0.9612438464832059
bateria2,Bprima,0.88|28|4.1|0.3|7,0.3,0.88,28,4.1,6.8,parada,60,0.3084687637318427,0.9616741350901835
bateria2,Bprima,0.88|28|4.1|0.3|8,0.3,0.88,28,4.1,6.8,parada,60,0.30231582946687596,0.9613075112354178
bateria2,Bprima,0.88|28|4.1|0.3|9,0.3,0.88,28,4.1,6.8,parada,60,0.31284486804407957,0.9623073800458224
bateria2,Bprima,0.88|28|4.1|0.3|10,0.3,0.88,28,4.1,6.8,parada,60,0.3065894127738567,0.9617344803893103
bateria2,Bprima,0.88|28|4.1|0.47|1,0.47,0.88,28,4.1,6.8,parada,60,0.29169513456536883,0.9424440121013928
bateria2,Bprima,0.88|28|4.1|0.47|2,0.47,0.88,28,4.1,6.8,parada,60,0.3042223841706903,0.9431334782094822
bateria2,Bprima,0.88|28|4.1|0.47|3,0.47,0.88,28,4.1,6.8,parada,60,0.2980652342738432,0.9427524731072102
bateria2,Bprima,0.88|28|4.1|0.47|4,0.47,0.88,28,4.1,6.8,parada,60,0.3044151340090322,0.9425770552176126
bateria2,Bprima,0.88|28|4.1|0.47|5,0.47,0.88,28,4.1,6.8,parada,60,0.29852619272999964,0.9419962796922247
bateria2,Bprima,0.88|28|4.1|0.47|6,0.47,0.88,28,4.1,6.8,parada,60,0.2939555036512368,0.9417136764139281
bateria2,Bprima,0.88|28|4.1|0.47|7,0.47,0.88,28,4.1,6.8,parada,60,0.29661073501745316,0.9419744690787277
bateria2,Bprima,0.88|28|4.1|0.47|8,0.47,0.88,28,4.1,6.8,parada,60,0.2916814514881533,0.9415525572609014
bateria2,Bprima,0.88|28|4.1|0.47|9,0.47,0.88,28,4.1,6.8,parada,60,0.3026546755372519,0.9427005872333372
bateria2,Bprima,0.88|28|4.1|0.47|10,0.47,0.88,28,4.1,6.8,parada,60,0.29501130700113565,0.9421840469062097
bateria2,Bprima,0.88|28|4.1|0.65|1,0.65,0.88,28,4.1,6.8,parada,60,0.24330796876845562,0.9200589288903551
bateria2,Bprima,0.88|28|4.1|0.65|2,0.65,0.88,28,4.1,6.8,parada,60,0.25609763644495115,0.9208016738905245
bateria2,Bprima,0.88|28|4.1|0.65|3,0.65,0.88,28,4.1,6.8,parada,60,0.2491931661475672,0.920385197609617
bateria2,Bprima,0.88|28|4.1|0.65|4,0.65,0.88,28,4.1,6.8,parada,60,0.25266606153595317,0.9200517950225429
bateria2,Bprima,0.88|28|4.1|0.65|5,0.65,0.88,28,4.1,6.8,parada,60,0.24712269704908635,0.9195795712311474
bateria2,Bprima,0.88|28|4.1|0.65|6,0.65,0.88,28,4.1,6.8,parada,60,0.2461140279677095,0.9195299154224992
bateria2,Bprima,0.88|28|4.1|0.65|7,0.65,0.88,28,4.1,6.8,parada,60,0.24793138896107342,0.9193179506840113
bateria2,Bprima,0.88|28|4.1|0.65|8,0.65,0.88,28,4.1,6.8,parada,60,0.2418044598670239,0.9190173408791609
bateria2,Bprima,0.88|28|4.1|0.65|9,0.65,0.88,28,4.1,6.8,parada,60,0.2521836801503104,0.9202857548044133
bateria2,Bprima,0.88|28|4.1|0.65|10,0.65,0.88,28,4.1,6.8,parada,60,0.2445371568493343,0.9198288702555114
bateria2,Bprima,0.88|28|6|0.3|1,0.3,0.88,28,6,6.8,parada,60,0.1911789478146961,0.9681152763265768
bateria2,Bprima,0.88|28|6|0.3|2,0.3,0.88,28,6,6.8,parada,60,0.1951195840832205,0.9685575142482663
bateria2,Bprima,0.88|28|6|0.3|3,0.3,0.88,28,6,6.8,parada,60,0.18908678881628083,0.9682859641616126
bateria2,Bprima,0.88|28|6|0.3|4,0.3,0.88,28,6,6.8,parada,60,0.2088621757790057,0.9684635092181592
bateria2,Bprima,0.88|28|6|0.3|6,0.3,0.88,28,6,6.8,parada,60,0.18015303814502437,0.9675260036566701
bateria2,Bprima,0.88|28|6|0.3|5,0.3,0.88,28,6,6.8,parada,60,0.1943108246297101,0.9678847638834975
bateria2,Bprima,0.88|28|6|0.3|7,0.3,0.88,28,6,6.8,parada,60,0.19862796007476213,0.9678369114402822
bateria2,Bprima,0.88|28|6|0.3|8,0.3,0.88,28,6,6.8,parada,60,0.19001438179285737,0.9677836139685646
bateria2,Bprima,0.88|28|6|0.3|9,0.3,0.88,28,6,6.8,parada,60,0.19529745745552052,0.9682321784614838
bateria2,Bprima,0.88|28|6|0.3|10,0.3,0.88,28,6,6.8,parada,60,0.18821126873164545,0.9679668907270823
bateria2,Bprima,0.88|28|6|0.47|1,0.47,0.88,28,6,6.8,parada,60,0.22310837508221754,0.9549548201846103
bateria2,Bprima,0.88|28|6|0.47|2,0.47,0.88,28,6,6.8,parada,60,0.2290521985277157,0.9555392347354366
bateria2,Bprima,0.88|28|6|0.47|3,0.47,0.88,28,6,6.8,parada,60,0.2239833576982512,0.9551918552158485
bateria2,Bprima,0.88|28|6|0.47|4,0.47,0.88,28,6,6.8,parada,60,0.23635899231334895,0.9552712175955387
bateria2,Bprima,0.88|28|6|0.47|5,0.47,0.88,28,6,6.8,parada,60,0.22713309379145824,0.9546807504180062
bateria2,Bprima,0.88|28|6|0.47|6,0.47,0.88,28,6,6.8,parada,60,0.2163314828343299,0.9543448673036556
bateria2,Bprima,0.88|28|6|0.47|7,0.47,0.88,28,6,6.8,parada,60,0.22907762001933685,0.9546883556921967
bateria2,Bprima,0.88|28|6|0.47|8,0.47,0.88,28,6,6.8,parada,60,0.22049997963621681,0.9544450532092272
bateria2,Bprima,0.88|28|6|0.47|9,0.47,0.88,28,6,6.8,parada,60,0.22843165307230334,0.9553520348576063
bateria2,Bprima,0.88|28|6|0.47|10,0.47,0.88,28,6,6.8,parada,60,0.2226970650141092,0.9548395327989775
bateria2,Bprima,0.88|28|6|0.65|1,0.65,0.88,28,6,6.8,parada,60,0.22606069411539537,0.9413157537075172
bateria2,Bprima,0.88|28|6|0.65|2,0.65,0.88,28,6,6.8,parada,60,0.23464538407983937,0.9420112143774413
bateria2,Bprima,0.94|22|3|0.3|1,0.3,0.94,22,3,6.8,parada,60,0.648995115675789,0.9752443111667289
bateria2,Bprima,0.94|22|3|0.3|2,0.3,0.94,22,3,6.8,parada,60,0.6637821406432932,0.9762744906455036
bateria2,Bprima,0.88|28|6|0.65|3,0.65,0.88,28,6,6.8,parada,60,0.22988036027310654,0.9416593253232546
bateria2,Bprima,0.88|28|6|0.65|4,0.65,0.88,28,6,6.8,parada,60,0.23806569593513485,0.941570582543767
bateria2,Bprima,0.88|28|6|0.65|5,0.65,0.88,28,6,6.8,parada,60,0.23194733916193744,0.9409905993594788
bateria2,Bprima,0.88|28|6|0.65|6,0.65,0.88,28,6,6.8,parada,60,0.22512901631387247,0.9407166141297362
bateria2,Bprima,0.88|28|6|0.65|7,0.65,0.88,28,6,6.8,parada,60,0.23005512958308222,0.9410368349314696
bateria2,Bprima,0.88|28|6|0.65|8,0.65,0.88,28,6,6.8,parada,60,0.22616629423953907,0.9405580567617778
bateria2,Bprima,0.88|28|6|0.65|9,0.65,0.88,28,6,6.8,parada,60,0.23492850464609114,0.9417699941735901
bateria2,Bprima,0.88|28|6|0.65|10,0.65,0.88,28,6,6.8,parada,60,0.2296287929194031,0.941176684574406
bateria2,Bprima,0.94|22|3|0.3|3,0.3,0.94,22,3,6.8,parada,60,0.6537397787704408,0.9756985800588723
bateria2,Bprima,0.94|22|3|0.3|4,0.3,0.94,22,3,6.8,parada,60,0.6482875499604496,0.9753502464233806
bateria2,Bprima,0.94|22|3|0.3|5,0.3,0.94,22,3,6.8,parada,60,0.6420736708189226,0.9750197932863732
bateria2,Bprima,0.94|22|3|0.3|7,0.3,0.94,22,3,6.8,parada,60,0.6570075678618165,0.976023975471838
bateria2,Bprima,0.94|22|3|0.3|6,0.3,0.94,22,3,6.8,parada,60,0.6560196051487953,0.9754602116865103
bateria2,Bprima,0.94|22|3|0.3|8,0.3,0.94,22,3,6.8,parada,60,0.6421057383269334,0.9748281883557669
bateria2,Bprima,0.94|22|3|0.3|9,0.3,0.94,22,3,6.8,parada,60,0.6569666369936419,0.9759424280851011
bateria2,Bprima,0.94|22|3|0.3|10,0.3,0.94,22,3,6.8,parada,60,0.6469065944529369,0.9752327716859757
bateria2,Bprima,0.94|22|3|0.47|1,0.47,0.94,22,3,6.8,parada,60,0.2815707170029031,0.9300727562656828
bateria2,Bprima,0.94|22|3|0.47|2,0.47,0.94,22,3,6.8,parada,60,0.2927912859971534,0.9317597909173705
bateria2,Bprima,0.94|22|3|0.47|3,0.47,0.94,22,3,6.8,parada,60,0.2790386286532982,0.9306493149049178
bateria2,Bprima,0.94|22|3|0.47|4,0.47,0.94,22,3,6.8,parada,60,0.27282275599168776,0.9300883490952497
bateria2,Bprima,0.94|22|3|0.47|5,0.47,0.94,22,3,6.8,parada,60,0.2724282690799457,0.9296929820745735
bateria2,Bprima,0.94|22|3|0.47|6,0.47,0.94,22,3,6.8,parada,60,0.28996149530023435,0.9308345915194045
bateria2,Bprima,0.94|22|3|0.47|7,0.47,0.94,22,3,6.8,parada,60,0.2891180668165752,0.9313738122976196
bateria2,Bprima,0.94|22|3|0.47|8,0.47,0.94,22,3,6.8,parada,60,0.2665615539283221,0.9287988430334537
bateria2,Bprima,0.94|22|3|0.47|9,0.47,0.94,22,3,6.8,parada,60,0.2836118533470947,0.9308669502420758
bateria2,Bprima,0.94|22|3|0.47|10,0.47,0.94,22,3,6.8,parada,60,0.2744523860138867,0.9299323051745252
bateria2,Bprima,0.94|22|3|0.65|1,0.65,0.94,22,3,6.8,parada,60,-0.044338399741129665,0.8703361010398076
bateria2,Bprima,0.94|22|3|0.65|2,0.65,0.94,22,3,6.8,parada,60,-0.03527072838987638,0.8719751567356429
bateria2,Bprima,0.94|22|3|0.65|3,0.65,0.94,22,3,6.8,parada,60,-0.049542074250695144,0.8706966202525032
bateria2,Bprima,0.94|22|3|0.65|4,0.65,0.94,22,3,6.8,parada,60,-0.052389805088750956,0.8703358826957777
bateria2,Bprima,0.94|22|3|0.65|5,0.65,0.94,22,3,6.8,parada,60,-0.05108008006532783,0.869969239222362
bateria2,Bprima,0.94|22|3|0.65|6,0.65,0.94,22,3,6.8,parada,60,-0.03763896076967267,0.871423760433007
bateria2,Bprima,0.94|22|3|0.65|7,0.65,0.94,22,3,6.8,parada,60,-0.0387162471764706,0.8719861518702646
bateria2,Bprima,0.94|22|3|0.65|8,0.65,0.94,22,3,6.8,parada,60,-0.05822707096666714,0.8688443954196805
bateria2,Bprima,0.94|22|3|0.65|9,0.65,0.94,22,3,6.8,parada,60,-0.04504824336606048,0.8703934675655015
bateria2,Bprima,0.94|22|3|0.65|10,0.65,0.94,22,3,6.8,parada,60,-0.05175079339531098,0.8702902535408432
bateria2,Bprima,0.94|22|4.1|0.3|1,0.3,0.94,22,4.1,6.8,parada,60,0.7194259423479371,0.9829274690134185
bateria2,Bprima,0.94|22|4.1|0.3|2,0.3,0.94,22,4.1,6.8,parada,60,0.7332519952584601,0.9837476959081152
bateria2,Bprima,0.94|22|4.1|0.3|3,0.3,0.94,22,4.1,6.8,parada,60,0.7298787312049035,0.9833365302425797
bateria2,Bprima,0.94|22|4.1|0.3|4,0.3,0.94,22,4.1,6.8,parada,60,0.7254181787307613,0.9833996893208942
bateria2,Bprima,0.94|22|4.1|0.3|5,0.3,0.94,22,4.1,6.8,parada,60,0.718742186535036,0.9830424718646624
bateria2,Bprima,0.94|22|4.1|0.3|6,0.3,0.94,22,4.1,6.8,parada,60,0.7233606811156361,0.9828098143302364
bateria2,Bprima,0.94|22|4.1|0.3|7,0.3,0.94,22,4.1,6.8,parada,60,0.7251411612153122,0.9833191336243149
bateria2,Bprima,0.94|22|4.1|0.3|8,0.3,0.94,22,4.1,6.8,parada,60,0.7207808467570406,0.9829055408583323
bateria2,Bprima,0.94|22|4.1|0.3|9,0.3,0.94,22,4.1,6.8,parada,60,0.7329402766907437,0.9836381915443111
bateria2,Bprima,0.94|22|4.1|0.3|10,0.3,0.94,22,4.1,6.8,parada,60,0.7237736118168071,0.9828754141111726
bateria2,Bprima,0.94|22|4.1|0.47|1,0.47,0.94,22,4.1,6.8,parada,60,0.5696587835201989,0.9644224670391718
bateria2,Bprima,0.94|22|4.1|0.47|2,0.47,0.94,22,4.1,6.8,parada,60,0.5835372548921884,0.9655172501236166
bateria2,Bprima,0.94|22|4.1|0.47|3,0.47,0.94,22,4.1,6.8,parada,60,0.5750268807893579,0.9647004767007865
bateria2,Bprima,0.94|22|4.1|0.47|4,0.47,0.94,22,4.1,6.8,parada,60,0.5700133349224431,0.9643511807685613
bateria2,Bprima,0.94|22|4.1|0.47|6,0.47,0.94,22,4.1,6.8,parada,60,0.5759489978628288,0.9646831288664471
bateria2,Bprima,0.94|22|4.1|0.47|5,0.47,0.94,22,4.1,6.8,parada,60,0.5635623416174246,0.9641273289083808
bateria2,Bprima,0.94|22|4.1|0.47|7,0.47,0.94,22,4.1,6.8,parada,60,0.577150485663059,0.9650904522069186
bateria2,Bprima,0.94|22|4.1|0.47|8,0.47,0.94,22,4.1,6.8,parada,60,0.5628147557564428,0.9638227088528041
bateria2,Bprima,0.94|22|4.1|0.47|9,0.47,0.94,22,4.1,6.8,parada,60,0.5776573084313014,0.9649839624231816
bateria2,Bprima,0.94|22|4.1|0.47|10,0.47,0.94,22,4.1,6.8,parada,60,0.5679671913465851,0.9642162950994644
bateria2,Bprima,0.94|22|4.1|0.65|1,0.65,0.94,22,4.1,6.8,parada,60,0.3587014381084467,0.932691936105855
bateria2,Bprima,0.94|22|4.1|0.65|2,0.65,0.94,22,4.1,6.8,parada,60,0.37117485956072593,0.9339861971286656
bateria2,Bprima,0.94|22|4.1|0.65|3,0.65,0.94,22,4.1,6.8,parada,60,0.35802845210779566,0.9330616550981554
bateria2,Bprima,0.94|22|4.1|0.65|4,0.65,0.94,22,4.1,6.8,parada,60,0.3528362522133341,0.9325207333693915
bateria2,Bprima,0.94|22|4.1|0.65|5,0.65,0.94,22,4.1,6.8,parada,60,0.35009381634122744,0.9323950866612296
bateria2,Bprima,0.94|22|4.1|0.65|6,0.65,0.94,22,4.1,6.8,parada,60,0.3666578496448657,0.9331741178787752
bateria2,Bprima,0.94|22|4.1|0.65|7,0.65,0.94,22,4.1,6.8,parada,60,0.365212781353925,0.9337482007704079
bateria2,Bprima,0.94|22|4.1|0.65|8,0.65,0.94,22,4.1,6.8,parada,60,0.347917259563663,0.9313760425730232
bateria2,Bprima,0.94|22|4.1|0.65|9,0.65,0.94,22,4.1,6.8,parada,60,0.3610731318006056,0.9333651372439006
bateria2,Bprima,0.94|22|4.1|0.65|10,0.65,0.94,22,4.1,6.8,parada,60,0.3531192413022458,0.9323946781632403
bateria2,Bprima,0.94|22|6|0.3|1,0.3,0.94,22,6,6.8,parada,60,0.615196932781927,0.9817669408236376
bateria2,Bprima,0.94|22|6|0.3|2,0.3,0.94,22,6,6.8,parada,60,0.6278703903107995,0.9824105174642994
bateria2,Bprima,0.94|22|6|0.3|3,0.3,0.94,22,6,6.8,parada,60,0.6281779220615223,0.9823113403147113
bateria2,Bprima,0.94|22|6|0.3|4,0.3,0.94,22,6,6.8,parada,60,0.6234823555862264,0.9823994717612061
bateria2,Bprima,0.94|22|6|0.3|5,0.3,0.94,22,6,6.8,parada,60,0.6199925282729655,0.9819662223282158
bateria2,Bprima,0.94|22|6|0.3|6,0.3,0.94,22,6,6.8,parada,60,0.6196704440998395,0.9816587039598857
bateria2,Bprima,0.94|22|6|0.3|7,0.3,0.94,22,6,6.8,parada,60,0.6175927456277933,0.9820092550837765
bateria2,Bprima,0.94|22|6|0.3|8,0.3,0.94,22,6,6.8,parada,60,0.6238823178434977,0.9820480666683126
bateria2,Bprima,0.94|22|6|0.3|9,0.3,0.94,22,6,6.8,parada,60,0.6326543013861031,0.9828216850498568
bateria2,Bprima,0.94|22|6|0.3|10,0.3,0.94,22,6,6.8,parada,60,0.6244759634208573,0.9819792128149663
bateria2,Bprima,0.94|22|6|0.47|1,0.47,0.94,22,6,6.8,parada,60,0.6294625055498468,0.9787923579562314
bateria2,Bprima,0.94|22|6|0.47|2,0.47,0.94,22,6,6.8,parada,60,0.644235327340032,0.9794834263971932
bateria2,Bprima,0.94|22|6|0.47|3,0.47,0.94,22,6,6.8,parada,60,0.6411983286935347,0.9792370249218513
bateria2,Bprima,0.94|22|6|0.47|4,0.47,0.94,22,6,6.8,parada,60,0.633817502097499,0.9792434383843576
bateria2,Bprima,0.94|22|6|0.47|5,0.47,0.94,22,6,6.8,parada,60,0.6286269586894287,0.9787800142197393
bateria2,Bprima,0.94|22|6|0.47|6,0.47,0.94,22,6,6.8,parada,60,0.636359964203446,0.9786753842337104
bateria2,Bprima,0.94|22|6|0.47|7,0.47,0.94,22,6,6.8,parada,60,0.6353061869007026,0.9790401427369373
bateria2,Bprima,0.94|22|6|0.47|8,0.47,0.94,22,6,6.8,parada,60,0.6317420144818697,0.9786935418392793
bateria2,Bprima,0.94|22|6|0.47|9,0.47,0.94,22,6,6.8,parada,60,0.6445521742902209,0.979423636718925
bateria2,Bprima,0.94|22|6|0.47|10,0.47,0.94,22,6,6.8,parada,60,0.6356275778476496,0.9787901782772254
bateria2,Bprima,0.94|22|6|0.65|1,0.65,0.94,22,6,6.8,parada,60,0.5565554190723535,0.9685836873064045
bateria2,Bprima,0.94|22|6|0.65|2,0.65,0.94,22,6,6.8,parada,60,0.5706330891048387,0.9694296180042576
bateria2,Bprima,0.94|22|6|0.65|3,0.65,0.94,22,6,6.8,parada,60,0.5663974794296629,0.9689324307156857
bateria2,Bprima,0.94|22|6|0.65|4,0.65,0.94,22,6,6.8,parada,60,0.5580597796802228,0.9687945515253673
bateria2,Bprima,0.94|22|6|0.65|5,0.65,0.94,22,6,6.8,parada,60,0.5517767233710603,0.9685084737189111
bateria2,Bprima,0.94|22|6|0.65|6,0.65,0.94,22,6,6.8,parada,60,0.5643546466132958,0.9686235333862048
bateria2,Bprima,0.94|22|6|0.65|7,0.65,0.94,22,6,6.8,parada,60,0.5632403794712818,0.9692019386664406
bateria2,Bprima,0.94|22|6|0.65|8,0.65,0.94,22,6,6.8,parada,60,0.554656283993228,0.9681389746090378
bateria2,Bprima,0.94|22|6|0.65|9,0.65,0.94,22,6,6.8,parada,60,0.5678757749040616,0.9690621082289895
bateria2,Bprima,0.94|22|6|0.65|10,0.65,0.94,22,6,6.8,parada,60,0.560685529697605,0.9684212573585514
bateria2,Bprima,0.94|25|3|0.3|1,0.3,0.94,25,3,6.8,parada,60,0.538603498979201,0.971374638171103
bateria2,Bprima,0.94|25|3|0.3|2,0.3,0.94,25,3,6.8,parada,60,0.5415207197785854,0.9712185421017435
bateria2,Bprima,0.94|25|3|0.3|3,0.3,0.94,25,3,6.8,parada,60,0.5456220876911403,0.9716699822514665
bateria2,Bprima,0.94|25|3|0.3|4,0.3,0.94,25,3,6.8,parada,60,0.5420947909274536,0.9718245576218367
bateria2,Bprima,0.94|25|3|0.3|5,0.3,0.94,25,3,6.8,parada,60,0.5350908643802244,0.9711971929162709
bateria2,Bprima,0.94|25|3|0.3|6,0.3,0.94,25,3,6.8,parada,60,0.5420308157786993,0.9720923602985828
bateria2,Bprima,0.94|25|3|0.3|7,0.3,0.94,25,3,6.8,parada,60,0.5431138924110538,0.9712988783826637
bateria2,Bprima,0.94|25|3|0.3|8,0.3,0.94,25,3,6.8,parada,60,0.5322074688378929,0.9709845849709281
bateria2,Bprima,0.94|25|3|0.3|9,0.3,0.94,25,3,6.8,parada,60,0.5460501234489337,0.9721853388421904
bateria2,Bprima,0.94|25|3|0.3|10,0.3,0.94,25,3,6.8,parada,60,0.5322803913716203,0.9705252143022264
bateria2,Bprima,0.94|25|3|0.47|1,0.47,0.94,25,3,6.8,parada,60,0.2933135725903559,0.9390273341644331
bateria2,Bprima,0.94|25|3|0.47|2,0.47,0.94,25,3,6.8,parada,60,0.29285010917026727,0.9387509441273388
bateria2,Bprima,0.94|25|3|0.47|3,0.47,0.94,25,3,6.8,parada,60,0.30082267956810915,0.93943475707693
bateria2,Bprima,0.94|25|3|0.47|4,0.47,0.94,25,3,6.8,parada,60,0.3056410643686243,0.9396340354273496
bateria2,Bprima,0.94|25|3|0.47|5,0.47,0.94,25,3,6.8,parada,60,0.2956759999686644,0.9389331822805687
bateria2,Bprima,0.94|25|3|0.47|6,0.47,0.94,25,3,6.8,parada,60,0.2990432447281488,0.9399105874499457
bateria2,Bprima,0.94|25|3|0.47|7,0.47,0.94,25,3,6.8,parada,60,0.2928314103740768,0.9391289281991103
bateria2,Bprima,0.94|25|3|0.47|8,0.47,0.94,25,3,6.8,parada,60,0.2935125073614923,0.9384684038347332
bateria2,Bprima,0.94|25|3|0.47|9,0.47,0.94,25,3,6.8,parada,60,0.3010690536790595,0.9395765717355795
bateria2,Bprima,0.94|25|3|0.47|10,0.47,0.94,25,3,6.8,parada,60,0.2879235850770984,0.9381390201718494
bateria2,Bprima,0.94|25|3|0.65|1,0.65,0.94,25,3,6.8,parada,60,0.05022842810357826,0.9003043520649185
bateria2,Bprima,0.94|25|3|0.65|2,0.65,0.94,25,3,6.8,parada,60,0.04812289042859916,0.8998834892785614
bateria2,Bprima,0.94|25|3|0.65|3,0.65,0.94,25,3,6.8,parada,60,0.056728956060257976,0.9009208737440878
bateria2,Bprima,0.94|25|3|0.65|4,0.65,0.94,25,3,6.8,parada,60,0.06251146677325431,0.9010488790382842
bateria2,Bprima,0.94|25|3|0.65|5,0.65,0.94,25,3,6.8,parada,60,0.053122626401178756,0.900152919512956
bateria2,Bprima,0.94|25|3|0.65|6,0.65,0.94,25,3,6.8,parada,60,0.05439432950813655,0.9009975701926455
bateria2,Bprima,0.94|25|3|0.65|7,0.65,0.94,25,3,6.8,parada,60,0.04775164630333968,0.9003197751804365
bateria2,Bprima,0.94|25|3|0.65|8,0.65,0.94,25,3,6.8,parada,60,0.050678870625716146,0.8997744717987487
bateria2,Bprima,0.94|25|3|0.65|9,0.65,0.94,25,3,6.8,parada,60,0.055513842993494954,0.9005722276002949
bateria2,Bprima,0.94|25|3|0.65|10,0.65,0.94,25,3,6.8,parada,60,0.04563233904259988,0.8992748986748889
bateria2,Bprima,0.94|25|4.1|0.3|1,0.3,0.94,25,4.1,6.8,parada,60,0.539038511262496,0.9770035055668442
bateria2,Bprima,0.94|25|4.1|0.3|2,0.3,0.94,25,4.1,6.8,parada,60,0.542454404496894,0.9769971693790833
bateria2,Bprima,0.94|25|4.1|0.3|3,0.3,0.94,25,4.1,6.8,parada,60,0.5456765664292079,0.9771138955945777
bateria2,Bprima,0.94|25|4.1|0.3|4,0.3,0.94,25,4.1,6.8,parada,60,0.5363681171876202,0.9767874245525004
bateria2,Bprima,0.94|25|4.1|0.3|5,0.3,0.94,25,4.1,6.8,parada,60,0.5342884127667501,0.9765980416426558
bateria2,Bprima,0.94|25|4.1|0.3|6,0.3,0.94,25,4.1,6.8,parada,60,0.5425700038031442,0.9773035639098907
bateria2,Bprima,0.94|25|4.1|0.3|7,0.3,0.94,25,4.1,6.8,parada,60,0.5509777294933211,0.9768676089701691
bateria2,Bprima,0.94|25|4.1|0.3|8,0.3,0.94,25,4.1,6.8,parada,60,0.5356416709109098,0.9762885666822626
bateria2,Bprima,0.94|25|4.1|0.3|9,0.3,0.94,25,4.1,6.8,parada,60,0.5484332525578091,0.9776751054566472
bateria2,Bprima,0.94|25|4.1|0.3|10,0.3,0.94,25,4.1,6.8,parada,60,0.5361865496413099,0.9761774512525484
bateria2,Bprima,0.94|25|4.1|0.47|1,0.47,0.94,25,4.1,6.8,parada,60,0.45162915153838934,0.9599114174859
bateria2,Bprima,0.94|25|4.1|0.47|2,0.47,0.94,25,4.1,6.8,parada,60,0.4550003214051957,0.9597550413288765
bateria2,Bprima,0.94|25|4.1|0.47|3,0.47,0.94,25,4.1,6.8,parada,60,0.4568493210581393,0.9603217137967643
bateria2,Bprima,0.94|25|4.1|0.47|5,0.47,0.94,25,4.1,6.8,parada,60,0.4475084212403181,0.9598288425876035
bateria2,Bprima,0.94|25|4.1|0.47|4,0.47,0.94,25,4.1,6.8,parada,60,0.451136509141897,0.9603488432370936
bateria2,Bprima,0.94|25|4.1|0.47|6,0.47,0.94,25,4.1,6.8,parada,60,0.45386095904083174,0.9606757460163743
bateria2,Bprima,0.94|25|4.1|0.47|7,0.47,0.94,25,4.1,6.8,parada,60,0.45853054619902806,0.9597699892352464
bateria2,Bprima,0.94|25|4.1|0.47|8,0.47,0.94,25,4.1,6.8,parada,60,0.4463833485410116,0.9594696589142541
bateria2,Bprima,0.94|25|4.1|0.47|9,0.47,0.94,25,4.1,6.8,parada,60,0.4578886271949024,0.9606536379423128
bateria2,Bprima,0.94|25|4.1|0.47|10,0.47,0.94,25,4.1,6.8,parada,60,0.44762686274401586,0.9590013139859231
bateria2,Bprima,0.94|25|4.1|0.65|1,0.65,0.94,25,4.1,6.8,parada,60,0.3192773423999359,0.9362309218186086
bateria2,Bprima,0.94|25|4.1|0.65|2,0.65,0.94,25,4.1,6.8,parada,60,0.321160481651453,0.9361104244356093
bateria2,Bprima,0.94|25|4.1|0.65|3,0.65,0.94,25,4.1,6.8,parada,60,0.32635192427024173,0.9366874818614662
bateria2,Bprima,0.94|25|4.1|0.65|4,0.65,0.94,25,4.1,6.8,parada,60,0.32602860015777235,0.9370227456405945
bateria2,Bprima,0.94|25|4.1|0.65|5,0.65,0.94,25,4.1,6.8,parada,60,0.31978474073380964,0.936412999937815
bateria2,Bprima,0.94|25|4.1|0.65|6,0.65,0.94,25,4.1,6.8,parada,60,0.3227340636416636,0.9371897126297903
bateria2,Bprima,0.94|25|4.1|0.65|7,0.65,0.94,25,4.1,6.8,parada,60,0.3219455992710231,0.9361207511420556
bateria2,Bprima,0.94|25|4.1|0.65|8,0.65,0.94,25,4.1,6.8,parada,60,0.3154962731210173,0.9360165260072933
bateria2,Bprima,0.94|25|4.1|0.65|9,0.65,0.94,25,4.1,6.8,parada,60,0.32314752308839895,0.9371335067706372
bateria2,Bprima,0.94|25|4.1|0.65|10,0.65,0.94,25,4.1,6.8,parada,60,0.31499121585273004,0.9353831937384673
bateria2,Bprima,0.94|25|6|0.3|1,0.3,0.94,25,6,6.8,parada,60,0.4184128538045084,0.9783364079758435
bateria2,Bprima,0.94|25|6|0.3|2,0.3,0.94,25,6,6.8,parada,60,0.4144551146243201,0.978366923731762
bateria2,Bprima,0.94|25|6|0.3|3,0.3,0.94,25,6,6.8,parada,60,0.42603204651481175,0.9783783478387885
bateria2,Bprima,0.94|25|6|0.3|4,0.3,0.94,25,6,6.8,parada,60,0.40594042129185354,0.9779825778489809
bateria2,Bprima,0.94|25|6|0.3|5,0.3,0.94,25,6,6.8,parada,60,0.40846010403477556,0.9779318230258518
bateria2,Bprima,0.94|25|6|0.3|6,0.3,0.94,25,6,6.8,parada,60,0.4146273786896652,0.9785432337716397
bateria2,Bprima,0.94|25|6|0.3|7,0.3,0.94,25,6,6.8,parada,60,0.4312964709635592,0.9782207082769994
bateria2,Bprima,0.94|25|6|0.3|8,0.3,0.94,25,6,6.8,parada,60,0.41036804743572325,0.9778124737885696
bateria2,Bprima,0.94|25|6|0.3|9,0.3,0.94,25,6,6.8,parada,60,0.42561919105198065,0.9789931547316129
bateria2,Bprima,0.94|25|6|0.3|10,0.3,0.94,25,6,6.8,parada,60,0.4155386137041717,0.977683130117229
bateria2,Bprima,0.94|25|6|0.47|1,0.47,0.94,25,6,6.8,parada,60,0.434140530352884,0.9709352891073151
bateria2,Bprima,0.94|25|6|0.47|2,0.47,0.94,25,6,6.8,parada,60,0.43230276555440045,0.9710632355642657
bateria2,Bprima,0.94|25|6|0.47|3,0.47,0.94,25,6,6.8,parada,60,0.44136377966235346,0.9711220639076829
bateria2,Bprima,0.94|25|6|0.47|4,0.47,0.94,25,6,6.8,parada,60,0.4290717650686103,0.9707108200458912
bateria2,Bprima,0.94|25|6|0.47|5,0.47,0.94,25,6,6.8,parada,60,0.42734793742968885,0.9706997092633329
bateria2,Bprima,0.94|25|6|0.47|6,0.47,0.94,25,6,6.8,parada,60,0.43561493111294497,0.9713091452891534
bateria2,Bprima,0.94|25|6|0.47|7,0.47,0.94,25,6,6.8,parada,60,0.44648020573025704,0.970814537586628
bateria2,Bprima,0.94|25|6|0.47|8,0.47,0.94,25,6,6.8,parada,60,0.4304285385016437,0.9703959003489669
bateria2,Bprima,0.94|25|6|0.47|9,0.47,0.94,25,6,6.8,parada,60,0.4409433588188778,0.9716893737477446
bateria2,Bprima,0.94|25|6|0.47|10,0.47,0.94,25,6,6.8,parada,60,0.43168501281829424,0.9702260959311345
bateria2,Bprima,0.94|25|6|0.65|1,0.65,0.94,25,6,6.8,parada,60,0.40324239882474244,0.9605173696619539
bateria2,Bprima,0.94|25|6|0.65|2,0.65,0.94,25,6,6.8,parada,60,0.4057639264184961,0.9605830958437352
bateria2,Bprima,0.94|25|6|0.65|3,0.65,0.94,25,6,6.8,parada,60,0.4097418020650956,0.9607826548048611
bateria2,Bprima,0.94|25|6|0.65|4,0.65,0.94,25,6,6.8,parada,60,0.40246752165231076,0.9605372526691723
bateria2,Bprima,0.94|25|6|0.65|5,0.65,0.94,25,6,6.8,parada,60,0.40103737847451454,0.9603383126639885
bateria2,Bprima,0.94|25|6|0.65|6,0.65,0.94,25,6,6.8,parada,60,0.40714605708563884,0.9610630000318526
bateria2,Bprima,0.94|25|6|0.65|7,0.65,0.94,25,6,6.8,parada,60,0.4147530589419948,0.9603732527440095
bateria2,Bprima,0.94|25|6|0.65|8,0.65,0.94,25,6,6.8,parada,60,0.4026489477964857,0.9599759475401285
bateria2,Bprima,0.94|25|6|0.65|9,0.65,0.94,25,6,6.8,parada,60,0.4104564744206847,0.9612634269790334
bateria2,Bprima,0.94|25|6|0.65|10,0.65,0.94,25,6,6.8,parada,60,0.4027856239700287,0.9597005321776413
bateria2,Bprima,0.94|28|3|0.3|1,0.3,0.94,28,3,6.8,parada,60,0.4031528203621831,0.960306511056526
bateria2,Bprima,0.94|28|3|0.3|2,0.3,0.94,28,3,6.8,parada,60,0.4150035213699709,0.9609280323059178
bateria2,Bprima,0.94|28|3|0.3|3,0.3,0.94,28,3,6.8,parada,60,0.4099096303710781,0.9606229390255228
bateria2,Bprima,0.94|28|3|0.3|4,0.3,0.94,28,3,6.8,parada,60,0.41501908396573617,0.960378296502338
bateria2,Bprima,0.94|28|3|0.3|5,0.3,0.94,28,3,6.8,parada,60,0.4069632002193598,0.9599160046538249
bateria2,Bprima,0.94|28|3|0.3|6,0.3,0.94,28,3,6.8,parada,60,0.4053775791866365,0.9595895486377994
bateria2,Bprima,0.94|28|3|0.3|7,0.3,0.94,28,3,6.8,parada,60,0.4050916446507991,0.9597204071590277
bateria2,Bprima,0.94|28|3|0.3|8,0.3,0.94,28,3,6.8,parada,60,0.4012416908587454,0.9595796794338204
bateria2,Bprima,0.94|28|3|0.3|9,0.3,0.94,28,3,6.8,parada,60,0.4137164241118574,0.9605448172048922
bateria2,Bprima,0.94|28|3|0.3|10,0.3,0.94,28,3,6.8,parada,60,0.4051599260648256,0.9601744326949521
bateria2,Bprima,0.94|28|3|0.47|1,0.47,0.94,28,3,6.8,parada,60,0.26509928640235914,0.930529219849607
bateria2,Bprima,0.94|28|3|0.47|2,0.47,0.94,28,3,6.8,parada,60,0.2728561524921631,0.9314507090816901
bateria2,Bprima,0.94|28|3|0.47|3,0.47,0.94,28,3,6.8,parada,60,0.27282322381082447,0.9307473820144789
bateria2,Bprima,0.94|28|3|0.47|4,0.47,0.94,28,3,6.8,parada,60,0.2703128680591211,0.9304868660496927
bateria2,Bprima,0.94|28|3|0.47|5,0.47,0.94,28,3,6.8,parada,60,0.2671809054715215,0.9299665386678684
bateria2,Bprima,0.94|28|3|0.47|6,0.47,0.94,28,3,6.8,parada,60,0.2692086743459512,0.9298307041577746
bateria2,Bprima,0.94|28|3|0.47|7,0.47,0.94,28,3,6.8,parada,60,0.26318905257666775,0.9295696416306278
bateria2,Bprima,0.94|28|3|0.47|8,0.47,0.94,28,3,6.8,parada,60,0.26409263741276323,0.9294194192571182
bateria2,Bprima,0.94|28|3|0.47|9,0.47,0.94,28,3,6.8,parada,60,0.2725099203662398,0.9307186976299472
bateria2,Bprima,0.94|28|3|0.47|10,0.47,0.94,28,3,6.8,parada,60,0.2703942888078876,0.9302253671878299
bateria2,Bprima,0.94|28|3|0.65|2,0.65,0.94,28,3,6.8,parada,60,0.1210145466806239,0.8995870713722598
bateria2,Bprima,0.94|28|3|0.65|1,0.65,0.94,28,3,6.8,parada,60,0.1140337820862545,0.8981052659371799
bateria2,Bprima,0.94|28|3|0.65|4,0.65,0.94,28,3,6.8,parada,60,0.11733946132291767,0.8978073058942713
bateria2,Bprima,0.94|28|3|0.65|3,0.65,0.94,28,3,6.8,parada,60,0.1200636332708041,0.8983536960282661
bateria2,Bprima,0.94|28|3|0.65|5,0.65,0.94,28,3,6.8,parada,60,0.11541150837346671,0.8975293519635733
bateria2,Bprima,0.94|28|3|0.65|6,0.65,0.94,28,3,6.8,parada,60,0.11877558209926285,0.8975233373702344
bateria2,Bprima,0.94|28|3|0.65|7,0.65,0.94,28,3,6.8,parada,60,0.1105144452715718,0.8968771027570837
bateria2,Bprima,0.94|28|3|0.65|8,0.65,0.94,28,3,6.8,parada,60,0.11238986582372433,0.8967042086905167
bateria2,Bprima,0.94|28|3|0.65|9,0.65,0.94,28,3,6.8,parada,60,0.1193897126397801,0.898306606145399
bateria2,Bprima,0.94|28|3|0.65|10,0.65,0.94,28,3,6.8,parada,60,0.11835320660173809,0.8978790191284737
bateria2,Bprima,0.94|28|4.1|0.3|1,0.3,0.94,28,4.1,6.8,parada,60,0.3574408615474961,0.966293003915385
bateria2,Bprima,0.94|28|4.1|0.3|2,0.3,0.94,28,4.1,6.8,parada,60,0.37001382400749866,0.9669041770789601
bateria2,Bprima,0.94|28|4.1|0.3|3,0.3,0.94,28,4.1,6.8,parada,60,0.3632372301210251,0.9665551425956299
bateria2,Bprima,0.94|28|4.1|0.3|4,0.3,0.94,28,4.1,6.8,parada,60,0.3741145340798364,0.9664843770573062
bateria2,Bprima,0.94|28|4.1|0.3|5,0.3,0.94,28,4.1,6.8,parada,60,0.36547266831064384,0.9659425215751732
bateria2,Bprima,0.94|28|4.1|0.3|6,0.3,0.94,28,4.1,6.8,parada,60,0.3576333333560044,0.9655718910190555
bateria2,Bprima,0.94|28|4.1|0.3|7,0.3,0.94,28,4.1,6.8,parada,60,0.36310134707852754,0.966008863421806
bateria2,Bprima,0.94|28|4.1|0.3|8,0.3,0.94,28,4.1,6.8,parada,60,0.3588452903762885,0.9656437589561732
bateria2,Bprima,0.94|28|4.1|0.3|9,0.3,0.94,28,4.1,6.8,parada,60,0.36994559211261957,0.9666024936032773
bateria2,Bprima,0.94|28|4.1|0.3|10,0.3,0.94,28,4.1,6.8,parada,60,0.3626330128091537,0.9660725930197479
bateria2,Bprima,0.94|28|4.1|0.47|1,0.47,0.94,28,4.1,6.8,parada,60,0.32097675712837803,0.9461573862738092
bateria2,Bprima,0.94|28|4.1|0.47|2,0.47,0.94,28,4.1,6.8,parada,60,0.3366231610121859,0.9467651161557021
bateria2,Bprima,0.94|28|4.1|0.47|3,0.47,0.94,28,4.1,6.8,parada,60,0.32879391290426463,0.9464578620475282
bateria2,Bprima,0.94|28|4.1|0.47|4,0.47,0.94,28,4.1,6.8,parada,60,0.33357903855893656,0.9462691813328885
bateria2,Bprima,0.94|28|4.1|0.47|5,0.47,0.94,28,4.1,6.8,parada,60,0.3274951826304588,0.945697422600614
bateria2,Bprima,0.94|28|4.1|0.47|6,0.47,0.94,28,4.1,6.8,parada,60,0.32522123159966726,0.9454413801211202
bateria2,Bprima,0.94|28|4.1|0.47|7,0.47,0.94,28,4.1,6.8,parada,60,0.3278891747498098,0.9455830820343585
bateria2,Bprima,0.94|28|4.1|0.47|8,0.47,0.94,28,4.1,6.8,parada,60,0.3210692608535669,0.9453085842779532
bateria2,Bprima,0.94|28|4.1|0.47|9,0.47,0.94,28,4.1,6.8,parada,60,0.3333912149615093,0.946406978300153
bateria2,Bprima,0.94|28|4.1|0.47|10,0.47,0.94,28,4.1,6.8,parada,60,0.3235309540216737,0.9459770889030439
bateria2,Bprima,0.94|28|4.1|0.65|1,0.65,0.94,28,4.1,6.8,parada,60,0.25367389024638604,0.922930967038073
bateria2,Bprima,0.94|28|4.1|0.65|2,0.65,0.94,28,4.1,6.8,parada,60,0.26182262844956045,0.9237402773961775
bateria2,Bprima,0.94|28|4.1|0.65|3,0.65,0.94,28,4.1,6.8,parada,60,0.258933480664354,0.9233190342150029
bateria2,Bprima,0.94|28|4.1|0.65|4,0.65,0.94,28,4.1,6.8,parada,60,0.2615475858221698,0.9229220873098337
bateria2,Bprima,0.94|28|4.1|0.65|5,0.65,0.94,28,4.1,6.8,parada,60,0.2561739352939927,0.9224910918326739
bateria2,Bprima,0.94|28|4.1|0.65|6,0.65,0.94,28,4.1,6.8,parada,60,0.25598484789316256,0.9224561091385588
bateria2,Bprima,0.94|28|4.1|0.65|7,0.65,0.94,28,4.1,6.8,parada,60,0.25351077443779013,0.9222585896442459
bateria2,Bprima,0.94|28|4.1|0.65|8,0.65,0.94,28,4.1,6.8,parada,60,0.2508042336021316,0.9219644875218459
bateria2,Bprima,0.94|28|4.1|0.65|9,0.65,0.94,28,4.1,6.8,parada,60,0.2605860295330524,0.9232327574736752
bateria2,Bprima,0.94|28|4.1|0.65|10,0.65,0.94,28,4.1,6.8,parada,60,0.2549030400883722,0.9227881165178272
bateria2,Bprima,0.94|28|6|0.3|1,0.3,0.94,28,6,6.8,parada,60,0.2600266853174765,0.9719999876012079
bateria2,Bprima,0.94|28|6|0.3|2,0.3,0.94,28,6,6.8,parada,60,0.26544981727684774,0.972440335244501
bateria2,Bprima,0.94|28|6|0.3|3,0.3,0.94,28,6,6.8,parada,60,0.2593704385109114,0.9721857385200834
bateria2,Bprima,0.94|28|6|0.3|4,0.3,0.94,28,6,6.8,parada,60,0.27725921356095834,0.9723257749968374
bateria2,Bprima,0.94|28|6|0.3|5,0.3,0.94,28,6,6.8,parada,60,0.2644283996461215,0.9717633035302509
bateria2,Bprima,0.94|28|6|0.3|6,0.3,0.94,28,6,6.8,parada,60,0.24937736216559853,0.9713963363850178
bateria2,Bprima,0.94|28|6|0.3|7,0.3,0.94,28,6,6.8,parada,60,0.26854070071835295,0.9717861869334982
bateria2,Bprima,0.94|28|6|0.3|8,0.3,0.94,28,6,6.8,parada,60,0.2580684232254574,0.9716874741559097
bateria2,Bprima,0.94|28|6|0.3|9,0.3,0.94,28,6,6.8,parada,60,0.26562395621692836,0.9722246300892295
bateria2,Bprima,0.94|28|6|0.3|10,0.3,0.94,28,6,6.8,parada,60,0.25798598752846014,0.9718745571975306
bateria2,Bprima,0.94|28|6|0.47|1,0.47,0.94,28,6,6.8,parada,60,0.27467941812908475,0.9588278932621233
bateria2,Bprima,0.94|28|6|0.47|2,0.47,0.94,28,6,6.8,parada,60,0.28379404046186946,0.9594206785087286
bateria2,Bprima,0.94|28|6|0.47|3,0.47,0.94,28,6,6.8,parada,60,0.27872728393872104,0.9591200734264947
bateria2,Bprima,0.94|28|6|0.47|4,0.47,0.94,28,6,6.8,parada,60,0.28919849445867124,0.9591104565376943
bateria2,Bprima,0.94|28|6|0.47|5,0.47,0.94,28,6,6.8,parada,60,0.28130271447020233,0.9585306472604821
bateria2,Bprima,0.94|28|6|0.47|6,0.47,0.94,28,6,6.8,parada,60,0.27195528540141334,0.9582112193062087
bateria2,Bprima,0.94|28|6|0.47|7,0.47,0.94,28,6,6.8,parada,60,0.28064709172591884,0.9586018472456539
bateria2,Bprima,0.94|28|6|0.47|8,0.47,0.94,28,6,6.8,parada,60,0.27513295718828945,0.9582656862627227
bateria2,Bprima,0.94|28|6|0.47|9,0.47,0.94,28,6,6.8,parada,60,0.2844526928657433,0.9592448971271166
bateria2,Bprima,0.94|28|6|0.47|10,0.47,0.94,28,6,6.8,parada,60,0.27789313157751233,0.958723628225036
bateria2,Bprima,0.94|28|6|0.65|1,0.65,0.94,28,6,6.8,parada,60,0.2582523604461807,0.9446120924549644
bateria2,Bprima,0.94|28|6|0.65|2,0.65,0.94,28,6,6.8,parada,60,0.2718628510142807,0.9452783630354353
bateria2,Bprima,0.94|28|6|0.65|3,0.65,0.94,28,6,6.8,parada,60,0.266395627229092,0.9449942372134824
bateria2,Bprima,0.94|28|6|0.65|4,0.65,0.94,28,6,6.8,parada,60,0.272686862893724,0.9448469843029532
bateria2,Bprima,0.98|22|3|0.3|1,0.3,0.98,22,3,6.8,parada,60,0.5123642497251284,0.9686867395127622
bateria2,Bprima,0.98|22|3|0.3|2,0.3,0.98,22,3,6.8,parada,60,0.5262231718064225,0.9697100426255527
bateria2,Bprima,0.94|28|6|0.65|5,0.65,0.94,28,6,6.8,parada,60,0.2668529370385448,0.944288244943172
bateria2,Bprima,0.94|28|6|0.65|6,0.65,0.94,28,6,6.8,parada,60,0.2628605422473215,0.9440550007119233
bateria2,Bprima,0.94|28|6|0.65|7,0.65,0.94,28,6,6.8,parada,60,0.26545196790721676,0.9443107849635497
bateria2,Bprima,0.98|22|3|0.3|3,0.3,0.98,22,3,6.8,parada,60,0.5129690710595799,0.9693444152664181
bateria2,Bprima,0.98|22|3|0.3|4,0.3,0.98,22,3,6.8,parada,60,0.5047001046730119,0.9687832676471975
bateria2,Bprima,0.94|28|6|0.65|8,0.65,0.94,28,6,6.8,parada,60,0.2606941533673709,0.9438855175230794
bateria2,Bprima,0.98|22|3|0.3|5,0.3,0.98,22,3,6.8,parada,60,0.49994441622164526,0.9684250298192302
bateria2,Bprima,0.98|22|3|0.3|6,0.3,0.98,22,3,6.8,parada,60,0.5235788415078346,0.9690428312484074
bateria2,Bprima,0.98|22|3|0.3|7,0.3,0.98,22,3,6.8,parada,60,0.5219508477220747,0.969570662356004
bateria2,Bprima,0.94|28|6|0.65|9,0.65,0.94,28,6,6.8,parada,60,0.27098745508981864,0.9450795381428514
bateria2,Bprima,0.94|28|6|0.65|10,0.65,0.94,28,6,6.8,parada,60,0.263303529681207,0.9445270013105608
bateria2,Bprima,0.98|22|3|0.3|8,0.3,0.98,22,3,6.8,parada,60,0.4991289931741638,0.9680718923525166
bateria2,Bprima,0.98|22|3|0.3|9,0.3,0.98,22,3,6.8,parada,60,0.5157216560030767,0.9693276889901701
bateria2,Bprima,0.98|22|3|0.3|10,0.3,0.98,22,3,6.8,parada,60,0.5067160003526677,0.9687443343504752
bateria2,Bprima,0.98|22|3|0.47|1,0.47,0.98,22,3,6.8,parada,60,0.10659339756053117,0.9150556012210792
bateria2,Bprima,0.98|22|3|0.47|2,0.47,0.98,22,3,6.8,parada,60,0.11644368560046597,0.9166313494172668
bateria2,Bprima,0.98|22|3|0.47|3,0.47,0.98,22,3,6.8,parada,60,0.10159854457906052,0.9155737521602768
bateria2,Bprima,0.98|22|3|0.47|4,0.47,0.98,22,3,6.8,parada,60,0.09526226622939922,0.9148945403398903
bateria2,Bprima,0.98|22|3|0.47|5,0.47,0.98,22,3,6.8,parada,60,0.09612490650509574,0.9144914556073853
bateria2,Bprima,0.98|22|3|0.47|6,0.47,0.98,22,3,6.8,parada,60,0.11579769566585332,0.9160455754098115
bateria2,Bprima,0.98|22|3|0.47|7,0.47,0.98,22,3,6.8,parada,60,0.11319002276420113,0.916468988469616
bateria2,Bprima,0.98|22|3|0.47|8,0.47,0.98,22,3,6.8,parada,60,0.08911484037243281,0.913465565024784
bateria2,Bprima,0.98|22|3|0.47|9,0.47,0.98,22,3,6.8,parada,60,0.10675568605798623,0.9156471185726321
bateria2,Bprima,0.98|22|3|0.47|10,0.47,0.98,22,3,6.8,parada,60,0.09770715803506311,0.9148575460889732
bateria2,Bprima,0.98|22|3|0.65|1,0.65,0.98,22,3,6.8,parada,60,-0.1827363501858519,0.8490049862474535
bateria2,Bprima,0.98|22|3|0.65|2,0.65,0.98,22,3,6.8,parada,60,-0.17503464739217206,0.850322347037083
bateria2,Bprima,0.98|22|3|0.65|3,0.65,0.98,22,3,6.8,parada,60,-0.1890673252474614,0.8492146135813937
bateria2,Bprima,0.98|22|3|0.65|4,0.65,0.98,22,3,6.8,parada,60,-0.19131254124622357,0.848784370642443
bateria2,Bprima,0.98|22|3|0.65|5,0.65,0.98,22,3,6.8,parada,60,-0.1896278035512347,0.8484401857111098
bateria2,Bprima,0.98|22|3|0.65|6,0.65,0.98,22,3,6.8,parada,60,-0.1765337767163763,0.8502375126601376
bateria2,Bprima,0.98|22|3|0.65|7,0.65,0.98,22,3,6.8,parada,60,-0.17800605143671439,0.8507580921695724
bateria2,Bprima,0.98|22|3|0.65|8,0.65,0.98,22,3,6.8,parada,60,-0.19656183391104254,0.8472881643811554
bateria2,Bprima,0.98|22|3|0.65|9,0.65,0.98,22,3,6.8,parada,60,-0.18469326283310192,0.8486656467574265
bateria2,Bprima,0.98|22|3|0.65|10,0.65,0.98,22,3,6.8,parada,60,-0.19018549217095795,0.8490330719468622
bateria2,Bprima,0.98|22|4.1|0.3|1,0.3,0.98,22,4.1,6.8,parada,60,0.6791512935786429,0.9828061188663842
bateria2,Bprima,0.98|22|4.1|0.3|2,0.3,0.98,22,4.1,6.8,parada,60,0.6943781925366042,0.983648666902715
bateria2,Bprima,0.98|22|4.1|0.3|3,0.3,0.98,22,4.1,6.8,parada,60,0.6889519729042951,0.9830724310156284
bateria2,Bprima,0.98|22|4.1|0.3|4,0.3,0.98,22,4.1,6.8,parada,60,0.681518211687578,0.9829209799432419
bateria2,Bprima,0.98|22|4.1|0.3|5,0.3,0.98,22,4.1,6.8,parada,60,0.6742290819679045,0.9825452823770003
bateria2,Bprima,0.98|22|4.1|0.3|6,0.3,0.98,22,4.1,6.8,parada,60,0.6862201326623414,0.982956745962468
bateria2,Bprima,0.98|22|4.1|0.3|7,0.3,0.98,22,4.1,6.8,parada,60,0.6877680509520777,0.983216938096969
bateria2,Bprima,0.98|22|4.1|0.3|8,0.3,0.98,22,4.1,6.8,parada,60,0.6746415359128166,0.982491442540332
bateria2,Bprima,0.98|22|4.1|0.3|9,0.3,0.98,22,4.1,6.8,parada,60,0.6898786877011386,0.983310098808336
bateria2,Bprima,0.98|22|4.1|0.3|10,0.3,0.98,22,4.1,6.8,parada,60,0.681105531300862,0.9826046164908323
bateria2,Bprima,0.98|22|4.1|0.47|1,0.47,0.98,22,4.1,6.8,parada,60,0.4468383695623819,0.9563295494822602
bateria2,Bprima,0.98|22|4.1|0.47|2,0.47,0.98,22,4.1,6.8,parada,60,0.4602006069670769,0.9573198453225193
bateria2,Bprima,0.98|22|4.1|0.47|3,0.47,0.98,22,4.1,6.8,parada,60,0.447900305333874,0.9567464127438031
bateria2,Bprima,0.98|22|4.1|0.47|4,0.47,0.98,22,4.1,6.8,parada,60,0.4413198390850932,0.9561396392626463
bateria2,Bprima,0.98|22|4.1|0.47|5,0.47,0.98,22,4.1,6.8,parada,60,0.4368356247605995,0.9558693276201817
bateria2,Bprima,0.98|22|4.1|0.47|7,0.47,0.98,22,4.1,6.8,parada,60,0.45378362865978195,0.9572057951857693
bateria2,Bprima,0.98|22|4.1|0.47|6,0.47,0.98,22,4.1,6.8,parada,60,0.45623021383761253,0.9567498242833554
bateria2,Bprima,0.98|22|4.1|0.47|8,0.47,0.98,22,4.1,6.8,parada,60,0.43578798107158134,0.9553992744332162
bateria2,Bprima,0.98|22|4.1|0.47|9,0.47,0.98,22,4.1,6.8,parada,60,0.44992719608912896,0.9568216326840365
bateria2,Bprima,0.98|22|4.1|0.47|10,0.47,0.98,22,4.1,6.8,parada,60,0.44192785843766613,0.9561159411099038
bateria2,Bprima,0.98|22|4.1|0.65|1,0.65,0.98,22,4.1,6.8,parada,60,0.20910092537894964,0.9187473440798795
bateria2,Bprima,0.98|22|4.1|0.65|2,0.65,0.98,22,4.1,6.8,parada,60,0.21873663845111407,0.9202088768157093
bateria2,Bprima,0.98|22|4.1|0.65|3,0.65,0.98,22,4.1,6.8,parada,60,0.205579649623015,0.919155937194399
bateria2,Bprima,0.98|22|4.1|0.65|4,0.65,0.98,22,4.1,6.8,parada,60,0.1993613159201586,0.9185298803894917
bateria2,Bprima,0.98|22|4.1|0.65|5,0.65,0.98,22,4.1,6.8,parada,60,0.19841244930353433,0.9183462372104985
bateria2,Bprima,0.98|22|4.1|0.65|6,0.65,0.98,22,4.1,6.8,parada,60,0.2180204557372681,0.9194913713224775
bateria2,Bprima,0.98|22|4.1|0.65|7,0.65,0.98,22,4.1,6.8,parada,60,0.21555914720233646,0.9198963168353744
bateria2,Bprima,0.98|22|4.1|0.65|8,0.65,0.98,22,4.1,6.8,parada,60,0.19387314448152027,0.9172908098489602
bateria2,Bprima,0.98|22|4.1|0.65|9,0.65,0.98,22,4.1,6.8,parada,60,0.2093099260353711,0.919244957906377
bateria2,Bprima,0.98|22|4.1|0.65|10,0.65,0.98,22,4.1,6.8,parada,60,0.2013106489884129,0.9184552961753295
bateria2,Bprima,0.98|22|6|0.3|1,0.3,0.98,22,6,6.8,parada,60,0.6584641884945244,0.9867670613862918
bateria2,Bprima,0.98|22|6|0.3|2,0.3,0.98,22,6,6.8,parada,60,0.6746441518143452,0.9873504916815357
bateria2,Bprima,0.98|22|6|0.3|3,0.3,0.98,22,6,6.8,parada,60,0.6726237037468522,0.9872180238704165
bateria2,Bprima,0.98|22|6|0.3|4,0.3,0.98,22,6,6.8,parada,60,0.6648920965894106,0.9871791355819307
bateria2,Bprima,0.98|22|6|0.3|5,0.3,0.98,22,6,6.8,parada,60,0.6594474964779117,0.9867733006786762
bateria2,Bprima,0.98|22|6|0.3|6,0.3,0.98,22,6,6.8,parada,60,0.6663434101862817,0.9867549377324899
bateria2,Bprima,0.98|22|6|0.3|7,0.3,0.98,22,6,6.8,parada,60,0.6639064189443497,0.9869448563989804
bateria2,Bprima,0.98|22|6|0.3|8,0.3,0.98,22,6,6.8,parada,60,0.6633208888859359,0.9867893648087704
bateria2,Bprima,0.98|22|6|0.3|9,0.3,0.98,22,6,6.8,parada,60,0.6765309060663361,0.987457449782373
bateria2,Bprima,0.98|22|6|0.3|10,0.3,0.98,22,6,6.8,parada,60,0.666903480845866,0.9868457533433151
bateria2,Bprima,0.98|22|6|0.47|1,0.47,0.98,22,6,6.8,parada,60,0.58659313233959,0.9782638604512967
bateria2,Bprima,0.98|22|6|0.47|2,0.47,0.98,22,6,6.8,parada,60,0.6025208314701838,0.9789631216021618
bateria2,Bprima,0.98|22|6|0.47|3,0.47,0.98,22,6,6.8,parada,60,0.5984954617954263,0.9785870314333763
bateria2,Bprima,0.98|22|6|0.47|4,0.47,0.98,22,6,6.8,parada,60,0.5878436392445554,0.9784671072060261
bateria2,Bprima,0.98|22|6|0.47|5,0.47,0.98,22,6,6.8,parada,60,0.5816607271905687,0.9780769615716076
bateria2,Bprima,0.98|22|6|0.47|6,0.47,0.98,22,6,6.8,parada,60,0.5968084113432974,0.9782616304417703
bateria2,Bprima,0.98|22|6|0.47|8,0.47,0.98,22,6,6.8,parada,60,0.5849156550353893,0.9779108456540803
bateria2,Bprima,0.98|22|6|0.47|7,0.47,0.98,22,6,6.8,parada,60,0.5939067744891193,0.9787229860596548
bateria2,Bprima,0.98|22|6|0.47|9,0.47,0.98,22,6,6.8,parada,60,0.599844260039282,0.97863912000433
bateria2,Bprima,0.98|22|6|0.47|10,0.47,0.98,22,6,6.8,parada,60,0.5917215120132896,0.9781117845179336
bateria2,Bprima,0.98|22|6|0.65|1,0.65,0.98,22,6,6.8,parada,60,0.46330212315131325,0.9628594538161311
bateria2,Bprima,0.98|22|6|0.65|2,0.65,0.98,22,6,6.8,parada,60,0.47652263578425236,0.9636976774355444
bateria2,Bprima,0.98|22|6|0.65|3,0.65,0.98,22,6,6.8,parada,60,0.4727996363990712,0.9630358922512999
bateria2,Bprima,0.98|22|6|0.65|4,0.65,0.98,22,6,6.8,parada,60,0.46272672906179463,0.9626938524252991
bateria2,Bprima,0.98|22|6|0.65|5,0.65,0.98,22,6,6.8,parada,60,0.4562812425479548,0.9625329699674161
bateria2,Bprima,0.98|22|6|0.65|6,0.65,0.98,22,6,6.8,parada,60,0.4722841876969981,0.9631915952011957
bateria2,Bprima,0.98|22|6|0.65|7,0.65,0.98,22,6,6.8,parada,60,0.47137326802853313,0.9635043721079234
bateria2,Bprima,0.98|22|6|0.65|8,0.65,0.98,22,6,6.8,parada,60,0.45782606776788987,0.9620731822319825
bateria2,Bprima,0.98|22|6|0.65|9,0.65,0.98,22,6,6.8,parada,60,0.47181305862492035,0.963151295636303
bateria2,Bprima,0.98|22|6|0.65|10,0.65,0.98,22,6,6.8,parada,60,0.46685455580077523,0.9624829643382133
bateria2,Bprima,0.98|25|3|0.3|1,0.3,0.98,25,3,6.8,parada,60,0.47438810128456754,0.969937666674356
bateria2,Bprima,0.98|25|3|0.3|2,0.3,0.98,25,3,6.8,parada,60,0.4784693441516105,0.9697515078316703
bateria2,Bprima,0.98|25|3|0.3|3,0.3,0.98,25,3,6.8,parada,60,0.4835971385902968,0.9702926262128598
bateria2,Bprima,0.98|25|3|0.3|4,0.3,0.98,25,3,6.8,parada,60,0.4852635616983207,0.9703753403198994
bateria2,Bprima,0.98|25|3|0.3|5,0.3,0.98,25,3,6.8,parada,60,0.4755147033967212,0.9696965582098446
bateria2,Bprima,0.98|25|3|0.3|6,0.3,0.98,25,3,6.8,parada,60,0.4791977981359673,0.9707730334455236
bateria2,Bprima,0.98|25|3|0.3|7,0.3,0.98,25,3,6.8,parada,60,0.4776952658531201,0.9700668115095104
bateria2,Bprima,0.98|25|3|0.3|8,0.3,0.98,25,3,6.8,parada,60,0.47129062223837326,0.9696611677048559
bateria2,Bprima,0.98|25|3|0.3|9,0.3,0.98,25,3,6.8,parada,60,0.48353421918502887,0.9706397085153488
bateria2,Bprima,0.98|25|3|0.3|10,0.3,0.98,25,3,6.8,parada,60,0.4686331246166925,0.9692200538196807
bateria2,Bprima,0.98|25|3|0.47|1,0.47,0.98,25,3,6.8,parada,60,0.19659613528197942,0.934463538574307
bateria2,Bprima,0.98|25|3|0.47|2,0.47,0.98,25,3,6.8,parada,60,0.19631032152768957,0.9342081470544374
bateria2,Bprima,0.98|25|3|0.47|3,0.47,0.98,25,3,6.8,parada,60,0.2048870879066254,0.9349224164523855
bateria2,Bprima,0.98|25|3|0.47|4,0.47,0.98,25,3,6.8,parada,60,0.2109253460113855,0.9351668136898976
bateria2,Bprima,0.98|25|3|0.47|5,0.47,0.98,25,3,6.8,parada,60,0.20020489876946423,0.9344391876841216
bateria2,Bprima,0.98|25|3|0.47|6,0.47,0.98,25,3,6.8,parada,60,0.20286935318376867,0.9353069357659571
bateria2,Bprima,0.98|25|3|0.47|7,0.47,0.98,25,3,6.8,parada,60,0.19648764381486053,0.9346795360903462
bateria2,Bprima,0.98|25|3|0.47|8,0.47,0.98,25,3,6.8,parada,60,0.19805186434287725,0.9339508116281702
bateria2,Bprima,0.98|25|3|0.47|9,0.47,0.98,25,3,6.8,parada,60,0.20433213075277315,0.9348665671965524
bateria2,Bprima,0.98|25|3|0.47|10,0.47,0.98,25,3,6.8,parada,60,0.19225275836386488,0.9336710211952283
bateria2,Bprima,0.98|25|3|0.65|1,0.65,0.98,25,3,6.8,parada,60,-0.04158262906538559,0.893223242548269
bateria2,Bprima,0.98|25|3|0.65|2,0.65,0.98,25,3,6.8,parada,60,-0.043648941976454816,0.8929006335688549
bateria2,Bprima,0.98|25|3|0.65|3,0.65,0.98,25,3,6.8,parada,60,-0.034814448017411535,0.8938853804258605
bateria2,Bprima,0.98|25|3|0.65|4,0.65,0.98,25,3,6.8,parada,60,-0.028550619065748774,0.8940331092933455
bateria2,Bprima,0.98|25|3|0.65|5,0.65,0.98,25,3,6.8,parada,60,-0.03811256285403904,0.8931817382749164
bateria2,Bprima,0.98|25|3|0.65|6,0.65,0.98,25,3,6.8,parada,60,-0.03772853678306369,0.893973603055672
bateria2,Bprima,0.98|25|3|0.65|7,0.65,0.98,25,3,6.8,parada,60,-0.043989826799868306,0.8934008927029461
bateria2,Bprima,0.98|25|3|0.65|8,0.65,0.98,25,3,6.8,parada,60,-0.04042095249395473,0.8928483653808927
bateria2,Bprima,0.98|25|3|0.65|9,0.65,0.98,25,3,6.8,parada,60,-0.03657789629931062,0.8934014760419012
bateria2,Bprima,0.98|25|3|0.65|10,0.65,0.98,25,3,6.8,parada,60,-0.045610374422402504,0.8923090553614526
bateria2,Bprima,0.98|25|4.1|0.3|1,0.3,0.98,25,4.1,6.8,parada,60,0.5323530008687597,0.9781907081851318
bateria2,Bprima,0.98|25|4.1|0.3|2,0.3,0.98,25,4.1,6.8,parada,60,0.5375777861433996,0.9781955452640333
bateria2,Bprima,0.98|25|4.1|0.3|3,0.3,0.98,25,4.1,6.8,parada,60,0.5401221372448949,0.9784245540753631
bateria2,Bprima,0.98|25|4.1|0.3|4,0.3,0.98,25,4.1,6.8,parada,60,0.531288937414513,0.9782726804036737
bateria2,Bprima,0.98|25|4.1|0.3|5,0.3,0.98,25,4.1,6.8,parada,60,0.5279557418290634,0.9779397615449118
bateria2,Bprima,0.98|25|4.1|0.3|6,0.3,0.98,25,4.1,6.8,parada,60,0.5360644537622121,0.9786185328556904
bateria2,Bprima,0.98|25|4.1|0.3|7,0.3,0.98,25,4.1,6.8,parada,60,0.5454802021161195,0.9781128997050179
bateria2,Bprima,0.98|25|4.1|0.3|8,0.3,0.98,25,4.1,6.8,parada,60,0.528668935765586,0.9776680658556003
bateria2,Bprima,0.98|25|4.1|0.3|9,0.3,0.98,25,4.1,6.8,parada,60,0.5426792976199882,0.9788188112940509
bateria2,Bprima,0.98|25|4.1|0.3|10,0.3,0.98,25,4.1,6.8,parada,60,0.5303133884953724,0.9774372848944101
bateria2,Bprima,0.98|25|4.1|0.47|1,0.47,0.98,25,4.1,6.8,parada,60,0.39987087022059187,0.9578033368681014
bateria2,Bprima,0.98|25|4.1|0.47|2,0.47,0.98,25,4.1,6.8,parada,60,0.403581227502582,0.9576601211452406
bateria2,Bprima,0.98|25|4.1|0.47|3,0.47,0.98,25,4.1,6.8,parada,60,0.40784720777552674,0.9582446512660161
bateria2,Bprima,0.98|25|4.1|0.47|4,0.47,0.98,25,4.1,6.8,parada,60,0.40446225485553283,0.9584212701317445
bateria2,Bprima,0.98|25|4.1|0.47|5,0.47,0.98,25,4.1,6.8,parada,60,0.398552419263953,0.9577962838540186
bateria2,Bprima,0.98|25|4.1|0.47|6,0.47,0.98,25,4.1,6.8,parada,60,0.4033491090489892,0.9586982207164562
bateria2,Bprima,0.98|25|4.1|0.47|7,0.47,0.98,25,4.1,6.8,parada,60,0.4052219173141058,0.9578102408333459
bateria2,Bprima,0.98|25|4.1|0.47|8,0.47,0.98,25,4.1,6.8,parada,60,0.39551452877317983,0.9575599392941638
bateria2,Bprima,0.98|25|4.1|0.47|9,0.47,0.98,25,4.1,6.8,parada,60,0.40511916813285426,0.9585831718339044
bateria2,Bprima,0.98|25|4.1|0.47|10,0.47,0.98,25,4.1,6.8,parada,60,0.395892922492679,0.9570260486946229
bateria2,Bprima,0.98|25|4.1|0.65|2,0.65,0.98,25,4.1,6.8,parada,60,0.24506186447550005,0.9315242958006096
bateria2,Bprima,0.98|25|4.1|0.65|1,0.65,0.98,25,4.1,6.8,parada,60,0.2429815644202044,0.9316034266805517
bateria2,Bprima,0.98|25|4.1|0.65|3,0.65,0.98,25,4.1,6.8,parada,60,0.2506630584546671,0.9321461616846056
bateria2,Bprima,0.98|25|4.1|0.65|4,0.65,0.98,25,4.1,6.8,parada,60,0.25427769292155933,0.9323923367585548
bateria2,Bprima,0.98|25|4.1|0.65|5,0.65,0.98,25,4.1,6.8,parada,60,0.24674904492402325,0.9317773811812525
bateria2,Bprima,0.98|25|4.1|0.65|6,0.65,0.98,25,4.1,6.8,parada,60,0.24715193615989914,0.9326420358185648
bateria2,Bprima,0.98|25|4.1|0.65|7,0.65,0.98,25,4.1,6.8,parada,60,0.24388956728877742,0.9317500339301664
bateria2,Bprima,0.98|25|4.1|0.65|8,0.65,0.98,25,4.1,6.8,parada,60,0.24284167306569143,0.9313931635029508
bateria2,Bprima,0.98|25|4.1|0.65|9,0.65,0.98,25,4.1,6.8,parada,60,0.24869128636184426,0.9323381489695732
bateria2,Bprima,0.98|25|4.1|0.65|10,0.65,0.98,25,4.1,6.8,parada,60,0.2388989432680618,0.9308988362557967
bateria2,Bprima,0.98|25|6|0.3|1,0.3,0.98,25,6,6.8,parada,60,0.45741075326923275,0.9816992956987273
bateria2,Bprima,0.98|25|6|0.3|2,0.3,0.98,25,6,6.8,parada,60,0.45469300276234426,0.9817867032805873
bateria2,Bprima,0.98|25|6|0.3|3,0.3,0.98,25,6,6.8,parada,60,0.46685522886896563,0.9818344600847595
bateria2,Bprima,0.98|25|6|0.3|4,0.3,0.98,25,6,6.8,parada,60,0.44828373863017945,0.981454681794957
bateria2,Bprima,0.98|25|6|0.3|5,0.3,0.98,25,6,6.8,parada,60,0.4480332861055619,0.9814036095414173
bateria2,Bprima,0.98|25|6|0.3|6,0.3,0.98,25,6,6.8,parada,60,0.4564893168330733,0.9819452332526911
bateria2,Bprima,0.98|25|6|0.3|7,0.3,0.98,25,6,6.8,parada,60,0.4731537282447526,0.9816364103640164
bateria2,Bprima,0.98|25|6|0.3|8,0.3,0.98,25,6,6.8,parada,60,0.45150651046547013,0.9812427945993419
bateria2,Bprima,0.98|25|6|0.3|9,0.3,0.98,25,6,6.8,parada,60,0.46585175518288474,0.9823308369952801
bateria2,Bprima,0.98|25|6|0.3|10,0.3,0.98,25,6,6.8,parada,60,0.4552034235606815,0.9811274484267705
bateria2,Bprima,0.98|25|6|0.47|1,0.47,0.98,25,6,6.8,parada,60,0.43446280142713095,0.9721428559590324
bateria2,Bprima,0.98|25|6|0.47|2,0.47,0.98,25,6,6.8,parada,60,0.43595400170731985,0.9722849776800137
bateria2,Bprima,0.98|25|6|0.47|3,0.47,0.98,25,6,6.8,parada,60,0.44234233583321353,0.9724074432154267
bateria2,Bprima,0.98|25|6|0.47|4,0.47,0.98,25,6,6.8,parada,60,0.4325390240688478,0.9721076271399832
bateria2,Bprima,0.98|25|6|0.47|5,0.47,0.98,25,6,6.8,parada,60,0.4306185509339414,0.9719488516259241
bateria2,Bprima,0.98|25|6|0.47|6,0.47,0.98,25,6,6.8,parada,60,0.4382257742390405,0.9725702100369906
bateria2,Bprima,0.98|25|6|0.47|7,0.47,0.98,25,6,6.8,parada,60,0.4488669705596544,0.9720837739609279
bateria2,Bprima,0.98|25|6|0.47|8,0.47,0.98,25,6,6.8,parada,60,0.43370051933722104,0.9716563777997981
bateria2,Bprima,0.98|25|6|0.47|9,0.47,0.98,25,6,6.8,parada,60,0.4426652552602295,0.9728519603975864
bateria2,Bprima,0.98|25|6|0.47|10,0.47,0.98,25,6,6.8,parada,60,0.4344581173752974,0.9714654452208473
bateria2,Bprima,0.98|25|6|0.65|2,0.65,0.98,25,6,6.8,parada,60,0.37924756626443046,0.9594805918464563
bateria2,Bprima,0.98|25|6|0.65|1,0.65,0.98,25,6,6.8,parada,60,0.3740465658193278,0.9594360512142952
bateria2,Bprima,0.98|25|6|0.65|3,0.65,0.98,25,6,6.8,parada,60,0.3813037465111983,0.9598057080792636
bateria2,Bprima,0.98|25|6|0.65|4,0.65,0.98,25,6,6.8,parada,60,0.3738250244255371,0.9597466863605878
bateria2,Bprima,0.98|25|6|0.65|5,0.65,0.98,25,6,6.8,parada,60,0.37272137086887824,0.9593849802433223
bateria2,Bprima,0.98|25|6|0.65|6,0.65,0.98,25,6,6.8,parada,60,0.37708552287667313,0.9601217537544302
bateria2,Bprima,0.98|25|6|0.65|7,0.65,0.98,25,6,6.8,parada,60,0.38528192709679887,0.9593337402365862
bateria2,Bprima,0.98|25|6|0.65|8,0.65,0.98,25,6,6.8,parada,60,0.37285711268908556,0.9590741900662896
bateria2,Bprima,0.98|25|6|0.65|9,0.65,0.98,25,6,6.8,parada,60,0.38180144370422947,0.9601536006069011
bateria2,Bprima,0.98|25|6|0.65|10,0.65,0.98,25,6,6.8,parada,60,0.374428730952598,0.9586794257069161
bateria2,Bprima,0.98|28|3|0.3|1,0.3,0.98,28,3,6.8,parada,60,0.40759118098980984,0.9630569385858784
bateria2,Bprima,0.98|28|3|0.3|2,0.3,0.98,28,3,6.8,parada,60,0.41731462326451124,0.9637028166256537
bateria2,Bprima,0.98|28|3|0.3|3,0.3,0.98,28,3,6.8,parada,60,0.41672263219722067,0.9633464120181101
bateria2,Bprima,0.98|28|3|0.3|5,0.3,0.98,28,3,6.8,parada,60,0.4106629295601896,0.9626792518260565
bateria2,Bprima,0.98|28|3|0.3|4,0.3,0.98,28,3,6.8,parada,60,0.41702596095643346,0.9631751104044043
bateria2,Bprima,0.98|28|3|0.3|6,0.3,0.98,28,3,6.8,parada,60,0.4111018494176164,0.9623386137620397
bateria2,Bprima,0.98|28|3|0.3|7,0.3,0.98,28,3,6.8,parada,60,0.40723707076676174,0.9625074929756824
bateria2,Bprima,0.98|28|3|0.3|8,0.3,0.98,28,3,6.8,parada,60,0.4061968649960112,0.9623593448200742
bateria2,Bprima,0.98|28|3|0.3|9,0.3,0.98,28,3,6.8,parada,60,0.417500693373196,0.9633259925344161
bateria2,Bprima,0.98|28|3|0.3|10,0.3,0.98,28,3,6.8,parada,60,0.4122740796937757,0.9629238250050123
bateria2,Bprima,0.98|28|3|0.47|1,0.47,0.98,28,3,6.8,parada,60,0.25679398606835224,0.9335277457740011
bateria2,Bprima,0.98|28|3|0.47|2,0.47,0.98,28,3,6.8,parada,60,0.2649398608174767,0.9344706458593937
bateria2,Bprima,0.98|28|3|0.47|3,0.47,0.98,28,3,6.8,parada,60,0.2650166720890458,0.9337282685496164
bateria2,Bprima,0.98|28|3|0.47|4,0.47,0.98,28,3,6.8,parada,60,0.26287927527544247,0.9334869567746382
bateria2,Bprima,0.98|28|3|0.47|5,0.47,0.98,28,3,6.8,parada,60,0.2593483235326216,0.932958031157128
bateria2,Bprima,0.98|28|3|0.47|6,0.47,0.98,28,3,6.8,parada,60,0.2616063375096294,0.9327908396852319
bateria2,Bprima,0.98|28|3|0.47|7,0.47,0.98,28,3,6.8,parada,60,0.2550415081945801,0.932538295971432
bateria2,Bprima,0.98|28|3|0.47|8,0.47,0.98,28,3,6.8,parada,60,0.2559982080122718,0.9323964304107456
bateria2,Bprima,0.98|28|3|0.47|9,0.47,0.98,28,3,6.8,parada,60,0.2648636517749472,0.9337138187985667
bateria2,Bprima,0.98|28|3|0.47|10,0.47,0.98,28,3,6.8,parada,60,0.26269712080459234,0.9332107509750773
bateria2,Bprima,0.98|28|3|0.65|1,0.65,0.98,28,3,6.8,parada,60,0.1019593712261603,0.9011853568897453
bateria2,Bprima,0.98|28|3|0.65|2,0.65,0.98,28,3,6.8,parada,60,0.10925018957108228,0.9027513408705741
bateria2,Bprima,0.98|28|3|0.65|3,0.65,0.98,28,3,6.8,parada,60,0.10810828572763886,0.9014714191620952
bateria2,Bprima,0.98|28|3|0.65|4,0.65,0.98,28,3,6.8,parada,60,0.10565380180119545,0.9008804583817379
bateria2,Bprima,0.98|28|3|0.65|5,0.65,0.98,28,3,6.8,parada,60,0.10364835453438344,0.9006037838465528
bateria2,Bprima,0.98|28|3|0.65|6,0.65,0.98,28,3,6.8,parada,60,0.10718105743337936,0.9006315653744988
bateria2,Bprima,0.98|28|3|0.65|7,0.65,0.98,28,3,6.8,parada,60,0.09827691664682722,0.9000422911097052
bateria2,Bprima,0.98|28|3|0.65|8,0.65,0.98,28,3,6.8,parada,60,0.10029562675669731,0.8997845035187956
bateria2,Bprima,0.98|28|3|0.65|9,0.65,0.98,28,3,6.8,parada,60,0.10758647327872117,0.9014151633711008
bateria2,Bprima,0.98|28|3|0.65|10,0.65,0.98,28,3,6.8,parada,60,0.10656819095425633,0.9009677602126973
bateria2,Bprima,0.98|28|4.1|0.3|2,0.3,0.98,28,4.1,6.8,parada,60,0.4049313308989953,0.9695602594457681
bateria2,Bprima,0.98|28|4.1|0.3|1,0.3,0.98,28,4.1,6.8,parada,60,0.38856143379943137,0.9690156056678277
bateria2,Bprima,0.98|28|4.1|0.3|3,0.3,0.98,28,4.1,6.8,parada,60,0.3977044873285528,0.9692624886851053
bateria2,Bprima,0.98|28|4.1|0.3|4,0.3,0.98,28,4.1,6.8,parada,60,0.4066072199640329,0.9691800508281593
bateria2,Bprima,0.98|28|4.1|0.3|5,0.3,0.98,28,4.1,6.8,parada,60,0.3982364853411821,0.9686610804219596
bateria2,Bprima,0.98|28|4.1|0.3|6,0.3,0.98,28,4.1,6.8,parada,60,0.3921165879248378,0.9683103054685772
bateria2,Bprima,0.98|28|4.1|0.3|7,0.3,0.98,28,4.1,6.8,parada,60,0.3971174771096375,0.9686856861215855
bateria2,Bprima,0.98|28|4.1|0.3|8,0.3,0.98,28,4.1,6.8,parada,60,0.39108380737404863,0.9684004645485542
bateria2,Bprima,0.98|28|4.1|0.3|9,0.3,0.98,28,4.1,6.8,parada,60,0.4037725019584624,0.9693059900347818
bateria2,Bprima,0.98|28|4.1|0.3|10,0.3,0.98,28,4.1,6.8,parada,60,0.3939897655424582,0.9688442691035525
bateria2,Bprima,0.98|28|4.1|0.47|1,0.47,0.98,28,4.1,6.8,parada,60,0.33397452762452723,0.948498893837067
bateria2,Bprima,0.98|28|4.1|0.47|2,0.47,0.98,28,4.1,6.8,parada,60,0.3459086463944258,0.949115713185393
bateria2,Bprima,0.98|28|4.1|0.47|3,0.47,0.98,28,4.1,6.8,parada,60,0.3405442575011805,0.9488443994584691
bateria2,Bprima,0.98|28|4.1|0.47|4,0.47,0.98,28,4.1,6.8,parada,60,0.34510271225560335,0.9485989286413644
bateria2,Bprima,0.98|28|4.1|0.47|5,0.47,0.98,28,4.1,6.8,parada,60,0.33804171361528984,0.9480832334340179
bateria2,Bprima,0.98|28|4.1|0.47|6,0.47,0.98,28,4.1,6.8,parada,60,0.33721951029225944,0.9478388868574198
bateria2,Bprima,0.98|28|4.1|0.47|7,0.47,0.98,28,4.1,6.8,parada,60,0.33709687800930305,0.9479267681410515
bateria2,Bprima,0.98|28|4.1|0.47|8,0.47,0.98,28,4.1,6.8,parada,60,0.3328592594759174,0.9476969413831489
bateria2,Bprima,0.98|28|4.1|0.47|9,0.47,0.98,28,4.1,6.8,parada,60,0.3446400647990772,0.9487831277183804
bateria2,Bprima,0.98|28|4.1|0.47|10,0.47,0.98,28,4.1,6.8,parada,60,0.33605468334642086,0.9483800224474904
bateria2,Bprima,0.98|28|4.1|0.65|1,0.65,0.98,28,4.1,6.8,parada,60,0.2495224996214176,0.9249694388864188
bateria2,Bprima,0.98|28|4.1|0.65|2,0.65,0.98,28,4.1,6.8,parada,60,0.2568030389378765,0.9258162677012137
bateria2,Bprima,0.98|28|4.1|0.65|3,0.65,0.98,28,4.1,6.8,parada,60,0.25696545965117035,0.9253338025406088
bateria2,Bprima,0.98|28|4.1|0.65|4,0.65,0.98,28,4.1,6.8,parada,60,0.25512972443418575,0.9250267443675967
bateria2,Bprima,0.98|28|4.1|0.65|5,0.65,0.98,28,4.1,6.8,parada,60,0.2515931062701105,0.9245396453848119
bateria2,Bprima,0.98|28|4.1|0.65|6,0.65,0.98,28,4.1,6.8,parada,60,0.2534068048105535,0.9244806209111981
bateria2,Bprima,0.98|28|4.1|0.65|7,0.65,0.98,28,4.1,6.8,parada,60,0.24823333155297875,0.9243198480866085
bateria2,Bprima,0.98|28|4.1|0.65|8,0.65,0.98,28,4.1,6.8,parada,60,0.24794923505296657,0.923993296673636
bateria2,Bprima,0.98|28|4.1|0.65|9,0.65,0.98,28,4.1,6.8,parada,60,0.25639997969361744,0.9252896162610762
bateria2,Bprima,0.98|28|4.1|0.65|10,0.65,0.98,28,4.1,6.8,parada,60,0.25333664556396096,0.924812390775605
bateria2,Bprima,0.98|28|6|0.3|1,0.3,0.98,28,6,6.8,parada,60,0.3053860525018602,0.9745539004641781
bateria2,Bprima,0.98|28|6|0.3|2,0.3,0.98,28,6,6.8,parada,60,0.3131945289013055,0.9749967978617504
bateria2,Bprima,0.98|28|6|0.3|3,0.3,0.98,28,6,6.8,parada,60,0.3068134510542683,0.9747478457857882
bateria2,Bprima,0.98|28|6|0.3|4,0.3,0.98,28,6,6.8,parada,60,0.32304029283479135,0.9748643087559122
bateria2,Bprima,0.98|28|6|0.3|5,0.3,0.98,28,6,6.8,parada,60,0.3124208189227761,0.9743053111628011
bateria2,Bprima,0.98|28|6|0.3|6,0.3,0.98,28,6,6.8,parada,60,0.2974681089199538,0.9739397765293629
bateria2,Bprima,0.98|28|6|0.3|7,0.3,0.98,28,6,6.8,parada,60,0.31440338843230997,0.9743728529142571
bateria2,Bprima,0.98|28|6|0.3|8,0.3,0.98,28,6,6.8,parada,60,0.3049001959515796,0.9742333522487219
bateria2,Bprima,0.98|28|6|0.3|9,0.3,0.98,28,6,6.8,parada,60,0.3141245555537222,0.9748317485261939
bateria2,Bprima,0.98|28|6|0.3|10,0.3,0.98,28,6,6.8,parada,60,0.305651795600977,0.974457213482567
bateria2,Bprima,0.98|28|6|0.47|1,0.47,0.98,28,6,6.8,parada,60,0.3022174605724949,0.9612344564907805
bateria2,Bprima,0.98|28|6|0.47|2,0.47,0.98,28,6,6.8,parada,60,0.31520233280174303,0.961809452454601
bateria2,Bprima,0.98|28|6|0.47|3,0.47,0.98,28,6,6.8,parada,60,0.3100521539563944,0.9615688240726498
bateria2,Bprima,0.98|28|6|0.47|4,0.47,0.98,28,6,6.8,parada,60,0.3192511735628154,0.9614952788518689
bateria2,Bprima,0.98|28|6|0.47|5,0.47,0.98,28,6,6.8,parada,60,0.31118226262093734,0.9609489753490755
bateria2,Bprima,0.98|28|6|0.47|6,0.47,0.98,28,6,6.8,parada,60,0.30475830595872533,0.9606562291138181
bateria2,Bprima,0.98|28|6|0.47|7,0.47,0.98,28,6,6.8,parada,60,0.31060654344400046,0.9610264403877313
bateria2,Bprima,0.98|28|6|0.47|8,0.47,0.98,28,6,6.8,parada,60,0.30566945085968733,0.9606940881185444
bateria2,Bprima,0.98|28|6|0.47|9,0.47,0.98,28,6,6.8,parada,60,0.31570157429564566,0.9616690219758874
bateria2,Bprima,0.98|28|6|0.47|10,0.47,0.98,28,6,6.8,parada,60,0.30812716471200524,0.9611653610004479
bateria2,Bprima,0.98|28|6|0.65|1,0.65,0.98,28,6,6.8,parada,60,0.26933141342616457,0.946537163933442
bateria2,Bprima,0.98|28|6|0.65|2,0.65,0.98,28,6,6.8,parada,60,0.28224459516897193,0.9471560583946522
bateria2,Bprima,0.98|28|6|0.65|3,0.65,0.98,28,6,6.8,parada,60,0.27743126214587993,0.9469354391811721
bateria2,Bprima,0.98|28|6|0.65|4,0.65,0.98,28,6,6.8,parada,60,0.2813120336187628,0.9467454607003413
bateria2,Bprima,0.98|28|6|0.65|5,0.65,0.98,28,6,6.8,parada,60,0.27602044683483173,0.9462074376975043
bateria2,Bprima,0.98|28|6|0.65|6,0.65,0.98,28,6,6.8,parada,60,0.2755920944791992,0.9460122371677097
bateria2,Bprima,0.98|28|6|0.65|7,0.65,0.98,28,6,6.8,parada,60,0.27408583940416453,0.9461815544290357
bateria2,Bprima,0.98|28|6|0.65|8,0.65,0.98,28,6,6.8,parada,60,0.2711472482516884,0.9458464344820035
bateria2,Bprima,0.98|28|6|0.65|9,0.65,0.98,28,6,6.8,parada,60,0.2819424714858658,0.9470010094271966
bateria2,Bprima,0.98|28|6|0.65|10,0.65,0.98,28,6,6.8,parada,60,0.273349178397566,0.9465136650658492
bateria3,D,inicio|2,0.47,0.94,25,4.1,6.8,inicio,60,0.7475060362791864,0.9878317404367625
bateria3,D,inicio|3,0.47,0.94,25,4.1,6.8,inicio,60,0.7550672751141261,0.9879881433502441
bateria3,D,inicio|4,0.47,0.94,25,4.1,6.8,inicio,60,0.7559959588014887,0.9880794430968167
bateria3,D,inicio|1,0.47,0.94,25,4.1,6.8,inicio,60,0.7718268015502451,0.9887147043322013
bateria3,D,parada|9,0.47,0.94,25,4.1,6.8,parada,60,0.7753451125166925,0.9935270168967955
bateria3,D,parada|3,0.47,0.94,25,4.1,6.8,parada,60,0.7673973169880083,0.9931434590105843
bateria3,D,parada|5,0.47,0.94,25,4.1,6.8,parada,60,0.7737101241734647,0.9931000644699863
bateria3,D,parada|7,0.47,0.94,25,4.1,6.8,parada,60,0.7683989802446298,0.9933190418041861
bateria3,D,parada|4,0.47,0.94,25,4.1,6.8,parada,60,0.7718381566303694,0.9933617164237659
bateria3,D,parada|1,0.47,0.94,25,4.1,6.8,parada,60,0.7921594124546318,0.993748373492198
bateria3,D,parada|10,0.47,0.94,25,4.1,6.8,parada,60,0.7746413574870658,0.9931993197674732
bateria3,D,parada|6,0.47,0.94,25,4.1,6.8,parada,60,0.7820366739483202,0.9938002159690498
bateria3,D,parada|2,0.47,0.94,25,4.1,6.8,parada,60,0.7622168100984522,0.993328464635574
bateria3,D,parada|8,0.47,0.94,25,4.1,6.8,parada,60,0.7542436125842868,0.9929584581850409
bateria3,D,inicio|5,0.47,0.94,25,4.1,6.8,inicio,60,0.7641361933795718,0.9884484539932231
bateria3,D,inicio|7,0.47,0.94,25,4.1,6.8,inicio,60,0.7546740860862198,0.9881793241001285
bateria3,D,inicio|8,0.47,0.94,25,4.1,6.8,inicio,60,0.7422603751485835,0.9873545910490433
bateria3,D,inicio|6,0.47,0.94,25,4.1,6.8,inicio,60,0.7601307583731938,0.9883751807067448
bateria3,D,inicio|9,0.47,0.94,25,4.1,6.8,inicio,60,0.7601980797612925,0.9885160245808975
bateria3,D,inicio|10,0.47,0.94,25,4.1,6.8,inicio,60,0.7602579192075329,0.9880953486123532
bateria3,Aprima,7,0.47,0.94,25,4.1,6.8,parada,60,0.7683989802446298,0.9933190418041861
bateria3,Aprima,3,0.47,0.94,25,4.1,6.8,parada,60,0.7673973169880083,0.9931434590105843
bateria3,Aprima,6,0.47,0.94,25,4.1,6.8,parada,60,0.7820366739483202,0.9938002159690498
bateria3,Aprima,1,0.47,0.94,25,4.1,6.8,parada,60,0.7921594124546318,0.993748373492198
bateria3,Aprima,8,0.47,0.94,25,4.1,6.8,parada,60,0.7542436125842868,0.9929584581850409
bateria3,Aprima,2,0.47,0.94,25,4.1,6.8,parada,60,0.7622168100984522,0.993328464635574
bateria3,Aprima,4,0.47,0.94,25,4.1,6.8,parada,60,0.7718381566303694,0.9933617164237659
bateria3,Aprima,5,0.47,0.94,25,4.1,6.8,parada,60,0.7737101241734647,0.9931000644699863
bateria3,Aprima,10,0.47,0.94,25,4.1,6.8,parada,60,0.7746413574870658,0.9931993197674732
bateria3,Aprima,9,0.47,0.94,25,4.1,6.8,parada,60,0.7753451125166925,0.9935270168967955
bateria3,Aprima,11,0.47,0.94,25,4.1,6.8,parada,60,0.7574940862104824,0.9932283378315286
bateria3,Aprima,12,0.47,0.94,25,4.1,6.8,parada,60,0.7660590570114243,0.993400523336773
bateria3,Aprima,13,0.47,0.94,25,4.1,6.8,parada,60,0.7829635431814372,0.9935388512129334
bateria3,Aprima,14,0.47,0.94,25,4.1,6.8,parada,60,0.7798758683552129,0.9936508758170094
bateria3,Aprima,15,0.47,0.94,25,4.1,6.8,parada,60,0.7562430172492581,0.9929454898364716
bateria3,Aprima,16,0.47,0.94,25,4.1,6.8,parada,60,0.7848137081997009,0.9936305459710536
bateria3,Aprima,17,0.47,0.94,25,4.1,6.8,parada,60,0.7641483753757126,0.9932345006264618
bateria3,Aprima,19,0.47,0.94,25,4.1,6.8,parada,60,0.7710604146210227,0.9932692969525003
bateria3,Aprima,18,0.47,0.94,25,4.1,6.8,parada,60,0.756687355713354,0.9930726390378822
bateria3,Aprima,22,0.47,0.94,25,4.1,6.8,parada,60,0.7811077570705297,0.9935733157151007
bateria3,Aprima,20,0.47,0.94,25,4.1,6.8,parada,60,0.7732608161286807,0.9932795164537517
bateria3,Aprima,21,0.47,0.94,25,4.1,6.8,parada,60,0.7647779577226187,0.9932162595128848
bateria3,Aprima,23,0.47,0.94,25,4.1,6.8,parada,60,0.7722703493020554,0.9935339687006356
bateria3,Aprima,24,0.47,0.94,25,4.1,6.8,parada,60,0.775906629347722,0.9934427260137634
bateria3,Aprima,25,0.47,0.94,25,4.1,6.8,parada,60,0.7759014422075842,0.9933550797271434
bateria3,Aprima,26,0.47,0.94,25,4.1,6.8,parada,60,0.775588526989977,0.9933430156177419
bateria3,Aprima,27,0.47,0.94,25,4.1,6.8,parada,60,0.7742509111322758,0.9935214337653017
bateria3,Aprima,28,0.47,0.94,25,4.1,6.8,parada,60,0.7794615138777836,0.9934925054143029
bateria3,Aprima,30,0.47,0.94,25,4.1,6.8,parada,60,0.7812987371974116,0.993577937436645
bateria3,Aprima,29,0.47,0.94,25,4.1,6.8,parada,60,0.7744788892052656,0.9932822280719168
bateria3,Bprima,0.8|22|3|0.3|1,0.3,0.8,22,3,6.8,parada,60,0.986543969085118,0.9990094572584299
bateria3,Bprima,0.8|22|3|0.3|2,0.3,0.8,22,3,6.8,parada,60,0.9887815347391924,0.9991872480083321
bateria3,Bprima,0.8|22|3|0.3|3,0.3,0.8,22,3,6.8,parada,60,0.9874101443818073,0.9990790669497425
bateria3,Bprima,0.8|22|3|0.3|4,0.3,0.8,22,3,6.8,parada,60,0.9868526914228593,0.9990433433003784
bateria3,Bprima,0.8|22|3|0.3|5,0.3,0.8,22,3,6.8,parada,60,0.9852716682437002,0.9989269306717301
bateria3,Bprima,0.8|22|3|0.3|6,0.3,0.8,22,3,6.8,parada,60,0.9886839069023001,0.9991638255923229
bateria3,Bprima,0.8|22|3|0.3|7,0.3,0.8,22,3,6.8,parada,60,0.9868918260795276,0.99904922199143
bateria3,Bprima,0.8|22|3|0.3|8,0.3,0.8,22,3,6.8,parada,60,0.9870559668879361,0.9990679029396461
bateria3,Bprima,0.8|22|3|0.3|9,0.3,0.8,22,3,6.8,parada,60,0.9864114854934705,0.9990062239674632
bateria3,Bprima,0.8|22|3|0.3|10,0.3,0.8,22,3,6.8,parada,60,0.9876329104210025,0.9990882941783094
bateria3,Bprima,0.8|22|3|0.47|2,0.47,0.8,22,3,6.8,parada,60,0.9966776597239259,0.9996903932663344
bateria3,Bprima,0.8|22|3|0.47|1,0.47,0.8,22,3,6.8,parada,60,0.9968455263629891,0.9997033577024288
bateria3,Bprima,0.8|22|3|0.47|3,0.47,0.8,22,3,6.8,parada,60,0.996391368483822,0.999663558600039
bateria3,Bprima,0.8|22|3|0.47|4,0.47,0.8,22,3,6.8,parada,60,0.9968523077581964,0.9997066580276324
bateria3,Bprima,0.8|22|3|0.47|5,0.47,0.8,22,3,6.8,parada,60,0.9970232811439887,0.9997213867422962
bateria3,Bprima,0.8|22|3|0.47|7,0.47,0.8,22,3,6.8,parada,60,0.9969373359511691,0.999716151953218
bateria3,Bprima,0.8|22|3|0.47|6,0.47,0.8,22,3,6.8,parada,60,0.9968067019642847,0.9996995157591705
bateria3,Bprima,0.8|22|3|0.47|8,0.47,0.8,22,3,6.8,parada,60,0.995886385580907,0.999620575236024
bateria3,Bprima,0.8|22|3|0.47|9,0.47,0.8,22,3,6.8,parada,60,0.9976545272579648,0.9997807976296805
bateria3,Bprima,0.8|22|3|0.47|10,0.47,0.8,22,3,6.8,parada,60,0.9958538667753942,0.9996106467978139
bateria3,Bprima,0.8|22|3|0.65|1,0.65,0.8,22,3,6.8,parada,60,0.9664829619605129,0.996053806266411
bateria3,Bprima,0.8|22|3|0.65|2,0.65,0.8,22,3,6.8,parada,60,0.9633263320354131,0.9957203202144923
bateria3,Bprima,0.8|22|3|0.65|3,0.65,0.8,22,3,6.8,parada,60,0.9655594637576685,0.9959793701074132
bateria3,Bprima,0.8|22|3|0.65|4,0.65,0.8,22,3,6.8,parada,60,0.9658815708424067,0.996016951551702
bateria3,Bprima,0.8|22|3|0.65|5,0.65,0.8,22,3,6.8,parada,60,0.9676016327799047,0.9962017432083149
bateria3,Bprima,0.8|22|3|0.65|6,0.65,0.8,22,3,6.8,parada,60,0.9632824868151247,0.9956747300137376
bateria3,Bprima,0.8|22|3|0.65|7,0.65,0.8,22,3,6.8,parada,60,0.9666808487326473,0.9961132302270663
bateria3,Bprima,0.8|22|3|0.65|8,0.65,0.8,22,3,6.8,parada,60,0.9649213555087568,0.9959343734187199
bateria3,Bprima,0.8|22|3|0.65|9,0.65,0.8,22,3,6.8,parada,60,0.9655044975511826,0.9959539890461255
bateria3,Bprima,0.8|22|4.1|0.3|1,0.3,0.8,22,4.1,6.8,parada,60,0.9649277514045933,0.9979085488857392
bateria3,Bprima,0.8|22|3|0.65|10,0.65,0.8,22,3,6.8,parada,60,0.9651080791727741,0.9959043612944778
bateria3,Bprima,0.8|22|4.1|0.3|2,0.3,0.8,22,4.1,6.8,parada,60,0.9686165006007699,0.9981181900216887
bateria3,Bprima,0.8|22|4.1|0.3|4,0.3,0.8,22,4.1,6.8,parada,60,0.9661735657753161,0.9980097881533495
bateria3,Bprima,0.8|22|4.1|0.3|3,0.3,0.8,22,4.1,6.8,parada,60,0.9679163315692396,0.9981222575403688
bateria3,Bprima,0.8|22|4.1|0.3|6,0.3,0.8,22,4.1,6.8,parada,60,0.9683959027247787,0.9981114876001256
bateria3,Bprima,0.8|22|4.1|0.3|5,0.3,0.8,22,4.1,6.8,parada,60,0.9622795630112339,0.9978264045177005
bateria3,Bprima,0.8|22|4.1|0.3|7,0.3,0.8,22,4.1,6.8,parada,60,0.9657931009546239,0.9979584780503781
bateria3,Bprima,0.8|22|4.1|0.3|8,0.3,0.8,22,4.1,6.8,parada,60,0.9696632459884433,0.9982265910789067
bateria3,Bprima,0.8|22|4.1|0.3|9,0.3,0.8,22,4.1,6.8,parada,60,0.9670710447313632,0.9980423790760647
bateria3,Bprima,0.8|22|4.1|0.3|10,0.3,0.8,22,4.1,6.8,parada,60,0.9663145411783683,0.9980051265150149
bateria3,Bprima,0.8|22|4.1|0.47|1,0.47,0.8,22,4.1,6.8,parada,60,0.9944179643510103,0.9995202984499243
bateria3,Bprima,0.8|22|4.1|0.47|2,0.47,0.8,22,4.1,6.8,parada,60,0.9953014162358946,0.9996009059404151
bateria3,Bprima,0.8|22|4.1|0.47|3,0.47,0.8,22,4.1,6.8,parada,60,0.9945804558344888,0.9995366579916724
bateria3,Bprima,0.8|22|4.1|0.47|4,0.47,0.8,22,4.1,6.8,parada,60,0.994551707458782,0.9995357301736667
bateria3,Bprima,0.8|22|4.1|0.47|6,0.47,0.8,22,4.1,6.8,parada,60,0.9954343262990464,0.9996056226145351
bateria3,Bprima,0.8|22|4.1|0.47|5,0.47,0.8,22,4.1,6.8,parada,60,0.9940085534651762,0.9994892228117156
bateria3,Bprima,0.8|22|4.1|0.47|7,0.47,0.8,22,4.1,6.8,parada,60,0.9944931123701165,0.9995320309639492
bateria3,Bprima,0.8|22|4.1|0.47|9,0.47,0.8,22,4.1,6.8,parada,60,0.9942688803980123,0.9995093366066167
bateria3,Bprima,0.8|22|4.1|0.47|8,0.47,0.8,22,4.1,6.8,parada,60,0.9944564716237478,0.9995303507297102
bateria3,Bprima,0.8|22|4.1|0.47|10,0.47,0.8,22,4.1,6.8,parada,60,0.9947065257505397,0.9995448103189761
bateria3,Bprima,0.8|22|4.1|0.65|1,0.65,0.8,22,4.1,6.8,parada,60,0.9975889610034182,0.9997536174984181
bateria3,Bprima,0.8|22|4.1|0.65|2,0.65,0.8,22,4.1,6.8,parada,60,0.9973823929524834,0.9997343316122694
bateria3,Bprima,0.8|22|4.1|0.65|3,0.65,0.8,22,4.1,6.8,parada,60,0.9971724703518995,0.999713126872541
bateria3,Bprima,0.8|22|4.1|0.65|4,0.65,0.8,22,4.1,6.8,parada,60,0.9975806656712324,0.9997545199249065
bateria3,Bprima,0.8|22|4.1|0.65|5,0.65,0.8,22,4.1,6.8,parada,60,0.9977187326735909,0.9997678268868576
bateria3,Bprima,0.8|22|4.1|0.65|6,0.65,0.8,22,4.1,6.8,parada,60,0.9974675252079316,0.9997409408622149
bateria3,Bprima,0.8|22|4.1|0.65|7,0.65,0.8,22,4.1,6.8,parada,60,0.9976832663463775,0.9997659853373481
bateria3,Bprima,0.8|22|4.1|0.65|8,0.65,0.8,22,4.1,6.8,parada,60,0.9968967354390764,0.9996879361050286
bateria3,Bprima,0.8|22|4.1|0.65|9,0.65,0.8,22,4.1,6.8,parada,60,0.998143784135754,0.999811157766121
bateria3,Bprima,0.8|22|4.1|0.65|10,0.65,0.8,22,4.1,6.8,parada,60,0.9968307917802721,0.9996766964069608
bateria3,Bprima,0.8|22|6|0.3|1,0.3,0.8,22,6,6.8,parada,60,0.8230435621652415,0.9939614710616699
bateria3,Bprima,0.8|22|6|0.3|2,0.3,0.8,22,6,6.8,parada,60,0.8356364632538549,0.9944551613296029
bateria3,Bprima,0.8|22|6|0.3|3,0.3,0.8,22,6,6.8,parada,60,0.8223500663687815,0.9940508415736072
bateria3,Bprima,0.8|22|6|0.3|4,0.3,0.8,22,6,6.8,parada,60,0.8240351943871649,0.9941262011090141
bateria3,Bprima,0.8|22|6|0.3|5,0.3,0.8,22,6,6.8,parada,60,0.8081231685646634,0.9936474031006622
bateria3,Bprima,0.8|22|6|0.3|6,0.3,0.8,22,6,6.8,parada,60,0.8279795120414016,0.994220022299529
bateria3,Bprima,0.8|22|6|0.3|7,0.3,0.8,22,6,6.8,parada,60,0.832420110384985,0.9942596476398453
bateria3,Bprima,0.8|22|6|0.3|8,0.3,0.8,22,6,6.8,parada,60,0.8301268725033982,0.9942015062960208
bateria3,Bprima,0.8|22|6|0.3|9,0.3,0.8,22,6,6.8,parada,60,0.8300302663633184,0.9943034380467102
bateria3,Bprima,0.8|22|6|0.3|10,0.3,0.8,22,6,6.8,parada,60,0.8210701891572992,0.9939367481470535
bateria3,Bprima,0.8|22|6|0.47|1,0.47,0.8,22,6,6.8,parada,60,0.9370755419582204,0.9964645848311499
bateria3,Bprima,0.8|22|6|0.47|2,0.47,0.8,22,6,6.8,parada,60,0.9432311024825797,0.9968054357203657
bateria3,Bprima,0.8|22|6|0.47|3,0.47,0.8,22,6,6.8,parada,60,0.9383126000507638,0.9965793188448046
bateria3,Bprima,0.8|22|6|0.47|4,0.47,0.8,22,6,6.8,parada,60,0.9374094706494217,0.9965108716597676
bateria3,Bprima,0.8|22|6|0.47|6,0.47,0.8,22,6,6.8,parada,60,0.9395046428755536,0.9965955951604449
bateria3,Bprima,0.8|22|6|0.47|5,0.47,0.8,22,6,6.8,parada,60,0.9311366228195449,0.9962307892992427
bateria3,Bprima,0.8|22|6|0.47|7,0.47,0.8,22,6,6.8,parada,60,0.9393403563880041,0.9965556984912518
bateria3,Bprima,0.8|22|6|0.47|8,0.47,0.8,22,6,6.8,parada,60,0.9420111812888525,0.9967761699539781
bateria3,Bprima,0.8|22|6|0.47|9,0.47,0.8,22,6,6.8,parada,60,0.9400446287266544,0.996637285369023
bateria3,Bprima,0.8|22|6|0.47|10,0.47,0.8,22,6,6.8,parada,60,0.9380651105017431,0.9965559313584443
bateria3,Bprima,0.8|22|6|0.65|1,0.65,0.8,22,6,6.8,parada,60,0.9780527355037681,0.9983346959967059
bateria3,Bprima,0.8|22|6|0.65|2,0.65,0.8,22,6,6.8,parada,60,0.98054612850704,0.9985121204336239
bateria3,Bprima,0.8|22|6|0.65|3,0.65,0.8,22,6,6.8,parada,60,0.9796124266954576,0.998471903966605
bateria3,Bprima,0.8|22|6|0.65|4,0.65,0.8,22,6,6.8,parada,60,0.9788368248172509,0.9984077360023579
bateria3,Bprima,0.8|22|6|0.65|5,0.65,0.8,22,6,6.8,parada,60,0.9764413155829887,0.9982570698314666
bateria3,Bprima,0.8|22|6|0.65|6,0.65,0.8,22,6,6.8,parada,60,0.9798636545516278,0.9984686831968197
bateria3,Bprima,0.8|22|6|0.65|7,0.65,0.8,22,6,6.8,parada,60,0.9792140771825628,0.9984160006036787
bateria3,Bprima,0.8|22|6|0.65|8,0.65,0.8,22,6,6.8,parada,60,0.9806376698245483,0.9985503309373018
bateria3,Bprima,0.8|22|6|0.65|9,0.65,0.8,22,6,6.8,parada,60,0.9799296093906515,0.9984797814733439
bateria3,Bprima,0.8|22|6|0.65|10,0.65,0.8,22,6,6.8,parada,60,0.9783889696042997,0.9983676594669472
bateria3,Bprima,0.8|25|3|0.3|1,0.3,0.8,25,3,6.8,parada,60,0.7722201700874488,0.9930870996275466
bateria3,Bprima,0.8|25|3|0.3|2,0.3,0.8,25,3,6.8,parada,60,0.743355688581658,0.9927141855005996
bateria3,Bprima,0.8|25|3|0.3|3,0.3,0.8,25,3,6.8,parada,60,0.7476771707773181,0.992490790001364
bateria3,Bprima,0.8|25|3|0.3|4,0.3,0.8,25,3,6.8,parada,60,0.7517891023033563,0.9927177662190795
bateria3,Bprima,0.8|25|3|0.3|5,0.3,0.8,25,3,6.8,parada,60,0.7534759705604972,0.9924403617515156
bateria3,Bprima,0.8|25|3|0.3|6,0.3,0.8,25,3,6.8,parada,60,0.7631795448522494,0.9931831623739311
bateria3,Bprima,0.8|25|3|0.3|7,0.3,0.8,25,3,6.8,parada,60,0.7483977423079949,0.9926646316972347
bateria3,Bprima,0.8|25|3|0.3|8,0.3,0.8,25,3,6.8,parada,60,0.7347648556067251,0.9923070012193251
bateria3,Bprima,0.8|25|3|0.3|9,0.3,0.8,25,3,6.8,parada,60,0.7556276415320654,0.9928908893228067
bateria3,Bprima,0.8|25|3|0.3|10,0.3,0.8,25,3,6.8,parada,60,0.7549336792281878,0.9925420483258316
bateria3,Bprima,0.8|25|3|0.47|1,0.47,0.8,25,3,6.8,parada,60,0.8839107234212321,0.9950745661808402
bateria3,Bprima,0.8|25|3|0.47|2,0.47,0.8,25,3,6.8,parada,60,0.8643834126654609,0.9945471620728255
bateria3,Bprima,0.8|25|3|0.47|3,0.47,0.8,25,3,6.8,parada,60,0.8687651002835611,0.9945232131546369
bateria3,Bprima,0.8|25|3|0.47|4,0.47,0.8,25,3,6.8,parada,60,0.8723499443298856,0.9947421083655166
bateria3,Bprima,0.8|25|3|0.47|5,0.47,0.8,25,3,6.8,parada,60,0.87385780376146,0.9946147234760213
bateria3,Bprima,0.8|25|3|0.47|6,0.47,0.8,25,3,6.8,parada,60,0.8748292418821972,0.9949291644432314
bateria3,Bprima,0.8|25|3|0.47|7,0.47,0.8,25,3,6.8,parada,60,0.8712801241532393,0.9947339273152713
bateria3,Bprima,0.8|25|3|0.47|8,0.47,0.8,25,3,6.8,parada,60,0.8616417211124534,0.9943319054243276
bateria3,Bprima,0.8|25|3|0.47|9,0.47,0.8,25,3,6.8,parada,60,0.8742101768926533,0.9948383072406027
bateria3,Bprima,0.8|25|3|0.65|1,0.65,0.8,25,3,6.8,parada,60,0.9274872715674903,0.9963410529500004
bateria3,Bprima,0.8|25|3|0.47|10,0.47,0.8,25,3,6.8,parada,60,0.8734567982600654,0.9946278199448677
bateria3,Bprima,0.8|25|3|0.65|2,0.65,0.8,25,3,6.8,parada,60,0.9172072478306571,0.9960245301404961
bateria3,Bprima,0.8|25|3|0.65|3,0.65,0.8,25,3,6.8,parada,60,0.9216059918855641,0.9960896981212095
bateria3,Bprima,0.8|25|3|0.65|4,0.65,0.8,25,3,6.8,parada,60,0.9255311247024064,0.9963023765872618
bateria3,Bprima,0.8|25|3|0.65|5,0.65,0.8,25,3,6.8,parada,60,0.9273242912121027,0.9963141568681682
bateria3,Bprima,0.8|25|3|0.65|6,0.65,0.8,25,3,6.8,parada,60,0.9200828323558675,0.9961233828189627
bateria3,Bprima,0.8|25|3|0.65|7,0.65,0.8,25,3,6.8,parada,60,0.9267234999921548,0.9964085837227068
bateria3,Bprima,0.8|25|3|0.65|8,0.65,0.8,25,3,6.8,parada,60,0.9184887566799717,0.9959913026121874
bateria3,Bprima,0.8|25|3|0.65|9,0.65,0.8,25,3,6.8,parada,60,0.9240548319849052,0.9962826521929079
bateria3,Bprima,0.8|25|3|0.65|10,0.65,0.8,25,3,6.8,parada,60,0.9229410379650468,0.9960903210398345
bateria3,Bprima,0.8|25|4.1|0.3|1,0.3,0.8,25,4.1,6.8,parada,60,0.6847662335320477,0.9918937227726319
bateria3,Bprima,0.8|25|4.1|0.3|2,0.3,0.8,25,4.1,6.8,parada,60,0.653708482979657,0.991708002757526
bateria3,Bprima,0.8|25|4.1|0.3|3,0.3,0.8,25,4.1,6.8,parada,60,0.6576904172276063,0.9913666782910308
bateria3,Bprima,0.8|25|4.1|0.3|4,0.3,0.8,25,4.1,6.8,parada,60,0.6609827310191554,0.9915846726393895
bateria3,Bprima,0.8|25|4.1|0.3|5,0.3,0.8,25,4.1,6.8,parada,60,0.6623692311995358,0.9912368870649282
bateria3,Bprima,0.8|25|4.1|0.3|6,0.3,0.8,25,4.1,6.8,parada,60,0.677924675633704,0.9921293438436104
bateria3,Bprima,0.8|25|4.1|0.3|8,0.3,0.8,25,4.1,6.8,parada,60,0.6419786348289475,0.9912281486737586
bateria3,Bprima,0.8|25|4.1|0.3|7,0.3,0.8,25,4.1,6.8,parada,60,0.6569855019346282,0.9915257652283196
bateria3,Bprima,0.8|25|4.1|0.3|9,0.3,0.8,25,4.1,6.8,parada,60,0.6662424282601714,0.9917739923427078
bateria3,Bprima,0.8|25|4.1|0.3|10,0.3,0.8,25,4.1,6.8,parada,60,0.6666635593988802,0.9913648323494263
bateria3,Bprima,0.8|25|4.1|0.47|1,0.47,0.8,25,4.1,6.8,parada,60,0.7816270979224713,0.992128966414504
bateria3,Bprima,0.8|25|4.1|0.47|2,0.47,0.8,25,4.1,6.8,parada,60,0.7576157434224678,0.991727116747464
bateria3,Bprima,0.8|25|4.1|0.47|4,0.47,0.8,25,4.1,6.8,parada,60,0.7644788918991594,0.9917393859020222
bateria3,Bprima,0.8|25|4.1|0.47|3,0.47,0.8,25,4.1,6.8,parada,60,0.7612189078938624,0.9915227949416792
bateria3,Bprima,0.8|25|4.1|0.47|5,0.47,0.8,25,4.1,6.8,parada,60,0.766571621890834,0.9915061559513044
bateria3,Bprima,0.8|25|4.1|0.47|6,0.47,0.8,25,4.1,6.8,parada,60,0.7739900602763945,0.9922031465092535
bateria3,Bprima,0.8|25|4.1|0.47|8,0.47,0.8,25,4.1,6.8,parada,60,0.7498445644471011,0.9913081375898605
bateria3,Bprima,0.8|25|4.1|0.47|7,0.47,0.8,25,4.1,6.8,parada,60,0.7617152421342719,0.9916859159610496
bateria3,Bprima,0.8|25|4.1|0.47|10,0.47,0.8,25,4.1,6.8,parada,60,0.7673201601255981,0.9916010301782934
bateria3,Bprima,0.8|25|4.1|0.47|9,0.47,0.8,25,4.1,6.8,parada,60,0.7682241855348705,0.9919218064217309
bateria3,Bprima,0.8|25|4.1|0.65|1,0.65,0.8,25,4.1,6.8,parada,60,0.8615357072676163,0.9936591194982627
bateria3,Bprima,0.8|25|4.1|0.65|2,0.65,0.8,25,4.1,6.8,parada,60,0.8428573639598845,0.9931328768516846
bateria3,Bprima,0.8|25|4.1|0.65|3,0.65,0.8,25,4.1,6.8,parada,60,0.8461895112606996,0.993059073726159
bateria3,Bprima,0.8|25|4.1|0.65|4,0.65,0.8,25,4.1,6.8,parada,60,0.8486645696570978,0.993255093713918
bateria3,Bprima,0.8|25|4.1|0.65|5,0.65,0.8,25,4.1,6.8,parada,60,0.8507459798573651,0.993135872191771
bateria3,Bprima,0.8|25|4.1|0.65|6,0.65,0.8,25,4.1,6.8,parada,60,0.8533556196673369,0.9935565858616632
bateria3,Bprima,0.8|25|4.1|0.65|7,0.65,0.8,25,4.1,6.8,parada,60,0.84756710275378,0.9932377341922483
bateria3,Bprima,0.8|25|4.1|0.65|8,0.65,0.8,25,4.1,6.8,parada,60,0.8383363877938074,0.9928359041160119
bateria3,Bprima,0.8|25|4.1|0.65|9,0.65,0.8,25,4.1,6.8,parada,60,0.8519199190506797,0.9934134586373167
bateria3,Bprima,0.8|25|4.1|0.65|10,0.65,0.8,25,4.1,6.8,parada,60,0.8505669084795189,0.9931695591829853
bateria3,Bprima,0.8|25|6|0.3|1,0.3,0.8,25,6,6.8,parada,60,0.5233308946045516,0.9928489772486906
bateria3,Bprima,0.8|25|6|0.3|2,0.3,0.8,25,6,6.8,parada,60,0.49524114591912977,0.9927135729760336
bateria3,Bprima,0.8|25|6|0.3|3,0.3,0.8,25,6,6.8,parada,60,0.4881471833221017,0.9926330198284153
bateria3,Bprima,0.8|25|6|0.3|4,0.3,0.8,25,6,6.8,parada,60,0.49330547295998994,0.9926498904167581
bateria3,Bprima,0.8|25|6|0.3|5,0.3,0.8,25,6,6.8,parada,60,0.4781375817469926,0.9924872808663936
bateria3,Bprima,0.8|25|6|0.3|6,0.3,0.8,25,6,6.8,parada,60,0.5209005204569794,0.9931935478288845
bateria3,Bprima,0.8|25|6|0.3|7,0.3,0.8,25,6,6.8,parada,60,0.49952700510892967,0.9925611413060906
bateria3,Bprima,0.8|25|6|0.3|8,0.3,0.8,25,6,6.8,parada,60,0.4745287079886482,0.9925109183319157
bateria3,Bprima,0.8|25|6|0.3|9,0.3,0.8,25,6,6.8,parada,60,0.5076449967885874,0.9928103193792129
bateria3,Bprima,0.8|25|6|0.3|10,0.3,0.8,25,6,6.8,parada,60,0.5006698935864142,0.9925058334322204
bateria3,Bprima,0.8|25|6|0.47|2,0.47,0.8,25,6,6.8,parada,60,0.609368192296844,0.9908820881705117
bateria3,Bprima,0.8|25|6|0.47|1,0.47,0.8,25,6,6.8,parada,60,0.6384073020389013,0.9910387832530265
bateria3,Bprima,0.8|25|6|0.47|3,0.47,0.8,25,6,6.8,parada,60,0.6129716146307749,0.990525137184766
bateria3,Bprima,0.8|25|6|0.47|4,0.47,0.8,25,6,6.8,parada,60,0.6151766340098962,0.9907372635855891
bateria3,Bprima,0.8|25|6|0.47|5,0.47,0.8,25,6,6.8,parada,60,0.6130747165764214,0.9904906340366971
bateria3,Bprima,0.8|25|6|0.47|6,0.47,0.8,25,6,6.8,parada,60,0.6358556708076402,0.9912334868786707
bateria3,Bprima,0.8|25|6|0.47|7,0.47,0.8,25,6,6.8,parada,60,0.6123057533205151,0.990673496056075
bateria3,Bprima,0.8|25|6|0.47|8,0.47,0.8,25,6,6.8,parada,60,0.5992655607149624,0.9903368990108395
bateria3,Bprima,0.8|25|6|0.47|9,0.47,0.8,25,6,6.8,parada,60,0.6243256713308414,0.9908303516318712
bateria3,Bprima,0.8|25|6|0.47|10,0.47,0.8,25,6,6.8,parada,60,0.6214375955786898,0.9905323891987966
bateria3,Bprima,0.8|25|6|0.65|1,0.65,0.8,25,6,6.8,parada,60,0.7016844471088268,0.9902390848452702
bateria3,Bprima,0.8|25|6|0.65|2,0.65,0.8,25,6,6.8,parada,60,0.676339061401495,0.9899889722593668
bateria3,Bprima,0.8|25|6|0.65|3,0.65,0.8,25,6,6.8,parada,60,0.6798311983296461,0.9896661503409434
bateria3,Bprima,0.8|25|6|0.65|4,0.65,0.8,25,6,6.8,parada,60,0.682119790844304,0.9898796280032351
bateria3,Bprima,0.8|25|6|0.65|5,0.65,0.8,25,6,6.8,parada,60,0.6841017235330642,0.9896007509330391
bateria3,Bprima,0.8|25|6|0.65|6,0.65,0.8,25,6,6.8,parada,60,0.6957041133958339,0.9904233365203596
bateria3,Bprima,0.8|25|6|0.65|7,0.65,0.8,25,6,6.8,parada,60,0.6792259454246963,0.9898180351879785
bateria3,Bprima,0.8|25|6|0.65|8,0.65,0.8,25,6,6.8,parada,60,0.6668792933479293,0.9894926001482393
bateria3,Bprima,0.8|25|6|0.65|9,0.65,0.8,25,6,6.8,parada,60,0.6868105919185576,0.9900713657764268
bateria3,Bprima,0.8|25|6|0.65|10,0.65,0.8,25,6,6.8,parada,60,0.6866656546613259,0.9897183806835566
bateria3,Bprima,0.8|28|3|0.3|1,0.3,0.8,28,3,6.8,parada,60,-0.005419275905112304,0.9884986833720766
bateria3,Bprima,0.8|28|3|0.3|2,0.3,0.8,28,3,6.8,parada,60,-0.03702791268703562,0.986766059951123
bateria3,Bprima,0.8|28|3|0.3|3,0.3,0.8,28,3,6.8,parada,60,0.0009856743680298054,0.9874287788308523
bateria3,Bprima,0.8|28|3|0.3|4,0.3,0.8,28,3,6.8,parada,60,-0.02285942039609283,0.9876983498602282
bateria3,Bprima,0.8|28|3|0.3|5,0.3,0.8,28,3,6.8,parada,60,0.021225792355375448,0.9878181544613517
bateria3,Bprima,0.8|28|3|0.3|6,0.3,0.8,28,3,6.8,parada,60,-0.03963013943644519,0.9875731478861248
bateria3,Bprima,0.8|28|3|0.3|7,0.3,0.8,28,3,6.8,parada,60,-0.0271267188321508,0.9875463739925378
bateria3,Bprima,0.8|28|3|0.3|8,0.3,0.8,28,3,6.8,parada,60,-0.02398744232859287,0.9864308880181119
bateria3,Bprima,0.8|28|3|0.3|9,0.3,0.8,28,3,6.8,parada,60,-0.010856004430465914,0.987743145304855
bateria3,Bprima,0.8|28|3|0.3|10,0.3,0.8,28,3,6.8,parada,60,0.008406043126010556,0.9878904560981449
bateria3,Bprima,0.8|28|3|0.47|1,0.47,0.8,28,3,6.8,parada,60,0.13876713233599133,0.9863746316031426
bateria3,Bprima,0.8|28|3|0.47|2,0.47,0.8,28,3,6.8,parada,60,0.11700869314840392,0.9845020673407362
bateria3,Bprima,0.8|28|3|0.47|3,0.47,0.8,28,3,6.8,parada,60,0.1500350667081464,0.9853888188473322
bateria3,Bprima,0.8|28|3|0.47|4,0.47,0.8,28,3,6.8,parada,60,0.13018875773792457,0.9855462807135444
bateria3,Bprima,0.8|28|3|0.47|5,0.47,0.8,28,3,6.8,parada,60,0.16219022612891862,0.9857967781099574
bateria3,Bprima,0.8|28|3|0.47|6,0.47,0.8,28,3,6.8,parada,60,0.10746728910408221,0.9853255015468487
bateria3,Bprima,0.8|28|3|0.47|7,0.47,0.8,28,3,6.8,parada,60,0.12957266275273163,0.985458120355999
bateria3,Bprima,0.8|28|3|0.47|9,0.47,0.8,28,3,6.8,parada,60,0.13997561051128368,0.985677923560717
bateria3,Bprima,0.8|28|3|0.47|8,0.47,0.8,28,3,6.8,parada,60,0.1338521987615057,0.9844126022384454
bateria3,Bprima,0.8|28|3|0.47|10,0.47,0.8,28,3,6.8,parada,60,0.1503699389340117,0.9858885408786028
bateria3,Bprima,0.8|28|3|0.65|1,0.65,0.8,28,3,6.8,parada,60,0.2628080846098922,0.9864747630441948
bateria3,Bprima,0.8|28|3|0.65|2,0.65,0.8,28,3,6.8,parada,60,0.24815101659412542,0.9849577353116081
bateria3,Bprima,0.8|28|3|0.65|4,0.65,0.8,28,3,6.8,parada,60,0.2619019259715135,0.9858593136720835
bateria3,Bprima,0.8|28|3|0.65|3,0.65,0.8,28,3,6.8,parada,60,0.2772630120769251,0.9857456284394545
bateria3,Bprima,0.8|28|3|0.65|5,0.65,0.8,28,3,6.8,parada,60,0.2841163901322885,0.9862193449656982
bateria3,Bprima,0.8|28|3|0.65|6,0.65,0.8,28,3,6.8,parada,60,0.23678910802814146,0.9855404085481448
bateria3,Bprima,0.8|28|3|0.65|7,0.65,0.8,28,3,6.8,parada,60,0.2638123832326088,0.9858871517455579
bateria3,Bprima,0.8|28|3|0.65|8,0.65,0.8,28,3,6.8,parada,60,0.2680642922329455,0.9849762480955105
bateria3,Bprima,0.8|28|3|0.65|9,0.65,0.8,28,3,6.8,parada,60,0.26860984707404223,0.9859255236863311
bateria3,Bprima,0.8|28|3|0.65|10,0.65,0.8,28,3,6.8,parada,60,0.2723265238784465,0.9860558949968079
bateria3,Bprima,0.8|28|4.1|0.3|1,0.3,0.8,28,4.1,6.8,parada,60,-0.11522023818182615,0.9898691000873932
bateria3,Bprima,0.8|28|4.1|0.3|2,0.3,0.8,28,4.1,6.8,parada,60,-0.15344495445734516,0.9883149495739335
bateria3,Bprima,0.8|28|4.1|0.3|3,0.3,0.8,28,4.1,6.8,parada,60,-0.1141779242906884,0.9888313466264734
bateria3,Bprima,0.8|28|4.1|0.3|4,0.3,0.8,28,4.1,6.8,parada,60,-0.13828217582974553,0.9891289038922828
bateria3,Bprima,0.8|28|4.1|0.3|5,0.3,0.8,28,4.1,6.8,parada,60,-0.08892618929665401,0.9891668875247218
bateria3,Bprima,0.8|28|4.1|0.3|6,0.3,0.8,28,4.1,6.8,parada,60,-0.14821150816203485,0.989124162371538
bateria3,Bprima,0.8|28|4.1|0.3|7,0.3,0.8,28,4.1,6.8,parada,60,-0.14468712751913407,0.9889888185478379
bateria3,Bprima,0.8|28|4.1|0.3|8,0.3,0.8,28,4.1,6.8,parada,60,-0.14356465321045958,0.9880015732450487
bateria3,Bprima,0.8|28|4.1|0.3|9,0.3,0.8,28,4.1,6.8,parada,60,-0.1257622779713879,0.9891782004788437
bateria3,Bprima,0.8|28|4.1|0.3|10,0.3,0.8,28,4.1,6.8,parada,60,-0.09877775218755372,0.9892088697929192
bateria3,Bprima,0.8|28|4.1|0.47|1,0.47,0.8,28,4.1,6.8,parada,60,-0.02976926919763088,0.9864992602929111
bateria3,Bprima,0.8|28|4.1|0.47|2,0.47,0.8,28,4.1,6.8,parada,60,-0.05969045286230522,0.9846842145490238
bateria3,Bprima,0.8|28|4.1|0.47|3,0.47,0.8,28,4.1,6.8,parada,60,-0.02474814853353656,0.9853570312188004
bateria3,Bprima,0.8|28|4.1|0.47|4,0.47,0.8,28,4.1,6.8,parada,60,-0.046462699410286315,0.9856483441607851
bateria3,Bprima,0.8|28|4.1|0.47|5,0.47,0.8,28,4.1,6.8,parada,60,-0.005511646434909789,0.9857905044987324
bateria3,Bprima,0.8|28|4.1|0.47|6,0.47,0.8,28,4.1,6.8,parada,60,-0.061029546394013784,0.9855228119611633
bateria3,Bprima,0.8|28|4.1|0.47|7,0.47,0.8,28,4.1,6.8,parada,60,-0.04999362975634115,0.9854777910141506
bateria3,Bprima,0.8|28|4.1|0.47|8,0.47,0.8,28,4.1,6.8,parada,60,-0.04721827766605135,0.9843407691577264
bateria3,Bprima,0.8|28|4.1|0.47|9,0.47,0.8,28,4.1,6.8,parada,60,-0.03561221175081807,0.9857036712887159
bateria3,Bprima,0.8|28|4.1|0.47|10,0.47,0.8,28,4.1,6.8,parada,60,-0.01682472365381645,0.9858296918147091
bateria3,Bprima,0.8|28|4.1|0.65|1,0.65,0.8,28,4.1,6.8,parada,60,0.059404108457179035,0.9840362456669329
bateria3,Bprima,0.8|28|4.1|0.65|2,0.65,0.8,28,4.1,6.8,parada,60,0.03574008386951346,0.9820625672353221
bateria3,Bprima,0.8|28|4.1|0.65|3,0.65,0.8,28,4.1,6.8,parada,60,0.06705865333047549,0.982913337933308
bateria3,Bprima,0.8|28|4.1|0.65|4,0.65,0.8,28,4.1,6.8,parada,60,0.04772211701471996,0.9831207827055911
bateria3,Bprima,0.8|28|4.1|0.65|5,0.65,0.8,28,4.1,6.8,parada,60,0.08135412745881612,0.9833640110938491
bateria3,Bprima,0.8|28|4.1|0.65|6,0.65,0.8,28,4.1,6.8,parada,60,0.02933996268718397,0.9829045699601302
bateria3,Bprima,0.8|28|4.1|0.65|7,0.65,0.8,28,4.1,6.8,parada,60,0.0463918719838333,0.9829766664142257
bateria3,Bprima,0.8|28|4.1|0.65|8,0.65,0.8,28,4.1,6.8,parada,60,0.05030688694941304,0.9818433411065751
bateria3,Bprima,0.8|28|4.1|0.65|9,0.65,0.8,28,4.1,6.8,parada,60,0.05727013045914114,0.983222572169641
bateria3,Bprima,0.8|28|4.1|0.65|10,0.65,0.8,28,4.1,6.8,parada,60,0.06993758195723805,0.9834719150054199
bateria3,Bprima,0.8|28|6|0.3|1,0.3,0.8,28,6,6.8,parada,60,-0.20656314112010166,0.9933883685479938
bateria3,Bprima,0.8|28|6|0.3|2,0.3,0.8,28,6,6.8,parada,60,-0.2563948739738513,0.993085831359431
bateria3,Bprima,0.8|28|6|0.3|3,0.3,0.8,28,6,6.8,parada,60,-0.21311580919840922,0.9931498839039008
bateria3,Bprima,0.8|28|6|0.3|4,0.3,0.8,28,6,6.8,parada,60,-0.24031031178634757,0.9935670460442052
bateria3,Bprima,0.8|28|6|0.3|5,0.3,0.8,28,6,6.8,parada,60,-0.17777230272189648,0.9933370615016662
bateria3,Bprima,0.8|28|6|0.3|6,0.3,0.8,28,6,6.8,parada,60,-0.2444165197707786,0.9933774949304077
bateria3,Bprima,0.8|28|6|0.3|7,0.3,0.8,28,6,6.8,parada,60,-0.2545939939720434,0.9936651808768646
bateria3,Bprima,0.8|28|6|0.3|8,0.3,0.8,28,6,6.8,parada,60,-0.250693776273454,0.9926023643271897
bateria3,Bprima,0.8|28|6|0.3|9,0.3,0.8,28,6,6.8,parada,60,-0.2241738550103685,0.9934023669299272
bateria3,Bprima,0.8|28|6|0.3|10,0.3,0.8,28,6,6.8,parada,60,-0.19105869351992555,0.9933479826046403
bateria3,Bprima,0.8|28|6|0.47|1,0.47,0.8,28,6,6.8,parada,60,-0.17058154509322776,0.9904673099590106
bateria3,Bprima,0.8|28|6|0.47|2,0.47,0.8,28,6,6.8,parada,60,-0.21201702029543848,0.9892217832177223
bateria3,Bprima,0.8|28|6|0.47|3,0.47,0.8,28,6,6.8,parada,60,-0.1729025346381302,0.989609387815874
bateria3,Bprima,0.8|28|6|0.47|4,0.47,0.8,28,6,6.8,parada,60,-0.19677382927864726,0.9900121222745724
bateria3,Bprima,0.8|28|6|0.47|5,0.47,0.8,28,6,6.8,parada,60,-0.1451459179202444,0.9898514695505436
bateria3,Bprima,0.8|28|6|0.47|6,0.47,0.8,28,6,6.8,parada,60,-0.2036305658290615,0.9899785778128728
bateria3,Bprima,0.8|28|6|0.47|7,0.47,0.8,28,6,6.8,parada,60,-0.20376176997874615,0.9898778350718527
bateria3,Bprima,0.8|28|6|0.47|8,0.47,0.8,28,6,6.8,parada,60,-0.20337715798059158,0.9888322315513673
bateria3,Bprima,0.8|28|6|0.47|9,0.47,0.8,28,6,6.8,parada,60,-0.18383814969669,0.9898932433433376
bateria3,Bprima,0.8|28|6|0.47|10,0.47,0.8,28,6,6.8,parada,60,-0.1545871806957637,0.9899951412307865
bateria3,Bprima,0.8|28|6|0.65|1,0.65,0.8,28,6,6.8,parada,60,-0.136242643610207,0.988176841460168
bateria3,Bprima,0.8|28|6|0.65|2,0.65,0.8,28,6,6.8,parada,60,-0.1711421245634015,0.9865261553565192
bateria3,Bprima,0.88|22|3|0.3|1,0.3,0.88,22,3,6.8,parada,60,0.9866268712716919,0.9990821206444788
bateria3,Bprima,0.88|22|3|0.3|2,0.3,0.88,22,3,6.8,parada,60,0.9890538855140676,0.9992618281569484
bateria3,Bprima,0.8|28|6|0.65|3,0.65,0.8,28,6,6.8,parada,60,-0.13545973592079055,0.9870282971625586
bateria3,Bprima,0.8|28|6|0.65|4,0.65,0.8,28,6,6.8,parada,60,-0.15728104296054313,0.9873815921150675
bateria3,Bprima,0.8|28|6|0.65|5,0.65,0.8,28,6,6.8,parada,60,-0.11198109719161019,0.987394838985032
bateria3,Bprima,0.8|28|6|0.65|6,0.65,0.8,28,6,6.8,parada,60,-0.16647294393903636,0.9873786984937953
bateria3,Bprima,0.8|28|6|0.65|7,0.65,0.8,28,6,6.8,parada,60,-0.1626278943816154,0.9872039939665396
bateria3,Bprima,0.8|28|6|0.65|8,0.65,0.8,28,6,6.8,parada,60,-0.1616306276548379,0.9862027779465841
bateria3,Bprima,0.8|28|6|0.65|9,0.65,0.8,28,6,6.8,parada,60,-0.1464097039578667,0.9874020673461501
bateria3,Bprima,0.8|28|6|0.65|10,0.65,0.8,28,6,6.8,parada,60,-0.12035013376621743,0.9874520194473553
bateria3,Bprima,0.88|22|3|0.3|3,0.3,0.88,22,3,6.8,parada,60,0.987807275164568,0.9991726201738016
bateria3,Bprima,0.88|22|3|0.3|4,0.3,0.88,22,3,6.8,parada,60,0.9870523041445123,0.9991240789064098
bateria3,Bprima,0.88|22|3|0.3|5,0.3,0.88,22,3,6.8,parada,60,0.9851557896769476,0.9989892630891388
bateria3,Bprima,0.88|22|3|0.3|6,0.3,0.88,22,3,6.8,parada,60,0.9893194556159505,0.9992680804650216
bateria3,Bprima,0.88|22|3|0.3|7,0.3,0.88,22,3,6.8,parada,60,0.9871481072295861,0.99913480865937
bateria3,Bprima,0.88|22|3|0.3|8,0.3,0.88,22,3,6.8,parada,60,0.9873077480534024,0.999153472165461
bateria3,Bprima,0.88|22|3|0.3|9,0.3,0.88,22,3,6.8,parada,60,0.9869409917540934,0.9991159156269217
bateria3,Bprima,0.88|22|3|0.3|10,0.3,0.88,22,3,6.8,parada,60,0.9878194052572492,0.9991632927010365
bateria3,Bprima,0.88|22|3|0.47|1,0.47,0.88,22,3,6.8,parada,60,0.9958146397126239,0.9996242392268186
bateria3,Bprima,0.88|22|3|0.47|2,0.47,0.88,22,3,6.8,parada,60,0.9953677733367771,0.99958835620746
bateria3,Bprima,0.88|22|3|0.47|3,0.47,0.88,22,3,6.8,parada,60,0.9951987168950348,0.9995733864906625
bateria3,Bprima,0.88|22|3|0.47|4,0.47,0.88,22,3,6.8,parada,60,0.9958073119215232,0.999627347802829
bateria3,Bprima,0.88|22|3|0.47|5,0.47,0.88,22,3,6.8,parada,60,0.9961792771698703,0.9996587793295398
bateria3,Bprima,0.88|22|3|0.47|6,0.47,0.88,22,3,6.8,parada,60,0.995553626724707,0.999600444430396
bateria3,Bprima,0.88|22|3|0.47|7,0.47,0.88,22,3,6.8,parada,60,0.9959926823734703,0.999646115689037
bateria3,Bprima,0.88|22|3|0.47|8,0.47,0.88,22,3,6.8,parada,60,0.9945461801046137,0.9995213388098841
bateria3,Bprima,0.88|22|3|0.47|9,0.47,0.88,22,3,6.8,parada,60,0.9967771628830435,0.9997124239160725
bateria3,Bprima,0.88|22|3|0.47|10,0.47,0.88,22,3,6.8,parada,60,0.9945147768577657,0.999508587980411
bateria3,Bprima,0.88|22|3|0.65|1,0.65,0.88,22,3,6.8,parada,60,0.9569487823661583,0.995042960969975
bateria3,Bprima,0.88|22|3|0.65|2,0.65,0.88,22,3,6.8,parada,60,0.9529662382385268,0.9946432184528512
bateria3,Bprima,0.88|22|3|0.65|3,0.65,0.88,22,3,6.8,parada,60,0.9558779353414493,0.9949717745865571
bateria3,Bprima,0.88|22|3|0.65|4,0.65,0.88,22,3,6.8,parada,60,0.956129549914241,0.9950009570905063
bateria3,Bprima,0.88|22|3|0.65|5,0.65,0.88,22,3,6.8,parada,60,0.9583832795814659,0.9952335697621082
bateria3,Bprima,0.88|22|3|0.65|6,0.65,0.88,22,3,6.8,parada,60,0.9529362665747891,0.9945820475157492
bateria3,Bprima,0.88|22|3|0.65|7,0.65,0.88,22,3,6.8,parada,60,0.957054561828265,0.9951047646362617
bateria3,Bprima,0.88|22|3|0.65|8,0.65,0.88,22,3,6.8,parada,60,0.9548488962003158,0.9948962644156243
bateria3,Bprima,0.88|22|3|0.65|9,0.65,0.88,22,3,6.8,parada,60,0.9556335702672443,0.9949171806148863
bateria3,Bprima,0.88|22|3|0.65|10,0.65,0.88,22,3,6.8,parada,60,0.9553002567136626,0.9948732964913065
bateria3,Bprima,0.88|22|4.1|0.3|1,0.3,0.88,22,4.1,6.8,parada,60,0.9756888464765445,0.9984895608350504
bateria3,Bprima,0.88|22|4.1|0.3|2,0.3,0.88,22,4.1,6.8,parada,60,0.9780861863508926,0.9986523065559884
bateria3,Bprima,0.88|22|4.1|0.3|3,0.3,0.88,22,4.1,6.8,parada,60,0.9782189807929565,0.9986643979409124
bateria3,Bprima,0.88|22|4.1|0.3|4,0.3,0.88,22,4.1,6.8,parada,60,0.9763702504478632,0.9985482366405644
bateria3,Bprima,0.88|22|4.1|0.3|5,0.3,0.88,22,4.1,6.8,parada,60,0.9734812998773529,0.998388724824336
bateria3,Bprima,0.88|22|4.1|0.3|6,0.3,0.88,22,4.1,6.8,parada,60,0.9793116521001285,0.9987068475485055
bateria3,Bprima,0.88|22|4.1|0.3|7,0.3,0.88,22,4.1,6.8,parada,60,0.9756021066770103,0.998504216683736
bateria3,Bprima,0.88|22|4.1|0.3|8,0.3,0.88,22,4.1,6.8,parada,60,0.9786988569316496,0.9987006527656118
bateria3,Bprima,0.88|22|4.1|0.3|9,0.3,0.88,22,4.1,6.8,parada,60,0.9762171594885535,0.9985242271517829
bateria3,Bprima,0.88|22|4.1|0.3|10,0.3,0.88,22,4.1,6.8,parada,60,0.9776664278156383,0.9986169363911556
bateria3,Bprima,0.88|22|4.1|0.47|1,0.47,0.88,22,4.1,6.8,parada,60,0.9946766223602488,0.9995609404799719
bateria3,Bprima,0.88|22|4.1|0.47|2,0.47,0.88,22,4.1,6.8,parada,60,0.9956467432509332,0.9996458715118343
bateria3,Bprima,0.88|22|4.1|0.47|3,0.47,0.88,22,4.1,6.8,parada,60,0.994938726900306,0.9995863861757623
bateria3,Bprima,0.88|22|4.1|0.47|4,0.47,0.88,22,4.1,6.8,parada,60,0.9948845380354477,0.9995824421577728
bateria3,Bprima,0.88|22|4.1|0.47|5,0.47,0.88,22,4.1,6.8,parada,60,0.9942690793317149,0.9995292350461928
bateria3,Bprima,0.88|22|4.1|0.47|6,0.47,0.88,22,4.1,6.8,parada,60,0.9959532856398943,0.9996664359692503
bateria3,Bprima,0.88|22|4.1|0.47|7,0.47,0.88,22,4.1,6.8,parada,60,0.9947345520580131,0.9995719716056151
bateria3,Bprima,0.88|22|4.1|0.47|8,0.47,0.88,22,4.1,6.8,parada,60,0.9948069631539872,0.9995804989135129
bateria3,Bprima,0.88|22|4.1|0.47|9,0.47,0.88,22,4.1,6.8,parada,60,0.9948218981495597,0.9995778049939952
bateria3,Bprima,0.88|22|4.1|0.65|1,0.65,0.88,22,4.1,6.8,parada,60,0.9967262862215728,0.9996770211749965
bateria3,Bprima,0.88|22|4.1|0.47|10,0.47,0.88,22,4.1,6.8,parada,60,0.9949991494784761,0.9995874018595506
bateria3,Bprima,0.88|22|4.1|0.65|2,0.65,0.88,22,4.1,6.8,parada,60,0.9963021946948624,0.999637947666101
bateria3,Bprima,0.88|22|4.1|0.65|3,0.65,0.88,22,4.1,6.8,parada,60,0.9962586904379698,0.9996338054820916
bateria3,Bprima,0.88|22|4.1|0.65|4,0.65,0.88,22,4.1,6.8,parada,60,0.9966995691331088,0.9996768542156313
bateria3,Bprima,0.88|22|4.1|0.65|5,0.65,0.88,22,4.1,6.8,parada,60,0.9970236906039562,0.9997075470849189
bateria3,Bprima,0.88|22|4.1|0.65|6,0.65,0.88,22,4.1,6.8,parada,60,0.996423900521008,0.999646712041417
bateria3,Bprima,0.88|22|4.1|0.65|7,0.65,0.88,22,4.1,6.8,parada,60,0.9968840999112649,0.999696479753452
bateria3,Bprima,0.88|22|4.1|0.65|8,0.65,0.88,22,4.1,6.8,parada,60,0.9958791386112597,0.9996008104082893
bateria3,Bprima,0.88|22|6|0.3|1,0.3,0.88,22,6,6.8,parada,60,0.8977612382552964,0.996062536832527
bateria3,Bprima,0.88|22|4.1|0.65|9,0.65,0.88,22,4.1,6.8,parada,60,0.9973753868464886,0.9997421436971174
bateria3,Bprima,0.88|22|4.1|0.65|10,0.65,0.88,22,4.1,6.8,parada,60,0.9957956641850463,0.9995861280399171
bateria3,Bprima,0.88|22|6|0.3|2,0.3,0.88,22,6,6.8,parada,60,0.9069797839899097,0.9964299957923053
bateria3,Bprima,0.88|22|6|0.3|3,0.3,0.88,22,6,6.8,parada,60,0.8977372161153004,0.9961397643021748
bateria3,Bprima,0.88|22|6|0.3|4,0.3,0.88,22,6,6.8,parada,60,0.8974957093119257,0.9960991199248178
bateria3,Bprima,0.88|22|6|0.3|5,0.3,0.88,22,6,6.8,parada,60,0.8856336034326578,0.9957383878544904
bateria3,Bprima,0.88|22|6|0.3|6,0.3,0.88,22,6,6.8,parada,60,0.9008214989134734,0.9961902894720125
bateria3,Bprima,0.88|22|6|0.3|7,0.3,0.88,22,6,6.8,parada,60,0.9018528085578886,0.9961681868755158
bateria3,Bprima,0.88|22|6|0.3|8,0.3,0.88,22,6,6.8,parada,60,0.9054165065192233,0.9964029643338105
bateria3,Bprima,0.88|22|6|0.3|9,0.3,0.88,22,6,6.8,parada,60,0.901646095602426,0.9962447922590671
bateria3,Bprima,0.88|22|6|0.3|10,0.3,0.88,22,6,6.8,parada,60,0.8982046991688509,0.996136030207316
bateria3,Bprima,0.88|22|6|0.47|1,0.47,0.88,22,6,6.8,parada,60,0.9646527038079833,0.9978360485252292
bateria3,Bprima,0.88|22|6|0.47|2,0.47,0.88,22,6,6.8,parada,60,0.9685369749420402,0.9980623745946426
bateria3,Bprima,0.88|22|6|0.47|3,0.47,0.88,22,6,6.8,parada,60,0.9672874578869683,0.9980322967400804
bateria3,Bprima,0.88|22|6|0.47|4,0.47,0.88,22,6,6.8,parada,60,0.9657901322197933,0.9979315650667517
bateria3,Bprima,0.88|22|6|0.47|5,0.47,0.88,22,6,6.8,parada,60,0.9617105647734165,0.9977319411334834
bateria3,Bprima,0.88|22|6|0.47|6,0.47,0.88,22,6,6.8,parada,60,0.9677275349278077,0.99802005916272
bateria3,Bprima,0.88|22|6|0.47|7,0.47,0.88,22,6,6.8,parada,60,0.965718050323694,0.9978929013872051
bateria3,Bprima,0.88|22|6|0.47|8,0.47,0.88,22,6,6.8,parada,60,0.9691964009770813,0.9981461204095496
bateria3,Bprima,0.88|22|6|0.47|9,0.47,0.88,22,6,6.8,parada,60,0.9667555166852035,0.9979688609569197
bateria3,Bprima,0.88|22|6|0.47|10,0.47,0.88,22,6,6.8,parada,60,0.9658389626015337,0.9979212464215327
bateria3,Bprima,0.88|22|6|0.65|1,0.65,0.88,22,6,6.8,parada,60,0.9887399271285621,0.9991062834538761
bateria3,Bprima,0.88|22|6|0.65|2,0.65,0.88,22,6,6.8,parada,60,0.990092022364361,0.9992143210127565
bateria3,Bprima,0.88|22|6|0.65|3,0.65,0.88,22,6,6.8,parada,60,0.9901046784001146,0.9992214301613312
bateria3,Bprima,0.88|22|6|0.65|4,0.65,0.88,22,6,6.8,parada,60,0.9891630366203973,0.9991452385895767
bateria3,Bprima,0.88|22|6|0.65|5,0.65,0.88,22,6,6.8,parada,60,0.9876339841088525,0.9990347537195139
bateria3,Bprima,0.88|22|6|0.65|6,0.65,0.88,22,6,6.8,parada,60,0.9905518264069781,0.9992463948570478
bateria3,Bprima,0.88|22|6|0.65|7,0.65,0.88,22,6,6.8,parada,60,0.9892086092751204,0.9991464461880252
bateria3,Bprima,0.88|22|6|0.65|8,0.65,0.88,22,6,6.8,parada,60,0.9903958032015139,0.9992473171667079
bateria3,Bprima,0.88|22|6|0.65|9,0.65,0.88,22,6,6.8,parada,60,0.989697985447709,0.9991830870613759
bateria3,Bprima,0.88|22|6|0.65|10,0.65,0.88,22,6,6.8,parada,60,0.9895997279972906,0.999176866520762
bateria3,Bprima,0.88|25|3|0.3|1,0.3,0.88,25,3,6.8,parada,60,0.7780444117880322,0.994055033495743
bateria3,Bprima,0.88|25|3|0.3|2,0.3,0.88,25,3,6.8,parada,60,0.7450990717071659,0.9936864424028883
bateria3,Bprima,0.88|25|3|0.3|3,0.3,0.88,25,3,6.8,parada,60,0.7506031821113744,0.993472031261369
bateria3,Bprima,0.88|25|3|0.3|4,0.3,0.88,25,3,6.8,parada,60,0.7555929739001924,0.9936968072540566
bateria3,Bprima,0.88|25|3|0.3|5,0.3,0.88,25,3,6.8,parada,60,0.75689003451727,0.9934012853682719
bateria3,Bprima,0.88|25|3|0.3|6,0.3,0.88,25,3,6.8,parada,60,0.767540774633623,0.9941446736370263
bateria3,Bprima,0.88|25|3|0.3|7,0.3,0.88,25,3,6.8,parada,60,0.7513365209367017,0.9936435838139979
bateria3,Bprima,0.88|25|3|0.3|8,0.3,0.88,25,3,6.8,parada,60,0.7362164263342253,0.9933016203627656
bateria3,Bprima,0.88|25|3|0.3|9,0.3,0.88,25,3,6.8,parada,60,0.7592392723934227,0.9938583687390248
bateria3,Bprima,0.88|25|3|0.3|10,0.3,0.88,25,3,6.8,parada,60,0.7585924430923617,0.9935081987287177
bateria3,Bprima,0.88|25|3|0.47|1,0.47,0.88,25,3,6.8,parada,60,0.8882167931765839,0.9956938317393981
bateria3,Bprima,0.88|25|3|0.47|2,0.47,0.88,25,3,6.8,parada,60,0.8670119445036406,0.9951812537874756
bateria3,Bprima,0.88|25|3|0.47|3,0.47,0.88,25,3,6.8,parada,60,0.8722871440412675,0.9951691432007053
bateria3,Bprima,0.88|25|3|0.47|4,0.47,0.88,25,3,6.8,parada,60,0.8766897008718865,0.9953990964278098
bateria3,Bprima,0.88|25|3|0.47|5,0.47,0.88,25,3,6.8,parada,60,0.8778064887758288,0.9952546720601999
bateria3,Bprima,0.88|25|3|0.47|6,0.47,0.88,25,3,6.8,parada,60,0.8780335396881968,0.9955389797937215
bateria3,Bprima,0.88|25|3|0.47|7,0.47,0.88,25,3,6.8,parada,60,0.8754259378296282,0.9953948172474762
bateria3,Bprima,0.88|25|3|0.47|8,0.47,0.88,25,3,6.8,parada,60,0.8653211537000991,0.9950117293622293
bateria3,Bprima,0.88|25|3|0.47|9,0.47,0.88,25,3,6.8,parada,60,0.877711750032248,0.9954655218452462
bateria3,Bprima,0.88|25|3|0.47|10,0.47,0.88,25,3,6.8,parada,60,0.8774884911297643,0.995266024399276
bateria3,Bprima,0.88|25|3|0.65|1,0.65,0.88,25,3,6.8,parada,60,0.9215596340228205,0.9963982770578772
bateria3,Bprima,0.88|25|3|0.65|2,0.65,0.88,25,3,6.8,parada,60,0.9113407918373067,0.996146840814985
bateria3,Bprima,0.88|25|3|0.65|3,0.65,0.88,25,3,6.8,parada,60,0.9162298190299957,0.9962029400267949
bateria3,Bprima,0.88|25|3|0.65|4,0.65,0.88,25,3,6.8,parada,60,0.9204359985180716,0.9964114021065428
bateria3,Bprima,0.88|25|3|0.65|5,0.65,0.88,25,3,6.8,parada,60,0.922884377600587,0.9964316439601003
bateria3,Bprima,0.88|25|3|0.65|6,0.65,0.88,25,3,6.8,parada,60,0.9134291567186147,0.9961951433938041
bateria3,Bprima,0.88|25|3|0.65|7,0.65,0.88,25,3,6.8,parada,60,0.9225528047298237,0.996550140561258
bateria3,Bprima,0.88|25|3|0.65|8,0.65,0.88,25,3,6.8,parada,60,0.9134749153638992,0.9961407067503442
bateria3,Bprima,0.88|25|3|0.65|9,0.65,0.88,25,3,6.8,parada,60,0.9183857661004754,0.9963763229745339
bateria3,Bprima,0.88|25|3|0.65|10,0.65,0.88,25,3,6.8,parada,60,0.9172890523202072,0.9961749456180194
bateria3,Bprima,0.88|25|4.1|0.3|1,0.3,0.88,25,4.1,6.8,parada,60,0.6876415816586746,0.992972411066629
bateria3,Bprima,0.88|25|4.1|0.3|2,0.3,0.88,25,4.1,6.8,parada,60,0.6518844214591456,0.9927758459499344
bateria3,Bprima,0.88|25|4.1|0.3|3,0.3,0.88,25,4.1,6.8,parada,60,0.6567789836341399,0.9924644691248855
bateria3,Bprima,0.88|25|4.1|0.3|4,0.3,0.88,25,4.1,6.8,parada,60,0.6605822516121419,0.9926729914650165
bateria3,Bprima,0.88|25|4.1|0.3|5,0.3,0.88,25,4.1,6.8,parada,60,0.661786630289355,0.9923063396507663
bateria3,Bprima,0.88|25|4.1|0.3|6,0.3,0.88,25,4.1,6.8,parada,60,0.6793822753087305,0.9932089014113181
bateria3,Bprima,0.88|25|4.1|0.3|7,0.3,0.88,25,4.1,6.8,parada,60,0.6559103512393496,0.9926173444273535
bateria3,Bprima,0.88|25|4.1|0.3|8,0.3,0.88,25,4.1,6.8,parada,60,0.6393021399834725,0.9923418053115671
bateria3,Bprima,0.88|25|4.1|0.3|9,0.3,0.88,25,4.1,6.8,parada,60,0.6659599911750735,0.9928585391284392
bateria3,Bprima,0.88|25|4.1|0.3|10,0.3,0.88,25,4.1,6.8,parada,60,0.666604716370845,0.9924324645365131
bateria3,Bprima,0.88|25|4.1|0.47|1,0.47,0.88,25,4.1,6.8,parada,60,0.7875668066860296,0.9930430565317814
bateria3,Bprima,0.88|25|4.1|0.47|2,0.47,0.88,25,4.1,6.8,parada,60,0.7604132838025162,0.9926269936523958
bateria3,Bprima,0.88|25|4.1|0.47|3,0.47,0.88,25,4.1,6.8,parada,60,0.7649031375680756,0.9924335493419484
bateria3,Bprima,0.88|25|4.1|0.47|4,0.47,0.88,25,4.1,6.8,parada,60,0.7688889132415616,0.9926574814442088
bateria3,Bprima,0.88|25|4.1|0.47|5,0.47,0.88,25,4.1,6.8,parada,60,0.7707871848256656,0.9924042213824147
bateria3,Bprima,0.88|25|4.1|0.47|6,0.47,0.88,25,4.1,6.8,parada,60,0.7786231998471566,0.9931011549430574
bateria3,Bprima,0.88|25|4.1|0.47|7,0.47,0.88,25,4.1,6.8,parada,60,0.7656629455808498,0.9926042247897026
bateria3,Bprima,0.88|25|4.1|0.47|8,0.47,0.88,25,4.1,6.8,parada,60,0.7525714937659694,0.9922348559249543
bateria3,Bprima,0.88|25|4.1|0.47|9,0.47,0.88,25,4.1,6.8,parada,60,0.7724346564894325,0.9928255428526822
bateria3,Bprima,0.88|25|4.1|0.47|10,0.47,0.88,25,4.1,6.8,parada,60,0.7716290970724081,0.9925002584223003
bateria3,Bprima,0.88|25|4.1|0.65|1,0.65,0.88,25,4.1,6.8,parada,60,0.8677494321288935,0.9943860410269256
bateria3,Bprima,0.88|25|4.1|0.65|2,0.65,0.88,25,4.1,6.8,parada,60,0.847326581772507,0.9938539516414546
bateria3,Bprima,0.88|25|4.1|0.65|3,0.65,0.88,25,4.1,6.8,parada,60,0.8514380695039853,0.9937962716946575
bateria3,Bprima,0.88|25|4.1|0.65|5,0.65,0.88,25,4.1,6.8,parada,60,0.8563051271863305,0.9938663141188294
bateria3,Bprima,0.88|25|4.1|0.65|4,0.65,0.88,25,4.1,6.8,parada,60,0.8542164274690025,0.9939955694796194
bateria3,Bprima,0.88|25|4.1|0.65|6,0.65,0.88,25,4.1,6.8,parada,60,0.8585194108198024,0.9942654211823766
bateria3,Bprima,0.88|25|4.1|0.65|7,0.65,0.88,25,4.1,6.8,parada,60,0.8531156961592391,0.9939839401667893
bateria3,Bprima,0.88|25|4.1|0.65|8,0.65,0.88,25,4.1,6.8,parada,60,0.8432573193016769,0.9935861070298141
bateria3,Bprima,0.88|25|4.1|0.65|9,0.65,0.88,25,4.1,6.8,parada,60,0.8572506568829569,0.994136566506716
bateria3,Bprima,0.88|25|4.1|0.65|10,0.65,0.88,25,4.1,6.8,parada,60,0.8559631144875604,0.9938966092863329
bateria3,Bprima,0.88|25|6|0.3|1,0.3,0.88,25,6,6.8,parada,60,0.5602286081648151,0.9936463326094047
bateria3,Bprima,0.88|25|6|0.3|2,0.3,0.88,25,6,6.8,parada,60,0.5218792736108468,0.9935928337969532
bateria3,Bprima,0.88|25|6|0.3|3,0.3,0.88,25,6,6.8,parada,60,0.5226556623693729,0.9933302475072956
bateria3,Bprima,0.88|25|6|0.3|4,0.3,0.88,25,6,6.8,parada,60,0.5273170095488053,0.9934454350490451
bateria3,Bprima,0.88|25|6|0.3|5,0.3,0.88,25,6,6.8,parada,60,0.5168998845855703,0.9932000569055193
bateria3,Bprima,0.88|25|6|0.3|6,0.3,0.88,25,6,6.8,parada,60,0.5599325365176713,0.9939416776931514
bateria3,Bprima,0.88|25|6|0.3|7,0.3,0.88,25,6,6.8,parada,60,0.5261774097046612,0.9933706351457438
bateria3,Bprima,0.88|25|6|0.3|8,0.3,0.88,25,6,6.8,parada,60,0.5049312414753849,0.9932050097539944
bateria3,Bprima,0.88|25|6|0.3|9,0.3,0.88,25,6,6.8,parada,60,0.5411937262426033,0.9935500622043429
bateria3,Bprima,0.88|25|6|0.3|10,0.3,0.88,25,6,6.8,parada,60,0.5362624835659106,0.9932113699163999
bateria3,Bprima,0.88|25|6|0.47|2,0.47,0.88,25,6,6.8,parada,60,0.6120785222803161,0.9917922607527884
bateria3,Bprima,0.88|25|6|0.47|1,0.47,0.88,25,6,6.8,parada,60,0.6455035107258071,0.9919097366031264
bateria3,Bprima,0.88|25|6|0.47|3,0.47,0.88,25,6,6.8,parada,60,0.617277540980547,0.99139606426863
bateria3,Bprima,0.88|25|6|0.47|4,0.47,0.88,25,6,6.8,parada,60,0.619610131993737,0.9916157038709088
bateria3,Bprima,0.88|25|6|0.47|5,0.47,0.88,25,6,6.8,parada,60,0.6200707884948613,0.9912892104639545
bateria3,Bprima,0.88|25|6|0.47|6,0.47,0.88,25,6,6.8,parada,60,0.6401532142517093,0.9921461637219342
bateria3,Bprima,0.88|25|6|0.47|7,0.47,0.88,25,6,6.8,parada,60,0.6151768620749924,0.9915586971723096
bateria3,Bprima,0.88|25|6|0.47|8,0.47,0.88,25,6,6.8,parada,60,0.5994571636561844,0.9912956647714548
bateria3,Bprima,0.88|25|6|0.47|9,0.47,0.88,25,6,6.8,parada,60,0.6265384541806899,0.9917679455704084
bateria3,Bprima,0.88|25|6|0.47|10,0.47,0.88,25,6,6.8,parada,60,0.6270234895949789,0.9913830226753375
bateria3,Bprima,0.88|25|6|0.65|1,0.65,0.88,25,6,6.8,parada,60,0.7048857304870478,0.9911884741189924
bateria3,Bprima,0.88|25|6|0.65|2,0.65,0.88,25,6,6.8,parada,60,0.6765725020011037,0.9909189678886181
bateria3,Bprima,0.88|25|6|0.65|3,0.65,0.88,25,6,6.8,parada,60,0.6804325350307511,0.9906301759639664
bateria3,Bprima,0.88|25|6|0.65|4,0.65,0.88,25,6,6.8,parada,60,0.6830625534914956,0.9908389507389299
bateria3,Bprima,0.88|25|6|0.65|5,0.65,0.88,25,6,6.8,parada,60,0.6853577349925835,0.9905336854540578
bateria3,Bprima,0.88|25|6|0.65|6,0.65,0.88,25,6,6.8,parada,60,0.6975975897790961,0.9913888324570779
bateria3,Bprima,0.88|25|6|0.65|7,0.65,0.88,25,6,6.8,parada,60,0.6798281448567653,0.9907794840041311
bateria3,Bprima,0.88|25|6|0.65|8,0.65,0.88,25,6,6.8,parada,60,0.6664617910853846,0.9904661136119697
bateria3,Bprima,0.88|25|6|0.65|9,0.65,0.88,25,6,6.8,parada,60,0.6877668010066404,0.9910431997095701
bateria3,Bprima,0.88|25|6|0.65|10,0.65,0.88,25,6,6.8,parada,60,0.6881493107874873,0.9906639727979732
bateria3,Bprima,0.88|28|3|0.3|1,0.3,0.88,28,3,6.8,parada,60,0.010368797866721593,0.9908843005672432
bateria3,Bprima,0.88|28|3|0.3|2,0.3,0.88,28,3,6.8,parada,60,-0.024692607457455402,0.9892661120258864
bateria3,Bprima,0.88|28|3|0.3|3,0.3,0.88,28,3,6.8,parada,60,0.018515439146364866,0.989895370040662
bateria3,Bprima,0.88|28|3|0.3|4,0.3,0.88,28,3,6.8,parada,60,-0.008867518766397749,0.9901398086124906
bateria3,Bprima,0.88|28|3|0.3|5,0.3,0.88,28,3,6.8,parada,60,0.040884132609189106,0.990246051525468
bateria3,Bprima,0.88|28|3|0.3|6,0.3,0.88,28,3,6.8,parada,60,-0.027074548782489726,0.9900393559491844
bateria3,Bprima,0.88|28|3|0.3|7,0.3,0.88,28,3,6.8,parada,60,-0.014409607955745897,0.9900210420519314
bateria3,Bprima,0.88|28|3|0.3|8,0.3,0.88,28,3,6.8,parada,60,-0.010547434219378461,0.9889630370449299
bateria3,Bprima,0.88|28|3|0.3|9,0.3,0.88,28,3,6.8,parada,60,0.005376933838862789,0.990202948705918
bateria3,Bprima,0.88|28|3|0.3|10,0.3,0.88,28,3,6.8,parada,60,0.026734843990787308,0.990315332491318
bateria3,Bprima,0.88|28|3|0.47|2,0.47,0.88,28,3,6.8,parada,60,0.13410879274540533,0.9870662698251483
bateria3,Bprima,0.88|28|3|0.47|1,0.47,0.88,28,3,6.8,parada,60,0.15739907502127476,0.9888088241610588
bateria3,Bprima,0.88|28|3|0.47|3,0.47,0.88,28,3,6.8,parada,60,0.17102022689699953,0.9879108378410565
bateria3,Bprima,0.88|28|3|0.47|4,0.47,0.88,28,3,6.8,parada,60,0.14898267877141178,0.9880510255869827
bateria3,Bprima,0.88|28|3|0.47|5,0.47,0.88,28,3,6.8,parada,60,0.18352513621928568,0.9882816372971991
bateria3,Bprima,0.88|28|3|0.47|6,0.47,0.88,28,3,6.8,parada,60,0.12324558780473037,0.9878492439249171
bateria3,Bprima,0.88|28|3|0.47|7,0.47,0.88,28,3,6.8,parada,60,0.1477927012358236,0.9879802163663982
bateria3,Bprima,0.88|28|3|0.47|8,0.47,0.88,28,3,6.8,parada,60,0.1521916344554461,0.9869860153675725
bateria3,Bprima,0.88|28|3|0.47|9,0.47,0.88,28,3,6.8,parada,60,0.1596394247575049,0.9881798281156654
bateria3,Bprima,0.88|28|3|0.47|10,0.47,0.88,28,3,6.8,parada,60,0.1704752834978851,0.9883527965816308
bateria3,Bprima,0.88|28|3|0.65|1,0.65,0.88,28,3,6.8,parada,60,0.28091472303122483,0.9887301078504177
bateria3,Bprima,0.88|28|3|0.65|2,0.65,0.88,28,3,6.8,parada,60,0.26629114892473416,0.9873208352717029
bateria3,Bprima,0.88|28|3|0.65|3,0.65,0.88,28,3,6.8,parada,60,0.2980506103889389,0.9880554403909931
bateria3,Bprima,0.88|28|3|0.65|4,0.65,0.88,28,3,6.8,parada,60,0.28161849157509705,0.9881648034615185
bateria3,Bprima,0.88|28|3|0.65|5,0.65,0.88,28,3,6.8,parada,60,0.3049276352565778,0.9884860428025237
bateria3,Bprima,0.88|28|3|0.65|6,0.65,0.88,28,3,6.8,parada,60,0.25392682510800063,0.9878613401136442
bateria3,Bprima,0.88|28|3|0.65|7,0.65,0.88,28,3,6.8,parada,60,0.2835456242146421,0.9881995816576874
bateria3,Bprima,0.88|28|3|0.65|8,0.65,0.88,28,3,6.8,parada,60,0.2878775446608753,0.9873359729677824
bateria3,Bprima,0.88|28|3|0.65|9,0.65,0.88,28,3,6.8,parada,60,0.2886374250857198,0.9882394233108198
bateria3,Bprima,0.88|28|3|0.65|10,0.65,0.88,28,3,6.8,parada,60,0.29169728037347564,0.9883369454496002
bateria3,Bprima,0.88|28|4.1|0.3|1,0.3,0.88,28,4.1,6.8,parada,60,-0.10300121504527308,0.9920897479214569
bateria3,Bprima,0.88|28|4.1|0.3|2,0.3,0.88,28,4.1,6.8,parada,60,-0.14562195575023668,0.9906614275364722
bateria3,Bprima,0.88|28|4.1|0.3|3,0.3,0.88,28,4.1,6.8,parada,60,-0.1012747147854851,0.991148560469762
bateria3,Bprima,0.88|28|4.1|0.3|4,0.3,0.88,28,4.1,6.8,parada,60,-0.12873444365803474,0.9914188662675615
bateria3,Bprima,0.88|28|4.1|0.3|5,0.3,0.88,28,4.1,6.8,parada,60,-0.0721364047401342,0.9914379782910392
bateria3,Bprima,0.88|28|4.1|0.3|6,0.3,0.88,28,4.1,6.8,parada,60,-0.1396635181373437,0.9914242964275609
bateria3,Bprima,0.88|28|4.1|0.3|7,0.3,0.88,28,4.1,6.8,parada,60,-0.13699239473607988,0.991310712116094
bateria3,Bprima,0.88|28|4.1|0.3|8,0.3,0.88,28,4.1,6.8,parada,60,-0.13584508731586864,0.99037277229747
bateria3,Bprima,0.88|28|4.1|0.3|9,0.3,0.88,28,4.1,6.8,parada,60,-0.1142976203658196,0.9914718493267941
bateria3,Bprima,0.88|28|4.1|0.47|1,0.47,0.88,28,4.1,6.8,parada,60,-0.01553005396355369,0.9889511226940759
bateria3,Bprima,0.88|28|4.1|0.3|10,0.3,0.88,28,4.1,6.8,parada,60,-0.0828102634812112,0.9914750914431102
bateria3,Bprima,0.88|28|4.1|0.47|2,0.47,0.88,28,4.1,6.8,parada,60,-0.048333528805243255,0.987243260356799
bateria3,Bprima,0.88|28|4.1|0.47|3,0.47,0.88,28,4.1,6.8,parada,60,-0.009452402956971329,0.9878827571086016
bateria3,Bprima,0.88|28|4.1|0.47|4,0.47,0.88,28,4.1,6.8,parada,60,-0.03387980987150151,0.9881539450337243
bateria3,Bprima,0.88|28|4.1|0.47|5,0.47,0.88,28,4.1,6.8,parada,60,0.011795073387440838,0.9882646915881218
bateria3,Bprima,0.88|28|4.1|0.47|6,0.47,0.88,28,4.1,6.8,parada,60,-0.05004637455730636,0.9880469059034928
bateria3,Bprima,0.88|28|4.1|0.47|7,0.47,0.88,28,4.1,6.8,parada,60,-0.038333537095928384,0.9880099244665942
bateria3,Bprima,0.88|28|4.1|0.47|8,0.47,0.88,28,4.1,6.8,parada,60,-0.03516163540909538,0.9869147205406751
bateria3,Bprima,0.88|28|4.1|0.47|9,0.47,0.88,28,4.1,6.8,parada,60,-0.021178466572052284,0.9882132538281049
bateria3,Bprima,0.88|28|4.1|0.47|10,0.47,0.88,28,4.1,6.8,parada,60,-0.0005963957990051807,0.9883256523891413
bateria3,Bprima,0.88|28|4.1|0.65|1,0.65,0.88,28,4.1,6.8,parada,60,0.07540805311402396,0.9865833592563091
bateria3,Bprima,0.88|28|4.1|0.65|2,0.65,0.88,28,4.1,6.8,parada,60,0.050455736180826376,0.9846920312570909
bateria3,Bprima,0.88|28|4.1|0.65|3,0.65,0.88,28,4.1,6.8,parada,60,0.08478917886773804,0.9855190642791241
bateria3,Bprima,0.88|28|4.1|0.65|4,0.65,0.88,28,4.1,6.8,parada,60,0.0636756417060268,0.985708328881539
bateria3,Bprima,0.88|28|4.1|0.65|5,0.65,0.88,28,4.1,6.8,parada,60,0.09984881256956367,0.9859300103738355
bateria3,Bprima,0.88|28|4.1|0.65|6,0.65,0.88,28,4.1,6.8,parada,60,0.042946858043716944,0.9855272412696886
bateria3,Bprima,0.88|28|4.1|0.65|7,0.65,0.88,28,4.1,6.8,parada,60,0.0618408978529999,0.9855889063139103
bateria3,Bprima,0.88|28|4.1|0.65|8,0.65,0.88,28,4.1,6.8,parada,60,0.06568365507115623,0.9844946838803003
bateria3,Bprima,0.88|28|4.1|0.65|9,0.65,0.88,28,4.1,6.8,parada,60,0.07388324069689571,0.9858224002957062
bateria3,Bprima,0.88|28|4.1|0.65|10,0.65,0.88,28,4.1,6.8,parada,60,0.0876445780392528,0.9860481185681506
bateria3,Bprima,0.88|28|6|0.3|1,0.3,0.88,28,6,6.8,parada,60,-0.19219240300283416,0.9947503423281402
bateria3,Bprima,0.88|28|6|0.3|2,0.3,0.88,28,6,6.8,parada,60,-0.24837447095850002,0.9941415960728629
bateria3,Bprima,0.88|28|6|0.3|3,0.3,0.88,28,6,6.8,parada,60,-0.19884838452775022,0.9943229980800299
bateria3,Bprima,0.88|28|6|0.3|4,0.3,0.88,28,6,6.8,parada,60,-0.2291632971042637,0.9947213466126532
bateria3,Bprima,0.88|28|6|0.3|5,0.3,0.88,28,6,6.8,parada,60,-0.158495003263068,0.9944794017291059
bateria3,Bprima,0.88|28|6|0.3|6,0.3,0.88,28,6,6.8,parada,60,-0.23335619740078833,0.9945522312816599
bateria3,Bprima,0.88|28|6|0.3|7,0.3,0.88,28,6,6.8,parada,60,-0.24389271319491884,0.9946931103014403
bateria3,Bprima,0.88|28|6|0.3|8,0.3,0.88,28,6,6.8,parada,60,-0.24276505436689558,0.9937525909750125
bateria3,Bprima,0.88|28|6|0.3|9,0.3,0.88,28,6,6.8,parada,60,-0.21120810198248952,0.994570627140363
bateria3,Bprima,0.88|28|6|0.3|10,0.3,0.88,28,6,6.8,parada,60,-0.17101829385455825,0.9945617678511571
bateria3,Bprima,0.88|28|6|0.47|1,0.47,0.88,28,6,6.8,parada,60,-0.15966920530007558,0.992552440207778
bateria3,Bprima,0.88|28|6|0.47|2,0.47,0.88,28,6,6.8,parada,60,-0.20502085717203522,0.9912398699468915
bateria3,Bprima,0.88|28|6|0.47|3,0.47,0.88,28,6,6.8,parada,60,-0.16142246728699255,0.991640968150391
bateria3,Bprima,0.88|28|6|0.47|4,0.47,0.88,28,6,6.8,parada,60,-0.18801246290017182,0.9919659784254087
bateria3,Bprima,0.88|28|6|0.47|5,0.47,0.88,28,6,6.8,parada,60,-0.12962135600361752,0.9918917038909234
bateria3,Bprima,0.88|28|6|0.47|6,0.47,0.88,28,6,6.8,parada,60,-0.19547756931056268,0.991988205701006
bateria3,Bprima,0.88|28|6|0.47|7,0.47,0.88,28,6,6.8,parada,60,-0.19649104446646473,0.991855887518057
bateria3,Bprima,0.88|28|6|0.47|8,0.47,0.88,28,6,6.8,parada,60,-0.19756080736593673,0.9909555787946466
bateria3,Bprima,0.88|28|6|0.47|9,0.47,0.88,28,6,6.8,parada,60,-0.17355842107265076,0.9919481504958039
bateria3,Bprima,0.88|28|6|0.47|10,0.47,0.88,28,6,6.8,parada,60,-0.13875402887074104,0.9919696072823713
bateria3,Bprima,0.88|28|6|0.65|1,0.65,0.88,28,6,6.8,parada,60,-0.12581537756212188,0.9905040488477342
bateria3,Bprima,0.88|28|6|0.65|2,0.65,0.88,28,6,6.8,parada,60,-0.16502628329487584,0.9889827649298487
bateria3,Bprima,0.88|28|6|0.65|3,0.65,0.88,28,6,6.8,parada,60,-0.12456761070327044,0.9894629663428167
bateria3,Bprima,0.94|22|3|0.3|1,0.3,0.94,22,3,6.8,parada,60,0.9870214660628936,0.9991696891821557
bateria3,Bprima,0.88|28|6|0.65|4,0.65,0.88,28,6,6.8,parada,60,-0.14945993446198366,0.9897769684864094
bateria3,Bprima,0.94|22|3|0.3|2,0.3,0.94,22,3,6.8,parada,60,0.989654708375573,0.9993513991024287
bateria3,Bprima,0.88|28|6|0.65|5,0.65,0.88,28,6,6.8,parada,60,-0.09815859060184197,0.9897723038817267
bateria3,Bprima,0.88|28|6|0.65|6,0.65,0.88,28,6,6.8,parada,60,-0.1592834109652918,0.9897796631602328
bateria3,Bprima,0.88|28|6|0.65|7,0.65,0.88,28,6,6.8,parada,60,-0.15584150110253098,0.9896462559265514
bateria3,Bprima,0.88|28|6|0.65|8,0.65,0.88,28,6,6.8,parada,60,-0.15505800610231896,0.9886883130627453
bateria3,Bprima,0.88|28|6|0.65|9,0.65,0.88,28,6,6.8,parada,60,-0.1367599009606593,0.9898194210453396
bateria3,Bprima,0.94|22|3|0.3|3,0.3,0.94,22,3,6.8,parada,60,0.9883293260540569,0.9992633044230856
bateria3,Bprima,0.88|28|6|0.65|10,0.65,0.88,28,6,6.8,parada,60,-0.1074433059131048,0.9898385108590814
bateria3,Bprima,0.94|22|3|0.3|4,0.3,0.94,22,3,6.8,parada,60,0.9874839276250569,0.9992125297052591
bateria3,Bprima,0.94|22|3|0.3|5,0.3,0.94,22,3,6.8,parada,60,0.9855125281996473,0.9990812767912828
bateria3,Bprima,0.94|22|3|0.3|6,0.3,0.94,22,3,6.8,parada,60,0.9899665167222245,0.9993591716495116
bateria3,Bprima,0.94|22|3|0.3|7,0.3,0.94,22,3,6.8,parada,60,0.9875976818276704,0.9992238181950457
bateria3,Bprima,0.94|22|3|0.3|8,0.3,0.94,22,3,6.8,parada,60,0.9877257470614381,0.9992402586254033
bateria3,Bprima,0.94|22|3|0.3|9,0.3,0.94,22,3,6.8,parada,60,0.9874383456021711,0.9992086913945197
bateria3,Bprima,0.94|22|3|0.3|10,0.3,0.94,22,3,6.8,parada,60,0.9882690528752555,0.9992489036711513
bateria3,Bprima,0.94|22|3|0.47|1,0.47,0.94,22,3,6.8,parada,60,0.99463630101771,0.9995381780792005
bateria3,Bprima,0.94|22|3|0.47|2,0.47,0.94,22,3,6.8,parada,60,0.9938733504081524,0.99947843249955
bateria3,Bprima,0.94|22|3|0.47|3,0.47,0.94,22,3,6.8,parada,60,0.9939447952376386,0.9994846919287397
bateria3,Bprima,0.94|22|3|0.47|4,0.47,0.94,22,3,6.8,parada,60,0.9946059732805801,0.9995406453712952
bateria3,Bprima,0.94|22|3|0.47|5,0.47,0.94,22,3,6.8,parada,60,0.9952125273701985,0.9995899392012129
bateria3,Bprima,0.94|22|3|0.47|6,0.47,0.94,22,3,6.8,parada,60,0.9941611919744465,0.9994967141871424
bateria3,Bprima,0.94|22|3|0.47|7,0.47,0.94,22,3,6.8,parada,60,0.9948995318365503,0.9995686792203591
bateria3,Bprima,0.94|22|3|0.47|8,0.47,0.94,22,3,6.8,parada,60,0.9931137111587138,0.9994219979737933
bateria3,Bprima,0.94|22|3|0.47|9,0.47,0.94,22,3,6.8,parada,60,0.9957300685398859,0.9996345245879819
bateria3,Bprima,0.94|22|3|0.47|10,0.47,0.94,22,3,6.8,parada,60,0.9930824581653636,0.9994059286705336
bateria3,Bprima,0.94|22|3|0.65|1,0.65,0.94,22,3,6.8,parada,60,0.9476907903549746,0.9940995521151238
bateria3,Bprima,0.94|22|3|0.65|2,0.65,0.94,22,3,6.8,parada,60,0.9430476442030093,0.9936525137746158
bateria3,Bprima,0.94|22|3|0.65|3,0.65,0.94,22,3,6.8,parada,60,0.9465830981644856,0.9940394975434192
bateria3,Bprima,0.94|22|3|0.65|4,0.65,0.94,22,3,6.8,parada,60,0.9467438848088678,0.9940644561936207
bateria3,Bprima,0.94|22|3|0.65|5,0.65,0.94,22,3,6.8,parada,60,0.949468444067871,0.994335633092782
bateria3,Bprima,0.94|22|3|0.65|6,0.65,0.94,22,3,6.8,parada,60,0.943051774587368,0.9935763606415715
bateria3,Bprima,0.94|22|3|0.65|7,0.65,0.94,22,3,6.8,parada,60,0.9476815408250533,0.9941641684437825
bateria3,Bprima,0.94|22|3|0.65|8,0.65,0.94,22,3,6.8,parada,60,0.945131826657231,0.993939159756493
bateria3,Bprima,0.94|22|3|0.65|9,0.65,0.94,22,3,6.8,parada,60,0.9461953065280091,0.9939636439178677
bateria3,Bprima,0.94|22|3|0.65|10,0.65,0.94,22,3,6.8,parada,60,0.9458604969030717,0.9939209804844253
bateria3,Bprima,0.94|22|4.1|0.3|1,0.3,0.94,22,4.1,6.8,parada,60,0.9761219738830311,0.998549453641771
bateria3,Bprima,0.94|22|4.1|0.3|2,0.3,0.94,22,4.1,6.8,parada,60,0.9788503000147849,0.998745107733327
bateria3,Bprima,0.94|22|4.1|0.3|3,0.3,0.94,22,4.1,6.8,parada,60,0.9778902306626371,0.998670815926779
bateria3,Bprima,0.94|22|4.1|0.3|4,0.3,0.94,22,4.1,6.8,parada,60,0.9765684127881515,0.9985983201932063
bateria3,Bprima,0.94|22|4.1|0.3|5,0.3,0.94,22,4.1,6.8,parada,60,0.9738597996082973,0.9984337272149463
bateria3,Bprima,0.94|22|4.1|0.3|6,0.3,0.94,22,4.1,6.8,parada,60,0.9794484833644621,0.9987468404993867
bateria3,Bprima,0.94|22|4.1|0.3|7,0.3,0.94,22,4.1,6.8,parada,60,0.9756874800682224,0.9985581197784261
bateria3,Bprima,0.94|22|4.1|0.3|8,0.3,0.94,22,4.1,6.8,parada,60,0.9781898946267878,0.998712527555857
bateria3,Bprima,0.94|22|4.1|0.3|9,0.3,0.94,22,4.1,6.8,parada,60,0.9756679144440267,0.9985347776645855
bateria3,Bprima,0.94|22|4.1|0.3|10,0.3,0.94,22,4.1,6.8,parada,60,0.9780949516566432,0.9986689208319475
bateria3,Bprima,0.94|22|4.1|0.47|1,0.47,0.94,22,4.1,6.8,parada,60,0.9951933588909081,0.9996217026821389
bateria3,Bprima,0.94|22|4.1|0.47|2,0.47,0.94,22,4.1,6.8,parada,60,0.9961367850514795,0.9997004622227784
bateria3,Bprima,0.94|22|4.1|0.47|3,0.47,0.94,22,4.1,6.8,parada,60,0.9954679865899365,0.999647040685915
bateria3,Bprima,0.94|22|4.1|0.47|4,0.47,0.94,22,4.1,6.8,parada,60,0.9954127286300164,0.9996431097925224
bateria3,Bprima,0.94|22|4.1|0.47|5,0.47,0.94,22,4.1,6.8,parada,60,0.9948244980972046,0.9995944940430995
bateria3,Bprima,0.94|22|4.1|0.47|6,0.47,0.94,22,4.1,6.8,parada,60,0.9964982404122279,0.9997245920220368
bateria3,Bprima,0.94|22|4.1|0.47|7,0.47,0.94,22,4.1,6.8,parada,60,0.9952195457468984,0.9996299962426255
bateria3,Bprima,0.94|22|4.1|0.47|8,0.47,0.94,22,4.1,6.8,parada,60,0.9952608565171964,0.9996358047039602
bateria3,Bprima,0.94|22|4.1|0.47|9,0.47,0.94,22,4.1,6.8,parada,60,0.9954371524719877,0.9996454257322187
bateria3,Bprima,0.94|22|4.1|0.47|10,0.47,0.94,22,4.1,6.8,parada,60,0.9954736796921957,0.9996436961117755
bateria3,Bprima,0.94|22|4.1|0.65|1,0.65,0.94,22,4.1,6.8,parada,60,0.995775852820159,0.9995960028060815
bateria3,Bprima,0.94|22|4.1|0.65|2,0.65,0.94,22,4.1,6.8,parada,60,0.9951064629835877,0.9995358956684551
bateria3,Bprima,0.94|22|4.1|0.65|3,0.65,0.94,22,4.1,6.8,parada,60,0.9952672973711035,0.9995512975324191
bateria3,Bprima,0.94|22|4.1|0.65|4,0.65,0.94,22,4.1,6.8,parada,60,0.9957166598976191,0.9995937307237731
bateria3,Bprima,0.94|22|4.1|0.65|5,0.65,0.94,22,4.1,6.8,parada,60,0.9962459714265364,0.9996423293406858
bateria3,Bprima,0.94|22|4.1|0.65|7,0.65,0.94,22,4.1,6.8,parada,60,0.9959736000065053,0.9996202912543336
bateria3,Bprima,0.94|22|4.1|0.65|6,0.65,0.94,22,4.1,6.8,parada,60,0.9952891317989069,0.9995486758374736
bateria3,Bprima,0.94|22|4.1|0.65|8,0.65,0.94,22,4.1,6.8,parada,60,0.9947738369331252,0.999510284577985
bateria3,Bprima,0.94|22|4.1|0.65|9,0.65,0.94,22,4.1,6.8,parada,60,0.9964730977962868,0.999664051498702
bateria3,Bprima,0.94|22|4.1|0.65|10,0.65,0.94,22,4.1,6.8,parada,60,0.9946994826664135,0.9994943249208477
bateria3,Bprima,0.94|22|6|0.3|2,0.3,0.94,22,6,6.8,parada,60,0.9415757517823624,0.9975365474145585
bateria3,Bprima,0.94|22|6|0.3|1,0.3,0.94,22,6,6.8,parada,60,0.9349753022354329,0.9972581375151464
bateria3,Bprima,0.94|22|6|0.3|3,0.3,0.94,22,6,6.8,parada,60,0.9368862958985689,0.9974145896761742
bateria3,Bprima,0.94|22|6|0.3|4,0.3,0.94,22,6,6.8,parada,60,0.9356024100317994,0.9973313181127317
bateria3,Bprima,0.94|22|6|0.3|5,0.3,0.94,22,6,6.8,parada,60,0.9267466488112451,0.9970431564864054
bateria3,Bprima,0.94|22|6|0.3|6,0.3,0.94,22,6,6.8,parada,60,0.9387066697960288,0.9974217124884922
bateria3,Bprima,0.94|22|6|0.3|7,0.3,0.94,22,6,6.8,parada,60,0.9365128998890851,0.9972955258651307
bateria3,Bprima,0.94|22|6|0.3|8,0.3,0.94,22,6,6.8,parada,60,0.9425875889375243,0.9976392808609464
bateria3,Bprima,0.94|22|6|0.3|9,0.3,0.94,22,6,6.8,parada,60,0.9368095057256501,0.9973515348830888
bateria3,Bprima,0.94|22|6|0.3|10,0.3,0.94,22,6,6.8,parada,60,0.9367582695275667,0.9973729653438468
bateria3,Bprima,0.94|22|6|0.47|1,0.47,0.94,22,6,6.8,parada,60,0.9754776658842453,0.9984357001275654
bateria3,Bprima,0.94|22|6|0.47|2,0.47,0.94,22,6,6.8,parada,60,0.977690723608297,0.9985805027402808
bateria3,Bprima,0.94|22|6|0.47|3,0.47,0.94,22,6,6.8,parada,60,0.9780491689110594,0.9986199185065584
bateria3,Bprima,0.94|22|6|0.47|4,0.47,0.94,22,6,6.8,parada,60,0.9762396344557895,0.998497339544255
bateria3,Bprima,0.94|22|6|0.47|5,0.47,0.94,22,6,6.8,parada,60,0.9733671089575844,0.9983439016255833
bateria3,Bprima,0.94|22|6|0.47|6,0.47,0.94,22,6,6.8,parada,60,0.978650118014912,0.9986307633016558
bateria3,Bprima,0.94|22|6|0.47|7,0.47,0.94,22,6,6.8,parada,60,0.9755997870703782,0.9984527665997416
bateria3,Bprima,0.94|22|6|0.47|8,0.47,0.94,22,6,6.8,parada,60,0.9790977294050858,0.9986904998241678
bateria3,Bprima,0.94|22|6|0.47|9,0.47,0.94,22,6,6.8,parada,60,0.9765791240783803,0.9985086637003985
bateria3,Bprima,0.94|22|6|0.47|10,0.47,0.94,22,6,6.8,parada,60,0.9773870091353757,0.998565690245268
bateria3,Bprima,0.94|22|6|0.65|1,0.65,0.94,22,6,6.8,parada,60,0.9911759882606047,0.9992967986478456
bateria3,Bprima,0.94|22|6|0.65|2,0.65,0.94,22,6,6.8,parada,60,0.992380688935875,0.9993998061181587
bateria3,Bprima,0.94|22|6|0.65|3,0.65,0.94,22,6,6.8,parada,60,0.991888844834821,0.9993571966156871
bateria3,Bprima,0.94|22|6|0.65|4,0.65,0.94,22,6,6.8,parada,60,0.9913324070178672,0.9993154668159738
bateria3,Bprima,0.94|22|6|0.65|5,0.65,0.94,22,6,6.8,parada,60,0.9903060699196542,0.999236266724931
bateria3,Bprima,0.94|22|6|0.65|6,0.65,0.94,22,6,6.8,parada,60,0.9926120209296898,0.9994077195960204
bateria3,Bprima,0.94|22|6|0.65|7,0.65,0.94,22,6,6.8,parada,60,0.9913088334335856,0.9993154912407567
bateria3,Bprima,0.94|22|6|0.65|8,0.65,0.94,22,6,6.8,parada,60,0.9916607700702398,0.9993458305990494
bateria3,Bprima,0.94|22|6|0.65|9,0.65,0.94,22,6,6.8,parada,60,0.9910454229949694,0.9992882965869356
bateria3,Bprima,0.94|22|6|0.65|10,0.65,0.94,22,6,6.8,parada,60,0.9919668373678812,0.9993596541859407
bateria3,Bprima,0.94|25|3|0.3|1,0.3,0.94,25,3,6.8,parada,60,0.782590754078363,0.99480201718331
bateria3,Bprima,0.94|25|3|0.3|2,0.3,0.94,25,3,6.8,parada,60,0.7452518422132178,0.994429056116844
bateria3,Bprima,0.94|25|3|0.3|3,0.3,0.94,25,3,6.8,parada,60,0.7523943449196862,0.9942347813338398
bateria3,Bprima,0.94|25|3|0.3|4,0.3,0.94,25,3,6.8,parada,60,0.7580519588988713,0.9944525578816276
bateria3,Bprima,0.94|25|3|0.3|5,0.3,0.94,25,3,6.8,parada,60,0.7590960462288242,0.9941427588008556
bateria3,Bprima,0.94|25|3|0.3|6,0.3,0.94,25,3,6.8,parada,60,0.7705781883213175,0.9948832027517307
bateria3,Bprima,0.94|25|3|0.3|7,0.3,0.94,25,3,6.8,parada,60,0.7532517931898073,0.994406259531339
bateria3,Bprima,0.94|25|3|0.3|8,0.3,0.94,25,3,6.8,parada,60,0.7363894307575665,0.9940760630083753
bateria3,Bprima,0.94|25|3|0.3|9,0.3,0.94,25,3,6.8,parada,60,0.7613792771752849,0.9946028240630191
bateria3,Bprima,0.94|25|3|0.3|10,0.3,0.94,25,3,6.8,parada,60,0.7609366123898283,0.9942528578568344
bateria3,Bprima,0.94|25|3|0.47|1,0.47,0.94,25,3,6.8,parada,60,0.8907427188522105,0.9961424400549709
bateria3,Bprima,0.94|25|3|0.47|2,0.47,0.94,25,3,6.8,parada,60,0.8677701895280824,0.9956409518072293
bateria3,Bprima,0.94|25|3|0.47|3,0.47,0.94,25,3,6.8,parada,60,0.8741569587193251,0.995645298217964
bateria3,Bprima,0.94|25|3|0.47|4,0.47,0.94,25,3,6.8,parada,60,0.879417175851748,0.9958837356482015
bateria3,Bprima,0.94|25|3|0.47|5,0.47,0.94,25,3,6.8,parada,60,0.8798623998717433,0.9957184993646869
bateria3,Bprima,0.94|25|3|0.47|6,0.47,0.94,25,3,6.8,parada,60,0.879520901224081,0.9959826610916829
bateria3,Bprima,0.94|25|3|0.47|7,0.47,0.94,25,3,6.8,parada,60,0.8778004051740538,0.9958775078570355
bateria3,Bprima,0.94|25|3|0.47|8,0.47,0.94,25,3,6.8,parada,60,0.8672693956482791,0.9955115657411582
bateria3,Bprima,0.94|25|3|0.47|9,0.47,0.94,25,3,6.8,parada,60,0.8792877490507083,0.9959163891888224
bateria3,Bprima,0.94|25|3|0.47|10,0.47,0.94,25,3,6.8,parada,60,0.8796776107072204,0.9957287353276432
bateria3,Bprima,0.94|25|3|0.65|2,0.65,0.94,25,3,6.8,parada,60,0.9048836095290327,0.9962219768460083
bateria3,Bprima,0.94|25|3|0.65|1,0.65,0.94,25,3,6.8,parada,60,0.9149529560059141,0.9964119929073241
bateria3,Bprima,0.94|25|3|0.65|3,0.65,0.94,25,3,6.8,parada,60,0.9102300458011667,0.9962656774684137
bateria3,Bprima,0.94|25|3|0.65|4,0.65,0.94,25,3,6.8,parada,60,0.9145381938755178,0.9964650405135151
bateria3,Bprima,0.94|25|3|0.65|5,0.65,0.94,25,3,6.8,parada,60,0.9175684956244307,0.996485399552669
bateria3,Bprima,0.94|25|3|0.65|6,0.65,0.94,25,3,6.8,parada,60,0.9063191540890885,0.9962317272879382
bateria3,Bprima,0.94|25|3|0.65|7,0.65,0.94,25,3,6.8,parada,60,0.9176016360690532,0.9966315869834959
bateria3,Bprima,0.94|25|3|0.65|8,0.65,0.94,25,3,6.8,parada,60,0.9078075373753347,0.996234757439488
bateria3,Bprima,0.94|25|3|0.65|9,0.65,0.94,25,3,6.8,parada,60,0.9121172132800227,0.996425926819635
bateria3,Bprima,0.94|25|3|0.65|10,0.65,0.94,25,3,6.8,parada,60,0.9109745314220401,0.9962102222797736
bateria3,Bprima,0.94|25|4.1|0.3|1,0.3,0.94,25,4.1,6.8,parada,60,0.6899755357556814,0.9938201348818858
bateria3,Bprima,0.94|25|4.1|0.3|2,0.3,0.94,25,4.1,6.8,parada,60,0.6492994511889042,0.993629456471808
bateria3,Bprima,0.94|25|4.1|0.3|3,0.3,0.94,25,4.1,6.8,parada,60,0.6553647321909977,0.9933248202170104
bateria3,Bprima,0.94|25|4.1|0.3|4,0.3,0.94,25,4.1,6.8,parada,60,0.6597410829979371,0.9935268641809235
bateria3,Bprima,0.94|25|4.1|0.3|5,0.3,0.94,25,4.1,6.8,parada,60,0.6607815190985589,0.993149236857036
bateria3,Bprima,0.94|25|4.1|0.3|6,0.3,0.94,25,4.1,6.8,parada,60,0.6802664415301047,0.994050691536984
bateria3,Bprima,0.94|25|4.1|0.3|7,0.3,0.94,25,4.1,6.8,parada,60,0.654186669769735,0.9934774706324939
bateria3,Bprima,0.94|25|4.1|0.3|8,0.3,0.94,25,4.1,6.8,parada,60,0.6359525384551138,0.9932199179932543
bateria3,Bprima,0.94|25|4.1|0.3|9,0.3,0.94,25,4.1,6.8,parada,60,0.6651177475289128,0.9937101687629326
bateria3,Bprima,0.94|25|4.1|0.3|10,0.3,0.94,25,4.1,6.8,parada,60,0.6659925788804782,0.993279360207539
bateria3,Bprima,0.94|25|4.1|0.47|1,0.47,0.94,25,4.1,6.8,parada,60,0.7921594124546318,0.993748373492198
bateria3,Bprima,0.94|25|4.1|0.47|2,0.47,0.94,25,4.1,6.8,parada,60,0.7622168100984522,0.993328464635574
bateria3,Bprima,0.94|25|4.1|0.47|3,0.47,0.94,25,4.1,6.8,parada,60,0.7673973169880083,0.9931434590105843
bateria3,Bprima,0.94|25|4.1|0.47|5,0.47,0.94,25,4.1,6.8,parada,60,0.7737101241734647,0.9931000644699863
bateria3,Bprima,0.94|25|4.1|0.47|4,0.47,0.94,25,4.1,6.8,parada,60,0.7718381566303694,0.9933617164237659
bateria3,Bprima,0.94|25|4.1|0.47|6,0.47,0.94,25,4.1,6.8,parada,60,0.7820366739483202,0.9938002159690498
bateria3,Bprima,0.94|25|4.1|0.47|7,0.47,0.94,25,4.1,6.8,parada,60,0.7683989802446298,0.9933190418041861
bateria3,Bprima,0.94|25|4.1|0.47|8,0.47,0.94,25,4.1,6.8,parada,60,0.7542436125842868,0.9929584581850409
bateria3,Bprima,0.94|25|4.1|0.47|9,0.47,0.94,25,4.1,6.8,parada,60,0.7753451125166925,0.9935270168967955
bateria3,Bprima,0.94|25|4.1|0.47|10,0.47,0.94,25,4.1,6.8,parada,60,0.7746413574870658,0.9931993197674732
bateria3,Bprima,0.94|25|4.1|0.65|1,0.65,0.94,25,4.1,6.8,parada,60,0.8720833072075733,0.9949255896009201
bateria3,Bprima,0.94|25|4.1|0.65|2,0.65,0.94,25,4.1,6.8,parada,60,0.8501683054181667,0.9943929329215606
bateria3,Bprima,0.94|25|4.1|0.65|3,0.65,0.94,25,4.1,6.8,parada,60,0.8549424754646348,0.9943473864011777
bateria3,Bprima,0.94|25|4.1|0.65|4,0.65,0.94,25,4.1,6.8,parada,60,0.8582353716879932,0.9945550997052183
bateria3,Bprima,0.94|25|4.1|0.65|5,0.65,0.94,25,4.1,6.8,parada,60,0.8600384965472551,0.9944099928127077
bateria3,Bprima,0.94|25|4.1|0.65|6,0.65,0.94,25,4.1,6.8,parada,60,0.8619282337666213,0.9947927358347171
bateria3,Bprima,0.94|25|4.1|0.65|7,0.65,0.94,25,4.1,6.8,parada,60,0.8570712041333376,0.9945479603235394
bateria3,Bprima,0.94|25|4.1|0.65|8,0.65,0.94,25,4.1,6.8,parada,60,0.8466894980409625,0.994157133371068
bateria3,Bprima,0.94|25|4.1|0.65|9,0.65,0.94,25,4.1,6.8,parada,60,0.8608087237681161,0.9946757401994056
bateria3,Bprima,0.94|25|4.1|0.65|10,0.65,0.94,25,4.1,6.8,parada,60,0.8597840879471649,0.9944431796448845
bateria3,Bprima,0.94|25|6|0.3|1,0.3,0.94,25,6,6.8,parada,60,0.5763088154339507,0.9943030467370091
bateria3,Bprima,0.94|25|6|0.3|2,0.3,0.94,25,6,6.8,parada,60,0.5293925452234748,0.9943175527582229
bateria3,Bprima,0.94|25|6|0.3|3,0.3,0.94,25,6,6.8,parada,60,0.5357377370550459,0.9939416617191329
bateria3,Bprima,0.94|25|6|0.3|4,0.3,0.94,25,6,6.8,parada,60,0.5387157566420232,0.9941139965513388
bateria3,Bprima,0.94|25|6|0.3|5,0.3,0.94,25,6,6.8,parada,60,0.5333505922489012,0.9938136938557421
bateria3,Bprima,0.94|25|6|0.3|6,0.3,0.94,25,6,6.8,parada,60,0.573510484706653,0.9945664996282004
bateria3,Bprima,0.94|25|6|0.3|7,0.3,0.94,25,6,6.8,parada,60,0.5335334791730796,0.9940726237366063
bateria3,Bprima,0.94|25|6|0.3|8,0.3,0.94,25,6,6.8,parada,60,0.5116231365605115,0.9938707393075211
bateria3,Bprima,0.94|25|6|0.3|9,0.3,0.94,25,6,6.8,parada,60,0.5507243154862745,0.9942164170910218
bateria3,Bprima,0.94|25|6|0.3|10,0.3,0.94,25,6,6.8,parada,60,0.5509718502017196,0.9938347601378394
bateria3,Bprima,0.94|25|6|0.47|1,0.47,0.94,25,6,6.8,parada,60,0.6471851011283994,0.9926978244461889
bateria3,Bprima,0.94|25|6|0.47|2,0.47,0.94,25,6,6.8,parada,60,0.6094709693791055,0.9925904026932938
bateria3,Bprima,0.94|25|6|0.47|3,0.47,0.94,25,6,6.8,parada,60,0.6150410684043814,0.992228565763775
bateria3,Bprima,0.94|25|6|0.47|4,0.47,0.94,25,6,6.8,parada,60,0.6182191774091869,0.992423917185799
bateria3,Bprima,0.94|25|6|0.47|5,0.47,0.94,25,6,6.8,parada,60,0.6197068102756821,0.9920394421133962
bateria3,Bprima,0.94|25|6|0.47|6,0.47,0.94,25,6,6.8,parada,60,0.6397644178124404,0.9929789078988454
bateria3,Bprima,0.94|25|6|0.47|7,0.47,0.94,25,6,6.8,parada,60,0.6129962091306467,0.9923738823278547
bateria3,Bprima,0.94|25|6|0.47|8,0.47,0.94,25,6,6.8,parada,60,0.5958891871178409,0.9921355669518637
bateria3,Bprima,0.94|25|6|0.47|9,0.47,0.94,25,6,6.8,parada,60,0.6243836359684236,0.9926120108309322
bateria3,Bprima,0.94|25|6|0.47|10,0.47,0.94,25,6,6.8,parada,60,0.6259091476916201,0.9921828670155395
bateria3,Bprima,0.94|25|6|0.65|1,0.65,0.94,25,6,6.8,parada,60,0.707105828115057,0.9919559076962157
bateria3,Bprima,0.94|25|6|0.65|2,0.65,0.94,25,6,6.8,parada,60,0.6758340862040164,0.9916850656444338
bateria3,Bprima,0.94|25|6|0.65|3,0.65,0.94,25,6,6.8,parada,60,0.6802845239938698,0.9914014428924268
bateria3,Bprima,0.94|25|6|0.65|4,0.65,0.94,25,6,6.8,parada,60,0.6833215688952401,0.99160985306038
bateria3,Bprima,0.94|25|6|0.65|5,0.65,0.94,25,6,6.8,parada,60,0.6854883496240621,0.991287956188136
bateria3,Bprima,0.94|25|6|0.65|6,0.65,0.94,25,6,6.8,parada,60,0.6986957595018879,0.9921543489783232
bateria3,Bprima,0.94|25|6|0.65|7,0.65,0.94,25,6,6.8,parada,60,0.6795796890840659,0.991550619384153
bateria3,Bprima,0.94|25|6|0.65|8,0.65,0.94,25,6,6.8,parada,60,0.6652562898715171,0.9912461851146478
bateria3,Bprima,0.94|25|6|0.65|9,0.65,0.94,25,6,6.8,parada,60,0.6879869376024645,0.9918084652075198
bateria3,Bprima,0.94|25|6|0.65|10,0.65,0.94,25,6,6.8,parada,60,0.6886519594384299,0.9914236424825135
bateria3,Bprima,0.94|28|3|0.3|1,0.3,0.94,28,3,6.8,parada,60,0.02296063924371976,0.9925945537089269
bateria3,Bprima,0.94|28|3|0.3|2,0.3,0.94,28,3,6.8,parada,60,-0.014930792469116527,0.9910905303393067
bateria3,Bprima,0.94|28|3|0.3|3,0.3,0.94,28,3,6.8,parada,60,0.03300100098005141,0.9916912046183658
bateria3,Bprima,0.94|28|3|0.3|4,0.3,0.94,28,3,6.8,parada,60,0.0023445240803340924,0.9919065397457284
bateria3,Bprima,0.94|28|3|0.3|6,0.3,0.94,28,3,6.8,parada,60,-0.018026535850026774,0.9918269708823968
bateria3,Bprima,0.94|28|3|0.3|5,0.3,0.94,28,3,6.8,parada,60,0.05725785335657272,0.9919914376244658
bateria3,Bprima,0.94|28|3|0.3|7,0.3,0.94,28,3,6.8,parada,60,-0.00432099823043426,0.9918119432264131
bateria3,Bprima,0.94|28|3|0.3|8,0.3,0.94,28,3,6.8,parada,60,-0.0005953448556080659,0.9908132468323639
bateria3,Bprima,0.94|28|3|0.3|9,0.3,0.94,28,3,6.8,parada,60,0.018410425670893685,0.991973535008109
bateria3,Bprima,0.94|28|3|0.3|10,0.3,0.94,28,3,6.8,parada,60,0.04170973296656915,0.992064196013535
bateria3,Bprima,0.94|28|3|0.47|1,0.47,0.94,28,3,6.8,parada,60,0.1713003792476436,0.990575959359324
bateria3,Bprima,0.94|28|3|0.47|2,0.47,0.94,28,3,6.8,parada,60,0.14741590385923567,0.9889359821432633
bateria3,Bprima,0.94|28|3|0.47|3,0.47,0.94,28,3,6.8,parada,60,0.18787822298041884,0.9897498518232137
bateria3,Bprima,0.94|28|3|0.47|4,0.47,0.94,28,3,6.8,parada,60,0.16344537801463774,0.9898756945787461
bateria3,Bprima,0.94|28|3|0.47|5,0.47,0.94,28,3,6.8,parada,60,0.20000478307427458,0.990083652119179
bateria3,Bprima,0.94|28|3|0.47|6,0.47,0.94,28,3,6.8,parada,60,0.1353064366207371,0.9896992682595631
bateria3,Bprima,0.94|28|3|0.47|7,0.47,0.94,28,3,6.8,parada,60,0.16192412113393995,0.9898237555989892
bateria3,Bprima,0.94|28|3|0.47|8,0.47,0.94,28,3,6.8,parada,60,0.16669766897693872,0.9888718803161678
bateria3,Bprima,0.94|28|3|0.47|9,0.47,0.94,28,3,6.8,parada,60,0.17555251408376363,0.9899982362483518
bateria3,Bprima,0.94|28|3|0.47|10,0.47,0.94,28,3,6.8,parada,60,0.18611040425603867,0.9901406530518788
bateria3,Bprima,0.94|28|3|0.65|1,0.65,0.94,28,3,6.8,parada,60,0.29429855828255025,0.9903604596640267
bateria3,Bprima,0.94|28|3|0.65|2,0.65,0.94,28,3,6.8,parada,60,0.28005359747604947,0.9890392192405211
bateria3,Bprima,0.94|28|3|0.65|3,0.65,0.94,28,3,6.8,parada,60,0.31421785219950826,0.9897301974796426
bateria3,Bprima,0.94|28|3|0.65|4,0.65,0.94,28,3,6.8,parada,60,0.2964446762261972,0.9898386065992429
bateria3,Bprima,0.94|28|3|0.65|5,0.65,0.94,28,3,6.8,parada,60,0.3207759967714076,0.9901275884401223
bateria3,Bprima,0.94|28|3|0.65|6,0.65,0.94,28,3,6.8,parada,60,0.2665161974199875,0.9895507080093244
bateria3,Bprima,0.94|28|3|0.65|7,0.65,0.94,28,3,6.8,parada,60,0.2985195642255445,0.9898745006674785
bateria3,Bprima,0.94|28|3|0.65|8,0.65,0.94,28,3,6.8,parada,60,0.30324921036172114,0.9890484132557263
bateria3,Bprima,0.94|28|3|0.65|9,0.65,0.94,28,3,6.8,parada,60,0.3042556448182935,0.9899122119903552
bateria3,Bprima,0.94|28|3|0.65|10,0.65,0.94,28,3,6.8,parada,60,0.3063725528721728,0.9899869611115513
bateria3,Bprima,0.94|28|4.1|0.3|1,0.3,0.94,28,4.1,6.8,parada,60,-0.09229710221869888,0.9936687639374956
bateria3,Bprima,0.94|28|4.1|0.3|2,0.3,0.94,28,4.1,6.8,parada,60,-0.14015095804084668,0.9923513877355644
bateria3,Bprima,0.94|28|4.1|0.3|3,0.3,0.94,28,4.1,6.8,parada,60,-0.09023102108313923,0.9928086164038433
bateria3,Bprima,0.94|28|4.1|0.3|5,0.3,0.94,28,4.1,6.8,parada,60,-0.057978626228787924,0.9930618630419508
bateria3,Bprima,0.94|28|4.1|0.3|4,0.3,0.94,28,4.1,6.8,parada,60,-0.12148621640498905,0.9930569930783387
bateria3,Bprima,0.94|28|4.1|0.3|6,0.3,0.94,28,4.1,6.8,parada,60,-0.13314617389859632,0.9930690863005006
bateria3,Bprima,0.94|28|4.1|0.3|7,0.3,0.94,28,4.1,6.8,parada,60,-0.1311146717521471,0.9929718132436437
bateria3,Bprima,0.94|28|4.1|0.3|8,0.3,0.94,28,4.1,6.8,parada,60,-0.1300679295869303,0.9920887482017114
bateria3,Bprima,0.94|28|4.1|0.3|9,0.3,0.94,28,4.1,6.8,parada,60,-0.10486639022877862,0.9931183634318462
bateria3,Bprima,0.94|28|4.1|0.3|10,0.3,0.94,28,4.1,6.8,parada,60,-0.06944020452886193,0.9931045422016994
bateria3,Bprima,0.94|28|4.1|0.47|1,0.47,0.94,28,4.1,6.8,parada,60,-0.0043268277511442094,0.9907378625594248
bateria3,Bprima,0.94|28|4.1|0.47|2,0.47,0.94,28,4.1,6.8,parada,60,-0.03972871522044754,0.9891231820507601
bateria3,Bprima,0.94|28|4.1|0.47|3,0.47,0.94,28,4.1,6.8,parada,60,0.003310923149136914,0.9897342107126574
bateria3,Bprima,0.94|28|4.1|0.47|4,0.47,0.94,28,4.1,6.8,parada,60,-0.02385061484398864,0.9899892322811737
bateria3,Bprima,0.94|28|4.1|0.47|5,0.47,0.94,28,4.1,6.8,parada,60,0.026321838645283795,0.9900887706024295
bateria3,Bprima,0.94|28|4.1|0.47|6,0.47,0.94,28,4.1,6.8,parada,60,-0.04128986001268577,0.9898965507503614
bateria3,Bprima,0.94|28|4.1|0.47|8,0.47,0.94,28,4.1,6.8,parada,60,-0.025593187787528518,0.9888207524715373
bateria3,Bprima,0.94|28|4.1|0.47|7,0.47,0.94,28,4.1,6.8,parada,60,-0.029212274103597724,0.9898728442745022
bateria3,Bprima,0.94|28|4.1|0.47|9,0.47,0.94,28,4.1,6.8,parada,60,-0.009735081563894011,0.9900533846698415
bateria3,Bprima,0.94|28|4.1|0.47|10,0.47,0.94,28,4.1,6.8,parada,60,0.012815274354037441,0.9901519351578995
bateria3,Bprima,0.94|28|4.1|0.65|1,0.65,0.94,28,4.1,6.8,parada,60,0.0878923916864464,0.9884520840045437
bateria3,Bprima,0.94|28|4.1|0.65|2,0.65,0.94,28,4.1,6.8,parada,60,0.06176249340329705,0.9866535401790132
bateria3,Bprima,0.94|28|4.1|0.65|3,0.65,0.94,28,4.1,6.8,parada,60,0.09897378386553285,0.9874455638837041
bateria3,Bprima,0.94|28|4.1|0.65|4,0.65,0.94,28,4.1,6.8,parada,60,0.07577837089937293,0.9876274885631704
bateria3,Bprima,0.94|28|4.1|0.65|5,0.65,0.94,28,4.1,6.8,parada,60,0.11494601644758874,0.9878311892961885
bateria3,Bprima,0.94|28|4.1|0.65|6,0.65,0.94,28,4.1,6.8,parada,60,0.05320560645623175,0.9874619029154347
bateria3,Bprima,0.94|28|4.1|0.65|7,0.65,0.94,28,4.1,6.8,parada,60,0.07361466241401209,0.9875287703803263
bateria3,Bprima,0.94|28|4.1|0.65|8,0.65,0.94,28,4.1,6.8,parada,60,0.07791335213858756,0.9864633245976531
bateria3,Bprima,0.94|28|4.1|0.65|10,0.65,0.94,28,4.1,6.8,parada,60,0.10140534751904962,0.9879420839784724
bateria3,Bprima,0.94|28|4.1|0.65|9,0.65,0.94,28,4.1,6.8,parada,60,0.08747757564327585,0.9877442859934938
bateria3,Bprima,0.94|28|6|0.3|1,0.3,0.94,28,6,6.8,parada,60,-0.1799509415615003,0.9958951941955461
bateria3,Bprima,0.94|28|6|0.3|2,0.3,0.94,28,6,6.8,parada,60,-0.24209438709502512,0.9951229770837217
bateria3,Bprima,0.94|28|6|0.3|3,0.3,0.94,28,6,6.8,parada,60,-0.1873907248140099,0.9953751402929317
bateria3,Bprima,0.94|28|6|0.3|4,0.3,0.94,28,6,6.8,parada,60,-0.22086266432331353,0.9956900876048845
bateria3,Bprima,0.94|28|6|0.3|5,0.3,0.94,28,6,6.8,parada,60,-0.14207539113196302,0.9955055681758339
bateria3,Bprima,0.94|28|6|0.3|6,0.3,0.94,28,6,6.8,parada,60,-0.22533671586774406,0.995630619900276
bateria3,Bprima,0.94|28|6|0.3|7,0.3,0.94,28,6,6.8,parada,60,-0.2361496204464892,0.9956223262776767
bateria3,Bprima,0.94|28|6|0.3|8,0.3,0.94,28,6,6.8,parada,60,-0.23777766978018355,0.9948456931610694
bateria3,Bprima,0.94|28|6|0.3|9,0.3,0.94,28,6,6.8,parada,60,-0.20102247831476194,0.9956016310275368
bateria3,Bprima,0.94|28|6|0.3|10,0.3,0.94,28,6,6.8,parada,60,-0.15268888747043138,0.995597436391972
bateria3,Bprima,0.94|28|6|0.47|1,0.47,0.94,28,6,6.8,parada,60,-0.15080387958778405,0.9940609844977636
bateria3,Bprima,0.94|28|6|0.47|2,0.47,0.94,28,6,6.8,parada,60,-0.20116817496513745,0.9928333147863992
bateria3,Bprima,0.94|28|6|0.47|3,0.47,0.94,28,6,6.8,parada,60,-0.15209770655857005,0.9932173804465028
bateria3,Bprima,0.94|28|6|0.47|4,0.47,0.94,28,6,6.8,parada,60,-0.1824209474026181,0.9934969565288972
bateria3,Bprima,0.94|28|6|0.47|5,0.47,0.94,28,6,6.8,parada,60,-0.11685162043070567,0.9934364344807681
bateria3,Bprima,0.94|28|6|0.47|6,0.47,0.94,28,6,6.8,parada,60,-0.18992744670450634,0.9935228766185084
bateria3,Bprima,0.94|28|6|0.47|8,0.47,0.94,28,6,6.8,parada,60,-0.19403983631650318,0.9925886307460297
bateria3,Bprima,0.94|28|6|0.47|7,0.47,0.94,28,6,6.8,parada,60,-0.19248603251809684,0.9934174197815606
bateria3,Bprima,0.94|28|6|0.47|9,0.47,0.94,28,6,6.8,parada,60,-0.16625165915636686,0.993518485646451
bateria3,Bprima,0.94|28|6|0.47|10,0.47,0.94,28,6,6.8,parada,60,-0.12610653912281314,0.9935018534113057
bateria3,Bprima,0.94|28|6|0.65|1,0.65,0.94,28,6,6.8,parada,60,-0.11755918631830099,0.9922015112583442
bateria3,Bprima,0.98|22|3|0.3|1,0.3,0.98,22,3,6.8,parada,60,0.9872762920374735,0.9992290416231694
bateria3,Bprima,0.98|22|3|0.3|2,0.3,0.98,22,3,6.8,parada,60,0.9900572399639704,0.9994108251259398
bateria3,Bprima,0.94|28|6|0.65|2,0.65,0.94,28,6,6.8,parada,60,-0.16050602273345682,0.9907767826129031
bateria3,Bprima,0.94|28|6|0.65|3,0.65,0.94,28,6,6.8,parada,60,-0.11605861937925475,0.9912365663949737
bateria3,Bprima,0.94|28|6|0.65|4,0.65,0.94,28,6,6.8,parada,60,-0.1434550998785028,0.9915274697149264
bateria3,Bprima,0.94|28|6|0.65|5,0.65,0.94,28,6,6.8,parada,60,-0.08618339059138623,0.9915097329936611
bateria3,Bprima,0.94|28|6|0.65|6,0.65,0.94,28,6,6.8,parada,60,-0.15376981487903907,0.9915441153917847
bateria3,Bprima,0.94|28|6|0.65|7,0.65,0.94,28,6,6.8,parada,60,-0.1513853562951017,0.9914367922269787
bateria3,Bprima,0.94|28|6|0.65|8,0.65,0.94,28,6,6.8,parada,60,-0.15048256681501093,0.9904995386053015
bateria3,Bprima,0.94|28|6|0.65|9,0.65,0.94,28,6,6.8,parada,60,-0.12942518160542069,0.991579136541394
bateria3,Bprima,0.94|28|6|0.65|10,0.65,0.94,28,6,6.8,parada,60,-0.09586202047070866,0.9915793459630784
bateria3,Bprima,0.98|22|3|0.3|3,0.3,0.98,22,3,6.8,parada,60,0.9887255443828346,0.999327232700696
bateria3,Bprima,0.98|22|3|0.3|4,0.3,0.98,22,3,6.8,parada,60,0.987799766314265,0.9992743941140992
bateria3,Bprima,0.98|22|3|0.3|5,0.3,0.98,22,3,6.8,parada,60,0.9857623649971153,0.999145747633743
bateria3,Bprima,0.98|22|3|0.3|6,0.3,0.98,22,3,6.8,parada,60,0.9904299701227772,0.9994213591571436
bateria3,Bprima,0.98|22|3|0.3|7,0.3,0.98,22,3,6.8,parada,60,0.9879066658378485,0.9992850940533298
bateria3,Bprima,0.98|22|3|0.3|8,0.3,0.98,22,3,6.8,parada,60,0.9880189120710245,0.9993003390455969
bateria3,Bprima,0.98|22|3|0.3|9,0.3,0.98,22,3,6.8,parada,60,0.9878083254250001,0.9992736924552049
bateria3,Bprima,0.98|22|3|0.3|10,0.3,0.98,22,3,6.8,parada,60,0.9885601153010424,0.9993066575733871
bateria3,Bprima,0.98|22|3|0.47|1,0.47,0.98,22,3,6.8,parada,60,0.9936113227579834,0.9994672518658225
bateria3,Bprima,0.98|22|3|0.47|2,0.47,0.98,22,3,6.8,parada,60,0.9925630522725158,0.9993874881039658
bateria3,Bprima,0.98|22|3|0.47|3,0.47,0.98,22,3,6.8,parada,60,0.9928515361017964,0.9994113300836541
bateria3,Bprima,0.98|22|3|0.47|4,0.47,0.98,22,3,6.8,parada,60,0.9935466210076414,0.9994680965731804
bateria3,Bprima,0.98|22|3|0.47|5,0.47,0.98,22,3,6.8,parada,60,0.9943646092635058,0.9995324864932446
bateria3,Bprima,0.98|22|3|0.47|6,0.47,0.98,22,3,6.8,parada,60,0.9929307320053324,0.9994097151801843
bateria3,Bprima,0.98|22|3|0.47|7,0.47,0.98,22,3,6.8,parada,60,0.9939199765637855,0.9995026071227152
bateria3,Bprima,0.98|22|3|0.47|8,0.47,0.98,22,3,6.8,parada,60,0.9918553678863978,0.9993394858642082
bateria3,Bprima,0.98|22|3|0.47|9,0.47,0.98,22,3,6.8,parada,60,0.994773492131182,0.9995666869762022
bateria3,Bprima,0.98|22|3|0.47|10,0.47,0.98,22,3,6.8,parada,60,0.9918558562309339,0.9993229356762954
bateria3,Bprima,0.98|22|3|0.65|1,0.65,0.98,22,3,6.8,parada,60,0.9402977422911653,0.9933712817296828
bateria3,Bprima,0.98|22|3|0.65|2,0.65,0.98,22,3,6.8,parada,60,0.9350830439058522,0.992882568168309
bateria3,Bprima,0.98|22|3|0.65|3,0.65,0.98,22,3,6.8,parada,60,0.9391520049065042,0.9933193446761959
bateria3,Bprima,0.98|22|3|0.65|4,0.65,0.98,22,3,6.8,parada,60,0.9391727719878584,0.9933361684552886
bateria3,Bprima,0.98|22|3|0.65|5,0.65,0.98,22,3,6.8,parada,60,0.9423108206471867,0.9936397132108887
bateria3,Bprima,0.98|22|3|0.65|7,0.65,0.98,22,3,6.8,parada,60,0.940132359063794,0.993432358043811
bateria3,Bprima,0.98|22|3|0.65|6,0.65,0.98,22,3,6.8,parada,60,0.9351259970292234,0.9927968910701354
bateria3,Bprima,0.98|22|3|0.65|8,0.65,0.98,22,3,6.8,parada,60,0.9373142609557937,0.9931964893050944
bateria3,Bprima,0.98|22|3|0.65|9,0.65,0.98,22,3,6.8,parada,60,0.9386262539003091,0.9932242615650847
bateria3,Bprima,0.98|22|3|0.65|10,0.65,0.98,22,3,6.8,parada,60,0.938297974951458,0.9931831564108456
bateria3,Bprima,0.98|22|4.1|0.3|1,0.3,0.98,22,4.1,6.8,parada,60,0.9756151268255322,0.9985881487213049
bateria3,Bprima,0.98|22|4.1|0.3|2,0.3,0.98,22,4.1,6.8,parada,60,0.9786503954979708,0.9987966357861296
bateria3,Bprima,0.98|22|4.1|0.3|3,0.3,0.98,22,4.1,6.8,parada,60,0.9777849538986249,0.9987335347014961
bateria3,Bprima,0.98|22|4.1|0.3|4,0.3,0.98,22,4.1,6.8,parada,60,0.9762030899426745,0.9986469729009598
bateria3,Bprima,0.98|22|4.1|0.3|5,0.3,0.98,22,4.1,6.8,parada,60,0.9730015788260701,0.9984522704377687
bateria3,Bprima,0.98|22|4.1|0.3|6,0.3,0.98,22,4.1,6.8,parada,60,0.9795391484646516,0.9988178899183779
bateria3,Bprima,0.98|22|4.1|0.3|7,0.3,0.98,22,4.1,6.8,parada,60,0.9752665503148866,0.9986082767097553
bateria3,Bprima,0.98|22|4.1|0.3|8,0.3,0.98,22,4.1,6.8,parada,60,0.9780681514960231,0.9987742871111274
bateria3,Bprima,0.98|22|4.1|0.3|9,0.3,0.98,22,4.1,6.8,parada,60,0.9755123994124132,0.9986053872205591
bateria3,Bprima,0.98|22|4.1|0.3|10,0.3,0.98,22,4.1,6.8,parada,60,0.9778413719188855,0.9987189187033068
bateria3,Bprima,0.98|22|4.1|0.47|1,0.47,0.98,22,4.1,6.8,parada,60,0.9955298236660247,0.9996605374104216
bateria3,Bprima,0.98|22|4.1|0.47|2,0.47,0.98,22,4.1,6.8,parada,60,0.9964738818793049,0.9997365402797197
bateria3,Bprima,0.98|22|4.1|0.47|3,0.47,0.98,22,4.1,6.8,parada,60,0.9958343955545332,0.9996872473728226
bateria3,Bprima,0.98|22|4.1|0.47|4,0.47,0.98,22,4.1,6.8,parada,60,0.9957755091256988,0.9996831683365086
bateria3,Bprima,0.98|22|4.1|0.47|5,0.47,0.98,22,4.1,6.8,parada,60,0.9952032379147208,0.9996375259871354
bateria3,Bprima,0.98|22|4.1|0.47|6,0.47,0.98,22,4.1,6.8,parada,60,0.9968694524637117,0.9997624302187677
bateria3,Bprima,0.98|22|4.1|0.47|7,0.47,0.98,22,4.1,6.8,parada,60,0.995541721540344,0.9996675369827132
bateria3,Bprima,0.98|22|4.1|0.47|8,0.47,0.98,22,4.1,6.8,parada,60,0.9955609761000883,0.9996715683602544
bateria3,Bprima,0.98|22|4.1|0.47|10,0.47,0.98,22,4.1,6.8,parada,60,0.9957782178143914,0.9996793508857561
bateria3,Bprima,0.98|22|4.1|0.47|9,0.47,0.98,22,4.1,6.8,parada,60,0.9958491485669221,0.9996890382684788
bateria3,Bprima,0.98|22|4.1|0.65|1,0.65,0.98,22,4.1,6.8,parada,60,0.9949433553880277,0.9995276184971468
bateria3,Bprima,0.98|22|4.1|0.65|2,0.65,0.98,22,4.1,6.8,parada,60,0.9940714746021662,0.9994511405138328
bateria3,Bprima,0.98|22|4.1|0.65|3,0.65,0.98,22,4.1,6.8,parada,60,0.9944053780247791,0.9994822144018078
bateria3,Bprima,0.98|22|4.1|0.65|4,0.65,0.98,22,4.1,6.8,parada,60,0.9948475413751555,0.9995229050331383
bateria3,Bprima,0.98|22|4.1|0.65|5,0.65,0.98,22,4.1,6.8,parada,60,0.9955464006140664,0.9995855045787141
bateria3,Bprima,0.98|22|4.1|0.65|6,0.65,0.98,22,4.1,6.8,parada,60,0.9943046101016427,0.9994669310314471
bateria3,Bprima,0.98|22|4.1|0.65|7,0.65,0.98,22,4.1,6.8,parada,60,0.9951729399220263,0.9995557111474263
bateria3,Bprima,0.98|22|4.1|0.65|8,0.65,0.98,22,4.1,6.8,parada,60,0.9938119044359138,0.9994344387850048
bateria3,Bprima,0.98|22|4.1|0.65|9,0.65,0.98,22,4.1,6.8,parada,60,0.9956701810372526,0.9995971345225486
bateria3,Bprima,0.98|22|4.1|0.65|10,0.65,0.98,22,4.1,6.8,parada,60,0.993761356906916,0.9994187288503892
bateria3,Bprima,0.98|22|6|0.3|1,0.3,0.98,22,6,6.8,parada,60,0.9501777754490709,0.9977935595202342
bateria3,Bprima,0.98|22|6|0.3|2,0.3,0.98,22,6,6.8,parada,60,0.9541951726853791,0.9979776069701316
bateria3,Bprima,0.98|22|6|0.3|3,0.3,0.98,22,6,6.8,parada,60,0.9529082368877559,0.9979821306400514
bateria3,Bprima,0.98|22|6|0.3|4,0.3,0.98,22,6,6.8,parada,60,0.9514880428331215,0.9978967357527032
bateria3,Bprima,0.98|22|6|0.3|5,0.3,0.98,22,6,6.8,parada,60,0.9444228312835887,0.9976560690820155
bateria3,Bprima,0.98|22|6|0.3|6,0.3,0.98,22,6,6.8,parada,60,0.9542847412450511,0.9979782006266059
bateria3,Bprima,0.98|22|6|0.3|7,0.3,0.98,22,6,6.8,parada,60,0.9502163683274015,0.9977962908328234
bateria3,Bprima,0.98|22|6|0.3|8,0.3,0.98,22,6,6.8,parada,60,0.9571574027256669,0.9981628191012791
bateria3,Bprima,0.98|22|6|0.3|9,0.3,0.98,22,6,6.8,parada,60,0.9508160452695512,0.9978389548100178
bateria3,Bprima,0.98|22|6|0.3|10,0.3,0.98,22,6,6.8,parada,60,0.9522470625697951,0.997914853734988
bateria3,Bprima,0.98|22|6|0.47|1,0.47,0.98,22,6,6.8,parada,60,0.9781167486491059,0.9985966858264668
bateria3,Bprima,0.98|22|6|0.47|2,0.47,0.98,22,6,6.8,parada,60,0.9800500412459209,0.9987396863194724
bateria3,Bprima,0.98|22|6|0.47|3,0.47,0.98,22,6,6.8,parada,60,0.9801730463359742,0.9987429403713253
bateria3,Bprima,0.98|22|6|0.47|4,0.47,0.98,22,6,6.8,parada,60,0.9786208280595102,0.9986447128302607
bateria3,Bprima,0.98|22|6|0.47|5,0.47,0.98,22,6,6.8,parada,60,0.9761945981409296,0.9985028860547432
bateria3,Bprima,0.98|22|6|0.47|6,0.47,0.98,22,6,6.8,parada,60,0.9811655659441313,0.9987831643289682
bateria3,Bprima,0.98|22|6|0.47|7,0.47,0.98,22,6,6.8,parada,60,0.9778372986776637,0.9986019050550362
bateria3,Bprima,0.98|22|6|0.47|8,0.47,0.98,22,6,6.8,parada,60,0.9804336554144277,0.9987691665691437
bateria3,Bprima,0.98|22|6|0.47|9,0.47,0.98,22,6,6.8,parada,60,0.9780634072792481,0.9985972383307398
bateria3,Bprima,0.98|22|6|0.47|10,0.47,0.98,22,6,6.8,parada,60,0.9800148862756088,0.9987212130805782
bateria3,Bprima,0.98|22|6|0.65|1,0.65,0.98,22,6,6.8,parada,60,0.9913476868882095,0.9993246530394566
bateria3,Bprima,0.98|22|6|0.65|2,0.65,0.98,22,6,6.8,parada,60,0.9927005361699961,0.9994384254399372
bateria3,Bprima,0.98|22|6|0.65|3,0.65,0.98,22,6,6.8,parada,60,0.9920387335654968,0.9993831804046106
bateria3,Bprima,0.98|22|6|0.65|4,0.65,0.98,22,6,6.8,parada,60,0.9915168377796989,0.9993446465223147
bateria3,Bprima,0.98|22|6|0.65|5,0.65,0.98,22,6,6.8,parada,60,0.9904778751027176,0.9992617636629021
bateria3,Bprima,0.98|22|6|0.65|6,0.65,0.98,22,6,6.8,parada,60,0.992847635068814,0.9994410021171625
bateria3,Bprima,0.98|22|6|0.65|7,0.65,0.98,22,6,6.8,parada,60,0.9914319931725909,0.9993406556394637
bateria3,Bprima,0.98|22|6|0.65|8,0.65,0.98,22,6,6.8,parada,60,0.9919203024206086,0.9993830348900601
bateria3,Bprima,0.98|22|6|0.65|9,0.65,0.98,22,6,6.8,parada,60,0.99126011386325,0.9993239840041658
bateria3,Bprima,0.98|22|6|0.65|10,0.65,0.98,22,6,6.8,parada,60,0.9922204548702567,0.9993926669903265
bateria3,Bprima,0.98|25|3|0.3|1,0.3,0.98,25,3,6.8,parada,60,0.7855296751165962,0.9953031453612746
bateria3,Bprima,0.98|25|3|0.3|2,0.3,0.98,25,3,6.8,parada,60,0.744862390677952,0.9949356143865162
bateria3,Bprima,0.98|25|3|0.3|3,0.3,0.98,25,3,6.8,parada,60,0.7530972951755506,0.9947510987576978
bateria3,Bprima,0.98|25|3|0.3|4,0.3,0.98,25,3,6.8,parada,60,0.7593926149731214,0.9949641462754619
bateria3,Bprima,0.98|25|3|0.3|5,0.3,0.98,25,3,6.8,parada,60,0.7602453066633047,0.9946482416738142
bateria3,Bprima,0.98|25|3|0.3|6,0.3,0.98,25,3,6.8,parada,60,0.7722435241153368,0.9953796816609345
bateria3,Bprima,0.98|25|3|0.3|7,0.3,0.98,25,3,6.8,parada,60,0.7541194180818405,0.994921502445612
bateria3,Bprima,0.98|25|3|0.3|8,0.3,0.98,25,3,6.8,parada,60,0.7361910092476843,0.9946106665824692
bateria3,Bprima,0.98|25|3|0.3|9,0.3,0.98,25,3,6.8,parada,60,0.7624874976650332,0.9951072582281747
bateria3,Bprima,0.98|25|3|0.3|10,0.3,0.98,25,3,6.8,parada,60,0.7623244837283902,0.9947598812863472
bateria3,Bprima,0.98|25|3|0.47|2,0.47,0.98,25,3,6.8,parada,60,0.8675360098356616,0.9959390354187713
bateria3,Bprima,0.98|25|3|0.47|1,0.47,0.98,25,3,6.8,parada,60,0.8919349011287544,0.996431202233977
bateria3,Bprima,0.98|25|3|0.47|3,0.47,0.98,25,3,6.8,parada,60,0.8748597147621009,0.9959565215664964
bateria3,Bprima,0.98|25|3|0.47|4,0.47,0.98,25,3,6.8,parada,60,0.8806416510917365,0.9961950258588015
bateria3,Bprima,0.98|25|3|0.47|5,0.47,0.98,25,3,6.8,parada,60,0.8807171154160939,0.996019660937453
bateria3,Bprima,0.98|25|3|0.47|6,0.47,0.98,25,3,6.8,parada,60,0.879864120333208,0.9962691753564198
bateria3,Bprima,0.98|25|3|0.47|7,0.47,0.98,25,3,6.8,parada,60,0.8789601237284467,0.9961944241265125
bateria3,Bprima,0.98|25|3|0.47|8,0.47,0.98,25,3,6.8,parada,60,0.8680739644870241,0.9958413399935732
bateria3,Bprima,0.98|25|3|0.47|9,0.47,0.98,25,3,6.8,parada,60,0.8798786660061942,0.9962126787012833
bateria3,Bprima,0.98|25|3|0.47|10,0.47,0.98,25,3,6.8,parada,60,0.8806067857913538,0.9960291561741416
bateria3,Bprima,0.98|25|3|0.65|1,0.65,0.98,25,3,6.8,parada,60,0.9093308344692206,0.9964147002010207
bateria3,Bprima,0.98|25|3|0.65|2,0.65,0.98,25,3,6.8,parada,60,0.8994389248290001,0.9962706656484454
bateria3,Bprima,0.98|25|3|0.65|3,0.65,0.98,25,3,6.8,parada,60,0.9052112321219058,0.9963074820116713
bateria3,Bprima,0.98|25|3|0.65|4,0.65,0.98,25,3,6.8,parada,60,0.9097172129066359,0.9965034800367853
bateria3,Bprima,0.98|25|3|0.65|5,0.65,0.98,25,3,6.8,parada,60,0.9130707572792405,0.9965187517766372
bateria3,Bprima,0.98|25|3|0.65|6,0.65,0.98,25,3,6.8,parada,60,0.9003089609364043,0.9962525478258797
bateria3,Bprima,0.98|25|3|0.65|7,0.65,0.98,25,3,6.8,parada,60,0.9132970004391593,0.9966806363063621
bateria3,Bprima,0.98|25|3|0.65|8,0.65,0.98,25,3,6.8,parada,60,0.903017981654925,0.9962971371635451
bateria3,Bprima,0.98|25|3|0.65|9,0.65,0.98,25,3,6.8,parada,60,0.9067718561275868,0.9964529471929198
bateria3,Bprima,0.98|25|3|0.65|10,0.65,0.98,25,3,6.8,parada,60,0.905676830300876,0.9962306156956195
bateria3,Bprima,0.98|25|4.1|0.3|1,0.3,0.98,25,4.1,6.8,parada,60,0.691371229958651,0.9943964693203897
bateria3,Bprima,0.98|25|4.1|0.3|2,0.3,0.98,25,4.1,6.8,parada,60,0.6466523743631182,0.9942113519395058
bateria3,Bprima,0.98|25|4.1|0.3|3,0.3,0.98,25,4.1,6.8,parada,60,0.6537395862497654,0.9939172312757741
bateria3,Bprima,0.98|25|4.1|0.3|4,0.3,0.98,25,4.1,6.8,parada,60,0.6587528994217344,0.9941161875101432
bateria3,Bprima,0.98|25|4.1|0.3|5,0.3,0.98,25,4.1,6.8,parada,60,0.659423288610109,0.9937254716594858
bateria3,Bprima,0.98|25|4.1|0.3|6,0.3,0.98,25,4.1,6.8,parada,60,0.6806994339517816,0.9946297690182514
bateria3,Bprima,0.98|25|4.1|0.3|7,0.3,0.98,25,4.1,6.8,parada,60,0.6523694195494398,0.9940639684187693
bateria3,Bprima,0.98|25|4.1|0.3|8,0.3,0.98,25,4.1,6.8,parada,60,0.632895192276207,0.9938215514308352
bateria3,Bprima,0.98|25|4.1|0.3|9,0.3,0.98,25,4.1,6.8,parada,60,0.6640864705007087,0.9942862603187804
bateria3,Bprima,0.98|25|4.1|0.3|10,0.3,0.98,25,4.1,6.8,parada,60,0.6652910330032783,0.993862196380737
bateria3,Bprima,0.98|25|4.1|0.47|1,0.47,0.98,25,4.1,6.8,parada,60,0.7951545936950789,0.9942256178150253
bateria3,Bprima,0.98|25|4.1|0.47|2,0.47,0.98,25,4.1,6.8,parada,60,0.762986737794756,0.9938057928150795
bateria3,Bprima,0.98|25|4.1|0.47|3,0.47,0.98,25,4.1,6.8,parada,60,0.7689427941479543,0.9936319885131282
bateria3,Bprima,0.98|25|4.1|0.47|4,0.47,0.98,25,4.1,6.8,parada,60,0.773714619638777,0.9938465330006602
bateria3,Bprima,0.98|25|4.1|0.47|5,0.47,0.98,25,4.1,6.8,parada,60,0.7755050078805097,0.9935755202020188
bateria3,Bprima,0.98|25|4.1|0.47|7,0.47,0.98,25,4.1,6.8,parada,60,0.7698496574590029,0.9938005726497828
bateria3,Bprima,0.98|25|4.1|0.47|6,0.47,0.98,25,4.1,6.8,parada,60,0.7841135147778758,0.994270286737338
bateria3,Bprima,0.98|25|4.1|0.47|8,0.47,0.98,25,4.1,6.8,parada,60,0.7551759266197431,0.9934548967815795
bateria3,Bprima,0.98|25|4.1|0.47|9,0.47,0.98,25,4.1,6.8,parada,60,0.777130157006789,0.9940056122316508
bateria3,Bprima,0.98|25|4.1|0.47|10,0.47,0.98,25,4.1,6.8,parada,60,0.7765332531070709,0.9936803235961585
bateria3,Bprima,0.98|25|4.1|0.65|1,0.65,0.98,25,4.1,6.8,parada,60,0.8747535874555258,0.9952803899376459
bateria3,Bprima,0.98|25|4.1|0.65|2,0.65,0.98,25,4.1,6.8,parada,60,0.8516887338460291,0.9947506762658851
bateria3,Bprima,0.98|25|4.1|0.65|3,0.65,0.98,25,4.1,6.8,parada,60,0.8569440746599581,0.9947124626147503
bateria3,Bprima,0.98|25|4.1|0.65|4,0.65,0.98,25,4.1,6.8,parada,60,0.8606401071173015,0.9949258635336985
bateria3,Bprima,0.98|25|4.1|0.65|5,0.65,0.98,25,4.1,6.8,parada,60,0.86230345935592,0.9947716411673725
bateria3,Bprima,0.98|25|4.1|0.65|6,0.65,0.98,25,4.1,6.8,parada,60,0.863989403024772,0.995143748900097
bateria3,Bprima,0.98|25|4.1|0.65|7,0.65,0.98,25,4.1,6.8,parada,60,0.8593092475858207,0.9949145497524903
bateria3,Bprima,0.98|25|4.1|0.65|8,0.65,0.98,25,4.1,6.8,parada,60,0.8486811484720628,0.9945377456814565
bateria3,Bprima,0.98|25|4.1|0.65|9,0.65,0.98,25,4.1,6.8,parada,60,0.862870197434045,0.99502976394883
bateria3,Bprima,0.98|25|4.1|0.65|10,0.65,0.98,25,4.1,6.8,parada,60,0.8620547546803093,0.9948042715317802
bateria3,Bprima,0.98|25|6|0.3|1,0.3,0.98,25,6,6.8,parada,60,0.5802592633878665,0.9948187837617313
bateria3,Bprima,0.98|25|6|0.3|2,0.3,0.98,25,6,6.8,parada,60,0.5280454145804625,0.9948574554053023
bateria3,Bprima,0.98|25|6|0.3|3,0.3,0.98,25,6,6.8,parada,60,0.5366603131526979,0.9944549773849781
bateria3,Bprima,0.98|25|6|0.3|4,0.3,0.98,25,6,6.8,parada,60,0.5397221098178585,0.9946357469029605
bateria3,Bprima,0.98|25|6|0.3|5,0.3,0.98,25,6,6.8,parada,60,0.5373630320402737,0.9942754548483848
bateria3,Bprima,0.98|25|6|0.3|6,0.3,0.98,25,6,6.8,parada,60,0.5746953849875525,0.9951083147485836
bateria3,Bprima,0.98|25|6|0.3|7,0.3,0.98,25,6,6.8,parada,60,0.5322841156087487,0.9946080577488262
bateria3,Bprima,0.98|25|6|0.3|8,0.3,0.98,25,6,6.8,parada,60,0.508413365012689,0.9944533587185147
bateria3,Bprima,0.98|25|6|0.3|10,0.3,0.98,25,6,6.8,parada,60,0.5533473711260921,0.9943416673571053
bateria3,Bprima,0.98|25|6|0.3|9,0.3,0.98,25,6,6.8,parada,60,0.5500237117476421,0.994765743611894
bateria3,Bprima,0.98|25|6|0.47|1,0.47,0.98,25,6,6.8,parada,60,0.6472484947693533,0.9932763425611005
bateria3,Bprima,0.98|25|6|0.47|3,0.47,0.98,25,6,6.8,parada,60,0.6126690696314051,0.9928204205338352
bateria3,Bprima,0.98|25|6|0.47|2,0.47,0.98,25,6,6.8,parada,60,0.6065424034550124,0.9931571361880615
bateria3,Bprima,0.98|25|6|0.47|4,0.47,0.98,25,6,6.8,parada,60,0.6161076489462661,0.9930128650257342
bateria3,Bprima,0.98|25|6|0.47|5,0.47,0.98,25,6,6.8,parada,60,0.6175090306745422,0.9926206538281964
bateria3,Bprima,0.98|25|6|0.47|6,0.47,0.98,25,6,6.8,parada,60,0.6389671368409322,0.9935642397541475
bateria3,Bprima,0.98|25|6|0.47|7,0.47,0.98,25,6,6.8,parada,60,0.6102227450783138,0.9929658807448408
bateria3,Bprima,0.98|25|6|0.47|8,0.47,0.98,25,6,6.8,parada,60,0.5922554690180803,0.9927404845443714
bateria3,Bprima,0.98|25|6|0.47|9,0.47,0.98,25,6,6.8,parada,60,0.6224101980703997,0.9932043871403872
bateria3,Bprima,0.98|25|6|0.47|10,0.47,0.98,25,6,6.8,parada,60,0.624361220122534,0.9927619588699151
bateria3,Bprima,0.98|25|6|0.65|1,0.65,0.98,25,6,6.8,parada,60,0.7084936282078823,0.9924841552245077
bateria3,Bprima,0.98|25|6|0.65|2,0.65,0.98,25,6,6.8,parada,60,0.674973215081818,0.9922175720006474
bateria3,Bprima,0.98|25|6|0.65|3,0.65,0.98,25,6,6.8,parada,60,0.6801705660363813,0.9919390556006583
bateria3,Bprima,0.98|25|6|0.65|4,0.65,0.98,25,6,6.8,parada,60,0.6832405907633722,0.9921429278823763
bateria3,Bprima,0.98|25|6|0.65|5,0.65,0.98,25,6,6.8,parada,60,0.6854645158466735,0.9918153097864746
bateria3,Bprima,0.98|25|6|0.65|6,0.65,0.98,25,6,6.8,parada,60,0.6993000616507661,0.9926819809480959
bateria3,Bprima,0.98|25|6|0.65|7,0.65,0.98,25,6,6.8,parada,60,0.6790896069446491,0.9920856822732314
bateria3,Bprima,0.98|25|6|0.65|8,0.65,0.98,25,6,6.8,parada,60,0.6641996089411789,0.9917915553900805
bateria3,Bprima,0.98|25|6|0.65|9,0.65,0.98,25,6,6.8,parada,60,0.68790973059593,0.9923360468237842
bateria3,Bprima,0.98|25|6|0.65|10,0.65,0.98,25,6,6.8,parada,60,0.6886925977446938,0.991948319036102
bateria3,Bprima,0.98|28|3|0.3|1,0.3,0.98,28,3,6.8,parada,60,0.03143261983583632,0.9936861936721131
bateria3,Bprima,0.98|28|3|0.3|2,0.3,0.98,28,3,6.8,parada,60,-0.008538118155589858,0.992259013494464
bateria3,Bprima,0.98|28|3|0.3|3,0.3,0.98,28,3,6.8,parada,60,0.043401780534701305,0.9928409726662651
bateria3,Bprima,0.98|28|3|0.3|4,0.3,0.98,28,3,6.8,parada,60,0.010141986839507584,0.9930407036072085
bateria3,Bprima,0.98|28|3|0.3|5,0.3,0.98,28,3,6.8,parada,60,0.06944648667975968,0.9931180135353166
bateria3,Bprima,0.98|28|3|0.3|6,0.3,0.98,28,3,6.8,parada,60,-0.012081513640650203,0.9929763594743137
bateria3,Bprima,0.98|28|3|0.3|7,0.3,0.98,28,3,6.8,parada,60,0.0021936301465235804,0.9929576732136202
bateria3,Bprima,0.98|28|3|0.3|8,0.3,0.98,28,3,6.8,parada,60,0.006706383304346701,0.9920112994229089
bateria3,Bprima,0.98|28|3|0.3|9,0.3,0.98,28,3,6.8,parada,60,0.02774833546952355,0.9931131840995254
bateria3,Bprima,0.98|28|3|0.3|10,0.3,0.98,28,3,6.8,parada,60,0.05272660518193915,0.993185247946444
bateria3,Bprima,0.98|28|3|0.47|1,0.47,0.98,28,3,6.8,parada,60,0.1807559954613071,0.9917175869546278
bateria3,Bprima,0.98|28|3|0.47|2,0.47,0.98,28,3,6.8,parada,60,0.15616779942102554,0.990153533601356
bateria3,Bprima,0.98|28|3|0.47|3,0.47,0.98,28,3,6.8,parada,60,0.19917234875438805,0.990933305401094
bateria3,Bprima,0.98|28|3|0.47|4,0.47,0.98,28,3,6.8,parada,60,0.17333443700406448,0.9910541590472957
bateria3,Bprima,0.98|28|3|0.47|5,0.47,0.98,28,3,6.8,parada,60,0.2119595301163812,0.9912514567475341
bateria3,Bprima,0.98|28|3|0.47|6,0.47,0.98,28,3,6.8,parada,60,0.14294510727775536,0.9908924867381865
bateria3,Bprima,0.98|28|3|0.47|7,0.47,0.98,28,3,6.8,parada,60,0.17143942261403514,0.9910185000027494
bateria3,Bprima,0.98|28|3|0.47|8,0.47,0.98,28,3,6.8,parada,60,0.17631026176932407,0.990091858778904
bateria3,Bprima,0.98|28|3|0.47|9,0.47,0.98,28,3,6.8,parada,60,0.1861731089897408,0.991170039235302
bateria3,Bprima,0.98|28|3|0.47|10,0.47,0.98,28,3,6.8,parada,60,0.19692038320553013,0.9912973467455607
bateria3,Bprima,0.98|28|3|0.65|1,0.65,0.98,28,3,6.8,parada,60,0.3031801986430404,0.9914132789725487
bateria3,Bprima,0.98|28|3|0.65|2,0.65,0.98,28,3,6.8,parada,60,0.2889933046527947,0.9901467162428572
bateria3,Bprima,0.98|28|3|0.65|3,0.65,0.98,28,3,6.8,parada,60,0.32505838806408455,0.9908093635808966
bateria3,Bprima,0.98|28|3|0.65|4,0.65,0.98,28,3,6.8,parada,60,0.30658094933199054,0.9909157099141339
bateria3,Bprima,0.98|28|3|0.65|5,0.65,0.98,28,3,6.8,parada,60,0.3314530829895298,0.9911834875026557
bateria3,Bprima,0.98|28|3|0.65|6,0.65,0.98,28,3,6.8,parada,60,0.27463726678541933,0.9906432776808892
bateria3,Bprima,0.98|28|3|0.65|7,0.65,0.98,28,3,6.8,parada,60,0.30860010767745555,0.9909546951782354
bateria3,Bprima,0.98|28|3|0.65|8,0.65,0.98,28,3,6.8,parada,60,0.31343973890233634,0.9901616485453552
bateria3,Bprima,0.98|28|3|0.65|9,0.65,0.98,28,3,6.8,parada,60,0.3145200411366965,0.9909954961913001
bateria3,Bprima,0.98|28|3|0.65|10,0.65,0.98,28,3,6.8,parada,60,0.3162162212974906,0.9910459325618334
bateria3,Bprima,0.98|28|4.1|0.3|1,0.3,0.98,28,4.1,6.8,parada,60,-0.08471206072956032,0.9946694763015873
bateria3,Bprima,0.98|28|4.1|0.3|2,0.3,0.98,28,4.1,6.8,parada,60,-0.13637550387122122,0.9934235630771587
bateria3,Bprima,0.98|28|4.1|0.3|3,0.3,0.98,28,4.1,6.8,parada,60,-0.0823243539454974,0.9938710886259732
bateria3,Bprima,0.98|28|4.1|0.3|4,0.3,0.98,28,4.1,6.8,parada,60,-0.11647228483498792,0.9941000381430422
bateria3,Bprima,0.98|28|4.1|0.3|5,0.3,0.98,28,4.1,6.8,parada,60,-0.04683072217038574,0.9940984448599629
bateria3,Bprima,0.98|28|4.1|0.3|6,0.3,0.98,28,4.1,6.8,parada,60,-0.12877992808000652,0.9941194836076439
bateria3,Bprima,0.98|28|4.1|0.3|7,0.3,0.98,28,4.1,6.8,parada,60,-0.1273571955878548,0.9940308106817624
bateria3,Bprima,0.98|28|4.1|0.3|8,0.3,0.98,28,4.1,6.8,parada,60,-0.12612267322106704,0.9931912202019241
bateria3,Bprima,0.98|28|4.1|0.3|9,0.3,0.98,28,4.1,6.8,parada,60,-0.09783052117458038,0.9941668803847821
bateria3,Bprima,0.98|28|4.1|0.3|10,0.3,0.98,28,4.1,6.8,parada,60,-0.0594868201178236,0.9941385717054061
bateria3,Bprima,0.98|28|4.1|0.47|1,0.47,0.98,28,4.1,6.8,parada,60,0.0032778053749666354,0.9918931886668468
bateria3,Bprima,0.98|28|4.1|0.47|2,0.47,0.98,28,4.1,6.8,parada,60,-0.033687065574063174,0.9903489845634139
bateria3,Bprima,0.98|28|4.1|0.47|3,0.47,0.98,28,4.1,6.8,parada,60,0.012288369820737256,0.9909426130791417
bateria3,Bprima,0.98|28|4.1|0.47|4,0.47,0.98,28,4.1,6.8,parada,60,-0.017064024327633154,0.9911810380254202
bateria3,Bprima,0.98|28|4.1|0.47|5,0.47,0.98,28,4.1,6.8,parada,60,0.03674224815697583,0.9912720356641017
bateria3,Bprima,0.98|28|4.1|0.47|6,0.47,0.98,28,4.1,6.8,parada,60,-0.03576429809116591,0.9911024244760259
bateria3,Bprima,0.98|28|4.1|0.47|7,0.47,0.98,28,4.1,6.8,parada,60,-0.0233167665648975,0.9910852257309015
bateria3,Bprima,0.98|28|4.1|0.47|8,0.47,0.98,28,4.1,6.8,parada,60,-0.019596985290288783,0.9900606364900462
bateria3,Bprima,0.98|28|4.1|0.47|9,0.47,0.98,28,4.1,6.8,parada,60,-0.0015550914070727633,0.9912545373181076
bateria3,Bprima,0.98|28|4.1|0.47|10,0.47,0.98,28,4.1,6.8,parada,60,0.02178390133287571,0.9913360448569779
bateria3,Bprima,0.98|28|4.1|0.65|1,0.65,0.98,28,4.1,6.8,parada,60,0.09632529481564028,0.9896734593686576
bateria3,Bprima,0.98|28|4.1|0.65|2,0.65,0.98,28,4.1,6.8,parada,60,0.06930898071316259,0.9879420540322148
bateria3,Bprima,0.98|28|4.1|0.65|3,0.65,0.98,28,4.1,6.8,parada,60,0.1089216303276556,0.9887168977777347
bateria3,Bprima,0.98|28|4.1|0.65|4,0.65,0.98,28,4.1,6.8,parada,60,0.08434334359256274,0.9888837258363872
bateria3,Bprima,0.98|28|4.1|0.65|5,0.65,0.98,28,4.1,6.8,parada,60,0.12522907068519185,0.9890701003204924
bateria3,Bprima,0.98|28|4.1|0.65|6,0.65,0.98,28,4.1,6.8,parada,60,0.06038694124324403,0.9887406415477529
bateria3,Bprima,0.98|28|4.1|0.65|7,0.65,0.98,28,4.1,6.8,parada,60,0.08182565918261968,0.9887933507654119
bateria3,Bprima,0.98|28|4.1|0.65|8,0.65,0.98,28,4.1,6.8,parada,60,0.08612065212045401,0.9877612483852385
bateria3,Bprima,0.98|28|4.1|0.65|9,0.65,0.98,28,4.1,6.8,parada,60,0.09663227192390177,0.9890043687060223
bateria3,Bprima,0.98|28|4.1|0.65|10,0.65,0.98,28,4.1,6.8,parada,60,0.11131794028036013,0.9891839207201469
bateria3,Bprima,0.98|28|6|0.3|1,0.3,0.98,28,6,6.8,parada,60,-0.17165142792152946,0.9966636932438488
bateria3,Bprima,0.98|28|6|0.3|2,0.3,0.98,28,6,6.8,parada,60,-0.23866445018252025,0.9958492516604129
bateria3,Bprima,0.98|28|6|0.3|3,0.3,0.98,28,6,6.8,parada,60,-0.1788398004399044,0.9961222467500813
bateria3,Bprima,0.98|28|6|0.3|4,0.3,0.98,28,6,6.8,parada,60,-0.21577958462305463,0.9963817632106585
bateria3,Bprima,0.98|28|6|0.3|6,0.3,0.98,28,6,6.8,parada,60,-0.21965327916484523,0.9963763029493059
bateria3,Bprima,0.98|28|6|0.3|5,0.3,0.98,28,6,6.8,parada,60,-0.12873688053511648,0.9962341254144041
bateria3,Bprima,0.98|28|6|0.3|8,0.3,0.98,28,6,6.8,parada,60,-0.23581878396179523,0.9956398521538126
bateria3,Bprima,0.98|28|6|0.3|7,0.3,0.98,28,6,6.8,parada,60,-0.23225262025915863,0.9963244050814665
bateria3,Bprima,0.98|28|6|0.3|9,0.3,0.98,28,6,6.8,parada,60,-0.19422189416134047,0.9963451944973919
bateria3,Bprima,0.98|28|6|0.3|10,0.3,0.98,28,6,6.8,parada,60,-0.13861396958174255,0.9963148482696799
bateria3,Bprima,0.98|28|6|0.47|1,0.47,0.98,28,6,6.8,parada,60,-0.14474241637709942,0.9950142656359804
bateria3,Bprima,0.98|28|6|0.47|2,0.47,0.98,28,6,6.8,parada,60,-0.19887759846682376,0.993865221351394
bateria3,Bprima,0.98|28|6|0.47|3,0.47,0.98,28,6,6.8,parada,60,-0.14605641345254095,0.9942399162538866
bateria3,Bprima,0.98|28|6|0.47|4,0.47,0.98,28,6,6.8,parada,60,-0.17836323912016588,0.9944850641390984
bateria3,Bprima,0.98|28|6|0.47|5,0.47,0.98,28,6,6.8,parada,60,-0.10672408480411827,0.9944233149902344
bateria3,Bprima,0.98|28|6|0.47|6,0.47,0.98,28,6,6.8,parada,60,-0.18657446737164196,0.9945169841172721
bateria3,Bprima,0.98|28|6|0.47|7,0.47,0.98,28,6,6.8,parada,60,-0.19056933362813663,0.9944346094183317
bateria3,Bprima,0.98|28|6|0.47|8,0.47,0.98,28,6,6.8,parada,60,-0.19171742738269906,0.9936430958347623
bateria3,Bprima,0.98|28|6|0.47|9,0.47,0.98,28,6,6.8,parada,60,-0.16098647125402563,0.9945250511016155
bateria3,Bprima,0.98|28|6|0.47|10,0.47,0.98,28,6,6.8,parada,60,-0.11684317129846293,0.9944885732889094
bateria3,Bprima,0.98|28|6|0.65|1,0.65,0.98,28,6,6.8,parada,60,-0.1118642753460783,0.9932803856014409
bateria3,Bprima,0.98|28|6|0.65|2,0.65,0.98,28,6,6.8,parada,60,-0.15795254801458075,0.9919448993318337
bateria3,Bprima,0.98|28|6|0.65|3,0.65,0.98,28,6,6.8,parada,60,-0.10949194881038975,0.9923792655681932
bateria3,Bprima,0.98|28|6|0.65|4,0.65,0.98,28,6,6.8,parada,60,-0.1394835595712416,0.9926548110834161
bateria3,Bprima,0.98|28|6|0.65|5,0.65,0.98,28,6,6.8,parada,60,-0.07767542503956808,0.9926230976826369
bateria3,Bprima,0.98|28|6|0.65|6,0.65,0.98,28,6,6.8,parada,60,-0.15065758173421875,0.9926822404165564
bateria3,Bprima,0.98|28|6|0.65|7,0.65,0.98,28,6,6.8,parada,60,-0.1485959808763678,0.9925900893402955
bateria3,Bprima,0.98|28|6|0.65|8,0.65,0.98,28,6,6.8,parada,60,-0.147605213674045,0.9916718634220162
bateria3,Bprima,0.98|28|6|0.65|9,0.65,0.98,28,6,6.8,parada,60,-0.12407432062142404,0.9927097622942809
bateria3,Bprima,0.98|28|6|0.65|10,0.65,0.98,28,6,6.8,parada,60,-0.08826504708438344,0.9926997321338329