version	num	file	name	title_or_header	classes	functions	capability_tokens	lines
V001_validacion_grabaciones_reales.py	1	/Volumes/LaCie/RMD/Cosmolab/VSTCosmo/v001_validacion_grabaciones_reales.py	v001_validacion_grabaciones_reales.py	!/usr/bin/env python3	SistemaCosmosemiotico	a_mono, normalizar, espectrograma, ejecutar_experimento, graficar_resultados, exportar_csv, main	campo, homeostasis, valencia, consciencia, libertad, amenaza, identidad, actuador	709
V002_validacion_grabaciones_reales.py	2	/Volumes/LaCie/RMD/Cosmolab/VSTCosmo/v002_validacion_grabaciones_reales.py	v002_validacion_grabaciones_reales.py	!/usr/bin/env python3	SistemaCosmosemiotico	cargar_wav_seguro, espectrograma, correlacion_coseno, main	campo, homeostasis, valencia, consciencia, amenaza, actuador	448
V002.py	2	/Volumes/LaCie/RMD/Cosmolab/VSTCosmo/venv/lib/python3.13/site-packages/fastapi/_compat/v2.py	v2.py	Annotated,	GenerateJsonSchema, ModelField	evaluate_forwardref, asdict, _has_computed_fields, get_schema_from_model_field, get_definitions, is_scalar_field, copy_field_info, serialize_sequence_value, get_missing_field_error, create_body_model, get_model_fields, get_cached_model_fields, normalize_name, get_model_name_map, get_flat_models_from_model, get_flat_models_from_annotation, get_flat_models_from_field, get_flat_models_from_fields, _regenerate_error_with_loc	valencia, consciencia	494
V003_umbrales_ajustados.py	3	/Volumes/LaCie/RMD/Cosmolab/VSTCosmo/v003_umbrales_ajustados.py	v003_umbrales_ajustados.py	!/usr/bin/env python3	SistemaCosmosemioticoV3	cargar_wav_seguro, espectrograma, correlacion_coseno, main	campo, homeostasis, valencia, consciencia, libertad, amenaza, actuador	477
V004_correccion_energia_supervivencia.py	4	/Volumes/LaCie/RMD/Cosmolab/VSTCosmo/v004_correccion_energia_supervivencia.py	v004_correccion_energia_supervivencia.py	!/usr/bin/env python3	SistemaCosmosemioticoV4	cargar_wav_seguro, espectrograma_con_energia, correlacion_coseno, main	campo, homeostasis, valencia, consciencia, libertad, amenaza, actuador	417
V005_1_correccion_final_umbrales.py	5	/Volumes/LaCie/RMD/Cosmolab/VSTCosmo/v005_1_correccion_final_umbrales.py	v005_1_correccion_final_umbrales.py	!/usr/bin/env python3	SistemaCosmosemioticoV51	cargar_wav_seguro, espectrograma_con_energia, correlacion_coseno, main	campo, homeostasis, valencia, consciencia, amenaza, actuador	358
V005_umbral_silencio_adaptativo.py	5	/Volumes/LaCie/RMD/Cosmolab/VSTCosmo/v005_umbral_silencio_adaptativo.py	v005_umbral_silencio_adaptativo.py	!/usr/bin/env python3	SistemaCosmosemioticoV5	cargar_wav_seguro, espectrograma_con_energia, correlacion_coseno, main	campo, homeostasis, valencia, consciencia, amenaza, actuador	414
V006_nucleo_minimo.py	6	/Volumes/LaCie/RMD/Cosmolab/VSTCosmo/v006_nucleo_minimo.py	v006_nucleo_minimo.py	!/usr/bin/env python3		cargar_audio, inicializar_campo, aplicar_perturbacion, actualizar_campo, inicializar_atencion, actualizar_atencion, generar_salida, aplicar_acoplamiento, generar_perturbacion_desde_audio, simular, observar, visualizar	campo, memoria, homeostasis, valencia, amenaza	342
V006b_entrada_estructurada_por_amplitud.py	6	/Volumes/LaCie/RMD/Cosmolab/VSTCosmo/v006b_entrada_estructurada_por_amplitud.py	v006b_entrada_estructurada_por_amplitud.py	!/usr/bin/env python3		cargar_audio, inicializar_campo, inicializar_atencion, aplicar_perturbacion_estructurada, vecinos_inmediatos, actualizar_atencion, acoplamiento_atencion_campo	campo, memoria, homeostasis, valencia, lateralidad, identidad	249
V006c_campo_inestabilidad_simetrica.py	6	/Volumes/LaCie/RMD/Cosmolab/VSTCosmo/v006c_campo_inestabilidad_simetrica.py	v006c_campo_inestabilidad_simetrica.py	!/usr/bin/env python3		cargar_audio, inicializar_campo, inicializar_atencion, aplicar_perturbacion_estructurada, actualizar_campo, vecinos_inmediatos, actualizar_atencion, acoplamiento_atencion_campo	campo, memoria, homeostasis, valencia, identidad	248
V007_con_mapas.py	7	/Volumes/LaCie/RMD/Cosmolab/VSTCosmo/v007_con_mapas.py	v007_con_mapas.py	!/usr/bin/env python3		cargar_audio, inicializar_campo, inicializar_atencion, aplicar_perturbacion, vecinos_phi, actualizar_campo, vecinos_a, varianza_local, actualizar_atencion, acoplamiento_atencion_campo, simular, visualizar_resultados, main	campo, memoria, valencia, amenaza	279
V007_controles_reales.py	7	/Volumes/LaCie/RMD/Cosmolab/VSTCosmo/v007_controles_reales.py	v007_controles_reales.py	!/usr/bin/env python3		cargar_audio, inicializar_campo, inicializar_atencion, aplicar_perturbacion, vecinos_phi, actualizar_campo, vecinos_a, varianza_local, actualizar_atencion, acoplamiento_atencion_campo, simular, main	campo, valencia, amenaza, identidad	301
V007_ganancia_0_2.py	7	/Volumes/LaCie/RMD/Cosmolab/VSTCosmo/v007_ganancia_0_2.py	v007_ganancia_0_2.py	!/usr/bin/env python3		cargar_audio, inicializar_campo, inicializar_atencion, aplicar_perturbacion, vecinos_phi, actualizar_campo, vecinos_a, varianza_local, actualizar_atencion, acoplamiento_atencion_campo, simular, main	campo, valencia, amenaza	308
V007_inestabilidad_con_acoplamiento.py	7	/Volumes/LaCie/RMD/Cosmolab/VSTCosmo/v007_inestabilidad_con_acoplamiento.py	v007_inestabilidad_con_acoplamiento.py	!/usr/bin/env python3		cargar_audio, inicializar_campo, inicializar_atencion, aplicar_perturbacion, vecinos_phi, actualizar_campo, vecinos_a, varianza_local, actualizar_atencion, acoplamiento_atencion_campo	campo, memoria, valencia, amenaza, identidad	365
V008_inercia_direccional.py	8	/Volumes/LaCie/RMD/Cosmolab/VSTCosmo/v008_inercia_direccional.py	v008_inercia_direccional.py	!/usr/bin/env python3		cargar_audio, inicializar_campo, inicializar_atencion, aplicar_perturbacion, vecinos_phi, actualizar_campo, vecinos_a, propagar_atencion, actualizar_atencion, acoplamiento_atencion_campo, simular, visualizar_resultados, visualizar_trayectorias, main	campo, memoria, valencia, predictiva, amenaza, actuador	334
V008_suelto.py	8	/Volumes/LaCie/RMD/Cosmolab/VSTCosmo/v008_suelto.py	v008_suelto.py	!/usr/bin/env python3		cargar_audio, inicializar_campo, inicializar_atencion, aplicar_perturbacion, vecinos_phi, actualizar_campo, vecinos_a, actualizar_atencion, acoplamiento_atencion_campo, simular, main	campo, valencia, libertad, amenaza, actuador	225
V009_reconfiguracion.py	9	/Volumes/LaCie/RMD/Cosmolab/VSTCosmo/v009_reconfiguracion.py	v009_reconfiguracion.py	!/usr/bin/env python3		cargar_audio, inicializar_campo, inicializar_atencion, vecinos_phi, reconfigurar_campo, actualizar_campo, vecinos_a, actualizar_atencion, acoplamiento_atencion_campo, simular, main	campo, memoria, valencia, amenaza, actuador	278
V010_supresion.py	10	/Volumes/LaCie/RMD/Cosmolab/VSTCosmo/v010_supresion.py	v010_supresion.py	!/usr/bin/env python3		cargar_audio, inicializar_campo, inicializar_atencion, vecinos_phi, reconfigurar_campo, actualizar_campo, vecinos_a, actualizar_atencion, acoplamiento_atencion_campo, simular, main	campo, memoria, valencia, amenaza, actuador	266
V011_pastor.py	11	/Volumes/LaCie/RMD/Cosmolab/VSTCosmo/v011_pastor.py	v011_pastor.py	!/usr/bin/env python3	PastorCosmosemiotico	cargar_audio, inicializar_campo, inicializar_atencion, vecinos_phi, reconfigurar_campo, vecinos_a, actualizar_atencion, acoplamiento_atencion_campo, simular, main	campo, valencia, consciencia, amenaza	330
V012_campo_permeable.py	12	/Volumes/LaCie/RMD/Cosmolab/VSTCosmo/v012_campo_permeable.py	v012_campo_permeable.py	!/usr/bin/env python3		cargar_audio, inicializar_campo, inicializar_atencion, vecinos_phi, actualizar_campo_permeable, vecinos_a, actualizar_atencion, acoplamiento_atencion_campo, simular, main	campo, memoria, valencia, amenaza, identidad	280
V012_caracterizacion_cultural.py	12	/Volumes/LaCie/RMD/Cosmolab/VSTCosmo/v012_caracterizacion_cultural.py	v012_caracterizacion_cultural.py	!/usr/bin/env python3		cargar_audio, inicializar_campo, inicializar_atencion, vecinos_phi, actualizar_campo_permeable, vecinos_a, actualizar_atencion, acoplamiento_atencion_campo, simular, main	campo, valencia, consciencia, amenaza	237
V012_caracterizacion_desintegracion.py	12	/Volumes/LaCie/RMD/Cosmolab/VSTCosmo/v012_caracterizacion_desintegracion.py	v012_caracterizacion_desintegracion.py	!/usr/bin/env python3		cargar_audio, inicializar_campo, inicializar_atencion, vecinos_phi, actualizar_campo_permeable, vecinos_a, actualizar_atencion, acoplamiento_atencion_campo, simular, desintegrar_bigbang, ruido_banda, main	campo, valencia, amenaza	282
V012_caracterizacion_entradas.py	12	/Volumes/LaCie/RMD/Cosmolab/VSTCosmo/v012_caracterizacion_entradas.py	v012_caracterizacion_entradas.py	!/usr/bin/env python3		cargar_audio, inicializar_campo, inicializar_atencion, vecinos_phi, actualizar_campo_permeable, vecinos_a, actualizar_atencion, acoplamiento_atencion_campo, simular, ruido_blanco, ruido_rosa, seno_puro, seno_modulado, caos_logistico, main	campo, valencia, consciencia, identidad	293
V012_caracterizacion_mezcla.py	12	/Volumes/LaCie/RMD/Cosmolab/VSTCosmo/v012_caracterizacion_mezcla.py	v012_caracterizacion_mezcla.py	!/usr/bin/env python3		cargar_audio, inicializar_campo, inicializar_atencion, vecinos_phi, actualizar_campo_permeable, vecinos_a, actualizar_atencion, acoplamiento_atencion_campo, simular, main	campo, valencia, amenaza, identidad	239
V012_estabilidad_voz_viento.py	12	/Volumes/LaCie/RMD/Cosmolab/VSTCosmo/v012_estabilidad_voz_viento.py	v012_estabilidad_voz_viento.py	!/usr/bin/env python3		cargar_audio, inicializar_campo, inicializar_atencion, vecinos_phi, actualizar_campo_permeable, vecinos_a, actualizar_atencion, acoplamiento_atencion_campo, simular, main	campo, valencia, identidad	282
V013_condicion_supervivencia.py	13	/Volumes/LaCie/RMD/Cosmolab/VSTCosmo/v013_condicion_supervivencia.py	v013_condicion_supervivencia.py	!/usr/bin/env python3		cargar_audio, inicializar_campo, inicializar_atencion, vecinos_phi, actualizar_campo_permeable, vecinos_a, actualizar_atencion, acoplamiento_atencion_campo, simular, main	campo, valencia, amenaza, identidad	292
V014_acoplamiento_total.py	14	/Volumes/LaCie/RMD/Cosmolab/VSTCosmo/v014_acoplamiento_total.py	v014_acoplamiento_total.py	!/usr/bin/env python3		cargar_audio, inicializar_campo, inicializar_atencion, vecinos_phi, actualizar_campo_permeable, vecinos_a, actualizar_atencion, acoplamiento_atencion_campo, simular, main	campo, valencia, amenaza, identidad	292
V015_competencia_global.py	15	/Volumes/LaCie/RMD/Cosmolab/VSTCosmo/v015_competencia_global.py	v015_competencia_global.py	!/usr/bin/env python3		cargar_audio, inicializar_campo, inicializar_atencion, vecinos_phi, actualizar_campo_permeable, vecinos_a, actualizar_atencion, acoplamiento_atencion_campo, simular, main	campo, valencia, amenaza	278
V016_dependencia_ontologica.py	16	/Volumes/LaCie/RMD/Cosmolab/VSTCosmo/v016_dependencia_ontologica.py	v016_dependencia_ontologica.py	!/usr/bin/env python3		cargar_audio, inicializar_campo, inicializar_atencion, vecinos, construir_target, actualizar_campo, actualizar_atencion, simular, main	campo, valencia, amenaza, identidad	311
V017_comparar_mapas.py	17	/Volumes/LaCie/RMD/Cosmolab/VSTCosmo/v017_comparar_mapas.py	v017_comparar_mapas.py	!/usr/bin/env python3		cargar_audio, inicializar_campo, inicializar_atencion, vecinos, construir_target, actualizar_campo, actualizar_atencion, simular, main	campo, memoria, valencia, amenaza	219
V017_comparativa_entradas.py	17	/Volumes/LaCie/RMD/Cosmolab/VSTCosmo/v017_comparativa_entradas.py	v017_comparativa_entradas.py	!/usr/bin/env python3		cargar_audio, inicializar_campo, inicializar_atencion, vecinos, construir_target, actualizar_campo, actualizar_atencion, simular, main	campo, memoria, valencia, amenaza	238
V017_generacion_diferencia.py	17	/Volumes/LaCie/RMD/Cosmolab/VSTCosmo/v017_generacion_diferencia.py	v017_generacion_diferencia.py	!/usr/bin/env python3		cargar_audio, inicializar_campo, inicializar_atencion, vecinos, construir_target, actualizar_campo, actualizar_atencion, simular, main	campo, valencia, amenaza, identidad	293
V018_barrido_ancla.py	18	/Volumes/LaCie/RMD/Cosmolab/VSTCosmo/v018_barrido_ancla.py	v018_barrido_ancla.py	!/usr/bin/env python3		cargar_audio, inicializar_campo, inicializar_atencion, vecinos, construir_target, aplicar_dinamica_interna, actualizar_campo, actualizar_atencion, simular, cargar_entradas, barrido_tasa_mezcla, barrido_generacion, barrido_sostenimiento	campo, valencia	276
V019_barrido_multidimensional.py	19	/Volumes/LaCie/RMD/Cosmolab/VSTCosmo/v019_barrido_multidimensional.py	v019_barrido_multidimensional.py	!/usr/bin/env python3		cargar_audio, inicializar_campo, inicializar_atencion, vecinos, perfil_modulacion, actualizar_campo, actualizar_atencion, simular, cargar_entradas, barrido_multidimensional	campo, valencia	264
V019_barrido_multidimensional_relajado.py	19	/Volumes/LaCie/RMD/Cosmolab/VSTCosmo/v019_barrido_multidimensional_relajado.py	v019_barrido_multidimensional_relajado.py	!/usr/bin/env python3		cargar_audio, inicializar_campo, inicializar_atencion, vecinos, perfil_modulacion, actualizar_campo, actualizar_atencion, simular, cargar_entradas, barrido_multidimensional	campo, valencia	239
V020_barrido_memoria.py	20	/Volumes/LaCie/RMD/Cosmolab/VSTCosmo/v020_barrido_memoria.py	v020_barrido_memoria.py	!/usr/bin/env python3		cargar_audio, inicializar_campo, inicializar_atencion, inicializar_memoria, vecinos, perfil_modulacion, actualizar_campo, actualizar_atencion, actualizar_memoria, simular, cargar_entradas, barrido_memoria	campo, memoria, valencia, identidad	265
V021_restriccion.py	21	/Volumes/LaCie/RMD/Cosmolab/VSTCosmo/v021_restriccion.py	v021_restriccion.py	!/usr/bin/env python3		cargar_audio, inicializar_campo, inicializar_atencion, inicializar_memoria, vecinos, perfil_modulacion, dinamica_propuesta, actualizar_memoria, actualizar_campo_con_restriccion, actualizar_atencion, simular, cargar_entradas, main	campo, memoria, valencia, amenaza, identidad, actuador	282
V021_restriccion_corregido.py	21	/Volumes/LaCie/RMD/Cosmolab/VSTCosmo/v021_restriccion_corregido.py	v021_restriccion_corregido.py	!/usr/bin/env python3		cargar_audio, inicializar_campo, inicializar_atencion, inicializar_memoria, vecinos, perfil_modulacion, actualizar_memoria, actualizar_campo, actualizar_atencion, simular, cargar_entradas, main	campo, memoria, valencia	272
V022_doble_memoria.py	22	/Volumes/LaCie/RMD/Cosmolab/VSTCosmo/v022_doble_memoria.py	v022_doble_memoria.py	!/usr/bin/env python3		cargar_audio, generar_tono_puro, generar_ruido_blanco, inicializar_campo, inicializar_atencion, inicializar_memoria, vecinos, perfil_modulacion, actualizar_memoria_estabilidad, actualizar_memoria_coherencia, actualizar_campo, actualizar_atencion, simular, metrics, main	campo, memoria, valencia, predictiva	295
V023_exito.py	23	/Volumes/LaCie/RMD/Cosmolab/VSTCosmo/v023_exito.py	v023_exito.py	!/usr/bin/env python3		cargar_audio, generar_tono_puro, generar_ruido_blanco, inicializar_campo, inicializar_atencion, inicializar_memoria, vecinos, perfil_modulacion, actualizar_memoria_estabilidad, actualizar_memoria_coherencia, actualizar_memoria_estructura, actualizar_campo, actualizar_atencion, simular, metrics, main	campo, memoria, valencia, identidad	324
V023_triple_memoria.py	23	/Volumes/LaCie/RMD/Cosmolab/VSTCosmo/v023_triple_memoria.py	v023_triple_memoria.py	!/usr/bin/env python3		cargar_audio, generar_tono_puro, generar_ruido_blanco, inicializar_campo, inicializar_atencion, inicializar_memoria, vecinos, perfil_modulacion, actualizar_memoria_estabilidad, actualizar_memoria_coherencia, actualizar_memoria_estructura, actualizar_campo, actualizar_atencion, simular, metrics, main	campo, memoria, valencia, identidad	326
V023_triple_memoria_corregido.py	23	/Volumes/LaCie/RMD/Cosmolab/VSTCosmo/v023_triple_memoria_corregido.py	v023_triple_memoria_corregido.py	!/usr/bin/env python3		cargar_audio, generar_tono_puro, generar_ruido_blanco, inicializar_campo, inicializar_atencion, inicializar_memoria, vecinos, perfil_modulacion, actualizar_memoria_estabilidad, actualizar_memoria_coherencia, actualizar_memoria_estructura, actualizar_campo, actualizar_atencion, simular, metrics, main	campo, memoria, valencia, identidad	330
V024_multiescala.py	24	/Volumes/LaCie/RMD/Cosmolab/VSTCosmo/v024_multiescala.py	v024_multiescala.py	!/usr/bin/env python3		cargar_audio, generar_tono_puro, generar_ruido_blanco, inicializar_campo, inicializar_atencion, inicializar_memoria, vecinos, perfil_modulacion, promedio_movil_suave, estructura_multiescala, actualizar_memoria_estabilidad, actualizar_memoria_coherencia, actualizar_memoria_estructura, actualizar_campo, actualizar_atencion, simular, metrics, main	campo, memoria, valencia, identidad	343
V025_trayectoria.py	25	/Volumes/LaCie/RMD/Cosmolab/VSTCosmo/v025_trayectoria.py	v025_trayectoria.py	!/usr/bin/env python3		cargar_audio, generar_tono_puro, generar_ruido_blanco, inicializar_campo, inicializar_atencion, inicializar_memoria, vecinos, perfil_modulacion, actualizar_memoria_estabilidad, actualizar_memoria_coherencia, actualizar_memoria_trayectoria, actualizar_campo, actualizar_atencion, simular, metrics, main	campo, memoria, valencia, predictiva	319
V026_trayectoria_atencion.py	26	/Volumes/LaCie/RMD/Cosmolab/VSTCosmo/v026_trayectoria_atencion.py	v026_trayectoria_atencion.py	!/usr/bin/env python3		cargar_audio, generar_tono_puro, generar_ruido_blanco, inicializar_campo, inicializar_atencion, inicializar_memoria, vecinos, perfil_modulacion, actualizar_memoria_estabilidad, actualizar_memoria_coherencia, actualizar_memoria_trayectoria_atencion, actualizar_campo, actualizar_atencion, simular, metrics, main	campo, memoria, valencia, predictiva	323
V027_2_refuerzo_curvatura.py	27	/Volumes/LaCie/RMD/Cosmolab/VSTCosmo/v027_2_refuerzo_curvatura.py	v027_2_refuerzo_curvatura.py	!/usr/bin/env python3		cargar_audio, generar_tono_puro, generar_ruido_blanco, inicializar_campo, inicializar_atencion, inicializar_memoria, vecinos, perfil_modulacion, actualizar_memoria_estabilidad, actualizar_memoria_coherencia, curvatura_atencion, actualizar_campo, actualizar_atencion, simular, metrics, main	campo, memoria, valencia, predictiva	340
V027_3_ultimo_intento.py	27	/Volumes/LaCie/RMD/Cosmolab/VSTCosmo/v027_3_ultimo_intento.py	v027_3_ultimo_intento.py	!/usr/bin/env python3		cargar_audio, generar_tono_puro, generar_ruido_blanco, inicializar_campo, inicializar_atencion, inicializar_memoria, vecinos, perfil_modulacion, actualizar_memoria_estabilidad, actualizar_memoria_coherencia, curvatura_atencion, actualizar_campo, actualizar_atencion, simular, metrics, main	campo, memoria, valencia, predictiva	313
V027_seleccion_curvatura.py	27	/Volumes/LaCie/RMD/Cosmolab/VSTCosmo/v027_seleccion_curvatura.py	v027_seleccion_curvatura.py	!/usr/bin/env python3		cargar_audio, generar_tono_puro, generar_ruido_blanco, inicializar_campo, inicializar_atencion, inicializar_memoria, vecinos, perfil_modulacion, actualizar_memoria_estabilidad, actualizar_memoria_coherencia, curvatura_atencion, competencia_curvatura, actualizar_campo, actualizar_atencion, simular, metrics, main	campo, memoria, valencia, predictiva	361
V028_competencia_recurso.py	28	/Volumes/LaCie/RMD/Cosmolab/VSTCosmo/v028_competencia_recurso.py	v028_competencia_recurso.py	!/usr/bin/env python3		cargar_audio, generar_tono_puro, generar_ruido_blanco, inicializar_campo, inicializar_atencion, inicializar_memoria, vecinos, perfil_modulacion, actualizar_memoria_estabilidad, actualizar_memoria_coherencia, actualizar_campo, actualizar_atencion, simular, metrics, main	campo, memoria, valencia, amenaza	321
V029_homeostasis.py	29	/Volumes/LaCie/RMD/Cosmolab/VSTCosmo/v029_homeostasis.py	v029_homeostasis.py	!/usr/bin/env python3		cargar_audio, inicializar_campo, inicializar_atencion, inicializar_memoria, vecinos, perfil_modulacion, actualizar_memoria_estabilidad, actualizar_memoria_coherencia, actualizar_campo, actualizar_atencion, homeostasis, main	campo, memoria, homeostasis, valencia, amenaza	413
V030_homeostasis_recursiva.py	30	/Volumes/LaCie/RMD/Cosmolab/VSTCosmo/v030_homeostasis_recursiva.py	v030_homeostasis_recursiva.py	!/usr/bin/env python3		cargar_audio, inicializar_campo, inicializar_atencion, inicializar_memoria, vecinos, perfil_modulacion, actualizar_memoria_estabilidad, actualizar_memoria_coherencia, actualizar_campo, actualizar_atencion, homeostasis, simular_una_entrada, segunda_capa_homeostasis, main	campo, memoria, homeostasis, valencia	405
V031_1_perseverancia.py	31	/Volumes/LaCie/RMD/Cosmolab/VSTCosmo/v031_1_perseverancia.py	v031_1_perseverancia.py	!/usr/bin/env python3		cargar_audio, inicializar_campo, inicializar_atencion, inicializar_memoria, vecinos, perfil_modulacion, actualizar_memoria_estabilidad, actualizar_memoria_coherencia, actualizar_campo, actualizar_atencion, actualizar_memoria_configuracion, homeostasis, simular_corrida, main	campo, memoria, homeostasis, valencia, identidad	394
V031_2_memoria_persistente.py	31	/Volumes/LaCie/RMD/Cosmolab/VSTCosmo/v031_2_memoria_persistente.py	v031_2_memoria_persistente.py	!/usr/bin/env python3		generar_tono_puro, generar_ruido_blanco, cargar_audio, inicializar_campo, inicializar_atencion, inicializar_memoria, vecinos, perfil_modulacion, actualizar_memoria_estabilidad, actualizar_memoria_coherencia, actualizar_campo, actualizar_atencion, actualizar_memoria_configuracion, homeostasis, simular_experiencia, main	campo, memoria, homeostasis, valencia, identidad	430
V031_memoria_configuraciones.py	31	/Volumes/LaCie/RMD/Cosmolab/VSTCosmo/v031_memoria_configuraciones.py	v031_memoria_configuraciones.py	!/usr/bin/env python3		cargar_audio, inicializar_campo, inicializar_atencion, inicializar_memoria, inicializar_memoria_configuracion, vecinos, perfil_modulacion, actualizar_memoria_estabilidad, actualizar_memoria_coherencia, actualizar_campo, actualizar_atencion, actualizar_memoria_configuracion, homeostasis, main	campo, memoria, homeostasis, valencia, amenaza, identidad	412
V032_1_anclaje_multiple.py	32	/Volumes/LaCie/RMD/Cosmolab/VSTCosmo/v032_1_anclaje_multiple.py	v032_1_anclaje_multiple.py	!/usr/bin/env python3		cargar_audio, inicializar_campo, inicializar_atencion, inicializar_memoria, inicializar_anclaje, vecinos, perfil_modulacion, actualizar_memoria_estabilidad, actualizar_memoria_coherencia, actualizar_campo, actualizar_atencion, actualizar_memoria_configuracion, actualizar_anclaje, homeostasis, simular_entrada, main	campo, memoria, homeostasis, valencia, consciencia	393
V032_anclaje_metastable.py	32	/Volumes/LaCie/RMD/Cosmolab/VSTCosmo/v032_anclaje_metastable.py	v032_anclaje_metastable.py	!/usr/bin/env python3		cargar_audio, inicializar_campo, inicializar_atencion, inicializar_memoria, inicializar_anclaje, vecinos, perfil_modulacion, actualizar_memoria_estabilidad, actualizar_memoria_coherencia, actualizar_campo, actualizar_atencion, actualizar_memoria_configuracion, actualizar_anclaje, homeostasis, main	campo, memoria, homeostasis, valencia, consciencia, amenaza, identidad, actuador	432
V033_ciclo_continuo.py	33	/Volumes/LaCie/RMD/Cosmolab/VSTCosmo/v033_ciclo_continuo.py	v033_ciclo_continuo.py	!/usr/bin/env python3		cargar_audio, inicializar_campo, inicializar_atencion, inicializar_memoria, inicializar_anclaje, vecinos, perfil_modulacion, actualizar_memoria_estabilidad, actualizar_memoria_coherencia, actualizar_campo, actualizar_atencion, actualizar_memoria_configuracion, actualizar_anclaje, homeostasis, respirar_entre_experiencias, simular_secuencia, main	campo, memoria, homeostasis, valencia, amenaza	459
V034_metabolismo_experiencias.py	34	/Volumes/LaCie/RMD/Cosmolab/VSTCosmo/v034_metabolismo_experiencias.py	v034_metabolismo_experiencias.py	!/usr/bin/env python3		cargar_audio, inicializar_campo, inicializar_atencion, inicializar_memoria, inicializar_anclaje, vecinos, perfil_modulacion, actualizar_memoria_estabilidad, actualizar_memoria_coherencia, actualizar_campo, actualizar_atencion, actualizar_memoria_configuracion, actualizar_anclaje, homeostasis, extraer_estado, calcular_indice_metabolico, clasificar_experiencia, retroalimentacion_metabolica, respirar_entre_experiencias, simular_experiencia, simular_reposo, simular_secuencia_metabolica, main	campo, memoria, homeostasis, valencia, consciencia	593
V035_preferencia_alimentaria.py	35	/Volumes/LaCie/RMD/Cosmolab/VSTCosmo/v035_preferencia_alimentaria.py	v035_preferencia_alimentaria.py	!/usr/bin/env python3		cargar_audio, inicializar_campo, inicializar_atencion, inicializar_memoria, inicializar_anclaje, vecinos, perfil_modulacion, actualizar_memoria_estabilidad, actualizar_memoria_coherencia, actualizar_campo, actualizar_atencion, actualizar_memoria_configuracion, actualizar_anclaje, homeostasis, extraer_estado, prueba_digestion, simular_experiencia, simular_reposo, respirar_entre_experiencias, actualizar_preferencias, elegir_comida, simular_preferencia_alimentaria, main	campo, memoria, homeostasis, valencia, consciencia, amenaza	561
V036_zona_asimilacion.py	36	/Volumes/LaCie/RMD/Cosmolab/VSTCosmo/v036_zona_asimilacion.py	v036_zona_asimilacion.py	!/usr/bin/env python3		cargar_audio, inicializar_campo, inicializar_atencion, inicializar_memoria, inicializar_anclaje, vecinos, perfil_modulacion, actualizar_memoria_estabilidad, actualizar_memoria_coherencia, actualizar_campo, actualizar_atencion, actualizar_memoria_configuracion, actualizar_anclaje, homeostasis, extraer_estado, calcular_variacion_A, calcular_asimilacion, simular_experiencia, simular_reposo, respirar_entre_experiencias, simular_secuencia, main	campo, memoria, homeostasis, valencia, consciencia, identidad	608
V037_expansion_asimilacion.py	37	/Volumes/LaCie/RMD/Cosmolab/VSTCosmo/v037_expansion_asimilacion.py	v037_expansion_asimilacion.py	!/usr/bin/env python3		cargar_audio, inicializar_campo, inicializar_atencion, inicializar_memoria, inicializar_anclaje, vecinos, perfil_modulacion, actualizar_memoria_estabilidad, actualizar_memoria_coherencia, actualizar_campo, actualizar_atencion, actualizar_memoria_configuracion, actualizar_anclaje, homeostasis, extraer_estado, calcular_variacion_A, calcular_asimilacion, actualizar_K, simular_experiencia, simular_reposo, respirar_entre_experiencias, simular_secuencia_con_K, main	campo, memoria, homeostasis, valencia, consciencia, identidad	645
V038_silencio_ausencia.py	38	/Volumes/LaCie/RMD/Cosmolab/VSTCosmo/v038_silencio_ausencia.py	v038_silencio_ausencia.py	!/usr/bin/env python3		cargar_audio, inicializar_campo, inicializar_atencion, inicializar_memoria, inicializar_anclaje, vecinos, perfil_modulacion, actualizar_memoria_estabilidad, actualizar_memoria_coherencia, actualizar_campo, actualizar_atencion, actualizar_memoria_configuracion, actualizar_anclaje, homeostasis, extraer_estado, calcular_variacion_A, calcular_asimilacion, actualizar_K, simular_experiencia, simular_reposo, respirar_entre_experiencias, simular_secuencia_con_K, main	campo, memoria, homeostasis, valencia, consciencia, identidad	565
V039_silencio_contexto.py	39	/Volumes/LaCie/RMD/Cosmolab/VSTCosmo/v039_silencio_contexto.py	v039_silencio_contexto.py	!/usr/bin/env python3		cargar_audio, inicializar_campo, inicializar_atencion, inicializar_memoria, inicializar_anclaje, vecinos, perfil_modulacion, actualizar_memoria_estabilidad, actualizar_memoria_coherencia, actualizar_campo, actualizar_atencion, actualizar_memoria_configuracion, actualizar_anclaje, homeostasis, extraer_estado, calcular_variacion_A, calcular_asimilacion, actualizar_K, simular_silencio, simular_experiencia, respirar_entre_experiencias, simular_dieta, main	campo, memoria, homeostasis, valencia, consciencia	610
V041_umbral_habituacion.py	41	/Volumes/LaCie/RMD/Cosmolab/VSTCosmo/v041_umbral_habituacion.py	v041_umbral_habituacion.py	!/usr/bin/env python3		cargar_audio, inicializar_campo, inicializar_atencion, inicializar_memoria, inicializar_anclaje, inicializar_habituacion, vecinos, perfil_modulacion, actualizar_memoria_estabilidad, actualizar_memoria_coherencia, actualizar_campo, actualizar_atencion, actualizar_memoria_configuracion, actualizar_anclaje, homeostasis, extraer_estado, calcular_variacion_A, calcular_asimilacion, actualizar_K, actualizar_habituacion, calcular_umbral_adaptativo, medir_asimilacion_basal, simular_experiencia, simular_reposo, respirar_entre_experiencias	campo, memoria, homeostasis, valencia, consciencia	689
V042_habituacion_entrada.py	42	/Volumes/LaCie/RMD/Cosmolab/VSTCosmo/v042_habituacion_entrada.py	v042_habituacion_entrada.py	!/usr/bin/env python3		cargar_audio, inicializar_campo, inicializar_atencion, inicializar_memoria, inicializar_anclaje, inicializar_habituacion, vecinos, perfil_modulacion, actualizar_memoria_estabilidad, actualizar_memoria_coherencia, actualizar_campo, actualizar_atencion, actualizar_memoria_configuracion, actualizar_anclaje, homeostasis, extraer_estado, calcular_variacion_A, calcular_asimilacion, actualizar_K, actualizar_habituacion, aplicar_habituacion, medir_asimilacion_basal, simular_experiencia, simular_reposo, respirar_entre_experiencias	campo, memoria, homeostasis, valencia, consciencia	675
V043_seleccion_autonoma.py	43	/Volumes/LaCie/RMD/Cosmolab/VSTCosmo/v043_seleccion_autonoma.py	v043_seleccion_autonoma.py	!/usr/bin/env python3		cargar_audio, inicializar_campo, inicializar_atencion, inicializar_memoria, inicializar_anclaje, vecinos, perfil_modulacion, actualizar_memoria_estabilidad, actualizar_memoria_coherencia, actualizar_campo, actualizar_atencion, actualizar_memoria_configuracion, actualizar_anclaje, homeostasis, extraer_estado, calcular_variacion_A, calcular_asimilacion, actualizar_K, actualizar_habituacion, aplicar_habituacion, medir_asimilacion_basal, simular_experiencia, simular_reposo, respirar_entre_experiencias, calcular_utilidad_comida	campo, memoria, homeostasis, valencia, consciencia	716
V044_miedo_asimetria.py	44	/Volumes/LaCie/RMD/Cosmolab/VSTCosmo/v044_miedo_asimetria.py	v044_miedo_asimetria.py	!/usr/bin/env python3		cargar_audio, inicializar_campo, inicializar_atencion, inicializar_memoria, inicializar_anclaje, inicializar_memoria_toxica, vecinos, perfil_modulacion, actualizar_memoria_estabilidad, actualizar_memoria_coherencia, actualizar_campo, actualizar_atencion, actualizar_memoria_configuracion, actualizar_anclaje, homeostasis, extraer_estado, calcular_variacion_A, calcular_asimilacion, actualizar_K, actualizar_habituacion, aplicar_habituacion, medir_asimilacion_basal, simular_experiencia, simular_reposo, respirar_entre_experiencias	campo, memoria, homeostasis, valencia, consciencia, amenaza	747
V045_miedo_no_lineal.py	45	/Volumes/LaCie/RMD/Cosmolab/VSTCosmo/v045_miedo_no_lineal.py	v045_miedo_no_lineal.py	!/usr/bin/env python3		cargar_audio, inicializar_campo, inicializar_atencion, inicializar_memoria, inicializar_anclaje, inicializar_memoria_toxica, vecinos, perfil_modulacion, actualizar_memoria_estabilidad, actualizar_memoria_coherencia, actualizar_campo, actualizar_atencion, actualizar_memoria_configuracion, actualizar_anclaje, homeostasis, extraer_estado, calcular_variacion_A, calcular_asimilacion, actualizar_K, actualizar_habituacion, aplicar_habituacion, medir_asimilacion_basal, simular_experiencia, simular_reposo, respirar_entre_experiencias	campo, memoria, homeostasis, valencia, consciencia, amenaza	755
V046_miedo_umbral.py	46	/Volumes/LaCie/RMD/Cosmolab/VSTCosmo/v046_miedo_umbral.py	v046_miedo_umbral.py	!/usr/bin/env python3		cargar_audio, inicializar_campo, inicializar_atencion, inicializar_memoria, inicializar_anclaje, inicializar_memoria_toxica, vecinos, perfil_modulacion, actualizar_memoria_estabilidad, actualizar_memoria_coherencia, actualizar_campo, actualizar_atencion, actualizar_memoria_configuracion, actualizar_anclaje, homeostasis, extraer_estado, calcular_variacion_A, calcular_asimilacion, actualizar_K, actualizar_habituacion, aplicar_habituacion, medir_asimilacion_basal, simular_experiencia, simular_reposo, respirar_entre_experiencias	campo, memoria, homeostasis, valencia, consciencia, amenaza	737
V047_miedo_acumulativo.py	47	/Volumes/LaCie/RMD/Cosmolab/VSTCosmo/v047_miedo_acumulativo.py	v047_miedo_acumulativo.py	!/usr/bin/env python3		cargar_audio, inicializar_campo, inicializar_atencion, inicializar_memoria, inicializar_anclaje, inicializar_memoria_toxica, vecinos, perfil_modulacion, actualizar_memoria_estabilidad, actualizar_memoria_coherencia, actualizar_campo, actualizar_atencion, actualizar_memoria_configuracion, actualizar_anclaje, homeostasis, extraer_estado, calcular_variacion_A, calcular_asimilacion, actualizar_K, actualizar_habituacion, aplicar_habituacion, medir_asimilacion_basal, simular_experiencia, simular_reposo, respirar_entre_experiencias	campo, memoria, homeostasis, valencia, consciencia, amenaza	753
V048_costo_estructural.py	48	/Volumes/LaCie/RMD/Cosmolab/VSTCosmo/v048_costo_estructural.py	v048_costo_estructural.py	!/usr/bin/env python3		cargar_audio, inicializar_campo, inicializar_atencion, inicializar_memoria, inicializar_anclaje, vecinos, perfil_modulacion, actualizar_memoria_estabilidad, actualizar_memoria_coherencia, actualizar_campo, actualizar_atencion, actualizar_memoria_configuracion, actualizar_anclaje, homeostasis, extraer_estado, calcular_variacion_A, calcular_costo_estructural, calcular_asimilacion, actualizar_K, actualizar_habituacion, aplicar_habituacion, medir_asimilacion_basal, simular_experiencia, simular_reposo, respirar_entre_experiencias	campo, memoria, homeostasis, valencia, consciencia, amenaza, identidad	732
V049_regeneracion_real.py	49	/Volumes/LaCie/RMD/Cosmolab/VSTCosmo/v049_regeneracion_real.py	v049_regeneracion_real.py	!/usr/bin/env python3		cargar_audio, inicializar_campo, inicializar_atencion, inicializar_memoria, inicializar_anclaje, vecinos, perfil_modulacion, actualizar_memoria_estabilidad, actualizar_memoria_coherencia, actualizar_campo, actualizar_atencion, actualizar_memoria_configuracion, actualizar_anclaje, homeostasis, extraer_estado, calcular_variacion_A, calcular_costo_estructural, calcular_ganancia_estructural, calcular_asimilacion, actualizar_K, actualizar_habituacion, aplicar_habituacion, medir_asimilacion_basal, simular_experiencia, simular_reposo	campo, memoria, homeostasis, valencia, consciencia, identidad	751
V050_fatiga_estructural.py	50	/Volumes/LaCie/RMD/Cosmolab/VSTCosmo/v050_fatiga_estructural.py	v050_fatiga_estructural.py	!/usr/bin/env python3		cargar_audio, inicializar_campo, inicializar_atencion, inicializar_memoria, inicializar_anclaje, inicializar_fatiga, vecinos, perfil_modulacion, actualizar_memoria_estabilidad, actualizar_memoria_coherencia, actualizar_campo, actualizar_atencion, actualizar_memoria_configuracion, actualizar_anclaje, homeostasis, extraer_estado, calcular_variacion_A, calcular_costo_estructural, calcular_ganancia_estructural, calcular_asimilacion, actualizar_K, actualizar_habituacion, actualizar_fatiga, aplicar_habituacion, medir_asimilacion_basal	campo, memoria, homeostasis, valencia, consciencia, identidad	784
V051_identidad_estructural.py	51	/Volumes/LaCie/RMD/Cosmolab/VSTCosmo/v051_identidad_estructural.py	v051_identidad_estructural.py	!/usr/bin/env python3		cargar_audio, inicializar_campo, inicializar_atencion, inicializar_memoria, inicializar_anclaje, inicializar_fatiga, inicializar_valor_estructural, vecinos, perfil_modulacion, actualizar_memoria_estabilidad, actualizar_memoria_coherencia, actualizar_campo, actualizar_atencion, actualizar_memoria_configuracion, actualizar_anclaje, homeostasis, extraer_estado, calcular_variacion_A, calcular_costo_estructural, calcular_ganancia_estructural, calcular_asimilacion, actualizar_K, actualizar_habituacion, actualizar_fatiga, actualizar_valor_estructural	campo, memoria, homeostasis, valencia, consciencia, identidad	800
V052_conviccion.py	52	/Volumes/LaCie/RMD/Cosmolab/VSTCosmo/v052_conviccion.py	v052_conviccion.py	!/usr/bin/env python3		cargar_audio, inicializar_campo, inicializar_atencion, inicializar_memoria, inicializar_anclaje, inicializar_fatiga, inicializar_valor_estructural, vecinos, perfil_modulacion, actualizar_memoria_estabilidad, actualizar_memoria_coherencia, actualizar_campo, actualizar_atencion, actualizar_memoria_configuracion, actualizar_anclaje, homeostasis, extraer_estado, calcular_variacion_A, calcular_costo_estructural, calcular_ganancia_estructural, calcular_asimilacion, actualizar_K, actualizar_habituacion, actualizar_fatiga, actualizar_valor_estructural_no_lineal	campo, memoria, homeostasis, valencia, consciencia, identidad	820
V053_modo_dominante_y_supervivencia_global.py	53	/Volumes/LaCie/RMD/Cosmolab/VSTCosmo/v053_modo_dominante_y_supervivencia_global.py	v053_modo_dominante_y_supervivencia_global.py	!/usr/bin/env python3	SistemaV53	cargar_wav_seguro, espectrograma_con_energia, correlacion_coseno, main	campo, homeostasis, valencia, consciencia, amenaza	210
V053_plasticidad_asimetrica.py	53	/Volumes/LaCie/RMD/Cosmolab/VSTCosmo/v053_plasticidad_asimetrica.py	v053_plasticidad_asimetrica.py	!/usr/bin/env python3		cargar_audio, inicializar_campo, inicializar_atencion, inicializar_memoria, inicializar_anclaje, inicializar_fatiga, inicializar_valor_estructural, vecinos, perfil_modulacion, actualizar_memoria_estabilidad, actualizar_memoria_coherencia, actualizar_campo, actualizar_atencion, actualizar_memoria_configuracion, actualizar_anclaje, homeostasis, extraer_estado, calcular_variacion_A, calcular_costo_estructural, calcular_ganancia_estructural, calcular_asimilacion, actualizar_K, actualizar_habituacion, actualizar_fatiga, actualizar_valor_estructural_asimetrico	campo, memoria, homeostasis, valencia, consciencia, identidad	820
V054_coherencia_temporal.py	54	/Volumes/LaCie/RMD/Cosmolab/VSTCosmo/v054_coherencia_temporal.py	v054_coherencia_temporal.py	!/usr/bin/env python3		cargar_audio, inicializar_campo, inicializar_atencion, inicializar_memoria, inicializar_anclaje, inicializar_fatiga, inicializar_valor_estructural, vecinos, perfil_modulacion, actualizar_memoria_estabilidad, actualizar_memoria_coherencia, actualizar_campo, actualizar_atencion, actualizar_memoria_configuracion, actualizar_anclaje, homeostasis, extraer_estado, calcular_variacion_A, calcular_costo_estructural, calcular_coherencia_temporal, calcular_ganancia_estructural, calcular_asimilacion, actualizar_K, actualizar_habituacion, actualizar_fatiga	campo, memoria, homeostasis, valencia, predictiva, consciencia, amenaza, identidad	885
V054_proporcion_de_energia_como_acoplamiento.py	54	/Volumes/LaCie/RMD/Cosmolab/VSTCosmo/v054_proporcion_de_energia_como_acoplamiento.py	v054_proporcion_de_energia_como_acoplamiento.py	!/usr/bin/env python3	SistemaV54	cargar_wav_seguro, energia_por_bandas, main	homeostasis, valencia, consciencia, amenaza	196
V055_omega_identidad.py	55	/Volumes/LaCie/RMD/Cosmolab/VSTCosmo/v055_omega_identidad.py	v055_omega_identidad.py	!/usr/bin/env python3		cargar_audio, inicializar_campo, inicializar_atencion, inicializar_memoria, inicializar_anclaje, inicializar_fatiga, inicializar_valor_estructural, vecinos, perfil_modulacion, actualizar_memoria_estabilidad, actualizar_memoria_coherencia, actualizar_campo, actualizar_atencion, actualizar_memoria_configuracion, actualizar_anclaje, homeostasis, extraer_estado, calcular_variacion_A, calcular_costo_estructural, calcular_ganancia_estructural, calcular_asimilacion, actualizar_K, actualizar_habituacion, actualizar_fatiga, actualizar_valor_estructural_asimetrico	campo, memoria, homeostasis, valencia, consciencia, identidad	826
V056_omega_antes_reposo.py	56	/Volumes/LaCie/RMD/Cosmolab/VSTCosmo/v056_omega_antes_reposo.py	v056_omega_antes_reposo.py	!/usr/bin/env python3		cargar_audio, inicializar_campo, inicializar_atencion, inicializar_memoria, inicializar_anclaje, inicializar_fatiga, inicializar_valor_estructural, vecinos, perfil_modulacion, actualizar_memoria_estabilidad, actualizar_memoria_coherencia, actualizar_campo, actualizar_atencion, actualizar_memoria_configuracion, actualizar_anclaje, homeostasis, extraer_estado, calcular_variacion_A, calcular_costo_estructural, calcular_ganancia_estructural, calcular_asimilacion, actualizar_K, actualizar_habituacion, actualizar_fatiga, actualizar_valor_estructural_asimetrico	campo, memoria, homeostasis, valencia, consciencia, identidad	835
V057_contraste_estimulo.py	57	/Volumes/LaCie/RMD/Cosmolab/VSTCosmo/v057_contraste_estimulo.py	v057_contraste_estimulo.py	!/usr/bin/env python3		cargar_audio, inicializar_campo, inicializar_atencion, inicializar_memoria, inicializar_anclaje, inicializar_fatiga, inicializar_valor_estructural, vecinos, perfil_modulacion, actualizar_memoria_estabilidad, actualizar_memoria_coherencia, actualizar_campo, actualizar_atencion, actualizar_memoria_configuracion, actualizar_anclaje, homeostasis, extraer_estado, calcular_variacion_A, calcular_costo_estructural, calcular_ganancia_estructural, calcular_asimilacion, actualizar_K, actualizar_habituacion, actualizar_fatiga, actualizar_valor_estructural_asimetrico	campo, memoria, homeostasis, valencia, consciencia, identidad	848
V058_excrecion_metabolica.py	58	/Volumes/LaCie/RMD/Cosmolab/VSTCosmo/v058_excrecion_metabolica.py	v058_excrecion_metabolica.py	!/usr/bin/env python3		cargar_audio, inicializar_campo, inicializar_atencion, inicializar_memoria, inicializar_anclaje, inicializar_fatiga, inicializar_valor_estructural, vecinos, perfil_modulacion, actualizar_memoria_estabilidad, actualizar_memoria_coherencia, actualizar_campo, actualizar_atencion, actualizar_memoria_configuracion, actualizar_anclaje, homeostasis, extraer_estado, calcular_variacion_A, calcular_costo_estructural, calcular_ganancia_estructural, calcular_asimilacion, actualizar_K, actualizar_habituacion, actualizar_fatiga, actualizar_valor_estructural_asimetrico	campo, memoria, homeostasis, valencia, consciencia, amenaza, identidad	912
V059_espectral.py	59	/Volumes/LaCie/RMD/Cosmolab/VSTCosmo/v059_espectral.py	v059_espectral.py	!/usr/bin/env python3		cargar_audio, inicializar_campo, inicializar_atencion, inicializar_memoria, inicializar_anclaje, inicializar_fatiga, inicializar_valor_estructural, vecinos, perfil_espectral_ventana, actualizar_memoria_estabilidad, actualizar_memoria_coherencia, actualizar_campo, actualizar_atencion, actualizar_memoria_configuracion, actualizar_anclaje, homeostasis, extraer_estado, calcular_variacion_A, calcular_costo_estructural, calcular_ganancia_estructural, calcular_asimilacion, actualizar_K, actualizar_habituacion, actualizar_fatiga, actualizar_valor_estructural_asimetrico	campo, memoria, homeostasis, valencia, consciencia, identidad	909
V060_diagnostico_campo.py	60	/Volumes/LaCie/RMD/Cosmolab/VSTCosmo/v060_diagnostico_campo.py	v060_diagnostico_campo.py	!/usr/bin/env python3		cargar_audio, inicializar_campo, inicializar_atencion, inicializar_memoria, inicializar_anclaje, vecinos, perfil_espectral_ventana, actualizar_memoria_estabilidad, actualizar_memoria_coherencia, actualizar_campo, actualizar_atencion, simular_estimulo, distancia_estados, main	campo, memoria, homeostasis, valencia, identidad	500
V061_espectral_aditivo.py	61	/Volumes/LaCie/RMD/Cosmolab/VSTCosmo/v061_espectral_aditivo.py	v061_espectral_aditivo.py	!/usr/bin/env python3		cargar_audio, inicializar_campo, inicializar_atencion, inicializar_memoria, inicializar_anclaje, vecinos, perfil_espectral_ventana, actualizar_memoria_estabilidad, actualizar_memoria_coherencia, actualizar_campo_v61, actualizar_atencion, simular_estimulo_v61, distancia_estados, main	campo, memoria, homeostasis, valencia, amenaza, identidad	584
V062_ganancia_adaptativa.py	62	/Volumes/LaCie/RMD/Cosmolab/VSTCosmo/v062_ganancia_adaptativa.py	v062_ganancia_adaptativa.py	!/usr/bin/env python3		cargar_audio, inicializar_campo, inicializar_atencion, inicializar_memoria, inicializar_anclaje, vecinos, perfil_espectral_ventana, calcular_complejidad_espectral, calcular_ganancia_adaptativa, actualizar_memoria_estabilidad, actualizar_memoria_coherencia, actualizar_campo_v62, actualizar_atencion, simular_estimulo_v62, distancia_estados, main	campo, memoria, homeostasis, valencia, amenaza, identidad	574
V063_trayectoria_espectral.py	63	/Volumes/LaCie/RMD/Cosmolab/VSTCosmo/v063_trayectoria_espectral.py	v063_trayectoria_espectral.py	!/usr/bin/env python3		cargar_audio, inicializar_campo, inicializar_atencion, inicializar_memoria, inicializar_anclaje, vecinos, perfil_espectral_ventana, calcular_coherencia_trayectoria, calcular_ganancia_por_trayectoria, actualizar_memoria_estabilidad, actualizar_memoria_coherencia, actualizar_campo_v63, actualizar_atencion, simular_estimulo_v63, distancia_estados, main	campo, memoria, homeostasis, valencia, predictiva, amenaza, identidad	658
V064_zona_fertil.py	64	/Volumes/LaCie/RMD/Cosmolab/VSTCosmo/v064_zona_fertil.py	v064_zona_fertil.py	!/usr/bin/env python3		cargar_audio, inicializar_campo, inicializar_atencion, inicializar_memoria, inicializar_anclaje, vecinos, perfil_espectral_ventana, ganancia_por_magnitud, actualizar_memoria_estabilidad, actualizar_memoria_coherencia, actualizar_campo_v64, actualizar_atencion, simular_estimulo_v64, distancia_estados, main	campo, memoria, homeostasis, valencia, amenaza	551
V065_osciladores_corticales.py	65	/Volumes/LaCie/RMD/Cosmolab/VSTCosmo/v065_osciladores_corticales.py	v065_osciladores_corticales.py	!/usr/bin/env python3		cargar_audio, inicializar_campo, inicializar_atencion, inicializar_memoria, inicializar_anclaje, vecinos, calcular_frecuencias_naturales, perfil_espectral_ventana, actualizar_memoria_estabilidad, actualizar_memoria_coherencia, actualizar_campo_v65, actualizar_atencion, simular_estimulo_v65, distancia_estados, main	campo, memoria, homeostasis, valencia, amenaza	576
V066_osciladores_bajo_amort.py	66	/Volumes/LaCie/RMD/Cosmolab/VSTCosmo/v066_osciladores_bajo_amort.py	v066_osciladores_bajo_amort.py	!/usr/bin/env python3		cargar_audio, inicializar_campo, inicializar_atencion, inicializar_memoria, inicializar_anclaje, vecinos, calcular_frecuencias_naturales, perfil_espectral_ventana, actualizar_memoria_estabilidad, actualizar_memoria_coherencia, actualizar_campo_v66, actualizar_atencion, simular_estimulo_v66, distancia_estados, main	campo, memoria, homeostasis, valencia, amenaza	551
V067_firma_oscilatoria.py	67	/Volumes/LaCie/RMD/Cosmolab/VSTCosmo/v067_firma_oscilatoria.py	v067_firma_oscilatoria.py	!/usr/bin/env python3		cargar_audio, inicializar_campo, inicializar_atencion, inicializar_memoria, inicializar_anclaje, vecinos, calcular_frecuencias_naturales, perfil_espectral_ventana, actualizar_memoria_estabilidad, actualizar_memoria_coherencia, actualizar_campo_v67, actualizar_atencion, simular_estimulo_v67, distancia_firmas, distancia_estados_phi, main	campo, memoria, homeostasis, valencia, amenaza, identidad	595
V068_sistema_oscilatorio_completo.py	68	/Volumes/LaCie/RMD/Cosmolab/VSTCosmo/v068_sistema_oscilatorio_completo.py	v068_sistema_oscilatorio_completo.py	!/usr/bin/env python3		cargar_audio, inicializar_campo, inicializar_atencion, inicializar_memoria, inicializar_anclaje, inicializar_fatiga, inicializar_valor_estructural, calcular_frecuencias_naturales, vecinos, perfil_espectral_ventana, aplicar_habituacion_espectral, actualizar_memoria_estabilidad, actualizar_memoria_coherencia, actualizar_campo_v68, actualizar_atencion, actualizar_memoria_configuracion, actualizar_anclaje, homeostasis, extraer_estado, calcular_variacion_A, calcular_costo_estructural, calcular_ganancia_estructural, calcular_asimilacion, actualizar_K, actualizar_habituacion	campo, memoria, homeostasis, valencia, consciencia, amenaza, identidad	981
V069_saciedad_diferencial.py	69	/Volumes/LaCie/RMD/Cosmolab/VSTCosmo/v069_saciedad_diferencial.py	v069_saciedad_diferencial.py	!/usr/bin/env python3		cargar_audio, inicializar_campo, inicializar_atencion, inicializar_memoria, inicializar_anclaje, inicializar_fatiga, inicializar_valor_estructural, calcular_frecuencias_naturales, vecinos, calcular_complejidad_espectral, perfil_espectral_ventana, aplicar_habituacion_espectral, actualizar_memoria_estabilidad, actualizar_memoria_coherencia, actualizar_campo_v69, actualizar_atencion, actualizar_memoria_configuracion, actualizar_anclaje, homeostasis, extraer_estado, calcular_variacion_A, calcular_costo_estructural, calcular_ganancia_estructural, calcular_asimilacion, actualizar_K	campo, memoria, homeostasis, valencia, predictiva, consciencia, amenaza, identidad	1023
V070_campo_continuo.py	70	/Volumes/LaCie/RMD/Cosmolab/VSTCosmo/v070_campo_continuo.py	v070_campo_continuo.py	!/usr/bin/env python3		cargar_audio, inicializar_campo_total, vecinos, preparar_objetivo_audio, calcular_frecuencias_naturales, actualizar_campo_total, calcular_metricas_campo, simular_estimulo, simular_transicion, main	campo, valencia, predictiva, amenaza, identidad	480
V071_metricas_completas.py	71	/Volumes/LaCie/RMD/Cosmolab/VSTCosmo/v071_metricas_completas.py	v071_metricas_completas.py	!/usr/bin/env python3		cargar_audio, inicializar_campo_total, vecinos, preparar_objetivo_audio, calcular_frecuencias_naturales, actualizar_campo_total, calcular_metricas_campo, simular_estimulo, simular_transicion, main	campo, valencia, predictiva, amenaza, identidad	480
V072a_protocolo_causal.py	72	/Volumes/LaCie/RMD/Cosmolab/VSTCosmo/v072a_protocolo_causal.py	v072a_protocolo_causal.py	!/usr/bin/env python3		cargar_audio, inicializar_campo_total, vecinos, preparar_objetivo_audio, calcular_frecuencias_naturales, actualizar_campo_total, calcular_acoplamiento, calcular_gradiente, simular_transicion, simular_estimulo, main	campo, memoria, valencia, amenaza, identidad, actuador	484
V072b_fase15_diagnostico.py	72	/Volumes/LaCie/RMD/Cosmolab/VSTCosmo/v072b_fase15_diagnostico.py	v072b_fase15_diagnostico.py	!/usr/bin/env python3		cargar_audio, inicializar_campo_total, inicializar_historia, vecinos, preparar_objetivo_audio, calcular_frecuencias_naturales, calcular_memoria, actualizar_historia, actualizar_campo_total, calcular_gradiente, calcular_acoplamiento, test_diagnostico, main	campo, memoria, valencia, identidad	300
V072b_fase2_resistencia_colapso.py	72	/Volumes/LaCie/RMD/Cosmolab/VSTCosmo/v072b_fase2_resistencia_colapso.py	v072b_fase2_resistencia_colapso.py	!/usr/bin/env python3		cargar_audio, inicializar_campo_total, inicializar_historia, vecinos, preparar_objetivo_audio, calcular_frecuencias_naturales, calcular_memoria_fase2, actualizar_historia, actualizar_campo_total, calcular_gradiente, calcular_acoplamiento, test_persistencia, test_asimetria, test_acoplamiento, main	campo, memoria, valencia, amenaza, identidad, actuador	562
V072b_fase3_corregida.py	72	/Volumes/LaCie/RMD/Cosmolab/VSTCosmo/v072b_fase3_corregida.py	v072b_fase3_corregida.py	!/usr/bin/env python3		cargar_audio, inicializar_campo_total, inicializar_plasticidad, vecinos, preparar_objetivo_audio, calcular_frecuencias_naturales, actualizar_hebb_y_plasticidad, actualizar_campo_total, calcular_gradiente, calcular_acoplamiento, experimento_fase3, experimento_fase3_silencio, main	campo, valencia, amenaza, identidad, actuador	547
V072b_fase3_diagnostico.py	72	/Volumes/LaCie/RMD/Cosmolab/VSTCosmo/v072b_fase3_diagnostico.py	v072b_fase3_diagnostico.py	!/usr/bin/env python3		cargar_audio, inicializar_campo_total, inicializar_plasticidad, vecinos, preparar_objetivo_audio, calcular_frecuencias_naturales, actualizar_hebb_y_plasticidad, actualizar_campo_total, calcular_gradiente, calcular_acoplamiento, experimento_persistencia, experimento_asimetria, experimento_control_ruido_sin_entreno, main	campo, valencia, amenaza, identidad	451
V072b_fase3_plasticidad_hebbiana.py	72	/Volumes/LaCie/RMD/Cosmolab/VSTCosmo/v072b_fase3_plasticidad_hebbiana.py	v072b_fase3_plasticidad_hebbiana.py	!/usr/bin/env python3		cargar_audio, inicializar_campo_total, inicializar_plasticidad, vecinos, preparar_objetivo_audio, calcular_frecuencias_naturales, actualizar_hebb_y_plasticidad, actualizar_campo_total, calcular_gradiente, calcular_acoplamiento, experimento_fase3, experimento_fase3_sin_entreno, main	campo, valencia, amenaza, identidad, actuador	554
V072b_memoria_estructural.py	72	/Volumes/LaCie/RMD/Cosmolab/VSTCosmo/v072b_memoria_estructural.py	v072b_memoria_estructural.py	!/usr/bin/env python3		cargar_audio, inicializar_campo_total, inicializar_historia, vecinos, preparar_objetivo_audio, calcular_frecuencias_naturales, calcular_memoria, actualizar_historia, actualizar_campo_total, calcular_gradiente, calcular_acoplamiento, test_persistencia, test_asimetria, test_acoplamiento, main	campo, memoria, valencia, identidad	521
V072c_fase4_5_gradiente_espectral.py	72	/Volumes/LaCie/RMD/Cosmolab/VSTCosmo/v072c_fase4_5_gradiente_espectral.py	v072c_fase4_5_gradiente_espectral.py	!/usr/bin/env python3		cargar_audio, inicializar_campo_total, inicializar_plasticidad, vecinos, preparar_objetivo_audio, calcular_frecuencias_naturales, actualizar_hebb_y_plasticidad, actualizar_campo_total, calcular_gradiente, calcular_acoplamiento, calcular_perfil_espectral_modos, calcular_gradiente_espectral_diferencial, experimento_persistencia, experimento_asimetria, experimento_control_ruido, main	campo, valencia	462
V072c_fase4_plasticidad_selectiva.py	72	/Volumes/LaCie/RMD/Cosmolab/VSTCosmo/v072c_fase4_plasticidad_selectiva.py	v072c_fase4_plasticidad_selectiva.py	!/usr/bin/env python3		cargar_audio, inicializar_campo_total, inicializar_plasticidad, vecinos, preparar_objetivo_audio, calcular_frecuencias_naturales, actualizar_hebb_y_plasticidad, actualizar_campo_total, calcular_gradiente, calcular_acoplamiento, calcular_perfil_espectral_modos, experimento_persistencia, experimento_asimetria, experimento_control_ruido, experimento_evolucion_w, main	campo, homeostasis, valencia, amenaza, identidad	627
V072c_fase5_mecanismos_complementarios.py	72	/Volumes/LaCie/RMD/Cosmolab/VSTCosmo/v072c_fase5_mecanismos_complementarios.py	v072c_fase5_mecanismos_complementarios.py	!/usr/bin/env python3		cargar_audio, inicializar_campo_total, inicializar_plasticidad, inicializar_historia_interna, vecinos, preparar_objetivo_audio, calcular_frecuencias_naturales, actualizar_historia_interna, actualizar_hebb_y_plasticidad_v2, actualizar_campo_total, calcular_gradiente, calcular_acoplamiento, calcular_perfil_espectral_modos, calcular_gradiente_espectral_diferencial, simular_experimento_combinado, main	campo, memoria, valencia, identidad	513
V073_heta.py	73	/Volumes/LaCie/RMD/Cosmolab/VSTCosmo/v073_heta.py	v073_heta.py	!/usr/bin/env python3		cargar_audio, inicializar_campo_total, inicializar_plasticidad, inicializar_historia_interna, vecinos, preparar_objetivo_audio, calcular_frecuencias_naturales, actualizar_historia_interna, actualizar_hebb_y_plasticidad_v2, actualizar_campo_total, calcular_gradiente, calcular_acoplamiento, _perfil_espectral, calcular_resonancia_actual, calcular_reserva, calcular_respuesta_lf, calcular_gradiente_espectral_diferencial, calcular_perfil_espectral_modos, simular_heta	campo, memoria, valencia, amenaza, identidad	733
V074_heta_redefinido.py	74	/Volumes/LaCie/RMD/Cosmolab/VSTCosmo/v074_heta_redefinido.py	v074_heta_redefinido.py	!/usr/bin/env python3		cargar_audio, inicializar_campo_total, inicializar_plasticidad, inicializar_historia_interna, vecinos, preparar_objetivo_audio, calcular_frecuencias_naturales, actualizar_historia_interna, actualizar_hebb_y_plasticidad, actualizar_campo_total, calcular_gradiente, calcular_acoplamiento, _perfil_espectral, calcular_resonancia_original, calcular_resonancia_v2, calcular_reserva, calcular_respuesta_lf, calcular_gradiente_espectral_diferencial, calcular_tiempo_reacoplamiento, simular_experimento_control_basal, main	campo, memoria, valencia, identidad	732
V074_heta_redefinido_corregido.py	74	/Volumes/LaCie/RMD/Cosmolab/VSTCosmo/v074_heta_redefinido_corregido.py	v074_heta_redefinido_corregido.py	!/usr/bin/env python3		cargar_audio, inicializar_campo_total, inicializar_plasticidad, inicializar_historia_interna, vecinos, preparar_objetivo_audio, calcular_frecuencias_naturales, actualizar_historia_interna, actualizar_hebb_y_plasticidad, actualizar_campo_total, _perfil_espectral, calcular_resonancia_original, calcular_resonancia_v2, calcular_reserva, calcular_respuesta_lf, calcular_gradiente_espectral_diferencial, medir_reacoplamiento, simular_experimento_control_basal, main	campo, memoria, valencia, identidad	747
V075_ged_detector.py	75	/Volumes/LaCie/RMD/Cosmolab/VSTCosmo/v075_ged_detector.py	v075_ged_detector.py	!/usr/bin/env python3		cargar_audio, inicializar_campo_total, inicializar_plasticidad, inicializar_historia_interna, vecinos, preparar_objetivo_audio, calcular_frecuencias_naturales, actualizar_historia_interna, actualizar_hebb_y_plasticidad, actualizar_campo_total, calcular_gradiente_espectral_diferencial, calcular_respuesta_lf_ged, simular_experimento_v75	campo, memoria, valencia, predictiva, identidad	492
V076_lf_activa.py	76	/Volumes/LaCie/RMD/Cosmolab/VSTCosmo/v076_lf_activa.py	v076_lf_activa.py	!/usr/bin/env python3		cargar_audio, inicializar_campo_total, inicializar_plasticidad, inicializar_historia_interna, inicializar_w_exploracion, inicializar_phi_generado, vecinos, preparar_objetivo_audio, calcular_frecuencias_naturales, actualizar_historia_interna, actualizar_hebb_y_plasticidad, lf_exploracion, lf_aprendizaje, _perfil_espectral, lf_generacion, calcular_gradiente_espectral_diferencial, actualizar_campo_con_lf, simular_fase, main	campo, memoria, valencia, identidad	655
V077_ciclo_completo.py	77	/Volumes/LaCie/RMD/Cosmolab/VSTCosmo/v077_ciclo_completo.py	v077_ciclo_completo.py	!/usr/bin/env python3		cargar_audio, inicializar_campo_total, inicializar_plasticidad, inicializar_historia_interna, inicializar_w_exploracion, inicializar_phi_generado, vecinos, preparar_objetivo_audio, calcular_frecuencias_naturales, actualizar_historia_interna, actualizar_hebb_y_plasticidad, _perfil_espectral, calcular_gradiente_espectral_diferencial, evaluar_salida_lf, integrar_aprendizaje_lf, balancear_reserva, lf_exploracion, lf_aprendizaje, lf_generacion, actualizar_campo_con_ciclo_lf, simular_fase, main	campo, memoria, valencia, amenaza, identidad	788
V078_homeostasis_estructural.py	78	/Volumes/LaCie/RMD/Cosmolab/VSTCosmo/v078_homeostasis_estructural.py	v078_homeostasis_estructural.py	!/usr/bin/env python3		cargar_audio, inicializar_campo_total, inicializar_plasticidad, inicializar_historia_interna, inicializar_w_exploracion, inicializar_phi_generado, vecinos, preparar_objetivo_audio, calcular_frecuencias_naturales, actualizar_historia_interna, actualizar_hebb_y_plasticidad, _perfil_espectral, calcular_gradiente_espectral_diferencial, calcular_ratio_dominancia_plastica, calcular_umbral_entrada_lf_estructural, calcular_umbral_salida_lf_estructural, calcular_tasa_estabilizacion_natural, calcular_escala_maxima_w_estructural, evaluar_salida_lf_estructural, lf_exploracion, lf_aprendizaje, lf_generacion, integrar_estructural, actualizar_campo_con_homeostasis_estructural, simular_fase	campo, memoria, homeostasis, valencia, identidad	722
V079_competencia_memorias.py	79	/Volumes/LaCie/RMD/Cosmolab/VSTCosmo/v079_competencia_memorias.py	v079_competencia_memorias.py	!/usr/bin/env python3		cargar_audio, inicializar_campo_total, inicializar_plasticidad, inicializar_w_exploracion, inicializar_historia_interna, inicializar_phi_generado, vecinos, preparar_objetivo_audio, calcular_frecuencias_naturales, actualizar_hebb_y_plasticidad, actualizar_plasticidad_exploratoria, _perfil_espectral, calcular_gradiente_espectral_diferencial, calcular_pesos_competitivos, atractor_competitivo, lf_exploracion, lf_generacion, actualizar_campo_con_competencia, simular_fase, main	campo, memoria, valencia, predictiva, amenaza, identidad	606
V079_competencia_memorias_con_diagnostico.py	79	/Volumes/LaCie/RMD/Cosmolab/VSTCosmo/v079_competencia_memorias_con_diagnostico.py	v079_competencia_memorias_con_diagnostico.py	!/usr/bin/env python3		cargar_audio, generar_estimulo_nuevo, inicializar_campo_total, inicializar_plasticidad, inicializar_w_exploracion, inicializar_historia_interna, inicializar_phi_generado, vecinos, preparar_objetivo_audio, calcular_frecuencias_naturales, actualizar_hebb_y_plasticidad, actualizar_plasticidad_exploratoria, _perfil_espectral, calcular_gradiente_espectral_diferencial, calcular_pesos_competitivos, atractor_competitivo, lf_exploracion, lf_generacion, actualizar_campo_con_competencia, simular_fase, probar_campo_con_estimulo, entrenar_campo_original, main	campo, memoria, valencia, predictiva, amenaza, identidad	744
V080_memorias_duales_espectrales.py	80	/Volumes/LaCie/RMD/Cosmolab/VSTCosmo/v080_memorias_duales_espectrales.py	v080_memorias_duales_espectrales.py	!/usr/bin/env python3		cargar_audio, inicializar_campo_total, inicializar_memoria_profunda, inicializar_memoria_reciente, inicializar_historia_interna, vecinos, preparar_objetivo_audio, calcular_frecuencias_naturales, _perfil_espectral, calcular_gradiente_espectral_diferencial, aplicar_plasticidad_memoria_profunda, aplicar_plasticidad_memoria_reciente, calcular_error_memoria_reciente, atractor_dual, actualizar_campo_con_memorias_duales, simular_fase, main	campo, memoria, valencia, predictiva, identidad	520
V080b_memorias_duales_calibradas.py	80	/Volumes/LaCie/RMD/Cosmolab/VSTCosmo/v080b_memorias_duales_calibradas.py	v080b_memorias_duales_calibradas.py	!/usr/bin/env python3		cargar_audio, inicializar_campo_total, inicializar_memoria_profunda, inicializar_memoria_reciente, inicializar_historia_interna, vecinos, preparar_objetivo_audio, calcular_frecuencias_naturales, _perfil_espectral, calcular_gradiente_espectral_diferencial, aplicar_plasticidad_memoria_profunda, aplicar_plasticidad_memoria_reciente, calcular_error_memoria_reciente, atractor_dual, actualizar_campo_con_memorias_duales, simular_fase, main	campo, memoria, valencia, predictiva, amenaza, identidad	547
V080c_memorias_duales_tanh.py	80	/Volumes/LaCie/RMD/Cosmolab/VSTCosmo/v080c_memorias_duales_tanh.py	v080c_memorias_duales_tanh.py	!/usr/bin/env python3		cargar_audio, inicializar_campo_total, inicializar_memoria_profunda, inicializar_memoria_reciente, inicializar_historia_interna, vecinos, preparar_objetivo_audio, calcular_frecuencias_naturales, _perfil_espectral, calcular_gradiente_espectral_diferencial, calcular_balance_plastica_difusiva, aplicar_plasticidad_memoria_profunda, aplicar_plasticidad_memoria_reciente, calcular_error_memoria_reciente, atractor_dual, actualizar_campo_con_memorias_duales, simular_fase, main	campo, memoria, valencia, predictiva, amenaza, identidad	635
V080d_memorias_duales_olvido_adaptativo.py	80	/Volumes/LaCie/RMD/Cosmolab/VSTCosmo/v080d_memorias_duales_olvido_adaptativo.py	v080d_memorias_duales_olvido_adaptativo.py	!/usr/bin/env python3		cargar_audio, inicializar_campo_total, inicializar_memoria_profunda, inicializar_memoria_reciente, inicializar_historia_interna, vecinos, preparar_objetivo_audio, calcular_frecuencias_naturales, _perfil_espectral, calcular_gradiente_espectral_diferencial, calcular_balance_plastica_difusiva, aplicar_plasticidad_memoria_profunda, aplicar_plasticidad_memoria_reciente_adaptativa, calcular_error_memoria_reciente, atractor_dual, actualizar_campo_con_memorias_duales, simular_fase, main	campo, memoria, valencia, predictiva, amenaza, identidad	674
V080e_memorias_duales_olvido_invertido.py	80	/Volumes/LaCie/RMD/Cosmolab/VSTCosmo/v080e_memorias_duales_olvido_invertido.py	v080e_memorias_duales_olvido_invertido.py	!/usr/bin/env python3		cargar_audio, inicializar_campo_total, inicializar_memoria_profunda, inicializar_memoria_reciente, inicializar_historia_interna, vecinos, preparar_objetivo_audio, calcular_frecuencias_naturales, _perfil_espectral, calcular_gradiente_espectral_diferencial, calcular_balance_plastica_difusiva, aplicar_plasticidad_memoria_profunda, aplicar_plasticidad_memoria_reciente_invertida, calcular_error_memoria_reciente, atractor_dual, actualizar_campo_con_memorias_duales, simular_fase, entrenar_y_medir_error_equilibrio, main	campo, memoria, valencia, predictiva, amenaza, identidad	680
V080f_seleccion_interna.py	80	/Volumes/LaCie/RMD/Cosmolab/VSTCosmo/v080f_seleccion_interna.py	v080f_seleccion_interna.py	!/usr/bin/env python3		cargar_audio, inicializar_campo_total, inicializar_memoria_profunda, inicializar_memoria_reciente, inicializar_historia_interna, vecinos, preparar_objetivo_audio, calcular_frecuencias_naturales, _perfil_espectral, calcular_gradiente_espectral_diferencial, calcular_balance_plastica_difusiva, calcular_eficiencia_regimen, calcular_tasa_olvido_por_eficiencia, aplicar_plasticidad_memoria_profunda, aplicar_plasticidad_memoria_reciente_v80f, atractor_dual, actualizar_campo_con_seleccion_interna, entrenar_y_medir_error_equilibrio, simular_fase, main	campo, memoria, valencia, predictiva, amenaza, identidad	772
V080g_seleccion_interna.py	80	/Volumes/LaCie/RMD/Cosmolab/VSTCosmo/v080g_seleccion_interna.py	v080g_seleccion_interna.py	!/usr/bin/env python3		cargar_audio, inicializar_campo_total, inicializar_memoria_profunda, inicializar_memoria_reciente, inicializar_historia_interna, vecinos, preparar_objetivo_audio, calcular_frecuencias_naturales, _perfil_espectral, calcular_gradiente_espectral_diferencial, calcular_balance_plastica_difusiva, calcular_eficiencia_regimen, calcular_tasa_olvido_por_eficiencia, aplicar_plasticidad_memoria_profunda, aplicar_plasticidad_memoria_reciente_v80g, atractor_dual, actualizar_campo_con_seleccion_interna, entrenar_y_medir_error_equilibrio, simular_fase, main	campo, memoria, valencia, predictiva, amenaza, identidad	739
V080h_seleccion_interna.py	80	/Volumes/LaCie/RMD/Cosmolab/VSTCosmo/v080h_seleccion_interna.py	v080h_seleccion_interna.py	!/usr/bin/env python3		cargar_audio, inicializar_campo_total, inicializar_memoria_profunda, inicializar_memoria_reciente, inicializar_historia_interna, vecinos, preparar_objetivo_audio, calcular_frecuencias_naturales, _perfil_espectral, calcular_gradiente_espectral_diferencial, calcular_balance_plastica_difusiva, calcular_eficiencia_regimen, calcular_tasa_olvido_por_eficiencia, aplicar_plasticidad_memoria_profunda, aplicar_plasticidad_memoria_reciente_v80h, atractor_dual, actualizar_campo_con_seleccion_interna, entrenar_y_medir_error_equilibrio, simular_fase, main	campo, memoria, valencia, predictiva, amenaza, identidad	753
V081_campo_expandido.py	81	/Volumes/LaCie/RMD/Cosmolab/VSTCosmo/v081_campo_expandido.py	v081_campo_expandido.py	!/usr/bin/env python3		cargar_audio_dual, inicializar_campo_v81, inicializar_memorias, _perfil_espectral_region, calcular_ged_entre, preparar_objetivo_dual, calcular_frecuencias_naturales, calcular_promedio_vecinos_v81, calcular_alpha_activo, calcular_senal_busqueda, calcular_senal_mantenimiento, calcular_eficiencia_regimen, calcular_tasa_olvido_por_eficiencia, aplicar_plasticidad_dual_v81, actualizar_campo_v81, calcular_metricas_v81, simular_fase, entrenar_inicial, main	campo, memoria, valencia, predictiva, amenaza, identidad, actuador	804
V082_acoplamiento_activo.py	82	/Volumes/LaCie/RMD/Cosmolab/VSTCosmo/v082_acoplamiento_activo.py	v082_acoplamiento_activo.py	!/usr/bin/env python3	ExploradorActuadores	cargar_audio_estereo, preparar_objetivo_canal, inicializar_campo_v82, inicializar_memorias, _perfil_espectral_region, calcular_ged_entre, calcular_frecuencias_naturales, calcular_promedio_vecinos_v82, calcular_parametros_actuacion, aplicar_entrada_cualitativa, explorar_actuadores, calcular_eficiencia_regimen, calcular_tasa_olvido_por_eficiencia, aplicar_plasticidad_dual_v82, calcular_senal_busqueda, calcular_senal_mantenimiento, actualizar_campo_v82, simular_fase, entrenar_inicial, main	campo, memoria, valencia, predictiva, consciencia, amenaza, identidad, actuador	877
V083_orientacion_activa.py	83	/Volumes/LaCie/RMD/Cosmolab/VSTCosmo/v083_orientacion_activa.py	v083_orientacion_activa.py	!/usr/bin/env python3	ExploradorActuadores	inicializar_campo, inicializar_memorias, _perfil_espectral_region, calcular_ged_entre, calcular_frecuencias_naturales, calcular_promedio_vecinos, convertir_mono_a_binaural, cargar_audio, preprocesar_audio_binaural, preparar_objetivo_canal, aplicar_plasticidad_dual, calcular_coherencia_por_canal, aplicar_orientacion_por_coherencia, calcular_parametros_actuacion, aplicar_entrada_cualitativa, explorar_actuadores, calcular_eficiencia, calcular_tasa_olvido, calcular_senal_busqueda, calcular_senal_mantenimiento, actualizar_campo, entrenar, simular_fase, main	campo, memoria, valencia, predictiva, lateralidad, consciencia, amenaza, actuador	871
V084_campo_diferencial.py	84	/Volumes/LaCie/RMD/Cosmolab/VSTCosmo/v084_campo_diferencial.py	v084_campo_diferencial.py	!/usr/bin/env python3	ExploradorActuadores	inicializar_campo, inicializar_memorias, _perfil_espectral_region, calcular_ged_entre, calcular_frecuencias_naturales, calcular_promedio_vecinos, cargar_mono, convertir_mono_a_binaural, generar_binaurales_preprocesados, preparar_objetivo_canal, actualizar_act_busc_diferencial, calcular_coherencia_sobre_objetivos, aplicar_orientacion_por_coherencia, calcular_parametros_actuacion, aplicar_entrada_cualitativa, explorar_actuadores, aplicar_plasticidad_dual, calcular_eficiencia, calcular_senal_busqueda, calcular_senal_mantenimiento, actualizar_campo, entrenar, simular_fase, main	campo, memoria, valencia, predictiva, lateralidad, consciencia, amenaza, identidad, actuador	1081
V084b_campo_diferencial.py	84	/Volumes/LaCie/RMD/Cosmolab/VSTCosmo/v084b_campo_diferencial.py	v084b_campo_diferencial.py	!/usr/bin/env python3	ExploradorActuadores	inicializar_campo, inicializar_memorias, _perfil_espectral_region, calcular_ged_entre, calcular_frecuencias_naturales, calcular_promedio_vecinos, cargar_mono, convertir_mono_a_binaural, cargar_desde_disco, preparar_objetivo_canal, actualizar_act_busc_diferencial, calcular_coherencia_sobre_objetivos, aplicar_orientacion_por_coherencia, calcular_parametros_actuacion, aplicar_entrada_cualitativa, explorar_actuadores, aplicar_plasticidad_dual, calcular_eficiencia, calcular_senal_busqueda, calcular_senal_mantenimiento, actualizar_campo, entrenar, simular_fase, main	campo, memoria, valencia, predictiva, lateralidad, consciencia, amenaza, identidad, actuador	1103
V085_decision_interna.py	85	/Volumes/LaCie/RMD/Cosmolab/VSTCosmo/v085_decision_interna.py	v085_decision_interna.py	!/usr/bin/env python3	ExploradorActuadores	cargar_audio_binaural, cargar_todos_binaurales, inicializar_campo_v85, inicializar_memorias, _perfil_espectral_region, calcular_ged_entre, calcular_frecuencias_naturales, calcular_promedio_vecinos_v85, preparar_objetivo_para_canal, calcular_coherencia_sobre_objetivos, actualizar_act_busc_desde_coherencia, aplicar_orientacion_por_coherencia, calcular_parametros_actuacion, aplicar_entrada_cualitativa, explorar_actuadores, calcular_eficiencia_regimen, calcular_tasa_olvido_por_eficiencia, aplicar_plasticidad_dual_v85, calcular_senal_busqueda, calcular_senal_mantenimiento, actualizar_campo_v85, simular_fase, entrenar_inicial, main	campo, memoria, valencia, lateralidad, consciencia, amenaza, actuador	891
V086_loop_cerrado.py	86	/Volumes/LaCie/RMD/Cosmolab/VSTCosmo/v086_loop_cerrado.py	v086_loop_cerrado.py	!/usr/bin/env python3	ExploradorActuadores	cargar_audio_binaural, cargar_todos_binaurales, inicializar_campo, inicializar_memorias, _perfil_espectral_region, calcular_ged_entre, calcular_frecuencias_naturales, calcular_promedio_vecinos, preparar_objetivo_canal, calcular_coherencia_sobre_objetivos, actualizar_act_busc_desde_coherencia, aplicar_forzamiento_busc_a_ganglio, aplicar_orientacion_por_coherencia, calcular_parametros_actuacion, aplicar_entrada_cualitativa, explorar_actuadores, aplicar_plasticidad_dual, calcular_eficiencia, calcular_senal_busqueda, calcular_senal_mantenimiento, actualizar_campo, entrenar, simular_fase, main	campo, memoria, valencia, lateralidad, consciencia, amenaza, actuador	915
V087_coherencia_dirigida.py	87	/Volumes/LaCie/RMD/Cosmolab/VSTCosmo/v087_coherencia_dirigida.py	v087_coherencia_dirigida.py	!/usr/bin/env python3	ExploradorActuadores	cargar_todos_binaurales, inicializar_campo, inicializar_memorias, _perfil_espectral_region, calcular_ged_entre, calcular_frecuencias_naturales, calcular_promedio_vecinos, preparar_objetivo_canal, calcular_coherencia_dirigida, actualizar_act_busc_desde_coherencia, aplicar_forzamiento_busc_a_ganglio, aplicar_orientacion_por_coherencia, calcular_parametros_actuacion, aplicar_entrada_cualitativa, explorar_actuadores, aplicar_plasticidad_dual, calcular_eficiencia, calcular_senal_busqueda, calcular_senal_mantenimiento, actualizar_campo, entrenar, simular_fase, main	campo, memoria, valencia, lateralidad, consciencia, amenaza, identidad, actuador	1008
V088_gradiente_energetico.py	88	/Volumes/LaCie/RMD/Cosmolab/VSTCosmo/v088_gradiente_energetico.py	v088_gradiente_energetico.py	!/usr/bin/env python3	ExploradorActuadores	cargar_todos_binaurales, inicializar_campo, inicializar_memorias, _perfil_espectral_region, calcular_ged_entre, calcular_frecuencias_naturales, calcular_promedio_vecinos, preparar_objetivo_canal, calcular_gradiente_energetico_dirigido, calcular_coherencia_dirigida, actualizar_act_busc_desde_gradiente, aplicar_forzamiento_busc_a_ganglio, aplicar_orientacion_por_gradiente, calcular_parametros_actuacion, aplicar_entrada_cualitativa, explorar_actuadores, aplicar_plasticidad_dual, calcular_eficiencia, calcular_senal_busqueda, actualizar_campo, entrenar, simular_fase, main	campo, memoria, homeostasis, valencia, lateralidad, consciencia, amenaza, actuador	972
V089_gradiente_canonico.py	89	/Volumes/LaCie/RMD/Cosmolab/VSTCosmo/v089_gradiente_canonico.py	v089_gradiente_canonico.py	!/usr/bin/env python3	ExploradorActuadores	cargar_todos_binaurales, inicializar_campo, inicializar_memorias, _perfil_espectral_region, calcular_ged_entre, calcular_frecuencias_naturales, calcular_promedio_vecinos, preparar_objetivo_canal, calcular_gradiente_energetico_dirigido, calcular_coherencia_dirigida, actualizar_act_busc_desde_gradiente, aplicar_forzamiento_busc_a_ganglio, actualizar_act_geom_desde_gradiente, calcular_parametros_actuacion, aplicar_entrada_cualitativa, explorar_actuadores, aplicar_plasticidad_dual, calcular_eficiencia, calcular_senal_busqueda, actualizar_campo, entrenar, simular_fase, main	campo, memoria, homeostasis, valencia, lateralidad, consciencia, amenaza, actuador	1028
V090_protocolo_ciclico.py	90	/Volumes/LaCie/RMD/Cosmolab/VSTCosmo/v090_protocolo_ciclico.py	v090_protocolo_ciclico.py	!/usr/bin/env python3	ExploradorActuadores	cargar_todos_binaurales, inicializar_campo, inicializar_memorias, _perfil_espectral_region, calcular_ged_entre, calcular_frecuencias_naturales, calcular_promedio_vecinos, preparar_objetivo_canal, calcular_gradiente_energetico_dirigido, calcular_coherencia_dirigida, actualizar_act_busc_desde_gradiente, aplicar_forzamiento_busc_a_ganglio, aplicar_orientacion_por_gradiente, calcular_parametros_actuacion, aplicar_entrada_cualitativa, explorar_actuadores, aplicar_plasticidad_dual, calcular_eficiencia, calcular_senal_busqueda, actualizar_campo, entrenar, simular_fase, main	campo, memoria, homeostasis, valencia, lateralidad, consciencia, amenaza, actuador	1017
V091_capa1_accion_A.py	91	/Volumes/LaCie/RMD/Cosmolab/VSTCosmo/v091_capa1_accion_A.py	v091_capa1_accion_A.py	!/usr/bin/env python3	ExploradorActuadores	cargar_todos_binaurales, inicializar_campo, inicializar_memorias, _perfil_espectral_region, calcular_ged_entre, calcular_frecuencias_naturales, calcular_promedio_vecinos, preparar_objetivo_canal, calcular_gradiente_energetico_dirigido, calcular_coherencia_dirigida, actualizar_act_busc_desde_gradiente, aplicar_forzamiento_busc_a_ganglio, aplicar_orientacion_por_gradiente, calcular_parametros_actuacion, aplicar_entrada_cualitativa, explorar_actuadores, aplicar_plasticidad_dual, calcular_eficiencia, calcular_senal_busqueda, actualizar_campo, entrenar, simular_fase, main	campo, memoria, homeostasis, valencia, lateralidad, consciencia, amenaza, actuador	1088
V092_respuesta_orientacion.py	92	/Volumes/LaCie/RMD/Cosmolab/VSTCosmo/v092_respuesta_orientacion.py	v092_respuesta_orientacion.py	!/usr/bin/env python3	ExploradorActuadores	cargar_todos_binaurales, inicializar_campo, inicializar_memorias, _perfil_espectral_region, calcular_ged_entre, calcular_frecuencias_naturales, calcular_promedio_vecinos, preparar_objetivo_canal, calcular_gradiente_energetico_dirigido, calcular_coherencia_dirigida, actualizar_act_busc_desde_gradiente, aplicar_forzamiento_busc_a_ganglio, aplicar_orientacion_por_gradiente, calcular_parametros_actuacion, aplicar_entrada_cualitativa, explorar_actuadores, aplicar_plasticidad_dual, calcular_omega_orient, calcular_eficiencia, calcular_senal_busqueda, actualizar_campo, entrenar, simular_fase, main	campo, memoria, homeostasis, valencia, lateralidad, consciencia, amenaza, identidad, actuador	1088
V093_validacion_estructural.py	93	/Volumes/LaCie/RMD/Cosmolab/VSTCosmo/v093_validacion_estructural.py	v093_validacion_estructural.py	!/usr/bin/env python3	ExploradorActuadores	cargar_todos_binaurales, inicializar_campo, inicializar_memorias, _perfil_espectral_region, calcular_ged_entre, calcular_frecuencias_naturales, calcular_promedio_vecinos, preparar_objetivo_canal, calcular_gradiente_energetico_dirigido, calcular_coherencia_dirigida, actualizar_act_busc_desde_gradiente, aplicar_forzamiento_busc_a_ganglio, aplicar_orientacion_por_gradiente, calcular_parametros_actuacion, aplicar_entrada_cualitativa, explorar_actuadores, aplicar_plasticidad_dual, calcular_omega_orient, calcular_eficiencia, calcular_senal_busqueda, actualizar_campo, entrenar, simular_fase, correr_protocolo, main	campo, memoria, homeostasis, valencia, lateralidad, consciencia, amenaza, identidad, actuador	1457
V094_cierre_w_rec_a_act_geom_dos_variantes.py	94	/Volumes/LaCie/RMD/Cosmolab/VSTCosmo/v094_cierre_w_rec_a_act_geom_dos_variantes.py	v094_cierre_w_rec_a_act_geom_dos_variantes.py	!/usr/bin/env python3	ExploradorActuadores	cargar_todos_binaurales, inicializar_campo, inicializar_memorias, _perfil_espectral_region, calcular_ged_entre, calcular_frecuencias_naturales, calcular_promedio_vecinos, preparar_objetivo_canal, calcular_gradiente_energetico_dirigido, calcular_coherencia_dirigida, actualizar_act_busc_desde_gradiente, aplicar_forzamiento_busc_a_ganglio, aplicar_orientacion_v1_aditiva, aplicar_orientacion_v2_escala, calcular_parametros_actuacion, aplicar_entrada_cualitativa, explorar_actuadores, aplicar_plasticidad_dual, calcular_omega_orient, calcular_eficiencia, calcular_senal_busqueda, actualizar_campo, entrenar, simular_fase, correr_protocolo	campo, memoria, homeostasis, valencia, predictiva, lateralidad, consciencia, amenaza, identidad, actuador	1182
V095_diagnostico_de_w_rec_y_correccion_arquitectural.py	95	/Volumes/LaCie/RMD/Cosmolab/VSTCosmo/v095_diagnostico_de_w_rec_y_correccion_arquitectural.py	v095_diagnostico_de_w_rec_y_correccion_arquitectural.py	!/usr/bin/env python3	ExploradorActuadores	cargar_todos_binaurales, inicializar_campo, inicializar_memorias, _perfil_espectral_region, calcular_ged_entre, calcular_frecuencias_naturales, calcular_promedio_vecinos, preparar_objetivo_canal, calcular_gradiente_energetico_dirigido, calcular_coherencia_dirigida, actualizar_act_busc_desde_gradiente, aplicar_forzamiento_busc_a_ganglio, aplicar_orientacion_v1_aditiva, aplicar_orientacion_v2_escala, calcular_parametros_actuacion, aplicar_entrada_cualitativa, explorar_actuadores, aplicar_plasticidad_dual, calcular_omega_orient, calcular_eficiencia, calcular_senal_busqueda, calcular_IAD, aplicar_orientacion_v1_aditiva, aplicar_orientacion_v2_escala, actualizar_campo	campo, memoria, homeostasis, valencia, predictiva, lateralidad, consciencia, amenaza, identidad, actuador	1396
V096_diagnostico_de_rigidez_geometrica.py	96	/Volumes/LaCie/RMD/Cosmolab/VSTCosmo/v096_diagnostico_de_rigidez_geometrica.py	v096_diagnostico_de_rigidez_geometrica.py	!/usr/bin/env python3	ExploradorActuadores	cargar_todos_binaurales, inicializar_campo, inicializar_memorias, _perfil_espectral_region, calcular_ged_entre, calcular_frecuencias_naturales, calcular_promedio_vecinos, preparar_objetivo_canal, calcular_gradiente_energetico_dirigido, calcular_coherencia_dirigida, actualizar_act_busc_desde_gradiente, aplicar_forzamiento_busc_a_ganglio, aplicar_orientacion_v1_aditiva, calcular_parametros_actuacion, aplicar_entrada_cualitativa, explorar_actuadores, aplicar_plasticidad_dual, calcular_omega_orient, calcular_eficiencia, calcular_senal_busqueda, actualizar_campo, entrenar, simular_fase, correr_protocolo, main	campo, memoria, homeostasis, valencia, predictiva, lateralidad, consciencia, amenaza, identidad, actuador	1188
V097_1.py	97	/Volumes/LaCie/RMD/Cosmolab/VSTCosmo/v097_1.py	v097_1.py	!/usr/bin/env python3	ExploradorActuadores	imprimir_configuracion, cargar_bigbang, inicializar_campo, inicializar_memorias, _perfil_espectral_region, calcular_ged_entre, calcular_frecuencias_naturales, calcular_promedio_vecinos, preparar_objetivo_canal, calcular_gradiente_energetico_dirigido, calcular_coherencia_dirigida, actualizar_act_busc_desde_gradiente, aplicar_forzamiento_busc_a_ganglio, aplicar_orientacion_v1_aditiva, calcular_parametros_actuacion, aplicar_entrada_cualitativa, explorar_actuadores, aplicar_plasticidad_dual, calcular_omega_orient, calcular_eficiencia, calcular_senal_busqueda, actualizar_campo, diagnosticar_estado_post_entrenamiento, comparar_estados_entre_instancias, entrenar	campo, memoria, homeostasis, valencia, predictiva, lateralidad, consciencia, amenaza, identidad, actuador	1299
V097_2_bigbang_diagnostico_post_entrenamiento.py	97	/Volumes/LaCie/RMD/Cosmolab/VSTCosmo/v097_2_bigbang_diagnostico_post_entrenamiento.py	v097_2_bigbang_diagnostico_post_entrenamiento.py	!/usr/bin/env python3	ExploradorActuadores	imprimir_configuracion, cargar_bigbang, inicializar_campo, inicializar_memorias, _perfil_espectral_region, calcular_ged_entre, calcular_frecuencias_naturales, calcular_promedio_vecinos, calcular_asimetria_act_geom, preparar_objetivo_canal, calcular_gradiente_energetico_dirigido, calcular_coherencia_dirigida, actualizar_act_busc_desde_gradiente, aplicar_forzamiento_busc_a_ganglio, aplicar_orientacion_v1_aditiva, calcular_parametros_actuacion, aplicar_entrada_cualitativa, explorar_actuadores, aplicar_plasticidad_dual, calcular_omega_orient, calcular_eficiencia, calcular_senal_busqueda, actualizar_campo, diagnosticar_estado_post_entrenamiento, comparar_estados_entre_instancias	campo, memoria, homeostasis, valencia, predictiva, lateralidad, consciencia, amenaza, identidad, actuador	1351
V097_3_bigbang_entrenamiento_extendido_232s.py	97	/Volumes/LaCie/RMD/Cosmolab/VSTCosmo/v097_3_bigbang_entrenamiento_extendido_232s.py	v097_3_bigbang_entrenamiento_extendido_232s.py	!/usr/bin/env python3	ExploradorActuadores	imprimir_configuracion, cargar_bigbang, inicializar_campo, inicializar_memorias, _perfil_espectral_region, calcular_ged_entre, calcular_frecuencias_naturales, calcular_promedio_vecinos, calcular_asimetria_act_geom, preparar_objetivo_canal, calcular_gradiente_energetico_dirigido, calcular_coherencia_dirigida, actualizar_act_busc_desde_gradiente, aplicar_forzamiento_busc_a_ganglio, aplicar_orientacion_v1_aditiva, calcular_parametros_actuacion, aplicar_entrada_cualitativa, explorar_actuadores, aplicar_plasticidad_dual, calcular_omega_orient, calcular_eficiencia, calcular_senal_busqueda, actualizar_campo, diagnosticar_estado_post_entrenamiento, comparar_estados_entre_instancias	campo, memoria, homeostasis, valencia, predictiva, lateralidad, consciencia, amenaza, identidad, actuador	1347
V097_bigbang_como_eje_unico_del_experimento.py	97	/Volumes/LaCie/RMD/Cosmolab/VSTCosmo/v097_bigbang_como_eje_unico_del_experimento.py	v097_bigbang_como_eje_unico_del_experimento.py	!/usr/bin/env python3	ExploradorActuadores	imprimir_configuracion, cargar_bigbang, inicializar_campo, inicializar_memorias, _perfil_espectral_region, calcular_ged_entre, calcular_frecuencias_naturales, calcular_promedio_vecinos, preparar_objetivo_canal, calcular_gradiente_energetico_dirigido, calcular_coherencia_dirigida, actualizar_act_busc_desde_gradiente, aplicar_forzamiento_busc_a_ganglio, aplicar_orientacion_v1_aditiva, calcular_parametros_actuacion, aplicar_entrada_cualitativa, explorar_actuadores, aplicar_plasticidad_dual, calcular_omega_orient, calcular_eficiencia, calcular_senal_busqueda, actualizar_campo, entrenar, evaluar, clasificar_hipotesis	campo, memoria, homeostasis, valencia, predictiva, lateralidad, consciencia, amenaza, identidad, actuador	1113
V098_observacion_de_histeresis_act_mant_y_rango_de.py	98	/Volumes/LaCie/RMD/Cosmolab/VSTCosmo/v098_observacion_de_histeresis_act_mant_y_rango_de.py	v098_observacion_de_histeresis_act_mant_y_rango_de.py	!/usr/bin/env python3	ExploradorActuadores	cargar_bigbang, inicializar_campo, inicializar_memorias, _perfil_espectral_region, calcular_ged_entre, calcular_frecuencias_naturales, calcular_promedio_vecinos, preparar_objetivo_canal, calcular_gradiente_energetico_dirigido, calcular_coherencia_dirigida, actualizar_act_busc_desde_gradiente, aplicar_forzamiento_busc_a_ganglio, aplicar_orientacion_v1_aditiva, calcular_parametros_actuacion, aplicar_entrada_cualitativa, explorar_actuadores, aplicar_plasticidad_dual, calcular_omega_orient, calcular_eficiencia, calcular_senal_busqueda, actualizar_campo, entrenar, simular_fase, evaluar_multifase, main	campo, memoria, homeostasis, valencia, predictiva, lateralidad, consciencia, amenaza, identidad, actuador	1049
V099_exploracion_de_la_asimetria_de_omega_para_60_grados.py	99	/Volumes/LaCie/RMD/Cosmolab/VSTCosmo/v099_exploracion_de_la_asimetria_de_omega_para_60_grados.py	v099_exploracion_de_la_asimetria_de_omega_para_60_grados.py	!/usr/bin/env python3	ExploradorActuadores	cargar_bigbang, inicializar_campo, inicializar_memorias, _perfil_espectral_region, calcular_ged_entre, calcular_frecuencias_naturales, calcular_promedio_vecinos, preparar_objetivo_canal, calcular_gradiente_energetico_dirigido, calcular_coherencia_dirigida, actualizar_act_busc_desde_gradiente, aplicar_forzamiento_busc_a_ganglio, aplicar_orientacion_v1_aditiva, calcular_parametros_actuacion, aplicar_entrada_cualitativa, explorar_actuadores, aplicar_plasticidad_dual, calcular_omega_orient, calcular_eficiencia, calcular_senal_busqueda, actualizar_campo, entrenar, simular_fase, evaluar_multifase, main	campo, memoria, homeostasis, valencia, predictiva, lateralidad, consciencia, amenaza, identidad, actuador	1094
V100_curva_de_dosis_respuesta_con_multiples_estimulos.py	100	/Volumes/LaCie/RMD/Cosmolab/VSTCosmo/v100_curva_de_dosis_respuesta_con_multiples_estimulos.py	v100_curva_de_dosis_respuesta_con_multiples_estimulos.py	!/usr/bin/env python3	ExploradorActuadores	cargar_todos_sonidos, inicializar_campo, inicializar_memorias, _perfil_espectral_region, calcular_ged_entre, calcular_frecuencias_naturales, calcular_promedio_vecinos, preparar_objetivo_canal, calcular_gradiente_energetico_dirigido, calcular_coherencia_dirigida, actualizar_act_busc_desde_gradiente, aplicar_forzamiento_busc_a_ganglio, aplicar_orientacion_v1_aditiva, calcular_parametros_actuacion, aplicar_entrada_cualitativa, explorar_actuadores, aplicar_plasticidad_dual, calcular_omega_orient, calcular_eficiencia, calcular_senal_busqueda, actualizar_campo, entrenar_multiestimulo, simular_fase, evaluar_bloque_estimulos, evaluar_instancia	campo, memoria, homeostasis, valencia, lateralidad, consciencia, amenaza, identidad, actuador	965
V101_entrenamiento_multi_estimulo_evaluacion_solo_bigbang.py	101	/Volumes/LaCie/RMD/Cosmolab/VSTCosmo/v101_entrenamiento_multi_estimulo_evaluacion_solo_bigbang.py	v101_entrenamiento_multi_estimulo_evaluacion_solo_bigbang.py	!/usr/bin/env python3	ExploradorActuadores	cargar_todos_sonidos, inicializar_campo, inicializar_memorias, _perfil_espectral_region, calcular_ged_entre, calcular_frecuencias_naturales, calcular_promedio_vecinos, preparar_objetivo_canal, calcular_gradiente_energetico_dirigido, calcular_coherencia_dirigida, actualizar_act_busc_desde_gradiente, aplicar_forzamiento_busc_a_ganglio, aplicar_orientacion_v1_aditiva, calcular_parametros_actuacion, aplicar_entrada_cualitativa, explorar_actuadores, aplicar_plasticidad_dual, calcular_omega_orient, calcular_eficiencia, calcular_senal_busqueda, actualizar_campo, entrenar_multiestimulo, simular_fase_bigbang, evaluar_instancia, main	campo, memoria, homeostasis, valencia, lateralidad, consciencia, amenaza, identidad, actuador	936
V102_naturaleza_de_omega_categorizacion_y_transferencia.py	102	/Volumes/LaCie/RMD/Cosmolab/VSTCosmo/v102_naturaleza_de_omega_categorizacion_y_transferencia.py	v102_naturaleza_de_omega_categorizacion_y_transferencia.py	!/usr/bin/env python3	ExploradorActuadores	cargar_sonidos, inicializar_campo, inicializar_memorias, _perfil_espectral_region, calcular_ged_entre, calcular_frecuencias_naturales, calcular_promedio_vecinos, preparar_objetivo_canal, calcular_gradiente_energetico_dirigido, calcular_coherencia_dirigida, actualizar_act_busc_desde_gradiente, aplicar_forzamiento_busc_a_ganglio, aplicar_orientacion_v1_aditiva, calcular_parametros_actuacion, aplicar_entrada_cualitativa, explorar_actuadores, aplicar_plasticidad_dual, calcular_omega_orient, calcular_eficiencia, calcular_senal_busqueda, actualizar_campo, entrenar_con_estimulos, evaluar_estimulo, evaluar_todos, main	campo, memoria, homeostasis, valencia, lateralidad, consciencia, amenaza, identidad, actuador	984
V103_clasificacion_de_multiples_estimulos.py	103	/Volumes/LaCie/RMD/Cosmolab/VSTCosmo/v103_clasificacion_de_multiples_estimulos.py	v103_clasificacion_de_multiples_estimulos.py	!/usr/bin/env python3	ExploradorActuadores	cargar_todos_sonidos, inicializar_campo, inicializar_memorias, _perfil_espectral_region, calcular_ged_entre, calcular_frecuencias_naturales, calcular_promedio_vecinos, preparar_objetivo_canal, calcular_gradiente_energetico_dirigido, calcular_coherencia_dirigida, actualizar_act_busc_desde_gradiente, aplicar_forzamiento_busc_a_ganglio, aplicar_orientacion_v1_aditiva, calcular_parametros_actuacion, aplicar_entrada_cualitativa, explorar_actuadores, aplicar_plasticidad_dual, calcular_omega_orient, calcular_eficiencia, calcular_senal_busqueda, actualizar_campo, entrenar, evaluar_estimulo, evaluar_todos, main	campo, memoria, homeostasis, valencia, lateralidad, consciencia, amenaza, identidad, actuador	1000
V104_distinguiendo_entre_lectura_fisica_y_cosmosemiotica.py	104	/Volumes/LaCie/RMD/Cosmolab/VSTCosmo/v104_distinguiendo_entre_lectura_fisica_y_cosmosemiotica.py	v104_distinguiendo_entre_lectura_fisica_y_cosmosemiotica.py	!/usr/bin/env python3	ExploradorActuadores	cargar_sonidos, inicializar_campo, inicializar_memorias, _perfil_espectral_region, calcular_ged_entre, calcular_frecuencias_naturales, calcular_promedio_vecinos, preparar_objetivo_canal, calcular_gradiente_energetico_dirigido, actualizar_act_busc_desde_gradiente, aplicar_forzamiento_busc_a_ganglio, aplicar_orientacion_v1_aditiva, calcular_parametros_actuacion, aplicar_entrada_cualitativa, explorar_actuadores, aplicar_plasticidad_dual, calcular_omega_orient, calcular_eficiencia, calcular_senal_busqueda, actualizar_campo, entrenar, evaluar_estimulo, experimento_contexto, experimento_composicionalidad, experimento_linealidad	campo, memoria, homeostasis, valencia, predictiva, lateralidad, consciencia, amenaza, identidad, actuador	1006
V105_forzando_lf_1_con_tonos_puros_monofonicos.py	105	/Volumes/LaCie/RMD/Cosmolab/VSTCosmo/v105_forzando_lf_1_con_tonos_puros_monofonicos.py	v105_forzando_lf_1_con_tonos_puros_monofonicos.py	!/usr/bin/env python3	ExploradorActuadores	cargar_sonidos, inicializar_campo, inicializar_memorias, _perfil_espectral_region, calcular_frecuencias_naturales, calcular_promedio_vecinos, preparar_objetivo_canal, calcular_gradiente_energetico_dirigido, actualizar_act_busc_desde_gradiente, aplicar_forzamiento_busc_a_ganglio, aplicar_orientacion_v1_aditiva, calcular_parametros_actuacion, aplicar_entrada_cualitativa, explorar_actuadores, aplicar_plasticidad_dual, calcular_omega_orient, calcular_eficiencia, actualizar_campo, entrenar, evaluar_estimulo, experimento_linea_base, experimento_meta_representacion, experimento_anomalia_tonal, experimento_memoria_distractores, main	campo, memoria, homeostasis, valencia, lateralidad, consciencia, amenaza, identidad, actuador	1101
V105b_prueba_de_tonos_binaurales_sinteticos.py	105	/Volumes/LaCie/RMD/Cosmolab/VSTCosmo/v105b_prueba_de_tonos_binaurales_sinteticos.py	v105b_prueba_de_tonos_binaurales_sinteticos.py	!/usr/bin/env python3	ExploradorActuadores	cargar_sonidos, inicializar_campo, inicializar_memorias, _perfil_espectral_region, calcular_frecuencias_naturales, calcular_promedio_vecinos, preparar_objetivo_canal, calcular_gradiente_energetico_dirigido, actualizar_act_busc_desde_gradiente, aplicar_forzamiento_busc_a_ganglio, aplicar_orientacion_v1_aditiva, calcular_parametros_actuacion, aplicar_entrada_cualitativa, explorar_actuadores, aplicar_plasticidad_dual, calcular_omega_orient, calcular_eficiencia, actualizar_campo, entrenar, evaluar_estimulo, experimento_tonos_binaurales, experimento_controles, main	campo, memoria, homeostasis, valencia, lateralidad, consciencia, amenaza, identidad, actuador	934
V105c_caso_critico_tono_puro_original_de_v104_tonos_largos.py	105	/Volumes/LaCie/RMD/Cosmolab/VSTCosmo/v105c_caso_critico_tono_puro_original_de_v104_tonos_largos.py	v105c_caso_critico_tono_puro_original_de_v104_tonos_largos.py	!/usr/bin/env python3	ExploradorActuadores	cargar_sonidos, inicializar_campo, inicializar_memorias, _perfil_espectral_region, calcular_frecuencias_naturales, calcular_promedio_vecinos, preparar_objetivo_canal, calcular_gradiente_energetico_dirigido, actualizar_act_busc_desde_gradiente, aplicar_forzamiento_busc_a_ganglio, aplicar_orientacion_v1_aditiva, calcular_parametros_actuacion, aplicar_entrada_cualitativa, explorar_actuadores, aplicar_plasticidad_dual, calcular_omega_orient, calcular_eficiencia, actualizar_campo, entrenar, evaluar_estimulo, experimento_tono_puro_original, experimento_tonos_largos, experimento_controles, main	campo, memoria, homeostasis, valencia, lateralidad, consciencia, libertad, amenaza, identidad, actuador	1051
V105d_prueba_de_tonos_largos_30s_por_frecuencia.py	105	/Volumes/LaCie/RMD/Cosmolab/VSTCosmo/v105d_prueba_de_tonos_largos_30s_por_frecuencia.py	v105d_prueba_de_tonos_largos_30s_por_frecuencia.py	!/usr/bin/env python3	ExploradorActuadores	cargar_sonidos, inicializar_campo, inicializar_memorias, _perfil_espectral_region, calcular_frecuencias_naturales, calcular_promedio_vecinos, preparar_objetivo_canal, calcular_gradiente_energetico_dirigido, actualizar_act_busc_desde_gradiente, aplicar_forzamiento_busc_a_ganglio, aplicar_orientacion_v1_aditiva, calcular_parametros_actuacion, aplicar_entrada_cualitativa, explorar_actuadores, aplicar_plasticidad_dual, calcular_omega_orient, calcular_eficiencia, actualizar_campo, entrenar, evaluar_estimulo, experimento_tonos_largos, experimento_controles, main	campo, memoria, homeostasis, valencia, lateralidad, consciencia, amenaza, identidad, actuador	991
V105e_barrido_fino_alrededor_de_440_hz.py	105	/Volumes/LaCie/RMD/Cosmolab/VSTCosmo/v105e_barrido_fino_alrededor_de_440_hz.py	v105e_barrido_fino_alrededor_de_440_hz.py	!/usr/bin/env python3	ExploradorActuadores	generar_tono_binaural, asegurar_tonos, cargar_sonidos, inicializar_campo, inicializar_memorias, _perfil_espectral_region, calcular_frecuencias_naturales, calcular_promedio_vecinos, preparar_objetivo_canal, calcular_gradiente_energetico_dirigido, actualizar_act_busc_desde_gradiente, aplicar_forzamiento_busc_a_ganglio, aplicar_orientacion_v1_aditiva, calcular_parametros_actuacion, aplicar_entrada_cualitativa, explorar_actuadores, aplicar_plasticidad_dual, calcular_omega_orient, calcular_eficiencia, actualizar_campo, entrenar, evaluar_estimulo, experimento_barrido_fino, analizar_resonancia, main	campo, memoria, homeostasis, valencia, lateralidad, consciencia, amenaza, identidad, actuador	992
V106_dos_agentes_acoplados_corregido.py	106	/Volumes/LaCie/RMD/Cosmolab/VSTCosmo/v106_dos_agentes_acoplados_corregido.py	v106_dos_agentes_acoplados_corregido.py	!/usr/bin/env python3	ExploradorActuadores, AgenteVST	cargar_sonidos, experimento_agentes_acoplados, main	campo, memoria, homeostasis, valencia, lateralidad, consciencia, amenaza, identidad, actuador	798
V107_clausura_semiotica_corregido.py	107	/Volumes/LaCie/RMD/Cosmolab/VSTCosmo/v107_clausura_semiotica_corregido.py	v107_clausura_semiotica_corregido.py	!/usr/bin/env python3	ExploradorActuadores, AgenteVST	cargar_sonidos, experimento_semiosis, main	campo, memoria, homeostasis, valencia, lateralidad, consciencia, amenaza, identidad, actuador	859
V108_blue_monday_estimulo_largo_y_complejo.py	108	/Volumes/LaCie/RMD/Cosmolab/VSTCosmo/v108_blue_monday_estimulo_largo_y_complejo.py	v108_blue_monday_estimulo_largo_y_complejo.py	!/usr/bin/env python3	ExploradorActuadores, AgenteVST	cargar_sonidos, experimento_blue_monday, main	campo, memoria, homeostasis, valencia, lateralidad, consciencia, amenaza, identidad, actuador	808
V109_protocolo_canonico_corregido.py	109	/Volumes/LaCie/RMD/Cosmolab/VSTCosmo/v109_protocolo_canonico_corregido.py	v109_protocolo_canonico_corregido.py	!/usr/bin/env python3	ExploradorActuadores, AgenteVST_Canonico	cargar_sonidos, calibrar_agente, experimento_R2, main	campo, memoria, valencia, lateralidad, consciencia, amenaza, identidad, actuador	544
V110_protocolo_de_diferencia_con_blue_monday.py	110	/Volumes/LaCie/RMD/Cosmolab/VSTCosmo/v110_protocolo_de_diferencia_con_blue_monday.py	v110_protocolo_de_diferencia_con_blue_monday.py	!/usr/bin/env python3	AgenteVST_Canonico	reporte_doble_descripcion, ejecutar_v110	campo, valencia, lateralidad, consciencia, comunicacion, amenaza, identidad	471
V111_fisiologia_corregida_auditoria_completa.py	111	/Volumes/LaCie/RMD/Cosmolab/VSTCosmo/v111_fisiologia_corregida_auditoria_completa.py	v111_fisiologia_corregida_auditoria_completa.py	!/usr/bin/env python3	MembranaSensorial, AgenteVST_Canonico	butter_highpass, butter_lowpass, aplicar_filtro, reporte_doble_descripcion, ejecutar_v111b	campo, valencia, predictiva, lateralidad, consciencia, amenaza, identidad	719
V112_sin_parametros_externos_version_meta.py	112	/Volumes/LaCie/RMD/Cosmolab/VSTCosmo/v112_sin_parametros_externos_version_meta.py	v112_sin_parametros_externos_version_meta.py	!/usr/bin/env python3	MembranaSensorial, AgenteVST	butter_highpass, butter_lowpass, aplicar_filtro, ejecutar_v112	campo, memoria, valencia, lateralidad, consciencia, amenaza, identidad	609
V113_experimento_completo_sin_parametros.py	113	/Volumes/LaCie/RMD/Cosmolab/VSTCosmo/v113_experimento_completo_sin_parametros.py	v113_experimento_completo_sin_parametros.py	!/usr/bin/env python3	MembranaSensorial, Agente	butter_highpass, butter_lowpass, aplicar_filtro, ejecutar_v113	campo, valencia, lateralidad, consciencia, amenaza, identidad	644
V114_alma_racional_estable.py	114	/Volumes/LaCie/RMD/Cosmolab/VSTCosmo/v114_alma_racional_estable.py	v114_alma_racional_estable.py	!/usr/bin/env python3	MembranaSensorial, Agente	butter_highpass, butter_lowpass, aplicar_filtro, ejecutar_v114	campo, valencia, lateralidad, consciencia, amenaza, identidad	547
V115_blue_monday_expandido_dietas_espectrales.py	115	/Volumes/LaCie/RMD/Cosmolab/VSTCosmo/v115_blue_monday_expandido_dietas_espectrales.py	v115_blue_monday_expandido_dietas_espectrales.py	!/usr/bin/env python3	MembranaSensorial, Agente	butter_highpass, butter_lowpass, aplicar_filtro, ejecutar_v115	campo, valencia, lateralidad, consciencia, amenaza, identidad	535
V116_el_experimento_final.py	116	/Volumes/LaCie/RMD/Cosmolab/VSTCosmo/v116_el_experimento_final.py	v116_el_experimento_final.py	!/usr/bin/env python3	MembranaSensorial, Agente	butter_highpass, butter_lowpass, aplicar_filtro, ejecutar_v116	campo, valencia, lateralidad, consciencia, identidad	514
V117_tiempos_completos_sin_apresurar.py	117	/Volumes/LaCie/RMD/Cosmolab/VSTCosmo/v117_tiempos_completos_sin_apresurar.py	v117_tiempos_completos_sin_apresurar.py	!/usr/bin/env python3	MembranaSensorial, Agente	butter_highpass, butter_lowpass, aplicar_filtro, ejecutar_v117	campo, valencia, lateralidad, consciencia, identidad	525
V118_memoria_larga_y_atencion_para_lateralidad.py	118	/Volumes/LaCie/RMD/Cosmolab/VSTCosmo/v118_memoria_larga_y_atencion_para_lateralidad.py	v118_memoria_larga_y_atencion_para_lateralidad.py	!/usr/bin/env python3	MecanismoAtencion, MembranaSensorial, Agente	butter_highpass, butter_lowpass, aplicar_filtro, ejecutar_v118	campo, memoria, valencia, predictiva, lateralidad, consciencia, identidad	687
V119_plasticidad_dual.py	119	/Volumes/LaCie/RMD/Cosmolab/VSTCosmo/v119_plasticidad_dual.py	v119_plasticidad_dual.py	!/usr/bin/env python3	Agente	ejecutar_v119	campo, memoria, valencia, predictiva, lateralidad, consciencia, identidad	386
V120_consolidacion_doble_canal_parcialmente_acoplado.py	120	/Volumes/LaCie/RMD/Cosmolab/VSTCosmo/v120_consolidacion_doble_canal_parcialmente_acoplado.py	v120_consolidacion_doble_canal_parcialmente_acoplado.py	!/usr/bin/env python3	AtencionDerivadas, MembranaSensorial, AgenteV120	butter_highpass, butter_lowpass, aplicar_filtro, ejecutar_v120	campo, memoria, valencia, predictiva, lateralidad, consciencia, libertad, comunicacion, amenaza, identidad	722
V121_arquitectura_bihemisferica_con_cuerpo_calloso_selectivo.py	121	/Volumes/LaCie/RMD/Cosmolab/VSTCosmo/v121_arquitectura_bihemisferica_con_cuerpo_calloso_selectivo.py	v121_arquitectura_bihemisferica_con_cuerpo_calloso_selectivo.py	!/usr/bin/env python3	MembranaSensorial, Hemisferio, AgenteV121	butter_highpass, butter_lowpass, aplicar_filtro, ejecutar_v121	campo, valencia, lateralidad, consciencia, comunicacion, identidad	547
V122.py	122	/Volumes/LaCie/RMD/Cosmolab/VSTCosmo/V122.py	V122.py	!/usr/bin/env python3	Hemisferio, SistemaV122	generar_ruido_rosa, generar_clicks_poisson, ejecutar_v122	campo, valencia, lateralidad, consciencia, comunicacion, identidad	384
V122b_segregacion_fisica_organos_minimos.py	122	/Volumes/LaCie/RMD/Cosmolab/VSTCosmo/v122b_segregacion_fisica_organos_minimos.py	v122b_segregacion_fisica_organos_minimos.py	!/usr/bin/env python3	Hemisferio, AparatoMotor, Atencion, SistemaV122	generar_ruido_rosa, generar_clicks_poisson, calcular_S_shared, ejecutar_v122	campo, valencia, lateralidad, consciencia, comunicacion, amenaza, identidad, actuador	459
V123_anima_1_controlador_p_zona_muerta.py	123	/Volumes/LaCie/RMD/Cosmolab/VSTCosmo/v123_anima_1_controlador_p_zona_muerta.py	v123_anima_1_controlador_p_zona_muerta.py	!/usr/bin/env python3	Color, Hemisferio, CuerpoCalloso, InhibicionReciproca, AparatoMotor, SistemaBinaural, Estimulos	ruido_blanco, ruido_rosa, generar_click, calcular_lateralidad, calcular_respuesta_R2, generar_graficos, ejecutar_experimento	campo, valencia, lateralidad, consciencia, libertad, amenaza, actuador	663
V124_anima_1_controlador_p_zona_muerta_audio_restaurado_en.py	124	/Volumes/LaCie/RMD/Cosmolab/VSTCosmo/v124_anima_1_controlador_p_zona_muerta_audio_restaurado_en.py	v124_anima_1_controlador_p_zona_muerta_audio_restaurado_en.py	!/usr/bin/env python3	Hemisferio, CuerpoCalloso, InhibicionReciproca, AparatoMotor, SistemaBinaural, Estimulos	ruido_blanco, ruido_rosa, generar_clicks_poisson, localizar, calcular_lateralidad, calcular_respuesta_R2, generar_graficos, ejecutar_experimento	campo, valencia, lateralidad, consciencia, libertad, amenaza, actuador	662
V125_dos_sistemas_acoplados_con_orientacion_de_cabeza.py	125	/Volumes/LaCie/RMD/Cosmolab/VSTCosmo/v125_dos_sistemas_acoplados_con_orientacion_de_cabeza.py	v125_dos_sistemas_acoplados_con_orientacion_de_cabeza.py	!/usr/bin/env python3	SistemaOrientador	ejecutar_v125	campo, valencia, lateralidad, consciencia, amenaza, actuador	374
V126_organismo_con_interfaz_motor_lateralidad_regulada.py	126	/Volumes/LaCie/RMD/Cosmolab/VSTCosmo/v126_organismo_con_interfaz_motor_lateralidad_regulada.py	v126_organismo_con_interfaz_motor_lateralidad_regulada.py	!/usr/bin/env python3	AparatoMotorV126, SistemaV126	ejecutar_v126	campo, valencia, lateralidad, consciencia, comunicacion, amenaza, actuador	562
V127_correccion_de_signo_del_gradiente_binaural.py	127	/Volumes/LaCie/RMD/Cosmolab/VSTCosmo/v127_correccion_de_signo_del_gradiente_binaural.py	v127_correccion_de_signo_del_gradiente_binaural.py	!/usr/bin/env python3	AparatoMotorV127A, SistemaV127A	ejecutar_v127a	campo, valencia, lateralidad, consciencia, comunicacion, amenaza, actuador	490
V127b_correccion_de_gradiente_usar_diferencia_inter_sistemas.py	127	/Volumes/LaCie/RMD/Cosmolab/VSTCosmo/v127b_correccion_de_gradiente_usar_diferencia_inter_sistemas.py	v127b_correccion_de_gradiente_usar_diferencia_inter_sistemas.py	!/usr/bin/env python3	AparatoMotorV127B, SistemaV127B	ejecutar_v127b	campo, valencia, lateralidad, consciencia, comunicacion, amenaza, actuador	522
V128_validacion_robusta_parkinson_computacional.py	128	/Volumes/LaCie/RMD/Cosmolab/VSTCosmo/v128_validacion_robusta_parkinson_computacional.py	v128_validacion_robusta_parkinson_computacional.py	!/usr/bin/env python3	AparatoMotorBase, AparatoMotorParkinson, SistemaV128	calcular_metricas, ejecutar_validacion_semilla, ejecutar_barrido_parkinson, ejecutar_v128	campo, valencia, lateralidad, consciencia, comunicacion, amenaza, identidad, actuador	612
V129_supervivencia_no_perfeccion.py	129	/Volumes/LaCie/RMD/Cosmolab/VSTCosmo/v129_supervivencia_no_perfeccion.py	v129_supervivencia_no_perfeccion.py	!/usr/bin/env python3	HemisferioV129, SistemaV129, AparatoMotorV129	calcular_metricas_supervivencia, validar_poblacion, caracterizar_fragilidad, ejecutar_v129	campo, valencia, lateralidad, consciencia, comunicacion, amenaza, actuador	631
V130_organismo_plastico_aprende_a_vivir_con_su_fragilidad.py	130	/Volumes/LaCie/RMD/Cosmolab/VSTCosmo/v130_organismo_plastico_aprende_a_vivir_con_su_fragilidad.py	v130_organismo_plastico_aprende_a_vivir_con_su_fragilidad.py	!/usr/bin/env python3	HemisferioV130, AparatoMotorPlastico, SistemaV130	calcular_metricas_supervivencia, validar_poblacion, barrido_parkinson, ejecutar_v130	campo, memoria, valencia, lateralidad, consciencia, comunicacion, amenaza, actuador	675
V131_homeostasis_plasticidad_con_suelo.py	131	/Volumes/LaCie/RMD/Cosmolab/VSTCosmo/v131_homeostasis_plasticidad_con_suelo.py	v131_homeostasis_plasticidad_con_suelo.py	!/usr/bin/env python3	HemisferioV131, AparatoMotorHomeostatico, SistemaV131	calcular_metricas_supervivencia, validar_poblacion, barrido_parkinson, ejecutar_v131	campo, memoria, homeostasis, valencia, lateralidad, consciencia, comunicacion, amenaza, actuador	689
V132_organismo_sano_en_accion.py	132	/Volumes/LaCie/RMD/Cosmolab/VSTCosmo/v132_organismo_sano_en_accion.py	v132_organismo_sano_en_accion.py	!/usr/bin/env python3	HemisferioV132, AparatoMotorHomeostatico, SistemaV132	analizar_segmento, ejecutar_v132	campo, memoria, homeostasis, valencia, lateralidad, consciencia, comunicacion, amenaza, actuador	575
V133_memoria_episodica_con_decaimiento.py	133	/Volumes/LaCie/RMD/Cosmolab/VSTCosmo/v133_memoria_episodica_con_decaimiento.py	v133_memoria_episodica_con_decaimiento.py	!/usr/bin/env python3	HemisferioV133, MemoriaEpisodica, AparatoMotorConMemoria, SistemaV133	ejecutar_v133	campo, memoria, homeostasis, valencia, lateralidad, consciencia, comunicacion, amenaza, actuador	716
V134_memoria_con_relajacion_homeostatica.py	134	/Volumes/LaCie/RMD/Cosmolab/VSTCosmo/v134_memoria_con_relajacion_homeostatica.py	v134_memoria_con_relajacion_homeostatica.py	!/usr/bin/env python3	HemisferioV134, MemoriaConRelajacion, AparatoMotorConRelajacion, SistemaV134	ejecutar_v134	campo, memoria, homeostasis, valencia, lateralidad, consciencia, comunicacion, amenaza, actuador	575
V135_prediccion_de_trayectoria.py	135	/Volumes/LaCie/RMD/Cosmolab/VSTCosmo/v135_prediccion_de_trayectoria.py	v135_prediccion_de_trayectoria.py	!/usr/bin/env python3	HemisferioV135, MemoriaConRelajacion, PredictorTrayectoria, AparatoMotorConPrediccion, SistemaV135	movimiento_sinusoidal, ejecutar_v135	campo, memoria, homeostasis, valencia, predictiva, lateralidad, consciencia, comunicacion, amenaza, actuador	705
V136_validacion_estadistica_de_prediccion.py	136	/Volumes/LaCie/RMD/Cosmolab/VSTCosmo/v136_validacion_estadistica_de_prediccion.py	v136_validacion_estadistica_de_prediccion.py	!/usr/bin/env python3	HemisferioV136, MemoriaConRelajacion, PredictorTrayectoria, AparatoMotorConPrediccion, SistemaV136	movimiento_sinusoidal, calcular_metricas, ejecutar_v136	campo, memoria, valencia, predictiva, lateralidad, consciencia, amenaza, identidad, actuador	750
V137_prediccion_con_horizonte_adaptativo_y_ema.py	137	/Volumes/LaCie/RMD/Cosmolab/VSTCosmo/v137_prediccion_con_horizonte_adaptativo_y_ema.py	v137_prediccion_con_horizonte_adaptativo_y_ema.py	!/usr/bin/env python3	HemisferioV137, MemoriaConRelajacion, PredictorAdaptativo, AparatoMotorConPrediccionAdaptativa, SistemaV137	movimiento_sinusoidal, ejecutar_v137	campo, memoria, valencia, predictiva, lateralidad, consciencia, amenaza, actuador	724
V138_prediccion_con_aceleracion_variable.py	138	/Volumes/LaCie/RMD/Cosmolab/VSTCosmo/v138_prediccion_con_aceleracion_variable.py	v138_prediccion_con_aceleracion_variable.py	!/usr/bin/env python3	HemisferioV138, MemoriaConRelajacion, PredictorConAceleracion, AparatoMotorConPrediccionV138, SistemaV138	movimiento_v138, ejecutar_v138	campo, memoria, valencia, predictiva, lateralidad, consciencia, comunicacion, amenaza, actuador	755
V139_motor_con_inercia_sin_homunculo.py	139	/Volumes/LaCie/RMD/Cosmolab/VSTCosmo/v139_motor_con_inercia_sin_homunculo.py	v139_motor_con_inercia_sin_homunculo.py	!/usr/bin/env python3	HemisferioV139, MemoriaConRelajacion, AparatoMotorInercial, SistemaV139	movimiento_v139, ejecutar_v139	campo, memoria, valencia, predictiva, lateralidad, consciencia, amenaza, actuador	655
V140_fatiga_la_esfera_con_orejas_se_cansa.py	140	/Volumes/LaCie/RMD/Cosmolab/VSTCosmo/v140_fatiga_la_esfera_con_orejas_se_cansa.py	v140_fatiga_la_esfera_con_orejas_se_cansa.py	!/usr/bin/env python3	HemisferioV140, FatigaMetabolica, AparatoMotorConFatiga, SistemaV140	ejecutar_v140	campo, memoria, homeostasis, valencia, lateralidad, consciencia, comunicacion, amenaza, actuador	641
V141_fatiga_real_3_mecanismos_acoplados.py	141	/Volumes/LaCie/RMD/Cosmolab/VSTCosmo/v141_fatiga_real_3_mecanismos_acoplados.py	v141_fatiga_real_3_mecanismos_acoplados.py	!/usr/bin/env python3	HemisferioV141, FatigaMetabolicaReal, AparatoMotorConFatigaReal, SistemaV141	ejecutar_v141	campo, memoria, homeostasis, valencia, lateralidad, consciencia, comunicacion, amenaza, actuador	668
V142_fatiga_real_corregida_con_alternancia_forzada.py	142	/Volumes/LaCie/RMD/Cosmolab/VSTCosmo/v142_fatiga_real_corregida_con_alternancia_forzada.py	v142_fatiga_real_corregida_con_alternancia_forzada.py	!/usr/bin/env python3	HemisferioV142, FatigaMetabolicaReal, AparatoMotorConFatigaReal, SistemaV142	onda_cuadrada, calcular_t_settle, analizar_fase, ejecutar_v142	campo, memoria, homeostasis, valencia, lateralidad, consciencia, comunicacion, amenaza, actuador	777
V143_recuperacion_de_la_alternancia_sin_fatiga.py	143	/Volumes/LaCie/RMD/Cosmolab/VSTCosmo/v143_recuperacion_de_la_alternancia_sin_fatiga.py	v143_recuperacion_de_la_alternancia_sin_fatiga.py	!/usr/bin/env python3	HemisferioV143, FatigaDesactivada, AparatoMotorSinFatiga, SistemaV143	onda_cuadrada_progresiva, analizar_alternancia, calcular_t_settle, ejecutar_v143	campo, memoria, homeostasis, valencia, lateralidad, consciencia, comunicacion, amenaza, actuador	536
V144_correccion_de_signo_y_control_agresivo.py	144	/Volumes/LaCie/RMD/Cosmolab/VSTCosmo/v144_correccion_de_signo_y_control_agresivo.py	v144_correccion_de_signo_y_control_agresivo.py	!/usr/bin/env python3	HemisferioV144, FatigaDesactivada, AparatoMotorV144, SistemaV144	onda_cuadrada, analizar_alternancia, calcular_t_settle, ejecutar_v144	campo, memoria, homeostasis, valencia, lateralidad, consciencia, comunicacion, amenaza, identidad, actuador	554
V145_correccion_quirurgica_de_signo.py	145	/Volumes/LaCie/RMD/Cosmolab/VSTCosmo/v145_correccion_quirurgica_de_signo.py	v145_correccion_quirurgica_de_signo.py	!/usr/bin/env python3	HemisferioV145, FatigaDesactivada, AparatoMotorV145, SistemaV145	onda_cuadrada, analizar_alternancia, calcular_t_settle, ejecutar_v145	campo, memoria, homeostasis, valencia, lateralidad, consciencia, comunicacion, amenaza, identidad, actuador	558
V146_separacion_direccion_confianza.py	146	/Volumes/LaCie/RMD/Cosmolab/VSTCosmo/v146_separacion_direccion_confianza.py	v146_separacion_direccion_confianza.py	!/usr/bin/env python3	HemisferioV146, FatigaDesactivada, AparatoMotorV146, SistemaV146	onda_cuadrada, analizar_alternancia, calcular_t_settle, ejecutar_v146	campo, memoria, homeostasis, valencia, lateralidad, consciencia, comunicacion, amenaza, identidad, actuador	577
V147_alternancia_lenta_con_direccion_confianza.py	147	/Volumes/LaCie/RMD/Cosmolab/VSTCosmo/v147_alternancia_lenta_con_direccion_confianza.py	v147_alternancia_lenta_con_direccion_confianza.py	!/usr/bin/env python3	HemisferioV147, FatigaDesactivada, AparatoMotorV147, SistemaV147	onda_cuadrada, analizar_alternancia, calcular_t_settle, ejecutar_v147	campo, memoria, homeostasis, valencia, lateralidad, consciencia, comunicacion, amenaza, identidad, actuador	559
V148_fatiga_progresiva_sobre_baseline_sano.py	148	/Volumes/LaCie/RMD/Cosmolab/VSTCosmo/v148_fatiga_progresiva_sobre_baseline_sano.py	v148_fatiga_progresiva_sobre_baseline_sano.py	!/usr/bin/env python3	HemisferioV148, FatigaMetabolicaReal, AparatoMotorV148, SistemaV148	onda_cuadrada, analizar_ciclo, ejecutar_ciclos, ejecutar_v148	campo, memoria, homeostasis, valencia, lateralidad, consciencia, amenaza, identidad, actuador	641
V149_separacion_entre_historia_y_fatiga_activa.py	149	/Volumes/LaCie/RMD/Cosmolab/VSTCosmo/v149_separacion_entre_historia_y_fatiga_activa.py	v149_separacion_entre_historia_y_fatiga_activa.py	!/usr/bin/env python3	HemisferioV149, FatigaMetabolicaV149, AparatoMotorV149, SistemaV149	onda_cuadrada, analizar_semiciclo, ejecutar_v149	campo, memoria, homeostasis, valencia, lateralidad, consciencia, amenaza, actuador	685
V150_cierre_de_anima_1.py	150	/Volumes/LaCie/RMD/Cosmolab/VSTCosmo/v150_cierre_de_anima_1.py	v150_cierre_de_anima_1.py	!/usr/bin/env python3	HemisferioV150, FatigaMetabolicaV150, AparatoMotorV150, SistemaV150	onda_cuadrada, analizar_semiciclo, ejecutar_v150	campo, memoria, homeostasis, valencia, lateralidad, consciencia, comunicacion, amenaza, identidad, actuador	657
V151_anima_2_baseline_memoria_de_la_ausencia.py	151	/Volumes/LaCie/RMD/Cosmolab/VSTCosmo/v151_anima_2_baseline_memoria_de_la_ausencia.py	v151_anima_2_baseline_memoria_de_la_ausencia.py	!/usr/bin/env python3	HemisferioV151, FatigaMetabolicaV151, MemoriaAusencia, AparatoMotorV151, SistemaV151	onda_cuadrada, analizar_ciclo, ejecutar_v151	campo, memoria, homeostasis, valencia, lateralidad, consciencia, comunicacion, amenaza, actuador	849
V152_anima_2_baseline_corregido.py	152	/Volumes/LaCie/RMD/Cosmolab/VSTCosmo/v152_anima_2_baseline_corregido.py	v152_anima_2_baseline_corregido.py	!/usr/bin/env python3	HemisferioV152, FatigaMetabolicaV152, MemoriaAusencia, AparatoMotorV152, SistemaV152	onda_cuadrada, analizar_semiciclo, ejecutar_v152	campo, memoria, homeostasis, valencia, lateralidad, consciencia, comunicacion, amenaza, actuador	684
V153_anima_2_baseline_con_torque_de_sujecion_corregido.py	153	/Volumes/LaCie/RMD/Cosmolab/VSTCosmo/v153_anima_2_baseline_con_torque_de_sujecion_corregido.py	v153_anima_2_baseline_con_torque_de_sujecion_corregido.py	!/usr/bin/env python3	HemisferioV153, FatigaMetabolicaV153, MemoriaAusencia, AparatoMotorV153, SistemaV153	onda_cuadrada, ejecutar_v153	campo, memoria, homeostasis, valencia, lateralidad, consciencia, comunicacion, amenaza, actuador	649
V154_anima_2_etapa_1_consciencia_basica_cb.py	154	/Volumes/LaCie/RMD/Cosmolab/VSTCosmo/v154_anima_2_etapa_1_consciencia_basica_cb.py	v154_anima_2_etapa_1_consciencia_basica_cb.py	!/usr/bin/env python3	HemisferioV154, FatigaMetabolicaV154, MemoriaAusencia, ConscienciaBasica, AparatoMotorV154, SistemaV154	onda_cuadrada, ejecutar_v154	campo, memoria, homeostasis, valencia, lateralidad, consciencia, libertad, comunicacion, amenaza, actuador	727
V155_anima_2_etapa_1_consciencia_basica_corregida.py	155	/Volumes/LaCie/RMD/Cosmolab/VSTCosmo/v155_anima_2_etapa_1_consciencia_basica_corregida.py	v155_anima_2_etapa_1_consciencia_basica_corregida.py	!/usr/bin/env python3	HemisferioV155, FatigaMetabolicaV155, MemoriaAusencia, ConscienciaBasica, AparatoMotorV155, SistemaV155	onda_cuadrada, ejecutar_v155	campo, memoria, homeostasis, valencia, lateralidad, consciencia, libertad, amenaza, actuador	735
V156_anima_2_etapa_2_juego_enactuado.py	156	/Volumes/LaCie/RMD/Cosmolab/VSTCosmo/v156_anima_2_etapa_2_juego_enactuado.py	v156_anima_2_etapa_2_juego_enactuado.py	!/usr/bin/env python3	HemisferioV156, FatigaMetabolicaV156, MemoriaAusencia, ConscienciaBasica, ModoJuego, AparatoMotorV156, SistemaV156	onda_cuadrada, analizar_semiciclo, ejecutar_v156	campo, memoria, homeostasis, valencia, lateralidad, consciencia, libertad, amenaza, actuador	836
V157_anima_2_etapa_2_juego_enactuado_a_b_paralelo.py	157	/Volumes/LaCie/RMD/Cosmolab/VSTCosmo/v157_anima_2_etapa_2_juego_enactuado_a_b_paralelo.py	v157_anima_2_etapa_2_juego_enactuado_a_b_paralelo.py	!/usr/bin/env python3	HemisferioV157, FatigaMetabolicaV157, MemoriaAusencia, ConscienciaBasica, ModoJuego, AparatoMotorV157, OrganismoV157	onda_cuadrada, generar_setpoint_con_ruido, ejecutar_v157	campo, memoria, homeostasis, valencia, lateralidad, consciencia, libertad, comunicacion, amenaza, actuador	864
V158_anima_2_etapa_3_ritual.py	158	/Volumes/LaCie/RMD/Cosmolab/VSTCosmo/v158_anima_2_etapa_3_ritual.py	v158_anima_2_etapa_3_ritual.py	!/usr/bin/env python3	ParamsRitual, ParamsCosmosemiotica, OrganismoRitual, ExperimentoV159		memoria, homeostasis, valencia, predictiva, lateralidad, consciencia, libertad, comunicacion, amenaza, identidad, actuador	850
V159_anima_2_etapa_3_ritual_sin_entrenamiento_inicial.py	159	/Volumes/LaCie/RMD/Cosmolab/VSTCosmo/v159_anima_2_etapa_3_ritual_sin_entrenamiento_inicial.py	v159_anima_2_etapa_3_ritual_sin_entrenamiento_inicial.py	!/usr/bin/env python3	ParamsRitual, ParamsCosmosemiotica, OrganismoV159, ExperimentoV159		memoria, homeostasis, valencia, lateralidad, consciencia, libertad, comunicacion, amenaza, actuador	508
V160_anima_2_etapa_3_ritual_con_mundo.py	160	/Volumes/LaCie/RMD/Cosmolab/VSTCosmo/v160_anima_2_etapa_3_ritual_con_mundo.py	v160_anima_2_etapa_3_ritual_con_mundo.py	!/usr/bin/env python3	ParamsRitual, ParamsCosmosemiotica, OrganismoV160, ExperimentoV160		memoria, homeostasis, valencia, lateralidad, consciencia, libertad, comunicacion, amenaza, actuador	583
V161_anima_2_etapa_3_ritual_sobre_base_v157.py	161	/Volumes/LaCie/RMD/Cosmolab/VSTCosmo/v161_anima_2_etapa_3_ritual_sobre_base_v157.py	v161_anima_2_etapa_3_ritual_sobre_base_v157.py	!/usr/bin/env python3	Ritual, HemisferioV161, FatigaMetabolicaV161, MemoriaAusenciaV161, ConscienciaBasicaV161, ModoJuegoV161, AparatoMotorV161, OrganismoV161	onda_cuadrada, generar_setpoint_con_ruido, ejecutar_v161	campo, memoria, homeostasis, valencia, lateralidad, consciencia, libertad, comunicacion, amenaza, actuador	1053
V162_anima_2_etapa_3_ritual_sobre_base_v157_detector_por.py	162	/Volumes/LaCie/RMD/Cosmolab/VSTCosmo/v162_anima_2_etapa_3_ritual_sobre_base_v157_detector_por.py	v162_anima_2_etapa_3_ritual_sobre_base_v157_detector_por.py	!/usr/bin/env python3	Ritual, HemisferioV162, FatigaMetabolicaV162, MemoriaAusenciaV162, ConscienciaBasicaV162, ModoJuegoV162, AparatoMotorV162, OrganismoV162	onda_cuadrada, generar_setpoint_con_ruido, ejecutar_v162	campo, memoria, homeostasis, valencia, lateralidad, consciencia, libertad, comunicacion, amenaza, actuador	1009
V163_anima_2_etapa_3_ritual_con_todas_las_metricas.py	163	/Volumes/LaCie/RMD/Cosmolab/VSTCosmo/v163_anima_2_etapa_3_ritual_con_todas_las_metricas.py	v163_anima_2_etapa_3_ritual_con_todas_las_metricas.py	!/usr/bin/env python3	Ritual, HemisferioV163, FatigaMetabolicaV163, MemoriaAusenciaV163, ConscienciaBasicaV163, ModoJuegoV163, AparatoMotorV163, OrganismoV163	onda_cuadrada, generar_setpoint_con_ruido, ejecutar_v163	campo, memoria, homeostasis, valencia, lateralidad, consciencia, libertad, comunicacion, amenaza, actuador	998
V164_anima_2_etapa_3_ritual_con_jerarquia_de_etapas.py	164	/Volumes/LaCie/RMD/Cosmolab/VSTCosmo/v164_anima_2_etapa_3_ritual_con_jerarquia_de_etapas.py	v164_anima_2_etapa_3_ritual_con_jerarquia_de_etapas.py	!/usr/bin/env python3			campo, memoria, homeostasis, valencia, lateralidad, consciencia, libertad, comunicacion, amenaza, actuador	1056
V165_anima_2_etapa_3_ritual_con_persistencia_natural_cierre.py	165	/Volumes/LaCie/RMD/Cosmolab/VSTCosmo/v165_anima_2_etapa_3_ritual_con_persistencia_natural_cierre.py	v165_anima_2_etapa_3_ritual_con_persistencia_natural_cierre.py	!/usr/bin/env python3	Ritual, HemisferioV165, FatigaMetabolicaV165, MemoriaAusenciaV165, ConscienciaBasicaV165, ModoJuegoV165, AparatoMotorV165, OrganismoV165	onda_cuadrada, generar_setpoint_con_ruido, ejecutar_v165	campo, memoria, homeostasis, valencia, lateralidad, consciencia, libertad, comunicacion, amenaza, actuador	1073
V166_anima_2_etapa_3_ritual_con_inversion_de_gradiente.py	166	/Volumes/LaCie/RMD/Cosmolab/VSTCosmo/v166_anima_2_etapa_3_ritual_con_inversion_de_gradiente.py	v166_anima_2_etapa_3_ritual_con_inversion_de_gradiente.py	!/usr/bin/env python3	HemisferioV166, FatigaMetabolicaV166, MemoriaAusenciaV166, ConscienciaBasicaV166, ModoJuegoV166, RitualV166, AparatoMotorV166, SistemaV166	onda_cuadrada, generar_setpoint_con_ruido, ejecutar_v166	campo, memoria, homeostasis, valencia, lateralidad, consciencia, libertad, comunicacion, amenaza, identidad, actuador	859
V167_pre-correccion.py	167	/Volumes/LaCie/RMD/Cosmolab/VSTCosmo/historical/V167_pre-correccion.py	V167_pre-correccion.py	!/usr/bin/env python3	HemisferioV166, FatigaMetabolicaV166, MemoriaAusenciaV166, ConscienciaBasicaV166, ModoJuegoV166, RitualV166, MetaRepresentacionObservacional, AparatoMotorV166, SistemaV166	onda_cuadrada, generar_setpoint_con_ruido, _correlacion_f3_centra, ejecutar_v167	campo, memoria, homeostasis, valencia, lateralidad, consciencia, libertad, comunicacion, amenaza, actuador	924
V167_anima_2_etapa_4_meta_representacion_observacional_rr.py	167	/Volumes/LaCie/RMD/Cosmolab/VSTCosmo/v167_anima_2_etapa_4_meta_representacion_observacional_rr.py	v167_anima_2_etapa_4_meta_representacion_observacional_rr.py	!/usr/bin/env python3	HemisferioV167, FatigaMetabolicaV167, MemoriaAusenciaV167, ConscienciaBasicaV167, ModoJuegoV167, RitualV167, MetaRepresentacionObservacional, AparatoMotorV167, SistemaV167	onda_cuadrada, generar_setpoint_con_ruido, ejecutar_v167	campo, memoria, homeostasis, valencia, lateralidad, consciencia, libertad, comunicacion, amenaza, actuador	1078
V167_clases_completas_ritual_meta_corregido.py	167	/Volumes/LaCie/RMD/Cosmolab/VSTCosmo/v167_clases_completas_ritual_meta_corregido.py	v167_clases_completas_ritual_meta_corregido.py	!/usr/bin/env python3	RitualV167, MetaRepresentacionObservacional, AparatoMotorV167	calcular_correlacion_ritual_senal_corregida	memoria, homeostasis, valencia, lateralidad, consciencia, libertad, amenaza, actuador	384
V168_anima_2_etapa_5_primer_no_operativo_r_op.py	168	/Volumes/LaCie/RMD/Cosmolab/VSTCosmo/v168_anima_2_etapa_5_primer_no_operativo_r_op.py	v168_anima_2_etapa_5_primer_no_operativo_r_op.py	!/usr/bin/env python3	HemisferioV168, FatigaMetabolicaV168, MemoriaAusenciaV168, ConscienciaBasicaV168, ModoJuegoV168, RitualV168, MetaRepresentacionObservacional, R_op, AparatoMotorV168, SistemaV168	onda_cuadrada, generar_setpoint_con_ruido, ejecutar_v168	campo, memoria, homeostasis, valencia, lateralidad, consciencia, libertad, comunicacion, amenaza, actuador	1128
V168_clases_completas_r_op.py	168	/Volumes/LaCie/RMD/Cosmolab/VSTCosmo/v168_clases_completas_r_op.py	v168_clases_completas_r_op.py	!/usr/bin/env python3	R_op	ejemplo_uso_rop	homeostasis, valencia, lateralidad, consciencia, libertad, amenaza, actuador	185
V169_anima_2_desacople_representacional_d.py	169	/Volumes/LaCie/RMD/Cosmolab/VSTCosmo/v169_anima_2_desacople_representacional_d.py	v169_anima_2_desacople_representacional_d.py	!/usr/bin/env python3	HemisferioV169, FatigaMetabolicaV169, MemoriaAusenciaV169, ConscienciaBasicaV169, ModoJuegoV169, RitualV169, RegistroRepresentaciones, AparatoMotorV169, SistemaV169	setpoint_normal, setpoint_incierto, generar_setpoint_con_ruido, ejecutar_v169	campo, memoria, homeostasis, valencia, lateralidad, consciencia, libertad, comunicacion, amenaza, identidad, actuador	1143
V169_clases_completas_registro_representaciones.py	169	/Volumes/LaCie/RMD/Cosmolab/VSTCosmo/v169_clases_completas_registro_representaciones.py	v169_clases_completas_registro_representaciones.py	!/usr/bin/env python3	RegistroRepresentaciones		memoria, valencia, consciencia, libertad, comunicacion, amenaza, identidad, actuador	221
V170_anima_2_desacople_representacional_con_incertidumbre.py	170	/Volumes/LaCie/RMD/Cosmolab/VSTCosmo/v170_anima_2_desacople_representacional_con_incertidumbre.py	v170_anima_2_desacople_representacional_con_incertidumbre.py	!/usr/bin/env python3	HemisferioV170, FatigaMetabolicaV170, MemoriaAusenciaV170, ConscienciaBasicaV170, ModoJuegoV170, RitualV170, RegistroRepresentaciones, AparatoMotorV170, SistemaV170	setpoint_normal, setpoint_incierto_mejorado, generar_setpoint_con_ruido, ejecutar_v170	campo, memoria, homeostasis, valencia, lateralidad, consciencia, libertad, comunicacion, amenaza, identidad, actuador	1237
V170_clases_completas_registro_representaciones.py	170	/Volumes/LaCie/RMD/Cosmolab/VSTCosmo/v170_clases_completas_registro_representaciones.py	v170_clases_completas_registro_representaciones.py	!/usr/bin/env python3	RitualV170, RegistroRepresentaciones	setpoint_incierto_mejorado	memoria, homeostasis, valencia, lateralidad, consciencia, libertad, comunicacion, amenaza, identidad, actuador	314
V171_anima_2_primer_no_operativo_negacion_especifica.py	171	/Volumes/LaCie/RMD/Cosmolab/VSTCosmo/v171_anima_2_primer_no_operativo_negacion_especifica.py	v171_anima_2_primer_no_operativo_negacion_especifica.py	!/usr/bin/env python3	HemisferioV171, FatigaMetabolicaV171, MemoriaAusenciaV171, ConscienciaBasicaV171, ModoJuegoV171, RitualV171, RegistroRepresentaciones, AparatoMotorV171, SistemaV171	setpoint_normal, setpoint_test, generar_setpoint_con_ruido, ejecutar_v171	campo, memoria, homeostasis, valencia, lateralidad, consciencia, libertad, comunicacion, amenaza, actuador	1077
V172_anima_2_valencia_diferencial_precursor_del_no.py	172	/Volumes/LaCie/RMD/Cosmolab/VSTCosmo/v172_anima_2_valencia_diferencial_precursor_del_no.py	v172_anima_2_valencia_diferencial_precursor_del_no.py	!/usr/bin/env python3	TrackerValenciaDiferencial, HemisferioV172, FatigaMetabolicaV172, MemoriaAusenciaV172, ConscienciaBasicaV172, ModoJuegoV172, RitualV172, RegistroRepresentaciones, AparatoMotorV172, SistemaV172	setpoint_normal, setpoint_test, generar_setpoint_con_ruido, ejecutar_v172	campo, memoria, homeostasis, valencia, lateralidad, consciencia, libertad, comunicacion, amenaza, actuador	1113
V173_anima_2_valencia_asociativa_local_precursor_del_no.py	173	/Volumes/LaCie/RMD/Cosmolab/VSTCosmo/v173_anima_2_valencia_asociativa_local_precursor_del_no.py	v173_anima_2_valencia_asociativa_local_precursor_del_no.py	!/usr/bin/env python3	ValenciaAsociativaLocal, HemisferioV173, FatigaMetabolicaV173, MemoriaAusenciaV173, ConscienciaBasicaV173, ModoJuegoV173, RitualV173, RegistroRepresentaciones, AparatoMotorV173, SistemaV173	setpoint_normal, setpoint_test_fijo, generar_setpoint_con_ruido, ejecutar_v173	campo, memoria, homeostasis, valencia, lateralidad, consciencia, libertad, comunicacion, amenaza, actuador	1211
V174_anima_2_compartimentalizacion_de_valencia_corregido.py	174	/Volumes/LaCie/RMD/Cosmolab/VSTCosmo/v174_anima_2_compartimentalizacion_de_valencia_corregido.py	v174_anima_2_compartimentalizacion_de_valencia_corregido.py	!/usr/bin/env python3	ValenciaCompartimentalizada, CbGlobal, HemisferioV174, FatigaMetabolicaV174, MemoriaAusenciaV174, ModoJuegoV174, RitualV174, RegistroRepresentaciones, AparatoMotorV174, SistemaV174	setpoint_normal, setpoint_test_alternante, generar_setpoint_con_ruido, ejecutar_v174	campo, memoria, homeostasis, valencia, lateralidad, consciencia, libertad, comunicacion, amenaza, actuador	1141
V175_anima_2_primer_no_operativo_sobre_base_v157.py	175	/Volumes/LaCie/RMD/Cosmolab/VSTCosmo/v175_anima_2_primer_no_operativo_sobre_base_v157.py	v175_anima_2_primer_no_operativo_sobre_base_v157.py	!/usr/bin/env python3	HemisferioV175, FatigaMetabolicaV175, MemoriaAusenciaV175, ConscienciaBasicaV175, ModoJuegoV175, ValenciaLocal, RegistroRepresentaciones, AparatoMotorV175, OrganismoV175	onda_cuadrada, generar_setpoint_con_ruido, setpoint_aleatorio, ejecutar_v175	campo, memoria, homeostasis, valencia, lateralidad, consciencia, libertad, comunicacion, amenaza, actuador	1123
V176_anima_2_deliberacion_con_memoria_de_trabajo.py	176	/Volumes/LaCie/RMD/Cosmolab/VSTCosmo/v176_anima_2_deliberacion_con_memoria_de_trabajo.py	v176_anima_2_deliberacion_con_memoria_de_trabajo.py	!/usr/bin/env python3	HemisferioV176, FatigaMetabolicaV176, MemoriaAusenciaV176, ConscienciaBasicaV176, ModoJuegoV176, ValenciaLocal, MemoriaDeTrabajo, RegistroRepresentaciones, AparatoMotorV176, OrganismoV176	setpoint_aleatorio, ejecutar_v176	campo, memoria, homeostasis, valencia, lateralidad, consciencia, libertad, comunicacion, amenaza, actuador	1222
V177_anima_2_generalizacion_del_rechazo.py	177	/Volumes/LaCie/RMD/Cosmolab/VSTCosmo/v177_anima_2_generalizacion_del_rechazo.py	v177_anima_2_generalizacion_del_rechazo.py	!/usr/bin/env python3	HemisferioV177, FatigaMetabolicaV177, MemoriaAusenciaV177, ConscienciaBasicaV177, ModoJuegoV177, ValenciaLocal, MemoriaDeTrabajo, RegistroRepresentaciones, AparatoMotorV177, OrganismoV177	ejecutar_v177	campo, memoria, homeostasis, valencia, lateralidad, consciencia, libertad, comunicacion, amenaza, actuador	1077
V177_generalizacion_del_rechazo_deepseek.py	177	/Volumes/LaCie/RMD/Cosmolab/VSTCosmo/v177_generalizacion_del_rechazo_deepseek.py	v177_generalizacion_del_rechazo_deepseek.py	!/usr/bin/env python3	HemisferioV177, FatigaMetabolicaV177, MemoriaAusenciaV177, ConscienciaBasicaV177, ModoJuegoV177, ValenciaLocal, MemoriaDeTrabajo, RegistroRepresentaciones, AparatoMotorV177, OrganismoV177	ejecutar_v177	campo, memoria, homeostasis, valencia, lateralidad, consciencia, libertad, comunicacion, amenaza, actuador	1023
V177_generalizacion_del_rechazo_resolucion_fina_deepseek2.py	177	/Volumes/LaCie/RMD/Cosmolab/VSTCosmo/v177_generalizacion_del_rechazo_resolucion_fina_deepseek2.py	v177_generalizacion_del_rechazo_resolucion_fina_deepseek2.py	!/usr/bin/env python3	ValenciaLocalFina, HemisferioV177DS, FatigaMetabolicaV177DS, MemoriaAusenciaV177DS, ConscienciaBasicaV177DS, ModoJuegoV177DS, MemoriaDeTrabajoV177DS, RegistroRepresentacionesV177DS, AparatoMotorV177DS, OrganismoV177DS	ejecutar_v177	campo, memoria, homeostasis, valencia, predictiva, lateralidad, consciencia, libertad, comunicacion, amenaza, actuador	1079
V178_anima_2_extincion_del_trauma.py	178	/Volumes/LaCie/RMD/Cosmolab/VSTCosmo/v178_anima_2_extincion_del_trauma.py	v178_anima_2_extincion_del_trauma.py	!/usr/bin/env python3	ValenciaLocal, MemoriaDeTrabajo, RegistroRepresentaciones, HemisferioV178, FatigaMetabolicaV178, MemoriaAusenciaV178, ConscienciaBasicaV178, ModoJuegoV178, AparatoMotorV178, OrganismoV178	test_presentacion_aleatoria, ejecutar_v178	campo, memoria, homeostasis, valencia, lateralidad, consciencia, libertad, comunicacion, amenaza, actuador	1175
V179_anima_3_conflicto_representacional_final_latencia.py	179	/Volumes/LaCie/RMD/Cosmolab/VSTCosmo/v179_anima_3_conflicto_representacional_final_latencia.py	v179_anima_3_conflicto_representacional_final_latencia.py	!/usr/bin/env python3	ValenciaLocal, MemoriaDeTrabajo, RegistroRepresentaciones, HemisferioV179, FatigaMetabolicaV179, MemoriaAusenciaV179, ConscienciaBasicaV179, ModoJuegoV179, AparatoMotorV179, OrganismoV179	medir_latencia_baseline, ejecutar_v179	campo, memoria, homeostasis, valencia, lateralidad, consciencia, libertad, comunicacion, amenaza, actuador	994
V180.py	180	/Volumes/LaCie/RMD/Cosmolab/VSTCosmo/V180.py	V180.py	!/usr/bin/env python3	MemoriaEpisodicaV180, ValenciaLocal, MemoriaDeTrabajo, RegistroRepresentaciones, HemisferioV180, FatigaMetabolicaV180, MemoriaAusenciaV180, ConscienciaBasicaV180, ModoJuegoV180, AparatoMotorV180, OrganismoV180	medir_latencia_baseline, ejecutar_v180	campo, memoria, homeostasis, valencia, lateralidad, consciencia, libertad, comunicacion, amenaza, identidad, actuador	1128
V180_memoria_episodica_corregido.py	180	/Volumes/LaCie/RMD/Cosmolab/VSTCosmo/v180_memoria_episodica_corregido.py	v180_memoria_episodica_corregido.py	!/usr/bin/env python3	MemoriaEpisodicaV180, ValenciaLocal, MemoriaDeTrabajo, RegistroRepresentaciones, HemisferioV180, FatigaMetabolicaV180, MemoriaAusenciaV180, ConscienciaBasicaV180, ModoJuegoV180, AparatoMotorV180, OrganismoV180	medir_latencia_baseline, ejecutar_v180	campo, memoria, homeostasis, valencia, lateralidad, consciencia, libertad, comunicacion, amenaza, identidad, actuador	1128
V180b_anima_3_memoria_contextual_roadmap_compliant.py	180	/Volumes/LaCie/RMD/Cosmolab/VSTCosmo/v180b_anima_3_memoria_contextual_roadmap_compliant.py	v180b_anima_3_memoria_contextual_roadmap_compliant.py	!/usr/bin/env python3	GeneradorContexto, ValenciaLocal, MemoriaDeTrabajo, RegistroRepresentaciones, HemisferioV180b, FatigaMetabolicaV180b, MemoriaAusenciaV180b, ConscienciaBasicaV180b, ModoJuegoV180b, AparatoMotorV180b, OrganismoV180b	test_contexto, ejecutar_v180b	campo, memoria, homeostasis, valencia, lateralidad, consciencia, libertad, comunicacion, amenaza, actuador	1104
V180c_anima_3_memoria_episodica_corregido_y_final.py	180	/Volumes/LaCie/RMD/Cosmolab/VSTCosmo/v180c_anima_3_memoria_episodica_corregido_y_final.py	v180c_anima_3_memoria_episodica_corregido_y_final.py	!/usr/bin/env python3	ValenciaLocal, MemoriaEpisodicaV180c, MemoriaDeTrabajo, RegistroRepresentaciones, FatigaMetabolica, MemoriaAusencia, ConscienciaBasica, ModoJuego, Hemisferio, AparatoMotorV180c, OrganismoV180c	ejecutar_v180c	campo, memoria, homeostasis, valencia, lateralidad, consciencia, libertad, comunicacion, amenaza, actuador	814
V181_anima_4_afirmacion_operativa_r_af_final.py	181	/Volumes/LaCie/RMD/Cosmolab/VSTCosmo/v181_anima_4_afirmacion_operativa_r_af_final.py	v181_anima_4_afirmacion_operativa_r_af_final.py	!/usr/bin/env python3	ValenciaLocal, MemoriaDeTrabajo, RegistroRepresentaciones, Fatiga, MemoriaAusencia, Consciencia, Juego, Hemisferio, AparatoMotor, Organismo	medir_latencia_baseline, ejecutar_v181_4	campo, memoria, homeostasis, valencia, lateralidad, consciencia, libertad, comunicacion, amenaza, identidad, actuador	612
V182_amenaza_alerta_v1.py	182	/Volumes/LaCie/RMD/Cosmolab/VSTCosmo/v182_amenaza_alerta_v1.py	v182_amenaza_alerta_v1.py	!/usr/bin/env python3	Animal	consolidar, fase_exposicion, p_acepta, construir_oido, vivir_evento, verificar_y_aprender, vivir, medir, main	memoria, valencia, predictiva, lateralidad, consciencia, comunicacion, amenaza, identidad	362
V182_amenaza_alerta_v2.py	182	/Volumes/LaCie/RMD/Cosmolab/VSTCosmo/v182_amenaza_alerta_v2.py	v182_amenaza_alerta_v2.py	!/usr/bin/env python3	Animal	consolidar, fase_exposicion, p_acepta, construir_oido, vivir_evento, aprender, vivir, main	memoria, valencia, consciencia, comunicacion, amenaza	337
V182_amenaza_alerta_v3.py	182	/Volumes/LaCie/RMD/Cosmolab/VSTCosmo/v182_amenaza_alerta_v3.py	v182_amenaza_alerta_v3.py	!/usr/bin/env python3	Animal	consolidar, fase_exposicion, p_acepta, construir_oido, vivir_evento, aprender, vivir, main	memoria, valencia, predictiva, consciencia, comunicacion, amenaza	319
V182_amenaza_alerta_v3_falsacion.py	182	/Volumes/LaCie/RMD/Cosmolab/VSTCosmo/v182_amenaza_alerta_v3_falsacion.py	v182_amenaza_alerta_v3_falsacion.py	!/usr/bin/env python3	Animal	consolidar, fase_exposicion, p_acepta, construir_oido, vivir_evento, aprender, warner_warned, vivir, tasa, main	memoria, valencia, predictiva, consciencia, comunicacion, amenaza, identidad	289
V182_amenaza_alerta_v3_falsacion2.py	182	/Volumes/LaCie/RMD/Cosmolab/VSTCosmo/v182_amenaza_alerta_v3_falsacion2.py	v182_amenaza_alerta_v3_falsacion2.py	!/usr/bin/env python3	Animal	consolidar, fase_exposicion, p_acepta, construir_oido, warner_warned, vivir_evento, aprender, vivir, main	memoria, valencia, predictiva, consciencia, comunicacion, amenaza	253
V182_comunicacion_como_estimulo_mutuo_corregido.py	182	/Volumes/LaCie/RMD/Cosmolab/VSTCosmo/v182_comunicacion_como_estimulo_mutuo_corregido.py	v182_comunicacion_como_estimulo_mutuo_corregido.py	!/usr/bin/env python3	ValenciaLocal, MemoriaDeTrabajo, RegistroRepresentaciones, Fatiga, MemoriaAusencia, Consciencia, Juego, Hemisferio, AparatoMotorV182, OrganismoV182	consolidar_habito, aplicar_trauma, medir_p_B, ejecutar_v182_3	campo, memoria, homeostasis, valencia, lateralidad, consciencia, libertad, comunicacion, amenaza, identidad, actuador	715
V182a1_roles_emergentes_por_memoria_relacional.py	182	/Volumes/LaCie/RMD/Cosmolab/VSTCosmo/v182a1_roles_emergentes_por_memoria_relacional.py	v182a1_roles_emergentes_por_memoria_relacional.py	!/usr/bin/env python3	Hemisferio, ValenciaLocal, MemoriaRelacional, OrganismoCompleto	exponer, fase_exposicion, acoplar, analizar, imprimir, ejecutar, main	campo, memoria, valencia, lateralidad, consciencia, libertad, comunicacion	423
V182a2_roles_campo.py	182	/Volumes/LaCie/RMD/Cosmolab/VSTCosmo/v182a2_roles_campo.py	v182a2_roles_campo.py	!/usr/bin/env python3	OrganismoDiada, MemoriaRelacional	practicar, acierto, fase_exposicion, competencia_emergente, acoplar, analizar, imprimir, correr, main	campo, memoria, valencia, lateralidad, consciencia, comunicacion, amenaza, actuador	238
V182a3_roles_valencia.py	182	/Volumes/LaCie/RMD/Cosmolab/VSTCosmo/v182a3_roles_valencia.py	v182a3_roles_valencia.py	!/usr/bin/env python3	MemoriaRelacional	consolidar, fase_exposicion, _set_val, acoplar, analizar, imprimir, correr, main	campo, memoria, valencia, lateralidad, consciencia, comunicacion, amenaza, actuador	180
V182a4_bidireccional.py	182	/Volumes/LaCie/RMD/Cosmolab/VSTCosmo/v182a4_bidireccional.py	v182a4_bidireccional.py	!/usr/bin/env python3	MemoriaRelacional	consolidar, fase_exposicion, _set_val, acoplar, correr, main	memoria, valencia, consciencia, comunicacion, identidad, actuador	153
V182a5_acumulacion.py	182	/Volumes/LaCie/RMD/Cosmolab/VSTCosmo/v182a5_acumulacion.py	v182a5_acumulacion.py	!/usr/bin/env python3	MemoriaRelacional	consolidar, _set_val, intercambiar, correr, main	campo, memoria, valencia, consciencia, comunicacion, amenaza, identidad, actuador	166
V182a_acoplamiento_bidireccional_audios_reales_memoria_lp_v10.py	182	/Volumes/LaCie/RMD/Cosmolab/VSTCosmo/v182a_acoplamiento_bidireccional_audios_reales_memoria_lp_v10.py	v182a_acoplamiento_bidireccional_audios_reales_memoria_lp_v10.py	!/usr/bin/env python3	MemoriaLargoPlazo, Hemisferio, ValenciaLocal, OrganismoCompleto, MemoriaRelacional	cargar_audio, ronda_acoplamiento, ejecutar_v182a_v10	campo, memoria, valencia, lateralidad, consciencia, libertad, comunicacion, amenaza, actuador	751
V182a_acoplamiento_bidireccional_audios_reales_v13.py	182	/Volumes/LaCie/RMD/Cosmolab/VSTCosmo/v182a_acoplamiento_bidireccional_audios_reales_v13.py	v182a_acoplamiento_bidireccional_audios_reales_v13.py	!/usr/bin/env python3	MemoriaRelacional, Hemisferio, ValenciaLocal, OrganismoCompleto, BufferAcoplamiento	cargar_audio_real, generar_ruido_rosa_duracion, generar_clicks_poisson_duracion, ronda_acoplamiento, ejecutar_v182a_v9_audio	campo, memoria, valencia, lateralidad, consciencia, libertad, comunicacion, amenaza, actuador	618
V182a_acoplamiento_bidireccional_memoria_relacional_corregido_v8.py	182	/Volumes/LaCie/RMD/Cosmolab/VSTCosmo/v182a_acoplamiento_bidireccional_memoria_relacional_corregido_v8.py	v182a_acoplamiento_bidireccional_memoria_relacional_corregido_v8.py	!/usr/bin/env python3	MemoriaRelacional, Hemisferio, ValenciaLocal, OrganismoCompleto, BufferAcoplamiento	ronda_acoplamiento, ejecutar_v182a_v8	campo, memoria, valencia, lateralidad, consciencia, libertad, comunicacion, amenaza, actuador	675
V182a_acoplamiento_bidireccional_memoria_relacional_v7.py	182	/Volumes/LaCie/RMD/Cosmolab/VSTCosmo/v182a_acoplamiento_bidireccional_memoria_relacional_v7.py	v182a_acoplamiento_bidireccional_memoria_relacional_v7.py	!/usr/bin/env python3	MemoriaRelacional, Hemisferio, ValenciaLocal, OrganismoCompleto, BufferAcoplamiento	ronda_acoplamiento, ejecutar_v182a_v7	campo, memoria, valencia, lateralidad, consciencia, libertad, comunicacion, amenaza, actuador	693
V182a_acoplamiento_bidireccional_reforzamiento_v5.py	182	/Volumes/LaCie/RMD/Cosmolab/VSTCosmo/v182a_acoplamiento_bidireccional_reforzamiento_v5.py	v182a_acoplamiento_bidireccional_reforzamiento_v5.py	!/usr/bin/env python3	Hemisferio, ValenciaLocal, OrganismoCompleto, BufferAcoplamiento	ronda_acoplamiento, ejecutar_v182a_v5	campo, memoria, valencia, lateralidad, consciencia, libertad, comunicacion, amenaza, actuador	604
V182a_acoplamiento_bidireccional_tiempo_real_v9.py	182	/Volumes/LaCie/RMD/Cosmolab/VSTCosmo/v182a_acoplamiento_bidireccional_tiempo_real_v9.py	v182a_acoplamiento_bidireccional_tiempo_real_v9.py	!/usr/bin/env python3	MemoriaRelacional, Hemisferio, ValenciaLocal, OrganismoCompleto, BufferAcoplamiento	ronda_acoplamiento, ejecutar_v182a_v9	campo, memoria, homeostasis, valencia, lateralidad, consciencia, libertad, comunicacion, amenaza, actuador	678
V182a_acoplamiento_bidireccional_v2.py	182	/Volumes/LaCie/RMD/Cosmolab/VSTCosmo/v182a_acoplamiento_bidireccional_v2.py	v182a_acoplamiento_bidireccional_v2.py	!/usr/bin/env python3	BufferAcoplamiento, ValenciaLocal, OrganismoAcoplamiento	ronda_acoplamiento, ejecutar_v182a_v3	valencia, lateralidad, consciencia, libertad, comunicacion, amenaza, actuador	433
V182a_acoplamiento_inter_organismo.py	182	/Volumes/LaCie/RMD/Cosmolab/VSTCosmo/v182a_acoplamiento_inter_organismo.py	v182a_acoplamiento_inter_organismo.py	!/usr/bin/env python3	ValenciaLocal, MemoriaDeTrabajo, RegistroRepresentaciones, Fatiga, MemoriaAusencia, Consciencia, Juego, Hemisferio, AparatoMotor, Organismo	consolidar_habito, aplicar_trauma, medir_baseline, medir_acoplado, ejecutar_v182a	campo, memoria, homeostasis, valencia, lateralidad, consciencia, libertad, comunicacion, amenaza, identidad, actuador	703
V182b1_comunicacion_bidireccional_a_b.py	182	/Volumes/LaCie/RMD/Cosmolab/VSTCosmo/v182b1_comunicacion_bidireccional_a_b.py	v182b1_comunicacion_bidireccional_a_b.py	!/usr/bin/env python3	OrganismoEstimador	generar_senal, extraer_firma, correr_trial, agregar, estado_direccion, ejecutar_mecanismo, resumen_mecanismo, ejecutar	homeostasis, valencia, consciencia, comunicacion, amenaza, identidad	319
V182b_comunicacion_funcional.py	182	/Volumes/LaCie/RMD/Cosmolab/VSTCosmo/v182b_comunicacion_funcional.py	v182b_comunicacion_funcional.py	!/usr/bin/env python3	Hemisferio, ValenciaLocal, Organismo	cargar_audio, añadir_ruido, estimar_setpoint_desde_valencia, calcular_error, fase_baseline, fase_comunicacion, ejecutar_v182b_v2	campo, valencia, lateralidad, consciencia, libertad, comunicacion, amenaza, actuador	528
V182b_comunicacion_funcional_a_b_v9.py	182	/Volumes/LaCie/RMD/Cosmolab/VSTCosmo/v182b_comunicacion_funcional_a_b_v9.py	v182b_comunicacion_funcional_a_b_v9.py	!/usr/bin/env python3	OrganismoEstimador	generar_senal, extraer_firma, correr_trial, agregar, ejecutar	homeostasis, valencia, consciencia, comunicacion, amenaza, identidad	212
V182b_comunicacion_funcional_audios_reales_corregido_v8.py	182	/Volumes/LaCie/RMD/Cosmolab/VSTCosmo/v182b_comunicacion_funcional_audios_reales_corregido_v8.py	v182b_comunicacion_funcional_audios_reales_corregido_v8.py	!/usr/bin/env python3	AgenteAudio	generar_firma_setpoint, cargar_audio, extraer_evidencia, evidencia_a_estimacion, ejecutar_v182b_v8	valencia, lateralidad, consciencia, comunicacion, amenaza, identidad	306
V182b_comunicacion_funcional_audios_reales_v7.py	182	/Volumes/LaCie/RMD/Cosmolab/VSTCosmo/v182b_comunicacion_funcional_audios_reales_v7.py	v182b_comunicacion_funcional_audios_reales_v7.py	!/usr/bin/env python3	AgenteAudio	cargar_audio, generar_silencio, aplicar_dropout, añadir_ruido_gaussiano, ejecutar_v182b_v7	valencia, lateralidad, consciencia, comunicacion, amenaza	315
V182b_comunicacion_funcional_estimulos_explicitos_v3.py	182	/Volumes/LaCie/RMD/Cosmolab/VSTCosmo/v182b_comunicacion_funcional_estimulos_explicitos_v3.py	v182b_comunicacion_funcional_estimulos_explicitos_v3.py	!/usr/bin/env python3	HemisferioSimple, OrganismoSimple	generar_estimulo, fase_baseline, fase_comunicacion, ejecutar_v182b_v3	campo, valencia, lateralidad, consciencia, libertad, comunicacion, amenaza, actuador	432
V182b_comunicacion_funcional_tarea_epistemica_genuina_v6.py	182	/Volumes/LaCie/RMD/Cosmolab/VSTCosmo/v182b_comunicacion_funcional_tarea_epistemica_genuina_v6.py	v182b_comunicacion_funcional_tarea_epistemica_genuina_v6.py	!/usr/bin/env python3	Agente	observar, ejecutar_v182b_v6	valencia, consciencia, comunicacion, amenaza	220
V182b_comunicacion_funcional_tarea_epistemica_v5.py	182	/Volumes/LaCie/RMD/Cosmolab/VSTCosmo/v182b_comunicacion_funcional_tarea_epistemica_v5.py	v182b_comunicacion_funcional_tarea_epistemica_v5.py	!/usr/bin/env python3		generar_evidencia_dropout, evidencia_a_valencias, softmax, estimar_setpoint, fase_baseline, fase_comunicacion, ejecutar_v182b_v5	valencia, consciencia, comunicacion, amenaza	343
V182c_sentido_compartido.py	182	/Volumes/LaCie/RMD/Cosmolab/VSTCosmo/v182c_sentido_compartido.py	v182c_sentido_compartido.py	!/usr/bin/env python3		_key, getv, setv, otra, nueva_valencia, elegir, correr_par, episodio_bloqueo, analizar, correr_brazo, main	memoria, valencia, lateralidad, consciencia, libertad, comunicacion, amenaza, identidad, actuador	228
V182d_alteridad.py	182	/Volumes/LaCie/RMD/Cosmolab/VSTCosmo/v182d_alteridad.py	v182d_alteridad.py	!/usr/bin/env python3		consolidar, fase_exposicion, p_acepta, actuar, observar_al_otro, evaluar_prediccion, medir_advertencia, correr, _marcador, _imprimir_direccion, main	campo, memoria, valencia, predictiva, comunicacion, amenaza, identidad	300
V182d_alteridad_b.py	182	/Volumes/LaCie/RMD/Cosmolab/VSTCosmo/v182d_alteridad_b.py	v182d_alteridad_b.py	!/usr/bin/env python3		consolidar, fase_exposicion, p_acepta, lado_de, actuar, observar_al_otro, evaluar_prediccion, medir_advertencia, correr, _marcador, _imprimir_direccion, main	campo, memoria, valencia, predictiva, libertad, comunicacion, amenaza, identidad	317
V182d_c2_nulo_pareado.py	182	/Volumes/LaCie/RMD/Cosmolab/VSTCosmo/v182d_c2_nulo_pareado.py	v182d_c2_nulo_pareado.py	!/usr/bin/env python3		consolidar, fase_exposicion, p_acepta, lado_de, actuar, observar_al_otro, alt1_nulo_pareado, alt2_frontera_endogena, alt3_tautologia, genuino_observado, correr, _tabla_alt1, _tabla_alt2, main	memoria, valencia, predictiva, consciencia, libertad, comunicacion, amenaza, identidad	282
V182dc_umbral_endogeno.py	182	/Volumes/LaCie/RMD/Cosmolab/VSTCosmo/v182dc_umbral_endogeno.py	v182dc_umbral_endogeno.py	!/usr/bin/env python3		consolidar, fase_exposicion, p_acepta, lado_de, actuar, observar_al_otro, observar_scramble, genuino_por_banda, alt1_permutacion, alt2_frontera_endogena, alt3_tautologia, correr, _tabla_alt1, _tabla_alt2, _tabla_alt3, main	memoria, valencia, predictiva, consciencia, libertad, comunicacion, amenaza, identidad	308
V182e_animal_minimo.py	182	/Volumes/LaCie/RMD/Cosmolab/VSTCosmo/v182e_animal_minimo.py	v182e_animal_minimo.py	!/usr/bin/env python3		consolidar, fase_exposicion, fatiga, probe_acepta, trabajar_duro, descansar, sesion, evaluar_animalidad, lectura_del_otro, main	memoria, homeostasis, valencia, predictiva, lateralidad, comunicacion, amenaza, identidad, actuador	264
V182e_animal_minimo_v2.py	182	/Volumes/LaCie/RMD/Cosmolab/VSTCosmo/v182e_animal_minimo_v2.py	v182e_animal_minimo_v2.py	!/usr/bin/env python3		consolidar, fase_exposicion, trabajar_duro, descansar, p_acepta, factor_gain, leer_fase, correr_organismo, evaluar, main	memoria, homeostasis, valencia, predictiva, comunicacion, actuador	231
		/Volumes/LaCie/RMD/Cosmolab/VSTCosmo/VST_Ablacion.py	VST_Ablacion.py	!/usr/bin/env python3		run_metrics, cargar, ablacion, comparar, _guardar	campo, homeostasis, valencia, lateralidad, consciencia, libertad, identidad, actuador	164
		/Volumes/LaCie/RMD/Cosmolab/VSTCosmo/VST_AudioCliente.py	VST_AudioCliente.py	!/usr/bin/env python3	ConsumidorCelula	_frames_demo, _guardar, consumir, main	campo, valencia, lateralidad, consciencia, comunicacion, amenaza, actuador	181
		/Volumes/LaCie/RMD/Cosmolab/VSTCosmo/VST_AudioServer.py	VST_AudioServer.py	!/usr/bin/env python3	ServidorFrames, CapturaAudio, AudioStreamClient	enviar_mensaje, _recv_exacto, recibir_mensaje, listar_dispositivos, resolver_dispositivo, modo_prueba, main	homeostasis, valencia, consciencia, amenaza, identidad	528
		/Volumes/LaCie/RMD/Cosmolab/VSTCosmo/VST_Bloque05_ConscienciaFuncional.py	VST_Bloque05_ConscienciaFuncional.py	!/usr/bin/env python3	OrganeloConscienciaBasica, OrganeloMetaRepresentacion, OrganeloSelf	transcribir_con_consciencia, transcribir_consciencia_y_libertad	campo, homeostasis, valencia, lateralidad, consciencia, libertad, comunicacion, amenaza, identidad, actuador	280
		/Volumes/LaCie/RMD/Cosmolab/VSTCosmo/VST_Bloque07_LibertadFuncional.py	VST_Bloque07_LibertadFuncional.py	!/usr/bin/env python3	OrganeloJuego, OrganeloRitual, OrganeloNegacionOperativa, OrganeloLibertadFuncional, FuenteEntornoDemo	transcribir_con_libertad_funcional	memoria, homeostasis, valencia, lateralidad, consciencia, libertad, comunicacion, amenaza, identidad, actuador	407
		/Volumes/LaCie/RMD/Cosmolab/VSTCosmo/VST_Bloque08_DinamicaEvolutiva.py	VST_Bloque08_DinamicaEvolutiva.py	!/usr/bin/env python3	OrganeloMutacion, OrganeloAdaptacion, OrganeloExaptacion, OrganeloConscienciaMetacognitiva, OrganeloActivacionLatente, FuenteDemandaDemo	transcribir_evolutiva, transcribir_organismo_completo, _estado	campo, memoria, homeostasis, valencia, predictiva, lateralidad, consciencia, libertad, comunicacion, amenaza, identidad, actuador	480
		/Volumes/LaCie/RMD/Cosmolab/VSTCosmo/VST_CelulaMadre.py	VST_CelulaMadre.py	!/usr/bin/env python3		transcribir_celula_madre, transcribir_organismo_multicelular, informe	homeostasis, valencia, consciencia, libertad, comunicacion, amenaza, actuador	79
		/Volumes/LaCie/RMD/Cosmolab/VSTCosmo/VST_CelulaMadre_Web.py	VST_CelulaMadre_Web.py	!/usr/bin/env python3	Handler	_cargar, run_sim, main	campo, homeostasis, valencia, lateralidad, consciencia, libertad, comunicacion, amenaza, actuador	360
		/Volumes/LaCie/RMD/Cosmolab/VSTCosmo/VST_CelulaMadre_WebLive.py	VST_CelulaMadre_WebLive.py	!/usr/bin/env python3	_LectorServidor, Run, MonitorNiveles, Handler	_nombre_canal, _fila, _mono_de_spec, _mono_de_upload, _carga_upload_binaural, biauralizar_mono, _alinear, _extraer_canal, _grabar_dispositivo, _resolver_fuente, _build_audio_por_oido, build_audio, _aplicar_ablacion, build_cell, _csv_de_rows, correr, _servidor_src, _monitor, _fuentes_servidor, _fuentes_comunicacion, _com_observar, _fuentes, _dispositivos, main	campo, memoria, homeostasis, valencia, lateralidad, consciencia, libertad, comunicacion, amenaza, identidad, actuador	1445
		/Volumes/LaCie/RMD/Cosmolab/VSTCosmo/VST_CelulaMadre_WebLive_A.py	VST_CelulaMadre_WebLive_A.py	!/usr/bin/env python3	ActuadorEsferaV122, _LectorServidor, Run, MonitorNiveles, Handler	_nombre_canal, _fila, _mono_de_spec, _mono_de_upload, _carga_upload_binaural, biauralizar_mono, _alinear, _extraer_canal, _grabar_dispositivo, _rms_pico_audio, _actualizar_medidor_comunicacion, _actualizar_medidor_comunicacion_canales, _snapshot_comunicacion_entrante, _audio_comunicacion_resiliente, _resolver_fuente, _build_audio_por_oido, build_audio, _aplicar_ablacion, build_cell, _csv_de_rows, correr, _servidor_src, _aplicar_mute_soma, _aplicar_mute_bloque, _monitor	campo, memoria, homeostasis, valencia, lateralidad, consciencia, libertad, comunicacion, amenaza, identidad, actuador	2484
		/Volumes/LaCie/RMD/Cosmolab/VSTCosmo/VST_CelulaMadre_WebLive_A_E002.py	VST_CelulaMadre_WebLive_A_E002.py	!/usr/bin/env python3	_LectorServidor, Run, MonitorNiveles, Handler	_nombre_canal, _fila, _mono_de_spec, _mono_de_upload, _carga_upload_binaural, biauralizar_mono, _alinear, _extraer_canal, _grabar_dispositivo, _resolver_fuente, _build_audio_por_oido, build_audio, _aplicar_ablacion, build_cell, _csv_de_rows, correr, _servidor_src, _aplicar_mute_soma, _aplicar_mute_bloque, _monitor, _fuentes_servidor, _fuentes_comunicacion, _com_observar, _fuentes, _dispositivos	campo, memoria, homeostasis, valencia, lateralidad, consciencia, libertad, comunicacion, amenaza, identidad, actuador	1547
		/Volumes/LaCie/RMD/Cosmolab/VSTCosmo/VST_CelulaMadre_WebLive_A_E003.py	VST_CelulaMadre_WebLive_A_E003.py	!/usr/bin/env python3	_LectorServidor, Run, MonitorNiveles, Handler	_nombre_canal, _fila, _mono_de_spec, _mono_de_upload, _carga_upload_binaural, biauralizar_mono, _alinear, _extraer_canal, _grabar_dispositivo, _resolver_fuente, _build_audio_por_oido, build_audio, _aplicar_ablacion, build_cell, _csv_de_rows, correr, _servidor_src, _aplicar_mute_soma, _aplicar_mute_bloque, _monitor, _fuentes_servidor, _fuentes_comunicacion, _com_observar, _fuentes, _dispositivos	campo, memoria, homeostasis, valencia, lateralidad, consciencia, libertad, comunicacion, amenaza, identidad, actuador	1554
		/Volumes/LaCie/RMD/Cosmolab/VSTCosmo/VST_CelulaMadre_WebLive_A_E004_GAIN20.py	VST_CelulaMadre_WebLive_A_E004_GAIN20.py	!/usr/bin/env python3	_LectorServidor, Run, MonitorNiveles, Handler	_nombre_canal, _fila, _mono_de_spec, _mono_de_upload, _carga_upload_binaural, biauralizar_mono, _alinear, _extraer_canal, _grabar_dispositivo, _resolver_fuente, _build_audio_por_oido, build_audio, _aplicar_ablacion, build_cell, _csv_de_rows, correr, _servidor_src, _aplicar_mute_soma, _aplicar_mute_bloque, _monitor, _fuentes_servidor, _fuentes_comunicacion, _com_observar, _fuentes, _dispositivos	campo, memoria, homeostasis, valencia, lateralidad, consciencia, libertad, comunicacion, amenaza, identidad, actuador	1554
		/Volumes/LaCie/RMD/Cosmolab/VSTCosmo/VST_CelulaMadre_WebLive_A_E005_ROTACION.py	VST_CelulaMadre_WebLive_A_E005_ROTACION.py	!/usr/bin/env python3	ActuadorEsferaV122, _LectorServidor, Run, MonitorNiveles, Handler	_nombre_canal, _fila, _mono_de_spec, _mono_de_upload, _carga_upload_binaural, biauralizar_mono, _alinear, _extraer_canal, _grabar_dispositivo, _resolver_fuente, _build_audio_por_oido, build_audio, _aplicar_ablacion, build_cell, _csv_de_rows, correr, _servidor_src, _aplicar_mute_soma, _aplicar_mute_bloque, _monitor, _fuentes_servidor, _fuentes_comunicacion, _com_observar, _fuentes, _dispositivos	campo, memoria, homeostasis, valencia, lateralidad, consciencia, libertad, comunicacion, amenaza, identidad, actuador	1743
		/Volumes/LaCie/RMD/Cosmolab/VSTCosmo/VST_CelulaMadre_WebLive_A_E006_ROTACION_GRAFICOS.py	VST_CelulaMadre_WebLive_A_E006_ROTACION_GRAFICOS.py	!/usr/bin/env python3	ActuadorEsferaV122, _LectorServidor, Run, MonitorNiveles, Handler	_nombre_canal, _fila, _mono_de_spec, _mono_de_upload, _carga_upload_binaural, biauralizar_mono, _alinear, _extraer_canal, _grabar_dispositivo, _resolver_fuente, _build_audio_por_oido, build_audio, _aplicar_ablacion, build_cell, _csv_de_rows, correr, _servidor_src, _aplicar_mute_soma, _aplicar_mute_bloque, _monitor, _fuentes_servidor, _fuentes_comunicacion, _com_observar, _fuentes, _dispositivos	campo, memoria, homeostasis, valencia, lateralidad, consciencia, libertad, comunicacion, amenaza, identidad, actuador	1791
		/Volumes/LaCie/RMD/Cosmolab/VSTCosmo/VST_CelulaMadre_WebLive_A_E007_ROTACION_ATENCION.py	VST_CelulaMadre_WebLive_A_E007_ROTACION_ATENCION.py	!/usr/bin/env python3	ActuadorEsferaV122, _LectorServidor, Run, MonitorNiveles, Handler	_nombre_canal, _fila, _mono_de_spec, _mono_de_upload, _carga_upload_binaural, biauralizar_mono, _alinear, _extraer_canal, _grabar_dispositivo, _resolver_fuente, _build_audio_por_oido, build_audio, _aplicar_ablacion, build_cell, _csv_de_rows, correr, _servidor_src, _aplicar_mute_soma, _aplicar_mute_bloque, _monitor, _fuentes_servidor, _fuentes_comunicacion, _com_observar, _fuentes, _dispositivos	campo, memoria, homeostasis, valencia, lateralidad, consciencia, libertad, comunicacion, amenaza, identidad, actuador	1814
		/Volumes/LaCie/RMD/Cosmolab/VSTCosmo/VST_CelulaMadre_WebLive_A_E008_MONITOR_LIVIANO_3D.py	VST_CelulaMadre_WebLive_A_E008_MONITOR_LIVIANO_3D.py	!/usr/bin/env python3	ActuadorEsferaV122, _LectorServidor, Run, MonitorNiveles, Handler	_nombre_canal, _fila, _mono_de_spec, _mono_de_upload, _carga_upload_binaural, biauralizar_mono, _alinear, _extraer_canal, _grabar_dispositivo, _resolver_fuente, _build_audio_por_oido, build_audio, _aplicar_ablacion, build_cell, _csv_de_rows, correr, _servidor_src, _aplicar_mute_soma, _aplicar_mute_bloque, _monitor, _fuentes_servidor, _fuentes_comunicacion, _com_observar, _fuentes, _dispositivos	campo, memoria, homeostasis, valencia, lateralidad, consciencia, libertad, comunicacion, amenaza, identidad, actuador	1775
		/Volumes/LaCie/RMD/Cosmolab/VSTCosmo/VST_CelulaMadre_WebLive_A_E009_CABEZA_3D_INTEGRADA.py	VST_CelulaMadre_WebLive_A_E009_CABEZA_3D_INTEGRADA.py	!/usr/bin/env python3	ActuadorEsferaV122, _LectorServidor, Run, MonitorNiveles, Handler	_nombre_canal, _fila, _mono_de_spec, _mono_de_upload, _carga_upload_binaural, biauralizar_mono, _alinear, _extraer_canal, _grabar_dispositivo, _resolver_fuente, _build_audio_por_oido, build_audio, _aplicar_ablacion, build_cell, _csv_de_rows, correr, _servidor_src, _aplicar_mute_soma, _aplicar_mute_bloque, _monitor, _fuentes_servidor, _fuentes_comunicacion, _com_observar, _fuentes, _dispositivos	campo, memoria, homeostasis, valencia, lateralidad, consciencia, libertad, comunicacion, amenaza, identidad, actuador	1788
		/Volumes/LaCie/RMD/Cosmolab/VSTCosmo/VST_CelulaMadre_WebLive_A_E011_CABEZA_3D_LOOK_ORGANISMO.py	VST_CelulaMadre_WebLive_A_E011_CABEZA_3D_LOOK_ORGANISMO.py	!/usr/bin/env python3	ActuadorEsferaV122, _LectorServidor, Run, MonitorNiveles, Handler	_nombre_canal, _fila, _mono_de_spec, _mono_de_upload, _carga_upload_binaural, biauralizar_mono, _alinear, _extraer_canal, _grabar_dispositivo, _resolver_fuente, _build_audio_por_oido, build_audio, _aplicar_ablacion, build_cell, _csv_de_rows, correr, _servidor_src, _aplicar_mute_soma, _aplicar_mute_bloque, _monitor, _fuentes_servidor, _fuentes_comunicacion, _com_observar, _fuentes, _dispositivos	campo, memoria, homeostasis, valencia, lateralidad, consciencia, libertad, comunicacion, amenaza, identidad, actuador	1967
		/Volumes/LaCie/RMD/Cosmolab/VSTCosmo/VST_CelulaMadre_WebLive_A_E012_CABEZA_3D_ESTETICA_FINAL.py	VST_CelulaMadre_WebLive_A_E012_CABEZA_3D_ESTETICA_FINAL.py	!/usr/bin/env python3	ActuadorEsferaV122, _LectorServidor, Run, MonitorNiveles, Handler	_nombre_canal, _fila, _mono_de_spec, _mono_de_upload, _carga_upload_binaural, biauralizar_mono, _alinear, _extraer_canal, _grabar_dispositivo, _resolver_fuente, _build_audio_por_oido, build_audio, _aplicar_ablacion, build_cell, _csv_de_rows, correr, _servidor_src, _aplicar_mute_soma, _aplicar_mute_bloque, _monitor, _fuentes_servidor, _fuentes_comunicacion, _rc_observar, _com_observar, _fuentes	campo, memoria, homeostasis, valencia, lateralidad, consciencia, libertad, comunicacion, amenaza, identidad, actuador	2057
		/Volumes/LaCie/RMD/Cosmolab/VSTCosmo/VST_CelulaMadre_WebLive_A_E013_RC_CONSENSO_MINIMO.py	VST_CelulaMadre_WebLive_A_E013_RC_CONSENSO_MINIMO.py	!/usr/bin/env python3	ActuadorEsferaV122, _LectorServidor, Run, MonitorNiveles, Handler	_nombre_canal, _fila, _mono_de_spec, _mono_de_upload, _carga_upload_binaural, biauralizar_mono, _alinear, _extraer_canal, _grabar_dispositivo, _resolver_fuente, _build_audio_por_oido, build_audio, _aplicar_ablacion, build_cell, _csv_de_rows, correr, _servidor_src, _aplicar_mute_soma, _aplicar_mute_bloque, _monitor, _fuentes_servidor, _fuentes_comunicacion, _rc_observar, _com_observar, _fuentes	campo, memoria, homeostasis, valencia, lateralidad, consciencia, libertad, comunicacion, amenaza, identidad, actuador	2090
		/Volumes/LaCie/RMD/Cosmolab/VSTCosmo/VST_CelulaMadre_WebLive_A_E014_RC_MIX_ENDOGENO.py	VST_CelulaMadre_WebLive_A_E014_RC_MIX_ENDOGENO.py	!/usr/bin/env python3	ActuadorEsferaV122, _LectorServidor, Run, MonitorNiveles, Handler	_nombre_canal, _fila, _mono_de_spec, _mono_de_upload, _carga_upload_binaural, biauralizar_mono, _alinear, _extraer_canal, _grabar_dispositivo, _resolver_fuente, _build_audio_por_oido, build_audio, _aplicar_ablacion, build_cell, _csv_de_rows, correr, _servidor_src, _aplicar_mute_soma, _aplicar_mute_bloque, _monitor, _fuentes_servidor, _fuentes_comunicacion, _rc_observar, _com_observar, _fuentes	campo, memoria, homeostasis, valencia, lateralidad, consciencia, libertad, comunicacion, amenaza, identidad, actuador	2100
		/Volumes/LaCie/RMD/Cosmolab/VSTCosmo/VST_CelulaMadre_WebLive_A_E015_CABEZA_ATENCION_COMPRENSION.py	VST_CelulaMadre_WebLive_A_E015_CABEZA_ATENCION_COMPRENSION.py	!/usr/bin/env python3	ActuadorEsferaV122, _LectorServidor, Run, MonitorNiveles, Handler	_nombre_canal, _fila, _mono_de_spec, _mono_de_upload, _carga_upload_binaural, biauralizar_mono, _alinear, _extraer_canal, _grabar_dispositivo, _resolver_fuente, _build_audio_por_oido, build_audio, _aplicar_ablacion, build_cell, _csv_de_rows, correr, _servidor_src, _aplicar_mute_soma, _aplicar_mute_bloque, _monitor, _fuentes_servidor, _fuentes_comunicacion, _rc_observar, _com_observar, _fuentes	campo, memoria, homeostasis, valencia, lateralidad, consciencia, libertad, comunicacion, amenaza, identidad, actuador	2128
		/Volumes/LaCie/RMD/Cosmolab/VSTCosmo/VST_CelulaMadre_WebLive_A_E016_RC_RAZON_ORGANISMICA.py	VST_CelulaMadre_WebLive_A_E016_RC_RAZON_ORGANISMICA.py	!/usr/bin/env python3	ActuadorEsferaV122, _LectorServidor, Run, MonitorNiveles, Handler	_nombre_canal, _fila, _mono_de_spec, _mono_de_upload, _carga_upload_binaural, biauralizar_mono, _alinear, _extraer_canal, _grabar_dispositivo, _actualizar_medidor_comunicacion, _snapshot_comunicacion_entrante, _audio_comunicacion_resiliente, _resolver_fuente, _build_audio_por_oido, build_audio, _aplicar_ablacion, build_cell, _csv_de_rows, correr, _servidor_src, _aplicar_mute_soma, _aplicar_mute_bloque, _monitor, _fuentes_servidor, _fuentes_comunicacion	campo, memoria, homeostasis, valencia, lateralidad, consciencia, libertad, comunicacion, amenaza, identidad, actuador	2262
		/Volumes/LaCie/RMD/Cosmolab/VSTCosmo/VST_CelulaMadre_WebLive_A_E017_PONDERACION_ENDOGENA.py	VST_CelulaMadre_WebLive_A_E017_PONDERACION_ENDOGENA.py	!/usr/bin/env python3	ActuadorEsferaV122, _LectorServidor, Run, MonitorNiveles, Handler	_nombre_canal, _fila, _mono_de_spec, _mono_de_upload, _carga_upload_binaural, biauralizar_mono, _alinear, _extraer_canal, _grabar_dispositivo, _rms_pico_audio, _actualizar_medidor_comunicacion, _actualizar_medidor_comunicacion_canales, _snapshot_comunicacion_entrante, _audio_comunicacion_resiliente, _resolver_fuente, _build_audio_por_oido, build_audio, _aplicar_ablacion, build_cell, _csv_de_rows, correr, _servidor_src, _aplicar_mute_soma, _aplicar_mute_bloque, _monitor	campo, memoria, homeostasis, valencia, lateralidad, consciencia, libertad, comunicacion, amenaza, identidad, actuador	2308
		/Volumes/LaCie/RMD/Cosmolab/VSTCosmo/VST_CelulaMadre_WebLive_A_E018_RC_ENDOGENO_LED_POSTMUTE.py	VST_CelulaMadre_WebLive_A_E018_RC_ENDOGENO_LED_POSTMUTE.py	!/usr/bin/env python3	ActuadorEsferaV122, _LectorServidor, Run, MonitorNiveles, Handler	_nombre_canal, _fila, _mono_de_spec, _mono_de_upload, _carga_upload_binaural, biauralizar_mono, _alinear, _extraer_canal, _grabar_dispositivo, _rms_pico_audio, _actualizar_medidor_comunicacion, _actualizar_medidor_comunicacion_canales, _snapshot_comunicacion_entrante, _audio_comunicacion_resiliente, _resolver_fuente, _build_audio_por_oido, build_audio, _aplicar_ablacion, build_cell, _csv_de_rows, correr, _servidor_src, _aplicar_mute_soma, _aplicar_mute_bloque, _monitor	campo, memoria, homeostasis, valencia, lateralidad, consciencia, libertad, comunicacion, amenaza, identidad, actuador	2328
		/Volumes/LaCie/RMD/Cosmolab/VSTCosmo/VST_CelulaMadre_WebLive_A_E018_SIN_PESOS_CABEZA.py	VST_CelulaMadre_WebLive_A_E018_SIN_PESOS_CABEZA.py	!/usr/bin/env python3	ActuadorEsferaV122, _LectorServidor, Run, MonitorNiveles, Handler	_nombre_canal, _fila, _mono_de_spec, _mono_de_upload, _carga_upload_binaural, biauralizar_mono, _alinear, _extraer_canal, _grabar_dispositivo, _rms_pico_audio, _actualizar_medidor_comunicacion, _actualizar_medidor_comunicacion_canales, _snapshot_comunicacion_entrante, _audio_comunicacion_resiliente, _resolver_fuente, _build_audio_por_oido, build_audio, _aplicar_ablacion, build_cell, _csv_de_rows, correr, _servidor_src, _aplicar_mute_soma, _aplicar_mute_bloque, _monitor	campo, memoria, homeostasis, valencia, lateralidad, consciencia, libertad, comunicacion, amenaza, identidad, actuador	2328
		/Volumes/LaCie/RMD/Cosmolab/VSTCosmo/VST_CelulaMadre_WebLive_A_FIX.py	VST_CelulaMadre_WebLive_A_FIX.py	!/usr/bin/env python3	_LectorServidor, Run, MonitorNiveles, Handler	_nombre_canal, _fila, _mono_de_spec, _mono_de_upload, _carga_upload_binaural, biauralizar_mono, _alinear, _extraer_canal, _grabar_dispositivo, _resolver_fuente, _build_audio_por_oido, build_audio, _aplicar_ablacion, build_cell, _csv_de_rows, correr, _servidor_src, _monitor, _fuentes_servidor, _fuentes_comunicacion, _com_observar, _fuentes, _dispositivos, main	campo, memoria, homeostasis, valencia, lateralidad, consciencia, libertad, comunicacion, amenaza, identidad, actuador	1446
		/Volumes/LaCie/RMD/Cosmolab/VSTCosmo/VST_Celula_Madre_001.py	VST_Celula_Madre_001.py	!/usr/bin/env python3	ValenciaLocal, MemoriaEpisodicaV180c, MemoriaDeTrabajo, RegistroRepresentaciones, FatigaMetabolica, MemoriaAusencia, ConscienciaBasica, ModoJuego, Hemisferio, Ritual, MetaRepresentacionObservacional, AparatoMotorV180c, OrganismoV180c	_frecuencias_naturales_campo, ejecutar_v180c, _onda_cuadrada, verificar_organismo_consolidado, _cargar_v1, _protocolo, _metricas, _entrada_estructurada, _contar_cuencas, _contar_modos, _clonar_aprendido_zero, _sondear, verificar_campo_v2	campo, memoria, homeostasis, valencia, lateralidad, consciencia, libertad, comunicacion, amenaza, identidad, actuador	1826
		/Volumes/LaCie/RMD/Cosmolab/VSTCosmo/VST_DiadaAltruismo.py	VST_DiadaAltruismo.py	!/usr/bin/env python3	GobernanzaAltruismo	leer_estado_par, url_estado_desde_voz, _norm_cb, _s_shared, _smoke	homeostasis, valencia, lateralidad, consciencia, libertad, comunicacion, amenaza, identidad	200
		/Volumes/LaCie/RMD/Cosmolab/VSTCosmo/VST_Genoma.py	VST_Genoma.py	!/usr/bin/env python3	Estado, Milieu, Organelo, LocusReservado, MedidorComplejidad, Organismo, OrganeloPresionDesacople, OrganeloFatiga, OrganeloMarcapasos, OrganeloAltruismo, GenEspec	beta_crit, _sigmoid_altruismo, organelo_altruismo, locus_altruismo_boorman, transcribir_celula_madre_minima	campo, memoria, homeostasis, valencia, predictiva, lateralidad, consciencia, libertad, comunicacion, amenaza, identidad, actuador	988
		/Volumes/LaCie/RMD/Cosmolab/VSTCosmo/VST_Genoma_E017_PRE_OI_ENDOGENO.py	VST_Genoma_E017_PRE_OI_ENDOGENO.py	!/usr/bin/env python3	Estado, Milieu, Organelo, LocusReservado, MedidorComplejidad, Organismo, OrganeloPresionDesacople, OrganeloFatiga, OrganeloMarcapasos, GenEspec	locus_altruismo_boorman, transcribir_celula_madre_minima	campo, memoria, homeostasis, valencia, predictiva, lateralidad, consciencia, libertad, comunicacion, amenaza, identidad, actuador	877
		/Volumes/LaCie/RMD/Cosmolab/VSTCosmo/VST_Genoma_E018_OI_ENDOGENO.py	VST_Genoma_E018_OI_ENDOGENO.py	!/usr/bin/env python3	Estado, Milieu, Organelo, LocusReservado, MedidorComplejidad, Organismo, OrganeloPresionDesacople, OrganeloFatiga, OrganeloMarcapasos, GenEspec	locus_altruismo_boorman, transcribir_celula_madre_minima	campo, memoria, homeostasis, valencia, predictiva, lateralidad, consciencia, libertad, comunicacion, amenaza, identidad, actuador	878
		/Volumes/LaCie/RMD/Cosmolab/VSTCosmo/VST_Homeostasis.py	VST_Homeostasis.py	!/usr/bin/env python3	OrganeloHomeostasis, Multicelula	transcribir_celula_homeostatica	memoria, homeostasis, valencia, consciencia, comunicacion, amenaza, identidad, actuador	328
		/Volumes/LaCie/RMD/Cosmolab/VSTCosmo/VST_HomeostasisEmergente.py	VST_HomeostasisEmergente.py	!/usr/bin/env python3	HomeostasisEmergente	_c01, _num, soporte_A_sys_env, permeabilidad_activa	memoria, homeostasis, valencia, consciencia, comunicacion, amenaza, actuador	189
		/Volumes/LaCie/RMD/Cosmolab/VSTCosmo/VST_Homeostasis_E017_PRE_OI_ENDOGENO.py	VST_Homeostasis_E017_PRE_OI_ENDOGENO.py	!/usr/bin/env python3	OrganeloHomeostasis, Multicelula	transcribir_celula_homeostatica	memoria, homeostasis, valencia, consciencia, comunicacion, amenaza, identidad, actuador	271
		/Volumes/LaCie/RMD/Cosmolab/VSTCosmo/VST_Homeostasis_E018_OI_ENDOGENO.py	VST_Homeostasis_E018_OI_ENDOGENO.py	!/usr/bin/env python3	OrganeloHomeostasis, Multicelula	transcribir_celula_homeostatica	memoria, homeostasis, valencia, consciencia, comunicacion, amenaza, identidad, actuador	270
		/Volumes/LaCie/RMD/Cosmolab/VSTCosmo/VST_LocusAltruismo.py	VST_LocusAltruismo.py	!/usr/bin/env python3		_smoke	homeostasis, valencia, consciencia, comunicacion, amenaza	75
		/Volumes/LaCie/RMD/Cosmolab/VSTCosmo/VST_Organismo_Individual.py	VST_Organismo_Individual.py	!/usr/bin/env python3	ValenciaLocal, MemoriaEpisodicaV180c, MemoriaDeTrabajo, RegistroRepresentaciones, FatigaMetabolica, MemoriaAusencia, ConscienciaBasica, ModoJuego, Hemisferio, Ritual, MetaRepresentacionObservacional, AparatoMotorV180c, OrganismoV180c	ejecutar_v180c, _onda_cuadrada, verificar_organismo_consolidado	campo, memoria, homeostasis, valencia, lateralidad, consciencia, libertad, comunicacion, amenaza, identidad, actuador	1372
		/Volumes/LaCie/RMD/Cosmolab/VSTCosmo/VST_OrganoComunicacion.py	VST_OrganoComunicacion.py	!/usr/bin/env python3	OrganoComunicacion	_clip01, _as_finite_float, _stable_unit, _stable_seed, _flatten_numeric, _robust_scale_pairs, _rms, _match_rms, _aplicar_ganancia_salida, wav_a_mono, audio_desde_url, _smoke	campo, homeostasis, valencia, lateralidad, consciencia, libertad, comunicacion, amenaza	465
		/Volumes/LaCie/RMD/Cosmolab/VSTCosmo/VST_OrganoComunicacion_FULL_STATE.py	VST_OrganoComunicacion_FULL_STATE.py	!/usr/bin/env python3	OrganoComunicacion	_clip01, _as_finite_float, _stable_unit, _stable_seed, _flatten_numeric, _robust_scale_pairs, _rms, _match_rms, wav_a_mono, audio_desde_url, _smoke	campo, homeostasis, valencia, lateralidad, consciencia, libertad, comunicacion, amenaza	409
		/Volumes/LaCie/RMD/Cosmolab/VSTCosmo/VST_OrganoComunicacion_GAIN.py	VST_OrganoComunicacion_GAIN.py	!/usr/bin/env python3	OrganoComunicacion	_clip01, _as_finite_float, _stable_unit, _stable_seed, _flatten_numeric, _robust_scale_pairs, _rms, _match_rms, _aplicar_ganancia_salida, wav_a_mono, audio_desde_url, _smoke	campo, homeostasis, valencia, lateralidad, consciencia, libertad, comunicacion, amenaza	441
		/Volumes/LaCie/RMD/Cosmolab/VSTCosmo/VST_OrganoComunicacion_REEMPLAZAR.py	VST_OrganoComunicacion_REEMPLAZAR.py	!/usr/bin/env python3	OrganoComunicacion	_clip01, _as_finite_float, _stable_unit, _stable_seed, _flatten_numeric, _robust_scale_pairs, _rms, _match_rms, wav_a_mono, audio_desde_url, _smoke	campo, homeostasis, valencia, lateralidad, consciencia, libertad, comunicacion, amenaza	424
		/Volumes/LaCie/RMD/Cosmolab/VSTCosmo/VST_OrganoComunicacion_v3_NOTES.py	VST_OrganoComunicacion_v3_NOTES.py	!/usr/bin/env python3	OrganoComunicacion	_clip01, _as_finite_float, _stable_unit, _stable_seed, _flatten_numeric, _robust_scale_pairs, _rms, _match_rms, wav_a_mono, audio_desde_url, _smoke	campo, homeostasis, valencia, lateralidad, consciencia, libertad, comunicacion, amenaza	424
		/Volumes/LaCie/RMD/Cosmolab/VSTCosmo/VST_RC_A.py	VST_RC_A.py	!/usr/bin/env python3	OrganoRC	_num, _clip01, _media, _union, _competir	campo, memoria, homeostasis, valencia, lateralidad, consciencia, comunicacion, amenaza, actuador	231
		/Volumes/LaCie/RMD/Cosmolab/VSTCosmo/VST_RC_A_E017_PRE_RC_ENDOGENO.py	VST_RC_A_E017_PRE_RC_ENDOGENO.py	!/usr/bin/env python3	OrganoRC	_num, _clip01, _scale_energy	campo, memoria, homeostasis, valencia, lateralidad, consciencia, comunicacion, amenaza, actuador	196
		/Volumes/LaCie/RMD/Cosmolab/VSTCosmo/VST_RC_A_E018_ENDOGENO.py	VST_RC_A_E018_ENDOGENO.py	!/usr/bin/env python3	OrganoRC	_num, _clip01, _media, _union, _competir	campo, memoria, homeostasis, valencia, lateralidad, consciencia, comunicacion, amenaza, actuador	231
