fase,ged_mean,lf_pct
F2,0.01671194742798471,0.0
F3,0.0029940032186931355,87.35000000000001
ratio,5.58180676748884,
umbral_ged,0.004,
deteccion_ok,True,True
