campo,w_norma,ged_mean,ged_std
original,0.0656121341190804,0.11508139570606948,0.06495149618858662
integrado,1.0,0.03979256968558304,0.0702959588958611
ganancia_x,,0.34577760729145024,
